map,scen,agents,seed,variant,solved,soc,makespan,lb,time_ms,forward_calls,rebuilds
random32-20,random-32-32-20-random-1,50,1,vanilla,True,1259,48,1082,24.2,0,0
random32-20,random-32-32-20-random-1,50,2,vanilla,True,1282,48,1082,21.6,0,0
random32-20,random-32-32-20-random-1,50,0,vanilla,True,1476,75,1082,55.0,0,0
random32-20,random-32-32-20-random-1,50,0,tb_step_w10,True,1404,75,1082,250.8,3800,76
random32-20,random-32-32-20-random-1,50,1,pen0.1_step_w10,True,1440,75,1082,267.5,3900,78
random32-20,random-32-32-20-random-1,50,2,tb_step_w10,True,1404,73,1082,229.8,3700,74
random32-20,random-32-32-20-random-1,50,1,tb_step_wall,True,1412,75,1082,370.6,3850,77
random32-20,random-32-32-20-random-1,50,0,pen0.1_step_w10,True,1404,75,1082,388.4,3800,76
random32-20,random-32-32-20-random-1,100,0,vanilla,True,2864,50,2253,44.5,0,0
random32-20,random-32-32-20-random-1,50,1,tb_step_w10,True,1422,75,1082,379.8,3900,78
random32-20,random-32-32-20-random-1,50,2,pen0.1_step_w10,True,1404,73,1082,239.7,3700,74
random32-20,random-32-32-20-random-1,50,0,tb_step_wall,True,1402,73,1082,565.2,3700,74
random32-20,random-32-32-20-random-1,50,2,tb_step_wall,True,1397,73,1082,348.2,3800,76
random32-20,random-32-32-20-random-1,50,0,tb_agent_w10,True,1389,73,1082,644.0,7840,76
random32-20,random-32-32-20-random-1,50,1,tb_agent_w10,True,1407,75,1082,661.3,8235,77
random32-20,random-32-32-20-random-1,100,1,vanilla,True,2975,65,2253,49.0,0,0
random32-20,random-32-32-20-random-1,50,2,tb_agent_w10,True,1394,73,1082,639.6,7487,74
random32-20,random-32-32-20-random-1,100,0,tb_step_w10,True,2953,73,2253,770.8,7600,76
random32-20,random-32-32-20-random-1,100,0,tb_agent_w10,True,2958,73,2253,820.9,15357,76
random32-20,random-32-32-20-random-1,100,1,tb_step_w10,True,2946,77,2253,618.2,7800,78
random32-20,random-32-32-20-random-1,100,2,vanilla,True,3120,68,2253,50.9,0,0
random32-20,random-32-32-20-random-1,100,0,pen0.1_step_w10,True,2957,73,2253,804.7,7600,76
random32-20,random-32-32-20-random-1,100,0,tb_step_wall,True,2966,73,2253,900.3,7600,76
random32-20,random-32-32-20-random-1,100,2,tb_step_w10,True,2898,73,2253,480.0,7400,74
random32-20,random-32-32-20-random-1,100,2,tb_start_w10,True,3808,116,2253,492.8,100,1
random32-20,random-32-32-20-random-1,100,1,tb_step_wall,True,3003,86,2253,1206.0,8800,88
random32-20,random-32-32-20-random-1,100,1,pen0.1_step_w10,True,2940,77,2253,807.7,7800,78
random32-20,random-32-32-20-random-1,100,1,tb_agent_w10,True,2919,77,2253,1343.6,16151,80
random32-20,random-32-32-20-random-1,100,2,tb_agent_w10,True,2948,75,2253,835.0,15349,76
random32-20,random-32-32-20-random-1,150,0,vanilla,True,5032,53,3485,130.4,0,0
random32-20,random-32-32-20-random-1,100,2,pen0.1_step_w10,True,2955,77,2253,510.1,7700,77
random32-20,random-32-32-20-random-1,150,1,vanilla,True,5410,88,3485,89.2,0,0
random32-20,random-32-32-20-random-1,100,2,tb_step_wall,True,2921,75,2253,1171.0,7600,76
random32-20,random-32-32-20-random-1,150,0,tb_start_w10,True,5897,119,3485,950.5,150,1
random32-20,random-32-32-20-random-1,150,0,tb_step_w10,True,4625,63,3485,1183.8,9600,64
random32-20,random-32-32-20-random-1,150,0,tb_step_wall,True,5475,118,3485,1295.6,19650,131
random32-20,random-32-32-20-random-1,150,0,pen0.1_step_w10,True,4634,63,3485,1232.8,9600,64
random32-20,random-32-32-20-random-1,150,2,vanilla,True,5237,68,3485,156.4,0,0
random32-20,random-32-32-20-random-1,150,0,tb_agent_w10,True,4531,48,3485,1949.2,14417,48
random32-20,random-32-32-20-random-1,150,1,tb_agent_w10,True,4562,53,3485,2016.2,16066,53
random32-20,random-32-32-20-random-1,150,1,tb_step_wall,True,5276,93,3485,1976.2,14250,95
random32-20,random-32-32-20-random-1,50,2,tb_start_w10,True,1634,96,1082,5507.1,50,1
random32-20,random-32-32-20-random-1,150,2,tb_agent_w10,True,4658,78,3485,2130.1,24319,80
random32-20,random-32-32-20-random-1,150,2,tb_step_w10,True,4682,78,3485,2855.8,109200,728
random32-20,random-32-32-20-random-1,150,2,tb_step_wall,True,4957,89,3485,1961.6,16200,108
random32-20,random-32-32-20-random-1,150,2,pen0.1_step_w10,True,4833,92,3485,1794.5,74850,499
random32-20,random-32-32-20-random-1,200,0,vanilla,True,9432,223,4429,4905.8,0,0
random32-20,random-32-32-20-random-1,150,1,tb_step_w10,True,5504,129,3485,9199.5,862800,5752
random32-20,random-32-32-20-random-1,200,0,tb_agent_w10,True,6957,94,4429,6235.9,362359,621
random32-20,random-32-32-20-random-1,200,1,vanilla,True,7932,122,4429,452.0,0,0
random32-20,random-32-32-20-random-1,200,0,pen0.1_step_w10,True,6599,82,4429,2969.2,116200,581
random32-20,random-32-32-20-random-1,200,0,tb_step_wall,True,7457,116,4429,4241.7,96800,484
random32-20,random-32-32-20-random-1,200,0,tb_step_w10,True,6656,99,4429,9117.0,444200,2221
random32-20,random-32-32-20-random-1,200,1,tb_step_w10,True,7278,121,4429,3421.8,110800,554
random32-20,random-32-32-20-random-1,200,1,tb_step_wall,True,8283,155,4429,3284.5,52200,261
random32-20,random-32-32-20-random-1,50,1,tb_start_w10,False,-1,-1,1082,20001.0,50,1
random32-20,random-32-32-20-random-1,50,0,tb_start_w10,False,-1,-1,1082,20014.6,50,1
random32-20,random-32-32-20-random-1,100,0,tb_start_w10,False,-1,-1,2253,20000.5,100,1
random32-20,random-32-32-20-random-1,100,1,tb_start_w10,False,-1,-1,2253,20000.6,100,1
random32-20,random-32-32-20-random-1,200,1,pen0.1_step_w10,True,6845,99,4429,2858.4,57800,289
random32-20,random-32-32-20-random-1,200,2,vanilla,True,7536,99,4429,1508.6,0,0
random32-20,random-32-32-20-random-2,50,0,vanilla,True,1224,51,1099,39.6,0,0
random32-20,random-32-32-20-random-2,50,0,tb_step_w10,True,1208,51,1099,347.2,2550,51
random32-20,random-32-32-20-random-2,50,0,tb_agent_w10,True,1208,51,1099,581.5,5101,51
random32-20,random-32-32-20-random-2,50,0,tb_start_w10,True,1229,51,1099,113.3,50,1
random32-20,random-32-32-20-random-1,150,1,pen0.1_step_w10,True,5461,123,3485,18956.0,1219050,8127
random32-20,random-32-32-20-random-2,50,0,pen0.1_step_w10,True,1208,51,1099,218.6,2550,51
random32-20,random-32-32-20-random-2,50,0,tb_step_wall,True,1189,51,1099,570.2,2550,51
random32-20,random-32-32-20-random-2,50,1,vanilla,True,1252,51,1099,21.5,0,0
random32-20,random-32-32-20-random-2,50,1,tb_step_w10,True,1190,51,1099,341.9,2550,51
random32-20,random-32-32-20-random-2,50,1,tb_agent_w10,True,1198,51,1099,351.3,5101,51
random32-20,random-32-32-20-random-1,150,1,tb_start_w10,False,-1,-1,3485,20001.1,150,1
random32-20,random-32-32-20-random-2,50,1,tb_start_w10,True,1242,51,1099,113.3,50,1
random32-20,random-32-32-20-random-2,50,2,vanilla,True,1271,51,1099,40.2,0,0
random32-20,random-32-32-20-random-2,50,1,tb_step_wall,True,1194,51,1099,345.0,2550,51
random32-20,random-32-32-20-random-2,50,1,pen0.1_step_w10,True,1190,51,1099,357.8,2550,51
random32-20,random-32-32-20-random-2,50,2,tb_start_w10,True,1225,51,1099,113.9,50,1
random32-20,random-32-32-20-random-2,50,2,tb_step_w10,True,1183,51,1099,341.1,2550,51
random32-20,random-32-32-20-random-1,200,2,tb_step_w10,True,7093,118,4429,3742.7,121400,607
random32-20,random-32-32-20-random-2,50,2,tb_agent_w10,True,1182,51,1099,347.0,5101,51
random32-20,random-32-32-20-random-2,100,0,vanilla,True,2994,63,2232,96.2,0,0
random32-20,random-32-32-20-random-2,50,2,pen0.1_step_w10,True,1183,51,1099,351.9,2550,51
random32-20,random-32-32-20-random-2,50,2,tb_step_wall,True,1189,51,1099,528.7,2550,51
random32-20,random-32-32-20-random-2,100,0,tb_step_w10,True,2833,65,2232,514.1,6900,69
random32-20,random-32-32-20-random-1,200,2,tb_step_wall,True,6669,82,4429,3680.4,208000,1040
random32-20,random-32-32-20-random-2,100,1,vanilla,True,2996,58,2232,44.9,0,0
random32-20,random-32-32-20-random-2,100,0,tb_start_w10,True,4224,138,2232,382.4,100,1
random32-20,random-32-32-20-random-1,200,2,tb_agent_w10,True,7385,133,4429,4593.3,184231,302
random32-20,random-32-32-20-random-1,150,2,tb_start_w10,False,-1,-1,3485,20000.9,150,1
random32-20,random-32-32-20-random-2,100,0,pen0.1_step_w10,True,2833,65,2232,476.5,6900,69
random32-20,random-32-32-20-random-2,100,1,tb_step_w10,True,2709,64,2232,445.0,6600,66
random32-20,random-32-32-20-random-2,100,2,vanilla,True,2900,56,2232,51.5,0,0
random32-20,random-32-32-20-random-2,100,1,tb_start_w10,True,4093,133,2232,402.5,100,1
random32-20,random-32-32-20-random-2,100,0,tb_agent_w10,True,2771,66,2232,1260.6,14397,69
random32-20,random-32-32-20-random-2,100,1,pen0.1_step_w10,True,2711,64,2232,473.5,6600,66
random32-20,random-32-32-20-random-2,100,0,tb_step_wall,True,2786,65,2232,1117.7,6600,66
random32-20,random-32-32-20-random-2,100,2,tb_step_w10,True,2684,61,2232,444.6,6300,63
random32-20,random-32-32-20-random-2,150,0,vanilla,True,5240,90,3322,92.5,0,0
random32-20,random-32-32-20-random-2,100,2,tb_start_w10,True,4126,131,2232,354.3,100,1
random32-20,random-32-32-20-random-2,100,1,tb_agent_w10,True,2710,62,2232,1241.1,12703,63
random32-20,random-32-32-20-random-2,100,1,tb_step_wall,True,2783,61,2232,1116.9,6200,62
random32-20,random-32-32-20-random-2,100,2,tb_step_wall,True,2759,62,2232,678.7,6300,63
random32-20,random-32-32-20-random-2,100,2,pen0.1_step_w10,True,2680,61,2232,756.9,6300,63
random32-20,random-32-32-20-random-2,150,0,tb_step_w10,True,4468,76,3322,712.3,12450,83
random32-20,random-32-32-20-random-2,150,0,tb_start_w10,True,5910,140,3322,572.1,150,1
random32-20,random-32-32-20-random-2,150,1,vanilla,True,4820,58,3322,140.0,0,0
random32-20,random-32-32-20-random-2,100,2,tb_agent_w10,True,2714,62,2232,1239.2,12702,63
random32-20,random-32-32-20-random-2,150,0,pen0.1_step_w10,True,4468,76,3322,751.6,12450,83
random32-20,random-32-32-20-random-1,200,1,tb_agent_w10,True,7233,97,4429,12246.1,1720597,2999
random32-20,random-32-32-20-random-2,150,1,tb_step_w10,True,4545,84,3322,719.6,13050,87
random32-20,random-32-32-20-random-2,150,2,vanilla,True,4986,84,3322,89.7,0,0
random32-20,random-32-32-20-random-2,150,1,tb_start_w10,True,6028,144,3322,739.3,150,1
random32-20,random-32-32-20-random-1,200,0,tb_start_w10,False,-1,-1,4429,20001.0,200,1
random32-20,random-32-32-20-random-2,150,1,pen0.1_step_w10,True,4516,82,3322,767.4,12750,85
random32-20,random-32-32-20-random-2,150,0,tb_agent_w10,True,4514,75,3322,1990.3,25658,80
random32-20,random-32-32-20-random-2,150,0,tb_step_wall,True,4357,56,3322,1662.2,8550,57
random32-20,random-32-32-20-random-2,150,2,tb_step_w10,True,4441,73,3322,703.7,11550,77
random32-20,random-32-32-20-random-2,150,2,tb_start_w10,True,6214,156,3322,633.7,150,1
random32-20,random-32-32-20-random-2,200,0,vanilla,True,8956,168,4466,313.2,0,0
random32-20,random-32-32-20-random-2,150,1,tb_step_wall,True,4467,72,3322,1680.8,10950,73
random32-20,random-32-32-20-random-2,150,2,pen0.1_step_w10,True,4451,73,3322,752.1,11550,77
random32-20,random-32-32-20-random-2,150,2,tb_agent_w10,True,4761,94,3322,1318.2,31076,96
random32-20,random-32-32-20-random-2,150,1,tb_agent_w10,True,4651,80,3322,2066.9,26142,83
random32-20,random-32-32-20-random-2,150,2,tb_step_wall,True,4710,83,3322,1117.4,13200,88
random32-20,random-32-32-20-random-2,200,1,vanilla,True,9749,168,4466,186.8,0,0
random32-20,random-32-32-20-random-2,200,1,tb_start_w10,True,12891,252,4466,767.9,200,1
random32-20,random-32-32-20-random-2,200,1,tb_step_w10,True,6631,81,4466,1099.1,16800,84
random32-20,random-32-32-20-random-2,200,0,tb_step_w10,True,6629,93,4466,1781.3,19000,95
random32-20,random-32-32-20-random-2,200,2,vanilla,True,7353,75,4466,115.9,0,0
random32-20,random-32-32-20-random-2,200,0,tb_agent_w10,True,7382,110,4466,2113.4,47446,115
random32-20,random-32-32-20-random-2,200,0,pen0.1_step_w10,True,7145,101,4466,1919.5,20800,104
random32-20,random-32-32-20-random-2,200,1,tb_step_wall,True,7381,108,4466,1678.6,22800,114
random32-20,random-32-32-20-random-2,200,0,tb_start_w10,True,23629,438,4466,2455.9,200,1
random32-20,random-32-32-20-random-3,50,0,vanilla,True,1177,47,1007,41.7,0,0
random32-20,random-32-32-20-random-2,200,1,pen0.1_step_w10,True,6863,79,4466,1113.0,16600,83
random32-20,random-32-32-20-random-2,200,0,tb_step_wall,True,7038,98,4466,2560.7,23600,118
random32-20,random-32-32-20-random-3,50,0,tb_step_w10,True,1110,43,1007,301.9,2150,43
random32-20,random-32-32-20-random-3,50,0,tb_start_w10,True,1144,50,1007,113.3,50,1
random32-20,random-32-32-20-random-3,50,0,tb_agent_w10,True,1110,43,1007,313.0,4300,43
random32-20,random-32-32-20-random-3,50,1,vanilla,True,1145,46,1007,21.2,0,0
random32-20,random-32-32-20-random-2,200,2,tb_start_w10,True,16123,305,4466,1090.1,200,1
random32-20,random-32-32-20-random-3,50,1,tb_step_w10,True,1122,46,1007,191.0,2300,46
random32-20,random-32-32-20-random-3,50,0,pen0.1_step_w10,True,1108,42,1007,314.6,2100,42
random32-20,random-32-32-20-random-3,50,1,tb_start_w10,True,1149,48,1007,68.3,50,1
random32-20,random-32-32-20-random-3,50,0,tb_step_wall,True,1107,43,1007,426.0,2150,43
random32-20,random-32-32-20-random-3,50,2,vanilla,True,1144,43,1007,40.8,0,0
random32-20,random-32-32-20-random-3,50,1,tb_agent_w10,True,1136,46,1007,314.5,4600,46
random32-20,random-32-32-20-random-3,50,1,pen0.1_step_w10,True,1122,46,1007,195.8,2300,46
random32-20,random-32-32-20-random-3,50,2,tb_start_w10,True,1149,48,1007,69.8,50,1
random32-20,random-32-32-20-random-2,200,2,pen0.1_step_w10,True,7123,100,4466,1151.4,20600,103
random32-20,random-32-32-20-random-3,50,1,tb_step_wall,True,1085,43,1007,420.6,2150,43
random32-20,random-32-32-20-random-3,50,2,tb_step_w10,True,1114,43,1007,305.6,2150,43
random32-20,random-32-32-20-random-3,50,2,tb_agent_w10,True,1117,43,1007,307.8,4300,43
random32-20,random-32-32-20-random-3,50,2,pen0.1_step_w10,True,1114,43,1007,191.5,2150,43
random32-20,random-32-32-20-random-3,100,0,vanilla,True,2673,46,2083,78.5,0,0
random32-20,random-32-32-20-random-3,50,2,tb_step_wall,True,1101,42,1007,263.5,2100,42
random32-20,random-32-32-20-random-2,200,1,tb_agent_w10,True,7207,118,4466,3291.2,52845,125
random32-20,random-32-32-20-random-2,200,2,tb_step_w10,True,8509,168,4466,2273.2,38600,193
random32-20,random-32-32-20-random-2,200,2,tb_agent_w10,True,7750,142,4466,2189.3,62859,150
random32-20,random-32-32-20-random-3,100,0,tb_start_w10,True,2797,66,2083,192.9,100,1
random32-20,random-32-32-20-random-3,100,1,vanilla,True,2860,67,2083,100.4,0,0
random32-20,random-32-32-20-random-3,100,1,tb_start_w10,True,2995,82,2083,191.1,100,1
random32-20,random-32-32-20-random-3,100,0,pen0.1_step_w10,True,2516,47,2083,426.1,4700,47
random32-20,random-32-32-20-random-3,100,2,vanilla,True,2892,61,2083,50.2,0,0
random32-20,random-32-32-20-random-3,100,0,tb_step_w10,True,2493,45,2083,661.6,4500,45
random32-20,random-32-32-20-random-3,100,0,tb_agent_w10,True,2672,63,2083,737.4,13201,64
random32-20,random-32-32-20-random-2,200,2,tb_step_wall,True,6526,70,4466,2375.9,14600,73
random32-20,random-32-32-20-random-3,100,1,pen0.1_step_w10,True,2538,54,2083,427.0,5500,55
random32-20,random-32-32-20-random-3,100,1,tb_step_w10,True,2580,59,2083,694.7,6000,60
random32-20,random-32-32-20-random-3,100,1,tb_agent_w10,True,2537,47,2083,707.0,9412,47
random32-20,random-32-32-20-random-3,100,2,tb_start_w10,True,3343,108,2083,193.2,100,1
random32-20,random-32-32-20-random-3,100,2,tb_step_w10,True,2504,51,2083,415.7,5100,51
random32-20,random-32-32-20-random-3,100,0,tb_step_wall,True,2532,46,2083,951.1,4600,46
random32-20,random-32-32-20-random-3,150,0,vanilla,True,5063,83,3203,259.1,0,0
random32-20,random-32-32-20-random-3,100,1,tb_step_wall,True,2731,62,2083,1023.3,6400,64
random32-20,random-32-32-20-random-3,100,2,pen0.1_step_w10,True,2568,57,2083,436.1,5700,57
random32-20,random-32-32-20-random-3,150,0,tb_start_w10,True,7133,180,3203,520.3,150,1
random32-20,random-32-32-20-random-3,150,1,vanilla,True,4797,65,3203,273.2,0,0
random32-20,random-32-32-20-random-3,150,0,tb_step_w10,True,4352,63,3203,712.3,11250,75
random32-20,random-32-32-20-random-3,100,2,tb_agent_w10,True,2525,44,2083,1122.8,8808,44
random32-20,random-32-32-20-random-3,100,2,tb_step_wall,True,2655,60,2083,987.7,6000,60
random32-20,random-32-32-20-random-1,200,2,pen0.1_step_w10,True,6699,104,4429,13048.7,436600,2183
random32-20,random-32-32-20-random-3,150,2,vanilla,True,4814,85,3203,176.5,0,0
random32-20,random-32-32-20-random-3,150,1,tb_step_w10,True,4604,73,3203,789.2,18450,123
random32-20,random-32-32-20-random-3,150,0,tb_agent_w10,True,4517,83,3203,1493.0,70540,174
random32-20,random-32-32-20-random-3,150,1,tb_start_w10,True,7605,194,3203,830.6,150,1
random32-20,random-32-32-20-random-3,150,0,pen0.1_step_w10,True,4517,68,3203,1302.2,12900,86
random32-20,random-32-32-20-random-3,150,1,tb_step_wall,True,4323,61,3203,1002.0,10500,70
random32-20,random-32-32-20-random-3,150,0,tb_step_wall,True,4484,82,3203,1646.0,13050,87
random32-20,random-32-32-20-random-3,150,2,tb_start_w10,True,7296,171,3203,572.4,150,1
random32-20,random-32-32-20-random-3,150,1,tb_agent_w10,True,4344,59,3203,1399.8,53642,132
random32-20,random-32-32-20-random-3,200,0,vanilla,True,8214,121,4300,358.2,0,0
random32-20,random-32-32-20-random-3,150,2,tb_step_w10,True,4297,57,3203,1164.2,11250,75
random32-20,random-32-32-20-random-3,150,1,pen0.1_step_w10,True,4554,67,3203,1417.7,16950,113
random32-20,random-32-32-20-random-3,150,2,tb_step_wall,True,4363,65,3203,989.5,10800,72
random32-20,random-32-32-20-random-1,200,1,tb_start_w10,False,-1,-1,4429,20000.9,200,1
random32-20,random-32-32-20-random-3,150,2,pen0.1_step_w10,True,4310,57,3203,1365.9,16500,110
random32-20,random-32-32-20-random-3,200,0,tb_step_w10,True,7738,122,4300,1592.8,66000,330
random32-20,random-32-32-20-random-3,150,2,tb_agent_w10,True,4470,77,3203,2456.0,73665,181
random32-20,random-32-32-20-random-3,200,0,tb_step_wall,True,7604,109,4300,2118.6,76200,381
random32-20,random-32-32-20-random-3,200,1,vanilla,True,11395,263,4300,1812.6,0,0
random32-20,random-32-32-20-random-3,200,2,vanilla,True,9613,181,4300,435.7,0,0
random32-20,random-32-32-20-random-3,200,1,pen0.1_step_w10,True,8006,133,4300,1773.4,53200,266
random32-20,random-32-32-20-random-3,200,1,tb_step_w10,True,7604,125,4300,2812.4,77800,389
random32-20,random-32-32-20-random-3,200,1,tb_agent_w10,True,7998,155,4300,2711.5,166672,319
random32-20,random-32-32-20-random-4,50,0,vanilla,True,1201,48,1035,19.4,0,0
random32-20,random-32-32-20-random-3,200,2,tb_step_w10,True,6900,91,4300,1191.3,31800,159
random32-20,random-32-32-20-random-4,50,0,tb_step_w10,True,1107,46,1035,187.1,2300,46
random32-20,random-32-32-20-random-4,50,0,tb_start_w10,True,1253,54,1035,70.1,50,1
random32-20,random-32-32-20-random-3,200,0,tb_start_w10,True,12492,309,4300,3787.4,200,1
random32-20,random-32-32-20-random-4,50,0,tb_agent_w10,True,1103,46,1035,322.7,4600,46
random32-20,random-32-32-20-random-4,50,1,vanilla,True,1204,48,1035,20.4,0,0
random32-20,random-32-32-20-random-4,50,0,pen0.1_step_w10,True,1116,46,1035,195.3,2300,46
random32-20,random-32-32-20-random-4,50,0,tb_step_wall,True,1104,46,1035,279.6,2300,46
random32-20,random-32-32-20-random-3,200,0,pen0.1_step_w10,True,7624,115,4300,3710.1,90200,451
random32-20,random-32-32-20-random-4,50,1,tb_start_w10,True,1144,48,1035,65.7,50,1
random32-20,random-32-32-20-random-4,50,1,tb_step_w10,True,1105,46,1035,193.7,2300,46
random32-20,random-32-32-20-random-4,50,2,vanilla,True,1180,46,1035,19.8,0,0
random32-20,random-32-32-20-random-4,50,1,tb_agent_w10,True,1111,46,1035,313.1,4600,46
random32-20,random-32-32-20-random-4,50,1,pen0.1_step_w10,True,1105,46,1035,193.5,2300,46
random32-20,random-32-32-20-random-4,50,2,tb_start_w10,True,1239,51,1035,66.0,50,1
random32-20,random-32-32-20-random-4,50,2,tb_step_w10,True,1103,46,1035,191.5,2300,46
random32-20,random-32-32-20-random-3,200,0,tb_agent_w10,True,6934,93,4300,4512.4,200190,370
random32-20,random-32-32-20-random-4,50,1,tb_step_wall,True,1108,46,1035,467.0,2300,46
random32-20,random-32-32-20-random-4,50,2,pen0.1_step_w10,True,1103,46,1035,197.2,2300,46
random32-20,random-32-32-20-random-4,50,2,tb_agent_w10,True,1105,46,1035,315.8,4600,46
random32-20,random-32-32-20-random-4,50,2,tb_step_wall,True,1100,46,1035,283.9,2300,46
random32-20,random-32-32-20-random-4,100,0,vanilla,True,2597,54,2094,83.8,0,0
random32-20,random-32-32-20-random-4,100,0,tb_start_w10,True,2734,57,2094,135.7,100,1
random32-20,random-32-32-20-random-4,100,1,vanilla,True,2805,57,2094,44.2,0,0
random32-20,random-32-32-20-random-3,200,2,tb_step_wall,True,6950,94,4300,1784.5,46000,230
random32-20,random-32-32-20-random-4,100,0,tb_step_w10,True,2508,54,2094,666.3,5400,54
random32-20,random-32-32-20-random-4,100,1,tb_step_w10,True,2497,54,2094,409.2,5400,54
random32-20,random-32-32-20-random-4,100,0,tb_step_wall,True,2495,54,2094,604.0,5400,54
random32-20,random-32-32-20-random-4,100,0,tb_agent_w10,True,2439,54,2094,694.3,10804,54
random32-20,random-32-32-20-random-4,100,2,vanilla,True,2799,63,2094,53.7,0,0
random32-20,random-32-32-20-random-4,100,0,pen0.1_step_w10,True,2508,54,2094,697.2,5400,54
random32-20,random-32-32-20-random-4,100,1,tb_start_w10,True,2713,55,2094,226.7,100,1
random32-20,random-32-32-20-random-1,200,2,tb_start_w10,False,-1,-1,4429,20000.8,200,1
random32-20,random-32-32-20-random-4,100,1,pen0.1_step_w10,True,2507,54,2094,420.1,5400,54
random32-20,random-32-32-20-random-4,100,2,tb_step_w10,True,2495,54,2094,401.0,5400,54
random32-20,random-32-32-20-random-4,100,2,tb_start_w10,True,2743,58,2094,245.7,100,1
random32-20,random-32-32-20-random-4,100,1,tb_agent_w10,True,2431,54,2094,678.5,10804,54
random32-20,random-32-32-20-random-4,100,1,tb_step_wall,True,2478,54,2094,598.1,5400,54
random32-20,random-32-32-20-random-4,100,2,pen0.1_step_w10,True,2499,54,2094,430.9,5400,54
random32-20,random-32-32-20-random-4,150,0,tb_start_w10,True,4922,88,3273,272.0,150,1
random32-20,random-32-32-20-random-3,200,2,tb_agent_w10,True,7742,137,4300,3855.5,107368,211
random32-20,random-32-32-20-random-4,100,2,tb_agent_w10,True,2428,54,2094,1102.1,10804,54
random32-20,random-32-32-20-random-4,100,2,tb_step_wall,True,2524,54,2094,989.1,5400,54
random32-20,random-32-32-20-random-4,150,0,pen0.1_step_w10,True,4186,54,3273,681.4,8100,54
random32-20,random-32-32-20-random-3,200,2,pen0.1_step_w10,True,7107,103,4300,3639.2,86200,431
random32-20,random-32-32-20-random-4,150,0,tb_step_w10,True,4557,95,3273,1235.9,14550,97
random32-20,random-32-32-20-random-4,150,0,tb_agent_w10,True,4381,71,3273,1234.8,21768,72
random32-20,random-32-32-20-random-4,150,0,tb_step_wall,True,4263,55,3273,973.1,8250,55
random32-20,random-32-32-20-random-4,150,2,vanilla,True,4724,62,3273,70.3,0,0
random32-20,random-32-32-20-random-4,150,1,tb_start_w10,True,5044,97,3273,421.3,150,1
random32-20,random-32-32-20-random-4,150,1,tb_step_w10,True,4443,79,3273,1182.9,11850,79
random32-20,random-32-32-20-random-4,150,2,tb_start_w10,True,5224,112,3273,438.0,150,1
random32-20,random-32-32-20-random-4,150,2,tb_step_w10,True,4473,76,3273,733.5,11550,77
random32-20,random-32-32-20-random-4,200,0,vanilla,True,7343,87,4353,108.1,0,0
random32-20,random-32-32-20-random-4,150,1,pen0.1_step_w10,True,4188,54,3273,1122.3,8100,54
random32-20,random-32-32-20-random-4,150,2,tb_agent_w10,True,4230,54,3273,1156.9,16217,54
random32-20,random-32-32-20-random-4,150,2,pen0.1_step_w10,True,4275,54,3273,706.4,8100,54
random32-20,random-32-32-20-random-4,150,1,tb_agent_w10,True,4209,54,3273,1843.9,16218,54
random32-20,random-32-32-20-random-4,150,1,tb_step_wall,True,4239,54,3273,1593.8,8100,54
random32-20,random-32-32-20-random-4,200,0,tb_start_w10,True,9607,193,4353,538.7,200,1
random32-20,random-32-32-20-random-4,200,1,vanilla,True,7617,98,4353,246.5,0,0
random32-20,random-32-32-20-random-4,150,0,vanilla,True,4757,75,3273,3475.8,0,0
random32-20,random-32-32-20-random-4,200,0,tb_step_wall,True,6858,93,4353,1492.8,18800,94
random32-20,random-32-32-20-random-4,200,1,tb_start_w10,True,12915,276,4353,972.3,200,1
random32-20,random-32-32-20-random-4,200,0,tb_agent_w10,True,6586,92,4353,2884.9,39451,95
random32-20,random-32-32-20-random-4,200,1,tb_step_wall,True,6518,60,4353,1382.8,12000,60
random32-20,random-32-32-20-random-4,200,2,vanilla,True,6935,71,4353,189.1,0,0
random32-20,random-32-32-20-random-4,200,1,tb_agent_w10,True,6666,91,4353,2968.7,39667,95
random32-20,random-32-32-20-random-4,200,2,tb_step_w10,True,6514,85,4353,1006.6,17400,87
random32-20,random-32-32-20-random-4,150,2,tb_step_wall,True,4340,67,3273,6018.0,251400,1676
random32-20,random-32-32-20-random-4,200,1,tb_step_w10,True,6521,93,4353,5450.7,438800,2194
random32-20,random-32-32-20-random-4,200,2,tb_agent_w10,True,6521,76,4353,2813.4,31040,77
random32-20,random-32-32-20-random-5,50,0,vanilla,True,1387,48,1216,46.3,0,0
random32-20,random-32-32-20-random-5,50,0,tb_step_w10,True,1382,65,1216,238.2,3300,66
random32-20,random-32-32-20-random-5,50,0,tb_start_w10,True,1466,59,1216,73.3,50,1
random32-20,random-32-32-20-random-4,200,2,tb_step_wall,True,6869,90,4353,2164.6,18200,91
random32-20,random-32-32-20-random-5,50,0,tb_step_wall,True,1319,48,1216,335.9,2400,48
random32-20,random-32-32-20-random-5,50,0,tb_agent_w10,True,1329,48,1216,620.7,4800,48
random32-20,random-32-32-20-random-5,50,1,vanilla,True,1350,48,1216,23.7,0,0
random32-20,random-32-32-20-random-5,50,0,pen0.1_step_w10,True,1378,65,1216,403.3,3300,66
random32-20,random-32-32-20-random-5,50,1,tb_start_w10,True,1376,48,1216,118.2,50,1
random32-20,random-32-32-20-random-5,50,1,tb_step_w10,True,1378,65,1216,387.4,3300,66
random32-20,random-32-32-20-random-5,50,1,tb_agent_w10,True,1363,65,1216,409.6,6649,66
random32-20,random-32-32-20-random-5,50,2,vanilla,True,1359,48,1216,24.1,0,0
random32-20,random-32-32-20-random-4,200,2,pen0.1_step_w10,True,6583,82,4353,1767.9,16800,84
random32-20,random-32-32-20-random-4,150,1,vanilla,True,5033,107,3273,9672.2,0,0
random32-20,random-32-32-20-random-5,50,2,tb_step_w10,True,1364,65,1216,242.0,3300,66
random32-20,random-32-32-20-random-5,50,1,tb_step_wall,True,1288,48,1216,546.5,2400,48
random32-20,random-32-32-20-random-5,50,1,pen0.1_step_w10,True,1378,65,1216,403.4,3300,66
random32-20,random-32-32-20-random-5,50,2,tb_start_w10,True,1381,48,1216,118.1,50,1
random32-20,random-32-32-20-random-5,100,0,vanilla,True,3527,93,2306,119.4,0,0
random32-20,random-32-32-20-random-5,50,2,tb_step_wall,True,1305,48,1216,343.9,2400,48
random32-20,random-32-32-20-random-5,50,2,tb_agent_w10,True,1358,65,1216,667.8,6649,66
random32-20,random-32-32-20-random-5,50,2,pen0.1_step_w10,True,1366,65,1216,397.1,3300,66
random32-20,random-32-32-20-random-5,100,0,tb_start_w10,True,3408,85,2306,155.4,100,1
random32-20,random-32-32-20-random-5,100,1,vanilla,True,3328,89,2306,59.1,0,0
random32-20,random-32-32-20-random-5,100,0,tb_step_w10,True,3681,97,2306,958.7,9800,98
random32-20,random-32-32-20-random-5,100,1,tb_step_w10,True,3331,75,2306,536.0,7600,76
random32-20,random-32-32-20-random-5,100,1,tb_start_w10,True,3297,79,2306,150.2,100,1
random32-20,random-32-32-20-random-5,100,0,tb_agent_w10,True,2841,56,2306,1277.9,11509,57
random32-20,random-32-32-20-random-5,100,0,pen0.1_step_w10,True,3874,111,2306,1060.0,11400,114
random32-20,random-32-32-20-random-5,100,2,vanilla,True,3458,89,2306,115.1,0,0
random32-20,random-32-32-20-random-5,100,0,tb_step_wall,True,3576,97,2306,1345.1,9800,98
random32-20,random-32-32-20-random-5,100,1,tb_step_wall,True,3138,78,2306,737.0,7900,79
random32-20,random-32-32-20-random-5,100,2,tb_start_w10,True,3410,78,2306,148.3,100,1
random32-20,random-32-32-20-random-5,100,1,tb_agent_w10,True,2964,65,2306,1344.3,13420,66
random32-20,random-32-32-20-random-5,100,1,pen0.1_step_w10,True,3331,75,2306,887.4,7600,76
random32-20,random-32-32-20-random-5,100,2,tb_step_w10,True,3545,83,2306,906.6,8500,85
random32-20,random-32-32-20-random-5,150,0,vanilla,True,5327,85,3412,163.2,0,0
random32-20,random-32-32-20-random-5,100,2,tb_step_wall,True,3316,83,2306,767.7,8500,85
random32-20,random-32-32-20-random-5,100,2,tb_agent_w10,True,2774,48,2306,1254.0,9606,48
random32-20,random-32-32-20-random-5,100,2,pen0.1_step_w10,True,3346,83,2306,920.3,8500,85
random32-20,random-32-32-20-random-5,150,0,tb_step_w10,True,4791,80,3412,1265.7,14400,96
random32-20,random-32-32-20-random-5,150,1,vanilla,True,5649,95,3412,178.0,0,0
random32-20,random-32-32-20-random-3,200,1,tb_start_w10,False,-1,-1,4300,20000.9,200,1
random32-20,random-32-32-20-random-5,150,0,tb_step_wall,True,4699,74,3412,1777.6,11550,77
random32-20,random-32-32-20-random-5,150,0,tb_agent_w10,True,4780,79,3412,2223.8,38099,105
random32-20,random-32-32-20-random-5,150,0,pen0.1_step_w10,True,5339,101,3412,1578.0,19950,133
random32-20,random-32-32-20-random-3,200,1,tb_step_wall,False,-1,-1,4300,20001.6,1087000,5435
random32-20,random-32-32-20-random-5,150,2,vanilla,True,5435,95,3412,180.4,0,0
random32-20,random-32-32-20-random-3,200,2,tb_start_w10,False,-1,-1,4300,20000.6,200,1
random32-20,random-32-32-20-random-5,150,2,tb_step_w10,True,5138,107,3412,1395.8,17700,118
random32-20,random-32-32-20-random-5,150,2,tb_agent_w10,True,4743,77,3412,1312.4,32765,92
random32-20,random-32-32-20-random-4,200,0,tb_step_w10,True,6468,87,4353,16344.7,1594200,7971
random32-20,random-32-32-20-random-5,150,2,tb_step_wall,True,4865,77,3412,1165.3,13050,87
random32-20,random-32-32-20-random-5,200,0,vanilla,True,12513,223,4588,335.4,0,0
random32-20,random-32-32-20-random-5,150,2,pen0.1_step_w10,True,4981,88,3412,929.1,17550,117
random32-20,random-32-32-20-random-4,200,0,pen0.1_step_w10,False,-1,-1,4353,20001.4,765400,3827
random32-20,random-32-32-20-random-4,200,1,pen0.1_step_w10,False,-1,-1,4353,20002.0,841800,4209
random32-20,random-32-32-20-random-4,200,2,tb_start_w10,False,-1,-1,4353,20000.5,200,1
random32-20,random-32-32-20-random-5,150,0,tb_start_w10,False,-1,-1,3412,20000.9,150,1
random32-20,random-32-32-20-random-5,150,1,tb_step_w10,False,-1,-1,3412,20000.2,1128150,7521
random32-20,random-32-32-20-random-5,150,1,tb_agent_w10,False,-1,-1,3412,20000.6,1906543,4809
random32-20,random-32-32-20-random-5,150,1,tb_start_w10,False,-1,-1,3412,20000.6,150,1
random32-20,random-32-32-20-random-5,150,1,tb_step_wall,False,-1,-1,3412,20000.2,1179300,7862
random32-20,random-32-32-20-random-5,150,1,pen0.1_step_w10,False,-1,-1,3412,20002.1,815850,5439
random32-20,random-32-32-20-random-5,150,2,tb_start_w10,False,-1,-1,3412,20001.0,150,1
random32-20,random-32-32-20-random-5,200,0,tb_step_w10,False,-1,-1,4588,20001.0,2057200,10286
random32-20,random-32-32-20-random-5,200,0,tb_agent_w10,False,-1,-1,4588,20000.1,3194211,6098
random32-20,random-32-32-20-random-5,200,0,tb_start_w10,False,-1,-1,4588,20000.4,200,1
random32-20,random-32-32-20-random-5,200,0,tb_step_wall,False,-1,-1,4588,20001.0,1142600,5713
random32-20,random-32-32-20-random-5,200,0,pen0.1_step_w10,False,-1,-1,4588,20000.5,1338800,6694
random32-20,random-32-32-20-random-5,200,1,vanilla,False,-1,-1,4588,20001.2,0,0
room-32-4,room-32-32-4-random-1,50,0,vanilla,True,1676,61,1320,41.6,0,0
room-32-4,room-32-32-4-random-1,50,0,tb_step_w10,True,1518,49,1320,396.5,2450,49
room-32-4,room-32-32-4-random-1,50,0,tb_agent_w10,True,1569,49,1320,714.1,4901,49
random32-20,random-32-32-20-random-5,200,1,tb_step_w10,False,-1,-1,4588,20000.1,1374400,6872
room-32-4,room-32-32-4-random-1,50,0,tb_start_w10,True,1551,49,1320,110.7,50,1
room-32-4,room-32-32-4-random-1,50,0,tb_step_wall,True,1557,48,1320,412.0,2400,48
room-32-4,room-32-32-4-random-1,50,1,vanilla,True,1749,74,1320,25.2,0,0
room-32-4,room-32-32-4-random-1,50,0,pen0.1_step_w10,True,1518,49,1320,410.3,2450,49
random32-20,random-32-32-20-random-5,200,1,tb_agent_w10,False,-1,-1,4588,20001.9,1827134,3364
random32-20,random-32-32-20-random-5,200,1,tb_start_w10,False,-1,-1,4588,20001.1,200,1
room-32-4,room-32-32-4-random-1,50,1,tb_step_w10,True,1549,48,1320,248.3,2400,48
room-32-4,room-32-32-4-random-1,50,1,tb_start_w10,True,1536,48,1320,108.7,50,1
random32-20,random-32-32-20-random-5,200,1,tb_step_wall,False,-1,-1,4588,20001.4,1135400,5677
random32-20,random-32-32-20-random-5,200,1,pen0.1_step_w10,False,-1,-1,4588,20001.8,790600,3953
room-32-4,room-32-32-4-random-1,50,2,vanilla,True,2123,108,1320,57.6,0,0
room-32-4,room-32-32-4-random-1,50,1,pen0.1_step_w10,True,1549,48,1320,256.6,2400,48
room-32-4,room-32-32-4-random-1,50,2,tb_start_w10,True,1990,108,1320,135.2,50,1
room-32-4,room-32-32-4-random-1,50,2,tb_step_w10,True,1537,48,1320,399.2,2400,48
room-32-4,room-32-32-4-random-1,50,1,tb_agent_w10,True,1566,48,1320,697.1,4802,48
room-32-4,room-32-32-4-random-1,50,2,tb_step_wall,True,1565,48,1320,414.9,2400,48
room-32-4,room-32-32-4-random-1,50,1,tb_step_wall,True,1557,48,1320,680.1,2400,48
room-32-4,room-32-32-4-random-1,50,2,pen0.1_step_w10,True,1544,48,1320,411.5,2400,48
room-32-4,room-32-32-4-random-1,100,0,vanilla,True,12553,383,2514,277.4,0,0
room-32-4,room-32-32-4-random-1,50,2,tb_agent_w10,True,1520,48,1320,708.2,4802,48
room-32-4,room-32-32-4-random-1,100,0,tb_start_w10,True,5288,140,2514,325.7,100,1
room-32-4,room-32-32-4-random-1,100,1,vanilla,True,8233,274,2514,212.2,0,0
random32-20,random-32-32-20-random-5,200,2,vanilla,False,-1,-1,4588,20000.7,0,0
room-32-4,room-32-32-4-random-1,100,0,pen0.1_step_w10,True,4651,129,2514,1256.5,13300,133
room-32-4,room-32-32-4-random-1,100,0,tb_step_w10,True,6303,188,2514,1600.0,19400,194
room-32-4,room-32-32-4-random-1,100,0,tb_agent_w10,True,5263,128,2514,1469.7,26552,130
room-32-4,room-32-32-4-random-1,100,2,vanilla,True,5017,120,2514,61.3,0,0
room-32-4,room-32-32-4-random-1,100,1,tb_start_w10,True,6023,186,2514,381.3,100,1
room-32-4,room-32-32-4-random-1,100,1,tb_step_w10,True,4979,134,2514,1296.7,13800,138
room-32-4,room-32-32-4-random-1,100,2,tb_start_w10,True,6637,198,2514,356.8,100,1
room-32-4,room-32-32-4-random-1,100,0,tb_step_wall,True,5075,152,2514,2060.5,15400,154
room-32-4,room-32-32-4-random-1,100,2,tb_step_w10,True,5357,155,2514,828.2,15800,158
room-32-4,room-32-32-4-random-1,100,1,pen0.1_step_w10,True,4106,98,2514,1086.3,10100,101
room-32-4,room-32-32-4-random-1,150,0,vanilla,True,20045,449,3707,249.4,0,0
room-32-4,room-32-32-4-random-1,100,1,tb_agent_w10,True,5850,172,2514,2902.1,38920,189
room-32-4,room-32-32-4-random-1,100,1,tb_step_wall,True,4884,126,2514,1952.6,13100,131
random32-20,random-32-32-20-random-5,200,2,tb_step_w10,False,-1,-1,4588,20001.3,2036800,10184
random32-20,random-32-32-20-random-5,200,2,tb_agent_w10,False,-1,-1,4588,20000.3,2491412,4695
room-32-4,room-32-32-4-random-1,100,2,pen0.1_step_w10,True,5773,170,2514,1594.1,17900,179
room-32-4,room-32-32-4-random-1,150,1,vanilla,True,18455,467,3707,474.9,0,0
room-32-4,room-32-32-4-random-1,150,0,tb_start_w10,True,16784,341,3707,805.5,150,1
room-32-4,room-32-32-4-random-1,100,2,tb_agent_w10,True,5419,154,2514,2578.1,32406,159
room-32-4,room-32-32-4-random-1,100,2,tb_step_wall,True,5921,167,2514,2397.4,16900,169
room-32-4,room-32-32-4-random-1,150,0,pen0.1_step_w10,True,7228,151,3707,1270.2,23700,158
room-32-4,room-32-32-4-random-1,150,0,tb_step_w10,True,8746,168,3707,2114.0,25650,171
room-32-4,room-32-32-4-random-1,150,0,tb_agent_w10,True,8422,151,3707,2267.3,47294,155
room-32-4,room-32-32-4-random-1,150,1,tb_start_w10,True,21342,385,3707,995.5,150,1
room-32-4,room-32-32-4-random-1,150,2,vanilla,True,67841,2127,3707,1051.6,0,0
room-32-4,room-32-32-4-random-1,150,1,tb_step_w10,True,9011,187,3707,2239.7,29250,195
random32-20,random-32-32-20-random-5,200,2,tb_start_w10,False,-1,-1,4588,20001.3,200,1
room-32-4,room-32-32-4-random-1,150,1,pen0.1_step_w10,True,10518,209,3707,2620.4,32100,214
room-32-4,room-32-32-4-random-1,150,2,tb_step_w10,True,14036,266,3707,3433.2,41250,275
room-32-4,room-32-32-4-random-1,150,0,tb_step_wall,True,13121,224,3707,4875.7,34350,229
room-32-4,room-32-32-4-random-1,150,2,pen0.1_step_w10,True,9007,178,3707,2348.5,27450,183
random32-20,random-32-32-20-random-5,200,2,tb_step_wall,False,-1,-1,4588,20000.5,1720800,8604
room-32-4,room-32-32-4-random-1,150,2,tb_agent_w10,True,13491,286,3707,3886.6,90132,293
room-32-4,room-32-32-4-random-1,150,1,tb_step_wall,True,13724,273,3707,5172.4,42750,285
room-32-4,room-32-32-4-random-1,150,2,tb_step_wall,True,11692,209,3707,3736.8,42600,284
random32-20,random-32-32-20-random-5,200,2,pen0.1_step_w10,False,-1,-1,4588,20000.8,1357200,6786
room-32-4,room-32-32-4-random-1,150,1,tb_agent_w10,True,13028,272,3707,6270.2,87884,284
room-32-4,room-32-32-4-random-1,200,0,pen0.1_step_w10,True,12862,154,5022,2033.3,32200,161
room-32-4,room-32-32-4-random-1,200,1,tb_start_w10,True,38755,491,5022,1004.8,200,1
room-32-4,room-32-32-4-random-1,200,1,vanilla,True,257952,5416,5022,3429.1,0,0
room-32-4,room-32-32-4-random-1,200,1,pen0.1_step_w10,True,17016,248,5022,2691.2,50600,253
room-32-4,room-32-32-4-random-1,200,1,tb_step_w10,True,20284,253,5022,4942.4,56000,280
room-32-4,room-32-32-4-random-1,200,0,tb_step_w10,True,29571,418,5022,7313.6,90800,454
room-32-4,room-32-32-4-random-1,200,1,tb_agent_w10,True,21212,259,5022,6029.3,109610,268
room-32-4,room-32-32-4-random-1,200,2,tb_step_w10,True,23582,316,5022,3316.8,68800,344
room-32-4,room-32-32-4-random-2,50,0,vanilla,True,1664,55,1277,19.7,0,0
room-32-4,room-32-32-4-random-2,50,0,tb_step_w10,True,1549,52,1277,241.0,2600,52
room-32-4,room-32-32-4-random-2,50,0,tb_agent_w10,True,1537,52,1277,419.8,5202,52
room-32-4,room-32-32-4-random-2,50,0,tb_start_w10,True,1568,52,1277,65.5,50,1
room-32-4,room-32-32-4-random-2,50,0,tb_step_wall,True,1536,52,1277,432.5,2600,52
room-32-4,room-32-32-4-random-2,50,0,pen0.1_step_w10,True,1549,52,1277,250.8,2600,52
room-32-4,room-32-32-4-random-2,50,1,vanilla,True,1694,63,1277,21.1,0,0
room-32-4,room-32-32-4-random-1,200,0,tb_agent_w10,True,19478,344,5022,9270.5,153927,369
room-32-4,room-32-32-4-random-2,50,1,tb_step_w10,True,1521,52,1277,239.5,2600,52
room-32-4,room-32-32-4-random-2,50,1,tb_start_w10,True,1581,52,1277,65.4,50,1
room-32-4,room-32-32-4-random-1,200,2,pen0.1_step_w10,True,14536,181,5022,2268.4,36600,183
room-32-4,room-32-32-4-random-2,50,1,tb_step_wall,True,1532,52,1277,388.0,2600,52
room-32-4,room-32-32-4-random-2,50,2,vanilla,True,1586,52,1277,19.1,0,0
room-32-4,room-32-32-4-random-2,50,1,pen0.1_step_w10,True,1530,52,1277,254.2,2600,52
room-32-4,room-32-32-4-random-2,50,1,tb_agent_w10,True,1517,52,1277,689.2,5203,52
room-32-4,room-32-32-4-random-2,50,2,tb_step_w10,True,1530,52,1277,241.0,2600,52
room-32-4,room-32-32-4-random-2,50,2,tb_start_w10,True,1607,56,1277,115.8,50,1
room-32-4,room-32-32-4-random-2,50,2,tb_agent_w10,True,1530,52,1277,420.0,5202,52
room-32-4,room-32-32-4-random-2,50,2,tb_step_wall,True,1525,52,1277,384.6,2600,52
room-32-4,room-32-32-4-random-2,100,0,vanilla,True,5013,127,2558,65.4,0,0
room-32-4,room-32-32-4-random-2,50,2,pen0.1_step_w10,True,1530,52,1277,411.1,2600,52
room-32-4,room-32-32-4-random-2,100,0,tb_start_w10,True,6606,203,2558,352.8,100,1
room-32-4,room-32-32-4-random-1,200,2,tb_agent_w10,True,20668,321,5022,6283.1,141749,345
room-32-4,room-32-32-4-random-2,100,0,tb_step_w10,True,7279,213,2558,1098.2,22400,224
room-32-4,room-32-32-4-random-1,200,0,tb_step_wall,True,30986,469,5022,11356.1,99200,496
room-32-4,room-32-32-4-random-2,100,1,vanilla,True,6888,216,2558,98.1,0,0
room-32-4,room-32-32-4-random-2,100,0,pen0.1_step_w10,True,4801,132,2558,800.0,13700,137
room-32-4,room-32-32-4-random-2,100,1,tb_start_w10,True,6059,179,2558,204.5,100,1
room-32-4,room-32-32-4-random-2,100,0,tb_agent_w10,True,6769,196,2558,1970.9,41561,203
room-32-4,room-32-32-4-random-2,100,0,tb_step_wall,True,5106,130,2558,1950.7,13400,134
room-32-4,room-32-32-4-random-2,100,2,vanilla,True,7181,212,2558,171.0,0,0
room-32-4,room-32-32-4-random-2,100,1,pen0.1_step_w10,True,4455,112,2558,712.6,11500,115
room-32-4,room-32-32-4-random-2,100,1,tb_step_w10,True,7039,180,2558,1728.0,18400,184
room-32-4,room-32-32-4-random-2,100,1,tb_step_wall,True,5137,130,2558,1243.8,13600,136
room-32-4,room-32-32-4-random-2,100,2,tb_start_w10,True,5844,156,2558,321.5,100,1
room-32-4,room-32-32-4-random-2,100,1,tb_agent_w10,True,7200,203,2558,2146.4,45091,220
room-32-4,room-32-32-4-random-1,200,2,tb_step_wall,True,20447,276,5022,7724.3,57200,286
room-32-4,room-32-32-4-random-2,150,0,vanilla,True,17053,343,3911,211.0,0,0
room-32-4,room-32-32-4-random-1,200,1,tb_step_wall,True,31768,433,5022,12006.5,94400,472
room-32-4,room-32-32-4-random-2,100,2,tb_step_w10,True,6390,191,2558,1619.6,19800,198
room-32-4,room-32-32-4-random-2,100,2,tb_agent_w10,True,5699,159,2558,1622.4,33386,163
room-32-4,room-32-32-4-random-2,100,2,tb_step_wall,True,4781,111,2558,1146.1,11300,113
room-32-4,room-32-32-4-random-2,100,2,pen0.1_step_w10,True,4364,109,2558,1159.7,11200,112
room-32-4,room-32-32-4-random-2,150,0,pen0.1_step_w10,True,10723,208,3911,1704.7,33000,220
room-32-4,room-32-32-4-random-1,150,2,tb_start_w10,False,-1,-1,3707,20001.0,150,1
room-32-4,room-32-32-4-random-1,200,0,vanilla,True,837068,14977,5022,17904.7,0,0
room-32-4,room-32-32-4-random-2,150,0,tb_step_w10,True,12335,266,3911,3002.1,41100,274
room-32-4,room-32-32-4-random-2,150,1,tb_step_w10,True,15087,267,3911,3534.0,42300,282
room-32-4,room-32-32-4-random-2,150,1,vanilla,True,392144,7575,3911,3779.6,0,0
room-32-4,room-32-32-4-random-2,150,0,tb_agent_w10,True,17707,315,3911,4813.7,99780,325
room-32-4,room-32-32-4-random-2,150,2,vanilla,True,22113,644,3911,640.8,0,0
room-32-4,room-32-32-4-random-2,150,1,pen0.1_step_w10,True,10009,182,3911,2490.1,28500,190
room-32-4,room-32-32-4-random-2,150,1,tb_agent_w10,True,11144,205,3911,3171.1,67073,214
room-32-4,room-32-32-4-random-1,200,0,tb_start_w10,False,-1,-1,5022,20001.4,200,1
room-32-4,room-32-32-4-random-2,150,2,tb_start_w10,True,17134,331,3911,774.5,150,1
room-32-4,room-32-32-4-random-2,150,2,tb_step_w10,True,11492,191,3911,1682.6,29400,196
room-32-4,room-32-32-4-random-1,200,2,tb_start_w10,True,34000,506,5022,14435.0,200,1
room-32-4,room-32-32-4-random-2,150,2,pen0.1_step_w10,True,11236,206,3911,1744.2,31500,210
room-32-4,room-32-32-4-random-2,150,0,tb_step_wall,True,19115,355,3911,6707.6,56700,378
room-32-4,room-32-32-4-random-2,150,2,tb_agent_w10,True,12889,252,3911,3743.9,80094,260
room-32-4,room-32-32-4-random-1,200,2,vanilla,False,-1,-1,5022,20000.7,0,0
room-32-4,room-32-32-4-random-2,150,1,tb_step_wall,True,19400,353,3911,6596.6,55050,367
room-32-4,room-32-32-4-random-2,150,2,tb_step_wall,True,18248,322,3911,6385.0,50400,336
room-32-4,room-32-32-4-random-2,200,1,tb_step_w10,True,37264,434,5290,5460.5,92000,460
room-32-4,room-32-32-4-random-2,200,0,tb_step_w10,True,42447,533,5290,9740.8,114400,572
room-32-4,room-32-32-4-random-2,200,0,pen0.1_step_w10,True,41087,490,5290,9948.1,101600,508
room-32-4,room-32-32-4-random-2,200,0,tb_step_wall,True,48909,564,5290,12151.8,134400,672
room-32-4,room-32-32-4-random-2,150,0,tb_start_w10,False,-1,-1,3911,20000.5,150,1
room-32-4,room-32-32-4-random-2,150,1,tb_start_w10,True,17277,360,3911,19490.1,150,1
room-32-4,room-32-32-4-random-2,200,2,tb_step_w10,True,22679,337,5290,3849.1,72200,361
room-32-4,room-32-32-4-random-2,200,1,tb_agent_w10,True,39392,504,5290,15808.7,223195,545
room-32-4,room-32-32-4-random-2,200,1,tb_step_wall,True,42980,499,5290,11244.3,112000,560
room-32-4,room-32-32-4-random-3,50,0,vanilla,True,1652,72,1150,43.2,0,0
room-32-4,room-32-32-4-random-2,200,0,vanilla,False,-1,-1,5290,20000.6,0,0
room-32-4,room-32-32-4-random-3,50,0,tb_step_w10,True,1536,72,1150,389.9,3600,72
room-32-4,room-32-32-4-random-3,50,0,tb_start_w10,True,1527,72,1150,115.5,50,1
room-32-4,room-32-32-4-random-2,200,0,tb_agent_w10,False,-1,-1,5290,20003.9,253037,618
room-32-4,room-32-32-4-random-2,200,0,tb_start_w10,False,-1,-1,5290,20001.3,200,1
room-32-4,room-32-32-4-random-3,50,1,vanilla,True,1544,55,1150,37.3,0,0
room-32-4,room-32-32-4-random-3,50,0,tb_agent_w10,True,1535,72,1150,680.2,7349,72
room-32-4,room-32-32-4-random-3,50,0,pen0.1_step_w10,True,1538,72,1150,251.4,3600,72
room-32-4,room-32-32-4-random-3,50,1,tb_start_w10,True,1546,71,1150,68.9,50,1
room-32-4,room-32-32-4-random-3,50,0,tb_step_wall,True,1521,72,1150,576.6,3600,72
room-32-4,room-32-32-4-random-3,50,1,tb_step_w10,True,1438,55,1150,360.5,2750,55
room-32-4,room-32-32-4-random-3,50,2,vanilla,True,1533,55,1150,37.1,0,0
room-32-4,room-32-32-4-random-3,50,1,tb_step_wall,True,1535,76,1150,370.7,4100,82
room-32-4,room-32-32-4-random-3,50,1,tb_agent_w10,True,1437,55,1150,624.4,5503,55
room-32-4,room-32-32-4-random-3,50,1,pen0.1_step_w10,True,1438,55,1150,370.6,2750,55
room-32-4,room-32-32-4-random-3,50,2,tb_start_w10,True,1642,76,1150,116.1,50,1
room-32-4,room-32-32-4-random-3,50,2,tb_step_w10,True,1449,55,1150,361.5,2750,55
room-32-4,room-32-32-4-random-3,50,2,tb_agent_w10,True,1553,76,1150,432.1,8529,81
room-32-4,room-32-32-4-random-3,100,0,vanilla,True,4084,83,2500,96.2,0,0
room-32-4,room-32-32-4-random-3,50,2,pen0.1_step_w10,True,1445,55,1150,365.9,2750,55
room-32-4,room-32-32-4-random-3,50,2,tb_step_wall,True,1578,76,1150,602.1,4050,81
room-32-4,room-32-32-4-random-3,100,0,tb_step_w10,True,4376,112,2500,666.9,11400,114
room-32-4,room-32-32-4-random-3,100,0,tb_start_w10,True,5795,157,2500,408.3,100,1
room-32-4,room-32-32-4-random-3,100,1,vanilla,True,4335,100,2500,101.7,0,0
room-32-4,room-32-32-4-random-2,200,1,vanilla,False,-1,-1,5290,20001.1,0,0
room-32-4,room-32-32-4-random-3,100,0,pen0.1_step_w10,True,4303,112,2500,745.7,11400,114
room-32-4,room-32-32-4-random-2,200,1,pen0.1_step_w10,True,55613,555,5290,13336.5,119000,595
room-32-4,room-32-32-4-random-3,100,1,tb_start_w10,True,7952,232,2500,294.0,100,1
room-32-4,room-32-32-4-random-3,100,0,tb_agent_w10,True,4428,115,2500,1943.4,23634,117
room-32-4,room-32-32-4-random-3,100,1,tb_step_w10,True,4794,133,2500,1173.9,13700,137
room-32-4,room-32-32-4-random-3,100,1,tb_agent_w10,True,4313,104,2500,1143.4,21542,106
room-32-4,room-32-32-4-random-3,100,2,vanilla,True,5224,136,2500,158.1,0,0
room-32-4,room-32-32-4-random-3,100,0,tb_step_wall,True,5055,134,2500,1817.1,13700,137
room-32-4,room-32-32-4-random-3,100,1,pen0.1_step_w10,True,5284,149,2500,826.0,15300,153
room-32-4,room-32-32-4-random-3,100,2,tb_start_w10,True,5733,164,2500,506.8,100,1
room-32-4,room-32-32-4-random-3,100,2,pen0.1_step_w10,True,4466,134,2500,735.5,13600,136
room-32-4,room-32-32-4-random-3,100,2,tb_step_w10,True,5464,156,2500,1302.9,16000,160
room-32-4,room-32-32-4-random-3,100,1,tb_step_wall,True,5030,139,2500,1840.4,14300,143
room-32-4,room-32-32-4-random-3,100,2,tb_agent_w10,True,5174,128,2500,1391.8,26594,131
room-32-4,room-32-32-4-random-3,100,2,tb_step_wall,True,5664,144,2500,1955.8,14900,149
room-32-4,room-32-32-4-random-2,200,1,tb_start_w10,False,-1,-1,5290,20000.7,200,1
room-32-4,room-32-32-4-random-3,150,1,vanilla,True,12410,236,3735,161.2,0,0
room-32-4,room-32-32-4-random-3,150,0,tb_step_w10,True,17377,358,3735,2602.1,60300,402
room-32-4,room-32-32-4-random-3,150,1,tb_step_w10,True,15241,275,3735,2222.7,47850,319
room-32-4,room-32-32-4-random-3,150,0,tb_step_wall,True,16450,322,3735,3594.8,51300,342
room-32-4,room-32-32-4-random-3,150,0,tb_agent_w10,True,11088,202,3735,4474.1,65818,212
room-32-4,room-32-32-4-random-3,150,0,pen0.1_step_w10,True,13988,281,3735,3714.8,45000,300
room-32-4,room-32-32-4-random-2,200,2,pen0.1_step_w10,True,63505,755,5290,10615.0,181400,907
room-32-4,room-32-32-4-random-2,200,2,tb_start_w10,True,85166,1034,5290,13757.0,200,1
room-32-4,room-32-32-4-random-3,150,1,tb_agent_w10,True,10968,199,3735,2900.2,62620,204
room-32-4,room-32-32-4-random-2,200,2,tb_step_wall,True,36777,478,5290,13571.5,101400,507
room-32-4,room-32-32-4-random-2,200,2,vanilla,False,-1,-1,5290,20000.5,0,0
room-32-4,room-32-32-4-random-3,150,2,tb_step_w10,True,10792,232,3735,1616.8,36000,240
room-32-4,room-32-32-4-random-3,150,1,tb_step_wall,True,15472,281,3735,3032.2,44100,294
room-32-4,room-32-32-4-random-3,150,2,vanilla,True,74204,2079,3735,2458.2,0,0
room-32-4,room-32-32-4-random-3,200,0,vanilla,True,82161,1795,4986,1311.8,0,0
room-32-4,room-32-32-4-random-3,150,1,pen0.1_step_w10,True,16538,275,3735,4011.3,43350,289
room-32-4,room-32-32-4-random-3,150,2,pen0.1_step_w10,True,10038,183,3735,2433.4,28200,188
room-32-4,room-32-32-4-random-2,200,2,tb_agent_w10,False,-1,-1,5290,20022.8,175421,427
room-32-4,room-32-32-4-random-3,200,1,vanilla,True,66256,1195,4986,1522.8,0,0
room-32-4,room-32-32-4-random-3,200,0,tb_step_w10,True,36951,526,4986,5508.5,111400,557
room-32-4,room-32-32-4-random-3,150,2,tb_agent_w10,True,17427,322,3735,8023.6,108877,349
room-32-4,room-32-32-4-random-3,150,2,tb_step_wall,True,20466,369,3735,7674.9,65850,439
room-32-4,room-32-32-4-random-3,150,0,vanilla,True,809347,17740,3735,15233.5,0,0
room-32-4,room-32-32-4-random-3,200,0,pen0.1_step_w10,True,27867,310,4986,6270.5,64800,324
room-32-4,room-32-32-4-random-3,200,0,tb_agent_w10,True,29019,419,4986,12095.4,185797,449
room-32-4,room-32-32-4-random-3,150,0,tb_start_w10,False,-1,-1,3735,20000.9,150,1
room-32-4,room-32-32-4-random-3,200,1,tb_agent_w10,True,30595,420,4986,7918.1,177141,432
room-32-4,room-32-32-4-random-3,150,1,tb_start_w10,False,-1,-1,3735,20000.4,150,1
room-32-4,room-32-32-4-random-3,200,0,tb_step_wall,True,48730,625,4986,15172.3,134200,671
room-32-4,room-32-32-4-random-3,200,1,pen0.1_step_w10,True,40294,549,4986,9828.3,118600,593
room-32-4,room-32-32-4-random-4,50,0,vanilla,True,2451,124,1493,67.8,0,0
room-32-4,room-32-32-4-random-3,150,2,tb_start_w10,False,-1,-1,3735,20000.6,150,1
room-32-4,room-32-32-4-random-3,200,1,tb_step_wall,True,37133,538,4986,11696.1,115600,578
room-32-4,room-32-32-4-random-4,50,0,tb_step_w10,True,1987,83,1493,519.0,4200,84
room-32-4,room-32-32-4-random-4,50,0,tb_start_w10,True,2390,116,1493,146.9,50,1
room-32-4,room-32-32-4-random-4,50,0,tb_agent_w10,True,1998,83,1493,581.7,8503,84
room-32-4,room-32-32-4-random-4,50,1,vanilla,True,1997,66,1493,25.2,0,0
room-32-4,room-32-32-4-random-4,50,0,pen0.1_step_w10,True,1987,83,1493,539.0,4200,84
room-32-4,room-32-32-4-random-4,50,1,tb_step_w10,True,2001,82,1493,328.3,4150,83
room-32-4,room-32-32-4-random-4,50,1,tb_start_w10,True,2363,111,1493,85.0,50,1
room-32-4,room-32-32-4-random-4,50,0,tb_step_wall,True,2178,88,1493,998.6,4550,91
room-32-4,room-32-32-4-random-4,50,1,tb_step_wall,True,2207,90,1493,630.4,4600,92
room-32-4,room-32-32-4-random-4,50,2,vanilla,True,2134,95,1493,30.1,0,0
room-32-4,room-32-32-4-random-4,50,1,pen0.1_step_w10,True,2001,82,1493,541.6,4150,83
room-32-4,room-32-32-4-random-4,50,1,tb_agent_w10,True,1998,82,1493,928.7,8353,83
room-32-4,room-32-32-4-random-4,50,2,tb_start_w10,True,2349,113,1493,147.1,50,1
room-32-4,room-32-32-4-random-4,50,2,tb_step_w10,True,1994,82,1493,327.6,4150,83
room-32-4,room-32-32-4-random-4,50,2,pen0.1_step_w10,True,1994,82,1493,330.3,4150,83
room-32-4,room-32-32-4-random-4,100,0,vanilla,True,5184,119,2610,67.6,0,0
room-32-4,room-32-32-4-random-3,200,0,tb_start_w10,False,-1,-1,4986,20000.4,200,1
room-32-4,room-32-32-4-random-4,50,2,tb_agent_w10,True,1997,82,1493,931.5,8353,83
room-32-4,room-32-32-4-random-3,200,1,tb_step_w10,True,62664,878,4986,17509.6,222600,1113
room-32-4,room-32-32-4-random-4,50,2,tb_step_wall,True,2225,92,1493,1016.5,4700,94
room-32-4,room-32-32-4-random-4,100,0,tb_start_w10,True,6286,157,2610,568.6,100,1
room-32-4,room-32-32-4-random-4,100,0,tb_step_w10,True,5480,130,2610,843.8,13200,132
room-32-4,room-32-32-4-random-4,100,1,vanilla,True,6643,190,2610,168.5,0,0
room-32-4,room-32-32-4-random-4,100,0,tb_agent_w10,True,4863,117,2610,1424.0,24182,119
room-32-4,room-32-32-4-random-4,100,1,tb_step_w10,True,5814,164,2610,895.4,16800,168
room-32-4,room-32-32-4-random-4,100,1,tb_start_w10,True,7168,192,2610,221.6,100,1
room-32-4,room-32-32-4-random-4,100,0,pen0.1_step_w10,True,4682,114,2610,1263.9,11800,118
room-32-4,room-32-32-4-random-4,100,2,vanilla,True,7355,234,2610,195.2,0,0
room-32-4,room-32-32-4-random-3,200,2,pen0.1_step_w10,True,29150,350,4986,6572.3,73200,366
room-32-4,room-32-32-4-random-4,100,1,pen0.1_step_w10,True,4909,105,2610,775.6,10700,107
room-32-4,room-32-32-4-random-4,100,2,tb_start_w10,True,5606,146,2610,186.8,100,1
room-32-4,room-32-32-4-random-4,100,0,tb_step_wall,True,5795,132,2610,2395.9,13500,135
room-32-4,room-32-32-4-random-3,200,2,tb_step_w10,True,53348,645,4986,11678.9,142600,713
room-32-4,room-32-32-4-random-4,100,1,tb_agent_w10,True,4920,115,2610,2304.7,24033,118
room-32-4,room-32-32-4-random-4,100,2,tb_step_w10,True,5357,128,2610,1324.7,13300,133
room-32-4,room-32-32-4-random-4,100,1,tb_step_wall,True,7117,185,2610,1907.7,19200,192
room-32-4,room-32-32-4-random-4,150,0,vanilla,True,25993,669,3780,699.0,0,0
room-32-4,room-32-32-4-random-4,150,0,tb_start_w10,True,14573,272,3780,376.7,150,1
room-32-4,room-32-32-4-random-4,100,2,pen0.1_step_w10,True,4951,115,2610,1312.2,11600,116
room-32-4,room-32-32-4-random-4,100,2,tb_step_wall,True,5217,129,2610,1382.5,13900,139
room-32-4,room-32-32-4-random-4,100,2,tb_agent_w10,True,4692,104,2610,2161.5,21971,107
room-32-4,room-32-32-4-random-3,200,1,tb_start_w10,False,-1,-1,4986,20000.9,200,1
room-32-4,room-32-32-4-random-4,150,0,pen0.1_step_w10,True,8254,117,3780,1236.9,17850,119
room-32-4,room-32-32-4-random-4,150,1,tb_step_w10,True,13174,263,3780,1880.9,40800,272
room-32-4,room-32-32-4-random-4,150,1,tb_start_w10,True,20748,367,3780,887.8,150,1
room-32-4,room-32-32-4-random-3,200,2,tb_step_wall,True,54868,747,4986,11469.6,169600,848
room-32-4,room-32-32-4-random-4,150,0,tb_step_w10,True,15062,280,3780,3709.1,45000,300
room-32-4,room-32-32-4-random-3,200,2,vanilla,False,-1,-1,4986,20000.6,0,0
room-32-4,room-32-32-4-random-4,150,1,pen0.1_step_w10,True,11261,231,3780,1764.9,36450,243
room-32-4,room-32-32-4-random-4,150,2,tb_start_w10,True,18870,338,3780,747.0,150,1
room-32-4,room-32-32-4-random-4,150,1,tb_agent_w10,True,8609,164,3780,3887.8,53008,172
room-32-4,room-32-32-4-random-4,150,2,tb_step_w10,True,14447,280,3780,2097.4,43800,292
room-32-4,room-32-32-4-random-4,150,1,tb_step_wall,True,18379,335,3780,3923.3,54900,366
room-32-4,room-32-32-4-random-3,200,2,tb_agent_w10,True,39812,513,4986,17742.0,228334,551
room-32-4,room-32-32-4-random-4,200,0,vanilla,True,66543,1346,5209,1665.2,0,0
room-32-4,room-32-32-4-random-4,150,0,tb_step_wall,True,18011,344,3780,6893.5,57300,382
room-32-4,room-32-32-4-random-4,150,2,pen0.1_step_w10,True,9733,194,3780,2782.7,34650,231
room-32-4,room-32-32-4-random-4,150,2,tb_step_wall,True,14947,274,3780,3418.0,44550,297
room-32-4,room-32-32-4-random-4,150,0,tb_agent_w10,True,17932,353,3780,8216.0,112768,364
room-32-4,room-32-32-4-random-3,200,2,tb_start_w10,False,-1,-1,4986,20000.4,200,1
room-32-4,room-32-32-4-random-4,200,0,tb_start_w10,True,53516,774,5209,2333.3,200,1
room-32-4,room-32-32-4-random-4,200,1,tb_start_w10,True,38546,552,5209,920.2,200,1
room-32-4,room-32-32-4-random-4,150,2,tb_agent_w10,True,16989,301,3780,7763.6,99166,319
room-32-4,room-32-32-4-random-4,200,1,pen0.1_step_w10,True,28975,376,5209,4295.5,77800,389
room-32-4,room-32-32-4-random-4,200,0,tb_step_w10,True,57735,735,5209,9192.7,179600,898
room-32-4,room-32-32-4-random-4,200,1,tb_step_w10,True,47552,597,5209,6988.7,137800,689
room-32-4,room-32-32-4-random-4,200,0,pen0.1_step_w10,True,37634,473,5209,8856.3,98000,490
room-32-4,room-32-32-4-random-4,200,2,tb_start_w10,True,106173,1117,5209,1573.5,200,1
room-32-4,room-32-32-4-random-4,200,2,vanilla,True,303609,6734,5209,8097.6,0,0
room-32-4,room-32-32-4-random-5,50,0,vanilla,True,1821,91,1285,53.2,0,0
room-32-4,room-32-32-4-random-5,50,0,tb_step_w10,True,1577,54,1285,412.8,2700,54
room-32-4,room-32-32-4-random-4,200,1,tb_step_wall,True,32985,420,5209,11691.0,89200,446
room-32-4,room-32-32-4-random-4,200,0,tb_step_wall,True,41035,557,5209,13689.0,122600,613
room-32-4,room-32-32-4-random-4,150,1,vanilla,False,-1,-1,3780,20001.1,0,0
room-32-4,room-32-32-4-random-5,50,0,tb_start_w10,True,1781,84,1285,127.6,50,1
room-32-4,room-32-32-4-random-5,50,1,vanilla,True,1806,76,1285,49.6,0,0
room-32-4,room-32-32-4-random-4,200,0,tb_agent_w10,True,53671,700,5209,15225.1,308115,745
room-32-4,room-32-32-4-random-5,50,0,pen0.1_step_w10,True,1577,54,1285,423.1,2700,54
room-32-4,room-32-32-4-random-5,50,0,tb_agent_w10,True,1686,74,1285,766.6,7551,75
room-32-4,room-32-32-4-random-5,50,1,tb_start_w10,True,1952,97,1285,148.5,50,1
room-32-4,room-32-32-4-random-5,50,0,tb_step_wall,True,1612,54,1285,644.4,2700,54
room-32-4,room-32-32-4-random-5,50,2,vanilla,True,2074,102,1285,52.1,0,0
room-32-4,room-32-32-4-random-5,50,1,tb_step_w10,True,1699,72,1285,558.0,3650,73
room-32-4,room-32-32-4-random-5,50,1,tb_agent_w10,True,1691,72,1285,479.8,7352,73
room-32-4,room-32-32-4-random-4,200,2,pen0.1_step_w10,True,32731,430,5209,5040.1,92000,460
room-32-4,room-32-32-4-random-5,50,2,tb_start_w10,True,1866,87,1285,76.5,50,1
room-32-4,room-32-32-4-random-5,50,1,pen0.1_step_w10,True,1699,72,1285,463.4,3650,73
room-32-4,room-32-32-4-random-5,50,2,tb_step_w10,True,1604,60,1285,429.1,3000,60
room-32-4,room-32-32-4-random-5,50,1,tb_step_wall,True,1726,72,1285,683.9,3650,73
room-32-4,room-32-32-4-random-5,50,2,pen0.1_step_w10,True,1604,60,1285,268.3,3000,60
room-32-4,room-32-32-4-random-5,100,0,vanilla,True,6095,197,2641,166.7,0,0
room-32-4,room-32-32-4-random-5,50,2,tb_step_wall,True,1640,60,1285,398.2,3000,60
room-32-4,room-32-32-4-random-5,50,2,tb_agent_w10,True,1741,83,1285,814.2,8600,85
room-32-4,room-32-32-4-random-5,100,0,tb_start_w10,True,7948,260,2641,303.4,100,1
room-32-4,room-32-32-4-random-5,100,1,vanilla,True,7244,216,2641,192.9,0,0
room-32-4,room-32-32-4-random-4,150,2,vanilla,False,-1,-1,3780,20001.3,0,0
room-32-4,room-32-32-4-random-4,200,2,tb_step_w10,True,66504,782,5209,8778.0,169000,845
room-32-4,room-32-32-4-random-5,100,0,pen0.1_step_w10,True,5248,172,2641,907.4,17900,179
room-32-4,room-32-32-4-random-5,100,1,tb_step_w10,True,4714,140,2641,759.4,14900,149
room-32-4,room-32-32-4-random-5,100,2,vanilla,True,6040,202,2641,93.1,0,0
room-32-4,room-32-32-4-random-5,100,1,tb_start_w10,True,7567,216,2641,432.1,100,1
room-32-4,room-32-32-4-random-5,100,0,tb_step_w10,True,5516,204,2641,1477.2,21800,218
room-32-4,room-32-32-4-random-5,100,2,tb_start_w10,True,5070,136,2641,318.7,100,1
room-32-4,room-32-32-4-random-5,100,1,pen0.1_step_w10,True,4958,153,2641,810.4,16000,160
room-32-4,room-32-32-4-random-5,100,2,tb_step_w10,True,4397,139,2641,694.3,14400,144
room-32-4,room-32-32-4-random-5,150,0,vanilla,True,19493,421,3959,243.5,0,0
room-32-4,room-32-32-4-random-5,100,1,tb_step_wall,True,5659,170,2641,1268.8,17500,175
room-32-4,room-32-32-4-random-5,100,0,tb_step_wall,True,5995,184,2641,2253.9,19500,195
room-32-4,room-32-32-4-random-5,100,2,pen0.1_step_w10,True,4564,141,2641,798.9,14900,149
room-32-4,room-32-32-4-random-5,100,1,tb_agent_w10,True,4712,140,2641,2236.2,30749,149
room-32-4,room-32-32-4-random-5,100,0,tb_agent_w10,True,6055,193,2641,2840.6,42758,206
room-32-4,room-32-32-4-random-5,150,0,tb_start_w10,True,15994,342,3959,808.5,150,1
room-32-4,room-32-32-4-random-5,150,1,vanilla,True,23921,594,3959,599.4,0,0
room-32-4,room-32-32-4-random-5,100,2,tb_step_wall,True,4976,139,2641,1940.9,14100,141
room-32-4,room-32-32-4-random-5,100,2,tb_agent_w10,True,5805,179,2641,2799.7,40131,194
room-32-4,room-32-32-4-random-5,150,0,tb_step_w10,True,14471,296,3959,2144.3,45600,304
room-32-4,room-32-32-4-random-5,150,1,tb_start_w10,True,18999,373,3959,768.6,150,1
room-32-4,room-32-32-4-random-4,200,1,tb_agent_w10,True,38026,477,5209,18639.5,218836,530
room-32-4,room-32-32-4-random-4,200,2,tb_step_wall,True,29864,386,5209,10642.2,81400,407
room-32-4,room-32-32-4-random-5,150,0,pen0.1_step_w10,True,8897,159,3959,2274.4,24150,161
room-32-4,room-32-32-4-random-4,200,1,vanilla,False,-1,-1,5209,20001.1,0,0
room-32-4,room-32-32-4-random-5,150,0,tb_agent_w10,True,11882,237,3959,3449.9,82258,258
room-32-4,room-32-32-4-random-5,150,2,tb_start_w10,True,21101,413,3959,891.1,150,1
room-32-4,room-32-32-4-random-5,150,1,pen0.1_step_w10,True,12752,211,3959,1971.1,33300,222
room-32-4,room-32-32-4-random-5,150,1,tb_step_w10,True,13067,269,3959,3251.6,41550,277
room-32-4,room-32-32-4-random-5,150,0,tb_step_wall,True,16750,297,3959,3946.3,49650,331
room-32-4,room-32-32-4-random-5,150,2,pen0.1_step_w10,True,9972,192,3959,1618.0,29100,194
room-32-4,room-32-32-4-random-5,200,0,tb_start_w10,True,45827,630,5123,1069.6,200,1
room-32-4,room-32-32-4-random-5,150,2,tb_step_w10,True,12651,257,3959,3150.5,40350,269
room-32-4,room-32-32-4-random-5,150,1,tb_step_wall,True,10792,205,3959,4350.8,31800,212
room-32-4,room-32-32-4-random-5,150,1,tb_agent_w10,True,12913,213,3959,5872.7,69484,225
room-32-4,room-32-32-4-random-4,200,2,tb_agent_w10,True,55007,719,5209,16904.6,354566,843
room-32-4,room-32-32-4-random-5,150,2,tb_agent_w10,True,13333,228,3959,5778.8,72508,236
room-32-4,room-32-32-4-random-5,200,1,tb_start_w10,True,55830,767,5123,1204.5,200,1
room-32-4,room-32-32-4-random-5,150,2,tb_step_wall,True,14860,318,3959,5453.8,50850,339
room-32-4,room-32-32-4-random-5,200,0,tb_step_w10,True,34185,410,5123,5070.1,88200,441
room-32-4,room-32-32-4-random-5,200,0,tb_step_wall,True,20822,307,5123,4698.7,64000,320
room-32-4,room-32-32-4-random-5,200,0,pen0.1_step_w10,True,36054,453,5123,5456.1,94800,474
room-32-4,room-32-32-4-random-5,200,0,vanilla,True,291497,6079,5123,7328.2,0,0
room-32-4,room-32-32-4-random-5,200,1,tb_step_w10,True,22832,334,5123,5397.7,69800,349
room-32-4,room-32-32-4-random-5,150,2,vanilla,True,566650,10674,3959,9482.3,0,0
maze-32-4,maze-32-32-4-random-1,50,0,vanilla,True,2636,92,2350,55.3,0,0
room-32-4,room-32-32-4-random-5,200,2,tb_start_w10,True,58607,763,5123,1206.2,200,1
room-32-4,room-32-32-4-random-5,200,2,tb_step_w10,True,24180,318,5123,3446.7,66000,330
maze-32-4,maze-32-32-4-random-1,50,0,tb_start_w10,True,2749,98,2350,106.6,50,1
room-32-4,room-32-32-4-random-5,200,1,pen0.1_step_w10,True,27280,352,5123,4126.9,74000,370
maze-32-4,maze-32-32-4-random-1,50,0,tb_step_w10,True,2543,92,2350,711.9,4600,92
maze-32-4,maze-32-32-4-random-1,50,1,vanilla,True,2696,100,2350,65.1,0,0
maze-32-4,maze-32-32-4-random-1,50,0,tb_agent_w10,True,2551,92,2350,791.1,9202,92
maze-32-4,maze-32-32-4-random-1,50,0,pen0.1_step_w10,True,2544,92,2350,446.1,4600,92
maze-32-4,maze-32-32-4-random-1,50,1,tb_start_w10,True,2760,98,2350,104.0,50,1
room-32-4,room-32-32-4-random-5,200,1,vanilla,True,275308,6239,5123,7471.5,0,0
maze-32-4,maze-32-32-4-random-1,50,1,tb_step_w10,True,2547,92,2350,711.4,4600,92
maze-32-4,maze-32-32-4-random-1,50,2,vanilla,True,2666,92,2350,54.5,0,0
maze-32-4,maze-32-32-4-random-1,50,1,tb_agent_w10,True,2555,92,2350,796.8,9206,92
maze-32-4,maze-32-32-4-random-1,50,0,tb_step_wall,True,2570,92,2350,1214.4,4600,92
maze-32-4,maze-32-32-4-random-1,50,2,tb_start_w10,True,2751,98,2350,103.8,50,1
room-32-4,room-32-32-4-random-5,200,2,vanilla,True,199802,4363,5123,5385.8,0,0
maze-32-4,maze-32-32-4-random-1,50,1,pen0.1_step_w10,True,2547,92,2350,792.4,4600,92
maze-32-4,maze-32-32-4-random-1,50,2,tb_step_w10,True,2547,92,2350,699.6,4600,92
maze-32-4,maze-32-32-4-random-1,50,2,tb_agent_w10,True,2540,92,2350,763.1,9201,92
maze-32-4,maze-32-32-4-random-1,50,1,tb_step_wall,True,2568,92,2350,1199.9,4600,92
maze-32-4,maze-32-32-4-random-1,50,2,pen0.1_step_w10,True,2545,92,2350,722.2,4600,92
maze-32-4,maze-32-32-4-random-1,50,2,tb_step_wall,True,2570,92,2350,1209.7,4600,92
maze-32-4,maze-32-32-4-random-1,100,0,vanilla,True,7421,262,4450,1360.3,0,0
maze-32-4,maze-32-32-4-random-1,100,0,tb_step_w10,True,5528,92,4450,1454.7,9200,92
maze-32-4,maze-32-32-4-random-1,100,0,tb_agent_w10,True,5450,98,4450,1664.0,20420,99
room-32-4,room-32-32-4-random-5,200,2,pen0.1_step_w10,True,21679,346,5123,5505.2,71400,357
room-32-4,room-32-32-4-random-5,200,1,tb_agent_w10,True,24028,345,5123,11273.6,161496,386
maze-32-4,maze-32-32-4-random-1,100,1,tb_agent_w10,True,6154,190,4450,3083.0,178097,612
room-32-4,room-32-32-4-random-5,200,2,tb_agent_w10,True,35034,514,5123,9767.7,224449,544
maze-32-4,maze-32-32-4-random-1,100,2,vanilla,True,6151,105,4450,71.0,0,0
maze-32-4,maze-32-32-4-random-1,100,0,tb_step_wall,True,5674,124,4450,5591.9,89300,893
maze-32-4,maze-32-32-4-random-1,100,1,pen0.1_step_w10,True,6138,192,4450,1578.1,34400,344
maze-32-4,maze-32-32-4-random-1,100,1,tb_step_w10,True,6386,209,4450,5148.7,158500,1585
room-32-4,room-32-32-4-random-5,200,1,tb_step_wall,True,33963,463,5123,13429.0,119600,598
room-32-4,room-32-32-4-random-5,200,0,tb_agent_w10,True,39456,558,5123,18866.4,258935,630
maze-32-4,maze-32-32-4-random-1,100,2,tb_agent_w10,True,5509,97,4450,2584.5,19723,98
maze-32-4,maze-32-32-4-random-1,100,1,tb_start_w10,True,6675,238,4450,7080.1,100,1
maze-32-4,maze-32-32-4-random-1,100,2,tb_step_wall,True,5466,92,4450,3813.8,9200,92
room-32-4,room-32-32-4-random-5,200,2,tb_step_wall,True,41285,506,5123,15080.1,123200,616
maze-32-4,maze-32-32-4-random-1,100,0,tb_start_w10,False,-1,-1,4450,20000.4,100,1
maze-32-4,maze-32-32-4-random-1,100,0,pen0.1_step_w10,False,-1,-1,4450,20001.5,820600,8206
maze-32-4,maze-32-32-4-random-1,100,1,vanilla,False,-1,-1,4450,20000.8,0,0
maze-32-4,maze-32-32-4-random-1,100,1,tb_step_wall,False,-1,-1,4450,20000.8,790700,7907
maze-32-4,maze-32-32-4-random-1,100,2,tb_step_w10,False,-1,-1,4450,20000.3,1175700,11757
maze-32-4,maze-32-32-4-random-1,100,2,tb_start_w10,False,-1,-1,4450,20000.3,100,1
maze-32-4,maze-32-32-4-random-1,100,2,pen0.1_step_w10,False,-1,-1,4450,20000.2,439600,4396
maze-32-4,maze-32-32-4-random-1,150,0,vanilla,False,-1,-1,6778,20000.7,0,0
maze-32-4,maze-32-32-4-random-1,150,0,tb_step_w10,False,-1,-1,6778,20000.4,251400,1676
maze-32-4,maze-32-32-4-random-1,150,0,tb_agent_w10,False,-1,-1,6778,20017.5,243009,801
maze-32-4,maze-32-32-4-random-1,150,0,tb_start_w10,False,-1,-1,6778,20001.1,150,1
maze-32-4,maze-32-32-4-random-1,150,0,tb_step_wall,False,-1,-1,6778,20000.3,79050,527
maze-32-4,maze-32-32-4-random-1,150,0,pen0.1_step_w10,False,-1,-1,6778,20000.5,376500,2510
maze-32-4,maze-32-32-4-random-1,150,1,vanilla,False,-1,-1,6778,20000.8,0,0
maze-32-4,maze-32-32-4-random-1,150,1,tb_step_w10,False,-1,-1,6778,20005.9,249900,1666
maze-32-4,maze-32-32-4-random-1,150,1,tb_agent_w10,False,-1,-1,6778,20005.5,243147,797
maze-32-4,maze-32-32-4-random-1,150,1,tb_start_w10,False,-1,-1,6778,20001.0,150,1
maze-32-4,maze-32-32-4-random-1,150,1,tb_step_wall,False,-1,-1,6778,20027.0,89250,595
maze-32-4,maze-32-32-4-random-1,150,1,pen0.1_step_w10,False,-1,-1,6778,20006.6,233700,1558
maze-32-4,maze-32-32-4-random-1,150,2,vanilla,False,-1,-1,6778,20001.1,0,0
maze-32-4,maze-32-32-4-random-1,150,2,tb_step_w10,False,-1,-1,6778,20010.1,246150,1641
maze-32-4,maze-32-32-4-random-1,150,2,tb_agent_w10,False,-1,-1,6778,20006.9,242855,795
maze-32-4,maze-32-32-4-random-1,150,2,tb_start_w10,False,-1,-1,6778,20001.5,150,1
maze-32-4,maze-32-32-4-random-1,150,2,tb_step_wall,False,-1,-1,6778,20002.8,79950,533
maze-32-4,maze-32-32-4-random-1,150,2,pen0.1_step_w10,False,-1,-1,6778,20000.7,392700,2618
maze-32-4,maze-32-32-4-random-1,200,0,vanilla,False,-1,-1,9160,20001.0,0,0
maze-32-4,maze-32-32-4-random-1,200,0,tb_step_w10,False,-1,-1,9160,20004.2,244600,1223
maze-32-4,maze-32-32-4-random-1,200,0,tb_agent_w10,False,-1,-1,9160,20012.2,222852,552
maze-32-4,maze-32-32-4-random-1,200,0,tb_start_w10,False,-1,-1,9160,20001.1,200,1
maze-32-4,maze-32-32-4-random-1,200,0,tb_step_wall,False,-1,-1,9160,20019.3,67600,338
maze-32-4,maze-32-32-4-random-1,200,0,pen0.1_step_w10,False,-1,-1,9160,20010.7,217200,1086
maze-32-4,maze-32-32-4-random-1,200,1,vanilla,False,-1,-1,9160,20000.7,0,0
maze-32-4,maze-32-32-4-random-2,50,0,vanilla,True,2732,96,2225,60.2,0,0
maze-32-4,maze-32-32-4-random-1,200,1,tb_step_w10,False,-1,-1,9160,20002.7,239800,1199
maze-32-4,maze-32-32-4-random-1,200,1,tb_agent_w10,False,-1,-1,9160,20029.4,215733,537
maze-32-4,maze-32-32-4-random-2,50,0,tb_step_w10,True,3774,204,2225,1628.4,19600,392
maze-32-4,maze-32-32-4-random-1,200,1,tb_start_w10,False,-1,-1,9160,20001.4,200,1
maze-32-4,maze-32-32-4-random-2,50,0,tb_start_w10,True,9567,545,2225,860.1,50,1
maze-32-4,maze-32-32-4-random-2,50,0,tb_step_wall,True,2570,96,2225,1726.2,4950,99
maze-32-4,maze-32-32-4-random-1,200,1,tb_step_wall,False,-1,-1,9160,20014.5,66600,333
maze-32-4,maze-32-32-4-random-2,50,0,pen0.1_step_w10,True,3774,204,2225,1779.3,19600,392
maze-32-4,maze-32-32-4-random-2,50,1,tb_start_w10,True,5956,304,2225,682.5,50,1
maze-32-4,maze-32-32-4-random-2,50,0,tb_agent_w10,True,4619,292,2225,4567.2,119387,940
maze-32-4,maze-32-32-4-random-2,50,1,tb_step_w10,True,4434,254,2225,2665.3,29150,583
maze-32-4,maze-32-32-4-random-2,50,1,tb_step_wall,True,2569,96,2225,1690.1,5300,106
maze-32-4,maze-32-32-4-random-2,50,1,pen0.1_step_w10,True,4434,254,2225,1467.3,29150,583
maze-32-4,maze-32-32-4-random-2,50,2,tb_agent_w10,True,3321,153,2225,1295.9,23642,197
maze-32-4,maze-32-32-4-random-2,50,2,tb_start_w10,True,3013,123,2225,117.0,50,1
maze-32-4,maze-32-32-4-random-2,50,2,tb_step_w10,True,4410,289,2225,2340.6,29450,589
maze-32-4,maze-32-32-4-random-2,50,1,tb_agent_w10,True,4999,306,2225,6009.7,96422,810
maze-32-4,maze-32-32-4-random-2,50,2,pen0.1_step_w10,True,4410,289,2225,2398.9,29450,589
maze-32-4,maze-32-32-4-random-2,50,2,tb_step_wall,True,4199,262,2225,3443.6,34850,697
maze-32-4,maze-32-32-4-random-1,200,1,pen0.1_step_w10,False,-1,-1,9160,20000.9,373600,1868
maze-32-4,maze-32-32-4-random-1,200,2,vanilla,False,-1,-1,9160,20000.9,0,0
maze-32-4,maze-32-32-4-random-1,200,2,tb_step_w10,False,-1,-1,9160,20000.9,231200,1156
maze-32-4,maze-32-32-4-random-2,50,1,vanilla,True,15413,1256,2225,11395.2,0,0
maze-32-4,maze-32-32-4-random-2,100,0,pen0.1_step_w10,True,5259,99,4148,1451.9,9900,99
maze-32-4,maze-32-32-4-random-1,200,2,tb_agent_w10,False,-1,-1,9160,20023.2,215339,535
maze-32-4,maze-32-32-4-random-2,100,1,tb_step_w10,True,5191,91,4148,1648.3,9100,91
maze-32-4,maze-32-32-4-random-1,200,2,tb_start_w10,False,-1,-1,9160,20000.7,200,1
maze-32-4,maze-32-32-4-random-1,200,2,tb_step_wall,False,-1,-1,9160,20014.5,67400,337
maze-32-4,maze-32-32-4-random-1,200,2,pen0.1_step_w10,False,-1,-1,9160,20015.1,225400,1127
maze-32-4,maze-32-32-4-random-2,100,1,pen0.1_step_w10,True,5304,98,4148,1424.0,9800,98
maze-32-4,maze-32-32-4-random-2,50,2,vanilla,False,-1,-1,2225,20000.7,0,0
maze-32-4,maze-32-32-4-random-2,100,0,vanilla,False,-1,-1,4148,20000.8,0,0
maze-32-4,maze-32-32-4-random-2,100,0,tb_step_w10,False,-1,-1,4148,20001.4,844900,8449
maze-32-4,maze-32-32-4-random-2,100,0,tb_agent_w10,False,-1,-1,4148,20000.4,2941230,10827
maze-32-4,maze-32-32-4-random-2,100,0,tb_start_w10,False,-1,-1,4148,20000.7,100,1
maze-32-4,maze-32-32-4-random-2,100,0,tb_step_wall,False,-1,-1,4148,20000.7,1231700,12317
maze-32-4,maze-32-32-4-random-2,100,2,pen0.1_step_w10,True,5427,108,4148,928.7,10800,108
maze-32-4,maze-32-32-4-random-2,100,1,vanilla,False,-1,-1,4148,20000.4,0,0
maze-32-4,maze-32-32-4-random-2,100,1,tb_agent_w10,False,-1,-1,4148,20000.7,1354845,4369
maze-32-4,maze-32-32-4-random-2,100,1,tb_start_w10,False,-1,-1,4148,20000.4,100,1
maze-32-4,maze-32-32-4-random-2,100,1,tb_step_wall,False,-1,-1,4148,20000.4,1236300,12363
maze-32-4,maze-32-32-4-random-2,100,2,vanilla,False,-1,-1,4148,20000.8,0,0
maze-32-4,maze-32-32-4-random-2,100,2,tb_step_w10,False,-1,-1,4148,20001.0,828600,8286
maze-32-4,maze-32-32-4-random-2,100,2,tb_agent_w10,False,-1,-1,4148,20002.8,415681,1579
maze-32-4,maze-32-32-4-random-2,100,2,tb_start_w10,False,-1,-1,4148,20004.6,100,1
maze-32-4,maze-32-32-4-random-2,100,2,tb_step_wall,False,-1,-1,4148,20001.9,580100,5801
maze-32-4,maze-32-32-4-random-2,150,0,vanilla,False,-1,-1,6327,20001.3,0,0
maze-32-4,maze-32-32-4-random-2,150,0,tb_step_w10,False,-1,-1,6327,20004.6,507450,3383
maze-32-4,maze-32-32-4-random-2,150,0,tb_agent_w10,False,-1,-1,6327,20008.5,517281,1705
maze-32-4,maze-32-32-4-random-2,150,0,tb_start_w10,False,-1,-1,6327,20000.9,150,1
maze-32-4,maze-32-32-4-random-2,150,0,tb_step_wall,False,-1,-1,6327,20005.0,114300,762
maze-32-4,maze-32-32-4-random-2,150,0,pen0.1_step_w10,False,-1,-1,6327,20006.6,277500,1850
maze-32-4,maze-32-32-4-random-2,150,1,vanilla,False,-1,-1,6327,20000.9,0,0
maze-32-4,maze-32-32-4-random-2,150,1,tb_step_w10,False,-1,-1,6327,20002.0,302850,2019
maze-32-4,maze-32-32-4-random-2,150,1,tb_agent_w10,False,-1,-1,6327,20003.4,295101,967
maze-32-4,maze-32-32-4-random-2,150,1,tb_start_w10,False,-1,-1,6327,20000.8,150,1
maze-32-4,maze-32-32-4-random-2,150,1,tb_step_wall,False,-1,-1,6327,20005.4,202800,1352
maze-32-4,maze-32-32-4-random-2,150,1,pen0.1_step_w10,False,-1,-1,6327,20003.1,517800,3452
maze-32-4,maze-32-32-4-random-2,150,2,vanilla,False,-1,-1,6327,20000.9,0,0
maze-32-4,maze-32-32-4-random-2,150,2,tb_step_w10,False,-1,-1,6327,20002.5,538800,3592
maze-32-4,maze-32-32-4-random-2,150,2,tb_agent_w10,False,-1,-1,6327,20004.3,501351,1630
maze-32-4,maze-32-32-4-random-2,150,2,tb_start_w10,False,-1,-1,6327,20000.7,150,1
maze-32-4,maze-32-32-4-random-2,150,2,tb_step_wall,False,-1,-1,6327,20014.7,113700,758
maze-32-4,maze-32-32-4-random-2,150,2,pen0.1_step_w10,False,-1,-1,6327,20007.6,289650,1931
maze-32-4,maze-32-32-4-random-2,200,0,vanilla,False,-1,-1,8435,20000.9,0,0
maze-32-4,maze-32-32-4-random-2,200,0,tb_step_w10,False,-1,-1,8435,20008.6,276800,1384
maze-32-4,maze-32-32-4-random-2,200,0,tb_agent_w10,False,-1,-1,8435,20003.5,243595,606
maze-32-4,maze-32-32-4-random-2,200,0,tb_start_w10,False,-1,-1,8435,20000.4,200,1
maze-32-4,maze-32-32-4-random-2,200,0,tb_step_wall,False,-1,-1,8435,20016.6,114600,573
maze-32-4,maze-32-32-4-random-2,200,0,pen0.1_step_w10,False,-1,-1,8435,20005.3,382400,1912
maze-32-4,maze-32-32-4-random-2,200,1,vanilla,False,-1,-1,8435,20001.6,0,0
maze-32-4,maze-32-32-4-random-3,50,0,vanilla,True,2386,103,2101,61.4,0,0
maze-32-4,maze-32-32-4-random-2,200,1,tb_step_w10,False,-1,-1,8435,20001.6,322400,1612
maze-32-4,maze-32-32-4-random-2,200,1,tb_agent_w10,False,-1,-1,8435,20014.0,474885,1181
maze-32-4,maze-32-32-4-random-3,50,0,tb_start_w10,True,2465,108,2101,103.6,50,1
maze-32-4,maze-32-32-4-random-3,50,0,tb_step_w10,True,2255,103,2101,647.7,5150,103
maze-32-4,maze-32-32-4-random-3,50,0,pen0.1_step_w10,True,2253,103,2101,669.9,5150,103
maze-32-4,maze-32-32-4-random-3,50,1,vanilla,True,2394,103,2101,61.9,0,0
maze-32-4,maze-32-32-4-random-3,50,0,tb_agent_w10,True,2244,103,2101,1119.1,10302,103
maze-32-4,maze-32-32-4-random-3,50,0,tb_step_wall,True,2276,103,2101,995.2,5150,103
maze-32-4,maze-32-32-4-random-3,50,1,tb_start_w10,True,2472,108,2101,105.5,50,1
maze-32-4,maze-32-32-4-random-3,50,1,tb_step_w10,True,2256,103,2101,645.9,5150,103
maze-32-4,maze-32-32-4-random-2,200,1,tb_start_w10,False,-1,-1,8435,20000.4,200,1
maze-32-4,maze-32-32-4-random-3,50,2,vanilla,True,2365,103,2101,62.5,0,0
maze-32-4,maze-32-32-4-random-3,50,1,tb_agent_w10,True,2246,103,2101,1121.6,10301,103
maze-32-4,maze-32-32-4-random-3,50,1,tb_step_wall,True,2271,103,2101,1017.9,5150,103
maze-32-4,maze-32-32-4-random-3,50,1,pen0.1_step_w10,True,2253,103,2101,672.0,5150,103
maze-32-4,maze-32-32-4-random-3,50,2,tb_start_w10,True,2478,109,2101,106.5,50,1
maze-32-4,maze-32-32-4-random-3,50,2,tb_step_w10,True,2252,103,2101,647.8,5150,103
maze-32-4,maze-32-32-4-random-3,100,0,vanilla,True,5567,103,4302,126.4,0,0
maze-32-4,maze-32-32-4-random-3,50,2,pen0.1_step_w10,True,2250,103,2101,415.2,5150,103
maze-32-4,maze-32-32-4-random-3,50,2,tb_agent_w10,True,2246,103,2101,1119.4,10302,103
maze-32-4,maze-32-32-4-random-2,200,1,tb_step_wall,False,-1,-1,8435,20017.0,90000,450
maze-32-4,maze-32-32-4-random-3,100,0,tb_start_w10,True,6210,146,4302,428.3,100,1
maze-32-4,maze-32-32-4-random-3,50,2,tb_step_wall,True,2276,103,2101,1614.0,5150,103
maze-32-4,maze-32-32-4-random-2,200,1,pen0.1_step_w10,False,-1,-1,8435,20004.6,248000,1240
maze-32-4,maze-32-32-4-random-3,100,0,tb_step_w10,True,5189,103,4302,1400.1,10300,103
maze-32-4,maze-32-32-4-random-3,100,1,vanilla,True,5666,103,4302,125.3,0,0
maze-32-4,maze-32-32-4-random-2,200,2,vanilla,False,-1,-1,8435,20000.9,0,0
maze-32-4,maze-32-32-4-random-3,100,0,tb_agent_w10,True,5190,103,4302,1519.3,20611,103
maze-32-4,maze-32-32-4-random-3,100,1,tb_start_w10,True,5934,130,4302,410.4,100,1
maze-32-4,maze-32-32-4-random-3,100,1,pen0.1_step_w10,True,5158,103,4302,895.8,10300,103
maze-32-4,maze-32-32-4-random-3,100,0,pen0.1_step_w10,True,5192,103,4302,1438.4,10300,103
maze-32-4,maze-32-32-4-random-3,100,1,tb_step_w10,True,5138,103,4302,1409.8,10300,103
maze-32-4,maze-32-32-4-random-3,100,2,tb_step_w10,True,5197,103,4302,861.7,10300,103
maze-32-4,maze-32-32-4-random-3,100,1,tb_step_wall,True,5194,103,4302,2100.8,10300,103
maze-32-4,maze-32-32-4-random-3,100,1,tb_agent_w10,True,5135,103,4302,2457.5,20611,103
maze-32-4,maze-32-32-4-random-3,150,0,vanilla,True,10181,106,6394,189.8,0,0
maze-32-4,maze-32-32-4-random-3,100,0,tb_step_wall,True,5199,103,4302,3445.6,10300,103
maze-32-4,maze-32-32-4-random-2,200,2,tb_step_w10,False,-1,-1,8435,20004.8,282200,1411
maze-32-4,maze-32-32-4-random-3,100,2,pen0.1_step_w10,True,5217,103,4302,874.3,10300,103
maze-32-4,maze-32-32-4-random-2,200,2,tb_agent_w10,False,-1,-1,8435,20016.7,252039,625
maze-32-4,maze-32-32-4-random-3,100,2,tb_agent_w10,True,5122,103,4302,2469.8,20613,103
maze-32-4,maze-32-32-4-random-3,100,2,tb_step_wall,True,5171,103,4302,2151.4,10300,103
maze-32-4,maze-32-32-4-random-3,150,0,tb_step_wall,True,9033,103,6394,3482.5,15450,103
maze-32-4,maze-32-32-4-random-3,150,0,tb_agent_w10,True,8810,103,6394,4113.7,30982,103
maze-32-4,maze-32-32-4-random-3,150,1,tb_agent_w10,True,8811,103,6394,2499.4,30967,103
maze-32-4,maze-32-32-4-random-2,200,2,tb_start_w10,False,-1,-1,8435,20001.1,200,1
maze-32-4,maze-32-32-4-random-3,150,0,pen0.1_step_w10,True,13968,470,6394,7385.1,114900,766
maze-32-4,maze-32-32-4-random-3,150,0,tb_step_w10,True,19146,700,6394,8660.9,167700,1118
maze-32-4,maze-32-32-4-random-3,150,1,tb_step_wall,True,8925,103,6394,3799.2,15450,103
maze-32-4,maze-32-32-4-random-3,150,2,vanilla,True,34218,1319,6394,2423.0,0,0
maze-32-4,maze-32-32-4-random-2,200,2,tb_step_wall,False,-1,-1,8435,20006.2,88200,441
maze-32-4,maze-32-32-4-random-2,200,2,pen0.1_step_w10,False,-1,-1,8435,20001.1,400000,2000
maze-32-4,maze-32-32-4-random-3,150,1,pen0.1_step_w10,True,12107,356,6394,5788.7,160200,1068
maze-32-4,maze-32-32-4-random-3,150,0,tb_start_w10,True,50853,1323,6394,13855.2,150,1
maze-32-4,maze-32-32-4-random-3,150,2,tb_agent_w10,True,8867,103,6394,4070.6,30963,103
maze-32-4,maze-32-32-4-random-3,150,1,tb_step_w10,True,31637,1253,6394,13699.0,476400,3176
maze-32-4,maze-32-32-4-random-3,150,2,tb_step_w10,True,19214,705,6394,6560.5,204150,1361
maze-32-4,maze-32-32-4-random-3,150,1,tb_start_w10,True,38386,942,6394,11250.8,150,1
maze-32-4,maze-32-32-4-random-3,150,2,tb_step_wall,True,8804,103,6394,5649.9,15450,103
maze-32-4,maze-32-32-4-random-3,100,2,vanilla,False,-1,-1,4302,20001.1,0,0
maze-32-4,maze-32-32-4-random-3,100,2,tb_start_w10,False,-1,-1,4302,20001.0,100,1
maze-32-4,maze-32-32-4-random-3,150,1,vanilla,False,-1,-1,6394,20000.5,0,0
maze-32-4,maze-32-32-4-random-3,150,2,tb_start_w10,False,-1,-1,6394,20001.2,150,1
maze-32-4,maze-32-32-4-random-3,150,2,pen0.1_step_w10,False,-1,-1,6394,20001.2,615300,4102
maze-32-4,maze-32-32-4-random-3,200,0,vanilla,False,-1,-1,8656,20001.7,0,0
maze-32-4,maze-32-32-4-random-3,200,0,tb_step_w10,False,-1,-1,8656,20002.0,418000,2090
maze-32-4,maze-32-32-4-random-3,200,0,tb_agent_w10,False,-1,-1,8656,20007.5,340339,821
maze-32-4,maze-32-32-4-random-3,200,0,tb_start_w10,False,-1,-1,8656,20000.8,200,1
maze-32-4,maze-32-32-4-random-3,200,0,tb_step_wall,False,-1,-1,8656,20007.0,182800,914
maze-32-4,maze-32-32-4-random-3,200,0,pen0.1_step_w10,False,-1,-1,8656,20000.9,366800,1834
maze-32-4,maze-32-32-4-random-3,200,1,vanilla,False,-1,-1,8656,20000.6,0,0
maze-32-4,maze-32-32-4-random-4,50,0,vanilla,True,2450,95,2045,52.1,0,0
maze-32-4,maze-32-32-4-random-4,50,0,tb_step_w10,True,2264,95,2045,648.5,4750,95
maze-32-4,maze-32-32-4-random-3,200,1,tb_step_w10,False,-1,-1,8656,20008.1,365000,1825
maze-32-4,maze-32-32-4-random-4,50,0,tb_start_w10,True,2430,97,2045,174.9,50,1
maze-32-4,maze-32-32-4-random-4,50,0,tb_agent_w10,True,2258,95,2045,1125.2,9503,95
maze-32-4,maze-32-32-4-random-3,200,1,tb_agent_w10,False,-1,-1,8656,20012.8,269255,667
maze-32-4,maze-32-32-4-random-4,50,1,vanilla,True,2478,97,2045,56.0,0,0
maze-32-4,maze-32-32-4-random-4,50,0,pen0.1_step_w10,True,2268,95,2045,669.9,4750,95
maze-32-4,maze-32-32-4-random-4,50,1,tb_step_w10,True,2262,95,2045,644.6,4750,95
maze-32-4,maze-32-32-4-random-4,50,1,tb_start_w10,True,2423,96,2045,174.2,50,1
maze-32-4,maze-32-32-4-random-4,50,0,tb_step_wall,True,2283,95,2045,1727.3,4750,95
maze-32-4,maze-32-32-4-random-4,50,1,tb_agent_w10,True,2256,95,2045,1137.1,9503,95
maze-32-4,maze-32-32-4-random-4,50,2,vanilla,True,2368,95,2045,52.6,0,0
maze-32-4,maze-32-32-4-random-4,50,1,pen0.1_step_w10,True,2262,95,2045,669.7,4750,95
maze-32-4,maze-32-32-4-random-4,50,2,tb_step_w10,True,2262,95,2045,649.5,4750,95
maze-32-4,maze-32-32-4-random-4,50,2,tb_start_w10,True,2433,96,2045,172.5,50,1
maze-32-4,maze-32-32-4-random-3,200,1,tb_start_w10,False,-1,-1,8656,20000.9,200,1
maze-32-4,maze-32-32-4-random-4,50,1,tb_step_wall,True,2287,95,2045,1721.1,4750,95
maze-32-4,maze-32-32-4-random-4,100,0,vanilla,True,5046,97,3881,111.5,0,0
maze-32-4,maze-32-32-4-random-4,50,2,tb_agent_w10,True,2260,95,2045,1138.2,9503,95
maze-32-4,maze-32-32-4-random-4,50,2,pen0.1_step_w10,True,2262,95,2045,659.3,4750,95
maze-32-4,maze-32-32-4-random-4,100,0,tb_start_w10,True,5829,145,3881,411.7,100,1
maze-32-4,maze-32-32-4-random-4,50,2,tb_step_wall,True,2285,95,2045,1711.0,4750,95
maze-32-4,maze-32-32-4-random-4,100,0,tb_step_w10,True,4609,95,3881,1273.3,9500,95
maze-32-4,maze-32-32-4-random-4,100,1,vanilla,True,4976,95,3881,110.6,0,0
maze-32-4,maze-32-32-4-random-4,100,0,tb_agent_w10,True,4616,95,3881,2234.2,19005,95
maze-32-4,maze-32-32-4-random-4,100,0,pen0.1_step_w10,True,4617,95,3881,1309.0,9500,95
maze-32-4,maze-32-32-4-random-4,100,1,tb_step_w10,True,4603,95,3881,1267.1,9500,95
maze-32-4,maze-32-32-4-random-4,100,1,tb_start_w10,True,5447,129,3881,434.4,100,1
maze-32-4,maze-32-32-4-random-4,100,0,tb_step_wall,True,4672,95,3881,3098.3,9500,95
maze-32-4,maze-32-32-4-random-4,100,2,vanilla,True,5011,95,3881,110.9,0,0
maze-32-4,maze-32-32-4-random-4,100,1,pen0.1_step_w10,True,4601,95,3881,1308.4,9500,95
maze-32-4,maze-32-32-4-random-4,100,1,tb_agent_w10,True,4627,95,3881,2234.2,19004,95
maze-32-4,maze-32-32-4-random-4,100,2,tb_start_w10,True,5429,129,3881,449.4,100,1
maze-32-4,maze-32-32-4-random-4,100,2,tb_step_w10,True,4669,95,3881,1271.7,9500,95
maze-32-4,maze-32-32-4-random-4,100,1,tb_step_wall,True,4672,95,3881,3112.8,9500,95
maze-32-4,maze-32-32-4-random-4,150,0,vanilla,True,8882,95,5995,169.3,0,0
maze-32-4,maze-32-32-4-random-4,100,2,tb_agent_w10,True,4625,95,3881,2200.6,19005,95
maze-32-4,maze-32-32-4-random-4,100,2,pen0.1_step_w10,True,4656,95,3881,1313.8,9500,95
maze-32-4,maze-32-32-4-random-4,150,0,tb_start_w10,True,11019,229,5995,803.2,150,1
maze-32-4,maze-32-32-4-random-4,100,2,tb_step_wall,True,4694,95,3881,3167.2,9500,95
maze-32-4,maze-32-32-4-random-4,150,0,tb_step_w10,True,7830,95,5995,2060.7,14250,95
maze-32-4,maze-32-32-4-random-4,150,1,vanilla,True,8589,99,5995,173.0,0,0
maze-32-4,maze-32-32-4-random-3,200,1,tb_step_wall,False,-1,-1,8656,20008.1,184800,924
maze-32-4,maze-32-32-4-random-4,150,0,tb_agent_w10,True,7718,95,5995,3553.4,28526,95
maze-32-4,maze-32-32-4-random-3,200,1,pen0.1_step_w10,False,-1,-1,8656,20001.0,1075000,5375
maze-32-4,maze-32-32-4-random-4,150,0,pen0.1_step_w10,True,8310,95,5995,2228.6,14250,95
maze-32-4,maze-32-32-4-random-4,150,1,tb_step_w10,True,7943,97,5995,2091.0,14550,97
maze-32-4,maze-32-32-4-random-4,150,2,vanilla,True,8873,95,5995,170.3,0,0
maze-32-4,maze-32-32-4-random-4,150,1,tb_agent_w10,True,7708,95,5995,2209.3,28532,95
maze-32-4,maze-32-32-4-random-3,200,2,vanilla,False,-1,-1,8656,20000.3,0,0
maze-32-4,maze-32-32-4-random-4,150,1,tb_start_w10,True,10200,193,5995,1200.5,150,1
maze-32-4,maze-32-32-4-random-4,150,2,tb_start_w10,True,9947,177,5995,803.7,150,1
maze-32-4,maze-32-32-4-random-3,200,2,tb_step_w10,False,-1,-1,8656,20001.1,366600,1833
maze-32-4,maze-32-32-4-random-4,150,0,tb_step_wall,True,7852,95,5995,5117.0,14250,95
maze-32-4,maze-32-32-4-random-4,150,1,pen0.1_step_w10,True,7809,105,5995,2150.2,15750,105
maze-32-4,maze-32-32-4-random-3,200,2,tb_agent_w10,False,-1,-1,8656,20020.0,274168,682
maze-32-4,maze-32-32-4-random-4,150,2,tb_step_w10,True,7924,95,5995,2069.4,14250,95
maze-32-4,maze-32-32-4-random-4,150,2,tb_agent_w10,True,7793,95,5995,2219.2,28533,95
maze-32-4,maze-32-32-4-random-4,150,1,tb_step_wall,True,7779,95,5995,3040.2,14250,95
maze-32-4,maze-32-32-4-random-3,200,2,tb_start_w10,False,-1,-1,8656,20001.1,200,1
maze-32-4,maze-32-32-4-random-3,200,2,tb_step_wall,False,-1,-1,8656,20008.8,293000,1465
maze-32-4,maze-32-32-4-random-3,200,2,pen0.1_step_w10,False,-1,-1,8656,20001.2,281400,1407
maze-32-4,maze-32-32-4-random-4,150,2,pen0.1_step_w10,True,7966,105,5995,2162.5,15750,105
maze-32-4,maze-32-32-4-random-4,150,2,tb_step_wall,True,7936,95,5995,4984.8,14250,95
maze-32-4,maze-32-32-4-random-4,200,0,vanilla,False,-1,-1,8050,20001.5,0,0
maze-32-4,maze-32-32-4-random-4,200,0,tb_step_w10,False,-1,-1,8050,20007.0,355000,1775
maze-32-4,maze-32-32-4-random-4,200,0,tb_agent_w10,False,-1,-1,8050,20008.5,333494,824
maze-32-4,maze-32-32-4-random-4,200,0,tb_start_w10,False,-1,-1,8050,20000.9,200,1
maze-32-4,maze-32-32-4-random-4,200,0,tb_step_wall,False,-1,-1,8050,20005.9,118800,594
maze-32-4,maze-32-32-4-random-4,200,1,vanilla,False,-1,-1,8050,20000.8,0,0
maze-32-4,maze-32-32-4-random-4,200,1,tb_step_w10,False,-1,-1,8050,20004.3,626800,3134
maze-32-4,maze-32-32-4-random-4,200,0,pen0.1_step_w10,False,-1,-1,8050,20180.7,547400,2737
maze-32-4,maze-32-32-4-random-5,50,0,vanilla,True,2734,98,2323,61.4,0,0
maze-32-4,maze-32-32-4-random-4,200,1,tb_agent_w10,False,-1,-1,8050,20000.5,587826,1442
maze-32-4,maze-32-32-4-random-5,50,0,tb_start_w10,True,2791,109,2323,108.4,50,1
maze-32-4,maze-32-32-4-random-5,50,0,tb_step_w10,True,2651,106,2323,444.0,5300,106
maze-32-4,maze-32-32-4-random-4,200,1,tb_start_w10,False,-1,-1,8050,20001.8,200,1
maze-32-4,maze-32-32-4-random-5,50,1,vanilla,True,2711,98,2323,63.9,0,0
maze-32-4,maze-32-32-4-random-5,50,0,pen0.1_step_w10,True,2570,98,2323,452.4,4900,98
maze-32-4,maze-32-32-4-random-4,200,1,tb_step_wall,False,-1,-1,8050,20020.8,110000,550
maze-32-4,maze-32-32-4-random-5,50,1,tb_start_w10,True,2798,109,2323,182.9,50,1
maze-32-4,maze-32-32-4-random-5,50,0,tb_agent_w10,True,2563,98,2323,1227.9,9800,98
maze-32-4,maze-32-32-4-random-5,50,1,tb_step_w10,True,2643,101,2323,719.8,5050,101
maze-32-4,maze-32-32-4-random-5,50,0,tb_step_wall,True,2570,98,2323,1182.7,4900,98
maze-32-4,maze-32-32-4-random-5,50,2,vanilla,True,2749,98,2323,63.4,0,0
maze-32-4,maze-32-32-4-random-5,50,1,tb_agent_w10,True,2572,98,2323,775.9,9800,98
maze-32-4,maze-32-32-4-random-5,50,2,tb_start_w10,True,2784,111,2323,107.2,50,1
maze-32-4,maze-32-32-4-random-5,50,2,tb_step_w10,True,2644,102,2323,440.9,5100,102
maze-32-4,maze-32-32-4-random-5,50,1,pen0.1_step_w10,True,2566,98,2323,725.6,4900,98
maze-32-4,maze-32-32-4-random-5,100,0,vanilla,True,6002,108,4353,140.5,0,0
maze-32-4,maze-32-32-4-random-5,50,2,pen0.1_step_w10,True,2586,98,2323,446.2,4900,98
maze-32-4,maze-32-32-4-random-5,50,2,tb_agent_w10,True,2563,98,2323,1231.4,9800,98
maze-32-4,maze-32-32-4-random-5,50,2,tb_step_wall,True,2572,98,2323,1160.0,4900,98
maze-32-4,maze-32-32-4-random-4,200,1,pen0.1_step_w10,False,-1,-1,8050,20001.3,332400,1662
maze-32-4,maze-32-32-4-random-5,50,1,tb_step_wall,True,2586,98,2323,1883.0,4900,98
maze-32-4,maze-32-32-4-random-5,100,0,tb_start_w10,True,5947,134,4353,386.1,100,1
maze-32-4,maze-32-32-4-random-5,100,1,vanilla,True,5900,98,4353,114.1,0,0
maze-32-4,maze-32-32-4-random-5,100,0,tb_step_w10,True,5405,98,4353,1407.7,9800,98
maze-32-4,maze-32-32-4-random-5,100,0,tb_agent_w10,True,5378,98,4353,1577.0,19608,98
maze-32-4,maze-32-32-4-random-5,100,1,tb_start_w10,True,5978,130,4353,406.2,100,1
maze-32-4,maze-32-32-4-random-5,100,0,pen0.1_step_w10,True,5566,98,4353,1523.8,9800,98
maze-32-4,maze-32-32-4-random-5,100,1,tb_step_w10,True,5370,98,4353,1417.9,9800,98
maze-32-4,maze-32-32-4-random-5,100,2,vanilla,True,5972,99,4353,120.2,0,0
maze-32-4,maze-32-32-4-random-5,100,0,tb_step_wall,True,5418,98,4353,2233.3,9800,98
maze-32-4,maze-32-32-4-random-5,100,1,pen0.1_step_w10,True,5509,98,4353,1485.0,9800,98
maze-32-4,maze-32-32-4-random-5,100,1,tb_agent_w10,True,5373,98,4353,2548.4,19607,98
maze-32-4,maze-32-32-4-random-5,100,1,tb_step_wall,True,5456,98,4353,2272.4,9800,98
maze-32-4,maze-32-32-4-random-5,100,2,tb_step_w10,True,5455,109,4353,1611.0,11100,111
maze-32-4,maze-32-32-4-random-5,150,0,vanilla,True,10495,121,6464,204.8,0,0
maze-32-4,maze-32-32-4-random-5,100,2,tb_agent_w10,True,5401,98,4353,2536.0,19610,98
maze-32-4,maze-32-32-4-random-5,100,2,pen0.1_step_w10,True,5583,109,4353,1560.2,11400,114
maze-32-4,maze-32-32-4-random-5,150,0,tb_start_w10,True,10911,182,6464,1400.1,150,1
maze-32-4,maze-32-32-4-random-5,100,2,tb_step_wall,True,5584,115,4353,3694.7,12400,124
maze-32-4,maze-32-32-4-random-4,200,2,vanilla,False,-1,-1,8050,20000.6,0,0
maze-32-4,maze-32-32-4-random-4,200,2,tb_step_w10,False,-1,-1,8050,20003.6,364600,1823
maze-32-4,maze-32-32-4-random-4,200,2,tb_agent_w10,False,-1,-1,8050,20002.3,331239,805
maze-32-4,maze-32-32-4-random-4,200,2,tb_start_w10,False,-1,-1,8050,20000.8,200,1
maze-32-4,maze-32-32-4-random-4,200,2,tb_step_wall,False,-1,-1,8050,20001.4,114600,573
maze-32-4,maze-32-32-4-random-4,200,2,pen0.1_step_w10,False,-1,-1,8050,20006.1,581000,2905
maze-32-4,maze-32-32-4-random-5,150,2,vanilla,True,10757,121,6464,176.5,0,0
maze-32-4,maze-32-32-4-random-5,150,1,pen0.1_step_w10,True,9459,123,6464,2521.6,18450,123
maze-32-4,maze-32-32-4-random-5,100,2,tb_start_w10,False,-1,-1,4353,20000.5,100,1
maze-32-4,maze-32-32-4-random-5,150,0,tb_step_w10,False,-1,-1,6464,20001.9,970650,6471
maze-32-4,maze-32-32-4-random-5,150,0,tb_agent_w10,False,-1,-1,6464,20000.5,2781151,6674
maze-32-4,maze-32-32-4-random-5,150,2,tb_agent_w10,True,9252,110,6464,4302.2,38438,116
maze-32-4,maze-32-32-4-random-5,150,0,tb_step_wall,False,-1,-1,6464,20000.5,780900,5206
maze-32-4,maze-32-32-4-random-5,150,0,pen0.1_step_w10,False,-1,-1,6464,20002.6,655500,4370
maze-32-4,maze-32-32-4-random-5,150,1,vanilla,False,-1,-1,6464,20000.5,0,0
maze-32-4,maze-32-32-4-random-5,150,1,tb_step_w10,False,-1,-1,6464,20001.6,1389300,9262
maze-32-4,maze-32-32-4-random-5,150,1,tb_agent_w10,False,-1,-1,6464,20001.8,1569129,3780
maze-32-4,maze-32-32-4-random-5,150,1,tb_start_w10,False,-1,-1,6464,20000.4,150,1
maze-32-4,maze-32-32-4-random-5,150,1,tb_step_wall,False,-1,-1,6464,20001.0,792900,5286
maze-32-4,maze-32-32-4-random-5,150,2,tb_step_w10,False,-1,-1,6464,20000.5,1389600,9264
maze-32-4,maze-32-32-4-random-5,150,2,tb_start_w10,False,-1,-1,6464,20000.3,150,1
maze-32-4,maze-32-32-4-random-5,150,2,tb_step_wall,False,-1,-1,6464,20000.5,1359600,9064
maze-32-4,maze-32-32-4-random-5,150,2,pen0.1_step_w10,False,-1,-1,6464,20001.8,760050,5067
maze-32-4,maze-32-32-4-random-5,200,0,vanilla,False,-1,-1,8501,20000.9,0,0
maze-32-4,maze-32-32-4-random-5,200,0,tb_step_w10,False,-1,-1,8501,20004.8,568600,2843
maze-32-4,maze-32-32-4-random-5,200,0,tb_agent_w10,False,-1,-1,8501,20005.3,333321,810
maze-32-4,maze-32-32-4-random-5,200,0,tb_start_w10,False,-1,-1,8501,20000.3,200,1
maze-32-4,maze-32-32-4-random-5,200,0,tb_step_wall,False,-1,-1,8501,20000.1,113600,568
maze-32-4,maze-32-32-4-random-5,200,0,pen0.1_step_w10,False,-1,-1,8501,20001.6,309600,1548
maze-32-4,maze-32-32-4-random-5,200,1,vanilla,False,-1,-1,8501,20000.9,0,0
empty32,empty-32-32-random-1,50,0,vanilla,True,1078,43,961,47.9,0,0
maze-32-4,maze-32-32-4-random-5,200,1,tb_step_w10,False,-1,-1,8501,20006.4,362800,1814
empty32,empty-32-32-random-1,50,0,tb_step_w10,True,1002,43,961,290.8,2150,43
empty32,empty-32-32-random-1,50,0,tb_start_w10,True,1097,50,961,122.1,50,1
empty32,empty-32-32-random-1,50,0,tb_agent_w10,True,994,43,961,478.1,4300,43
maze-32-4,maze-32-32-4-random-5,200,1,tb_agent_w10,False,-1,-1,8501,20013.2,330804,813
empty32,empty-32-32-random-1,50,1,vanilla,True,1052,45,961,48.5,0,0
empty32,empty-32-32-random-1,50,0,pen0.1_step_w10,True,1002,43,961,299.1,2150,43
empty32,empty-32-32-random-1,50,0,tb_step_wall,True,1001,43,961,423.8,2150,43
empty32,empty-32-32-random-1,50,1,tb_start_w10,True,1099,50,961,124.5,50,1
empty32,empty-32-32-random-1,50,1,tb_step_w10,True,1002,43,961,294.9,2150,43
empty32,empty-32-32-random-1,50,1,tb_agent_w10,True,996,43,961,475.5,4300,43
empty32,empty-32-32-random-1,50,1,pen0.1_step_w10,True,1002,43,961,306.3,2150,43
empty32,empty-32-32-random-1,50,2,vanilla,True,1053,45,961,43.3,0,0
empty32,empty-32-32-random-1,50,1,tb_step_wall,True,1003,43,961,425.6,2150,43
empty32,empty-32-32-random-1,50,2,tb_start_w10,True,1099,50,961,122.5,50,1
empty32,empty-32-32-random-1,50,2,tb_step_w10,True,1000,43,961,296.2,2150,43
empty32,empty-32-32-random-1,50,2,tb_agent_w10,True,994,43,961,476.2,4300,43
empty32,empty-32-32-random-1,50,2,pen0.1_step_w10,True,1000,43,961,305.6,2150,43
empty32,empty-32-32-random-1,50,2,tb_step_wall,True,999,43,961,423.8,2150,43
empty32,empty-32-32-random-1,100,0,vanilla,True,2412,48,2128,105.7,0,0
empty32,empty-32-32-random-1,100,0,tb_start_w10,True,2435,48,2128,255.3,100,1
empty32,empty-32-32-random-1,100,0,tb_step_w10,True,2302,48,2128,657.3,4800,48
empty32,empty-32-32-random-1,100,0,tb_agent_w10,True,2288,48,2128,1079.1,9600,48
empty32,empty-32-32-random-1,100,1,vanilla,True,2434,48,2128,108.7,0,0
empty32,empty-32-32-random-1,100,0,tb_step_wall,True,2307,48,2128,964.7,4800,48
empty32,empty-32-32-random-1,100,0,pen0.1_step_w10,True,2302,48,2128,683.0,4800,48
empty32,empty-32-32-random-1,100,1,tb_start_w10,True,2429,48,2128,253.6,100,1
empty32,empty-32-32-random-1,100,1,tb_step_w10,True,2301,48,2128,659.3,4800,48
empty32,empty-32-32-random-1,100,1,tb_agent_w10,True,2289,48,2128,1070.2,9600,48
empty32,empty-32-32-random-1,100,2,vanilla,True,2407,48,2128,131.2,0,0
empty32,empty-32-32-random-1,100,1,tb_step_wall,True,2303,48,2128,966.7,4800,48
empty32,empty-32-32-random-1,100,1,pen0.1_step_w10,True,2301,48,2128,685.7,4800,48
empty32,empty-32-32-random-1,100,2,tb_start_w10,True,2433,48,2128,252.3,100,1
empty32,empty-32-32-random-1,100,2,tb_step_w10,True,2309,48,2128,656.8,4800,48
maze-32-4,maze-32-32-4-random-5,200,1,tb_start_w10,False,-1,-1,8501,20001.0,200,1
empty32,empty-32-32-random-1,150,0,vanilla,True,3959,52,3231,150.5,0,0
empty32,empty-32-32-random-1,100,2,tb_agent_w10,True,2285,48,2128,1075.3,9600,48
empty32,empty-32-32-random-1,100,2,tb_step_wall,True,2307,48,2128,975.8,4800,48
empty32,empty-32-32-random-1,100,2,pen0.1_step_w10,True,2309,48,2128,679.7,4800,48
maze-32-4,maze-32-32-4-random-5,200,1,tb_step_wall,False,-1,-1,8501,20009.6,220400,1102
empty32,empty-32-32-random-1,150,0,tb_start_w10,True,4274,79,3231,454.9,150,1
maze-32-4,maze-32-32-4-random-5,200,1,pen0.1_step_w10,False,-1,-1,8501,20004.7,317400,1587
empty32,empty-32-32-random-1,150,0,tb_step_w10,True,3671,52,3231,1014.0,7800,52
maze-32-4,maze-32-32-4-random-5,200,2,vanilla,False,-1,-1,8501,20001.0,0,0
empty32,empty-32-32-random-1,150,1,vanilla,True,3994,52,3231,167.5,0,0
empty32,empty-32-32-random-1,150,0,pen0.1_step_w10,True,3656,52,3231,645.4,7800,52
empty32,empty-32-32-random-1,150,1,tb_start_w10,True,4330,83,3231,487.2,150,1
empty32,empty-32-32-random-1,150,0,tb_agent_w10,True,3629,52,3231,1666.0,15600,52
empty32,empty-32-32-random-1,150,0,tb_step_wall,True,3653,52,3231,1505.4,7800,52
maze-32-4,maze-32-32-4-random-5,200,2,tb_step_w10,False,-1,-1,8501,20003.0,626800,3134
empty32,empty-32-32-random-1,150,1,tb_step_w10,True,3661,52,3231,1030.6,7800,52
empty32,empty-32-32-random-1,150,1,pen0.1_step_w10,True,3661,52,3231,644.9,7800,52
empty32,empty-32-32-random-1,150,2,tb_start_w10,True,4120,73,3231,253.7,150,1
empty32,empty-32-32-random-1,150,2,vanilla,True,3924,52,3231,522.5,0,0
empty32,empty-32-32-random-1,200,0,vanilla,True,5545,52,4211,104.0,0,0
empty32,empty-32-32-random-1,150,1,tb_agent_w10,True,3649,52,3231,1637.4,15600,52
empty32,empty-32-32-random-1,150,1,tb_step_wall,True,3654,52,3231,1519.3,7800,52
empty32,empty-32-32-random-1,150,2,pen0.1_step_w10,True,3660,52,3231,643.3,7800,52
empty32,empty-32-32-random-1,150,2,tb_step_w10,True,3660,52,3231,1025.5,7800,52
empty32,empty-32-32-random-1,200,1,vanilla,True,5509,52,4211,221.6,0,0
maze-32-4,maze-32-32-4-random-5,200,2,tb_agent_w10,False,-1,-1,8501,20005.3,395348,963
empty32,empty-32-32-random-1,150,2,tb_agent_w10,True,3642,52,3231,1670.9,15600,52
empty32,empty-32-32-random-1,200,0,tb_start_w10,True,6532,131,4211,833.8,200,1
empty32,empty-32-32-random-1,150,2,tb_step_wall,True,3644,52,3231,1520.9,7800,52
empty32,empty-32-32-random-1,200,0,pen0.1_step_w10,True,4963,52,4211,867.7,10400,52
empty32,empty-32-32-random-1,200,0,tb_step_w10,True,4972,52,4211,1330.2,10400,52
empty32,empty-32-32-random-1,200,0,tb_agent_w10,True,5009,52,4211,1378.2,20800,52
maze-32-4,maze-32-32-4-random-5,200,2,tb_start_w10,False,-1,-1,8501,20001.0,200,1
empty32,empty-32-32-random-1,200,2,vanilla,True,5531,52,4211,107.6,0,0
empty32,empty-32-32-random-1,200,2,tb_start_w10,True,6368,124,4211,419.6,200,1
empty32,empty-32-32-random-1,200,1,tb_start_w10,True,6496,143,4211,937.9,200,1
empty32,empty-32-32-random-1,200,1,tb_agent_w10,True,4957,52,4211,1339.0,20801,52
empty32,empty-32-32-random-1,200,1,tb_step_w10,True,4962,52,4211,1341.9,10400,52
empty32,empty-32-32-random-2,50,0,vanilla,True,1254,47,1174,50.4,0,0
empty32,empty-32-32-random-1,200,0,tb_step_wall,True,5061,52,4211,1998.6,10400,52
empty32,empty-32-32-random-2,50,0,tb_step_w10,True,1208,47,1174,223.7,2350,47
empty32,empty-32-32-random-2,50,0,tb_start_w10,True,1326,52,1174,133.9,50,1
empty32,empty-32-32-random-2,50,1,vanilla,True,1243,47,1174,56.5,0,0
empty32,empty-32-32-random-2,50,0,pen0.1_step_w10,True,1208,47,1174,221.3,2350,47
empty32,empty-32-32-random-1,200,2,tb_step_wall,True,5057,52,4211,1211.4,10400,52
empty32,empty-32-32-random-1,200,2,tb_step_w10,True,4948,52,4211,1333.3,10400,52
empty32,empty-32-32-random-1,200,2,tb_agent_w10,True,4994,52,4211,1374.5,20802,52
empty32,empty-32-32-random-1,200,1,pen0.1_step_w10,True,4962,52,4211,1419.3,10400,52
empty32,empty-32-32-random-2,50,1,tb_start_w10,True,1364,60,1174,77.6,50,1
empty32,empty-32-32-random-1,200,2,pen0.1_step_w10,True,4932,52,4211,856.5,10400,52
empty32,empty-32-32-random-2,50,0,tb_agent_w10,True,1203,47,1174,593.7,4700,47
empty32,empty-32-32-random-2,50,2,vanilla,True,1255,49,1174,56.9,0,0
empty32,empty-32-32-random-2,50,0,tb_step_wall,True,1208,47,1174,563.6,2350,47
empty32,empty-32-32-random-2,50,1,tb_step_w10,True,1205,47,1174,359.3,2350,47
empty32,empty-32-32-random-2,50,1,pen0.1_step_w10,True,1205,47,1174,226.0,2350,47
empty32,empty-32-32-random-2,50,2,tb_start_w10,True,1368,60,1174,130.4,50,1
empty32,empty-32-32-random-2,50,2,tb_step_w10,True,1208,47,1174,213.3,2350,47
empty32,empty-32-32-random-2,50,1,tb_agent_w10,True,1205,47,1174,361.0,4700,47
empty32,empty-32-32-random-2,100,0,vanilla,True,2484,47,2207,102.2,0,0
empty32,empty-32-32-random-2,50,2,tb_agent_w10,True,1205,47,1174,376.0,4700,47
empty32,empty-32-32-random-2,100,0,tb_start_w10,True,2634,62,2207,154.9,100,1
empty32,empty-32-32-random-1,200,1,tb_step_wall,True,5077,52,4211,1969.7,10400,52
empty32,empty-32-32-random-2,100,1,vanilla,True,2452,47,2207,53.9,0,0
empty32,empty-32-32-random-2,50,1,tb_step_wall,True,1212,47,1174,557.9,2350,47
empty32,empty-32-32-random-2,50,2,pen0.1_step_w10,True,1208,47,1174,374.8,2350,47
empty32,empty-32-32-random-2,100,0,tb_step_w10,True,2351,47,2207,418.9,4700,47
empty32,empty-32-32-random-2,50,2,tb_step_wall,True,1202,47,1174,570.7,2350,47
empty32,empty-32-32-random-2,100,1,tb_start_w10,True,2642,64,2207,162.3,100,1
empty32,empty-32-32-random-2,100,2,vanilla,True,2489,47,2207,56.9,0,0
empty32,empty-32-32-random-2,100,1,tb_step_w10,True,2348,47,2207,407.6,4700,47
empty32,empty-32-32-random-2,100,0,tb_step_wall,True,2389,47,2207,610.1,4700,47
empty32,empty-32-32-random-2,100,2,tb_start_w10,True,2653,66,2207,188.1,100,1
empty32,empty-32-32-random-2,150,0,vanilla,True,3906,49,3350,84.8,0,0
empty32,empty-32-32-random-2,100,0,pen0.1_step_w10,True,2351,47,2207,704.2,4700,47
empty32,empty-32-32-random-2,100,1,pen0.1_step_w10,True,2355,47,2207,709.1,4700,47
empty32,empty-32-32-random-2,100,2,pen0.1_step_w10,True,2358,47,2207,421.6,4700,47
empty32,empty-32-32-random-2,100,0,tb_agent_w10,True,2341,47,2207,1113.0,9400,47
empty32,empty-32-32-random-2,100,2,tb_agent_w10,True,2333,47,2207,699.2,9400,47
empty32,empty-32-32-random-2,100,2,tb_step_w10,True,2358,47,2207,688.7,4700,47
empty32,empty-32-32-random-2,100,2,tb_step_wall,True,2383,47,2207,614.7,4700,47
empty32,empty-32-32-random-2,150,1,vanilla,True,3961,49,3350,84.1,0,0
empty32,empty-32-32-random-2,100,1,tb_step_wall,True,2359,47,2207,1018.6,4700,47
empty32,empty-32-32-random-2,100,1,tb_agent_w10,True,2336,47,2207,1113.3,9400,47
empty32,empty-32-32-random-2,150,0,tb_step_w10,True,3716,49,3350,677.3,7350,49
empty32,empty-32-32-random-2,150,1,tb_start_w10,True,4276,71,3350,312.1,150,1
empty32,empty-32-32-random-2,150,2,vanilla,True,3973,49,3350,81.8,0,0
empty32,empty-32-32-random-2,150,0,tb_start_w10,True,4361,88,3350,535.8,150,1
empty32,empty-32-32-random-2,150,0,tb_step_wall,True,3743,49,3350,940.9,7350,49
empty32,empty-32-32-random-2,150,2,tb_start_w10,True,4221,67,3350,467.2,150,1
empty32,empty-32-32-random-2,150,1,tb_agent_w10,True,3708,49,3350,1044.0,14700,49
empty32,empty-32-32-random-2,150,0,pen0.1_step_w10,True,3717,49,3350,1091.4,7350,49
empty32,empty-32-32-random-2,150,1,tb_step_w10,True,3708,49,3350,1057.6,7350,49
empty32,empty-32-32-random-2,150,2,tb_step_w10,True,3739,49,3350,636.0,7350,49
empty32,empty-32-32-random-2,200,0,vanilla,True,5593,49,4390,106.4,0,0
empty32,empty-32-32-random-2,150,1,pen0.1_step_w10,True,3722,49,3350,1066.0,7350,49
empty32,empty-32-32-random-2,150,0,tb_agent_w10,True,3683,49,3350,1711.9,14700,49
empty32,empty-32-32-random-2,150,2,tb_agent_w10,True,3712,49,3350,1051.6,14700,49
empty32,empty-32-32-random-2,150,1,tb_step_wall,True,3772,49,3350,1546.0,7350,49
empty32,empty-32-32-random-2,200,1,vanilla,True,5564,49,4390,216.8,0,0
empty32,empty-32-32-random-2,200,0,tb_start_w10,True,7381,162,4390,625.6,200,1
empty32,empty-32-32-random-2,150,2,tb_step_wall,True,3760,49,3350,950.2,7350,49
empty32,empty-32-32-random-2,150,2,pen0.1_step_w10,True,3746,49,3350,1091.9,7350,49
empty32,empty-32-32-random-2,200,1,tb_step_w10,True,5015,49,4390,838.9,9800,49
empty32,empty-32-32-random-2,200,0,tb_step_wall,True,5095,49,4390,1269.1,9800,49
empty32,empty-32-32-random-2,200,0,tb_step_w10,True,5072,49,4390,1378.3,9800,49
empty32,empty-32-32-random-2,200,2,vanilla,True,5539,49,4390,223.2,0,0
empty32,empty-32-32-random-2,200,1,pen0.1_step_w10,True,5015,49,4390,885.2,9800,49
empty32,empty-32-32-random-2,200,0,pen0.1_step_w10,True,5074,49,4390,1426.1,9800,49
empty32,empty-32-32-random-2,200,1,tb_start_w10,True,7140,141,4390,1032.4,200,1
empty32,empty-32-32-random-3,50,0,vanilla,True,1143,57,1080,57.0,0,0
empty32,empty-32-32-random-2,200,1,tb_step_wall,True,5131,49,4390,1273.3,9800,49
empty32,empty-32-32-random-3,50,0,tb_start_w10,True,1174,57,1080,77.5,50,1
empty32,empty-32-32-random-3,50,0,tb_step_w10,True,1110,57,1080,339.3,2850,57
empty32,empty-32-32-random-2,200,2,tb_step_w10,True,5079,49,4390,844.4,9800,49
empty32,empty-32-32-random-3,50,1,vanilla,True,1184,57,1080,27.8,0,0
empty32,empty-32-32-random-3,50,0,tb_agent_w10,True,1113,57,1080,557.2,5700,57
empty32,empty-32-32-random-2,200,0,tb_agent_w10,True,5012,49,4390,2344.9,19600,49
empty32,empty-32-32-random-3,50,0,tb_step_wall,True,1114,57,1080,319.9,2850,57
empty32,empty-32-32-random-3,50,1,tb_step_w10,True,1116,57,1080,207.0,2850,57
empty32,empty-32-32-random-3,50,0,pen0.1_step_w10,True,1110,57,1080,357.3,2850,57
empty32,empty-32-32-random-2,200,2,pen0.1_step_w10,True,5074,49,4390,880.0,9800,49
empty32,empty-32-32-random-3,50,1,tb_start_w10,True,1172,57,1080,133.1,50,1
empty32,empty-32-32-random-3,50,2,vanilla,True,1161,57,1080,54.4,0,0
empty32,empty-32-32-random-3,50,1,pen0.1_step_w10,True,1116,57,1080,216.2,2850,57
empty32,empty-32-32-random-3,50,1,tb_step_wall,True,1112,57,1080,311.5,2850,57
empty32,empty-32-32-random-3,50,2,tb_step_w10,True,1110,57,1080,210.8,2850,57
empty32,empty-32-32-random-3,50,2,tb_start_w10,True,1171,57,1080,127.9,50,1
empty32,empty-32-32-random-3,100,0,vanilla,True,2427,57,2137,55.3,0,0
empty32,empty-32-32-random-2,200,2,tb_agent_w10,True,5034,49,4390,1424.4,19600,49
empty32,empty-32-32-random-3,50,1,tb_agent_w10,True,1113,57,1080,559.3,5700,57
empty32,empty-32-32-random-3,50,2,pen0.1_step_w10,True,1110,57,1080,214.8,2850,57
empty32,empty-32-32-random-2,200,1,tb_agent_w10,True,5047,49,4390,2291.4,19600,49
empty32,empty-32-32-random-3,50,2,tb_step_wall,True,1116,57,1080,314.7,2850,57
empty32,empty-32-32-random-3,100,0,tb_start_w10,True,2421,59,2137,148.6,100,1
empty32,empty-32-32-random-3,100,1,vanilla,True,2409,57,2137,111.9,0,0
empty32,empty-32-32-random-3,50,2,tb_agent_w10,True,1115,57,1080,559.2,5700,57
empty32,empty-32-32-random-3,100,0,pen0.1_step_w10,True,2276,57,2137,426.7,5700,57
empty32,empty-32-32-random-2,200,2,tb_start_w10,True,10128,277,4390,1861.6,200,1
empty32,empty-32-32-random-3,100,1,tb_step_w10,True,2276,57,2137,403.6,5700,57
empty32,empty-32-32-random-3,100,1,tb_start_w10,True,2419,59,2137,269.3,100,1
empty32,empty-32-32-random-3,100,0,tb_step_w10,True,2277,57,2137,666.4,5700,57
empty32,empty-32-32-random-3,100,0,tb_agent_w10,True,2259,57,2137,671.0,11400,57
empty32,empty-32-32-random-3,100,2,vanilla,True,2405,57,2137,107.7,0,0
empty32,empty-32-32-random-2,200,2,tb_step_wall,True,5103,49,4390,2086.4,9800,49
empty32,empty-32-32-random-3,100,1,tb_agent_w10,True,2281,57,2137,677.0,11400,57
empty32,empty-32-32-random-3,100,2,tb_start_w10,True,2413,59,2137,259.2,100,1
empty32,empty-32-32-random-3,100,1,pen0.1_step_w10,True,2272,57,2137,424.5,5700,57
empty32,empty-32-32-random-3,100,2,tb_step_w10,True,2278,57,2137,415.6,5700,57
empty32,empty-32-32-random-3,150,0,vanilla,True,3662,57,3135,166.7,0,0
empty32,empty-32-32-random-3,100,0,tb_step_wall,True,2290,57,2137,1001.1,5700,57
empty32,empty-32-32-random-3,150,0,tb_start_w10,True,3849,63,3135,225.3,150,1
empty32,empty-32-32-random-3,100,2,tb_step_wall,True,2282,57,2137,626.5,5700,57
empty32,empty-32-32-random-3,100,1,tb_step_wall,True,2278,57,2137,1023.7,5700,57
empty32,empty-32-32-random-3,150,1,vanilla,True,3766,57,3135,167.8,0,0
empty32,empty-32-32-random-3,100,2,pen0.1_step_w10,True,2277,57,2137,693.0,5700,57
empty32,empty-32-32-random-3,150,0,tb_step_w10,True,3474,57,3135,625.5,8550,57
empty32,empty-32-32-random-3,150,2,vanilla,True,3674,57,3135,84.3,0,0
empty32,empty-32-32-random-3,100,2,tb_agent_w10,True,2286,57,2137,1096.7,11400,57
empty32,empty-32-32-random-3,150,1,tb_start_w10,True,3844,59,3135,400.5,150,1
empty32,empty-32-32-random-3,150,1,tb_step_w10,True,3476,57,3135,599.5,8550,57
empty32,empty-32-32-random-3,150,0,tb_step_wall,True,3478,57,3135,889.5,8550,57
empty32,empty-32-32-random-3,150,0,pen0.1_step_w10,True,3487,57,3135,1061.5,8550,57
empty32,empty-32-32-random-3,150,1,tb_agent_w10,True,3453,57,3135,1004.5,17100,57
empty32,empty-32-32-random-3,150,2,tb_step_w10,True,3498,57,3135,629.5,8550,57
empty32,empty-32-32-random-3,150,2,tb_start_w10,True,3855,63,3135,409.6,150,1
maze-32-4,maze-32-32-4-random-5,200,2,tb_step_wall,False,-1,-1,8501,20014.6,112400,562
empty32,empty-32-32-random-3,150,2,pen0.1_step_w10,True,3509,57,3135,632.8,8550,57
empty32,empty-32-32-random-3,150,1,pen0.1_step_w10,True,3464,57,3135,1048.0,8550,57
empty32,empty-32-32-random-3,200,0,vanilla,True,5354,57,4251,228.6,0,0
empty32,empty-32-32-random-3,150,0,tb_agent_w10,True,3464,57,3135,1630.6,17100,57
maze-32-4,maze-32-32-4-random-5,200,2,pen0.1_step_w10,False,-1,-1,8501,20002.8,313600,1568
empty32,empty-32-32-random-3,150,2,tb_step_wall,True,3479,57,3135,885.9,8550,57
empty32,empty-32-32-random-3,200,1,vanilla,True,5414,57,4251,224.1,0,0
empty32,empty-32-32-random-3,150,1,tb_step_wall,True,3459,57,3135,1739.9,8550,57
empty32,empty-32-32-random-3,200,0,tb_step_w10,True,4921,57,4251,823.0,11400,57
empty32,empty-32-32-random-3,200,0,tb_start_w10,True,6337,108,4251,769.1,200,1
empty32,empty-32-32-random-3,150,2,tb_agent_w10,True,3481,57,3135,1607.3,17100,57
empty32,empty-32-32-random-3,200,0,pen0.1_step_w10,True,4932,57,4251,862.9,11400,57
empty32,empty-32-32-random-3,200,2,vanilla,True,5295,59,4251,209.7,0,0
empty32,empty-32-32-random-3,200,0,tb_agent_w10,True,4947,57,4251,1391.9,22800,57
empty32,empty-32-32-random-3,200,1,tb_start_w10,True,6440,119,4251,984.3,200,1
empty32,empty-32-32-random-4,50,0,vanilla,True,1069,45,981,50.0,0,0
empty32,empty-32-32-random-3,200,1,tb_step_w10,True,4872,57,4251,1373.4,11400,57
empty32,empty-32-32-random-3,200,2,tb_step_w10,True,4899,57,4251,827.7,11400,57
empty32,empty-32-32-random-3,200,2,tb_start_w10,True,6291,120,4251,646.6,200,1
empty32,empty-32-32-random-4,50,0,tb_step_w10,True,996,44,981,302.5,2200,44
empty32,empty-32-32-random-4,50,1,vanilla,True,1045,44,981,47.5,0,0
empty32,empty-32-32-random-4,50,0,tb_start_w10,True,1030,45,981,117.1,50,1
empty32,empty-32-32-random-3,200,1,tb_step_wall,True,4989,57,4251,1349.9,11400,57
empty32,empty-32-32-random-4,50,0,pen0.1_step_w10,True,995,44,981,194.0,2200,44
empty32,empty-32-32-random-4,50,0,tb_step_wall,True,1000,44,981,259.3,2200,44
empty32,empty-32-32-random-4,50,0,tb_agent_w10,True,995,44,981,488.3,4400,44
empty32,empty-32-32-random-4,50,1,tb_start_w10,True,1041,49,981,117.8,50,1
empty32,empty-32-32-random-4,50,2,vanilla,True,1048,44,981,45.2,0,0
empty32,empty-32-32-random-3,200,1,pen0.1_step_w10,True,4874,57,4251,1433.1,11400,57
empty32,empty-32-32-random-4,50,1,tb_step_w10,True,999,44,981,301.8,2200,44
empty32,empty-32-32-random-3,200,2,pen0.1_step_w10,True,4917,57,4251,963.4,11400,57
empty32,empty-32-32-random-4,50,1,pen0.1_step_w10,True,998,44,981,196.6,2200,44
empty32,empty-32-32-random-4,50,1,tb_step_wall,True,991,44,981,260.2,2200,44
empty32,empty-32-32-random-3,200,0,tb_step_wall,True,4969,57,4251,2013.7,11400,57
empty32,empty-32-32-random-4,50,2,tb_start_w10,True,1035,47,981,124.1,50,1
empty32,empty-32-32-random-4,100,0,vanilla,True,2328,45,2062,52.1,0,0
empty32,empty-32-32-random-4,50,1,tb_agent_w10,True,997,44,981,491.2,4400,44
empty32,empty-32-32-random-4,50,2,tb_step_w10,True,996,44,981,304.1,2200,44
empty32,empty-32-32-random-3,200,2,tb_step_wall,True,5001,57,4251,1216.3,11400,57
empty32,empty-32-32-random-4,50,2,pen0.1_step_w10,True,996,44,981,191.9,2200,44
empty32,empty-32-32-random-4,100,1,vanilla,True,2298,45,2062,105.1,0,0
empty32,empty-32-32-random-3,200,1,tb_agent_w10,True,4894,57,4251,2232.7,22800,57
empty32,empty-32-32-random-4,100,0,tb_start_w10,True,2344,51,2062,250.1,100,1
empty32,empty-32-32-random-4,50,2,tb_agent_w10,True,997,44,981,490.0,4400,44
empty32,empty-32-32-random-4,50,2,tb_step_wall,True,995,44,981,421.6,2200,44
empty32,empty-32-32-random-4,100,0,tb_step_w10,True,2211,45,2062,392.3,4500,45
empty32,empty-32-32-random-4,100,2,vanilla,True,2338,45,2062,104.2,0,0
empty32,empty-32-32-random-4,100,1,tb_step_w10,True,2208,45,2062,386.6,4500,45
empty32,empty-32-32-random-4,100,0,tb_step_wall,True,2181,45,2062,562.2,4500,45
empty32,empty-32-32-random-4,100,1,tb_start_w10,True,2336,53,2062,257.9,100,1
empty32,empty-32-32-random-4,100,1,tb_agent_w10,True,2198,45,2062,645.5,9000,45
empty32,empty-32-32-random-4,100,2,tb_start_w10,True,2347,53,2062,243.4,100,1
empty32,empty-32-32-random-4,100,0,pen0.1_step_w10,True,2204,45,2062,667.7,4500,45
empty32,empty-32-32-random-4,150,0,vanilla,True,3701,47,3107,142.3,0,0
empty32,empty-32-32-random-3,200,2,tb_agent_w10,True,4910,57,4251,2257.2,22800,57
empty32,empty-32-32-random-4,100,2,tb_agent_w10,True,2194,45,2062,646.9,9000,45
empty32,empty-32-32-random-4,100,2,pen0.1_step_w10,True,2191,45,2062,409.0,4500,45
empty32,empty-32-32-random-4,100,1,pen0.1_step_w10,True,2208,45,2062,660.9,4500,45
empty32,empty-32-32-random-4,100,2,tb_step_w10,True,2195,45,2062,642.6,4500,45
empty32,empty-32-32-random-4,100,2,tb_step_wall,True,2187,45,2062,551.5,4500,45
empty32,empty-32-32-random-4,100,0,tb_agent_w10,True,2200,45,2062,1060.5,9000,45
empty32,empty-32-32-random-4,150,1,vanilla,True,3751,47,3107,76.1,0,0
empty32,empty-32-32-random-4,100,1,tb_step_wall,True,2198,45,2062,905.8,4500,45
empty32,empty-32-32-random-4,150,2,vanilla,True,3699,47,3107,77.1,0,0
empty32,empty-32-32-random-4,150,0,tb_start_w10,True,3977,68,3107,450.4,150,1
empty32,empty-32-32-random-4,150,0,tb_step_w10,True,3508,47,3107,589.7,7050,47
empty32,empty-32-32-random-4,150,1,tb_start_w10,True,3991,69,3107,420.0,150,1
empty32,empty-32-32-random-4,150,1,tb_step_w10,True,3472,47,3107,594.7,7050,47
empty32,empty-32-32-random-4,200,0,vanilla,True,5370,53,4184,111.4,0,0
empty32,empty-32-32-random-4,150,2,tb_start_w10,True,3969,67,3107,434.7,150,1
empty32,empty-32-32-random-4,150,1,tb_step_wall,True,3499,47,3107,856.8,7050,47
empty32,empty-32-32-random-4,150,0,tb_agent_w10,True,3494,47,3107,1271.3,14100,47
empty32,empty-32-32-random-4,150,0,pen0.1_step_w10,True,3506,47,3107,1039.6,7050,47
empty32,empty-32-32-random-4,150,1,pen0.1_step_w10,True,3471,47,3107,1029.3,7050,47
empty32,empty-32-32-random-4,150,2,tb_step_wall,True,3517,47,3107,847.1,7050,47
empty32,empty-32-32-random-4,150,2,tb_step_w10,True,3462,47,3107,985.4,7050,47
empty32,empty-32-32-random-4,150,0,tb_step_wall,True,3537,47,3107,1399.0,7050,47
empty32,empty-32-32-random-4,200,0,tb_start_w10,True,5603,77,4184,329.9,200,1
empty32,empty-32-32-random-4,200,1,vanilla,True,5433,56,4184,213.7,0,0
empty32,empty-32-32-random-4,150,2,pen0.1_step_w10,True,3458,47,3107,1012.4,7050,47
empty32,empty-32-32-random-4,150,1,tb_agent_w10,True,3473,47,3107,1592.4,14100,47
empty32,empty-32-32-random-4,200,0,tb_step_w10,True,4984,53,4184,832.2,10600,53
empty32,empty-32-32-random-4,150,2,tb_agent_w10,True,3449,47,3107,1440.4,14100,47
empty32,empty-32-32-random-4,200,2,vanilla,True,5368,53,4184,222.4,0,0
empty32,empty-32-32-random-4,200,1,tb_step_w10,True,4962,55,4184,814.4,11400,57
empty32,empty-32-32-random-4,200,1,tb_start_w10,True,6044,96,4184,744.3,200,1
empty32,empty-32-32-random-5,50,0,vanilla,True,1226,53,1160,54.2,0,0
empty32,empty-32-32-random-4,200,0,tb_step_wall,True,4984,53,4184,1213.4,10600,53
empty32,empty-32-32-random-4,200,2,tb_start_w10,True,6055,93,4184,626.8,200,1
empty32,empty-32-32-random-4,200,1,tb_step_wall,True,4990,53,4184,1192.1,10600,53
empty32,empty-32-32-random-4,200,0,pen0.1_step_w10,True,4984,53,4184,1399.9,10600,53
empty32,empty-32-32-random-5,50,0,tb_step_w10,True,1215,53,1160,352.4,2650,53
empty32,empty-32-32-random-5,50,0,tb_start_w10,True,1264,53,1160,125.3,50,1
empty32,empty-32-32-random-5,50,0,tb_agent_w10,True,1220,53,1160,364.5,5300,53
empty32,empty-32-32-random-5,50,1,vanilla,True,1261,53,1160,53.1,0,0
empty32,empty-32-32-random-5,50,1,tb_start_w10,True,1254,53,1160,132.3,50,1
empty32,empty-32-32-random-5,50,0,tb_step_wall,True,1215,53,1160,333.4,2650,53
empty32,empty-32-32-random-5,50,0,pen0.1_step_w10,True,1215,53,1160,373.0,2650,53
empty32,empty-32-32-random-4,200,2,pen0.1_step_w10,True,4919,53,4184,855.6,10600,53
empty32,empty-32-32-random-5,50,1,tb_agent_w10,True,1223,53,1160,356.3,5300,53
empty32,empty-32-32-random-5,50,1,tb_step_w10,True,1215,53,1160,354.3,2650,53
empty32,empty-32-32-random-4,200,1,pen0.1_step_w10,True,4958,55,4184,1438.1,11400,57
empty32,empty-32-32-random-5,50,2,vanilla,True,1269,53,1160,53.1,0,0
empty32,empty-32-32-random-4,200,2,tb_agent_w10,True,4897,55,4184,1361.7,22000,55
empty32,empty-32-32-random-4,200,2,tb_step_w10,True,4917,53,4184,1371.2,10600,53
empty32,empty-32-32-random-5,50,1,pen0.1_step_w10,True,1218,53,1160,226.1,2650,53
empty32,empty-32-32-random-5,100,0,vanilla,True,2444,53,2134,54.3,0,0
empty32,empty-32-32-random-4,200,0,tb_agent_w10,True,4906,55,4184,2232.7,22001,55
empty32,empty-32-32-random-5,50,2,tb_start_w10,True,1264,53,1160,131.2,50,1
empty32,empty-32-32-random-5,50,2,tb_step_w10,True,1213,53,1160,213.0,2650,53
empty32,empty-32-32-random-5,100,1,vanilla,True,2462,54,2134,54.3,0,0
empty32,empty-32-32-random-5,100,0,tb_start_w10,True,2624,73,2134,155.5,100,1
empty32,empty-32-32-random-5,50,2,tb_agent_w10,True,1210,53,1160,358.2,5300,53
empty32,empty-32-32-random-5,50,1,tb_step_wall,True,1215,53,1160,551.3,2650,53
empty32,empty-32-32-random-5,50,2,pen0.1_step_w10,True,1213,53,1160,367.1,2650,53
empty32,empty-32-32-random-4,200,1,tb_agent_w10,True,4917,55,4184,2207.3,22000,55
empty32,empty-32-32-random-5,100,1,tb_start_w10,True,2492,55,2134,146.2,100,1
empty32,empty-32-32-random-5,50,2,tb_step_wall,True,1212,53,1160,549.7,2650,53
empty32,empty-32-32-random-5,100,2,vanilla,True,2430,53,2134,113.1,0,0
empty32,empty-32-32-random-5,100,1,tb_step_w10,True,2333,53,2134,402.6,5300,53
empty32,empty-32-32-random-5,100,0,tb_agent_w10,True,2319,53,2134,662.3,10600,53
empty32,empty-32-32-random-5,100,0,tb_step_w10,True,2318,53,2134,667.9,5300,53
empty32,empty-32-32-random-5,100,0,pen0.1_step_w10,True,2318,53,2134,692.8,5300,53
empty32,empty-32-32-random-5,100,2,tb_step_w10,True,2334,53,2134,409.9,5300,53
empty32,empty-32-32-random-5,100,1,tb_agent_w10,True,2352,53,2134,675.4,10600,53
empty32,empty-32-32-random-4,200,2,tb_step_wall,True,4988,53,4184,1952.5,10600,53
empty32,empty-32-32-random-5,100,2,tb_start_w10,True,2499,55,2134,246.6,100,1
empty32,empty-32-32-random-5,150,0,vanilla,True,3769,54,3053,148.5,0,0
empty32,empty-32-32-random-5,100,1,pen0.1_step_w10,True,2333,53,2134,692.2,5300,53
empty32,empty-32-32-random-5,100,0,tb_step_wall,True,2338,53,2134,997.9,5300,53
empty32,empty-32-32-random-5,100,2,pen0.1_step_w10,True,2334,53,2134,421.3,5300,53
empty32,empty-32-32-random-5,150,1,vanilla,True,3808,54,3053,162.3,0,0
empty32,empty-32-32-random-5,150,0,tb_start_w10,True,4238,91,3053,289.4,150,1
empty32,empty-32-32-random-5,100,2,tb_step_wall,True,2348,53,2134,603.9,5300,53
empty32,empty-32-32-random-5,150,2,vanilla,True,3779,56,3053,84.3,0,0
empty32,empty-32-32-random-5,150,1,tb_start_w10,True,4042,74,3053,244.7,150,1
empty32,empty-32-32-random-5,100,1,tb_step_wall,True,2352,53,2134,1178.6,5300,53
empty32,empty-32-32-random-5,100,2,tb_agent_w10,True,2318,53,2134,1097.8,10600,53
empty32,empty-32-32-random-5,150,0,tb_step_w10,True,3507,53,3053,956.2,7950,53
empty32,empty-32-32-random-5,150,0,tb_agent_w10,True,3487,53,3053,985.2,15900,53
empty32,empty-32-32-random-5,150,1,pen0.1_step_w10,True,3504,53,3053,631.2,7950,53
empty32,empty-32-32-random-5,150,0,pen0.1_step_w10,True,3509,53,3053,1007.1,7950,53
empty32,empty-32-32-random-5,150,2,tb_step_w10,True,3509,53,3053,596.7,7950,53
empty32,empty-32-32-random-5,200,0,vanilla,True,5450,54,4181,109.0,0,0
empty32,empty-32-32-random-5,150,1,tb_step_w10,True,3504,53,3053,986.8,7950,53
empty32,empty-32-32-random-5,150,2,tb_start_w10,True,4798,118,3053,578.0,150,1
empty32,empty-32-32-random-5,150,0,tb_step_wall,True,3496,53,3053,1410.5,7950,53
empty32,empty-32-32-random-5,150,2,tb_agent_w10,True,3475,53,3053,967.3,15900,53
empty32,empty-32-32-random-5,200,1,vanilla,True,5411,55,4181,221.9,0,0
empty32,empty-32-32-random-5,200,0,tb_start_w10,True,6831,135,4181,615.8,200,1
empty32,empty-32-32-random-5,150,1,tb_step_wall,True,3499,53,3053,1404.2,7950,53
empty32,empty-32-32-random-5,150,1,tb_agent_w10,True,3514,53,3053,1603.9,15900,53
empty32,empty-32-32-random-5,200,0,tb_step_w10,True,4899,53,4181,811.6,10600,53
empty32,empty-32-32-random-5,150,2,pen0.1_step_w10,True,3513,53,3053,1012.5,7950,53
empty32,empty-32-32-random-5,150,2,tb_step_wall,True,3499,53,3053,1409.4,7950,53
empty32,empty-32-32-random-5,200,2,vanilla,True,5396,55,4181,230.3,0,0
empty32,empty-32-32-random-5,200,0,tb_step_wall,True,4991,53,4181,1198.1,10600,53
empty32,empty-32-32-random-5,200,1,tb_start_w10,True,6496,112,4181,744.4,200,1
empty32,empty-32-32-random-5,200,2,tb_step_w10,True,4975,53,4181,809.8,10600,53
empty32,empty-32-32-random-5,200,0,pen0.1_step_w10,True,4960,53,4181,1407.9,10600,53
empty32,empty-32-32-random-5,200,1,tb_agent_w10,True,4927,53,4181,1350.2,21201,53
empty32,empty-32-32-random-5,200,1,tb_step_w10,True,4946,53,4181,1326.5,10600,53
empty32,empty-32-32-random-5,200,1,tb_step_wall,True,4995,53,4181,1213.6,10600,53
empty32,empty-32-32-random-5,200,2,pen0.1_step_w10,True,4977,53,4181,850.9,10600,53
empty32,empty-32-32-random-5,200,1,pen0.1_step_w10,True,4972,53,4181,1405.0,10600,53
empty32,empty-32-32-random-5,200,0,tb_agent_w10,True,4956,53,4181,2220.8,21201,53
empty32,empty-32-32-random-5,200,2,tb_start_w10,True,6553,117,4181,1074.9,200,1
warehouse-10-20-2-1,warehouse-10-20-10-2-1-random-1,50,0,tb_step_w10,True,4389,174,4104,848.3,8700,174
warehouse-10-20-2-1,warehouse-10-20-10-2-1-random-1,50,0,pen0.1_step_w10,True,4381,174,4104,884.1,8700,174
empty32,empty-32-32-random-5,200,2,tb_step_wall,True,4933,53,4181,1967.5,10600,53
empty32,empty-32-32-random-5,200,2,tb_agent_w10,True,4942,53,4181,2216.5,21200,53
warehouse-10-20-2-1,warehouse-10-20-10-2-1-random-1,50,1,tb_start_w10,True,6947,339,4104,963.0,50,1
warehouse-10-20-2-1,warehouse-10-20-10-2-1-random-1,50,2,vanilla,True,5060,223,4104,276.3,0,0
warehouse-10-20-2-1,warehouse-10-20-10-2-1-random-1,50,1,tb_step_w10,True,4427,174,4104,1402.6,8700,174
warehouse-10-20-2-1,warehouse-10-20-10-2-1-random-1,50,1,pen0.1_step_w10,True,4427,174,4104,868.9,8700,174
warehouse-10-20-2-1,warehouse-10-20-10-2-1-random-1,50,0,tb_agent_w10,True,4390,174,4104,2377.5,17400,174
warehouse-10-20-2-1,warehouse-10-20-10-2-1-random-1,50,2,tb_start_w10,True,6831,401,4104,881.8,50,1
warehouse-10-20-2-1,warehouse-10-20-10-2-1-random-1,50,1,tb_agent_w10,True,4346,174,4104,2352.2,17400,174
warehouse-10-20-2-1,warehouse-10-20-10-2-1-random-1,50,2,pen0.1_step_w10,True,4605,228,4104,976.2,12200,244
warehouse-10-20-2-1,warehouse-10-20-10-2-1-random-1,50,2,tb_step_w10,True,4668,228,4104,1536.4,12100,242
warehouse-10-20-2-1,warehouse-10-20-10-2-1-random-1,50,2,tb_agent_w10,True,4372,174,4104,2385.2,17400,174
warehouse-10-20-2-1,warehouse-10-20-10-2-1-random-1,50,1,tb_step_wall,True,4352,174,4104,3581.8,8700,174
warehouse-10-20-2-1,warehouse-10-20-10-2-1-random-1,50,0,tb_step_wall,True,4364,174,4104,5734.7,8700,174
warehouse-10-20-2-1,warehouse-10-20-10-2-1-random-1,50,2,tb_step_wall,True,4608,243,4104,6086.8,12850,257
warehouse-10-20-2-1,warehouse-10-20-10-2-1-random-1,50,0,vanilla,False,-1,-1,4104,20001.3,0,0
warehouse-10-20-2-1,warehouse-10-20-10-2-1-random-1,50,0,tb_start_w10,False,-1,-1,4104,20001.3,50,1
warehouse-10-20-2-1,warehouse-10-20-10-2-1-random-1,50,1,vanilla,False,-1,-1,4104,20001.4,0,0
warehouse-10-20-2-1,warehouse-10-20-10-2-1-random-1,100,0,vanilla,False,-1,-1,8991,20000.9,0,0
warehouse-10-20-2-1,warehouse-10-20-10-2-1-random-1,100,0,tb_agent_w10,False,-1,-1,8991,20000.8,2138814,7823
warehouse-10-20-2-1,warehouse-10-20-10-2-1-random-1,100,0,tb_start_w10,False,-1,-1,8991,20000.7,100,1
warehouse-10-20-2-1,warehouse-10-20-10-2-1-random-1,100,0,tb_step_w10,False,-1,-1,8991,20000.8,1441100,14411
warehouse-10-20-2-1,warehouse-10-20-10-2-1-random-1,100,0,tb_step_wall,False,-1,-1,8991,20001.9,55000,550
warehouse-10-20-2-1,warehouse-10-20-10-2-1-random-1,100,1,vanilla,False,-1,-1,8991,20000.7,0,0
warehouse-10-20-2-1,warehouse-10-20-10-2-1-random-1,100,0,pen0.1_step_w10,False,-1,-1,8991,20000.3,646600,6466
warehouse-10-20-2-1,warehouse-10-20-10-2-1-random-1,100,1,tb_step_w10,False,-1,-1,8991,20000.4,1119800,11198
warehouse-10-20-2-1,warehouse-10-20-10-2-1-random-1,100,1,tb_agent_w10,False,-1,-1,8991,20001.6,1151051,3870
warehouse-10-20-2-1,warehouse-10-20-10-2-1-random-1,100,1,tb_start_w10,False,-1,-1,8991,20000.6,100,1
warehouse-10-20-2-1,warehouse-10-20-10-2-1-random-1,100,1,tb_step_wall,False,-1,-1,8991,20000.2,122200,1222
warehouse-10-20-2-1,warehouse-10-20-10-2-1-random-1,100,1,pen0.1_step_w10,False,-1,-1,8991,20001.1,643400,6434
warehouse-10-20-2-1,warehouse-10-20-10-2-1-random-1,100,2,vanilla,False,-1,-1,8991,20000.9,0,0
warehouse-10-20-2-1,warehouse-10-20-10-2-1-random-1,100,2,tb_step_w10,False,-1,-1,8991,20000.4,1670500,16705
warehouse-10-20-2-1,warehouse-10-20-10-2-1-random-1,100,2,tb_agent_w10,False,-1,-1,8991,20000.3,2649678,9763
warehouse-10-20-2-1,warehouse-10-20-10-2-1-random-1,100,2,tb_start_w10,False,-1,-1,8991,20000.6,100,1
warehouse-10-20-2-1,warehouse-10-20-10-2-1-random-1,100,2,tb_step_wall,False,-1,-1,8991,20000.5,67000,670
warehouse-10-20-2-1,warehouse-10-20-10-2-1-random-1,100,2,pen0.1_step_w10,False,-1,-1,8991,20000.9,676000,6760
warehouse-10-20-2-1,warehouse-10-20-10-2-1-random-1,150,0,vanilla,False,-1,-1,12569,20000.4,0,0
warehouse-10-20-2-1,warehouse-10-20-10-2-1-random-1,150,0,tb_step_w10,False,-1,-1,12569,20000.8,1672050,11147
warehouse-10-20-2-1,warehouse-10-20-10-2-1-random-1,150,0,tb_agent_w10,False,-1,-1,12569,20000.8,1085255,2394
warehouse-10-20-2-1,warehouse-10-20-10-2-1-random-1,150,0,tb_start_w10,False,-1,-1,12569,20000.3,150,1
warehouse-10-20-2-1,warehouse-10-20-10-2-1-random-1,150,0,tb_step_wall,False,-1,-1,12569,20030.0,25650,171
warehouse-10-20-2-1,warehouse-10-20-10-2-1-random-1,150,0,pen0.1_step_w10,False,-1,-1,12569,20001.7,519600,3464
warehouse-10-20-2-1,warehouse-10-20-10-2-1-random-1,150,1,vanilla,False,-1,-1,12569,20000.5,0,0
warehouse-10-20-2-1,warehouse-10-20-10-2-1-random-1,150,1,tb_start_w10,False,-1,-1,12569,20000.7,150,1
warehouse-10-20-2-1,warehouse-10-20-10-2-1-random-1,150,1,tb_step_w10,False,-1,-1,12569,20001.2,1374900,9166
warehouse-10-20-2-1,warehouse-10-20-10-2-1-random-1,150,1,tb_agent_w10,False,-1,-1,12569,20000.1,1514232,3669
warehouse-10-20-2-1,warehouse-10-20-10-2-1-random-1,150,1,tb_step_wall,False,-1,-1,12569,20008.5,45150,301
warehouse-10-20-2-1,warehouse-10-20-10-2-1-random-1,150,1,pen0.1_step_w10,False,-1,-1,12569,20000.3,495000,3300
warehouse-10-20-2-1,warehouse-10-20-10-2-1-random-1,150,2,vanilla,False,-1,-1,12569,20000.4,0,0
warehouse-10-20-2-1,warehouse-10-20-10-2-1-random-1,150,2,tb_step_w10,False,-1,-1,12569,20001.3,1229550,8197
warehouse-10-20-2-1,warehouse-10-20-10-2-1-random-1,150,2,tb_agent_w10,False,-1,-1,12569,20000.8,1013142,2509
warehouse-10-20-2-1,warehouse-10-20-10-2-1-random-1,150,2,tb_start_w10,False,-1,-1,12569,20000.5,150,1
warehouse-10-20-2-1,warehouse-10-20-10-2-1-random-1,150,2,tb_step_wall,False,-1,-1,12569,20016.2,26400,176
warehouse-10-20-2-1,warehouse-10-20-10-2-1-random-1,150,2,pen0.1_step_w10,False,-1,-1,12569,20001.3,648300,4322
warehouse-10-20-2-1,warehouse-10-20-10-2-1-random-1,200,0,tb_step_w10,False,-1,-1,16019,20001.1,1167400,5837
warehouse-10-20-2-1,warehouse-10-20-10-2-1-random-1,200,0,vanilla,False,-1,-1,16019,20000.9,0,0
warehouse-10-20-2-1,warehouse-10-20-10-2-1-random-1,200,0,tb_step_wall,False,-1,-1,16019,20018.7,61600,308
warehouse-10-20-2-1,warehouse-10-20-10-2-1-random-1,200,0,tb_agent_w10,False,-1,-1,16019,20000.6,415227,806
warehouse-10-20-2-1,warehouse-10-20-10-2-1-random-1,200,0,tb_start_w10,False,-1,-1,16019,20000.8,200,1
warehouse-10-20-2-1,warehouse-10-20-10-2-1-random-1,200,1,vanilla,False,-1,-1,16019,20000.4,0,0
warehouse-10-20-2-1,warehouse-10-20-10-2-1-random-1,200,0,pen0.1_step_w10,False,-1,-1,16019,20005.3,330000,1650
warehouse-10-20-2-1,warehouse-10-20-10-2-1-random-2,50,0,vanilla,True,6028,303,4514,562.8,0,0
warehouse-10-20-2-1,warehouse-10-20-10-2-1-random-1,200,1,tb_step_w10,False,-1,-1,16019,20001.1,397400,1987
warehouse-10-20-2-1,warehouse-10-20-10-2-1-random-2,50,0,tb_step_w10,True,4753,189,4514,1559.5,9800,196
warehouse-10-20-2-1,warehouse-10-20-10-2-1-random-2,50,0,tb_start_w10,True,7442,450,4514,940.5,50,1
warehouse-10-20-2-1,warehouse-10-20-10-2-1-random-2,50,0,tb_agent_w10,True,4714,189,4514,2582.8,19635,191
warehouse-10-20-2-1,warehouse-10-20-10-2-1-random-1,200,1,tb_agent_w10,False,-1,-1,16019,20012.4,301265,624
warehouse-10-20-2-1,warehouse-10-20-10-2-1-random-2,50,1,vanilla,True,5466,306,4514,404.5,0,0
warehouse-10-20-2-1,warehouse-10-20-10-2-1-random-2,50,0,pen0.1_step_w10,True,4790,189,4514,1603.8,9800,196
warehouse-10-20-2-1,warehouse-10-20-10-2-1-random-2,50,1,tb_step_w10,True,4789,189,4514,1562.5,9550,191
warehouse-10-20-2-1,warehouse-10-20-10-2-1-random-2,50,1,tb_start_w10,True,7223,448,4514,1018.5,50,1
warehouse-10-20-2-1,warehouse-10-20-10-2-1-random-2,50,1,tb_agent_w10,True,5980,334,4514,4244.9,78202,600
warehouse-10-20-2-1,warehouse-10-20-10-2-1-random-2,50,0,tb_step_wall,True,4713,231,4514,6789.5,11700,234
warehouse-10-20-2-1,warehouse-10-20-10-2-1-random-2,50,2,vanilla,True,5412,274,4514,393.4,0,0
warehouse-10-20-2-1,warehouse-10-20-10-2-1-random-2,50,1,pen0.1_step_w10,True,4789,189,4514,1600.1,9550,191
warehouse-10-20-2-1,warehouse-10-20-10-2-1-random-2,50,2,tb_step_w10,True,4754,189,4514,1567.5,9700,194
warehouse-10-20-2-1,warehouse-10-20-10-2-1-random-2,50,2,tb_start_w10,True,7238,514,4514,901.2,50,1
warehouse-10-20-2-1,warehouse-10-20-10-2-1-random-1,200,1,tb_start_w10,False,-1,-1,16019,20000.4,200,1
warehouse-10-20-2-1,warehouse-10-20-10-2-1-random-2,50,1,tb_step_wall,True,4733,231,4514,6747.3,11650,233
warehouse-10-20-2-1,warehouse-10-20-10-2-1-random-2,50,2,pen0.1_step_w10,True,4754,189,4514,966.5,9700,194
warehouse-10-20-2-1,warehouse-10-20-10-2-1-random-2,50,2,tb_agent_w10,True,5675,327,4514,3380.3,48319,403
warehouse-10-20-2-1,warehouse-10-20-10-2-1-random-1,200,1,tb_step_wall,False,-1,-1,16019,20018.0,15600,78
warehouse-10-20-2-1,warehouse-10-20-10-2-1-random-1,200,1,pen0.1_step_w10,False,-1,-1,16019,20001.7,284600,1423
warehouse-10-20-2-1,warehouse-10-20-10-2-1-random-2,100,0,vanilla,True,17468,668,8963,2378.8,0,0
warehouse-10-20-2-1,warehouse-10-20-10-2-1-random-1,200,2,vanilla,False,-1,-1,16019,20000.6,0,0
warehouse-10-20-2-1,warehouse-10-20-10-2-1-random-1,200,2,tb_agent_w10,False,-1,-1,16019,20003.3,643100,1348
warehouse-10-20-2-1,warehouse-10-20-10-2-1-random-1,200,2,tb_step_w10,False,-1,-1,16019,20003.3,325800,1629
warehouse-10-20-2-1,warehouse-10-20-10-2-1-random-1,200,2,tb_start_w10,False,-1,-1,16019,20001.5,200,1
warehouse-10-20-2-1,warehouse-10-20-10-2-1-random-1,200,2,tb_step_wall,False,-1,-1,16019,20123.3,15400,77
warehouse-10-20-2-1,warehouse-10-20-10-2-1-random-2,100,1,vanilla,True,21221,758,8963,1239.2,0,0
warehouse-10-20-2-1,warehouse-10-20-10-2-1-random-1,200,2,pen0.1_step_w10,False,-1,-1,16019,20000.8,606400,3032
warehouse-10-20-2-1,warehouse-10-20-10-2-1-random-2,100,0,tb_start_w10,True,20270,821,8963,3565.8,100,1
warehouse-10-20-2-1,warehouse-10-20-10-2-1-random-2,50,2,tb_step_wall,True,4735,231,4514,6805.2,12750,255
warehouse-10-20-2-1,warehouse-10-20-10-2-1-random-2,100,2,vanilla,True,22732,789,8963,1819.5,0,0
warehouse-10-20-2-1,warehouse-10-20-10-2-1-random-2,100,2,tb_start_w10,True,21617,816,8963,1517.0,100,1
warehouse-10-20-2-1,warehouse-10-20-10-2-1-random-2,100,0,pen0.1_step_w10,True,15075,583,8963,8704.5,144500,1445
warehouse-10-20-2-1,warehouse-10-20-10-2-1-random-2,100,1,tb_agent_w10,True,14427,564,8963,10754.3,253783,930
warehouse-10-20-2-1,warehouse-10-20-10-2-1-random-2,100,2,pen0.1_step_w10,True,17838,714,8963,7619.9,102800,1028
warehouse-10-20-2-1,warehouse-10-20-10-2-1-random-2,100,0,tb_step_w10,False,-1,-1,8963,20000.6,1423400,14234
warehouse-10-20-2-1,warehouse-10-20-10-2-1-random-2,100,2,tb_agent_w10,True,13860,600,8963,14565.3,379354,1413
warehouse-10-20-2-1,warehouse-10-20-10-2-1-random-2,100,0,tb_agent_w10,False,-1,-1,8963,20005.3,435919,1621
warehouse-10-20-2-1,warehouse-10-20-10-2-1-random-2,100,1,tb_start_w10,True,29536,1088,8963,17510.9,100,1
warehouse-10-20-2-1,warehouse-10-20-10-2-1-random-2,100,0,tb_step_wall,False,-1,-1,8963,20003.5,65000,650
warehouse-10-20-2-1,warehouse-10-20-10-2-1-random-2,100,2,tb_step_wall,True,14478,470,8963,13691.3,139200,1392
warehouse-10-20-2-1,warehouse-10-20-10-2-1-random-2,100,1,tb_step_w10,False,-1,-1,8963,20000.3,1592300,15923
warehouse-10-20-2-1,warehouse-10-20-10-2-1-random-2,100,1,tb_step_wall,False,-1,-1,8963,20000.4,98200,982
warehouse-10-20-2-1,warehouse-10-20-10-2-1-random-2,100,1,pen0.1_step_w10,False,-1,-1,8963,20000.2,1006600,10066
warehouse-10-20-2-1,warehouse-10-20-10-2-1-random-2,100,2,tb_step_w10,False,-1,-1,8963,20001.2,498900,4989
warehouse-10-20-2-1,warehouse-10-20-10-2-1-random-2,150,0,vanilla,False,-1,-1,12335,20000.7,0,0
warehouse-10-20-2-1,warehouse-10-20-10-2-1-random-2,150,1,tb_step_w10,True,34796,999,12335,13941.4,497550,3317
warehouse-10-20-2-1,warehouse-10-20-10-2-1-random-2,150,0,tb_step_w10,False,-1,-1,12335,20001.1,661500,4410
warehouse-10-20-2-1,warehouse-10-20-10-2-1-random-2,150,0,tb_agent_w10,False,-1,-1,12335,20002.3,665244,1735
warehouse-10-20-2-1,warehouse-10-20-10-2-1-random-2,150,0,tb_start_w10,False,-1,-1,12335,20000.7,150,1
warehouse-10-20-2-1,warehouse-10-20-10-2-1-random-2,150,0,tb_step_wall,False,-1,-1,12335,20009.4,34650,231
warehouse-10-20-2-1,warehouse-10-20-10-2-1-random-2,150,0,pen0.1_step_w10,False,-1,-1,12335,20001.4,293550,1957
warehouse-10-20-2-1,warehouse-10-20-10-2-1-random-2,150,1,vanilla,False,-1,-1,12335,20001.0,0,0
warehouse-10-20-2-1,warehouse-10-20-10-2-1-random-2,150,1,tb_agent_w10,False,-1,-1,12335,20001.3,1632863,3997
warehouse-10-20-2-1,warehouse-10-20-10-2-1-random-2,150,1,tb_step_wall,False,-1,-1,12335,20000.6,529800,3532
warehouse-10-20-2-1,warehouse-10-20-10-2-1-random-2,150,1,tb_start_w10,False,-1,-1,12335,20000.5,150,1
warehouse-10-20-2-1,warehouse-10-20-10-2-1-random-2,150,1,pen0.1_step_w10,False,-1,-1,12335,20000.6,428550,2857
warehouse-10-20-2-1,warehouse-10-20-10-2-1-random-2,150,2,tb_step_w10,True,22040,593,12335,10273.3,339000,2260
warehouse-10-20-2-1,warehouse-10-20-10-2-1-random-2,150,2,vanilla,False,-1,-1,12335,20000.5,0,0
warehouse-10-20-2-1,warehouse-10-20-10-2-1-random-2,200,0,vanilla,True,79547,1665,16197,16185.7,0,0
warehouse-10-20-2-1,warehouse-10-20-10-2-1-random-2,150,2,tb_agent_w10,False,-1,-1,12335,20002.8,282201,743
warehouse-10-20-2-1,warehouse-10-20-10-2-1-random-2,150,2,tb_start_w10,False,-1,-1,12335,20000.4,150,1
warehouse-10-20-2-1,warehouse-10-20-10-2-1-random-2,150,2,tb_step_wall,False,-1,-1,12335,20005.2,31350,209
warehouse-10-20-2-1,warehouse-10-20-10-2-1-random-2,150,2,pen0.1_step_w10,True,28283,833,12335,19991.2,394950,2633
warehouse-10-20-2-1,warehouse-10-20-10-2-1-random-2,200,0,tb_step_w10,False,-1,-1,16197,20006.1,330600,1653
warehouse-10-20-2-1,warehouse-10-20-10-2-1-random-2,200,0,tb_agent_w10,False,-1,-1,16197,20008.9,483781,1130
warehouse-10-20-2-1,warehouse-10-20-10-2-1-random-2,200,0,tb_start_w10,False,-1,-1,16197,20000.5,200,1
warehouse-10-20-2-1,warehouse-10-20-10-2-1-random-2,200,0,tb_step_wall,False,-1,-1,16197,20008.9,15600,78
warehouse-10-20-2-1,warehouse-10-20-10-2-1-random-2,200,0,pen0.1_step_w10,False,-1,-1,16197,20004.3,280000,1400
warehouse-10-20-2-1,warehouse-10-20-10-2-1-random-2,200,1,vanilla,False,-1,-1,16197,20000.4,0,0
warehouse-10-20-2-1,warehouse-10-20-10-2-1-random-2,200,1,tb_step_w10,False,-1,-1,16197,20008.0,268600,1343
warehouse-10-20-2-1,warehouse-10-20-10-2-1-random-2,200,1,tb_agent_w10,False,-1,-1,16197,20000.5,212663,515
warehouse-10-20-2-1,warehouse-10-20-10-2-1-random-2,200,1,tb_start_w10,False,-1,-1,16197,20000.4,200,1
warehouse-10-20-2-1,warehouse-10-20-10-2-1-random-2,200,1,tb_step_wall,False,-1,-1,16197,20011.3,54400,272
warehouse-10-20-2-1,warehouse-10-20-10-2-1-random-2,200,1,pen0.1_step_w10,False,-1,-1,16197,20006.2,219000,1095
warehouse-10-20-2-1,warehouse-10-20-10-2-1-random-2,200,2,vanilla,False,-1,-1,16197,20000.5,0,0
warehouse-10-20-2-1,warehouse-10-20-10-2-1-random-2,200,2,tb_step_w10,False,-1,-1,16197,20003.7,336000,1680
warehouse-10-20-2-1,warehouse-10-20-10-2-1-random-2,200,2,tb_agent_w10,False,-1,-1,16197,20003.6,596752,1305
warehouse-10-20-2-1,warehouse-10-20-10-2-1-random-2,200,2,tb_start_w10,False,-1,-1,16197,20000.7,200,1
warehouse-10-20-2-1,warehouse-10-20-10-2-1-random-2,200,2,tb_step_wall,False,-1,-1,16197,20000.5,15400,77
warehouse-10-20-2-1,warehouse-10-20-10-2-1-random-2,200,2,pen0.1_step_w10,False,-1,-1,16197,20006.9,263400,1317
warehouse-10-20-2-1,warehouse-10-20-10-2-1-random-3,50,0,vanilla,False,-1,-1,4317,20001.2,0,0
warehouse-10-20-2-1,warehouse-10-20-10-2-1-random-3,50,0,tb_step_w10,False,-1,-1,4317,20000.5,908250,18165
warehouse-10-20-2-1,warehouse-10-20-10-2-1-random-3,50,0,tb_agent_w10,False,-1,-1,4317,20000.8,1503118,11332
warehouse-10-20-2-1,warehouse-10-20-10-2-1-random-3,50,0,tb_step_wall,False,-1,-1,4317,20000.5,1310650,26213
warehouse-10-20-2-1,warehouse-10-20-10-2-1-random-3,50,0,tb_start_w10,False,-1,-1,4317,20000.8,50,1
warehouse-10-20-2-1,warehouse-10-20-10-2-1-random-3,50,0,pen0.1_step_w10,False,-1,-1,4317,20000.6,674000,13480
warehouse-10-20-2-1,warehouse-10-20-10-2-1-random-3,50,1,vanilla,False,-1,-1,4317,20001.1,0,0
warehouse-10-20-2-1,warehouse-10-20-10-2-1-random-3,50,1,tb_step_w10,False,-1,-1,4317,20000.8,913550,18271
warehouse-10-20-2-1,warehouse-10-20-10-2-1-random-3,50,1,tb_agent_w10,False,-1,-1,4317,20000.8,2572942,19419
warehouse-10-20-2-1,warehouse-10-20-10-2-1-random-3,50,1,tb_start_w10,False,-1,-1,4317,20001.0,50,1
warehouse-10-20-2-1,warehouse-10-20-10-2-1-random-3,50,1,tb_step_wall,False,-1,-1,4317,20000.4,667200,13344
warehouse-10-20-2-1,warehouse-10-20-10-2-1-random-3,50,1,pen0.1_step_w10,False,-1,-1,4317,20000.4,683550,13671
warehouse-10-20-2-1,warehouse-10-20-10-2-1-random-3,50,2,vanilla,False,-1,-1,4317,20001.9,0,0
warehouse-10-20-2-1,warehouse-10-20-10-2-1-random-3,50,2,tb_step_w10,False,-1,-1,4317,20001.0,896400,17928
warehouse-10-20-2-1,warehouse-10-20-10-2-1-random-3,50,2,tb_agent_w10,False,-1,-1,4317,20001.1,1492337,11182
warehouse-10-20-2-1,warehouse-10-20-10-2-1-random-3,50,2,tb_start_w10,False,-1,-1,4317,20001.0,50,1
warehouse-10-20-2-1,warehouse-10-20-10-2-1-random-3,50,2,tb_step_wall,False,-1,-1,4317,20000.8,680250,13605
warehouse-10-20-2-1,warehouse-10-20-10-2-1-random-3,50,2,pen0.1_step_w10,False,-1,-1,4317,20000.5,667700,13354
warehouse-10-20-2-1,warehouse-10-20-10-2-1-random-3,100,0,vanilla,False,-1,-1,8969,20000.9,0,0
warehouse-10-20-2-1,warehouse-10-20-10-2-1-random-3,100,0,tb_step_w10,False,-1,-1,8969,20000.2,881700,8817
warehouse-10-20-2-1,warehouse-10-20-10-2-1-random-3,100,0,tb_agent_w10,False,-1,-1,8969,20000.5,2209266,7972
warehouse-10-20-2-1,warehouse-10-20-10-2-1-random-3,100,0,tb_start_w10,False,-1,-1,8969,20000.5,100,1
warehouse-10-20-2-1,warehouse-10-20-10-2-1-random-3,100,0,tb_step_wall,False,-1,-1,8969,20002.4,74900,749
warehouse-10-20-2-1,warehouse-10-20-10-2-1-random-3,100,0,pen0.1_step_w10,False,-1,-1,8969,20011.0,1089000,10890
warehouse-10-20-2-1,warehouse-10-20-10-2-1-random-3,100,1,vanilla,False,-1,-1,8969,20000.9,0,0
warehouse-10-20-2-1,warehouse-10-20-10-2-1-random-3,100,1,tb_step_w10,False,-1,-1,8969,20000.5,942700,9427
warehouse-10-20-2-1,warehouse-10-20-10-2-1-random-3,100,1,tb_agent_w10,False,-1,-1,8969,20000.3,1252635,4428
warehouse-10-20-2-1,warehouse-10-20-10-2-1-random-3,100,1,tb_start_w10,False,-1,-1,8969,20000.5,100,1
warehouse-10-20-2-1,warehouse-10-20-10-2-1-random-3,100,1,tb_step_wall,False,-1,-1,8969,20007.4,61500,615
warehouse-10-20-2-1,warehouse-10-20-10-2-1-random-3,100,1,pen0.1_step_w10,False,-1,-1,8969,20001.3,641600,6416
warehouse-10-20-2-1,warehouse-10-20-10-2-1-random-3,100,2,vanilla,False,-1,-1,8969,20001.1,0,0
warehouse-10-20-2-1,warehouse-10-20-10-2-1-random-3,100,2,tb_step_w10,False,-1,-1,8969,20001.3,920800,9208
warehouse-10-20-2-1,warehouse-10-20-10-2-1-random-3,100,2,tb_agent_w10,False,-1,-1,8969,20000.8,2683360,9765
warehouse-10-20-2-1,warehouse-10-20-10-2-1-random-3,100,2,tb_start_w10,False,-1,-1,8969,20000.4,100,1
warehouse-10-20-2-1,warehouse-10-20-10-2-1-random-3,100,2,tb_step_wall,True,13727,546,8969,19944.3,92700,927
warehouse-10-20-2-1,warehouse-10-20-10-2-1-random-3,100,2,pen0.1_step_w10,False,-1,-1,8969,20001.0,1097700,10977
warehouse-10-20-2-1,warehouse-10-20-10-2-1-random-3,150,0,vanilla,False,-1,-1,12458,20000.9,0,0
warehouse-10-20-2-1,warehouse-10-20-10-2-1-random-3,150,0,tb_step_w10,False,-1,-1,12458,20000.9,664350,4429
warehouse-10-20-2-1,warehouse-10-20-10-2-1-random-3,150,0,tb_agent_w10,False,-1,-1,12458,20002.1,720809,1760
warehouse-10-20-2-1,warehouse-10-20-10-2-1-random-3,150,0,tb_start_w10,False,-1,-1,12458,20000.3,150,1
warehouse-10-20-2-1,warehouse-10-20-10-2-1-random-3,150,0,tb_step_wall,False,-1,-1,12458,20015.7,31650,211
warehouse-10-20-2-1,warehouse-10-20-10-2-1-random-3,150,0,pen0.1_step_w10,False,-1,-1,12458,20001.4,584700,3898
warehouse-10-20-2-1,warehouse-10-20-10-2-1-random-3,150,1,vanilla,False,-1,-1,12458,20000.3,0,0
warehouse-10-20-2-1,warehouse-10-20-10-2-1-random-3,150,1,tb_agent_w10,False,-1,-1,12458,20000.9,1158378,2885
warehouse-10-20-2-1,warehouse-10-20-10-2-1-random-3,150,1,tb_step_w10,False,-1,-1,12458,20000.8,523050,3487
warehouse-10-20-2-1,warehouse-10-20-10-2-1-random-3,150,1,tb_start_w10,False,-1,-1,12458,20000.5,150,1
warehouse-10-20-2-1,warehouse-10-20-10-2-1-random-3,150,1,tb_step_wall,False,-1,-1,12458,20002.0,30000,200
warehouse-10-20-2-1,warehouse-10-20-10-2-1-random-3,150,1,pen0.1_step_w10,False,-1,-1,12458,20001.0,832800,5552
warehouse-10-20-2-1,warehouse-10-20-10-2-1-random-3,150,2,vanilla,False,-1,-1,12458,20001.0,0,0
warehouse-10-20-2-1,warehouse-10-20-10-2-1-random-3,150,2,tb_step_w10,False,-1,-1,12458,20001.6,487500,3250
warehouse-10-20-2-1,warehouse-10-20-10-2-1-random-3,150,2,tb_agent_w10,False,-1,-1,12458,20002.7,387716,987
warehouse-10-20-2-1,warehouse-10-20-10-2-1-random-3,150,2,tb_start_w10,False,-1,-1,12458,20000.7,150,1
warehouse-10-20-2-1,warehouse-10-20-10-2-1-random-3,150,2,tb_step_wall,False,-1,-1,12458,20017.4,31950,213
warehouse-10-20-2-1,warehouse-10-20-10-2-1-random-3,150,2,pen0.1_step_w10,False,-1,-1,12458,20002.5,410250,2735
warehouse-10-20-2-1,warehouse-10-20-10-2-1-random-3,200,0,vanilla,False,-1,-1,16393,20000.6,0,0
warehouse-10-20-2-1,warehouse-10-20-10-2-1-random-3,200,0,tb_step_w10,False,-1,-1,16393,20000.1,1096000,5480
warehouse-10-20-2-1,warehouse-10-20-10-2-1-random-3,200,0,tb_agent_w10,False,-1,-1,16393,20012.0,283801,624
warehouse-10-20-2-1,warehouse-10-20-10-2-1-random-3,200,0,tb_start_w10,False,-1,-1,16393,20000.2,200,1
warehouse-10-20-2-1,warehouse-10-20-10-2-1-random-3,200,0,pen0.1_step_w10,False,-1,-1,16393,20000.6,671000,3355
warehouse-10-20-2-1,warehouse-10-20-10-2-1-random-3,200,0,tb_step_wall,False,-1,-1,16393,20066.0,14800,74
warehouse-10-20-2-1,warehouse-10-20-10-2-1-random-3,200,1,vanilla,False,-1,-1,16393,20000.7,0,0
warehouse-10-20-2-1,warehouse-10-20-10-2-1-random-4,50,0,vanilla,True,6478,445,4170,439.7,0,0
warehouse-10-20-2-1,warehouse-10-20-10-2-1-random-4,50,0,tb_step_w10,True,5923,408,4170,3233.6,46650,933
warehouse-10-20-2-1,warehouse-10-20-10-2-1-random-4,50,0,tb_agent_w10,True,5911,410,4170,5034.9,96456,733
warehouse-10-20-2-1,warehouse-10-20-10-2-1-random-3,200,1,tb_step_w10,False,-1,-1,16393,20000.5,261800,1309
warehouse-10-20-2-1,warehouse-10-20-10-2-1-random-4,50,0,tb_start_w10,True,8131,536,4170,1413.2,50,1
warehouse-10-20-2-1,warehouse-10-20-10-2-1-random-3,200,1,tb_agent_w10,False,-1,-1,16393,20008.4,266293,548
warehouse-10-20-2-1,warehouse-10-20-10-2-1-random-3,200,1,tb_start_w10,False,-1,-1,16393,20000.9,200,1
warehouse-10-20-2-1,warehouse-10-20-10-2-1-random-4,50,1,vanilla,True,8029,502,4170,707.1,0,0
warehouse-10-20-2-1,warehouse-10-20-10-2-1-random-4,50,1,tb_step_w10,True,5065,302,4170,1207.6,24600,492
warehouse-10-20-2-1,warehouse-10-20-10-2-1-random-3,200,1,tb_step_wall,False,-1,-1,16393,20025.5,15000,75
warehouse-10-20-2-1,warehouse-10-20-10-2-1-random-4,50,0,pen0.1_step_w10,True,5923,408,4170,3446.1,46650,933
warehouse-10-20-2-1,warehouse-10-20-10-2-1-random-4,50,1,tb_start_w10,True,7981,541,4170,777.0,50,1
warehouse-10-20-2-1,warehouse-10-20-10-2-1-random-4,50,2,vanilla,True,5483,337,4170,194.0,0,0
warehouse-10-20-2-1,warehouse-10-20-10-2-1-random-3,200,1,pen0.1_step_w10,False,-1,-1,16393,20008.6,257000,1285
warehouse-10-20-2-1,warehouse-10-20-10-2-1-random-3,200,2,tb_step_w10,False,-1,-1,16393,20000.4,853800,4269
warehouse-10-20-2-1,warehouse-10-20-10-2-1-random-3,200,2,vanilla,False,-1,-1,16393,20001.1,0,0
warehouse-10-20-2-1,warehouse-10-20-10-2-1-random-4,50,2,tb_start_w10,True,5564,336,4170,350.2,50,1
warehouse-10-20-2-1,warehouse-10-20-10-2-1-random-4,50,2,tb_step_w10,True,4884,260,4170,1094.8,19100,382
warehouse-10-20-2-1,warehouse-10-20-10-2-1-random-4,50,0,tb_step_wall,True,4918,266,4170,6763.5,23000,460
warehouse-10-20-2-1,warehouse-10-20-10-2-1-random-3,200,2,tb_agent_w10,False,-1,-1,16393,20003.9,284655,617
warehouse-10-20-2-1,warehouse-10-20-10-2-1-random-3,200,2,tb_start_w10,False,-1,-1,16393,20000.9,200,1
warehouse-10-20-2-1,warehouse-10-20-10-2-1-random-4,50,1,tb_agent_w10,True,5078,302,4170,3572.2,66556,492
warehouse-10-20-2-1,warehouse-10-20-10-2-1-random-4,50,2,pen0.1_step_w10,True,4884,260,4170,1221.6,19100,382
warehouse-10-20-2-1,warehouse-10-20-10-2-1-random-4,100,0,vanilla,True,15261,558,7810,975.5,0,0
warehouse-10-20-2-1,warehouse-10-20-10-2-1-random-4,100,0,tb_start_w10,True,10577,360,7810,970.0,100,1
warehouse-10-20-2-1,warehouse-10-20-10-2-1-random-4,50,1,pen0.1_step_w10,True,6029,382,4170,3530.4,44500,890
warehouse-10-20-2-1,warehouse-10-20-10-2-1-random-3,200,2,tb_step_wall,False,-1,-1,16393,20021.2,63600,318
warehouse-10-20-2-1,warehouse-10-20-10-2-1-random-4,100,1,vanilla,True,20078,756,7810,951.2,0,0
warehouse-10-20-2-1,warehouse-10-20-10-2-1-random-4,50,2,tb_agent_w10,True,5049,304,4170,3641.3,72071,537
warehouse-10-20-2-1,warehouse-10-20-10-2-1-random-3,200,2,pen0.1_step_w10,False,-1,-1,16393,20000.2,348000,1740
warehouse-10-20-2-1,warehouse-10-20-10-2-1-random-4,50,1,tb_step_wall,True,4916,264,4170,6737.4,21750,435
warehouse-10-20-2-1,warehouse-10-20-10-2-1-random-4,100,2,vanilla,True,13881,505,7810,1392.0,0,0
warehouse-10-20-2-1,warehouse-10-20-10-2-1-random-4,100,1,tb_step_w10,True,11817,520,7810,4169.8,129600,1296
warehouse-10-20-2-1,warehouse-10-20-10-2-1-random-4,50,2,tb_step_wall,True,4947,260,4170,6524.7,19500,390
warehouse-10-20-2-1,warehouse-10-20-10-2-1-random-4,100,0,tb_agent_w10,True,9349,334,7810,6750.2,152326,573
warehouse-10-20-2-1,warehouse-10-20-10-2-1-random-4,100,0,pen0.1_step_w10,True,13494,526,7810,6381.7,160000,1600
warehouse-10-20-2-1,warehouse-10-20-10-2-1-random-4,100,2,tb_step_w10,True,9587,334,7810,4485.6,67900,679
warehouse-10-20-2-1,warehouse-10-20-10-2-1-random-4,100,1,pen0.1_step_w10,True,10925,476,7810,7465.4,129600,1296
warehouse-10-20-2-1,warehouse-10-20-10-2-1-random-4,100,1,tb_agent_w10,True,10014,381,7810,9136.7,225111,843
warehouse-10-20-2-1,warehouse-10-20-10-2-1-random-4,100,0,tb_step_w10,True,14337,572,7810,11480.1,214800,2148
warehouse-10-20-2-1,warehouse-10-20-10-2-1-random-4,100,1,tb_step_wall,True,11890,435,7810,10594.3,106800,1068
warehouse-10-20-2-1,warehouse-10-20-10-2-1-random-4,100,2,pen0.1_step_w10,True,9571,322,7810,5634.1,90000,900
warehouse-10-20-2-1,warehouse-10-20-10-2-1-random-4,100,2,tb_agent_w10,True,10571,423,7810,8816.1,210362,783
warehouse-10-20-2-1,warehouse-10-20-10-2-1-random-4,100,0,tb_step_wall,True,11946,438,7810,17854.8,117900,1179
warehouse-10-20-2-1,warehouse-10-20-10-2-1-random-4,100,2,tb_step_wall,True,11708,451,7810,15752.8,89100,891
warehouse-10-20-2-1,warehouse-10-20-10-2-1-random-4,100,1,tb_start_w10,False,-1,-1,7810,20000.6,100,1
warehouse-10-20-2-1,warehouse-10-20-10-2-1-random-4,100,2,tb_start_w10,False,-1,-1,7810,20000.8,100,1
warehouse-10-20-2-1,warehouse-10-20-10-2-1-random-4,150,0,vanilla,False,-1,-1,11211,20000.4,0,0
warehouse-10-20-2-1,warehouse-10-20-10-2-1-random-4,150,0,tb_step_w10,False,-1,-1,11211,20001.2,908400,6056
warehouse-10-20-2-1,warehouse-10-20-10-2-1-random-4,150,0,tb_agent_w10,False,-1,-1,11211,20000.9,673312,1616
warehouse-10-20-2-1,warehouse-10-20-10-2-1-random-4,150,0,tb_start_w10,False,-1,-1,11211,20001.0,150,1
warehouse-10-20-2-1,warehouse-10-20-10-2-1-random-4,150,0,tb_step_wall,False,-1,-1,11211,20000.1,48450,323
warehouse-10-20-2-1,warehouse-10-20-10-2-1-random-4,150,0,pen0.1_step_w10,False,-1,-1,11211,20000.3,1006200,6708
warehouse-10-20-2-1,warehouse-10-20-10-2-1-random-4,150,1,vanilla,False,-1,-1,11211,20000.6,0,0
warehouse-10-20-2-1,warehouse-10-20-10-2-1-random-4,150,1,tb_step_w10,False,-1,-1,11211,20005.9,363150,2421
warehouse-10-20-2-1,warehouse-10-20-10-2-1-random-4,150,1,tb_agent_w10,False,-1,-1,11211,20000.6,521061,1326
warehouse-10-20-2-1,warehouse-10-20-10-2-1-random-4,150,1,tb_step_wall,False,-1,-1,11211,20000.6,210750,1405
warehouse-10-20-2-1,warehouse-10-20-10-2-1-random-4,150,1,tb_start_w10,False,-1,-1,11211,20001.1,150,1
warehouse-10-20-2-1,warehouse-10-20-10-2-1-random-4,150,1,pen0.1_step_w10,False,-1,-1,11211,20000.8,773700,5158
warehouse-10-20-2-1,warehouse-10-20-10-2-1-random-4,150,2,vanilla,False,-1,-1,11211,20000.5,0,0
warehouse-10-20-2-1,warehouse-10-20-10-2-1-random-4,150,2,tb_step_w10,False,-1,-1,11211,20001.2,775350,5169
warehouse-10-20-2-1,warehouse-10-20-10-2-1-random-4,150,2,tb_agent_w10,False,-1,-1,11211,20002.0,1108722,2707
warehouse-10-20-2-1,warehouse-10-20-10-2-1-random-4,150,2,tb_start_w10,False,-1,-1,11211,20001.1,150,1
warehouse-10-20-2-1,warehouse-10-20-10-2-1-random-4,150,2,tb_step_wall,False,-1,-1,11211,20012.2,47550,317
warehouse-10-20-2-1,warehouse-10-20-10-2-1-random-4,150,2,pen0.1_step_w10,False,-1,-1,11211,20000.4,997050,6647
warehouse-10-20-2-1,warehouse-10-20-10-2-1-random-4,200,0,vanilla,False,-1,-1,15048,20001.2,0,0
warehouse-10-20-2-1,warehouse-10-20-10-2-1-random-4,200,0,tb_step_w10,False,-1,-1,15048,20009.6,273600,1368
warehouse-10-20-2-1,warehouse-10-20-10-2-1-random-4,200,0,tb_agent_w10,False,-1,-1,15048,20004.3,333967,675
warehouse-10-20-2-1,warehouse-10-20-10-2-1-random-4,200,0,tb_start_w10,False,-1,-1,15048,20000.9,200,1
warehouse-10-20-2-1,warehouse-10-20-10-2-1-random-4,200,0,tb_step_wall,False,-1,-1,15048,20071.1,19000,95
warehouse-10-20-2-1,warehouse-10-20-10-2-1-random-4,200,0,pen0.1_step_w10,False,-1,-1,15048,20001.3,657000,3285
warehouse-10-20-2-1,warehouse-10-20-10-2-1-random-4,200,1,vanilla,False,-1,-1,15048,20000.5,0,0
warehouse-10-20-2-1,warehouse-10-20-10-2-1-random-5,50,0,vanilla,True,5182,317,4160,200.5,0,0
warehouse-10-20-2-1,warehouse-10-20-10-2-1-random-5,50,0,tb_step_w10,True,4668,288,4160,943.1,15100,302
warehouse-10-20-2-1,warehouse-10-20-10-2-1-random-4,200,1,tb_step_w10,False,-1,-1,15048,20002.8,328800,1644
warehouse-10-20-2-1,warehouse-10-20-10-2-1-random-5,50,0,tb_agent_w10,True,4992,303,4160,1774.9,37855,340
warehouse-10-20-2-1,warehouse-10-20-10-2-1-random-5,50,0,tb_start_w10,True,5054,303,4160,562.2,50,1
warehouse-10-20-2-1,warehouse-10-20-10-2-1-random-4,200,1,tb_agent_w10,False,-1,-1,15048,20000.6,343085,700
warehouse-10-20-2-1,warehouse-10-20-10-2-1-random-4,200,1,tb_start_w10,False,-1,-1,15048,20000.2,200,1
warehouse-10-20-2-1,warehouse-10-20-10-2-1-random-5,50,1,vanilla,True,6586,402,4160,365.8,0,0
warehouse-10-20-2-1,warehouse-10-20-10-2-1-random-4,200,1,tb_step_wall,False,-1,-1,15048,20077.2,19200,96
warehouse-10-20-2-1,warehouse-10-20-10-2-1-random-4,200,1,pen0.1_step_w10,False,-1,-1,15048,20000.4,624600,3123
warehouse-10-20-2-1,warehouse-10-20-10-2-1-random-5,50,0,pen0.1_step_w10,True,4642,288,4160,1644.6,15100,302
warehouse-10-20-2-1,warehouse-10-20-10-2-1-random-5,50,1,tb_start_w10,True,4995,291,4160,580.6,50,1
warehouse-10-20-2-1,warehouse-10-20-10-2-1-random-5,50,1,tb_step_w10,True,4520,233,4160,1509.4,11650,233
warehouse-10-20-2-1,warehouse-10-20-10-2-1-random-5,50,2,vanilla,True,5588,370,4160,363.7,0,0
warehouse-10-20-2-1,warehouse-10-20-10-2-1-random-4,200,2,vanilla,False,-1,-1,15048,20001.0,0,0
warehouse-10-20-2-1,warehouse-10-20-10-2-1-random-5,50,1,pen0.1_step_w10,True,4520,233,4160,1539.2,11650,233
warehouse-10-20-2-1,warehouse-10-20-10-2-1-random-5,50,0,tb_step_wall,True,4990,303,4160,4031.8,17000,340
warehouse-10-20-2-1,warehouse-10-20-10-2-1-random-4,200,2,tb_step_w10,False,-1,-1,15048,20002.8,347800,1739
warehouse-10-20-2-1,warehouse-10-20-10-2-1-random-5,50,2,tb_start_w10,True,5239,312,4160,595.3,50,1
warehouse-10-20-2-1,warehouse-10-20-10-2-1-random-5,50,2,tb_step_w10,True,4644,288,4160,1713.4,18850,377
warehouse-10-20-2-1,warehouse-10-20-10-2-1-random-5,50,1,tb_agent_w10,True,5156,376,4160,3480.3,61459,486
warehouse-10-20-2-1,warehouse-10-20-10-2-1-random-5,50,2,pen0.1_step_w10,True,4644,288,4160,1100.8,18850,377
warehouse-10-20-2-1,warehouse-10-20-10-2-1-random-5,50,1,tb_step_wall,True,4997,303,4160,4018.2,16600,332
warehouse-10-20-2-1,warehouse-10-20-10-2-1-random-5,50,2,tb_agent_w10,True,4628,288,4160,2869.4,44483,377
warehouse-10-20-2-1,warehouse-10-20-10-2-1-random-4,200,2,tb_agent_w10,False,-1,-1,15048,20000.2,341107,685
warehouse-10-20-2-1,warehouse-10-20-10-2-1-random-5,50,2,tb_step_wall,True,4962,303,4160,6549.5,16400,328
warehouse-10-20-2-1,warehouse-10-20-10-2-1-random-4,200,2,tb_start_w10,False,-1,-1,15048,20000.6,200,1
warehouse-10-20-2-1,warehouse-10-20-10-2-1-random-4,200,2,tb_step_wall,False,-1,-1,15048,20026.1,19200,96
warehouse-10-20-2-1,warehouse-10-20-10-2-1-random-4,200,2,pen0.1_step_w10,False,-1,-1,15048,20000.3,499600,2498
warehouse-10-20-2-1,warehouse-10-20-10-2-1-random-5,100,1,tb_step_w10,True,12488,609,8536,5841.3,101800,1018
warehouse-10-20-2-1,warehouse-10-20-10-2-1-random-5,100,0,vanilla,True,15562,595,8536,17919.5,0,0
warehouse-10-20-2-1,warehouse-10-20-10-2-1-random-5,100,0,tb_step_w10,False,-1,-1,8536,20001.3,912300,9123
warehouse-10-20-2-1,warehouse-10-20-10-2-1-random-5,100,0,tb_agent_w10,False,-1,-1,8536,20001.4,1340726,4910
warehouse-10-20-2-1,warehouse-10-20-10-2-1-random-5,100,0,tb_start_w10,False,-1,-1,8536,20000.7,100,1
warehouse-10-20-2-1,warehouse-10-20-10-2-1-random-5,100,0,tb_step_wall,False,-1,-1,8536,20000.7,648800,6488
warehouse-10-20-2-1,warehouse-10-20-10-2-1-random-5,100,0,pen0.1_step_w10,False,-1,-1,8536,20000.7,1123400,11234
warehouse-10-20-2-1,warehouse-10-20-10-2-1-random-5,100,1,vanilla,False,-1,-1,8536,20000.8,0,0
warehouse-10-20-2-1,warehouse-10-20-10-2-1-random-5,100,1,tb_agent_w10,False,-1,-1,8536,20001.3,1242504,4725
warehouse-10-20-2-1,warehouse-10-20-10-2-1-random-5,100,1,tb_start_w10,False,-1,-1,8536,20000.7,100,1
warehouse-10-20-2-1,warehouse-10-20-10-2-1-random-5,100,1,tb_step_wall,False,-1,-1,8536,20005.9,68600,686
warehouse-10-20-2-1,warehouse-10-20-10-2-1-random-5,100,1,pen0.1_step_w10,False,-1,-1,8536,20000.9,1062300,10623
warehouse-10-20-2-1,warehouse-10-20-10-2-1-random-5,100,2,vanilla,False,-1,-1,8536,20000.7,0,0
warehouse-10-20-2-1,warehouse-10-20-10-2-1-random-5,100,2,tb_step_w10,False,-1,-1,8536,20000.9,863500,8635
warehouse-10-20-2-1,warehouse-10-20-10-2-1-random-5,100,2,tb_agent_w10,False,-1,-1,8536,20002.1,1279918,4692
warehouse-10-20-2-1,warehouse-10-20-10-2-1-random-5,100,2,tb_start_w10,False,-1,-1,8536,20000.9,100,1
warehouse-10-20-2-1,warehouse-10-20-10-2-1-random-5,100,2,pen0.1_step_w10,False,-1,-1,8536,20028.9,1016600,10166
warehouse-10-20-2-1,warehouse-10-20-10-2-1-random-5,100,2,tb_step_wall,False,-1,-1,8536,20000.7,72200,722
warehouse-10-20-2-1,warehouse-10-20-10-2-1-random-5,150,0,vanilla,False,-1,-1,12204,20000.8,0,0
warehouse-10-20-2-1,warehouse-10-20-10-2-1-random-5,150,0,tb_step_w10,False,-1,-1,12204,20001.2,967500,6450
warehouse-10-20-2-1,warehouse-10-20-10-2-1-random-5,150,0,tb_agent_w10,False,-1,-1,12204,20000.9,724692,1648
warehouse-10-20-2-1,warehouse-10-20-10-2-1-random-5,150,0,tb_start_w10,False,-1,-1,12204,20000.7,150,1
warehouse-10-20-2-1,warehouse-10-20-10-2-1-random-5,150,0,tb_step_wall,False,-1,-1,12204,20026.8,26550,177
warehouse-10-20-2-1,warehouse-10-20-10-2-1-random-5,150,0,pen0.1_step_w10,False,-1,-1,12204,20001.6,1076250,7175
warehouse-10-20-2-1,warehouse-10-20-10-2-1-random-5,150,1,vanilla,False,-1,-1,12204,20001.2,0,0
warehouse-10-20-2-1,warehouse-10-20-10-2-1-random-5,150,1,tb_step_w10,False,-1,-1,12204,20001.0,716550,4777
warehouse-10-20-2-1,warehouse-10-20-10-2-1-random-5,150,1,tb_step_wall,False,-1,-1,12204,20003.6,119100,794
warehouse-10-20-2-1,warehouse-10-20-10-2-1-random-5,150,1,tb_agent_w10,False,-1,-1,12204,20001.4,547423,1351
warehouse-10-20-2-1,warehouse-10-20-10-2-1-random-5,150,1,tb_start_w10,False,-1,-1,12204,20000.5,150,1
warehouse-10-20-2-1,warehouse-10-20-10-2-1-random-5,150,1,pen0.1_step_w10,False,-1,-1,12204,20000.3,392550,2617
warehouse-10-20-2-1,warehouse-10-20-10-2-1-random-5,150,2,vanilla,False,-1,-1,12204,20000.2,0,0
warehouse-10-20-2-1,warehouse-10-20-10-2-1-random-5,150,2,tb_step_w10,False,-1,-1,12204,20000.1,782250,5215
warehouse-10-20-2-1,warehouse-10-20-10-2-1-random-5,150,2,tb_agent_w10,False,-1,-1,12204,20003.0,506596,1386
warehouse-10-20-2-1,warehouse-10-20-10-2-1-random-5,150,2,tb_start_w10,False,-1,-1,12204,20015.9,150,1
warehouse-10-20-2-1,warehouse-10-20-10-2-1-random-5,150,2,tb_step_wall,False,-1,-1,12204,20022.3,27300,182
warehouse-10-20-2-1,warehouse-10-20-10-2-1-random-5,150,2,pen0.1_step_w10,False,-1,-1,12204,20001.6,1126950,7513
warehouse-10-20-2-1,warehouse-10-20-10-2-1-random-5,200,0,vanilla,False,-1,-1,16004,20000.6,0,0
warehouse-10-20-2-1,warehouse-10-20-10-2-1-random-5,200,0,tb_step_w10,False,-1,-1,16004,20002.6,335400,1677
warehouse-10-20-2-1,warehouse-10-20-10-2-1-random-5,200,0,tb_agent_w10,False,-1,-1,16004,20004.8,708537,1440
warehouse-10-20-2-1,warehouse-10-20-10-2-1-random-5,200,0,tb_start_w10,False,-1,-1,16004,20000.5,200,1
warehouse-10-20-2-1,warehouse-10-20-10-2-1-random-5,200,0,tb_step_wall,False,-1,-1,16004,20055.6,16400,82
warehouse-10-20-2-1,warehouse-10-20-10-2-1-random-5,200,0,pen0.1_step_w10,False,-1,-1,16004,20000.2,321600,1608
warehouse-10-20-2-1,warehouse-10-20-10-2-1-random-5,200,1,vanilla,False,-1,-1,16004,20000.5,0,0
warehouse-10-20-2-1,warehouse-10-20-10-2-1-random-5,200,1,tb_step_w10,False,-1,-1,16004,20002.3,370600,1853
warehouse-10-20-2-1,warehouse-10-20-10-2-1-random-5,200,1,tb_agent_w10,False,-1,-1,16004,20002.4,446710,846
warehouse-10-20-2-1,warehouse-10-20-10-2-1-random-5,200,1,tb_start_w10,False,-1,-1,16004,20000.4,200,1
warehouse-10-20-2-1,warehouse-10-20-10-2-1-random-5,200,1,tb_step_wall,False,-1,-1,16004,20005.1,18200,91
warehouse-10-20-2-1,warehouse-10-20-10-2-1-random-5,200,1,pen0.1_step_w10,False,-1,-1,16004,20001.3,611200,3056
warehouse-10-20-2-1,warehouse-10-20-10-2-1-random-5,200,2,vanilla,False,-1,-1,16004,20000.6,0,0
warehouse-10-20-2-1,warehouse-10-20-10-2-1-random-5,200,2,tb_step_w10,False,-1,-1,16004,20002.5,730200,3651
warehouse-10-20-2-1,warehouse-10-20-10-2-1-random-5,200,2,tb_agent_w10,False,-1,-1,16004,20004.0,801961,1542
warehouse-10-20-2-1,warehouse-10-20-10-2-1-random-5,200,2,tb_start_w10,False,-1,-1,16004,20000.8,200,1
warehouse-10-20-2-1,warehouse-10-20-10-2-1-random-5,200,2,tb_step_wall,False,-1,-1,16004,20001.1,59400,297
warehouse-10-20-2-1,warehouse-10-20-10-2-1-random-5,200,2,pen0.1_step_w10,False,-1,-1,16004,20000.3,984400,4922
