solver_id,solver_label,map,scen,agents,seed,timeout,status,wallclock_s,solver_time_s,soc,makespan,sum_of_loss,soc_lb,makespan_lb,soc_ratio,exit_code,error,run_dir,first_soc,first_time_s,solver_stats
lg_lacam_fork:lacam,"LaCAM (no guidance, first solution)",room-32-32-4,room-32-32-4-random-1,50,1,30.0,solved,0.049455,0.011,1701,56,1593,1320,48,1.288636,0,,/home/carsten/Projects/MAPF/MAPF Evaluator/results/tlcpp-room-32-4/runs/lg_lacam_fork_lacam/room-32-32-4/room-32-32-4-random-1_a50_s1_r0,1701,0.011,"{""agents"": ""50"", ""comp_time"": ""11"", ""makespan"": ""56"", ""makespan_lb"": ""48"", ""map_file"": ""room-32-32-4.map"", ""seed"": ""1"", ""soc"": ""1701"", ""soc_lb"": ""1320"", ""solved"": ""1"", ""solver"": ""planner"", ""sum_of_loss"": ""1610"", ""sum_of_loss_lb"": ""1320""}"
lg_lacam_fork:lacam,"LaCAM (no guidance, first solution)",room-32-32-4,room-32-32-4-random-1,50,2,30.0,solved,0.027839,0.007,1682,55,1553,1320,48,1.274242,0,,/home/carsten/Projects/MAPF/MAPF Evaluator/results/tlcpp-room-32-4/runs/lg_lacam_fork_lacam/room-32-32-4/room-32-32-4-random-1_a50_s2_r0,1682,0.007,"{""agents"": ""50"", ""comp_time"": ""7"", ""makespan"": ""55"", ""makespan_lb"": ""48"", ""map_file"": ""room-32-32-4.map"", ""seed"": ""2"", ""soc"": ""1682"", ""soc_lb"": ""1320"", ""solved"": ""1"", ""solver"": ""planner"", ""sum_of_loss"": ""1566"", ""sum_of_loss_lb"": ""1320""}"
lg_lacam_fork:lacam,"LaCAM (no guidance, first solution)",room-32-32-4,room-32-32-4-random-1,50,0,30.0,solved,0.02906,0.009,1652,51,1514,1320,48,1.251515,0,,/home/carsten/Projects/MAPF/MAPF Evaluator/results/tlcpp-room-32-4/runs/lg_lacam_fork_lacam/room-32-32-4/room-32-32-4-random-1_a50_s0_r0,1652,0.009,"{""agents"": ""50"", ""comp_time"": ""9"", ""makespan"": ""51"", ""makespan_lb"": ""48"", ""map_file"": ""room-32-32-4.map"", ""seed"": ""0"", ""soc"": ""1652"", ""soc_lb"": ""1320"", ""solved"": ""1"", ""solver"": ""planner"", ""sum_of_loss"": ""1533"", ""sum_of_loss_lb"": ""1320""}"
lg_lacam_fork:tl,"LaCAM + traffic load (tie-break, per config)",room-32-32-4,room-32-32-4-random-1,50,0,30.0,solved,0.038804,0.014,1625,49,1467,1320,48,1.231061,0,,/home/carsten/Projects/MAPF/MAPF Evaluator/results/tlcpp-room-32-4/runs/lg_lacam_fork_tl/room-32-32-4/room-32-32-4-random-1_a50_s0_r0,1625,0.014,"{""agents"": ""50"", ""comp_time"": ""14"", ""makespan"": ""49"", ""makespan_lb"": ""48"", ""map_file"": ""room-32-32-4.map"", ""seed"": ""0"", ""soc"": ""1625"", ""soc_lb"": ""1320"", ""solved"": ""1"", ""solver"": ""planner"", ""sum_of_loss"": ""1483"", ""sum_of_loss_lb"": ""1320""}"
lg_lacam_fork:tl,"LaCAM + traffic load (tie-break, per config)",room-32-32-4,room-32-32-4-random-1,50,1,30.0,solved,0.047308,0.01,1641,50,1488,1320,48,1.243182,0,,/home/carsten/Projects/MAPF/MAPF Evaluator/results/tlcpp-room-32-4/runs/lg_lacam_fork_tl/room-32-32-4/room-32-32-4-random-1_a50_s1_r0,1641,0.01,"{""agents"": ""50"", ""comp_time"": ""10"", ""makespan"": ""50"", ""makespan_lb"": ""48"", ""map_file"": ""room-32-32-4.map"", ""seed"": ""1"", ""soc"": ""1641"", ""soc_lb"": ""1320"", ""solved"": ""1"", ""solver"": ""planner"", ""sum_of_loss"": ""1506"", ""sum_of_loss_lb"": ""1320""}"
lg_lacam_fork:tl,"LaCAM + traffic load (tie-break, per config)",room-32-32-4,room-32-32-4-random-1,50,2,30.0,solved,0.052023,0.018,1594,49,1471,1320,48,1.207576,0,,/home/carsten/Projects/MAPF/MAPF Evaluator/results/tlcpp-room-32-4/runs/lg_lacam_fork_tl/room-32-32-4/room-32-32-4-random-1_a50_s2_r0,1594,0.018,"{""agents"": ""50"", ""comp_time"": ""18"", ""makespan"": ""49"", ""makespan_lb"": ""48"", ""map_file"": ""room-32-32-4.map"", ""seed"": ""2"", ""soc"": ""1594"", ""soc_lb"": ""1320"", ""solved"": ""1"", ""solver"": ""planner"", ""sum_of_loss"": ""1483"", ""sum_of_loss_lb"": ""1320""}"
lg_lacam_fork:tl_agent,"LaCAM + traffic load (tie-break, per agent)",room-32-32-4,room-32-32-4-random-1,50,0,30.0,solved,0.047645,0.013,1637,51,1477,1320,48,1.240152,0,,/home/carsten/Projects/MAPF/MAPF Evaluator/results/tlcpp-room-32-4/runs/lg_lacam_fork_tl_agent/room-32-32-4/room-32-32-4-random-1_a50_s0_r0,1637,0.013,"{""agents"": ""50"", ""comp_time"": ""13"", ""makespan"": ""51"", ""makespan_lb"": ""48"", ""map_file"": ""room-32-32-4.map"", ""seed"": ""0"", ""soc"": ""1637"", ""soc_lb"": ""1320"", ""solved"": ""1"", ""solver"": ""planner"", ""sum_of_loss"": ""1494"", ""sum_of_loss_lb"": ""1320""}"
lg_lacam_fork:tl_agent,"LaCAM + traffic load (tie-break, per agent)",room-32-32-4,room-32-32-4-random-1,50,1,30.0,solved,0.071667,0.007,1630,50,1490,1320,48,1.234848,0,,/home/carsten/Projects/MAPF/MAPF Evaluator/results/tlcpp-room-32-4/runs/lg_lacam_fork_tl_agent/room-32-32-4/room-32-32-4-random-1_a50_s1_r0,1630,0.007,"{""agents"": ""50"", ""comp_time"": ""7"", ""makespan"": ""50"", ""makespan_lb"": ""48"", ""map_file"": ""room-32-32-4.map"", ""seed"": ""1"", ""soc"": ""1630"", ""soc_lb"": ""1320"", ""solved"": ""1"", ""solver"": ""planner"", ""sum_of_loss"": ""1507"", ""sum_of_loss_lb"": ""1320""}"
lg_lacam_fork:tl_agent,"LaCAM + traffic load (tie-break, per agent)",room-32-32-4,room-32-32-4-random-1,50,2,30.0,solved,0.025559,0.008,1603,49,1461,1320,48,1.214394,0,,/home/carsten/Projects/MAPF/MAPF Evaluator/results/tlcpp-room-32-4/runs/lg_lacam_fork_tl_agent/room-32-32-4/room-32-32-4-random-1_a50_s2_r0,1603,0.008,"{""agents"": ""50"", ""comp_time"": ""8"", ""makespan"": ""49"", ""makespan_lb"": ""48"", ""map_file"": ""room-32-32-4.map"", ""seed"": ""2"", ""soc"": ""1603"", ""soc_lb"": ""1320"", ""solved"": ""1"", ""solver"": ""planner"", ""sum_of_loss"": ""1476"", ""sum_of_loss_lb"": ""1320""}"
lg_lacam_fork:tl_static,LaCAM + traffic load (static map from starts),room-32-32-4,room-32-32-4-random-1,50,0,30.0,solved,0.061776,0.006,1648,51,1500,1320,48,1.248485,0,,/home/carsten/Projects/MAPF/MAPF Evaluator/results/tlcpp-room-32-4/runs/lg_lacam_fork_tl_static/room-32-32-4/room-32-32-4-random-1_a50_s0_r0,1648,0.006,"{""agents"": ""50"", ""comp_time"": ""6"", ""makespan"": ""51"", ""makespan_lb"": ""48"", ""map_file"": ""room-32-32-4.map"", ""seed"": ""0"", ""soc"": ""1648"", ""soc_lb"": ""1320"", ""solved"": ""1"", ""solver"": ""planner"", ""sum_of_loss"": ""1515"", ""sum_of_loss_lb"": ""1320""}"
lg_lacam_fork:tl_static,LaCAM + traffic load (static map from starts),room-32-32-4,room-32-32-4-random-1,50,1,30.0,solved,0.023163,0.009,1631,51,1509,1320,48,1.235606,0,,/home/carsten/Projects/MAPF/MAPF Evaluator/results/tlcpp-room-32-4/runs/lg_lacam_fork_tl_static/room-32-32-4/room-32-32-4-random-1_a50_s1_r0,1631,0.009,"{""agents"": ""50"", ""comp_time"": ""9"", ""makespan"": ""51"", ""makespan_lb"": ""48"", ""map_file"": ""room-32-32-4.map"", ""seed"": ""1"", ""soc"": ""1631"", ""soc_lb"": ""1320"", ""solved"": ""1"", ""solver"": ""planner"", ""sum_of_loss"": ""1522"", ""sum_of_loss_lb"": ""1320""}"
lg_lacam_fork:tl_static,LaCAM + traffic load (static map from starts),room-32-32-4,room-32-32-4-random-1,50,2,30.0,solved,0.028957,0.006,1646,51,1512,1320,48,1.24697,0,,/home/carsten/Projects/MAPF/MAPF Evaluator/results/tlcpp-room-32-4/runs/lg_lacam_fork_tl_static/room-32-32-4/room-32-32-4-random-1_a50_s2_r0,1646,0.006,"{""agents"": ""50"", ""comp_time"": ""6"", ""makespan"": ""51"", ""makespan_lb"": ""48"", ""map_file"": ""room-32-32-4.map"", ""seed"": ""2"", ""soc"": ""1646"", ""soc_lb"": ""1320"", ""solved"": ""1"", ""solver"": ""planner"", ""sum_of_loss"": ""1525"", ""sum_of_loss_lb"": ""1320""}"
lg_lacam_fork:suo,LaCAM3 = SUO (first solution),room-32-32-4,room-32-32-4-random-1,50,0,30.0,solved,0.050177,0.025,1512,57,1460,1320,48,1.145455,0,,/home/carsten/Projects/MAPF/MAPF Evaluator/results/tlcpp-room-32-4/runs/lg_lacam_fork_suo/room-32-32-4/room-32-32-4-random-1_a50_s0_r0,1512,0.025,"{""agents"": ""50"", ""comp_time"": ""25"", ""makespan"": ""57"", ""makespan_lb"": ""48"", ""map_file"": ""room-32-32-4.map"", ""seed"": ""0"", ""soc"": ""1512"", ""soc_lb"": ""1320"", ""solved"": ""1"", ""solver"": ""planner"", ""sum_of_loss"": ""1471"", ""sum_of_loss_lb"": ""1320""}"
lg_lacam_fork:suo,LaCAM3 = SUO (first solution),room-32-32-4,room-32-32-4-random-1,50,1,30.0,solved,0.024017,0.007,1486,52,1473,1320,48,1.125758,0,,/home/carsten/Projects/MAPF/MAPF Evaluator/results/tlcpp-room-32-4/runs/lg_lacam_fork_suo/room-32-32-4/room-32-32-4-random-1_a50_s1_r0,1486,0.007,"{""agents"": ""50"", ""comp_time"": ""7"", ""makespan"": ""52"", ""makespan_lb"": ""48"", ""map_file"": ""room-32-32-4.map"", ""seed"": ""1"", ""soc"": ""1486"", ""soc_lb"": ""1320"", ""solved"": ""1"", ""solver"": ""planner"", ""sum_of_loss"": ""1475"", ""sum_of_loss_lb"": ""1320""}"
lg_lacam_fork:suo,LaCAM3 = SUO (first solution),room-32-32-4,room-32-32-4-random-1,50,2,30.0,solved,0.0613,0.009,1542,57,1504,1320,48,1.168182,0,,/home/carsten/Projects/MAPF/MAPF Evaluator/results/tlcpp-room-32-4/runs/lg_lacam_fork_suo/room-32-32-4/room-32-32-4-random-1_a50_s2_r0,1542,0.009,"{""agents"": ""50"", ""comp_time"": ""9"", ""makespan"": ""57"", ""makespan_lb"": ""48"", ""map_file"": ""room-32-32-4.map"", ""seed"": ""2"", ""soc"": ""1542"", ""soc_lb"": ""1320"", ""solved"": ""1"", ""solver"": ""planner"", ""sum_of_loss"": ""1513"", ""sum_of_loss_lb"": ""1320""}"
lg_lacam_fork:suo_tl,SUO + traffic load,room-32-32-4,room-32-32-4-random-1,50,0,30.0,solved,0.039795,0.018,1485,53,1446,1320,48,1.125,0,,/home/carsten/Projects/MAPF/MAPF Evaluator/results/tlcpp-room-32-4/runs/lg_lacam_fork_suo_tl/room-32-32-4/room-32-32-4-random-1_a50_s0_r0,1485,0.018,"{""agents"": ""50"", ""comp_time"": ""18"", ""makespan"": ""53"", ""makespan_lb"": ""48"", ""map_file"": ""room-32-32-4.map"", ""seed"": ""0"", ""soc"": ""1485"", ""soc_lb"": ""1320"", ""solved"": ""1"", ""solver"": ""planner"", ""sum_of_loss"": ""1454"", ""sum_of_loss_lb"": ""1320""}"
lg_lacam_fork:suo_tl,SUO + traffic load,room-32-32-4,room-32-32-4-random-1,50,1,30.0,solved,0.029757,0.011,1475,52,1462,1320,48,1.117424,0,,/home/carsten/Projects/MAPF/MAPF Evaluator/results/tlcpp-room-32-4/runs/lg_lacam_fork_suo_tl/room-32-32-4/room-32-32-4-random-1_a50_s1_r0,1475,0.011,"{""agents"": ""50"", ""comp_time"": ""11"", ""makespan"": ""52"", ""makespan_lb"": ""48"", ""map_file"": ""room-32-32-4.map"", ""seed"": ""1"", ""soc"": ""1475"", ""soc_lb"": ""1320"", ""solved"": ""1"", ""solver"": ""planner"", ""sum_of_loss"": ""1464"", ""sum_of_loss_lb"": ""1320""}"
lg_lacam_fork:suo_tl,SUO + traffic load,room-32-32-4,room-32-32-4-random-1,50,2,30.0,solved,0.059672,0.034,1523,57,1485,1320,48,1.153788,0,,/home/carsten/Projects/MAPF/MAPF Evaluator/results/tlcpp-room-32-4/runs/lg_lacam_fork_suo_tl/room-32-32-4/room-32-32-4-random-1_a50_s2_r0,1523,0.034,"{""agents"": ""50"", ""comp_time"": ""34"", ""makespan"": ""57"", ""makespan_lb"": ""48"", ""map_file"": ""room-32-32-4.map"", ""seed"": ""2"", ""soc"": ""1523"", ""soc_lb"": ""1320"", ""solved"": ""1"", ""solver"": ""planner"", ""sum_of_loss"": ""1493"", ""sum_of_loss_lb"": ""1320""}"
lg_lacam_fork:lg,"LG-LaCAM (window 20, first solution)",room-32-32-4,room-32-32-4-random-1,50,0,30.0,solved,0.058754,0.03,1476,51,1429,1320,48,1.118182,0,,/home/carsten/Projects/MAPF/MAPF Evaluator/results/tlcpp-room-32-4/runs/lg_lacam_fork_lg/room-32-32-4/room-32-32-4-random-1_a50_s0_r0,1476,0.03,"{""agents"": ""50"", ""comp_time"": ""30"", ""makespan"": ""51"", ""makespan_lb"": ""48"", ""map_file"": ""room-32-32-4.map"", ""seed"": ""0"", ""soc"": ""1476"", ""soc_lb"": ""1320"", ""solved"": ""1"", ""solver"": ""planner"", ""sum_of_loss"": ""1439"", ""sum_of_loss_lb"": ""1320""}"
lg_lacam_fork:lg,"LG-LaCAM (window 20, first solution)",room-32-32-4,room-32-32-4-random-1,50,1,30.0,solved,0.111606,0.028,1479,51,1416,1320,48,1.120455,0,,/home/carsten/Projects/MAPF/MAPF Evaluator/results/tlcpp-room-32-4/runs/lg_lacam_fork_lg/room-32-32-4/room-32-32-4-random-1_a50_s1_r0,1479,0.028,"{""agents"": ""50"", ""comp_time"": ""28"", ""makespan"": ""51"", ""makespan_lb"": ""48"", ""map_file"": ""room-32-32-4.map"", ""seed"": ""1"", ""soc"": ""1479"", ""soc_lb"": ""1320"", ""solved"": ""1"", ""solver"": ""planner"", ""sum_of_loss"": ""1428"", ""sum_of_loss_lb"": ""1320""}"
lg_lacam_fork:lg_tl,LG-LaCAM (window 20) + traffic load,room-32-32-4,room-32-32-4-random-1,50,0,30.0,solved,0.063652,0.033,1471,49,1409,1320,48,1.114394,0,,/home/carsten/Projects/MAPF/MAPF Evaluator/results/tlcpp-room-32-4/runs/lg_lacam_fork_lg_tl/room-32-32-4/room-32-32-4-random-1_a50_s0_r0,1471,0.033,"{""agents"": ""50"", ""comp_time"": ""33"", ""makespan"": ""49"", ""makespan_lb"": ""48"", ""map_file"": ""room-32-32-4.map"", ""seed"": ""0"", ""soc"": ""1471"", ""soc_lb"": ""1320"", ""solved"": ""1"", ""solver"": ""planner"", ""sum_of_loss"": ""1421"", ""sum_of_loss_lb"": ""1320""}"
lg_lacam_fork:lg,"LG-LaCAM (window 20, first solution)",room-32-32-4,room-32-32-4-random-1,50,2,30.0,solved,0.073756,0.034,1466,49,1414,1320,48,1.110606,0,,/home/carsten/Projects/MAPF/MAPF Evaluator/results/tlcpp-room-32-4/runs/lg_lacam_fork_lg/room-32-32-4/room-32-32-4-random-1_a50_s2_r0,1466,0.034,"{""agents"": ""50"", ""comp_time"": ""34"", ""makespan"": ""49"", ""makespan_lb"": ""48"", ""map_file"": ""room-32-32-4.map"", ""seed"": ""2"", ""soc"": ""1466"", ""soc_lb"": ""1320"", ""solved"": ""1"", ""solver"": ""planner"", ""sum_of_loss"": ""1424"", ""sum_of_loss_lb"": ""1320""}"
lg_lacam_fork:lg_tl,LG-LaCAM (window 20) + traffic load,room-32-32-4,room-32-32-4-random-1,50,1,30.0,solved,0.101491,0.027,1466,50,1403,1320,48,1.110606,0,,/home/carsten/Projects/MAPF/MAPF Evaluator/results/tlcpp-room-32-4/runs/lg_lacam_fork_lg_tl/room-32-32-4/room-32-32-4-random-1_a50_s1_r0,1466,0.027,"{""agents"": ""50"", ""comp_time"": ""27"", ""makespan"": ""50"", ""makespan_lb"": ""48"", ""map_file"": ""room-32-32-4.map"", ""seed"": ""1"", ""soc"": ""1466"", ""soc_lb"": ""1320"", ""solved"": ""1"", ""solver"": ""planner"", ""sum_of_loss"": ""1414"", ""sum_of_loss_lb"": ""1320""}"
lg_lacam_fork:lg_suo,LG-LaCAM (window 20) + SUO,room-32-32-4,room-32-32-4-random-1,50,1,30.0,solved,0.04971,0.033,1465,48,1421,1320,48,1.109848,0,,/home/carsten/Projects/MAPF/MAPF Evaluator/results/tlcpp-room-32-4/runs/lg_lacam_fork_lg_suo/room-32-32-4/room-32-32-4-random-1_a50_s1_r0,1465,0.033,"{""agents"": ""50"", ""comp_time"": ""33"", ""makespan"": ""48"", ""makespan_lb"": ""48"", ""map_file"": ""room-32-32-4.map"", ""seed"": ""1"", ""soc"": ""1465"", ""soc_lb"": ""1320"", ""solved"": ""1"", ""solver"": ""planner"", ""sum_of_loss"": ""1432"", ""sum_of_loss_lb"": ""1320""}"
lg_lacam_fork:lg_tl,LG-LaCAM (window 20) + traffic load,room-32-32-4,room-32-32-4-random-1,50,2,30.0,solved,0.062851,0.035,1459,49,1401,1320,48,1.105303,0,,/home/carsten/Projects/MAPF/MAPF Evaluator/results/tlcpp-room-32-4/runs/lg_lacam_fork_lg_tl/room-32-32-4/room-32-32-4-random-1_a50_s2_r0,1459,0.035,"{""agents"": ""50"", ""comp_time"": ""35"", ""makespan"": ""49"", ""makespan_lb"": ""48"", ""map_file"": ""room-32-32-4.map"", ""seed"": ""2"", ""soc"": ""1459"", ""soc_lb"": ""1320"", ""solved"": ""1"", ""solver"": ""planner"", ""sum_of_loss"": ""1412"", ""sum_of_loss_lb"": ""1320""}"
lg_lacam_fork:lg_suo,LG-LaCAM (window 20) + SUO,room-32-32-4,room-32-32-4-random-1,50,0,30.0,solved,0.130819,0.06,1489,54,1408,1320,48,1.12803,0,,/home/carsten/Projects/MAPF/MAPF Evaluator/results/tlcpp-room-32-4/runs/lg_lacam_fork_lg_suo/room-32-32-4/room-32-32-4-random-1_a50_s0_r0,1489,0.06,"{""agents"": ""50"", ""comp_time"": ""60"", ""makespan"": ""54"", ""makespan_lb"": ""48"", ""map_file"": ""room-32-32-4.map"", ""seed"": ""0"", ""soc"": ""1489"", ""soc_lb"": ""1320"", ""solved"": ""1"", ""solver"": ""planner"", ""sum_of_loss"": ""1419"", ""sum_of_loss_lb"": ""1320""}"
lg_lacam_fork:lg_suo_tl,LG-LaCAM (window 20) + SUO + traffic load,room-32-32-4,room-32-32-4-random-1,50,1,30.0,solved,0.092141,0.052,1466,49,1404,1320,48,1.110606,0,,/home/carsten/Projects/MAPF/MAPF Evaluator/results/tlcpp-room-32-4/runs/lg_lacam_fork_lg_suo_tl/room-32-32-4/room-32-32-4-random-1_a50_s1_r0,1466,0.052,"{""agents"": ""50"", ""comp_time"": ""52"", ""makespan"": ""49"", ""makespan_lb"": ""48"", ""map_file"": ""room-32-32-4.map"", ""seed"": ""1"", ""soc"": ""1466"", ""soc_lb"": ""1320"", ""solved"": ""1"", ""solver"": ""planner"", ""sum_of_loss"": ""1416"", ""sum_of_loss_lb"": ""1320""}"
lg_lacam_fork:lg_suo_tl,LG-LaCAM (window 20) + SUO + traffic load,room-32-32-4,room-32-32-4-random-1,50,0,30.0,solved,0.147944,0.052,1483,54,1397,1320,48,1.123485,0,,/home/carsten/Projects/MAPF/MAPF Evaluator/results/tlcpp-room-32-4/runs/lg_lacam_fork_lg_suo_tl/room-32-32-4/room-32-32-4-random-1_a50_s0_r0,1483,0.052,"{""agents"": ""50"", ""comp_time"": ""52"", ""makespan"": ""54"", ""makespan_lb"": ""48"", ""map_file"": ""room-32-32-4.map"", ""seed"": ""0"", ""soc"": ""1483"", ""soc_lb"": ""1320"", ""solved"": ""1"", ""solver"": ""planner"", ""sum_of_loss"": ""1408"", ""sum_of_loss_lb"": ""1320""}"
lg_lacam_fork:lg_suo,LG-LaCAM (window 20) + SUO,room-32-32-4,room-32-32-4-random-1,50,2,30.0,solved,0.151352,0.081,1488,51,1398,1320,48,1.127273,0,,/home/carsten/Projects/MAPF/MAPF Evaluator/results/tlcpp-room-32-4/runs/lg_lacam_fork_lg_suo/room-32-32-4/room-32-32-4-random-1_a50_s2_r0,1488,0.081,"{""agents"": ""50"", ""comp_time"": ""81"", ""makespan"": ""51"", ""makespan_lb"": ""48"", ""map_file"": ""room-32-32-4.map"", ""seed"": ""2"", ""soc"": ""1488"", ""soc_lb"": ""1320"", ""solved"": ""1"", ""solver"": ""planner"", ""sum_of_loss"": ""1413"", ""sum_of_loss_lb"": ""1320""}"
lg_lacam_fork:lg_suo_tl,LG-LaCAM (window 20) + SUO + traffic load,room-32-32-4,room-32-32-4-random-1,50,2,30.0,solved,0.089228,0.045,1451,48,1380,1320,48,1.099242,0,,/home/carsten/Projects/MAPF/MAPF Evaluator/results/tlcpp-room-32-4/runs/lg_lacam_fork_lg_suo_tl/room-32-32-4/room-32-32-4-random-1_a50_s2_r0,1451,0.045,"{""agents"": ""50"", ""comp_time"": ""45"", ""makespan"": ""48"", ""makespan_lb"": ""48"", ""map_file"": ""room-32-32-4.map"", ""seed"": ""2"", ""soc"": ""1451"", ""soc_lb"": ""1320"", ""solved"": ""1"", ""solver"": ""planner"", ""sum_of_loss"": ""1391"", ""sum_of_loss_lb"": ""1320""}"
lg_lacam_fork:lacam,"LaCAM (no guidance, first solution)",room-32-32-4,room-32-32-4-random-1,100,0,30.0,solved,0.037114,0.01,4405,67,3814,2514,55,1.752188,0,,/home/carsten/Projects/MAPF/MAPF Evaluator/results/tlcpp-room-32-4/runs/lg_lacam_fork_lacam/room-32-32-4/room-32-32-4-random-1_a100_s0_r0,4405,0.01,"{""agents"": ""100"", ""comp_time"": ""10"", ""makespan"": ""67"", ""makespan_lb"": ""55"", ""map_file"": ""room-32-32-4.map"", ""seed"": ""0"", ""soc"": ""4405"", ""soc_lb"": ""2514"", ""solved"": ""1"", ""solver"": ""planner"", ""sum_of_loss"": ""3911"", ""sum_of_loss_lb"": ""2514""}"
lg_lacam_fork:lacam,"LaCAM (no guidance, first solution)",room-32-32-4,room-32-32-4-random-1,100,2,30.0,solved,0.04424,0.013,4142,60,3668,2514,55,1.647574,0,,/home/carsten/Projects/MAPF/MAPF Evaluator/results/tlcpp-room-32-4/runs/lg_lacam_fork_lacam/room-32-32-4/room-32-32-4-random-1_a100_s2_r0,4142,0.013,"{""agents"": ""100"", ""comp_time"": ""13"", ""makespan"": ""60"", ""makespan_lb"": ""55"", ""map_file"": ""room-32-32-4.map"", ""seed"": ""2"", ""soc"": ""4142"", ""soc_lb"": ""2514"", ""solved"": ""1"", ""solver"": ""planner"", ""sum_of_loss"": ""3733"", ""sum_of_loss_lb"": ""2514""}"
lg_lacam_fork:lacam,"LaCAM (no guidance, first solution)",room-32-32-4,room-32-32-4-random-1,100,1,30.0,solved,0.049354,0.017,4428,68,3856,2514,55,1.761337,0,,/home/carsten/Projects/MAPF/MAPF Evaluator/results/tlcpp-room-32-4/runs/lg_lacam_fork_lacam/room-32-32-4/room-32-32-4-random-1_a100_s1_r0,4428,0.017,"{""agents"": ""100"", ""comp_time"": ""17"", ""makespan"": ""68"", ""makespan_lb"": ""55"", ""map_file"": ""room-32-32-4.map"", ""seed"": ""1"", ""soc"": ""4428"", ""soc_lb"": ""2514"", ""solved"": ""1"", ""solver"": ""planner"", ""sum_of_loss"": ""3935"", ""sum_of_loss_lb"": ""2514""}"
lg_lacam_fork:tl,"LaCAM + traffic load (tie-break, per config)",room-32-32-4,room-32-32-4-random-1,100,0,30.0,solved,0.070792,0.023,3973,62,3509,2514,55,1.58035,0,,/home/carsten/Projects/MAPF/MAPF Evaluator/results/tlcpp-room-32-4/runs/lg_lacam_fork_tl/room-32-32-4/room-32-32-4-random-1_a100_s0_r0,3973,0.023,"{""agents"": ""100"", ""comp_time"": ""23"", ""makespan"": ""62"", ""makespan_lb"": ""55"", ""map_file"": ""room-32-32-4.map"", ""seed"": ""0"", ""soc"": ""3973"", ""soc_lb"": ""2514"", ""solved"": ""1"", ""solver"": ""planner"", ""sum_of_loss"": ""3577"", ""sum_of_loss_lb"": ""2514""}"
lg_lacam_fork:tl_agent,"LaCAM + traffic load (tie-break, per agent)",room-32-32-4,room-32-32-4-random-1,100,0,30.0,solved,0.061061,0.027,3871,57,3445,2514,55,1.539777,0,,/home/carsten/Projects/MAPF/MAPF Evaluator/results/tlcpp-room-32-4/runs/lg_lacam_fork_tl_agent/room-32-32-4/room-32-32-4-random-1_a100_s0_r0,3871,0.027,"{""agents"": ""100"", ""comp_time"": ""27"", ""makespan"": ""57"", ""makespan_lb"": ""55"", ""map_file"": ""room-32-32-4.map"", ""seed"": ""0"", ""soc"": ""3871"", ""soc_lb"": ""2514"", ""solved"": ""1"", ""solver"": ""planner"", ""sum_of_loss"": ""3514"", ""sum_of_loss_lb"": ""2514""}"
lg_lacam_fork:tl,"LaCAM + traffic load (tie-break, per config)",room-32-32-4,room-32-32-4-random-1,100,1,30.0,solved,0.072937,0.027,3990,62,3521,2514,55,1.587112,0,,/home/carsten/Projects/MAPF/MAPF Evaluator/results/tlcpp-room-32-4/runs/lg_lacam_fork_tl/room-32-32-4/room-32-32-4-random-1_a100_s1_r0,3990,0.027,"{""agents"": ""100"", ""comp_time"": ""27"", ""makespan"": ""62"", ""makespan_lb"": ""55"", ""map_file"": ""room-32-32-4.map"", ""seed"": ""1"", ""soc"": ""3990"", ""soc_lb"": ""2514"", ""solved"": ""1"", ""solver"": ""planner"", ""sum_of_loss"": ""3591"", ""sum_of_loss_lb"": ""2514""}"
lg_lacam_fork:tl,"LaCAM + traffic load (tie-break, per config)",room-32-32-4,room-32-32-4-random-1,100,2,30.0,solved,0.068187,0.011,3942,62,3522,2514,55,1.568019,0,,/home/carsten/Projects/MAPF/MAPF Evaluator/results/tlcpp-room-32-4/runs/lg_lacam_fork_tl/room-32-32-4/room-32-32-4-random-1_a100_s2_r0,3942,0.011,"{""agents"": ""100"", ""comp_time"": ""11"", ""makespan"": ""62"", ""makespan_lb"": ""55"", ""map_file"": ""room-32-32-4.map"", ""seed"": ""2"", ""soc"": ""3942"", ""soc_lb"": ""2514"", ""solved"": ""1"", ""solver"": ""planner"", ""sum_of_loss"": ""3587"", ""sum_of_loss_lb"": ""2514""}"
lg_lacam_fork:tl_agent,"LaCAM + traffic load (tie-break, per agent)",room-32-32-4,room-32-32-4-random-1,100,1,30.0,solved,0.040211,0.012,3881,57,3463,2514,55,1.543755,0,,/home/carsten/Projects/MAPF/MAPF Evaluator/results/tlcpp-room-32-4/runs/lg_lacam_fork_tl_agent/room-32-32-4/room-32-32-4-random-1_a100_s1_r0,3881,0.012,"{""agents"": ""100"", ""comp_time"": ""12"", ""makespan"": ""57"", ""makespan_lb"": ""55"", ""map_file"": ""room-32-32-4.map"", ""seed"": ""1"", ""soc"": ""3881"", ""soc_lb"": ""2514"", ""solved"": ""1"", ""solver"": ""planner"", ""sum_of_loss"": ""3533"", ""sum_of_loss_lb"": ""2514""}"
lg_lacam_fork:tl_agent,"LaCAM + traffic load (tie-break, per agent)",room-32-32-4,room-32-32-4-random-1,100,2,30.0,solved,0.038958,0.014,3906,57,3431,2514,55,1.553699,0,,/home/carsten/Projects/MAPF/MAPF Evaluator/results/tlcpp-room-32-4/runs/lg_lacam_fork_tl_agent/room-32-32-4/room-32-32-4-random-1_a100_s2_r0,3906,0.014,"{""agents"": ""100"", ""comp_time"": ""14"", ""makespan"": ""57"", ""makespan_lb"": ""55"", ""map_file"": ""room-32-32-4.map"", ""seed"": ""2"", ""soc"": ""3906"", ""soc_lb"": ""2514"", ""solved"": ""1"", ""solver"": ""planner"", ""sum_of_loss"": ""3502"", ""sum_of_loss_lb"": ""2514""}"
lg_lacam_fork:tl_static,LaCAM + traffic load (static map from starts),room-32-32-4,room-32-32-4-random-1,100,1,30.0,solved,0.044029,0.022,4151,64,3624,2514,55,1.651154,0,,/home/carsten/Projects/MAPF/MAPF Evaluator/results/tlcpp-room-32-4/runs/lg_lacam_fork_tl_static/room-32-32-4/room-32-32-4-random-1_a100_s1_r0,4151,0.022,"{""agents"": ""100"", ""comp_time"": ""22"", ""makespan"": ""64"", ""makespan_lb"": ""55"", ""map_file"": ""room-32-32-4.map"", ""seed"": ""1"", ""soc"": ""4151"", ""soc_lb"": ""2514"", ""solved"": ""1"", ""solver"": ""planner"", ""sum_of_loss"": ""3704"", ""sum_of_loss_lb"": ""2514""}"
lg_lacam_fork:tl_static,LaCAM + traffic load (static map from starts),room-32-32-4,room-32-32-4-random-1,100,0,30.0,solved,0.049057,0.013,4160,64,3629,2514,55,1.654733,0,,/home/carsten/Projects/MAPF/MAPF Evaluator/results/tlcpp-room-32-4/runs/lg_lacam_fork_tl_static/room-32-32-4/room-32-32-4-random-1_a100_s0_r0,4160,0.013,"{""agents"": ""100"", ""comp_time"": ""13"", ""makespan"": ""64"", ""makespan_lb"": ""55"", ""map_file"": ""room-32-32-4.map"", ""seed"": ""0"", ""soc"": ""4160"", ""soc_lb"": ""2514"", ""solved"": ""1"", ""solver"": ""planner"", ""sum_of_loss"": ""3712"", ""sum_of_loss_lb"": ""2514""}"
lg_lacam_fork:tl_static,LaCAM + traffic load (static map from starts),room-32-32-4,room-32-32-4-random-1,100,2,30.0,solved,0.051214,0.013,4199,64,3642,2514,55,1.670247,0,,/home/carsten/Projects/MAPF/MAPF Evaluator/results/tlcpp-room-32-4/runs/lg_lacam_fork_tl_static/room-32-32-4/room-32-32-4-random-1_a100_s2_r0,4199,0.013,"{""agents"": ""100"", ""comp_time"": ""13"", ""makespan"": ""64"", ""makespan_lb"": ""55"", ""map_file"": ""room-32-32-4.map"", ""seed"": ""2"", ""soc"": ""4199"", ""soc_lb"": ""2514"", ""solved"": ""1"", ""solver"": ""planner"", ""sum_of_loss"": ""3724"", ""sum_of_loss_lb"": ""2514""}"
lg_lacam_fork:suo,LaCAM3 = SUO (first solution),room-32-32-4,room-32-32-4-random-1,100,2,30.0,solved,0.032578,0.022,3840,63,3434,2514,55,1.527446,0,,/home/carsten/Projects/MAPF/MAPF Evaluator/results/tlcpp-room-32-4/runs/lg_lacam_fork_suo/room-32-32-4/room-32-32-4-random-1_a100_s2_r0,3840,0.022,"{""agents"": ""100"", ""comp_time"": ""22"", ""makespan"": ""63"", ""makespan_lb"": ""55"", ""map_file"": ""room-32-32-4.map"", ""seed"": ""2"", ""soc"": ""3840"", ""soc_lb"": ""2514"", ""solved"": ""1"", ""solver"": ""planner"", ""sum_of_loss"": ""3492"", ""sum_of_loss_lb"": ""2514""}"
lg_lacam_fork:suo_tl,SUO + traffic load,room-32-32-4,room-32-32-4-random-1,100,0,30.0,solved,0.045068,0.02,3782,61,3301,2514,55,1.504375,0,,/home/carsten/Projects/MAPF/MAPF Evaluator/results/tlcpp-room-32-4/runs/lg_lacam_fork_suo_tl/room-32-32-4/room-32-32-4-random-1_a100_s0_r0,3782,0.02,"{""agents"": ""100"", ""comp_time"": ""20"", ""makespan"": ""61"", ""makespan_lb"": ""55"", ""map_file"": ""room-32-32-4.map"", ""seed"": ""0"", ""soc"": ""3782"", ""soc_lb"": ""2514"", ""solved"": ""1"", ""solver"": ""planner"", ""sum_of_loss"": ""3362"", ""sum_of_loss_lb"": ""2514""}"
lg_lacam_fork:suo,LaCAM3 = SUO (first solution),room-32-32-4,room-32-32-4-random-1,100,0,30.0,solved,0.044854,0.016,3940,61,3490,2514,55,1.567224,0,,/home/carsten/Projects/MAPF/MAPF Evaluator/results/tlcpp-room-32-4/runs/lg_lacam_fork_suo/room-32-32-4/room-32-32-4-random-1_a100_s0_r0,3940,0.016,"{""agents"": ""100"", ""comp_time"": ""16"", ""makespan"": ""61"", ""makespan_lb"": ""55"", ""map_file"": ""room-32-32-4.map"", ""seed"": ""0"", ""soc"": ""3940"", ""soc_lb"": ""2514"", ""solved"": ""1"", ""solver"": ""planner"", ""sum_of_loss"": ""3555"", ""sum_of_loss_lb"": ""2514""}"
lg_lacam_fork:suo,LaCAM3 = SUO (first solution),room-32-32-4,room-32-32-4-random-1,100,1,30.0,solved,0.036201,0.015,3965,70,3441,2514,55,1.577168,0,,/home/carsten/Projects/MAPF/MAPF Evaluator/results/tlcpp-room-32-4/runs/lg_lacam_fork_suo/room-32-32-4/room-32-32-4-random-1_a100_s1_r0,3965,0.015,"{""agents"": ""100"", ""comp_time"": ""15"", ""makespan"": ""70"", ""makespan_lb"": ""55"", ""map_file"": ""room-32-32-4.map"", ""seed"": ""1"", ""soc"": ""3965"", ""soc_lb"": ""2514"", ""solved"": ""1"", ""solver"": ""planner"", ""sum_of_loss"": ""3506"", ""sum_of_loss_lb"": ""2514""}"
lg_lacam_fork:suo_tl,SUO + traffic load,room-32-32-4,room-32-32-4-random-1,100,1,30.0,solved,0.082781,0.018,3691,61,3216,2514,55,1.468178,0,,/home/carsten/Projects/MAPF/MAPF Evaluator/results/tlcpp-room-32-4/runs/lg_lacam_fork_suo_tl/room-32-32-4/room-32-32-4-random-1_a100_s1_r0,3691,0.018,"{""agents"": ""100"", ""comp_time"": ""18"", ""makespan"": ""61"", ""makespan_lb"": ""55"", ""map_file"": ""room-32-32-4.map"", ""seed"": ""1"", ""soc"": ""3691"", ""soc_lb"": ""2514"", ""solved"": ""1"", ""solver"": ""planner"", ""sum_of_loss"": ""3267"", ""sum_of_loss_lb"": ""2514""}"
lg_lacam_fork:suo_tl,SUO + traffic load,room-32-32-4,room-32-32-4-random-1,100,2,30.0,solved,0.026962,0.016,3595,63,3246,2514,55,1.429992,0,,/home/carsten/Projects/MAPF/MAPF Evaluator/results/tlcpp-room-32-4/runs/lg_lacam_fork_suo_tl/room-32-32-4/room-32-32-4-random-1_a100_s2_r0,3595,0.016,"{""agents"": ""100"", ""comp_time"": ""16"", ""makespan"": ""63"", ""makespan_lb"": ""55"", ""map_file"": ""room-32-32-4.map"", ""seed"": ""2"", ""soc"": ""3595"", ""soc_lb"": ""2514"", ""solved"": ""1"", ""solver"": ""planner"", ""sum_of_loss"": ""3294"", ""sum_of_loss_lb"": ""2514""}"
lg_lacam_fork:lg,"LG-LaCAM (window 20, first solution)",room-32-32-4,room-32-32-4-random-1,100,0,30.0,solved,0.120269,0.044,3414,58,3030,2514,55,1.357995,0,,/home/carsten/Projects/MAPF/MAPF Evaluator/results/tlcpp-room-32-4/runs/lg_lacam_fork_lg/room-32-32-4/room-32-32-4-random-1_a100_s0_r0,3414,0.044,"{""agents"": ""100"", ""comp_time"": ""44"", ""makespan"": ""58"", ""makespan_lb"": ""55"", ""map_file"": ""room-32-32-4.map"", ""seed"": ""0"", ""soc"": ""3414"", ""soc_lb"": ""2514"", ""solved"": ""1"", ""solver"": ""planner"", ""sum_of_loss"": ""3073"", ""sum_of_loss_lb"": ""2514""}"
lg_lacam_fork:lg,"LG-LaCAM (window 20, first solution)",room-32-32-4,room-32-32-4-random-1,100,1,30.0,solved,0.100263,0.041,3385,64,3032,2514,55,1.34646,0,,/home/carsten/Projects/MAPF/MAPF Evaluator/results/tlcpp-room-32-4/runs/lg_lacam_fork_lg/room-32-32-4/room-32-32-4-random-1_a100_s1_r0,3385,0.041,"{""agents"": ""100"", ""comp_time"": ""41"", ""makespan"": ""64"", ""makespan_lb"": ""55"", ""map_file"": ""room-32-32-4.map"", ""seed"": ""1"", ""soc"": ""3385"", ""soc_lb"": ""2514"", ""solved"": ""1"", ""solver"": ""planner"", ""sum_of_loss"": ""3082"", ""sum_of_loss_lb"": ""2514""}"
lg_lacam_fork:lg,"LG-LaCAM (window 20, first solution)",room-32-32-4,room-32-32-4-random-1,100,2,30.0,solved,0.064841,0.034,3358,59,3032,2514,55,1.33572,0,,/home/carsten/Projects/MAPF/MAPF Evaluator/results/tlcpp-room-32-4/runs/lg_lacam_fork_lg/room-32-32-4/room-32-32-4-random-1_a100_s2_r0,3358,0.034,"{""agents"": ""100"", ""comp_time"": ""34"", ""makespan"": ""59"", ""makespan_lb"": ""55"", ""map_file"": ""room-32-32-4.map"", ""seed"": ""2"", ""soc"": ""3358"", ""soc_lb"": ""2514"", ""solved"": ""1"", ""solver"": ""planner"", ""sum_of_loss"": ""3084"", ""sum_of_loss_lb"": ""2514""}"
lg_lacam_fork:lg_tl,LG-LaCAM (window 20) + traffic load,room-32-32-4,room-32-32-4-random-1,100,2,30.0,solved,0.056747,0.032,3318,59,2969,2514,55,1.319809,0,,/home/carsten/Projects/MAPF/MAPF Evaluator/results/tlcpp-room-32-4/runs/lg_lacam_fork_lg_tl/room-32-32-4/room-32-32-4-random-1_a100_s2_r0,3318,0.032,"{""agents"": ""100"", ""comp_time"": ""32"", ""makespan"": ""59"", ""makespan_lb"": ""55"", ""map_file"": ""room-32-32-4.map"", ""seed"": ""2"", ""soc"": ""3318"", ""soc_lb"": ""2514"", ""solved"": ""1"", ""solver"": ""planner"", ""sum_of_loss"": ""3016"", ""sum_of_loss_lb"": ""2514""}"
lg_lacam_fork:lg_tl,LG-LaCAM (window 20) + traffic load,room-32-32-4,room-32-32-4-random-1,100,0,30.0,solved,0.078367,0.038,3378,65,3019,2514,55,1.343675,0,,/home/carsten/Projects/MAPF/MAPF Evaluator/results/tlcpp-room-32-4/runs/lg_lacam_fork_lg_tl/room-32-32-4/room-32-32-4-random-1_a100_s0_r0,3378,0.038,"{""agents"": ""100"", ""comp_time"": ""38"", ""makespan"": ""65"", ""makespan_lb"": ""55"", ""map_file"": ""room-32-32-4.map"", ""seed"": ""0"", ""soc"": ""3378"", ""soc_lb"": ""2514"", ""solved"": ""1"", ""solver"": ""planner"", ""sum_of_loss"": ""3059"", ""sum_of_loss_lb"": ""2514""}"
lg_lacam_fork:lg_tl,LG-LaCAM (window 20) + traffic load,room-32-32-4,room-32-32-4-random-1,100,1,30.0,solved,0.099259,0.042,3375,60,2981,2514,55,1.342482,0,,/home/carsten/Projects/MAPF/MAPF Evaluator/results/tlcpp-room-32-4/runs/lg_lacam_fork_lg_tl/room-32-32-4/room-32-32-4-random-1_a100_s1_r0,3375,0.042,"{""agents"": ""100"", ""comp_time"": ""42"", ""makespan"": ""60"", ""makespan_lb"": ""55"", ""map_file"": ""room-32-32-4.map"", ""seed"": ""1"", ""soc"": ""3375"", ""soc_lb"": ""2514"", ""solved"": ""1"", ""solver"": ""planner"", ""sum_of_loss"": ""3024"", ""sum_of_loss_lb"": ""2514""}"
lg_lacam_fork:lg_suo,LG-LaCAM (window 20) + SUO,room-32-32-4,room-32-32-4-random-1,100,0,30.0,solved,0.115196,0.053,3436,66,3058,2514,55,1.366746,0,,/home/carsten/Projects/MAPF/MAPF Evaluator/results/tlcpp-room-32-4/runs/lg_lacam_fork_lg_suo/room-32-32-4/room-32-32-4-random-1_a100_s0_r0,3436,0.053,"{""agents"": ""100"", ""comp_time"": ""53"", ""makespan"": ""66"", ""makespan_lb"": ""55"", ""map_file"": ""room-32-32-4.map"", ""seed"": ""0"", ""soc"": ""3436"", ""soc_lb"": ""2514"", ""solved"": ""1"", ""solver"": ""planner"", ""sum_of_loss"": ""3104"", ""sum_of_loss_lb"": ""2514""}"
lg_lacam_fork:lg_suo,LG-LaCAM (window 20) + SUO,room-32-32-4,room-32-32-4-random-1,100,1,30.0,solved,0.078092,0.043,3390,61,3054,2514,55,1.348449,0,,/home/carsten/Projects/MAPF/MAPF Evaluator/results/tlcpp-room-32-4/runs/lg_lacam_fork_lg_suo/room-32-32-4/room-32-32-4-random-1_a100_s1_r0,3390,0.043,"{""agents"": ""100"", ""comp_time"": ""43"", ""makespan"": ""61"", ""makespan_lb"": ""55"", ""map_file"": ""room-32-32-4.map"", ""seed"": ""1"", ""soc"": ""3390"", ""soc_lb"": ""2514"", ""solved"": ""1"", ""solver"": ""planner"", ""sum_of_loss"": ""3094"", ""sum_of_loss_lb"": ""2514""}"
lg_lacam_fork:lg_suo,LG-LaCAM (window 20) + SUO,room-32-32-4,room-32-32-4-random-1,100,2,30.0,solved,0.108193,0.053,3400,64,3031,2514,55,1.352426,0,,/home/carsten/Projects/MAPF/MAPF Evaluator/results/tlcpp-room-32-4/runs/lg_lacam_fork_lg_suo/room-32-32-4/room-32-32-4-random-1_a100_s2_r0,3400,0.053,"{""agents"": ""100"", ""comp_time"": ""53"", ""makespan"": ""64"", ""makespan_lb"": ""55"", ""map_file"": ""room-32-32-4.map"", ""seed"": ""2"", ""soc"": ""3400"", ""soc_lb"": ""2514"", ""solved"": ""1"", ""solver"": ""planner"", ""sum_of_loss"": ""3074"", ""sum_of_loss_lb"": ""2514""}"
lg_lacam_fork:lg_suo_tl,LG-LaCAM (window 20) + SUO + traffic load,room-32-32-4,room-32-32-4-random-1,100,1,30.0,solved,0.178362,0.098,3298,64,3004,2514,55,1.311854,0,,/home/carsten/Projects/MAPF/MAPF Evaluator/results/tlcpp-room-32-4/runs/lg_lacam_fork_lg_suo_tl/room-32-32-4/room-32-32-4-random-1_a100_s1_r0,3298,0.098,"{""agents"": ""100"", ""comp_time"": ""98"", ""makespan"": ""64"", ""makespan_lb"": ""55"", ""map_file"": ""room-32-32-4.map"", ""seed"": ""1"", ""soc"": ""3298"", ""soc_lb"": ""2514"", ""solved"": ""1"", ""solver"": ""planner"", ""sum_of_loss"": ""3042"", ""sum_of_loss_lb"": ""2514""}"
lg_lacam_fork:lg_suo_tl,LG-LaCAM (window 20) + SUO + traffic load,room-32-32-4,room-32-32-4-random-1,100,2,30.0,solved,0.197193,0.126,3413,65,3055,2514,55,1.357597,0,,/home/carsten/Projects/MAPF/MAPF Evaluator/results/tlcpp-room-32-4/runs/lg_lacam_fork_lg_suo_tl/room-32-32-4/room-32-32-4-random-1_a100_s2_r0,3413,0.126,"{""agents"": ""100"", ""comp_time"": ""126"", ""makespan"": ""65"", ""makespan_lb"": ""55"", ""map_file"": ""room-32-32-4.map"", ""seed"": ""2"", ""soc"": ""3413"", ""soc_lb"": ""2514"", ""solved"": ""1"", ""solver"": ""planner"", ""sum_of_loss"": ""3097"", ""sum_of_loss_lb"": ""2514""}"
lg_lacam_fork:lg_suo_tl,LG-LaCAM (window 20) + SUO + traffic load,room-32-32-4,room-32-32-4-random-1,100,0,30.0,solved,0.446754,0.244,3323,59,2974,2514,55,1.321798,0,,/home/carsten/Projects/MAPF/MAPF Evaluator/results/tlcpp-room-32-4/runs/lg_lacam_fork_lg_suo_tl/room-32-32-4/room-32-32-4-random-1_a100_s0_r0,3323,0.244,"{""agents"": ""100"", ""comp_time"": ""244"", ""makespan"": ""59"", ""makespan_lb"": ""55"", ""map_file"": ""room-32-32-4.map"", ""seed"": ""0"", ""soc"": ""3323"", ""soc_lb"": ""2514"", ""solved"": ""1"", ""solver"": ""planner"", ""sum_of_loss"": ""3015"", ""sum_of_loss_lb"": ""2514""}"
lg_lacam_fork:lacam,"LaCAM (no guidance, first solution)",room-32-32-4,room-32-32-4-random-1,150,0,30.0,solved,0.089936,0.021,7764,76,6515,3707,55,2.094416,0,,/home/carsten/Projects/MAPF/MAPF Evaluator/results/tlcpp-room-32-4/runs/lg_lacam_fork_lacam/room-32-32-4/room-32-32-4-random-1_a150_s0_r0,7764,0.021,"{""agents"": ""150"", ""comp_time"": ""21"", ""makespan"": ""76"", ""makespan_lb"": ""55"", ""map_file"": ""room-32-32-4.map"", ""seed"": ""0"", ""soc"": ""7764"", ""soc_lb"": ""3707"", ""solved"": ""1"", ""solver"": ""planner"", ""sum_of_loss"": ""6687"", ""sum_of_loss_lb"": ""3707""}"
lg_lacam_fork:lacam,"LaCAM (no guidance, first solution)",room-32-32-4,room-32-32-4-random-1,150,1,30.0,solved,0.114883,0.056,7455,79,6314,3707,55,2.01106,0,,/home/carsten/Projects/MAPF/MAPF Evaluator/results/tlcpp-room-32-4/runs/lg_lacam_fork_lacam/room-32-32-4/room-32-32-4-random-1_a150_s1_r0,7455,0.056,"{""agents"": ""150"", ""comp_time"": ""56"", ""makespan"": ""79"", ""makespan_lb"": ""55"", ""map_file"": ""room-32-32-4.map"", ""seed"": ""1"", ""soc"": ""7455"", ""soc_lb"": ""3707"", ""solved"": ""1"", ""solver"": ""planner"", ""sum_of_loss"": ""6482"", ""sum_of_loss_lb"": ""3707""}"
lg_lacam_fork:tl,"LaCAM + traffic load (tie-break, per config)",room-32-32-4,room-32-32-4-random-1,150,0,30.0,solved,0.079899,0.035,6892,72,5839,3707,55,1.859185,0,,/home/carsten/Projects/MAPF/MAPF Evaluator/results/tlcpp-room-32-4/runs/lg_lacam_fork_tl/room-32-32-4/room-32-32-4-random-1_a150_s0_r0,6892,0.035,"{""agents"": ""150"", ""comp_time"": ""35"", ""makespan"": ""72"", ""makespan_lb"": ""55"", ""map_file"": ""room-32-32-4.map"", ""seed"": ""0"", ""soc"": ""6892"", ""soc_lb"": ""3707"", ""solved"": ""1"", ""solver"": ""planner"", ""sum_of_loss"": ""5982"", ""sum_of_loss_lb"": ""3707""}"
lg_lacam_fork:lacam,"LaCAM (no guidance, first solution)",room-32-32-4,room-32-32-4-random-1,150,2,30.0,solved,0.125912,0.025,7288,69,6230,3707,55,1.96601,0,,/home/carsten/Projects/MAPF/MAPF Evaluator/results/tlcpp-room-32-4/runs/lg_lacam_fork_lacam/room-32-32-4/room-32-32-4-random-1_a150_s2_r0,7288,0.025,"{""agents"": ""150"", ""comp_time"": ""25"", ""makespan"": ""69"", ""makespan_lb"": ""55"", ""map_file"": ""room-32-32-4.map"", ""seed"": ""2"", ""soc"": ""7288"", ""soc_lb"": ""3707"", ""solved"": ""1"", ""solver"": ""planner"", ""sum_of_loss"": ""6399"", ""sum_of_loss_lb"": ""3707""}"
lg_lacam_fork:tl,"LaCAM + traffic load (tie-break, per config)",room-32-32-4,room-32-32-4-random-1,150,1,30.0,solved,0.192909,0.038,6681,69,5701,3707,55,1.802266,0,,/home/carsten/Projects/MAPF/MAPF Evaluator/results/tlcpp-room-32-4/runs/lg_lacam_fork_tl/room-32-32-4/room-32-32-4-random-1_a150_s1_r0,6681,0.038,"{""agents"": ""150"", ""comp_time"": ""38"", ""makespan"": ""69"", ""makespan_lb"": ""55"", ""map_file"": ""room-32-32-4.map"", ""seed"": ""1"", ""soc"": ""6681"", ""soc_lb"": ""3707"", ""solved"": ""1"", ""solver"": ""planner"", ""sum_of_loss"": ""5842"", ""sum_of_loss_lb"": ""3707""}"
lg_lacam_fork:tl_agent,"LaCAM + traffic load (tie-break, per agent)",room-32-32-4,room-32-32-4-random-1,150,0,30.0,solved,0.085219,0.034,6829,75,5815,3707,55,1.84219,0,,/home/carsten/Projects/MAPF/MAPF Evaluator/results/tlcpp-room-32-4/runs/lg_lacam_fork_tl_agent/room-32-32-4/room-32-32-4-random-1_a150_s0_r0,6829,0.034,"{""agents"": ""150"", ""comp_time"": ""34"", ""makespan"": ""75"", ""makespan_lb"": ""55"", ""map_file"": ""room-32-32-4.map"", ""seed"": ""0"", ""soc"": ""6829"", ""soc_lb"": ""3707"", ""solved"": ""1"", ""solver"": ""planner"", ""sum_of_loss"": ""5948"", ""sum_of_loss_lb"": ""3707""}"
lg_lacam_fork:tl_agent,"LaCAM + traffic load (tie-break, per agent)",room-32-32-4,room-32-32-4-random-1,150,1,30.0,solved,0.127558,0.045,6976,74,5990,3707,55,1.881845,0,,/home/carsten/Projects/MAPF/MAPF Evaluator/results/tlcpp-room-32-4/runs/lg_lacam_fork_tl_agent/room-32-32-4/room-32-32-4-random-1_a150_s1_r0,6976,0.045,"{""agents"": ""150"", ""comp_time"": ""45"", ""makespan"": ""74"", ""makespan_lb"": ""55"", ""map_file"": ""room-32-32-4.map"", ""seed"": ""1"", ""soc"": ""6976"", ""soc_lb"": ""3707"", ""solved"": ""1"", ""solver"": ""planner"", ""sum_of_loss"": ""6114"", ""sum_of_loss_lb"": ""3707""}"
lg_lacam_fork:tl,"LaCAM + traffic load (tie-break, per config)",room-32-32-4,room-32-32-4-random-1,150,2,30.0,solved,0.171169,0.031,6756,69,5743,3707,55,1.822498,0,,/home/carsten/Projects/MAPF/MAPF Evaluator/results/tlcpp-room-32-4/runs/lg_lacam_fork_tl/room-32-32-4/room-32-32-4-random-1_a150_s2_r0,6756,0.031,"{""agents"": ""150"", ""comp_time"": ""31"", ""makespan"": ""69"", ""makespan_lb"": ""55"", ""map_file"": ""room-32-32-4.map"", ""seed"": ""2"", ""soc"": ""6756"", ""soc_lb"": ""3707"", ""solved"": ""1"", ""solver"": ""planner"", ""sum_of_loss"": ""5890"", ""sum_of_loss_lb"": ""3707""}"
lg_lacam_fork:tl_agent,"LaCAM + traffic load (tie-break, per agent)",room-32-32-4,room-32-32-4-random-1,150,2,30.0,solved,0.1292,0.077,6727,77,5760,3707,55,1.814675,0,,/home/carsten/Projects/MAPF/MAPF Evaluator/results/tlcpp-room-32-4/runs/lg_lacam_fork_tl_agent/room-32-32-4/room-32-32-4-random-1_a150_s2_r0,6727,0.077,"{""agents"": ""150"", ""comp_time"": ""77"", ""makespan"": ""77"", ""makespan_lb"": ""55"", ""map_file"": ""room-32-32-4.map"", ""seed"": ""2"", ""soc"": ""6727"", ""soc_lb"": ""3707"", ""solved"": ""1"", ""solver"": ""planner"", ""sum_of_loss"": ""5892"", ""sum_of_loss_lb"": ""3707""}"
lg_lacam_fork:tl_static,LaCAM + traffic load (static map from starts),room-32-32-4,room-32-32-4-random-1,150,0,30.0,solved,0.168571,0.064,8672,131,7180,3707,55,2.339358,0,,/home/carsten/Projects/MAPF/MAPF Evaluator/results/tlcpp-room-32-4/runs/lg_lacam_fork_tl_static/room-32-32-4/room-32-32-4-random-1_a150_s0_r0,8672,0.064,"{""agents"": ""150"", ""comp_time"": ""64"", ""makespan"": ""131"", ""makespan_lb"": ""55"", ""map_file"": ""room-32-32-4.map"", ""seed"": ""0"", ""soc"": ""8672"", ""soc_lb"": ""3707"", ""solved"": ""1"", ""solver"": ""planner"", ""sum_of_loss"": ""7657"", ""sum_of_loss_lb"": ""3707""}"
lg_lacam_fork:tl_static,LaCAM + traffic load (static map from starts),room-32-32-4,room-32-32-4-random-1,150,2,30.0,solved,0.146023,0.098,8535,120,7041,3707,55,2.302401,0,,/home/carsten/Projects/MAPF/MAPF Evaluator/results/tlcpp-room-32-4/runs/lg_lacam_fork_tl_static/room-32-32-4/room-32-32-4-random-1_a150_s2_r0,8535,0.098,"{""agents"": ""150"", ""comp_time"": ""98"", ""makespan"": ""120"", ""makespan_lb"": ""55"", ""map_file"": ""room-32-32-4.map"", ""seed"": ""2"", ""soc"": ""8535"", ""soc_lb"": ""3707"", ""solved"": ""1"", ""solver"": ""planner"", ""sum_of_loss"": ""7455"", ""sum_of_loss_lb"": ""3707""}"
lg_lacam_fork:suo,LaCAM3 = SUO (first solution),room-32-32-4,room-32-32-4-random-1,150,0,30.0,solved,0.116506,0.056,6423,76,5737,3707,55,1.732668,0,,/home/carsten/Projects/MAPF/MAPF Evaluator/results/tlcpp-room-32-4/runs/lg_lacam_fork_suo/room-32-32-4/room-32-32-4-random-1_a150_s0_r0,6423,0.056,"{""agents"": ""150"", ""comp_time"": ""56"", ""makespan"": ""76"", ""makespan_lb"": ""55"", ""map_file"": ""room-32-32-4.map"", ""seed"": ""0"", ""soc"": ""6423"", ""soc_lb"": ""3707"", ""solved"": ""1"", ""solver"": ""planner"", ""sum_of_loss"": ""5862"", ""sum_of_loss_lb"": ""3707""}"
lg_lacam_fork:tl_static,LaCAM + traffic load (static map from starts),room-32-32-4,room-32-32-4-random-1,150,1,30.0,solved,0.329617,0.213,8542,118,6967,3707,55,2.304289,0,,/home/carsten/Projects/MAPF/MAPF Evaluator/results/tlcpp-room-32-4/runs/lg_lacam_fork_tl_static/room-32-32-4/room-32-32-4-random-1_a150_s1_r0,8542,0.213,"{""agents"": ""150"", ""comp_time"": ""213"", ""makespan"": ""118"", ""makespan_lb"": ""55"", ""map_file"": ""room-32-32-4.map"", ""seed"": ""1"", ""soc"": ""8542"", ""soc_lb"": ""3707"", ""solved"": ""1"", ""solver"": ""planner"", ""sum_of_loss"": ""7402"", ""sum_of_loss_lb"": ""3707""}"
lg_lacam_fork:suo,LaCAM3 = SUO (first solution),room-32-32-4,room-32-32-4-random-1,150,1,30.0,solved,0.150509,0.093,6401,65,5629,3707,55,1.726733,0,,/home/carsten/Projects/MAPF/MAPF Evaluator/results/tlcpp-room-32-4/runs/lg_lacam_fork_suo/room-32-32-4/room-32-32-4-random-1_a150_s1_r0,6401,0.093,"{""agents"": ""150"", ""comp_time"": ""93"", ""makespan"": ""65"", ""makespan_lb"": ""55"", ""map_file"": ""room-32-32-4.map"", ""seed"": ""1"", ""soc"": ""6401"", ""soc_lb"": ""3707"", ""solved"": ""1"", ""solver"": ""planner"", ""sum_of_loss"": ""5747"", ""sum_of_loss_lb"": ""3707""}"
lg_lacam_fork:suo,LaCAM3 = SUO (first solution),room-32-32-4,room-32-32-4-random-1,150,2,30.0,solved,0.263027,0.083,7089,77,5882,3707,55,1.912328,0,,/home/carsten/Projects/MAPF/MAPF Evaluator/results/tlcpp-room-32-4/runs/lg_lacam_fork_suo/room-32-32-4/room-32-32-4-random-1_a150_s2_r0,7089,0.083,"{""agents"": ""150"", ""comp_time"": ""83"", ""makespan"": ""77"", ""makespan_lb"": ""55"", ""map_file"": ""room-32-32-4.map"", ""seed"": ""2"", ""soc"": ""7089"", ""soc_lb"": ""3707"", ""solved"": ""1"", ""solver"": ""planner"", ""sum_of_loss"": ""6039"", ""sum_of_loss_lb"": ""3707""}"
lg_lacam_fork:suo_tl,SUO + traffic load,room-32-32-4,room-32-32-4-random-1,150,0,30.0,solved,0.126865,0.058,6076,67,5402,3707,55,1.639061,0,,/home/carsten/Projects/MAPF/MAPF Evaluator/results/tlcpp-room-32-4/runs/lg_lacam_fork_suo_tl/room-32-32-4/room-32-32-4-random-1_a150_s0_r0,6076,0.058,"{""agents"": ""150"", ""comp_time"": ""58"", ""makespan"": ""67"", ""makespan_lb"": ""55"", ""map_file"": ""room-32-32-4.map"", ""seed"": ""0"", ""soc"": ""6076"", ""soc_lb"": ""3707"", ""solved"": ""1"", ""solver"": ""planner"", ""sum_of_loss"": ""5522"", ""sum_of_loss_lb"": ""3707""}"
lg_lacam_fork:suo_tl,SUO + traffic load,room-32-32-4,room-32-32-4-random-1,150,1,30.0,solved,0.225675,0.125,6407,69,5477,3707,55,1.728352,0,,/home/carsten/Projects/MAPF/MAPF Evaluator/results/tlcpp-room-32-4/runs/lg_lacam_fork_suo_tl/room-32-32-4/room-32-32-4-random-1_a150_s1_r0,6407,0.125,"{""agents"": ""150"", ""comp_time"": ""125"", ""makespan"": ""69"", ""makespan_lb"": ""55"", ""map_file"": ""room-32-32-4.map"", ""seed"": ""1"", ""soc"": ""6407"", ""soc_lb"": ""3707"", ""solved"": ""1"", ""solver"": ""planner"", ""sum_of_loss"": ""5592"", ""sum_of_loss_lb"": ""3707""}"
lg_lacam_fork:suo_tl,SUO + traffic load,room-32-32-4,room-32-32-4-random-1,150,2,30.0,solved,0.121688,0.044,6693,84,5723,3707,55,1.805503,0,,/home/carsten/Projects/MAPF/MAPF Evaluator/results/tlcpp-room-32-4/runs/lg_lacam_fork_suo_tl/room-32-32-4/room-32-32-4-random-1_a150_s2_r0,6693,0.044,"{""agents"": ""150"", ""comp_time"": ""44"", ""makespan"": ""84"", ""makespan_lb"": ""55"", ""map_file"": ""room-32-32-4.map"", ""seed"": ""2"", ""soc"": ""6693"", ""soc_lb"": ""3707"", ""solved"": ""1"", ""solver"": ""planner"", ""sum_of_loss"": ""5854"", ""sum_of_loss_lb"": ""3707""}"
lg_lacam_fork:lg,"LG-LaCAM (window 20, first solution)",room-32-32-4,room-32-32-4-random-1,150,0,30.0,solved,0.222285,0.153,5987,68,5237,3707,55,1.615053,0,,/home/carsten/Projects/MAPF/MAPF Evaluator/results/tlcpp-room-32-4/runs/lg_lacam_fork_lg/room-32-32-4/room-32-32-4-random-1_a150_s0_r0,5987,0.153,"{""agents"": ""150"", ""comp_time"": ""153"", ""makespan"": ""68"", ""makespan_lb"": ""55"", ""map_file"": ""room-32-32-4.map"", ""seed"": ""0"", ""soc"": ""5987"", ""soc_lb"": ""3707"", ""solved"": ""1"", ""solver"": ""planner"", ""sum_of_loss"": ""5332"", ""sum_of_loss_lb"": ""3707""}"
lg_lacam_fork:lg,"LG-LaCAM (window 20, first solution)",room-32-32-4,room-32-32-4-random-1,150,1,30.0,solved,0.185551,0.128,6134,66,5328,3707,55,1.654707,0,,/home/carsten/Projects/MAPF/MAPF Evaluator/results/tlcpp-room-32-4/runs/lg_lacam_fork_lg/room-32-32-4/room-32-32-4-random-1_a150_s1_r0,6134,0.128,"{""agents"": ""150"", ""comp_time"": ""128"", ""makespan"": ""66"", ""makespan_lb"": ""55"", ""map_file"": ""room-32-32-4.map"", ""seed"": ""1"", ""soc"": ""6134"", ""soc_lb"": ""3707"", ""solved"": ""1"", ""solver"": ""planner"", ""sum_of_loss"": ""5439"", ""sum_of_loss_lb"": ""3707""}"
lg_lacam_fork:lg_tl,LG-LaCAM (window 20) + traffic load,room-32-32-4,room-32-32-4-random-1,150,0,30.0,solved,0.195724,0.136,5560,64,4951,3707,55,1.499865,0,,/home/carsten/Projects/MAPF/MAPF Evaluator/results/tlcpp-room-32-4/runs/lg_lacam_fork_lg_tl/room-32-32-4/room-32-32-4-random-1_a150_s0_r0,5560,0.136,"{""agents"": ""150"", ""comp_time"": ""136"", ""makespan"": ""64"", ""makespan_lb"": ""55"", ""map_file"": ""room-32-32-4.map"", ""seed"": ""0"", ""soc"": ""5560"", ""soc_lb"": ""3707"", ""solved"": ""1"", ""solver"": ""planner"", ""sum_of_loss"": ""5053"", ""sum_of_loss_lb"": ""3707""}"
lg_lacam_fork:lg,"LG-LaCAM (window 20, first solution)",room-32-32-4,room-32-32-4-random-1,150,2,30.0,solved,0.444673,0.309,5763,68,5273,3707,55,1.554626,0,,/home/carsten/Projects/MAPF/MAPF Evaluator/results/tlcpp-room-32-4/runs/lg_lacam_fork_lg/room-32-32-4/room-32-32-4-random-1_a150_s2_r0,5763,0.309,"{""agents"": ""150"", ""comp_time"": ""309"", ""makespan"": ""68"", ""makespan_lb"": ""55"", ""map_file"": ""room-32-32-4.map"", ""seed"": ""2"", ""soc"": ""5763"", ""soc_lb"": ""3707"", ""solved"": ""1"", ""solver"": ""planner"", ""sum_of_loss"": ""5360"", ""sum_of_loss_lb"": ""3707""}"
lg_lacam_fork:lg_tl,LG-LaCAM (window 20) + traffic load,room-32-32-4,room-32-32-4-random-1,150,1,30.0,solved,0.295369,0.235,5563,65,4979,3707,55,1.500674,0,,/home/carsten/Projects/MAPF/MAPF Evaluator/results/tlcpp-room-32-4/runs/lg_lacam_fork_lg_tl/room-32-32-4/room-32-32-4-random-1_a150_s1_r0,5563,0.235,"{""agents"": ""150"", ""comp_time"": ""235"", ""makespan"": ""65"", ""makespan_lb"": ""55"", ""map_file"": ""room-32-32-4.map"", ""seed"": ""1"", ""soc"": ""5563"", ""soc_lb"": ""3707"", ""solved"": ""1"", ""solver"": ""planner"", ""sum_of_loss"": ""5063"", ""sum_of_loss_lb"": ""3707""}"
lg_lacam_fork:lg_tl,LG-LaCAM (window 20) + traffic load,room-32-32-4,room-32-32-4-random-1,150,2,30.0,solved,0.460678,0.298,5608,71,5043,3707,55,1.512814,0,,/home/carsten/Projects/MAPF/MAPF Evaluator/results/tlcpp-room-32-4/runs/lg_lacam_fork_lg_tl/room-32-32-4/room-32-32-4-random-1_a150_s2_r0,5608,0.298,"{""agents"": ""150"", ""comp_time"": ""298"", ""makespan"": ""71"", ""makespan_lb"": ""55"", ""map_file"": ""room-32-32-4.map"", ""seed"": ""2"", ""soc"": ""5608"", ""soc_lb"": ""3707"", ""solved"": ""1"", ""solver"": ""planner"", ""sum_of_loss"": ""5138"", ""sum_of_loss_lb"": ""3707""}"
lg_lacam_fork:lg_suo,LG-LaCAM (window 20) + SUO,room-32-32-4,room-32-32-4-random-1,150,0,30.0,solved,0.404884,0.326,6019,66,5199,3707,55,1.623685,0,,/home/carsten/Projects/MAPF/MAPF Evaluator/results/tlcpp-room-32-4/runs/lg_lacam_fork_lg_suo/room-32-32-4/room-32-32-4-random-1_a150_s0_r0,6019,0.326,"{""agents"": ""150"", ""comp_time"": ""326"", ""makespan"": ""66"", ""makespan_lb"": ""55"", ""map_file"": ""room-32-32-4.map"", ""seed"": ""0"", ""soc"": ""6019"", ""soc_lb"": ""3707"", ""solved"": ""1"", ""solver"": ""planner"", ""sum_of_loss"": ""5304"", ""sum_of_loss_lb"": ""3707""}"
lg_lacam_fork:lg_suo,LG-LaCAM (window 20) + SUO,room-32-32-4,room-32-32-4-random-1,150,1,30.0,solved,0.272739,0.174,5737,70,5113,3707,55,1.547613,0,,/home/carsten/Projects/MAPF/MAPF Evaluator/results/tlcpp-room-32-4/runs/lg_lacam_fork_lg_suo/room-32-32-4/room-32-32-4-random-1_a150_s1_r0,5737,0.174,"{""agents"": ""150"", ""comp_time"": ""174"", ""makespan"": ""70"", ""makespan_lb"": ""55"", ""map_file"": ""room-32-32-4.map"", ""seed"": ""1"", ""soc"": ""5737"", ""soc_lb"": ""3707"", ""solved"": ""1"", ""solver"": ""planner"", ""sum_of_loss"": ""5207"", ""sum_of_loss_lb"": ""3707""}"
lg_lacam_fork:lg_suo,LG-LaCAM (window 20) + SUO,room-32-32-4,room-32-32-4-random-1,150,2,30.0,solved,0.596154,0.488,5659,69,5066,3707,55,1.526571,0,,/home/carsten/Projects/MAPF/MAPF Evaluator/results/tlcpp-room-32-4/runs/lg_lacam_fork_lg_suo/room-32-32-4/room-32-32-4-random-1_a150_s2_r0,5659,0.488,"{""agents"": ""150"", ""comp_time"": ""488"", ""makespan"": ""69"", ""makespan_lb"": ""55"", ""map_file"": ""room-32-32-4.map"", ""seed"": ""2"", ""soc"": ""5659"", ""soc_lb"": ""3707"", ""solved"": ""1"", ""solver"": ""planner"", ""sum_of_loss"": ""5139"", ""sum_of_loss_lb"": ""3707""}"
lg_lacam_fork:lg_suo_tl,LG-LaCAM (window 20) + SUO + traffic load,room-32-32-4,room-32-32-4-random-1,150,2,30.0,solved,0.253223,0.188,5449,63,4987,3707,55,1.469922,0,,/home/carsten/Projects/MAPF/MAPF Evaluator/results/tlcpp-room-32-4/runs/lg_lacam_fork_lg_suo_tl/room-32-32-4/room-32-32-4-random-1_a150_s2_r0,5449,0.188,"{""agents"": ""150"", ""comp_time"": ""188"", ""makespan"": ""63"", ""makespan_lb"": ""55"", ""map_file"": ""room-32-32-4.map"", ""seed"": ""2"", ""soc"": ""5449"", ""soc_lb"": ""3707"", ""solved"": ""1"", ""solver"": ""planner"", ""sum_of_loss"": ""5067"", ""sum_of_loss_lb"": ""3707""}"
lg_lacam_fork:lg_suo_tl,LG-LaCAM (window 20) + SUO + traffic load,room-32-32-4,room-32-32-4-random-1,150,0,30.0,solved,0.87503,0.627,5745,63,5039,3707,55,1.549771,0,,/home/carsten/Projects/MAPF/MAPF Evaluator/results/tlcpp-room-32-4/runs/lg_lacam_fork_lg_suo_tl/room-32-32-4/room-32-32-4-random-1_a150_s0_r0,5745,0.627,"{""agents"": ""150"", ""comp_time"": ""627"", ""makespan"": ""63"", ""makespan_lb"": ""55"", ""map_file"": ""room-32-32-4.map"", ""seed"": ""0"", ""soc"": ""5745"", ""soc_lb"": ""3707"", ""solved"": ""1"", ""solver"": ""planner"", ""sum_of_loss"": ""5132"", ""sum_of_loss_lb"": ""3707""}"
lg_lacam_fork:lg_suo_tl,LG-LaCAM (window 20) + SUO + traffic load,room-32-32-4,room-32-32-4-random-1,150,1,30.0,solved,0.720426,0.542,5846,63,5097,3707,55,1.577016,0,,/home/carsten/Projects/MAPF/MAPF Evaluator/results/tlcpp-room-32-4/runs/lg_lacam_fork_lg_suo_tl/room-32-32-4/room-32-32-4-random-1_a150_s1_r0,5846,0.542,"{""agents"": ""150"", ""comp_time"": ""542"", ""makespan"": ""63"", ""makespan_lb"": ""55"", ""map_file"": ""room-32-32-4.map"", ""seed"": ""1"", ""soc"": ""5846"", ""soc_lb"": ""3707"", ""solved"": ""1"", ""solver"": ""planner"", ""sum_of_loss"": ""5200"", ""sum_of_loss_lb"": ""3707""}"
lg_lacam_fork:lacam,"LaCAM (no guidance, first solution)",room-32-32-4,room-32-32-4-random-1,200,0,30.0,solved,0.165886,0.029,13193,98,10848,5022,58,2.627041,0,,/home/carsten/Projects/MAPF/MAPF Evaluator/results/tlcpp-room-32-4/runs/lg_lacam_fork_lacam/room-32-32-4/room-32-32-4-random-1_a200_s0_r0,13193,0.029,"{""agents"": ""200"", ""comp_time"": ""29"", ""makespan"": ""98"", ""makespan_lb"": ""58"", ""map_file"": ""room-32-32-4.map"", ""seed"": ""0"", ""soc"": ""13193"", ""soc_lb"": ""5022"", ""solved"": ""1"", ""solver"": ""planner"", ""sum_of_loss"": ""11220"", ""sum_of_loss_lb"": ""5022""}"
lg_lacam_fork:lacam,"LaCAM (no guidance, first solution)",room-32-32-4,room-32-32-4-random-1,200,1,30.0,solved,0.175608,0.057,13946,101,11137,5022,58,2.776981,0,,/home/carsten/Projects/MAPF/MAPF Evaluator/results/tlcpp-room-32-4/runs/lg_lacam_fork_lacam/room-32-32-4/room-32-32-4-random-1_a200_s1_r0,13946,0.057,"{""agents"": ""200"", ""comp_time"": ""57"", ""makespan"": ""101"", ""makespan_lb"": ""58"", ""map_file"": ""room-32-32-4.map"", ""seed"": ""1"", ""soc"": ""13946"", ""soc_lb"": ""5022"", ""solved"": ""1"", ""solver"": ""planner"", ""sum_of_loss"": ""11504"", ""sum_of_loss_lb"": ""5022""}"
lg_lacam_fork:tl,"LaCAM + traffic load (tie-break, per config)",room-32-32-4,room-32-32-4-random-1,200,0,30.0,solved,0.294944,0.129,11348,84,9465,5022,58,2.259658,0,,/home/carsten/Projects/MAPF/MAPF Evaluator/results/tlcpp-room-32-4/runs/lg_lacam_fork_tl/room-32-32-4/room-32-32-4-random-1_a200_s0_r0,11348,0.129,"{""agents"": ""200"", ""comp_time"": ""129"", ""makespan"": ""84"", ""makespan_lb"": ""58"", ""map_file"": ""room-32-32-4.map"", ""seed"": ""0"", ""soc"": ""11348"", ""soc_lb"": ""5022"", ""solved"": ""1"", ""solver"": ""planner"", ""sum_of_loss"": ""9724"", ""sum_of_loss_lb"": ""5022""}"
lg_lacam_fork:tl,"LaCAM + traffic load (tie-break, per config)",room-32-32-4,room-32-32-4-random-1,200,1,30.0,solved,0.174154,0.067,11140,88,9519,5022,58,2.21824,0,,/home/carsten/Projects/MAPF/MAPF Evaluator/results/tlcpp-room-32-4/runs/lg_lacam_fork_tl/room-32-32-4/room-32-32-4-random-1_a200_s1_r0,11140,0.067,"{""agents"": ""200"", ""comp_time"": ""67"", ""makespan"": ""88"", ""makespan_lb"": ""58"", ""map_file"": ""room-32-32-4.map"", ""seed"": ""1"", ""soc"": ""11140"", ""soc_lb"": ""5022"", ""solved"": ""1"", ""solver"": ""planner"", ""sum_of_loss"": ""9778"", ""sum_of_loss_lb"": ""5022""}"
lg_lacam_fork:lacam,"LaCAM (no guidance, first solution)",room-32-32-4,room-32-32-4-random-1,200,2,30.0,error,0.803254,,,,,5022,58,,-6,exit code -6: terminate called after throwing an instance of 'std::system_error' what(): Resource temporarily unavailable,/home/carsten/Projects/MAPF/MAPF Evaluator/results/tlcpp-room-32-4/runs/lg_lacam_fork_lacam/room-32-32-4/room-32-32-4-random-1_a200_s2_r0,,,
lg_lacam_fork:tl,"LaCAM + traffic load (tie-break, per config)",room-32-32-4,room-32-32-4-random-1,200,2,30.0,solved,0.126406,0.067,12711,119,10170,5022,58,2.531063,0,,/home/carsten/Projects/MAPF/MAPF Evaluator/results/tlcpp-room-32-4/runs/lg_lacam_fork_tl/room-32-32-4/room-32-32-4-random-1_a200_s2_r0,12711,0.067,"{""agents"": ""200"", ""comp_time"": ""67"", ""makespan"": ""119"", ""makespan_lb"": ""58"", ""map_file"": ""room-32-32-4.map"", ""seed"": ""2"", ""soc"": ""12711"", ""soc_lb"": ""5022"", ""solved"": ""1"", ""solver"": ""planner"", ""sum_of_loss"": ""10480"", ""sum_of_loss_lb"": ""5022""}"
lg_lacam_fork:tl_agent,"LaCAM + traffic load (tie-break, per agent)",room-32-32-4,room-32-32-4-random-1,200,1,30.0,solved,0.150339,0.094,12300,96,9853,5022,58,2.449223,0,,/home/carsten/Projects/MAPF/MAPF Evaluator/results/tlcpp-room-32-4/runs/lg_lacam_fork_tl_agent/room-32-32-4/room-32-32-4-random-1_a200_s1_r0,12300,0.094,"{""agents"": ""200"", ""comp_time"": ""94"", ""makespan"": ""96"", ""makespan_lb"": ""58"", ""map_file"": ""room-32-32-4.map"", ""seed"": ""1"", ""soc"": ""12300"", ""soc_lb"": ""5022"", ""solved"": ""1"", ""solver"": ""planner"", ""sum_of_loss"": ""10153"", ""sum_of_loss_lb"": ""5022""}"
lg_lacam_fork:tl_agent,"LaCAM + traffic load (tie-break, per agent)",room-32-32-4,room-32-32-4-random-1,200,0,30.0,solved,0.185016,0.092,11817,103,9702,5022,58,2.353047,0,,/home/carsten/Projects/MAPF/MAPF Evaluator/results/tlcpp-room-32-4/runs/lg_lacam_fork_tl_agent/room-32-32-4/room-32-32-4-random-1_a200_s0_r0,11817,0.092,"{""agents"": ""200"", ""comp_time"": ""92"", ""makespan"": ""103"", ""makespan_lb"": ""58"", ""map_file"": ""room-32-32-4.map"", ""seed"": ""0"", ""soc"": ""11817"", ""soc_lb"": ""5022"", ""solved"": ""1"", ""solver"": ""planner"", ""sum_of_loss"": ""9993"", ""sum_of_loss_lb"": ""5022""}"
lg_lacam_fork:tl_agent,"LaCAM + traffic load (tie-break, per agent)",room-32-32-4,room-32-32-4-random-1,200,2,30.0,solved,0.118113,0.069,11033,92,9309,5022,58,2.196933,0,,/home/carsten/Projects/MAPF/MAPF Evaluator/results/tlcpp-room-32-4/runs/lg_lacam_fork_tl_agent/room-32-32-4/room-32-32-4-random-1_a200_s2_r0,11033,0.069,"{""agents"": ""200"", ""comp_time"": ""69"", ""makespan"": ""92"", ""makespan_lb"": ""58"", ""map_file"": ""room-32-32-4.map"", ""seed"": ""2"", ""soc"": ""11033"", ""soc_lb"": ""5022"", ""solved"": ""1"", ""solver"": ""planner"", ""sum_of_loss"": ""9574"", ""sum_of_loss_lb"": ""5022""}"
lg_lacam_fork:tl_static,LaCAM + traffic load (static map from starts),room-32-32-4,room-32-32-4-random-1,200,0,30.0,solved,0.220337,0.119,14417,182,11043,5022,58,2.870769,0,,/home/carsten/Projects/MAPF/MAPF Evaluator/results/tlcpp-room-32-4/runs/lg_lacam_fork_tl_static/room-32-32-4/room-32-32-4-random-1_a200_s0_r0,14417,0.119,"{""agents"": ""200"", ""comp_time"": ""119"", ""makespan"": ""182"", ""makespan_lb"": ""58"", ""map_file"": ""room-32-32-4.map"", ""seed"": ""0"", ""soc"": ""14417"", ""soc_lb"": ""5022"", ""solved"": ""1"", ""solver"": ""planner"", ""sum_of_loss"": ""11862"", ""sum_of_loss_lb"": ""5022""}"
lg_lacam_fork:suo,LaCAM3 = SUO (first solution),room-32-32-4,room-32-32-4-random-1,200,0,30.0,solved,0.16206,0.102,11300,89,9461,5022,58,2.2501,0,,/home/carsten/Projects/MAPF/MAPF Evaluator/results/tlcpp-room-32-4/runs/lg_lacam_fork_suo/room-32-32-4/room-32-32-4-random-1_a200_s0_r0,11300,0.102,"{""agents"": ""200"", ""comp_time"": ""102"", ""makespan"": ""89"", ""makespan_lb"": ""58"", ""map_file"": ""room-32-32-4.map"", ""seed"": ""0"", ""soc"": ""11300"", ""soc_lb"": ""5022"", ""solved"": ""1"", ""solver"": ""planner"", ""sum_of_loss"": ""9809"", ""sum_of_loss_lb"": ""5022""}"
lg_lacam_fork:tl_static,LaCAM + traffic load (static map from starts),room-32-32-4,room-32-32-4-random-1,200,2,30.0,solved,0.45728,0.352,15571,199,11891,5022,58,3.100558,0,,/home/carsten/Projects/MAPF/MAPF Evaluator/results/tlcpp-room-32-4/runs/lg_lacam_fork_tl_static/room-32-32-4/room-32-32-4-random-1_a200_s2_r0,15571,0.352,"{""agents"": ""200"", ""comp_time"": ""352"", ""makespan"": ""199"", ""makespan_lb"": ""58"", ""map_file"": ""room-32-32-4.map"", ""seed"": ""2"", ""soc"": ""15571"", ""soc_lb"": ""5022"", ""solved"": ""1"", ""solver"": ""planner"", ""sum_of_loss"": ""12962"", ""sum_of_loss_lb"": ""5022""}"
lg_lacam_fork:suo,LaCAM3 = SUO (first solution),room-32-32-4,room-32-32-4-random-1,200,1,30.0,solved,0.113908,0.056,12738,92,10234,5022,58,2.53644,0,,/home/carsten/Projects/MAPF/MAPF Evaluator/results/tlcpp-room-32-4/runs/lg_lacam_fork_suo/room-32-32-4/room-32-32-4-random-1_a200_s1_r0,12738,0.056,"{""agents"": ""200"", ""comp_time"": ""56"", ""makespan"": ""92"", ""makespan_lb"": ""58"", ""map_file"": ""room-32-32-4.map"", ""seed"": ""1"", ""soc"": ""12738"", ""soc_lb"": ""5022"", ""solved"": ""1"", ""solver"": ""planner"", ""sum_of_loss"": ""10615"", ""sum_of_loss_lb"": ""5022""}"
lg_lacam_fork:suo,LaCAM3 = SUO (first solution),room-32-32-4,room-32-32-4-random-1,200,2,30.0,solved,0.271861,0.15,11930,97,9870,5022,58,2.375548,0,,/home/carsten/Projects/MAPF/MAPF Evaluator/results/tlcpp-room-32-4/runs/lg_lacam_fork_suo/room-32-32-4/room-32-32-4-random-1_a200_s2_r0,11930,0.15,"{""agents"": ""200"", ""comp_time"": ""150"", ""makespan"": ""97"", ""makespan_lb"": ""58"", ""map_file"": ""room-32-32-4.map"", ""seed"": ""2"", ""soc"": ""11930"", ""soc_lb"": ""5022"", ""solved"": ""1"", ""solver"": ""planner"", ""sum_of_loss"": ""10198"", ""sum_of_loss_lb"": ""5022""}"
lg_lacam_fork:suo_tl,SUO + traffic load,room-32-32-4,room-32-32-4-random-1,200,0,30.0,solved,0.188684,0.132,10192,85,8658,5022,58,2.02947,0,,/home/carsten/Projects/MAPF/MAPF Evaluator/results/tlcpp-room-32-4/runs/lg_lacam_fork_suo_tl/room-32-32-4/room-32-32-4-random-1_a200_s0_r0,10192,0.132,"{""agents"": ""200"", ""comp_time"": ""132"", ""makespan"": ""85"", ""makespan_lb"": ""58"", ""map_file"": ""room-32-32-4.map"", ""seed"": ""0"", ""soc"": ""10192"", ""soc_lb"": ""5022"", ""solved"": ""1"", ""solver"": ""planner"", ""sum_of_loss"": ""8940"", ""sum_of_loss_lb"": ""5022""}"
lg_lacam_fork:tl_static,LaCAM + traffic load (static map from starts),room-32-32-4,room-32-32-4-random-1,200,1,30.0,solved,1.033251,0.836,14918,162,11276,5022,58,2.97053,0,,/home/carsten/Projects/MAPF/MAPF Evaluator/results/tlcpp-room-32-4/runs/lg_lacam_fork_tl_static/room-32-32-4/room-32-32-4-random-1_a200_s1_r0,14918,0.836,"{""agents"": ""200"", ""comp_time"": ""836"", ""makespan"": ""162"", ""makespan_lb"": ""58"", ""map_file"": ""room-32-32-4.map"", ""seed"": ""1"", ""soc"": ""14918"", ""soc_lb"": ""5022"", ""solved"": ""1"", ""solver"": ""planner"", ""sum_of_loss"": ""12081"", ""sum_of_loss_lb"": ""5022""}"
lg_lacam_fork:suo_tl,SUO + traffic load,room-32-32-4,room-32-32-4-random-1,200,1,30.0,solved,0.177926,0.111,11597,80,9685,5022,58,2.309239,0,,/home/carsten/Projects/MAPF/MAPF Evaluator/results/tlcpp-room-32-4/runs/lg_lacam_fork_suo_tl/room-32-32-4/room-32-32-4-random-1_a200_s1_r0,11597,0.111,"{""agents"": ""200"", ""comp_time"": ""111"", ""makespan"": ""80"", ""makespan_lb"": ""58"", ""map_file"": ""room-32-32-4.map"", ""seed"": ""1"", ""soc"": ""11597"", ""soc_lb"": ""5022"", ""solved"": ""1"", ""solver"": ""planner"", ""sum_of_loss"": ""10015"", ""sum_of_loss_lb"": ""5022""}"
lg_lacam_fork:suo_tl,SUO + traffic load,room-32-32-4,room-32-32-4-random-1,200,2,30.0,solved,0.431022,0.293,10602,82,8829,5022,58,2.111111,0,,/home/carsten/Projects/MAPF/MAPF Evaluator/results/tlcpp-room-32-4/runs/lg_lacam_fork_suo_tl/room-32-32-4/room-32-32-4-random-1_a200_s2_r0,10602,0.293,"{""agents"": ""200"", ""comp_time"": ""293"", ""makespan"": ""82"", ""makespan_lb"": ""58"", ""map_file"": ""room-32-32-4.map"", ""seed"": ""2"", ""soc"": ""10602"", ""soc_lb"": ""5022"", ""solved"": ""1"", ""solver"": ""planner"", ""sum_of_loss"": ""9135"", ""sum_of_loss_lb"": ""5022""}"
lg_lacam_fork:lg,"LG-LaCAM (window 20, first solution)",room-32-32-4,room-32-32-4-random-1,200,0,30.0,solved,0.498236,0.421,9682,73,8309,5022,58,1.927917,0,,/home/carsten/Projects/MAPF/MAPF Evaluator/results/tlcpp-room-32-4/runs/lg_lacam_fork_lg/room-32-32-4/room-32-32-4-random-1_a200_s0_r0,9682,0.421,"{""agents"": ""200"", ""comp_time"": ""421"", ""makespan"": ""73"", ""makespan_lb"": ""58"", ""map_file"": ""room-32-32-4.map"", ""seed"": ""0"", ""soc"": ""9682"", ""soc_lb"": ""5022"", ""solved"": ""1"", ""solver"": ""planner"", ""sum_of_loss"": ""8541"", ""sum_of_loss_lb"": ""5022""}"
lg_lacam_fork:lg,"LG-LaCAM (window 20, first solution)",room-32-32-4,room-32-32-4-random-1,200,1,30.0,solved,0.734461,0.663,10419,87,8527,5022,58,2.074671,0,,/home/carsten/Projects/MAPF/MAPF Evaluator/results/tlcpp-room-32-4/runs/lg_lacam_fork_lg/room-32-32-4/room-32-32-4-random-1_a200_s1_r0,10419,0.663,"{""agents"": ""200"", ""comp_time"": ""663"", ""makespan"": ""87"", ""makespan_lb"": ""58"", ""map_file"": ""room-32-32-4.map"", ""seed"": ""1"", ""soc"": ""10419"", ""soc_lb"": ""5022"", ""solved"": ""1"", ""solver"": ""planner"", ""sum_of_loss"": ""8811"", ""sum_of_loss_lb"": ""5022""}"
lg_lacam_fork:lg,"LG-LaCAM (window 20, first solution)",room-32-32-4,room-32-32-4-random-1,200,2,30.0,solved,0.932606,0.792,10366,84,8492,5022,58,2.064118,0,,/home/carsten/Projects/MAPF/MAPF Evaluator/results/tlcpp-room-32-4/runs/lg_lacam_fork_lg/room-32-32-4/room-32-32-4-random-1_a200_s2_r0,10366,0.792,"{""agents"": ""200"", ""comp_time"": ""792"", ""makespan"": ""84"", ""makespan_lb"": ""58"", ""map_file"": ""room-32-32-4.map"", ""seed"": ""2"", ""soc"": ""10366"", ""soc_lb"": ""5022"", ""solved"": ""1"", ""solver"": ""planner"", ""sum_of_loss"": ""8742"", ""sum_of_loss_lb"": ""5022""}"
lg_lacam_fork:lg_tl,LG-LaCAM (window 20) + traffic load,room-32-32-4,room-32-32-4-random-1,200,0,30.0,solved,0.340915,0.279,9572,77,8012,5022,58,1.906014,0,,/home/carsten/Projects/MAPF/MAPF Evaluator/results/tlcpp-room-32-4/runs/lg_lacam_fork_lg_tl/room-32-32-4/room-32-32-4-random-1_a200_s0_r0,9572,0.279,"{""agents"": ""200"", ""comp_time"": ""279"", ""makespan"": ""77"", ""makespan_lb"": ""58"", ""map_file"": ""room-32-32-4.map"", ""seed"": ""0"", ""soc"": ""9572"", ""soc_lb"": ""5022"", ""solved"": ""1"", ""solver"": ""planner"", ""sum_of_loss"": ""8223"", ""sum_of_loss_lb"": ""5022""}"
lg_lacam_fork:lg_tl,LG-LaCAM (window 20) + traffic load,room-32-32-4,room-32-32-4-random-1,200,2,30.0,solved,0.348555,0.245,9852,83,8187,5022,58,1.961768,0,,/home/carsten/Projects/MAPF/MAPF Evaluator/results/tlcpp-room-32-4/runs/lg_lacam_fork_lg_tl/room-32-32-4/room-32-32-4-random-1_a200_s2_r0,9852,0.245,"{""agents"": ""200"", ""comp_time"": ""245"", ""makespan"": ""83"", ""makespan_lb"": ""58"", ""map_file"": ""room-32-32-4.map"", ""seed"": ""2"", ""soc"": ""9852"", ""soc_lb"": ""5022"", ""solved"": ""1"", ""solver"": ""planner"", ""sum_of_loss"": ""8401"", ""sum_of_loss_lb"": ""5022""}"
lg_lacam_fork:lg_tl,LG-LaCAM (window 20) + traffic load,room-32-32-4,room-32-32-4-random-1,200,1,30.0,solved,0.950937,0.851,9972,78,8360,5022,58,1.985663,0,,/home/carsten/Projects/MAPF/MAPF Evaluator/results/tlcpp-room-32-4/runs/lg_lacam_fork_lg_tl/room-32-32-4/room-32-32-4-random-1_a200_s1_r0,9972,0.851,"{""agents"": ""200"", ""comp_time"": ""851"", ""makespan"": ""78"", ""makespan_lb"": ""58"", ""map_file"": ""room-32-32-4.map"", ""seed"": ""1"", ""soc"": ""9972"", ""soc_lb"": ""5022"", ""solved"": ""1"", ""solver"": ""planner"", ""sum_of_loss"": ""8581"", ""sum_of_loss_lb"": ""5022""}"
lg_lacam_fork:lg_suo,LG-LaCAM (window 20) + SUO,room-32-32-4,room-32-32-4-random-1,200,2,30.0,solved,0.543332,0.439,10092,81,8572,5022,58,2.009558,0,,/home/carsten/Projects/MAPF/MAPF Evaluator/results/tlcpp-room-32-4/runs/lg_lacam_fork_lg_suo/room-32-32-4/room-32-32-4-random-1_a200_s2_r0,10092,0.439,"{""agents"": ""200"", ""comp_time"": ""439"", ""makespan"": ""81"", ""makespan_lb"": ""58"", ""map_file"": ""room-32-32-4.map"", ""seed"": ""2"", ""soc"": ""10092"", ""soc_lb"": ""5022"", ""solved"": ""1"", ""solver"": ""planner"", ""sum_of_loss"": ""8799"", ""sum_of_loss_lb"": ""5022""}"
lg_lacam_fork:lg_suo,LG-LaCAM (window 20) + SUO,room-32-32-4,room-32-32-4-random-1,200,0,30.0,solved,0.9903,0.844,10334,82,8651,5022,58,2.057746,0,,/home/carsten/Projects/MAPF/MAPF Evaluator/results/tlcpp-room-32-4/runs/lg_lacam_fork_lg_suo/room-32-32-4/room-32-32-4-random-1_a200_s0_r0,10334,0.844,"{""agents"": ""200"", ""comp_time"": ""844"", ""makespan"": ""82"", ""makespan_lb"": ""58"", ""map_file"": ""room-32-32-4.map"", ""seed"": ""0"", ""soc"": ""10334"", ""soc_lb"": ""5022"", ""solved"": ""1"", ""solver"": ""planner"", ""sum_of_loss"": ""8906"", ""sum_of_loss_lb"": ""5022""}"
lg_lacam_fork:lg_suo,LG-LaCAM (window 20) + SUO,room-32-32-4,room-32-32-4-random-1,200,1,30.0,solved,1.135561,0.98,9599,83,8166,5022,58,1.91139,0,,/home/carsten/Projects/MAPF/MAPF Evaluator/results/tlcpp-room-32-4/runs/lg_lacam_fork_lg_suo/room-32-32-4/room-32-32-4-random-1_a200_s1_r0,9599,0.98,"{""agents"": ""200"", ""comp_time"": ""980"", ""makespan"": ""83"", ""makespan_lb"": ""58"", ""map_file"": ""room-32-32-4.map"", ""seed"": ""1"", ""soc"": ""9599"", ""soc_lb"": ""5022"", ""solved"": ""1"", ""solver"": ""planner"", ""sum_of_loss"": ""8394"", ""sum_of_loss_lb"": ""5022""}"
lg_lacam_fork:lacam,"LaCAM (no guidance, first solution)",room-32-32-4,room-32-32-4-random-2,50,0,30.0,solved,0.090545,0.02,1759,52,1606,1277,52,1.377447,0,,/home/carsten/Projects/MAPF/MAPF Evaluator/results/tlcpp-room-32-4/runs/lg_lacam_fork_lacam/room-32-32-4/room-32-32-4-random-2_a50_s0_r0,1759,0.02,"{""agents"": ""50"", ""comp_time"": ""20"", ""makespan"": ""52"", ""makespan_lb"": ""52"", ""map_file"": ""room-32-32-4.map"", ""seed"": ""0"", ""soc"": ""1759"", ""soc_lb"": ""1277"", ""solved"": ""1"", ""solver"": ""planner"", ""sum_of_loss"": ""1628"", ""sum_of_loss_lb"": ""1277""}"
lg_lacam_fork:lacam,"LaCAM (no guidance, first solution)",room-32-32-4,room-32-32-4-random-2,50,1,30.0,solved,0.034271,0.005,1721,52,1555,1277,52,1.34769,0,,/home/carsten/Projects/MAPF/MAPF Evaluator/results/tlcpp-room-32-4/runs/lg_lacam_fork_lacam/room-32-32-4/room-32-32-4-random-2_a50_s1_r0,1721,0.005,"{""agents"": ""50"", ""comp_time"": ""5"", ""makespan"": ""52"", ""makespan_lb"": ""52"", ""map_file"": ""room-32-32-4.map"", ""seed"": ""1"", ""soc"": ""1721"", ""soc_lb"": ""1277"", ""solved"": ""1"", ""solver"": ""planner"", ""sum_of_loss"": ""1577"", ""sum_of_loss_lb"": ""1277""}"
lg_lacam_fork:lg_suo_tl,LG-LaCAM (window 20) + SUO + traffic load,room-32-32-4,room-32-32-4-random-1,200,0,30.0,solved,0.962305,0.892,9534,75,8020,5022,58,1.898447,0,,/home/carsten/Projects/MAPF/MAPF Evaluator/results/tlcpp-room-32-4/runs/lg_lacam_fork_lg_suo_tl/room-32-32-4/room-32-32-4-random-1_a200_s0_r0,9534,0.892,"{""agents"": ""200"", ""comp_time"": ""892"", ""makespan"": ""75"", ""makespan_lb"": ""58"", ""map_file"": ""room-32-32-4.map"", ""seed"": ""0"", ""soc"": ""9534"", ""soc_lb"": ""5022"", ""solved"": ""1"", ""solver"": ""planner"", ""sum_of_loss"": ""8240"", ""sum_of_loss_lb"": ""5022""}"
lg_lacam_fork:lacam,"LaCAM (no guidance, first solution)",room-32-32-4,room-32-32-4-random-2,50,2,30.0,solved,0.028633,0.004,1782,54,1586,1277,52,1.395458,0,,/home/carsten/Projects/MAPF/MAPF Evaluator/results/tlcpp-room-32-4/runs/lg_lacam_fork_lacam/room-32-32-4/room-32-32-4-random-2_a50_s2_r0,1782,0.004,"{""agents"": ""50"", ""comp_time"": ""4"", ""makespan"": ""54"", ""makespan_lb"": ""52"", ""map_file"": ""room-32-32-4.map"", ""seed"": ""2"", ""soc"": ""1782"", ""soc_lb"": ""1277"", ""solved"": ""1"", ""solver"": ""planner"", ""sum_of_loss"": ""1614"", ""sum_of_loss_lb"": ""1277""}"
lg_lacam_fork:tl,"LaCAM + traffic load (tie-break, per config)",room-32-32-4,room-32-32-4-random-2,50,0,30.0,solved,0.089422,0.03,1603,52,1472,1277,52,1.255286,0,,/home/carsten/Projects/MAPF/MAPF Evaluator/results/tlcpp-room-32-4/runs/lg_lacam_fork_tl/room-32-32-4/room-32-32-4-random-2_a50_s0_r0,1603,0.03,"{""agents"": ""50"", ""comp_time"": ""30"", ""makespan"": ""52"", ""makespan_lb"": ""52"", ""map_file"": ""room-32-32-4.map"", ""seed"": ""0"", ""soc"": ""1603"", ""soc_lb"": ""1277"", ""solved"": ""1"", ""solver"": ""planner"", ""sum_of_loss"": ""1488"", ""sum_of_loss_lb"": ""1277""}"
lg_lacam_fork:lg_suo_tl,LG-LaCAM (window 20) + SUO + traffic load,room-32-32-4,room-32-32-4-random-1,200,1,30.0,solved,0.479998,0.395,9856,79,8273,5022,58,1.962565,0,,/home/carsten/Projects/MAPF/MAPF Evaluator/results/tlcpp-room-32-4/runs/lg_lacam_fork_lg_suo_tl/room-32-32-4/room-32-32-4-random-1_a200_s1_r0,9856,0.395,"{""agents"": ""200"", ""comp_time"": ""395"", ""makespan"": ""79"", ""makespan_lb"": ""58"", ""map_file"": ""room-32-32-4.map"", ""seed"": ""1"", ""soc"": ""9856"", ""soc_lb"": ""5022"", ""solved"": ""1"", ""solver"": ""planner"", ""sum_of_loss"": ""8520"", ""sum_of_loss_lb"": ""5022""}"
lg_lacam_fork:tl,"LaCAM + traffic load (tie-break, per config)",room-32-32-4,room-32-32-4-random-2,50,2,30.0,solved,0.037434,0.008,1594,52,1471,1277,52,1.248238,0,,/home/carsten/Projects/MAPF/MAPF Evaluator/results/tlcpp-room-32-4/runs/lg_lacam_fork_tl/room-32-32-4/room-32-32-4-random-2_a50_s2_r0,1594,0.008,"{""agents"": ""50"", ""comp_time"": ""8"", ""makespan"": ""52"", ""makespan_lb"": ""52"", ""map_file"": ""room-32-32-4.map"", ""seed"": ""2"", ""soc"": ""1594"", ""soc_lb"": ""1277"", ""solved"": ""1"", ""solver"": ""planner"", ""sum_of_loss"": ""1486"", ""sum_of_loss_lb"": ""1277""}"
lg_lacam_fork:tl,"LaCAM + traffic load (tie-break, per config)",room-32-32-4,room-32-32-4-random-2,50,1,30.0,solved,0.064012,0.01,1599,52,1488,1277,52,1.252153,0,,/home/carsten/Projects/MAPF/MAPF Evaluator/results/tlcpp-room-32-4/runs/lg_lacam_fork_tl/room-32-32-4/room-32-32-4-random-2_a50_s1_r0,1599,0.01,"{""agents"": ""50"", ""comp_time"": ""10"", ""makespan"": ""52"", ""makespan_lb"": ""52"", ""map_file"": ""room-32-32-4.map"", ""seed"": ""1"", ""soc"": ""1599"", ""soc_lb"": ""1277"", ""solved"": ""1"", ""solver"": ""planner"", ""sum_of_loss"": ""1503"", ""sum_of_loss_lb"": ""1277""}"
lg_lacam_fork:tl_agent,"LaCAM + traffic load (tie-break, per agent)",room-32-32-4,room-32-32-4-random-2,50,0,30.0,solved,0.113665,0.01,1596,52,1466,1277,52,1.249804,0,,/home/carsten/Projects/MAPF/MAPF Evaluator/results/tlcpp-room-32-4/runs/lg_lacam_fork_tl_agent/room-32-32-4/room-32-32-4-random-2_a50_s0_r0,1596,0.01,"{""agents"": ""50"", ""comp_time"": ""10"", ""makespan"": ""52"", ""makespan_lb"": ""52"", ""map_file"": ""room-32-32-4.map"", ""seed"": ""0"", ""soc"": ""1596"", ""soc_lb"": ""1277"", ""solved"": ""1"", ""solver"": ""planner"", ""sum_of_loss"": ""1481"", ""sum_of_loss_lb"": ""1277""}"
lg_lacam_fork:tl_agent,"LaCAM + traffic load (tie-break, per agent)",room-32-32-4,room-32-32-4-random-2,50,1,30.0,solved,0.063397,0.019,1584,52,1475,1277,52,1.240407,0,,/home/carsten/Projects/MAPF/MAPF Evaluator/results/tlcpp-room-32-4/runs/lg_lacam_fork_tl_agent/room-32-32-4/room-32-32-4-random-2_a50_s1_r0,1584,0.019,"{""agents"": ""50"", ""comp_time"": ""19"", ""makespan"": ""52"", ""makespan_lb"": ""52"", ""map_file"": ""room-32-32-4.map"", ""seed"": ""1"", ""soc"": ""1584"", ""soc_lb"": ""1277"", ""solved"": ""1"", ""solver"": ""planner"", ""sum_of_loss"": ""1490"", ""sum_of_loss_lb"": ""1277""}"
lg_lacam_fork:tl_agent,"LaCAM + traffic load (tie-break, per agent)",room-32-32-4,room-32-32-4-random-2,50,2,30.0,solved,0.065699,0.021,1617,52,1481,1277,52,1.266249,0,,/home/carsten/Projects/MAPF/MAPF Evaluator/results/tlcpp-room-32-4/runs/lg_lacam_fork_tl_agent/room-32-32-4/room-32-32-4-random-2_a50_s2_r0,1617,0.021,"{""agents"": ""50"", ""comp_time"": ""21"", ""makespan"": ""52"", ""makespan_lb"": ""52"", ""map_file"": ""room-32-32-4.map"", ""seed"": ""2"", ""soc"": ""1617"", ""soc_lb"": ""1277"", ""solved"": ""1"", ""solver"": ""planner"", ""sum_of_loss"": ""1497"", ""sum_of_loss_lb"": ""1277""}"
lg_lacam_fork:tl_static,LaCAM + traffic load (static map from starts),room-32-32-4,room-32-32-4-random-2,50,0,30.0,solved,0.092488,0.023,1702,52,1530,1277,52,1.332811,0,,/home/carsten/Projects/MAPF/MAPF Evaluator/results/tlcpp-room-32-4/runs/lg_lacam_fork_tl_static/room-32-32-4/room-32-32-4-random-2_a50_s0_r0,1702,0.023,"{""agents"": ""50"", ""comp_time"": ""23"", ""makespan"": ""52"", ""makespan_lb"": ""52"", ""map_file"": ""room-32-32-4.map"", ""seed"": ""0"", ""soc"": ""1702"", ""soc_lb"": ""1277"", ""solved"": ""1"", ""solver"": ""planner"", ""sum_of_loss"": ""1551"", ""sum_of_loss_lb"": ""1277""}"
lg_lacam_fork:tl_static,LaCAM + traffic load (static map from starts),room-32-32-4,room-32-32-4-random-2,50,1,30.0,solved,0.103162,0.028,1744,56,1573,1277,52,1.365701,0,,/home/carsten/Projects/MAPF/MAPF Evaluator/results/tlcpp-room-32-4/runs/lg_lacam_fork_tl_static/room-32-32-4/room-32-32-4-random-2_a50_s1_r0,1744,0.028,"{""agents"": ""50"", ""comp_time"": ""28"", ""makespan"": ""56"", ""makespan_lb"": ""52"", ""map_file"": ""room-32-32-4.map"", ""seed"": ""1"", ""soc"": ""1744"", ""soc_lb"": ""1277"", ""solved"": ""1"", ""solver"": ""planner"", ""sum_of_loss"": ""1603"", ""sum_of_loss_lb"": ""1277""}"
lg_lacam_fork:suo,LaCAM3 = SUO (first solution),room-32-32-4,room-32-32-4-random-2,50,0,30.0,solved,0.069636,0.007,1517,54,1453,1277,52,1.18794,0,,/home/carsten/Projects/MAPF/MAPF Evaluator/results/tlcpp-room-32-4/runs/lg_lacam_fork_suo/room-32-32-4/room-32-32-4-random-2_a50_s0_r0,1517,0.007,"{""agents"": ""50"", ""comp_time"": ""7"", ""makespan"": ""54"", ""makespan_lb"": ""52"", ""map_file"": ""room-32-32-4.map"", ""seed"": ""0"", ""soc"": ""1517"", ""soc_lb"": ""1277"", ""solved"": ""1"", ""solver"": ""planner"", ""sum_of_loss"": ""1459"", ""sum_of_loss_lb"": ""1277""}"
lg_lacam_fork:tl_static,LaCAM + traffic load (static map from starts),room-32-32-4,room-32-32-4-random-2,50,2,30.0,solved,0.146968,0.073,1707,52,1539,1277,52,1.336727,0,,/home/carsten/Projects/MAPF/MAPF Evaluator/results/tlcpp-room-32-4/runs/lg_lacam_fork_tl_static/room-32-32-4/room-32-32-4-random-2_a50_s2_r0,1707,0.073,"{""agents"": ""50"", ""comp_time"": ""73"", ""makespan"": ""52"", ""makespan_lb"": ""52"", ""map_file"": ""room-32-32-4.map"", ""seed"": ""2"", ""soc"": ""1707"", ""soc_lb"": ""1277"", ""solved"": ""1"", ""solver"": ""planner"", ""sum_of_loss"": ""1561"", ""sum_of_loss_lb"": ""1277""}"
lg_lacam_fork:suo,LaCAM3 = SUO (first solution),room-32-32-4,room-32-32-4-random-2,50,1,30.0,solved,0.045306,0.011,1605,60,1503,1277,52,1.256852,0,,/home/carsten/Projects/MAPF/MAPF Evaluator/results/tlcpp-room-32-4/runs/lg_lacam_fork_suo/room-32-32-4/room-32-32-4-random-2_a50_s1_r0,1605,0.011,"{""agents"": ""50"", ""comp_time"": ""11"", ""makespan"": ""60"", ""makespan_lb"": ""52"", ""map_file"": ""room-32-32-4.map"", ""seed"": ""1"", ""soc"": ""1605"", ""soc_lb"": ""1277"", ""solved"": ""1"", ""solver"": ""planner"", ""sum_of_loss"": ""1514"", ""sum_of_loss_lb"": ""1277""}"
lg_lacam_fork:suo_tl,SUO + traffic load,room-32-32-4,room-32-32-4-random-2,50,0,30.0,solved,0.053286,0.035,1503,54,1442,1277,52,1.176977,0,,/home/carsten/Projects/MAPF/MAPF Evaluator/results/tlcpp-room-32-4/runs/lg_lacam_fork_suo_tl/room-32-32-4/room-32-32-4-random-2_a50_s0_r0,1503,0.035,"{""agents"": ""50"", ""comp_time"": ""35"", ""makespan"": ""54"", ""makespan_lb"": ""52"", ""map_file"": ""room-32-32-4.map"", ""seed"": ""0"", ""soc"": ""1503"", ""soc_lb"": ""1277"", ""solved"": ""1"", ""solver"": ""planner"", ""sum_of_loss"": ""1445"", ""sum_of_loss_lb"": ""1277""}"
lg_lacam_fork:suo,LaCAM3 = SUO (first solution),room-32-32-4,room-32-32-4-random-2,50,2,30.0,solved,0.143491,0.036,1559,54,1485,1277,52,1.22083,0,,/home/carsten/Projects/MAPF/MAPF Evaluator/results/tlcpp-room-32-4/runs/lg_lacam_fork_suo/room-32-32-4/room-32-32-4-random-2_a50_s2_r0,1559,0.036,"{""agents"": ""50"", ""comp_time"": ""36"", ""makespan"": ""54"", ""makespan_lb"": ""52"", ""map_file"": ""room-32-32-4.map"", ""seed"": ""2"", ""soc"": ""1559"", ""soc_lb"": ""1277"", ""solved"": ""1"", ""solver"": ""planner"", ""sum_of_loss"": ""1489"", ""sum_of_loss_lb"": ""1277""}"
lg_lacam_fork:suo_tl,SUO + traffic load,room-32-32-4,room-32-32-4-random-2,50,2,30.0,solved,0.042746,0.018,1544,54,1463,1277,52,1.209084,0,,/home/carsten/Projects/MAPF/MAPF Evaluator/results/tlcpp-room-32-4/runs/lg_lacam_fork_suo_tl/room-32-32-4/room-32-32-4-random-2_a50_s2_r0,1544,0.018,"{""agents"": ""50"", ""comp_time"": ""18"", ""makespan"": ""54"", ""makespan_lb"": ""52"", ""map_file"": ""room-32-32-4.map"", ""seed"": ""2"", ""soc"": ""1544"", ""soc_lb"": ""1277"", ""solved"": ""1"", ""solver"": ""planner"", ""sum_of_loss"": ""1467"", ""sum_of_loss_lb"": ""1277""}"
lg_lacam_fork:lg,"LG-LaCAM (window 20, first solution)",room-32-32-4,room-32-32-4-random-2,50,0,30.0,solved,0.078658,0.018,1494,54,1409,1277,52,1.16993,0,,/home/carsten/Projects/MAPF/MAPF Evaluator/results/tlcpp-room-32-4/runs/lg_lacam_fork_lg/room-32-32-4/room-32-32-4-random-2_a50_s0_r0,1494,0.018,"{""agents"": ""50"", ""comp_time"": ""18"", ""makespan"": ""54"", ""makespan_lb"": ""52"", ""map_file"": ""room-32-32-4.map"", ""seed"": ""0"", ""soc"": ""1494"", ""soc_lb"": ""1277"", ""solved"": ""1"", ""solver"": ""planner"", ""sum_of_loss"": ""1422"", ""sum_of_loss_lb"": ""1277""}"
lg_lacam_fork:suo_tl,SUO + traffic load,room-32-32-4,room-32-32-4-random-2,50,1,30.0,solved,0.144329,0.077,1562,60,1470,1277,52,1.223179,0,,/home/carsten/Projects/MAPF/MAPF Evaluator/results/tlcpp-room-32-4/runs/lg_lacam_fork_suo_tl/room-32-32-4/room-32-32-4-random-2_a50_s1_r0,1562,0.077,"{""agents"": ""50"", ""comp_time"": ""77"", ""makespan"": ""60"", ""makespan_lb"": ""52"", ""map_file"": ""room-32-32-4.map"", ""seed"": ""1"", ""soc"": ""1562"", ""soc_lb"": ""1277"", ""solved"": ""1"", ""solver"": ""planner"", ""sum_of_loss"": ""1479"", ""sum_of_loss_lb"": ""1277""}"
lg_lacam_fork:lg,"LG-LaCAM (window 20, first solution)",room-32-32-4,room-32-32-4-random-2,50,1,30.0,solved,0.119403,0.053,1508,54,1405,1277,52,1.180893,0,,/home/carsten/Projects/MAPF/MAPF Evaluator/results/tlcpp-room-32-4/runs/lg_lacam_fork_lg/room-32-32-4/room-32-32-4-random-2_a50_s1_r0,1508,0.053,"{""agents"": ""50"", ""comp_time"": ""53"", ""makespan"": ""54"", ""makespan_lb"": ""52"", ""map_file"": ""room-32-32-4.map"", ""seed"": ""1"", ""soc"": ""1508"", ""soc_lb"": ""1277"", ""solved"": ""1"", ""solver"": ""planner"", ""sum_of_loss"": ""1417"", ""sum_of_loss_lb"": ""1277""}"
lg_lacam_fork:lg_suo_tl,LG-LaCAM (window 20) + SUO + traffic load,room-32-32-4,room-32-32-4-random-1,200,2,30.0,solved,1.488218,1.311,9778,89,8225,5022,58,1.947033,0,,/home/carsten/Projects/MAPF/MAPF Evaluator/results/tlcpp-room-32-4/runs/lg_lacam_fork_lg_suo_tl/room-32-32-4/room-32-32-4-random-1_a200_s2_r0,9778,1.311,"{""agents"": ""200"", ""comp_time"": ""1311"", ""makespan"": ""89"", ""makespan_lb"": ""58"", ""map_file"": ""room-32-32-4.map"", ""seed"": ""2"", ""soc"": ""9778"", ""soc_lb"": ""5022"", ""solved"": ""1"", ""solver"": ""planner"", ""sum_of_loss"": ""8442"", ""sum_of_loss_lb"": ""5022""}"
lg_lacam_fork:lg,"LG-LaCAM (window 20, first solution)",room-32-32-4,room-32-32-4-random-2,50,2,30.0,solved,0.125917,0.065,1504,54,1412,1277,52,1.17776,0,,/home/carsten/Projects/MAPF/MAPF Evaluator/results/tlcpp-room-32-4/runs/lg_lacam_fork_lg/room-32-32-4/room-32-32-4-random-2_a50_s2_r0,1504,0.065,"{""agents"": ""50"", ""comp_time"": ""65"", ""makespan"": ""54"", ""makespan_lb"": ""52"", ""map_file"": ""room-32-32-4.map"", ""seed"": ""2"", ""soc"": ""1504"", ""soc_lb"": ""1277"", ""solved"": ""1"", ""solver"": ""planner"", ""sum_of_loss"": ""1425"", ""sum_of_loss_lb"": ""1277""}"
lg_lacam_fork:lg_tl,LG-LaCAM (window 20) + traffic load,room-32-32-4,room-32-32-4-random-2,50,0,30.0,solved,0.112495,0.044,1487,54,1404,1277,52,1.164448,0,,/home/carsten/Projects/MAPF/MAPF Evaluator/results/tlcpp-room-32-4/runs/lg_lacam_fork_lg_tl/room-32-32-4/room-32-32-4-random-2_a50_s0_r0,1487,0.044,"{""agents"": ""50"", ""comp_time"": ""44"", ""makespan"": ""54"", ""makespan_lb"": ""52"", ""map_file"": ""room-32-32-4.map"", ""seed"": ""0"", ""soc"": ""1487"", ""soc_lb"": ""1277"", ""solved"": ""1"", ""solver"": ""planner"", ""sum_of_loss"": ""1415"", ""sum_of_loss_lb"": ""1277""}"
lg_lacam_fork:lg_tl,LG-LaCAM (window 20) + traffic load,room-32-32-4,room-32-32-4-random-2,50,2,30.0,solved,0.071611,0.05,1482,54,1394,1277,52,1.160532,0,,/home/carsten/Projects/MAPF/MAPF Evaluator/results/tlcpp-room-32-4/runs/lg_lacam_fork_lg_tl/room-32-32-4/room-32-32-4-random-2_a50_s2_r0,1482,0.05,"{""agents"": ""50"", ""comp_time"": ""50"", ""makespan"": ""54"", ""makespan_lb"": ""52"", ""map_file"": ""room-32-32-4.map"", ""seed"": ""2"", ""soc"": ""1482"", ""soc_lb"": ""1277"", ""solved"": ""1"", ""solver"": ""planner"", ""sum_of_loss"": ""1405"", ""sum_of_loss_lb"": ""1277""}"
lg_lacam_fork:lg_tl,LG-LaCAM (window 20) + traffic load,room-32-32-4,room-32-32-4-random-2,50,1,30.0,solved,0.103624,0.049,1479,54,1393,1277,52,1.158183,0,,/home/carsten/Projects/MAPF/MAPF Evaluator/results/tlcpp-room-32-4/runs/lg_lacam_fork_lg_tl/room-32-32-4/room-32-32-4-random-2_a50_s1_r0,1479,0.049,"{""agents"": ""50"", ""comp_time"": ""49"", ""makespan"": ""54"", ""makespan_lb"": ""52"", ""map_file"": ""room-32-32-4.map"", ""seed"": ""1"", ""soc"": ""1479"", ""soc_lb"": ""1277"", ""solved"": ""1"", ""solver"": ""planner"", ""sum_of_loss"": ""1404"", ""sum_of_loss_lb"": ""1277""}"
lg_lacam_fork:lg_suo,LG-LaCAM (window 20) + SUO,room-32-32-4,room-32-32-4-random-2,50,0,30.0,solved,0.090699,0.065,1482,58,1407,1277,52,1.160532,0,,/home/carsten/Projects/MAPF/MAPF Evaluator/results/tlcpp-room-32-4/runs/lg_lacam_fork_lg_suo/room-32-32-4/room-32-32-4-random-2_a50_s0_r0,1482,0.065,"{""agents"": ""50"", ""comp_time"": ""65"", ""makespan"": ""58"", ""makespan_lb"": ""52"", ""map_file"": ""room-32-32-4.map"", ""seed"": ""0"", ""soc"": ""1482"", ""soc_lb"": ""1277"", ""solved"": ""1"", ""solver"": ""planner"", ""sum_of_loss"": ""1417"", ""sum_of_loss_lb"": ""1277""}"
lg_lacam_fork:lg_suo,LG-LaCAM (window 20) + SUO,room-32-32-4,room-32-32-4-random-2,50,1,30.0,solved,0.156961,0.063,1465,54,1398,1277,52,1.14722,0,,/home/carsten/Projects/MAPF/MAPF Evaluator/results/tlcpp-room-32-4/runs/lg_lacam_fork_lg_suo/room-32-32-4/room-32-32-4-random-2_a50_s1_r0,1465,0.063,"{""agents"": ""50"", ""comp_time"": ""63"", ""makespan"": ""54"", ""makespan_lb"": ""52"", ""map_file"": ""room-32-32-4.map"", ""seed"": ""1"", ""soc"": ""1465"", ""soc_lb"": ""1277"", ""solved"": ""1"", ""solver"": ""planner"", ""sum_of_loss"": ""1407"", ""sum_of_loss_lb"": ""1277""}"
lg_lacam_fork:lg_suo,LG-LaCAM (window 20) + SUO,room-32-32-4,room-32-32-4-random-2,50,2,30.0,solved,0.083369,0.035,1508,54,1420,1277,52,1.180893,0,,/home/carsten/Projects/MAPF/MAPF Evaluator/results/tlcpp-room-32-4/runs/lg_lacam_fork_lg_suo/room-32-32-4/room-32-32-4-random-2_a50_s2_r0,1508,0.035,"{""agents"": ""50"", ""comp_time"": ""35"", ""makespan"": ""54"", ""makespan_lb"": ""52"", ""map_file"": ""room-32-32-4.map"", ""seed"": ""2"", ""soc"": ""1508"", ""soc_lb"": ""1277"", ""solved"": ""1"", ""solver"": ""planner"", ""sum_of_loss"": ""1431"", ""sum_of_loss_lb"": ""1277""}"
lg_lacam_fork:lg_suo_tl,LG-LaCAM (window 20) + SUO + traffic load,room-32-32-4,room-32-32-4-random-2,50,0,30.0,solved,0.058518,0.042,1475,58,1400,1277,52,1.155051,0,,/home/carsten/Projects/MAPF/MAPF Evaluator/results/tlcpp-room-32-4/runs/lg_lacam_fork_lg_suo_tl/room-32-32-4/room-32-32-4-random-2_a50_s0_r0,1475,0.042,"{""agents"": ""50"", ""comp_time"": ""42"", ""makespan"": ""58"", ""makespan_lb"": ""52"", ""map_file"": ""room-32-32-4.map"", ""seed"": ""0"", ""soc"": ""1475"", ""soc_lb"": ""1277"", ""solved"": ""1"", ""solver"": ""planner"", ""sum_of_loss"": ""1411"", ""sum_of_loss_lb"": ""1277""}"
lg_lacam_fork:lg_suo_tl,LG-LaCAM (window 20) + SUO + traffic load,room-32-32-4,room-32-32-4-random-2,50,2,30.0,solved,0.08601,0.055,1480,54,1406,1277,52,1.158966,0,,/home/carsten/Projects/MAPF/MAPF Evaluator/results/tlcpp-room-32-4/runs/lg_lacam_fork_lg_suo_tl/room-32-32-4/room-32-32-4-random-2_a50_s2_r0,1480,0.055,"{""agents"": ""50"", ""comp_time"": ""55"", ""makespan"": ""54"", ""makespan_lb"": ""52"", ""map_file"": ""room-32-32-4.map"", ""seed"": ""2"", ""soc"": ""1480"", ""soc_lb"": ""1277"", ""solved"": ""1"", ""solver"": ""planner"", ""sum_of_loss"": ""1416"", ""sum_of_loss_lb"": ""1277""}"
lg_lacam_fork:lacam,"LaCAM (no guidance, first solution)",room-32-32-4,room-32-32-4-random-2,100,0,30.0,solved,0.041531,0.016,4367,68,3783,2558,52,1.707193,0,,/home/carsten/Projects/MAPF/MAPF Evaluator/results/tlcpp-room-32-4/runs/lg_lacam_fork_lacam/room-32-32-4/room-32-32-4-random-2_a100_s0_r0,4367,0.016,"{""agents"": ""100"", ""comp_time"": ""16"", ""makespan"": ""68"", ""makespan_lb"": ""52"", ""map_file"": ""room-32-32-4.map"", ""seed"": ""0"", ""soc"": ""4367"", ""soc_lb"": ""2558"", ""solved"": ""1"", ""solver"": ""planner"", ""sum_of_loss"": ""3885"", ""sum_of_loss_lb"": ""2558""}"
lg_lacam_fork:lg_suo_tl,LG-LaCAM (window 20) + SUO + traffic load,room-32-32-4,room-32-32-4-random-2,50,1,30.0,solved,0.141942,0.058,1461,54,1394,1277,52,1.144088,0,,/home/carsten/Projects/MAPF/MAPF Evaluator/results/tlcpp-room-32-4/runs/lg_lacam_fork_lg_suo_tl/room-32-32-4/room-32-32-4-random-2_a50_s1_r0,1461,0.058,"{""agents"": ""50"", ""comp_time"": ""58"", ""makespan"": ""54"", ""makespan_lb"": ""52"", ""map_file"": ""room-32-32-4.map"", ""seed"": ""1"", ""soc"": ""1461"", ""soc_lb"": ""1277"", ""solved"": ""1"", ""solver"": ""planner"", ""sum_of_loss"": ""1403"", ""sum_of_loss_lb"": ""1277""}"
lg_lacam_fork:lacam,"LaCAM (no guidance, first solution)",room-32-32-4,room-32-32-4-random-2,100,2,30.0,solved,0.0664,0.015,4434,64,3965,2558,52,1.733385,0,,/home/carsten/Projects/MAPF/MAPF Evaluator/results/tlcpp-room-32-4/runs/lg_lacam_fork_lacam/room-32-32-4/room-32-32-4-random-2_a100_s2_r0,4434,0.015,"{""agents"": ""100"", ""comp_time"": ""15"", ""makespan"": ""64"", ""makespan_lb"": ""52"", ""map_file"": ""room-32-32-4.map"", ""seed"": ""2"", ""soc"": ""4434"", ""soc_lb"": ""2558"", ""solved"": ""1"", ""solver"": ""planner"", ""sum_of_loss"": ""4061"", ""sum_of_loss_lb"": ""2558""}"
lg_lacam_fork:lacam,"LaCAM (no guidance, first solution)",room-32-32-4,room-32-32-4-random-2,100,1,30.0,solved,0.059451,0.018,4583,71,4086,2558,52,1.791634,0,,/home/carsten/Projects/MAPF/MAPF Evaluator/results/tlcpp-room-32-4/runs/lg_lacam_fork_lacam/room-32-32-4/room-32-32-4-random-2_a100_s1_r0,4583,0.018,"{""agents"": ""100"", ""comp_time"": ""18"", ""makespan"": ""71"", ""makespan_lb"": ""52"", ""map_file"": ""room-32-32-4.map"", ""seed"": ""1"", ""soc"": ""4583"", ""soc_lb"": ""2558"", ""solved"": ""1"", ""solver"": ""planner"", ""sum_of_loss"": ""4180"", ""sum_of_loss_lb"": ""2558""}"
lg_lacam_fork:tl,"LaCAM + traffic load (tie-break, per config)",room-32-32-4,room-32-32-4-random-2,100,1,30.0,solved,0.070062,0.034,4012,66,3610,2558,52,1.568413,0,,/home/carsten/Projects/MAPF/MAPF Evaluator/results/tlcpp-room-32-4/runs/lg_lacam_fork_tl/room-32-32-4/room-32-32-4-random-2_a100_s1_r0,4012,0.034,"{""agents"": ""100"", ""comp_time"": ""34"", ""makespan"": ""66"", ""makespan_lb"": ""52"", ""map_file"": ""room-32-32-4.map"", ""seed"": ""1"", ""soc"": ""4012"", ""soc_lb"": ""2558"", ""solved"": ""1"", ""solver"": ""planner"", ""sum_of_loss"": ""3679"", ""sum_of_loss_lb"": ""2558""}"
lg_lacam_fork:tl,"LaCAM + traffic load (tie-break, per config)",room-32-32-4,room-32-32-4-random-2,100,0,30.0,solved,0.152663,0.083,4056,67,3639,2558,52,1.585614,0,,/home/carsten/Projects/MAPF/MAPF Evaluator/results/tlcpp-room-32-4/runs/lg_lacam_fork_tl/room-32-32-4/room-32-32-4-random-2_a100_s0_r0,4056,0.083,"{""agents"": ""100"", ""comp_time"": ""83"", ""makespan"": ""67"", ""makespan_lb"": ""52"", ""map_file"": ""room-32-32-4.map"", ""seed"": ""0"", ""soc"": ""4056"", ""soc_lb"": ""2558"", ""solved"": ""1"", ""solver"": ""planner"", ""sum_of_loss"": ""3711"", ""sum_of_loss_lb"": ""2558""}"
lg_lacam_fork:tl_agent,"LaCAM + traffic load (tie-break, per agent)",room-32-32-4,room-32-32-4-random-2,100,0,30.0,solved,0.077273,0.029,3942,60,3552,2558,52,1.541048,0,,/home/carsten/Projects/MAPF/MAPF Evaluator/results/tlcpp-room-32-4/runs/lg_lacam_fork_tl_agent/room-32-32-4/room-32-32-4-random-2_a100_s0_r0,3942,0.029,"{""agents"": ""100"", ""comp_time"": ""29"", ""makespan"": ""60"", ""makespan_lb"": ""52"", ""map_file"": ""room-32-32-4.map"", ""seed"": ""0"", ""soc"": ""3942"", ""soc_lb"": ""2558"", ""solved"": ""1"", ""solver"": ""planner"", ""sum_of_loss"": ""3616"", ""sum_of_loss_lb"": ""2558""}"
lg_lacam_fork:tl,"LaCAM + traffic load (tie-break, per config)",room-32-32-4,room-32-32-4-random-2,100,2,30.0,solved,0.091262,0.032,3992,66,3609,2558,52,1.560594,0,,/home/carsten/Projects/MAPF/MAPF Evaluator/results/tlcpp-room-32-4/runs/lg_lacam_fork_tl/room-32-32-4/room-32-32-4-random-2_a100_s2_r0,3992,0.032,"{""agents"": ""100"", ""comp_time"": ""32"", ""makespan"": ""66"", ""makespan_lb"": ""52"", ""map_file"": ""room-32-32-4.map"", ""seed"": ""2"", ""soc"": ""3992"", ""soc_lb"": ""2558"", ""solved"": ""1"", ""solver"": ""planner"", ""sum_of_loss"": ""3677"", ""sum_of_loss_lb"": ""2558""}"
lg_lacam_fork:tl_agent,"LaCAM + traffic load (tie-break, per agent)",room-32-32-4,room-32-32-4-random-2,100,1,30.0,solved,0.053572,0.024,4086,64,3685,2558,52,1.597342,0,,/home/carsten/Projects/MAPF/MAPF Evaluator/results/tlcpp-room-32-4/runs/lg_lacam_fork_tl_agent/room-32-32-4/room-32-32-4-random-2_a100_s1_r0,4086,0.024,"{""agents"": ""100"", ""comp_time"": ""24"", ""makespan"": ""64"", ""makespan_lb"": ""52"", ""map_file"": ""room-32-32-4.map"", ""seed"": ""1"", ""soc"": ""4086"", ""soc_lb"": ""2558"", ""solved"": ""1"", ""solver"": ""planner"", ""sum_of_loss"": ""3758"", ""sum_of_loss_lb"": ""2558""}"
lg_lacam_fork:tl_agent,"LaCAM + traffic load (tie-break, per agent)",room-32-32-4,room-32-32-4-random-2,100,2,30.0,solved,0.032725,0.013,3995,66,3572,2558,52,1.561767,0,,/home/carsten/Projects/MAPF/MAPF Evaluator/results/tlcpp-room-32-4/runs/lg_lacam_fork_tl_agent/room-32-32-4/room-32-32-4-random-2_a100_s2_r0,3995,0.013,"{""agents"": ""100"", ""comp_time"": ""13"", ""makespan"": ""66"", ""makespan_lb"": ""52"", ""map_file"": ""room-32-32-4.map"", ""seed"": ""2"", ""soc"": ""3995"", ""soc_lb"": ""2558"", ""solved"": ""1"", ""solver"": ""planner"", ""sum_of_loss"": ""3637"", ""sum_of_loss_lb"": ""2558""}"
lg_lacam_fork:tl_static,LaCAM + traffic load (static map from starts),room-32-32-4,room-32-32-4-random-2,100,1,30.0,solved,0.052718,0.021,4320,69,3797,2558,52,1.688819,0,,/home/carsten/Projects/MAPF/MAPF Evaluator/results/tlcpp-room-32-4/runs/lg_lacam_fork_tl_static/room-32-32-4/room-32-32-4-random-2_a100_s1_r0,4320,0.021,"{""agents"": ""100"", ""comp_time"": ""21"", ""makespan"": ""69"", ""makespan_lb"": ""52"", ""map_file"": ""room-32-32-4.map"", ""seed"": ""1"", ""soc"": ""4320"", ""soc_lb"": ""2558"", ""solved"": ""1"", ""solver"": ""planner"", ""sum_of_loss"": ""3881"", ""sum_of_loss_lb"": ""2558""}"
lg_lacam_fork:tl_static,LaCAM + traffic load (static map from starts),room-32-32-4,room-32-32-4-random-2,100,2,30.0,solved,0.061642,0.022,4320,67,3851,2558,52,1.688819,0,,/home/carsten/Projects/MAPF/MAPF Evaluator/results/tlcpp-room-32-4/runs/lg_lacam_fork_tl_static/room-32-32-4/room-32-32-4-random-2_a100_s2_r0,4320,0.022,"{""agents"": ""100"", ""comp_time"": ""22"", ""makespan"": ""67"", ""makespan_lb"": ""52"", ""map_file"": ""room-32-32-4.map"", ""seed"": ""2"", ""soc"": ""4320"", ""soc_lb"": ""2558"", ""solved"": ""1"", ""solver"": ""planner"", ""sum_of_loss"": ""3933"", ""sum_of_loss_lb"": ""2558""}"
lg_lacam_fork:tl_static,LaCAM + traffic load (static map from starts),room-32-32-4,room-32-32-4-random-2,100,0,30.0,solved,0.049756,0.012,4269,71,3807,2558,52,1.668882,0,,/home/carsten/Projects/MAPF/MAPF Evaluator/results/tlcpp-room-32-4/runs/lg_lacam_fork_tl_static/room-32-32-4/room-32-32-4-random-2_a100_s0_r0,4269,0.012,"{""agents"": ""100"", ""comp_time"": ""12"", ""makespan"": ""71"", ""makespan_lb"": ""52"", ""map_file"": ""room-32-32-4.map"", ""seed"": ""0"", ""soc"": ""4269"", ""soc_lb"": ""2558"", ""solved"": ""1"", ""solver"": ""planner"", ""sum_of_loss"": ""3887"", ""sum_of_loss_lb"": ""2558""}"
lg_lacam_fork:suo,LaCAM3 = SUO (first solution),room-32-32-4,room-32-32-4-random-2,100,0,30.0,solved,0.102988,0.039,3856,60,3442,2558,52,1.507428,0,,/home/carsten/Projects/MAPF/MAPF Evaluator/results/tlcpp-room-32-4/runs/lg_lacam_fork_suo/room-32-32-4/room-32-32-4-random-2_a100_s0_r0,3856,0.039,"{""agents"": ""100"", ""comp_time"": ""39"", ""makespan"": ""60"", ""makespan_lb"": ""52"", ""map_file"": ""room-32-32-4.map"", ""seed"": ""0"", ""soc"": ""3856"", ""soc_lb"": ""2558"", ""solved"": ""1"", ""solver"": ""planner"", ""sum_of_loss"": ""3499"", ""sum_of_loss_lb"": ""2558""}"
lg_lacam_fork:suo,LaCAM3 = SUO (first solution),room-32-32-4,room-32-32-4-random-2,100,2,30.0,solved,0.053902,0.039,3960,59,3528,2558,52,1.548084,0,,/home/carsten/Projects/MAPF/MAPF Evaluator/results/tlcpp-room-32-4/runs/lg_lacam_fork_suo/room-32-32-4/room-32-32-4-random-2_a100_s2_r0,3960,0.039,"{""agents"": ""100"", ""comp_time"": ""39"", ""makespan"": ""59"", ""makespan_lb"": ""52"", ""map_file"": ""room-32-32-4.map"", ""seed"": ""2"", ""soc"": ""3960"", ""soc_lb"": ""2558"", ""solved"": ""1"", ""solver"": ""planner"", ""sum_of_loss"": ""3595"", ""sum_of_loss_lb"": ""2558""}"
lg_lacam_fork:suo,LaCAM3 = SUO (first solution),room-32-32-4,room-32-32-4-random-2,100,1,30.0,solved,0.104784,0.036,3947,58,3482,2558,52,1.543002,0,,/home/carsten/Projects/MAPF/MAPF Evaluator/results/tlcpp-room-32-4/runs/lg_lacam_fork_suo/room-32-32-4/room-32-32-4-random-2_a100_s1_r0,3947,0.036,"{""agents"": ""100"", ""comp_time"": ""36"", ""makespan"": ""58"", ""makespan_lb"": ""52"", ""map_file"": ""room-32-32-4.map"", ""seed"": ""1"", ""soc"": ""3947"", ""soc_lb"": ""2558"", ""solved"": ""1"", ""solver"": ""planner"", ""sum_of_loss"": ""3551"", ""sum_of_loss_lb"": ""2558""}"
lg_lacam_fork:suo_tl,SUO + traffic load,room-32-32-4,room-32-32-4-random-2,100,0,30.0,solved,0.112472,0.047,3731,58,3331,2558,52,1.458561,0,,/home/carsten/Projects/MAPF/MAPF Evaluator/results/tlcpp-room-32-4/runs/lg_lacam_fork_suo_tl/room-32-32-4/room-32-32-4-random-2_a100_s0_r0,3731,0.047,"{""agents"": ""100"", ""comp_time"": ""47"", ""makespan"": ""58"", ""makespan_lb"": ""52"", ""map_file"": ""room-32-32-4.map"", ""seed"": ""0"", ""soc"": ""3731"", ""soc_lb"": ""2558"", ""solved"": ""1"", ""solver"": ""planner"", ""sum_of_loss"": ""3383"", ""sum_of_loss_lb"": ""2558""}"
lg_lacam_fork:suo_tl,SUO + traffic load,room-32-32-4,room-32-32-4-random-2,100,1,30.0,solved,0.073827,0.043,3690,60,3292,2558,52,1.442533,0,,/home/carsten/Projects/MAPF/MAPF Evaluator/results/tlcpp-room-32-4/runs/lg_lacam_fork_suo_tl/room-32-32-4/room-32-32-4-random-2_a100_s1_r0,3690,0.043,"{""agents"": ""100"", ""comp_time"": ""43"", ""makespan"": ""60"", ""makespan_lb"": ""52"", ""map_file"": ""room-32-32-4.map"", ""seed"": ""1"", ""soc"": ""3690"", ""soc_lb"": ""2558"", ""solved"": ""1"", ""solver"": ""planner"", ""sum_of_loss"": ""3339"", ""sum_of_loss_lb"": ""2558""}"
lg_lacam_fork:suo_tl,SUO + traffic load,room-32-32-4,room-32-32-4-random-2,100,2,30.0,solved,0.182572,0.083,3753,61,3368,2558,52,1.467162,0,,/home/carsten/Projects/MAPF/MAPF Evaluator/results/tlcpp-room-32-4/runs/lg_lacam_fork_suo_tl/room-32-32-4/room-32-32-4-random-2_a100_s2_r0,3753,0.083,"{""agents"": ""100"", ""comp_time"": ""83"", ""makespan"": ""61"", ""makespan_lb"": ""52"", ""map_file"": ""room-32-32-4.map"", ""seed"": ""2"", ""soc"": ""3753"", ""soc_lb"": ""2558"", ""solved"": ""1"", ""solver"": ""planner"", ""sum_of_loss"": ""3423"", ""sum_of_loss_lb"": ""2558""}"
lg_lacam_fork:lg,"LG-LaCAM (window 20, first solution)",room-32-32-4,room-32-32-4-random-2,100,1,30.0,solved,0.188036,0.138,3628,62,3305,2558,52,1.418296,0,,/home/carsten/Projects/MAPF/MAPF Evaluator/results/tlcpp-room-32-4/runs/lg_lacam_fork_lg/room-32-32-4/room-32-32-4-random-2_a100_s1_r0,3628,0.138,"{""agents"": ""100"", ""comp_time"": ""138"", ""makespan"": ""62"", ""makespan_lb"": ""52"", ""map_file"": ""room-32-32-4.map"", ""seed"": ""1"", ""soc"": ""3628"", ""soc_lb"": ""2558"", ""solved"": ""1"", ""solver"": ""planner"", ""sum_of_loss"": ""3358"", ""sum_of_loss_lb"": ""2558""}"
lg_lacam_fork:lg,"LG-LaCAM (window 20, first solution)",room-32-32-4,room-32-32-4-random-2,100,0,30.0,solved,0.283036,0.226,3741,73,3321,2558,52,1.462471,0,,/home/carsten/Projects/MAPF/MAPF Evaluator/results/tlcpp-room-32-4/runs/lg_lacam_fork_lg/room-32-32-4/room-32-32-4-random-2_a100_s0_r0,3741,0.226,"{""agents"": ""100"", ""comp_time"": ""226"", ""makespan"": ""73"", ""makespan_lb"": ""52"", ""map_file"": ""room-32-32-4.map"", ""seed"": ""0"", ""soc"": ""3741"", ""soc_lb"": ""2558"", ""solved"": ""1"", ""solver"": ""planner"", ""sum_of_loss"": ""3379"", ""sum_of_loss_lb"": ""2558""}"
lg_lacam_fork:lg,"LG-LaCAM (window 20, first solution)",room-32-32-4,room-32-32-4-random-2,100,2,30.0,solved,0.192524,0.126,3690,66,3325,2558,52,1.442533,0,,/home/carsten/Projects/MAPF/MAPF Evaluator/results/tlcpp-room-32-4/runs/lg_lacam_fork_lg/room-32-32-4/room-32-32-4-random-2_a100_s2_r0,3690,0.126,"{""agents"": ""100"", ""comp_time"": ""126"", ""makespan"": ""66"", ""makespan_lb"": ""52"", ""map_file"": ""room-32-32-4.map"", ""seed"": ""2"", ""soc"": ""3690"", ""soc_lb"": ""2558"", ""solved"": ""1"", ""solver"": ""planner"", ""sum_of_loss"": ""3390"", ""sum_of_loss_lb"": ""2558""}"
lg_lacam_fork:lg_tl,LG-LaCAM (window 20) + traffic load,room-32-32-4,room-32-32-4-random-2,100,0,30.0,solved,0.234487,0.137,3577,58,3208,2558,52,1.398358,0,,/home/carsten/Projects/MAPF/MAPF Evaluator/results/tlcpp-room-32-4/runs/lg_lacam_fork_lg_tl/room-32-32-4/room-32-32-4-random-2_a100_s0_r0,3577,0.137,"{""agents"": ""100"", ""comp_time"": ""137"", ""makespan"": ""58"", ""makespan_lb"": ""52"", ""map_file"": ""room-32-32-4.map"", ""seed"": ""0"", ""soc"": ""3577"", ""soc_lb"": ""2558"", ""solved"": ""1"", ""solver"": ""planner"", ""sum_of_loss"": ""3268"", ""sum_of_loss_lb"": ""2558""}"
lg_lacam_fork:lg_tl,LG-LaCAM (window 20) + traffic load,room-32-32-4,room-32-32-4-random-2,100,2,30.0,solved,0.168609,0.064,3583,59,3263,2558,52,1.400704,0,,/home/carsten/Projects/MAPF/MAPF Evaluator/results/tlcpp-room-32-4/runs/lg_lacam_fork_lg_tl/room-32-32-4/room-32-32-4-random-2_a100_s2_r0,3583,0.064,"{""agents"": ""100"", ""comp_time"": ""64"", ""makespan"": ""59"", ""makespan_lb"": ""52"", ""map_file"": ""room-32-32-4.map"", ""seed"": ""2"", ""soc"": ""3583"", ""soc_lb"": ""2558"", ""solved"": ""1"", ""solver"": ""planner"", ""sum_of_loss"": ""3321"", ""sum_of_loss_lb"": ""2558""}"
lg_lacam_fork:lg_suo,LG-LaCAM (window 20) + SUO,room-32-32-4,room-32-32-4-random-2,100,1,30.0,solved,0.123554,0.06,3630,60,3271,2558,52,1.419077,0,,/home/carsten/Projects/MAPF/MAPF Evaluator/results/tlcpp-room-32-4/runs/lg_lacam_fork_lg_suo/room-32-32-4/room-32-32-4-random-2_a100_s1_r0,3630,0.06,"{""agents"": ""100"", ""comp_time"": ""60"", ""makespan"": ""60"", ""makespan_lb"": ""52"", ""map_file"": ""room-32-32-4.map"", ""seed"": ""1"", ""soc"": ""3630"", ""soc_lb"": ""2558"", ""solved"": ""1"", ""solver"": ""planner"", ""sum_of_loss"": ""3325"", ""sum_of_loss_lb"": ""2558""}"
lg_lacam_fork:lg_tl,LG-LaCAM (window 20) + traffic load,room-32-32-4,room-32-32-4-random-2,100,1,30.0,solved,0.333164,0.243,3678,61,3278,2558,52,1.437842,0,,/home/carsten/Projects/MAPF/MAPF Evaluator/results/tlcpp-room-32-4/runs/lg_lacam_fork_lg_tl/room-32-32-4/room-32-32-4-random-2_a100_s1_r0,3678,0.243,"{""agents"": ""100"", ""comp_time"": ""243"", ""makespan"": ""61"", ""makespan_lb"": ""52"", ""map_file"": ""room-32-32-4.map"", ""seed"": ""1"", ""soc"": ""3678"", ""soc_lb"": ""2558"", ""solved"": ""1"", ""solver"": ""planner"", ""sum_of_loss"": ""3332"", ""sum_of_loss_lb"": ""2558""}"
lg_lacam_fork:lg_suo,LG-LaCAM (window 20) + SUO,room-32-32-4,room-32-32-4-random-2,100,0,30.0,solved,0.501417,0.331,3578,60,3181,2558,52,1.398749,0,,/home/carsten/Projects/MAPF/MAPF Evaluator/results/tlcpp-room-32-4/runs/lg_lacam_fork_lg_suo/room-32-32-4/room-32-32-4-random-2_a100_s0_r0,3578,0.331,"{""agents"": ""100"", ""comp_time"": ""331"", ""makespan"": ""60"", ""makespan_lb"": ""52"", ""map_file"": ""room-32-32-4.map"", ""seed"": ""0"", ""soc"": ""3578"", ""soc_lb"": ""2558"", ""solved"": ""1"", ""solver"": ""planner"", ""sum_of_loss"": ""3234"", ""sum_of_loss_lb"": ""2558""}"
lg_lacam_fork:lg_suo,LG-LaCAM (window 20) + SUO,room-32-32-4,room-32-32-4-random-2,100,2,30.0,solved,0.211193,0.158,3718,66,3171,2558,52,1.453479,0,,/home/carsten/Projects/MAPF/MAPF Evaluator/results/tlcpp-room-32-4/runs/lg_lacam_fork_lg_suo/room-32-32-4/room-32-32-4-random-2_a100_s2_r0,3718,0.158,"{""agents"": ""100"", ""comp_time"": ""158"", ""makespan"": ""66"", ""makespan_lb"": ""52"", ""map_file"": ""room-32-32-4.map"", ""seed"": ""2"", ""soc"": ""3718"", ""soc_lb"": ""2558"", ""solved"": ""1"", ""solver"": ""planner"", ""sum_of_loss"": ""3230"", ""sum_of_loss_lb"": ""2558""}"
lg_lacam_fork:lg_suo_tl,LG-LaCAM (window 20) + SUO + traffic load,room-32-32-4,room-32-32-4-random-2,100,0,30.0,solved,0.120485,0.06,3567,59,3133,2558,52,1.394449,0,,/home/carsten/Projects/MAPF/MAPF Evaluator/results/tlcpp-room-32-4/runs/lg_lacam_fork_lg_suo_tl/room-32-32-4/room-32-32-4-random-2_a100_s0_r0,3567,0.06,"{""agents"": ""100"", ""comp_time"": ""60"", ""makespan"": ""59"", ""makespan_lb"": ""52"", ""map_file"": ""room-32-32-4.map"", ""seed"": ""0"", ""soc"": ""3567"", ""soc_lb"": ""2558"", ""solved"": ""1"", ""solver"": ""planner"", ""sum_of_loss"": ""3194"", ""sum_of_loss_lb"": ""2558""}"
lg_lacam_fork:lg_suo_tl,LG-LaCAM (window 20) + SUO + traffic load,room-32-32-4,room-32-32-4-random-2,100,1,30.0,solved,0.182178,0.148,3719,64,3272,2558,52,1.45387,0,,/home/carsten/Projects/MAPF/MAPF Evaluator/results/tlcpp-room-32-4/runs/lg_lacam_fork_lg_suo_tl/room-32-32-4/room-32-32-4-random-2_a100_s1_r0,3719,0.148,"{""agents"": ""100"", ""comp_time"": ""148"", ""makespan"": ""64"", ""makespan_lb"": ""52"", ""map_file"": ""room-32-32-4.map"", ""seed"": ""1"", ""soc"": ""3719"", ""soc_lb"": ""2558"", ""solved"": ""1"", ""solver"": ""planner"", ""sum_of_loss"": ""3327"", ""sum_of_loss_lb"": ""2558""}"
lg_lacam_fork:lg_suo_tl,LG-LaCAM (window 20) + SUO + traffic load,room-32-32-4,room-32-32-4-random-2,100,2,30.0,solved,0.245877,0.127,3615,70,3161,2558,52,1.413213,0,,/home/carsten/Projects/MAPF/MAPF Evaluator/results/tlcpp-room-32-4/runs/lg_lacam_fork_lg_suo_tl/room-32-32-4/room-32-32-4-random-2_a100_s2_r0,3615,0.127,"{""agents"": ""100"", ""comp_time"": ""127"", ""makespan"": ""70"", ""makespan_lb"": ""52"", ""map_file"": ""room-32-32-4.map"", ""seed"": ""2"", ""soc"": ""3615"", ""soc_lb"": ""2558"", ""solved"": ""1"", ""solver"": ""planner"", ""sum_of_loss"": ""3213"", ""sum_of_loss_lb"": ""2558""}"
lg_lacam_fork:lacam,"LaCAM (no guidance, first solution)",room-32-32-4,room-32-32-4-random-2,150,0,30.0,solved,0.081191,0.02,8079,81,6715,3911,58,2.065712,0,,/home/carsten/Projects/MAPF/MAPF Evaluator/results/tlcpp-room-32-4/runs/lg_lacam_fork_lacam/room-32-32-4/room-32-32-4-random-2_a150_s0_r0,8079,0.02,"{""agents"": ""150"", ""comp_time"": ""20"", ""makespan"": ""81"", ""makespan_lb"": ""58"", ""map_file"": ""room-32-32-4.map"", ""seed"": ""0"", ""soc"": ""8079"", ""soc_lb"": ""3911"", ""solved"": ""1"", ""solver"": ""planner"", ""sum_of_loss"": ""6922"", ""sum_of_loss_lb"": ""3911""}"
lg_lacam_fork:lacam,"LaCAM (no guidance, first solution)",room-32-32-4,room-32-32-4-random-2,150,1,30.0,solved,0.093085,0.031,8561,85,7066,3911,58,2.188954,0,,/home/carsten/Projects/MAPF/MAPF Evaluator/results/tlcpp-room-32-4/runs/lg_lacam_fork_lacam/room-32-32-4/room-32-32-4-random-2_a150_s1_r0,8561,0.031,"{""agents"": ""150"", ""comp_time"": ""31"", ""makespan"": ""85"", ""makespan_lb"": ""58"", ""map_file"": ""room-32-32-4.map"", ""seed"": ""1"", ""soc"": ""8561"", ""soc_lb"": ""3911"", ""solved"": ""1"", ""solver"": ""planner"", ""sum_of_loss"": ""7254"", ""sum_of_loss_lb"": ""3911""}"
lg_lacam_fork:lacam,"LaCAM (no guidance, first solution)",room-32-32-4,room-32-32-4-random-2,150,2,30.0,solved,0.062899,0.02,8679,85,7143,3911,58,2.219126,0,,/home/carsten/Projects/MAPF/MAPF Evaluator/results/tlcpp-room-32-4/runs/lg_lacam_fork_lacam/room-32-32-4/room-32-32-4-random-2_a150_s2_r0,8679,0.02,"{""agents"": ""150"", ""comp_time"": ""20"", ""makespan"": ""85"", ""makespan_lb"": ""58"", ""map_file"": ""room-32-32-4.map"", ""seed"": ""2"", ""soc"": ""8679"", ""soc_lb"": ""3911"", ""solved"": ""1"", ""solver"": ""planner"", ""sum_of_loss"": ""7343"", ""sum_of_loss_lb"": ""3911""}"
lg_lacam_fork:tl,"LaCAM + traffic load (tie-break, per config)",room-32-32-4,room-32-32-4-random-2,150,0,30.0,solved,0.151754,0.094,7528,82,6420,3911,58,1.924827,0,,/home/carsten/Projects/MAPF/MAPF Evaluator/results/tlcpp-room-32-4/runs/lg_lacam_fork_tl/room-32-32-4/room-32-32-4-random-2_a150_s0_r0,7528,0.094,"{""agents"": ""150"", ""comp_time"": ""94"", ""makespan"": ""82"", ""makespan_lb"": ""58"", ""map_file"": ""room-32-32-4.map"", ""seed"": ""0"", ""soc"": ""7528"", ""soc_lb"": ""3911"", ""solved"": ""1"", ""solver"": ""planner"", ""sum_of_loss"": ""6586"", ""sum_of_loss_lb"": ""3911""}"
lg_lacam_fork:tl,"LaCAM + traffic load (tie-break, per config)",room-32-32-4,room-32-32-4-random-2,150,1,30.0,solved,0.06114,0.024,7568,78,6437,3911,58,1.935055,0,,/home/carsten/Projects/MAPF/MAPF Evaluator/results/tlcpp-room-32-4/runs/lg_lacam_fork_tl/room-32-32-4/room-32-32-4-random-2_a150_s1_r0,7568,0.024,"{""agents"": ""150"", ""comp_time"": ""24"", ""makespan"": ""78"", ""makespan_lb"": ""58"", ""map_file"": ""room-32-32-4.map"", ""seed"": ""1"", ""soc"": ""7568"", ""soc_lb"": ""3911"", ""solved"": ""1"", ""solver"": ""planner"", ""sum_of_loss"": ""6592"", ""sum_of_loss_lb"": ""3911""}"
lg_lacam_fork:tl,"LaCAM + traffic load (tie-break, per config)",room-32-32-4,room-32-32-4-random-2,150,2,30.0,solved,0.086927,0.029,7387,75,6321,3911,58,1.888775,0,,/home/carsten/Projects/MAPF/MAPF Evaluator/results/tlcpp-room-32-4/runs/lg_lacam_fork_tl/room-32-32-4/room-32-32-4-random-2_a150_s2_r0,7387,0.029,"{""agents"": ""150"", ""comp_time"": ""29"", ""makespan"": ""75"", ""makespan_lb"": ""58"", ""map_file"": ""room-32-32-4.map"", ""seed"": ""2"", ""soc"": ""7387"", ""soc_lb"": ""3911"", ""solved"": ""1"", ""solver"": ""planner"", ""sum_of_loss"": ""6480"", ""sum_of_loss_lb"": ""3911""}"
lg_lacam_fork:tl_agent,"LaCAM + traffic load (tie-break, per agent)",room-32-32-4,room-32-32-4-random-2,150,0,30.0,solved,0.066669,0.035,7307,79,6241,3911,58,1.86832,0,,/home/carsten/Projects/MAPF/MAPF Evaluator/results/tlcpp-room-32-4/runs/lg_lacam_fork_tl_agent/room-32-32-4/room-32-32-4-random-2_a150_s0_r0,7307,0.035,"{""agents"": ""150"", ""comp_time"": ""35"", ""makespan"": ""79"", ""makespan_lb"": ""58"", ""map_file"": ""room-32-32-4.map"", ""seed"": ""0"", ""soc"": ""7307"", ""soc_lb"": ""3911"", ""solved"": ""1"", ""solver"": ""planner"", ""sum_of_loss"": ""6399"", ""sum_of_loss_lb"": ""3911""}"
lg_lacam_fork:tl_agent,"LaCAM + traffic load (tie-break, per agent)",room-32-32-4,room-32-32-4-random-2,150,1,30.0,solved,0.113739,0.036,7482,80,6253,3911,58,1.913066,0,,/home/carsten/Projects/MAPF/MAPF Evaluator/results/tlcpp-room-32-4/runs/lg_lacam_fork_tl_agent/room-32-32-4/room-32-32-4-random-2_a150_s1_r0,7482,0.036,"{""agents"": ""150"", ""comp_time"": ""36"", ""makespan"": ""80"", ""makespan_lb"": ""58"", ""map_file"": ""room-32-32-4.map"", ""seed"": ""1"", ""soc"": ""7482"", ""soc_lb"": ""3911"", ""solved"": ""1"", ""solver"": ""planner"", ""sum_of_loss"": ""6426"", ""sum_of_loss_lb"": ""3911""}"
lg_lacam_fork:tl_static,LaCAM + traffic load (static map from starts),room-32-32-4,room-32-32-4-random-2,150,1,30.0,solved,0.110016,0.059,8732,109,7163,3911,58,2.232677,0,,/home/carsten/Projects/MAPF/MAPF Evaluator/results/tlcpp-room-32-4/runs/lg_lacam_fork_tl_static/room-32-32-4/room-32-32-4-random-2_a150_s1_r0,8732,0.059,"{""agents"": ""150"", ""comp_time"": ""59"", ""makespan"": ""109"", ""makespan_lb"": ""58"", ""map_file"": ""room-32-32-4.map"", ""seed"": ""1"", ""soc"": ""8732"", ""soc_lb"": ""3911"", ""solved"": ""1"", ""solver"": ""planner"", ""sum_of_loss"": ""7530"", ""sum_of_loss_lb"": ""3911""}"
lg_lacam_fork:tl_agent,"LaCAM + traffic load (tie-break, per agent)",room-32-32-4,room-32-32-4-random-2,150,2,30.0,solved,0.116668,0.056,7311,78,6271,3911,58,1.869343,0,,/home/carsten/Projects/MAPF/MAPF Evaluator/results/tlcpp-room-32-4/runs/lg_lacam_fork_tl_agent/room-32-32-4/room-32-32-4-random-2_a150_s2_r0,7311,0.056,"{""agents"": ""150"", ""comp_time"": ""56"", ""makespan"": ""78"", ""makespan_lb"": ""58"", ""map_file"": ""room-32-32-4.map"", ""seed"": ""2"", ""soc"": ""7311"", ""soc_lb"": ""3911"", ""solved"": ""1"", ""solver"": ""planner"", ""sum_of_loss"": ""6427"", ""sum_of_loss_lb"": ""3911""}"
lg_lacam_fork:tl_static,LaCAM + traffic load (static map from starts),room-32-32-4,room-32-32-4-random-2,150,0,30.0,solved,0.220346,0.093,8146,96,6816,3911,58,2.082843,0,,/home/carsten/Projects/MAPF/MAPF Evaluator/results/tlcpp-room-32-4/runs/lg_lacam_fork_tl_static/room-32-32-4/room-32-32-4-random-2_a150_s0_r0,8146,0.093,"{""agents"": ""150"", ""comp_time"": ""93"", ""makespan"": ""96"", ""makespan_lb"": ""58"", ""map_file"": ""room-32-32-4.map"", ""seed"": ""0"", ""soc"": ""8146"", ""soc_lb"": ""3911"", ""solved"": ""1"", ""solver"": ""planner"", ""sum_of_loss"": ""7071"", ""sum_of_loss_lb"": ""3911""}"
lg_lacam_fork:tl_static,LaCAM + traffic load (static map from starts),room-32-32-4,room-32-32-4-random-2,150,2,30.0,solved,0.12054,0.034,7998,95,6787,3911,58,2.045001,0,,/home/carsten/Projects/MAPF/MAPF Evaluator/results/tlcpp-room-32-4/runs/lg_lacam_fork_tl_static/room-32-32-4/room-32-32-4-random-2_a150_s2_r0,7998,0.034,"{""agents"": ""150"", ""comp_time"": ""34"", ""makespan"": ""95"", ""makespan_lb"": ""58"", ""map_file"": ""room-32-32-4.map"", ""seed"": ""2"", ""soc"": ""7998"", ""soc_lb"": ""3911"", ""solved"": ""1"", ""solver"": ""planner"", ""sum_of_loss"": ""7051"", ""sum_of_loss_lb"": ""3911""}"
lg_lacam_fork:suo,LaCAM3 = SUO (first solution),room-32-32-4,room-32-32-4-random-2,150,1,30.0,solved,0.188925,0.126,7546,81,6201,3911,58,1.92943,0,,/home/carsten/Projects/MAPF/MAPF Evaluator/results/tlcpp-room-32-4/runs/lg_lacam_fork_suo/room-32-32-4/room-32-32-4-random-2_a150_s1_r0,7546,0.126,"{""agents"": ""150"", ""comp_time"": ""126"", ""makespan"": ""81"", ""makespan_lb"": ""58"", ""map_file"": ""room-32-32-4.map"", ""seed"": ""1"", ""soc"": ""7546"", ""soc_lb"": ""3911"", ""solved"": ""1"", ""solver"": ""planner"", ""sum_of_loss"": ""6381"", ""sum_of_loss_lb"": ""3911""}"
lg_lacam_fork:suo,LaCAM3 = SUO (first solution),room-32-32-4,room-32-32-4-random-2,150,0,30.0,solved,0.197068,0.06,7299,75,6082,3911,58,1.866275,0,,/home/carsten/Projects/MAPF/MAPF Evaluator/results/tlcpp-room-32-4/runs/lg_lacam_fork_suo/room-32-32-4/room-32-32-4-random-2_a150_s0_r0,7299,0.06,"{""agents"": ""150"", ""comp_time"": ""60"", ""makespan"": ""75"", ""makespan_lb"": ""58"", ""map_file"": ""room-32-32-4.map"", ""seed"": ""0"", ""soc"": ""7299"", ""soc_lb"": ""3911"", ""solved"": ""1"", ""solver"": ""planner"", ""sum_of_loss"": ""6265"", ""sum_of_loss_lb"": ""3911""}"
lg_lacam_fork:suo_tl,SUO + traffic load,room-32-32-4,room-32-32-4-random-2,150,0,30.0,solved,0.298234,0.224,6622,64,5671,3911,58,1.693173,0,,/home/carsten/Projects/MAPF/MAPF Evaluator/results/tlcpp-room-32-4/runs/lg_lacam_fork_suo_tl/room-32-32-4/room-32-32-4-random-2_a150_s0_r0,6622,0.224,"{""agents"": ""150"", ""comp_time"": ""224"", ""makespan"": ""64"", ""makespan_lb"": ""58"", ""map_file"": ""room-32-32-4.map"", ""seed"": ""0"", ""soc"": ""6622"", ""soc_lb"": ""3911"", ""solved"": ""1"", ""solver"": ""planner"", ""sum_of_loss"": ""5821"", ""sum_of_loss_lb"": ""3911""}"
lg_lacam_fork:suo,LaCAM3 = SUO (first solution),room-32-32-4,room-32-32-4-random-2,150,2,30.0,solved,0.286559,0.176,7226,70,6198,3911,58,1.847609,0,,/home/carsten/Projects/MAPF/MAPF Evaluator/results/tlcpp-room-32-4/runs/lg_lacam_fork_suo/room-32-32-4/room-32-32-4-random-2_a150_s2_r0,7226,0.176,"{""agents"": ""150"", ""comp_time"": ""176"", ""makespan"": ""70"", ""makespan_lb"": ""58"", ""map_file"": ""room-32-32-4.map"", ""seed"": ""2"", ""soc"": ""7226"", ""soc_lb"": ""3911"", ""solved"": ""1"", ""solver"": ""planner"", ""sum_of_loss"": ""6368"", ""sum_of_loss_lb"": ""3911""}"
lg_lacam_fork:suo_tl,SUO + traffic load,room-32-32-4,room-32-32-4-random-2,150,1,30.0,solved,0.159415,0.073,7234,96,6104,3911,58,1.849655,0,,/home/carsten/Projects/MAPF/MAPF Evaluator/results/tlcpp-room-32-4/runs/lg_lacam_fork_suo_tl/room-32-32-4/room-32-32-4-random-2_a150_s1_r0,7234,0.073,"{""agents"": ""150"", ""comp_time"": ""73"", ""makespan"": ""96"", ""makespan_lb"": ""58"", ""map_file"": ""room-32-32-4.map"", ""seed"": ""1"", ""soc"": ""7234"", ""soc_lb"": ""3911"", ""solved"": ""1"", ""solver"": ""planner"", ""sum_of_loss"": ""6274"", ""sum_of_loss_lb"": ""3911""}"
lg_lacam_fork:suo_tl,SUO + traffic load,room-32-32-4,room-32-32-4-random-2,150,2,30.0,solved,0.197253,0.111,6619,62,5724,3911,58,1.692406,0,,/home/carsten/Projects/MAPF/MAPF Evaluator/results/tlcpp-room-32-4/runs/lg_lacam_fork_suo_tl/room-32-32-4/room-32-32-4-random-2_a150_s2_r0,6619,0.111,"{""agents"": ""150"", ""comp_time"": ""111"", ""makespan"": ""62"", ""makespan_lb"": ""58"", ""map_file"": ""room-32-32-4.map"", ""seed"": ""2"", ""soc"": ""6619"", ""soc_lb"": ""3911"", ""solved"": ""1"", ""solver"": ""planner"", ""sum_of_loss"": ""5872"", ""sum_of_loss_lb"": ""3911""}"
lg_lacam_fork:lg,"LG-LaCAM (window 20, first solution)",room-32-32-4,room-32-32-4-random-2,150,0,30.0,solved,0.342788,0.233,6264,69,5292,3911,58,1.601636,0,,/home/carsten/Projects/MAPF/MAPF Evaluator/results/tlcpp-room-32-4/runs/lg_lacam_fork_lg/room-32-32-4/room-32-32-4-random-2_a150_s0_r0,6264,0.233,"{""agents"": ""150"", ""comp_time"": ""233"", ""makespan"": ""69"", ""makespan_lb"": ""58"", ""map_file"": ""room-32-32-4.map"", ""seed"": ""0"", ""soc"": ""6264"", ""soc_lb"": ""3911"", ""solved"": ""1"", ""solver"": ""planner"", ""sum_of_loss"": ""5427"", ""sum_of_loss_lb"": ""3911""}"
lg_lacam_fork:lg,"LG-LaCAM (window 20, first solution)",room-32-32-4,room-32-32-4-random-2,150,1,30.0,solved,0.564084,0.513,6555,72,5522,3911,58,1.676042,0,,/home/carsten/Projects/MAPF/MAPF Evaluator/results/tlcpp-room-32-4/runs/lg_lacam_fork_lg/room-32-32-4/room-32-32-4-random-2_a150_s1_r0,6555,0.513,"{""agents"": ""150"", ""comp_time"": ""513"", ""makespan"": ""72"", ""makespan_lb"": ""58"", ""map_file"": ""room-32-32-4.map"", ""seed"": ""1"", ""soc"": ""6555"", ""soc_lb"": ""3911"", ""solved"": ""1"", ""solver"": ""planner"", ""sum_of_loss"": ""5663"", ""sum_of_loss_lb"": ""3911""}"
lg_lacam_fork:lg_tl,LG-LaCAM (window 20) + traffic load,room-32-32-4,room-32-32-4-random-2,150,0,30.0,solved,0.247587,0.176,6120,70,5161,3911,58,1.564817,0,,/home/carsten/Projects/MAPF/MAPF Evaluator/results/tlcpp-room-32-4/runs/lg_lacam_fork_lg_tl/room-32-32-4/room-32-32-4-random-2_a150_s0_r0,6120,0.176,"{""agents"": ""150"", ""comp_time"": ""176"", ""makespan"": ""70"", ""makespan_lb"": ""58"", ""map_file"": ""room-32-32-4.map"", ""seed"": ""0"", ""soc"": ""6120"", ""soc_lb"": ""3911"", ""solved"": ""1"", ""solver"": ""planner"", ""sum_of_loss"": ""5284"", ""sum_of_loss_lb"": ""3911""}"
lg_lacam_fork:lg,"LG-LaCAM (window 20, first solution)",room-32-32-4,room-32-32-4-random-2,150,2,30.0,solved,0.544134,0.266,6628,72,5576,3911,58,1.694707,0,,/home/carsten/Projects/MAPF/MAPF Evaluator/results/tlcpp-room-32-4/runs/lg_lacam_fork_lg/room-32-32-4/room-32-32-4-random-2_a150_s2_r0,6628,0.266,"{""agents"": ""150"", ""comp_time"": ""266"", ""makespan"": ""72"", ""makespan_lb"": ""58"", ""map_file"": ""room-32-32-4.map"", ""seed"": ""2"", ""soc"": ""6628"", ""soc_lb"": ""3911"", ""solved"": ""1"", ""solver"": ""planner"", ""sum_of_loss"": ""5729"", ""sum_of_loss_lb"": ""3911""}"
lg_lacam_fork:lg_tl,LG-LaCAM (window 20) + traffic load,room-32-32-4,room-32-32-4-random-2,150,1,30.0,solved,0.3468,0.249,6307,80,5330,3911,58,1.612631,0,,/home/carsten/Projects/MAPF/MAPF Evaluator/results/tlcpp-room-32-4/runs/lg_lacam_fork_lg_tl/room-32-32-4/room-32-32-4-random-2_a150_s1_r0,6307,0.249,"{""agents"": ""150"", ""comp_time"": ""249"", ""makespan"": ""80"", ""makespan_lb"": ""58"", ""map_file"": ""room-32-32-4.map"", ""seed"": ""1"", ""soc"": ""6307"", ""soc_lb"": ""3911"", ""solved"": ""1"", ""solver"": ""planner"", ""sum_of_loss"": ""5455"", ""sum_of_loss_lb"": ""3911""}"
lg_lacam_fork:lg_tl,LG-LaCAM (window 20) + traffic load,room-32-32-4,room-32-32-4-random-2,150,2,30.0,solved,0.243782,0.172,6443,81,5325,3911,58,1.647405,0,,/home/carsten/Projects/MAPF/MAPF Evaluator/results/tlcpp-room-32-4/runs/lg_lacam_fork_lg_tl/room-32-32-4/room-32-32-4-random-2_a150_s2_r0,6443,0.172,"{""agents"": ""150"", ""comp_time"": ""172"", ""makespan"": ""81"", ""makespan_lb"": ""58"", ""map_file"": ""room-32-32-4.map"", ""seed"": ""2"", ""soc"": ""6443"", ""soc_lb"": ""3911"", ""solved"": ""1"", ""solver"": ""planner"", ""sum_of_loss"": ""5465"", ""sum_of_loss_lb"": ""3911""}"
lg_lacam_fork:lg_suo,LG-LaCAM (window 20) + SUO,room-32-32-4,room-32-32-4-random-2,150,0,30.0,solved,0.50151,0.362,6538,72,5499,3911,58,1.671695,0,,/home/carsten/Projects/MAPF/MAPF Evaluator/results/tlcpp-room-32-4/runs/lg_lacam_fork_lg_suo/room-32-32-4/room-32-32-4-random-2_a150_s0_r0,6538,0.362,"{""agents"": ""150"", ""comp_time"": ""362"", ""makespan"": ""72"", ""makespan_lb"": ""58"", ""map_file"": ""room-32-32-4.map"", ""seed"": ""0"", ""soc"": ""6538"", ""soc_lb"": ""3911"", ""solved"": ""1"", ""solver"": ""planner"", ""sum_of_loss"": ""5627"", ""sum_of_loss_lb"": ""3911""}"
lg_lacam_fork:lg_suo,LG-LaCAM (window 20) + SUO,room-32-32-4,room-32-32-4-random-2,150,2,30.0,solved,0.560345,0.399,6590,72,5549,3911,58,1.684991,0,,/home/carsten/Projects/MAPF/MAPF Evaluator/results/tlcpp-room-32-4/runs/lg_lacam_fork_lg_suo/room-32-32-4/room-32-32-4-random-2_a150_s2_r0,6590,0.399,"{""agents"": ""150"", ""comp_time"": ""399"", ""makespan"": ""72"", ""makespan_lb"": ""58"", ""map_file"": ""room-32-32-4.map"", ""seed"": ""2"", ""soc"": ""6590"", ""soc_lb"": ""3911"", ""solved"": ""1"", ""solver"": ""planner"", ""sum_of_loss"": ""5698"", ""sum_of_loss_lb"": ""3911""}"
lg_lacam_fork:lg_suo,LG-LaCAM (window 20) + SUO,room-32-32-4,room-32-32-4-random-2,150,1,30.0,solved,0.868389,0.719,6266,68,5364,3911,58,1.602148,0,,/home/carsten/Projects/MAPF/MAPF Evaluator/results/tlcpp-room-32-4/runs/lg_lacam_fork_lg_suo/room-32-32-4/room-32-32-4-random-2_a150_s1_r0,6266,0.719,"{""agents"": ""150"", ""comp_time"": ""719"", ""makespan"": ""68"", ""makespan_lb"": ""58"", ""map_file"": ""room-32-32-4.map"", ""seed"": ""1"", ""soc"": ""6266"", ""soc_lb"": ""3911"", ""solved"": ""1"", ""solver"": ""planner"", ""sum_of_loss"": ""5495"", ""sum_of_loss_lb"": ""3911""}"
lg_lacam_fork:lg_suo_tl,LG-LaCAM (window 20) + SUO + traffic load,room-32-32-4,room-32-32-4-random-2,150,1,30.0,solved,0.446668,0.394,6163,66,5315,3911,58,1.575812,0,,/home/carsten/Projects/MAPF/MAPF Evaluator/results/tlcpp-room-32-4/runs/lg_lacam_fork_lg_suo_tl/room-32-32-4/room-32-32-4-random-2_a150_s1_r0,6163,0.394,"{""agents"": ""150"", ""comp_time"": ""394"", ""makespan"": ""66"", ""makespan_lb"": ""58"", ""map_file"": ""room-32-32-4.map"", ""seed"": ""1"", ""soc"": ""6163"", ""soc_lb"": ""3911"", ""solved"": ""1"", ""solver"": ""planner"", ""sum_of_loss"": ""5435"", ""sum_of_loss_lb"": ""3911""}"
lg_lacam_fork:lg_suo_tl,LG-LaCAM (window 20) + SUO + traffic load,room-32-32-4,room-32-32-4-random-2,150,0,30.0,solved,0.781311,0.717,6264,77,5311,3911,58,1.601636,0,,/home/carsten/Projects/MAPF/MAPF Evaluator/results/tlcpp-room-32-4/runs/lg_lacam_fork_lg_suo_tl/room-32-32-4/room-32-32-4-random-2_a150_s0_r0,6264,0.717,"{""agents"": ""150"", ""comp_time"": ""717"", ""makespan"": ""77"", ""makespan_lb"": ""58"", ""map_file"": ""room-32-32-4.map"", ""seed"": ""0"", ""soc"": ""6264"", ""soc_lb"": ""3911"", ""solved"": ""1"", ""solver"": ""planner"", ""sum_of_loss"": ""5437"", ""sum_of_loss_lb"": ""3911""}"
lg_lacam_fork:lg_suo_tl,LG-LaCAM (window 20) + SUO + traffic load,room-32-32-4,room-32-32-4-random-2,150,2,30.0,solved,0.630747,0.48,6004,67,5158,3911,58,1.535157,0,,/home/carsten/Projects/MAPF/MAPF Evaluator/results/tlcpp-room-32-4/runs/lg_lacam_fork_lg_suo_tl/room-32-32-4/room-32-32-4-random-2_a150_s2_r0,6004,0.48,"{""agents"": ""150"", ""comp_time"": ""480"", ""makespan"": ""67"", ""makespan_lb"": ""58"", ""map_file"": ""room-32-32-4.map"", ""seed"": ""2"", ""soc"": ""6004"", ""soc_lb"": ""3911"", ""solved"": ""1"", ""solver"": ""planner"", ""sum_of_loss"": ""5285"", ""sum_of_loss_lb"": ""3911""}"
lg_lacam_fork:lacam,"LaCAM (no guidance, first solution)",room-32-32-4,room-32-32-4-random-2,200,0,30.0,solved,0.233828,0.098,14748,115,11894,5290,58,2.787902,0,,/home/carsten/Projects/MAPF/MAPF Evaluator/results/tlcpp-room-32-4/runs/lg_lacam_fork_lacam/room-32-32-4/room-32-32-4-random-2_a200_s0_r0,14748,0.098,"{""agents"": ""200"", ""comp_time"": ""98"", ""makespan"": ""115"", ""makespan_lb"": ""58"", ""map_file"": ""room-32-32-4.map"", ""seed"": ""0"", ""soc"": ""14748"", ""soc_lb"": ""5290"", ""solved"": ""1"", ""solver"": ""planner"", ""sum_of_loss"": ""12294"", ""sum_of_loss_lb"": ""5290""}"
lg_lacam_fork:lacam,"LaCAM (no guidance, first solution)",room-32-32-4,room-32-32-4-random-2,200,1,30.0,solved,0.101868,0.03,15143,107,12206,5290,58,2.862571,0,,/home/carsten/Projects/MAPF/MAPF Evaluator/results/tlcpp-room-32-4/runs/lg_lacam_fork_lacam/room-32-32-4/room-32-32-4-random-2_a200_s1_r0,15143,0.03,"{""agents"": ""200"", ""comp_time"": ""30"", ""makespan"": ""107"", ""makespan_lb"": ""58"", ""map_file"": ""room-32-32-4.map"", ""seed"": ""1"", ""soc"": ""15143"", ""soc_lb"": ""5290"", ""solved"": ""1"", ""solver"": ""planner"", ""sum_of_loss"": ""12581"", ""sum_of_loss_lb"": ""5290""}"
lg_lacam_fork:lacam,"LaCAM (no guidance, first solution)",room-32-32-4,room-32-32-4-random-2,200,2,30.0,solved,0.09835,0.046,14635,105,12033,5290,58,2.766541,0,,/home/carsten/Projects/MAPF/MAPF Evaluator/results/tlcpp-room-32-4/runs/lg_lacam_fork_lacam/room-32-32-4/room-32-32-4-random-2_a200_s2_r0,14635,0.046,"{""agents"": ""200"", ""comp_time"": ""46"", ""makespan"": ""105"", ""makespan_lb"": ""58"", ""map_file"": ""room-32-32-4.map"", ""seed"": ""2"", ""soc"": ""14635"", ""soc_lb"": ""5290"", ""solved"": ""1"", ""solver"": ""planner"", ""sum_of_loss"": ""12398"", ""sum_of_loss_lb"": ""5290""}"
lg_lacam_fork:tl,"LaCAM + traffic load (tie-break, per config)",room-32-32-4,room-32-32-4-random-2,200,0,30.0,solved,0.084291,0.045,12543,100,10445,5290,58,2.371078,0,,/home/carsten/Projects/MAPF/MAPF Evaluator/results/tlcpp-room-32-4/runs/lg_lacam_fork_tl/room-32-32-4/room-32-32-4-random-2_a200_s0_r0,12543,0.045,"{""agents"": ""200"", ""comp_time"": ""45"", ""makespan"": ""100"", ""makespan_lb"": ""58"", ""map_file"": ""room-32-32-4.map"", ""seed"": ""0"", ""soc"": ""12543"", ""soc_lb"": ""5290"", ""solved"": ""1"", ""solver"": ""planner"", ""sum_of_loss"": ""10781"", ""sum_of_loss_lb"": ""5290""}"
lg_lacam_fork:tl,"LaCAM + traffic load (tie-break, per config)",room-32-32-4,room-32-32-4-random-2,200,1,30.0,solved,0.116884,0.064,12552,98,10338,5290,58,2.372779,0,,/home/carsten/Projects/MAPF/MAPF Evaluator/results/tlcpp-room-32-4/runs/lg_lacam_fork_tl/room-32-32-4/room-32-32-4-random-2_a200_s1_r0,12552,0.064,"{""agents"": ""200"", ""comp_time"": ""64"", ""makespan"": ""98"", ""makespan_lb"": ""58"", ""map_file"": ""room-32-32-4.map"", ""seed"": ""1"", ""soc"": ""12552"", ""soc_lb"": ""5290"", ""solved"": ""1"", ""solver"": ""planner"", ""sum_of_loss"": ""10634"", ""sum_of_loss_lb"": ""5290""}"
lg_lacam_fork:tl_agent,"LaCAM + traffic load (tie-break, per agent)",room-32-32-4,room-32-32-4-random-2,200,0,30.0,solved,0.167271,0.104,12775,103,10539,5290,58,2.414934,0,,/home/carsten/Projects/MAPF/MAPF Evaluator/results/tlcpp-room-32-4/runs/lg_lacam_fork_tl_agent/room-32-32-4/room-32-32-4-random-2_a200_s0_r0,12775,0.104,"{""agents"": ""200"", ""comp_time"": ""104"", ""makespan"": ""103"", ""makespan_lb"": ""58"", ""map_file"": ""room-32-32-4.map"", ""seed"": ""0"", ""soc"": ""12775"", ""soc_lb"": ""5290"", ""solved"": ""1"", ""solver"": ""planner"", ""sum_of_loss"": ""10849"", ""sum_of_loss_lb"": ""5290""}"
lg_lacam_fork:tl_agent,"LaCAM + traffic load (tie-break, per agent)",room-32-32-4,room-32-32-4-random-2,200,2,30.0,solved,0.160059,0.102,12518,97,10478,5290,58,2.366352,0,,/home/carsten/Projects/MAPF/MAPF Evaluator/results/tlcpp-room-32-4/runs/lg_lacam_fork_tl_agent/room-32-32-4/room-32-32-4-random-2_a200_s2_r0,12518,0.102,"{""agents"": ""200"", ""comp_time"": ""102"", ""makespan"": ""97"", ""makespan_lb"": ""58"", ""map_file"": ""room-32-32-4.map"", ""seed"": ""2"", ""soc"": ""12518"", ""soc_lb"": ""5290"", ""solved"": ""1"", ""solver"": ""planner"", ""sum_of_loss"": ""10771"", ""sum_of_loss_lb"": ""5290""}"
lg_lacam_fork:tl_agent,"LaCAM + traffic load (tie-break, per agent)",room-32-32-4,room-32-32-4-random-2,200,1,30.0,solved,0.188003,0.069,13348,98,10845,5290,58,2.523251,0,,/home/carsten/Projects/MAPF/MAPF Evaluator/results/tlcpp-room-32-4/runs/lg_lacam_fork_tl_agent/room-32-32-4/room-32-32-4-random-2_a200_s1_r0,13348,0.069,"{""agents"": ""200"", ""comp_time"": ""69"", ""makespan"": ""98"", ""makespan_lb"": ""58"", ""map_file"": ""room-32-32-4.map"", ""seed"": ""1"", ""soc"": ""13348"", ""soc_lb"": ""5290"", ""solved"": ""1"", ""solver"": ""planner"", ""sum_of_loss"": ""11158"", ""sum_of_loss_lb"": ""5290""}"
lg_lacam_fork:tl_static,LaCAM + traffic load (static map from starts),room-32-32-4,room-32-32-4-random-2,200,0,30.0,solved,0.510044,0.391,13775,116,11298,5290,58,2.60397,0,,/home/carsten/Projects/MAPF/MAPF Evaluator/results/tlcpp-room-32-4/runs/lg_lacam_fork_tl_static/room-32-32-4/room-32-32-4-random-2_a200_s0_r0,13775,0.391,"{""agents"": ""200"", ""comp_time"": ""391"", ""makespan"": ""116"", ""makespan_lb"": ""58"", ""map_file"": ""room-32-32-4.map"", ""seed"": ""0"", ""soc"": ""13775"", ""soc_lb"": ""5290"", ""solved"": ""1"", ""solver"": ""planner"", ""sum_of_loss"": ""11798"", ""sum_of_loss_lb"": ""5290""}"
lg_lacam_fork:suo,LaCAM3 = SUO (first solution),room-32-32-4,room-32-32-4-random-2,200,0,30.0,solved,0.217584,0.118,12330,93,10472,5290,58,2.330813,0,,/home/carsten/Projects/MAPF/MAPF Evaluator/results/tlcpp-room-32-4/runs/lg_lacam_fork_suo/room-32-32-4/room-32-32-4-random-2_a200_s0_r0,12330,0.118,"{""agents"": ""200"", ""comp_time"": ""118"", ""makespan"": ""93"", ""makespan_lb"": ""58"", ""map_file"": ""room-32-32-4.map"", ""seed"": ""0"", ""soc"": ""12330"", ""soc_lb"": ""5290"", ""solved"": ""1"", ""solver"": ""planner"", ""sum_of_loss"": ""10768"", ""sum_of_loss_lb"": ""5290""}"
lg_lacam_fork:tl_static,LaCAM + traffic load (static map from starts),room-32-32-4,room-32-32-4-random-2,200,2,30.0,solved,0.638034,0.56,15052,149,12011,5290,58,2.845369,0,,/home/carsten/Projects/MAPF/MAPF Evaluator/results/tlcpp-room-32-4/runs/lg_lacam_fork_tl_static/room-32-32-4/room-32-32-4-random-2_a200_s2_r0,15052,0.56,"{""agents"": ""200"", ""comp_time"": ""560"", ""makespan"": ""149"", ""makespan_lb"": ""58"", ""map_file"": ""room-32-32-4.map"", ""seed"": ""2"", ""soc"": ""15052"", ""soc_lb"": ""5290"", ""solved"": ""1"", ""solver"": ""planner"", ""sum_of_loss"": ""12758"", ""sum_of_loss_lb"": ""5290""}"
lg_lacam_fork:tl_static,LaCAM + traffic load (static map from starts),room-32-32-4,room-32-32-4-random-2,200,1,30.0,solved,0.661891,0.561,14955,155,12108,5290,58,2.827032,0,,/home/carsten/Projects/MAPF/MAPF Evaluator/results/tlcpp-room-32-4/runs/lg_lacam_fork_tl_static/room-32-32-4/room-32-32-4-random-2_a200_s1_r0,14955,0.561,"{""agents"": ""200"", ""comp_time"": ""561"", ""makespan"": ""155"", ""makespan_lb"": ""58"", ""map_file"": ""room-32-32-4.map"", ""seed"": ""1"", ""soc"": ""14955"", ""soc_lb"": ""5290"", ""solved"": ""1"", ""solver"": ""planner"", ""sum_of_loss"": ""12815"", ""sum_of_loss_lb"": ""5290""}"
lg_lacam_fork:suo,LaCAM3 = SUO (first solution),room-32-32-4,room-32-32-4-random-2,200,1,30.0,solved,0.219965,0.147,13368,97,11074,5290,58,2.527032,0,,/home/carsten/Projects/MAPF/MAPF Evaluator/results/tlcpp-room-32-4/runs/lg_lacam_fork_suo/room-32-32-4/room-32-32-4-random-2_a200_s1_r0,13368,0.147,"{""agents"": ""200"", ""comp_time"": ""147"", ""makespan"": ""97"", ""makespan_lb"": ""58"", ""map_file"": ""room-32-32-4.map"", ""seed"": ""1"", ""soc"": ""13368"", ""soc_lb"": ""5290"", ""solved"": ""1"", ""solver"": ""planner"", ""sum_of_loss"": ""11437"", ""sum_of_loss_lb"": ""5290""}"
lg_lacam_fork:tl,"LaCAM + traffic load (tie-break, per config)",room-32-32-4,room-32-32-4-random-2,200,2,30.0,error,2.073356,,,,,5290,58,,-6,exit code -6: terminate called after throwing an instance of 'std::system_error' what(): Resource temporarily unavailable,/home/carsten/Projects/MAPF/MAPF Evaluator/results/tlcpp-room-32-4/runs/lg_lacam_fork_tl/room-32-32-4/room-32-32-4-random-2_a200_s2_r0,,,
lg_lacam_fork:suo,LaCAM3 = SUO (first solution),room-32-32-4,room-32-32-4-random-2,200,2,30.0,solved,0.200209,0.153,11757,85,9925,5290,58,2.222495,0,,/home/carsten/Projects/MAPF/MAPF Evaluator/results/tlcpp-room-32-4/runs/lg_lacam_fork_suo/room-32-32-4/room-32-32-4-random-2_a200_s2_r0,11757,0.153,"{""agents"": ""200"", ""comp_time"": ""153"", ""makespan"": ""85"", ""makespan_lb"": ""58"", ""map_file"": ""room-32-32-4.map"", ""seed"": ""2"", ""soc"": ""11757"", ""soc_lb"": ""5290"", ""solved"": ""1"", ""solver"": ""planner"", ""sum_of_loss"": ""10261"", ""sum_of_loss_lb"": ""5290""}"
lg_lacam_fork:suo_tl,SUO + traffic load,room-32-32-4,room-32-32-4-random-2,200,0,30.0,solved,0.370814,0.192,11139,85,9340,5290,58,2.105671,0,,/home/carsten/Projects/MAPF/MAPF Evaluator/results/tlcpp-room-32-4/runs/lg_lacam_fork_suo_tl/room-32-32-4/room-32-32-4-random-2_a200_s0_r0,11139,0.192,"{""agents"": ""200"", ""comp_time"": ""192"", ""makespan"": ""85"", ""makespan_lb"": ""58"", ""map_file"": ""room-32-32-4.map"", ""seed"": ""0"", ""soc"": ""11139"", ""soc_lb"": ""5290"", ""solved"": ""1"", ""solver"": ""planner"", ""sum_of_loss"": ""9666"", ""sum_of_loss_lb"": ""5290""}"
lg_lacam_fork:suo_tl,SUO + traffic load,room-32-32-4,room-32-32-4-random-2,200,1,30.0,solved,0.229078,0.131,15058,145,11486,5290,58,2.846503,0,,/home/carsten/Projects/MAPF/MAPF Evaluator/results/tlcpp-room-32-4/runs/lg_lacam_fork_suo_tl/room-32-32-4/room-32-32-4-random-2_a200_s1_r0,15058,0.131,"{""agents"": ""200"", ""comp_time"": ""131"", ""makespan"": ""145"", ""makespan_lb"": ""58"", ""map_file"": ""room-32-32-4.map"", ""seed"": ""1"", ""soc"": ""15058"", ""soc_lb"": ""5290"", ""solved"": ""1"", ""solver"": ""planner"", ""sum_of_loss"": ""11860"", ""sum_of_loss_lb"": ""5290""}"
lg_lacam_fork:suo_tl,SUO + traffic load,room-32-32-4,room-32-32-4-random-2,200,2,30.0,solved,0.159886,0.096,12126,119,9888,5290,58,2.29225,0,,/home/carsten/Projects/MAPF/MAPF Evaluator/results/tlcpp-room-32-4/runs/lg_lacam_fork_suo_tl/room-32-32-4/room-32-32-4-random-2_a200_s2_r0,12126,0.096,"{""agents"": ""200"", ""comp_time"": ""96"", ""makespan"": ""119"", ""makespan_lb"": ""58"", ""map_file"": ""room-32-32-4.map"", ""seed"": ""2"", ""soc"": ""12126"", ""soc_lb"": ""5290"", ""solved"": ""1"", ""solver"": ""planner"", ""sum_of_loss"": ""10204"", ""sum_of_loss_lb"": ""5290""}"
lg_lacam_fork:lg,"LG-LaCAM (window 20, first solution)",room-32-32-4,room-32-32-4-random-2,200,0,30.0,solved,0.42514,0.353,11506,94,9373,5290,58,2.175047,0,,/home/carsten/Projects/MAPF/MAPF Evaluator/results/tlcpp-room-32-4/runs/lg_lacam_fork_lg/room-32-32-4/room-32-32-4-random-2_a200_s0_r0,11506,0.353,"{""agents"": ""200"", ""comp_time"": ""353"", ""makespan"": ""94"", ""makespan_lb"": ""58"", ""map_file"": ""room-32-32-4.map"", ""seed"": ""0"", ""soc"": ""11506"", ""soc_lb"": ""5290"", ""solved"": ""1"", ""solver"": ""planner"", ""sum_of_loss"": ""9639"", ""sum_of_loss_lb"": ""5290""}"
lg_lacam_fork:lg,"LG-LaCAM (window 20, first solution)",room-32-32-4,room-32-32-4-random-2,200,1,30.0,solved,0.513854,0.392,11044,94,9382,5290,58,2.087713,0,,/home/carsten/Projects/MAPF/MAPF Evaluator/results/tlcpp-room-32-4/runs/lg_lacam_fork_lg/room-32-32-4/room-32-32-4-random-2_a200_s1_r0,11044,0.392,"{""agents"": ""200"", ""comp_time"": ""392"", ""makespan"": ""94"", ""makespan_lb"": ""58"", ""map_file"": ""room-32-32-4.map"", ""seed"": ""1"", ""soc"": ""11044"", ""soc_lb"": ""5290"", ""solved"": ""1"", ""solver"": ""planner"", ""sum_of_loss"": ""9632"", ""sum_of_loss_lb"": ""5290""}"
lg_lacam_fork:lg,"LG-LaCAM (window 20, first solution)",room-32-32-4,room-32-32-4-random-2,200,2,30.0,solved,0.368137,0.27,11000,84,8885,5290,58,2.079395,0,,/home/carsten/Projects/MAPF/MAPF Evaluator/results/tlcpp-room-32-4/runs/lg_lacam_fork_lg/room-32-32-4/room-32-32-4-random-2_a200_s2_r0,11000,0.27,"{""agents"": ""200"", ""comp_time"": ""270"", ""makespan"": ""84"", ""makespan_lb"": ""58"", ""map_file"": ""room-32-32-4.map"", ""seed"": ""2"", ""soc"": ""11000"", ""soc_lb"": ""5290"", ""solved"": ""1"", ""solver"": ""planner"", ""sum_of_loss"": ""9155"", ""sum_of_loss_lb"": ""5290""}"
lg_lacam_fork:lg_tl,LG-LaCAM (window 20) + traffic load,room-32-32-4,room-32-32-4-random-2,200,0,30.0,solved,0.718982,0.633,10790,87,8978,5290,58,2.039698,0,,/home/carsten/Projects/MAPF/MAPF Evaluator/results/tlcpp-room-32-4/runs/lg_lacam_fork_lg_tl/room-32-32-4/room-32-32-4-random-2_a200_s0_r0,10790,0.633,"{""agents"": ""200"", ""comp_time"": ""633"", ""makespan"": ""87"", ""makespan_lb"": ""58"", ""map_file"": ""room-32-32-4.map"", ""seed"": ""0"", ""soc"": ""10790"", ""soc_lb"": ""5290"", ""solved"": ""1"", ""solver"": ""planner"", ""sum_of_loss"": ""9239"", ""sum_of_loss_lb"": ""5290""}"
lg_lacam_fork:lg_tl,LG-LaCAM (window 20) + traffic load,room-32-32-4,room-32-32-4-random-2,200,1,30.0,solved,0.394021,0.291,10550,87,8856,5290,58,1.994329,0,,/home/carsten/Projects/MAPF/MAPF Evaluator/results/tlcpp-room-32-4/runs/lg_lacam_fork_lg_tl/room-32-32-4/room-32-32-4-random-2_a200_s1_r0,10550,0.291,"{""agents"": ""200"", ""comp_time"": ""291"", ""makespan"": ""87"", ""makespan_lb"": ""58"", ""map_file"": ""room-32-32-4.map"", ""seed"": ""1"", ""soc"": ""10550"", ""soc_lb"": ""5290"", ""solved"": ""1"", ""solver"": ""planner"", ""sum_of_loss"": ""9111"", ""sum_of_loss_lb"": ""5290""}"
lg_lacam_fork:lg_tl,LG-LaCAM (window 20) + traffic load,room-32-32-4,room-32-32-4-random-2,200,2,30.0,solved,0.430359,0.327,10004,76,8452,5290,58,1.891115,0,,/home/carsten/Projects/MAPF/MAPF Evaluator/results/tlcpp-room-32-4/runs/lg_lacam_fork_lg_tl/room-32-32-4/room-32-32-4-random-2_a200_s2_r0,10004,0.327,"{""agents"": ""200"", ""comp_time"": ""327"", ""makespan"": ""76"", ""makespan_lb"": ""58"", ""map_file"": ""room-32-32-4.map"", ""seed"": ""2"", ""soc"": ""10004"", ""soc_lb"": ""5290"", ""solved"": ""1"", ""solver"": ""planner"", ""sum_of_loss"": ""8695"", ""sum_of_loss_lb"": ""5290""}"
lg_lacam_fork:lg_suo,LG-LaCAM (window 20) + SUO,room-32-32-4,room-32-32-4-random-2,200,0,30.0,solved,0.605197,0.528,10947,88,9238,5290,58,2.069376,0,,/home/carsten/Projects/MAPF/MAPF Evaluator/results/tlcpp-room-32-4/runs/lg_lacam_fork_lg_suo/room-32-32-4/room-32-32-4-random-2_a200_s0_r0,10947,0.528,"{""agents"": ""200"", ""comp_time"": ""528"", ""makespan"": ""88"", ""makespan_lb"": ""58"", ""map_file"": ""room-32-32-4.map"", ""seed"": ""0"", ""soc"": ""10947"", ""soc_lb"": ""5290"", ""solved"": ""1"", ""solver"": ""planner"", ""sum_of_loss"": ""9467"", ""sum_of_loss_lb"": ""5290""}"
lg_lacam_fork:lg_suo,LG-LaCAM (window 20) + SUO,room-32-32-4,room-32-32-4-random-2,200,1,30.0,solved,0.445962,0.375,10748,86,8998,5290,58,2.031758,0,,/home/carsten/Projects/MAPF/MAPF Evaluator/results/tlcpp-room-32-4/runs/lg_lacam_fork_lg_suo/room-32-32-4/room-32-32-4-random-2_a200_s1_r0,10748,0.375,"{""agents"": ""200"", ""comp_time"": ""375"", ""makespan"": ""86"", ""makespan_lb"": ""58"", ""map_file"": ""room-32-32-4.map"", ""seed"": ""1"", ""soc"": ""10748"", ""soc_lb"": ""5290"", ""solved"": ""1"", ""solver"": ""planner"", ""sum_of_loss"": ""9282"", ""sum_of_loss_lb"": ""5290""}"
lg_lacam_fork:lg_suo,LG-LaCAM (window 20) + SUO,room-32-32-4,room-32-32-4-random-2,200,2,30.0,solved,0.45642,0.377,10262,88,8829,5290,58,1.939887,0,,/home/carsten/Projects/MAPF/MAPF Evaluator/results/tlcpp-room-32-4/runs/lg_lacam_fork_lg_suo/room-32-32-4/room-32-32-4-random-2_a200_s2_r0,10262,0.377,"{""agents"": ""200"", ""comp_time"": ""377"", ""makespan"": ""88"", ""makespan_lb"": ""58"", ""map_file"": ""room-32-32-4.map"", ""seed"": ""2"", ""soc"": ""10262"", ""soc_lb"": ""5290"", ""solved"": ""1"", ""solver"": ""planner"", ""sum_of_loss"": ""9104"", ""sum_of_loss_lb"": ""5290""}"
lg_lacam_fork:lacam,"LaCAM (no guidance, first solution)",room-32-32-4,room-32-32-4-random-3,50,0,30.0,solved,0.032689,0.004,1665,55,1505,1150,55,1.447826,0,,/home/carsten/Projects/MAPF/MAPF Evaluator/results/tlcpp-room-32-4/runs/lg_lacam_fork_lacam/room-32-32-4/room-32-32-4-random-3_a50_s0_r0,1665,0.004,"{""agents"": ""50"", ""comp_time"": ""4"", ""makespan"": ""55"", ""makespan_lb"": ""55"", ""map_file"": ""room-32-32-4.map"", ""seed"": ""0"", ""soc"": ""1665"", ""soc_lb"": ""1150"", ""solved"": ""1"", ""solver"": ""planner"", ""sum_of_loss"": ""1540"", ""sum_of_loss_lb"": ""1150""}"
lg_lacam_fork:lg_suo_tl,LG-LaCAM (window 20) + SUO + traffic load,room-32-32-4,room-32-32-4-random-2,200,0,30.0,solved,0.408868,0.34,10999,90,8959,5290,58,2.079206,0,,/home/carsten/Projects/MAPF/MAPF Evaluator/results/tlcpp-room-32-4/runs/lg_lacam_fork_lg_suo_tl/room-32-32-4/room-32-32-4-random-2_a200_s0_r0,10999,0.34,"{""agents"": ""200"", ""comp_time"": ""340"", ""makespan"": ""90"", ""makespan_lb"": ""58"", ""map_file"": ""room-32-32-4.map"", ""seed"": ""0"", ""soc"": ""10999"", ""soc_lb"": ""5290"", ""solved"": ""1"", ""solver"": ""planner"", ""sum_of_loss"": ""9217"", ""sum_of_loss_lb"": ""5290""}"
lg_lacam_fork:lacam,"LaCAM (no guidance, first solution)",room-32-32-4,room-32-32-4-random-3,50,1,30.0,solved,0.021717,0.005,1588,55,1431,1150,55,1.38087,0,,/home/carsten/Projects/MAPF/MAPF Evaluator/results/tlcpp-room-32-4/runs/lg_lacam_fork_lacam/room-32-32-4/room-32-32-4-random-3_a50_s1_r0,1588,0.005,"{""agents"": ""50"", ""comp_time"": ""5"", ""makespan"": ""55"", ""makespan_lb"": ""55"", ""map_file"": ""room-32-32-4.map"", ""seed"": ""1"", ""soc"": ""1588"", ""soc_lb"": ""1150"", ""solved"": ""1"", ""solver"": ""planner"", ""sum_of_loss"": ""1456"", ""sum_of_loss_lb"": ""1150""}"
lg_lacam_fork:lacam,"LaCAM (no guidance, first solution)",room-32-32-4,room-32-32-4-random-3,50,2,30.0,solved,0.026811,0.01,1560,55,1413,1150,55,1.356522,0,,/home/carsten/Projects/MAPF/MAPF Evaluator/results/tlcpp-room-32-4/runs/lg_lacam_fork_lacam/room-32-32-4/room-32-32-4-random-3_a50_s2_r0,1560,0.01,"{""agents"": ""50"", ""comp_time"": ""10"", ""makespan"": ""55"", ""makespan_lb"": ""55"", ""map_file"": ""room-32-32-4.map"", ""seed"": ""2"", ""soc"": ""1560"", ""soc_lb"": ""1150"", ""solved"": ""1"", ""solver"": ""planner"", ""sum_of_loss"": ""1447"", ""sum_of_loss_lb"": ""1150""}"
lg_lacam_fork:tl,"LaCAM + traffic load (tie-break, per config)",room-32-32-4,room-32-32-4-random-3,50,0,30.0,solved,0.042374,0.015,1552,55,1388,1150,55,1.349565,0,,/home/carsten/Projects/MAPF/MAPF Evaluator/results/tlcpp-room-32-4/runs/lg_lacam_fork_tl/room-32-32-4/room-32-32-4-random-3_a50_s0_r0,1552,0.015,"{""agents"": ""50"", ""comp_time"": ""15"", ""makespan"": ""55"", ""makespan_lb"": ""55"", ""map_file"": ""room-32-32-4.map"", ""seed"": ""0"", ""soc"": ""1552"", ""soc_lb"": ""1150"", ""solved"": ""1"", ""solver"": ""planner"", ""sum_of_loss"": ""1412"", ""sum_of_loss_lb"": ""1150""}"
lg_lacam_fork:tl,"LaCAM + traffic load (tie-break, per config)",room-32-32-4,room-32-32-4-random-3,50,1,30.0,solved,0.018443,0.006,1533,55,1391,1150,55,1.333043,0,,/home/carsten/Projects/MAPF/MAPF Evaluator/results/tlcpp-room-32-4/runs/lg_lacam_fork_tl/room-32-32-4/room-32-32-4-random-3_a50_s1_r0,1533,0.006,"{""agents"": ""50"", ""comp_time"": ""6"", ""makespan"": ""55"", ""makespan_lb"": ""55"", ""map_file"": ""room-32-32-4.map"", ""seed"": ""1"", ""soc"": ""1533"", ""soc_lb"": ""1150"", ""solved"": ""1"", ""solver"": ""planner"", ""sum_of_loss"": ""1414"", ""sum_of_loss_lb"": ""1150""}"
lg_lacam_fork:tl,"LaCAM + traffic load (tie-break, per config)",room-32-32-4,room-32-32-4-random-3,50,2,30.0,solved,0.013195,0.004,1507,55,1387,1150,55,1.310435,0,,/home/carsten/Projects/MAPF/MAPF Evaluator/results/tlcpp-room-32-4/runs/lg_lacam_fork_tl/room-32-32-4/room-32-32-4-random-3_a50_s2_r0,1507,0.004,"{""agents"": ""50"", ""comp_time"": ""4"", ""makespan"": ""55"", ""makespan_lb"": ""55"", ""map_file"": ""room-32-32-4.map"", ""seed"": ""2"", ""soc"": ""1507"", ""soc_lb"": ""1150"", ""solved"": ""1"", ""solver"": ""planner"", ""sum_of_loss"": ""1407"", ""sum_of_loss_lb"": ""1150""}"
lg_lacam_fork:tl_agent,"LaCAM + traffic load (tie-break, per agent)",room-32-32-4,room-32-32-4-random-3,50,0,30.0,solved,0.026229,0.008,1514,55,1383,1150,55,1.316522,0,,/home/carsten/Projects/MAPF/MAPF Evaluator/results/tlcpp-room-32-4/runs/lg_lacam_fork_tl_agent/room-32-32-4/room-32-32-4-random-3_a50_s0_r0,1514,0.008,"{""agents"": ""50"", ""comp_time"": ""8"", ""makespan"": ""55"", ""makespan_lb"": ""55"", ""map_file"": ""room-32-32-4.map"", ""seed"": ""0"", ""soc"": ""1514"", ""soc_lb"": ""1150"", ""solved"": ""1"", ""solver"": ""planner"", ""sum_of_loss"": ""1403"", ""sum_of_loss_lb"": ""1150""}"
lg_lacam_fork:lg_suo_tl,LG-LaCAM (window 20) + SUO + traffic load,room-32-32-4,room-32-32-4-random-2,200,2,30.0,solved,0.388368,0.342,10402,82,8690,5290,58,1.966352,0,,/home/carsten/Projects/MAPF/MAPF Evaluator/results/tlcpp-room-32-4/runs/lg_lacam_fork_lg_suo_tl/room-32-32-4/room-32-32-4-random-2_a200_s2_r0,10402,0.342,"{""agents"": ""200"", ""comp_time"": ""342"", ""makespan"": ""82"", ""makespan_lb"": ""58"", ""map_file"": ""room-32-32-4.map"", ""seed"": ""2"", ""soc"": ""10402"", ""soc_lb"": ""5290"", ""solved"": ""1"", ""solver"": ""planner"", ""sum_of_loss"": ""8933"", ""sum_of_loss_lb"": ""5290""}"
lg_lacam_fork:lg_suo_tl,LG-LaCAM (window 20) + SUO + traffic load,room-32-32-4,room-32-32-4-random-2,200,1,30.0,solved,0.437692,0.34,10068,88,8614,5290,58,1.903214,0,,/home/carsten/Projects/MAPF/MAPF Evaluator/results/tlcpp-room-32-4/runs/lg_lacam_fork_lg_suo_tl/room-32-32-4/room-32-32-4-random-2_a200_s1_r0,10068,0.34,"{""agents"": ""200"", ""comp_time"": ""340"", ""makespan"": ""88"", ""makespan_lb"": ""58"", ""map_file"": ""room-32-32-4.map"", ""seed"": ""1"", ""soc"": ""10068"", ""soc_lb"": ""5290"", ""solved"": ""1"", ""solver"": ""planner"", ""sum_of_loss"": ""8838"", ""sum_of_loss_lb"": ""5290""}"
lg_lacam_fork:tl_agent,"LaCAM + traffic load (tie-break, per agent)",room-32-32-4,room-32-32-4-random-3,50,1,30.0,solved,0.09106,0.014,1521,55,1390,1150,55,1.322609,0,,/home/carsten/Projects/MAPF/MAPF Evaluator/results/tlcpp-room-32-4/runs/lg_lacam_fork_tl_agent/room-32-32-4/room-32-32-4-random-3_a50_s1_r0,1521,0.014,"{""agents"": ""50"", ""comp_time"": ""14"", ""makespan"": ""55"", ""makespan_lb"": ""55"", ""map_file"": ""room-32-32-4.map"", ""seed"": ""1"", ""soc"": ""1521"", ""soc_lb"": ""1150"", ""solved"": ""1"", ""solver"": ""planner"", ""sum_of_loss"": ""1411"", ""sum_of_loss_lb"": ""1150""}"
lg_lacam_fork:tl_agent,"LaCAM + traffic load (tie-break, per agent)",room-32-32-4,room-32-32-4-random-3,50,2,30.0,solved,0.018686,0.006,1538,55,1391,1150,55,1.337391,0,,/home/carsten/Projects/MAPF/MAPF Evaluator/results/tlcpp-room-32-4/runs/lg_lacam_fork_tl_agent/room-32-32-4/room-32-32-4-random-3_a50_s2_r0,1538,0.006,"{""agents"": ""50"", ""comp_time"": ""6"", ""makespan"": ""55"", ""makespan_lb"": ""55"", ""map_file"": ""room-32-32-4.map"", ""seed"": ""2"", ""soc"": ""1538"", ""soc_lb"": ""1150"", ""solved"": ""1"", ""solver"": ""planner"", ""sum_of_loss"": ""1413"", ""sum_of_loss_lb"": ""1150""}"
lg_lacam_fork:tl_static,LaCAM + traffic load (static map from starts),room-32-32-4,room-32-32-4-random-3,50,1,30.0,solved,0.02813,0.005,1673,59,1478,1150,55,1.454783,0,,/home/carsten/Projects/MAPF/MAPF Evaluator/results/tlcpp-room-32-4/runs/lg_lacam_fork_tl_static/room-32-32-4/room-32-32-4-random-3_a50_s1_r0,1673,0.005,"{""agents"": ""50"", ""comp_time"": ""5"", ""makespan"": ""59"", ""makespan_lb"": ""55"", ""map_file"": ""room-32-32-4.map"", ""seed"": ""1"", ""soc"": ""1673"", ""soc_lb"": ""1150"", ""solved"": ""1"", ""solver"": ""planner"", ""sum_of_loss"": ""1524"", ""sum_of_loss_lb"": ""1150""}"
lg_lacam_fork:tl_static,LaCAM + traffic load (static map from starts),room-32-32-4,room-32-32-4-random-3,50,0,30.0,solved,0.035999,0.004,1683,59,1486,1150,55,1.463478,0,,/home/carsten/Projects/MAPF/MAPF Evaluator/results/tlcpp-room-32-4/runs/lg_lacam_fork_tl_static/room-32-32-4/room-32-32-4-random-3_a50_s0_r0,1683,0.004,"{""agents"": ""50"", ""comp_time"": ""4"", ""makespan"": ""59"", ""makespan_lb"": ""55"", ""map_file"": ""room-32-32-4.map"", ""seed"": ""0"", ""soc"": ""1683"", ""soc_lb"": ""1150"", ""solved"": ""1"", ""solver"": ""planner"", ""sum_of_loss"": ""1533"", ""sum_of_loss_lb"": ""1150""}"
lg_lacam_fork:suo,LaCAM3 = SUO (first solution),room-32-32-4,room-32-32-4-random-3,50,1,30.0,solved,0.027936,0.005,1497,59,1382,1150,55,1.301739,0,,/home/carsten/Projects/MAPF/MAPF Evaluator/results/tlcpp-room-32-4/runs/lg_lacam_fork_suo/room-32-32-4/room-32-32-4-random-3_a50_s1_r0,1497,0.005,"{""agents"": ""50"", ""comp_time"": ""5"", ""makespan"": ""59"", ""makespan_lb"": ""55"", ""map_file"": ""room-32-32-4.map"", ""seed"": ""1"", ""soc"": ""1497"", ""soc_lb"": ""1150"", ""solved"": ""1"", ""solver"": ""planner"", ""sum_of_loss"": ""1397"", ""sum_of_loss_lb"": ""1150""}"
lg_lacam_fork:tl_static,LaCAM + traffic load (static map from starts),room-32-32-4,room-32-32-4-random-3,50,2,30.0,solved,0.037349,0.003,1688,58,1494,1150,55,1.467826,0,,/home/carsten/Projects/MAPF/MAPF Evaluator/results/tlcpp-room-32-4/runs/lg_lacam_fork_tl_static/room-32-32-4/room-32-32-4-random-3_a50_s2_r0,1688,0.003,"{""agents"": ""50"", ""comp_time"": ""3"", ""makespan"": ""58"", ""makespan_lb"": ""55"", ""map_file"": ""room-32-32-4.map"", ""seed"": ""2"", ""soc"": ""1688"", ""soc_lb"": ""1150"", ""solved"": ""1"", ""solver"": ""planner"", ""sum_of_loss"": ""1542"", ""sum_of_loss_lb"": ""1150""}"
lg_lacam_fork:suo,LaCAM3 = SUO (first solution),room-32-32-4,room-32-32-4-random-3,50,0,30.0,solved,0.019559,0.004,1390,59,1341,1150,55,1.208696,0,,/home/carsten/Projects/MAPF/MAPF Evaluator/results/tlcpp-room-32-4/runs/lg_lacam_fork_suo/room-32-32-4/room-32-32-4-random-3_a50_s0_r0,1390,0.004,"{""agents"": ""50"", ""comp_time"": ""4"", ""makespan"": ""59"", ""makespan_lb"": ""55"", ""map_file"": ""room-32-32-4.map"", ""seed"": ""0"", ""soc"": ""1390"", ""soc_lb"": ""1150"", ""solved"": ""1"", ""solver"": ""planner"", ""sum_of_loss"": ""1347"", ""sum_of_loss_lb"": ""1150""}"
lg_lacam_fork:suo,LaCAM3 = SUO (first solution),room-32-32-4,room-32-32-4-random-3,50,2,30.0,solved,0.030722,0.009,1487,59,1398,1150,55,1.293043,0,,/home/carsten/Projects/MAPF/MAPF Evaluator/results/tlcpp-room-32-4/runs/lg_lacam_fork_suo/room-32-32-4/room-32-32-4-random-3_a50_s2_r0,1487,0.009,"{""agents"": ""50"", ""comp_time"": ""9"", ""makespan"": ""59"", ""makespan_lb"": ""55"", ""map_file"": ""room-32-32-4.map"", ""seed"": ""2"", ""soc"": ""1487"", ""soc_lb"": ""1150"", ""solved"": ""1"", ""solver"": ""planner"", ""sum_of_loss"": ""1413"", ""sum_of_loss_lb"": ""1150""}"
lg_lacam_fork:suo_tl,SUO + traffic load,room-32-32-4,room-32-32-4-random-3,50,2,30.0,solved,0.022245,0.007,1458,59,1348,1150,55,1.267826,0,,/home/carsten/Projects/MAPF/MAPF Evaluator/results/tlcpp-room-32-4/runs/lg_lacam_fork_suo_tl/room-32-32-4/room-32-32-4-random-3_a50_s2_r0,1458,0.007,"{""agents"": ""50"", ""comp_time"": ""7"", ""makespan"": ""59"", ""makespan_lb"": ""55"", ""map_file"": ""room-32-32-4.map"", ""seed"": ""2"", ""soc"": ""1458"", ""soc_lb"": ""1150"", ""solved"": ""1"", ""solver"": ""planner"", ""sum_of_loss"": ""1364"", ""sum_of_loss_lb"": ""1150""}"
lg_lacam_fork:suo_tl,SUO + traffic load,room-32-32-4,room-32-32-4-random-3,50,1,30.0,solved,0.018506,0.006,1420,59,1313,1150,55,1.234783,0,,/home/carsten/Projects/MAPF/MAPF Evaluator/results/tlcpp-room-32-4/runs/lg_lacam_fork_suo_tl/room-32-32-4/room-32-32-4-random-3_a50_s1_r0,1420,0.006,"{""agents"": ""50"", ""comp_time"": ""6"", ""makespan"": ""59"", ""makespan_lb"": ""55"", ""map_file"": ""room-32-32-4.map"", ""seed"": ""1"", ""soc"": ""1420"", ""soc_lb"": ""1150"", ""solved"": ""1"", ""solver"": ""planner"", ""sum_of_loss"": ""1329"", ""sum_of_loss_lb"": ""1150""}"
lg_lacam_fork:suo_tl,SUO + traffic load,room-32-32-4,room-32-32-4-random-3,50,0,30.0,solved,0.024882,0.01,1388,59,1336,1150,55,1.206957,0,,/home/carsten/Projects/MAPF/MAPF Evaluator/results/tlcpp-room-32-4/runs/lg_lacam_fork_suo_tl/room-32-32-4/room-32-32-4-random-3_a50_s0_r0,1388,0.01,"{""agents"": ""50"", ""comp_time"": ""10"", ""makespan"": ""59"", ""makespan_lb"": ""55"", ""map_file"": ""room-32-32-4.map"", ""seed"": ""0"", ""soc"": ""1388"", ""soc_lb"": ""1150"", ""solved"": ""1"", ""solver"": ""planner"", ""sum_of_loss"": ""1343"", ""sum_of_loss_lb"": ""1150""}"
lg_lacam_fork:lg,"LG-LaCAM (window 20, first solution)",room-32-32-4,room-32-32-4-random-3,50,0,30.0,solved,0.055106,0.015,1377,57,1299,1150,55,1.197391,0,,/home/carsten/Projects/MAPF/MAPF Evaluator/results/tlcpp-room-32-4/runs/lg_lacam_fork_lg/room-32-32-4/room-32-32-4-random-3_a50_s0_r0,1377,0.015,"{""agents"": ""50"", ""comp_time"": ""15"", ""makespan"": ""57"", ""makespan_lb"": ""55"", ""map_file"": ""room-32-32-4.map"", ""seed"": ""0"", ""soc"": ""1377"", ""soc_lb"": ""1150"", ""solved"": ""1"", ""solver"": ""planner"", ""sum_of_loss"": ""1313"", ""sum_of_loss_lb"": ""1150""}"
lg_lacam_fork:lg,"LG-LaCAM (window 20, first solution)",room-32-32-4,room-32-32-4-random-3,50,1,30.0,solved,0.0513,0.01,1380,57,1299,1150,55,1.2,0,,/home/carsten/Projects/MAPF/MAPF Evaluator/results/tlcpp-room-32-4/runs/lg_lacam_fork_lg/room-32-32-4/room-32-32-4-random-3_a50_s1_r0,1380,0.01,"{""agents"": ""50"", ""comp_time"": ""10"", ""makespan"": ""57"", ""makespan_lb"": ""55"", ""map_file"": ""room-32-32-4.map"", ""seed"": ""1"", ""soc"": ""1380"", ""soc_lb"": ""1150"", ""solved"": ""1"", ""solver"": ""planner"", ""sum_of_loss"": ""1312"", ""sum_of_loss_lb"": ""1150""}"
lg_lacam_fork:lg,"LG-LaCAM (window 20, first solution)",room-32-32-4,room-32-32-4-random-3,50,2,30.0,solved,0.038508,0.014,1395,57,1322,1150,55,1.213043,0,,/home/carsten/Projects/MAPF/MAPF Evaluator/results/tlcpp-room-32-4/runs/lg_lacam_fork_lg/room-32-32-4/room-32-32-4-random-3_a50_s2_r0,1395,0.014,"{""agents"": ""50"", ""comp_time"": ""14"", ""makespan"": ""57"", ""makespan_lb"": ""55"", ""map_file"": ""room-32-32-4.map"", ""seed"": ""2"", ""soc"": ""1395"", ""soc_lb"": ""1150"", ""solved"": ""1"", ""solver"": ""planner"", ""sum_of_loss"": ""1341"", ""sum_of_loss_lb"": ""1150""}"
lg_lacam_fork:lg_tl,LG-LaCAM (window 20) + traffic load,room-32-32-4,room-32-32-4-random-3,50,0,30.0,solved,0.038155,0.013,1357,57,1288,1150,55,1.18,0,,/home/carsten/Projects/MAPF/MAPF Evaluator/results/tlcpp-room-32-4/runs/lg_lacam_fork_lg_tl/room-32-32-4/room-32-32-4-random-3_a50_s0_r0,1357,0.013,"{""agents"": ""50"", ""comp_time"": ""13"", ""makespan"": ""57"", ""makespan_lb"": ""55"", ""map_file"": ""room-32-32-4.map"", ""seed"": ""0"", ""soc"": ""1357"", ""soc_lb"": ""1150"", ""solved"": ""1"", ""solver"": ""planner"", ""sum_of_loss"": ""1298"", ""sum_of_loss_lb"": ""1150""}"
lg_lacam_fork:lg_tl,LG-LaCAM (window 20) + traffic load,room-32-32-4,room-32-32-4-random-3,50,1,30.0,solved,0.038121,0.013,1354,57,1290,1150,55,1.177391,0,,/home/carsten/Projects/MAPF/MAPF Evaluator/results/tlcpp-room-32-4/runs/lg_lacam_fork_lg_tl/room-32-32-4/room-32-32-4-random-3_a50_s1_r0,1354,0.013,"{""agents"": ""50"", ""comp_time"": ""13"", ""makespan"": ""57"", ""makespan_lb"": ""55"", ""map_file"": ""room-32-32-4.map"", ""seed"": ""1"", ""soc"": ""1354"", ""soc_lb"": ""1150"", ""solved"": ""1"", ""solver"": ""planner"", ""sum_of_loss"": ""1301"", ""sum_of_loss_lb"": ""1150""}"
lg_lacam_fork:lg_tl,LG-LaCAM (window 20) + traffic load,room-32-32-4,room-32-32-4-random-3,50,2,30.0,solved,0.063401,0.012,1376,57,1283,1150,55,1.196522,0,,/home/carsten/Projects/MAPF/MAPF Evaluator/results/tlcpp-room-32-4/runs/lg_lacam_fork_lg_tl/room-32-32-4/room-32-32-4-random-3_a50_s2_r0,1376,0.012,"{""agents"": ""50"", ""comp_time"": ""12"", ""makespan"": ""57"", ""makespan_lb"": ""55"", ""map_file"": ""room-32-32-4.map"", ""seed"": ""2"", ""soc"": ""1376"", ""soc_lb"": ""1150"", ""solved"": ""1"", ""solver"": ""planner"", ""sum_of_loss"": ""1298"", ""sum_of_loss_lb"": ""1150""}"
lg_lacam_fork:lg_suo,LG-LaCAM (window 20) + SUO,room-32-32-4,room-32-32-4-random-3,50,1,30.0,solved,0.051901,0.019,1382,57,1303,1150,55,1.201739,0,,/home/carsten/Projects/MAPF/MAPF Evaluator/results/tlcpp-room-32-4/runs/lg_lacam_fork_lg_suo/room-32-32-4/room-32-32-4-random-3_a50_s1_r0,1382,0.019,"{""agents"": ""50"", ""comp_time"": ""19"", ""makespan"": ""57"", ""makespan_lb"": ""55"", ""map_file"": ""room-32-32-4.map"", ""seed"": ""1"", ""soc"": ""1382"", ""soc_lb"": ""1150"", ""solved"": ""1"", ""solver"": ""planner"", ""sum_of_loss"": ""1318"", ""sum_of_loss_lb"": ""1150""}"
lg_lacam_fork:lg_suo,LG-LaCAM (window 20) + SUO,room-32-32-4,room-32-32-4-random-3,50,0,30.0,solved,0.056749,0.012,1386,57,1313,1150,55,1.205217,0,,/home/carsten/Projects/MAPF/MAPF Evaluator/results/tlcpp-room-32-4/runs/lg_lacam_fork_lg_suo/room-32-32-4/room-32-32-4-random-3_a50_s0_r0,1386,0.012,"{""agents"": ""50"", ""comp_time"": ""12"", ""makespan"": ""57"", ""makespan_lb"": ""55"", ""map_file"": ""room-32-32-4.map"", ""seed"": ""0"", ""soc"": ""1386"", ""soc_lb"": ""1150"", ""solved"": ""1"", ""solver"": ""planner"", ""sum_of_loss"": ""1330"", ""sum_of_loss_lb"": ""1150""}"
lg_lacam_fork:lg_suo,LG-LaCAM (window 20) + SUO,room-32-32-4,room-32-32-4-random-3,50,2,30.0,solved,0.024038,0.016,1386,57,1299,1150,55,1.205217,0,,/home/carsten/Projects/MAPF/MAPF Evaluator/results/tlcpp-room-32-4/runs/lg_lacam_fork_lg_suo/room-32-32-4/room-32-32-4-random-3_a50_s2_r0,1386,0.016,"{""agents"": ""50"", ""comp_time"": ""16"", ""makespan"": ""57"", ""makespan_lb"": ""55"", ""map_file"": ""room-32-32-4.map"", ""seed"": ""2"", ""soc"": ""1386"", ""soc_lb"": ""1150"", ""solved"": ""1"", ""solver"": ""planner"", ""sum_of_loss"": ""1313"", ""sum_of_loss_lb"": ""1150""}"
lg_lacam_fork:lg_suo_tl,LG-LaCAM (window 20) + SUO + traffic load,room-32-32-4,room-32-32-4-random-3,50,1,30.0,solved,0.063546,0.015,1358,57,1291,1150,55,1.18087,0,,/home/carsten/Projects/MAPF/MAPF Evaluator/results/tlcpp-room-32-4/runs/lg_lacam_fork_lg_suo_tl/room-32-32-4/room-32-32-4-random-3_a50_s1_r0,1358,0.015,"{""agents"": ""50"", ""comp_time"": ""15"", ""makespan"": ""57"", ""makespan_lb"": ""55"", ""map_file"": ""room-32-32-4.map"", ""seed"": ""1"", ""soc"": ""1358"", ""soc_lb"": ""1150"", ""solved"": ""1"", ""solver"": ""planner"", ""sum_of_loss"": ""1305"", ""sum_of_loss_lb"": ""1150""}"
lg_lacam_fork:lg_suo_tl,LG-LaCAM (window 20) + SUO + traffic load,room-32-32-4,room-32-32-4-random-3,50,0,30.0,solved,0.085529,0.014,1390,57,1291,1150,55,1.208696,0,,/home/carsten/Projects/MAPF/MAPF Evaluator/results/tlcpp-room-32-4/runs/lg_lacam_fork_lg_suo_tl/room-32-32-4/room-32-32-4-random-3_a50_s0_r0,1390,0.014,"{""agents"": ""50"", ""comp_time"": ""14"", ""makespan"": ""57"", ""makespan_lb"": ""55"", ""map_file"": ""room-32-32-4.map"", ""seed"": ""0"", ""soc"": ""1390"", ""soc_lb"": ""1150"", ""solved"": ""1"", ""solver"": ""planner"", ""sum_of_loss"": ""1307"", ""sum_of_loss_lb"": ""1150""}"
lg_lacam_fork:lacam,"LaCAM (no guidance, first solution)",room-32-32-4,room-32-32-4-random-3,100,0,30.0,solved,0.053932,0.003,4087,61,3613,2500,55,1.6348,0,,/home/carsten/Projects/MAPF/MAPF Evaluator/results/tlcpp-room-32-4/runs/lg_lacam_fork_lacam/room-32-32-4/room-32-32-4-random-3_a100_s0_r0,4087,0.003,"{""agents"": ""100"", ""comp_time"": ""3"", ""makespan"": ""61"", ""makespan_lb"": ""55"", ""map_file"": ""room-32-32-4.map"", ""seed"": ""0"", ""soc"": ""4087"", ""soc_lb"": ""2500"", ""solved"": ""1"", ""solver"": ""planner"", ""sum_of_loss"": ""3706"", ""sum_of_loss_lb"": ""2500""}"
lg_lacam_fork:lacam,"LaCAM (no guidance, first solution)",room-32-32-4,room-32-32-4-random-3,100,1,30.0,solved,0.030604,0.004,4309,68,3766,2500,55,1.7236,0,,/home/carsten/Projects/MAPF/MAPF Evaluator/results/tlcpp-room-32-4/runs/lg_lacam_fork_lacam/room-32-32-4/room-32-32-4-random-3_a100_s1_r0,4309,0.004,"{""agents"": ""100"", ""comp_time"": ""4"", ""makespan"": ""68"", ""makespan_lb"": ""55"", ""map_file"": ""room-32-32-4.map"", ""seed"": ""1"", ""soc"": ""4309"", ""soc_lb"": ""2500"", ""solved"": ""1"", ""solver"": ""planner"", ""sum_of_loss"": ""3861"", ""sum_of_loss_lb"": ""2500""}"
lg_lacam_fork:lg_suo_tl,LG-LaCAM (window 20) + SUO + traffic load,room-32-32-4,room-32-32-4-random-3,50,2,30.0,solved,0.076175,0.016,1402,57,1305,1150,55,1.21913,0,,/home/carsten/Projects/MAPF/MAPF Evaluator/results/tlcpp-room-32-4/runs/lg_lacam_fork_lg_suo_tl/room-32-32-4/room-32-32-4-random-3_a50_s2_r0,1402,0.016,"{""agents"": ""50"", ""comp_time"": ""16"", ""makespan"": ""57"", ""makespan_lb"": ""55"", ""map_file"": ""room-32-32-4.map"", ""seed"": ""2"", ""soc"": ""1402"", ""soc_lb"": ""1150"", ""solved"": ""1"", ""solver"": ""planner"", ""sum_of_loss"": ""1320"", ""sum_of_loss_lb"": ""1150""}"
lg_lacam_fork:lacam,"LaCAM (no guidance, first solution)",room-32-32-4,room-32-32-4-random-3,100,2,30.0,solved,0.030224,0.004,4154,68,3694,2500,55,1.6616,0,,/home/carsten/Projects/MAPF/MAPF Evaluator/results/tlcpp-room-32-4/runs/lg_lacam_fork_lacam/room-32-32-4/room-32-32-4-random-3_a100_s2_r0,4154,0.004,"{""agents"": ""100"", ""comp_time"": ""4"", ""makespan"": ""68"", ""makespan_lb"": ""55"", ""map_file"": ""room-32-32-4.map"", ""seed"": ""2"", ""soc"": ""4154"", ""soc_lb"": ""2500"", ""solved"": ""1"", ""solver"": ""planner"", ""sum_of_loss"": ""3793"", ""sum_of_loss_lb"": ""2500""}"
lg_lacam_fork:tl,"LaCAM + traffic load (tie-break, per config)",room-32-32-4,room-32-32-4-random-3,100,0,30.0,solved,0.04907,0.013,3939,57,3432,2500,55,1.5756,0,,/home/carsten/Projects/MAPF/MAPF Evaluator/results/tlcpp-room-32-4/runs/lg_lacam_fork_tl/room-32-32-4/room-32-32-4-random-3_a100_s0_r0,3939,0.013,"{""agents"": ""100"", ""comp_time"": ""13"", ""makespan"": ""57"", ""makespan_lb"": ""55"", ""map_file"": ""room-32-32-4.map"", ""seed"": ""0"", ""soc"": ""3939"", ""soc_lb"": ""2500"", ""solved"": ""1"", ""solver"": ""planner"", ""sum_of_loss"": ""3520"", ""sum_of_loss_lb"": ""2500""}"
lg_lacam_fork:tl,"LaCAM + traffic load (tie-break, per config)",room-32-32-4,room-32-32-4-random-3,100,2,30.0,solved,0.05945,0.012,3898,55,3450,2500,55,1.5592,0,,/home/carsten/Projects/MAPF/MAPF Evaluator/results/tlcpp-room-32-4/runs/lg_lacam_fork_tl/room-32-32-4/room-32-32-4-random-3_a100_s2_r0,3898,0.012,"{""agents"": ""100"", ""comp_time"": ""12"", ""makespan"": ""55"", ""makespan_lb"": ""55"", ""map_file"": ""room-32-32-4.map"", ""seed"": ""2"", ""soc"": ""3898"", ""soc_lb"": ""2500"", ""solved"": ""1"", ""solver"": ""planner"", ""sum_of_loss"": ""3536"", ""sum_of_loss_lb"": ""2500""}"
lg_lacam_fork:tl,"LaCAM + traffic load (tie-break, per config)",room-32-32-4,room-32-32-4-random-3,100,1,30.0,solved,0.035176,0.011,4001,56,3491,2500,55,1.6004,0,,/home/carsten/Projects/MAPF/MAPF Evaluator/results/tlcpp-room-32-4/runs/lg_lacam_fork_tl/room-32-32-4/room-32-32-4-random-3_a100_s1_r0,4001,0.011,"{""agents"": ""100"", ""comp_time"": ""11"", ""makespan"": ""56"", ""makespan_lb"": ""55"", ""map_file"": ""room-32-32-4.map"", ""seed"": ""1"", ""soc"": ""4001"", ""soc_lb"": ""2500"", ""solved"": ""1"", ""solver"": ""planner"", ""sum_of_loss"": ""3582"", ""sum_of_loss_lb"": ""2500""}"
lg_lacam_fork:tl_agent,"LaCAM + traffic load (tie-break, per agent)",room-32-32-4,room-32-32-4-random-3,100,1,30.0,solved,0.054008,0.021,3909,56,3467,2500,55,1.5636,0,,/home/carsten/Projects/MAPF/MAPF Evaluator/results/tlcpp-room-32-4/runs/lg_lacam_fork_tl_agent/room-32-32-4/room-32-32-4-random-3_a100_s1_r0,3909,0.021,"{""agents"": ""100"", ""comp_time"": ""21"", ""makespan"": ""56"", ""makespan_lb"": ""55"", ""map_file"": ""room-32-32-4.map"", ""seed"": ""1"", ""soc"": ""3909"", ""soc_lb"": ""2500"", ""solved"": ""1"", ""solver"": ""planner"", ""sum_of_loss"": ""3551"", ""sum_of_loss_lb"": ""2500""}"
lg_lacam_fork:tl_agent,"LaCAM + traffic load (tie-break, per agent)",room-32-32-4,room-32-32-4-random-3,100,0,30.0,solved,0.052498,0.012,4020,63,3530,2500,55,1.608,0,,/home/carsten/Projects/MAPF/MAPF Evaluator/results/tlcpp-room-32-4/runs/lg_lacam_fork_tl_agent/room-32-32-4/room-32-32-4-random-3_a100_s0_r0,4020,0.012,"{""agents"": ""100"", ""comp_time"": ""12"", ""makespan"": ""63"", ""makespan_lb"": ""55"", ""map_file"": ""room-32-32-4.map"", ""seed"": ""0"", ""soc"": ""4020"", ""soc_lb"": ""2500"", ""solved"": ""1"", ""solver"": ""planner"", ""sum_of_loss"": ""3621"", ""sum_of_loss_lb"": ""2500""}"
lg_lacam_fork:tl_agent,"LaCAM + traffic load (tie-break, per agent)",room-32-32-4,room-32-32-4-random-3,100,2,30.0,solved,0.041934,0.024,3913,56,3468,2500,55,1.5652,0,,/home/carsten/Projects/MAPF/MAPF Evaluator/results/tlcpp-room-32-4/runs/lg_lacam_fork_tl_agent/room-32-32-4/room-32-32-4-random-3_a100_s2_r0,3913,0.024,"{""agents"": ""100"", ""comp_time"": ""24"", ""makespan"": ""56"", ""makespan_lb"": ""55"", ""map_file"": ""room-32-32-4.map"", ""seed"": ""2"", ""soc"": ""3913"", ""soc_lb"": ""2500"", ""solved"": ""1"", ""solver"": ""planner"", ""sum_of_loss"": ""3552"", ""sum_of_loss_lb"": ""2500""}"
lg_lacam_fork:tl_static,LaCAM + traffic load (static map from starts),room-32-32-4,room-32-32-4-random-3,100,0,30.0,solved,0.025309,0.013,4825,98,4233,2500,55,1.93,0,,/home/carsten/Projects/MAPF/MAPF Evaluator/results/tlcpp-room-32-4/runs/lg_lacam_fork_tl_static/room-32-32-4/room-32-32-4-random-3_a100_s0_r0,4825,0.013,"{""agents"": ""100"", ""comp_time"": ""13"", ""makespan"": ""98"", ""makespan_lb"": ""55"", ""map_file"": ""room-32-32-4.map"", ""seed"": ""0"", ""soc"": ""4825"", ""soc_lb"": ""2500"", ""solved"": ""1"", ""solver"": ""planner"", ""sum_of_loss"": ""4411"", ""sum_of_loss_lb"": ""2500""}"
lg_lacam_fork:tl_static,LaCAM + traffic load (static map from starts),room-32-32-4,room-32-32-4-random-3,100,1,30.0,solved,0.052813,0.026,4948,101,4288,2500,55,1.9792,0,,/home/carsten/Projects/MAPF/MAPF Evaluator/results/tlcpp-room-32-4/runs/lg_lacam_fork_tl_static/room-32-32-4/room-32-32-4-random-3_a100_s1_r0,4948,0.026,"{""agents"": ""100"", ""comp_time"": ""26"", ""makespan"": ""101"", ""makespan_lb"": ""55"", ""map_file"": ""room-32-32-4.map"", ""seed"": ""1"", ""soc"": ""4948"", ""soc_lb"": ""2500"", ""solved"": ""1"", ""solver"": ""planner"", ""sum_of_loss"": ""4482"", ""sum_of_loss_lb"": ""2500""}"
lg_lacam_fork:tl_static,LaCAM + traffic load (static map from starts),room-32-32-4,room-32-32-4-random-3,100,2,30.0,solved,0.129965,0.023,4778,94,4160,2500,55,1.9112,0,,/home/carsten/Projects/MAPF/MAPF Evaluator/results/tlcpp-room-32-4/runs/lg_lacam_fork_tl_static/room-32-32-4/room-32-32-4-random-3_a100_s2_r0,4778,0.023,"{""agents"": ""100"", ""comp_time"": ""23"", ""makespan"": ""94"", ""makespan_lb"": ""55"", ""map_file"": ""room-32-32-4.map"", ""seed"": ""2"", ""soc"": ""4778"", ""soc_lb"": ""2500"", ""solved"": ""1"", ""solver"": ""planner"", ""sum_of_loss"": ""4341"", ""sum_of_loss_lb"": ""2500""}"
lg_lacam_fork:suo,LaCAM3 = SUO (first solution),room-32-32-4,room-32-32-4-random-3,100,1,30.0,solved,0.070267,0.036,3630,66,3307,2500,55,1.452,0,,/home/carsten/Projects/MAPF/MAPF Evaluator/results/tlcpp-room-32-4/runs/lg_lacam_fork_suo/room-32-32-4/room-32-32-4-random-3_a100_s1_r0,3630,0.036,"{""agents"": ""100"", ""comp_time"": ""36"", ""makespan"": ""66"", ""makespan_lb"": ""55"", ""map_file"": ""room-32-32-4.map"", ""seed"": ""1"", ""soc"": ""3630"", ""soc_lb"": ""2500"", ""solved"": ""1"", ""solver"": ""planner"", ""sum_of_loss"": ""3371"", ""sum_of_loss_lb"": ""2500""}"
lg_lacam_fork:suo,LaCAM3 = SUO (first solution),room-32-32-4,room-32-32-4-random-3,100,0,30.0,solved,0.203351,0.093,3889,65,3495,2500,55,1.5556,0,,/home/carsten/Projects/MAPF/MAPF Evaluator/results/tlcpp-room-32-4/runs/lg_lacam_fork_suo/room-32-32-4/room-32-32-4-random-3_a100_s0_r0,3889,0.093,"{""agents"": ""100"", ""comp_time"": ""93"", ""makespan"": ""65"", ""makespan_lb"": ""55"", ""map_file"": ""room-32-32-4.map"", ""seed"": ""0"", ""soc"": ""3889"", ""soc_lb"": ""2500"", ""solved"": ""1"", ""solver"": ""planner"", ""sum_of_loss"": ""3574"", ""sum_of_loss_lb"": ""2500""}"
lg_lacam_fork:suo,LaCAM3 = SUO (first solution),room-32-32-4,room-32-32-4-random-3,100,2,30.0,solved,0.070319,0.016,3983,65,3402,2500,55,1.5932,0,,/home/carsten/Projects/MAPF/MAPF Evaluator/results/tlcpp-room-32-4/runs/lg_lacam_fork_suo/room-32-32-4/room-32-32-4-random-3_a100_s2_r0,3983,0.016,"{""agents"": ""100"", ""comp_time"": ""16"", ""makespan"": ""65"", ""makespan_lb"": ""55"", ""map_file"": ""room-32-32-4.map"", ""seed"": ""2"", ""soc"": ""3983"", ""soc_lb"": ""2500"", ""solved"": ""1"", ""solver"": ""planner"", ""sum_of_loss"": ""3475"", ""sum_of_loss_lb"": ""2500""}"
lg_lacam_fork:suo_tl,SUO + traffic load,room-32-32-4,room-32-32-4-random-3,100,0,30.0,solved,0.085772,0.051,3729,65,3337,2500,55,1.4916,0,,/home/carsten/Projects/MAPF/MAPF Evaluator/results/tlcpp-room-32-4/runs/lg_lacam_fork_suo_tl/room-32-32-4/room-32-32-4-random-3_a100_s0_r0,3729,0.051,"{""agents"": ""100"", ""comp_time"": ""51"", ""makespan"": ""65"", ""makespan_lb"": ""55"", ""map_file"": ""room-32-32-4.map"", ""seed"": ""0"", ""soc"": ""3729"", ""soc_lb"": ""2500"", ""solved"": ""1"", ""solver"": ""planner"", ""sum_of_loss"": ""3413"", ""sum_of_loss_lb"": ""2500""}"
lg_lacam_fork:suo_tl,SUO + traffic load,room-32-32-4,room-32-32-4-random-3,100,2,30.0,solved,0.083683,0.039,3748,65,3271,2500,55,1.4992,0,,/home/carsten/Projects/MAPF/MAPF Evaluator/results/tlcpp-room-32-4/runs/lg_lacam_fork_suo_tl/room-32-32-4/room-32-32-4-random-3_a100_s2_r0,3748,0.039,"{""agents"": ""100"", ""comp_time"": ""39"", ""makespan"": ""65"", ""makespan_lb"": ""55"", ""map_file"": ""room-32-32-4.map"", ""seed"": ""2"", ""soc"": ""3748"", ""soc_lb"": ""2500"", ""solved"": ""1"", ""solver"": ""planner"", ""sum_of_loss"": ""3328"", ""sum_of_loss_lb"": ""2500""}"
lg_lacam_fork:suo_tl,SUO + traffic load,room-32-32-4,room-32-32-4-random-3,100,1,30.0,solved,0.10137,0.045,3478,65,3187,2500,55,1.3912,0,,/home/carsten/Projects/MAPF/MAPF Evaluator/results/tlcpp-room-32-4/runs/lg_lacam_fork_suo_tl/room-32-32-4/room-32-32-4-random-3_a100_s1_r0,3478,0.045,"{""agents"": ""100"", ""comp_time"": ""45"", ""makespan"": ""65"", ""makespan_lb"": ""55"", ""map_file"": ""room-32-32-4.map"", ""seed"": ""1"", ""soc"": ""3478"", ""soc_lb"": ""2500"", ""solved"": ""1"", ""solver"": ""planner"", ""sum_of_loss"": ""3239"", ""sum_of_loss_lb"": ""2500""}"
lg_lacam_fork:lg,"LG-LaCAM (window 20, first solution)",room-32-32-4,room-32-32-4-random-3,100,0,30.0,solved,0.131892,0.107,3456,59,3102,2500,55,1.3824,0,,/home/carsten/Projects/MAPF/MAPF Evaluator/results/tlcpp-room-32-4/runs/lg_lacam_fork_lg/room-32-32-4/room-32-32-4-random-3_a100_s0_r0,3456,0.107,"{""agents"": ""100"", ""comp_time"": ""107"", ""makespan"": ""59"", ""makespan_lb"": ""55"", ""map_file"": ""room-32-32-4.map"", ""seed"": ""0"", ""soc"": ""3456"", ""soc_lb"": ""2500"", ""solved"": ""1"", ""solver"": ""planner"", ""sum_of_loss"": ""3163"", ""sum_of_loss_lb"": ""2500""}"
lg_lacam_fork:lg,"LG-LaCAM (window 20, first solution)",room-32-32-4,room-32-32-4-random-3,100,1,30.0,solved,0.213491,0.173,3422,62,3137,2500,55,1.3688,0,,/home/carsten/Projects/MAPF/MAPF Evaluator/results/tlcpp-room-32-4/runs/lg_lacam_fork_lg/room-32-32-4/room-32-32-4-random-3_a100_s1_r0,3422,0.173,"{""agents"": ""100"", ""comp_time"": ""173"", ""makespan"": ""62"", ""makespan_lb"": ""55"", ""map_file"": ""room-32-32-4.map"", ""seed"": ""1"", ""soc"": ""3422"", ""soc_lb"": ""2500"", ""solved"": ""1"", ""solver"": ""planner"", ""sum_of_loss"": ""3193"", ""sum_of_loss_lb"": ""2500""}"
lg_lacam_fork:lg,"LG-LaCAM (window 20, first solution)",room-32-32-4,room-32-32-4-random-3,100,2,30.0,solved,0.20351,0.127,3416,61,3080,2500,55,1.3664,0,,/home/carsten/Projects/MAPF/MAPF Evaluator/results/tlcpp-room-32-4/runs/lg_lacam_fork_lg/room-32-32-4/room-32-32-4-random-3_a100_s2_r0,3416,0.127,"{""agents"": ""100"", ""comp_time"": ""127"", ""makespan"": ""61"", ""makespan_lb"": ""55"", ""map_file"": ""room-32-32-4.map"", ""seed"": ""2"", ""soc"": ""3416"", ""soc_lb"": ""2500"", ""solved"": ""1"", ""solver"": ""planner"", ""sum_of_loss"": ""3141"", ""sum_of_loss_lb"": ""2500""}"
lg_lacam_fork:lg_tl,LG-LaCAM (window 20) + traffic load,room-32-32-4,room-32-32-4-random-3,100,1,30.0,solved,0.146786,0.08,3277,61,3015,2500,55,1.3108,0,,/home/carsten/Projects/MAPF/MAPF Evaluator/results/tlcpp-room-32-4/runs/lg_lacam_fork_lg_tl/room-32-32-4/room-32-32-4-random-3_a100_s1_r0,3277,0.08,"{""agents"": ""100"", ""comp_time"": ""80"", ""makespan"": ""61"", ""makespan_lb"": ""55"", ""map_file"": ""room-32-32-4.map"", ""seed"": ""1"", ""soc"": ""3277"", ""soc_lb"": ""2500"", ""solved"": ""1"", ""solver"": ""planner"", ""sum_of_loss"": ""3062"", ""sum_of_loss_lb"": ""2500""}"
lg_lacam_fork:lg_tl,LG-LaCAM (window 20) + traffic load,room-32-32-4,room-32-32-4-random-3,100,0,30.0,solved,0.317417,0.221,3305,61,3037,2500,55,1.322,0,,/home/carsten/Projects/MAPF/MAPF Evaluator/results/tlcpp-room-32-4/runs/lg_lacam_fork_lg_tl/room-32-32-4/room-32-32-4-random-3_a100_s0_r0,3305,0.221,"{""agents"": ""100"", ""comp_time"": ""221"", ""makespan"": ""61"", ""makespan_lb"": ""55"", ""map_file"": ""room-32-32-4.map"", ""seed"": ""0"", ""soc"": ""3305"", ""soc_lb"": ""2500"", ""solved"": ""1"", ""solver"": ""planner"", ""sum_of_loss"": ""3080"", ""sum_of_loss_lb"": ""2500""}"
lg_lacam_fork:lg_suo,LG-LaCAM (window 20) + SUO,room-32-32-4,room-32-32-4-random-3,100,0,30.0,solved,0.154134,0.091,3473,62,3124,2500,55,1.3892,0,,/home/carsten/Projects/MAPF/MAPF Evaluator/results/tlcpp-room-32-4/runs/lg_lacam_fork_lg_suo/room-32-32-4/room-32-32-4-random-3_a100_s0_r0,3473,0.091,"{""agents"": ""100"", ""comp_time"": ""91"", ""makespan"": ""62"", ""makespan_lb"": ""55"", ""map_file"": ""room-32-32-4.map"", ""seed"": ""0"", ""soc"": ""3473"", ""soc_lb"": ""2500"", ""solved"": ""1"", ""solver"": ""planner"", ""sum_of_loss"": ""3188"", ""sum_of_loss_lb"": ""2500""}"
lg_lacam_fork:lg_tl,LG-LaCAM (window 20) + traffic load,room-32-32-4,room-32-32-4-random-3,100,2,30.0,solved,0.190157,0.111,3274,61,2994,2500,55,1.3096,0,,/home/carsten/Projects/MAPF/MAPF Evaluator/results/tlcpp-room-32-4/runs/lg_lacam_fork_lg_tl/room-32-32-4/room-32-32-4-random-3_a100_s2_r0,3274,0.111,"{""agents"": ""100"", ""comp_time"": ""111"", ""makespan"": ""61"", ""makespan_lb"": ""55"", ""map_file"": ""room-32-32-4.map"", ""seed"": ""2"", ""soc"": ""3274"", ""soc_lb"": ""2500"", ""solved"": ""1"", ""solver"": ""planner"", ""sum_of_loss"": ""3042"", ""sum_of_loss_lb"": ""2500""}"
lg_lacam_fork:lg_suo,LG-LaCAM (window 20) + SUO,room-32-32-4,room-32-32-4-random-3,100,2,30.0,solved,0.140488,0.082,3405,61,3102,2500,55,1.362,0,,/home/carsten/Projects/MAPF/MAPF Evaluator/results/tlcpp-room-32-4/runs/lg_lacam_fork_lg_suo/room-32-32-4/room-32-32-4-random-3_a100_s2_r0,3405,0.082,"{""agents"": ""100"", ""comp_time"": ""82"", ""makespan"": ""61"", ""makespan_lb"": ""55"", ""map_file"": ""room-32-32-4.map"", ""seed"": ""2"", ""soc"": ""3405"", ""soc_lb"": ""2500"", ""solved"": ""1"", ""solver"": ""planner"", ""sum_of_loss"": ""3164"", ""sum_of_loss_lb"": ""2500""}"
lg_lacam_fork:lg_suo,LG-LaCAM (window 20) + SUO,room-32-32-4,room-32-32-4-random-3,100,1,30.0,solved,0.170835,0.089,3448,61,3096,2500,55,1.3792,0,,/home/carsten/Projects/MAPF/MAPF Evaluator/results/tlcpp-room-32-4/runs/lg_lacam_fork_lg_suo/room-32-32-4/room-32-32-4-random-3_a100_s1_r0,3448,0.089,"{""agents"": ""100"", ""comp_time"": ""89"", ""makespan"": ""61"", ""makespan_lb"": ""55"", ""map_file"": ""room-32-32-4.map"", ""seed"": ""1"", ""soc"": ""3448"", ""soc_lb"": ""2500"", ""solved"": ""1"", ""solver"": ""planner"", ""sum_of_loss"": ""3159"", ""sum_of_loss_lb"": ""2500""}"
lg_lacam_fork:lg_suo_tl,LG-LaCAM (window 20) + SUO + traffic load,room-32-32-4,room-32-32-4-random-3,100,0,30.0,solved,0.212796,0.153,3370,61,3045,2500,55,1.348,0,,/home/carsten/Projects/MAPF/MAPF Evaluator/results/tlcpp-room-32-4/runs/lg_lacam_fork_lg_suo_tl/room-32-32-4/room-32-32-4-random-3_a100_s0_r0,3370,0.153,"{""agents"": ""100"", ""comp_time"": ""153"", ""makespan"": ""61"", ""makespan_lb"": ""55"", ""map_file"": ""room-32-32-4.map"", ""seed"": ""0"", ""soc"": ""3370"", ""soc_lb"": ""2500"", ""solved"": ""1"", ""solver"": ""planner"", ""sum_of_loss"": ""3098"", ""sum_of_loss_lb"": ""2500""}"
lg_lacam_fork:lg_suo_tl,LG-LaCAM (window 20) + SUO + traffic load,room-32-32-4,room-32-32-4-random-3,100,1,30.0,solved,0.214715,0.186,3326,61,2960,2500,55,1.3304,0,,/home/carsten/Projects/MAPF/MAPF Evaluator/results/tlcpp-room-32-4/runs/lg_lacam_fork_lg_suo_tl/room-32-32-4/room-32-32-4-random-3_a100_s1_r0,3326,0.186,"{""agents"": ""100"", ""comp_time"": ""186"", ""makespan"": ""61"", ""makespan_lb"": ""55"", ""map_file"": ""room-32-32-4.map"", ""seed"": ""1"", ""soc"": ""3326"", ""soc_lb"": ""2500"", ""solved"": ""1"", ""solver"": ""planner"", ""sum_of_loss"": ""3017"", ""sum_of_loss_lb"": ""2500""}"
lg_lacam_fork:lg_suo_tl,LG-LaCAM (window 20) + SUO + traffic load,room-32-32-4,room-32-32-4-random-3,100,2,30.0,solved,0.336257,0.264,3305,61,3041,2500,55,1.322,0,,/home/carsten/Projects/MAPF/MAPF Evaluator/results/tlcpp-room-32-4/runs/lg_lacam_fork_lg_suo_tl/room-32-32-4/room-32-32-4-random-3_a100_s2_r0,3305,0.264,"{""agents"": ""100"", ""comp_time"": ""264"", ""makespan"": ""61"", ""makespan_lb"": ""55"", ""map_file"": ""room-32-32-4.map"", ""seed"": ""2"", ""soc"": ""3305"", ""soc_lb"": ""2500"", ""solved"": ""1"", ""solver"": ""planner"", ""sum_of_loss"": ""3091"", ""sum_of_loss_lb"": ""2500""}"
lg_lacam_fork:lacam,"LaCAM (no guidance, first solution)",room-32-32-4,room-32-32-4-random-3,150,0,30.0,solved,0.213773,0.091,8619,97,7417,3735,55,2.307631,0,,/home/carsten/Projects/MAPF/MAPF Evaluator/results/tlcpp-room-32-4/runs/lg_lacam_fork_lacam/room-32-32-4/room-32-32-4-random-3_a150_s0_r0,8619,0.091,"{""agents"": ""150"", ""comp_time"": ""91"", ""makespan"": ""97"", ""makespan_lb"": ""55"", ""map_file"": ""room-32-32-4.map"", ""seed"": ""0"", ""soc"": ""8619"", ""soc_lb"": ""3735"", ""solved"": ""1"", ""solver"": ""planner"", ""sum_of_loss"": ""7618"", ""sum_of_loss_lb"": ""3735""}"
lg_lacam_fork:lacam,"LaCAM (no guidance, first solution)",room-32-32-4,room-32-32-4-random-3,150,1,30.0,solved,0.115352,0.037,8072,83,7128,3735,55,2.161178,0,,/home/carsten/Projects/MAPF/MAPF Evaluator/results/tlcpp-room-32-4/runs/lg_lacam_fork_lacam/room-32-32-4/room-32-32-4-random-3_a150_s1_r0,8072,0.037,"{""agents"": ""150"", ""comp_time"": ""37"", ""makespan"": ""83"", ""makespan_lb"": ""55"", ""map_file"": ""room-32-32-4.map"", ""seed"": ""1"", ""soc"": ""8072"", ""soc_lb"": ""3735"", ""solved"": ""1"", ""solver"": ""planner"", ""sum_of_loss"": ""7326"", ""sum_of_loss_lb"": ""3735""}"
lg_lacam_fork:lacam,"LaCAM (no guidance, first solution)",room-32-32-4,room-32-32-4-random-3,150,2,30.0,solved,0.120732,0.042,8579,88,7039,3735,55,2.296921,0,,/home/carsten/Projects/MAPF/MAPF Evaluator/results/tlcpp-room-32-4/runs/lg_lacam_fork_lacam/room-32-32-4/room-32-32-4-random-3_a150_s2_r0,8579,0.042,"{""agents"": ""150"", ""comp_time"": ""42"", ""makespan"": ""88"", ""makespan_lb"": ""55"", ""map_file"": ""room-32-32-4.map"", ""seed"": ""2"", ""soc"": ""8579"", ""soc_lb"": ""3735"", ""solved"": ""1"", ""solver"": ""planner"", ""sum_of_loss"": ""7260"", ""sum_of_loss_lb"": ""3735""}"
lg_lacam_fork:tl,"LaCAM + traffic load (tie-break, per config)",room-32-32-4,room-32-32-4-random-3,150,0,30.0,solved,0.076995,0.035,7209,73,6349,3735,55,1.93012,0,,/home/carsten/Projects/MAPF/MAPF Evaluator/results/tlcpp-room-32-4/runs/lg_lacam_fork_tl/room-32-32-4/room-32-32-4-random-3_a150_s0_r0,7209,0.035,"{""agents"": ""150"", ""comp_time"": ""35"", ""makespan"": ""73"", ""makespan_lb"": ""55"", ""map_file"": ""room-32-32-4.map"", ""seed"": ""0"", ""soc"": ""7209"", ""soc_lb"": ""3735"", ""solved"": ""1"", ""solver"": ""planner"", ""sum_of_loss"": ""6524"", ""sum_of_loss_lb"": ""3735""}"
lg_lacam_fork:tl,"LaCAM + traffic load (tie-break, per config)",room-32-32-4,room-32-32-4-random-3,150,1,30.0,solved,0.160093,0.055,7273,76,6325,3735,55,1.947256,0,,/home/carsten/Projects/MAPF/MAPF Evaluator/results/tlcpp-room-32-4/runs/lg_lacam_fork_tl/room-32-32-4/room-32-32-4-random-3_a150_s1_r0,7273,0.055,"{""agents"": ""150"", ""comp_time"": ""55"", ""makespan"": ""76"", ""makespan_lb"": ""55"", ""map_file"": ""room-32-32-4.map"", ""seed"": ""1"", ""soc"": ""7273"", ""soc_lb"": ""3735"", ""solved"": ""1"", ""solver"": ""planner"", ""sum_of_loss"": ""6525"", ""sum_of_loss_lb"": ""3735""}"
lg_lacam_fork:tl,"LaCAM + traffic load (tie-break, per config)",room-32-32-4,room-32-32-4-random-3,150,2,30.0,solved,0.209074,0.082,7237,75,6292,3735,55,1.937617,0,,/home/carsten/Projects/MAPF/MAPF Evaluator/results/tlcpp-room-32-4/runs/lg_lacam_fork_tl/room-32-32-4/room-32-32-4-random-3_a150_s2_r0,7237,0.082,"{""agents"": ""150"", ""comp_time"": ""82"", ""makespan"": ""75"", ""makespan_lb"": ""55"", ""map_file"": ""room-32-32-4.map"", ""seed"": ""2"", ""soc"": ""7237"", ""soc_lb"": ""3735"", ""solved"": ""1"", ""solver"": ""planner"", ""sum_of_loss"": ""6467"", ""sum_of_loss_lb"": ""3735""}"
lg_lacam_fork:tl_agent,"LaCAM + traffic load (tie-break, per agent)",room-32-32-4,room-32-32-4-random-3,150,0,30.0,solved,0.128551,0.075,7555,76,6578,3735,55,2.022758,0,,/home/carsten/Projects/MAPF/MAPF Evaluator/results/tlcpp-room-32-4/runs/lg_lacam_fork_tl_agent/room-32-32-4/room-32-32-4-random-3_a150_s0_r0,7555,0.075,"{""agents"": ""150"", ""comp_time"": ""75"", ""makespan"": ""76"", ""makespan_lb"": ""55"", ""map_file"": ""room-32-32-4.map"", ""seed"": ""0"", ""soc"": ""7555"", ""soc_lb"": ""3735"", ""solved"": ""1"", ""solver"": ""planner"", ""sum_of_loss"": ""6756"", ""sum_of_loss_lb"": ""3735""}"
lg_lacam_fork:tl_agent,"LaCAM + traffic load (tie-break, per agent)",room-32-32-4,room-32-32-4-random-3,150,1,30.0,solved,0.084433,0.049,7840,82,6724,3735,55,2.099063,0,,/home/carsten/Projects/MAPF/MAPF Evaluator/results/tlcpp-room-32-4/runs/lg_lacam_fork_tl_agent/room-32-32-4/room-32-32-4-random-3_a150_s1_r0,7840,0.049,"{""agents"": ""150"", ""comp_time"": ""49"", ""makespan"": ""82"", ""makespan_lb"": ""55"", ""map_file"": ""room-32-32-4.map"", ""seed"": ""1"", ""soc"": ""7840"", ""soc_lb"": ""3735"", ""solved"": ""1"", ""solver"": ""planner"", ""sum_of_loss"": ""6914"", ""sum_of_loss_lb"": ""3735""}"
lg_lacam_fork:tl_agent,"LaCAM + traffic load (tie-break, per agent)",room-32-32-4,room-32-32-4-random-3,150,2,30.0,solved,0.05319,0.032,7800,80,6600,3735,55,2.088353,0,,/home/carsten/Projects/MAPF/MAPF Evaluator/results/tlcpp-room-32-4/runs/lg_lacam_fork_tl_agent/room-32-32-4/room-32-32-4-random-3_a150_s2_r0,7800,0.032,"{""agents"": ""150"", ""comp_time"": ""32"", ""makespan"": ""80"", ""makespan_lb"": ""55"", ""map_file"": ""room-32-32-4.map"", ""seed"": ""2"", ""soc"": ""7800"", ""soc_lb"": ""3735"", ""solved"": ""1"", ""solver"": ""planner"", ""sum_of_loss"": ""6808"", ""sum_of_loss_lb"": ""3735""}"
lg_lacam_fork:suo,LaCAM3 = SUO (first solution),room-32-32-4,room-32-32-4-random-3,150,0,30.0,solved,0.372307,0.167,6968,67,6193,3735,55,1.865596,0,,/home/carsten/Projects/MAPF/MAPF Evaluator/results/tlcpp-room-32-4/runs/lg_lacam_fork_suo/room-32-32-4/room-32-32-4-random-3_a150_s0_r0,6968,0.167,"{""agents"": ""150"", ""comp_time"": ""167"", ""makespan"": ""67"", ""makespan_lb"": ""55"", ""map_file"": ""room-32-32-4.map"", ""seed"": ""0"", ""soc"": ""6968"", ""soc_lb"": ""3735"", ""solved"": ""1"", ""solver"": ""planner"", ""sum_of_loss"": ""6341"", ""sum_of_loss_lb"": ""3735""}"
lg_lacam_fork:suo,LaCAM3 = SUO (first solution),room-32-32-4,room-32-32-4-random-3,150,1,30.0,solved,0.351429,0.143,7599,79,6561,3735,55,2.034538,0,,/home/carsten/Projects/MAPF/MAPF Evaluator/results/tlcpp-room-32-4/runs/lg_lacam_fork_suo/room-32-32-4/room-32-32-4-random-3_a150_s1_r0,7599,0.143,"{""agents"": ""150"", ""comp_time"": ""143"", ""makespan"": ""79"", ""makespan_lb"": ""55"", ""map_file"": ""room-32-32-4.map"", ""seed"": ""1"", ""soc"": ""7599"", ""soc_lb"": ""3735"", ""solved"": ""1"", ""solver"": ""planner"", ""sum_of_loss"": ""6744"", ""sum_of_loss_lb"": ""3735""}"
lg_lacam_fork:suo,LaCAM3 = SUO (first solution),room-32-32-4,room-32-32-4-random-3,150,2,30.0,solved,0.241665,0.126,7292,81,6102,3735,55,1.952343,0,,/home/carsten/Projects/MAPF/MAPF Evaluator/results/tlcpp-room-32-4/runs/lg_lacam_fork_suo/room-32-32-4/room-32-32-4-random-3_a150_s2_r0,7292,0.126,"{""agents"": ""150"", ""comp_time"": ""126"", ""makespan"": ""81"", ""makespan_lb"": ""55"", ""map_file"": ""room-32-32-4.map"", ""seed"": ""2"", ""soc"": ""7292"", ""soc_lb"": ""3735"", ""solved"": ""1"", ""solver"": ""planner"", ""sum_of_loss"": ""6314"", ""sum_of_loss_lb"": ""3735""}"
lg_lacam_fork:suo_tl,SUO + traffic load,room-32-32-4,room-32-32-4-random-3,150,0,30.0,solved,0.31393,0.089,6616,70,5896,3735,55,1.771352,0,,/home/carsten/Projects/MAPF/MAPF Evaluator/results/tlcpp-room-32-4/runs/lg_lacam_fork_suo_tl/room-32-32-4/room-32-32-4-random-3_a150_s0_r0,6616,0.089,"{""agents"": ""150"", ""comp_time"": ""89"", ""makespan"": ""70"", ""makespan_lb"": ""55"", ""map_file"": ""room-32-32-4.map"", ""seed"": ""0"", ""soc"": ""6616"", ""soc_lb"": ""3735"", ""solved"": ""1"", ""solver"": ""planner"", ""sum_of_loss"": ""6041"", ""sum_of_loss_lb"": ""3735""}"
lg_lacam_fork:tl_static,LaCAM + traffic load (static map from starts),room-32-32-4,room-32-32-4-random-3,150,2,30.0,solved,2.406354,2.263,9344,125,7532,3735,55,2.50174,0,,/home/carsten/Projects/MAPF/MAPF Evaluator/results/tlcpp-room-32-4/runs/lg_lacam_fork_tl_static/room-32-32-4/room-32-32-4-random-3_a150_s2_r0,9344,2.263,"{""agents"": ""150"", ""comp_time"": ""2263"", ""makespan"": ""125"", ""makespan_lb"": ""55"", ""map_file"": ""room-32-32-4.map"", ""seed"": ""2"", ""soc"": ""9344"", ""soc_lb"": ""3735"", ""solved"": ""1"", ""solver"": ""planner"", ""sum_of_loss"": ""7870"", ""sum_of_loss_lb"": ""3735""}"
lg_lacam_fork:suo_tl,SUO + traffic load,room-32-32-4,room-32-32-4-random-3,150,1,30.0,solved,0.197671,0.101,6797,71,5974,3735,55,1.819813,0,,/home/carsten/Projects/MAPF/MAPF Evaluator/results/tlcpp-room-32-4/runs/lg_lacam_fork_suo_tl/room-32-32-4/room-32-32-4-random-3_a150_s1_r0,6797,0.101,"{""agents"": ""150"", ""comp_time"": ""101"", ""makespan"": ""71"", ""makespan_lb"": ""55"", ""map_file"": ""room-32-32-4.map"", ""seed"": ""1"", ""soc"": ""6797"", ""soc_lb"": ""3735"", ""solved"": ""1"", ""solver"": ""planner"", ""sum_of_loss"": ""6113"", ""sum_of_loss_lb"": ""3735""}"
lg_lacam_fork:lg,"LG-LaCAM (window 20, first solution)",room-32-32-4,room-32-32-4-random-3,150,0,30.0,solved,0.269775,0.184,6049,62,5284,3735,55,1.619545,0,,/home/carsten/Projects/MAPF/MAPF Evaluator/results/tlcpp-room-32-4/runs/lg_lacam_fork_lg/room-32-32-4/room-32-32-4-random-3_a150_s0_r0,6049,0.184,"{""agents"": ""150"", ""comp_time"": ""184"", ""makespan"": ""62"", ""makespan_lb"": ""55"", ""map_file"": ""room-32-32-4.map"", ""seed"": ""0"", ""soc"": ""6049"", ""soc_lb"": ""3735"", ""solved"": ""1"", ""solver"": ""planner"", ""sum_of_loss"": ""5416"", ""sum_of_loss_lb"": ""3735""}"
lg_lacam_fork:suo_tl,SUO + traffic load,room-32-32-4,room-32-32-4-random-3,150,2,30.0,solved,0.308162,0.204,6599,67,5651,3735,55,1.766801,0,,/home/carsten/Projects/MAPF/MAPF Evaluator/results/tlcpp-room-32-4/runs/lg_lacam_fork_suo_tl/room-32-32-4/room-32-32-4-random-3_a150_s2_r0,6599,0.204,"{""agents"": ""150"", ""comp_time"": ""204"", ""makespan"": ""67"", ""makespan_lb"": ""55"", ""map_file"": ""room-32-32-4.map"", ""seed"": ""2"", ""soc"": ""6599"", ""soc_lb"": ""3735"", ""solved"": ""1"", ""solver"": ""planner"", ""sum_of_loss"": ""5807"", ""sum_of_loss_lb"": ""3735""}"
lg_lacam_fork:lg,"LG-LaCAM (window 20, first solution)",room-32-32-4,room-32-32-4-random-3,150,1,30.0,solved,0.368992,0.202,6248,65,5405,3735,55,1.672825,0,,/home/carsten/Projects/MAPF/MAPF Evaluator/results/tlcpp-room-32-4/runs/lg_lacam_fork_lg/room-32-32-4/room-32-32-4-random-3_a150_s1_r0,6248,0.202,"{""agents"": ""150"", ""comp_time"": ""202"", ""makespan"": ""65"", ""makespan_lb"": ""55"", ""map_file"": ""room-32-32-4.map"", ""seed"": ""1"", ""soc"": ""6248"", ""soc_lb"": ""3735"", ""solved"": ""1"", ""solver"": ""planner"", ""sum_of_loss"": ""5538"", ""sum_of_loss_lb"": ""3735""}"
lg_lacam_fork:lg,"LG-LaCAM (window 20, first solution)",room-32-32-4,room-32-32-4-random-3,150,2,30.0,solved,0.392772,0.264,6170,68,5475,3735,55,1.651941,0,,/home/carsten/Projects/MAPF/MAPF Evaluator/results/tlcpp-room-32-4/runs/lg_lacam_fork_lg/room-32-32-4/room-32-32-4-random-3_a150_s2_r0,6170,0.264,"{""agents"": ""150"", ""comp_time"": ""264"", ""makespan"": ""68"", ""makespan_lb"": ""55"", ""map_file"": ""room-32-32-4.map"", ""seed"": ""2"", ""soc"": ""6170"", ""soc_lb"": ""3735"", ""solved"": ""1"", ""solver"": ""planner"", ""sum_of_loss"": ""5594"", ""sum_of_loss_lb"": ""3735""}"
lg_lacam_fork:lg_tl,LG-LaCAM (window 20) + traffic load,room-32-32-4,room-32-32-4-random-3,150,0,30.0,solved,0.268284,0.205,5833,67,5175,3735,55,1.561714,0,,/home/carsten/Projects/MAPF/MAPF Evaluator/results/tlcpp-room-32-4/runs/lg_lacam_fork_lg_tl/room-32-32-4/room-32-32-4-random-3_a150_s0_r0,5833,0.205,"{""agents"": ""150"", ""comp_time"": ""205"", ""makespan"": ""67"", ""makespan_lb"": ""55"", ""map_file"": ""room-32-32-4.map"", ""seed"": ""0"", ""soc"": ""5833"", ""soc_lb"": ""3735"", ""solved"": ""1"", ""solver"": ""planner"", ""sum_of_loss"": ""5293"", ""sum_of_loss_lb"": ""3735""}"
lg_lacam_fork:lg_tl,LG-LaCAM (window 20) + traffic load,room-32-32-4,room-32-32-4-random-3,150,1,30.0,solved,0.372598,0.277,5741,63,5036,3735,55,1.537082,0,,/home/carsten/Projects/MAPF/MAPF Evaluator/results/tlcpp-room-32-4/runs/lg_lacam_fork_lg_tl/room-32-32-4/room-32-32-4-random-3_a150_s1_r0,5741,0.277,"{""agents"": ""150"", ""comp_time"": ""277"", ""makespan"": ""63"", ""makespan_lb"": ""55"", ""map_file"": ""room-32-32-4.map"", ""seed"": ""1"", ""soc"": ""5741"", ""soc_lb"": ""3735"", ""solved"": ""1"", ""solver"": ""planner"", ""sum_of_loss"": ""5165"", ""sum_of_loss_lb"": ""3735""}"
lg_lacam_fork:lg_tl,LG-LaCAM (window 20) + traffic load,room-32-32-4,room-32-32-4-random-3,150,2,30.0,solved,0.325868,0.259,5968,63,5246,3735,55,1.597858,0,,/home/carsten/Projects/MAPF/MAPF Evaluator/results/tlcpp-room-32-4/runs/lg_lacam_fork_lg_tl/room-32-32-4/room-32-32-4-random-3_a150_s2_r0,5968,0.259,"{""agents"": ""150"", ""comp_time"": ""259"", ""makespan"": ""63"", ""makespan_lb"": ""55"", ""map_file"": ""room-32-32-4.map"", ""seed"": ""2"", ""soc"": ""5968"", ""soc_lb"": ""3735"", ""solved"": ""1"", ""solver"": ""planner"", ""sum_of_loss"": ""5369"", ""sum_of_loss_lb"": ""3735""}"
lg_lacam_fork:lg_suo,LG-LaCAM (window 20) + SUO,room-32-32-4,room-32-32-4-random-3,150,0,30.0,solved,0.398286,0.312,6102,70,5399,3735,55,1.633735,0,,/home/carsten/Projects/MAPF/MAPF Evaluator/results/tlcpp-room-32-4/runs/lg_lacam_fork_lg_suo/room-32-32-4/room-32-32-4-random-3_a150_s0_r0,6102,0.312,"{""agents"": ""150"", ""comp_time"": ""312"", ""makespan"": ""70"", ""makespan_lb"": ""55"", ""map_file"": ""room-32-32-4.map"", ""seed"": ""0"", ""soc"": ""6102"", ""soc_lb"": ""3735"", ""solved"": ""1"", ""solver"": ""planner"", ""sum_of_loss"": ""5526"", ""sum_of_loss_lb"": ""3735""}"
lg_lacam_fork:lg_suo,LG-LaCAM (window 20) + SUO,room-32-32-4,room-32-32-4-random-3,150,1,30.0,solved,0.351982,0.217,6184,73,5470,3735,55,1.655689,0,,/home/carsten/Projects/MAPF/MAPF Evaluator/results/tlcpp-room-32-4/runs/lg_lacam_fork_lg_suo/room-32-32-4/room-32-32-4-random-3_a150_s1_r0,6184,0.217,"{""agents"": ""150"", ""comp_time"": ""217"", ""makespan"": ""73"", ""makespan_lb"": ""55"", ""map_file"": ""room-32-32-4.map"", ""seed"": ""1"", ""soc"": ""6184"", ""soc_lb"": ""3735"", ""solved"": ""1"", ""solver"": ""planner"", ""sum_of_loss"": ""5599"", ""sum_of_loss_lb"": ""3735""}"
lg_lacam_fork:lg_suo,LG-LaCAM (window 20) + SUO,room-32-32-4,room-32-32-4-random-3,150,2,30.0,solved,0.304442,0.202,6095,63,5368,3735,55,1.631861,0,,/home/carsten/Projects/MAPF/MAPF Evaluator/results/tlcpp-room-32-4/runs/lg_lacam_fork_lg_suo/room-32-32-4/room-32-32-4-random-3_a150_s2_r0,6095,0.202,"{""agents"": ""150"", ""comp_time"": ""202"", ""makespan"": ""63"", ""makespan_lb"": ""55"", ""map_file"": ""room-32-32-4.map"", ""seed"": ""2"", ""soc"": ""6095"", ""soc_lb"": ""3735"", ""solved"": ""1"", ""solver"": ""planner"", ""sum_of_loss"": ""5513"", ""sum_of_loss_lb"": ""3735""}"
lg_lacam_fork:lg_suo_tl,LG-LaCAM (window 20) + SUO + traffic load,room-32-32-4,room-32-32-4-random-3,150,0,30.0,solved,0.291721,0.235,5768,65,5156,3735,55,1.544311,0,,/home/carsten/Projects/MAPF/MAPF Evaluator/results/tlcpp-room-32-4/runs/lg_lacam_fork_lg_suo_tl/room-32-32-4/room-32-32-4-random-3_a150_s0_r0,5768,0.235,"{""agents"": ""150"", ""comp_time"": ""235"", ""makespan"": ""65"", ""makespan_lb"": ""55"", ""map_file"": ""room-32-32-4.map"", ""seed"": ""0"", ""soc"": ""5768"", ""soc_lb"": ""3735"", ""solved"": ""1"", ""solver"": ""planner"", ""sum_of_loss"": ""5276"", ""sum_of_loss_lb"": ""3735""}"
lg_lacam_fork:lg_suo_tl,LG-LaCAM (window 20) + SUO + traffic load,room-32-32-4,room-32-32-4-random-3,150,1,30.0,solved,0.442306,0.395,5967,62,5308,3735,55,1.59759,0,,/home/carsten/Projects/MAPF/MAPF Evaluator/results/tlcpp-room-32-4/runs/lg_lacam_fork_lg_suo_tl/room-32-32-4/room-32-32-4-random-3_a150_s1_r0,5967,0.395,"{""agents"": ""150"", ""comp_time"": ""395"", ""makespan"": ""62"", ""makespan_lb"": ""55"", ""map_file"": ""room-32-32-4.map"", ""seed"": ""1"", ""soc"": ""5967"", ""soc_lb"": ""3735"", ""solved"": ""1"", ""solver"": ""planner"", ""sum_of_loss"": ""5424"", ""sum_of_loss_lb"": ""3735""}"
lg_lacam_fork:lg_suo_tl,LG-LaCAM (window 20) + SUO + traffic load,room-32-32-4,room-32-32-4-random-3,150,2,30.0,solved,0.36231,0.161,5593,63,5023,3735,55,1.497456,0,,/home/carsten/Projects/MAPF/MAPF Evaluator/results/tlcpp-room-32-4/runs/lg_lacam_fork_lg_suo_tl/room-32-32-4/room-32-32-4-random-3_a150_s2_r0,5593,0.161,"{""agents"": ""150"", ""comp_time"": ""161"", ""makespan"": ""63"", ""makespan_lb"": ""55"", ""map_file"": ""room-32-32-4.map"", ""seed"": ""2"", ""soc"": ""5593"", ""soc_lb"": ""3735"", ""solved"": ""1"", ""solver"": ""planner"", ""sum_of_loss"": ""5125"", ""sum_of_loss_lb"": ""3735""}"
lg_lacam_fork:lacam,"LaCAM (no guidance, first solution)",room-32-32-4,room-32-32-4-random-3,200,0,30.0,solved,0.141478,0.063,13438,106,11286,4986,55,2.695146,0,,/home/carsten/Projects/MAPF/MAPF Evaluator/results/tlcpp-room-32-4/runs/lg_lacam_fork_lacam/room-32-32-4/room-32-32-4-random-3_a200_s0_r0,13438,0.063,"{""agents"": ""200"", ""comp_time"": ""63"", ""makespan"": ""106"", ""makespan_lb"": ""55"", ""map_file"": ""room-32-32-4.map"", ""seed"": ""0"", ""soc"": ""13438"", ""soc_lb"": ""4986"", ""solved"": ""1"", ""solver"": ""planner"", ""sum_of_loss"": ""11652"", ""sum_of_loss_lb"": ""4986""}"
lg_lacam_fork:tl_static,LaCAM + traffic load (static map from starts),room-32-32-4,room-32-32-4-random-3,150,0,30.0,solved,7.352586,7.259,9418,136,7697,3735,55,2.521553,0,,/home/carsten/Projects/MAPF/MAPF Evaluator/results/tlcpp-room-32-4/runs/lg_lacam_fork_tl_static/room-32-32-4/room-32-32-4-random-3_a150_s0_r0,9418,7.259,"{""agents"": ""150"", ""comp_time"": ""7259"", ""makespan"": ""136"", ""makespan_lb"": ""55"", ""map_file"": ""room-32-32-4.map"", ""seed"": ""0"", ""soc"": ""9418"", ""soc_lb"": ""3735"", ""solved"": ""1"", ""solver"": ""planner"", ""sum_of_loss"": ""8047"", ""sum_of_loss_lb"": ""3735""}"
lg_lacam_fork:lacam,"LaCAM (no guidance, first solution)",room-32-32-4,room-32-32-4-random-3,200,1,30.0,solved,0.140121,0.063,14115,110,11744,4986,55,2.830927,0,,/home/carsten/Projects/MAPF/MAPF Evaluator/results/tlcpp-room-32-4/runs/lg_lacam_fork_lacam/room-32-32-4/room-32-32-4-random-3_a200_s1_r0,14115,0.063,"{""agents"": ""200"", ""comp_time"": ""63"", ""makespan"": ""110"", ""makespan_lb"": ""55"", ""map_file"": ""room-32-32-4.map"", ""seed"": ""1"", ""soc"": ""14115"", ""soc_lb"": ""4986"", ""solved"": ""1"", ""solver"": ""planner"", ""sum_of_loss"": ""12092"", ""sum_of_loss_lb"": ""4986""}"
lg_lacam_fork:lacam,"LaCAM (no guidance, first solution)",room-32-32-4,room-32-32-4-random-3,200,2,30.0,solved,0.148764,0.047,13416,113,11233,4986,55,2.690734,0,,/home/carsten/Projects/MAPF/MAPF Evaluator/results/tlcpp-room-32-4/runs/lg_lacam_fork_lacam/room-32-32-4/room-32-32-4-random-3_a200_s2_r0,13416,0.047,"{""agents"": ""200"", ""comp_time"": ""47"", ""makespan"": ""113"", ""makespan_lb"": ""55"", ""map_file"": ""room-32-32-4.map"", ""seed"": ""2"", ""soc"": ""13416"", ""soc_lb"": ""4986"", ""solved"": ""1"", ""solver"": ""planner"", ""sum_of_loss"": ""11603"", ""sum_of_loss_lb"": ""4986""}"
lg_lacam_fork:tl,"LaCAM + traffic load (tie-break, per config)",room-32-32-4,room-32-32-4-random-3,200,0,30.0,solved,0.200653,0.048,11800,96,9982,4986,55,2.366627,0,,/home/carsten/Projects/MAPF/MAPF Evaluator/results/tlcpp-room-32-4/runs/lg_lacam_fork_tl/room-32-32-4/room-32-32-4-random-3_a200_s0_r0,11800,0.048,"{""agents"": ""200"", ""comp_time"": ""48"", ""makespan"": ""96"", ""makespan_lb"": ""55"", ""map_file"": ""room-32-32-4.map"", ""seed"": ""0"", ""soc"": ""11800"", ""soc_lb"": ""4986"", ""solved"": ""1"", ""solver"": ""planner"", ""sum_of_loss"": ""10285"", ""sum_of_loss_lb"": ""4986""}"
lg_lacam_fork:tl,"LaCAM + traffic load (tie-break, per config)",room-32-32-4,room-32-32-4-random-3,200,1,30.0,solved,0.198724,0.072,11510,88,9833,4986,55,2.308464,0,,/home/carsten/Projects/MAPF/MAPF Evaluator/results/tlcpp-room-32-4/runs/lg_lacam_fork_tl/room-32-32-4/room-32-32-4-random-3_a200_s1_r0,11510,0.072,"{""agents"": ""200"", ""comp_time"": ""72"", ""makespan"": ""88"", ""makespan_lb"": ""55"", ""map_file"": ""room-32-32-4.map"", ""seed"": ""1"", ""soc"": ""11510"", ""soc_lb"": ""4986"", ""solved"": ""1"", ""solver"": ""planner"", ""sum_of_loss"": ""10135"", ""sum_of_loss_lb"": ""4986""}"
lg_lacam_fork:tl,"LaCAM + traffic load (tie-break, per config)",room-32-32-4,room-32-32-4-random-3,200,2,30.0,solved,0.267893,0.088,11657,89,9954,4986,55,2.337946,0,,/home/carsten/Projects/MAPF/MAPF Evaluator/results/tlcpp-room-32-4/runs/lg_lacam_fork_tl/room-32-32-4/room-32-32-4-random-3_a200_s2_r0,11657,0.088,"{""agents"": ""200"", ""comp_time"": ""88"", ""makespan"": ""89"", ""makespan_lb"": ""55"", ""map_file"": ""room-32-32-4.map"", ""seed"": ""2"", ""soc"": ""11657"", ""soc_lb"": ""4986"", ""solved"": ""1"", ""solver"": ""planner"", ""sum_of_loss"": ""10249"", ""sum_of_loss_lb"": ""4986""}"
lg_lacam_fork:tl_agent,"LaCAM + traffic load (tie-break, per agent)",room-32-32-4,room-32-32-4-random-3,200,0,30.0,solved,0.138432,0.055,11838,96,9955,4986,55,2.374248,0,,/home/carsten/Projects/MAPF/MAPF Evaluator/results/tlcpp-room-32-4/runs/lg_lacam_fork_tl_agent/room-32-32-4/room-32-32-4-random-3_a200_s0_r0,11838,0.055,"{""agents"": ""200"", ""comp_time"": ""55"", ""makespan"": ""96"", ""makespan_lb"": ""55"", ""map_file"": ""room-32-32-4.map"", ""seed"": ""0"", ""soc"": ""11838"", ""soc_lb"": ""4986"", ""solved"": ""1"", ""solver"": ""planner"", ""sum_of_loss"": ""10297"", ""sum_of_loss_lb"": ""4986""}"
lg_lacam_fork:tl_agent,"LaCAM + traffic load (tie-break, per agent)",room-32-32-4,room-32-32-4-random-3,200,1,30.0,solved,0.103922,0.059,11927,95,10221,4986,55,2.392098,0,,/home/carsten/Projects/MAPF/MAPF Evaluator/results/tlcpp-room-32-4/runs/lg_lacam_fork_tl_agent/room-32-32-4/room-32-32-4-random-3_a200_s1_r0,11927,0.059,"{""agents"": ""200"", ""comp_time"": ""59"", ""makespan"": ""95"", ""makespan_lb"": ""55"", ""map_file"": ""room-32-32-4.map"", ""seed"": ""1"", ""soc"": ""11927"", ""soc_lb"": ""4986"", ""solved"": ""1"", ""solver"": ""planner"", ""sum_of_loss"": ""10524"", ""sum_of_loss_lb"": ""4986""}"
lg_lacam_fork:tl_agent,"LaCAM + traffic load (tie-break, per agent)",room-32-32-4,room-32-32-4-random-3,200,2,30.0,solved,0.150494,0.065,11907,89,10016,4986,55,2.388087,0,,/home/carsten/Projects/MAPF/MAPF Evaluator/results/tlcpp-room-32-4/runs/lg_lacam_fork_tl_agent/room-32-32-4/room-32-32-4-random-3_a200_s2_r0,11907,0.065,"{""agents"": ""200"", ""comp_time"": ""65"", ""makespan"": ""89"", ""makespan_lb"": ""55"", ""map_file"": ""room-32-32-4.map"", ""seed"": ""2"", ""soc"": ""11907"", ""soc_lb"": ""4986"", ""solved"": ""1"", ""solver"": ""planner"", ""sum_of_loss"": ""10372"", ""sum_of_loss_lb"": ""4986""}"
lg_lacam_fork:tl_static,LaCAM + traffic load (static map from starts),room-32-32-4,room-32-32-4-random-3,150,1,30.0,solved,10.44349,10.284,9222,130,7484,3735,55,2.469076,0,,/home/carsten/Projects/MAPF/MAPF Evaluator/results/tlcpp-room-32-4/runs/lg_lacam_fork_tl_static/room-32-32-4/room-32-32-4-random-3_a150_s1_r0,9222,10.284,"{""agents"": ""150"", ""comp_time"": ""10284"", ""makespan"": ""130"", ""makespan_lb"": ""55"", ""map_file"": ""room-32-32-4.map"", ""seed"": ""1"", ""soc"": ""9222"", ""soc_lb"": ""3735"", ""solved"": ""1"", ""solver"": ""planner"", ""sum_of_loss"": ""7856"", ""sum_of_loss_lb"": ""3735""}"
lg_lacam_fork:tl_static,LaCAM + traffic load (static map from starts),room-32-32-4,room-32-32-4-random-3,200,2,30.0,solved,0.722971,0.487,14754,161,11583,4986,55,2.959085,0,,/home/carsten/Projects/MAPF/MAPF Evaluator/results/tlcpp-room-32-4/runs/lg_lacam_fork_tl_static/room-32-32-4/room-32-32-4-random-3_a200_s2_r0,14754,0.487,"{""agents"": ""200"", ""comp_time"": ""487"", ""makespan"": ""161"", ""makespan_lb"": ""55"", ""map_file"": ""room-32-32-4.map"", ""seed"": ""2"", ""soc"": ""14754"", ""soc_lb"": ""4986"", ""solved"": ""1"", ""solver"": ""planner"", ""sum_of_loss"": ""12145"", ""sum_of_loss_lb"": ""4986""}"
lg_lacam_fork:suo,LaCAM3 = SUO (first solution),room-32-32-4,room-32-32-4-random-3,200,1,30.0,solved,0.18094,0.085,12468,105,10274,4986,55,2.500602,0,,/home/carsten/Projects/MAPF/MAPF Evaluator/results/tlcpp-room-32-4/runs/lg_lacam_fork_suo/room-32-32-4/room-32-32-4-random-3_a200_s1_r0,12468,0.085,"{""agents"": ""200"", ""comp_time"": ""85"", ""makespan"": ""105"", ""makespan_lb"": ""55"", ""map_file"": ""room-32-32-4.map"", ""seed"": ""1"", ""soc"": ""12468"", ""soc_lb"": ""4986"", ""solved"": ""1"", ""solver"": ""planner"", ""sum_of_loss"": ""10606"", ""sum_of_loss_lb"": ""4986""}"
lg_lacam_fork:suo,LaCAM3 = SUO (first solution),room-32-32-4,room-32-32-4-random-3,200,0,30.0,solved,0.165355,0.104,12661,112,10519,4986,55,2.53931,0,,/home/carsten/Projects/MAPF/MAPF Evaluator/results/tlcpp-room-32-4/runs/lg_lacam_fork_suo/room-32-32-4/room-32-32-4-random-3_a200_s0_r0,12661,0.104,"{""agents"": ""200"", ""comp_time"": ""104"", ""makespan"": ""112"", ""makespan_lb"": ""55"", ""map_file"": ""room-32-32-4.map"", ""seed"": ""0"", ""soc"": ""12661"", ""soc_lb"": ""4986"", ""solved"": ""1"", ""solver"": ""planner"", ""sum_of_loss"": ""10896"", ""sum_of_loss_lb"": ""4986""}"
lg_lacam_fork:suo_tl,SUO + traffic load,room-32-32-4,room-32-32-4-random-3,200,0,30.0,solved,0.415863,0.245,10363,79,9007,4986,55,2.07842,0,,/home/carsten/Projects/MAPF/MAPF Evaluator/results/tlcpp-room-32-4/runs/lg_lacam_fork_suo_tl/room-32-32-4/room-32-32-4-random-3_a200_s0_r0,10363,0.245,"{""agents"": ""200"", ""comp_time"": ""245"", ""makespan"": ""79"", ""makespan_lb"": ""55"", ""map_file"": ""room-32-32-4.map"", ""seed"": ""0"", ""soc"": ""10363"", ""soc_lb"": ""4986"", ""solved"": ""1"", ""solver"": ""planner"", ""sum_of_loss"": ""9274"", ""sum_of_loss_lb"": ""4986""}"
lg_lacam_fork:suo,LaCAM3 = SUO (first solution),room-32-32-4,room-32-32-4-random-3,200,2,30.0,solved,0.492282,0.284,11627,92,10010,4986,55,2.331929,0,,/home/carsten/Projects/MAPF/MAPF Evaluator/results/tlcpp-room-32-4/runs/lg_lacam_fork_suo/room-32-32-4/room-32-32-4-random-3_a200_s2_r0,11627,0.284,"{""agents"": ""200"", ""comp_time"": ""284"", ""makespan"": ""92"", ""makespan_lb"": ""55"", ""map_file"": ""room-32-32-4.map"", ""seed"": ""2"", ""soc"": ""11627"", ""soc_lb"": ""4986"", ""solved"": ""1"", ""solver"": ""planner"", ""sum_of_loss"": ""10309"", ""sum_of_loss_lb"": ""4986""}"
lg_lacam_fork:tl_static,LaCAM + traffic load (static map from starts),room-32-32-4,room-32-32-4-random-3,200,0,30.0,solved,2.702654,2.587,16332,179,12440,4986,55,3.275572,0,,/home/carsten/Projects/MAPF/MAPF Evaluator/results/tlcpp-room-32-4/runs/lg_lacam_fork_tl_static/room-32-32-4/room-32-32-4-random-3_a200_s0_r0,16332,2.587,"{""agents"": ""200"", ""comp_time"": ""2587"", ""makespan"": ""179"", ""makespan_lb"": ""55"", ""map_file"": ""room-32-32-4.map"", ""seed"": ""0"", ""soc"": ""16332"", ""soc_lb"": ""4986"", ""solved"": ""1"", ""solver"": ""planner"", ""sum_of_loss"": ""13316"", ""sum_of_loss_lb"": ""4986""}"
lg_lacam_fork:suo_tl,SUO + traffic load,room-32-32-4,room-32-32-4-random-3,200,1,30.0,solved,0.21395,0.119,11158,83,9528,4986,55,2.237866,0,,/home/carsten/Projects/MAPF/MAPF Evaluator/results/tlcpp-room-32-4/runs/lg_lacam_fork_suo_tl/room-32-32-4/room-32-32-4-random-3_a200_s1_r0,11158,0.119,"{""agents"": ""200"", ""comp_time"": ""119"", ""makespan"": ""83"", ""makespan_lb"": ""55"", ""map_file"": ""room-32-32-4.map"", ""seed"": ""1"", ""soc"": ""11158"", ""soc_lb"": ""4986"", ""solved"": ""1"", ""solver"": ""planner"", ""sum_of_loss"": ""9811"", ""sum_of_loss_lb"": ""4986""}"
lg_lacam_fork:suo_tl,SUO + traffic load,room-32-32-4,room-32-32-4-random-3,200,2,30.0,solved,0.221631,0.179,10857,90,9151,4986,55,2.177497,0,,/home/carsten/Projects/MAPF/MAPF Evaluator/results/tlcpp-room-32-4/runs/lg_lacam_fork_suo_tl/room-32-32-4/room-32-32-4-random-3_a200_s2_r0,10857,0.179,"{""agents"": ""200"", ""comp_time"": ""179"", ""makespan"": ""90"", ""makespan_lb"": ""55"", ""map_file"": ""room-32-32-4.map"", ""seed"": ""2"", ""soc"": ""10857"", ""soc_lb"": ""4986"", ""solved"": ""1"", ""solver"": ""planner"", ""sum_of_loss"": ""9493"", ""sum_of_loss_lb"": ""4986""}"
lg_lacam_fork:lg,"LG-LaCAM (window 20, first solution)",room-32-32-4,room-32-32-4-random-3,200,2,30.0,solved,0.521606,0.447,10000,80,8503,4986,55,2.005616,0,,/home/carsten/Projects/MAPF/MAPF Evaluator/results/tlcpp-room-32-4/runs/lg_lacam_fork_lg/room-32-32-4/room-32-32-4-random-3_a200_s2_r0,10000,0.447,"{""agents"": ""200"", ""comp_time"": ""447"", ""makespan"": ""80"", ""makespan_lb"": ""55"", ""map_file"": ""room-32-32-4.map"", ""seed"": ""2"", ""soc"": ""10000"", ""soc_lb"": ""4986"", ""solved"": ""1"", ""solver"": ""planner"", ""sum_of_loss"": ""8776"", ""sum_of_loss_lb"": ""4986""}"
lg_lacam_fork:lg,"LG-LaCAM (window 20, first solution)",room-32-32-4,room-32-32-4-random-3,200,0,30.0,solved,0.757908,0.644,10318,79,8913,4986,55,2.069394,0,,/home/carsten/Projects/MAPF/MAPF Evaluator/results/tlcpp-room-32-4/runs/lg_lacam_fork_lg/room-32-32-4/room-32-32-4-random-3_a200_s0_r0,10318,0.644,"{""agents"": ""200"", ""comp_time"": ""644"", ""makespan"": ""79"", ""makespan_lb"": ""55"", ""map_file"": ""room-32-32-4.map"", ""seed"": ""0"", ""soc"": ""10318"", ""soc_lb"": ""4986"", ""solved"": ""1"", ""solver"": ""planner"", ""sum_of_loss"": ""9174"", ""sum_of_loss_lb"": ""4986""}"
lg_lacam_fork:lg,"LG-LaCAM (window 20, first solution)",room-32-32-4,room-32-32-4-random-3,200,1,30.0,solved,0.689769,0.552,10178,79,8675,4986,55,2.041316,0,,/home/carsten/Projects/MAPF/MAPF Evaluator/results/tlcpp-room-32-4/runs/lg_lacam_fork_lg/room-32-32-4/room-32-32-4-random-3_a200_s1_r0,10178,0.552,"{""agents"": ""200"", ""comp_time"": ""552"", ""makespan"": ""79"", ""makespan_lb"": ""55"", ""map_file"": ""room-32-32-4.map"", ""seed"": ""1"", ""soc"": ""10178"", ""soc_lb"": ""4986"", ""solved"": ""1"", ""solver"": ""planner"", ""sum_of_loss"": ""8941"", ""sum_of_loss_lb"": ""4986""}"
lg_lacam_fork:lg_tl,LG-LaCAM (window 20) + traffic load,room-32-32-4,room-32-32-4-random-3,200,1,30.0,solved,0.324466,0.228,9887,77,8634,4986,55,1.982952,0,,/home/carsten/Projects/MAPF/MAPF Evaluator/results/tlcpp-room-32-4/runs/lg_lacam_fork_lg_tl/room-32-32-4/room-32-32-4-random-3_a200_s1_r0,9887,0.228,"{""agents"": ""200"", ""comp_time"": ""228"", ""makespan"": ""77"", ""makespan_lb"": ""55"", ""map_file"": ""room-32-32-4.map"", ""seed"": ""1"", ""soc"": ""9887"", ""soc_lb"": ""4986"", ""solved"": ""1"", ""solver"": ""planner"", ""sum_of_loss"": ""8872"", ""sum_of_loss_lb"": ""4986""}"
lg_lacam_fork:lg_tl,LG-LaCAM (window 20) + traffic load,room-32-32-4,room-32-32-4-random-3,200,0,30.0,solved,0.413774,0.326,9753,75,8556,4986,55,1.956077,0,,/home/carsten/Projects/MAPF/MAPF Evaluator/results/tlcpp-room-32-4/runs/lg_lacam_fork_lg_tl/room-32-32-4/room-32-32-4-random-3_a200_s0_r0,9753,0.326,"{""agents"": ""200"", ""comp_time"": ""326"", ""makespan"": ""75"", ""makespan_lb"": ""55"", ""map_file"": ""room-32-32-4.map"", ""seed"": ""0"", ""soc"": ""9753"", ""soc_lb"": ""4986"", ""solved"": ""1"", ""solver"": ""planner"", ""sum_of_loss"": ""8776"", ""sum_of_loss_lb"": ""4986""}"
lg_lacam_fork:lg_tl,LG-LaCAM (window 20) + traffic load,room-32-32-4,room-32-32-4-random-3,200,2,30.0,solved,0.381915,0.294,9254,73,8059,4986,55,1.855997,0,,/home/carsten/Projects/MAPF/MAPF Evaluator/results/tlcpp-room-32-4/runs/lg_lacam_fork_lg_tl/room-32-32-4/room-32-32-4-random-3_a200_s2_r0,9254,0.294,"{""agents"": ""200"", ""comp_time"": ""294"", ""makespan"": ""73"", ""makespan_lb"": ""55"", ""map_file"": ""room-32-32-4.map"", ""seed"": ""2"", ""soc"": ""9254"", ""soc_lb"": ""4986"", ""solved"": ""1"", ""solver"": ""planner"", ""sum_of_loss"": ""8292"", ""sum_of_loss_lb"": ""4986""}"
lg_lacam_fork:lg_suo,LG-LaCAM (window 20) + SUO,room-32-32-4,room-32-32-4-random-3,200,2,30.0,solved,0.540227,0.428,10146,76,8724,4986,55,2.034898,0,,/home/carsten/Projects/MAPF/MAPF Evaluator/results/tlcpp-room-32-4/runs/lg_lacam_fork_lg_suo/room-32-32-4/room-32-32-4-random-3_a200_s2_r0,10146,0.428,"{""agents"": ""200"", ""comp_time"": ""428"", ""makespan"": ""76"", ""makespan_lb"": ""55"", ""map_file"": ""room-32-32-4.map"", ""seed"": ""2"", ""soc"": ""10146"", ""soc_lb"": ""4986"", ""solved"": ""1"", ""solver"": ""planner"", ""sum_of_loss"": ""8945"", ""sum_of_loss_lb"": ""4986""}"
lg_lacam_fork:lg_suo,LG-LaCAM (window 20) + SUO,room-32-32-4,room-32-32-4-random-3,200,0,30.0,solved,0.813989,0.753,9295,75,8325,4986,55,1.86422,0,,/home/carsten/Projects/MAPF/MAPF Evaluator/results/tlcpp-room-32-4/runs/lg_lacam_fork_lg_suo/room-32-32-4/room-32-32-4-random-3_a200_s0_r0,9295,0.753,"{""agents"": ""200"", ""comp_time"": ""753"", ""makespan"": ""75"", ""makespan_lb"": ""55"", ""map_file"": ""room-32-32-4.map"", ""seed"": ""0"", ""soc"": ""9295"", ""soc_lb"": ""4986"", ""solved"": ""1"", ""solver"": ""planner"", ""sum_of_loss"": ""8530"", ""sum_of_loss_lb"": ""4986""}"
lg_lacam_fork:lg_suo,LG-LaCAM (window 20) + SUO,room-32-32-4,room-32-32-4-random-3,200,1,30.0,solved,0.897127,0.764,10529,93,9006,4986,55,2.111713,0,,/home/carsten/Projects/MAPF/MAPF Evaluator/results/tlcpp-room-32-4/runs/lg_lacam_fork_lg_suo/room-32-32-4/room-32-32-4-random-3_a200_s1_r0,10529,0.764,"{""agents"": ""200"", ""comp_time"": ""764"", ""makespan"": ""93"", ""makespan_lb"": ""55"", ""map_file"": ""room-32-32-4.map"", ""seed"": ""1"", ""soc"": ""10529"", ""soc_lb"": ""4986"", ""solved"": ""1"", ""solver"": ""planner"", ""sum_of_loss"": ""9282"", ""sum_of_loss_lb"": ""4986""}"
lg_lacam_fork:lg_suo_tl,LG-LaCAM (window 20) + SUO + traffic load,room-32-32-4,room-32-32-4-random-3,200,0,30.0,solved,0.639229,0.548,9528,71,8266,4986,55,1.910951,0,,/home/carsten/Projects/MAPF/MAPF Evaluator/results/tlcpp-room-32-4/runs/lg_lacam_fork_lg_suo_tl/room-32-32-4/room-32-32-4-random-3_a200_s0_r0,9528,0.548,"{""agents"": ""200"", ""comp_time"": ""548"", ""makespan"": ""71"", ""makespan_lb"": ""55"", ""map_file"": ""room-32-32-4.map"", ""seed"": ""0"", ""soc"": ""9528"", ""soc_lb"": ""4986"", ""solved"": ""1"", ""solver"": ""planner"", ""sum_of_loss"": ""8498"", ""sum_of_loss_lb"": ""4986""}"
lg_lacam_fork:lacam,"LaCAM (no guidance, first solution)",room-32-32-4,room-32-32-4-random-4,50,0,30.0,solved,0.040703,0.01,2006,66,1866,1493,53,1.343603,0,,/home/carsten/Projects/MAPF/MAPF Evaluator/results/tlcpp-room-32-4/runs/lg_lacam_fork_lacam/room-32-32-4/room-32-32-4-random-4_a50_s0_r0,2006,0.01,"{""agents"": ""50"", ""comp_time"": ""10"", ""makespan"": ""66"", ""makespan_lb"": ""53"", ""map_file"": ""room-32-32-4.map"", ""seed"": ""0"", ""soc"": ""2006"", ""soc_lb"": ""1493"", ""solved"": ""1"", ""solver"": ""planner"", ""sum_of_loss"": ""1886"", ""sum_of_loss_lb"": ""1493""}"
lg_lacam_fork:lacam,"LaCAM (no guidance, first solution)",room-32-32-4,room-32-32-4-random-4,50,1,30.0,solved,0.034708,0.012,2053,55,1860,1493,53,1.375084,0,,/home/carsten/Projects/MAPF/MAPF Evaluator/results/tlcpp-room-32-4/runs/lg_lacam_fork_lacam/room-32-32-4/room-32-32-4-random-4_a50_s1_r0,2053,0.012,"{""agents"": ""50"", ""comp_time"": ""12"", ""makespan"": ""55"", ""makespan_lb"": ""53"", ""map_file"": ""room-32-32-4.map"", ""seed"": ""1"", ""soc"": ""2053"", ""soc_lb"": ""1493"", ""solved"": ""1"", ""solver"": ""planner"", ""sum_of_loss"": ""1884"", ""sum_of_loss_lb"": ""1493""}"
lg_lacam_fork:lacam,"LaCAM (no guidance, first solution)",room-32-32-4,room-32-32-4-random-4,50,2,30.0,solved,0.066637,0.014,2023,59,1918,1493,53,1.35499,0,,/home/carsten/Projects/MAPF/MAPF Evaluator/results/tlcpp-room-32-4/runs/lg_lacam_fork_lacam/room-32-32-4/room-32-32-4-random-4_a50_s2_r0,2023,0.014,"{""agents"": ""50"", ""comp_time"": ""14"", ""makespan"": ""59"", ""makespan_lb"": ""53"", ""map_file"": ""room-32-32-4.map"", ""seed"": ""2"", ""soc"": ""2023"", ""soc_lb"": ""1493"", ""solved"": ""1"", ""solver"": ""planner"", ""sum_of_loss"": ""1938"", ""sum_of_loss_lb"": ""1493""}"
lg_lacam_fork:lg_suo_tl,LG-LaCAM (window 20) + SUO + traffic load,room-32-32-4,room-32-32-4-random-3,200,1,30.0,solved,0.749985,0.531,9765,82,8407,4986,55,1.958484,0,,/home/carsten/Projects/MAPF/MAPF Evaluator/results/tlcpp-room-32-4/runs/lg_lacam_fork_lg_suo_tl/room-32-32-4/room-32-32-4-random-3_a200_s1_r0,9765,0.531,"{""agents"": ""200"", ""comp_time"": ""531"", ""makespan"": ""82"", ""makespan_lb"": ""55"", ""map_file"": ""room-32-32-4.map"", ""seed"": ""1"", ""soc"": ""9765"", ""soc_lb"": ""4986"", ""solved"": ""1"", ""solver"": ""planner"", ""sum_of_loss"": ""8629"", ""sum_of_loss_lb"": ""4986""}"
lg_lacam_fork:tl,"LaCAM + traffic load (tie-break, per config)",room-32-32-4,room-32-32-4-random-4,50,0,30.0,solved,0.029151,0.012,1893,57,1787,1493,53,1.267917,0,,/home/carsten/Projects/MAPF/MAPF Evaluator/results/tlcpp-room-32-4/runs/lg_lacam_fork_tl/room-32-32-4/room-32-32-4-random-4_a50_s0_r0,1893,0.012,"{""agents"": ""50"", ""comp_time"": ""12"", ""makespan"": ""57"", ""makespan_lb"": ""53"", ""map_file"": ""room-32-32-4.map"", ""seed"": ""0"", ""soc"": ""1893"", ""soc_lb"": ""1493"", ""solved"": ""1"", ""solver"": ""planner"", ""sum_of_loss"": ""1803"", ""sum_of_loss_lb"": ""1493""}"
lg_lacam_fork:tl,"LaCAM + traffic load (tie-break, per config)",room-32-32-4,room-32-32-4-random-4,50,2,30.0,solved,0.058999,0.016,1887,57,1786,1493,53,1.263898,0,,/home/carsten/Projects/MAPF/MAPF Evaluator/results/tlcpp-room-32-4/runs/lg_lacam_fork_tl/room-32-32-4/room-32-32-4-random-4_a50_s2_r0,1887,0.016,"{""agents"": ""50"", ""comp_time"": ""16"", ""makespan"": ""57"", ""makespan_lb"": ""53"", ""map_file"": ""room-32-32-4.map"", ""seed"": ""2"", ""soc"": ""1887"", ""soc_lb"": ""1493"", ""solved"": ""1"", ""solver"": ""planner"", ""sum_of_loss"": ""1800"", ""sum_of_loss_lb"": ""1493""}"
lg_lacam_fork:tl,"LaCAM + traffic load (tie-break, per config)",room-32-32-4,room-32-32-4-random-4,50,1,30.0,solved,0.073886,0.012,1907,57,1794,1493,53,1.277294,0,,/home/carsten/Projects/MAPF/MAPF Evaluator/results/tlcpp-room-32-4/runs/lg_lacam_fork_tl/room-32-32-4/room-32-32-4-random-4_a50_s1_r0,1907,0.012,"{""agents"": ""50"", ""comp_time"": ""12"", ""makespan"": ""57"", ""makespan_lb"": ""53"", ""map_file"": ""room-32-32-4.map"", ""seed"": ""1"", ""soc"": ""1907"", ""soc_lb"": ""1493"", ""solved"": ""1"", ""solver"": ""planner"", ""sum_of_loss"": ""1811"", ""sum_of_loss_lb"": ""1493""}"
lg_lacam_fork:lg_suo_tl,LG-LaCAM (window 20) + SUO + traffic load,room-32-32-4,room-32-32-4-random-3,200,2,30.0,solved,0.888139,0.768,9836,77,8425,4986,55,1.972724,0,,/home/carsten/Projects/MAPF/MAPF Evaluator/results/tlcpp-room-32-4/runs/lg_lacam_fork_lg_suo_tl/room-32-32-4/room-32-32-4-random-3_a200_s2_r0,9836,0.768,"{""agents"": ""200"", ""comp_time"": ""768"", ""makespan"": ""77"", ""makespan_lb"": ""55"", ""map_file"": ""room-32-32-4.map"", ""seed"": ""2"", ""soc"": ""9836"", ""soc_lb"": ""4986"", ""solved"": ""1"", ""solver"": ""planner"", ""sum_of_loss"": ""8687"", ""sum_of_loss_lb"": ""4986""}"
lg_lacam_fork:tl_agent,"LaCAM + traffic load (tie-break, per agent)",room-32-32-4,room-32-32-4-random-4,50,1,30.0,solved,0.030482,0.008,1897,57,1794,1493,53,1.270596,0,,/home/carsten/Projects/MAPF/MAPF Evaluator/results/tlcpp-room-32-4/runs/lg_lacam_fork_tl_agent/room-32-32-4/room-32-32-4-random-4_a50_s1_r0,1897,0.008,"{""agents"": ""50"", ""comp_time"": ""8"", ""makespan"": ""57"", ""makespan_lb"": ""53"", ""map_file"": ""room-32-32-4.map"", ""seed"": ""1"", ""soc"": ""1897"", ""soc_lb"": ""1493"", ""solved"": ""1"", ""solver"": ""planner"", ""sum_of_loss"": ""1810"", ""sum_of_loss_lb"": ""1493""}"
lg_lacam_fork:tl_agent,"LaCAM + traffic load (tie-break, per agent)",room-32-32-4,room-32-32-4-random-4,50,0,30.0,solved,0.022626,0.008,1866,54,1786,1493,53,1.249833,0,,/home/carsten/Projects/MAPF/MAPF Evaluator/results/tlcpp-room-32-4/runs/lg_lacam_fork_tl_agent/room-32-32-4/room-32-32-4-random-4_a50_s0_r0,1866,0.008,"{""agents"": ""50"", ""comp_time"": ""8"", ""makespan"": ""54"", ""makespan_lb"": ""53"", ""map_file"": ""room-32-32-4.map"", ""seed"": ""0"", ""soc"": ""1866"", ""soc_lb"": ""1493"", ""solved"": ""1"", ""solver"": ""planner"", ""sum_of_loss"": ""1800"", ""sum_of_loss_lb"": ""1493""}"
lg_lacam_fork:tl_agent,"LaCAM + traffic load (tie-break, per agent)",room-32-32-4,room-32-32-4-random-4,50,2,30.0,solved,0.085017,0.013,1877,54,1791,1493,53,1.2572,0,,/home/carsten/Projects/MAPF/MAPF Evaluator/results/tlcpp-room-32-4/runs/lg_lacam_fork_tl_agent/room-32-32-4/room-32-32-4-random-4_a50_s2_r0,1877,0.013,"{""agents"": ""50"", ""comp_time"": ""13"", ""makespan"": ""54"", ""makespan_lb"": ""53"", ""map_file"": ""room-32-32-4.map"", ""seed"": ""2"", ""soc"": ""1877"", ""soc_lb"": ""1493"", ""solved"": ""1"", ""solver"": ""planner"", ""sum_of_loss"": ""1805"", ""sum_of_loss_lb"": ""1493""}"
lg_lacam_fork:tl_static,LaCAM + traffic load (static map from starts),room-32-32-4,room-32-32-4-random-4,50,0,30.0,solved,0.034111,0.009,1991,54,1840,1493,53,1.333557,0,,/home/carsten/Projects/MAPF/MAPF Evaluator/results/tlcpp-room-32-4/runs/lg_lacam_fork_tl_static/room-32-32-4/room-32-32-4-random-4_a50_s0_r0,1991,0.009,"{""agents"": ""50"", ""comp_time"": ""9"", ""makespan"": ""54"", ""makespan_lb"": ""53"", ""map_file"": ""room-32-32-4.map"", ""seed"": ""0"", ""soc"": ""1991"", ""soc_lb"": ""1493"", ""solved"": ""1"", ""solver"": ""planner"", ""sum_of_loss"": ""1865"", ""sum_of_loss_lb"": ""1493""}"
lg_lacam_fork:tl_static,LaCAM + traffic load (static map from starts),room-32-32-4,room-32-32-4-random-4,50,1,30.0,solved,0.106551,0.038,1975,54,1830,1493,53,1.32284,0,,/home/carsten/Projects/MAPF/MAPF Evaluator/results/tlcpp-room-32-4/runs/lg_lacam_fork_tl_static/room-32-32-4/room-32-32-4-random-4_a50_s1_r0,1975,0.038,"{""agents"": ""50"", ""comp_time"": ""38"", ""makespan"": ""54"", ""makespan_lb"": ""53"", ""map_file"": ""room-32-32-4.map"", ""seed"": ""1"", ""soc"": ""1975"", ""soc_lb"": ""1493"", ""solved"": ""1"", ""solver"": ""planner"", ""sum_of_loss"": ""1851"", ""sum_of_loss_lb"": ""1493""}"
lg_lacam_fork:tl_static,LaCAM + traffic load (static map from starts),room-32-32-4,room-32-32-4-random-4,50,2,30.0,solved,0.079468,0.018,1980,57,1830,1493,53,1.326189,0,,/home/carsten/Projects/MAPF/MAPF Evaluator/results/tlcpp-room-32-4/runs/lg_lacam_fork_tl_static/room-32-32-4/room-32-32-4-random-4_a50_s2_r0,1980,0.018,"{""agents"": ""50"", ""comp_time"": ""18"", ""makespan"": ""57"", ""makespan_lb"": ""53"", ""map_file"": ""room-32-32-4.map"", ""seed"": ""2"", ""soc"": ""1980"", ""soc_lb"": ""1493"", ""solved"": ""1"", ""solver"": ""planner"", ""sum_of_loss"": ""1853"", ""sum_of_loss_lb"": ""1493""}"
lg_lacam_fork:suo,LaCAM3 = SUO (first solution),room-32-32-4,room-32-32-4-random-4,50,0,30.0,solved,0.083104,0.018,1816,63,1770,1493,53,1.216343,0,,/home/carsten/Projects/MAPF/MAPF Evaluator/results/tlcpp-room-32-4/runs/lg_lacam_fork_suo/room-32-32-4/room-32-32-4-random-4_a50_s0_r0,1816,0.018,"{""agents"": ""50"", ""comp_time"": ""18"", ""makespan"": ""63"", ""makespan_lb"": ""53"", ""map_file"": ""room-32-32-4.map"", ""seed"": ""0"", ""soc"": ""1816"", ""soc_lb"": ""1493"", ""solved"": ""1"", ""solver"": ""planner"", ""sum_of_loss"": ""1777"", ""sum_of_loss_lb"": ""1493""}"
lg_lacam_fork:suo,LaCAM3 = SUO (first solution),room-32-32-4,room-32-32-4-random-4,50,1,30.0,solved,0.088684,0.024,1866,56,1807,1493,53,1.249833,0,,/home/carsten/Projects/MAPF/MAPF Evaluator/results/tlcpp-room-32-4/runs/lg_lacam_fork_suo/room-32-32-4/room-32-32-4-random-4_a50_s1_r0,1866,0.024,"{""agents"": ""50"", ""comp_time"": ""24"", ""makespan"": ""56"", ""makespan_lb"": ""53"", ""map_file"": ""room-32-32-4.map"", ""seed"": ""1"", ""soc"": ""1866"", ""soc_lb"": ""1493"", ""solved"": ""1"", ""solver"": ""planner"", ""sum_of_loss"": ""1816"", ""sum_of_loss_lb"": ""1493""}"
lg_lacam_fork:suo,LaCAM3 = SUO (first solution),room-32-32-4,room-32-32-4-random-4,50,2,30.0,solved,0.049741,0.027,1772,65,1725,1493,53,1.186872,0,,/home/carsten/Projects/MAPF/MAPF Evaluator/results/tlcpp-room-32-4/runs/lg_lacam_fork_suo/room-32-32-4/room-32-32-4-random-4_a50_s2_r0,1772,0.027,"{""agents"": ""50"", ""comp_time"": ""27"", ""makespan"": ""65"", ""makespan_lb"": ""53"", ""map_file"": ""room-32-32-4.map"", ""seed"": ""2"", ""soc"": ""1772"", ""soc_lb"": ""1493"", ""solved"": ""1"", ""solver"": ""planner"", ""sum_of_loss"": ""1732"", ""sum_of_loss_lb"": ""1493""}"
lg_lacam_fork:suo_tl,SUO + traffic load,room-32-32-4,room-32-32-4-random-4,50,0,30.0,solved,0.035842,0.018,1794,63,1729,1493,53,1.201608,0,,/home/carsten/Projects/MAPF/MAPF Evaluator/results/tlcpp-room-32-4/runs/lg_lacam_fork_suo_tl/room-32-32-4/room-32-32-4-random-4_a50_s0_r0,1794,0.018,"{""agents"": ""50"", ""comp_time"": ""18"", ""makespan"": ""63"", ""makespan_lb"": ""53"", ""map_file"": ""room-32-32-4.map"", ""seed"": ""0"", ""soc"": ""1794"", ""soc_lb"": ""1493"", ""solved"": ""1"", ""solver"": ""planner"", ""sum_of_loss"": ""1739"", ""sum_of_loss_lb"": ""1493""}"
lg_lacam_fork:suo_tl,SUO + traffic load,room-32-32-4,room-32-32-4-random-4,50,1,30.0,solved,0.078107,0.035,1780,57,1720,1493,53,1.19223,0,,/home/carsten/Projects/MAPF/MAPF Evaluator/results/tlcpp-room-32-4/runs/lg_lacam_fork_suo_tl/room-32-32-4/room-32-32-4-random-4_a50_s1_r0,1780,0.035,"{""agents"": ""50"", ""comp_time"": ""35"", ""makespan"": ""57"", ""makespan_lb"": ""53"", ""map_file"": ""room-32-32-4.map"", ""seed"": ""1"", ""soc"": ""1780"", ""soc_lb"": ""1493"", ""solved"": ""1"", ""solver"": ""planner"", ""sum_of_loss"": ""1728"", ""sum_of_loss_lb"": ""1493""}"
lg_lacam_fork:lg,"LG-LaCAM (window 20, first solution)",room-32-32-4,room-32-32-4-random-4,50,0,30.0,solved,0.08163,0.046,1665,56,1606,1493,53,1.115204,0,,/home/carsten/Projects/MAPF/MAPF Evaluator/results/tlcpp-room-32-4/runs/lg_lacam_fork_lg/room-32-32-4/room-32-32-4-random-4_a50_s0_r0,1665,0.046,"{""agents"": ""50"", ""comp_time"": ""46"", ""makespan"": ""56"", ""makespan_lb"": ""53"", ""map_file"": ""room-32-32-4.map"", ""seed"": ""0"", ""soc"": ""1665"", ""soc_lb"": ""1493"", ""solved"": ""1"", ""solver"": ""planner"", ""sum_of_loss"": ""1616"", ""sum_of_loss_lb"": ""1493""}"
lg_lacam_fork:suo_tl,SUO + traffic load,room-32-32-4,room-32-32-4-random-4,50,2,30.0,solved,0.080212,0.02,1746,63,1701,1493,53,1.169457,0,,/home/carsten/Projects/MAPF/MAPF Evaluator/results/tlcpp-room-32-4/runs/lg_lacam_fork_suo_tl/room-32-32-4/room-32-32-4-random-4_a50_s2_r0,1746,0.02,"{""agents"": ""50"", ""comp_time"": ""20"", ""makespan"": ""63"", ""makespan_lb"": ""53"", ""map_file"": ""room-32-32-4.map"", ""seed"": ""2"", ""soc"": ""1746"", ""soc_lb"": ""1493"", ""solved"": ""1"", ""solver"": ""planner"", ""sum_of_loss"": ""1707"", ""sum_of_loss_lb"": ""1493""}"
lg_lacam_fork:lg,"LG-LaCAM (window 20, first solution)",room-32-32-4,room-32-32-4-random-4,50,2,30.0,solved,0.063877,0.04,1675,56,1615,1493,53,1.121902,0,,/home/carsten/Projects/MAPF/MAPF Evaluator/results/tlcpp-room-32-4/runs/lg_lacam_fork_lg/room-32-32-4/room-32-32-4-random-4_a50_s2_r0,1675,0.04,"{""agents"": ""50"", ""comp_time"": ""40"", ""makespan"": ""56"", ""makespan_lb"": ""53"", ""map_file"": ""room-32-32-4.map"", ""seed"": ""2"", ""soc"": ""1675"", ""soc_lb"": ""1493"", ""solved"": ""1"", ""solver"": ""planner"", ""sum_of_loss"": ""1624"", ""sum_of_loss_lb"": ""1493""}"
lg_lacam_fork:lg,"LG-LaCAM (window 20, first solution)",room-32-32-4,room-32-32-4-random-4,50,1,30.0,solved,0.074053,0.04,1682,56,1619,1493,53,1.126591,0,,/home/carsten/Projects/MAPF/MAPF Evaluator/results/tlcpp-room-32-4/runs/lg_lacam_fork_lg/room-32-32-4/room-32-32-4-random-4_a50_s1_r0,1682,0.04,"{""agents"": ""50"", ""comp_time"": ""40"", ""makespan"": ""56"", ""makespan_lb"": ""53"", ""map_file"": ""room-32-32-4.map"", ""seed"": ""1"", ""soc"": ""1682"", ""soc_lb"": ""1493"", ""solved"": ""1"", ""solver"": ""planner"", ""sum_of_loss"": ""1628"", ""sum_of_loss_lb"": ""1493""}"
lg_lacam_fork:lg_tl,LG-LaCAM (window 20) + traffic load,room-32-32-4,room-32-32-4-random-4,50,0,30.0,solved,0.129127,0.055,1673,56,1613,1493,53,1.120563,0,,/home/carsten/Projects/MAPF/MAPF Evaluator/results/tlcpp-room-32-4/runs/lg_lacam_fork_lg_tl/room-32-32-4/room-32-32-4-random-4_a50_s0_r0,1673,0.055,"{""agents"": ""50"", ""comp_time"": ""55"", ""makespan"": ""56"", ""makespan_lb"": ""53"", ""map_file"": ""room-32-32-4.map"", ""seed"": ""0"", ""soc"": ""1673"", ""soc_lb"": ""1493"", ""solved"": ""1"", ""solver"": ""planner"", ""sum_of_loss"": ""1623"", ""sum_of_loss_lb"": ""1493""}"
lg_lacam_fork:lg_tl,LG-LaCAM (window 20) + traffic load,room-32-32-4,room-32-32-4-random-4,50,2,30.0,solved,0.08243,0.03,1670,56,1602,1493,53,1.118553,0,,/home/carsten/Projects/MAPF/MAPF Evaluator/results/tlcpp-room-32-4/runs/lg_lacam_fork_lg_tl/room-32-32-4/room-32-32-4-random-4_a50_s2_r0,1670,0.03,"{""agents"": ""50"", ""comp_time"": ""30"", ""makespan"": ""56"", ""makespan_lb"": ""53"", ""map_file"": ""room-32-32-4.map"", ""seed"": ""2"", ""soc"": ""1670"", ""soc_lb"": ""1493"", ""solved"": ""1"", ""solver"": ""planner"", ""sum_of_loss"": ""1613"", ""sum_of_loss_lb"": ""1493""}"
lg_lacam_fork:lg_tl,LG-LaCAM (window 20) + traffic load,room-32-32-4,room-32-32-4-random-4,50,1,30.0,solved,0.084404,0.048,1671,56,1602,1493,53,1.119223,0,,/home/carsten/Projects/MAPF/MAPF Evaluator/results/tlcpp-room-32-4/runs/lg_lacam_fork_lg_tl/room-32-32-4/room-32-32-4-random-4_a50_s1_r0,1671,0.048,"{""agents"": ""50"", ""comp_time"": ""48"", ""makespan"": ""56"", ""makespan_lb"": ""53"", ""map_file"": ""room-32-32-4.map"", ""seed"": ""1"", ""soc"": ""1671"", ""soc_lb"": ""1493"", ""solved"": ""1"", ""solver"": ""planner"", ""sum_of_loss"": ""1613"", ""sum_of_loss_lb"": ""1493""}"
lg_lacam_fork:lg_suo,LG-LaCAM (window 20) + SUO,room-32-32-4,room-32-32-4-random-4,50,0,30.0,solved,0.158344,0.093,1648,56,1594,1493,53,1.103818,0,,/home/carsten/Projects/MAPF/MAPF Evaluator/results/tlcpp-room-32-4/runs/lg_lacam_fork_lg_suo/room-32-32-4/room-32-32-4-random-4_a50_s0_r0,1648,0.093,"{""agents"": ""50"", ""comp_time"": ""93"", ""makespan"": ""56"", ""makespan_lb"": ""53"", ""map_file"": ""room-32-32-4.map"", ""seed"": ""0"", ""soc"": ""1648"", ""soc_lb"": ""1493"", ""solved"": ""1"", ""solver"": ""planner"", ""sum_of_loss"": ""1604"", ""sum_of_loss_lb"": ""1493""}"
lg_lacam_fork:lg_suo,LG-LaCAM (window 20) + SUO,room-32-32-4,room-32-32-4-random-4,50,1,30.0,solved,0.191241,0.104,1666,56,1616,1493,53,1.115874,0,,/home/carsten/Projects/MAPF/MAPF Evaluator/results/tlcpp-room-32-4/runs/lg_lacam_fork_lg_suo/room-32-32-4/room-32-32-4-random-4_a50_s1_r0,1666,0.104,"{""agents"": ""50"", ""comp_time"": ""104"", ""makespan"": ""56"", ""makespan_lb"": ""53"", ""map_file"": ""room-32-32-4.map"", ""seed"": ""1"", ""soc"": ""1666"", ""soc_lb"": ""1493"", ""solved"": ""1"", ""solver"": ""planner"", ""sum_of_loss"": ""1623"", ""sum_of_loss_lb"": ""1493""}"
lg_lacam_fork:lg_suo_tl,LG-LaCAM (window 20) + SUO + traffic load,room-32-32-4,room-32-32-4-random-4,50,0,30.0,solved,0.121525,0.072,1648,56,1594,1493,53,1.103818,0,,/home/carsten/Projects/MAPF/MAPF Evaluator/results/tlcpp-room-32-4/runs/lg_lacam_fork_lg_suo_tl/room-32-32-4/room-32-32-4-random-4_a50_s0_r0,1648,0.072,"{""agents"": ""50"", ""comp_time"": ""72"", ""makespan"": ""56"", ""makespan_lb"": ""53"", ""map_file"": ""room-32-32-4.map"", ""seed"": ""0"", ""soc"": ""1648"", ""soc_lb"": ""1493"", ""solved"": ""1"", ""solver"": ""planner"", ""sum_of_loss"": ""1604"", ""sum_of_loss_lb"": ""1493""}"
lg_lacam_fork:lg_suo,LG-LaCAM (window 20) + SUO,room-32-32-4,room-32-32-4-random-4,50,2,30.0,solved,0.216049,0.127,1641,56,1607,1493,53,1.099129,0,,/home/carsten/Projects/MAPF/MAPF Evaluator/results/tlcpp-room-32-4/runs/lg_lacam_fork_lg_suo/room-32-32-4/room-32-32-4-random-4_a50_s2_r0,1641,0.127,"{""agents"": ""50"", ""comp_time"": ""127"", ""makespan"": ""56"", ""makespan_lb"": ""53"", ""map_file"": ""room-32-32-4.map"", ""seed"": ""2"", ""soc"": ""1641"", ""soc_lb"": ""1493"", ""solved"": ""1"", ""solver"": ""planner"", ""sum_of_loss"": ""1613"", ""sum_of_loss_lb"": ""1493""}"
lg_lacam_fork:lg_suo_tl,LG-LaCAM (window 20) + SUO + traffic load,room-32-32-4,room-32-32-4-random-4,50,1,30.0,solved,0.124329,0.076,1657,56,1605,1493,53,1.109846,0,,/home/carsten/Projects/MAPF/MAPF Evaluator/results/tlcpp-room-32-4/runs/lg_lacam_fork_lg_suo_tl/room-32-32-4/room-32-32-4-random-4_a50_s1_r0,1657,0.076,"{""agents"": ""50"", ""comp_time"": ""76"", ""makespan"": ""56"", ""makespan_lb"": ""53"", ""map_file"": ""room-32-32-4.map"", ""seed"": ""1"", ""soc"": ""1657"", ""soc_lb"": ""1493"", ""solved"": ""1"", ""solver"": ""planner"", ""sum_of_loss"": ""1613"", ""sum_of_loss_lb"": ""1493""}"
lg_lacam_fork:lg_suo_tl,LG-LaCAM (window 20) + SUO + traffic load,room-32-32-4,room-32-32-4-random-4,50,2,30.0,solved,0.084242,0.051,1641,56,1601,1493,53,1.099129,0,,/home/carsten/Projects/MAPF/MAPF Evaluator/results/tlcpp-room-32-4/runs/lg_lacam_fork_lg_suo_tl/room-32-32-4/room-32-32-4-random-4_a50_s2_r0,1641,0.051,"{""agents"": ""50"", ""comp_time"": ""51"", ""makespan"": ""56"", ""makespan_lb"": ""53"", ""map_file"": ""room-32-32-4.map"", ""seed"": ""2"", ""soc"": ""1641"", ""soc_lb"": ""1493"", ""solved"": ""1"", ""solver"": ""planner"", ""sum_of_loss"": ""1609"", ""sum_of_loss_lb"": ""1493""}"
lg_lacam_fork:lacam,"LaCAM (no guidance, first solution)",room-32-32-4,room-32-32-4-random-4,100,0,30.0,solved,0.071728,0.028,4438,68,3845,2610,53,1.700383,0,,/home/carsten/Projects/MAPF/MAPF Evaluator/results/tlcpp-room-32-4/runs/lg_lacam_fork_lacam/room-32-32-4/room-32-32-4-random-4_a100_s0_r0,4438,0.028,"{""agents"": ""100"", ""comp_time"": ""28"", ""makespan"": ""68"", ""makespan_lb"": ""53"", ""map_file"": ""room-32-32-4.map"", ""seed"": ""0"", ""soc"": ""4438"", ""soc_lb"": ""2610"", ""solved"": ""1"", ""solver"": ""planner"", ""sum_of_loss"": ""3928"", ""sum_of_loss_lb"": ""2610""}"
lg_lacam_fork:lacam,"LaCAM (no guidance, first solution)",room-32-32-4,room-32-32-4-random-4,100,1,30.0,solved,0.059705,0.021,4464,73,3880,2610,53,1.710345,0,,/home/carsten/Projects/MAPF/MAPF Evaluator/results/tlcpp-room-32-4/runs/lg_lacam_fork_lacam/room-32-32-4/room-32-32-4-random-4_a100_s1_r0,4464,0.021,"{""agents"": ""100"", ""comp_time"": ""21"", ""makespan"": ""73"", ""makespan_lb"": ""53"", ""map_file"": ""room-32-32-4.map"", ""seed"": ""1"", ""soc"": ""4464"", ""soc_lb"": ""2610"", ""solved"": ""1"", ""solver"": ""planner"", ""sum_of_loss"": ""3965"", ""sum_of_loss_lb"": ""2610""}"
lg_lacam_fork:lacam,"LaCAM (no guidance, first solution)",room-32-32-4,room-32-32-4-random-4,100,2,30.0,solved,0.078253,0.029,4474,65,3919,2610,53,1.714176,0,,/home/carsten/Projects/MAPF/MAPF Evaluator/results/tlcpp-room-32-4/runs/lg_lacam_fork_lacam/room-32-32-4/room-32-32-4-random-4_a100_s2_r0,4474,0.029,"{""agents"": ""100"", ""comp_time"": ""29"", ""makespan"": ""65"", ""makespan_lb"": ""53"", ""map_file"": ""room-32-32-4.map"", ""seed"": ""2"", ""soc"": ""4474"", ""soc_lb"": ""2610"", ""solved"": ""1"", ""solver"": ""planner"", ""sum_of_loss"": ""4005"", ""sum_of_loss_lb"": ""2610""}"
lg_lacam_fork:tl,"LaCAM + traffic load (tie-break, per config)",room-32-32-4,room-32-32-4-random-4,100,0,30.0,solved,0.116598,0.013,4052,59,3642,2610,53,1.55249,0,,/home/carsten/Projects/MAPF/MAPF Evaluator/results/tlcpp-room-32-4/runs/lg_lacam_fork_tl/room-32-32-4/room-32-32-4-random-4_a100_s0_r0,4052,0.013,"{""agents"": ""100"", ""comp_time"": ""13"", ""makespan"": ""59"", ""makespan_lb"": ""53"", ""map_file"": ""room-32-32-4.map"", ""seed"": ""0"", ""soc"": ""4052"", ""soc_lb"": ""2610"", ""solved"": ""1"", ""solver"": ""planner"", ""sum_of_loss"": ""3707"", ""sum_of_loss_lb"": ""2610""}"
lg_lacam_fork:tl,"LaCAM + traffic load (tie-break, per config)",room-32-32-4,room-32-32-4-random-4,100,2,30.0,solved,0.077005,0.04,4129,59,3720,2610,53,1.581992,0,,/home/carsten/Projects/MAPF/MAPF Evaluator/results/tlcpp-room-32-4/runs/lg_lacam_fork_tl/room-32-32-4/room-32-32-4-random-4_a100_s2_r0,4129,0.04,"{""agents"": ""100"", ""comp_time"": ""40"", ""makespan"": ""59"", ""makespan_lb"": ""53"", ""map_file"": ""room-32-32-4.map"", ""seed"": ""2"", ""soc"": ""4129"", ""soc_lb"": ""2610"", ""solved"": ""1"", ""solver"": ""planner"", ""sum_of_loss"": ""3793"", ""sum_of_loss_lb"": ""2610""}"
lg_lacam_fork:tl,"LaCAM + traffic load (tie-break, per config)",room-32-32-4,room-32-32-4-random-4,100,1,30.0,solved,0.106412,0.045,4079,59,3658,2610,53,1.562835,0,,/home/carsten/Projects/MAPF/MAPF Evaluator/results/tlcpp-room-32-4/runs/lg_lacam_fork_tl/room-32-32-4/room-32-32-4-random-4_a100_s1_r0,4079,0.045,"{""agents"": ""100"", ""comp_time"": ""45"", ""makespan"": ""59"", ""makespan_lb"": ""53"", ""map_file"": ""room-32-32-4.map"", ""seed"": ""1"", ""soc"": ""4079"", ""soc_lb"": ""2610"", ""solved"": ""1"", ""solver"": ""planner"", ""sum_of_loss"": ""3726"", ""sum_of_loss_lb"": ""2610""}"
lg_lacam_fork:tl_agent,"LaCAM + traffic load (tie-break, per agent)",room-32-32-4,room-32-32-4-random-4,100,0,30.0,solved,0.050446,0.015,4036,59,3632,2610,53,1.54636,0,,/home/carsten/Projects/MAPF/MAPF Evaluator/results/tlcpp-room-32-4/runs/lg_lacam_fork_tl_agent/room-32-32-4/room-32-32-4-random-4_a100_s0_r0,4036,0.015,"{""agents"": ""100"", ""comp_time"": ""15"", ""makespan"": ""59"", ""makespan_lb"": ""53"", ""map_file"": ""room-32-32-4.map"", ""seed"": ""0"", ""soc"": ""4036"", ""soc_lb"": ""2610"", ""solved"": ""1"", ""solver"": ""planner"", ""sum_of_loss"": ""3694"", ""sum_of_loss_lb"": ""2610""}"
lg_lacam_fork:tl_agent,"LaCAM + traffic load (tie-break, per agent)",room-32-32-4,room-32-32-4-random-4,100,1,30.0,solved,0.081316,0.019,4067,60,3646,2610,53,1.558238,0,,/home/carsten/Projects/MAPF/MAPF Evaluator/results/tlcpp-room-32-4/runs/lg_lacam_fork_tl_agent/room-32-32-4/room-32-32-4-random-4_a100_s1_r0,4067,0.019,"{""agents"": ""100"", ""comp_time"": ""19"", ""makespan"": ""60"", ""makespan_lb"": ""53"", ""map_file"": ""room-32-32-4.map"", ""seed"": ""1"", ""soc"": ""4067"", ""soc_lb"": ""2610"", ""solved"": ""1"", ""solver"": ""planner"", ""sum_of_loss"": ""3712"", ""sum_of_loss_lb"": ""2610""}"
lg_lacam_fork:tl_agent,"LaCAM + traffic load (tie-break, per agent)",room-32-32-4,room-32-32-4-random-4,100,2,30.0,solved,0.087826,0.025,4015,60,3582,2610,53,1.538314,0,,/home/carsten/Projects/MAPF/MAPF Evaluator/results/tlcpp-room-32-4/runs/lg_lacam_fork_tl_agent/room-32-32-4/room-32-32-4-random-4_a100_s2_r0,4015,0.025,"{""agents"": ""100"", ""comp_time"": ""25"", ""makespan"": ""60"", ""makespan_lb"": ""53"", ""map_file"": ""room-32-32-4.map"", ""seed"": ""2"", ""soc"": ""4015"", ""soc_lb"": ""2610"", ""solved"": ""1"", ""solver"": ""planner"", ""sum_of_loss"": ""3653"", ""sum_of_loss_lb"": ""2610""}"
lg_lacam_fork:tl_static,LaCAM + traffic load (static map from starts),room-32-32-4,room-32-32-4-random-4,100,0,30.0,solved,0.044004,0.015,4325,71,3787,2610,53,1.657088,0,,/home/carsten/Projects/MAPF/MAPF Evaluator/results/tlcpp-room-32-4/runs/lg_lacam_fork_tl_static/room-32-32-4/room-32-32-4-random-4_a100_s0_r0,4325,0.015,"{""agents"": ""100"", ""comp_time"": ""15"", ""makespan"": ""71"", ""makespan_lb"": ""53"", ""map_file"": ""room-32-32-4.map"", ""seed"": ""0"", ""soc"": ""4325"", ""soc_lb"": ""2610"", ""solved"": ""1"", ""solver"": ""planner"", ""sum_of_loss"": ""3875"", ""sum_of_loss_lb"": ""2610""}"
lg_lacam_fork:tl_static,LaCAM + traffic load (static map from starts),room-32-32-4,room-32-32-4-random-4,100,2,30.0,solved,0.046942,0.017,4338,71,3782,2610,53,1.662069,0,,/home/carsten/Projects/MAPF/MAPF Evaluator/results/tlcpp-room-32-4/runs/lg_lacam_fork_tl_static/room-32-32-4/room-32-32-4-random-4_a100_s2_r0,4338,0.017,"{""agents"": ""100"", ""comp_time"": ""17"", ""makespan"": ""71"", ""makespan_lb"": ""53"", ""map_file"": ""room-32-32-4.map"", ""seed"": ""2"", ""soc"": ""4338"", ""soc_lb"": ""2610"", ""solved"": ""1"", ""solver"": ""planner"", ""sum_of_loss"": ""3868"", ""sum_of_loss_lb"": ""2610""}"
lg_lacam_fork:tl_static,LaCAM + traffic load (static map from starts),room-32-32-4,room-32-32-4-random-4,100,1,30.0,solved,0.197392,0.125,4307,73,3816,2610,53,1.650192,0,,/home/carsten/Projects/MAPF/MAPF Evaluator/results/tlcpp-room-32-4/runs/lg_lacam_fork_tl_static/room-32-32-4/room-32-32-4-random-4_a100_s1_r0,4307,0.125,"{""agents"": ""100"", ""comp_time"": ""125"", ""makespan"": ""73"", ""makespan_lb"": ""53"", ""map_file"": ""room-32-32-4.map"", ""seed"": ""1"", ""soc"": ""4307"", ""soc_lb"": ""2610"", ""solved"": ""1"", ""solver"": ""planner"", ""sum_of_loss"": ""3902"", ""sum_of_loss_lb"": ""2610""}"
lg_lacam_fork:suo,LaCAM3 = SUO (first solution),room-32-32-4,room-32-32-4-random-4,100,0,30.0,solved,0.091808,0.047,3991,65,3609,2610,53,1.529119,0,,/home/carsten/Projects/MAPF/MAPF Evaluator/results/tlcpp-room-32-4/runs/lg_lacam_fork_suo/room-32-32-4/room-32-32-4-random-4_a100_s0_r0,3991,0.047,"{""agents"": ""100"", ""comp_time"": ""47"", ""makespan"": ""65"", ""makespan_lb"": ""53"", ""map_file"": ""room-32-32-4.map"", ""seed"": ""0"", ""soc"": ""3991"", ""soc_lb"": ""2610"", ""solved"": ""1"", ""solver"": ""planner"", ""sum_of_loss"": ""3680"", ""sum_of_loss_lb"": ""2610""}"
lg_lacam_fork:suo,LaCAM3 = SUO (first solution),room-32-32-4,room-32-32-4-random-4,100,1,30.0,solved,0.134832,0.085,4002,69,3552,2610,53,1.533333,0,,/home/carsten/Projects/MAPF/MAPF Evaluator/results/tlcpp-room-32-4/runs/lg_lacam_fork_suo/room-32-32-4/room-32-32-4-random-4_a100_s1_r0,4002,0.085,"{""agents"": ""100"", ""comp_time"": ""85"", ""makespan"": ""69"", ""makespan_lb"": ""53"", ""map_file"": ""room-32-32-4.map"", ""seed"": ""1"", ""soc"": ""4002"", ""soc_lb"": ""2610"", ""solved"": ""1"", ""solver"": ""planner"", ""sum_of_loss"": ""3629"", ""sum_of_loss_lb"": ""2610""}"
lg_lacam_fork:suo,LaCAM3 = SUO (first solution),room-32-32-4,room-32-32-4-random-4,100,2,30.0,solved,0.118643,0.048,4256,67,3753,2610,53,1.630651,0,,/home/carsten/Projects/MAPF/MAPF Evaluator/results/tlcpp-room-32-4/runs/lg_lacam_fork_suo/room-32-32-4/room-32-32-4-random-4_a100_s2_r0,4256,0.048,"{""agents"": ""100"", ""comp_time"": ""48"", ""makespan"": ""67"", ""makespan_lb"": ""53"", ""map_file"": ""room-32-32-4.map"", ""seed"": ""2"", ""soc"": ""4256"", ""soc_lb"": ""2610"", ""solved"": ""1"", ""solver"": ""planner"", ""sum_of_loss"": ""3821"", ""sum_of_loss_lb"": ""2610""}"
lg_lacam_fork:suo_tl,SUO + traffic load,room-32-32-4,room-32-32-4-random-4,100,0,30.0,solved,0.187201,0.119,3815,59,3391,2610,53,1.461686,0,,/home/carsten/Projects/MAPF/MAPF Evaluator/results/tlcpp-room-32-4/runs/lg_lacam_fork_suo_tl/room-32-32-4/room-32-32-4-random-4_a100_s0_r0,3815,0.119,"{""agents"": ""100"", ""comp_time"": ""119"", ""makespan"": ""59"", ""makespan_lb"": ""53"", ""map_file"": ""room-32-32-4.map"", ""seed"": ""0"", ""soc"": ""3815"", ""soc_lb"": ""2610"", ""solved"": ""1"", ""solver"": ""planner"", ""sum_of_loss"": ""3454"", ""sum_of_loss_lb"": ""2610""}"
lg_lacam_fork:suo_tl,SUO + traffic load,room-32-32-4,room-32-32-4-random-4,100,1,30.0,solved,0.125456,0.073,3884,71,3435,2610,53,1.488123,0,,/home/carsten/Projects/MAPF/MAPF Evaluator/results/tlcpp-room-32-4/runs/lg_lacam_fork_suo_tl/room-32-32-4/room-32-32-4-random-4_a100_s1_r0,3884,0.073,"{""agents"": ""100"", ""comp_time"": ""73"", ""makespan"": ""71"", ""makespan_lb"": ""53"", ""map_file"": ""room-32-32-4.map"", ""seed"": ""1"", ""soc"": ""3884"", ""soc_lb"": ""2610"", ""solved"": ""1"", ""solver"": ""planner"", ""sum_of_loss"": ""3504"", ""sum_of_loss_lb"": ""2610""}"
lg_lacam_fork:suo_tl,SUO + traffic load,room-32-32-4,room-32-32-4-random-4,100,2,30.0,solved,0.152915,0.065,3907,58,3483,2610,53,1.496935,0,,/home/carsten/Projects/MAPF/MAPF Evaluator/results/tlcpp-room-32-4/runs/lg_lacam_fork_suo_tl/room-32-32-4/room-32-32-4-random-4_a100_s2_r0,3907,0.065,"{""agents"": ""100"", ""comp_time"": ""65"", ""makespan"": ""58"", ""makespan_lb"": ""53"", ""map_file"": ""room-32-32-4.map"", ""seed"": ""2"", ""soc"": ""3907"", ""soc_lb"": ""2610"", ""solved"": ""1"", ""solver"": ""planner"", ""sum_of_loss"": ""3543"", ""sum_of_loss_lb"": ""2610""}"
lg_lacam_fork:lg,"LG-LaCAM (window 20, first solution)",room-32-32-4,room-32-32-4-random-4,100,1,30.0,solved,0.121254,0.083,3714,69,3304,2610,53,1.422989,0,,/home/carsten/Projects/MAPF/MAPF Evaluator/results/tlcpp-room-32-4/runs/lg_lacam_fork_lg/room-32-32-4/room-32-32-4-random-4_a100_s1_r0,3714,0.083,"{""agents"": ""100"", ""comp_time"": ""83"", ""makespan"": ""69"", ""makespan_lb"": ""53"", ""map_file"": ""room-32-32-4.map"", ""seed"": ""1"", ""soc"": ""3714"", ""soc_lb"": ""2610"", ""solved"": ""1"", ""solver"": ""planner"", ""sum_of_loss"": ""3357"", ""sum_of_loss_lb"": ""2610""}"
lg_lacam_fork:lg,"LG-LaCAM (window 20, first solution)",room-32-32-4,room-32-32-4-random-4,100,2,30.0,solved,0.137352,0.074,3551,64,3206,2610,53,1.360536,0,,/home/carsten/Projects/MAPF/MAPF Evaluator/results/tlcpp-room-32-4/runs/lg_lacam_fork_lg/room-32-32-4/room-32-32-4-random-4_a100_s2_r0,3551,0.074,"{""agents"": ""100"", ""comp_time"": ""74"", ""makespan"": ""64"", ""makespan_lb"": ""53"", ""map_file"": ""room-32-32-4.map"", ""seed"": ""2"", ""soc"": ""3551"", ""soc_lb"": ""2610"", ""solved"": ""1"", ""solver"": ""planner"", ""sum_of_loss"": ""3253"", ""sum_of_loss_lb"": ""2610""}"
lg_lacam_fork:lg,"LG-LaCAM (window 20, first solution)",room-32-32-4,room-32-32-4-random-4,100,0,30.0,solved,0.191706,0.08,3688,61,3228,2610,53,1.413027,0,,/home/carsten/Projects/MAPF/MAPF Evaluator/results/tlcpp-room-32-4/runs/lg_lacam_fork_lg/room-32-32-4/room-32-32-4-random-4_a100_s0_r0,3688,0.08,"{""agents"": ""100"", ""comp_time"": ""80"", ""makespan"": ""61"", ""makespan_lb"": ""53"", ""map_file"": ""room-32-32-4.map"", ""seed"": ""0"", ""soc"": ""3688"", ""soc_lb"": ""2610"", ""solved"": ""1"", ""solver"": ""planner"", ""sum_of_loss"": ""3287"", ""sum_of_loss_lb"": ""2610""}"
lg_lacam_fork:lg_tl,LG-LaCAM (window 20) + traffic load,room-32-32-4,room-32-32-4-random-4,100,0,30.0,solved,0.195023,0.133,3651,56,3310,2610,53,1.398851,0,,/home/carsten/Projects/MAPF/MAPF Evaluator/results/tlcpp-room-32-4/runs/lg_lacam_fork_lg_tl/room-32-32-4/room-32-32-4-random-4_a100_s0_r0,3651,0.133,"{""agents"": ""100"", ""comp_time"": ""133"", ""makespan"": ""56"", ""makespan_lb"": ""53"", ""map_file"": ""room-32-32-4.map"", ""seed"": ""0"", ""soc"": ""3651"", ""soc_lb"": ""2610"", ""solved"": ""1"", ""solver"": ""planner"", ""sum_of_loss"": ""3359"", ""sum_of_loss_lb"": ""2610""}"
lg_lacam_fork:lg_tl,LG-LaCAM (window 20) + traffic load,room-32-32-4,room-32-32-4-random-4,100,1,30.0,solved,0.19062,0.146,3541,61,3222,2610,53,1.356705,0,,/home/carsten/Projects/MAPF/MAPF Evaluator/results/tlcpp-room-32-4/runs/lg_lacam_fork_lg_tl/room-32-32-4/room-32-32-4-random-4_a100_s1_r0,3541,0.146,"{""agents"": ""100"", ""comp_time"": ""146"", ""makespan"": ""61"", ""makespan_lb"": ""53"", ""map_file"": ""room-32-32-4.map"", ""seed"": ""1"", ""soc"": ""3541"", ""soc_lb"": ""2610"", ""solved"": ""1"", ""solver"": ""planner"", ""sum_of_loss"": ""3269"", ""sum_of_loss_lb"": ""2610""}"
lg_lacam_fork:lg_tl,LG-LaCAM (window 20) + traffic load,room-32-32-4,room-32-32-4-random-4,100,2,30.0,solved,0.1975,0.136,3497,63,3218,2610,53,1.339847,0,,/home/carsten/Projects/MAPF/MAPF Evaluator/results/tlcpp-room-32-4/runs/lg_lacam_fork_lg_tl/room-32-32-4/room-32-32-4-random-4_a100_s2_r0,3497,0.136,"{""agents"": ""100"", ""comp_time"": ""136"", ""makespan"": ""63"", ""makespan_lb"": ""53"", ""map_file"": ""room-32-32-4.map"", ""seed"": ""2"", ""soc"": ""3497"", ""soc_lb"": ""2610"", ""solved"": ""1"", ""solver"": ""planner"", ""sum_of_loss"": ""3272"", ""sum_of_loss_lb"": ""2610""}"
lg_lacam_fork:lg_suo,LG-LaCAM (window 20) + SUO,room-32-32-4,room-32-32-4-random-4,100,2,30.0,solved,0.164774,0.131,3839,61,3395,2610,53,1.470881,0,,/home/carsten/Projects/MAPF/MAPF Evaluator/results/tlcpp-room-32-4/runs/lg_lacam_fork_lg_suo/room-32-32-4/room-32-32-4-random-4_a100_s2_r0,3839,0.131,"{""agents"": ""100"", ""comp_time"": ""131"", ""makespan"": ""61"", ""makespan_lb"": ""53"", ""map_file"": ""room-32-32-4.map"", ""seed"": ""2"", ""soc"": ""3839"", ""soc_lb"": ""2610"", ""solved"": ""1"", ""solver"": ""planner"", ""sum_of_loss"": ""3471"", ""sum_of_loss_lb"": ""2610""}"
lg_lacam_fork:lg_suo,LG-LaCAM (window 20) + SUO,room-32-32-4,room-32-32-4-random-4,100,0,30.0,solved,0.305866,0.224,3580,63,3220,2610,53,1.371648,0,,/home/carsten/Projects/MAPF/MAPF Evaluator/results/tlcpp-room-32-4/runs/lg_lacam_fork_lg_suo/room-32-32-4/room-32-32-4-random-4_a100_s0_r0,3580,0.224,"{""agents"": ""100"", ""comp_time"": ""224"", ""makespan"": ""63"", ""makespan_lb"": ""53"", ""map_file"": ""room-32-32-4.map"", ""seed"": ""0"", ""soc"": ""3580"", ""soc_lb"": ""2610"", ""solved"": ""1"", ""solver"": ""planner"", ""sum_of_loss"": ""3273"", ""sum_of_loss_lb"": ""2610""}"
lg_lacam_fork:lg_suo,LG-LaCAM (window 20) + SUO,room-32-32-4,room-32-32-4-random-4,100,1,30.0,solved,0.360832,0.296,3680,61,3287,2610,53,1.409962,0,,/home/carsten/Projects/MAPF/MAPF Evaluator/results/tlcpp-room-32-4/runs/lg_lacam_fork_lg_suo/room-32-32-4/room-32-32-4-random-4_a100_s1_r0,3680,0.296,"{""agents"": ""100"", ""comp_time"": ""296"", ""makespan"": ""61"", ""makespan_lb"": ""53"", ""map_file"": ""room-32-32-4.map"", ""seed"": ""1"", ""soc"": ""3680"", ""soc_lb"": ""2610"", ""solved"": ""1"", ""solver"": ""planner"", ""sum_of_loss"": ""3343"", ""sum_of_loss_lb"": ""2610""}"
lg_lacam_fork:lg_suo_tl,LG-LaCAM (window 20) + SUO + traffic load,room-32-32-4,room-32-32-4-random-4,100,0,30.0,solved,0.359456,0.269,3503,61,3182,2610,53,1.342146,0,,/home/carsten/Projects/MAPF/MAPF Evaluator/results/tlcpp-room-32-4/runs/lg_lacam_fork_lg_suo_tl/room-32-32-4/room-32-32-4-random-4_a100_s0_r0,3503,0.269,"{""agents"": ""100"", ""comp_time"": ""269"", ""makespan"": ""61"", ""makespan_lb"": ""53"", ""map_file"": ""room-32-32-4.map"", ""seed"": ""0"", ""soc"": ""3503"", ""soc_lb"": ""2610"", ""solved"": ""1"", ""solver"": ""planner"", ""sum_of_loss"": ""3240"", ""sum_of_loss_lb"": ""2610""}"
lg_lacam_fork:lg_suo_tl,LG-LaCAM (window 20) + SUO + traffic load,room-32-32-4,room-32-32-4-random-4,100,2,30.0,solved,0.362725,0.271,3605,58,3263,2610,53,1.381226,0,,/home/carsten/Projects/MAPF/MAPF Evaluator/results/tlcpp-room-32-4/runs/lg_lacam_fork_lg_suo_tl/room-32-32-4/room-32-32-4-random-4_a100_s2_r0,3605,0.271,"{""agents"": ""100"", ""comp_time"": ""271"", ""makespan"": ""58"", ""makespan_lb"": ""53"", ""map_file"": ""room-32-32-4.map"", ""seed"": ""2"", ""soc"": ""3605"", ""soc_lb"": ""2610"", ""solved"": ""1"", ""solver"": ""planner"", ""sum_of_loss"": ""3316"", ""sum_of_loss_lb"": ""2610""}"
lg_lacam_fork:lg_suo_tl,LG-LaCAM (window 20) + SUO + traffic load,room-32-32-4,room-32-32-4-random-4,100,1,30.0,solved,0.371321,0.285,3560,55,3178,2610,53,1.363985,0,,/home/carsten/Projects/MAPF/MAPF Evaluator/results/tlcpp-room-32-4/runs/lg_lacam_fork_lg_suo_tl/room-32-32-4/room-32-32-4-random-4_a100_s1_r0,3560,0.285,"{""agents"": ""100"", ""comp_time"": ""285"", ""makespan"": ""55"", ""makespan_lb"": ""53"", ""map_file"": ""room-32-32-4.map"", ""seed"": ""1"", ""soc"": ""3560"", ""soc_lb"": ""2610"", ""solved"": ""1"", ""solver"": ""planner"", ""sum_of_loss"": ""3233"", ""sum_of_loss_lb"": ""2610""}"
lg_lacam_fork:lacam,"LaCAM (no guidance, first solution)",room-32-32-4,room-32-32-4-random-4,150,0,30.0,solved,0.136741,0.048,7724,78,6777,3780,53,2.043386,0,,/home/carsten/Projects/MAPF/MAPF Evaluator/results/tlcpp-room-32-4/runs/lg_lacam_fork_lacam/room-32-32-4/room-32-32-4-random-4_a150_s0_r0,7724,0.048,"{""agents"": ""150"", ""comp_time"": ""48"", ""makespan"": ""78"", ""makespan_lb"": ""53"", ""map_file"": ""room-32-32-4.map"", ""seed"": ""0"", ""soc"": ""7724"", ""soc_lb"": ""3780"", ""solved"": ""1"", ""solver"": ""planner"", ""sum_of_loss"": ""6956"", ""sum_of_loss_lb"": ""3780""}"
lg_lacam_fork:lacam,"LaCAM (no guidance, first solution)",room-32-32-4,room-32-32-4-random-4,150,1,30.0,solved,0.078211,0.023,7910,83,6905,3780,53,2.092593,0,,/home/carsten/Projects/MAPF/MAPF Evaluator/results/tlcpp-room-32-4/runs/lg_lacam_fork_lacam/room-32-32-4/room-32-32-4-random-4_a150_s1_r0,7910,0.023,"{""agents"": ""150"", ""comp_time"": ""23"", ""makespan"": ""83"", ""makespan_lb"": ""53"", ""map_file"": ""room-32-32-4.map"", ""seed"": ""1"", ""soc"": ""7910"", ""soc_lb"": ""3780"", ""solved"": ""1"", ""solver"": ""planner"", ""sum_of_loss"": ""7088"", ""sum_of_loss_lb"": ""3780""}"
lg_lacam_fork:lacam,"LaCAM (no guidance, first solution)",room-32-32-4,room-32-32-4-random-4,150,2,30.0,solved,0.149828,0.039,7955,79,6843,3780,53,2.104497,0,,/home/carsten/Projects/MAPF/MAPF Evaluator/results/tlcpp-room-32-4/runs/lg_lacam_fork_lacam/room-32-32-4/room-32-32-4-random-4_a150_s2_r0,7955,0.039,"{""agents"": ""150"", ""comp_time"": ""39"", ""makespan"": ""79"", ""makespan_lb"": ""53"", ""map_file"": ""room-32-32-4.map"", ""seed"": ""2"", ""soc"": ""7955"", ""soc_lb"": ""3780"", ""solved"": ""1"", ""solver"": ""planner"", ""sum_of_loss"": ""7023"", ""sum_of_loss_lb"": ""3780""}"
lg_lacam_fork:tl,"LaCAM + traffic load (tie-break, per config)",room-32-32-4,room-32-32-4-random-4,150,0,30.0,solved,0.088581,0.017,6877,68,6064,3780,53,1.819312,0,,/home/carsten/Projects/MAPF/MAPF Evaluator/results/tlcpp-room-32-4/runs/lg_lacam_fork_tl/room-32-32-4/room-32-32-4-random-4_a150_s0_r0,6877,0.017,"{""agents"": ""150"", ""comp_time"": ""17"", ""makespan"": ""68"", ""makespan_lb"": ""53"", ""map_file"": ""room-32-32-4.map"", ""seed"": ""0"", ""soc"": ""6877"", ""soc_lb"": ""3780"", ""solved"": ""1"", ""solver"": ""planner"", ""sum_of_loss"": ""6200"", ""sum_of_loss_lb"": ""3780""}"
lg_lacam_fork:tl,"LaCAM + traffic load (tie-break, per config)",room-32-32-4,room-32-32-4-random-4,150,1,30.0,solved,0.110858,0.064,6810,66,6107,3780,53,1.801587,0,,/home/carsten/Projects/MAPF/MAPF Evaluator/results/tlcpp-room-32-4/runs/lg_lacam_fork_tl/room-32-32-4/room-32-32-4-random-4_a150_s1_r0,6810,0.064,"{""agents"": ""150"", ""comp_time"": ""64"", ""makespan"": ""66"", ""makespan_lb"": ""53"", ""map_file"": ""room-32-32-4.map"", ""seed"": ""1"", ""soc"": ""6810"", ""soc_lb"": ""3780"", ""solved"": ""1"", ""solver"": ""planner"", ""sum_of_loss"": ""6237"", ""sum_of_loss_lb"": ""3780""}"
lg_lacam_fork:tl_static,LaCAM + traffic load (static map from starts),room-32-32-4,room-32-32-4-random-3,200,1,30.0,solved,14.597835,14.381,16418,184,12352,4986,55,3.29282,0,,/home/carsten/Projects/MAPF/MAPF Evaluator/results/tlcpp-room-32-4/runs/lg_lacam_fork_tl_static/room-32-32-4/room-32-32-4-random-3_a200_s1_r0,16418,14.381,"{""agents"": ""200"", ""comp_time"": ""14381"", ""makespan"": ""184"", ""makespan_lb"": ""55"", ""map_file"": ""room-32-32-4.map"", ""seed"": ""1"", ""soc"": ""16418"", ""soc_lb"": ""4986"", ""solved"": ""1"", ""solver"": ""planner"", ""sum_of_loss"": ""13160"", ""sum_of_loss_lb"": ""4986""}"
lg_lacam_fork:tl,"LaCAM + traffic load (tie-break, per config)",room-32-32-4,room-32-32-4-random-4,150,2,30.0,solved,0.078959,0.038,7054,70,6180,3780,53,1.866138,0,,/home/carsten/Projects/MAPF/MAPF Evaluator/results/tlcpp-room-32-4/runs/lg_lacam_fork_tl/room-32-32-4/room-32-32-4-random-4_a150_s2_r0,7054,0.038,"{""agents"": ""150"", ""comp_time"": ""38"", ""makespan"": ""70"", ""makespan_lb"": ""53"", ""map_file"": ""room-32-32-4.map"", ""seed"": ""2"", ""soc"": ""7054"", ""soc_lb"": ""3780"", ""solved"": ""1"", ""solver"": ""planner"", ""sum_of_loss"": ""6324"", ""sum_of_loss_lb"": ""3780""}"
lg_lacam_fork:tl_agent,"LaCAM + traffic load (tie-break, per agent)",room-32-32-4,room-32-32-4-random-4,150,1,30.0,solved,0.149249,0.063,6780,75,6072,3780,53,1.793651,0,,/home/carsten/Projects/MAPF/MAPF Evaluator/results/tlcpp-room-32-4/runs/lg_lacam_fork_tl_agent/room-32-32-4/room-32-32-4-random-4_a150_s1_r0,6780,0.063,"{""agents"": ""150"", ""comp_time"": ""63"", ""makespan"": ""75"", ""makespan_lb"": ""53"", ""map_file"": ""room-32-32-4.map"", ""seed"": ""1"", ""soc"": ""6780"", ""soc_lb"": ""3780"", ""solved"": ""1"", ""solver"": ""planner"", ""sum_of_loss"": ""6200"", ""sum_of_loss_lb"": ""3780""}"
lg_lacam_fork:tl_agent,"LaCAM + traffic load (tie-break, per agent)",room-32-32-4,room-32-32-4-random-4,150,0,30.0,solved,0.130895,0.063,6823,73,6066,3780,53,1.805026,0,,/home/carsten/Projects/MAPF/MAPF Evaluator/results/tlcpp-room-32-4/runs/lg_lacam_fork_tl_agent/room-32-32-4/room-32-32-4-random-4_a150_s0_r0,6823,0.063,"{""agents"": ""150"", ""comp_time"": ""63"", ""makespan"": ""73"", ""makespan_lb"": ""53"", ""map_file"": ""room-32-32-4.map"", ""seed"": ""0"", ""soc"": ""6823"", ""soc_lb"": ""3780"", ""solved"": ""1"", ""solver"": ""planner"", ""sum_of_loss"": ""6191"", ""sum_of_loss_lb"": ""3780""}"
lg_lacam_fork:tl_static,LaCAM + traffic load (static map from starts),room-32-32-4,room-32-32-4-random-4,150,0,30.0,solved,0.149987,0.085,7385,78,6434,3780,53,1.953704,0,,/home/carsten/Projects/MAPF/MAPF Evaluator/results/tlcpp-room-32-4/runs/lg_lacam_fork_tl_static/room-32-32-4/room-32-32-4-random-4_a150_s0_r0,7385,0.085,"{""agents"": ""150"", ""comp_time"": ""85"", ""makespan"": ""78"", ""makespan_lb"": ""53"", ""map_file"": ""room-32-32-4.map"", ""seed"": ""0"", ""soc"": ""7385"", ""soc_lb"": ""3780"", ""solved"": ""1"", ""solver"": ""planner"", ""sum_of_loss"": ""6618"", ""sum_of_loss_lb"": ""3780""}"
lg_lacam_fork:tl_agent,"LaCAM + traffic load (tie-break, per agent)",room-32-32-4,room-32-32-4-random-4,150,2,30.0,solved,0.135949,0.066,7052,81,6258,3780,53,1.865608,0,,/home/carsten/Projects/MAPF/MAPF Evaluator/results/tlcpp-room-32-4/runs/lg_lacam_fork_tl_agent/room-32-32-4/room-32-32-4-random-4_a150_s2_r0,7052,0.066,"{""agents"": ""150"", ""comp_time"": ""66"", ""makespan"": ""81"", ""makespan_lb"": ""53"", ""map_file"": ""room-32-32-4.map"", ""seed"": ""2"", ""soc"": ""7052"", ""soc_lb"": ""3780"", ""solved"": ""1"", ""solver"": ""planner"", ""sum_of_loss"": ""6385"", ""sum_of_loss_lb"": ""3780""}"
lg_lacam_fork:tl_static,LaCAM + traffic load (static map from starts),room-32-32-4,room-32-32-4-random-4,150,2,30.0,solved,0.10489,0.044,7468,94,6524,3780,53,1.975661,0,,/home/carsten/Projects/MAPF/MAPF Evaluator/results/tlcpp-room-32-4/runs/lg_lacam_fork_tl_static/room-32-32-4/room-32-32-4-random-4_a150_s2_r0,7468,0.044,"{""agents"": ""150"", ""comp_time"": ""44"", ""makespan"": ""94"", ""makespan_lb"": ""53"", ""map_file"": ""room-32-32-4.map"", ""seed"": ""2"", ""soc"": ""7468"", ""soc_lb"": ""3780"", ""solved"": ""1"", ""solver"": ""planner"", ""sum_of_loss"": ""6725"", ""sum_of_loss_lb"": ""3780""}"
lg_lacam_fork:tl_static,LaCAM + traffic load (static map from starts),room-32-32-4,room-32-32-4-random-4,150,1,30.0,solved,0.095507,0.045,7518,91,6556,3780,53,1.988889,0,,/home/carsten/Projects/MAPF/MAPF Evaluator/results/tlcpp-room-32-4/runs/lg_lacam_fork_tl_static/room-32-32-4/room-32-32-4-random-4_a150_s1_r0,7518,0.045,"{""agents"": ""150"", ""comp_time"": ""45"", ""makespan"": ""91"", ""makespan_lb"": ""53"", ""map_file"": ""room-32-32-4.map"", ""seed"": ""1"", ""soc"": ""7518"", ""soc_lb"": ""3780"", ""solved"": ""1"", ""solver"": ""planner"", ""sum_of_loss"": ""6766"", ""sum_of_loss_lb"": ""3780""}"
lg_lacam_fork:suo,LaCAM3 = SUO (first solution),room-32-32-4,room-32-32-4-random-4,150,0,30.0,solved,0.113292,0.068,7629,74,6407,3780,53,2.018254,0,,/home/carsten/Projects/MAPF/MAPF Evaluator/results/tlcpp-room-32-4/runs/lg_lacam_fork_suo/room-32-32-4/room-32-32-4-random-4_a150_s0_r0,7629,0.068,"{""agents"": ""150"", ""comp_time"": ""68"", ""makespan"": ""74"", ""makespan_lb"": ""53"", ""map_file"": ""room-32-32-4.map"", ""seed"": ""0"", ""soc"": ""7629"", ""soc_lb"": ""3780"", ""solved"": ""1"", ""solver"": ""planner"", ""sum_of_loss"": ""6593"", ""sum_of_loss_lb"": ""3780""}"
lg_lacam_fork:suo,LaCAM3 = SUO (first solution),room-32-32-4,room-32-32-4-random-4,150,1,30.0,solved,0.130291,0.09,7167,67,6309,3780,53,1.896032,0,,/home/carsten/Projects/MAPF/MAPF Evaluator/results/tlcpp-room-32-4/runs/lg_lacam_fork_suo/room-32-32-4/room-32-32-4-random-4_a150_s1_r0,7167,0.09,"{""agents"": ""150"", ""comp_time"": ""90"", ""makespan"": ""67"", ""makespan_lb"": ""53"", ""map_file"": ""room-32-32-4.map"", ""seed"": ""1"", ""soc"": ""7167"", ""soc_lb"": ""3780"", ""solved"": ""1"", ""solver"": ""planner"", ""sum_of_loss"": ""6477"", ""sum_of_loss_lb"": ""3780""}"
lg_lacam_fork:suo,LaCAM3 = SUO (first solution),room-32-32-4,room-32-32-4-random-4,150,2,30.0,solved,0.168702,0.095,7576,85,6532,3780,53,2.004233,0,,/home/carsten/Projects/MAPF/MAPF Evaluator/results/tlcpp-room-32-4/runs/lg_lacam_fork_suo/room-32-32-4/room-32-32-4-random-4_a150_s2_r0,7576,0.095,"{""agents"": ""150"", ""comp_time"": ""95"", ""makespan"": ""85"", ""makespan_lb"": ""53"", ""map_file"": ""room-32-32-4.map"", ""seed"": ""2"", ""soc"": ""7576"", ""soc_lb"": ""3780"", ""solved"": ""1"", ""solver"": ""planner"", ""sum_of_loss"": ""6720"", ""sum_of_loss_lb"": ""3780""}"
lg_lacam_fork:suo_tl,SUO + traffic load,room-32-32-4,room-32-32-4-random-4,150,0,30.0,solved,0.226073,0.08,6917,68,5958,3780,53,1.829894,0,,/home/carsten/Projects/MAPF/MAPF Evaluator/results/tlcpp-room-32-4/runs/lg_lacam_fork_suo_tl/room-32-32-4/room-32-32-4-random-4_a150_s0_r0,6917,0.08,"{""agents"": ""150"", ""comp_time"": ""80"", ""makespan"": ""68"", ""makespan_lb"": ""53"", ""map_file"": ""room-32-32-4.map"", ""seed"": ""0"", ""soc"": ""6917"", ""soc_lb"": ""3780"", ""solved"": ""1"", ""solver"": ""planner"", ""sum_of_loss"": ""6110"", ""sum_of_loss_lb"": ""3780""}"
lg_lacam_fork:suo_tl,SUO + traffic load,room-32-32-4,room-32-32-4-random-4,150,1,30.0,solved,0.327113,0.175,6750,67,5992,3780,53,1.785714,0,,/home/carsten/Projects/MAPF/MAPF Evaluator/results/tlcpp-room-32-4/runs/lg_lacam_fork_suo_tl/room-32-32-4/room-32-32-4-random-4_a150_s1_r0,6750,0.175,"{""agents"": ""150"", ""comp_time"": ""175"", ""makespan"": ""67"", ""makespan_lb"": ""53"", ""map_file"": ""room-32-32-4.map"", ""seed"": ""1"", ""soc"": ""6750"", ""soc_lb"": ""3780"", ""solved"": ""1"", ""solver"": ""planner"", ""sum_of_loss"": ""6143"", ""sum_of_loss_lb"": ""3780""}"
lg_lacam_fork:suo_tl,SUO + traffic load,room-32-32-4,room-32-32-4-random-4,150,2,30.0,solved,0.348848,0.181,6900,67,6099,3780,53,1.825397,0,,/home/carsten/Projects/MAPF/MAPF Evaluator/results/tlcpp-room-32-4/runs/lg_lacam_fork_suo_tl/room-32-32-4/room-32-32-4-random-4_a150_s2_r0,6900,0.181,"{""agents"": ""150"", ""comp_time"": ""181"", ""makespan"": ""67"", ""makespan_lb"": ""53"", ""map_file"": ""room-32-32-4.map"", ""seed"": ""2"", ""soc"": ""6900"", ""soc_lb"": ""3780"", ""solved"": ""1"", ""solver"": ""planner"", ""sum_of_loss"": ""6229"", ""sum_of_loss_lb"": ""3780""}"
lg_lacam_fork:lg,"LG-LaCAM (window 20, first solution)",room-32-32-4,room-32-32-4-random-4,150,1,30.0,solved,0.218643,0.159,6510,73,5594,3780,53,1.722222,0,,/home/carsten/Projects/MAPF/MAPF Evaluator/results/tlcpp-room-32-4/runs/lg_lacam_fork_lg/room-32-32-4/room-32-32-4-random-4_a150_s1_r0,6510,0.159,"{""agents"": ""150"", ""comp_time"": ""159"", ""makespan"": ""73"", ""makespan_lb"": ""53"", ""map_file"": ""room-32-32-4.map"", ""seed"": ""1"", ""soc"": ""6510"", ""soc_lb"": ""3780"", ""solved"": ""1"", ""solver"": ""planner"", ""sum_of_loss"": ""5746"", ""sum_of_loss_lb"": ""3780""}"
lg_lacam_fork:lg,"LG-LaCAM (window 20, first solution)",room-32-32-4,room-32-32-4-random-4,150,0,30.0,solved,0.40516,0.308,6135,62,5436,3780,53,1.623016,0,,/home/carsten/Projects/MAPF/MAPF Evaluator/results/tlcpp-room-32-4/runs/lg_lacam_fork_lg/room-32-32-4/room-32-32-4-random-4_a150_s0_r0,6135,0.308,"{""agents"": ""150"", ""comp_time"": ""308"", ""makespan"": ""62"", ""makespan_lb"": ""53"", ""map_file"": ""room-32-32-4.map"", ""seed"": ""0"", ""soc"": ""6135"", ""soc_lb"": ""3780"", ""solved"": ""1"", ""solver"": ""planner"", ""sum_of_loss"": ""5551"", ""sum_of_loss_lb"": ""3780""}"
lg_lacam_fork:lg,"LG-LaCAM (window 20, first solution)",room-32-32-4,room-32-32-4-random-4,150,2,30.0,solved,0.483112,0.357,6261,67,5550,3780,53,1.656349,0,,/home/carsten/Projects/MAPF/MAPF Evaluator/results/tlcpp-room-32-4/runs/lg_lacam_fork_lg/room-32-32-4/room-32-32-4-random-4_a150_s2_r0,6261,0.357,"{""agents"": ""150"", ""comp_time"": ""357"", ""makespan"": ""67"", ""makespan_lb"": ""53"", ""map_file"": ""room-32-32-4.map"", ""seed"": ""2"", ""soc"": ""6261"", ""soc_lb"": ""3780"", ""solved"": ""1"", ""solver"": ""planner"", ""sum_of_loss"": ""5653"", ""sum_of_loss_lb"": ""3780""}"
lg_lacam_fork:lg_tl,LG-LaCAM (window 20) + traffic load,room-32-32-4,room-32-32-4-random-4,150,0,30.0,solved,0.416838,0.338,5990,65,5313,3780,53,1.584656,0,,/home/carsten/Projects/MAPF/MAPF Evaluator/results/tlcpp-room-32-4/runs/lg_lacam_fork_lg_tl/room-32-32-4/room-32-32-4-random-4_a150_s0_r0,5990,0.338,"{""agents"": ""150"", ""comp_time"": ""338"", ""makespan"": ""65"", ""makespan_lb"": ""53"", ""map_file"": ""room-32-32-4.map"", ""seed"": ""0"", ""soc"": ""5990"", ""soc_lb"": ""3780"", ""solved"": ""1"", ""solver"": ""planner"", ""sum_of_loss"": ""5419"", ""sum_of_loss_lb"": ""3780""}"
lg_lacam_fork:lg_tl,LG-LaCAM (window 20) + traffic load,room-32-32-4,room-32-32-4-random-4,150,2,30.0,solved,0.186146,0.1,5930,62,5234,3780,53,1.568783,0,,/home/carsten/Projects/MAPF/MAPF Evaluator/results/tlcpp-room-32-4/runs/lg_lacam_fork_lg_tl/room-32-32-4/room-32-32-4-random-4_a150_s2_r0,5930,0.1,"{""agents"": ""150"", ""comp_time"": ""100"", ""makespan"": ""62"", ""makespan_lb"": ""53"", ""map_file"": ""room-32-32-4.map"", ""seed"": ""2"", ""soc"": ""5930"", ""soc_lb"": ""3780"", ""solved"": ""1"", ""solver"": ""planner"", ""sum_of_loss"": ""5335"", ""sum_of_loss_lb"": ""3780""}"
lg_lacam_fork:lg_tl,LG-LaCAM (window 20) + traffic load,room-32-32-4,room-32-32-4-random-4,150,1,30.0,solved,0.30541,0.184,6153,69,5368,3780,53,1.627778,0,,/home/carsten/Projects/MAPF/MAPF Evaluator/results/tlcpp-room-32-4/runs/lg_lacam_fork_lg_tl/room-32-32-4/room-32-32-4-random-4_a150_s1_r0,6153,0.184,"{""agents"": ""150"", ""comp_time"": ""184"", ""makespan"": ""69"", ""makespan_lb"": ""53"", ""map_file"": ""room-32-32-4.map"", ""seed"": ""1"", ""soc"": ""6153"", ""soc_lb"": ""3780"", ""solved"": ""1"", ""solver"": ""planner"", ""sum_of_loss"": ""5496"", ""sum_of_loss_lb"": ""3780""}"
lg_lacam_fork:lg_suo,LG-LaCAM (window 20) + SUO,room-32-32-4,room-32-32-4-random-4,150,0,30.0,solved,0.303715,0.243,6215,65,5457,3780,53,1.64418,0,,/home/carsten/Projects/MAPF/MAPF Evaluator/results/tlcpp-room-32-4/runs/lg_lacam_fork_lg_suo/room-32-32-4/room-32-32-4-random-4_a150_s0_r0,6215,0.243,"{""agents"": ""150"", ""comp_time"": ""243"", ""makespan"": ""65"", ""makespan_lb"": ""53"", ""map_file"": ""room-32-32-4.map"", ""seed"": ""0"", ""soc"": ""6215"", ""soc_lb"": ""3780"", ""solved"": ""1"", ""solver"": ""planner"", ""sum_of_loss"": ""5580"", ""sum_of_loss_lb"": ""3780""}"
lg_lacam_fork:lg_suo,LG-LaCAM (window 20) + SUO,room-32-32-4,room-32-32-4-random-4,150,1,30.0,solved,0.504083,0.401,6050,64,5381,3780,53,1.600529,0,,/home/carsten/Projects/MAPF/MAPF Evaluator/results/tlcpp-room-32-4/runs/lg_lacam_fork_lg_suo/room-32-32-4/room-32-32-4-random-4_a150_s1_r0,6050,0.401,"{""agents"": ""150"", ""comp_time"": ""401"", ""makespan"": ""64"", ""makespan_lb"": ""53"", ""map_file"": ""room-32-32-4.map"", ""seed"": ""1"", ""soc"": ""6050"", ""soc_lb"": ""3780"", ""solved"": ""1"", ""solver"": ""planner"", ""sum_of_loss"": ""5499"", ""sum_of_loss_lb"": ""3780""}"
lg_lacam_fork:lg_suo_tl,LG-LaCAM (window 20) + SUO + traffic load,room-32-32-4,room-32-32-4-random-4,150,0,30.0,solved,0.56277,0.481,5928,64,5266,3780,53,1.568254,0,,/home/carsten/Projects/MAPF/MAPF Evaluator/results/tlcpp-room-32-4/runs/lg_lacam_fork_lg_suo_tl/room-32-32-4/room-32-32-4-random-4_a150_s0_r0,5928,0.481,"{""agents"": ""150"", ""comp_time"": ""481"", ""makespan"": ""64"", ""makespan_lb"": ""53"", ""map_file"": ""room-32-32-4.map"", ""seed"": ""0"", ""soc"": ""5928"", ""soc_lb"": ""3780"", ""solved"": ""1"", ""solver"": ""planner"", ""sum_of_loss"": ""5384"", ""sum_of_loss_lb"": ""3780""}"
lg_lacam_fork:lg_suo,LG-LaCAM (window 20) + SUO,room-32-32-4,room-32-32-4-random-4,150,2,30.0,solved,0.592626,0.489,6391,66,5581,3780,53,1.690741,0,,/home/carsten/Projects/MAPF/MAPF Evaluator/results/tlcpp-room-32-4/runs/lg_lacam_fork_lg_suo/room-32-32-4/room-32-32-4-random-4_a150_s2_r0,6391,0.489,"{""agents"": ""150"", ""comp_time"": ""489"", ""makespan"": ""66"", ""makespan_lb"": ""53"", ""map_file"": ""room-32-32-4.map"", ""seed"": ""2"", ""soc"": ""6391"", ""soc_lb"": ""3780"", ""solved"": ""1"", ""solver"": ""planner"", ""sum_of_loss"": ""5700"", ""sum_of_loss_lb"": ""3780""}"
lg_lacam_fork:lg_suo_tl,LG-LaCAM (window 20) + SUO + traffic load,room-32-32-4,room-32-32-4-random-4,150,1,30.0,solved,0.561237,0.443,6020,61,5292,3780,53,1.592593,0,,/home/carsten/Projects/MAPF/MAPF Evaluator/results/tlcpp-room-32-4/runs/lg_lacam_fork_lg_suo_tl/room-32-32-4/room-32-32-4-random-4_a150_s1_r0,6020,0.443,"{""agents"": ""150"", ""comp_time"": ""443"", ""makespan"": ""61"", ""makespan_lb"": ""53"", ""map_file"": ""room-32-32-4.map"", ""seed"": ""1"", ""soc"": ""6020"", ""soc_lb"": ""3780"", ""solved"": ""1"", ""solver"": ""planner"", ""sum_of_loss"": ""5410"", ""sum_of_loss_lb"": ""3780""}"
lg_lacam_fork:lg_suo_tl,LG-LaCAM (window 20) + SUO + traffic load,room-32-32-4,room-32-32-4-random-4,150,2,30.0,solved,0.490703,0.288,6028,66,5265,3780,53,1.594709,0,,/home/carsten/Projects/MAPF/MAPF Evaluator/results/tlcpp-room-32-4/runs/lg_lacam_fork_lg_suo_tl/room-32-32-4/room-32-32-4-random-4_a150_s2_r0,6028,0.288,"{""agents"": ""150"", ""comp_time"": ""288"", ""makespan"": ""66"", ""makespan_lb"": ""53"", ""map_file"": ""room-32-32-4.map"", ""seed"": ""2"", ""soc"": ""6028"", ""soc_lb"": ""3780"", ""solved"": ""1"", ""solver"": ""planner"", ""sum_of_loss"": ""5374"", ""sum_of_loss_lb"": ""3780""}"
lg_lacam_fork:lacam,"LaCAM (no guidance, first solution)",room-32-32-4,room-32-32-4-random-4,200,1,30.0,solved,0.10705,0.057,14303,111,11980,5209,53,2.745825,0,,/home/carsten/Projects/MAPF/MAPF Evaluator/results/tlcpp-room-32-4/runs/lg_lacam_fork_lacam/room-32-32-4/room-32-32-4-random-4_a200_s1_r0,14303,0.057,"{""agents"": ""200"", ""comp_time"": ""57"", ""makespan"": ""111"", ""makespan_lb"": ""53"", ""map_file"": ""room-32-32-4.map"", ""seed"": ""1"", ""soc"": ""14303"", ""soc_lb"": ""5209"", ""solved"": ""1"", ""solver"": ""planner"", ""sum_of_loss"": ""12355"", ""sum_of_loss_lb"": ""5209""}"
lg_lacam_fork:lacam,"LaCAM (no guidance, first solution)",room-32-32-4,room-32-32-4-random-4,200,0,30.0,solved,0.14973,0.045,14626,110,12228,5209,53,2.807833,0,,/home/carsten/Projects/MAPF/MAPF Evaluator/results/tlcpp-room-32-4/runs/lg_lacam_fork_lacam/room-32-32-4/room-32-32-4-random-4_a200_s0_r0,14626,0.045,"{""agents"": ""200"", ""comp_time"": ""45"", ""makespan"": ""110"", ""makespan_lb"": ""53"", ""map_file"": ""room-32-32-4.map"", ""seed"": ""0"", ""soc"": ""14626"", ""soc_lb"": ""5209"", ""solved"": ""1"", ""solver"": ""planner"", ""sum_of_loss"": ""12577"", ""sum_of_loss_lb"": ""5209""}"
lg_lacam_fork:lacam,"LaCAM (no guidance, first solution)",room-32-32-4,room-32-32-4-random-4,200,2,30.0,solved,0.099413,0.029,12668,93,10890,5209,53,2.431945,0,,/home/carsten/Projects/MAPF/MAPF Evaluator/results/tlcpp-room-32-4/runs/lg_lacam_fork_lacam/room-32-32-4/room-32-32-4-random-4_a200_s2_r0,12668,0.029,"{""agents"": ""200"", ""comp_time"": ""29"", ""makespan"": ""93"", ""makespan_lb"": ""53"", ""map_file"": ""room-32-32-4.map"", ""seed"": ""2"", ""soc"": ""12668"", ""soc_lb"": ""5209"", ""solved"": ""1"", ""solver"": ""planner"", ""sum_of_loss"": ""11214"", ""sum_of_loss_lb"": ""5209""}"
lg_lacam_fork:tl,"LaCAM + traffic load (tie-break, per config)",room-32-32-4,room-32-32-4-random-4,200,0,30.0,solved,0.171157,0.071,12138,98,10463,5209,53,2.330198,0,,/home/carsten/Projects/MAPF/MAPF Evaluator/results/tlcpp-room-32-4/runs/lg_lacam_fork_tl/room-32-32-4/room-32-32-4-random-4_a200_s0_r0,12138,0.071,"{""agents"": ""200"", ""comp_time"": ""71"", ""makespan"": ""98"", ""makespan_lb"": ""53"", ""map_file"": ""room-32-32-4.map"", ""seed"": ""0"", ""soc"": ""12138"", ""soc_lb"": ""5209"", ""solved"": ""1"", ""solver"": ""planner"", ""sum_of_loss"": ""10722"", ""sum_of_loss_lb"": ""5209""}"
lg_lacam_fork:tl,"LaCAM + traffic load (tie-break, per config)",room-32-32-4,room-32-32-4-random-4,200,2,30.0,solved,0.131537,0.066,12159,97,10525,5209,53,2.334229,0,,/home/carsten/Projects/MAPF/MAPF Evaluator/results/tlcpp-room-32-4/runs/lg_lacam_fork_tl/room-32-32-4/room-32-32-4-random-4_a200_s2_r0,12159,0.066,"{""agents"": ""200"", ""comp_time"": ""66"", ""makespan"": ""97"", ""makespan_lb"": ""53"", ""map_file"": ""room-32-32-4.map"", ""seed"": ""2"", ""soc"": ""12159"", ""soc_lb"": ""5209"", ""solved"": ""1"", ""solver"": ""planner"", ""sum_of_loss"": ""10817"", ""sum_of_loss_lb"": ""5209""}"
lg_lacam_fork:tl,"LaCAM + traffic load (tie-break, per config)",room-32-32-4,room-32-32-4-random-4,200,1,30.0,solved,0.165361,0.074,11871,90,10356,5209,53,2.27894,0,,/home/carsten/Projects/MAPF/MAPF Evaluator/results/tlcpp-room-32-4/runs/lg_lacam_fork_tl/room-32-32-4/room-32-32-4-random-4_a200_s1_r0,11871,0.074,"{""agents"": ""200"", ""comp_time"": ""74"", ""makespan"": ""90"", ""makespan_lb"": ""53"", ""map_file"": ""room-32-32-4.map"", ""seed"": ""1"", ""soc"": ""11871"", ""soc_lb"": ""5209"", ""solved"": ""1"", ""solver"": ""planner"", ""sum_of_loss"": ""10622"", ""sum_of_loss_lb"": ""5209""}"
lg_lacam_fork:tl_agent,"LaCAM + traffic load (tie-break, per agent)",room-32-32-4,room-32-32-4-random-4,200,0,30.0,solved,0.171384,0.089,12815,95,11045,5209,53,2.460165,0,,/home/carsten/Projects/MAPF/MAPF Evaluator/results/tlcpp-room-32-4/runs/lg_lacam_fork_tl_agent/room-32-32-4/room-32-32-4-random-4_a200_s0_r0,12815,0.089,"{""agents"": ""200"", ""comp_time"": ""89"", ""makespan"": ""95"", ""makespan_lb"": ""53"", ""map_file"": ""room-32-32-4.map"", ""seed"": ""0"", ""soc"": ""12815"", ""soc_lb"": ""5209"", ""solved"": ""1"", ""solver"": ""planner"", ""sum_of_loss"": ""11368"", ""sum_of_loss_lb"": ""5209""}"
lg_lacam_fork:tl_agent,"LaCAM + traffic load (tie-break, per agent)",room-32-32-4,room-32-32-4-random-4,200,1,30.0,solved,0.10075,0.049,11915,93,10477,5209,53,2.287387,0,,/home/carsten/Projects/MAPF/MAPF Evaluator/results/tlcpp-room-32-4/runs/lg_lacam_fork_tl_agent/room-32-32-4/room-32-32-4-random-4_a200_s1_r0,11915,0.049,"{""agents"": ""200"", ""comp_time"": ""49"", ""makespan"": ""93"", ""makespan_lb"": ""53"", ""map_file"": ""room-32-32-4.map"", ""seed"": ""1"", ""soc"": ""11915"", ""soc_lb"": ""5209"", ""solved"": ""1"", ""solver"": ""planner"", ""sum_of_loss"": ""10727"", ""sum_of_loss_lb"": ""5209""}"
lg_lacam_fork:tl_agent,"LaCAM + traffic load (tie-break, per agent)",room-32-32-4,room-32-32-4-random-4,200,2,30.0,solved,0.11541,0.072,11908,87,10337,5209,53,2.286043,0,,/home/carsten/Projects/MAPF/MAPF Evaluator/results/tlcpp-room-32-4/runs/lg_lacam_fork_tl_agent/room-32-32-4/room-32-32-4-random-4_a200_s2_r0,11908,0.072,"{""agents"": ""200"", ""comp_time"": ""72"", ""makespan"": ""87"", ""makespan_lb"": ""53"", ""map_file"": ""room-32-32-4.map"", ""seed"": ""2"", ""soc"": ""11908"", ""soc_lb"": ""5209"", ""solved"": ""1"", ""solver"": ""planner"", ""sum_of_loss"": ""10626"", ""sum_of_loss_lb"": ""5209""}"
lg_lacam_fork:tl_static,LaCAM + traffic load (static map from starts),room-32-32-4,room-32-32-4-random-4,200,0,30.0,solved,0.503977,0.425,14350,146,11445,5209,53,2.754847,0,,/home/carsten/Projects/MAPF/MAPF Evaluator/results/tlcpp-room-32-4/runs/lg_lacam_fork_tl_static/room-32-32-4/room-32-32-4-random-4_a200_s0_r0,14350,0.425,"{""agents"": ""200"", ""comp_time"": ""425"", ""makespan"": ""146"", ""makespan_lb"": ""53"", ""map_file"": ""room-32-32-4.map"", ""seed"": ""0"", ""soc"": ""14350"", ""soc_lb"": ""5209"", ""solved"": ""1"", ""solver"": ""planner"", ""sum_of_loss"": ""12010"", ""sum_of_loss_lb"": ""5209""}"
lg_lacam_fork:tl_static,LaCAM + traffic load (static map from starts),room-32-32-4,room-32-32-4-random-4,200,2,30.0,solved,0.251594,0.142,14778,159,11823,5209,53,2.837013,0,,/home/carsten/Projects/MAPF/MAPF Evaluator/results/tlcpp-room-32-4/runs/lg_lacam_fork_tl_static/room-32-32-4/room-32-32-4-random-4_a200_s2_r0,14778,0.142,"{""agents"": ""200"", ""comp_time"": ""142"", ""makespan"": ""159"", ""makespan_lb"": ""53"", ""map_file"": ""room-32-32-4.map"", ""seed"": ""2"", ""soc"": ""14778"", ""soc_lb"": ""5209"", ""solved"": ""1"", ""solver"": ""planner"", ""sum_of_loss"": ""12510"", ""sum_of_loss_lb"": ""5209""}"
lg_lacam_fork:suo,LaCAM3 = SUO (first solution),room-32-32-4,room-32-32-4-random-4,200,0,30.0,solved,0.373764,0.152,12328,99,10778,5209,53,2.366673,0,,/home/carsten/Projects/MAPF/MAPF Evaluator/results/tlcpp-room-32-4/runs/lg_lacam_fork_suo/room-32-32-4/room-32-32-4-random-4_a200_s0_r0,12328,0.152,"{""agents"": ""200"", ""comp_time"": ""152"", ""makespan"": ""99"", ""makespan_lb"": ""53"", ""map_file"": ""room-32-32-4.map"", ""seed"": ""0"", ""soc"": ""12328"", ""soc_lb"": ""5209"", ""solved"": ""1"", ""solver"": ""planner"", ""sum_of_loss"": ""11082"", ""sum_of_loss_lb"": ""5209""}"
lg_lacam_fork:suo,LaCAM3 = SUO (first solution),room-32-32-4,room-32-32-4-random-4,200,1,30.0,solved,0.13856,0.099,12287,87,10556,5209,53,2.358802,0,,/home/carsten/Projects/MAPF/MAPF Evaluator/results/tlcpp-room-32-4/runs/lg_lacam_fork_suo/room-32-32-4/room-32-32-4-random-4_a200_s1_r0,12287,0.099,"{""agents"": ""200"", ""comp_time"": ""99"", ""makespan"": ""87"", ""makespan_lb"": ""53"", ""map_file"": ""room-32-32-4.map"", ""seed"": ""1"", ""soc"": ""12287"", ""soc_lb"": ""5209"", ""solved"": ""1"", ""solver"": ""planner"", ""sum_of_loss"": ""10884"", ""sum_of_loss_lb"": ""5209""}"
lg_lacam_fork:suo_tl,SUO + traffic load,room-32-32-4,room-32-32-4-random-4,200,0,30.0,solved,0.206728,0.143,11855,97,10169,5209,53,2.275869,0,,/home/carsten/Projects/MAPF/MAPF Evaluator/results/tlcpp-room-32-4/runs/lg_lacam_fork_suo_tl/room-32-32-4/room-32-32-4-random-4_a200_s0_r0,11855,0.143,"{""agents"": ""200"", ""comp_time"": ""143"", ""makespan"": ""97"", ""makespan_lb"": ""53"", ""map_file"": ""room-32-32-4.map"", ""seed"": ""0"", ""soc"": ""11855"", ""soc_lb"": ""5209"", ""solved"": ""1"", ""solver"": ""planner"", ""sum_of_loss"": ""10489"", ""sum_of_loss_lb"": ""5209""}"
lg_lacam_fork:suo,LaCAM3 = SUO (first solution),room-32-32-4,room-32-32-4-random-4,200,2,30.0,solved,0.276653,0.132,12341,96,10632,5209,53,2.369169,0,,/home/carsten/Projects/MAPF/MAPF Evaluator/results/tlcpp-room-32-4/runs/lg_lacam_fork_suo/room-32-32-4/room-32-32-4-random-4_a200_s2_r0,12341,0.132,"{""agents"": ""200"", ""comp_time"": ""132"", ""makespan"": ""96"", ""makespan_lb"": ""53"", ""map_file"": ""room-32-32-4.map"", ""seed"": ""2"", ""soc"": ""12341"", ""soc_lb"": ""5209"", ""solved"": ""1"", ""solver"": ""planner"", ""sum_of_loss"": ""10969"", ""sum_of_loss_lb"": ""5209""}"
lg_lacam_fork:tl_static,LaCAM + traffic load (static map from starts),room-32-32-4,room-32-32-4-random-4,200,1,30.0,solved,1.455639,1.344,13709,139,11490,5209,53,2.631791,0,,/home/carsten/Projects/MAPF/MAPF Evaluator/results/tlcpp-room-32-4/runs/lg_lacam_fork_tl_static/room-32-32-4/room-32-32-4-random-4_a200_s1_r0,13709,1.344,"{""agents"": ""200"", ""comp_time"": ""1344"", ""makespan"": ""139"", ""makespan_lb"": ""53"", ""map_file"": ""room-32-32-4.map"", ""seed"": ""1"", ""soc"": ""13709"", ""soc_lb"": ""5209"", ""solved"": ""1"", ""solver"": ""planner"", ""sum_of_loss"": ""12029"", ""sum_of_loss_lb"": ""5209""}"
lg_lacam_fork:suo_tl,SUO + traffic load,room-32-32-4,room-32-32-4-random-4,200,1,30.0,solved,0.269042,0.142,11454,79,9887,5209,53,2.198887,0,,/home/carsten/Projects/MAPF/MAPF Evaluator/results/tlcpp-room-32-4/runs/lg_lacam_fork_suo_tl/room-32-32-4/room-32-32-4-random-4_a200_s1_r0,11454,0.142,"{""agents"": ""200"", ""comp_time"": ""142"", ""makespan"": ""79"", ""makespan_lb"": ""53"", ""map_file"": ""room-32-32-4.map"", ""seed"": ""1"", ""soc"": ""11454"", ""soc_lb"": ""5209"", ""solved"": ""1"", ""solver"": ""planner"", ""sum_of_loss"": ""10172"", ""sum_of_loss_lb"": ""5209""}"
lg_lacam_fork:suo_tl,SUO + traffic load,room-32-32-4,room-32-32-4-random-4,200,2,30.0,solved,0.140239,0.093,11771,90,10010,5209,53,2.259743,0,,/home/carsten/Projects/MAPF/MAPF Evaluator/results/tlcpp-room-32-4/runs/lg_lacam_fork_suo_tl/room-32-32-4/room-32-32-4-random-4_a200_s2_r0,11771,0.093,"{""agents"": ""200"", ""comp_time"": ""93"", ""makespan"": ""90"", ""makespan_lb"": ""53"", ""map_file"": ""room-32-32-4.map"", ""seed"": ""2"", ""soc"": ""11771"", ""soc_lb"": ""5209"", ""solved"": ""1"", ""solver"": ""planner"", ""sum_of_loss"": ""10314"", ""sum_of_loss_lb"": ""5209""}"
lg_lacam_fork:lg,"LG-LaCAM (window 20, first solution)",room-32-32-4,room-32-32-4-random-4,200,0,30.0,solved,0.413234,0.314,10793,77,9145,5209,53,2.071991,0,,/home/carsten/Projects/MAPF/MAPF Evaluator/results/tlcpp-room-32-4/runs/lg_lacam_fork_lg/room-32-32-4/room-32-32-4-random-4_a200_s0_r0,10793,0.314,"{""agents"": ""200"", ""comp_time"": ""314"", ""makespan"": ""77"", ""makespan_lb"": ""53"", ""map_file"": ""room-32-32-4.map"", ""seed"": ""0"", ""soc"": ""10793"", ""soc_lb"": ""5209"", ""solved"": ""1"", ""solver"": ""planner"", ""sum_of_loss"": ""9411"", ""sum_of_loss_lb"": ""5209""}"
lg_lacam_fork:lg,"LG-LaCAM (window 20, first solution)",room-32-32-4,room-32-32-4-random-4,200,1,30.0,solved,0.828502,0.723,10562,83,9240,5209,53,2.027644,0,,/home/carsten/Projects/MAPF/MAPF Evaluator/results/tlcpp-room-32-4/runs/lg_lacam_fork_lg/room-32-32-4/room-32-32-4-random-4_a200_s1_r0,10562,0.723,"{""agents"": ""200"", ""comp_time"": ""723"", ""makespan"": ""83"", ""makespan_lb"": ""53"", ""map_file"": ""room-32-32-4.map"", ""seed"": ""1"", ""soc"": ""10562"", ""soc_lb"": ""5209"", ""solved"": ""1"", ""solver"": ""planner"", ""sum_of_loss"": ""9507"", ""sum_of_loss_lb"": ""5209""}"
lg_lacam_fork:lg,"LG-LaCAM (window 20, first solution)",room-32-32-4,room-32-32-4-random-4,200,2,30.0,solved,0.887959,0.81,10874,90,9271,5209,53,2.087541,0,,/home/carsten/Projects/MAPF/MAPF Evaluator/results/tlcpp-room-32-4/runs/lg_lacam_fork_lg/room-32-32-4/room-32-32-4-random-4_a200_s2_r0,10874,0.81,"{""agents"": ""200"", ""comp_time"": ""810"", ""makespan"": ""90"", ""makespan_lb"": ""53"", ""map_file"": ""room-32-32-4.map"", ""seed"": ""2"", ""soc"": ""10874"", ""soc_lb"": ""5209"", ""solved"": ""1"", ""solver"": ""planner"", ""sum_of_loss"": ""9541"", ""sum_of_loss_lb"": ""5209""}"
lg_lacam_fork:lg_tl,LG-LaCAM (window 20) + traffic load,room-32-32-4,room-32-32-4-random-4,200,1,30.0,solved,0.918672,0.833,10218,83,8712,5209,53,1.961605,0,,/home/carsten/Projects/MAPF/MAPF Evaluator/results/tlcpp-room-32-4/runs/lg_lacam_fork_lg_tl/room-32-32-4/room-32-32-4-random-4_a200_s1_r0,10218,0.833,"{""agents"": ""200"", ""comp_time"": ""833"", ""makespan"": ""83"", ""makespan_lb"": ""53"", ""map_file"": ""room-32-32-4.map"", ""seed"": ""1"", ""soc"": ""10218"", ""soc_lb"": ""5209"", ""solved"": ""1"", ""solver"": ""planner"", ""sum_of_loss"": ""8962"", ""sum_of_loss_lb"": ""5209""}"
lg_lacam_fork:lg_tl,LG-LaCAM (window 20) + traffic load,room-32-32-4,room-32-32-4-random-4,200,2,30.0,solved,0.484064,0.323,10306,85,8912,5209,53,1.978499,0,,/home/carsten/Projects/MAPF/MAPF Evaluator/results/tlcpp-room-32-4/runs/lg_lacam_fork_lg_tl/room-32-32-4/room-32-32-4-random-4_a200_s2_r0,10306,0.323,"{""agents"": ""200"", ""comp_time"": ""323"", ""makespan"": ""85"", ""makespan_lb"": ""53"", ""map_file"": ""room-32-32-4.map"", ""seed"": ""2"", ""soc"": ""10306"", ""soc_lb"": ""5209"", ""solved"": ""1"", ""solver"": ""planner"", ""sum_of_loss"": ""9154"", ""sum_of_loss_lb"": ""5209""}"
lg_lacam_fork:lg_tl,LG-LaCAM (window 20) + traffic load,room-32-32-4,room-32-32-4-random-4,200,0,30.0,solved,1.295883,1.102,10670,88,8939,5209,53,2.048378,0,,/home/carsten/Projects/MAPF/MAPF Evaluator/results/tlcpp-room-32-4/runs/lg_lacam_fork_lg_tl/room-32-32-4/room-32-32-4-random-4_a200_s0_r0,10670,1.102,"{""agents"": ""200"", ""comp_time"": ""1102"", ""makespan"": ""88"", ""makespan_lb"": ""53"", ""map_file"": ""room-32-32-4.map"", ""seed"": ""0"", ""soc"": ""10670"", ""soc_lb"": ""5209"", ""solved"": ""1"", ""solver"": ""planner"", ""sum_of_loss"": ""9238"", ""sum_of_loss_lb"": ""5209""}"
lg_lacam_fork:lg_suo,LG-LaCAM (window 20) + SUO,room-32-32-4,room-32-32-4-random-4,200,0,30.0,solved,0.760115,0.673,10720,84,9097,5209,53,2.057977,0,,/home/carsten/Projects/MAPF/MAPF Evaluator/results/tlcpp-room-32-4/runs/lg_lacam_fork_lg_suo/room-32-32-4/room-32-32-4-random-4_a200_s0_r0,10720,0.673,"{""agents"": ""200"", ""comp_time"": ""673"", ""makespan"": ""84"", ""makespan_lb"": ""53"", ""map_file"": ""room-32-32-4.map"", ""seed"": ""0"", ""soc"": ""10720"", ""soc_lb"": ""5209"", ""solved"": ""1"", ""solver"": ""planner"", ""sum_of_loss"": ""9383"", ""sum_of_loss_lb"": ""5209""}"
lg_lacam_fork:lg_suo_tl,LG-LaCAM (window 20) + SUO + traffic load,room-32-32-4,room-32-32-4-random-4,200,0,30.0,solved,0.763313,0.635,10216,88,8747,5209,53,1.961221,0,,/home/carsten/Projects/MAPF/MAPF Evaluator/results/tlcpp-room-32-4/runs/lg_lacam_fork_lg_suo_tl/room-32-32-4/room-32-32-4-random-4_a200_s0_r0,10216,0.635,"{""agents"": ""200"", ""comp_time"": ""635"", ""makespan"": ""88"", ""makespan_lb"": ""53"", ""map_file"": ""room-32-32-4.map"", ""seed"": ""0"", ""soc"": ""10216"", ""soc_lb"": ""5209"", ""solved"": ""1"", ""solver"": ""planner"", ""sum_of_loss"": ""9003"", ""sum_of_loss_lb"": ""5209""}"
lg_lacam_fork:lg_suo,LG-LaCAM (window 20) + SUO,room-32-32-4,room-32-32-4-random-4,200,1,30.0,solved,1.147071,1.057,10460,80,8918,5209,53,2.008063,0,,/home/carsten/Projects/MAPF/MAPF Evaluator/results/tlcpp-room-32-4/runs/lg_lacam_fork_lg_suo/room-32-32-4/room-32-32-4-random-4_a200_s1_r0,10460,1.057,"{""agents"": ""200"", ""comp_time"": ""1057"", ""makespan"": ""80"", ""makespan_lb"": ""53"", ""map_file"": ""room-32-32-4.map"", ""seed"": ""1"", ""soc"": ""10460"", ""soc_lb"": ""5209"", ""solved"": ""1"", ""solver"": ""planner"", ""sum_of_loss"": ""9164"", ""sum_of_loss_lb"": ""5209""}"
lg_lacam_fork:lg_suo_tl,LG-LaCAM (window 20) + SUO + traffic load,room-32-32-4,room-32-32-4-random-4,200,1,30.0,solved,0.895304,0.8,10427,84,8811,5209,53,2.001728,0,,/home/carsten/Projects/MAPF/MAPF Evaluator/results/tlcpp-room-32-4/runs/lg_lacam_fork_lg_suo_tl/room-32-32-4/room-32-32-4-random-4_a200_s1_r0,10427,0.8,"{""agents"": ""200"", ""comp_time"": ""800"", ""makespan"": ""84"", ""makespan_lb"": ""53"", ""map_file"": ""room-32-32-4.map"", ""seed"": ""1"", ""soc"": ""10427"", ""soc_lb"": ""5209"", ""solved"": ""1"", ""solver"": ""planner"", ""sum_of_loss"": ""9084"", ""sum_of_loss_lb"": ""5209""}"
lg_lacam_fork:lg_suo,LG-LaCAM (window 20) + SUO,room-32-32-4,room-32-32-4-random-4,200,2,30.0,solved,1.141682,1.035,10801,86,9185,5209,53,2.073527,0,,/home/carsten/Projects/MAPF/MAPF Evaluator/results/tlcpp-room-32-4/runs/lg_lacam_fork_lg_suo/room-32-32-4/room-32-32-4-random-4_a200_s2_r0,10801,1.035,"{""agents"": ""200"", ""comp_time"": ""1035"", ""makespan"": ""86"", ""makespan_lb"": ""53"", ""map_file"": ""room-32-32-4.map"", ""seed"": ""2"", ""soc"": ""10801"", ""soc_lb"": ""5209"", ""solved"": ""1"", ""solver"": ""planner"", ""sum_of_loss"": ""9472"", ""sum_of_loss_lb"": ""5209""}"
lg_lacam_fork:lacam,"LaCAM (no guidance, first solution)",room-32-32-4,room-32-32-4-random-5,50,0,30.0,solved,0.016204,0.005,1628,50,1479,1285,50,1.266926,0,,/home/carsten/Projects/MAPF/MAPF Evaluator/results/tlcpp-room-32-4/runs/lg_lacam_fork_lacam/room-32-32-4/room-32-32-4-random-5_a50_s0_r0,1628,0.005,"{""agents"": ""50"", ""comp_time"": ""5"", ""makespan"": ""50"", ""makespan_lb"": ""50"", ""map_file"": ""room-32-32-4.map"", ""seed"": ""0"", ""soc"": ""1628"", ""soc_lb"": ""1285"", ""solved"": ""1"", ""solver"": ""planner"", ""sum_of_loss"": ""1500"", ""sum_of_loss_lb"": ""1285""}"
lg_lacam_fork:lacam,"LaCAM (no guidance, first solution)",room-32-32-4,room-32-32-4-random-5,50,2,30.0,solved,0.034745,0.005,1668,54,1523,1285,50,1.298054,0,,/home/carsten/Projects/MAPF/MAPF Evaluator/results/tlcpp-room-32-4/runs/lg_lacam_fork_lacam/room-32-32-4/room-32-32-4-random-5_a50_s2_r0,1668,0.005,"{""agents"": ""50"", ""comp_time"": ""5"", ""makespan"": ""54"", ""makespan_lb"": ""50"", ""map_file"": ""room-32-32-4.map"", ""seed"": ""2"", ""soc"": ""1668"", ""soc_lb"": ""1285"", ""solved"": ""1"", ""solver"": ""planner"", ""sum_of_loss"": ""1546"", ""sum_of_loss_lb"": ""1285""}"
lg_lacam_fork:lacam,"LaCAM (no guidance, first solution)",room-32-32-4,room-32-32-4-random-5,50,1,30.0,solved,0.062103,0.011,1660,54,1515,1285,50,1.291829,0,,/home/carsten/Projects/MAPF/MAPF Evaluator/results/tlcpp-room-32-4/runs/lg_lacam_fork_lacam/room-32-32-4/room-32-32-4-random-5_a50_s1_r0,1660,0.011,"{""agents"": ""50"", ""comp_time"": ""11"", ""makespan"": ""54"", ""makespan_lb"": ""50"", ""map_file"": ""room-32-32-4.map"", ""seed"": ""1"", ""soc"": ""1660"", ""soc_lb"": ""1285"", ""solved"": ""1"", ""solver"": ""planner"", ""sum_of_loss"": ""1538"", ""sum_of_loss_lb"": ""1285""}"
lg_lacam_fork:tl,"LaCAM + traffic load (tie-break, per config)",room-32-32-4,room-32-32-4-random-5,50,0,30.0,solved,0.036515,0.008,1588,50,1455,1285,50,1.235798,0,,/home/carsten/Projects/MAPF/MAPF Evaluator/results/tlcpp-room-32-4/runs/lg_lacam_fork_tl/room-32-32-4/room-32-32-4-random-5_a50_s0_r0,1588,0.008,"{""agents"": ""50"", ""comp_time"": ""8"", ""makespan"": ""50"", ""makespan_lb"": ""50"", ""map_file"": ""room-32-32-4.map"", ""seed"": ""0"", ""soc"": ""1588"", ""soc_lb"": ""1285"", ""solved"": ""1"", ""solver"": ""planner"", ""sum_of_loss"": ""1471"", ""sum_of_loss_lb"": ""1285""}"
lg_lacam_fork:tl,"LaCAM + traffic load (tie-break, per config)",room-32-32-4,room-32-32-4-random-5,50,1,30.0,solved,0.030602,0.011,1586,50,1450,1285,50,1.234241,0,,/home/carsten/Projects/MAPF/MAPF Evaluator/results/tlcpp-room-32-4/runs/lg_lacam_fork_tl/room-32-32-4/room-32-32-4-random-5_a50_s1_r0,1586,0.011,"{""agents"": ""50"", ""comp_time"": ""11"", ""makespan"": ""50"", ""makespan_lb"": ""50"", ""map_file"": ""room-32-32-4.map"", ""seed"": ""1"", ""soc"": ""1586"", ""soc_lb"": ""1285"", ""solved"": ""1"", ""solver"": ""planner"", ""sum_of_loss"": ""1468"", ""sum_of_loss_lb"": ""1285""}"
lg_lacam_fork:tl,"LaCAM + traffic load (tie-break, per config)",room-32-32-4,room-32-32-4-random-5,50,2,30.0,solved,0.026581,0.007,1586,50,1450,1285,50,1.234241,0,,/home/carsten/Projects/MAPF/MAPF Evaluator/results/tlcpp-room-32-4/runs/lg_lacam_fork_tl/room-32-32-4/room-32-32-4-random-5_a50_s2_r0,1586,0.007,"{""agents"": ""50"", ""comp_time"": ""7"", ""makespan"": ""50"", ""makespan_lb"": ""50"", ""map_file"": ""room-32-32-4.map"", ""seed"": ""2"", ""soc"": ""1586"", ""soc_lb"": ""1285"", ""solved"": ""1"", ""solver"": ""planner"", ""sum_of_loss"": ""1467"", ""sum_of_loss_lb"": ""1285""}"
lg_lacam_fork:tl_agent,"LaCAM + traffic load (tie-break, per agent)",room-32-32-4,room-32-32-4-random-5,50,2,30.0,solved,0.031419,0.019,1575,50,1444,1285,50,1.225681,0,,/home/carsten/Projects/MAPF/MAPF Evaluator/results/tlcpp-room-32-4/runs/lg_lacam_fork_tl_agent/room-32-32-4/room-32-32-4-random-5_a50_s2_r0,1575,0.019,"{""agents"": ""50"", ""comp_time"": ""19"", ""makespan"": ""50"", ""makespan_lb"": ""50"", ""map_file"": ""room-32-32-4.map"", ""seed"": ""2"", ""soc"": ""1575"", ""soc_lb"": ""1285"", ""solved"": ""1"", ""solver"": ""planner"", ""sum_of_loss"": ""1462"", ""sum_of_loss_lb"": ""1285""}"
lg_lacam_fork:tl_agent,"LaCAM + traffic load (tie-break, per agent)",room-32-32-4,room-32-32-4-random-5,50,1,30.0,solved,0.031386,0.006,1580,50,1448,1285,50,1.229572,0,,/home/carsten/Projects/MAPF/MAPF Evaluator/results/tlcpp-room-32-4/runs/lg_lacam_fork_tl_agent/room-32-32-4/room-32-32-4-random-5_a50_s1_r0,1580,0.006,"{""agents"": ""50"", ""comp_time"": ""6"", ""makespan"": ""50"", ""makespan_lb"": ""50"", ""map_file"": ""room-32-32-4.map"", ""seed"": ""1"", ""soc"": ""1580"", ""soc_lb"": ""1285"", ""solved"": ""1"", ""solver"": ""planner"", ""sum_of_loss"": ""1465"", ""sum_of_loss_lb"": ""1285""}"
lg_lacam_fork:tl_agent,"LaCAM + traffic load (tie-break, per agent)",room-32-32-4,room-32-32-4-random-5,50,0,30.0,solved,0.04505,0.014,1577,50,1444,1285,50,1.227237,0,,/home/carsten/Projects/MAPF/MAPF Evaluator/results/tlcpp-room-32-4/runs/lg_lacam_fork_tl_agent/room-32-32-4/room-32-32-4-random-5_a50_s0_r0,1577,0.014,"{""agents"": ""50"", ""comp_time"": ""14"", ""makespan"": ""50"", ""makespan_lb"": ""50"", ""map_file"": ""room-32-32-4.map"", ""seed"": ""0"", ""soc"": ""1577"", ""soc_lb"": ""1285"", ""solved"": ""1"", ""solver"": ""planner"", ""sum_of_loss"": ""1461"", ""sum_of_loss_lb"": ""1285""}"
lg_lacam_fork:lg_suo_tl,LG-LaCAM (window 20) + SUO + traffic load,room-32-32-4,room-32-32-4-random-4,200,2,30.0,solved,0.484425,0.424,10574,80,9000,5209,53,2.029948,0,,/home/carsten/Projects/MAPF/MAPF Evaluator/results/tlcpp-room-32-4/runs/lg_lacam_fork_lg_suo_tl/room-32-32-4/room-32-32-4-random-4_a200_s2_r0,10574,0.424,"{""agents"": ""200"", ""comp_time"": ""424"", ""makespan"": ""80"", ""makespan_lb"": ""53"", ""map_file"": ""room-32-32-4.map"", ""seed"": ""2"", ""soc"": ""10574"", ""soc_lb"": ""5209"", ""solved"": ""1"", ""solver"": ""planner"", ""sum_of_loss"": ""9262"", ""sum_of_loss_lb"": ""5209""}"
lg_lacam_fork:tl_static,LaCAM + traffic load (static map from starts),room-32-32-4,room-32-32-4-random-5,50,1,30.0,solved,0.033536,0.006,1619,50,1486,1285,50,1.259922,0,,/home/carsten/Projects/MAPF/MAPF Evaluator/results/tlcpp-room-32-4/runs/lg_lacam_fork_tl_static/room-32-32-4/room-32-32-4-random-5_a50_s1_r0,1619,0.006,"{""agents"": ""50"", ""comp_time"": ""6"", ""makespan"": ""50"", ""makespan_lb"": ""50"", ""map_file"": ""room-32-32-4.map"", ""seed"": ""1"", ""soc"": ""1619"", ""soc_lb"": ""1285"", ""solved"": ""1"", ""solver"": ""planner"", ""sum_of_loss"": ""1505"", ""sum_of_loss_lb"": ""1285""}"
lg_lacam_fork:tl_static,LaCAM + traffic load (static map from starts),room-32-32-4,room-32-32-4-random-5,50,0,30.0,solved,0.017375,0.005,1654,59,1513,1285,50,1.28716,0,,/home/carsten/Projects/MAPF/MAPF Evaluator/results/tlcpp-room-32-4/runs/lg_lacam_fork_tl_static/room-32-32-4/room-32-32-4-random-5_a50_s0_r0,1654,0.005,"{""agents"": ""50"", ""comp_time"": ""5"", ""makespan"": ""59"", ""makespan_lb"": ""50"", ""map_file"": ""room-32-32-4.map"", ""seed"": ""0"", ""soc"": ""1654"", ""soc_lb"": ""1285"", ""solved"": ""1"", ""solver"": ""planner"", ""sum_of_loss"": ""1537"", ""sum_of_loss_lb"": ""1285""}"
lg_lacam_fork:suo,LaCAM3 = SUO (first solution),room-32-32-4,room-32-32-4-random-5,50,0,30.0,solved,0.041013,0.008,1514,56,1452,1285,50,1.17821,0,,/home/carsten/Projects/MAPF/MAPF Evaluator/results/tlcpp-room-32-4/runs/lg_lacam_fork_suo/room-32-32-4/room-32-32-4-random-5_a50_s0_r0,1514,0.008,"{""agents"": ""50"", ""comp_time"": ""8"", ""makespan"": ""56"", ""makespan_lb"": ""50"", ""map_file"": ""room-32-32-4.map"", ""seed"": ""0"", ""soc"": ""1514"", ""soc_lb"": ""1285"", ""solved"": ""1"", ""solver"": ""planner"", ""sum_of_loss"": ""1459"", ""sum_of_loss_lb"": ""1285""}"
lg_lacam_fork:tl_static,LaCAM + traffic load (static map from starts),room-32-32-4,room-32-32-4-random-5,50,2,30.0,solved,0.06563,0.012,1638,54,1520,1285,50,1.274708,0,,/home/carsten/Projects/MAPF/MAPF Evaluator/results/tlcpp-room-32-4/runs/lg_lacam_fork_tl_static/room-32-32-4/room-32-32-4-random-5_a50_s2_r0,1638,0.012,"{""agents"": ""50"", ""comp_time"": ""12"", ""makespan"": ""54"", ""makespan_lb"": ""50"", ""map_file"": ""room-32-32-4.map"", ""seed"": ""2"", ""soc"": ""1638"", ""soc_lb"": ""1285"", ""solved"": ""1"", ""solver"": ""planner"", ""sum_of_loss"": ""1539"", ""sum_of_loss_lb"": ""1285""}"
lg_lacam_fork:suo,LaCAM3 = SUO (first solution),room-32-32-4,room-32-32-4-random-5,50,2,30.0,solved,0.039732,0.016,1644,54,1527,1285,50,1.279377,0,,/home/carsten/Projects/MAPF/MAPF Evaluator/results/tlcpp-room-32-4/runs/lg_lacam_fork_suo/room-32-32-4/room-32-32-4-random-5_a50_s2_r0,1644,0.016,"{""agents"": ""50"", ""comp_time"": ""16"", ""makespan"": ""54"", ""makespan_lb"": ""50"", ""map_file"": ""room-32-32-4.map"", ""seed"": ""2"", ""soc"": ""1644"", ""soc_lb"": ""1285"", ""solved"": ""1"", ""solver"": ""planner"", ""sum_of_loss"": ""1540"", ""sum_of_loss_lb"": ""1285""}"
lg_lacam_fork:suo,LaCAM3 = SUO (first solution),room-32-32-4,room-32-32-4-random-5,50,1,30.0,solved,0.098053,0.016,1635,56,1544,1285,50,1.272374,0,,/home/carsten/Projects/MAPF/MAPF Evaluator/results/tlcpp-room-32-4/runs/lg_lacam_fork_suo/room-32-32-4/room-32-32-4-random-5_a50_s1_r0,1635,0.016,"{""agents"": ""50"", ""comp_time"": ""16"", ""makespan"": ""56"", ""makespan_lb"": ""50"", ""map_file"": ""room-32-32-4.map"", ""seed"": ""1"", ""soc"": ""1635"", ""soc_lb"": ""1285"", ""solved"": ""1"", ""solver"": ""planner"", ""sum_of_loss"": ""1552"", ""sum_of_loss_lb"": ""1285""}"
lg_lacam_fork:suo_tl,SUO + traffic load,room-32-32-4,room-32-32-4-random-5,50,0,30.0,solved,0.120597,0.018,1501,54,1439,1285,50,1.168093,0,,/home/carsten/Projects/MAPF/MAPF Evaluator/results/tlcpp-room-32-4/runs/lg_lacam_fork_suo_tl/room-32-32-4/room-32-32-4-random-5_a50_s0_r0,1501,0.018,"{""agents"": ""50"", ""comp_time"": ""18"", ""makespan"": ""54"", ""makespan_lb"": ""50"", ""map_file"": ""room-32-32-4.map"", ""seed"": ""0"", ""soc"": ""1501"", ""soc_lb"": ""1285"", ""solved"": ""1"", ""solver"": ""planner"", ""sum_of_loss"": ""1443"", ""sum_of_loss_lb"": ""1285""}"
lg_lacam_fork:suo_tl,SUO + traffic load,room-32-32-4,room-32-32-4-random-5,50,1,30.0,solved,0.119199,0.07,1541,56,1491,1285,50,1.199222,0,,/home/carsten/Projects/MAPF/MAPF Evaluator/results/tlcpp-room-32-4/runs/lg_lacam_fork_suo_tl/room-32-32-4/room-32-32-4-random-5_a50_s1_r0,1541,0.07,"{""agents"": ""50"", ""comp_time"": ""70"", ""makespan"": ""56"", ""makespan_lb"": ""50"", ""map_file"": ""room-32-32-4.map"", ""seed"": ""1"", ""soc"": ""1541"", ""soc_lb"": ""1285"", ""solved"": ""1"", ""solver"": ""planner"", ""sum_of_loss"": ""1495"", ""sum_of_loss_lb"": ""1285""}"
lg_lacam_fork:suo_tl,SUO + traffic load,room-32-32-4,room-32-32-4-random-5,50,2,30.0,solved,0.091664,0.062,1546,54,1468,1285,50,1.203113,0,,/home/carsten/Projects/MAPF/MAPF Evaluator/results/tlcpp-room-32-4/runs/lg_lacam_fork_suo_tl/room-32-32-4/room-32-32-4-random-5_a50_s2_r0,1546,0.062,"{""agents"": ""50"", ""comp_time"": ""62"", ""makespan"": ""54"", ""makespan_lb"": ""50"", ""map_file"": ""room-32-32-4.map"", ""seed"": ""2"", ""soc"": ""1546"", ""soc_lb"": ""1285"", ""solved"": ""1"", ""solver"": ""planner"", ""sum_of_loss"": ""1476"", ""sum_of_loss_lb"": ""1285""}"
lg_lacam_fork:lg,"LG-LaCAM (window 20, first solution)",room-32-32-4,room-32-32-4-random-5,50,0,30.0,solved,0.090882,0.06,1486,55,1401,1285,50,1.15642,0,,/home/carsten/Projects/MAPF/MAPF Evaluator/results/tlcpp-room-32-4/runs/lg_lacam_fork_lg/room-32-32-4/room-32-32-4-random-5_a50_s0_r0,1486,0.06,"{""agents"": ""50"", ""comp_time"": ""60"", ""makespan"": ""55"", ""makespan_lb"": ""50"", ""map_file"": ""room-32-32-4.map"", ""seed"": ""0"", ""soc"": ""1486"", ""soc_lb"": ""1285"", ""solved"": ""1"", ""solver"": ""planner"", ""sum_of_loss"": ""1412"", ""sum_of_loss_lb"": ""1285""}"
lg_lacam_fork:lg,"LG-LaCAM (window 20, first solution)",room-32-32-4,room-32-32-4-random-5,50,1,30.0,solved,0.053257,0.023,1466,55,1394,1285,50,1.140856,0,,/home/carsten/Projects/MAPF/MAPF Evaluator/results/tlcpp-room-32-4/runs/lg_lacam_fork_lg/room-32-32-4/room-32-32-4-random-5_a50_s1_r0,1466,0.023,"{""agents"": ""50"", ""comp_time"": ""23"", ""makespan"": ""55"", ""makespan_lb"": ""50"", ""map_file"": ""room-32-32-4.map"", ""seed"": ""1"", ""soc"": ""1466"", ""soc_lb"": ""1285"", ""solved"": ""1"", ""solver"": ""planner"", ""sum_of_loss"": ""1402"", ""sum_of_loss_lb"": ""1285""}"
lg_lacam_fork:lg_tl,LG-LaCAM (window 20) + traffic load,room-32-32-4,room-32-32-4-random-5,50,0,30.0,solved,0.076861,0.037,1443,55,1382,1285,50,1.122957,0,,/home/carsten/Projects/MAPF/MAPF Evaluator/results/tlcpp-room-32-4/runs/lg_lacam_fork_lg_tl/room-32-32-4/room-32-32-4-random-5_a50_s0_r0,1443,0.037,"{""agents"": ""50"", ""comp_time"": ""37"", ""makespan"": ""55"", ""makespan_lb"": ""50"", ""map_file"": ""room-32-32-4.map"", ""seed"": ""0"", ""soc"": ""1443"", ""soc_lb"": ""1285"", ""solved"": ""1"", ""solver"": ""planner"", ""sum_of_loss"": ""1389"", ""sum_of_loss_lb"": ""1285""}"
lg_lacam_fork:lg,"LG-LaCAM (window 20, first solution)",room-32-32-4,room-32-32-4-random-5,50,2,30.0,solved,0.098136,0.05,1470,55,1393,1285,50,1.143969,0,,/home/carsten/Projects/MAPF/MAPF Evaluator/results/tlcpp-room-32-4/runs/lg_lacam_fork_lg/room-32-32-4/room-32-32-4-random-5_a50_s2_r0,1470,0.05,"{""agents"": ""50"", ""comp_time"": ""50"", ""makespan"": ""55"", ""makespan_lb"": ""50"", ""map_file"": ""room-32-32-4.map"", ""seed"": ""2"", ""soc"": ""1470"", ""soc_lb"": ""1285"", ""solved"": ""1"", ""solver"": ""planner"", ""sum_of_loss"": ""1403"", ""sum_of_loss_lb"": ""1285""}"
lg_lacam_fork:lg_tl,LG-LaCAM (window 20) + traffic load,room-32-32-4,room-32-32-4-random-5,50,1,30.0,solved,0.109125,0.07,1454,56,1382,1285,50,1.131518,0,,/home/carsten/Projects/MAPF/MAPF Evaluator/results/tlcpp-room-32-4/runs/lg_lacam_fork_lg_tl/room-32-32-4/room-32-32-4-random-5_a50_s1_r0,1454,0.07,"{""agents"": ""50"", ""comp_time"": ""70"", ""makespan"": ""56"", ""makespan_lb"": ""50"", ""map_file"": ""room-32-32-4.map"", ""seed"": ""1"", ""soc"": ""1454"", ""soc_lb"": ""1285"", ""solved"": ""1"", ""solver"": ""planner"", ""sum_of_loss"": ""1390"", ""sum_of_loss_lb"": ""1285""}"
lg_lacam_fork:lg_tl,LG-LaCAM (window 20) + traffic load,room-32-32-4,room-32-32-4-random-5,50,2,30.0,solved,0.084636,0.024,1443,55,1383,1285,50,1.122957,0,,/home/carsten/Projects/MAPF/MAPF Evaluator/results/tlcpp-room-32-4/runs/lg_lacam_fork_lg_tl/room-32-32-4/room-32-32-4-random-5_a50_s2_r0,1443,0.024,"{""agents"": ""50"", ""comp_time"": ""24"", ""makespan"": ""55"", ""makespan_lb"": ""50"", ""map_file"": ""room-32-32-4.map"", ""seed"": ""2"", ""soc"": ""1443"", ""soc_lb"": ""1285"", ""solved"": ""1"", ""solver"": ""planner"", ""sum_of_loss"": ""1390"", ""sum_of_loss_lb"": ""1285""}"
lg_lacam_fork:lg_suo,LG-LaCAM (window 20) + SUO,room-32-32-4,room-32-32-4-random-5,50,0,30.0,solved,0.069602,0.033,1466,52,1403,1285,50,1.140856,0,,/home/carsten/Projects/MAPF/MAPF Evaluator/results/tlcpp-room-32-4/runs/lg_lacam_fork_lg_suo/room-32-32-4/room-32-32-4-random-5_a50_s0_r0,1466,0.033,"{""agents"": ""50"", ""comp_time"": ""33"", ""makespan"": ""52"", ""makespan_lb"": ""50"", ""map_file"": ""room-32-32-4.map"", ""seed"": ""0"", ""soc"": ""1466"", ""soc_lb"": ""1285"", ""solved"": ""1"", ""solver"": ""planner"", ""sum_of_loss"": ""1411"", ""sum_of_loss_lb"": ""1285""}"
lg_lacam_fork:lg_suo,LG-LaCAM (window 20) + SUO,room-32-32-4,room-32-32-4-random-5,50,2,30.0,solved,0.070012,0.046,1454,52,1398,1285,50,1.131518,0,,/home/carsten/Projects/MAPF/MAPF Evaluator/results/tlcpp-room-32-4/runs/lg_lacam_fork_lg_suo/room-32-32-4/room-32-32-4-random-5_a50_s2_r0,1454,0.046,"{""agents"": ""50"", ""comp_time"": ""46"", ""makespan"": ""52"", ""makespan_lb"": ""50"", ""map_file"": ""room-32-32-4.map"", ""seed"": ""2"", ""soc"": ""1454"", ""soc_lb"": ""1285"", ""solved"": ""1"", ""solver"": ""planner"", ""sum_of_loss"": ""1406"", ""sum_of_loss_lb"": ""1285""}"
lg_lacam_fork:lg_suo_tl,LG-LaCAM (window 20) + SUO + traffic load,room-32-32-4,room-32-32-4-random-5,50,0,30.0,solved,0.106597,0.036,1442,52,1392,1285,50,1.122179,0,,/home/carsten/Projects/MAPF/MAPF Evaluator/results/tlcpp-room-32-4/runs/lg_lacam_fork_lg_suo_tl/room-32-32-4/room-32-32-4-random-5_a50_s0_r0,1442,0.036,"{""agents"": ""50"", ""comp_time"": ""36"", ""makespan"": ""52"", ""makespan_lb"": ""50"", ""map_file"": ""room-32-32-4.map"", ""seed"": ""0"", ""soc"": ""1442"", ""soc_lb"": ""1285"", ""solved"": ""1"", ""solver"": ""planner"", ""sum_of_loss"": ""1397"", ""sum_of_loss_lb"": ""1285""}"
lg_lacam_fork:lg_suo_tl,LG-LaCAM (window 20) + SUO + traffic load,room-32-32-4,room-32-32-4-random-5,50,1,30.0,solved,0.066162,0.046,1457,55,1384,1285,50,1.133852,0,,/home/carsten/Projects/MAPF/MAPF Evaluator/results/tlcpp-room-32-4/runs/lg_lacam_fork_lg_suo_tl/room-32-32-4/room-32-32-4-random-5_a50_s1_r0,1457,0.046,"{""agents"": ""50"", ""comp_time"": ""46"", ""makespan"": ""55"", ""makespan_lb"": ""50"", ""map_file"": ""room-32-32-4.map"", ""seed"": ""1"", ""soc"": ""1457"", ""soc_lb"": ""1285"", ""solved"": ""1"", ""solver"": ""planner"", ""sum_of_loss"": ""1392"", ""sum_of_loss_lb"": ""1285""}"
lg_lacam_fork:lg_suo,LG-LaCAM (window 20) + SUO,room-32-32-4,room-32-32-4-random-5,50,1,30.0,solved,0.188544,0.115,1464,55,1390,1285,50,1.1393,0,,/home/carsten/Projects/MAPF/MAPF Evaluator/results/tlcpp-room-32-4/runs/lg_lacam_fork_lg_suo/room-32-32-4/room-32-32-4-random-5_a50_s1_r0,1464,0.115,"{""agents"": ""50"", ""comp_time"": ""115"", ""makespan"": ""55"", ""makespan_lb"": ""50"", ""map_file"": ""room-32-32-4.map"", ""seed"": ""1"", ""soc"": ""1464"", ""soc_lb"": ""1285"", ""solved"": ""1"", ""solver"": ""planner"", ""sum_of_loss"": ""1399"", ""sum_of_loss_lb"": ""1285""}"
lg_lacam_fork:lg_suo_tl,LG-LaCAM (window 20) + SUO + traffic load,room-32-32-4,room-32-32-4-random-5,50,2,30.0,solved,0.081872,0.051,1442,52,1389,1285,50,1.122179,0,,/home/carsten/Projects/MAPF/MAPF Evaluator/results/tlcpp-room-32-4/runs/lg_lacam_fork_lg_suo_tl/room-32-32-4/room-32-32-4-random-5_a50_s2_r0,1442,0.051,"{""agents"": ""50"", ""comp_time"": ""51"", ""makespan"": ""52"", ""makespan_lb"": ""50"", ""map_file"": ""room-32-32-4.map"", ""seed"": ""2"", ""soc"": ""1442"", ""soc_lb"": ""1285"", ""solved"": ""1"", ""solver"": ""planner"", ""sum_of_loss"": ""1394"", ""sum_of_loss_lb"": ""1285""}"
lg_lacam_fork:lacam,"LaCAM (no guidance, first solution)",room-32-32-4,room-32-32-4-random-5,100,1,30.0,solved,0.04427,0.008,4285,66,3858,2641,53,1.622491,0,,/home/carsten/Projects/MAPF/MAPF Evaluator/results/tlcpp-room-32-4/runs/lg_lacam_fork_lacam/room-32-32-4/room-32-32-4-random-5_a100_s1_r0,4285,0.008,"{""agents"": ""100"", ""comp_time"": ""8"", ""makespan"": ""66"", ""makespan_lb"": ""53"", ""map_file"": ""room-32-32-4.map"", ""seed"": ""1"", ""soc"": ""4285"", ""soc_lb"": ""2641"", ""solved"": ""1"", ""solver"": ""planner"", ""sum_of_loss"": ""3925"", ""sum_of_loss_lb"": ""2641""}"
lg_lacam_fork:lacam,"LaCAM (no guidance, first solution)",room-32-32-4,room-32-32-4-random-5,100,2,30.0,solved,0.06459,0.016,4244,64,3837,2641,53,1.606967,0,,/home/carsten/Projects/MAPF/MAPF Evaluator/results/tlcpp-room-32-4/runs/lg_lacam_fork_lacam/room-32-32-4/room-32-32-4-random-5_a100_s2_r0,4244,0.016,"{""agents"": ""100"", ""comp_time"": ""16"", ""makespan"": ""64"", ""makespan_lb"": ""53"", ""map_file"": ""room-32-32-4.map"", ""seed"": ""2"", ""soc"": ""4244"", ""soc_lb"": ""2641"", ""solved"": ""1"", ""solver"": ""planner"", ""sum_of_loss"": ""3902"", ""sum_of_loss_lb"": ""2641""}"
lg_lacam_fork:lacam,"LaCAM (no guidance, first solution)",room-32-32-4,room-32-32-4-random-5,100,0,30.0,solved,0.131674,0.009,4069,62,3789,2641,53,1.540704,0,,/home/carsten/Projects/MAPF/MAPF Evaluator/results/tlcpp-room-32-4/runs/lg_lacam_fork_lacam/room-32-32-4/room-32-32-4-random-5_a100_s0_r0,4069,0.009,"{""agents"": ""100"", ""comp_time"": ""9"", ""makespan"": ""62"", ""makespan_lb"": ""53"", ""map_file"": ""room-32-32-4.map"", ""seed"": ""0"", ""soc"": ""4069"", ""soc_lb"": ""2641"", ""solved"": ""1"", ""solver"": ""planner"", ""sum_of_loss"": ""3844"", ""sum_of_loss_lb"": ""2641""}"
lg_lacam_fork:tl,"LaCAM + traffic load (tie-break, per config)",room-32-32-4,room-32-32-4-random-5,100,0,30.0,solved,0.083278,0.018,3910,60,3567,2641,53,1.4805,0,,/home/carsten/Projects/MAPF/MAPF Evaluator/results/tlcpp-room-32-4/runs/lg_lacam_fork_tl/room-32-32-4/room-32-32-4-random-5_a100_s0_r0,3910,0.018,"{""agents"": ""100"", ""comp_time"": ""18"", ""makespan"": ""60"", ""makespan_lb"": ""53"", ""map_file"": ""room-32-32-4.map"", ""seed"": ""0"", ""soc"": ""3910"", ""soc_lb"": ""2641"", ""solved"": ""1"", ""solver"": ""planner"", ""sum_of_loss"": ""3617"", ""sum_of_loss_lb"": ""2641""}"
lg_lacam_fork:tl,"LaCAM + traffic load (tie-break, per config)",room-32-32-4,room-32-32-4-random-5,100,1,30.0,solved,0.048735,0.021,3867,60,3566,2641,53,1.464218,0,,/home/carsten/Projects/MAPF/MAPF Evaluator/results/tlcpp-room-32-4/runs/lg_lacam_fork_tl/room-32-32-4/room-32-32-4-random-5_a100_s1_r0,3867,0.021,"{""agents"": ""100"", ""comp_time"": ""21"", ""makespan"": ""60"", ""makespan_lb"": ""53"", ""map_file"": ""room-32-32-4.map"", ""seed"": ""1"", ""soc"": ""3867"", ""soc_lb"": ""2641"", ""solved"": ""1"", ""solver"": ""planner"", ""sum_of_loss"": ""3612"", ""sum_of_loss_lb"": ""2641""}"
lg_lacam_fork:tl_agent,"LaCAM + traffic load (tie-break, per agent)",room-32-32-4,room-32-32-4-random-5,100,0,30.0,solved,0.037305,0.014,3834,60,3559,2641,53,1.451723,0,,/home/carsten/Projects/MAPF/MAPF Evaluator/results/tlcpp-room-32-4/runs/lg_lacam_fork_tl_agent/room-32-32-4/room-32-32-4-random-5_a100_s0_r0,3834,0.014,"{""agents"": ""100"", ""comp_time"": ""14"", ""makespan"": ""60"", ""makespan_lb"": ""53"", ""map_file"": ""room-32-32-4.map"", ""seed"": ""0"", ""soc"": ""3834"", ""soc_lb"": ""2641"", ""solved"": ""1"", ""solver"": ""planner"", ""sum_of_loss"": ""3596"", ""sum_of_loss_lb"": ""2641""}"
lg_lacam_fork:tl,"LaCAM + traffic load (tie-break, per config)",room-32-32-4,room-32-32-4-random-5,100,2,30.0,solved,0.098653,0.045,3954,60,3592,2641,53,1.49716,0,,/home/carsten/Projects/MAPF/MAPF Evaluator/results/tlcpp-room-32-4/runs/lg_lacam_fork_tl/room-32-32-4/room-32-32-4-random-5_a100_s2_r0,3954,0.045,"{""agents"": ""100"", ""comp_time"": ""45"", ""makespan"": ""60"", ""makespan_lb"": ""53"", ""map_file"": ""room-32-32-4.map"", ""seed"": ""2"", ""soc"": ""3954"", ""soc_lb"": ""2641"", ""solved"": ""1"", ""solver"": ""planner"", ""sum_of_loss"": ""3636"", ""sum_of_loss_lb"": ""2641""}"
lg_lacam_fork:tl_agent,"LaCAM + traffic load (tie-break, per agent)",room-32-32-4,room-32-32-4-random-5,100,1,30.0,solved,0.136349,0.038,3880,60,3592,2641,53,1.46914,0,,/home/carsten/Projects/MAPF/MAPF Evaluator/results/tlcpp-room-32-4/runs/lg_lacam_fork_tl_agent/room-32-32-4/room-32-32-4-random-5_a100_s1_r0,3880,0.038,"{""agents"": ""100"", ""comp_time"": ""38"", ""makespan"": ""60"", ""makespan_lb"": ""53"", ""map_file"": ""room-32-32-4.map"", ""seed"": ""1"", ""soc"": ""3880"", ""soc_lb"": ""2641"", ""solved"": ""1"", ""solver"": ""planner"", ""sum_of_loss"": ""3637"", ""sum_of_loss_lb"": ""2641""}"
lg_lacam_fork:tl_static,LaCAM + traffic load (static map from starts),room-32-32-4,room-32-32-4-random-5,100,0,30.0,solved,0.040085,0.021,4200,70,3786,2641,53,1.590307,0,,/home/carsten/Projects/MAPF/MAPF Evaluator/results/tlcpp-room-32-4/runs/lg_lacam_fork_tl_static/room-32-32-4/room-32-32-4-random-5_a100_s0_r0,4200,0.021,"{""agents"": ""100"", ""comp_time"": ""21"", ""makespan"": ""70"", ""makespan_lb"": ""53"", ""map_file"": ""room-32-32-4.map"", ""seed"": ""0"", ""soc"": ""4200"", ""soc_lb"": ""2641"", ""solved"": ""1"", ""solver"": ""planner"", ""sum_of_loss"": ""3866"", ""sum_of_loss_lb"": ""2641""}"
lg_lacam_fork:tl_agent,"LaCAM + traffic load (tie-break, per agent)",room-32-32-4,room-32-32-4-random-5,100,2,30.0,solved,0.050927,0.021,3876,60,3591,2641,53,1.467626,0,,/home/carsten/Projects/MAPF/MAPF Evaluator/results/tlcpp-room-32-4/runs/lg_lacam_fork_tl_agent/room-32-32-4/room-32-32-4-random-5_a100_s2_r0,3876,0.021,"{""agents"": ""100"", ""comp_time"": ""21"", ""makespan"": ""60"", ""makespan_lb"": ""53"", ""map_file"": ""room-32-32-4.map"", ""seed"": ""2"", ""soc"": ""3876"", ""soc_lb"": ""2641"", ""solved"": ""1"", ""solver"": ""planner"", ""sum_of_loss"": ""3635"", ""sum_of_loss_lb"": ""2641""}"
lg_lacam_fork:tl_static,LaCAM + traffic load (static map from starts),room-32-32-4,room-32-32-4-random-5,100,1,30.0,solved,0.071456,0.032,4261,71,3830,2641,53,1.613404,0,,/home/carsten/Projects/MAPF/MAPF Evaluator/results/tlcpp-room-32-4/runs/lg_lacam_fork_tl_static/room-32-32-4/room-32-32-4-random-5_a100_s1_r0,4261,0.032,"{""agents"": ""100"", ""comp_time"": ""32"", ""makespan"": ""71"", ""makespan_lb"": ""53"", ""map_file"": ""room-32-32-4.map"", ""seed"": ""1"", ""soc"": ""4261"", ""soc_lb"": ""2641"", ""solved"": ""1"", ""solver"": ""planner"", ""sum_of_loss"": ""3929"", ""sum_of_loss_lb"": ""2641""}"
lg_lacam_fork:tl_static,LaCAM + traffic load (static map from starts),room-32-32-4,room-32-32-4-random-5,100,2,30.0,solved,0.088822,0.018,4319,73,3824,2641,53,1.635365,0,,/home/carsten/Projects/MAPF/MAPF Evaluator/results/tlcpp-room-32-4/runs/lg_lacam_fork_tl_static/room-32-32-4/room-32-32-4-random-5_a100_s2_r0,4319,0.018,"{""agents"": ""100"", ""comp_time"": ""18"", ""makespan"": ""73"", ""makespan_lb"": ""53"", ""map_file"": ""room-32-32-4.map"", ""seed"": ""2"", ""soc"": ""4319"", ""soc_lb"": ""2641"", ""solved"": ""1"", ""solver"": ""planner"", ""sum_of_loss"": ""3922"", ""sum_of_loss_lb"": ""2641""}"
lg_lacam_fork:suo,LaCAM3 = SUO (first solution),room-32-32-4,room-32-32-4-random-5,100,2,30.0,solved,0.067974,0.034,4015,65,3767,2641,53,1.520257,0,,/home/carsten/Projects/MAPF/MAPF Evaluator/results/tlcpp-room-32-4/runs/lg_lacam_fork_suo/room-32-32-4/room-32-32-4-random-5_a100_s2_r0,4015,0.034,"{""agents"": ""100"", ""comp_time"": ""34"", ""makespan"": ""65"", ""makespan_lb"": ""53"", ""map_file"": ""room-32-32-4.map"", ""seed"": ""2"", ""soc"": ""4015"", ""soc_lb"": ""2641"", ""solved"": ""1"", ""solver"": ""planner"", ""sum_of_loss"": ""3817"", ""sum_of_loss_lb"": ""2641""}"
lg_lacam_fork:suo,LaCAM3 = SUO (first solution),room-32-32-4,room-32-32-4-random-5,100,0,30.0,solved,0.164636,0.062,3932,65,3595,2641,53,1.48883,0,,/home/carsten/Projects/MAPF/MAPF Evaluator/results/tlcpp-room-32-4/runs/lg_lacam_fork_suo/room-32-32-4/room-32-32-4-random-5_a100_s0_r0,3932,0.062,"{""agents"": ""100"", ""comp_time"": ""62"", ""makespan"": ""65"", ""makespan_lb"": ""53"", ""map_file"": ""room-32-32-4.map"", ""seed"": ""0"", ""soc"": ""3932"", ""soc_lb"": ""2641"", ""solved"": ""1"", ""solver"": ""planner"", ""sum_of_loss"": ""3645"", ""sum_of_loss_lb"": ""2641""}"
lg_lacam_fork:suo_tl,SUO + traffic load,room-32-32-4,room-32-32-4-random-5,100,0,30.0,solved,0.130911,0.054,3664,61,3441,2641,53,1.387353,0,,/home/carsten/Projects/MAPF/MAPF Evaluator/results/tlcpp-room-32-4/runs/lg_lacam_fork_suo_tl/room-32-32-4/room-32-32-4-random-5_a100_s0_r0,3664,0.054,"{""agents"": ""100"", ""comp_time"": ""54"", ""makespan"": ""61"", ""makespan_lb"": ""53"", ""map_file"": ""room-32-32-4.map"", ""seed"": ""0"", ""soc"": ""3664"", ""soc_lb"": ""2641"", ""solved"": ""1"", ""solver"": ""planner"", ""sum_of_loss"": ""3478"", ""sum_of_loss_lb"": ""2641""}"
lg_lacam_fork:suo,LaCAM3 = SUO (first solution),room-32-32-4,room-32-32-4-random-5,100,1,30.0,solved,0.173642,0.076,3903,65,3596,2641,53,1.477849,0,,/home/carsten/Projects/MAPF/MAPF Evaluator/results/tlcpp-room-32-4/runs/lg_lacam_fork_suo/room-32-32-4/room-32-32-4-random-5_a100_s1_r0,3903,0.076,"{""agents"": ""100"", ""comp_time"": ""76"", ""makespan"": ""65"", ""makespan_lb"": ""53"", ""map_file"": ""room-32-32-4.map"", ""seed"": ""1"", ""soc"": ""3903"", ""soc_lb"": ""2641"", ""solved"": ""1"", ""solver"": ""planner"", ""sum_of_loss"": ""3651"", ""sum_of_loss_lb"": ""2641""}"
lg_lacam_fork:suo_tl,SUO + traffic load,room-32-32-4,room-32-32-4-random-5,100,1,30.0,solved,0.108253,0.026,3725,63,3488,2641,53,1.410451,0,,/home/carsten/Projects/MAPF/MAPF Evaluator/results/tlcpp-room-32-4/runs/lg_lacam_fork_suo_tl/room-32-32-4/room-32-32-4-random-5_a100_s1_r0,3725,0.026,"{""agents"": ""100"", ""comp_time"": ""26"", ""makespan"": ""63"", ""makespan_lb"": ""53"", ""map_file"": ""room-32-32-4.map"", ""seed"": ""1"", ""soc"": ""3725"", ""soc_lb"": ""2641"", ""solved"": ""1"", ""solver"": ""planner"", ""sum_of_loss"": ""3523"", ""sum_of_loss_lb"": ""2641""}"
lg_lacam_fork:lg,"LG-LaCAM (window 20, first solution)",room-32-32-4,room-32-32-4-random-5,100,1,30.0,solved,0.041836,0.025,3435,56,3277,2641,53,1.300644,0,,/home/carsten/Projects/MAPF/MAPF Evaluator/results/tlcpp-room-32-4/runs/lg_lacam_fork_lg/room-32-32-4/room-32-32-4-random-5_a100_s1_r0,3435,0.025,"{""agents"": ""100"", ""comp_time"": ""25"", ""makespan"": ""56"", ""makespan_lb"": ""53"", ""map_file"": ""room-32-32-4.map"", ""seed"": ""1"", ""soc"": ""3435"", ""soc_lb"": ""2641"", ""solved"": ""1"", ""solver"": ""planner"", ""sum_of_loss"": ""3313"", ""sum_of_loss_lb"": ""2641""}"
lg_lacam_fork:suo_tl,SUO + traffic load,room-32-32-4,room-32-32-4-random-5,100,2,30.0,solved,0.071578,0.014,4019,63,3683,2641,53,1.521772,0,,/home/carsten/Projects/MAPF/MAPF Evaluator/results/tlcpp-room-32-4/runs/lg_lacam_fork_suo_tl/room-32-32-4/room-32-32-4-random-5_a100_s2_r0,4019,0.014,"{""agents"": ""100"", ""comp_time"": ""14"", ""makespan"": ""63"", ""makespan_lb"": ""53"", ""map_file"": ""room-32-32-4.map"", ""seed"": ""2"", ""soc"": ""4019"", ""soc_lb"": ""2641"", ""solved"": ""1"", ""solver"": ""planner"", ""sum_of_loss"": ""3732"", ""sum_of_loss_lb"": ""2641""}"
lg_lacam_fork:lg,"LG-LaCAM (window 20, first solution)",room-32-32-4,room-32-32-4-random-5,100,0,30.0,solved,0.048867,0.031,3539,59,3290,2641,53,1.340023,0,,/home/carsten/Projects/MAPF/MAPF Evaluator/results/tlcpp-room-32-4/runs/lg_lacam_fork_lg/room-32-32-4/room-32-32-4-random-5_a100_s0_r0,3539,0.031,"{""agents"": ""100"", ""comp_time"": ""31"", ""makespan"": ""59"", ""makespan_lb"": ""53"", ""map_file"": ""room-32-32-4.map"", ""seed"": ""0"", ""soc"": ""3539"", ""soc_lb"": ""2641"", ""solved"": ""1"", ""solver"": ""planner"", ""sum_of_loss"": ""3335"", ""sum_of_loss_lb"": ""2641""}"
lg_lacam_fork:lg,"LG-LaCAM (window 20, first solution)",room-32-32-4,room-32-32-4-random-5,100,2,30.0,solved,0.108867,0.033,3514,58,3283,2641,53,1.330557,0,,/home/carsten/Projects/MAPF/MAPF Evaluator/results/tlcpp-room-32-4/runs/lg_lacam_fork_lg/room-32-32-4/room-32-32-4-random-5_a100_s2_r0,3514,0.033,"{""agents"": ""100"", ""comp_time"": ""33"", ""makespan"": ""58"", ""makespan_lb"": ""53"", ""map_file"": ""room-32-32-4.map"", ""seed"": ""2"", ""soc"": ""3514"", ""soc_lb"": ""2641"", ""solved"": ""1"", ""solver"": ""planner"", ""sum_of_loss"": ""3323"", ""sum_of_loss_lb"": ""2641""}"
lg_lacam_fork:lg_tl,LG-LaCAM (window 20) + traffic load,room-32-32-4,room-32-32-4-random-5,100,2,30.0,solved,0.07916,0.043,3341,56,3181,2641,53,1.265051,0,,/home/carsten/Projects/MAPF/MAPF Evaluator/results/tlcpp-room-32-4/runs/lg_lacam_fork_lg_tl/room-32-32-4/room-32-32-4-random-5_a100_s2_r0,3341,0.043,"{""agents"": ""100"", ""comp_time"": ""43"", ""makespan"": ""56"", ""makespan_lb"": ""53"", ""map_file"": ""room-32-32-4.map"", ""seed"": ""2"", ""soc"": ""3341"", ""soc_lb"": ""2641"", ""solved"": ""1"", ""solver"": ""planner"", ""sum_of_loss"": ""3212"", ""sum_of_loss_lb"": ""2641""}"
lg_lacam_fork:lg_tl,LG-LaCAM (window 20) + traffic load,room-32-32-4,room-32-32-4-random-5,100,0,30.0,solved,0.087704,0.043,3507,60,3252,2641,53,1.327906,0,,/home/carsten/Projects/MAPF/MAPF Evaluator/results/tlcpp-room-32-4/runs/lg_lacam_fork_lg_tl/room-32-32-4/room-32-32-4-random-5_a100_s0_r0,3507,0.043,"{""agents"": ""100"", ""comp_time"": ""43"", ""makespan"": ""60"", ""makespan_lb"": ""53"", ""map_file"": ""room-32-32-4.map"", ""seed"": ""0"", ""soc"": ""3507"", ""soc_lb"": ""2641"", ""solved"": ""1"", ""solver"": ""planner"", ""sum_of_loss"": ""3292"", ""sum_of_loss_lb"": ""2641""}"
lg_lacam_fork:lg_tl,LG-LaCAM (window 20) + traffic load,room-32-32-4,room-32-32-4-random-5,100,1,30.0,solved,0.119209,0.061,3372,56,3201,2641,53,1.276789,0,,/home/carsten/Projects/MAPF/MAPF Evaluator/results/tlcpp-room-32-4/runs/lg_lacam_fork_lg_tl/room-32-32-4/room-32-32-4-random-5_a100_s1_r0,3372,0.061,"{""agents"": ""100"", ""comp_time"": ""61"", ""makespan"": ""56"", ""makespan_lb"": ""53"", ""map_file"": ""room-32-32-4.map"", ""seed"": ""1"", ""soc"": ""3372"", ""soc_lb"": ""2641"", ""solved"": ""1"", ""solver"": ""planner"", ""sum_of_loss"": ""3225"", ""sum_of_loss_lb"": ""2641""}"
lg_lacam_fork:lg_suo,LG-LaCAM (window 20) + SUO,room-32-32-4,room-32-32-4-random-5,100,0,30.0,solved,0.080463,0.041,3564,58,3331,2641,53,1.349489,0,,/home/carsten/Projects/MAPF/MAPF Evaluator/results/tlcpp-room-32-4/runs/lg_lacam_fork_lg_suo/room-32-32-4/room-32-32-4-random-5_a100_s0_r0,3564,0.041,"{""agents"": ""100"", ""comp_time"": ""41"", ""makespan"": ""58"", ""makespan_lb"": ""53"", ""map_file"": ""room-32-32-4.map"", ""seed"": ""0"", ""soc"": ""3564"", ""soc_lb"": ""2641"", ""solved"": ""1"", ""solver"": ""planner"", ""sum_of_loss"": ""3379"", ""sum_of_loss_lb"": ""2641""}"
lg_lacam_fork:lg_suo,LG-LaCAM (window 20) + SUO,room-32-32-4,room-32-32-4-random-5,100,2,30.0,solved,0.104794,0.052,3578,62,3365,2641,53,1.35479,0,,/home/carsten/Projects/MAPF/MAPF Evaluator/results/tlcpp-room-32-4/runs/lg_lacam_fork_lg_suo/room-32-32-4/room-32-32-4-random-5_a100_s2_r0,3578,0.052,"{""agents"": ""100"", ""comp_time"": ""52"", ""makespan"": ""62"", ""makespan_lb"": ""53"", ""map_file"": ""room-32-32-4.map"", ""seed"": ""2"", ""soc"": ""3578"", ""soc_lb"": ""2641"", ""solved"": ""1"", ""solver"": ""planner"", ""sum_of_loss"": ""3395"", ""sum_of_loss_lb"": ""2641""}"
lg_lacam_fork:lg_suo,LG-LaCAM (window 20) + SUO,room-32-32-4,room-32-32-4-random-5,100,1,30.0,solved,0.10024,0.055,3545,59,3230,2641,53,1.342295,0,,/home/carsten/Projects/MAPF/MAPF Evaluator/results/tlcpp-room-32-4/runs/lg_lacam_fork_lg_suo/room-32-32-4/room-32-32-4-random-5_a100_s1_r0,3545,0.055,"{""agents"": ""100"", ""comp_time"": ""55"", ""makespan"": ""59"", ""makespan_lb"": ""53"", ""map_file"": ""room-32-32-4.map"", ""seed"": ""1"", ""soc"": ""3545"", ""soc_lb"": ""2641"", ""solved"": ""1"", ""solver"": ""planner"", ""sum_of_loss"": ""3281"", ""sum_of_loss_lb"": ""2641""}"
lg_lacam_fork:lg_suo_tl,LG-LaCAM (window 20) + SUO + traffic load,room-32-32-4,room-32-32-4-random-5,100,1,30.0,solved,0.09704,0.047,3471,60,3195,2641,53,1.314275,0,,/home/carsten/Projects/MAPF/MAPF Evaluator/results/tlcpp-room-32-4/runs/lg_lacam_fork_lg_suo_tl/room-32-32-4/room-32-32-4-random-5_a100_s1_r0,3471,0.047,"{""agents"": ""100"", ""comp_time"": ""47"", ""makespan"": ""60"", ""makespan_lb"": ""53"", ""map_file"": ""room-32-32-4.map"", ""seed"": ""1"", ""soc"": ""3471"", ""soc_lb"": ""2641"", ""solved"": ""1"", ""solver"": ""planner"", ""sum_of_loss"": ""3238"", ""sum_of_loss_lb"": ""2641""}"
lg_lacam_fork:lg_suo_tl,LG-LaCAM (window 20) + SUO + traffic load,room-32-32-4,room-32-32-4-random-5,100,0,30.0,solved,0.12321,0.055,3361,58,3164,2641,53,1.272624,0,,/home/carsten/Projects/MAPF/MAPF Evaluator/results/tlcpp-room-32-4/runs/lg_lacam_fork_lg_suo_tl/room-32-32-4/room-32-32-4-random-5_a100_s0_r0,3361,0.055,"{""agents"": ""100"", ""comp_time"": ""55"", ""makespan"": ""58"", ""makespan_lb"": ""53"", ""map_file"": ""room-32-32-4.map"", ""seed"": ""0"", ""soc"": ""3361"", ""soc_lb"": ""2641"", ""solved"": ""1"", ""solver"": ""planner"", ""sum_of_loss"": ""3202"", ""sum_of_loss_lb"": ""2641""}"
lg_lacam_fork:lg_suo_tl,LG-LaCAM (window 20) + SUO + traffic load,room-32-32-4,room-32-32-4-random-5,100,2,30.0,solved,0.075198,0.053,3397,58,3210,2641,53,1.286255,0,,/home/carsten/Projects/MAPF/MAPF Evaluator/results/tlcpp-room-32-4/runs/lg_lacam_fork_lg_suo_tl/room-32-32-4/room-32-32-4-random-5_a100_s2_r0,3397,0.053,"{""agents"": ""100"", ""comp_time"": ""53"", ""makespan"": ""58"", ""makespan_lb"": ""53"", ""map_file"": ""room-32-32-4.map"", ""seed"": ""2"", ""soc"": ""3397"", ""soc_lb"": ""2641"", ""solved"": ""1"", ""solver"": ""planner"", ""sum_of_loss"": ""3239"", ""sum_of_loss_lb"": ""2641""}"
lg_lacam_fork:lacam,"LaCAM (no guidance, first solution)",room-32-32-4,room-32-32-4-random-5,150,0,30.0,solved,0.058068,0.022,7859,83,6725,3959,53,1.985097,0,,/home/carsten/Projects/MAPF/MAPF Evaluator/results/tlcpp-room-32-4/runs/lg_lacam_fork_lacam/room-32-32-4/room-32-32-4-random-5_a150_s0_r0,7859,0.022,"{""agents"": ""150"", ""comp_time"": ""22"", ""makespan"": ""83"", ""makespan_lb"": ""53"", ""map_file"": ""room-32-32-4.map"", ""seed"": ""0"", ""soc"": ""7859"", ""soc_lb"": ""3959"", ""solved"": ""1"", ""solver"": ""planner"", ""sum_of_loss"": ""6880"", ""sum_of_loss_lb"": ""3959""}"
lg_lacam_fork:tl,"LaCAM + traffic load (tie-break, per config)",room-32-32-4,room-32-32-4-random-5,150,0,30.0,solved,0.065448,0.032,6984,82,6203,3959,53,1.764082,0,,/home/carsten/Projects/MAPF/MAPF Evaluator/results/tlcpp-room-32-4/runs/lg_lacam_fork_tl/room-32-32-4/room-32-32-4-random-5_a150_s0_r0,6984,0.032,"{""agents"": ""150"", ""comp_time"": ""32"", ""makespan"": ""82"", ""makespan_lb"": ""53"", ""map_file"": ""room-32-32-4.map"", ""seed"": ""0"", ""soc"": ""6984"", ""soc_lb"": ""3959"", ""solved"": ""1"", ""solver"": ""planner"", ""sum_of_loss"": ""6336"", ""sum_of_loss_lb"": ""3959""}"
lg_lacam_fork:lacam,"LaCAM (no guidance, first solution)",room-32-32-4,room-32-32-4-random-5,150,1,30.0,solved,0.123276,0.054,7543,74,6637,3959,53,1.905279,0,,/home/carsten/Projects/MAPF/MAPF Evaluator/results/tlcpp-room-32-4/runs/lg_lacam_fork_lacam/room-32-32-4/room-32-32-4-random-5_a150_s1_r0,7543,0.054,"{""agents"": ""150"", ""comp_time"": ""54"", ""makespan"": ""74"", ""makespan_lb"": ""53"", ""map_file"": ""room-32-32-4.map"", ""seed"": ""1"", ""soc"": ""7543"", ""soc_lb"": ""3959"", ""solved"": ""1"", ""solver"": ""planner"", ""sum_of_loss"": ""6784"", ""sum_of_loss_lb"": ""3959""}"
lg_lacam_fork:lacam,"LaCAM (no guidance, first solution)",room-32-32-4,room-32-32-4-random-5,150,2,30.0,solved,0.159185,0.068,7827,79,6790,3959,53,1.977014,0,,/home/carsten/Projects/MAPF/MAPF Evaluator/results/tlcpp-room-32-4/runs/lg_lacam_fork_lacam/room-32-32-4/room-32-32-4-random-5_a150_s2_r0,7827,0.068,"{""agents"": ""150"", ""comp_time"": ""68"", ""makespan"": ""79"", ""makespan_lb"": ""53"", ""map_file"": ""room-32-32-4.map"", ""seed"": ""2"", ""soc"": ""7827"", ""soc_lb"": ""3959"", ""solved"": ""1"", ""solver"": ""planner"", ""sum_of_loss"": ""6954"", ""sum_of_loss_lb"": ""3959""}"
lg_lacam_fork:tl,"LaCAM + traffic load (tie-break, per config)",room-32-32-4,room-32-32-4-random-5,150,1,30.0,solved,0.074733,0.04,6832,78,6097,3959,53,1.725688,0,,/home/carsten/Projects/MAPF/MAPF Evaluator/results/tlcpp-room-32-4/runs/lg_lacam_fork_tl/room-32-32-4/room-32-32-4-random-5_a150_s1_r0,6832,0.04,"{""agents"": ""150"", ""comp_time"": ""40"", ""makespan"": ""78"", ""makespan_lb"": ""53"", ""map_file"": ""room-32-32-4.map"", ""seed"": ""1"", ""soc"": ""6832"", ""soc_lb"": ""3959"", ""solved"": ""1"", ""solver"": ""planner"", ""sum_of_loss"": ""6226"", ""sum_of_loss_lb"": ""3959""}"
lg_lacam_fork:tl_agent,"LaCAM + traffic load (tie-break, per agent)",room-32-32-4,room-32-32-4-random-5,150,2,30.0,solved,0.066634,0.025,6777,74,6024,3959,53,1.711796,0,,/home/carsten/Projects/MAPF/MAPF Evaluator/results/tlcpp-room-32-4/runs/lg_lacam_fork_tl_agent/room-32-32-4/room-32-32-4-random-5_a150_s2_r0,6777,0.025,"{""agents"": ""150"", ""comp_time"": ""25"", ""makespan"": ""74"", ""makespan_lb"": ""53"", ""map_file"": ""room-32-32-4.map"", ""seed"": ""2"", ""soc"": ""6777"", ""soc_lb"": ""3959"", ""solved"": ""1"", ""solver"": ""planner"", ""sum_of_loss"": ""6157"", ""sum_of_loss_lb"": ""3959""}"
lg_lacam_fork:tl_agent,"LaCAM + traffic load (tie-break, per agent)",room-32-32-4,room-32-32-4-random-5,150,0,30.0,solved,0.077791,0.042,6816,74,6010,3959,53,1.721647,0,,/home/carsten/Projects/MAPF/MAPF Evaluator/results/tlcpp-room-32-4/runs/lg_lacam_fork_tl_agent/room-32-32-4/room-32-32-4-random-5_a150_s0_r0,6816,0.042,"{""agents"": ""150"", ""comp_time"": ""42"", ""makespan"": ""74"", ""makespan_lb"": ""53"", ""map_file"": ""room-32-32-4.map"", ""seed"": ""0"", ""soc"": ""6816"", ""soc_lb"": ""3959"", ""solved"": ""1"", ""solver"": ""planner"", ""sum_of_loss"": ""6148"", ""sum_of_loss_lb"": ""3959""}"
lg_lacam_fork:tl_agent,"LaCAM + traffic load (tie-break, per agent)",room-32-32-4,room-32-32-4-random-5,150,1,30.0,solved,0.089197,0.023,6831,86,6048,3959,53,1.725436,0,,/home/carsten/Projects/MAPF/MAPF Evaluator/results/tlcpp-room-32-4/runs/lg_lacam_fork_tl_agent/room-32-32-4/room-32-32-4-random-5_a150_s1_r0,6831,0.023,"{""agents"": ""150"", ""comp_time"": ""23"", ""makespan"": ""86"", ""makespan_lb"": ""53"", ""map_file"": ""room-32-32-4.map"", ""seed"": ""1"", ""soc"": ""6831"", ""soc_lb"": ""3959"", ""solved"": ""1"", ""solver"": ""planner"", ""sum_of_loss"": ""6184"", ""sum_of_loss_lb"": ""3959""}"
lg_lacam_fork:tl,"LaCAM + traffic load (tie-break, per config)",room-32-32-4,room-32-32-4-random-5,150,2,30.0,solved,0.09543,0.016,6967,77,6232,3959,53,1.759788,0,,/home/carsten/Projects/MAPF/MAPF Evaluator/results/tlcpp-room-32-4/runs/lg_lacam_fork_tl/room-32-32-4/room-32-32-4-random-5_a150_s2_r0,6967,0.016,"{""agents"": ""150"", ""comp_time"": ""16"", ""makespan"": ""77"", ""makespan_lb"": ""53"", ""map_file"": ""room-32-32-4.map"", ""seed"": ""2"", ""soc"": ""6967"", ""soc_lb"": ""3959"", ""solved"": ""1"", ""solver"": ""planner"", ""sum_of_loss"": ""6363"", ""sum_of_loss_lb"": ""3959""}"
lg_lacam_fork:tl_static,LaCAM + traffic load (static map from starts),room-32-32-4,room-32-32-4-random-5,150,1,30.0,solved,0.061382,0.021,8197,104,6946,3959,53,2.070472,0,,/home/carsten/Projects/MAPF/MAPF Evaluator/results/tlcpp-room-32-4/runs/lg_lacam_fork_tl_static/room-32-32-4/room-32-32-4-random-5_a150_s1_r0,8197,0.021,"{""agents"": ""150"", ""comp_time"": ""21"", ""makespan"": ""104"", ""makespan_lb"": ""53"", ""map_file"": ""room-32-32-4.map"", ""seed"": ""1"", ""soc"": ""8197"", ""soc_lb"": ""3959"", ""solved"": ""1"", ""solver"": ""planner"", ""sum_of_loss"": ""7217"", ""sum_of_loss_lb"": ""3959""}"
lg_lacam_fork:tl_static,LaCAM + traffic load (static map from starts),room-32-32-4,room-32-32-4-random-5,150,0,30.0,solved,0.129256,0.039,8022,97,6854,3959,53,2.026269,0,,/home/carsten/Projects/MAPF/MAPF Evaluator/results/tlcpp-room-32-4/runs/lg_lacam_fork_tl_static/room-32-32-4/room-32-32-4-random-5_a150_s0_r0,8022,0.039,"{""agents"": ""150"", ""comp_time"": ""39"", ""makespan"": ""97"", ""makespan_lb"": ""53"", ""map_file"": ""room-32-32-4.map"", ""seed"": ""0"", ""soc"": ""8022"", ""soc_lb"": ""3959"", ""solved"": ""1"", ""solver"": ""planner"", ""sum_of_loss"": ""7074"", ""sum_of_loss_lb"": ""3959""}"
lg_lacam_fork:tl_static,LaCAM + traffic load (static map from starts),room-32-32-4,room-32-32-4-random-5,150,2,30.0,solved,0.06658,0.026,8761,112,7154,3959,53,2.212933,0,,/home/carsten/Projects/MAPF/MAPF Evaluator/results/tlcpp-room-32-4/runs/lg_lacam_fork_tl_static/room-32-32-4/room-32-32-4-random-5_a150_s2_r0,8761,0.026,"{""agents"": ""150"", ""comp_time"": ""26"", ""makespan"": ""112"", ""makespan_lb"": ""53"", ""map_file"": ""room-32-32-4.map"", ""seed"": ""2"", ""soc"": ""8761"", ""soc_lb"": ""3959"", ""solved"": ""1"", ""solver"": ""planner"", ""sum_of_loss"": ""7457"", ""sum_of_loss_lb"": ""3959""}"
lg_lacam_fork:suo,LaCAM3 = SUO (first solution),room-32-32-4,room-32-32-4-random-5,150,0,30.0,solved,0.095495,0.034,7660,82,6689,3959,53,1.934832,0,,/home/carsten/Projects/MAPF/MAPF Evaluator/results/tlcpp-room-32-4/runs/lg_lacam_fork_suo/room-32-32-4/room-32-32-4-random-5_a150_s0_r0,7660,0.034,"{""agents"": ""150"", ""comp_time"": ""34"", ""makespan"": ""82"", ""makespan_lb"": ""53"", ""map_file"": ""room-32-32-4.map"", ""seed"": ""0"", ""soc"": ""7660"", ""soc_lb"": ""3959"", ""solved"": ""1"", ""solver"": ""planner"", ""sum_of_loss"": ""6854"", ""sum_of_loss_lb"": ""3959""}"
lg_lacam_fork:suo,LaCAM3 = SUO (first solution),room-32-32-4,room-32-32-4-random-5,150,1,30.0,solved,0.122191,0.074,7038,73,6283,3959,53,1.777722,0,,/home/carsten/Projects/MAPF/MAPF Evaluator/results/tlcpp-room-32-4/runs/lg_lacam_fork_suo/room-32-32-4/room-32-32-4-random-5_a150_s1_r0,7038,0.074,"{""agents"": ""150"", ""comp_time"": ""74"", ""makespan"": ""73"", ""makespan_lb"": ""53"", ""map_file"": ""room-32-32-4.map"", ""seed"": ""1"", ""soc"": ""7038"", ""soc_lb"": ""3959"", ""solved"": ""1"", ""solver"": ""planner"", ""sum_of_loss"": ""6409"", ""sum_of_loss_lb"": ""3959""}"
lg_lacam_fork:suo,LaCAM3 = SUO (first solution),room-32-32-4,room-32-32-4-random-5,150,2,30.0,solved,0.197123,0.065,7348,78,6361,3959,53,1.856024,0,,/home/carsten/Projects/MAPF/MAPF Evaluator/results/tlcpp-room-32-4/runs/lg_lacam_fork_suo/room-32-32-4/room-32-32-4-random-5_a150_s2_r0,7348,0.065,"{""agents"": ""150"", ""comp_time"": ""65"", ""makespan"": ""78"", ""makespan_lb"": ""53"", ""map_file"": ""room-32-32-4.map"", ""seed"": ""2"", ""soc"": ""7348"", ""soc_lb"": ""3959"", ""solved"": ""1"", ""solver"": ""planner"", ""sum_of_loss"": ""6501"", ""sum_of_loss_lb"": ""3959""}"
lg_lacam_fork:suo_tl,SUO + traffic load,room-32-32-4,room-32-32-4-random-5,150,1,30.0,solved,0.120593,0.082,6733,73,6060,3959,53,1.700682,0,,/home/carsten/Projects/MAPF/MAPF Evaluator/results/tlcpp-room-32-4/runs/lg_lacam_fork_suo_tl/room-32-32-4/room-32-32-4-random-5_a150_s1_r0,6733,0.082,"{""agents"": ""150"", ""comp_time"": ""82"", ""makespan"": ""73"", ""makespan_lb"": ""53"", ""map_file"": ""room-32-32-4.map"", ""seed"": ""1"", ""soc"": ""6733"", ""soc_lb"": ""3959"", ""solved"": ""1"", ""solver"": ""planner"", ""sum_of_loss"": ""6178"", ""sum_of_loss_lb"": ""3959""}"
lg_lacam_fork:suo_tl,SUO + traffic load,room-32-32-4,room-32-32-4-random-5,150,0,30.0,solved,0.18701,0.101,7446,83,6430,3959,53,1.880778,0,,/home/carsten/Projects/MAPF/MAPF Evaluator/results/tlcpp-room-32-4/runs/lg_lacam_fork_suo_tl/room-32-32-4/room-32-32-4-random-5_a150_s0_r0,7446,0.101,"{""agents"": ""150"", ""comp_time"": ""101"", ""makespan"": ""83"", ""makespan_lb"": ""53"", ""map_file"": ""room-32-32-4.map"", ""seed"": ""0"", ""soc"": ""7446"", ""soc_lb"": ""3959"", ""solved"": ""1"", ""solver"": ""planner"", ""sum_of_loss"": ""6567"", ""sum_of_loss_lb"": ""3959""}"
lg_lacam_fork:suo_tl,SUO + traffic load,room-32-32-4,room-32-32-4-random-5,150,2,30.0,solved,0.121976,0.072,6904,79,6183,3959,53,1.743875,0,,/home/carsten/Projects/MAPF/MAPF Evaluator/results/tlcpp-room-32-4/runs/lg_lacam_fork_suo_tl/room-32-32-4/room-32-32-4-random-5_a150_s2_r0,6904,0.072,"{""agents"": ""150"", ""comp_time"": ""72"", ""makespan"": ""79"", ""makespan_lb"": ""53"", ""map_file"": ""room-32-32-4.map"", ""seed"": ""2"", ""soc"": ""6904"", ""soc_lb"": ""3959"", ""solved"": ""1"", ""solver"": ""planner"", ""sum_of_loss"": ""6304"", ""sum_of_loss_lb"": ""3959""}"
lg_lacam_fork:lg,"LG-LaCAM (window 20, first solution)",room-32-32-4,room-32-32-4-random-5,150,0,30.0,solved,0.223952,0.156,6235,66,5620,3959,53,1.574893,0,,/home/carsten/Projects/MAPF/MAPF Evaluator/results/tlcpp-room-32-4/runs/lg_lacam_fork_lg/room-32-32-4/room-32-32-4-random-5_a150_s0_r0,6235,0.156,"{""agents"": ""150"", ""comp_time"": ""156"", ""makespan"": ""66"", ""makespan_lb"": ""53"", ""map_file"": ""room-32-32-4.map"", ""seed"": ""0"", ""soc"": ""6235"", ""soc_lb"": ""3959"", ""solved"": ""1"", ""solver"": ""planner"", ""sum_of_loss"": ""5728"", ""sum_of_loss_lb"": ""3959""}"
lg_lacam_fork:lg,"LG-LaCAM (window 20, first solution)",room-32-32-4,room-32-32-4-random-5,150,2,30.0,solved,0.224613,0.193,6224,69,5523,3959,53,1.572114,0,,/home/carsten/Projects/MAPF/MAPF Evaluator/results/tlcpp-room-32-4/runs/lg_lacam_fork_lg/room-32-32-4/room-32-32-4-random-5_a150_s2_r0,6224,0.193,"{""agents"": ""150"", ""comp_time"": ""193"", ""makespan"": ""69"", ""makespan_lb"": ""53"", ""map_file"": ""room-32-32-4.map"", ""seed"": ""2"", ""soc"": ""6224"", ""soc_lb"": ""3959"", ""solved"": ""1"", ""solver"": ""planner"", ""sum_of_loss"": ""5621"", ""sum_of_loss_lb"": ""3959""}"
lg_lacam_fork:lg,"LG-LaCAM (window 20, first solution)",room-32-32-4,room-32-32-4-random-5,150,1,30.0,solved,0.328322,0.251,6143,68,5486,3959,53,1.551654,0,,/home/carsten/Projects/MAPF/MAPF Evaluator/results/tlcpp-room-32-4/runs/lg_lacam_fork_lg/room-32-32-4/room-32-32-4-random-5_a150_s1_r0,6143,0.251,"{""agents"": ""150"", ""comp_time"": ""251"", ""makespan"": ""68"", ""makespan_lb"": ""53"", ""map_file"": ""room-32-32-4.map"", ""seed"": ""1"", ""soc"": ""6143"", ""soc_lb"": ""3959"", ""solved"": ""1"", ""solver"": ""planner"", ""sum_of_loss"": ""5583"", ""sum_of_loss_lb"": ""3959""}"
lg_lacam_fork:lg_tl,LG-LaCAM (window 20) + traffic load,room-32-32-4,room-32-32-4-random-5,150,0,30.0,solved,0.483691,0.341,5765,63,5358,3959,53,1.456176,0,,/home/carsten/Projects/MAPF/MAPF Evaluator/results/tlcpp-room-32-4/runs/lg_lacam_fork_lg_tl/room-32-32-4/room-32-32-4-random-5_a150_s0_r0,5765,0.341,"{""agents"": ""150"", ""comp_time"": ""341"", ""makespan"": ""63"", ""makespan_lb"": ""53"", ""map_file"": ""room-32-32-4.map"", ""seed"": ""0"", ""soc"": ""5765"", ""soc_lb"": ""3959"", ""solved"": ""1"", ""solver"": ""planner"", ""sum_of_loss"": ""5435"", ""sum_of_loss_lb"": ""3959""}"
lg_lacam_fork:lg_tl,LG-LaCAM (window 20) + traffic load,room-32-32-4,room-32-32-4-random-5,150,1,30.0,solved,0.323789,0.29,5833,67,5482,3959,53,1.473352,0,,/home/carsten/Projects/MAPF/MAPF Evaluator/results/tlcpp-room-32-4/runs/lg_lacam_fork_lg_tl/room-32-32-4/room-32-32-4-random-5_a150_s1_r0,5833,0.29,"{""agents"": ""150"", ""comp_time"": ""290"", ""makespan"": ""67"", ""makespan_lb"": ""53"", ""map_file"": ""room-32-32-4.map"", ""seed"": ""1"", ""soc"": ""5833"", ""soc_lb"": ""3959"", ""solved"": ""1"", ""solver"": ""planner"", ""sum_of_loss"": ""5548"", ""sum_of_loss_lb"": ""3959""}"
lg_lacam_fork:lg_tl,LG-LaCAM (window 20) + traffic load,room-32-32-4,room-32-32-4-random-5,150,2,30.0,solved,0.293664,0.148,6004,60,5423,3959,53,1.516545,0,,/home/carsten/Projects/MAPF/MAPF Evaluator/results/tlcpp-room-32-4/runs/lg_lacam_fork_lg_tl/room-32-32-4/room-32-32-4-random-5_a150_s2_r0,6004,0.148,"{""agents"": ""150"", ""comp_time"": ""148"", ""makespan"": ""60"", ""makespan_lb"": ""53"", ""map_file"": ""room-32-32-4.map"", ""seed"": ""2"", ""soc"": ""6004"", ""soc_lb"": ""3959"", ""solved"": ""1"", ""solver"": ""planner"", ""sum_of_loss"": ""5512"", ""sum_of_loss_lb"": ""3959""}"
lg_lacam_fork:lg_suo,LG-LaCAM (window 20) + SUO,room-32-32-4,room-32-32-4-random-5,150,0,30.0,solved,0.302812,0.145,6103,72,5484,3959,53,1.541551,0,,/home/carsten/Projects/MAPF/MAPF Evaluator/results/tlcpp-room-32-4/runs/lg_lacam_fork_lg_suo/room-32-32-4/room-32-32-4-random-5_a150_s0_r0,6103,0.145,"{""agents"": ""150"", ""comp_time"": ""145"", ""makespan"": ""72"", ""makespan_lb"": ""53"", ""map_file"": ""room-32-32-4.map"", ""seed"": ""0"", ""soc"": ""6103"", ""soc_lb"": ""3959"", ""solved"": ""1"", ""solver"": ""planner"", ""sum_of_loss"": ""5593"", ""sum_of_loss_lb"": ""3959""}"
lg_lacam_fork:lg_suo,LG-LaCAM (window 20) + SUO,room-32-32-4,room-32-32-4-random-5,150,2,30.0,solved,0.286316,0.204,6098,66,5471,3959,53,1.540288,0,,/home/carsten/Projects/MAPF/MAPF Evaluator/results/tlcpp-room-32-4/runs/lg_lacam_fork_lg_suo/room-32-32-4/room-32-32-4-random-5_a150_s2_r0,6098,0.204,"{""agents"": ""150"", ""comp_time"": ""204"", ""makespan"": ""66"", ""makespan_lb"": ""53"", ""map_file"": ""room-32-32-4.map"", ""seed"": ""2"", ""soc"": ""6098"", ""soc_lb"": ""3959"", ""solved"": ""1"", ""solver"": ""planner"", ""sum_of_loss"": ""5569"", ""sum_of_loss_lb"": ""3959""}"
lg_lacam_fork:lg_suo,LG-LaCAM (window 20) + SUO,room-32-32-4,room-32-32-4-random-5,150,1,30.0,solved,0.49999,0.363,6019,66,5414,3959,53,1.520333,0,,/home/carsten/Projects/MAPF/MAPF Evaluator/results/tlcpp-room-32-4/runs/lg_lacam_fork_lg_suo/room-32-32-4/room-32-32-4-random-5_a150_s1_r0,6019,0.363,"{""agents"": ""150"", ""comp_time"": ""363"", ""makespan"": ""66"", ""makespan_lb"": ""53"", ""map_file"": ""room-32-32-4.map"", ""seed"": ""1"", ""soc"": ""6019"", ""soc_lb"": ""3959"", ""solved"": ""1"", ""solver"": ""planner"", ""sum_of_loss"": ""5508"", ""sum_of_loss_lb"": ""3959""}"
lg_lacam_fork:lg_suo_tl,LG-LaCAM (window 20) + SUO + traffic load,room-32-32-4,room-32-32-4-random-5,150,1,30.0,solved,0.598014,0.451,6014,71,5382,3959,53,1.51907,0,,/home/carsten/Projects/MAPF/MAPF Evaluator/results/tlcpp-room-32-4/runs/lg_lacam_fork_lg_suo_tl/room-32-32-4/room-32-32-4-random-5_a150_s1_r0,6014,0.451,"{""agents"": ""150"", ""comp_time"": ""451"", ""makespan"": ""71"", ""makespan_lb"": ""53"", ""map_file"": ""room-32-32-4.map"", ""seed"": ""1"", ""soc"": ""6014"", ""soc_lb"": ""3959"", ""solved"": ""1"", ""solver"": ""planner"", ""sum_of_loss"": ""5476"", ""sum_of_loss_lb"": ""3959""}"
lg_lacam_fork:lg_suo_tl,LG-LaCAM (window 20) + SUO + traffic load,room-32-32-4,room-32-32-4-random-5,150,0,30.0,solved,0.790944,0.669,5851,66,5344,3959,53,1.477898,0,,/home/carsten/Projects/MAPF/MAPF Evaluator/results/tlcpp-room-32-4/runs/lg_lacam_fork_lg_suo_tl/room-32-32-4/room-32-32-4-random-5_a150_s0_r0,5851,0.669,"{""agents"": ""150"", ""comp_time"": ""669"", ""makespan"": ""66"", ""makespan_lb"": ""53"", ""map_file"": ""room-32-32-4.map"", ""seed"": ""0"", ""soc"": ""5851"", ""soc_lb"": ""3959"", ""solved"": ""1"", ""solver"": ""planner"", ""sum_of_loss"": ""5436"", ""sum_of_loss_lb"": ""3959""}"
lg_lacam_fork:lg_suo_tl,LG-LaCAM (window 20) + SUO + traffic load,room-32-32-4,room-32-32-4-random-5,150,2,30.0,solved,0.507762,0.361,5750,60,5296,3959,53,1.452387,0,,/home/carsten/Projects/MAPF/MAPF Evaluator/results/tlcpp-room-32-4/runs/lg_lacam_fork_lg_suo_tl/room-32-32-4/room-32-32-4-random-5_a150_s2_r0,5750,0.361,"{""agents"": ""150"", ""comp_time"": ""361"", ""makespan"": ""60"", ""makespan_lb"": ""53"", ""map_file"": ""room-32-32-4.map"", ""seed"": ""2"", ""soc"": ""5750"", ""soc_lb"": ""3959"", ""solved"": ""1"", ""solver"": ""planner"", ""sum_of_loss"": ""5376"", ""sum_of_loss_lb"": ""3959""}"
lg_lacam_fork:lacam,"LaCAM (no guidance, first solution)",room-32-32-4,room-32-32-4-random-5,200,0,30.0,solved,0.227797,0.042,12514,91,10401,5123,55,2.442709,0,,/home/carsten/Projects/MAPF/MAPF Evaluator/results/tlcpp-room-32-4/runs/lg_lacam_fork_lacam/room-32-32-4/room-32-32-4-random-5_a200_s0_r0,12514,0.042,"{""agents"": ""200"", ""comp_time"": ""42"", ""makespan"": ""91"", ""makespan_lb"": ""55"", ""map_file"": ""room-32-32-4.map"", ""seed"": ""0"", ""soc"": ""12514"", ""soc_lb"": ""5123"", ""solved"": ""1"", ""solver"": ""planner"", ""sum_of_loss"": ""10759"", ""sum_of_loss_lb"": ""5123""}"
lg_lacam_fork:lacam,"LaCAM (no guidance, first solution)",room-32-32-4,room-32-32-4-random-5,200,1,30.0,solved,0.070902,0.025,12566,90,10390,5123,55,2.45286,0,,/home/carsten/Projects/MAPF/MAPF Evaluator/results/tlcpp-room-32-4/runs/lg_lacam_fork_lacam/room-32-32-4/room-32-32-4-random-5_a200_s1_r0,12566,0.025,"{""agents"": ""200"", ""comp_time"": ""25"", ""makespan"": ""90"", ""makespan_lb"": ""55"", ""map_file"": ""room-32-32-4.map"", ""seed"": ""1"", ""soc"": ""12566"", ""soc_lb"": ""5123"", ""solved"": ""1"", ""solver"": ""planner"", ""sum_of_loss"": ""10732"", ""sum_of_loss_lb"": ""5123""}"
lg_lacam_fork:lacam,"LaCAM (no guidance, first solution)",room-32-32-4,room-32-32-4-random-5,200,2,30.0,solved,0.172909,0.073,12494,89,10567,5123,55,2.438805,0,,/home/carsten/Projects/MAPF/MAPF Evaluator/results/tlcpp-room-32-4/runs/lg_lacam_fork_lacam/room-32-32-4/room-32-32-4-random-5_a200_s2_r0,12494,0.073,"{""agents"": ""200"", ""comp_time"": ""73"", ""makespan"": ""89"", ""makespan_lb"": ""55"", ""map_file"": ""room-32-32-4.map"", ""seed"": ""2"", ""soc"": ""12494"", ""soc_lb"": ""5123"", ""solved"": ""1"", ""solver"": ""planner"", ""sum_of_loss"": ""10907"", ""sum_of_loss_lb"": ""5123""}"
lg_lacam_fork:tl,"LaCAM + traffic load (tie-break, per config)",room-32-32-4,room-32-32-4-random-5,200,0,30.0,solved,0.163175,0.108,11264,88,9690,5123,55,2.198712,0,,/home/carsten/Projects/MAPF/MAPF Evaluator/results/tlcpp-room-32-4/runs/lg_lacam_fork_tl/room-32-32-4/room-32-32-4-random-5_a200_s0_r0,11264,0.108,"{""agents"": ""200"", ""comp_time"": ""108"", ""makespan"": ""88"", ""makespan_lb"": ""55"", ""map_file"": ""room-32-32-4.map"", ""seed"": ""0"", ""soc"": ""11264"", ""soc_lb"": ""5123"", ""solved"": ""1"", ""solver"": ""planner"", ""sum_of_loss"": ""9974"", ""sum_of_loss_lb"": ""5123""}"
lg_lacam_fork:tl,"LaCAM + traffic load (tie-break, per config)",room-32-32-4,room-32-32-4-random-5,200,1,30.0,solved,0.187976,0.053,11189,83,9592,5123,55,2.184072,0,,/home/carsten/Projects/MAPF/MAPF Evaluator/results/tlcpp-room-32-4/runs/lg_lacam_fork_tl/room-32-32-4/room-32-32-4-random-5_a200_s1_r0,11189,0.053,"{""agents"": ""200"", ""comp_time"": ""53"", ""makespan"": ""83"", ""makespan_lb"": ""55"", ""map_file"": ""room-32-32-4.map"", ""seed"": ""1"", ""soc"": ""11189"", ""soc_lb"": ""5123"", ""solved"": ""1"", ""solver"": ""planner"", ""sum_of_loss"": ""9888"", ""sum_of_loss_lb"": ""5123""}"
lg_lacam_fork:tl,"LaCAM + traffic load (tie-break, per config)",room-32-32-4,room-32-32-4-random-5,200,2,30.0,solved,0.168403,0.073,11251,91,9762,5123,55,2.196174,0,,/home/carsten/Projects/MAPF/MAPF Evaluator/results/tlcpp-room-32-4/runs/lg_lacam_fork_tl/room-32-32-4/room-32-32-4-random-5_a200_s2_r0,11251,0.073,"{""agents"": ""200"", ""comp_time"": ""73"", ""makespan"": ""91"", ""makespan_lb"": ""55"", ""map_file"": ""room-32-32-4.map"", ""seed"": ""2"", ""soc"": ""11251"", ""soc_lb"": ""5123"", ""solved"": ""1"", ""solver"": ""planner"", ""sum_of_loss"": ""10049"", ""sum_of_loss_lb"": ""5123""}"
lg_lacam_fork:tl_agent,"LaCAM + traffic load (tie-break, per agent)",room-32-32-4,room-32-32-4-random-5,200,0,30.0,solved,0.137734,0.037,11513,98,9719,5123,55,2.247316,0,,/home/carsten/Projects/MAPF/MAPF Evaluator/results/tlcpp-room-32-4/runs/lg_lacam_fork_tl_agent/room-32-32-4/room-32-32-4-random-5_a200_s0_r0,11513,0.037,"{""agents"": ""200"", ""comp_time"": ""37"", ""makespan"": ""98"", ""makespan_lb"": ""55"", ""map_file"": ""room-32-32-4.map"", ""seed"": ""0"", ""soc"": ""11513"", ""soc_lb"": ""5123"", ""solved"": ""1"", ""solver"": ""planner"", ""sum_of_loss"": ""10006"", ""sum_of_loss_lb"": ""5123""}"
lg_lacam_fork:tl_agent,"LaCAM + traffic load (tie-break, per agent)",room-32-32-4,room-32-32-4-random-5,200,1,30.0,solved,0.129942,0.054,11506,87,9632,5123,55,2.24595,0,,/home/carsten/Projects/MAPF/MAPF Evaluator/results/tlcpp-room-32-4/runs/lg_lacam_fork_tl_agent/room-32-32-4/room-32-32-4-random-5_a200_s1_r0,11506,0.054,"{""agents"": ""200"", ""comp_time"": ""54"", ""makespan"": ""87"", ""makespan_lb"": ""55"", ""map_file"": ""room-32-32-4.map"", ""seed"": ""1"", ""soc"": ""11506"", ""soc_lb"": ""5123"", ""solved"": ""1"", ""solver"": ""planner"", ""sum_of_loss"": ""9952"", ""sum_of_loss_lb"": ""5123""}"
lg_lacam_fork:tl_agent,"LaCAM + traffic load (tie-break, per agent)",room-32-32-4,room-32-32-4-random-5,200,2,30.0,solved,0.142978,0.069,11152,82,9748,5123,55,2.17685,0,,/home/carsten/Projects/MAPF/MAPF Evaluator/results/tlcpp-room-32-4/runs/lg_lacam_fork_tl_agent/room-32-32-4/room-32-32-4-random-5_a200_s2_r0,11152,0.069,"{""agents"": ""200"", ""comp_time"": ""69"", ""makespan"": ""82"", ""makespan_lb"": ""55"", ""map_file"": ""room-32-32-4.map"", ""seed"": ""2"", ""soc"": ""11152"", ""soc_lb"": ""5123"", ""solved"": ""1"", ""solver"": ""planner"", ""sum_of_loss"": ""10051"", ""sum_of_loss_lb"": ""5123""}"
lg_lacam_fork:tl_static,LaCAM + traffic load (static map from starts),room-32-32-4,room-32-32-4-random-5,200,0,30.0,solved,0.244716,0.086,12550,120,10770,5123,55,2.449736,0,,/home/carsten/Projects/MAPF/MAPF Evaluator/results/tlcpp-room-32-4/runs/lg_lacam_fork_tl_static/room-32-32-4/room-32-32-4-random-5_a200_s0_r0,12550,0.086,"{""agents"": ""200"", ""comp_time"": ""86"", ""makespan"": ""120"", ""makespan_lb"": ""55"", ""map_file"": ""room-32-32-4.map"", ""seed"": ""0"", ""soc"": ""12550"", ""soc_lb"": ""5123"", ""solved"": ""1"", ""solver"": ""planner"", ""sum_of_loss"": ""11183"", ""sum_of_loss_lb"": ""5123""}"
lg_lacam_fork:tl_static,LaCAM + traffic load (static map from starts),room-32-32-4,room-32-32-4-random-5,200,2,30.0,solved,0.274579,0.179,13468,150,11363,5123,55,2.628928,0,,/home/carsten/Projects/MAPF/MAPF Evaluator/results/tlcpp-room-32-4/runs/lg_lacam_fork_tl_static/room-32-32-4/room-32-32-4-random-5_a200_s2_r0,13468,0.179,"{""agents"": ""200"", ""comp_time"": ""179"", ""makespan"": ""150"", ""makespan_lb"": ""55"", ""map_file"": ""room-32-32-4.map"", ""seed"": ""2"", ""soc"": ""13468"", ""soc_lb"": ""5123"", ""solved"": ""1"", ""solver"": ""planner"", ""sum_of_loss"": ""11956"", ""sum_of_loss_lb"": ""5123""}"
lg_lacam_fork:suo,LaCAM3 = SUO (first solution),room-32-32-4,room-32-32-4-random-5,200,1,30.0,solved,0.122547,0.083,11823,86,9923,5123,55,2.307827,0,,/home/carsten/Projects/MAPF/MAPF Evaluator/results/tlcpp-room-32-4/runs/lg_lacam_fork_suo/room-32-32-4/room-32-32-4-random-5_a200_s1_r0,11823,0.083,"{""agents"": ""200"", ""comp_time"": ""83"", ""makespan"": ""86"", ""makespan_lb"": ""55"", ""map_file"": ""room-32-32-4.map"", ""seed"": ""1"", ""soc"": ""11823"", ""soc_lb"": ""5123"", ""solved"": ""1"", ""solver"": ""planner"", ""sum_of_loss"": ""10277"", ""sum_of_loss_lb"": ""5123""}"
lg_lacam_fork:suo,LaCAM3 = SUO (first solution),room-32-32-4,room-32-32-4-random-5,200,0,30.0,solved,0.224,0.112,11603,90,10260,5123,55,2.264884,0,,/home/carsten/Projects/MAPF/MAPF Evaluator/results/tlcpp-room-32-4/runs/lg_lacam_fork_suo/room-32-32-4/room-32-32-4-random-5_a200_s0_r0,11603,0.112,"{""agents"": ""200"", ""comp_time"": ""112"", ""makespan"": ""90"", ""makespan_lb"": ""55"", ""map_file"": ""room-32-32-4.map"", ""seed"": ""0"", ""soc"": ""11603"", ""soc_lb"": ""5123"", ""solved"": ""1"", ""solver"": ""planner"", ""sum_of_loss"": ""10563"", ""sum_of_loss_lb"": ""5123""}"
lg_lacam_fork:tl_static,LaCAM + traffic load (static map from starts),room-32-32-4,room-32-32-4-random-5,200,1,30.0,solved,0.863559,0.712,14248,166,11674,5123,55,2.781183,0,,/home/carsten/Projects/MAPF/MAPF Evaluator/results/tlcpp-room-32-4/runs/lg_lacam_fork_tl_static/room-32-32-4/room-32-32-4-random-5_a200_s1_r0,14248,0.712,"{""agents"": ""200"", ""comp_time"": ""712"", ""makespan"": ""166"", ""makespan_lb"": ""55"", ""map_file"": ""room-32-32-4.map"", ""seed"": ""1"", ""soc"": ""14248"", ""soc_lb"": ""5123"", ""solved"": ""1"", ""solver"": ""planner"", ""sum_of_loss"": ""12286"", ""sum_of_loss_lb"": ""5123""}"
lg_lacam_fork:suo,LaCAM3 = SUO (first solution),room-32-32-4,room-32-32-4-random-5,200,2,30.0,solved,0.254972,0.135,11873,87,10012,5123,55,2.317587,0,,/home/carsten/Projects/MAPF/MAPF Evaluator/results/tlcpp-room-32-4/runs/lg_lacam_fork_suo/room-32-32-4/room-32-32-4-random-5_a200_s2_r0,11873,0.135,"{""agents"": ""200"", ""comp_time"": ""135"", ""makespan"": ""87"", ""makespan_lb"": ""55"", ""map_file"": ""room-32-32-4.map"", ""seed"": ""2"", ""soc"": ""11873"", ""soc_lb"": ""5123"", ""solved"": ""1"", ""solver"": ""planner"", ""sum_of_loss"": ""10360"", ""sum_of_loss_lb"": ""5123""}"
lg_lacam_fork:suo_tl,SUO + traffic load,room-32-32-4,room-32-32-4-random-5,200,1,30.0,solved,0.231462,0.116,11433,96,9765,5123,55,2.2317,0,,/home/carsten/Projects/MAPF/MAPF Evaluator/results/tlcpp-room-32-4/runs/lg_lacam_fork_suo_tl/room-32-32-4/room-32-32-4-random-5_a200_s1_r0,11433,0.116,"{""agents"": ""200"", ""comp_time"": ""116"", ""makespan"": ""96"", ""makespan_lb"": ""55"", ""map_file"": ""room-32-32-4.map"", ""seed"": ""1"", ""soc"": ""11433"", ""soc_lb"": ""5123"", ""solved"": ""1"", ""solver"": ""planner"", ""sum_of_loss"": ""10076"", ""sum_of_loss_lb"": ""5123""}"
lg_lacam_fork:suo_tl,SUO + traffic load,room-32-32-4,room-32-32-4-random-5,200,0,30.0,solved,0.370155,0.256,11186,88,9661,5123,55,2.183486,0,,/home/carsten/Projects/MAPF/MAPF Evaluator/results/tlcpp-room-32-4/runs/lg_lacam_fork_suo_tl/room-32-32-4/room-32-32-4-random-5_a200_s0_r0,11186,0.256,"{""agents"": ""200"", ""comp_time"": ""256"", ""makespan"": ""88"", ""makespan_lb"": ""55"", ""map_file"": ""room-32-32-4.map"", ""seed"": ""0"", ""soc"": ""11186"", ""soc_lb"": ""5123"", ""solved"": ""1"", ""solver"": ""planner"", ""sum_of_loss"": ""9952"", ""sum_of_loss_lb"": ""5123""}"
lg_lacam_fork:suo_tl,SUO + traffic load,room-32-32-4,room-32-32-4-random-5,200,2,30.0,solved,0.39666,0.144,10591,89,9012,5123,55,2.067343,0,,/home/carsten/Projects/MAPF/MAPF Evaluator/results/tlcpp-room-32-4/runs/lg_lacam_fork_suo_tl/room-32-32-4/room-32-32-4-random-5_a200_s2_r0,10591,0.144,"{""agents"": ""200"", ""comp_time"": ""144"", ""makespan"": ""89"", ""makespan_lb"": ""55"", ""map_file"": ""room-32-32-4.map"", ""seed"": ""2"", ""soc"": ""10591"", ""soc_lb"": ""5123"", ""solved"": ""1"", ""solver"": ""planner"", ""sum_of_loss"": ""9322"", ""sum_of_loss_lb"": ""5123""}"
lg_lacam_fork:lg,"LG-LaCAM (window 20, first solution)",room-32-32-4,room-32-32-4-random-5,200,1,30.0,solved,0.353762,0.276,9908,77,8494,5123,55,1.934023,0,,/home/carsten/Projects/MAPF/MAPF Evaluator/results/tlcpp-room-32-4/runs/lg_lacam_fork_lg/room-32-32-4/room-32-32-4-random-5_a200_s1_r0,9908,0.276,"{""agents"": ""200"", ""comp_time"": ""276"", ""makespan"": ""77"", ""makespan_lb"": ""55"", ""map_file"": ""room-32-32-4.map"", ""seed"": ""1"", ""soc"": ""9908"", ""soc_lb"": ""5123"", ""solved"": ""1"", ""solver"": ""planner"", ""sum_of_loss"": ""8758"", ""sum_of_loss_lb"": ""5123""}"
lg_lacam_fork:lg,"LG-LaCAM (window 20, first solution)",room-32-32-4,room-32-32-4-random-5,200,2,30.0,solved,0.355381,0.232,10147,81,8879,5123,55,1.980675,0,,/home/carsten/Projects/MAPF/MAPF Evaluator/results/tlcpp-room-32-4/runs/lg_lacam_fork_lg/room-32-32-4/room-32-32-4-random-5_a200_s2_r0,10147,0.232,"{""agents"": ""200"", ""comp_time"": ""232"", ""makespan"": ""81"", ""makespan_lb"": ""55"", ""map_file"": ""room-32-32-4.map"", ""seed"": ""2"", ""soc"": ""10147"", ""soc_lb"": ""5123"", ""solved"": ""1"", ""solver"": ""planner"", ""sum_of_loss"": ""9128"", ""sum_of_loss_lb"": ""5123""}"
lg_lacam_fork:lg_tl,LG-LaCAM (window 20) + traffic load,room-32-32-4,room-32-32-4-random-5,200,0,30.0,solved,0.322595,0.196,9902,86,8515,5123,55,1.932852,0,,/home/carsten/Projects/MAPF/MAPF Evaluator/results/tlcpp-room-32-4/runs/lg_lacam_fork_lg_tl/room-32-32-4/room-32-32-4-random-5_a200_s0_r0,9902,0.196,"{""agents"": ""200"", ""comp_time"": ""196"", ""makespan"": ""86"", ""makespan_lb"": ""55"", ""map_file"": ""room-32-32-4.map"", ""seed"": ""0"", ""soc"": ""9902"", ""soc_lb"": ""5123"", ""solved"": ""1"", ""solver"": ""planner"", ""sum_of_loss"": ""8740"", ""sum_of_loss_lb"": ""5123""}"
lg_lacam_fork:lg,"LG-LaCAM (window 20, first solution)",room-32-32-4,room-32-32-4-random-5,200,0,30.0,solved,0.853534,0.702,9798,80,8644,5123,55,1.912551,0,,/home/carsten/Projects/MAPF/MAPF Evaluator/results/tlcpp-room-32-4/runs/lg_lacam_fork_lg/room-32-32-4/room-32-32-4-random-5_a200_s0_r0,9798,0.702,"{""agents"": ""200"", ""comp_time"": ""702"", ""makespan"": ""80"", ""makespan_lb"": ""55"", ""map_file"": ""room-32-32-4.map"", ""seed"": ""0"", ""soc"": ""9798"", ""soc_lb"": ""5123"", ""solved"": ""1"", ""solver"": ""planner"", ""sum_of_loss"": ""8886"", ""sum_of_loss_lb"": ""5123""}"
lg_lacam_fork:lg_tl,LG-LaCAM (window 20) + traffic load,room-32-32-4,room-32-32-4-random-5,200,1,30.0,solved,0.25431,0.177,9535,70,8237,5123,55,1.861214,0,,/home/carsten/Projects/MAPF/MAPF Evaluator/results/tlcpp-room-32-4/runs/lg_lacam_fork_lg_tl/room-32-32-4/room-32-32-4-random-5_a200_s1_r0,9535,0.177,"{""agents"": ""200"", ""comp_time"": ""177"", ""makespan"": ""70"", ""makespan_lb"": ""55"", ""map_file"": ""room-32-32-4.map"", ""seed"": ""1"", ""soc"": ""9535"", ""soc_lb"": ""5123"", ""solved"": ""1"", ""solver"": ""planner"", ""sum_of_loss"": ""8448"", ""sum_of_loss_lb"": ""5123""}"
lg_lacam_fork:lg_tl,LG-LaCAM (window 20) + traffic load,room-32-32-4,room-32-32-4-random-5,200,2,30.0,solved,0.375645,0.306,9101,73,8119,5123,55,1.776498,0,,/home/carsten/Projects/MAPF/MAPF Evaluator/results/tlcpp-room-32-4/runs/lg_lacam_fork_lg_tl/room-32-32-4/room-32-32-4-random-5_a200_s2_r0,9101,0.306,"{""agents"": ""200"", ""comp_time"": ""306"", ""makespan"": ""73"", ""makespan_lb"": ""55"", ""map_file"": ""room-32-32-4.map"", ""seed"": ""2"", ""soc"": ""9101"", ""soc_lb"": ""5123"", ""solved"": ""1"", ""solver"": ""planner"", ""sum_of_loss"": ""8311"", ""sum_of_loss_lb"": ""5123""}"
lg_lacam_fork:lg_suo,LG-LaCAM (window 20) + SUO,room-32-32-4,room-32-32-4-random-5,200,0,30.0,solved,0.665661,0.581,9500,74,8204,5123,55,1.854382,0,,/home/carsten/Projects/MAPF/MAPF Evaluator/results/tlcpp-room-32-4/runs/lg_lacam_fork_lg_suo/room-32-32-4/room-32-32-4-random-5_a200_s0_r0,9500,0.581,"{""agents"": ""200"", ""comp_time"": ""581"", ""makespan"": ""74"", ""makespan_lb"": ""55"", ""map_file"": ""room-32-32-4.map"", ""seed"": ""0"", ""soc"": ""9500"", ""soc_lb"": ""5123"", ""solved"": ""1"", ""solver"": ""planner"", ""sum_of_loss"": ""8407"", ""sum_of_loss_lb"": ""5123""}"
lg_lacam_fork:lg_suo,LG-LaCAM (window 20) + SUO,room-32-32-4,room-32-32-4-random-5,200,1,30.0,solved,0.799648,0.651,10282,85,8763,5123,55,2.007027,0,,/home/carsten/Projects/MAPF/MAPF Evaluator/results/tlcpp-room-32-4/runs/lg_lacam_fork_lg_suo/room-32-32-4/room-32-32-4-random-5_a200_s1_r0,10282,0.651,"{""agents"": ""200"", ""comp_time"": ""651"", ""makespan"": ""85"", ""makespan_lb"": ""55"", ""map_file"": ""room-32-32-4.map"", ""seed"": ""1"", ""soc"": ""10282"", ""soc_lb"": ""5123"", ""solved"": ""1"", ""solver"": ""planner"", ""sum_of_loss"": ""9001"", ""sum_of_loss_lb"": ""5123""}"
lg_lacam_fork:lg_suo,LG-LaCAM (window 20) + SUO,room-32-32-4,room-32-32-4-random-5,200,2,30.0,solved,0.597354,0.548,10386,75,8829,5123,55,2.027328,0,,/home/carsten/Projects/MAPF/MAPF Evaluator/results/tlcpp-room-32-4/runs/lg_lacam_fork_lg_suo/room-32-32-4/room-32-32-4-random-5_a200_s2_r0,10386,0.548,"{""agents"": ""200"", ""comp_time"": ""548"", ""makespan"": ""75"", ""makespan_lb"": ""55"", ""map_file"": ""room-32-32-4.map"", ""seed"": ""2"", ""soc"": ""10386"", ""soc_lb"": ""5123"", ""solved"": ""1"", ""solver"": ""planner"", ""sum_of_loss"": ""9089"", ""sum_of_loss_lb"": ""5123""}"
lg_lacam_fork:lg_suo_tl,LG-LaCAM (window 20) + SUO + traffic load,room-32-32-4,room-32-32-4-random-5,200,0,30.0,solved,0.611206,0.537,9273,72,8018,5123,55,1.810072,0,,/home/carsten/Projects/MAPF/MAPF Evaluator/results/tlcpp-room-32-4/runs/lg_lacam_fork_lg_suo_tl/room-32-32-4/room-32-32-4-random-5_a200_s0_r0,9273,0.537,"{""agents"": ""200"", ""comp_time"": ""537"", ""makespan"": ""72"", ""makespan_lb"": ""55"", ""map_file"": ""room-32-32-4.map"", ""seed"": ""0"", ""soc"": ""9273"", ""soc_lb"": ""5123"", ""solved"": ""1"", ""solver"": ""planner"", ""sum_of_loss"": ""8230"", ""sum_of_loss_lb"": ""5123""}"
lg_lacam_fork:lg_suo_tl,LG-LaCAM (window 20) + SUO + traffic load,room-32-32-4,room-32-32-4-random-5,200,1,30.0,solved,0.556518,0.467,9331,74,8177,5123,55,1.821394,0,,/home/carsten/Projects/MAPF/MAPF Evaluator/results/tlcpp-room-32-4/runs/lg_lacam_fork_lg_suo_tl/room-32-32-4/room-32-32-4-random-5_a200_s1_r0,9331,0.467,"{""agents"": ""200"", ""comp_time"": ""467"", ""makespan"": ""74"", ""makespan_lb"": ""55"", ""map_file"": ""room-32-32-4.map"", ""seed"": ""1"", ""soc"": ""9331"", ""soc_lb"": ""5123"", ""solved"": ""1"", ""solver"": ""planner"", ""sum_of_loss"": ""8418"", ""sum_of_loss_lb"": ""5123""}"
lg_lacam_fork:lg_suo_tl,LG-LaCAM (window 20) + SUO + traffic load,room-32-32-4,room-32-32-4-random-5,200,2,30.0,solved,0.584722,0.494,9222,69,8236,5123,55,1.800117,0,,/home/carsten/Projects/MAPF/MAPF Evaluator/results/tlcpp-room-32-4/runs/lg_lacam_fork_lg_suo_tl/room-32-32-4/room-32-32-4-random-5_a200_s2_r0,9222,0.494,"{""agents"": ""200"", ""comp_time"": ""494"", ""makespan"": ""69"", ""makespan_lb"": ""55"", ""map_file"": ""room-32-32-4.map"", ""seed"": ""2"", ""soc"": ""9222"", ""soc_lb"": ""5123"", ""solved"": ""1"", ""solver"": ""planner"", ""sum_of_loss"": ""8444"", ""sum_of_loss_lb"": ""5123""}"
