solver_id,solver_label,map,scen,agents,seed,timeout,status,wallclock_s,solver_time_s,soc,makespan,sum_of_loss,soc_lb,makespan_lb,soc_ratio,exit_code,error,run_dir,first_soc,first_time_s,solver_stats
pp_guided_tl:shortest,PP-guided (shortest first),random-32-32-20,random-32-32-20-random-1,50,1,30.0,solved,0.021389,0.004,1192,48,1127,1082,48,1.101664,0,,/home/carsten/Projects/MAPF/MAPF Evaluator/results/pptl-random32-20/runs/pp_guided_tl_shortest/random-32-32-20/random-32-32-20-random-1_a50_s1_r0,,,"{""agents"": ""50"", ""comp_time"": ""4"", ""first_ms"": ""4.2"", ""makespan"": ""48"", ""makespan_lb"": ""48"", ""map_file"": ""random-32-32-20.map"", ""pp_demote_rounds"": ""1"", ""pp_failed"": ""0"", ""pp_order"": ""shortest"", ""pp_plan_ms"": ""2.4"", ""pp_plan_soc"": ""1192"", ""pp_tl"": ""0"", ""pp_used"": ""1"", ""seed"": ""1"", ""soc"": ""1192"", ""soc_lb"": ""1082"", ""solved"": ""1"", ""solver"": ""planner"", ""sum_of_loss"": ""1130"", ""sum_of_loss_lb"": ""1082""}"
pp_guided_tl:shortest_tl,PP-guided (shortest first) + traffic load in SIPP,random-32-32-20,random-32-32-20-random-1,50,0,30.0,solved,0.011905,0.005,1191,48,1152,1082,48,1.100739,0,,/home/carsten/Projects/MAPF/MAPF Evaluator/results/pptl-random32-20/runs/pp_guided_tl_shortest_tl/random-32-32-20/random-32-32-20-random-1_a50_s0_r0,,,"{""agents"": ""50"", ""comp_time"": ""5"", ""first_ms"": ""5.2"", ""makespan"": ""48"", ""makespan_lb"": ""48"", ""map_file"": ""random-32-32-20.map"", ""pp_demote_rounds"": ""1"", ""pp_failed"": ""0"", ""pp_order"": ""shortest"", ""pp_plan_ms"": ""3.5"", ""pp_plan_soc"": ""1191"", ""pp_tl"": ""1"", ""pp_used"": ""1"", ""seed"": ""0"", ""soc"": ""1191"", ""soc_lb"": ""1082"", ""solved"": ""1"", ""solver"": ""planner"", ""sum_of_loss"": ""1154"", ""sum_of_loss_lb"": ""1082""}"
pp_guided_tl:shortest,PP-guided (shortest first),random-32-32-20,random-32-32-20-random-1,50,0,30.0,solved,0.014492,0.004,1192,48,1127,1082,48,1.101664,0,,/home/carsten/Projects/MAPF/MAPF Evaluator/results/pptl-random32-20/runs/pp_guided_tl_shortest/random-32-32-20/random-32-32-20-random-1_a50_s0_r0,,,"{""agents"": ""50"", ""comp_time"": ""4"", ""first_ms"": ""3.2"", ""makespan"": ""48"", ""makespan_lb"": ""48"", ""map_file"": ""random-32-32-20.map"", ""pp_demote_rounds"": ""1"", ""pp_failed"": ""0"", ""pp_order"": ""shortest"", ""pp_plan_ms"": ""2.3"", ""pp_plan_soc"": ""1192"", ""pp_tl"": ""0"", ""pp_used"": ""1"", ""seed"": ""0"", ""soc"": ""1192"", ""soc_lb"": ""1082"", ""solved"": ""1"", ""solver"": ""planner"", ""sum_of_loss"": ""1130"", ""sum_of_loss_lb"": ""1082""}"
pp_guided_tl:shortest,PP-guided (shortest first),random-32-32-20,random-32-32-20-random-1,50,2,30.0,solved,0.056106,0.004,1192,48,1127,1082,48,1.101664,0,,/home/carsten/Projects/MAPF/MAPF Evaluator/results/pptl-random32-20/runs/pp_guided_tl_shortest/random-32-32-20/random-32-32-20-random-1_a50_s2_r0,,,"{""agents"": ""50"", ""comp_time"": ""4"", ""first_ms"": ""3.4"", ""makespan"": ""48"", ""makespan_lb"": ""48"", ""map_file"": ""random-32-32-20.map"", ""pp_demote_rounds"": ""1"", ""pp_failed"": ""0"", ""pp_order"": ""shortest"", ""pp_plan_ms"": ""2.3"", ""pp_plan_soc"": ""1192"", ""pp_tl"": ""0"", ""pp_used"": ""1"", ""seed"": ""2"", ""soc"": ""1192"", ""soc_lb"": ""1082"", ""solved"": ""1"", ""solver"": ""planner"", ""sum_of_loss"": ""1130"", ""sum_of_loss_lb"": ""1082""}"
pp_guided_tl:traffic,PP-guided (traffic-last),random-32-32-20,random-32-32-20-random-1,50,1,30.0,solved,0.007623,0.003,1270,48,1177,1082,48,1.173752,0,,/home/carsten/Projects/MAPF/MAPF Evaluator/results/pptl-random32-20/runs/pp_guided_tl_traffic/random-32-32-20/random-32-32-20-random-1_a50_s1_r0,,,"{""agents"": ""50"", ""comp_time"": ""3"", ""first_ms"": ""3.2"", ""makespan"": ""48"", ""makespan_lb"": ""48"", ""map_file"": ""random-32-32-20.map"", ""pp_demote_rounds"": ""0"", ""pp_failed"": ""0"", ""pp_order"": ""traffic-last"", ""pp_plan_ms"": ""1.4"", ""pp_plan_soc"": ""1270"", ""pp_tl"": ""0"", ""pp_used"": ""1"", ""seed"": ""1"", ""soc"": ""1270"", ""soc_lb"": ""1082"", ""solved"": ""1"", ""solver"": ""planner"", ""sum_of_loss"": ""1187"", ""sum_of_loss_lb"": ""1082""}"
pp_guided_tl:traffic,PP-guided (traffic-last),random-32-32-20,random-32-32-20-random-1,50,0,30.0,solved,0.007722,0.003,1270,48,1177,1082,48,1.173752,0,,/home/carsten/Projects/MAPF/MAPF Evaluator/results/pptl-random32-20/runs/pp_guided_tl_traffic/random-32-32-20/random-32-32-20-random-1_a50_s0_r0,,,"{""agents"": ""50"", ""comp_time"": ""3"", ""first_ms"": ""3.1"", ""makespan"": ""48"", ""makespan_lb"": ""48"", ""map_file"": ""random-32-32-20.map"", ""pp_demote_rounds"": ""0"", ""pp_failed"": ""0"", ""pp_order"": ""traffic-last"", ""pp_plan_ms"": ""1.4"", ""pp_plan_soc"": ""1270"", ""pp_tl"": ""0"", ""pp_used"": ""1"", ""seed"": ""0"", ""soc"": ""1270"", ""soc_lb"": ""1082"", ""solved"": ""1"", ""solver"": ""planner"", ""sum_of_loss"": ""1187"", ""sum_of_loss_lb"": ""1082""}"
pp_guided_tl:shortest_tl,PP-guided (shortest first) + traffic load in SIPP,random-32-32-20,random-32-32-20-random-1,50,2,30.0,solved,0.041081,0.005,1191,48,1152,1082,48,1.100739,0,,/home/carsten/Projects/MAPF/MAPF Evaluator/results/pptl-random32-20/runs/pp_guided_tl_shortest_tl/random-32-32-20/random-32-32-20-random-1_a50_s2_r0,,,"{""agents"": ""50"", ""comp_time"": ""5"", ""first_ms"": ""5.2"", ""makespan"": ""48"", ""makespan_lb"": ""48"", ""map_file"": ""random-32-32-20.map"", ""pp_demote_rounds"": ""1"", ""pp_failed"": ""0"", ""pp_order"": ""shortest"", ""pp_plan_ms"": ""3.5"", ""pp_plan_soc"": ""1191"", ""pp_tl"": ""1"", ""pp_used"": ""1"", ""seed"": ""2"", ""soc"": ""1191"", ""soc_lb"": ""1082"", ""solved"": ""1"", ""solver"": ""planner"", ""sum_of_loss"": ""1154"", ""sum_of_loss_lb"": ""1082""}"
pp_guided_tl:shortest_tl,PP-guided (shortest first) + traffic load in SIPP,random-32-32-20,random-32-32-20-random-1,50,1,30.0,solved,0.060065,0.005,1191,48,1152,1082,48,1.100739,0,,/home/carsten/Projects/MAPF/MAPF Evaluator/results/pptl-random32-20/runs/pp_guided_tl_shortest_tl/random-32-32-20/random-32-32-20-random-1_a50_s1_r0,,,"{""agents"": ""50"", ""comp_time"": ""5"", ""first_ms"": ""5.3"", ""makespan"": ""48"", ""makespan_lb"": ""48"", ""map_file"": ""random-32-32-20.map"", ""pp_demote_rounds"": ""1"", ""pp_failed"": ""0"", ""pp_order"": ""shortest"", ""pp_plan_ms"": ""3.5"", ""pp_plan_soc"": ""1191"", ""pp_tl"": ""1"", ""pp_used"": ""1"", ""seed"": ""1"", ""soc"": ""1191"", ""soc_lb"": ""1082"", ""solved"": ""1"", ""solver"": ""planner"", ""sum_of_loss"": ""1154"", ""sum_of_loss_lb"": ""1082""}"
pp_guided_tl:traffic_tl,PP-guided (traffic-last) + traffic load in SIPP,random-32-32-20,random-32-32-20-random-1,50,0,30.0,solved,0.023175,0.004,1258,48,1171,1082,48,1.162662,0,,/home/carsten/Projects/MAPF/MAPF Evaluator/results/pptl-random32-20/runs/pp_guided_tl_traffic_tl/random-32-32-20/random-32-32-20-random-1_a50_s0_r0,,,"{""agents"": ""50"", ""comp_time"": ""4"", ""first_ms"": ""3.2"", ""makespan"": ""48"", ""makespan_lb"": ""48"", ""map_file"": ""random-32-32-20.map"", ""pp_demote_rounds"": ""0"", ""pp_failed"": ""0"", ""pp_order"": ""traffic-last"", ""pp_plan_ms"": ""2.0"", ""pp_plan_soc"": ""1258"", ""pp_tl"": ""1"", ""pp_used"": ""1"", ""seed"": ""0"", ""soc"": ""1258"", ""soc_lb"": ""1082"", ""solved"": ""1"", ""solver"": ""planner"", ""sum_of_loss"": ""1180"", ""sum_of_loss_lb"": ""1082""}"
pp_guided_tl:traffic_tl,PP-guided (traffic-last) + traffic load in SIPP,random-32-32-20,random-32-32-20-random-1,50,1,30.0,solved,0.018996,0.004,1258,48,1171,1082,48,1.162662,0,,/home/carsten/Projects/MAPF/MAPF Evaluator/results/pptl-random32-20/runs/pp_guided_tl_traffic_tl/random-32-32-20/random-32-32-20-random-1_a50_s1_r0,,,"{""agents"": ""50"", ""comp_time"": ""4"", ""first_ms"": ""3.2"", ""makespan"": ""48"", ""makespan_lb"": ""48"", ""map_file"": ""random-32-32-20.map"", ""pp_demote_rounds"": ""0"", ""pp_failed"": ""0"", ""pp_order"": ""traffic-last"", ""pp_plan_ms"": ""2.0"", ""pp_plan_soc"": ""1258"", ""pp_tl"": ""1"", ""pp_used"": ""1"", ""seed"": ""1"", ""soc"": ""1258"", ""soc_lb"": ""1082"", ""solved"": ""1"", ""solver"": ""planner"", ""sum_of_loss"": ""1180"", ""sum_of_loss_lb"": ""1082""}"
pp_guided_tl:traffic,PP-guided (traffic-last),random-32-32-20,random-32-32-20-random-1,50,2,30.0,solved,0.075535,0.003,1270,48,1177,1082,48,1.173752,0,,/home/carsten/Projects/MAPF/MAPF Evaluator/results/pptl-random32-20/runs/pp_guided_tl_traffic/random-32-32-20/random-32-32-20-random-1_a50_s2_r0,,,"{""agents"": ""50"", ""comp_time"": ""3"", ""first_ms"": ""3.1"", ""makespan"": ""48"", ""makespan_lb"": ""48"", ""map_file"": ""random-32-32-20.map"", ""pp_demote_rounds"": ""0"", ""pp_failed"": ""0"", ""pp_order"": ""traffic-last"", ""pp_plan_ms"": ""1.4"", ""pp_plan_soc"": ""1270"", ""pp_tl"": ""0"", ""pp_used"": ""1"", ""seed"": ""2"", ""soc"": ""1270"", ""soc_lb"": ""1082"", ""solved"": ""1"", ""solver"": ""planner"", ""sum_of_loss"": ""1187"", ""sum_of_loss_lb"": ""1082""}"
pp_guided_tl:traffic_tl,PP-guided (traffic-last) + traffic load in SIPP,random-32-32-20,random-32-32-20-random-1,50,2,30.0,solved,0.00872,0.004,1258,48,1171,1082,48,1.162662,0,,/home/carsten/Projects/MAPF/MAPF Evaluator/results/pptl-random32-20/runs/pp_guided_tl_traffic_tl/random-32-32-20/random-32-32-20-random-1_a50_s2_r0,,,"{""agents"": ""50"", ""comp_time"": ""4"", ""first_ms"": ""3.2"", ""makespan"": ""48"", ""makespan_lb"": ""48"", ""map_file"": ""random-32-32-20.map"", ""pp_demote_rounds"": ""0"", ""pp_failed"": ""0"", ""pp_order"": ""traffic-last"", ""pp_plan_ms"": ""2.0"", ""pp_plan_soc"": ""1258"", ""pp_tl"": ""1"", ""pp_used"": ""1"", ""seed"": ""2"", ""soc"": ""1258"", ""soc_lb"": ""1082"", ""solved"": ""1"", ""solver"": ""planner"", ""sum_of_loss"": ""1180"", ""sum_of_loss_lb"": ""1082""}"
pp_guided_tl:shortest,PP-guided (shortest first),random-32-32-20,random-32-32-20-random-1,100,0,30.0,solved,0.049609,0.01,2528,49,2460,2253,48,1.122059,0,,/home/carsten/Projects/MAPF/MAPF Evaluator/results/pptl-random32-20/runs/pp_guided_tl_shortest/random-32-32-20/random-32-32-20-random-1_a100_s0_r0,,,"{""agents"": ""100"", ""comp_time"": ""10"", ""first_ms"": ""10.0"", ""makespan"": ""49"", ""makespan_lb"": ""48"", ""map_file"": ""random-32-32-20.map"", ""pp_demote_rounds"": ""1"", ""pp_failed"": ""0"", ""pp_order"": ""shortest"", ""pp_plan_ms"": ""7.7"", ""pp_plan_soc"": ""2528"", ""pp_tl"": ""0"", ""pp_used"": ""1"", ""seed"": ""0"", ""soc"": ""2528"", ""soc_lb"": ""2253"", ""solved"": ""1"", ""solver"": ""planner"", ""sum_of_loss"": ""2465"", ""sum_of_loss_lb"": ""2253""}"
pp_guided_tl:shortest,PP-guided (shortest first),random-32-32-20,random-32-32-20-random-1,100,1,30.0,solved,0.056227,0.01,2528,49,2460,2253,48,1.122059,0,,/home/carsten/Projects/MAPF/MAPF Evaluator/results/pptl-random32-20/runs/pp_guided_tl_shortest/random-32-32-20/random-32-32-20-random-1_a100_s1_r0,,,"{""agents"": ""100"", ""comp_time"": ""10"", ""first_ms"": ""10.1"", ""makespan"": ""49"", ""makespan_lb"": ""48"", ""map_file"": ""random-32-32-20.map"", ""pp_demote_rounds"": ""1"", ""pp_failed"": ""0"", ""pp_order"": ""shortest"", ""pp_plan_ms"": ""7.8"", ""pp_plan_soc"": ""2528"", ""pp_tl"": ""0"", ""pp_used"": ""1"", ""seed"": ""1"", ""soc"": ""2528"", ""soc_lb"": ""2253"", ""solved"": ""1"", ""solver"": ""planner"", ""sum_of_loss"": ""2465"", ""sum_of_loss_lb"": ""2253""}"
pp_guided_tl:shortest_tl,PP-guided (shortest first) + traffic load in SIPP,random-32-32-20,random-32-32-20-random-1,100,0,30.0,solved,0.025419,0.013,2488,50,2450,2253,48,1.104305,0,,/home/carsten/Projects/MAPF/MAPF Evaluator/results/pptl-random32-20/runs/pp_guided_tl_shortest_tl/random-32-32-20/random-32-32-20-random-1_a100_s0_r0,,,"{""agents"": ""100"", ""comp_time"": ""13"", ""first_ms"": ""12.7"", ""makespan"": ""50"", ""makespan_lb"": ""48"", ""map_file"": ""random-32-32-20.map"", ""pp_demote_rounds"": ""1"", ""pp_failed"": ""0"", ""pp_order"": ""shortest"", ""pp_plan_ms"": ""9.2"", ""pp_plan_soc"": ""2488"", ""pp_tl"": ""1"", ""pp_used"": ""1"", ""seed"": ""0"", ""soc"": ""2488"", ""soc_lb"": ""2253"", ""solved"": ""1"", ""solver"": ""planner"", ""sum_of_loss"": ""2453"", ""sum_of_loss_lb"": ""2253""}"
pp_guided_tl:shortest,PP-guided (shortest first),random-32-32-20,random-32-32-20-random-1,100,2,30.0,solved,0.055102,0.011,2528,49,2460,2253,48,1.122059,0,,/home/carsten/Projects/MAPF/MAPF Evaluator/results/pptl-random32-20/runs/pp_guided_tl_shortest/random-32-32-20/random-32-32-20-random-1_a100_s2_r0,,,"{""agents"": ""100"", ""comp_time"": ""11"", ""first_ms"": ""11.2"", ""makespan"": ""49"", ""makespan_lb"": ""48"", ""map_file"": ""random-32-32-20.map"", ""pp_demote_rounds"": ""1"", ""pp_failed"": ""0"", ""pp_order"": ""shortest"", ""pp_plan_ms"": ""7.8"", ""pp_plan_soc"": ""2528"", ""pp_tl"": ""0"", ""pp_used"": ""1"", ""seed"": ""2"", ""soc"": ""2528"", ""soc_lb"": ""2253"", ""solved"": ""1"", ""solver"": ""planner"", ""sum_of_loss"": ""2465"", ""sum_of_loss_lb"": ""2253""}"
pp_guided_tl:shortest_tl,PP-guided (shortest first) + traffic load in SIPP,random-32-32-20,random-32-32-20-random-1,100,1,30.0,solved,0.039713,0.013,2488,50,2450,2253,48,1.104305,0,,/home/carsten/Projects/MAPF/MAPF Evaluator/results/pptl-random32-20/runs/pp_guided_tl_shortest_tl/random-32-32-20/random-32-32-20-random-1_a100_s1_r0,,,"{""agents"": ""100"", ""comp_time"": ""13"", ""first_ms"": ""12.3"", ""makespan"": ""50"", ""makespan_lb"": ""48"", ""map_file"": ""random-32-32-20.map"", ""pp_demote_rounds"": ""1"", ""pp_failed"": ""0"", ""pp_order"": ""shortest"", ""pp_plan_ms"": ""9.2"", ""pp_plan_soc"": ""2488"", ""pp_tl"": ""1"", ""pp_used"": ""1"", ""seed"": ""1"", ""soc"": ""2488"", ""soc_lb"": ""2253"", ""solved"": ""1"", ""solver"": ""planner"", ""sum_of_loss"": ""2453"", ""sum_of_loss_lb"": ""2253""}"
pp_guided_tl:shortest_tl,PP-guided (shortest first) + traffic load in SIPP,random-32-32-20,random-32-32-20-random-1,100,2,30.0,solved,0.058465,0.012,2488,50,2450,2253,48,1.104305,0,,/home/carsten/Projects/MAPF/MAPF Evaluator/results/pptl-random32-20/runs/pp_guided_tl_shortest_tl/random-32-32-20/random-32-32-20-random-1_a100_s2_r0,,,"{""agents"": ""100"", ""comp_time"": ""12"", ""first_ms"": ""12.1"", ""makespan"": ""50"", ""makespan_lb"": ""48"", ""map_file"": ""random-32-32-20.map"", ""pp_demote_rounds"": ""1"", ""pp_failed"": ""0"", ""pp_order"": ""shortest"", ""pp_plan_ms"": ""9.2"", ""pp_plan_soc"": ""2488"", ""pp_tl"": ""1"", ""pp_used"": ""1"", ""seed"": ""2"", ""soc"": ""2488"", ""soc_lb"": ""2253"", ""solved"": ""1"", ""solver"": ""planner"", ""sum_of_loss"": ""2453"", ""sum_of_loss_lb"": ""2253""}"
pp_guided_tl:traffic,PP-guided (traffic-last),random-32-32-20,random-32-32-20-random-1,100,0,30.0,solved,0.020541,0.007,2730,48,2520,2253,48,1.211718,0,,/home/carsten/Projects/MAPF/MAPF Evaluator/results/pptl-random32-20/runs/pp_guided_tl_traffic/random-32-32-20/random-32-32-20-random-1_a100_s0_r0,,,"{""agents"": ""100"", ""comp_time"": ""7"", ""first_ms"": ""6.1"", ""makespan"": ""48"", ""makespan_lb"": ""48"", ""map_file"": ""random-32-32-20.map"", ""pp_demote_rounds"": ""0"", ""pp_failed"": ""0"", ""pp_order"": ""traffic-last"", ""pp_plan_ms"": ""3.7"", ""pp_plan_soc"": ""2730"", ""pp_tl"": ""0"", ""pp_used"": ""1"", ""seed"": ""0"", ""soc"": ""2730"", ""soc_lb"": ""2253"", ""solved"": ""1"", ""solver"": ""planner"", ""sum_of_loss"": ""2550"", ""sum_of_loss_lb"": ""2253""}"
pp_guided_tl:traffic,PP-guided (traffic-last),random-32-32-20,random-32-32-20-random-1,100,1,30.0,solved,0.050892,0.007,2730,48,2520,2253,48,1.211718,0,,/home/carsten/Projects/MAPF/MAPF Evaluator/results/pptl-random32-20/runs/pp_guided_tl_traffic/random-32-32-20/random-32-32-20-random-1_a100_s1_r0,,,"{""agents"": ""100"", ""comp_time"": ""7"", ""first_ms"": ""7.2"", ""makespan"": ""48"", ""makespan_lb"": ""48"", ""map_file"": ""random-32-32-20.map"", ""pp_demote_rounds"": ""0"", ""pp_failed"": ""0"", ""pp_order"": ""traffic-last"", ""pp_plan_ms"": ""3.9"", ""pp_plan_soc"": ""2730"", ""pp_tl"": ""0"", ""pp_used"": ""1"", ""seed"": ""1"", ""soc"": ""2730"", ""soc_lb"": ""2253"", ""solved"": ""1"", ""solver"": ""planner"", ""sum_of_loss"": ""2550"", ""sum_of_loss_lb"": ""2253""}"
pp_guided_tl:traffic,PP-guided (traffic-last),random-32-32-20,random-32-32-20-random-1,100,2,30.0,solved,0.045749,0.007,2730,48,2520,2253,48,1.211718,0,,/home/carsten/Projects/MAPF/MAPF Evaluator/results/pptl-random32-20/runs/pp_guided_tl_traffic/random-32-32-20/random-32-32-20-random-1_a100_s2_r0,,,"{""agents"": ""100"", ""comp_time"": ""7"", ""first_ms"": ""7.3"", ""makespan"": ""48"", ""makespan_lb"": ""48"", ""map_file"": ""random-32-32-20.map"", ""pp_demote_rounds"": ""0"", ""pp_failed"": ""0"", ""pp_order"": ""traffic-last"", ""pp_plan_ms"": ""3.7"", ""pp_plan_soc"": ""2730"", ""pp_tl"": ""0"", ""pp_used"": ""1"", ""seed"": ""2"", ""soc"": ""2730"", ""soc_lb"": ""2253"", ""solved"": ""1"", ""solver"": ""planner"", ""sum_of_loss"": ""2550"", ""sum_of_loss_lb"": ""2253""}"
pp_guided_tl:traffic_tl,PP-guided (traffic-last) + traffic load in SIPP,random-32-32-20,random-32-32-20-random-1,100,0,30.0,solved,0.038908,0.009,2799,48,2507,2253,48,1.242344,0,,/home/carsten/Projects/MAPF/MAPF Evaluator/results/pptl-random32-20/runs/pp_guided_tl_traffic_tl/random-32-32-20/random-32-32-20-random-1_a100_s0_r0,,,"{""agents"": ""100"", ""comp_time"": ""9"", ""first_ms"": ""9.2"", ""makespan"": ""48"", ""makespan_lb"": ""48"", ""map_file"": ""random-32-32-20.map"", ""pp_demote_rounds"": ""0"", ""pp_failed"": ""0"", ""pp_order"": ""traffic-last"", ""pp_plan_ms"": ""5.1"", ""pp_plan_soc"": ""2799"", ""pp_tl"": ""1"", ""pp_used"": ""1"", ""seed"": ""0"", ""soc"": ""2799"", ""soc_lb"": ""2253"", ""solved"": ""1"", ""solver"": ""planner"", ""sum_of_loss"": ""2537"", ""sum_of_loss_lb"": ""2253""}"
pp_guided_tl:traffic_tl,PP-guided (traffic-last) + traffic load in SIPP,random-32-32-20,random-32-32-20-random-1,100,1,30.0,solved,0.054115,0.008,2799,48,2507,2253,48,1.242344,0,,/home/carsten/Projects/MAPF/MAPF Evaluator/results/pptl-random32-20/runs/pp_guided_tl_traffic_tl/random-32-32-20/random-32-32-20-random-1_a100_s1_r0,,,"{""agents"": ""100"", ""comp_time"": ""8"", ""first_ms"": ""8.1"", ""makespan"": ""48"", ""makespan_lb"": ""48"", ""map_file"": ""random-32-32-20.map"", ""pp_demote_rounds"": ""0"", ""pp_failed"": ""0"", ""pp_order"": ""traffic-last"", ""pp_plan_ms"": ""5.0"", ""pp_plan_soc"": ""2799"", ""pp_tl"": ""1"", ""pp_used"": ""1"", ""seed"": ""1"", ""soc"": ""2799"", ""soc_lb"": ""2253"", ""solved"": ""1"", ""solver"": ""planner"", ""sum_of_loss"": ""2537"", ""sum_of_loss_lb"": ""2253""}"
pp_guided_tl:traffic_tl,PP-guided (traffic-last) + traffic load in SIPP,random-32-32-20,random-32-32-20-random-1,100,2,30.0,solved,0.074126,0.008,2799,48,2507,2253,48,1.242344,0,,/home/carsten/Projects/MAPF/MAPF Evaluator/results/pptl-random32-20/runs/pp_guided_tl_traffic_tl/random-32-32-20/random-32-32-20-random-1_a100_s2_r0,,,"{""agents"": ""100"", ""comp_time"": ""8"", ""first_ms"": ""8.1"", ""makespan"": ""48"", ""makespan_lb"": ""48"", ""map_file"": ""random-32-32-20.map"", ""pp_demote_rounds"": ""0"", ""pp_failed"": ""0"", ""pp_order"": ""traffic-last"", ""pp_plan_ms"": ""4.9"", ""pp_plan_soc"": ""2799"", ""pp_tl"": ""1"", ""pp_used"": ""1"", ""seed"": ""2"", ""soc"": ""2799"", ""soc_lb"": ""2253"", ""solved"": ""1"", ""solver"": ""planner"", ""sum_of_loss"": ""2537"", ""sum_of_loss_lb"": ""2253""}"
pp_guided_tl:shortest,PP-guided (shortest first),random-32-32-20,random-32-32-20-random-1,150,0,30.0,solved,0.076647,0.025,4280,79,4134,3485,48,1.228121,0,,/home/carsten/Projects/MAPF/MAPF Evaluator/results/pptl-random32-20/runs/pp_guided_tl_shortest/random-32-32-20/random-32-32-20-random-1_a150_s0_r0,,,"{""agents"": ""150"", ""comp_time"": ""25"", ""first_ms"": ""25.0"", ""makespan"": ""79"", ""makespan_lb"": ""48"", ""map_file"": ""random-32-32-20.map"", ""pp_demote_rounds"": ""1"", ""pp_failed"": ""0"", ""pp_order"": ""shortest"", ""pp_plan_ms"": ""20.0"", ""pp_plan_soc"": ""4280"", ""pp_tl"": ""0"", ""pp_used"": ""1"", ""seed"": ""0"", ""soc"": ""4280"", ""soc_lb"": ""3485"", ""solved"": ""1"", ""solver"": ""planner"", ""sum_of_loss"": ""4144"", ""sum_of_loss_lb"": ""3485""}"
pp_guided_tl:shortest,PP-guided (shortest first),random-32-32-20,random-32-32-20-random-1,150,1,30.0,solved,0.070828,0.025,4280,79,4134,3485,48,1.228121,0,,/home/carsten/Projects/MAPF/MAPF Evaluator/results/pptl-random32-20/runs/pp_guided_tl_shortest/random-32-32-20/random-32-32-20-random-1_a150_s1_r0,,,"{""agents"": ""150"", ""comp_time"": ""25"", ""first_ms"": ""24.9"", ""makespan"": ""79"", ""makespan_lb"": ""48"", ""map_file"": ""random-32-32-20.map"", ""pp_demote_rounds"": ""1"", ""pp_failed"": ""0"", ""pp_order"": ""shortest"", ""pp_plan_ms"": ""19.7"", ""pp_plan_soc"": ""4280"", ""pp_tl"": ""0"", ""pp_used"": ""1"", ""seed"": ""1"", ""soc"": ""4280"", ""soc_lb"": ""3485"", ""solved"": ""1"", ""solver"": ""planner"", ""sum_of_loss"": ""4144"", ""sum_of_loss_lb"": ""3485""}"
pp_guided_tl:shortest,PP-guided (shortest first),random-32-32-20,random-32-32-20-random-1,150,2,30.0,solved,0.082253,0.025,4280,79,4134,3485,48,1.228121,0,,/home/carsten/Projects/MAPF/MAPF Evaluator/results/pptl-random32-20/runs/pp_guided_tl_shortest/random-32-32-20/random-32-32-20-random-1_a150_s2_r0,,,"{""agents"": ""150"", ""comp_time"": ""25"", ""first_ms"": ""25.1"", ""makespan"": ""79"", ""makespan_lb"": ""48"", ""map_file"": ""random-32-32-20.map"", ""pp_demote_rounds"": ""1"", ""pp_failed"": ""0"", ""pp_order"": ""shortest"", ""pp_plan_ms"": ""20.2"", ""pp_plan_soc"": ""4280"", ""pp_tl"": ""0"", ""pp_used"": ""1"", ""seed"": ""2"", ""soc"": ""4280"", ""soc_lb"": ""3485"", ""solved"": ""1"", ""solver"": ""planner"", ""sum_of_loss"": ""4144"", ""sum_of_loss_lb"": ""3485""}"
pp_guided_tl:shortest_tl,PP-guided (shortest first) + traffic load in SIPP,random-32-32-20,random-32-32-20-random-1,150,0,30.0,solved,0.099326,0.025,4112,68,4031,3485,48,1.179914,0,,/home/carsten/Projects/MAPF/MAPF Evaluator/results/pptl-random32-20/runs/pp_guided_tl_shortest_tl/random-32-32-20/random-32-32-20-random-1_a150_s0_r0,,,"{""agents"": ""150"", ""comp_time"": ""25"", ""first_ms"": ""25.5"", ""makespan"": ""68"", ""makespan_lb"": ""48"", ""map_file"": ""random-32-32-20.map"", ""pp_demote_rounds"": ""1"", ""pp_failed"": ""0"", ""pp_order"": ""shortest"", ""pp_plan_ms"": ""20.0"", ""pp_plan_soc"": ""4112"", ""pp_tl"": ""1"", ""pp_used"": ""1"", ""seed"": ""0"", ""soc"": ""4112"", ""soc_lb"": ""3485"", ""solved"": ""1"", ""solver"": ""planner"", ""sum_of_loss"": ""4037"", ""sum_of_loss_lb"": ""3485""}"
pp_guided_tl:shortest_tl,PP-guided (shortest first) + traffic load in SIPP,random-32-32-20,random-32-32-20-random-1,150,1,30.0,solved,0.081405,0.025,4112,68,4031,3485,48,1.179914,0,,/home/carsten/Projects/MAPF/MAPF Evaluator/results/pptl-random32-20/runs/pp_guided_tl_shortest_tl/random-32-32-20/random-32-32-20-random-1_a150_s1_r0,,,"{""agents"": ""150"", ""comp_time"": ""25"", ""first_ms"": ""25.5"", ""makespan"": ""68"", ""makespan_lb"": ""48"", ""map_file"": ""random-32-32-20.map"", ""pp_demote_rounds"": ""1"", ""pp_failed"": ""0"", ""pp_order"": ""shortest"", ""pp_plan_ms"": ""20.4"", ""pp_plan_soc"": ""4112"", ""pp_tl"": ""1"", ""pp_used"": ""1"", ""seed"": ""1"", ""soc"": ""4112"", ""soc_lb"": ""3485"", ""solved"": ""1"", ""solver"": ""planner"", ""sum_of_loss"": ""4037"", ""sum_of_loss_lb"": ""3485""}"
pp_guided_tl:shortest_tl,PP-guided (shortest first) + traffic load in SIPP,random-32-32-20,random-32-32-20-random-1,150,2,30.0,solved,0.084655,0.025,4112,68,4031,3485,48,1.179914,0,,/home/carsten/Projects/MAPF/MAPF Evaluator/results/pptl-random32-20/runs/pp_guided_tl_shortest_tl/random-32-32-20/random-32-32-20-random-1_a150_s2_r0,,,"{""agents"": ""150"", ""comp_time"": ""25"", ""first_ms"": ""24.4"", ""makespan"": ""68"", ""makespan_lb"": ""48"", ""map_file"": ""random-32-32-20.map"", ""pp_demote_rounds"": ""1"", ""pp_failed"": ""0"", ""pp_order"": ""shortest"", ""pp_plan_ms"": ""19.9"", ""pp_plan_soc"": ""4112"", ""pp_tl"": ""1"", ""pp_used"": ""1"", ""seed"": ""2"", ""soc"": ""4112"", ""soc_lb"": ""3485"", ""solved"": ""1"", ""solver"": ""planner"", ""sum_of_loss"": ""4037"", ""sum_of_loss_lb"": ""3485""}"
pp_guided_tl:traffic,PP-guided (traffic-last),random-32-32-20,random-32-32-20-random-1,150,0,30.0,solved,0.081395,0.022,4669,48,4132,3485,48,1.339742,0,,/home/carsten/Projects/MAPF/MAPF Evaluator/results/pptl-random32-20/runs/pp_guided_tl_traffic/random-32-32-20/random-32-32-20-random-1_a150_s0_r0,,,"{""agents"": ""150"", ""comp_time"": ""22"", ""first_ms"": ""21.9"", ""makespan"": ""48"", ""makespan_lb"": ""48"", ""map_file"": ""random-32-32-20.map"", ""pp_demote_rounds"": ""1"", ""pp_failed"": ""0"", ""pp_order"": ""traffic-last"", ""pp_plan_ms"": ""17.6"", ""pp_plan_soc"": ""4669"", ""pp_tl"": ""0"", ""pp_used"": ""1"", ""seed"": ""0"", ""soc"": ""4669"", ""soc_lb"": ""3485"", ""solved"": ""1"", ""solver"": ""planner"", ""sum_of_loss"": ""4204"", ""sum_of_loss_lb"": ""3485""}"
pp_guided_tl:traffic,PP-guided (traffic-last),random-32-32-20,random-32-32-20-random-1,150,1,30.0,solved,0.105843,0.022,4669,48,4132,3485,48,1.339742,0,,/home/carsten/Projects/MAPF/MAPF Evaluator/results/pptl-random32-20/runs/pp_guided_tl_traffic/random-32-32-20/random-32-32-20-random-1_a150_s1_r0,,,"{""agents"": ""150"", ""comp_time"": ""22"", ""first_ms"": ""21.9"", ""makespan"": ""48"", ""makespan_lb"": ""48"", ""map_file"": ""random-32-32-20.map"", ""pp_demote_rounds"": ""1"", ""pp_failed"": ""0"", ""pp_order"": ""traffic-last"", ""pp_plan_ms"": ""17.5"", ""pp_plan_soc"": ""4669"", ""pp_tl"": ""0"", ""pp_used"": ""1"", ""seed"": ""1"", ""soc"": ""4669"", ""soc_lb"": ""3485"", ""solved"": ""1"", ""solver"": ""planner"", ""sum_of_loss"": ""4204"", ""sum_of_loss_lb"": ""3485""}"
pp_guided_tl:traffic,PP-guided (traffic-last),random-32-32-20,random-32-32-20-random-1,150,2,30.0,solved,0.076301,0.022,4669,48,4132,3485,48,1.339742,0,,/home/carsten/Projects/MAPF/MAPF Evaluator/results/pptl-random32-20/runs/pp_guided_tl_traffic/random-32-32-20/random-32-32-20-random-1_a150_s2_r0,,,"{""agents"": ""150"", ""comp_time"": ""22"", ""first_ms"": ""22.4"", ""makespan"": ""48"", ""makespan_lb"": ""48"", ""map_file"": ""random-32-32-20.map"", ""pp_demote_rounds"": ""1"", ""pp_failed"": ""0"", ""pp_order"": ""traffic-last"", ""pp_plan_ms"": ""17.7"", ""pp_plan_soc"": ""4669"", ""pp_tl"": ""0"", ""pp_used"": ""1"", ""seed"": ""2"", ""soc"": ""4669"", ""soc_lb"": ""3485"", ""solved"": ""1"", ""solver"": ""planner"", ""sum_of_loss"": ""4204"", ""sum_of_loss_lb"": ""3485""}"
pp_guided_tl:traffic_tl,PP-guided (traffic-last) + traffic load in SIPP,random-32-32-20,random-32-32-20-random-1,150,0,30.0,solved,0.081598,0.028,4506,48,4145,3485,48,1.29297,0,,/home/carsten/Projects/MAPF/MAPF Evaluator/results/pptl-random32-20/runs/pp_guided_tl_traffic_tl/random-32-32-20/random-32-32-20-random-1_a150_s0_r0,,,"{""agents"": ""150"", ""comp_time"": ""28"", ""first_ms"": ""28.1"", ""makespan"": ""48"", ""makespan_lb"": ""48"", ""map_file"": ""random-32-32-20.map"", ""pp_demote_rounds"": ""1"", ""pp_failed"": ""0"", ""pp_order"": ""traffic-last"", ""pp_plan_ms"": ""22.7"", ""pp_plan_soc"": ""4506"", ""pp_tl"": ""1"", ""pp_used"": ""1"", ""seed"": ""0"", ""soc"": ""4506"", ""soc_lb"": ""3485"", ""solved"": ""1"", ""solver"": ""planner"", ""sum_of_loss"": ""4200"", ""sum_of_loss_lb"": ""3485""}"
pp_guided_tl:traffic_tl,PP-guided (traffic-last) + traffic load in SIPP,random-32-32-20,random-32-32-20-random-1,150,1,30.0,solved,0.107976,0.028,4506,48,4145,3485,48,1.29297,0,,/home/carsten/Projects/MAPF/MAPF Evaluator/results/pptl-random32-20/runs/pp_guided_tl_traffic_tl/random-32-32-20/random-32-32-20-random-1_a150_s1_r0,,,"{""agents"": ""150"", ""comp_time"": ""28"", ""first_ms"": ""28.1"", ""makespan"": ""48"", ""makespan_lb"": ""48"", ""map_file"": ""random-32-32-20.map"", ""pp_demote_rounds"": ""1"", ""pp_failed"": ""0"", ""pp_order"": ""traffic-last"", ""pp_plan_ms"": ""22.9"", ""pp_plan_soc"": ""4506"", ""pp_tl"": ""1"", ""pp_used"": ""1"", ""seed"": ""1"", ""soc"": ""4506"", ""soc_lb"": ""3485"", ""solved"": ""1"", ""solver"": ""planner"", ""sum_of_loss"": ""4200"", ""sum_of_loss_lb"": ""3485""}"
pp_guided_tl:traffic_tl,PP-guided (traffic-last) + traffic load in SIPP,random-32-32-20,random-32-32-20-random-1,150,2,30.0,solved,0.139215,0.028,4506,48,4145,3485,48,1.29297,0,,/home/carsten/Projects/MAPF/MAPF Evaluator/results/pptl-random32-20/runs/pp_guided_tl_traffic_tl/random-32-32-20/random-32-32-20-random-1_a150_s2_r0,,,"{""agents"": ""150"", ""comp_time"": ""28"", ""first_ms"": ""28.0"", ""makespan"": ""48"", ""makespan_lb"": ""48"", ""map_file"": ""random-32-32-20.map"", ""pp_demote_rounds"": ""1"", ""pp_failed"": ""0"", ""pp_order"": ""traffic-last"", ""pp_plan_ms"": ""22.7"", ""pp_plan_soc"": ""4506"", ""pp_tl"": ""1"", ""pp_used"": ""1"", ""seed"": ""2"", ""soc"": ""4506"", ""soc_lb"": ""3485"", ""solved"": ""1"", ""solver"": ""planner"", ""sum_of_loss"": ""4200"", ""sum_of_loss_lb"": ""3485""}"
pp_guided_tl:shortest,PP-guided (shortest first),random-32-32-20,random-32-32-20-random-1,200,0,30.0,solved,0.08399,0.047,6596,117,6230,4429,48,1.489275,0,,/home/carsten/Projects/MAPF/MAPF Evaluator/results/pptl-random32-20/runs/pp_guided_tl_shortest/random-32-32-20/random-32-32-20-random-1_a200_s0_r0,,,"{""agents"": ""200"", ""comp_time"": ""47"", ""first_ms"": ""47.5"", ""makespan"": ""117"", ""makespan_lb"": ""48"", ""map_file"": ""random-32-32-20.map"", ""pp_demote_rounds"": ""1"", ""pp_failed"": ""0"", ""pp_order"": ""shortest"", ""pp_plan_ms"": ""39.3"", ""pp_plan_soc"": ""6596"", ""pp_tl"": ""0"", ""pp_used"": ""1"", ""seed"": ""0"", ""soc"": ""6596"", ""soc_lb"": ""4429"", ""solved"": ""1"", ""solver"": ""planner"", ""sum_of_loss"": ""6247"", ""sum_of_loss_lb"": ""4429""}"
pp_guided_tl:shortest,PP-guided (shortest first),random-32-32-20,random-32-32-20-random-1,200,1,30.0,solved,0.116614,0.047,6596,117,6230,4429,48,1.489275,0,,/home/carsten/Projects/MAPF/MAPF Evaluator/results/pptl-random32-20/runs/pp_guided_tl_shortest/random-32-32-20/random-32-32-20-random-1_a200_s1_r0,,,"{""agents"": ""200"", ""comp_time"": ""47"", ""first_ms"": ""46.4"", ""makespan"": ""117"", ""makespan_lb"": ""48"", ""map_file"": ""random-32-32-20.map"", ""pp_demote_rounds"": ""1"", ""pp_failed"": ""0"", ""pp_order"": ""shortest"", ""pp_plan_ms"": ""38.9"", ""pp_plan_soc"": ""6596"", ""pp_tl"": ""0"", ""pp_used"": ""1"", ""seed"": ""1"", ""soc"": ""6596"", ""soc_lb"": ""4429"", ""solved"": ""1"", ""solver"": ""planner"", ""sum_of_loss"": ""6247"", ""sum_of_loss_lb"": ""4429""}"
pp_guided_tl:shortest,PP-guided (shortest first),random-32-32-20,random-32-32-20-random-1,200,2,30.0,solved,0.115928,0.047,6596,117,6230,4429,48,1.489275,0,,/home/carsten/Projects/MAPF/MAPF Evaluator/results/pptl-random32-20/runs/pp_guided_tl_shortest/random-32-32-20/random-32-32-20-random-1_a200_s2_r0,,,"{""agents"": ""200"", ""comp_time"": ""47"", ""first_ms"": ""46.8"", ""makespan"": ""117"", ""makespan_lb"": ""48"", ""map_file"": ""random-32-32-20.map"", ""pp_demote_rounds"": ""1"", ""pp_failed"": ""0"", ""pp_order"": ""shortest"", ""pp_plan_ms"": ""39.0"", ""pp_plan_soc"": ""6596"", ""pp_tl"": ""0"", ""pp_used"": ""1"", ""seed"": ""2"", ""soc"": ""6596"", ""soc_lb"": ""4429"", ""solved"": ""1"", ""solver"": ""planner"", ""sum_of_loss"": ""6247"", ""sum_of_loss_lb"": ""4429""}"
pp_guided_tl:shortest_tl,PP-guided (shortest first) + traffic load in SIPP,random-32-32-20,random-32-32-20-random-1,200,0,30.0,solved,0.138646,0.052,6930,130,6568,4429,48,1.564687,0,,/home/carsten/Projects/MAPF/MAPF Evaluator/results/pptl-random32-20/runs/pp_guided_tl_shortest_tl/random-32-32-20/random-32-32-20-random-1_a200_s0_r0,,,"{""agents"": ""200"", ""comp_time"": ""52"", ""first_ms"": ""52.8"", ""makespan"": ""130"", ""makespan_lb"": ""48"", ""map_file"": ""random-32-32-20.map"", ""pp_demote_rounds"": ""1"", ""pp_failed"": ""0"", ""pp_order"": ""shortest"", ""pp_plan_ms"": ""43.5"", ""pp_plan_soc"": ""6930"", ""pp_tl"": ""1"", ""pp_used"": ""1"", ""seed"": ""0"", ""soc"": ""6930"", ""soc_lb"": ""4429"", ""solved"": ""1"", ""solver"": ""planner"", ""sum_of_loss"": ""6582"", ""sum_of_loss_lb"": ""4429""}"
pp_guided_tl:shortest_tl,PP-guided (shortest first) + traffic load in SIPP,random-32-32-20,random-32-32-20-random-1,200,1,30.0,solved,0.122301,0.053,6930,130,6568,4429,48,1.564687,0,,/home/carsten/Projects/MAPF/MAPF Evaluator/results/pptl-random32-20/runs/pp_guided_tl_shortest_tl/random-32-32-20/random-32-32-20-random-1_a200_s1_r0,,,"{""agents"": ""200"", ""comp_time"": ""53"", ""first_ms"": ""53.0"", ""makespan"": ""130"", ""makespan_lb"": ""48"", ""map_file"": ""random-32-32-20.map"", ""pp_demote_rounds"": ""1"", ""pp_failed"": ""0"", ""pp_order"": ""shortest"", ""pp_plan_ms"": ""43.9"", ""pp_plan_soc"": ""6930"", ""pp_tl"": ""1"", ""pp_used"": ""1"", ""seed"": ""1"", ""soc"": ""6930"", ""soc_lb"": ""4429"", ""solved"": ""1"", ""solver"": ""planner"", ""sum_of_loss"": ""6582"", ""sum_of_loss_lb"": ""4429""}"
pp_guided_tl:shortest_tl,PP-guided (shortest first) + traffic load in SIPP,random-32-32-20,random-32-32-20-random-1,200,2,30.0,solved,0.138596,0.053,6930,130,6568,4429,48,1.564687,0,,/home/carsten/Projects/MAPF/MAPF Evaluator/results/pptl-random32-20/runs/pp_guided_tl_shortest_tl/random-32-32-20/random-32-32-20-random-1_a200_s2_r0,,,"{""agents"": ""200"", ""comp_time"": ""53"", ""first_ms"": ""53.1"", ""makespan"": ""130"", ""makespan_lb"": ""48"", ""map_file"": ""random-32-32-20.map"", ""pp_demote_rounds"": ""1"", ""pp_failed"": ""0"", ""pp_order"": ""shortest"", ""pp_plan_ms"": ""43.8"", ""pp_plan_soc"": ""6930"", ""pp_tl"": ""1"", ""pp_used"": ""1"", ""seed"": ""2"", ""soc"": ""6930"", ""soc_lb"": ""4429"", ""solved"": ""1"", ""solver"": ""planner"", ""sum_of_loss"": ""6582"", ""sum_of_loss_lb"": ""4429""}"
pp_guided_tl:traffic,PP-guided (traffic-last),random-32-32-20,random-32-32-20-random-1,200,0,30.0,solved,0.087741,0.021,6282,52,5607,4429,48,1.418379,0,,/home/carsten/Projects/MAPF/MAPF Evaluator/results/pptl-random32-20/runs/pp_guided_tl_traffic/random-32-32-20/random-32-32-20-random-1_a200_s0_r0,,,"{""agents"": ""200"", ""comp_time"": ""21"", ""first_ms"": ""21.1"", ""makespan"": ""52"", ""makespan_lb"": ""48"", ""map_file"": ""random-32-32-20.map"", ""pp_demote_rounds"": ""0"", ""pp_failed"": ""0"", ""pp_order"": ""traffic-last"", ""pp_plan_ms"": ""14.8"", ""pp_plan_soc"": ""6282"", ""pp_tl"": ""0"", ""pp_used"": ""1"", ""seed"": ""0"", ""soc"": ""6282"", ""soc_lb"": ""4429"", ""solved"": ""1"", ""solver"": ""planner"", ""sum_of_loss"": ""5727"", ""sum_of_loss_lb"": ""4429""}"
pp_guided_tl:traffic,PP-guided (traffic-last),random-32-32-20,random-32-32-20-random-1,200,1,30.0,solved,0.04756,0.021,6282,52,5607,4429,48,1.418379,0,,/home/carsten/Projects/MAPF/MAPF Evaluator/results/pptl-random32-20/runs/pp_guided_tl_traffic/random-32-32-20/random-32-32-20-random-1_a200_s1_r0,,,"{""agents"": ""200"", ""comp_time"": ""21"", ""first_ms"": ""20.2"", ""makespan"": ""52"", ""makespan_lb"": ""48"", ""map_file"": ""random-32-32-20.map"", ""pp_demote_rounds"": ""0"", ""pp_failed"": ""0"", ""pp_order"": ""traffic-last"", ""pp_plan_ms"": ""14.7"", ""pp_plan_soc"": ""6282"", ""pp_tl"": ""0"", ""pp_used"": ""1"", ""seed"": ""1"", ""soc"": ""6282"", ""soc_lb"": ""4429"", ""solved"": ""1"", ""solver"": ""planner"", ""sum_of_loss"": ""5727"", ""sum_of_loss_lb"": ""4429""}"
pp_guided_tl:traffic,PP-guided (traffic-last),random-32-32-20,random-32-32-20-random-1,200,2,30.0,solved,0.142661,0.021,6282,52,5607,4429,48,1.418379,0,,/home/carsten/Projects/MAPF/MAPF Evaluator/results/pptl-random32-20/runs/pp_guided_tl_traffic/random-32-32-20/random-32-32-20-random-1_a200_s2_r0,,,"{""agents"": ""200"", ""comp_time"": ""21"", ""first_ms"": ""21.2"", ""makespan"": ""52"", ""makespan_lb"": ""48"", ""map_file"": ""random-32-32-20.map"", ""pp_demote_rounds"": ""0"", ""pp_failed"": ""0"", ""pp_order"": ""traffic-last"", ""pp_plan_ms"": ""14.8"", ""pp_plan_soc"": ""6282"", ""pp_tl"": ""0"", ""pp_used"": ""1"", ""seed"": ""2"", ""soc"": ""6282"", ""soc_lb"": ""4429"", ""solved"": ""1"", ""solver"": ""planner"", ""sum_of_loss"": ""5727"", ""sum_of_loss_lb"": ""4429""}"
pp_guided_tl:shortest,PP-guided (shortest first),random-32-32-20,random-32-32-20-random-2,50,0,30.0,solved,0.007402,0.003,1131,52,1131,1099,51,1.029117,0,,/home/carsten/Projects/MAPF/MAPF Evaluator/results/pptl-random32-20/runs/pp_guided_tl_shortest/random-32-32-20/random-32-32-20-random-2_a50_s0_r0,,,"{""agents"": ""50"", ""comp_time"": ""3"", ""first_ms"": ""2.4"", ""makespan"": ""52"", ""makespan_lb"": ""51"", ""map_file"": ""random-32-32-20.map"", ""pp_demote_rounds"": ""0"", ""pp_failed"": ""0"", ""pp_order"": ""shortest"", ""pp_plan_ms"": ""1.0"", ""pp_plan_soc"": ""1131"", ""pp_tl"": ""0"", ""pp_used"": ""1"", ""seed"": ""0"", ""soc"": ""1131"", ""soc_lb"": ""1099"", ""solved"": ""1"", ""solver"": ""planner"", ""sum_of_loss"": ""1131"", ""sum_of_loss_lb"": ""1099""}"
pp_guided_tl:shortest,PP-guided (shortest first),random-32-32-20,random-32-32-20-random-2,50,1,30.0,solved,0.007351,0.002,1131,52,1131,1099,51,1.029117,0,,/home/carsten/Projects/MAPF/MAPF Evaluator/results/pptl-random32-20/runs/pp_guided_tl_shortest/random-32-32-20/random-32-32-20-random-2_a50_s1_r0,,,"{""agents"": ""50"", ""comp_time"": ""2"", ""first_ms"": ""2.2"", ""makespan"": ""52"", ""makespan_lb"": ""51"", ""map_file"": ""random-32-32-20.map"", ""pp_demote_rounds"": ""0"", ""pp_failed"": ""0"", ""pp_order"": ""shortest"", ""pp_plan_ms"": ""0.9"", ""pp_plan_soc"": ""1131"", ""pp_tl"": ""0"", ""pp_used"": ""1"", ""seed"": ""1"", ""soc"": ""1131"", ""soc_lb"": ""1099"", ""solved"": ""1"", ""solver"": ""planner"", ""sum_of_loss"": ""1131"", ""sum_of_loss_lb"": ""1099""}"
pp_guided_tl:shortest,PP-guided (shortest first),random-32-32-20,random-32-32-20-random-2,50,2,30.0,solved,0.007388,0.002,1131,52,1131,1099,51,1.029117,0,,/home/carsten/Projects/MAPF/MAPF Evaluator/results/pptl-random32-20/runs/pp_guided_tl_shortest/random-32-32-20/random-32-32-20-random-2_a50_s2_r0,,,"{""agents"": ""50"", ""comp_time"": ""2"", ""first_ms"": ""2.2"", ""makespan"": ""52"", ""makespan_lb"": ""51"", ""map_file"": ""random-32-32-20.map"", ""pp_demote_rounds"": ""0"", ""pp_failed"": ""0"", ""pp_order"": ""shortest"", ""pp_plan_ms"": ""1.0"", ""pp_plan_soc"": ""1131"", ""pp_tl"": ""0"", ""pp_used"": ""1"", ""seed"": ""2"", ""soc"": ""1131"", ""soc_lb"": ""1099"", ""solved"": ""1"", ""solver"": ""planner"", ""sum_of_loss"": ""1131"", ""sum_of_loss_lb"": ""1099""}"
pp_guided_tl:traffic_tl,PP-guided (traffic-last) + traffic load in SIPP,random-32-32-20,random-32-32-20-random-1,200,0,30.0,solved,0.10076,0.042,6241,52,5680,4429,48,1.409122,0,,/home/carsten/Projects/MAPF/MAPF Evaluator/results/pptl-random32-20/runs/pp_guided_tl_traffic_tl/random-32-32-20/random-32-32-20-random-1_a200_s0_r0,,,"{""agents"": ""200"", ""comp_time"": ""42"", ""first_ms"": ""42.7"", ""makespan"": ""52"", ""makespan_lb"": ""48"", ""map_file"": ""random-32-32-20.map"", ""pp_demote_rounds"": ""1"", ""pp_failed"": ""0"", ""pp_order"": ""traffic-last"", ""pp_plan_ms"": ""34.5"", ""pp_plan_soc"": ""6241"", ""pp_tl"": ""1"", ""pp_used"": ""1"", ""seed"": ""0"", ""soc"": ""6241"", ""soc_lb"": ""4429"", ""solved"": ""1"", ""solver"": ""planner"", ""sum_of_loss"": ""5764"", ""sum_of_loss_lb"": ""4429""}"
pp_guided_tl:traffic_tl,PP-guided (traffic-last) + traffic load in SIPP,random-32-32-20,random-32-32-20-random-1,200,1,30.0,solved,0.101147,0.043,6241,52,5680,4429,48,1.409122,0,,/home/carsten/Projects/MAPF/MAPF Evaluator/results/pptl-random32-20/runs/pp_guided_tl_traffic_tl/random-32-32-20/random-32-32-20-random-1_a200_s1_r0,,,"{""agents"": ""200"", ""comp_time"": ""43"", ""first_ms"": ""42.7"", ""makespan"": ""52"", ""makespan_lb"": ""48"", ""map_file"": ""random-32-32-20.map"", ""pp_demote_rounds"": ""1"", ""pp_failed"": ""0"", ""pp_order"": ""traffic-last"", ""pp_plan_ms"": ""35.1"", ""pp_plan_soc"": ""6241"", ""pp_tl"": ""1"", ""pp_used"": ""1"", ""seed"": ""1"", ""soc"": ""6241"", ""soc_lb"": ""4429"", ""solved"": ""1"", ""solver"": ""planner"", ""sum_of_loss"": ""5764"", ""sum_of_loss_lb"": ""4429""}"
pp_guided_tl:traffic_tl,PP-guided (traffic-last) + traffic load in SIPP,random-32-32-20,random-32-32-20-random-1,200,2,30.0,solved,0.085563,0.043,6241,52,5680,4429,48,1.409122,0,,/home/carsten/Projects/MAPF/MAPF Evaluator/results/pptl-random32-20/runs/pp_guided_tl_traffic_tl/random-32-32-20/random-32-32-20-random-1_a200_s2_r0,,,"{""agents"": ""200"", ""comp_time"": ""43"", ""first_ms"": ""42.8"", ""makespan"": ""52"", ""makespan_lb"": ""48"", ""map_file"": ""random-32-32-20.map"", ""pp_demote_rounds"": ""1"", ""pp_failed"": ""0"", ""pp_order"": ""traffic-last"", ""pp_plan_ms"": ""34.8"", ""pp_plan_soc"": ""6241"", ""pp_tl"": ""1"", ""pp_used"": ""1"", ""seed"": ""2"", ""soc"": ""6241"", ""soc_lb"": ""4429"", ""solved"": ""1"", ""solver"": ""planner"", ""sum_of_loss"": ""5764"", ""sum_of_loss_lb"": ""4429""}"
pp_guided_tl:shortest_tl,PP-guided (shortest first) + traffic load in SIPP,random-32-32-20,random-32-32-20-random-2,50,0,30.0,solved,0.039838,0.003,1122,51,1122,1099,51,1.020928,0,,/home/carsten/Projects/MAPF/MAPF Evaluator/results/pptl-random32-20/runs/pp_guided_tl_shortest_tl/random-32-32-20/random-32-32-20-random-2_a50_s0_r0,,,"{""agents"": ""50"", ""comp_time"": ""3"", ""first_ms"": ""3.1"", ""makespan"": ""51"", ""makespan_lb"": ""51"", ""map_file"": ""random-32-32-20.map"", ""pp_demote_rounds"": ""0"", ""pp_failed"": ""0"", ""pp_order"": ""shortest"", ""pp_plan_ms"": ""1.7"", ""pp_plan_soc"": ""1122"", ""pp_tl"": ""1"", ""pp_used"": ""1"", ""seed"": ""0"", ""soc"": ""1122"", ""soc_lb"": ""1099"", ""solved"": ""1"", ""solver"": ""planner"", ""sum_of_loss"": ""1122"", ""sum_of_loss_lb"": ""1099""}"
pp_guided_tl:shortest_tl,PP-guided (shortest first) + traffic load in SIPP,random-32-32-20,random-32-32-20-random-2,50,1,30.0,solved,0.045737,0.003,1122,51,1122,1099,51,1.020928,0,,/home/carsten/Projects/MAPF/MAPF Evaluator/results/pptl-random32-20/runs/pp_guided_tl_shortest_tl/random-32-32-20/random-32-32-20-random-2_a50_s1_r0,,,"{""agents"": ""50"", ""comp_time"": ""3"", ""first_ms"": ""3.2"", ""makespan"": ""51"", ""makespan_lb"": ""51"", ""map_file"": ""random-32-32-20.map"", ""pp_demote_rounds"": ""0"", ""pp_failed"": ""0"", ""pp_order"": ""shortest"", ""pp_plan_ms"": ""1.6"", ""pp_plan_soc"": ""1122"", ""pp_tl"": ""1"", ""pp_used"": ""1"", ""seed"": ""1"", ""soc"": ""1122"", ""soc_lb"": ""1099"", ""solved"": ""1"", ""solver"": ""planner"", ""sum_of_loss"": ""1122"", ""sum_of_loss_lb"": ""1099""}"
pp_guided_tl:shortest_tl,PP-guided (shortest first) + traffic load in SIPP,random-32-32-20,random-32-32-20-random-2,50,2,30.0,solved,0.032827,0.003,1122,51,1122,1099,51,1.020928,0,,/home/carsten/Projects/MAPF/MAPF Evaluator/results/pptl-random32-20/runs/pp_guided_tl_shortest_tl/random-32-32-20/random-32-32-20-random-2_a50_s2_r0,,,"{""agents"": ""50"", ""comp_time"": ""3"", ""first_ms"": ""3.2"", ""makespan"": ""51"", ""makespan_lb"": ""51"", ""map_file"": ""random-32-32-20.map"", ""pp_demote_rounds"": ""0"", ""pp_failed"": ""0"", ""pp_order"": ""shortest"", ""pp_plan_ms"": ""1.7"", ""pp_plan_soc"": ""1122"", ""pp_tl"": ""1"", ""pp_used"": ""1"", ""seed"": ""2"", ""soc"": ""1122"", ""soc_lb"": ""1099"", ""solved"": ""1"", ""solver"": ""planner"", ""sum_of_loss"": ""1122"", ""sum_of_loss_lb"": ""1099""}"
pp_guided_tl:traffic,PP-guided (traffic-last),random-32-32-20,random-32-32-20-random-2,50,1,30.0,solved,0.020187,0.003,1311,51,1166,1099,51,1.192903,0,,/home/carsten/Projects/MAPF/MAPF Evaluator/results/pptl-random32-20/runs/pp_guided_tl_traffic/random-32-32-20/random-32-32-20-random-2_a50_s1_r0,,,"{""agents"": ""50"", ""comp_time"": ""3"", ""first_ms"": ""2.3"", ""makespan"": ""51"", ""makespan_lb"": ""51"", ""map_file"": ""random-32-32-20.map"", ""pp_demote_rounds"": ""0"", ""pp_failed"": ""0"", ""pp_order"": ""traffic-last"", ""pp_plan_ms"": ""1.3"", ""pp_plan_soc"": ""1311"", ""pp_tl"": ""0"", ""pp_used"": ""1"", ""seed"": ""1"", ""soc"": ""1311"", ""soc_lb"": ""1099"", ""solved"": ""1"", ""solver"": ""planner"", ""sum_of_loss"": ""1176"", ""sum_of_loss_lb"": ""1099""}"
pp_guided_tl:traffic,PP-guided (traffic-last),random-32-32-20,random-32-32-20-random-2,50,0,30.0,solved,0.054298,0.003,1311,51,1166,1099,51,1.192903,0,,/home/carsten/Projects/MAPF/MAPF Evaluator/results/pptl-random32-20/runs/pp_guided_tl_traffic/random-32-32-20/random-32-32-20-random-2_a50_s0_r0,,,"{""agents"": ""50"", ""comp_time"": ""3"", ""first_ms"": ""2.2"", ""makespan"": ""51"", ""makespan_lb"": ""51"", ""map_file"": ""random-32-32-20.map"", ""pp_demote_rounds"": ""0"", ""pp_failed"": ""0"", ""pp_order"": ""traffic-last"", ""pp_plan_ms"": ""1.3"", ""pp_plan_soc"": ""1311"", ""pp_tl"": ""0"", ""pp_used"": ""1"", ""seed"": ""0"", ""soc"": ""1311"", ""soc_lb"": ""1099"", ""solved"": ""1"", ""solver"": ""planner"", ""sum_of_loss"": ""1176"", ""sum_of_loss_lb"": ""1099""}"
pp_guided_tl:traffic,PP-guided (traffic-last),random-32-32-20,random-32-32-20-random-2,50,2,30.0,solved,0.039325,0.003,1311,51,1166,1099,51,1.192903,0,,/home/carsten/Projects/MAPF/MAPF Evaluator/results/pptl-random32-20/runs/pp_guided_tl_traffic/random-32-32-20/random-32-32-20-random-2_a50_s2_r0,,,"{""agents"": ""50"", ""comp_time"": ""3"", ""first_ms"": ""2.2"", ""makespan"": ""51"", ""makespan_lb"": ""51"", ""map_file"": ""random-32-32-20.map"", ""pp_demote_rounds"": ""0"", ""pp_failed"": ""0"", ""pp_order"": ""traffic-last"", ""pp_plan_ms"": ""1.3"", ""pp_plan_soc"": ""1311"", ""pp_tl"": ""0"", ""pp_used"": ""1"", ""seed"": ""2"", ""soc"": ""1311"", ""soc_lb"": ""1099"", ""solved"": ""1"", ""solver"": ""planner"", ""sum_of_loss"": ""1176"", ""sum_of_loss_lb"": ""1099""}"
pp_guided_tl:traffic_tl,PP-guided (traffic-last) + traffic load in SIPP,random-32-32-20,random-32-32-20-random-2,50,0,30.0,solved,0.028643,0.004,1228,51,1166,1099,51,1.117379,0,,/home/carsten/Projects/MAPF/MAPF Evaluator/results/pptl-random32-20/runs/pp_guided_tl_traffic_tl/random-32-32-20/random-32-32-20-random-2_a50_s0_r0,,,"{""agents"": ""50"", ""comp_time"": ""4"", ""first_ms"": ""3.2"", ""makespan"": ""51"", ""makespan_lb"": ""51"", ""map_file"": ""random-32-32-20.map"", ""pp_demote_rounds"": ""0"", ""pp_failed"": ""0"", ""pp_order"": ""traffic-last"", ""pp_plan_ms"": ""1.9"", ""pp_plan_soc"": ""1228"", ""pp_tl"": ""1"", ""pp_used"": ""1"", ""seed"": ""0"", ""soc"": ""1228"", ""soc_lb"": ""1099"", ""solved"": ""1"", ""solver"": ""planner"", ""sum_of_loss"": ""1172"", ""sum_of_loss_lb"": ""1099""}"
pp_guided_tl:traffic_tl,PP-guided (traffic-last) + traffic load in SIPP,random-32-32-20,random-32-32-20-random-2,50,1,30.0,solved,0.039978,0.004,1228,51,1166,1099,51,1.117379,0,,/home/carsten/Projects/MAPF/MAPF Evaluator/results/pptl-random32-20/runs/pp_guided_tl_traffic_tl/random-32-32-20/random-32-32-20-random-2_a50_s1_r0,,,"{""agents"": ""50"", ""comp_time"": ""4"", ""first_ms"": ""3.2"", ""makespan"": ""51"", ""makespan_lb"": ""51"", ""map_file"": ""random-32-32-20.map"", ""pp_demote_rounds"": ""0"", ""pp_failed"": ""0"", ""pp_order"": ""traffic-last"", ""pp_plan_ms"": ""2.0"", ""pp_plan_soc"": ""1228"", ""pp_tl"": ""1"", ""pp_used"": ""1"", ""seed"": ""1"", ""soc"": ""1228"", ""soc_lb"": ""1099"", ""solved"": ""1"", ""solver"": ""planner"", ""sum_of_loss"": ""1172"", ""sum_of_loss_lb"": ""1099""}"
pp_guided_tl:traffic_tl,PP-guided (traffic-last) + traffic load in SIPP,random-32-32-20,random-32-32-20-random-2,50,2,30.0,solved,0.049145,0.004,1228,51,1166,1099,51,1.117379,0,,/home/carsten/Projects/MAPF/MAPF Evaluator/results/pptl-random32-20/runs/pp_guided_tl_traffic_tl/random-32-32-20/random-32-32-20-random-2_a50_s2_r0,,,"{""agents"": ""50"", ""comp_time"": ""4"", ""first_ms"": ""3.1"", ""makespan"": ""51"", ""makespan_lb"": ""51"", ""map_file"": ""random-32-32-20.map"", ""pp_demote_rounds"": ""0"", ""pp_failed"": ""0"", ""pp_order"": ""traffic-last"", ""pp_plan_ms"": ""2.0"", ""pp_plan_soc"": ""1228"", ""pp_tl"": ""1"", ""pp_used"": ""1"", ""seed"": ""2"", ""soc"": ""1228"", ""soc_lb"": ""1099"", ""solved"": ""1"", ""solver"": ""planner"", ""sum_of_loss"": ""1172"", ""sum_of_loss_lb"": ""1099""}"
pp_guided_tl:shortest,PP-guided (shortest first),random-32-32-20,random-32-32-20-random-2,100,0,30.0,solved,0.047152,0.007,2440,64,2440,2232,51,1.09319,0,,/home/carsten/Projects/MAPF/MAPF Evaluator/results/pptl-random32-20/runs/pp_guided_tl_shortest/random-32-32-20/random-32-32-20-random-2_a100_s0_r0,,,"{""agents"": ""100"", ""comp_time"": ""7"", ""first_ms"": ""6.4"", ""makespan"": ""64"", ""makespan_lb"": ""51"", ""map_file"": ""random-32-32-20.map"", ""pp_demote_rounds"": ""0"", ""pp_failed"": ""0"", ""pp_order"": ""shortest"", ""pp_plan_ms"": ""3.8"", ""pp_plan_soc"": ""2440"", ""pp_tl"": ""0"", ""pp_used"": ""1"", ""seed"": ""0"", ""soc"": ""2440"", ""soc_lb"": ""2232"", ""solved"": ""1"", ""solver"": ""planner"", ""sum_of_loss"": ""2440"", ""sum_of_loss_lb"": ""2232""}"
pp_guided_tl:shortest,PP-guided (shortest first),random-32-32-20,random-32-32-20-random-2,100,1,30.0,solved,0.049723,0.007,2440,64,2440,2232,51,1.09319,0,,/home/carsten/Projects/MAPF/MAPF Evaluator/results/pptl-random32-20/runs/pp_guided_tl_shortest/random-32-32-20/random-32-32-20-random-2_a100_s1_r0,,,"{""agents"": ""100"", ""comp_time"": ""7"", ""first_ms"": ""6.3"", ""makespan"": ""64"", ""makespan_lb"": ""51"", ""map_file"": ""random-32-32-20.map"", ""pp_demote_rounds"": ""0"", ""pp_failed"": ""0"", ""pp_order"": ""shortest"", ""pp_plan_ms"": ""3.8"", ""pp_plan_soc"": ""2440"", ""pp_tl"": ""0"", ""pp_used"": ""1"", ""seed"": ""1"", ""soc"": ""2440"", ""soc_lb"": ""2232"", ""solved"": ""1"", ""solver"": ""planner"", ""sum_of_loss"": ""2440"", ""sum_of_loss_lb"": ""2232""}"
pp_guided_tl:shortest,PP-guided (shortest first),random-32-32-20,random-32-32-20-random-2,100,2,30.0,solved,0.047148,0.007,2440,64,2440,2232,51,1.09319,0,,/home/carsten/Projects/MAPF/MAPF Evaluator/results/pptl-random32-20/runs/pp_guided_tl_shortest/random-32-32-20/random-32-32-20-random-2_a100_s2_r0,,,"{""agents"": ""100"", ""comp_time"": ""7"", ""first_ms"": ""6.5"", ""makespan"": ""64"", ""makespan_lb"": ""51"", ""map_file"": ""random-32-32-20.map"", ""pp_demote_rounds"": ""0"", ""pp_failed"": ""0"", ""pp_order"": ""shortest"", ""pp_plan_ms"": ""3.8"", ""pp_plan_soc"": ""2440"", ""pp_tl"": ""0"", ""pp_used"": ""1"", ""seed"": ""2"", ""soc"": ""2440"", ""soc_lb"": ""2232"", ""solved"": ""1"", ""solver"": ""planner"", ""sum_of_loss"": ""2440"", ""sum_of_loss_lb"": ""2232""}"
pp_guided_tl:shortest_tl,PP-guided (shortest first) + traffic load in SIPP,random-32-32-20,random-32-32-20-random-2,100,0,30.0,solved,0.045389,0.008,2397,63,2397,2232,51,1.073925,0,,/home/carsten/Projects/MAPF/MAPF Evaluator/results/pptl-random32-20/runs/pp_guided_tl_shortest_tl/random-32-32-20/random-32-32-20-random-2_a100_s0_r0,,,"{""agents"": ""100"", ""comp_time"": ""8"", ""first_ms"": ""8.3"", ""makespan"": ""63"", ""makespan_lb"": ""51"", ""map_file"": ""random-32-32-20.map"", ""pp_demote_rounds"": ""0"", ""pp_failed"": ""0"", ""pp_order"": ""shortest"", ""pp_plan_ms"": ""4.9"", ""pp_plan_soc"": ""2397"", ""pp_tl"": ""1"", ""pp_used"": ""1"", ""seed"": ""0"", ""soc"": ""2397"", ""soc_lb"": ""2232"", ""solved"": ""1"", ""solver"": ""planner"", ""sum_of_loss"": ""2397"", ""sum_of_loss_lb"": ""2232""}"
pp_guided_tl:shortest_tl,PP-guided (shortest first) + traffic load in SIPP,random-32-32-20,random-32-32-20-random-2,100,1,30.0,solved,0.092678,0.008,2397,63,2397,2232,51,1.073925,0,,/home/carsten/Projects/MAPF/MAPF Evaluator/results/pptl-random32-20/runs/pp_guided_tl_shortest_tl/random-32-32-20/random-32-32-20-random-2_a100_s1_r0,,,"{""agents"": ""100"", ""comp_time"": ""8"", ""first_ms"": ""8.2"", ""makespan"": ""63"", ""makespan_lb"": ""51"", ""map_file"": ""random-32-32-20.map"", ""pp_demote_rounds"": ""0"", ""pp_failed"": ""0"", ""pp_order"": ""shortest"", ""pp_plan_ms"": ""4.9"", ""pp_plan_soc"": ""2397"", ""pp_tl"": ""1"", ""pp_used"": ""1"", ""seed"": ""1"", ""soc"": ""2397"", ""soc_lb"": ""2232"", ""solved"": ""1"", ""solver"": ""planner"", ""sum_of_loss"": ""2397"", ""sum_of_loss_lb"": ""2232""}"
pp_guided_tl:shortest_tl,PP-guided (shortest first) + traffic load in SIPP,random-32-32-20,random-32-32-20-random-2,100,2,30.0,solved,0.042027,0.008,2397,63,2397,2232,51,1.073925,0,,/home/carsten/Projects/MAPF/MAPF Evaluator/results/pptl-random32-20/runs/pp_guided_tl_shortest_tl/random-32-32-20/random-32-32-20-random-2_a100_s2_r0,,,"{""agents"": ""100"", ""comp_time"": ""8"", ""first_ms"": ""8.3"", ""makespan"": ""63"", ""makespan_lb"": ""51"", ""map_file"": ""random-32-32-20.map"", ""pp_demote_rounds"": ""0"", ""pp_failed"": ""0"", ""pp_order"": ""shortest"", ""pp_plan_ms"": ""4.8"", ""pp_plan_soc"": ""2397"", ""pp_tl"": ""1"", ""pp_used"": ""1"", ""seed"": ""2"", ""soc"": ""2397"", ""soc_lb"": ""2232"", ""solved"": ""1"", ""solver"": ""planner"", ""sum_of_loss"": ""2397"", ""sum_of_loss_lb"": ""2232""}"
pp_guided_tl:traffic,PP-guided (traffic-last),random-32-32-20,random-32-32-20-random-2,100,0,30.0,solved,0.058323,0.007,2799,52,2491,2232,51,1.254032,0,,/home/carsten/Projects/MAPF/MAPF Evaluator/results/pptl-random32-20/runs/pp_guided_tl_traffic/random-32-32-20/random-32-32-20-random-2_a100_s0_r0,,,"{""agents"": ""100"", ""comp_time"": ""7"", ""first_ms"": ""7.2"", ""makespan"": ""52"", ""makespan_lb"": ""51"", ""map_file"": ""random-32-32-20.map"", ""pp_demote_rounds"": ""0"", ""pp_failed"": ""0"", ""pp_order"": ""traffic-last"", ""pp_plan_ms"": ""4.3"", ""pp_plan_soc"": ""2799"", ""pp_tl"": ""0"", ""pp_used"": ""1"", ""seed"": ""0"", ""soc"": ""2799"", ""soc_lb"": ""2232"", ""solved"": ""1"", ""solver"": ""planner"", ""sum_of_loss"": ""2522"", ""sum_of_loss_lb"": ""2232""}"
pp_guided_tl:traffic,PP-guided (traffic-last),random-32-32-20,random-32-32-20-random-2,100,1,30.0,solved,0.074596,0.007,2799,52,2491,2232,51,1.254032,0,,/home/carsten/Projects/MAPF/MAPF Evaluator/results/pptl-random32-20/runs/pp_guided_tl_traffic/random-32-32-20/random-32-32-20-random-2_a100_s1_r0,,,"{""agents"": ""100"", ""comp_time"": ""7"", ""first_ms"": ""7.2"", ""makespan"": ""52"", ""makespan_lb"": ""51"", ""map_file"": ""random-32-32-20.map"", ""pp_demote_rounds"": ""0"", ""pp_failed"": ""0"", ""pp_order"": ""traffic-last"", ""pp_plan_ms"": ""4.3"", ""pp_plan_soc"": ""2799"", ""pp_tl"": ""0"", ""pp_used"": ""1"", ""seed"": ""1"", ""soc"": ""2799"", ""soc_lb"": ""2232"", ""solved"": ""1"", ""solver"": ""planner"", ""sum_of_loss"": ""2522"", ""sum_of_loss_lb"": ""2232""}"
pp_guided_tl:traffic_tl,PP-guided (traffic-last) + traffic load in SIPP,random-32-32-20,random-32-32-20-random-2,100,0,30.0,solved,0.049067,0.009,2752,51,2461,2232,51,1.232975,0,,/home/carsten/Projects/MAPF/MAPF Evaluator/results/pptl-random32-20/runs/pp_guided_tl_traffic_tl/random-32-32-20/random-32-32-20-random-2_a100_s0_r0,,,"{""agents"": ""100"", ""comp_time"": ""9"", ""first_ms"": ""9.2"", ""makespan"": ""51"", ""makespan_lb"": ""51"", ""map_file"": ""random-32-32-20.map"", ""pp_demote_rounds"": ""0"", ""pp_failed"": ""0"", ""pp_order"": ""traffic-last"", ""pp_plan_ms"": ""5.5"", ""pp_plan_soc"": ""2752"", ""pp_tl"": ""1"", ""pp_used"": ""1"", ""seed"": ""0"", ""soc"": ""2752"", ""soc_lb"": ""2232"", ""solved"": ""1"", ""solver"": ""planner"", ""sum_of_loss"": ""2490"", ""sum_of_loss_lb"": ""2232""}"
pp_guided_tl:traffic,PP-guided (traffic-last),random-32-32-20,random-32-32-20-random-2,100,2,30.0,solved,0.092852,0.007,2799,52,2491,2232,51,1.254032,0,,/home/carsten/Projects/MAPF/MAPF Evaluator/results/pptl-random32-20/runs/pp_guided_tl_traffic/random-32-32-20/random-32-32-20-random-2_a100_s2_r0,,,"{""agents"": ""100"", ""comp_time"": ""7"", ""first_ms"": ""7.2"", ""makespan"": ""52"", ""makespan_lb"": ""51"", ""map_file"": ""random-32-32-20.map"", ""pp_demote_rounds"": ""0"", ""pp_failed"": ""0"", ""pp_order"": ""traffic-last"", ""pp_plan_ms"": ""4.4"", ""pp_plan_soc"": ""2799"", ""pp_tl"": ""0"", ""pp_used"": ""1"", ""seed"": ""2"", ""soc"": ""2799"", ""soc_lb"": ""2232"", ""solved"": ""1"", ""solver"": ""planner"", ""sum_of_loss"": ""2522"", ""sum_of_loss_lb"": ""2232""}"
pp_guided_tl:traffic_tl,PP-guided (traffic-last) + traffic load in SIPP,random-32-32-20,random-32-32-20-random-2,100,2,30.0,solved,0.051436,0.009,2752,51,2461,2232,51,1.232975,0,,/home/carsten/Projects/MAPF/MAPF Evaluator/results/pptl-random32-20/runs/pp_guided_tl_traffic_tl/random-32-32-20/random-32-32-20-random-2_a100_s2_r0,,,"{""agents"": ""100"", ""comp_time"": ""9"", ""first_ms"": ""9.1"", ""makespan"": ""51"", ""makespan_lb"": ""51"", ""map_file"": ""random-32-32-20.map"", ""pp_demote_rounds"": ""0"", ""pp_failed"": ""0"", ""pp_order"": ""traffic-last"", ""pp_plan_ms"": ""5.5"", ""pp_plan_soc"": ""2752"", ""pp_tl"": ""1"", ""pp_used"": ""1"", ""seed"": ""2"", ""soc"": ""2752"", ""soc_lb"": ""2232"", ""solved"": ""1"", ""solver"": ""planner"", ""sum_of_loss"": ""2490"", ""sum_of_loss_lb"": ""2232""}"
pp_guided_tl:traffic_tl,PP-guided (traffic-last) + traffic load in SIPP,random-32-32-20,random-32-32-20-random-2,100,1,30.0,solved,0.041429,0.009,2752,51,2461,2232,51,1.232975,0,,/home/carsten/Projects/MAPF/MAPF Evaluator/results/pptl-random32-20/runs/pp_guided_tl_traffic_tl/random-32-32-20/random-32-32-20-random-2_a100_s1_r0,,,"{""agents"": ""100"", ""comp_time"": ""9"", ""first_ms"": ""9.1"", ""makespan"": ""51"", ""makespan_lb"": ""51"", ""map_file"": ""random-32-32-20.map"", ""pp_demote_rounds"": ""0"", ""pp_failed"": ""0"", ""pp_order"": ""traffic-last"", ""pp_plan_ms"": ""5.5"", ""pp_plan_soc"": ""2752"", ""pp_tl"": ""1"", ""pp_used"": ""1"", ""seed"": ""1"", ""soc"": ""2752"", ""soc_lb"": ""2232"", ""solved"": ""1"", ""solver"": ""planner"", ""sum_of_loss"": ""2490"", ""sum_of_loss_lb"": ""2232""}"
pp_guided_tl:shortest,PP-guided (shortest first),random-32-32-20,random-32-32-20-random-2,150,0,30.0,solved,0.087775,0.017,3878,68,3865,3322,51,1.167369,0,,/home/carsten/Projects/MAPF/MAPF Evaluator/results/pptl-random32-20/runs/pp_guided_tl_shortest/random-32-32-20/random-32-32-20-random-2_a150_s0_r0,,,"{""agents"": ""150"", ""comp_time"": ""17"", ""first_ms"": ""17.6"", ""makespan"": ""68"", ""makespan_lb"": ""51"", ""map_file"": ""random-32-32-20.map"", ""pp_demote_rounds"": ""1"", ""pp_failed"": ""0"", ""pp_order"": ""shortest"", ""pp_plan_ms"": ""12.8"", ""pp_plan_soc"": ""3878"", ""pp_tl"": ""0"", ""pp_used"": ""1"", ""seed"": ""0"", ""soc"": ""3878"", ""soc_lb"": ""3322"", ""solved"": ""1"", ""solver"": ""planner"", ""sum_of_loss"": ""3867"", ""sum_of_loss_lb"": ""3322""}"
pp_guided_tl:shortest,PP-guided (shortest first),random-32-32-20,random-32-32-20-random-2,150,1,30.0,solved,0.084715,0.017,3878,68,3865,3322,51,1.167369,0,,/home/carsten/Projects/MAPF/MAPF Evaluator/results/pptl-random32-20/runs/pp_guided_tl_shortest/random-32-32-20/random-32-32-20-random-2_a150_s1_r0,,,"{""agents"": ""150"", ""comp_time"": ""17"", ""first_ms"": ""17.7"", ""makespan"": ""68"", ""makespan_lb"": ""51"", ""map_file"": ""random-32-32-20.map"", ""pp_demote_rounds"": ""1"", ""pp_failed"": ""0"", ""pp_order"": ""shortest"", ""pp_plan_ms"": ""12.7"", ""pp_plan_soc"": ""3878"", ""pp_tl"": ""0"", ""pp_used"": ""1"", ""seed"": ""1"", ""soc"": ""3878"", ""soc_lb"": ""3322"", ""solved"": ""1"", ""solver"": ""planner"", ""sum_of_loss"": ""3867"", ""sum_of_loss_lb"": ""3322""}"
pp_guided_tl:shortest,PP-guided (shortest first),random-32-32-20,random-32-32-20-random-2,150,2,30.0,solved,0.059697,0.018,3878,68,3865,3322,51,1.167369,0,,/home/carsten/Projects/MAPF/MAPF Evaluator/results/pptl-random32-20/runs/pp_guided_tl_shortest/random-32-32-20/random-32-32-20-random-2_a150_s2_r0,,,"{""agents"": ""150"", ""comp_time"": ""18"", ""first_ms"": ""17.9"", ""makespan"": ""68"", ""makespan_lb"": ""51"", ""map_file"": ""random-32-32-20.map"", ""pp_demote_rounds"": ""1"", ""pp_failed"": ""0"", ""pp_order"": ""shortest"", ""pp_plan_ms"": ""12.8"", ""pp_plan_soc"": ""3878"", ""pp_tl"": ""0"", ""pp_used"": ""1"", ""seed"": ""2"", ""soc"": ""3878"", ""soc_lb"": ""3322"", ""solved"": ""1"", ""solver"": ""planner"", ""sum_of_loss"": ""3867"", ""sum_of_loss_lb"": ""3322""}"
pp_guided_tl:shortest_tl,PP-guided (shortest first) + traffic load in SIPP,random-32-32-20,random-32-32-20-random-2,150,0,30.0,solved,0.118433,0.018,3795,68,3784,3322,51,1.142384,0,,/home/carsten/Projects/MAPF/MAPF Evaluator/results/pptl-random32-20/runs/pp_guided_tl_shortest_tl/random-32-32-20/random-32-32-20-random-2_a150_s0_r0,,,"{""agents"": ""150"", ""comp_time"": ""18"", ""first_ms"": ""18.7"", ""makespan"": ""68"", ""makespan_lb"": ""51"", ""map_file"": ""random-32-32-20.map"", ""pp_demote_rounds"": ""1"", ""pp_failed"": ""0"", ""pp_order"": ""shortest"", ""pp_plan_ms"": ""13.0"", ""pp_plan_soc"": ""3795"", ""pp_tl"": ""1"", ""pp_used"": ""1"", ""seed"": ""0"", ""soc"": ""3795"", ""soc_lb"": ""3322"", ""solved"": ""1"", ""solver"": ""planner"", ""sum_of_loss"": ""3786"", ""sum_of_loss_lb"": ""3322""}"
pp_guided_tl:shortest_tl,PP-guided (shortest first) + traffic load in SIPP,random-32-32-20,random-32-32-20-random-2,150,2,30.0,solved,0.045297,0.018,3795,68,3784,3322,51,1.142384,0,,/home/carsten/Projects/MAPF/MAPF Evaluator/results/pptl-random32-20/runs/pp_guided_tl_shortest_tl/random-32-32-20/random-32-32-20-random-2_a150_s2_r0,,,"{""agents"": ""150"", ""comp_time"": ""18"", ""first_ms"": ""17.5"", ""makespan"": ""68"", ""makespan_lb"": ""51"", ""map_file"": ""random-32-32-20.map"", ""pp_demote_rounds"": ""1"", ""pp_failed"": ""0"", ""pp_order"": ""shortest"", ""pp_plan_ms"": ""13.0"", ""pp_plan_soc"": ""3795"", ""pp_tl"": ""1"", ""pp_used"": ""1"", ""seed"": ""2"", ""soc"": ""3795"", ""soc_lb"": ""3322"", ""solved"": ""1"", ""solver"": ""planner"", ""sum_of_loss"": ""3786"", ""sum_of_loss_lb"": ""3322""}"
pp_guided_tl:shortest_tl,PP-guided (shortest first) + traffic load in SIPP,random-32-32-20,random-32-32-20-random-2,150,1,30.0,solved,0.089791,0.018,3795,68,3784,3322,51,1.142384,0,,/home/carsten/Projects/MAPF/MAPF Evaluator/results/pptl-random32-20/runs/pp_guided_tl_shortest_tl/random-32-32-20/random-32-32-20-random-2_a150_s1_r0,,,"{""agents"": ""150"", ""comp_time"": ""18"", ""first_ms"": ""18.6"", ""makespan"": ""68"", ""makespan_lb"": ""51"", ""map_file"": ""random-32-32-20.map"", ""pp_demote_rounds"": ""1"", ""pp_failed"": ""0"", ""pp_order"": ""shortest"", ""pp_plan_ms"": ""13.2"", ""pp_plan_soc"": ""3795"", ""pp_tl"": ""1"", ""pp_used"": ""1"", ""seed"": ""1"", ""soc"": ""3795"", ""soc_lb"": ""3322"", ""solved"": ""1"", ""solver"": ""planner"", ""sum_of_loss"": ""3786"", ""sum_of_loss_lb"": ""3322""}"
pp_guided_tl:traffic,PP-guided (traffic-last),random-32-32-20,random-32-32-20-random-2,150,1,30.0,solved,0.036073,0.012,4325,51,3850,3322,51,1.301927,0,,/home/carsten/Projects/MAPF/MAPF Evaluator/results/pptl-random32-20/runs/pp_guided_tl_traffic/random-32-32-20/random-32-32-20-random-2_a150_s1_r0,,,"{""agents"": ""150"", ""comp_time"": ""12"", ""first_ms"": ""12.2"", ""makespan"": ""51"", ""makespan_lb"": ""51"", ""map_file"": ""random-32-32-20.map"", ""pp_demote_rounds"": ""0"", ""pp_failed"": ""0"", ""pp_order"": ""traffic-last"", ""pp_plan_ms"": ""7.9"", ""pp_plan_soc"": ""4325"", ""pp_tl"": ""0"", ""pp_used"": ""1"", ""seed"": ""1"", ""soc"": ""4325"", ""soc_lb"": ""3322"", ""solved"": ""1"", ""solver"": ""planner"", ""sum_of_loss"": ""3911"", ""sum_of_loss_lb"": ""3322""}"
pp_guided_tl:traffic,PP-guided (traffic-last),random-32-32-20,random-32-32-20-random-2,150,0,30.0,solved,0.051195,0.012,4325,51,3850,3322,51,1.301927,0,,/home/carsten/Projects/MAPF/MAPF Evaluator/results/pptl-random32-20/runs/pp_guided_tl_traffic/random-32-32-20/random-32-32-20-random-2_a150_s0_r0,,,"{""agents"": ""150"", ""comp_time"": ""12"", ""first_ms"": ""12.2"", ""makespan"": ""51"", ""makespan_lb"": ""51"", ""map_file"": ""random-32-32-20.map"", ""pp_demote_rounds"": ""0"", ""pp_failed"": ""0"", ""pp_order"": ""traffic-last"", ""pp_plan_ms"": ""7.6"", ""pp_plan_soc"": ""4325"", ""pp_tl"": ""0"", ""pp_used"": ""1"", ""seed"": ""0"", ""soc"": ""4325"", ""soc_lb"": ""3322"", ""solved"": ""1"", ""solver"": ""planner"", ""sum_of_loss"": ""3911"", ""sum_of_loss_lb"": ""3322""}"
pp_guided_tl:traffic,PP-guided (traffic-last),random-32-32-20,random-32-32-20-random-2,150,2,30.0,solved,0.049589,0.012,4325,51,3850,3322,51,1.301927,0,,/home/carsten/Projects/MAPF/MAPF Evaluator/results/pptl-random32-20/runs/pp_guided_tl_traffic/random-32-32-20/random-32-32-20-random-2_a150_s2_r0,,,"{""agents"": ""150"", ""comp_time"": ""12"", ""first_ms"": ""12.1"", ""makespan"": ""51"", ""makespan_lb"": ""51"", ""map_file"": ""random-32-32-20.map"", ""pp_demote_rounds"": ""0"", ""pp_failed"": ""0"", ""pp_order"": ""traffic-last"", ""pp_plan_ms"": ""7.7"", ""pp_plan_soc"": ""4325"", ""pp_tl"": ""0"", ""pp_used"": ""1"", ""seed"": ""2"", ""soc"": ""4325"", ""soc_lb"": ""3322"", ""solved"": ""1"", ""solver"": ""planner"", ""sum_of_loss"": ""3911"", ""sum_of_loss_lb"": ""3322""}"
pp_guided_tl:traffic_tl,PP-guided (traffic-last) + traffic load in SIPP,random-32-32-20,random-32-32-20-random-2,150,1,30.0,solved,0.051886,0.016,4234,51,3885,3322,51,1.274533,0,,/home/carsten/Projects/MAPF/MAPF Evaluator/results/pptl-random32-20/runs/pp_guided_tl_traffic_tl/random-32-32-20/random-32-32-20-random-2_a150_s1_r0,,,"{""agents"": ""150"", ""comp_time"": ""16"", ""first_ms"": ""16.5"", ""makespan"": ""51"", ""makespan_lb"": ""51"", ""map_file"": ""random-32-32-20.map"", ""pp_demote_rounds"": ""0"", ""pp_failed"": ""0"", ""pp_order"": ""traffic-last"", ""pp_plan_ms"": ""10.4"", ""pp_plan_soc"": ""4234"", ""pp_tl"": ""1"", ""pp_used"": ""1"", ""seed"": ""1"", ""soc"": ""4234"", ""soc_lb"": ""3322"", ""solved"": ""1"", ""solver"": ""planner"", ""sum_of_loss"": ""3934"", ""sum_of_loss_lb"": ""3322""}"
pp_guided_tl:traffic_tl,PP-guided (traffic-last) + traffic load in SIPP,random-32-32-20,random-32-32-20-random-2,150,2,30.0,solved,0.032812,0.016,4234,51,3885,3322,51,1.274533,0,,/home/carsten/Projects/MAPF/MAPF Evaluator/results/pptl-random32-20/runs/pp_guided_tl_traffic_tl/random-32-32-20/random-32-32-20-random-2_a150_s2_r0,,,"{""agents"": ""150"", ""comp_time"": ""16"", ""first_ms"": ""15.5"", ""makespan"": ""51"", ""makespan_lb"": ""51"", ""map_file"": ""random-32-32-20.map"", ""pp_demote_rounds"": ""0"", ""pp_failed"": ""0"", ""pp_order"": ""traffic-last"", ""pp_plan_ms"": ""10.4"", ""pp_plan_soc"": ""4234"", ""pp_tl"": ""1"", ""pp_used"": ""1"", ""seed"": ""2"", ""soc"": ""4234"", ""soc_lb"": ""3322"", ""solved"": ""1"", ""solver"": ""planner"", ""sum_of_loss"": ""3934"", ""sum_of_loss_lb"": ""3322""}"
pp_guided_tl:traffic_tl,PP-guided (traffic-last) + traffic load in SIPP,random-32-32-20,random-32-32-20-random-2,150,0,30.0,solved,0.065295,0.016,4234,51,3885,3322,51,1.274533,0,,/home/carsten/Projects/MAPF/MAPF Evaluator/results/pptl-random32-20/runs/pp_guided_tl_traffic_tl/random-32-32-20/random-32-32-20-random-2_a150_s0_r0,,,"{""agents"": ""150"", ""comp_time"": ""16"", ""first_ms"": ""16.5"", ""makespan"": ""51"", ""makespan_lb"": ""51"", ""map_file"": ""random-32-32-20.map"", ""pp_demote_rounds"": ""0"", ""pp_failed"": ""0"", ""pp_order"": ""traffic-last"", ""pp_plan_ms"": ""10.4"", ""pp_plan_soc"": ""4234"", ""pp_tl"": ""1"", ""pp_used"": ""1"", ""seed"": ""0"", ""soc"": ""4234"", ""soc_lb"": ""3322"", ""solved"": ""1"", ""solver"": ""planner"", ""sum_of_loss"": ""3934"", ""sum_of_loss_lb"": ""3322""}"
pp_guided_tl:shortest,PP-guided (shortest first),random-32-32-20,random-32-32-20-random-2,200,0,30.0,solved,0.124956,0.059,5898,79,5792,4466,51,1.320645,0,,/home/carsten/Projects/MAPF/MAPF Evaluator/results/pptl-random32-20/runs/pp_guided_tl_shortest/random-32-32-20/random-32-32-20-random-2_a200_s0_r0,,,"{""agents"": ""200"", ""comp_time"": ""59"", ""first_ms"": ""59.3"", ""makespan"": ""79"", ""makespan_lb"": ""51"", ""map_file"": ""random-32-32-20.map"", ""pp_demote_rounds"": ""3"", ""pp_failed"": ""0"", ""pp_order"": ""shortest"", ""pp_plan_ms"": ""52.7"", ""pp_plan_soc"": ""5898"", ""pp_tl"": ""0"", ""pp_used"": ""1"", ""seed"": ""0"", ""soc"": ""5898"", ""soc_lb"": ""4466"", ""solved"": ""1"", ""solver"": ""planner"", ""sum_of_loss"": ""5809"", ""sum_of_loss_lb"": ""4466""}"
pp_guided_tl:shortest_tl,PP-guided (shortest first) + traffic load in SIPP,random-32-32-20,random-32-32-20-random-2,200,0,30.0,solved,0.079733,0.048,5771,76,5714,4466,51,1.292208,0,,/home/carsten/Projects/MAPF/MAPF Evaluator/results/pptl-random32-20/runs/pp_guided_tl_shortest_tl/random-32-32-20/random-32-32-20-random-2_a200_s0_r0,,,"{""agents"": ""200"", ""comp_time"": ""48"", ""first_ms"": ""48.1"", ""makespan"": ""76"", ""makespan_lb"": ""51"", ""map_file"": ""random-32-32-20.map"", ""pp_demote_rounds"": ""2"", ""pp_failed"": ""0"", ""pp_order"": ""shortest"", ""pp_plan_ms"": ""40.7"", ""pp_plan_soc"": ""5771"", ""pp_tl"": ""1"", ""pp_used"": ""1"", ""seed"": ""0"", ""soc"": ""5771"", ""soc_lb"": ""4466"", ""solved"": ""1"", ""solver"": ""planner"", ""sum_of_loss"": ""5721"", ""sum_of_loss_lb"": ""4466""}"
pp_guided_tl:shortest,PP-guided (shortest first),random-32-32-20,random-32-32-20-random-2,200,1,30.0,solved,0.122974,0.06,5898,79,5792,4466,51,1.320645,0,,/home/carsten/Projects/MAPF/MAPF Evaluator/results/pptl-random32-20/runs/pp_guided_tl_shortest/random-32-32-20/random-32-32-20-random-2_a200_s1_r0,,,"{""agents"": ""200"", ""comp_time"": ""60"", ""first_ms"": ""60.0"", ""makespan"": ""79"", ""makespan_lb"": ""51"", ""map_file"": ""random-32-32-20.map"", ""pp_demote_rounds"": ""3"", ""pp_failed"": ""0"", ""pp_order"": ""shortest"", ""pp_plan_ms"": ""53.6"", ""pp_plan_soc"": ""5898"", ""pp_tl"": ""0"", ""pp_used"": ""1"", ""seed"": ""1"", ""soc"": ""5898"", ""soc_lb"": ""4466"", ""solved"": ""1"", ""solver"": ""planner"", ""sum_of_loss"": ""5809"", ""sum_of_loss_lb"": ""4466""}"
pp_guided_tl:shortest,PP-guided (shortest first),random-32-32-20,random-32-32-20-random-2,200,2,30.0,solved,0.095891,0.061,5898,79,5792,4466,51,1.320645,0,,/home/carsten/Projects/MAPF/MAPF Evaluator/results/pptl-random32-20/runs/pp_guided_tl_shortest/random-32-32-20/random-32-32-20-random-2_a200_s2_r0,,,"{""agents"": ""200"", ""comp_time"": ""61"", ""first_ms"": ""61.4"", ""makespan"": ""79"", ""makespan_lb"": ""51"", ""map_file"": ""random-32-32-20.map"", ""pp_demote_rounds"": ""3"", ""pp_failed"": ""0"", ""pp_order"": ""shortest"", ""pp_plan_ms"": ""53.8"", ""pp_plan_soc"": ""5898"", ""pp_tl"": ""0"", ""pp_used"": ""1"", ""seed"": ""2"", ""soc"": ""5898"", ""soc_lb"": ""4466"", ""solved"": ""1"", ""solver"": ""planner"", ""sum_of_loss"": ""5809"", ""sum_of_loss_lb"": ""4466""}"
pp_guided_tl:shortest_tl,PP-guided (shortest first) + traffic load in SIPP,random-32-32-20,random-32-32-20-random-2,200,1,30.0,solved,0.145664,0.048,5771,76,5714,4466,51,1.292208,0,,/home/carsten/Projects/MAPF/MAPF Evaluator/results/pptl-random32-20/runs/pp_guided_tl_shortest_tl/random-32-32-20/random-32-32-20-random-2_a200_s1_r0,,,"{""agents"": ""200"", ""comp_time"": ""48"", ""first_ms"": ""48.0"", ""makespan"": ""76"", ""makespan_lb"": ""51"", ""map_file"": ""random-32-32-20.map"", ""pp_demote_rounds"": ""2"", ""pp_failed"": ""0"", ""pp_order"": ""shortest"", ""pp_plan_ms"": ""40.3"", ""pp_plan_soc"": ""5771"", ""pp_tl"": ""1"", ""pp_used"": ""1"", ""seed"": ""1"", ""soc"": ""5771"", ""soc_lb"": ""4466"", ""solved"": ""1"", ""solver"": ""planner"", ""sum_of_loss"": ""5721"", ""sum_of_loss_lb"": ""4466""}"
pp_guided_tl:traffic,PP-guided (traffic-last),random-32-32-20,random-32-32-20-random-2,200,0,30.0,solved,0.083482,0.047,6151,51,5579,4466,51,1.377295,0,,/home/carsten/Projects/MAPF/MAPF Evaluator/results/pptl-random32-20/runs/pp_guided_tl_traffic/random-32-32-20/random-32-32-20-random-2_a200_s0_r0,,,"{""agents"": ""200"", ""comp_time"": ""47"", ""first_ms"": ""46.5"", ""makespan"": ""51"", ""makespan_lb"": ""51"", ""map_file"": ""random-32-32-20.map"", ""pp_demote_rounds"": ""2"", ""pp_failed"": ""0"", ""pp_order"": ""traffic-last"", ""pp_plan_ms"": ""40.5"", ""pp_plan_soc"": ""6151"", ""pp_tl"": ""0"", ""pp_used"": ""1"", ""seed"": ""0"", ""soc"": ""6151"", ""soc_lb"": ""4466"", ""solved"": ""1"", ""solver"": ""planner"", ""sum_of_loss"": ""5681"", ""sum_of_loss_lb"": ""4466""}"
pp_guided_tl:shortest_tl,PP-guided (shortest first) + traffic load in SIPP,random-32-32-20,random-32-32-20-random-2,200,2,30.0,solved,0.09224,0.048,5771,76,5714,4466,51,1.292208,0,,/home/carsten/Projects/MAPF/MAPF Evaluator/results/pptl-random32-20/runs/pp_guided_tl_shortest_tl/random-32-32-20/random-32-32-20-random-2_a200_s2_r0,,,"{""agents"": ""200"", ""comp_time"": ""48"", ""first_ms"": ""48.8"", ""makespan"": ""76"", ""makespan_lb"": ""51"", ""map_file"": ""random-32-32-20.map"", ""pp_demote_rounds"": ""2"", ""pp_failed"": ""0"", ""pp_order"": ""shortest"", ""pp_plan_ms"": ""41.4"", ""pp_plan_soc"": ""5771"", ""pp_tl"": ""1"", ""pp_used"": ""1"", ""seed"": ""2"", ""soc"": ""5771"", ""soc_lb"": ""4466"", ""solved"": ""1"", ""solver"": ""planner"", ""sum_of_loss"": ""5721"", ""sum_of_loss_lb"": ""4466""}"
pp_guided_tl:traffic,PP-guided (traffic-last),random-32-32-20,random-32-32-20-random-2,200,1,30.0,solved,0.092818,0.048,6151,51,5579,4466,51,1.377295,0,,/home/carsten/Projects/MAPF/MAPF Evaluator/results/pptl-random32-20/runs/pp_guided_tl_traffic/random-32-32-20/random-32-32-20-random-2_a200_s1_r0,,,"{""agents"": ""200"", ""comp_time"": ""48"", ""first_ms"": ""47.8"", ""makespan"": ""51"", ""makespan_lb"": ""51"", ""map_file"": ""random-32-32-20.map"", ""pp_demote_rounds"": ""2"", ""pp_failed"": ""0"", ""pp_order"": ""traffic-last"", ""pp_plan_ms"": ""41.0"", ""pp_plan_soc"": ""6151"", ""pp_tl"": ""0"", ""pp_used"": ""1"", ""seed"": ""1"", ""soc"": ""6151"", ""soc_lb"": ""4466"", ""solved"": ""1"", ""solver"": ""planner"", ""sum_of_loss"": ""5681"", ""sum_of_loss_lb"": ""4466""}"
pp_guided_tl:traffic,PP-guided (traffic-last),random-32-32-20,random-32-32-20-random-2,200,2,30.0,solved,0.100088,0.046,6151,51,5579,4466,51,1.377295,0,,/home/carsten/Projects/MAPF/MAPF Evaluator/results/pptl-random32-20/runs/pp_guided_tl_traffic/random-32-32-20/random-32-32-20-random-2_a200_s2_r0,,,"{""agents"": ""200"", ""comp_time"": ""46"", ""first_ms"": ""46.0"", ""makespan"": ""51"", ""makespan_lb"": ""51"", ""map_file"": ""random-32-32-20.map"", ""pp_demote_rounds"": ""2"", ""pp_failed"": ""0"", ""pp_order"": ""traffic-last"", ""pp_plan_ms"": ""40.1"", ""pp_plan_soc"": ""6151"", ""pp_tl"": ""0"", ""pp_used"": ""1"", ""seed"": ""2"", ""soc"": ""6151"", ""soc_lb"": ""4466"", ""solved"": ""1"", ""solver"": ""planner"", ""sum_of_loss"": ""5681"", ""sum_of_loss_lb"": ""4466""}"
pp_guided_tl:shortest,PP-guided (shortest first),random-32-32-20,random-32-32-20-random-3,50,0,30.0,solved,0.014428,0.003,1032,43,1032,1007,42,1.024826,0,,/home/carsten/Projects/MAPF/MAPF Evaluator/results/pptl-random32-20/runs/pp_guided_tl_shortest/random-32-32-20/random-32-32-20-random-3_a50_s0_r0,,,"{""agents"": ""50"", ""comp_time"": ""3"", ""first_ms"": ""2.4"", ""makespan"": ""43"", ""makespan_lb"": ""42"", ""map_file"": ""random-32-32-20.map"", ""pp_demote_rounds"": ""0"", ""pp_failed"": ""0"", ""pp_order"": ""shortest"", ""pp_plan_ms"": ""1.0"", ""pp_plan_soc"": ""1032"", ""pp_tl"": ""0"", ""pp_used"": ""1"", ""seed"": ""0"", ""soc"": ""1032"", ""soc_lb"": ""1007"", ""solved"": ""1"", ""solver"": ""planner"", ""sum_of_loss"": ""1032"", ""sum_of_loss_lb"": ""1007""}"
pp_guided_tl:shortest,PP-guided (shortest first),random-32-32-20,random-32-32-20-random-3,50,1,30.0,solved,0.007315,0.002,1032,43,1032,1007,42,1.024826,0,,/home/carsten/Projects/MAPF/MAPF Evaluator/results/pptl-random32-20/runs/pp_guided_tl_shortest/random-32-32-20/random-32-32-20-random-3_a50_s1_r0,,,"{""agents"": ""50"", ""comp_time"": ""2"", ""first_ms"": ""2.1"", ""makespan"": ""43"", ""makespan_lb"": ""42"", ""map_file"": ""random-32-32-20.map"", ""pp_demote_rounds"": ""0"", ""pp_failed"": ""0"", ""pp_order"": ""shortest"", ""pp_plan_ms"": ""0.9"", ""pp_plan_soc"": ""1032"", ""pp_tl"": ""0"", ""pp_used"": ""1"", ""seed"": ""1"", ""soc"": ""1032"", ""soc_lb"": ""1007"", ""solved"": ""1"", ""solver"": ""planner"", ""sum_of_loss"": ""1032"", ""sum_of_loss_lb"": ""1007""}"
pp_guided_tl:traffic_tl,PP-guided (traffic-last) + traffic load in SIPP,random-32-32-20,random-32-32-20-random-2,200,2,30.0,solved,0.054754,0.038,6052,52,5532,4466,51,1.355128,0,,/home/carsten/Projects/MAPF/MAPF Evaluator/results/pptl-random32-20/runs/pp_guided_tl_traffic_tl/random-32-32-20/random-32-32-20-random-2_a200_s2_r0,,,"{""agents"": ""200"", ""comp_time"": ""38"", ""first_ms"": ""37.8"", ""makespan"": ""52"", ""makespan_lb"": ""51"", ""map_file"": ""random-32-32-20.map"", ""pp_demote_rounds"": ""1"", ""pp_failed"": ""0"", ""pp_order"": ""traffic-last"", ""pp_plan_ms"": ""30.1"", ""pp_plan_soc"": ""6052"", ""pp_tl"": ""1"", ""pp_used"": ""1"", ""seed"": ""2"", ""soc"": ""6052"", ""soc_lb"": ""4466"", ""solved"": ""1"", ""solver"": ""planner"", ""sum_of_loss"": ""5602"", ""sum_of_loss_lb"": ""4466""}"
pp_guided_tl:traffic_tl,PP-guided (traffic-last) + traffic load in SIPP,random-32-32-20,random-32-32-20-random-2,200,0,30.0,solved,0.061907,0.037,6052,52,5532,4466,51,1.355128,0,,/home/carsten/Projects/MAPF/MAPF Evaluator/results/pptl-random32-20/runs/pp_guided_tl_traffic_tl/random-32-32-20/random-32-32-20-random-2_a200_s0_r0,,,"{""agents"": ""200"", ""comp_time"": ""37"", ""first_ms"": ""37.3"", ""makespan"": ""52"", ""makespan_lb"": ""51"", ""map_file"": ""random-32-32-20.map"", ""pp_demote_rounds"": ""1"", ""pp_failed"": ""0"", ""pp_order"": ""traffic-last"", ""pp_plan_ms"": ""30.1"", ""pp_plan_soc"": ""6052"", ""pp_tl"": ""1"", ""pp_used"": ""1"", ""seed"": ""0"", ""soc"": ""6052"", ""soc_lb"": ""4466"", ""solved"": ""1"", ""solver"": ""planner"", ""sum_of_loss"": ""5602"", ""sum_of_loss_lb"": ""4466""}"
pp_guided_tl:shortest,PP-guided (shortest first),random-32-32-20,random-32-32-20-random-3,50,2,30.0,solved,0.021291,0.002,1032,43,1032,1007,42,1.024826,0,,/home/carsten/Projects/MAPF/MAPF Evaluator/results/pptl-random32-20/runs/pp_guided_tl_shortest/random-32-32-20/random-32-32-20-random-3_a50_s2_r0,,,"{""agents"": ""50"", ""comp_time"": ""2"", ""first_ms"": ""2.1"", ""makespan"": ""43"", ""makespan_lb"": ""42"", ""map_file"": ""random-32-32-20.map"", ""pp_demote_rounds"": ""0"", ""pp_failed"": ""0"", ""pp_order"": ""shortest"", ""pp_plan_ms"": ""0.9"", ""pp_plan_soc"": ""1032"", ""pp_tl"": ""0"", ""pp_used"": ""1"", ""seed"": ""2"", ""soc"": ""1032"", ""soc_lb"": ""1007"", ""solved"": ""1"", ""solver"": ""planner"", ""sum_of_loss"": ""1032"", ""sum_of_loss_lb"": ""1007""}"
pp_guided_tl:traffic_tl,PP-guided (traffic-last) + traffic load in SIPP,random-32-32-20,random-32-32-20-random-2,200,1,30.0,solved,0.076103,0.038,6052,52,5532,4466,51,1.355128,0,,/home/carsten/Projects/MAPF/MAPF Evaluator/results/pptl-random32-20/runs/pp_guided_tl_traffic_tl/random-32-32-20/random-32-32-20-random-2_a200_s1_r0,,,"{""agents"": ""200"", ""comp_time"": ""38"", ""first_ms"": ""37.8"", ""makespan"": ""52"", ""makespan_lb"": ""51"", ""map_file"": ""random-32-32-20.map"", ""pp_demote_rounds"": ""1"", ""pp_failed"": ""0"", ""pp_order"": ""traffic-last"", ""pp_plan_ms"": ""30.2"", ""pp_plan_soc"": ""6052"", ""pp_tl"": ""1"", ""pp_used"": ""1"", ""seed"": ""1"", ""soc"": ""6052"", ""soc_lb"": ""4466"", ""solved"": ""1"", ""solver"": ""planner"", ""sum_of_loss"": ""5602"", ""sum_of_loss_lb"": ""4466""}"
pp_guided_tl:shortest_tl,PP-guided (shortest first) + traffic load in SIPP,random-32-32-20,random-32-32-20-random-3,50,0,30.0,solved,0.042531,0.003,1026,43,1026,1007,42,1.018868,0,,/home/carsten/Projects/MAPF/MAPF Evaluator/results/pptl-random32-20/runs/pp_guided_tl_shortest_tl/random-32-32-20/random-32-32-20-random-3_a50_s0_r0,,,"{""agents"": ""50"", ""comp_time"": ""3"", ""first_ms"": ""3.2"", ""makespan"": ""43"", ""makespan_lb"": ""42"", ""map_file"": ""random-32-32-20.map"", ""pp_demote_rounds"": ""0"", ""pp_failed"": ""0"", ""pp_order"": ""shortest"", ""pp_plan_ms"": ""1.4"", ""pp_plan_soc"": ""1026"", ""pp_tl"": ""1"", ""pp_used"": ""1"", ""seed"": ""0"", ""soc"": ""1026"", ""soc_lb"": ""1007"", ""solved"": ""1"", ""solver"": ""planner"", ""sum_of_loss"": ""1026"", ""sum_of_loss_lb"": ""1007""}"
pp_guided_tl:shortest_tl,PP-guided (shortest first) + traffic load in SIPP,random-32-32-20,random-32-32-20-random-3,50,1,30.0,solved,0.048771,0.003,1026,43,1026,1007,42,1.018868,0,,/home/carsten/Projects/MAPF/MAPF Evaluator/results/pptl-random32-20/runs/pp_guided_tl_shortest_tl/random-32-32-20/random-32-32-20-random-3_a50_s1_r0,,,"{""agents"": ""50"", ""comp_time"": ""3"", ""first_ms"": ""3.2"", ""makespan"": ""43"", ""makespan_lb"": ""42"", ""map_file"": ""random-32-32-20.map"", ""pp_demote_rounds"": ""0"", ""pp_failed"": ""0"", ""pp_order"": ""shortest"", ""pp_plan_ms"": ""1.4"", ""pp_plan_soc"": ""1026"", ""pp_tl"": ""1"", ""pp_used"": ""1"", ""seed"": ""1"", ""soc"": ""1026"", ""soc_lb"": ""1007"", ""solved"": ""1"", ""solver"": ""planner"", ""sum_of_loss"": ""1026"", ""sum_of_loss_lb"": ""1007""}"
pp_guided_tl:traffic,PP-guided (traffic-last),random-32-32-20,random-32-32-20-random-3,50,0,30.0,solved,0.02551,0.002,1110,42,1049,1007,42,1.102284,0,,/home/carsten/Projects/MAPF/MAPF Evaluator/results/pptl-random32-20/runs/pp_guided_tl_traffic/random-32-32-20/random-32-32-20-random-3_a50_s0_r0,,,"{""agents"": ""50"", ""comp_time"": ""2"", ""first_ms"": ""2.1"", ""makespan"": ""42"", ""makespan_lb"": ""42"", ""map_file"": ""random-32-32-20.map"", ""pp_demote_rounds"": ""0"", ""pp_failed"": ""0"", ""pp_order"": ""traffic-last"", ""pp_plan_ms"": ""1.1"", ""pp_plan_soc"": ""1110"", ""pp_tl"": ""0"", ""pp_used"": ""1"", ""seed"": ""0"", ""soc"": ""1110"", ""soc_lb"": ""1007"", ""solved"": ""1"", ""solver"": ""planner"", ""sum_of_loss"": ""1059"", ""sum_of_loss_lb"": ""1007""}"
pp_guided_tl:shortest_tl,PP-guided (shortest first) + traffic load in SIPP,random-32-32-20,random-32-32-20-random-3,50,2,30.0,solved,0.028122,0.003,1026,43,1026,1007,42,1.018868,0,,/home/carsten/Projects/MAPF/MAPF Evaluator/results/pptl-random32-20/runs/pp_guided_tl_shortest_tl/random-32-32-20/random-32-32-20-random-3_a50_s2_r0,,,"{""agents"": ""50"", ""comp_time"": ""3"", ""first_ms"": ""3.2"", ""makespan"": ""43"", ""makespan_lb"": ""42"", ""map_file"": ""random-32-32-20.map"", ""pp_demote_rounds"": ""0"", ""pp_failed"": ""0"", ""pp_order"": ""shortest"", ""pp_plan_ms"": ""1.4"", ""pp_plan_soc"": ""1026"", ""pp_tl"": ""1"", ""pp_used"": ""1"", ""seed"": ""2"", ""soc"": ""1026"", ""soc_lb"": ""1007"", ""solved"": ""1"", ""solver"": ""planner"", ""sum_of_loss"": ""1026"", ""sum_of_loss_lb"": ""1007""}"
pp_guided_tl:traffic,PP-guided (traffic-last),random-32-32-20,random-32-32-20-random-3,50,1,30.0,solved,0.027948,0.002,1110,42,1049,1007,42,1.102284,0,,/home/carsten/Projects/MAPF/MAPF Evaluator/results/pptl-random32-20/runs/pp_guided_tl_traffic/random-32-32-20/random-32-32-20-random-3_a50_s1_r0,,,"{""agents"": ""50"", ""comp_time"": ""2"", ""first_ms"": ""2.1"", ""makespan"": ""42"", ""makespan_lb"": ""42"", ""map_file"": ""random-32-32-20.map"", ""pp_demote_rounds"": ""0"", ""pp_failed"": ""0"", ""pp_order"": ""traffic-last"", ""pp_plan_ms"": ""1.1"", ""pp_plan_soc"": ""1110"", ""pp_tl"": ""0"", ""pp_used"": ""1"", ""seed"": ""1"", ""soc"": ""1110"", ""soc_lb"": ""1007"", ""solved"": ""1"", ""solver"": ""planner"", ""sum_of_loss"": ""1059"", ""sum_of_loss_lb"": ""1007""}"
pp_guided_tl:traffic,PP-guided (traffic-last),random-32-32-20,random-32-32-20-random-3,50,2,30.0,solved,0.022102,0.002,1110,42,1049,1007,42,1.102284,0,,/home/carsten/Projects/MAPF/MAPF Evaluator/results/pptl-random32-20/runs/pp_guided_tl_traffic/random-32-32-20/random-32-32-20-random-3_a50_s2_r0,,,"{""agents"": ""50"", ""comp_time"": ""2"", ""first_ms"": ""2.1"", ""makespan"": ""42"", ""makespan_lb"": ""42"", ""map_file"": ""random-32-32-20.map"", ""pp_demote_rounds"": ""0"", ""pp_failed"": ""0"", ""pp_order"": ""traffic-last"", ""pp_plan_ms"": ""1.1"", ""pp_plan_soc"": ""1110"", ""pp_tl"": ""0"", ""pp_used"": ""1"", ""seed"": ""2"", ""soc"": ""1110"", ""soc_lb"": ""1007"", ""solved"": ""1"", ""solver"": ""planner"", ""sum_of_loss"": ""1059"", ""sum_of_loss_lb"": ""1007""}"
pp_guided_tl:traffic_tl,PP-guided (traffic-last) + traffic load in SIPP,random-32-32-20,random-32-32-20-random-3,50,0,30.0,solved,0.022034,0.003,1099,42,1068,1007,42,1.09136,0,,/home/carsten/Projects/MAPF/MAPF Evaluator/results/pptl-random32-20/runs/pp_guided_tl_traffic_tl/random-32-32-20/random-32-32-20-random-3_a50_s0_r0,,,"{""agents"": ""50"", ""comp_time"": ""3"", ""first_ms"": ""3.1"", ""makespan"": ""42"", ""makespan_lb"": ""42"", ""map_file"": ""random-32-32-20.map"", ""pp_demote_rounds"": ""0"", ""pp_failed"": ""0"", ""pp_order"": ""traffic-last"", ""pp_plan_ms"": ""1.7"", ""pp_plan_soc"": ""1099"", ""pp_tl"": ""1"", ""pp_used"": ""1"", ""seed"": ""0"", ""soc"": ""1099"", ""soc_lb"": ""1007"", ""solved"": ""1"", ""solver"": ""planner"", ""sum_of_loss"": ""1074"", ""sum_of_loss_lb"": ""1007""}"
pp_guided_tl:traffic_tl,PP-guided (traffic-last) + traffic load in SIPP,random-32-32-20,random-32-32-20-random-3,50,1,30.0,solved,0.029394,0.003,1099,42,1068,1007,42,1.09136,0,,/home/carsten/Projects/MAPF/MAPF Evaluator/results/pptl-random32-20/runs/pp_guided_tl_traffic_tl/random-32-32-20/random-32-32-20-random-3_a50_s1_r0,,,"{""agents"": ""50"", ""comp_time"": ""3"", ""first_ms"": ""3.1"", ""makespan"": ""42"", ""makespan_lb"": ""42"", ""map_file"": ""random-32-32-20.map"", ""pp_demote_rounds"": ""0"", ""pp_failed"": ""0"", ""pp_order"": ""traffic-last"", ""pp_plan_ms"": ""1.7"", ""pp_plan_soc"": ""1099"", ""pp_tl"": ""1"", ""pp_used"": ""1"", ""seed"": ""1"", ""soc"": ""1099"", ""soc_lb"": ""1007"", ""solved"": ""1"", ""solver"": ""planner"", ""sum_of_loss"": ""1074"", ""sum_of_loss_lb"": ""1007""}"
pp_guided_tl:traffic_tl,PP-guided (traffic-last) + traffic load in SIPP,random-32-32-20,random-32-32-20-random-3,50,2,30.0,solved,0.062676,0.003,1099,42,1068,1007,42,1.09136,0,,/home/carsten/Projects/MAPF/MAPF Evaluator/results/pptl-random32-20/runs/pp_guided_tl_traffic_tl/random-32-32-20/random-32-32-20-random-3_a50_s2_r0,,,"{""agents"": ""50"", ""comp_time"": ""3"", ""first_ms"": ""3.1"", ""makespan"": ""42"", ""makespan_lb"": ""42"", ""map_file"": ""random-32-32-20.map"", ""pp_demote_rounds"": ""0"", ""pp_failed"": ""0"", ""pp_order"": ""traffic-last"", ""pp_plan_ms"": ""1.7"", ""pp_plan_soc"": ""1099"", ""pp_tl"": ""1"", ""pp_used"": ""1"", ""seed"": ""2"", ""soc"": ""1099"", ""soc_lb"": ""1007"", ""solved"": ""1"", ""solver"": ""planner"", ""sum_of_loss"": ""1074"", ""sum_of_loss_lb"": ""1007""}"
pp_guided_tl:shortest,PP-guided (shortest first),random-32-32-20,random-32-32-20-random-3,100,1,30.0,solved,0.057448,0.009,2283,59,2283,2083,42,1.096015,0,,/home/carsten/Projects/MAPF/MAPF Evaluator/results/pptl-random32-20/runs/pp_guided_tl_shortest/random-32-32-20/random-32-32-20-random-3_a100_s1_r0,,,"{""agents"": ""100"", ""comp_time"": ""9"", ""first_ms"": ""9.3"", ""makespan"": ""59"", ""makespan_lb"": ""42"", ""map_file"": ""random-32-32-20.map"", ""pp_demote_rounds"": ""1"", ""pp_failed"": ""0"", ""pp_order"": ""shortest"", ""pp_plan_ms"": ""6.8"", ""pp_plan_soc"": ""2283"", ""pp_tl"": ""0"", ""pp_used"": ""1"", ""seed"": ""1"", ""soc"": ""2283"", ""soc_lb"": ""2083"", ""solved"": ""1"", ""solver"": ""planner"", ""sum_of_loss"": ""2283"", ""sum_of_loss_lb"": ""2083""}"
pp_guided_tl:shortest,PP-guided (shortest first),random-32-32-20,random-32-32-20-random-3,100,0,30.0,solved,0.087833,0.01,2283,59,2283,2083,42,1.096015,0,,/home/carsten/Projects/MAPF/MAPF Evaluator/results/pptl-random32-20/runs/pp_guided_tl_shortest/random-32-32-20/random-32-32-20-random-3_a100_s0_r0,,,"{""agents"": ""100"", ""comp_time"": ""10"", ""first_ms"": ""9.5"", ""makespan"": ""59"", ""makespan_lb"": ""42"", ""map_file"": ""random-32-32-20.map"", ""pp_demote_rounds"": ""1"", ""pp_failed"": ""0"", ""pp_order"": ""shortest"", ""pp_plan_ms"": ""6.7"", ""pp_plan_soc"": ""2283"", ""pp_tl"": ""0"", ""pp_used"": ""1"", ""seed"": ""0"", ""soc"": ""2283"", ""soc_lb"": ""2083"", ""solved"": ""1"", ""solver"": ""planner"", ""sum_of_loss"": ""2283"", ""sum_of_loss_lb"": ""2083""}"
pp_guided_tl:shortest_tl,PP-guided (shortest first) + traffic load in SIPP,random-32-32-20,random-32-32-20-random-3,100,0,30.0,solved,0.042216,0.011,2245,60,2245,2083,42,1.077772,0,,/home/carsten/Projects/MAPF/MAPF Evaluator/results/pptl-random32-20/runs/pp_guided_tl_shortest_tl/random-32-32-20/random-32-32-20-random-3_a100_s0_r0,,,"{""agents"": ""100"", ""comp_time"": ""11"", ""first_ms"": ""11.2"", ""makespan"": ""60"", ""makespan_lb"": ""42"", ""map_file"": ""random-32-32-20.map"", ""pp_demote_rounds"": ""1"", ""pp_failed"": ""0"", ""pp_order"": ""shortest"", ""pp_plan_ms"": ""8.2"", ""pp_plan_soc"": ""2245"", ""pp_tl"": ""1"", ""pp_used"": ""1"", ""seed"": ""0"", ""soc"": ""2245"", ""soc_lb"": ""2083"", ""solved"": ""1"", ""solver"": ""planner"", ""sum_of_loss"": ""2245"", ""sum_of_loss_lb"": ""2083""}"
pp_guided_tl:shortest,PP-guided (shortest first),random-32-32-20,random-32-32-20-random-3,100,2,30.0,solved,0.034366,0.009,2283,59,2283,2083,42,1.096015,0,,/home/carsten/Projects/MAPF/MAPF Evaluator/results/pptl-random32-20/runs/pp_guided_tl_shortest/random-32-32-20/random-32-32-20-random-3_a100_s2_r0,,,"{""agents"": ""100"", ""comp_time"": ""9"", ""first_ms"": ""9.3"", ""makespan"": ""59"", ""makespan_lb"": ""42"", ""map_file"": ""random-32-32-20.map"", ""pp_demote_rounds"": ""1"", ""pp_failed"": ""0"", ""pp_order"": ""shortest"", ""pp_plan_ms"": ""6.7"", ""pp_plan_soc"": ""2283"", ""pp_tl"": ""0"", ""pp_used"": ""1"", ""seed"": ""2"", ""soc"": ""2283"", ""soc_lb"": ""2083"", ""solved"": ""1"", ""solver"": ""planner"", ""sum_of_loss"": ""2283"", ""sum_of_loss_lb"": ""2083""}"
pp_guided_tl:shortest_tl,PP-guided (shortest first) + traffic load in SIPP,random-32-32-20,random-32-32-20-random-3,100,1,30.0,solved,0.072515,0.011,2245,60,2245,2083,42,1.077772,0,,/home/carsten/Projects/MAPF/MAPF Evaluator/results/pptl-random32-20/runs/pp_guided_tl_shortest_tl/random-32-32-20/random-32-32-20-random-3_a100_s1_r0,,,"{""agents"": ""100"", ""comp_time"": ""11"", ""first_ms"": ""11.2"", ""makespan"": ""60"", ""makespan_lb"": ""42"", ""map_file"": ""random-32-32-20.map"", ""pp_demote_rounds"": ""1"", ""pp_failed"": ""0"", ""pp_order"": ""shortest"", ""pp_plan_ms"": ""8.0"", ""pp_plan_soc"": ""2245"", ""pp_tl"": ""1"", ""pp_used"": ""1"", ""seed"": ""1"", ""soc"": ""2245"", ""soc_lb"": ""2083"", ""solved"": ""1"", ""solver"": ""planner"", ""sum_of_loss"": ""2245"", ""sum_of_loss_lb"": ""2083""}"
pp_guided_tl:traffic,PP-guided (traffic-last),random-32-32-20,random-32-32-20-random-3,100,1,30.0,solved,0.013485,0.006,2505,43,2332,2083,42,1.202592,0,,/home/carsten/Projects/MAPF/MAPF Evaluator/results/pptl-random32-20/runs/pp_guided_tl_traffic/random-32-32-20/random-32-32-20-random-3_a100_s1_r0,,,"{""agents"": ""100"", ""comp_time"": ""6"", ""first_ms"": ""6.0"", ""makespan"": ""43"", ""makespan_lb"": ""42"", ""map_file"": ""random-32-32-20.map"", ""pp_demote_rounds"": ""0"", ""pp_failed"": ""0"", ""pp_order"": ""traffic-last"", ""pp_plan_ms"": ""3.6"", ""pp_plan_soc"": ""2505"", ""pp_tl"": ""0"", ""pp_used"": ""1"", ""seed"": ""1"", ""soc"": ""2505"", ""soc_lb"": ""2083"", ""solved"": ""1"", ""solver"": ""planner"", ""sum_of_loss"": ""2356"", ""sum_of_loss_lb"": ""2083""}"
pp_guided_tl:traffic,PP-guided (traffic-last),random-32-32-20,random-32-32-20-random-3,100,0,30.0,solved,0.034018,0.006,2505,43,2332,2083,42,1.202592,0,,/home/carsten/Projects/MAPF/MAPF Evaluator/results/pptl-random32-20/runs/pp_guided_tl_traffic/random-32-32-20/random-32-32-20-random-3_a100_s0_r0,,,"{""agents"": ""100"", ""comp_time"": ""6"", ""first_ms"": ""5.9"", ""makespan"": ""43"", ""makespan_lb"": ""42"", ""map_file"": ""random-32-32-20.map"", ""pp_demote_rounds"": ""0"", ""pp_failed"": ""0"", ""pp_order"": ""traffic-last"", ""pp_plan_ms"": ""3.5"", ""pp_plan_soc"": ""2505"", ""pp_tl"": ""0"", ""pp_used"": ""1"", ""seed"": ""0"", ""soc"": ""2505"", ""soc_lb"": ""2083"", ""solved"": ""1"", ""solver"": ""planner"", ""sum_of_loss"": ""2356"", ""sum_of_loss_lb"": ""2083""}"
pp_guided_tl:shortest_tl,PP-guided (shortest first) + traffic load in SIPP,random-32-32-20,random-32-32-20-random-3,100,2,30.0,solved,0.067624,0.011,2245,60,2245,2083,42,1.077772,0,,/home/carsten/Projects/MAPF/MAPF Evaluator/results/pptl-random32-20/runs/pp_guided_tl_shortest_tl/random-32-32-20/random-32-32-20-random-3_a100_s2_r0,,,"{""agents"": ""100"", ""comp_time"": ""11"", ""first_ms"": ""11.2"", ""makespan"": ""60"", ""makespan_lb"": ""42"", ""map_file"": ""random-32-32-20.map"", ""pp_demote_rounds"": ""1"", ""pp_failed"": ""0"", ""pp_order"": ""shortest"", ""pp_plan_ms"": ""7.9"", ""pp_plan_soc"": ""2245"", ""pp_tl"": ""1"", ""pp_used"": ""1"", ""seed"": ""2"", ""soc"": ""2245"", ""soc_lb"": ""2083"", ""solved"": ""1"", ""solver"": ""planner"", ""sum_of_loss"": ""2245"", ""sum_of_loss_lb"": ""2083""}"
pp_guided_tl:traffic,PP-guided (traffic-last),random-32-32-20,random-32-32-20-random-3,100,2,30.0,solved,0.074992,0.006,2505,43,2332,2083,42,1.202592,0,,/home/carsten/Projects/MAPF/MAPF Evaluator/results/pptl-random32-20/runs/pp_guided_tl_traffic/random-32-32-20/random-32-32-20-random-3_a100_s2_r0,,,"{""agents"": ""100"", ""comp_time"": ""6"", ""first_ms"": ""6.0"", ""makespan"": ""43"", ""makespan_lb"": ""42"", ""map_file"": ""random-32-32-20.map"", ""pp_demote_rounds"": ""0"", ""pp_failed"": ""0"", ""pp_order"": ""traffic-last"", ""pp_plan_ms"": ""3.6"", ""pp_plan_soc"": ""2505"", ""pp_tl"": ""0"", ""pp_used"": ""1"", ""seed"": ""2"", ""soc"": ""2505"", ""soc_lb"": ""2083"", ""solved"": ""1"", ""solver"": ""planner"", ""sum_of_loss"": ""2356"", ""sum_of_loss_lb"": ""2083""}"
pp_guided_tl:traffic_tl,PP-guided (traffic-last) + traffic load in SIPP,random-32-32-20,random-32-32-20-random-3,100,2,30.0,solved,0.035881,0.008,2471,42,2300,2083,42,1.18627,0,,/home/carsten/Projects/MAPF/MAPF Evaluator/results/pptl-random32-20/runs/pp_guided_tl_traffic_tl/random-32-32-20/random-32-32-20-random-3_a100_s2_r0,,,"{""agents"": ""100"", ""comp_time"": ""8"", ""first_ms"": ""8.1"", ""makespan"": ""42"", ""makespan_lb"": ""42"", ""map_file"": ""random-32-32-20.map"", ""pp_demote_rounds"": ""0"", ""pp_failed"": ""0"", ""pp_order"": ""traffic-last"", ""pp_plan_ms"": ""4.6"", ""pp_plan_soc"": ""2471"", ""pp_tl"": ""1"", ""pp_used"": ""1"", ""seed"": ""2"", ""soc"": ""2471"", ""soc_lb"": ""2083"", ""solved"": ""1"", ""solver"": ""planner"", ""sum_of_loss"": ""2319"", ""sum_of_loss_lb"": ""2083""}"
pp_guided_tl:traffic_tl,PP-guided (traffic-last) + traffic load in SIPP,random-32-32-20,random-32-32-20-random-3,100,1,30.0,solved,0.041019,0.008,2471,42,2300,2083,42,1.18627,0,,/home/carsten/Projects/MAPF/MAPF Evaluator/results/pptl-random32-20/runs/pp_guided_tl_traffic_tl/random-32-32-20/random-32-32-20-random-3_a100_s1_r0,,,"{""agents"": ""100"", ""comp_time"": ""8"", ""first_ms"": ""8.1"", ""makespan"": ""42"", ""makespan_lb"": ""42"", ""map_file"": ""random-32-32-20.map"", ""pp_demote_rounds"": ""0"", ""pp_failed"": ""0"", ""pp_order"": ""traffic-last"", ""pp_plan_ms"": ""4.5"", ""pp_plan_soc"": ""2471"", ""pp_tl"": ""1"", ""pp_used"": ""1"", ""seed"": ""1"", ""soc"": ""2471"", ""soc_lb"": ""2083"", ""solved"": ""1"", ""solver"": ""planner"", ""sum_of_loss"": ""2319"", ""sum_of_loss_lb"": ""2083""}"
pp_guided_tl:traffic_tl,PP-guided (traffic-last) + traffic load in SIPP,random-32-32-20,random-32-32-20-random-3,100,0,30.0,solved,0.057781,0.008,2471,42,2300,2083,42,1.18627,0,,/home/carsten/Projects/MAPF/MAPF Evaluator/results/pptl-random32-20/runs/pp_guided_tl_traffic_tl/random-32-32-20/random-32-32-20-random-3_a100_s0_r0,,,"{""agents"": ""100"", ""comp_time"": ""8"", ""first_ms"": ""8.0"", ""makespan"": ""42"", ""makespan_lb"": ""42"", ""map_file"": ""random-32-32-20.map"", ""pp_demote_rounds"": ""0"", ""pp_failed"": ""0"", ""pp_order"": ""traffic-last"", ""pp_plan_ms"": ""4.6"", ""pp_plan_soc"": ""2471"", ""pp_tl"": ""1"", ""pp_used"": ""1"", ""seed"": ""0"", ""soc"": ""2471"", ""soc_lb"": ""2083"", ""solved"": ""1"", ""solver"": ""planner"", ""sum_of_loss"": ""2319"", ""sum_of_loss_lb"": ""2083""}"
pp_guided_tl:shortest,PP-guided (shortest first),random-32-32-20,random-32-32-20-random-3,150,0,30.0,solved,0.084121,0.018,3680,71,3648,3203,42,1.148923,0,,/home/carsten/Projects/MAPF/MAPF Evaluator/results/pptl-random32-20/runs/pp_guided_tl_shortest/random-32-32-20/random-32-32-20-random-3_a150_s0_r0,,,"{""agents"": ""150"", ""comp_time"": ""18"", ""first_ms"": ""18.7"", ""makespan"": ""71"", ""makespan_lb"": ""42"", ""map_file"": ""random-32-32-20.map"", ""pp_demote_rounds"": ""1"", ""pp_failed"": ""0"", ""pp_order"": ""shortest"", ""pp_plan_ms"": ""13.7"", ""pp_plan_soc"": ""3680"", ""pp_tl"": ""0"", ""pp_used"": ""1"", ""seed"": ""0"", ""soc"": ""3680"", ""soc_lb"": ""3203"", ""solved"": ""1"", ""solver"": ""planner"", ""sum_of_loss"": ""3652"", ""sum_of_loss_lb"": ""3203""}"
pp_guided_tl:shortest,PP-guided (shortest first),random-32-32-20,random-32-32-20-random-3,150,2,30.0,solved,0.050829,0.018,3680,71,3648,3203,42,1.148923,0,,/home/carsten/Projects/MAPF/MAPF Evaluator/results/pptl-random32-20/runs/pp_guided_tl_shortest/random-32-32-20/random-32-32-20-random-3_a150_s2_r0,,,"{""agents"": ""150"", ""comp_time"": ""18"", ""first_ms"": ""18.6"", ""makespan"": ""71"", ""makespan_lb"": ""42"", ""map_file"": ""random-32-32-20.map"", ""pp_demote_rounds"": ""1"", ""pp_failed"": ""0"", ""pp_order"": ""shortest"", ""pp_plan_ms"": ""13.5"", ""pp_plan_soc"": ""3680"", ""pp_tl"": ""0"", ""pp_used"": ""1"", ""seed"": ""2"", ""soc"": ""3680"", ""soc_lb"": ""3203"", ""solved"": ""1"", ""solver"": ""planner"", ""sum_of_loss"": ""3652"", ""sum_of_loss_lb"": ""3203""}"
pp_guided_tl:shortest,PP-guided (shortest first),random-32-32-20,random-32-32-20-random-3,150,1,30.0,solved,0.15419,0.018,3680,71,3648,3203,42,1.148923,0,,/home/carsten/Projects/MAPF/MAPF Evaluator/results/pptl-random32-20/runs/pp_guided_tl_shortest/random-32-32-20/random-32-32-20-random-3_a150_s1_r0,,,"{""agents"": ""150"", ""comp_time"": ""18"", ""first_ms"": ""18.0"", ""makespan"": ""71"", ""makespan_lb"": ""42"", ""map_file"": ""random-32-32-20.map"", ""pp_demote_rounds"": ""1"", ""pp_failed"": ""0"", ""pp_order"": ""shortest"", ""pp_plan_ms"": ""13.4"", ""pp_plan_soc"": ""3680"", ""pp_tl"": ""0"", ""pp_used"": ""1"", ""seed"": ""1"", ""soc"": ""3680"", ""soc_lb"": ""3203"", ""solved"": ""1"", ""solver"": ""planner"", ""sum_of_loss"": ""3652"", ""sum_of_loss_lb"": ""3203""}"
pp_guided_tl:shortest_tl,PP-guided (shortest first) + traffic load in SIPP,random-32-32-20,random-32-32-20-random-3,150,1,30.0,solved,0.084842,0.023,3721,76,3682,3203,42,1.161723,0,,/home/carsten/Projects/MAPF/MAPF Evaluator/results/pptl-random32-20/runs/pp_guided_tl_shortest_tl/random-32-32-20/random-32-32-20-random-3_a150_s1_r0,,,"{""agents"": ""150"", ""comp_time"": ""23"", ""first_ms"": ""22.9"", ""makespan"": ""76"", ""makespan_lb"": ""42"", ""map_file"": ""random-32-32-20.map"", ""pp_demote_rounds"": ""1"", ""pp_failed"": ""0"", ""pp_order"": ""shortest"", ""pp_plan_ms"": ""17.3"", ""pp_plan_soc"": ""3721"", ""pp_tl"": ""1"", ""pp_used"": ""1"", ""seed"": ""1"", ""soc"": ""3721"", ""soc_lb"": ""3203"", ""solved"": ""1"", ""solver"": ""planner"", ""sum_of_loss"": ""3687"", ""sum_of_loss_lb"": ""3203""}"
pp_guided_tl:shortest_tl,PP-guided (shortest first) + traffic load in SIPP,random-32-32-20,random-32-32-20-random-3,150,0,30.0,solved,0.155003,0.023,3721,76,3682,3203,42,1.161723,0,,/home/carsten/Projects/MAPF/MAPF Evaluator/results/pptl-random32-20/runs/pp_guided_tl_shortest_tl/random-32-32-20/random-32-32-20-random-3_a150_s0_r0,,,"{""agents"": ""150"", ""comp_time"": ""23"", ""first_ms"": ""23.1"", ""makespan"": ""76"", ""makespan_lb"": ""42"", ""map_file"": ""random-32-32-20.map"", ""pp_demote_rounds"": ""1"", ""pp_failed"": ""0"", ""pp_order"": ""shortest"", ""pp_plan_ms"": ""17.4"", ""pp_plan_soc"": ""3721"", ""pp_tl"": ""1"", ""pp_used"": ""1"", ""seed"": ""0"", ""soc"": ""3721"", ""soc_lb"": ""3203"", ""solved"": ""1"", ""solver"": ""planner"", ""sum_of_loss"": ""3687"", ""sum_of_loss_lb"": ""3203""}"
pp_guided_tl:shortest_tl,PP-guided (shortest first) + traffic load in SIPP,random-32-32-20,random-32-32-20-random-3,150,2,30.0,solved,0.073455,0.023,3721,76,3682,3203,42,1.161723,0,,/home/carsten/Projects/MAPF/MAPF Evaluator/results/pptl-random32-20/runs/pp_guided_tl_shortest_tl/random-32-32-20/random-32-32-20-random-3_a150_s2_r0,,,"{""agents"": ""150"", ""comp_time"": ""23"", ""first_ms"": ""22.8"", ""makespan"": ""76"", ""makespan_lb"": ""42"", ""map_file"": ""random-32-32-20.map"", ""pp_demote_rounds"": ""1"", ""pp_failed"": ""0"", ""pp_order"": ""shortest"", ""pp_plan_ms"": ""17.5"", ""pp_plan_soc"": ""3721"", ""pp_tl"": ""1"", ""pp_used"": ""1"", ""seed"": ""2"", ""soc"": ""3721"", ""soc_lb"": ""3203"", ""solved"": ""1"", ""solver"": ""planner"", ""sum_of_loss"": ""3687"", ""sum_of_loss_lb"": ""3203""}"
pp_guided_tl:traffic,PP-guided (traffic-last),random-32-32-20,random-32-32-20-random-3,150,0,30.0,solved,0.077758,0.015,4225,46,3782,3203,42,1.319076,0,,/home/carsten/Projects/MAPF/MAPF Evaluator/results/pptl-random32-20/runs/pp_guided_tl_traffic/random-32-32-20/random-32-32-20-random-3_a150_s0_r0,,,"{""agents"": ""150"", ""comp_time"": ""15"", ""first_ms"": ""14.9"", ""makespan"": ""46"", ""makespan_lb"": ""42"", ""map_file"": ""random-32-32-20.map"", ""pp_demote_rounds"": ""1"", ""pp_failed"": ""0"", ""pp_order"": ""traffic-last"", ""pp_plan_ms"": ""10.9"", ""pp_plan_soc"": ""4225"", ""pp_tl"": ""0"", ""pp_used"": ""1"", ""seed"": ""0"", ""soc"": ""4225"", ""soc_lb"": ""3203"", ""solved"": ""1"", ""solver"": ""planner"", ""sum_of_loss"": ""3842"", ""sum_of_loss_lb"": ""3203""}"
pp_guided_tl:traffic,PP-guided (traffic-last),random-32-32-20,random-32-32-20-random-3,150,1,30.0,solved,0.093679,0.016,4225,46,3782,3203,42,1.319076,0,,/home/carsten/Projects/MAPF/MAPF Evaluator/results/pptl-random32-20/runs/pp_guided_tl_traffic/random-32-32-20/random-32-32-20-random-3_a150_s1_r0,,,"{""agents"": ""150"", ""comp_time"": ""16"", ""first_ms"": ""15.2"", ""makespan"": ""46"", ""makespan_lb"": ""42"", ""map_file"": ""random-32-32-20.map"", ""pp_demote_rounds"": ""1"", ""pp_failed"": ""0"", ""pp_order"": ""traffic-last"", ""pp_plan_ms"": ""11.0"", ""pp_plan_soc"": ""4225"", ""pp_tl"": ""0"", ""pp_used"": ""1"", ""seed"": ""1"", ""soc"": ""4225"", ""soc_lb"": ""3203"", ""solved"": ""1"", ""solver"": ""planner"", ""sum_of_loss"": ""3842"", ""sum_of_loss_lb"": ""3203""}"
pp_guided_tl:traffic,PP-guided (traffic-last),random-32-32-20,random-32-32-20-random-3,150,2,30.0,solved,0.09399,0.015,4225,46,3782,3203,42,1.319076,0,,/home/carsten/Projects/MAPF/MAPF Evaluator/results/pptl-random32-20/runs/pp_guided_tl_traffic/random-32-32-20/random-32-32-20-random-3_a150_s2_r0,,,"{""agents"": ""150"", ""comp_time"": ""15"", ""first_ms"": ""15.1"", ""makespan"": ""46"", ""makespan_lb"": ""42"", ""map_file"": ""random-32-32-20.map"", ""pp_demote_rounds"": ""1"", ""pp_failed"": ""0"", ""pp_order"": ""traffic-last"", ""pp_plan_ms"": ""10.9"", ""pp_plan_soc"": ""4225"", ""pp_tl"": ""0"", ""pp_used"": ""1"", ""seed"": ""2"", ""soc"": ""4225"", ""soc_lb"": ""3203"", ""solved"": ""1"", ""solver"": ""planner"", ""sum_of_loss"": ""3842"", ""sum_of_loss_lb"": ""3203""}"
pp_guided_tl:traffic_tl,PP-guided (traffic-last) + traffic load in SIPP,random-32-32-20,random-32-32-20-random-3,150,0,30.0,solved,0.073611,0.019,4193,47,3825,3203,42,1.309085,0,,/home/carsten/Projects/MAPF/MAPF Evaluator/results/pptl-random32-20/runs/pp_guided_tl_traffic_tl/random-32-32-20/random-32-32-20-random-3_a150_s0_r0,,,"{""agents"": ""150"", ""comp_time"": ""19"", ""first_ms"": ""18.0"", ""makespan"": ""47"", ""makespan_lb"": ""42"", ""map_file"": ""random-32-32-20.map"", ""pp_demote_rounds"": ""1"", ""pp_failed"": ""0"", ""pp_order"": ""traffic-last"", ""pp_plan_ms"": ""13.3"", ""pp_plan_soc"": ""4193"", ""pp_tl"": ""1"", ""pp_used"": ""1"", ""seed"": ""0"", ""soc"": ""4193"", ""soc_lb"": ""3203"", ""solved"": ""1"", ""solver"": ""planner"", ""sum_of_loss"": ""3862"", ""sum_of_loss_lb"": ""3203""}"
pp_guided_tl:traffic_tl,PP-guided (traffic-last) + traffic load in SIPP,random-32-32-20,random-32-32-20-random-3,150,1,30.0,solved,0.0874,0.018,4193,47,3825,3203,42,1.309085,0,,/home/carsten/Projects/MAPF/MAPF Evaluator/results/pptl-random32-20/runs/pp_guided_tl_traffic_tl/random-32-32-20/random-32-32-20-random-3_a150_s1_r0,,,"{""agents"": ""150"", ""comp_time"": ""18"", ""first_ms"": ""17.9"", ""makespan"": ""47"", ""makespan_lb"": ""42"", ""map_file"": ""random-32-32-20.map"", ""pp_demote_rounds"": ""1"", ""pp_failed"": ""0"", ""pp_order"": ""traffic-last"", ""pp_plan_ms"": ""12.9"", ""pp_plan_soc"": ""4193"", ""pp_tl"": ""1"", ""pp_used"": ""1"", ""seed"": ""1"", ""soc"": ""4193"", ""soc_lb"": ""3203"", ""solved"": ""1"", ""solver"": ""planner"", ""sum_of_loss"": ""3862"", ""sum_of_loss_lb"": ""3203""}"
pp_guided_tl:traffic_tl,PP-guided (traffic-last) + traffic load in SIPP,random-32-32-20,random-32-32-20-random-3,150,2,30.0,solved,0.049344,0.018,4193,47,3825,3203,42,1.309085,0,,/home/carsten/Projects/MAPF/MAPF Evaluator/results/pptl-random32-20/runs/pp_guided_tl_traffic_tl/random-32-32-20/random-32-32-20-random-3_a150_s2_r0,,,"{""agents"": ""150"", ""comp_time"": ""18"", ""first_ms"": ""18.0"", ""makespan"": ""47"", ""makespan_lb"": ""42"", ""map_file"": ""random-32-32-20.map"", ""pp_demote_rounds"": ""1"", ""pp_failed"": ""0"", ""pp_order"": ""traffic-last"", ""pp_plan_ms"": ""13.3"", ""pp_plan_soc"": ""4193"", ""pp_tl"": ""1"", ""pp_used"": ""1"", ""seed"": ""2"", ""soc"": ""4193"", ""soc_lb"": ""3203"", ""solved"": ""1"", ""solver"": ""planner"", ""sum_of_loss"": ""3862"", ""sum_of_loss_lb"": ""3203""}"
pp_guided_tl:shortest,PP-guided (shortest first),random-32-32-20,random-32-32-20-random-3,200,0,30.0,solved,0.097987,0.053,5667,72,5613,4300,56,1.317907,0,,/home/carsten/Projects/MAPF/MAPF Evaluator/results/pptl-random32-20/runs/pp_guided_tl_shortest/random-32-32-20/random-32-32-20-random-3_a200_s0_r0,,,"{""agents"": ""200"", ""comp_time"": ""53"", ""first_ms"": ""52.7"", ""makespan"": ""72"", ""makespan_lb"": ""56"", ""map_file"": ""random-32-32-20.map"", ""pp_demote_rounds"": ""2"", ""pp_failed"": ""0"", ""pp_order"": ""shortest"", ""pp_plan_ms"": ""46.7"", ""pp_plan_soc"": ""5667"", ""pp_tl"": ""0"", ""pp_used"": ""1"", ""seed"": ""0"", ""soc"": ""5667"", ""soc_lb"": ""4300"", ""solved"": ""1"", ""solver"": ""planner"", ""sum_of_loss"": ""5621"", ""sum_of_loss_lb"": ""4300""}"
pp_guided_tl:shortest,PP-guided (shortest first),random-32-32-20,random-32-32-20-random-3,200,1,30.0,solved,0.156236,0.052,5667,72,5613,4300,56,1.317907,0,,/home/carsten/Projects/MAPF/MAPF Evaluator/results/pptl-random32-20/runs/pp_guided_tl_shortest/random-32-32-20/random-32-32-20-random-3_a200_s1_r0,,,"{""agents"": ""200"", ""comp_time"": ""52"", ""first_ms"": ""51.9"", ""makespan"": ""72"", ""makespan_lb"": ""56"", ""map_file"": ""random-32-32-20.map"", ""pp_demote_rounds"": ""2"", ""pp_failed"": ""0"", ""pp_order"": ""shortest"", ""pp_plan_ms"": ""46.1"", ""pp_plan_soc"": ""5667"", ""pp_tl"": ""0"", ""pp_used"": ""1"", ""seed"": ""1"", ""soc"": ""5667"", ""soc_lb"": ""4300"", ""solved"": ""1"", ""solver"": ""planner"", ""sum_of_loss"": ""5621"", ""sum_of_loss_lb"": ""4300""}"
pp_guided_tl:shortest,PP-guided (shortest first),random-32-32-20,random-32-32-20-random-3,200,2,30.0,solved,0.101512,0.053,5667,72,5613,4300,56,1.317907,0,,/home/carsten/Projects/MAPF/MAPF Evaluator/results/pptl-random32-20/runs/pp_guided_tl_shortest/random-32-32-20/random-32-32-20-random-3_a200_s2_r0,,,"{""agents"": ""200"", ""comp_time"": ""53"", ""first_ms"": ""53.3"", ""makespan"": ""72"", ""makespan_lb"": ""56"", ""map_file"": ""random-32-32-20.map"", ""pp_demote_rounds"": ""2"", ""pp_failed"": ""0"", ""pp_order"": ""shortest"", ""pp_plan_ms"": ""46.6"", ""pp_plan_soc"": ""5667"", ""pp_tl"": ""0"", ""pp_used"": ""1"", ""seed"": ""2"", ""soc"": ""5667"", ""soc_lb"": ""4300"", ""solved"": ""1"", ""solver"": ""planner"", ""sum_of_loss"": ""5621"", ""sum_of_loss_lb"": ""4300""}"
pp_guided_tl:shortest_tl,PP-guided (shortest first) + traffic load in SIPP,random-32-32-20,random-32-32-20-random-3,200,0,30.0,solved,0.162989,0.057,5577,68,5500,4300,56,1.296977,0,,/home/carsten/Projects/MAPF/MAPF Evaluator/results/pptl-random32-20/runs/pp_guided_tl_shortest_tl/random-32-32-20/random-32-32-20-random-3_a200_s0_r0,,,"{""agents"": ""200"", ""comp_time"": ""57"", ""first_ms"": ""56.6"", ""makespan"": ""68"", ""makespan_lb"": ""56"", ""map_file"": ""random-32-32-20.map"", ""pp_demote_rounds"": ""2"", ""pp_failed"": ""0"", ""pp_order"": ""shortest"", ""pp_plan_ms"": ""49.9"", ""pp_plan_soc"": ""5577"", ""pp_tl"": ""1"", ""pp_used"": ""1"", ""seed"": ""0"", ""soc"": ""5577"", ""soc_lb"": ""4300"", ""solved"": ""1"", ""solver"": ""planner"", ""sum_of_loss"": ""5509"", ""sum_of_loss_lb"": ""4300""}"
pp_guided_tl:shortest_tl,PP-guided (shortest first) + traffic load in SIPP,random-32-32-20,random-32-32-20-random-3,200,1,30.0,solved,0.129656,0.056,5577,68,5500,4300,56,1.296977,0,,/home/carsten/Projects/MAPF/MAPF Evaluator/results/pptl-random32-20/runs/pp_guided_tl_shortest_tl/random-32-32-20/random-32-32-20-random-3_a200_s1_r0,,,"{""agents"": ""200"", ""comp_time"": ""56"", ""first_ms"": ""56.5"", ""makespan"": ""68"", ""makespan_lb"": ""56"", ""map_file"": ""random-32-32-20.map"", ""pp_demote_rounds"": ""2"", ""pp_failed"": ""0"", ""pp_order"": ""shortest"", ""pp_plan_ms"": ""49.7"", ""pp_plan_soc"": ""5577"", ""pp_tl"": ""1"", ""pp_used"": ""1"", ""seed"": ""1"", ""soc"": ""5577"", ""soc_lb"": ""4300"", ""solved"": ""1"", ""solver"": ""planner"", ""sum_of_loss"": ""5509"", ""sum_of_loss_lb"": ""4300""}"
pp_guided_tl:shortest_tl,PP-guided (shortest first) + traffic load in SIPP,random-32-32-20,random-32-32-20-random-3,200,2,30.0,solved,0.097652,0.056,5577,68,5500,4300,56,1.296977,0,,/home/carsten/Projects/MAPF/MAPF Evaluator/results/pptl-random32-20/runs/pp_guided_tl_shortest_tl/random-32-32-20/random-32-32-20-random-3_a200_s2_r0,,,"{""agents"": ""200"", ""comp_time"": ""56"", ""first_ms"": ""56.5"", ""makespan"": ""68"", ""makespan_lb"": ""56"", ""map_file"": ""random-32-32-20.map"", ""pp_demote_rounds"": ""2"", ""pp_failed"": ""0"", ""pp_order"": ""shortest"", ""pp_plan_ms"": ""49.6"", ""pp_plan_soc"": ""5577"", ""pp_tl"": ""1"", ""pp_used"": ""1"", ""seed"": ""2"", ""soc"": ""5577"", ""soc_lb"": ""4300"", ""solved"": ""1"", ""solver"": ""planner"", ""sum_of_loss"": ""5509"", ""sum_of_loss_lb"": ""4300""}"
pp_guided_tl:traffic,PP-guided (traffic-last),random-32-32-20,random-32-32-20-random-3,200,0,30.0,solved,0.13592,0.034,6206,59,5576,4300,56,1.443256,0,,/home/carsten/Projects/MAPF/MAPF Evaluator/results/pptl-random32-20/runs/pp_guided_tl_traffic/random-32-32-20/random-32-32-20-random-3_a200_s0_r0,,,"{""agents"": ""200"", ""comp_time"": ""34"", ""first_ms"": ""33.3"", ""makespan"": ""59"", ""makespan_lb"": ""56"", ""map_file"": ""random-32-32-20.map"", ""pp_demote_rounds"": ""1"", ""pp_failed"": ""0"", ""pp_order"": ""traffic-last"", ""pp_plan_ms"": ""27.2"", ""pp_plan_soc"": ""6206"", ""pp_tl"": ""0"", ""pp_used"": ""1"", ""seed"": ""0"", ""soc"": ""6206"", ""soc_lb"": ""4300"", ""solved"": ""1"", ""solver"": ""planner"", ""sum_of_loss"": ""5662"", ""sum_of_loss_lb"": ""4300""}"
pp_guided_tl:traffic,PP-guided (traffic-last),random-32-32-20,random-32-32-20-random-3,200,2,30.0,solved,0.071073,0.034,6206,59,5576,4300,56,1.443256,0,,/home/carsten/Projects/MAPF/MAPF Evaluator/results/pptl-random32-20/runs/pp_guided_tl_traffic/random-32-32-20/random-32-32-20-random-3_a200_s2_r0,,,"{""agents"": ""200"", ""comp_time"": ""34"", ""first_ms"": ""33.5"", ""makespan"": ""59"", ""makespan_lb"": ""56"", ""map_file"": ""random-32-32-20.map"", ""pp_demote_rounds"": ""1"", ""pp_failed"": ""0"", ""pp_order"": ""traffic-last"", ""pp_plan_ms"": ""27.2"", ""pp_plan_soc"": ""6206"", ""pp_tl"": ""0"", ""pp_used"": ""1"", ""seed"": ""2"", ""soc"": ""6206"", ""soc_lb"": ""4300"", ""solved"": ""1"", ""solver"": ""planner"", ""sum_of_loss"": ""5662"", ""sum_of_loss_lb"": ""4300""}"
pp_guided_tl:traffic,PP-guided (traffic-last),random-32-32-20,random-32-32-20-random-3,200,1,30.0,solved,0.133352,0.034,6206,59,5576,4300,56,1.443256,0,,/home/carsten/Projects/MAPF/MAPF Evaluator/results/pptl-random32-20/runs/pp_guided_tl_traffic/random-32-32-20/random-32-32-20-random-3_a200_s1_r0,,,"{""agents"": ""200"", ""comp_time"": ""34"", ""first_ms"": ""34.5"", ""makespan"": ""59"", ""makespan_lb"": ""56"", ""map_file"": ""random-32-32-20.map"", ""pp_demote_rounds"": ""1"", ""pp_failed"": ""0"", ""pp_order"": ""traffic-last"", ""pp_plan_ms"": ""27.5"", ""pp_plan_soc"": ""6206"", ""pp_tl"": ""0"", ""pp_used"": ""1"", ""seed"": ""1"", ""soc"": ""6206"", ""soc_lb"": ""4300"", ""solved"": ""1"", ""solver"": ""planner"", ""sum_of_loss"": ""5662"", ""sum_of_loss_lb"": ""4300""}"
pp_guided_tl:shortest,PP-guided (shortest first),random-32-32-20,random-32-32-20-random-4,50,0,30.0,solved,0.018552,0.002,1072,52,1072,1035,46,1.035749,0,,/home/carsten/Projects/MAPF/MAPF Evaluator/results/pptl-random32-20/runs/pp_guided_tl_shortest/random-32-32-20/random-32-32-20-random-4_a50_s0_r0,,,"{""agents"": ""50"", ""comp_time"": ""2"", ""first_ms"": ""2.3"", ""makespan"": ""52"", ""makespan_lb"": ""46"", ""map_file"": ""random-32-32-20.map"", ""pp_demote_rounds"": ""0"", ""pp_failed"": ""0"", ""pp_order"": ""shortest"", ""pp_plan_ms"": ""1.0"", ""pp_plan_soc"": ""1072"", ""pp_tl"": ""0"", ""pp_used"": ""1"", ""seed"": ""0"", ""soc"": ""1072"", ""soc_lb"": ""1035"", ""solved"": ""1"", ""solver"": ""planner"", ""sum_of_loss"": ""1072"", ""sum_of_loss_lb"": ""1035""}"
pp_guided_tl:traffic_tl,PP-guided (traffic-last) + traffic load in SIPP,random-32-32-20,random-32-32-20-random-3,200,0,30.0,solved,0.142548,0.033,6210,61,5614,4300,56,1.444186,0,,/home/carsten/Projects/MAPF/MAPF Evaluator/results/pptl-random32-20/runs/pp_guided_tl_traffic_tl/random-32-32-20/random-32-32-20-random-3_a200_s0_r0,,,"{""agents"": ""200"", ""comp_time"": ""33"", ""first_ms"": ""32.6"", ""makespan"": ""61"", ""makespan_lb"": ""56"", ""map_file"": ""random-32-32-20.map"", ""pp_demote_rounds"": ""1"", ""pp_failed"": ""0"", ""pp_order"": ""traffic-last"", ""pp_plan_ms"": ""25.3"", ""pp_plan_soc"": ""6210"", ""pp_tl"": ""1"", ""pp_used"": ""1"", ""seed"": ""0"", ""soc"": ""6210"", ""soc_lb"": ""4300"", ""solved"": ""1"", ""solver"": ""planner"", ""sum_of_loss"": ""5691"", ""sum_of_loss_lb"": ""4300""}"
pp_guided_tl:shortest,PP-guided (shortest first),random-32-32-20,random-32-32-20-random-4,50,1,30.0,solved,0.009238,0.002,1072,52,1072,1035,46,1.035749,0,,/home/carsten/Projects/MAPF/MAPF Evaluator/results/pptl-random32-20/runs/pp_guided_tl_shortest/random-32-32-20/random-32-32-20-random-4_a50_s1_r0,,,"{""agents"": ""50"", ""comp_time"": ""2"", ""first_ms"": ""2.4"", ""makespan"": ""52"", ""makespan_lb"": ""46"", ""map_file"": ""random-32-32-20.map"", ""pp_demote_rounds"": ""0"", ""pp_failed"": ""0"", ""pp_order"": ""shortest"", ""pp_plan_ms"": ""1.0"", ""pp_plan_soc"": ""1072"", ""pp_tl"": ""0"", ""pp_used"": ""1"", ""seed"": ""1"", ""soc"": ""1072"", ""soc_lb"": ""1035"", ""solved"": ""1"", ""solver"": ""planner"", ""sum_of_loss"": ""1072"", ""sum_of_loss_lb"": ""1035""}"
pp_guided_tl:traffic_tl,PP-guided (traffic-last) + traffic load in SIPP,random-32-32-20,random-32-32-20-random-3,200,2,30.0,solved,0.054873,0.033,6210,61,5614,4300,56,1.444186,0,,/home/carsten/Projects/MAPF/MAPF Evaluator/results/pptl-random32-20/runs/pp_guided_tl_traffic_tl/random-32-32-20/random-32-32-20-random-3_a200_s2_r0,,,"{""agents"": ""200"", ""comp_time"": ""33"", ""first_ms"": ""32.8"", ""makespan"": ""61"", ""makespan_lb"": ""56"", ""map_file"": ""random-32-32-20.map"", ""pp_demote_rounds"": ""1"", ""pp_failed"": ""0"", ""pp_order"": ""traffic-last"", ""pp_plan_ms"": ""24.9"", ""pp_plan_soc"": ""6210"", ""pp_tl"": ""1"", ""pp_used"": ""1"", ""seed"": ""2"", ""soc"": ""6210"", ""soc_lb"": ""4300"", ""solved"": ""1"", ""solver"": ""planner"", ""sum_of_loss"": ""5691"", ""sum_of_loss_lb"": ""4300""}"
pp_guided_tl:traffic_tl,PP-guided (traffic-last) + traffic load in SIPP,random-32-32-20,random-32-32-20-random-3,200,1,30.0,solved,0.103955,0.033,6210,61,5614,4300,56,1.444186,0,,/home/carsten/Projects/MAPF/MAPF Evaluator/results/pptl-random32-20/runs/pp_guided_tl_traffic_tl/random-32-32-20/random-32-32-20-random-3_a200_s1_r0,,,"{""agents"": ""200"", ""comp_time"": ""33"", ""first_ms"": ""33.0"", ""makespan"": ""61"", ""makespan_lb"": ""56"", ""map_file"": ""random-32-32-20.map"", ""pp_demote_rounds"": ""1"", ""pp_failed"": ""0"", ""pp_order"": ""traffic-last"", ""pp_plan_ms"": ""25.1"", ""pp_plan_soc"": ""6210"", ""pp_tl"": ""1"", ""pp_used"": ""1"", ""seed"": ""1"", ""soc"": ""6210"", ""soc_lb"": ""4300"", ""solved"": ""1"", ""solver"": ""planner"", ""sum_of_loss"": ""5691"", ""sum_of_loss_lb"": ""4300""}"
pp_guided_tl:shortest,PP-guided (shortest first),random-32-32-20,random-32-32-20-random-4,50,2,30.0,solved,0.048764,0.002,1072,52,1072,1035,46,1.035749,0,,/home/carsten/Projects/MAPF/MAPF Evaluator/results/pptl-random32-20/runs/pp_guided_tl_shortest/random-32-32-20/random-32-32-20-random-4_a50_s2_r0,,,"{""agents"": ""50"", ""comp_time"": ""2"", ""first_ms"": ""2.3"", ""makespan"": ""52"", ""makespan_lb"": ""46"", ""map_file"": ""random-32-32-20.map"", ""pp_demote_rounds"": ""0"", ""pp_failed"": ""0"", ""pp_order"": ""shortest"", ""pp_plan_ms"": ""1.0"", ""pp_plan_soc"": ""1072"", ""pp_tl"": ""0"", ""pp_used"": ""1"", ""seed"": ""2"", ""soc"": ""1072"", ""soc_lb"": ""1035"", ""solved"": ""1"", ""solver"": ""planner"", ""sum_of_loss"": ""1072"", ""sum_of_loss_lb"": ""1035""}"
pp_guided_tl:shortest_tl,PP-guided (shortest first) + traffic load in SIPP,random-32-32-20,random-32-32-20-random-4,50,0,30.0,solved,0.042763,0.003,1071,52,1071,1035,46,1.034783,0,,/home/carsten/Projects/MAPF/MAPF Evaluator/results/pptl-random32-20/runs/pp_guided_tl_shortest_tl/random-32-32-20/random-32-32-20-random-4_a50_s0_r0,,,"{""agents"": ""50"", ""comp_time"": ""3"", ""first_ms"": ""3.2"", ""makespan"": ""52"", ""makespan_lb"": ""46"", ""map_file"": ""random-32-32-20.map"", ""pp_demote_rounds"": ""0"", ""pp_failed"": ""0"", ""pp_order"": ""shortest"", ""pp_plan_ms"": ""1.4"", ""pp_plan_soc"": ""1071"", ""pp_tl"": ""1"", ""pp_used"": ""1"", ""seed"": ""0"", ""soc"": ""1071"", ""soc_lb"": ""1035"", ""solved"": ""1"", ""solver"": ""planner"", ""sum_of_loss"": ""1071"", ""sum_of_loss_lb"": ""1035""}"
pp_guided_tl:shortest_tl,PP-guided (shortest first) + traffic load in SIPP,random-32-32-20,random-32-32-20-random-4,50,2,30.0,solved,0.039225,0.003,1071,52,1071,1035,46,1.034783,0,,/home/carsten/Projects/MAPF/MAPF Evaluator/results/pptl-random32-20/runs/pp_guided_tl_shortest_tl/random-32-32-20/random-32-32-20-random-4_a50_s2_r0,,,"{""agents"": ""50"", ""comp_time"": ""3"", ""first_ms"": ""3.2"", ""makespan"": ""52"", ""makespan_lb"": ""46"", ""map_file"": ""random-32-32-20.map"", ""pp_demote_rounds"": ""0"", ""pp_failed"": ""0"", ""pp_order"": ""shortest"", ""pp_plan_ms"": ""1.5"", ""pp_plan_soc"": ""1071"", ""pp_tl"": ""1"", ""pp_used"": ""1"", ""seed"": ""2"", ""soc"": ""1071"", ""soc_lb"": ""1035"", ""solved"": ""1"", ""solver"": ""planner"", ""sum_of_loss"": ""1071"", ""sum_of_loss_lb"": ""1035""}"
pp_guided_tl:shortest_tl,PP-guided (shortest first) + traffic load in SIPP,random-32-32-20,random-32-32-20-random-4,50,1,30.0,solved,0.052926,0.003,1071,52,1071,1035,46,1.034783,0,,/home/carsten/Projects/MAPF/MAPF Evaluator/results/pptl-random32-20/runs/pp_guided_tl_shortest_tl/random-32-32-20/random-32-32-20-random-4_a50_s1_r0,,,"{""agents"": ""50"", ""comp_time"": ""3"", ""first_ms"": ""3.2"", ""makespan"": ""52"", ""makespan_lb"": ""46"", ""map_file"": ""random-32-32-20.map"", ""pp_demote_rounds"": ""0"", ""pp_failed"": ""0"", ""pp_order"": ""shortest"", ""pp_plan_ms"": ""1.5"", ""pp_plan_soc"": ""1071"", ""pp_tl"": ""1"", ""pp_used"": ""1"", ""seed"": ""1"", ""soc"": ""1071"", ""soc_lb"": ""1035"", ""solved"": ""1"", ""solver"": ""planner"", ""sum_of_loss"": ""1071"", ""sum_of_loss_lb"": ""1035""}"
pp_guided_tl:traffic,PP-guided (traffic-last),random-32-32-20,random-32-32-20-random-4,50,0,30.0,solved,0.009574,0.003,1303,46,1123,1035,46,1.258937,0,,/home/carsten/Projects/MAPF/MAPF Evaluator/results/pptl-random32-20/runs/pp_guided_tl_traffic/random-32-32-20/random-32-32-20-random-4_a50_s0_r0,,,"{""agents"": ""50"", ""comp_time"": ""3"", ""first_ms"": ""2.2"", ""makespan"": ""46"", ""makespan_lb"": ""46"", ""map_file"": ""random-32-32-20.map"", ""pp_demote_rounds"": ""0"", ""pp_failed"": ""0"", ""pp_order"": ""traffic-last"", ""pp_plan_ms"": ""1.3"", ""pp_plan_soc"": ""1303"", ""pp_tl"": ""0"", ""pp_used"": ""1"", ""seed"": ""0"", ""soc"": ""1303"", ""soc_lb"": ""1035"", ""solved"": ""1"", ""solver"": ""planner"", ""sum_of_loss"": ""1140"", ""sum_of_loss_lb"": ""1035""}"
pp_guided_tl:traffic,PP-guided (traffic-last),random-32-32-20,random-32-32-20-random-4,50,1,30.0,solved,0.022234,0.002,1303,46,1123,1035,46,1.258937,0,,/home/carsten/Projects/MAPF/MAPF Evaluator/results/pptl-random32-20/runs/pp_guided_tl_traffic/random-32-32-20/random-32-32-20-random-4_a50_s1_r0,,,"{""agents"": ""50"", ""comp_time"": ""2"", ""first_ms"": ""2.1"", ""makespan"": ""46"", ""makespan_lb"": ""46"", ""map_file"": ""random-32-32-20.map"", ""pp_demote_rounds"": ""0"", ""pp_failed"": ""0"", ""pp_order"": ""traffic-last"", ""pp_plan_ms"": ""1.2"", ""pp_plan_soc"": ""1303"", ""pp_tl"": ""0"", ""pp_used"": ""1"", ""seed"": ""1"", ""soc"": ""1303"", ""soc_lb"": ""1035"", ""solved"": ""1"", ""solver"": ""planner"", ""sum_of_loss"": ""1140"", ""sum_of_loss_lb"": ""1035""}"
pp_guided_tl:traffic,PP-guided (traffic-last),random-32-32-20,random-32-32-20-random-4,50,2,30.0,solved,0.054508,0.002,1303,46,1123,1035,46,1.258937,0,,/home/carsten/Projects/MAPF/MAPF Evaluator/results/pptl-random32-20/runs/pp_guided_tl_traffic/random-32-32-20/random-32-32-20-random-4_a50_s2_r0,,,"{""agents"": ""50"", ""comp_time"": ""2"", ""first_ms"": ""2.1"", ""makespan"": ""46"", ""makespan_lb"": ""46"", ""map_file"": ""random-32-32-20.map"", ""pp_demote_rounds"": ""0"", ""pp_failed"": ""0"", ""pp_order"": ""traffic-last"", ""pp_plan_ms"": ""1.2"", ""pp_plan_soc"": ""1303"", ""pp_tl"": ""0"", ""pp_used"": ""1"", ""seed"": ""2"", ""soc"": ""1303"", ""soc_lb"": ""1035"", ""solved"": ""1"", ""solver"": ""planner"", ""sum_of_loss"": ""1140"", ""sum_of_loss_lb"": ""1035""}"
pp_guided_tl:traffic_tl,PP-guided (traffic-last) + traffic load in SIPP,random-32-32-20,random-32-32-20-random-4,50,1,30.0,solved,0.024989,0.004,1254,46,1154,1035,46,1.211594,0,,/home/carsten/Projects/MAPF/MAPF Evaluator/results/pptl-random32-20/runs/pp_guided_tl_traffic_tl/random-32-32-20/random-32-32-20-random-4_a50_s1_r0,,,"{""agents"": ""50"", ""comp_time"": ""4"", ""first_ms"": ""3.5"", ""makespan"": ""46"", ""makespan_lb"": ""46"", ""map_file"": ""random-32-32-20.map"", ""pp_demote_rounds"": ""0"", ""pp_failed"": ""0"", ""pp_order"": ""traffic-last"", ""pp_plan_ms"": ""1.9"", ""pp_plan_soc"": ""1254"", ""pp_tl"": ""1"", ""pp_used"": ""1"", ""seed"": ""1"", ""soc"": ""1254"", ""soc_lb"": ""1035"", ""solved"": ""1"", ""solver"": ""planner"", ""sum_of_loss"": ""1164"", ""sum_of_loss_lb"": ""1035""}"
pp_guided_tl:traffic_tl,PP-guided (traffic-last) + traffic load in SIPP,random-32-32-20,random-32-32-20-random-4,50,0,30.0,solved,0.016694,0.003,1254,46,1154,1035,46,1.211594,0,,/home/carsten/Projects/MAPF/MAPF Evaluator/results/pptl-random32-20/runs/pp_guided_tl_traffic_tl/random-32-32-20/random-32-32-20-random-4_a50_s0_r0,,,"{""agents"": ""50"", ""comp_time"": ""3"", ""first_ms"": ""3.2"", ""makespan"": ""46"", ""makespan_lb"": ""46"", ""map_file"": ""random-32-32-20.map"", ""pp_demote_rounds"": ""0"", ""pp_failed"": ""0"", ""pp_order"": ""traffic-last"", ""pp_plan_ms"": ""1.9"", ""pp_plan_soc"": ""1254"", ""pp_tl"": ""1"", ""pp_used"": ""1"", ""seed"": ""0"", ""soc"": ""1254"", ""soc_lb"": ""1035"", ""solved"": ""1"", ""solver"": ""planner"", ""sum_of_loss"": ""1164"", ""sum_of_loss_lb"": ""1035""}"
pp_guided_tl:traffic_tl,PP-guided (traffic-last) + traffic load in SIPP,random-32-32-20,random-32-32-20-random-4,50,2,30.0,solved,0.021842,0.004,1254,46,1154,1035,46,1.211594,0,,/home/carsten/Projects/MAPF/MAPF Evaluator/results/pptl-random32-20/runs/pp_guided_tl_traffic_tl/random-32-32-20/random-32-32-20-random-4_a50_s2_r0,,,"{""agents"": ""50"", ""comp_time"": ""4"", ""first_ms"": ""3.3"", ""makespan"": ""46"", ""makespan_lb"": ""46"", ""map_file"": ""random-32-32-20.map"", ""pp_demote_rounds"": ""0"", ""pp_failed"": ""0"", ""pp_order"": ""traffic-last"", ""pp_plan_ms"": ""2.0"", ""pp_plan_soc"": ""1254"", ""pp_tl"": ""1"", ""pp_used"": ""1"", ""seed"": ""2"", ""soc"": ""1254"", ""soc_lb"": ""1035"", ""solved"": ""1"", ""solver"": ""planner"", ""sum_of_loss"": ""1164"", ""sum_of_loss_lb"": ""1035""}"
pp_guided_tl:shortest,PP-guided (shortest first),random-32-32-20,random-32-32-20-random-4,100,0,30.0,solved,0.068008,0.006,2293,61,2291,2094,54,1.095033,0,,/home/carsten/Projects/MAPF/MAPF Evaluator/results/pptl-random32-20/runs/pp_guided_tl_shortest/random-32-32-20/random-32-32-20-random-4_a100_s0_r0,,,"{""agents"": ""100"", ""comp_time"": ""6"", ""first_ms"": ""6.4"", ""makespan"": ""61"", ""makespan_lb"": ""54"", ""map_file"": ""random-32-32-20.map"", ""pp_demote_rounds"": ""0"", ""pp_failed"": ""0"", ""pp_order"": ""shortest"", ""pp_plan_ms"": ""3.3"", ""pp_plan_soc"": ""2293"", ""pp_tl"": ""0"", ""pp_used"": ""1"", ""seed"": ""0"", ""soc"": ""2293"", ""soc_lb"": ""2094"", ""solved"": ""1"", ""solver"": ""planner"", ""sum_of_loss"": ""2292"", ""sum_of_loss_lb"": ""2094""}"
pp_guided_tl:shortest,PP-guided (shortest first),random-32-32-20,random-32-32-20-random-4,100,2,30.0,solved,0.04639,0.006,2293,61,2291,2094,54,1.095033,0,,/home/carsten/Projects/MAPF/MAPF Evaluator/results/pptl-random32-20/runs/pp_guided_tl_shortest/random-32-32-20/random-32-32-20-random-4_a100_s2_r0,,,"{""agents"": ""100"", ""comp_time"": ""6"", ""first_ms"": ""6.3"", ""makespan"": ""61"", ""makespan_lb"": ""54"", ""map_file"": ""random-32-32-20.map"", ""pp_demote_rounds"": ""0"", ""pp_failed"": ""0"", ""pp_order"": ""shortest"", ""pp_plan_ms"": ""3.2"", ""pp_plan_soc"": ""2293"", ""pp_tl"": ""0"", ""pp_used"": ""1"", ""seed"": ""2"", ""soc"": ""2293"", ""soc_lb"": ""2094"", ""solved"": ""1"", ""solver"": ""planner"", ""sum_of_loss"": ""2292"", ""sum_of_loss_lb"": ""2094""}"
pp_guided_tl:shortest,PP-guided (shortest first),random-32-32-20,random-32-32-20-random-4,100,1,30.0,solved,0.066025,0.007,2293,61,2291,2094,54,1.095033,0,,/home/carsten/Projects/MAPF/MAPF Evaluator/results/pptl-random32-20/runs/pp_guided_tl_shortest/random-32-32-20/random-32-32-20-random-4_a100_s1_r0,,,"{""agents"": ""100"", ""comp_time"": ""7"", ""first_ms"": ""6.4"", ""makespan"": ""61"", ""makespan_lb"": ""54"", ""map_file"": ""random-32-32-20.map"", ""pp_demote_rounds"": ""0"", ""pp_failed"": ""0"", ""pp_order"": ""shortest"", ""pp_plan_ms"": ""3.2"", ""pp_plan_soc"": ""2293"", ""pp_tl"": ""0"", ""pp_used"": ""1"", ""seed"": ""1"", ""soc"": ""2293"", ""soc_lb"": ""2094"", ""solved"": ""1"", ""solver"": ""planner"", ""sum_of_loss"": ""2292"", ""sum_of_loss_lb"": ""2094""}"
pp_guided_tl:shortest_tl,PP-guided (shortest first) + traffic load in SIPP,random-32-32-20,random-32-32-20-random-4,100,0,30.0,solved,0.040365,0.007,2266,60,2266,2094,54,1.082139,0,,/home/carsten/Projects/MAPF/MAPF Evaluator/results/pptl-random32-20/runs/pp_guided_tl_shortest_tl/random-32-32-20/random-32-32-20-random-4_a100_s0_r0,,,"{""agents"": ""100"", ""comp_time"": ""7"", ""first_ms"": ""7.3"", ""makespan"": ""60"", ""makespan_lb"": ""54"", ""map_file"": ""random-32-32-20.map"", ""pp_demote_rounds"": ""0"", ""pp_failed"": ""0"", ""pp_order"": ""shortest"", ""pp_plan_ms"": ""3.8"", ""pp_plan_soc"": ""2266"", ""pp_tl"": ""1"", ""pp_used"": ""1"", ""seed"": ""0"", ""soc"": ""2266"", ""soc_lb"": ""2094"", ""solved"": ""1"", ""solver"": ""planner"", ""sum_of_loss"": ""2266"", ""sum_of_loss_lb"": ""2094""}"
pp_guided_tl:shortest_tl,PP-guided (shortest first) + traffic load in SIPP,random-32-32-20,random-32-32-20-random-4,100,1,30.0,solved,0.044097,0.007,2266,60,2266,2094,54,1.082139,0,,/home/carsten/Projects/MAPF/MAPF Evaluator/results/pptl-random32-20/runs/pp_guided_tl_shortest_tl/random-32-32-20/random-32-32-20-random-4_a100_s1_r0,,,"{""agents"": ""100"", ""comp_time"": ""7"", ""first_ms"": ""7.2"", ""makespan"": ""60"", ""makespan_lb"": ""54"", ""map_file"": ""random-32-32-20.map"", ""pp_demote_rounds"": ""0"", ""pp_failed"": ""0"", ""pp_order"": ""shortest"", ""pp_plan_ms"": ""3.7"", ""pp_plan_soc"": ""2266"", ""pp_tl"": ""1"", ""pp_used"": ""1"", ""seed"": ""1"", ""soc"": ""2266"", ""soc_lb"": ""2094"", ""solved"": ""1"", ""solver"": ""planner"", ""sum_of_loss"": ""2266"", ""sum_of_loss_lb"": ""2094""}"
pp_guided_tl:traffic,PP-guided (traffic-last),random-32-32-20,random-32-32-20-random-4,100,1,30.0,solved,0.036117,0.01,2756,54,2426,2094,54,1.316141,0,,/home/carsten/Projects/MAPF/MAPF Evaluator/results/pptl-random32-20/runs/pp_guided_tl_traffic/random-32-32-20/random-32-32-20-random-4_a100_s1_r0,,,"{""agents"": ""100"", ""comp_time"": ""10"", ""first_ms"": ""10.2"", ""makespan"": ""54"", ""makespan_lb"": ""54"", ""map_file"": ""random-32-32-20.map"", ""pp_demote_rounds"": ""1"", ""pp_failed"": ""0"", ""pp_order"": ""traffic-last"", ""pp_plan_ms"": ""7.5"", ""pp_plan_soc"": ""2756"", ""pp_tl"": ""0"", ""pp_used"": ""1"", ""seed"": ""1"", ""soc"": ""2756"", ""soc_lb"": ""2094"", ""solved"": ""1"", ""solver"": ""planner"", ""sum_of_loss"": ""2465"", ""sum_of_loss_lb"": ""2094""}"
pp_guided_tl:shortest_tl,PP-guided (shortest first) + traffic load in SIPP,random-32-32-20,random-32-32-20-random-4,100,2,30.0,solved,0.040619,0.007,2266,60,2266,2094,54,1.082139,0,,/home/carsten/Projects/MAPF/MAPF Evaluator/results/pptl-random32-20/runs/pp_guided_tl_shortest_tl/random-32-32-20/random-32-32-20-random-4_a100_s2_r0,,,"{""agents"": ""100"", ""comp_time"": ""7"", ""first_ms"": ""7.3"", ""makespan"": ""60"", ""makespan_lb"": ""54"", ""map_file"": ""random-32-32-20.map"", ""pp_demote_rounds"": ""0"", ""pp_failed"": ""0"", ""pp_order"": ""shortest"", ""pp_plan_ms"": ""3.9"", ""pp_plan_soc"": ""2266"", ""pp_tl"": ""1"", ""pp_used"": ""1"", ""seed"": ""2"", ""soc"": ""2266"", ""soc_lb"": ""2094"", ""solved"": ""1"", ""solver"": ""planner"", ""sum_of_loss"": ""2266"", ""sum_of_loss_lb"": ""2094""}"
pp_guided_tl:traffic,PP-guided (traffic-last),random-32-32-20,random-32-32-20-random-4,100,2,30.0,solved,0.036735,0.011,2756,54,2426,2094,54,1.316141,0,,/home/carsten/Projects/MAPF/MAPF Evaluator/results/pptl-random32-20/runs/pp_guided_tl_traffic/random-32-32-20/random-32-32-20-random-4_a100_s2_r0,,,"{""agents"": ""100"", ""comp_time"": ""11"", ""first_ms"": ""11.2"", ""makespan"": ""54"", ""makespan_lb"": ""54"", ""map_file"": ""random-32-32-20.map"", ""pp_demote_rounds"": ""1"", ""pp_failed"": ""0"", ""pp_order"": ""traffic-last"", ""pp_plan_ms"": ""7.8"", ""pp_plan_soc"": ""2756"", ""pp_tl"": ""0"", ""pp_used"": ""1"", ""seed"": ""2"", ""soc"": ""2756"", ""soc_lb"": ""2094"", ""solved"": ""1"", ""solver"": ""planner"", ""sum_of_loss"": ""2465"", ""sum_of_loss_lb"": ""2094""}"
pp_guided_tl:traffic,PP-guided (traffic-last),random-32-32-20,random-32-32-20-random-4,100,0,30.0,solved,0.103375,0.011,2756,54,2426,2094,54,1.316141,0,,/home/carsten/Projects/MAPF/MAPF Evaluator/results/pptl-random32-20/runs/pp_guided_tl_traffic/random-32-32-20/random-32-32-20-random-4_a100_s0_r0,,,"{""agents"": ""100"", ""comp_time"": ""11"", ""first_ms"": ""10.4"", ""makespan"": ""54"", ""makespan_lb"": ""54"", ""map_file"": ""random-32-32-20.map"", ""pp_demote_rounds"": ""1"", ""pp_failed"": ""0"", ""pp_order"": ""traffic-last"", ""pp_plan_ms"": ""7.5"", ""pp_plan_soc"": ""2756"", ""pp_tl"": ""0"", ""pp_used"": ""1"", ""seed"": ""0"", ""soc"": ""2756"", ""soc_lb"": ""2094"", ""solved"": ""1"", ""solver"": ""planner"", ""sum_of_loss"": ""2465"", ""sum_of_loss_lb"": ""2094""}"
pp_guided_tl:traffic_tl,PP-guided (traffic-last) + traffic load in SIPP,random-32-32-20,random-32-32-20-random-4,100,0,30.0,solved,0.053693,0.009,2777,54,2398,2094,54,1.32617,0,,/home/carsten/Projects/MAPF/MAPF Evaluator/results/pptl-random32-20/runs/pp_guided_tl_traffic_tl/random-32-32-20/random-32-32-20-random-4_a100_s0_r0,,,"{""agents"": ""100"", ""comp_time"": ""9"", ""first_ms"": ""8.3"", ""makespan"": ""54"", ""makespan_lb"": ""54"", ""map_file"": ""random-32-32-20.map"", ""pp_demote_rounds"": ""0"", ""pp_failed"": ""0"", ""pp_order"": ""traffic-last"", ""pp_plan_ms"": ""5.2"", ""pp_plan_soc"": ""2777"", ""pp_tl"": ""1"", ""pp_used"": ""1"", ""seed"": ""0"", ""soc"": ""2777"", ""soc_lb"": ""2094"", ""solved"": ""1"", ""solver"": ""planner"", ""sum_of_loss"": ""2432"", ""sum_of_loss_lb"": ""2094""}"
pp_guided_tl:traffic_tl,PP-guided (traffic-last) + traffic load in SIPP,random-32-32-20,random-32-32-20-random-4,100,1,30.0,solved,0.043814,0.008,2777,54,2398,2094,54,1.32617,0,,/home/carsten/Projects/MAPF/MAPF Evaluator/results/pptl-random32-20/runs/pp_guided_tl_traffic_tl/random-32-32-20/random-32-32-20-random-4_a100_s1_r0,,,"{""agents"": ""100"", ""comp_time"": ""8"", ""first_ms"": ""8.2"", ""makespan"": ""54"", ""makespan_lb"": ""54"", ""map_file"": ""random-32-32-20.map"", ""pp_demote_rounds"": ""0"", ""pp_failed"": ""0"", ""pp_order"": ""traffic-last"", ""pp_plan_ms"": ""4.8"", ""pp_plan_soc"": ""2777"", ""pp_tl"": ""1"", ""pp_used"": ""1"", ""seed"": ""1"", ""soc"": ""2777"", ""soc_lb"": ""2094"", ""solved"": ""1"", ""solver"": ""planner"", ""sum_of_loss"": ""2432"", ""sum_of_loss_lb"": ""2094""}"
pp_guided_tl:traffic_tl,PP-guided (traffic-last) + traffic load in SIPP,random-32-32-20,random-32-32-20-random-4,100,2,30.0,solved,0.069708,0.008,2777,54,2398,2094,54,1.32617,0,,/home/carsten/Projects/MAPF/MAPF Evaluator/results/pptl-random32-20/runs/pp_guided_tl_traffic_tl/random-32-32-20/random-32-32-20-random-4_a100_s2_r0,,,"{""agents"": ""100"", ""comp_time"": ""8"", ""first_ms"": ""8.2"", ""makespan"": ""54"", ""makespan_lb"": ""54"", ""map_file"": ""random-32-32-20.map"", ""pp_demote_rounds"": ""0"", ""pp_failed"": ""0"", ""pp_order"": ""traffic-last"", ""pp_plan_ms"": ""4.8"", ""pp_plan_soc"": ""2777"", ""pp_tl"": ""1"", ""pp_used"": ""1"", ""seed"": ""2"", ""soc"": ""2777"", ""soc_lb"": ""2094"", ""solved"": ""1"", ""solver"": ""planner"", ""sum_of_loss"": ""2432"", ""sum_of_loss_lb"": ""2094""}"
pp_guided_tl:shortest,PP-guided (shortest first),random-32-32-20,random-32-32-20-random-4,150,0,30.0,solved,0.087115,0.023,4021,68,3919,3273,54,1.228537,0,,/home/carsten/Projects/MAPF/MAPF Evaluator/results/pptl-random32-20/runs/pp_guided_tl_shortest/random-32-32-20/random-32-32-20-random-4_a150_s0_r0,,,"{""agents"": ""150"", ""comp_time"": ""23"", ""first_ms"": ""22.5"", ""makespan"": ""68"", ""makespan_lb"": ""54"", ""map_file"": ""random-32-32-20.map"", ""pp_demote_rounds"": ""1"", ""pp_failed"": ""0"", ""pp_order"": ""shortest"", ""pp_plan_ms"": ""18.2"", ""pp_plan_soc"": ""4021"", ""pp_tl"": ""0"", ""pp_used"": ""1"", ""seed"": ""0"", ""soc"": ""4021"", ""soc_lb"": ""3273"", ""solved"": ""1"", ""solver"": ""planner"", ""sum_of_loss"": ""3934"", ""sum_of_loss_lb"": ""3273""}"
pp_guided_tl:shortest,PP-guided (shortest first),random-32-32-20,random-32-32-20-random-4,150,1,30.0,solved,0.071886,0.023,4021,68,3919,3273,54,1.228537,0,,/home/carsten/Projects/MAPF/MAPF Evaluator/results/pptl-random32-20/runs/pp_guided_tl_shortest/random-32-32-20/random-32-32-20-random-4_a150_s1_r0,,,"{""agents"": ""150"", ""comp_time"": ""23"", ""first_ms"": ""22.5"", ""makespan"": ""68"", ""makespan_lb"": ""54"", ""map_file"": ""random-32-32-20.map"", ""pp_demote_rounds"": ""1"", ""pp_failed"": ""0"", ""pp_order"": ""shortest"", ""pp_plan_ms"": ""18.5"", ""pp_plan_soc"": ""4021"", ""pp_tl"": ""0"", ""pp_used"": ""1"", ""seed"": ""1"", ""soc"": ""4021"", ""soc_lb"": ""3273"", ""solved"": ""1"", ""solver"": ""planner"", ""sum_of_loss"": ""3934"", ""sum_of_loss_lb"": ""3273""}"
pp_guided_tl:shortest,PP-guided (shortest first),random-32-32-20,random-32-32-20-random-4,150,2,30.0,solved,0.124927,0.023,4021,68,3919,3273,54,1.228537,0,,/home/carsten/Projects/MAPF/MAPF Evaluator/results/pptl-random32-20/runs/pp_guided_tl_shortest/random-32-32-20/random-32-32-20-random-4_a150_s2_r0,,,"{""agents"": ""150"", ""comp_time"": ""23"", ""first_ms"": ""22.4"", ""makespan"": ""68"", ""makespan_lb"": ""54"", ""map_file"": ""random-32-32-20.map"", ""pp_demote_rounds"": ""1"", ""pp_failed"": ""0"", ""pp_order"": ""shortest"", ""pp_plan_ms"": ""18.4"", ""pp_plan_soc"": ""4021"", ""pp_tl"": ""0"", ""pp_used"": ""1"", ""seed"": ""2"", ""soc"": ""4021"", ""soc_lb"": ""3273"", ""solved"": ""1"", ""solver"": ""planner"", ""sum_of_loss"": ""3934"", ""sum_of_loss_lb"": ""3273""}"
pp_guided_tl:shortest_tl,PP-guided (shortest first) + traffic load in SIPP,random-32-32-20,random-32-32-20-random-4,150,0,30.0,solved,0.098192,0.025,3962,68,3871,3273,54,1.21051,0,,/home/carsten/Projects/MAPF/MAPF Evaluator/results/pptl-random32-20/runs/pp_guided_tl_shortest_tl/random-32-32-20/random-32-32-20-random-4_a150_s0_r0,,,"{""agents"": ""150"", ""comp_time"": ""25"", ""first_ms"": ""25.4"", ""makespan"": ""68"", ""makespan_lb"": ""54"", ""map_file"": ""random-32-32-20.map"", ""pp_demote_rounds"": ""1"", ""pp_failed"": ""0"", ""pp_order"": ""shortest"", ""pp_plan_ms"": ""20.5"", ""pp_plan_soc"": ""3962"", ""pp_tl"": ""1"", ""pp_used"": ""1"", ""seed"": ""0"", ""soc"": ""3962"", ""soc_lb"": ""3273"", ""solved"": ""1"", ""solver"": ""planner"", ""sum_of_loss"": ""3882"", ""sum_of_loss_lb"": ""3273""}"
pp_guided_tl:shortest_tl,PP-guided (shortest first) + traffic load in SIPP,random-32-32-20,random-32-32-20-random-4,150,1,30.0,solved,0.086786,0.026,3962,68,3871,3273,54,1.21051,0,,/home/carsten/Projects/MAPF/MAPF Evaluator/results/pptl-random32-20/runs/pp_guided_tl_shortest_tl/random-32-32-20/random-32-32-20-random-4_a150_s1_r0,,,"{""agents"": ""150"", ""comp_time"": ""26"", ""first_ms"": ""25.6"", ""makespan"": ""68"", ""makespan_lb"": ""54"", ""map_file"": ""random-32-32-20.map"", ""pp_demote_rounds"": ""1"", ""pp_failed"": ""0"", ""pp_order"": ""shortest"", ""pp_plan_ms"": ""20.7"", ""pp_plan_soc"": ""3962"", ""pp_tl"": ""1"", ""pp_used"": ""1"", ""seed"": ""1"", ""soc"": ""3962"", ""soc_lb"": ""3273"", ""solved"": ""1"", ""solver"": ""planner"", ""sum_of_loss"": ""3882"", ""sum_of_loss_lb"": ""3273""}"
pp_guided_tl:shortest_tl,PP-guided (shortest first) + traffic load in SIPP,random-32-32-20,random-32-32-20-random-4,150,2,30.0,solved,0.073886,0.026,3962,68,3871,3273,54,1.21051,0,,/home/carsten/Projects/MAPF/MAPF Evaluator/results/pptl-random32-20/runs/pp_guided_tl_shortest_tl/random-32-32-20/random-32-32-20-random-4_a150_s2_r0,,,"{""agents"": ""150"", ""comp_time"": ""26"", ""first_ms"": ""25.6"", ""makespan"": ""68"", ""makespan_lb"": ""54"", ""map_file"": ""random-32-32-20.map"", ""pp_demote_rounds"": ""1"", ""pp_failed"": ""0"", ""pp_order"": ""shortest"", ""pp_plan_ms"": ""20.7"", ""pp_plan_soc"": ""3962"", ""pp_tl"": ""1"", ""pp_used"": ""1"", ""seed"": ""2"", ""soc"": ""3962"", ""soc_lb"": ""3273"", ""solved"": ""1"", ""solver"": ""planner"", ""sum_of_loss"": ""3882"", ""sum_of_loss_lb"": ""3273""}"
pp_guided_tl:traffic,PP-guided (traffic-last),random-32-32-20,random-32-32-20-random-4,150,0,30.0,solved,0.045212,0.021,4589,56,3975,3273,54,1.402078,0,,/home/carsten/Projects/MAPF/MAPF Evaluator/results/pptl-random32-20/runs/pp_guided_tl_traffic/random-32-32-20/random-32-32-20-random-4_a150_s0_r0,,,"{""agents"": ""150"", ""comp_time"": ""21"", ""first_ms"": ""20.5"", ""makespan"": ""56"", ""makespan_lb"": ""54"", ""map_file"": ""random-32-32-20.map"", ""pp_demote_rounds"": ""1"", ""pp_failed"": ""0"", ""pp_order"": ""traffic-last"", ""pp_plan_ms"": ""15.9"", ""pp_plan_soc"": ""4589"", ""pp_tl"": ""0"", ""pp_used"": ""1"", ""seed"": ""0"", ""soc"": ""4589"", ""soc_lb"": ""3273"", ""solved"": ""1"", ""solver"": ""planner"", ""sum_of_loss"": ""4045"", ""sum_of_loss_lb"": ""3273""}"
pp_guided_tl:traffic,PP-guided (traffic-last),random-32-32-20,random-32-32-20-random-4,150,1,30.0,solved,0.145973,0.02,4589,56,3975,3273,54,1.402078,0,,/home/carsten/Projects/MAPF/MAPF Evaluator/results/pptl-random32-20/runs/pp_guided_tl_traffic/random-32-32-20/random-32-32-20-random-4_a150_s1_r0,,,"{""agents"": ""150"", ""comp_time"": ""20"", ""first_ms"": ""20.2"", ""makespan"": ""56"", ""makespan_lb"": ""54"", ""map_file"": ""random-32-32-20.map"", ""pp_demote_rounds"": ""1"", ""pp_failed"": ""0"", ""pp_order"": ""traffic-last"", ""pp_plan_ms"": ""15.5"", ""pp_plan_soc"": ""4589"", ""pp_tl"": ""0"", ""pp_used"": ""1"", ""seed"": ""1"", ""soc"": ""4589"", ""soc_lb"": ""3273"", ""solved"": ""1"", ""solver"": ""planner"", ""sum_of_loss"": ""4045"", ""sum_of_loss_lb"": ""3273""}"
pp_guided_tl:traffic_tl,PP-guided (traffic-last) + traffic load in SIPP,random-32-32-20,random-32-32-20-random-4,150,1,30.0,solved,0.050945,0.017,4484,54,3977,3273,54,1.369997,0,,/home/carsten/Projects/MAPF/MAPF Evaluator/results/pptl-random32-20/runs/pp_guided_tl_traffic_tl/random-32-32-20/random-32-32-20-random-4_a150_s1_r0,,,"{""agents"": ""150"", ""comp_time"": ""17"", ""first_ms"": ""16.5"", ""makespan"": ""54"", ""makespan_lb"": ""54"", ""map_file"": ""random-32-32-20.map"", ""pp_demote_rounds"": ""0"", ""pp_failed"": ""0"", ""pp_order"": ""traffic-last"", ""pp_plan_ms"": ""11.1"", ""pp_plan_soc"": ""4484"", ""pp_tl"": ""1"", ""pp_used"": ""1"", ""seed"": ""1"", ""soc"": ""4484"", ""soc_lb"": ""3273"", ""solved"": ""1"", ""solver"": ""planner"", ""sum_of_loss"": ""4035"", ""sum_of_loss_lb"": ""3273""}"
pp_guided_tl:traffic_tl,PP-guided (traffic-last) + traffic load in SIPP,random-32-32-20,random-32-32-20-random-4,150,0,30.0,solved,0.061362,0.017,4484,54,3977,3273,54,1.369997,0,,/home/carsten/Projects/MAPF/MAPF Evaluator/results/pptl-random32-20/runs/pp_guided_tl_traffic_tl/random-32-32-20/random-32-32-20-random-4_a150_s0_r0,,,"{""agents"": ""150"", ""comp_time"": ""17"", ""first_ms"": ""16.4"", ""makespan"": ""54"", ""makespan_lb"": ""54"", ""map_file"": ""random-32-32-20.map"", ""pp_demote_rounds"": ""0"", ""pp_failed"": ""0"", ""pp_order"": ""traffic-last"", ""pp_plan_ms"": ""11.0"", ""pp_plan_soc"": ""4484"", ""pp_tl"": ""1"", ""pp_used"": ""1"", ""seed"": ""0"", ""soc"": ""4484"", ""soc_lb"": ""3273"", ""solved"": ""1"", ""solver"": ""planner"", ""sum_of_loss"": ""4035"", ""sum_of_loss_lb"": ""3273""}"
pp_guided_tl:traffic,PP-guided (traffic-last),random-32-32-20,random-32-32-20-random-4,150,2,30.0,solved,0.064542,0.021,4589,56,3975,3273,54,1.402078,0,,/home/carsten/Projects/MAPF/MAPF Evaluator/results/pptl-random32-20/runs/pp_guided_tl_traffic/random-32-32-20/random-32-32-20-random-4_a150_s2_r0,,,"{""agents"": ""150"", ""comp_time"": ""21"", ""first_ms"": ""20.4"", ""makespan"": ""56"", ""makespan_lb"": ""54"", ""map_file"": ""random-32-32-20.map"", ""pp_demote_rounds"": ""1"", ""pp_failed"": ""0"", ""pp_order"": ""traffic-last"", ""pp_plan_ms"": ""16.0"", ""pp_plan_soc"": ""4589"", ""pp_tl"": ""0"", ""pp_used"": ""1"", ""seed"": ""2"", ""soc"": ""4589"", ""soc_lb"": ""3273"", ""solved"": ""1"", ""solver"": ""planner"", ""sum_of_loss"": ""4045"", ""sum_of_loss_lb"": ""3273""}"
pp_guided_tl:traffic_tl,PP-guided (traffic-last) + traffic load in SIPP,random-32-32-20,random-32-32-20-random-4,150,2,30.0,solved,0.150026,0.016,4484,54,3977,3273,54,1.369997,0,,/home/carsten/Projects/MAPF/MAPF Evaluator/results/pptl-random32-20/runs/pp_guided_tl_traffic_tl/random-32-32-20/random-32-32-20-random-4_a150_s2_r0,,,"{""agents"": ""150"", ""comp_time"": ""16"", ""first_ms"": ""16.3"", ""makespan"": ""54"", ""makespan_lb"": ""54"", ""map_file"": ""random-32-32-20.map"", ""pp_demote_rounds"": ""0"", ""pp_failed"": ""0"", ""pp_order"": ""traffic-last"", ""pp_plan_ms"": ""10.9"", ""pp_plan_soc"": ""4484"", ""pp_tl"": ""1"", ""pp_used"": ""1"", ""seed"": ""2"", ""soc"": ""4484"", ""soc_lb"": ""3273"", ""solved"": ""1"", ""solver"": ""planner"", ""sum_of_loss"": ""4035"", ""sum_of_loss_lb"": ""3273""}"
pp_guided_tl:shortest,PP-guided (shortest first),random-32-32-20,random-32-32-20-random-4,200,0,30.0,solved,0.134108,0.095,6045,82,5865,4353,54,1.388697,0,,/home/carsten/Projects/MAPF/MAPF Evaluator/results/pptl-random32-20/runs/pp_guided_tl_shortest/random-32-32-20/random-32-32-20-random-4_a200_s0_r0,,,"{""agents"": ""200"", ""comp_time"": ""95"", ""first_ms"": ""94.3"", ""makespan"": ""82"", ""makespan_lb"": ""54"", ""map_file"": ""random-32-32-20.map"", ""pp_demote_rounds"": ""4"", ""pp_failed"": ""0"", ""pp_order"": ""shortest"", ""pp_plan_ms"": ""88.1"", ""pp_plan_soc"": ""6045"", ""pp_tl"": ""0"", ""pp_used"": ""1"", ""seed"": ""0"", ""soc"": ""6045"", ""soc_lb"": ""4353"", ""solved"": ""1"", ""solver"": ""planner"", ""sum_of_loss"": ""5887"", ""sum_of_loss_lb"": ""4353""}"
pp_guided_tl:shortest,PP-guided (shortest first),random-32-32-20,random-32-32-20-random-4,200,2,30.0,solved,0.124851,0.096,6045,82,5865,4353,54,1.388697,0,,/home/carsten/Projects/MAPF/MAPF Evaluator/results/pptl-random32-20/runs/pp_guided_tl_shortest/random-32-32-20/random-32-32-20-random-4_a200_s2_r0,,,"{""agents"": ""200"", ""comp_time"": ""96"", ""first_ms"": ""96.6"", ""makespan"": ""82"", ""makespan_lb"": ""54"", ""map_file"": ""random-32-32-20.map"", ""pp_demote_rounds"": ""4"", ""pp_failed"": ""0"", ""pp_order"": ""shortest"", ""pp_plan_ms"": ""88.9"", ""pp_plan_soc"": ""6045"", ""pp_tl"": ""0"", ""pp_used"": ""1"", ""seed"": ""2"", ""soc"": ""6045"", ""soc_lb"": ""4353"", ""solved"": ""1"", ""solver"": ""planner"", ""sum_of_loss"": ""5887"", ""sum_of_loss_lb"": ""4353""}"
pp_guided_tl:shortest,PP-guided (shortest first),random-32-32-20,random-32-32-20-random-4,200,1,30.0,solved,0.169667,0.096,6045,82,5865,4353,54,1.388697,0,,/home/carsten/Projects/MAPF/MAPF Evaluator/results/pptl-random32-20/runs/pp_guided_tl_shortest/random-32-32-20/random-32-32-20-random-4_a200_s1_r0,,,"{""agents"": ""200"", ""comp_time"": ""96"", ""first_ms"": ""95.6"", ""makespan"": ""82"", ""makespan_lb"": ""54"", ""map_file"": ""random-32-32-20.map"", ""pp_demote_rounds"": ""4"", ""pp_failed"": ""0"", ""pp_order"": ""shortest"", ""pp_plan_ms"": ""88.6"", ""pp_plan_soc"": ""6045"", ""pp_tl"": ""0"", ""pp_used"": ""1"", ""seed"": ""1"", ""soc"": ""6045"", ""soc_lb"": ""4353"", ""solved"": ""1"", ""solver"": ""planner"", ""sum_of_loss"": ""5887"", ""sum_of_loss_lb"": ""4353""}"
pp_guided_tl:shortest_tl,PP-guided (shortest first) + traffic load in SIPP,random-32-32-20,random-32-32-20-random-4,200,0,30.0,solved,0.146649,0.098,5977,73,5894,4353,54,1.373076,0,,/home/carsten/Projects/MAPF/MAPF Evaluator/results/pptl-random32-20/runs/pp_guided_tl_shortest_tl/random-32-32-20/random-32-32-20-random-4_a200_s0_r0,,,"{""agents"": ""200"", ""comp_time"": ""98"", ""first_ms"": ""98.8"", ""makespan"": ""73"", ""makespan_lb"": ""54"", ""map_file"": ""random-32-32-20.map"", ""pp_demote_rounds"": ""4"", ""pp_failed"": ""0"", ""pp_order"": ""shortest"", ""pp_plan_ms"": ""91.5"", ""pp_plan_soc"": ""5977"", ""pp_tl"": ""1"", ""pp_used"": ""1"", ""seed"": ""0"", ""soc"": ""5977"", ""soc_lb"": ""4353"", ""solved"": ""1"", ""solver"": ""planner"", ""sum_of_loss"": ""5907"", ""sum_of_loss_lb"": ""4353""}"
pp_guided_tl:shortest_tl,PP-guided (shortest first) + traffic load in SIPP,random-32-32-20,random-32-32-20-random-4,200,1,30.0,solved,0.176599,0.099,5977,73,5894,4353,54,1.373076,0,,/home/carsten/Projects/MAPF/MAPF Evaluator/results/pptl-random32-20/runs/pp_guided_tl_shortest_tl/random-32-32-20/random-32-32-20-random-4_a200_s1_r0,,,"{""agents"": ""200"", ""comp_time"": ""99"", ""first_ms"": ""98.3"", ""makespan"": ""73"", ""makespan_lb"": ""54"", ""map_file"": ""random-32-32-20.map"", ""pp_demote_rounds"": ""4"", ""pp_failed"": ""0"", ""pp_order"": ""shortest"", ""pp_plan_ms"": ""91.1"", ""pp_plan_soc"": ""5977"", ""pp_tl"": ""1"", ""pp_used"": ""1"", ""seed"": ""1"", ""soc"": ""5977"", ""soc_lb"": ""4353"", ""solved"": ""1"", ""solver"": ""planner"", ""sum_of_loss"": ""5907"", ""sum_of_loss_lb"": ""4353""}"
pp_guided_tl:shortest_tl,PP-guided (shortest first) + traffic load in SIPP,random-32-32-20,random-32-32-20-random-4,200,2,30.0,solved,0.178809,0.098,5977,73,5894,4353,54,1.373076,0,,/home/carsten/Projects/MAPF/MAPF Evaluator/results/pptl-random32-20/runs/pp_guided_tl_shortest_tl/random-32-32-20/random-32-32-20-random-4_a200_s2_r0,,,"{""agents"": ""200"", ""comp_time"": ""98"", ""first_ms"": ""97.8"", ""makespan"": ""73"", ""makespan_lb"": ""54"", ""map_file"": ""random-32-32-20.map"", ""pp_demote_rounds"": ""4"", ""pp_failed"": ""0"", ""pp_order"": ""shortest"", ""pp_plan_ms"": ""91.3"", ""pp_plan_soc"": ""5977"", ""pp_tl"": ""1"", ""pp_used"": ""1"", ""seed"": ""2"", ""soc"": ""5977"", ""soc_lb"": ""4353"", ""solved"": ""1"", ""solver"": ""planner"", ""sum_of_loss"": ""5907"", ""sum_of_loss_lb"": ""4353""}"
pp_guided_tl:traffic,PP-guided (traffic-last),random-32-32-20,random-32-32-20-random-4,200,0,30.0,solved,0.091263,0.046,6338,58,5481,4353,54,1.456007,0,,/home/carsten/Projects/MAPF/MAPF Evaluator/results/pptl-random32-20/runs/pp_guided_tl_traffic/random-32-32-20/random-32-32-20-random-4_a200_s0_r0,,,"{""agents"": ""200"", ""comp_time"": ""46"", ""first_ms"": ""46.7"", ""makespan"": ""58"", ""makespan_lb"": ""54"", ""map_file"": ""random-32-32-20.map"", ""pp_demote_rounds"": ""2"", ""pp_failed"": ""0"", ""pp_order"": ""traffic-last"", ""pp_plan_ms"": ""39.8"", ""pp_plan_soc"": ""6338"", ""pp_tl"": ""0"", ""pp_used"": ""1"", ""seed"": ""0"", ""soc"": ""6338"", ""soc_lb"": ""4353"", ""solved"": ""1"", ""solver"": ""planner"", ""sum_of_loss"": ""5587"", ""sum_of_loss_lb"": ""4353""}"
pp_guided_tl:traffic,PP-guided (traffic-last),random-32-32-20,random-32-32-20-random-4,200,1,30.0,solved,0.133782,0.047,6338,58,5481,4353,54,1.456007,0,,/home/carsten/Projects/MAPF/MAPF Evaluator/results/pptl-random32-20/runs/pp_guided_tl_traffic/random-32-32-20/random-32-32-20-random-4_a200_s1_r0,,,"{""agents"": ""200"", ""comp_time"": ""47"", ""first_ms"": ""47.3"", ""makespan"": ""58"", ""makespan_lb"": ""54"", ""map_file"": ""random-32-32-20.map"", ""pp_demote_rounds"": ""2"", ""pp_failed"": ""0"", ""pp_order"": ""traffic-last"", ""pp_plan_ms"": ""40.4"", ""pp_plan_soc"": ""6338"", ""pp_tl"": ""0"", ""pp_used"": ""1"", ""seed"": ""1"", ""soc"": ""6338"", ""soc_lb"": ""4353"", ""solved"": ""1"", ""solver"": ""planner"", ""sum_of_loss"": ""5587"", ""sum_of_loss_lb"": ""4353""}"
pp_guided_tl:traffic,PP-guided (traffic-last),random-32-32-20,random-32-32-20-random-4,200,2,30.0,solved,0.123922,0.045,6338,58,5481,4353,54,1.456007,0,,/home/carsten/Projects/MAPF/MAPF Evaluator/results/pptl-random32-20/runs/pp_guided_tl_traffic/random-32-32-20/random-32-32-20-random-4_a200_s2_r0,,,"{""agents"": ""200"", ""comp_time"": ""45"", ""first_ms"": ""45.4"", ""makespan"": ""58"", ""makespan_lb"": ""54"", ""map_file"": ""random-32-32-20.map"", ""pp_demote_rounds"": ""2"", ""pp_failed"": ""0"", ""pp_order"": ""traffic-last"", ""pp_plan_ms"": ""39.1"", ""pp_plan_soc"": ""6338"", ""pp_tl"": ""0"", ""pp_used"": ""1"", ""seed"": ""2"", ""soc"": ""6338"", ""soc_lb"": ""4353"", ""solved"": ""1"", ""solver"": ""planner"", ""sum_of_loss"": ""5587"", ""sum_of_loss_lb"": ""4353""}"
pp_guided_tl:shortest,PP-guided (shortest first),random-32-32-20,random-32-32-20-random-5,50,0,30.0,solved,0.007402,0.002,1272,50,1272,1216,48,1.046053,0,,/home/carsten/Projects/MAPF/MAPF Evaluator/results/pptl-random32-20/runs/pp_guided_tl_shortest/random-32-32-20/random-32-32-20-random-5_a50_s0_r0,,,"{""agents"": ""50"", ""comp_time"": ""2"", ""first_ms"": ""2.2"", ""makespan"": ""50"", ""makespan_lb"": ""48"", ""map_file"": ""random-32-32-20.map"", ""pp_demote_rounds"": ""0"", ""pp_failed"": ""0"", ""pp_order"": ""shortest"", ""pp_plan_ms"": ""1.1"", ""pp_plan_soc"": ""1272"", ""pp_tl"": ""0"", ""pp_used"": ""1"", ""seed"": ""0"", ""soc"": ""1272"", ""soc_lb"": ""1216"", ""solved"": ""1"", ""solver"": ""planner"", ""sum_of_loss"": ""1272"", ""sum_of_loss_lb"": ""1216""}"
pp_guided_tl:traffic_tl,PP-guided (traffic-last) + traffic load in SIPP,random-32-32-20,random-32-32-20-random-4,200,0,30.0,solved,0.095899,0.041,6276,55,5629,4353,54,1.441764,0,,/home/carsten/Projects/MAPF/MAPF Evaluator/results/pptl-random32-20/runs/pp_guided_tl_traffic_tl/random-32-32-20/random-32-32-20-random-4_a200_s0_r0,,,"{""agents"": ""200"", ""comp_time"": ""41"", ""first_ms"": ""41.5"", ""makespan"": ""55"", ""makespan_lb"": ""54"", ""map_file"": ""random-32-32-20.map"", ""pp_demote_rounds"": ""1"", ""pp_failed"": ""0"", ""pp_order"": ""traffic-last"", ""pp_plan_ms"": ""34.1"", ""pp_plan_soc"": ""6276"", ""pp_tl"": ""1"", ""pp_used"": ""1"", ""seed"": ""0"", ""soc"": ""6276"", ""soc_lb"": ""4353"", ""solved"": ""1"", ""solver"": ""planner"", ""sum_of_loss"": ""5717"", ""sum_of_loss_lb"": ""4353""}"
pp_guided_tl:traffic_tl,PP-guided (traffic-last) + traffic load in SIPP,random-32-32-20,random-32-32-20-random-4,200,1,30.0,solved,0.063025,0.042,6276,55,5629,4353,54,1.441764,0,,/home/carsten/Projects/MAPF/MAPF Evaluator/results/pptl-random32-20/runs/pp_guided_tl_traffic_tl/random-32-32-20/random-32-32-20-random-4_a200_s1_r0,,,"{""agents"": ""200"", ""comp_time"": ""42"", ""first_ms"": ""41.4"", ""makespan"": ""55"", ""makespan_lb"": ""54"", ""map_file"": ""random-32-32-20.map"", ""pp_demote_rounds"": ""1"", ""pp_failed"": ""0"", ""pp_order"": ""traffic-last"", ""pp_plan_ms"": ""34.4"", ""pp_plan_soc"": ""6276"", ""pp_tl"": ""1"", ""pp_used"": ""1"", ""seed"": ""1"", ""soc"": ""6276"", ""soc_lb"": ""4353"", ""solved"": ""1"", ""solver"": ""planner"", ""sum_of_loss"": ""5717"", ""sum_of_loss_lb"": ""4353""}"
pp_guided_tl:shortest,PP-guided (shortest first),random-32-32-20,random-32-32-20-random-5,50,1,30.0,solved,0.024101,0.002,1272,50,1272,1216,48,1.046053,0,,/home/carsten/Projects/MAPF/MAPF Evaluator/results/pptl-random32-20/runs/pp_guided_tl_shortest/random-32-32-20/random-32-32-20-random-5_a50_s1_r0,,,"{""agents"": ""50"", ""comp_time"": ""2"", ""first_ms"": ""2.2"", ""makespan"": ""50"", ""makespan_lb"": ""48"", ""map_file"": ""random-32-32-20.map"", ""pp_demote_rounds"": ""0"", ""pp_failed"": ""0"", ""pp_order"": ""shortest"", ""pp_plan_ms"": ""1.1"", ""pp_plan_soc"": ""1272"", ""pp_tl"": ""0"", ""pp_used"": ""1"", ""seed"": ""1"", ""soc"": ""1272"", ""soc_lb"": ""1216"", ""solved"": ""1"", ""solver"": ""planner"", ""sum_of_loss"": ""1272"", ""sum_of_loss_lb"": ""1216""}"
pp_guided_tl:shortest,PP-guided (shortest first),random-32-32-20,random-32-32-20-random-5,50,2,30.0,solved,0.044506,0.002,1272,50,1272,1216,48,1.046053,0,,/home/carsten/Projects/MAPF/MAPF Evaluator/results/pptl-random32-20/runs/pp_guided_tl_shortest/random-32-32-20/random-32-32-20-random-5_a50_s2_r0,,,"{""agents"": ""50"", ""comp_time"": ""2"", ""first_ms"": ""2.1"", ""makespan"": ""50"", ""makespan_lb"": ""48"", ""map_file"": ""random-32-32-20.map"", ""pp_demote_rounds"": ""0"", ""pp_failed"": ""0"", ""pp_order"": ""shortest"", ""pp_plan_ms"": ""1.1"", ""pp_plan_soc"": ""1272"", ""pp_tl"": ""0"", ""pp_used"": ""1"", ""seed"": ""2"", ""soc"": ""1272"", ""soc_lb"": ""1216"", ""solved"": ""1"", ""solver"": ""planner"", ""sum_of_loss"": ""1272"", ""sum_of_loss_lb"": ""1216""}"
pp_guided_tl:traffic_tl,PP-guided (traffic-last) + traffic load in SIPP,random-32-32-20,random-32-32-20-random-4,200,2,30.0,solved,0.099044,0.042,6276,55,5629,4353,54,1.441764,0,,/home/carsten/Projects/MAPF/MAPF Evaluator/results/pptl-random32-20/runs/pp_guided_tl_traffic_tl/random-32-32-20/random-32-32-20-random-4_a200_s2_r0,,,"{""agents"": ""200"", ""comp_time"": ""42"", ""first_ms"": ""42.4"", ""makespan"": ""55"", ""makespan_lb"": ""54"", ""map_file"": ""random-32-32-20.map"", ""pp_demote_rounds"": ""1"", ""pp_failed"": ""0"", ""pp_order"": ""traffic-last"", ""pp_plan_ms"": ""34.7"", ""pp_plan_soc"": ""6276"", ""pp_tl"": ""1"", ""pp_used"": ""1"", ""seed"": ""2"", ""soc"": ""6276"", ""soc_lb"": ""4353"", ""solved"": ""1"", ""solver"": ""planner"", ""sum_of_loss"": ""5717"", ""sum_of_loss_lb"": ""4353""}"
pp_guided_tl:shortest_tl,PP-guided (shortest first) + traffic load in SIPP,random-32-32-20,random-32-32-20-random-5,50,1,30.0,solved,0.042919,0.003,1262,50,1262,1216,48,1.037829,0,,/home/carsten/Projects/MAPF/MAPF Evaluator/results/pptl-random32-20/runs/pp_guided_tl_shortest_tl/random-32-32-20/random-32-32-20-random-5_a50_s1_r0,,,"{""agents"": ""50"", ""comp_time"": ""3"", ""first_ms"": ""3.2"", ""makespan"": ""50"", ""makespan_lb"": ""48"", ""map_file"": ""random-32-32-20.map"", ""pp_demote_rounds"": ""0"", ""pp_failed"": ""0"", ""pp_order"": ""shortest"", ""pp_plan_ms"": ""1.6"", ""pp_plan_soc"": ""1262"", ""pp_tl"": ""1"", ""pp_used"": ""1"", ""seed"": ""1"", ""soc"": ""1262"", ""soc_lb"": ""1216"", ""solved"": ""1"", ""solver"": ""planner"", ""sum_of_loss"": ""1262"", ""sum_of_loss_lb"": ""1216""}"
pp_guided_tl:shortest_tl,PP-guided (shortest first) + traffic load in SIPP,random-32-32-20,random-32-32-20-random-5,50,0,30.0,solved,0.054669,0.003,1262,50,1262,1216,48,1.037829,0,,/home/carsten/Projects/MAPF/MAPF Evaluator/results/pptl-random32-20/runs/pp_guided_tl_shortest_tl/random-32-32-20/random-32-32-20-random-5_a50_s0_r0,,,"{""agents"": ""50"", ""comp_time"": ""3"", ""first_ms"": ""3.1"", ""makespan"": ""50"", ""makespan_lb"": ""48"", ""map_file"": ""random-32-32-20.map"", ""pp_demote_rounds"": ""0"", ""pp_failed"": ""0"", ""pp_order"": ""shortest"", ""pp_plan_ms"": ""1.7"", ""pp_plan_soc"": ""1262"", ""pp_tl"": ""1"", ""pp_used"": ""1"", ""seed"": ""0"", ""soc"": ""1262"", ""soc_lb"": ""1216"", ""solved"": ""1"", ""solver"": ""planner"", ""sum_of_loss"": ""1262"", ""sum_of_loss_lb"": ""1216""}"
pp_guided_tl:traffic,PP-guided (traffic-last),random-32-32-20,random-32-32-20-random-5,50,0,30.0,solved,0.019611,0.003,1325,48,1264,1216,48,1.089638,0,,/home/carsten/Projects/MAPF/MAPF Evaluator/results/pptl-random32-20/runs/pp_guided_tl_traffic/random-32-32-20/random-32-32-20-random-5_a50_s0_r0,,,"{""agents"": ""50"", ""comp_time"": ""3"", ""first_ms"": ""3.1"", ""makespan"": ""48"", ""makespan_lb"": ""48"", ""map_file"": ""random-32-32-20.map"", ""pp_demote_rounds"": ""0"", ""pp_failed"": ""0"", ""pp_order"": ""traffic-last"", ""pp_plan_ms"": ""1.3"", ""pp_plan_soc"": ""1325"", ""pp_tl"": ""0"", ""pp_used"": ""1"", ""seed"": ""0"", ""soc"": ""1325"", ""soc_lb"": ""1216"", ""solved"": ""1"", ""solver"": ""planner"", ""sum_of_loss"": ""1269"", ""sum_of_loss_lb"": ""1216""}"
pp_guided_tl:shortest_tl,PP-guided (shortest first) + traffic load in SIPP,random-32-32-20,random-32-32-20-random-5,50,2,30.0,solved,0.019535,0.003,1262,50,1262,1216,48,1.037829,0,,/home/carsten/Projects/MAPF/MAPF Evaluator/results/pptl-random32-20/runs/pp_guided_tl_shortest_tl/random-32-32-20/random-32-32-20-random-5_a50_s2_r0,,,"{""agents"": ""50"", ""comp_time"": ""3"", ""first_ms"": ""3.3"", ""makespan"": ""50"", ""makespan_lb"": ""48"", ""map_file"": ""random-32-32-20.map"", ""pp_demote_rounds"": ""0"", ""pp_failed"": ""0"", ""pp_order"": ""shortest"", ""pp_plan_ms"": ""1.7"", ""pp_plan_soc"": ""1262"", ""pp_tl"": ""1"", ""pp_used"": ""1"", ""seed"": ""2"", ""soc"": ""1262"", ""soc_lb"": ""1216"", ""solved"": ""1"", ""solver"": ""planner"", ""sum_of_loss"": ""1262"", ""sum_of_loss_lb"": ""1216""}"
pp_guided_tl:traffic,PP-guided (traffic-last),random-32-32-20,random-32-32-20-random-5,50,1,30.0,solved,0.042694,0.002,1325,48,1264,1216,48,1.089638,0,,/home/carsten/Projects/MAPF/MAPF Evaluator/results/pptl-random32-20/runs/pp_guided_tl_traffic/random-32-32-20/random-32-32-20-random-5_a50_s1_r0,,,"{""agents"": ""50"", ""comp_time"": ""2"", ""first_ms"": ""2.1"", ""makespan"": ""48"", ""makespan_lb"": ""48"", ""map_file"": ""random-32-32-20.map"", ""pp_demote_rounds"": ""0"", ""pp_failed"": ""0"", ""pp_order"": ""traffic-last"", ""pp_plan_ms"": ""1.2"", ""pp_plan_soc"": ""1325"", ""pp_tl"": ""0"", ""pp_used"": ""1"", ""seed"": ""1"", ""soc"": ""1325"", ""soc_lb"": ""1216"", ""solved"": ""1"", ""solver"": ""planner"", ""sum_of_loss"": ""1269"", ""sum_of_loss_lb"": ""1216""}"
pp_guided_tl:traffic,PP-guided (traffic-last),random-32-32-20,random-32-32-20-random-5,50,2,30.0,solved,0.036177,0.003,1325,48,1264,1216,48,1.089638,0,,/home/carsten/Projects/MAPF/MAPF Evaluator/results/pptl-random32-20/runs/pp_guided_tl_traffic/random-32-32-20/random-32-32-20-random-5_a50_s2_r0,,,"{""agents"": ""50"", ""comp_time"": ""3"", ""first_ms"": ""3.2"", ""makespan"": ""48"", ""makespan_lb"": ""48"", ""map_file"": ""random-32-32-20.map"", ""pp_demote_rounds"": ""0"", ""pp_failed"": ""0"", ""pp_order"": ""traffic-last"", ""pp_plan_ms"": ""1.2"", ""pp_plan_soc"": ""1325"", ""pp_tl"": ""0"", ""pp_used"": ""1"", ""seed"": ""2"", ""soc"": ""1325"", ""soc_lb"": ""1216"", ""solved"": ""1"", ""solver"": ""planner"", ""sum_of_loss"": ""1269"", ""sum_of_loss_lb"": ""1216""}"
pp_guided_tl:traffic_tl,PP-guided (traffic-last) + traffic load in SIPP,random-32-32-20,random-32-32-20-random-5,50,0,30.0,solved,0.017325,0.003,1320,48,1267,1216,48,1.085526,0,,/home/carsten/Projects/MAPF/MAPF Evaluator/results/pptl-random32-20/runs/pp_guided_tl_traffic_tl/random-32-32-20/random-32-32-20-random-5_a50_s0_r0,,,"{""agents"": ""50"", ""comp_time"": ""3"", ""first_ms"": ""3.1"", ""makespan"": ""48"", ""makespan_lb"": ""48"", ""map_file"": ""random-32-32-20.map"", ""pp_demote_rounds"": ""0"", ""pp_failed"": ""0"", ""pp_order"": ""traffic-last"", ""pp_plan_ms"": ""1.8"", ""pp_plan_soc"": ""1320"", ""pp_tl"": ""1"", ""pp_used"": ""1"", ""seed"": ""0"", ""soc"": ""1320"", ""soc_lb"": ""1216"", ""solved"": ""1"", ""solver"": ""planner"", ""sum_of_loss"": ""1272"", ""sum_of_loss_lb"": ""1216""}"
pp_guided_tl:traffic_tl,PP-guided (traffic-last) + traffic load in SIPP,random-32-32-20,random-32-32-20-random-5,50,1,30.0,solved,0.039687,0.003,1320,48,1267,1216,48,1.085526,0,,/home/carsten/Projects/MAPF/MAPF Evaluator/results/pptl-random32-20/runs/pp_guided_tl_traffic_tl/random-32-32-20/random-32-32-20-random-5_a50_s1_r0,,,"{""agents"": ""50"", ""comp_time"": ""3"", ""first_ms"": ""3.2"", ""makespan"": ""48"", ""makespan_lb"": ""48"", ""map_file"": ""random-32-32-20.map"", ""pp_demote_rounds"": ""0"", ""pp_failed"": ""0"", ""pp_order"": ""traffic-last"", ""pp_plan_ms"": ""1.9"", ""pp_plan_soc"": ""1320"", ""pp_tl"": ""1"", ""pp_used"": ""1"", ""seed"": ""1"", ""soc"": ""1320"", ""soc_lb"": ""1216"", ""solved"": ""1"", ""solver"": ""planner"", ""sum_of_loss"": ""1272"", ""sum_of_loss_lb"": ""1216""}"
pp_guided_tl:traffic_tl,PP-guided (traffic-last) + traffic load in SIPP,random-32-32-20,random-32-32-20-random-5,50,2,30.0,solved,0.037065,0.003,1320,48,1267,1216,48,1.085526,0,,/home/carsten/Projects/MAPF/MAPF Evaluator/results/pptl-random32-20/runs/pp_guided_tl_traffic_tl/random-32-32-20/random-32-32-20-random-5_a50_s2_r0,,,"{""agents"": ""50"", ""comp_time"": ""3"", ""first_ms"": ""3.1"", ""makespan"": ""48"", ""makespan_lb"": ""48"", ""map_file"": ""random-32-32-20.map"", ""pp_demote_rounds"": ""0"", ""pp_failed"": ""0"", ""pp_order"": ""traffic-last"", ""pp_plan_ms"": ""1.8"", ""pp_plan_soc"": ""1320"", ""pp_tl"": ""1"", ""pp_used"": ""1"", ""seed"": ""2"", ""soc"": ""1320"", ""soc_lb"": ""1216"", ""solved"": ""1"", ""solver"": ""planner"", ""sum_of_loss"": ""1272"", ""sum_of_loss_lb"": ""1216""}"
pp_guided_tl:shortest,PP-guided (shortest first),random-32-32-20,random-32-32-20-random-5,100,0,30.0,solved,0.084254,0.012,2633,64,2617,2306,48,1.141804,0,,/home/carsten/Projects/MAPF/MAPF Evaluator/results/pptl-random32-20/runs/pp_guided_tl_shortest/random-32-32-20/random-32-32-20-random-5_a100_s0_r0,,,"{""agents"": ""100"", ""comp_time"": ""12"", ""first_ms"": ""11.4"", ""makespan"": ""64"", ""makespan_lb"": ""48"", ""map_file"": ""random-32-32-20.map"", ""pp_demote_rounds"": ""1"", ""pp_failed"": ""0"", ""pp_order"": ""shortest"", ""pp_plan_ms"": ""9.0"", ""pp_plan_soc"": ""2633"", ""pp_tl"": ""0"", ""pp_used"": ""1"", ""seed"": ""0"", ""soc"": ""2633"", ""soc_lb"": ""2306"", ""solved"": ""1"", ""solver"": ""planner"", ""sum_of_loss"": ""2620"", ""sum_of_loss_lb"": ""2306""}"
pp_guided_tl:shortest,PP-guided (shortest first),random-32-32-20,random-32-32-20-random-5,100,1,30.0,solved,0.050423,0.012,2633,64,2617,2306,48,1.141804,0,,/home/carsten/Projects/MAPF/MAPF Evaluator/results/pptl-random32-20/runs/pp_guided_tl_shortest/random-32-32-20/random-32-32-20-random-5_a100_s1_r0,,,"{""agents"": ""100"", ""comp_time"": ""12"", ""first_ms"": ""11.3"", ""makespan"": ""64"", ""makespan_lb"": ""48"", ""map_file"": ""random-32-32-20.map"", ""pp_demote_rounds"": ""1"", ""pp_failed"": ""0"", ""pp_order"": ""shortest"", ""pp_plan_ms"": ""8.9"", ""pp_plan_soc"": ""2633"", ""pp_tl"": ""0"", ""pp_used"": ""1"", ""seed"": ""1"", ""soc"": ""2633"", ""soc_lb"": ""2306"", ""solved"": ""1"", ""solver"": ""planner"", ""sum_of_loss"": ""2620"", ""sum_of_loss_lb"": ""2306""}"
pp_guided_tl:shortest,PP-guided (shortest first),random-32-32-20,random-32-32-20-random-5,100,2,30.0,solved,0.050636,0.012,2633,64,2617,2306,48,1.141804,0,,/home/carsten/Projects/MAPF/MAPF Evaluator/results/pptl-random32-20/runs/pp_guided_tl_shortest/random-32-32-20/random-32-32-20-random-5_a100_s2_r0,,,"{""agents"": ""100"", ""comp_time"": ""12"", ""first_ms"": ""11.4"", ""makespan"": ""64"", ""makespan_lb"": ""48"", ""map_file"": ""random-32-32-20.map"", ""pp_demote_rounds"": ""1"", ""pp_failed"": ""0"", ""pp_order"": ""shortest"", ""pp_plan_ms"": ""8.8"", ""pp_plan_soc"": ""2633"", ""pp_tl"": ""0"", ""pp_used"": ""1"", ""seed"": ""2"", ""soc"": ""2633"", ""soc_lb"": ""2306"", ""solved"": ""1"", ""solver"": ""planner"", ""sum_of_loss"": ""2620"", ""sum_of_loss_lb"": ""2306""}"
pp_guided_tl:shortest_tl,PP-guided (shortest first) + traffic load in SIPP,random-32-32-20,random-32-32-20-random-5,100,0,30.0,solved,0.045506,0.014,2623,61,2604,2306,48,1.137467,0,,/home/carsten/Projects/MAPF/MAPF Evaluator/results/pptl-random32-20/runs/pp_guided_tl_shortest_tl/random-32-32-20/random-32-32-20-random-5_a100_s0_r0,,,"{""agents"": ""100"", ""comp_time"": ""14"", ""first_ms"": ""14.3"", ""makespan"": ""61"", ""makespan_lb"": ""48"", ""map_file"": ""random-32-32-20.map"", ""pp_demote_rounds"": ""1"", ""pp_failed"": ""0"", ""pp_order"": ""shortest"", ""pp_plan_ms"": ""10.8"", ""pp_plan_soc"": ""2623"", ""pp_tl"": ""1"", ""pp_used"": ""1"", ""seed"": ""0"", ""soc"": ""2623"", ""soc_lb"": ""2306"", ""solved"": ""1"", ""solver"": ""planner"", ""sum_of_loss"": ""2606"", ""sum_of_loss_lb"": ""2306""}"
pp_guided_tl:shortest_tl,PP-guided (shortest first) + traffic load in SIPP,random-32-32-20,random-32-32-20-random-5,100,1,30.0,solved,0.077631,0.014,2623,61,2604,2306,48,1.137467,0,,/home/carsten/Projects/MAPF/MAPF Evaluator/results/pptl-random32-20/runs/pp_guided_tl_shortest_tl/random-32-32-20/random-32-32-20-random-5_a100_s1_r0,,,"{""agents"": ""100"", ""comp_time"": ""14"", ""first_ms"": ""14.3"", ""makespan"": ""61"", ""makespan_lb"": ""48"", ""map_file"": ""random-32-32-20.map"", ""pp_demote_rounds"": ""1"", ""pp_failed"": ""0"", ""pp_order"": ""shortest"", ""pp_plan_ms"": ""10.7"", ""pp_plan_soc"": ""2623"", ""pp_tl"": ""1"", ""pp_used"": ""1"", ""seed"": ""1"", ""soc"": ""2623"", ""soc_lb"": ""2306"", ""solved"": ""1"", ""solver"": ""planner"", ""sum_of_loss"": ""2606"", ""sum_of_loss_lb"": ""2306""}"
pp_guided_tl:traffic,PP-guided (traffic-last),random-32-32-20,random-32-32-20-random-5,100,1,30.0,solved,0.034163,0.007,2813,48,2589,2306,48,1.219861,0,,/home/carsten/Projects/MAPF/MAPF Evaluator/results/pptl-random32-20/runs/pp_guided_tl_traffic/random-32-32-20/random-32-32-20-random-5_a100_s1_r0,,,"{""agents"": ""100"", ""comp_time"": ""7"", ""first_ms"": ""7.0"", ""makespan"": ""48"", ""makespan_lb"": ""48"", ""map_file"": ""random-32-32-20.map"", ""pp_demote_rounds"": ""0"", ""pp_failed"": ""0"", ""pp_order"": ""traffic-last"", ""pp_plan_ms"": ""4.4"", ""pp_plan_soc"": ""2813"", ""pp_tl"": ""0"", ""pp_used"": ""1"", ""seed"": ""1"", ""soc"": ""2813"", ""soc_lb"": ""2306"", ""solved"": ""1"", ""solver"": ""planner"", ""sum_of_loss"": ""2620"", ""sum_of_loss_lb"": ""2306""}"
pp_guided_tl:traffic,PP-guided (traffic-last),random-32-32-20,random-32-32-20-random-5,100,0,30.0,solved,0.036476,0.007,2813,48,2589,2306,48,1.219861,0,,/home/carsten/Projects/MAPF/MAPF Evaluator/results/pptl-random32-20/runs/pp_guided_tl_traffic/random-32-32-20/random-32-32-20-random-5_a100_s0_r0,,,"{""agents"": ""100"", ""comp_time"": ""7"", ""first_ms"": ""7.1"", ""makespan"": ""48"", ""makespan_lb"": ""48"", ""map_file"": ""random-32-32-20.map"", ""pp_demote_rounds"": ""0"", ""pp_failed"": ""0"", ""pp_order"": ""traffic-last"", ""pp_plan_ms"": ""4.5"", ""pp_plan_soc"": ""2813"", ""pp_tl"": ""0"", ""pp_used"": ""1"", ""seed"": ""0"", ""soc"": ""2813"", ""soc_lb"": ""2306"", ""solved"": ""1"", ""solver"": ""planner"", ""sum_of_loss"": ""2620"", ""sum_of_loss_lb"": ""2306""}"
pp_guided_tl:shortest_tl,PP-guided (shortest first) + traffic load in SIPP,random-32-32-20,random-32-32-20-random-5,100,2,30.0,solved,0.055386,0.014,2623,61,2604,2306,48,1.137467,0,,/home/carsten/Projects/MAPF/MAPF Evaluator/results/pptl-random32-20/runs/pp_guided_tl_shortest_tl/random-32-32-20/random-32-32-20-random-5_a100_s2_r0,,,"{""agents"": ""100"", ""comp_time"": ""14"", ""first_ms"": ""14.3"", ""makespan"": ""61"", ""makespan_lb"": ""48"", ""map_file"": ""random-32-32-20.map"", ""pp_demote_rounds"": ""1"", ""pp_failed"": ""0"", ""pp_order"": ""shortest"", ""pp_plan_ms"": ""10.8"", ""pp_plan_soc"": ""2623"", ""pp_tl"": ""1"", ""pp_used"": ""1"", ""seed"": ""2"", ""soc"": ""2623"", ""soc_lb"": ""2306"", ""solved"": ""1"", ""solver"": ""planner"", ""sum_of_loss"": ""2606"", ""sum_of_loss_lb"": ""2306""}"
pp_guided_tl:traffic,PP-guided (traffic-last),random-32-32-20,random-32-32-20-random-5,100,2,30.0,solved,0.054631,0.007,2813,48,2589,2306,48,1.219861,0,,/home/carsten/Projects/MAPF/MAPF Evaluator/results/pptl-random32-20/runs/pp_guided_tl_traffic/random-32-32-20/random-32-32-20-random-5_a100_s2_r0,,,"{""agents"": ""100"", ""comp_time"": ""7"", ""first_ms"": ""7.1"", ""makespan"": ""48"", ""makespan_lb"": ""48"", ""map_file"": ""random-32-32-20.map"", ""pp_demote_rounds"": ""0"", ""pp_failed"": ""0"", ""pp_order"": ""traffic-last"", ""pp_plan_ms"": ""4.5"", ""pp_plan_soc"": ""2813"", ""pp_tl"": ""0"", ""pp_used"": ""1"", ""seed"": ""2"", ""soc"": ""2813"", ""soc_lb"": ""2306"", ""solved"": ""1"", ""solver"": ""planner"", ""sum_of_loss"": ""2620"", ""sum_of_loss_lb"": ""2306""}"
pp_guided_tl:traffic_tl,PP-guided (traffic-last) + traffic load in SIPP,random-32-32-20,random-32-32-20-random-5,100,1,30.0,solved,0.067525,0.009,2785,48,2606,2306,48,1.207719,0,,/home/carsten/Projects/MAPF/MAPF Evaluator/results/pptl-random32-20/runs/pp_guided_tl_traffic_tl/random-32-32-20/random-32-32-20-random-5_a100_s1_r0,,,"{""agents"": ""100"", ""comp_time"": ""9"", ""first_ms"": ""9.1"", ""makespan"": ""48"", ""makespan_lb"": ""48"", ""map_file"": ""random-32-32-20.map"", ""pp_demote_rounds"": ""0"", ""pp_failed"": ""0"", ""pp_order"": ""traffic-last"", ""pp_plan_ms"": ""5.6"", ""pp_plan_soc"": ""2785"", ""pp_tl"": ""1"", ""pp_used"": ""1"", ""seed"": ""1"", ""soc"": ""2785"", ""soc_lb"": ""2306"", ""solved"": ""1"", ""solver"": ""planner"", ""sum_of_loss"": ""2632"", ""sum_of_loss_lb"": ""2306""}"
pp_guided_tl:traffic_tl,PP-guided (traffic-last) + traffic load in SIPP,random-32-32-20,random-32-32-20-random-5,100,2,30.0,solved,0.058349,0.009,2785,48,2606,2306,48,1.207719,0,,/home/carsten/Projects/MAPF/MAPF Evaluator/results/pptl-random32-20/runs/pp_guided_tl_traffic_tl/random-32-32-20/random-32-32-20-random-5_a100_s2_r0,,,"{""agents"": ""100"", ""comp_time"": ""9"", ""first_ms"": ""9.3"", ""makespan"": ""48"", ""makespan_lb"": ""48"", ""map_file"": ""random-32-32-20.map"", ""pp_demote_rounds"": ""0"", ""pp_failed"": ""0"", ""pp_order"": ""traffic-last"", ""pp_plan_ms"": ""5.7"", ""pp_plan_soc"": ""2785"", ""pp_tl"": ""1"", ""pp_used"": ""1"", ""seed"": ""2"", ""soc"": ""2785"", ""soc_lb"": ""2306"", ""solved"": ""1"", ""solver"": ""planner"", ""sum_of_loss"": ""2632"", ""sum_of_loss_lb"": ""2306""}"
pp_guided_tl:traffic_tl,PP-guided (traffic-last) + traffic load in SIPP,random-32-32-20,random-32-32-20-random-5,100,0,30.0,solved,0.043044,0.009,2785,48,2606,2306,48,1.207719,0,,/home/carsten/Projects/MAPF/MAPF Evaluator/results/pptl-random32-20/runs/pp_guided_tl_traffic_tl/random-32-32-20/random-32-32-20-random-5_a100_s0_r0,,,"{""agents"": ""100"", ""comp_time"": ""9"", ""first_ms"": ""9.2"", ""makespan"": ""48"", ""makespan_lb"": ""48"", ""map_file"": ""random-32-32-20.map"", ""pp_demote_rounds"": ""0"", ""pp_failed"": ""0"", ""pp_order"": ""traffic-last"", ""pp_plan_ms"": ""5.6"", ""pp_plan_soc"": ""2785"", ""pp_tl"": ""1"", ""pp_used"": ""1"", ""seed"": ""0"", ""soc"": ""2785"", ""soc_lb"": ""2306"", ""solved"": ""1"", ""solver"": ""planner"", ""sum_of_loss"": ""2632"", ""sum_of_loss_lb"": ""2306""}"
pp_guided_tl:shortest,PP-guided (shortest first),random-32-32-20,random-32-32-20-random-5,150,0,30.0,solved,0.083686,0.029,4323,76,4272,3412,58,1.266999,0,,/home/carsten/Projects/MAPF/MAPF Evaluator/results/pptl-random32-20/runs/pp_guided_tl_shortest/random-32-32-20/random-32-32-20-random-5_a150_s0_r0,,,"{""agents"": ""150"", ""comp_time"": ""29"", ""first_ms"": ""28.8"", ""makespan"": ""76"", ""makespan_lb"": ""58"", ""map_file"": ""random-32-32-20.map"", ""pp_demote_rounds"": ""1"", ""pp_failed"": ""0"", ""pp_order"": ""shortest"", ""pp_plan_ms"": ""24.0"", ""pp_plan_soc"": ""4323"", ""pp_tl"": ""0"", ""pp_used"": ""1"", ""seed"": ""0"", ""soc"": ""4323"", ""soc_lb"": ""3412"", ""solved"": ""1"", ""solver"": ""planner"", ""sum_of_loss"": ""4277"", ""sum_of_loss_lb"": ""3412""}"
pp_guided_tl:shortest,PP-guided (shortest first),random-32-32-20,random-32-32-20-random-5,150,1,30.0,solved,0.127687,0.028,4323,76,4272,3412,58,1.266999,0,,/home/carsten/Projects/MAPF/MAPF Evaluator/results/pptl-random32-20/runs/pp_guided_tl_shortest/random-32-32-20/random-32-32-20-random-5_a150_s1_r0,,,"{""agents"": ""150"", ""comp_time"": ""28"", ""first_ms"": ""28.7"", ""makespan"": ""76"", ""makespan_lb"": ""58"", ""map_file"": ""random-32-32-20.map"", ""pp_demote_rounds"": ""1"", ""pp_failed"": ""0"", ""pp_order"": ""shortest"", ""pp_plan_ms"": ""23.8"", ""pp_plan_soc"": ""4323"", ""pp_tl"": ""0"", ""pp_used"": ""1"", ""seed"": ""1"", ""soc"": ""4323"", ""soc_lb"": ""3412"", ""solved"": ""1"", ""solver"": ""planner"", ""sum_of_loss"": ""4277"", ""sum_of_loss_lb"": ""3412""}"
pp_guided_tl:shortest,PP-guided (shortest first),random-32-32-20,random-32-32-20-random-5,150,2,30.0,solved,0.088794,0.028,4323,76,4272,3412,58,1.266999,0,,/home/carsten/Projects/MAPF/MAPF Evaluator/results/pptl-random32-20/runs/pp_guided_tl_shortest/random-32-32-20/random-32-32-20-random-5_a150_s2_r0,,,"{""agents"": ""150"", ""comp_time"": ""28"", ""first_ms"": ""28.8"", ""makespan"": ""76"", ""makespan_lb"": ""58"", ""map_file"": ""random-32-32-20.map"", ""pp_demote_rounds"": ""1"", ""pp_failed"": ""0"", ""pp_order"": ""shortest"", ""pp_plan_ms"": ""23.7"", ""pp_plan_soc"": ""4323"", ""pp_tl"": ""0"", ""pp_used"": ""1"", ""seed"": ""2"", ""soc"": ""4323"", ""soc_lb"": ""3412"", ""solved"": ""1"", ""solver"": ""planner"", ""sum_of_loss"": ""4277"", ""sum_of_loss_lb"": ""3412""}"
pp_guided_tl:shortest_tl,PP-guided (shortest first) + traffic load in SIPP,random-32-32-20,random-32-32-20-random-5,150,1,30.0,solved,0.057486,0.031,4248,72,4225,3412,58,1.245018,0,,/home/carsten/Projects/MAPF/MAPF Evaluator/results/pptl-random32-20/runs/pp_guided_tl_shortest_tl/random-32-32-20/random-32-32-20-random-5_a150_s1_r0,,,"{""agents"": ""150"", ""comp_time"": ""31"", ""first_ms"": ""31.6"", ""makespan"": ""72"", ""makespan_lb"": ""58"", ""map_file"": ""random-32-32-20.map"", ""pp_demote_rounds"": ""1"", ""pp_failed"": ""0"", ""pp_order"": ""shortest"", ""pp_plan_ms"": ""26.1"", ""pp_plan_soc"": ""4248"", ""pp_tl"": ""1"", ""pp_used"": ""1"", ""seed"": ""1"", ""soc"": ""4248"", ""soc_lb"": ""3412"", ""solved"": ""1"", ""solver"": ""planner"", ""sum_of_loss"": ""4228"", ""sum_of_loss_lb"": ""3412""}"
pp_guided_tl:shortest_tl,PP-guided (shortest first) + traffic load in SIPP,random-32-32-20,random-32-32-20-random-5,150,0,30.0,solved,0.058338,0.031,4248,72,4225,3412,58,1.245018,0,,/home/carsten/Projects/MAPF/MAPF Evaluator/results/pptl-random32-20/runs/pp_guided_tl_shortest_tl/random-32-32-20/random-32-32-20-random-5_a150_s0_r0,,,"{""agents"": ""150"", ""comp_time"": ""31"", ""first_ms"": ""31.7"", ""makespan"": ""72"", ""makespan_lb"": ""58"", ""map_file"": ""random-32-32-20.map"", ""pp_demote_rounds"": ""1"", ""pp_failed"": ""0"", ""pp_order"": ""shortest"", ""pp_plan_ms"": ""26.0"", ""pp_plan_soc"": ""4248"", ""pp_tl"": ""1"", ""pp_used"": ""1"", ""seed"": ""0"", ""soc"": ""4248"", ""soc_lb"": ""3412"", ""solved"": ""1"", ""solver"": ""planner"", ""sum_of_loss"": ""4228"", ""sum_of_loss_lb"": ""3412""}"
pp_guided_tl:shortest_tl,PP-guided (shortest first) + traffic load in SIPP,random-32-32-20,random-32-32-20-random-5,150,2,30.0,solved,0.111874,0.031,4248,72,4225,3412,58,1.245018,0,,/home/carsten/Projects/MAPF/MAPF Evaluator/results/pptl-random32-20/runs/pp_guided_tl_shortest_tl/random-32-32-20/random-32-32-20-random-5_a150_s2_r0,,,"{""agents"": ""150"", ""comp_time"": ""31"", ""first_ms"": ""30.6"", ""makespan"": ""72"", ""makespan_lb"": ""58"", ""map_file"": ""random-32-32-20.map"", ""pp_demote_rounds"": ""1"", ""pp_failed"": ""0"", ""pp_order"": ""shortest"", ""pp_plan_ms"": ""25.9"", ""pp_plan_soc"": ""4248"", ""pp_tl"": ""1"", ""pp_used"": ""1"", ""seed"": ""2"", ""soc"": ""4248"", ""soc_lb"": ""3412"", ""solved"": ""1"", ""solver"": ""planner"", ""sum_of_loss"": ""4228"", ""sum_of_loss_lb"": ""3412""}"
pp_guided_tl:traffic,PP-guided (traffic-last),random-32-32-20,random-32-32-20-random-5,150,0,30.0,solved,0.057454,0.019,4559,58,4099,3412,58,1.336166,0,,/home/carsten/Projects/MAPF/MAPF Evaluator/results/pptl-random32-20/runs/pp_guided_tl_traffic/random-32-32-20/random-32-32-20-random-5_a150_s0_r0,,,"{""agents"": ""150"", ""comp_time"": ""19"", ""first_ms"": ""19.4"", ""makespan"": ""58"", ""makespan_lb"": ""58"", ""map_file"": ""random-32-32-20.map"", ""pp_demote_rounds"": ""1"", ""pp_failed"": ""0"", ""pp_order"": ""traffic-last"", ""pp_plan_ms"": ""14.1"", ""pp_plan_soc"": ""4559"", ""pp_tl"": ""0"", ""pp_used"": ""1"", ""seed"": ""0"", ""soc"": ""4559"", ""soc_lb"": ""3412"", ""solved"": ""1"", ""solver"": ""planner"", ""sum_of_loss"": ""4160"", ""sum_of_loss_lb"": ""3412""}"
pp_guided_tl:traffic,PP-guided (traffic-last),random-32-32-20,random-32-32-20-random-5,150,1,30.0,solved,0.054832,0.019,4559,58,4099,3412,58,1.336166,0,,/home/carsten/Projects/MAPF/MAPF Evaluator/results/pptl-random32-20/runs/pp_guided_tl_traffic/random-32-32-20/random-32-32-20-random-5_a150_s1_r0,,,"{""agents"": ""150"", ""comp_time"": ""19"", ""first_ms"": ""19.1"", ""makespan"": ""58"", ""makespan_lb"": ""58"", ""map_file"": ""random-32-32-20.map"", ""pp_demote_rounds"": ""1"", ""pp_failed"": ""0"", ""pp_order"": ""traffic-last"", ""pp_plan_ms"": ""13.9"", ""pp_plan_soc"": ""4559"", ""pp_tl"": ""0"", ""pp_used"": ""1"", ""seed"": ""1"", ""soc"": ""4559"", ""soc_lb"": ""3412"", ""solved"": ""1"", ""solver"": ""planner"", ""sum_of_loss"": ""4160"", ""sum_of_loss_lb"": ""3412""}"
pp_guided_tl:traffic,PP-guided (traffic-last),random-32-32-20,random-32-32-20-random-5,150,2,30.0,solved,0.066795,0.019,4559,58,4099,3412,58,1.336166,0,,/home/carsten/Projects/MAPF/MAPF Evaluator/results/pptl-random32-20/runs/pp_guided_tl_traffic/random-32-32-20/random-32-32-20-random-5_a150_s2_r0,,,"{""agents"": ""150"", ""comp_time"": ""19"", ""first_ms"": ""18.6"", ""makespan"": ""58"", ""makespan_lb"": ""58"", ""map_file"": ""random-32-32-20.map"", ""pp_demote_rounds"": ""1"", ""pp_failed"": ""0"", ""pp_order"": ""traffic-last"", ""pp_plan_ms"": ""14.0"", ""pp_plan_soc"": ""4559"", ""pp_tl"": ""0"", ""pp_used"": ""1"", ""seed"": ""2"", ""soc"": ""4559"", ""soc_lb"": ""3412"", ""solved"": ""1"", ""solver"": ""planner"", ""sum_of_loss"": ""4160"", ""sum_of_loss_lb"": ""3412""}"
pp_guided_tl:traffic_tl,PP-guided (traffic-last) + traffic load in SIPP,random-32-32-20,random-32-32-20-random-5,150,0,30.0,solved,0.170723,0.021,4431,58,4080,3412,58,1.298652,0,,/home/carsten/Projects/MAPF/MAPF Evaluator/results/pptl-random32-20/runs/pp_guided_tl_traffic_tl/random-32-32-20/random-32-32-20-random-5_a150_s0_r0,,,"{""agents"": ""150"", ""comp_time"": ""21"", ""first_ms"": ""20.3"", ""makespan"": ""58"", ""makespan_lb"": ""58"", ""map_file"": ""random-32-32-20.map"", ""pp_demote_rounds"": ""1"", ""pp_failed"": ""0"", ""pp_order"": ""traffic-last"", ""pp_plan_ms"": ""15.4"", ""pp_plan_soc"": ""4431"", ""pp_tl"": ""1"", ""pp_used"": ""1"", ""seed"": ""0"", ""soc"": ""4431"", ""soc_lb"": ""3412"", ""solved"": ""1"", ""solver"": ""planner"", ""sum_of_loss"": ""4129"", ""sum_of_loss_lb"": ""3412""}"
pp_guided_tl:traffic_tl,PP-guided (traffic-last) + traffic load in SIPP,random-32-32-20,random-32-32-20-random-5,150,1,30.0,solved,0.056828,0.021,4431,58,4080,3412,58,1.298652,0,,/home/carsten/Projects/MAPF/MAPF Evaluator/results/pptl-random32-20/runs/pp_guided_tl_traffic_tl/random-32-32-20/random-32-32-20-random-5_a150_s1_r0,,,"{""agents"": ""150"", ""comp_time"": ""21"", ""first_ms"": ""20.4"", ""makespan"": ""58"", ""makespan_lb"": ""58"", ""map_file"": ""random-32-32-20.map"", ""pp_demote_rounds"": ""1"", ""pp_failed"": ""0"", ""pp_order"": ""traffic-last"", ""pp_plan_ms"": ""15.5"", ""pp_plan_soc"": ""4431"", ""pp_tl"": ""1"", ""pp_used"": ""1"", ""seed"": ""1"", ""soc"": ""4431"", ""soc_lb"": ""3412"", ""solved"": ""1"", ""solver"": ""planner"", ""sum_of_loss"": ""4129"", ""sum_of_loss_lb"": ""3412""}"
pp_guided_tl:traffic_tl,PP-guided (traffic-last) + traffic load in SIPP,random-32-32-20,random-32-32-20-random-5,150,2,30.0,solved,0.097583,0.021,4431,58,4080,3412,58,1.298652,0,,/home/carsten/Projects/MAPF/MAPF Evaluator/results/pptl-random32-20/runs/pp_guided_tl_traffic_tl/random-32-32-20/random-32-32-20-random-5_a150_s2_r0,,,"{""agents"": ""150"", ""comp_time"": ""21"", ""first_ms"": ""20.8"", ""makespan"": ""58"", ""makespan_lb"": ""58"", ""map_file"": ""random-32-32-20.map"", ""pp_demote_rounds"": ""1"", ""pp_failed"": ""0"", ""pp_order"": ""traffic-last"", ""pp_plan_ms"": ""15.5"", ""pp_plan_soc"": ""4431"", ""pp_tl"": ""1"", ""pp_used"": ""1"", ""seed"": ""2"", ""soc"": ""4431"", ""soc_lb"": ""3412"", ""solved"": ""1"", ""solver"": ""planner"", ""sum_of_loss"": ""4129"", ""sum_of_loss_lb"": ""3412""}"
pp_guided_tl:shortest,PP-guided (shortest first),random-32-32-20,random-32-32-20-random-5,200,0,30.0,solved,0.12236,0.069,6851,104,6736,4588,58,1.493243,0,,/home/carsten/Projects/MAPF/MAPF Evaluator/results/pptl-random32-20/runs/pp_guided_tl_shortest/random-32-32-20/random-32-32-20-random-5_a200_s0_r0,,,"{""agents"": ""200"", ""comp_time"": ""69"", ""first_ms"": ""68.8"", ""makespan"": ""104"", ""makespan_lb"": ""58"", ""map_file"": ""random-32-32-20.map"", ""pp_demote_rounds"": ""2"", ""pp_failed"": ""0"", ""pp_order"": ""shortest"", ""pp_plan_ms"": ""62.3"", ""pp_plan_soc"": ""6851"", ""pp_tl"": ""0"", ""pp_used"": ""1"", ""seed"": ""0"", ""soc"": ""6851"", ""soc_lb"": ""4588"", ""solved"": ""1"", ""solver"": ""planner"", ""sum_of_loss"": ""6752"", ""sum_of_loss_lb"": ""4588""}"
pp_guided_tl:shortest,PP-guided (shortest first),random-32-32-20,random-32-32-20-random-5,200,1,30.0,solved,0.138186,0.071,6851,104,6736,4588,58,1.493243,0,,/home/carsten/Projects/MAPF/MAPF Evaluator/results/pptl-random32-20/runs/pp_guided_tl_shortest/random-32-32-20/random-32-32-20-random-5_a200_s1_r0,,,"{""agents"": ""200"", ""comp_time"": ""71"", ""first_ms"": ""70.4"", ""makespan"": ""104"", ""makespan_lb"": ""58"", ""map_file"": ""random-32-32-20.map"", ""pp_demote_rounds"": ""2"", ""pp_failed"": ""0"", ""pp_order"": ""shortest"", ""pp_plan_ms"": ""62.8"", ""pp_plan_soc"": ""6851"", ""pp_tl"": ""0"", ""pp_used"": ""1"", ""seed"": ""1"", ""soc"": ""6851"", ""soc_lb"": ""4588"", ""solved"": ""1"", ""solver"": ""planner"", ""sum_of_loss"": ""6752"", ""sum_of_loss_lb"": ""4588""}"
pp_guided_tl:shortest,PP-guided (shortest first),random-32-32-20,random-32-32-20-random-5,200,2,30.0,solved,0.136006,0.07,6851,104,6736,4588,58,1.493243,0,,/home/carsten/Projects/MAPF/MAPF Evaluator/results/pptl-random32-20/runs/pp_guided_tl_shortest/random-32-32-20/random-32-32-20-random-5_a200_s2_r0,,,"{""agents"": ""200"", ""comp_time"": ""70"", ""first_ms"": ""69.9"", ""makespan"": ""104"", ""makespan_lb"": ""58"", ""map_file"": ""random-32-32-20.map"", ""pp_demote_rounds"": ""2"", ""pp_failed"": ""0"", ""pp_order"": ""shortest"", ""pp_plan_ms"": ""62.6"", ""pp_plan_soc"": ""6851"", ""pp_tl"": ""0"", ""pp_used"": ""1"", ""seed"": ""2"", ""soc"": ""6851"", ""soc_lb"": ""4588"", ""solved"": ""1"", ""solver"": ""planner"", ""sum_of_loss"": ""6752"", ""sum_of_loss_lb"": ""4588""}"
pp_guided_tl:shortest_tl,PP-guided (shortest first) + traffic load in SIPP,random-32-32-20,random-32-32-20-random-5,200,0,30.0,solved,0.151312,0.066,6650,102,6533,4588,58,1.449433,0,,/home/carsten/Projects/MAPF/MAPF Evaluator/results/pptl-random32-20/runs/pp_guided_tl_shortest_tl/random-32-32-20/random-32-32-20-random-5_a200_s0_r0,,,"{""agents"": ""200"", ""comp_time"": ""66"", ""first_ms"": ""65.9"", ""makespan"": ""102"", ""makespan_lb"": ""58"", ""map_file"": ""random-32-32-20.map"", ""pp_demote_rounds"": ""2"", ""pp_failed"": ""0"", ""pp_order"": ""shortest"", ""pp_plan_ms"": ""57.6"", ""pp_plan_soc"": ""6650"", ""pp_tl"": ""1"", ""pp_used"": ""1"", ""seed"": ""0"", ""soc"": ""6650"", ""soc_lb"": ""4588"", ""solved"": ""1"", ""solver"": ""planner"", ""sum_of_loss"": ""6545"", ""sum_of_loss_lb"": ""4588""}"
pp_guided_tl:shortest_tl,PP-guided (shortest first) + traffic load in SIPP,random-32-32-20,random-32-32-20-random-5,200,1,30.0,solved,0.161781,0.066,6650,102,6533,4588,58,1.449433,0,,/home/carsten/Projects/MAPF/MAPF Evaluator/results/pptl-random32-20/runs/pp_guided_tl_shortest_tl/random-32-32-20/random-32-32-20-random-5_a200_s1_r0,,,"{""agents"": ""200"", ""comp_time"": ""66"", ""first_ms"": ""65.9"", ""makespan"": ""102"", ""makespan_lb"": ""58"", ""map_file"": ""random-32-32-20.map"", ""pp_demote_rounds"": ""2"", ""pp_failed"": ""0"", ""pp_order"": ""shortest"", ""pp_plan_ms"": ""57.6"", ""pp_plan_soc"": ""6650"", ""pp_tl"": ""1"", ""pp_used"": ""1"", ""seed"": ""1"", ""soc"": ""6650"", ""soc_lb"": ""4588"", ""solved"": ""1"", ""solver"": ""planner"", ""sum_of_loss"": ""6545"", ""sum_of_loss_lb"": ""4588""}"
pp_guided_tl:shortest_tl,PP-guided (shortest first) + traffic load in SIPP,random-32-32-20,random-32-32-20-random-5,200,2,30.0,solved,0.151985,0.066,6650,102,6533,4588,58,1.449433,0,,/home/carsten/Projects/MAPF/MAPF Evaluator/results/pptl-random32-20/runs/pp_guided_tl_shortest_tl/random-32-32-20/random-32-32-20-random-5_a200_s2_r0,,,"{""agents"": ""200"", ""comp_time"": ""66"", ""first_ms"": ""66.2"", ""makespan"": ""102"", ""makespan_lb"": ""58"", ""map_file"": ""random-32-32-20.map"", ""pp_demote_rounds"": ""2"", ""pp_failed"": ""0"", ""pp_order"": ""shortest"", ""pp_plan_ms"": ""57.9"", ""pp_plan_soc"": ""6650"", ""pp_tl"": ""1"", ""pp_used"": ""1"", ""seed"": ""2"", ""soc"": ""6650"", ""soc_lb"": ""4588"", ""solved"": ""1"", ""solver"": ""planner"", ""sum_of_loss"": ""6545"", ""sum_of_loss_lb"": ""4588""}"
pp_guided_tl:traffic,PP-guided (traffic-last),random-32-32-20,random-32-32-20-random-5,200,0,30.0,solved,0.079462,0.031,6506,58,5797,4588,58,1.418047,0,,/home/carsten/Projects/MAPF/MAPF Evaluator/results/pptl-random32-20/runs/pp_guided_tl_traffic/random-32-32-20/random-32-32-20-random-5_a200_s0_r0,,,"{""agents"": ""200"", ""comp_time"": ""31"", ""first_ms"": ""30.6"", ""makespan"": ""58"", ""makespan_lb"": ""58"", ""map_file"": ""random-32-32-20.map"", ""pp_demote_rounds"": ""1"", ""pp_failed"": ""0"", ""pp_order"": ""traffic-last"", ""pp_plan_ms"": ""24.4"", ""pp_plan_soc"": ""6506"", ""pp_tl"": ""0"", ""pp_used"": ""1"", ""seed"": ""0"", ""soc"": ""6506"", ""soc_lb"": ""4588"", ""solved"": ""1"", ""solver"": ""planner"", ""sum_of_loss"": ""5901"", ""sum_of_loss_lb"": ""4588""}"
pp_guided_tl:traffic,PP-guided (traffic-last),random-32-32-20,random-32-32-20-random-5,200,1,30.0,solved,0.100532,0.031,6506,58,5797,4588,58,1.418047,0,,/home/carsten/Projects/MAPF/MAPF Evaluator/results/pptl-random32-20/runs/pp_guided_tl_traffic/random-32-32-20/random-32-32-20-random-5_a200_s1_r0,,,"{""agents"": ""200"", ""comp_time"": ""31"", ""first_ms"": ""30.4"", ""makespan"": ""58"", ""makespan_lb"": ""58"", ""map_file"": ""random-32-32-20.map"", ""pp_demote_rounds"": ""1"", ""pp_failed"": ""0"", ""pp_order"": ""traffic-last"", ""pp_plan_ms"": ""24.2"", ""pp_plan_soc"": ""6506"", ""pp_tl"": ""0"", ""pp_used"": ""1"", ""seed"": ""1"", ""soc"": ""6506"", ""soc_lb"": ""4588"", ""solved"": ""1"", ""solver"": ""planner"", ""sum_of_loss"": ""5901"", ""sum_of_loss_lb"": ""4588""}"
pp_guided_tl:traffic,PP-guided (traffic-last),random-32-32-20,random-32-32-20-random-5,200,2,30.0,solved,0.095575,0.031,6506,58,5797,4588,58,1.418047,0,,/home/carsten/Projects/MAPF/MAPF Evaluator/results/pptl-random32-20/runs/pp_guided_tl_traffic/random-32-32-20/random-32-32-20-random-5_a200_s2_r0,,,"{""agents"": ""200"", ""comp_time"": ""31"", ""first_ms"": ""30.4"", ""makespan"": ""58"", ""makespan_lb"": ""58"", ""map_file"": ""random-32-32-20.map"", ""pp_demote_rounds"": ""1"", ""pp_failed"": ""0"", ""pp_order"": ""traffic-last"", ""pp_plan_ms"": ""24.4"", ""pp_plan_soc"": ""6506"", ""pp_tl"": ""0"", ""pp_used"": ""1"", ""seed"": ""2"", ""soc"": ""6506"", ""soc_lb"": ""4588"", ""solved"": ""1"", ""solver"": ""planner"", ""sum_of_loss"": ""5901"", ""sum_of_loss_lb"": ""4588""}"
pp_guided_tl:traffic_tl,PP-guided (traffic-last) + traffic load in SIPP,random-32-32-20,random-32-32-20-random-5,200,0,30.0,solved,0.128273,0.037,6442,58,5919,4588,58,1.404098,0,,/home/carsten/Projects/MAPF/MAPF Evaluator/results/pptl-random32-20/runs/pp_guided_tl_traffic_tl/random-32-32-20/random-32-32-20-random-5_a200_s0_r0,,,"{""agents"": ""200"", ""comp_time"": ""37"", ""first_ms"": ""37.5"", ""makespan"": ""58"", ""makespan_lb"": ""58"", ""map_file"": ""random-32-32-20.map"", ""pp_demote_rounds"": ""1"", ""pp_failed"": ""0"", ""pp_order"": ""traffic-last"", ""pp_plan_ms"": ""29.8"", ""pp_plan_soc"": ""6442"", ""pp_tl"": ""1"", ""pp_used"": ""1"", ""seed"": ""0"", ""soc"": ""6442"", ""soc_lb"": ""4588"", ""solved"": ""1"", ""solver"": ""planner"", ""sum_of_loss"": ""5985"", ""sum_of_loss_lb"": ""4588""}"
pp_guided_tl:traffic_tl,PP-guided (traffic-last) + traffic load in SIPP,random-32-32-20,random-32-32-20-random-5,200,1,30.0,solved,0.091454,0.037,6442,58,5919,4588,58,1.404098,0,,/home/carsten/Projects/MAPF/MAPF Evaluator/results/pptl-random32-20/runs/pp_guided_tl_traffic_tl/random-32-32-20/random-32-32-20-random-5_a200_s1_r0,,,"{""agents"": ""200"", ""comp_time"": ""37"", ""first_ms"": ""37.4"", ""makespan"": ""58"", ""makespan_lb"": ""58"", ""map_file"": ""random-32-32-20.map"", ""pp_demote_rounds"": ""1"", ""pp_failed"": ""0"", ""pp_order"": ""traffic-last"", ""pp_plan_ms"": ""30.2"", ""pp_plan_soc"": ""6442"", ""pp_tl"": ""1"", ""pp_used"": ""1"", ""seed"": ""1"", ""soc"": ""6442"", ""soc_lb"": ""4588"", ""solved"": ""1"", ""solver"": ""planner"", ""sum_of_loss"": ""5985"", ""sum_of_loss_lb"": ""4588""}"
pp_guided_tl:traffic_tl,PP-guided (traffic-last) + traffic load in SIPP,random-32-32-20,random-32-32-20-random-5,200,2,30.0,solved,0.069737,0.037,6442,58,5919,4588,58,1.404098,0,,/home/carsten/Projects/MAPF/MAPF Evaluator/results/pptl-random32-20/runs/pp_guided_tl_traffic_tl/random-32-32-20/random-32-32-20-random-5_a200_s2_r0,,,"{""agents"": ""200"", ""comp_time"": ""37"", ""first_ms"": ""36.7"", ""makespan"": ""58"", ""makespan_lb"": ""58"", ""map_file"": ""random-32-32-20.map"", ""pp_demote_rounds"": ""1"", ""pp_failed"": ""0"", ""pp_order"": ""traffic-last"", ""pp_plan_ms"": ""29.8"", ""pp_plan_soc"": ""6442"", ""pp_tl"": ""1"", ""pp_used"": ""1"", ""seed"": ""2"", ""soc"": ""6442"", ""soc_lb"": ""4588"", ""solved"": ""1"", ""solver"": ""planner"", ""sum_of_loss"": ""5985"", ""sum_of_loss_lb"": ""4588""}"
