solver_id,solver_label,map,scen,agents,seed,timeout,status,wallclock_s,solver_time_s,soc,makespan,sum_of_loss,soc_lb,makespan_lb,soc_ratio,exit_code,error,run_dir,first_soc,first_time_s,solver_stats
pp_guided_tl:shortest,PP-guided (shortest first),room-32-32-4,room-32-32-4-random-1,50,0,30.0,solved,0.014929,0.004,1459,59,1437,1320,48,1.105303,0,,/home/carsten/Projects/MAPF/MAPF Evaluator/results/pptl-room-32-4/runs/pp_guided_tl_shortest/room-32-32-4/room-32-32-4-random-1_a50_s0_r0,,,"{""agents"": ""50"", ""comp_time"": ""4"", ""first_ms"": ""4.3"", ""makespan"": ""59"", ""makespan_lb"": ""48"", ""map_file"": ""room-32-32-4.map"", ""pp_demote_rounds"": ""1"", ""pp_failed"": ""0"", ""pp_order"": ""shortest"", ""pp_plan_ms"": ""3.1"", ""pp_plan_soc"": ""1459"", ""pp_tl"": ""0"", ""pp_used"": ""1"", ""seed"": ""0"", ""soc"": ""1459"", ""soc_lb"": ""1320"", ""solved"": ""1"", ""solver"": ""planner"", ""sum_of_loss"": ""1440"", ""sum_of_loss_lb"": ""1320""}"
pp_guided_tl:shortest,PP-guided (shortest first),room-32-32-4,room-32-32-4-random-1,50,1,30.0,solved,0.022009,0.004,1459,59,1437,1320,48,1.105303,0,,/home/carsten/Projects/MAPF/MAPF Evaluator/results/pptl-room-32-4/runs/pp_guided_tl_shortest/room-32-32-4/room-32-32-4-random-1_a50_s1_r0,,,"{""agents"": ""50"", ""comp_time"": ""4"", ""first_ms"": ""4.3"", ""makespan"": ""59"", ""makespan_lb"": ""48"", ""map_file"": ""room-32-32-4.map"", ""pp_demote_rounds"": ""1"", ""pp_failed"": ""0"", ""pp_order"": ""shortest"", ""pp_plan_ms"": ""3.1"", ""pp_plan_soc"": ""1459"", ""pp_tl"": ""0"", ""pp_used"": ""1"", ""seed"": ""1"", ""soc"": ""1459"", ""soc_lb"": ""1320"", ""solved"": ""1"", ""solver"": ""planner"", ""sum_of_loss"": ""1440"", ""sum_of_loss_lb"": ""1320""}"
pp_guided_tl:shortest,PP-guided (shortest first),room-32-32-4,room-32-32-4-random-1,50,2,30.0,solved,0.02723,0.005,1459,59,1437,1320,48,1.105303,0,,/home/carsten/Projects/MAPF/MAPF Evaluator/results/pptl-room-32-4/runs/pp_guided_tl_shortest/room-32-32-4/room-32-32-4-random-1_a50_s2_r0,,,"{""agents"": ""50"", ""comp_time"": ""5"", ""first_ms"": ""4.5"", ""makespan"": ""59"", ""makespan_lb"": ""48"", ""map_file"": ""room-32-32-4.map"", ""pp_demote_rounds"": ""1"", ""pp_failed"": ""0"", ""pp_order"": ""shortest"", ""pp_plan_ms"": ""3.2"", ""pp_plan_soc"": ""1459"", ""pp_tl"": ""0"", ""pp_used"": ""1"", ""seed"": ""2"", ""soc"": ""1459"", ""soc_lb"": ""1320"", ""solved"": ""1"", ""solver"": ""planner"", ""sum_of_loss"": ""1440"", ""sum_of_loss_lb"": ""1320""}"
pp_guided_tl:shortest_tl,PP-guided (shortest first) + traffic load in SIPP,room-32-32-4,room-32-32-4-random-1,50,0,30.0,solved,0.016681,0.006,1468,59,1462,1320,48,1.112121,0,,/home/carsten/Projects/MAPF/MAPF Evaluator/results/pptl-room-32-4/runs/pp_guided_tl_shortest_tl/room-32-32-4/room-32-32-4-random-1_a50_s0_r0,,,"{""agents"": ""50"", ""comp_time"": ""6"", ""first_ms"": ""5.3"", ""makespan"": ""59"", ""makespan_lb"": ""48"", ""map_file"": ""room-32-32-4.map"", ""pp_demote_rounds"": ""1"", ""pp_failed"": ""0"", ""pp_order"": ""shortest"", ""pp_plan_ms"": ""4.0"", ""pp_plan_soc"": ""1468"", ""pp_tl"": ""1"", ""pp_used"": ""1"", ""seed"": ""0"", ""soc"": ""1468"", ""soc_lb"": ""1320"", ""solved"": ""1"", ""solver"": ""planner"", ""sum_of_loss"": ""1463"", ""sum_of_loss_lb"": ""1320""}"
pp_guided_tl:traffic,PP-guided (traffic-last),room-32-32-4,room-32-32-4-random-1,50,0,30.0,solved,0.007417,0.003,1561,52,1450,1320,48,1.182576,0,,/home/carsten/Projects/MAPF/MAPF Evaluator/results/pptl-room-32-4/runs/pp_guided_tl_traffic/room-32-32-4/room-32-32-4-random-1_a50_s0_r0,,,"{""agents"": ""50"", ""comp_time"": ""3"", ""first_ms"": ""3.2"", ""makespan"": ""52"", ""makespan_lb"": ""48"", ""map_file"": ""room-32-32-4.map"", ""pp_demote_rounds"": ""0"", ""pp_failed"": ""0"", ""pp_order"": ""traffic-last"", ""pp_plan_ms"": ""1.5"", ""pp_plan_soc"": ""1561"", ""pp_tl"": ""0"", ""pp_used"": ""1"", ""seed"": ""0"", ""soc"": ""1561"", ""soc_lb"": ""1320"", ""solved"": ""1"", ""solver"": ""planner"", ""sum_of_loss"": ""1457"", ""sum_of_loss_lb"": ""1320""}"
pp_guided_tl:traffic,PP-guided (traffic-last),room-32-32-4,room-32-32-4-random-1,50,1,30.0,solved,0.008918,0.003,1561,52,1450,1320,48,1.182576,0,,/home/carsten/Projects/MAPF/MAPF Evaluator/results/pptl-room-32-4/runs/pp_guided_tl_traffic/room-32-32-4/room-32-32-4-random-1_a50_s1_r0,,,"{""agents"": ""50"", ""comp_time"": ""3"", ""first_ms"": ""3.4"", ""makespan"": ""52"", ""makespan_lb"": ""48"", ""map_file"": ""room-32-32-4.map"", ""pp_demote_rounds"": ""0"", ""pp_failed"": ""0"", ""pp_order"": ""traffic-last"", ""pp_plan_ms"": ""1.5"", ""pp_plan_soc"": ""1561"", ""pp_tl"": ""0"", ""pp_used"": ""1"", ""seed"": ""1"", ""soc"": ""1561"", ""soc_lb"": ""1320"", ""solved"": ""1"", ""solver"": ""planner"", ""sum_of_loss"": ""1457"", ""sum_of_loss_lb"": ""1320""}"
pp_guided_tl:shortest_tl,PP-guided (shortest first) + traffic load in SIPP,room-32-32-4,room-32-32-4-random-1,50,1,30.0,solved,0.065282,0.005,1468,59,1462,1320,48,1.112121,0,,/home/carsten/Projects/MAPF/MAPF Evaluator/results/pptl-room-32-4/runs/pp_guided_tl_shortest_tl/room-32-32-4/room-32-32-4-random-1_a50_s1_r0,,,"{""agents"": ""50"", ""comp_time"": ""5"", ""first_ms"": ""5.3"", ""makespan"": ""59"", ""makespan_lb"": ""48"", ""map_file"": ""room-32-32-4.map"", ""pp_demote_rounds"": ""1"", ""pp_failed"": ""0"", ""pp_order"": ""shortest"", ""pp_plan_ms"": ""3.7"", ""pp_plan_soc"": ""1468"", ""pp_tl"": ""1"", ""pp_used"": ""1"", ""seed"": ""1"", ""soc"": ""1468"", ""soc_lb"": ""1320"", ""solved"": ""1"", ""solver"": ""planner"", ""sum_of_loss"": ""1463"", ""sum_of_loss_lb"": ""1320""}"
pp_guided_tl:shortest_tl,PP-guided (shortest first) + traffic load in SIPP,room-32-32-4,room-32-32-4-random-1,50,2,30.0,solved,0.025105,0.005,1468,59,1462,1320,48,1.112121,0,,/home/carsten/Projects/MAPF/MAPF Evaluator/results/pptl-room-32-4/runs/pp_guided_tl_shortest_tl/room-32-32-4/room-32-32-4-random-1_a50_s2_r0,,,"{""agents"": ""50"", ""comp_time"": ""5"", ""first_ms"": ""5.4"", ""makespan"": ""59"", ""makespan_lb"": ""48"", ""map_file"": ""room-32-32-4.map"", ""pp_demote_rounds"": ""1"", ""pp_failed"": ""0"", ""pp_order"": ""shortest"", ""pp_plan_ms"": ""3.7"", ""pp_plan_soc"": ""1468"", ""pp_tl"": ""1"", ""pp_used"": ""1"", ""seed"": ""2"", ""soc"": ""1468"", ""soc_lb"": ""1320"", ""solved"": ""1"", ""solver"": ""planner"", ""sum_of_loss"": ""1463"", ""sum_of_loss_lb"": ""1320""}"
pp_guided_tl:traffic,PP-guided (traffic-last),room-32-32-4,room-32-32-4-random-1,50,2,30.0,solved,0.014996,0.003,1561,52,1450,1320,48,1.182576,0,,/home/carsten/Projects/MAPF/MAPF Evaluator/results/pptl-room-32-4/runs/pp_guided_tl_traffic/room-32-32-4/room-32-32-4-random-1_a50_s2_r0,,,"{""agents"": ""50"", ""comp_time"": ""3"", ""first_ms"": ""3.2"", ""makespan"": ""52"", ""makespan_lb"": ""48"", ""map_file"": ""room-32-32-4.map"", ""pp_demote_rounds"": ""0"", ""pp_failed"": ""0"", ""pp_order"": ""traffic-last"", ""pp_plan_ms"": ""1.5"", ""pp_plan_soc"": ""1561"", ""pp_tl"": ""0"", ""pp_used"": ""1"", ""seed"": ""2"", ""soc"": ""1561"", ""soc_lb"": ""1320"", ""solved"": ""1"", ""solver"": ""planner"", ""sum_of_loss"": ""1457"", ""sum_of_loss_lb"": ""1320""}"
pp_guided_tl:traffic_tl,PP-guided (traffic-last) + traffic load in SIPP,room-32-32-4,room-32-32-4-random-1,50,1,30.0,solved,0.031549,0.003,1535,52,1492,1320,48,1.162879,0,,/home/carsten/Projects/MAPF/MAPF Evaluator/results/pptl-room-32-4/runs/pp_guided_tl_traffic_tl/room-32-32-4/room-32-32-4-random-1_a50_s1_r0,,,"{""agents"": ""50"", ""comp_time"": ""3"", ""first_ms"": ""3.2"", ""makespan"": ""52"", ""makespan_lb"": ""48"", ""map_file"": ""room-32-32-4.map"", ""pp_demote_rounds"": ""0"", ""pp_failed"": ""0"", ""pp_order"": ""traffic-last"", ""pp_plan_ms"": ""1.8"", ""pp_plan_soc"": ""1535"", ""pp_tl"": ""1"", ""pp_used"": ""1"", ""seed"": ""1"", ""soc"": ""1535"", ""soc_lb"": ""1320"", ""solved"": ""1"", ""solver"": ""planner"", ""sum_of_loss"": ""1496"", ""sum_of_loss_lb"": ""1320""}"
pp_guided_tl:traffic_tl,PP-guided (traffic-last) + traffic load in SIPP,room-32-32-4,room-32-32-4-random-1,50,0,30.0,solved,0.045407,0.003,1535,52,1492,1320,48,1.162879,0,,/home/carsten/Projects/MAPF/MAPF Evaluator/results/pptl-room-32-4/runs/pp_guided_tl_traffic_tl/room-32-32-4/room-32-32-4-random-1_a50_s0_r0,,,"{""agents"": ""50"", ""comp_time"": ""3"", ""first_ms"": ""3.2"", ""makespan"": ""52"", ""makespan_lb"": ""48"", ""map_file"": ""room-32-32-4.map"", ""pp_demote_rounds"": ""0"", ""pp_failed"": ""0"", ""pp_order"": ""traffic-last"", ""pp_plan_ms"": ""1.8"", ""pp_plan_soc"": ""1535"", ""pp_tl"": ""1"", ""pp_used"": ""1"", ""seed"": ""0"", ""soc"": ""1535"", ""soc_lb"": ""1320"", ""solved"": ""1"", ""solver"": ""planner"", ""sum_of_loss"": ""1496"", ""sum_of_loss_lb"": ""1320""}"
pp_guided_tl:traffic_tl,PP-guided (traffic-last) + traffic load in SIPP,room-32-32-4,room-32-32-4-random-1,50,2,30.0,solved,0.060841,0.003,1535,52,1492,1320,48,1.162879,0,,/home/carsten/Projects/MAPF/MAPF Evaluator/results/pptl-room-32-4/runs/pp_guided_tl_traffic_tl/room-32-32-4/room-32-32-4-random-1_a50_s2_r0,,,"{""agents"": ""50"", ""comp_time"": ""3"", ""first_ms"": ""3.2"", ""makespan"": ""52"", ""makespan_lb"": ""48"", ""map_file"": ""room-32-32-4.map"", ""pp_demote_rounds"": ""0"", ""pp_failed"": ""0"", ""pp_order"": ""traffic-last"", ""pp_plan_ms"": ""1.8"", ""pp_plan_soc"": ""1535"", ""pp_tl"": ""1"", ""pp_used"": ""1"", ""seed"": ""2"", ""soc"": ""1535"", ""soc_lb"": ""1320"", ""solved"": ""1"", ""solver"": ""planner"", ""sum_of_loss"": ""1496"", ""sum_of_loss_lb"": ""1320""}"
pp_guided_tl:shortest,PP-guided (shortest first),room-32-32-4,room-32-32-4-random-1,100,0,30.0,solved,0.060491,0.018,3690,104,3595,2514,55,1.46778,0,,/home/carsten/Projects/MAPF/MAPF Evaluator/results/pptl-room-32-4/runs/pp_guided_tl_shortest/room-32-32-4/room-32-32-4-random-1_a100_s0_r0,,,"{""agents"": ""100"", ""comp_time"": ""18"", ""first_ms"": ""18.0"", ""makespan"": ""104"", ""makespan_lb"": ""55"", ""map_file"": ""room-32-32-4.map"", ""pp_demote_rounds"": ""1"", ""pp_failed"": ""0"", ""pp_order"": ""shortest"", ""pp_plan_ms"": ""15.1"", ""pp_plan_soc"": ""3690"", ""pp_tl"": ""0"", ""pp_used"": ""1"", ""seed"": ""0"", ""soc"": ""3690"", ""soc_lb"": ""2514"", ""solved"": ""1"", ""solver"": ""planner"", ""sum_of_loss"": ""3602"", ""sum_of_loss_lb"": ""2514""}"
pp_guided_tl:shortest,PP-guided (shortest first),room-32-32-4,room-32-32-4-random-1,100,2,30.0,solved,0.050215,0.019,3690,104,3595,2514,55,1.46778,0,,/home/carsten/Projects/MAPF/MAPF Evaluator/results/pptl-room-32-4/runs/pp_guided_tl_shortest/room-32-32-4/room-32-32-4-random-1_a100_s2_r0,,,"{""agents"": ""100"", ""comp_time"": ""19"", ""first_ms"": ""19.1"", ""makespan"": ""104"", ""makespan_lb"": ""55"", ""map_file"": ""room-32-32-4.map"", ""pp_demote_rounds"": ""1"", ""pp_failed"": ""0"", ""pp_order"": ""shortest"", ""pp_plan_ms"": ""15.9"", ""pp_plan_soc"": ""3690"", ""pp_tl"": ""0"", ""pp_used"": ""1"", ""seed"": ""2"", ""soc"": ""3690"", ""soc_lb"": ""2514"", ""solved"": ""1"", ""solver"": ""planner"", ""sum_of_loss"": ""3602"", ""sum_of_loss_lb"": ""2514""}"
pp_guided_tl:shortest,PP-guided (shortest first),room-32-32-4,room-32-32-4-random-1,100,1,30.0,solved,0.065215,0.019,3690,104,3595,2514,55,1.46778,0,,/home/carsten/Projects/MAPF/MAPF Evaluator/results/pptl-room-32-4/runs/pp_guided_tl_shortest/room-32-32-4/room-32-32-4-random-1_a100_s1_r0,,,"{""agents"": ""100"", ""comp_time"": ""19"", ""first_ms"": ""19.0"", ""makespan"": ""104"", ""makespan_lb"": ""55"", ""map_file"": ""room-32-32-4.map"", ""pp_demote_rounds"": ""1"", ""pp_failed"": ""0"", ""pp_order"": ""shortest"", ""pp_plan_ms"": ""15.7"", ""pp_plan_soc"": ""3690"", ""pp_tl"": ""0"", ""pp_used"": ""1"", ""seed"": ""1"", ""soc"": ""3690"", ""soc_lb"": ""2514"", ""solved"": ""1"", ""solver"": ""planner"", ""sum_of_loss"": ""3602"", ""sum_of_loss_lb"": ""2514""}"
pp_guided_tl:shortest_tl,PP-guided (shortest first) + traffic load in SIPP,room-32-32-4,room-32-32-4-random-1,100,0,30.0,solved,0.057051,0.02,3602,95,3539,2514,55,1.432776,0,,/home/carsten/Projects/MAPF/MAPF Evaluator/results/pptl-room-32-4/runs/pp_guided_tl_shortest_tl/room-32-32-4/room-32-32-4-random-1_a100_s0_r0,,,"{""agents"": ""100"", ""comp_time"": ""20"", ""first_ms"": ""19.9"", ""makespan"": ""95"", ""makespan_lb"": ""55"", ""map_file"": ""room-32-32-4.map"", ""pp_demote_rounds"": ""1"", ""pp_failed"": ""0"", ""pp_order"": ""shortest"", ""pp_plan_ms"": ""16.5"", ""pp_plan_soc"": ""3602"", ""pp_tl"": ""1"", ""pp_used"": ""1"", ""seed"": ""0"", ""soc"": ""3602"", ""soc_lb"": ""2514"", ""solved"": ""1"", ""solver"": ""planner"", ""sum_of_loss"": ""3544"", ""sum_of_loss_lb"": ""2514""}"
pp_guided_tl:shortest_tl,PP-guided (shortest first) + traffic load in SIPP,room-32-32-4,room-32-32-4-random-1,100,1,30.0,solved,0.076715,0.02,3602,95,3539,2514,55,1.432776,0,,/home/carsten/Projects/MAPF/MAPF Evaluator/results/pptl-room-32-4/runs/pp_guided_tl_shortest_tl/room-32-32-4/room-32-32-4-random-1_a100_s1_r0,,,"{""agents"": ""100"", ""comp_time"": ""20"", ""first_ms"": ""19.8"", ""makespan"": ""95"", ""makespan_lb"": ""55"", ""map_file"": ""room-32-32-4.map"", ""pp_demote_rounds"": ""1"", ""pp_failed"": ""0"", ""pp_order"": ""shortest"", ""pp_plan_ms"": ""16.2"", ""pp_plan_soc"": ""3602"", ""pp_tl"": ""1"", ""pp_used"": ""1"", ""seed"": ""1"", ""soc"": ""3602"", ""soc_lb"": ""2514"", ""solved"": ""1"", ""solver"": ""planner"", ""sum_of_loss"": ""3544"", ""sum_of_loss_lb"": ""2514""}"
pp_guided_tl:shortest_tl,PP-guided (shortest first) + traffic load in SIPP,room-32-32-4,room-32-32-4-random-1,100,2,30.0,solved,0.088204,0.02,3602,95,3539,2514,55,1.432776,0,,/home/carsten/Projects/MAPF/MAPF Evaluator/results/pptl-room-32-4/runs/pp_guided_tl_shortest_tl/room-32-32-4/room-32-32-4-random-1_a100_s2_r0,,,"{""agents"": ""100"", ""comp_time"": ""20"", ""first_ms"": ""20.0"", ""makespan"": ""95"", ""makespan_lb"": ""55"", ""map_file"": ""room-32-32-4.map"", ""pp_demote_rounds"": ""1"", ""pp_failed"": ""0"", ""pp_order"": ""shortest"", ""pp_plan_ms"": ""16.4"", ""pp_plan_soc"": ""3602"", ""pp_tl"": ""1"", ""pp_used"": ""1"", ""seed"": ""2"", ""soc"": ""3602"", ""soc_lb"": ""2514"", ""solved"": ""1"", ""solver"": ""planner"", ""sum_of_loss"": ""3544"", ""sum_of_loss_lb"": ""2514""}"
pp_guided_tl:traffic,PP-guided (traffic-last),room-32-32-4,room-32-32-4-random-1,100,0,30.0,solved,0.034905,0.008,3625,59,3261,2514,55,1.441925,0,,/home/carsten/Projects/MAPF/MAPF Evaluator/results/pptl-room-32-4/runs/pp_guided_tl_traffic/room-32-32-4/room-32-32-4-random-1_a100_s0_r0,,,"{""agents"": ""100"", ""comp_time"": ""8"", ""first_ms"": ""8.5"", ""makespan"": ""59"", ""makespan_lb"": ""55"", ""map_file"": ""room-32-32-4.map"", ""pp_demote_rounds"": ""0"", ""pp_failed"": ""0"", ""pp_order"": ""traffic-last"", ""pp_plan_ms"": ""5.1"", ""pp_plan_soc"": ""3625"", ""pp_tl"": ""0"", ""pp_used"": ""1"", ""seed"": ""0"", ""soc"": ""3625"", ""soc_lb"": ""2514"", ""solved"": ""1"", ""solver"": ""planner"", ""sum_of_loss"": ""3298"", ""sum_of_loss_lb"": ""2514""}"
pp_guided_tl:traffic,PP-guided (traffic-last),room-32-32-4,room-32-32-4-random-1,100,1,30.0,solved,0.029967,0.008,3625,59,3261,2514,55,1.441925,0,,/home/carsten/Projects/MAPF/MAPF Evaluator/results/pptl-room-32-4/runs/pp_guided_tl_traffic/room-32-32-4/room-32-32-4-random-1_a100_s1_r0,,,"{""agents"": ""100"", ""comp_time"": ""8"", ""first_ms"": ""8.5"", ""makespan"": ""59"", ""makespan_lb"": ""55"", ""map_file"": ""room-32-32-4.map"", ""pp_demote_rounds"": ""0"", ""pp_failed"": ""0"", ""pp_order"": ""traffic-last"", ""pp_plan_ms"": ""5.1"", ""pp_plan_soc"": ""3625"", ""pp_tl"": ""0"", ""pp_used"": ""1"", ""seed"": ""1"", ""soc"": ""3625"", ""soc_lb"": ""2514"", ""solved"": ""1"", ""solver"": ""planner"", ""sum_of_loss"": ""3298"", ""sum_of_loss_lb"": ""2514""}"
pp_guided_tl:traffic,PP-guided (traffic-last),room-32-32-4,room-32-32-4-random-1,100,2,30.0,solved,0.090968,0.008,3625,59,3261,2514,55,1.441925,0,,/home/carsten/Projects/MAPF/MAPF Evaluator/results/pptl-room-32-4/runs/pp_guided_tl_traffic/room-32-32-4/room-32-32-4-random-1_a100_s2_r0,,,"{""agents"": ""100"", ""comp_time"": ""8"", ""first_ms"": ""8.3"", ""makespan"": ""59"", ""makespan_lb"": ""55"", ""map_file"": ""room-32-32-4.map"", ""pp_demote_rounds"": ""0"", ""pp_failed"": ""0"", ""pp_order"": ""traffic-last"", ""pp_plan_ms"": ""5.1"", ""pp_plan_soc"": ""3625"", ""pp_tl"": ""0"", ""pp_used"": ""1"", ""seed"": ""2"", ""soc"": ""3625"", ""soc_lb"": ""2514"", ""solved"": ""1"", ""solver"": ""planner"", ""sum_of_loss"": ""3298"", ""sum_of_loss_lb"": ""2514""}"
pp_guided_tl:traffic_tl,PP-guided (traffic-last) + traffic load in SIPP,room-32-32-4,room-32-32-4-random-1,100,2,30.0,solved,0.037388,0.01,3541,61,3319,2514,55,1.408512,0,,/home/carsten/Projects/MAPF/MAPF Evaluator/results/pptl-room-32-4/runs/pp_guided_tl_traffic_tl/room-32-32-4/room-32-32-4-random-1_a100_s2_r0,,,"{""agents"": ""100"", ""comp_time"": ""10"", ""first_ms"": ""9.6"", ""makespan"": ""61"", ""makespan_lb"": ""55"", ""map_file"": ""room-32-32-4.map"", ""pp_demote_rounds"": ""0"", ""pp_failed"": ""0"", ""pp_order"": ""traffic-last"", ""pp_plan_ms"": ""6.1"", ""pp_plan_soc"": ""3541"", ""pp_tl"": ""1"", ""pp_used"": ""1"", ""seed"": ""2"", ""soc"": ""3541"", ""soc_lb"": ""2514"", ""solved"": ""1"", ""solver"": ""planner"", ""sum_of_loss"": ""3339"", ""sum_of_loss_lb"": ""2514""}"
pp_guided_tl:traffic_tl,PP-guided (traffic-last) + traffic load in SIPP,room-32-32-4,room-32-32-4-random-1,100,0,30.0,solved,0.04412,0.009,3541,61,3319,2514,55,1.408512,0,,/home/carsten/Projects/MAPF/MAPF Evaluator/results/pptl-room-32-4/runs/pp_guided_tl_traffic_tl/room-32-32-4/room-32-32-4-random-1_a100_s0_r0,,,"{""agents"": ""100"", ""comp_time"": ""9"", ""first_ms"": ""9.3"", ""makespan"": ""61"", ""makespan_lb"": ""55"", ""map_file"": ""room-32-32-4.map"", ""pp_demote_rounds"": ""0"", ""pp_failed"": ""0"", ""pp_order"": ""traffic-last"", ""pp_plan_ms"": ""6.2"", ""pp_plan_soc"": ""3541"", ""pp_tl"": ""1"", ""pp_used"": ""1"", ""seed"": ""0"", ""soc"": ""3541"", ""soc_lb"": ""2514"", ""solved"": ""1"", ""solver"": ""planner"", ""sum_of_loss"": ""3339"", ""sum_of_loss_lb"": ""2514""}"
pp_guided_tl:traffic_tl,PP-guided (traffic-last) + traffic load in SIPP,room-32-32-4,room-32-32-4-random-1,100,1,30.0,solved,0.042581,0.01,3541,61,3319,2514,55,1.408512,0,,/home/carsten/Projects/MAPF/MAPF Evaluator/results/pptl-room-32-4/runs/pp_guided_tl_traffic_tl/room-32-32-4/room-32-32-4-random-1_a100_s1_r0,,,"{""agents"": ""100"", ""comp_time"": ""10"", ""first_ms"": ""9.5"", ""makespan"": ""61"", ""makespan_lb"": ""55"", ""map_file"": ""room-32-32-4.map"", ""pp_demote_rounds"": ""0"", ""pp_failed"": ""0"", ""pp_order"": ""traffic-last"", ""pp_plan_ms"": ""6.2"", ""pp_plan_soc"": ""3541"", ""pp_tl"": ""1"", ""pp_used"": ""1"", ""seed"": ""1"", ""soc"": ""3541"", ""soc_lb"": ""2514"", ""solved"": ""1"", ""solver"": ""planner"", ""sum_of_loss"": ""3339"", ""sum_of_loss_lb"": ""2514""}"
pp_guided_tl:shortest,PP-guided (shortest first),room-32-32-4,room-32-32-4-random-1,150,0,30.0,solved,0.248947,0.086,7933,157,7606,3707,55,2.140005,0,,/home/carsten/Projects/MAPF/MAPF Evaluator/results/pptl-room-32-4/runs/pp_guided_tl_shortest/room-32-32-4/room-32-32-4-random-1_a150_s0_r0,,,"{""agents"": ""150"", ""comp_time"": ""86"", ""first_ms"": ""86.0"", ""makespan"": ""157"", ""makespan_lb"": ""55"", ""map_file"": ""room-32-32-4.map"", ""pp_demote_rounds"": ""4"", ""pp_failed"": ""0"", ""pp_order"": ""shortest"", ""pp_plan_ms"": ""79.4"", ""pp_plan_soc"": ""7933"", ""pp_tl"": ""0"", ""pp_used"": ""1"", ""seed"": ""0"", ""soc"": ""7933"", ""soc_lb"": ""3707"", ""solved"": ""1"", ""solver"": ""planner"", ""sum_of_loss"": ""7627"", ""sum_of_loss_lb"": ""3707""}"
pp_guided_tl:shortest,PP-guided (shortest first),room-32-32-4,room-32-32-4-random-1,150,1,30.0,solved,0.125351,0.087,7933,157,7606,3707,55,2.140005,0,,/home/carsten/Projects/MAPF/MAPF Evaluator/results/pptl-room-32-4/runs/pp_guided_tl_shortest/room-32-32-4/room-32-32-4-random-1_a150_s1_r0,,,"{""agents"": ""150"", ""comp_time"": ""87"", ""first_ms"": ""86.3"", ""makespan"": ""157"", ""makespan_lb"": ""55"", ""map_file"": ""room-32-32-4.map"", ""pp_demote_rounds"": ""4"", ""pp_failed"": ""0"", ""pp_order"": ""shortest"", ""pp_plan_ms"": ""79.0"", ""pp_plan_soc"": ""7933"", ""pp_tl"": ""0"", ""pp_used"": ""1"", ""seed"": ""1"", ""soc"": ""7933"", ""soc_lb"": ""3707"", ""solved"": ""1"", ""solver"": ""planner"", ""sum_of_loss"": ""7627"", ""sum_of_loss_lb"": ""3707""}"
pp_guided_tl:shortest,PP-guided (shortest first),room-32-32-4,room-32-32-4-random-1,150,2,30.0,solved,0.148516,0.086,7933,157,7606,3707,55,2.140005,0,,/home/carsten/Projects/MAPF/MAPF Evaluator/results/pptl-room-32-4/runs/pp_guided_tl_shortest/room-32-32-4/room-32-32-4-random-1_a150_s2_r0,,,"{""agents"": ""150"", ""comp_time"": ""86"", ""first_ms"": ""86.0"", ""makespan"": ""157"", ""makespan_lb"": ""55"", ""map_file"": ""room-32-32-4.map"", ""pp_demote_rounds"": ""4"", ""pp_failed"": ""0"", ""pp_order"": ""shortest"", ""pp_plan_ms"": ""78.8"", ""pp_plan_soc"": ""7933"", ""pp_tl"": ""0"", ""pp_used"": ""1"", ""seed"": ""2"", ""soc"": ""7933"", ""soc_lb"": ""3707"", ""solved"": ""1"", ""solver"": ""planner"", ""sum_of_loss"": ""7627"", ""sum_of_loss_lb"": ""3707""}"
pp_guided_tl:shortest_tl,PP-guided (shortest first) + traffic load in SIPP,room-32-32-4,room-32-32-4-random-1,150,0,30.0,solved,0.259479,0.135,7049,137,6862,3707,55,1.901538,0,,/home/carsten/Projects/MAPF/MAPF Evaluator/results/pptl-room-32-4/runs/pp_guided_tl_shortest_tl/room-32-32-4/room-32-32-4-random-1_a150_s0_r0,,,"{""agents"": ""150"", ""comp_time"": ""135"", ""first_ms"": ""134.6"", ""makespan"": ""137"", ""makespan_lb"": ""55"", ""map_file"": ""room-32-32-4.map"", ""pp_demote_rounds"": ""10"", ""pp_failed"": ""0"", ""pp_order"": ""shortest"", ""pp_plan_ms"": ""127.4"", ""pp_plan_soc"": ""7049"", ""pp_tl"": ""1"", ""pp_used"": ""1"", ""seed"": ""0"", ""soc"": ""7049"", ""soc_lb"": ""3707"", ""solved"": ""1"", ""solver"": ""planner"", ""sum_of_loss"": ""6874"", ""sum_of_loss_lb"": ""3707""}"
pp_guided_tl:traffic,PP-guided (traffic-last),room-32-32-4,room-32-32-4-random-1,150,0,30.0,solved,0.043917,0.016,5934,66,5317,3707,55,1.600755,0,,/home/carsten/Projects/MAPF/MAPF Evaluator/results/pptl-room-32-4/runs/pp_guided_tl_traffic/room-32-32-4/room-32-32-4-random-1_a150_s0_r0,,,"{""agents"": ""150"", ""comp_time"": ""16"", ""first_ms"": ""16.7"", ""makespan"": ""66"", ""makespan_lb"": ""55"", ""map_file"": ""room-32-32-4.map"", ""pp_demote_rounds"": ""1"", ""pp_failed"": ""0"", ""pp_order"": ""traffic-last"", ""pp_plan_ms"": ""11.5"", ""pp_plan_soc"": ""5934"", ""pp_tl"": ""0"", ""pp_used"": ""1"", ""seed"": ""0"", ""soc"": ""5934"", ""soc_lb"": ""3707"", ""solved"": ""1"", ""solver"": ""planner"", ""sum_of_loss"": ""5387"", ""sum_of_loss_lb"": ""3707""}"
pp_guided_tl:traffic,PP-guided (traffic-last),room-32-32-4,room-32-32-4-random-1,150,1,30.0,solved,0.033234,0.016,5934,66,5317,3707,55,1.600755,0,,/home/carsten/Projects/MAPF/MAPF Evaluator/results/pptl-room-32-4/runs/pp_guided_tl_traffic/room-32-32-4/room-32-32-4-random-1_a150_s1_r0,,,"{""agents"": ""150"", ""comp_time"": ""16"", ""first_ms"": ""16.7"", ""makespan"": ""66"", ""makespan_lb"": ""55"", ""map_file"": ""room-32-32-4.map"", ""pp_demote_rounds"": ""1"", ""pp_failed"": ""0"", ""pp_order"": ""traffic-last"", ""pp_plan_ms"": ""11.5"", ""pp_plan_soc"": ""5934"", ""pp_tl"": ""0"", ""pp_used"": ""1"", ""seed"": ""1"", ""soc"": ""5934"", ""soc_lb"": ""3707"", ""solved"": ""1"", ""solver"": ""planner"", ""sum_of_loss"": ""5387"", ""sum_of_loss_lb"": ""3707""}"
pp_guided_tl:shortest_tl,PP-guided (shortest first) + traffic load in SIPP,room-32-32-4,room-32-32-4-random-1,150,1,30.0,solved,0.206826,0.133,7049,137,6862,3707,55,1.901538,0,,/home/carsten/Projects/MAPF/MAPF Evaluator/results/pptl-room-32-4/runs/pp_guided_tl_shortest_tl/room-32-32-4/room-32-32-4-random-1_a150_s1_r0,,,"{""agents"": ""150"", ""comp_time"": ""133"", ""first_ms"": ""132.4"", ""makespan"": ""137"", ""makespan_lb"": ""55"", ""map_file"": ""room-32-32-4.map"", ""pp_demote_rounds"": ""10"", ""pp_failed"": ""0"", ""pp_order"": ""shortest"", ""pp_plan_ms"": ""126.1"", ""pp_plan_soc"": ""7049"", ""pp_tl"": ""1"", ""pp_used"": ""1"", ""seed"": ""1"", ""soc"": ""7049"", ""soc_lb"": ""3707"", ""solved"": ""1"", ""solver"": ""planner"", ""sum_of_loss"": ""6874"", ""sum_of_loss_lb"": ""3707""}"
pp_guided_tl:traffic,PP-guided (traffic-last),room-32-32-4,room-32-32-4-random-1,150,2,30.0,solved,0.061196,0.017,5934,66,5317,3707,55,1.600755,0,,/home/carsten/Projects/MAPF/MAPF Evaluator/results/pptl-room-32-4/runs/pp_guided_tl_traffic/room-32-32-4/room-32-32-4-random-1_a150_s2_r0,,,"{""agents"": ""150"", ""comp_time"": ""17"", ""first_ms"": ""16.8"", ""makespan"": ""66"", ""makespan_lb"": ""55"", ""map_file"": ""room-32-32-4.map"", ""pp_demote_rounds"": ""1"", ""pp_failed"": ""0"", ""pp_order"": ""traffic-last"", ""pp_plan_ms"": ""11.7"", ""pp_plan_soc"": ""5934"", ""pp_tl"": ""0"", ""pp_used"": ""1"", ""seed"": ""2"", ""soc"": ""5934"", ""soc_lb"": ""3707"", ""solved"": ""1"", ""solver"": ""planner"", ""sum_of_loss"": ""5387"", ""sum_of_loss_lb"": ""3707""}"
pp_guided_tl:traffic_tl,PP-guided (traffic-last) + traffic load in SIPP,room-32-32-4,room-32-32-4-random-1,150,0,30.0,solved,0.051186,0.019,5856,66,5482,3707,55,1.579714,0,,/home/carsten/Projects/MAPF/MAPF Evaluator/results/pptl-room-32-4/runs/pp_guided_tl_traffic_tl/room-32-32-4/room-32-32-4-random-1_a150_s0_r0,,,"{""agents"": ""150"", ""comp_time"": ""19"", ""first_ms"": ""18.5"", ""makespan"": ""66"", ""makespan_lb"": ""55"", ""map_file"": ""room-32-32-4.map"", ""pp_demote_rounds"": ""1"", ""pp_failed"": ""0"", ""pp_order"": ""traffic-last"", ""pp_plan_ms"": ""13.6"", ""pp_plan_soc"": ""5856"", ""pp_tl"": ""1"", ""pp_used"": ""1"", ""seed"": ""0"", ""soc"": ""5856"", ""soc_lb"": ""3707"", ""solved"": ""1"", ""solver"": ""planner"", ""sum_of_loss"": ""5526"", ""sum_of_loss_lb"": ""3707""}"
pp_guided_tl:shortest_tl,PP-guided (shortest first) + traffic load in SIPP,room-32-32-4,room-32-32-4-random-1,150,2,30.0,solved,0.20055,0.135,7049,137,6862,3707,55,1.901538,0,,/home/carsten/Projects/MAPF/MAPF Evaluator/results/pptl-room-32-4/runs/pp_guided_tl_shortest_tl/room-32-32-4/room-32-32-4-random-1_a150_s2_r0,,,"{""agents"": ""150"", ""comp_time"": ""135"", ""first_ms"": ""134.6"", ""makespan"": ""137"", ""makespan_lb"": ""55"", ""map_file"": ""room-32-32-4.map"", ""pp_demote_rounds"": ""10"", ""pp_failed"": ""0"", ""pp_order"": ""shortest"", ""pp_plan_ms"": ""127.7"", ""pp_plan_soc"": ""7049"", ""pp_tl"": ""1"", ""pp_used"": ""1"", ""seed"": ""2"", ""soc"": ""7049"", ""soc_lb"": ""3707"", ""solved"": ""1"", ""solver"": ""planner"", ""sum_of_loss"": ""6874"", ""sum_of_loss_lb"": ""3707""}"
pp_guided_tl:traffic_tl,PP-guided (traffic-last) + traffic load in SIPP,room-32-32-4,room-32-32-4-random-1,150,2,30.0,solved,0.080844,0.018,5856,66,5482,3707,55,1.579714,0,,/home/carsten/Projects/MAPF/MAPF Evaluator/results/pptl-room-32-4/runs/pp_guided_tl_traffic_tl/room-32-32-4/room-32-32-4-random-1_a150_s2_r0,,,"{""agents"": ""150"", ""comp_time"": ""18"", ""first_ms"": ""18.5"", ""makespan"": ""66"", ""makespan_lb"": ""55"", ""map_file"": ""room-32-32-4.map"", ""pp_demote_rounds"": ""1"", ""pp_failed"": ""0"", ""pp_order"": ""traffic-last"", ""pp_plan_ms"": ""13.5"", ""pp_plan_soc"": ""5856"", ""pp_tl"": ""1"", ""pp_used"": ""1"", ""seed"": ""2"", ""soc"": ""5856"", ""soc_lb"": ""3707"", ""solved"": ""1"", ""solver"": ""planner"", ""sum_of_loss"": ""5526"", ""sum_of_loss_lb"": ""3707""}"
pp_guided_tl:traffic_tl,PP-guided (traffic-last) + traffic load in SIPP,room-32-32-4,room-32-32-4-random-1,150,1,30.0,solved,0.096239,0.019,5856,66,5482,3707,55,1.579714,0,,/home/carsten/Projects/MAPF/MAPF Evaluator/results/pptl-room-32-4/runs/pp_guided_tl_traffic_tl/room-32-32-4/room-32-32-4-random-1_a150_s1_r0,,,"{""agents"": ""150"", ""comp_time"": ""19"", ""first_ms"": ""18.9"", ""makespan"": ""66"", ""makespan_lb"": ""55"", ""map_file"": ""room-32-32-4.map"", ""pp_demote_rounds"": ""1"", ""pp_failed"": ""0"", ""pp_order"": ""traffic-last"", ""pp_plan_ms"": ""13.8"", ""pp_plan_soc"": ""5856"", ""pp_tl"": ""1"", ""pp_used"": ""1"", ""seed"": ""1"", ""soc"": ""5856"", ""soc_lb"": ""3707"", ""solved"": ""1"", ""solver"": ""planner"", ""sum_of_loss"": ""5526"", ""sum_of_loss_lb"": ""3707""}"
pp_guided_tl:shortest,PP-guided (shortest first),room-32-32-4,room-32-32-4-random-1,200,0,30.0,solved,0.507689,0.439,11300,89,9461,5022,58,2.2501,0,,/home/carsten/Projects/MAPF/MAPF Evaluator/results/pptl-room-32-4/runs/pp_guided_tl_shortest/room-32-32-4/room-32-32-4-random-1_a200_s0_r0,,,"{""agents"": ""200"", ""comp_time"": ""439"", ""first_ms"": ""439.2"", ""makespan"": ""89"", ""makespan_lb"": ""58"", ""map_file"": ""room-32-32-4.map"", ""pp_demote_rounds"": ""15"", ""pp_failed"": ""8"", ""pp_order"": ""shortest"", ""pp_plan_ms"": ""415.6"", ""pp_plan_soc"": ""12812"", ""pp_tl"": ""0"", ""pp_used"": ""0"", ""seed"": ""0"", ""soc"": ""11300"", ""soc_lb"": ""5022"", ""solved"": ""1"", ""solver"": ""planner"", ""sum_of_loss"": ""9809"", ""sum_of_loss_lb"": ""5022""}"
pp_guided_tl:shortest,PP-guided (shortest first),room-32-32-4,room-32-32-4-random-1,200,1,30.0,solved,0.516241,0.434,12738,92,10234,5022,58,2.53644,0,,/home/carsten/Projects/MAPF/MAPF Evaluator/results/pptl-room-32-4/runs/pp_guided_tl_shortest/room-32-32-4/room-32-32-4-random-1_a200_s1_r0,,,"{""agents"": ""200"", ""comp_time"": ""434"", ""first_ms"": ""433.8"", ""makespan"": ""92"", ""makespan_lb"": ""58"", ""map_file"": ""room-32-32-4.map"", ""pp_demote_rounds"": ""15"", ""pp_failed"": ""8"", ""pp_order"": ""shortest"", ""pp_plan_ms"": ""408.6"", ""pp_plan_soc"": ""12812"", ""pp_tl"": ""0"", ""pp_used"": ""0"", ""seed"": ""1"", ""soc"": ""12738"", ""soc_lb"": ""5022"", ""solved"": ""1"", ""solver"": ""planner"", ""sum_of_loss"": ""10615"", ""sum_of_loss_lb"": ""5022""}"
pp_guided_tl:shortest,PP-guided (shortest first),room-32-32-4,room-32-32-4-random-1,200,2,30.0,solved,0.491384,0.451,11930,97,9870,5022,58,2.375548,0,,/home/carsten/Projects/MAPF/MAPF Evaluator/results/pptl-room-32-4/runs/pp_guided_tl_shortest/room-32-32-4/room-32-32-4-random-1_a200_s2_r0,,,"{""agents"": ""200"", ""comp_time"": ""451"", ""first_ms"": ""451.9"", ""makespan"": ""97"", ""makespan_lb"": ""58"", ""map_file"": ""room-32-32-4.map"", ""pp_demote_rounds"": ""15"", ""pp_failed"": ""8"", ""pp_order"": ""shortest"", ""pp_plan_ms"": ""411.8"", ""pp_plan_soc"": ""12812"", ""pp_tl"": ""0"", ""pp_used"": ""0"", ""seed"": ""2"", ""soc"": ""11930"", ""soc_lb"": ""5022"", ""solved"": ""1"", ""solver"": ""planner"", ""sum_of_loss"": ""10198"", ""sum_of_loss_lb"": ""5022""}"
pp_guided_tl:shortest_tl,PP-guided (shortest first) + traffic load in SIPP,room-32-32-4,room-32-32-4-random-1,200,0,30.0,solved,0.545893,0.473,11300,89,9461,5022,58,2.2501,0,,/home/carsten/Projects/MAPF/MAPF Evaluator/results/pptl-room-32-4/runs/pp_guided_tl_shortest_tl/room-32-32-4/room-32-32-4-random-1_a200_s0_r0,,,"{""agents"": ""200"", ""comp_time"": ""473"", ""first_ms"": ""473.0"", ""makespan"": ""89"", ""makespan_lb"": ""58"", ""map_file"": ""room-32-32-4.map"", ""pp_demote_rounds"": ""15"", ""pp_failed"": ""3"", ""pp_order"": ""shortest"", ""pp_plan_ms"": ""448.7"", ""pp_plan_soc"": ""11806"", ""pp_tl"": ""1"", ""pp_used"": ""0"", ""seed"": ""0"", ""soc"": ""11300"", ""soc_lb"": ""5022"", ""solved"": ""1"", ""solver"": ""planner"", ""sum_of_loss"": ""9809"", ""sum_of_loss_lb"": ""5022""}"
pp_guided_tl:traffic,PP-guided (traffic-last),room-32-32-4,room-32-32-4-random-1,200,0,30.0,solved,0.210169,0.165,10717,110,9748,5022,58,2.13401,0,,/home/carsten/Projects/MAPF/MAPF Evaluator/results/pptl-room-32-4/runs/pp_guided_tl_traffic/room-32-32-4/room-32-32-4-random-1_a200_s0_r0,,,"{""agents"": ""200"", ""comp_time"": ""165"", ""first_ms"": ""165.5"", ""makespan"": ""110"", ""makespan_lb"": ""58"", ""map_file"": ""room-32-32-4.map"", ""pp_demote_rounds"": ""7"", ""pp_failed"": ""0"", ""pp_order"": ""traffic-last"", ""pp_plan_ms"": ""157.1"", ""pp_plan_soc"": ""10717"", ""pp_tl"": ""0"", ""pp_used"": ""1"", ""seed"": ""0"", ""soc"": ""10717"", ""soc_lb"": ""5022"", ""solved"": ""1"", ""solver"": ""planner"", ""sum_of_loss"": ""9830"", ""sum_of_loss_lb"": ""5022""}"
pp_guided_tl:traffic,PP-guided (traffic-last),room-32-32-4,room-32-32-4-random-1,200,1,30.0,solved,0.220518,0.17,10717,110,9748,5022,58,2.13401,0,,/home/carsten/Projects/MAPF/MAPF Evaluator/results/pptl-room-32-4/runs/pp_guided_tl_traffic/room-32-32-4/room-32-32-4-random-1_a200_s1_r0,,,"{""agents"": ""200"", ""comp_time"": ""170"", ""first_ms"": ""170.3"", ""makespan"": ""110"", ""makespan_lb"": ""58"", ""map_file"": ""room-32-32-4.map"", ""pp_demote_rounds"": ""7"", ""pp_failed"": ""0"", ""pp_order"": ""traffic-last"", ""pp_plan_ms"": ""162.2"", ""pp_plan_soc"": ""10717"", ""pp_tl"": ""0"", ""pp_used"": ""1"", ""seed"": ""1"", ""soc"": ""10717"", ""soc_lb"": ""5022"", ""solved"": ""1"", ""solver"": ""planner"", ""sum_of_loss"": ""9830"", ""sum_of_loss_lb"": ""5022""}"
pp_guided_tl:shortest_tl,PP-guided (shortest first) + traffic load in SIPP,room-32-32-4,room-32-32-4-random-1,200,1,30.0,solved,0.517364,0.469,12738,92,10234,5022,58,2.53644,0,,/home/carsten/Projects/MAPF/MAPF Evaluator/results/pptl-room-32-4/runs/pp_guided_tl_shortest_tl/room-32-32-4/room-32-32-4-random-1_a200_s1_r0,,,"{""agents"": ""200"", ""comp_time"": ""469"", ""first_ms"": ""469.1"", ""makespan"": ""92"", ""makespan_lb"": ""58"", ""map_file"": ""room-32-32-4.map"", ""pp_demote_rounds"": ""15"", ""pp_failed"": ""3"", ""pp_order"": ""shortest"", ""pp_plan_ms"": ""444.0"", ""pp_plan_soc"": ""11806"", ""pp_tl"": ""1"", ""pp_used"": ""0"", ""seed"": ""1"", ""soc"": ""12738"", ""soc_lb"": ""5022"", ""solved"": ""1"", ""solver"": ""planner"", ""sum_of_loss"": ""10615"", ""sum_of_loss_lb"": ""5022""}"
pp_guided_tl:shortest_tl,PP-guided (shortest first) + traffic load in SIPP,room-32-32-4,room-32-32-4-random-1,200,2,30.0,solved,0.537041,0.489,11930,97,9870,5022,58,2.375548,0,,/home/carsten/Projects/MAPF/MAPF Evaluator/results/pptl-room-32-4/runs/pp_guided_tl_shortest_tl/room-32-32-4/room-32-32-4-random-1_a200_s2_r0,,,"{""agents"": ""200"", ""comp_time"": ""489"", ""first_ms"": ""489.3"", ""makespan"": ""97"", ""makespan_lb"": ""58"", ""map_file"": ""room-32-32-4.map"", ""pp_demote_rounds"": ""15"", ""pp_failed"": ""3"", ""pp_order"": ""shortest"", ""pp_plan_ms"": ""448.9"", ""pp_plan_soc"": ""11806"", ""pp_tl"": ""1"", ""pp_used"": ""0"", ""seed"": ""2"", ""soc"": ""11930"", ""soc_lb"": ""5022"", ""solved"": ""1"", ""solver"": ""planner"", ""sum_of_loss"": ""10198"", ""sum_of_loss_lb"": ""5022""}"
pp_guided_tl:traffic,PP-guided (traffic-last),room-32-32-4,room-32-32-4-random-1,200,2,30.0,solved,0.227192,0.166,10717,110,9748,5022,58,2.13401,0,,/home/carsten/Projects/MAPF/MAPF Evaluator/results/pptl-room-32-4/runs/pp_guided_tl_traffic/room-32-32-4/room-32-32-4-random-1_a200_s2_r0,,,"{""agents"": ""200"", ""comp_time"": ""166"", ""first_ms"": ""165.6"", ""makespan"": ""110"", ""makespan_lb"": ""58"", ""map_file"": ""room-32-32-4.map"", ""pp_demote_rounds"": ""7"", ""pp_failed"": ""0"", ""pp_order"": ""traffic-last"", ""pp_plan_ms"": ""157.4"", ""pp_plan_soc"": ""10717"", ""pp_tl"": ""0"", ""pp_used"": ""1"", ""seed"": ""2"", ""soc"": ""10717"", ""soc_lb"": ""5022"", ""solved"": ""1"", ""solver"": ""planner"", ""sum_of_loss"": ""9830"", ""sum_of_loss_lb"": ""5022""}"
pp_guided_tl:shortest,PP-guided (shortest first),room-32-32-4,room-32-32-4-random-2,50,0,30.0,solved,0.015459,0.005,1511,60,1477,1277,52,1.183242,0,,/home/carsten/Projects/MAPF/MAPF Evaluator/results/pptl-room-32-4/runs/pp_guided_tl_shortest/room-32-32-4/room-32-32-4-random-2_a50_s0_r0,,,"{""agents"": ""50"", ""comp_time"": ""5"", ""first_ms"": ""5.2"", ""makespan"": ""60"", ""makespan_lb"": ""52"", ""map_file"": ""room-32-32-4.map"", ""pp_demote_rounds"": ""1"", ""pp_failed"": ""0"", ""pp_order"": ""shortest"", ""pp_plan_ms"": ""4.0"", ""pp_plan_soc"": ""1511"", ""pp_tl"": ""0"", ""pp_used"": ""1"", ""seed"": ""0"", ""soc"": ""1511"", ""soc_lb"": ""1277"", ""solved"": ""1"", ""solver"": ""planner"", ""sum_of_loss"": ""1479"", ""sum_of_loss_lb"": ""1277""}"
pp_guided_tl:shortest,PP-guided (shortest first),room-32-32-4,room-32-32-4-random-2,50,1,30.0,solved,0.015401,0.005,1511,60,1477,1277,52,1.183242,0,,/home/carsten/Projects/MAPF/MAPF Evaluator/results/pptl-room-32-4/runs/pp_guided_tl_shortest/room-32-32-4/room-32-32-4-random-2_a50_s1_r0,,,"{""agents"": ""50"", ""comp_time"": ""5"", ""first_ms"": ""5.2"", ""makespan"": ""60"", ""makespan_lb"": ""52"", ""map_file"": ""room-32-32-4.map"", ""pp_demote_rounds"": ""1"", ""pp_failed"": ""0"", ""pp_order"": ""shortest"", ""pp_plan_ms"": ""4.0"", ""pp_plan_soc"": ""1511"", ""pp_tl"": ""0"", ""pp_used"": ""1"", ""seed"": ""1"", ""soc"": ""1511"", ""soc_lb"": ""1277"", ""solved"": ""1"", ""solver"": ""planner"", ""sum_of_loss"": ""1479"", ""sum_of_loss_lb"": ""1277""}"
pp_guided_tl:shortest,PP-guided (shortest first),room-32-32-4,room-32-32-4-random-2,50,2,30.0,solved,0.015419,0.005,1511,60,1477,1277,52,1.183242,0,,/home/carsten/Projects/MAPF/MAPF Evaluator/results/pptl-room-32-4/runs/pp_guided_tl_shortest/room-32-32-4/room-32-32-4-random-2_a50_s2_r0,,,"{""agents"": ""50"", ""comp_time"": ""5"", ""first_ms"": ""5.2"", ""makespan"": ""60"", ""makespan_lb"": ""52"", ""map_file"": ""room-32-32-4.map"", ""pp_demote_rounds"": ""1"", ""pp_failed"": ""0"", ""pp_order"": ""shortest"", ""pp_plan_ms"": ""4.0"", ""pp_plan_soc"": ""1511"", ""pp_tl"": ""0"", ""pp_used"": ""1"", ""seed"": ""2"", ""soc"": ""1511"", ""soc_lb"": ""1277"", ""solved"": ""1"", ""solver"": ""planner"", ""sum_of_loss"": ""1479"", ""sum_of_loss_lb"": ""1277""}"
pp_guided_tl:shortest_tl,PP-guided (shortest first) + traffic load in SIPP,room-32-32-4,room-32-32-4-random-2,50,0,30.0,solved,0.015386,0.006,1508,60,1486,1277,52,1.180893,0,,/home/carsten/Projects/MAPF/MAPF Evaluator/results/pptl-room-32-4/runs/pp_guided_tl_shortest_tl/room-32-32-4/room-32-32-4-random-2_a50_s0_r0,,,"{""agents"": ""50"", ""comp_time"": ""6"", ""first_ms"": ""6.2"", ""makespan"": ""60"", ""makespan_lb"": ""52"", ""map_file"": ""room-32-32-4.map"", ""pp_demote_rounds"": ""1"", ""pp_failed"": ""0"", ""pp_order"": ""shortest"", ""pp_plan_ms"": ""4.5"", ""pp_plan_soc"": ""1508"", ""pp_tl"": ""1"", ""pp_used"": ""1"", ""seed"": ""0"", ""soc"": ""1508"", ""soc_lb"": ""1277"", ""solved"": ""1"", ""solver"": ""planner"", ""sum_of_loss"": ""1487"", ""sum_of_loss_lb"": ""1277""}"
pp_guided_tl:traffic_tl,PP-guided (traffic-last) + traffic load in SIPP,room-32-32-4,room-32-32-4-random-1,200,0,30.0,solved,0.343038,0.309,11300,89,9461,5022,58,2.2501,0,,/home/carsten/Projects/MAPF/MAPF Evaluator/results/pptl-room-32-4/runs/pp_guided_tl_traffic_tl/room-32-32-4/room-32-32-4-random-1_a200_s0_r0,,,"{""agents"": ""200"", ""comp_time"": ""309"", ""first_ms"": ""308.7"", ""makespan"": ""89"", ""makespan_lb"": ""58"", ""map_file"": ""room-32-32-4.map"", ""pp_demote_rounds"": ""15"", ""pp_failed"": ""1"", ""pp_order"": ""traffic-last"", ""pp_plan_ms"": ""284.1"", ""pp_plan_soc"": ""9788"", ""pp_tl"": ""1"", ""pp_used"": ""0"", ""seed"": ""0"", ""soc"": ""11300"", ""soc_lb"": ""5022"", ""solved"": ""1"", ""solver"": ""planner"", ""sum_of_loss"": ""9809"", ""sum_of_loss_lb"": ""5022""}"
pp_guided_tl:shortest_tl,PP-guided (shortest first) + traffic load in SIPP,room-32-32-4,room-32-32-4-random-2,50,1,30.0,solved,0.018061,0.006,1508,60,1486,1277,52,1.180893,0,,/home/carsten/Projects/MAPF/MAPF Evaluator/results/pptl-room-32-4/runs/pp_guided_tl_shortest_tl/room-32-32-4/room-32-32-4-random-2_a50_s1_r0,,,"{""agents"": ""50"", ""comp_time"": ""6"", ""first_ms"": ""6.2"", ""makespan"": ""60"", ""makespan_lb"": ""52"", ""map_file"": ""room-32-32-4.map"", ""pp_demote_rounds"": ""1"", ""pp_failed"": ""0"", ""pp_order"": ""shortest"", ""pp_plan_ms"": ""4.5"", ""pp_plan_soc"": ""1508"", ""pp_tl"": ""1"", ""pp_used"": ""1"", ""seed"": ""1"", ""soc"": ""1508"", ""soc_lb"": ""1277"", ""solved"": ""1"", ""solver"": ""planner"", ""sum_of_loss"": ""1487"", ""sum_of_loss_lb"": ""1277""}"
pp_guided_tl:shortest_tl,PP-guided (shortest first) + traffic load in SIPP,room-32-32-4,room-32-32-4-random-2,50,2,30.0,solved,0.021966,0.006,1508,60,1486,1277,52,1.180893,0,,/home/carsten/Projects/MAPF/MAPF Evaluator/results/pptl-room-32-4/runs/pp_guided_tl_shortest_tl/room-32-32-4/room-32-32-4-random-2_a50_s2_r0,,,"{""agents"": ""50"", ""comp_time"": ""6"", ""first_ms"": ""6.5"", ""makespan"": ""60"", ""makespan_lb"": ""52"", ""map_file"": ""room-32-32-4.map"", ""pp_demote_rounds"": ""1"", ""pp_failed"": ""0"", ""pp_order"": ""shortest"", ""pp_plan_ms"": ""4.6"", ""pp_plan_soc"": ""1508"", ""pp_tl"": ""1"", ""pp_used"": ""1"", ""seed"": ""2"", ""soc"": ""1508"", ""soc_lb"": ""1277"", ""solved"": ""1"", ""solver"": ""planner"", ""sum_of_loss"": ""1487"", ""sum_of_loss_lb"": ""1277""}"
pp_guided_tl:traffic,PP-guided (traffic-last),room-32-32-4,room-32-32-4-random-2,50,0,30.0,solved,0.008791,0.003,1606,52,1465,1277,52,1.257635,0,,/home/carsten/Projects/MAPF/MAPF Evaluator/results/pptl-room-32-4/runs/pp_guided_tl_traffic/room-32-32-4/room-32-32-4-random-2_a50_s0_r0,,,"{""agents"": ""50"", ""comp_time"": ""3"", ""first_ms"": ""3.4"", ""makespan"": ""52"", ""makespan_lb"": ""52"", ""map_file"": ""room-32-32-4.map"", ""pp_demote_rounds"": ""0"", ""pp_failed"": ""0"", ""pp_order"": ""traffic-last"", ""pp_plan_ms"": ""1.8"", ""pp_plan_soc"": ""1606"", ""pp_tl"": ""0"", ""pp_used"": ""1"", ""seed"": ""0"", ""soc"": ""1606"", ""soc_lb"": ""1277"", ""solved"": ""1"", ""solver"": ""planner"", ""sum_of_loss"": ""1480"", ""sum_of_loss_lb"": ""1277""}"
pp_guided_tl:traffic_tl,PP-guided (traffic-last) + traffic load in SIPP,room-32-32-4,room-32-32-4-random-1,200,1,30.0,solved,0.333728,0.313,12738,92,10234,5022,58,2.53644,0,,/home/carsten/Projects/MAPF/MAPF Evaluator/results/pptl-room-32-4/runs/pp_guided_tl_traffic_tl/room-32-32-4/room-32-32-4-random-1_a200_s1_r0,,,"{""agents"": ""200"", ""comp_time"": ""313"", ""first_ms"": ""312.7"", ""makespan"": ""92"", ""makespan_lb"": ""58"", ""map_file"": ""room-32-32-4.map"", ""pp_demote_rounds"": ""15"", ""pp_failed"": ""1"", ""pp_order"": ""traffic-last"", ""pp_plan_ms"": ""287.6"", ""pp_plan_soc"": ""9788"", ""pp_tl"": ""1"", ""pp_used"": ""0"", ""seed"": ""1"", ""soc"": ""12738"", ""soc_lb"": ""5022"", ""solved"": ""1"", ""solver"": ""planner"", ""sum_of_loss"": ""10615"", ""sum_of_loss_lb"": ""5022""}"
pp_guided_tl:traffic,PP-guided (traffic-last),room-32-32-4,room-32-32-4-random-2,50,1,30.0,solved,0.024452,0.003,1606,52,1465,1277,52,1.257635,0,,/home/carsten/Projects/MAPF/MAPF Evaluator/results/pptl-room-32-4/runs/pp_guided_tl_traffic/room-32-32-4/room-32-32-4-random-2_a50_s1_r0,,,"{""agents"": ""50"", ""comp_time"": ""3"", ""first_ms"": ""3.3"", ""makespan"": ""52"", ""makespan_lb"": ""52"", ""map_file"": ""room-32-32-4.map"", ""pp_demote_rounds"": ""0"", ""pp_failed"": ""0"", ""pp_order"": ""traffic-last"", ""pp_plan_ms"": ""1.7"", ""pp_plan_soc"": ""1606"", ""pp_tl"": ""0"", ""pp_used"": ""1"", ""seed"": ""1"", ""soc"": ""1606"", ""soc_lb"": ""1277"", ""solved"": ""1"", ""solver"": ""planner"", ""sum_of_loss"": ""1480"", ""sum_of_loss_lb"": ""1277""}"
pp_guided_tl:traffic,PP-guided (traffic-last),room-32-32-4,room-32-32-4-random-2,50,2,30.0,solved,0.009894,0.003,1606,52,1465,1277,52,1.257635,0,,/home/carsten/Projects/MAPF/MAPF Evaluator/results/pptl-room-32-4/runs/pp_guided_tl_traffic/room-32-32-4/room-32-32-4-random-2_a50_s2_r0,,,"{""agents"": ""50"", ""comp_time"": ""3"", ""first_ms"": ""3.6"", ""makespan"": ""52"", ""makespan_lb"": ""52"", ""map_file"": ""room-32-32-4.map"", ""pp_demote_rounds"": ""0"", ""pp_failed"": ""0"", ""pp_order"": ""traffic-last"", ""pp_plan_ms"": ""1.6"", ""pp_plan_soc"": ""1606"", ""pp_tl"": ""0"", ""pp_used"": ""1"", ""seed"": ""2"", ""soc"": ""1606"", ""soc_lb"": ""1277"", ""solved"": ""1"", ""solver"": ""planner"", ""sum_of_loss"": ""1480"", ""sum_of_loss_lb"": ""1277""}"
pp_guided_tl:traffic_tl,PP-guided (traffic-last) + traffic load in SIPP,room-32-32-4,room-32-32-4-random-2,50,0,30.0,solved,0.03261,0.004,1620,52,1519,1277,52,1.268598,0,,/home/carsten/Projects/MAPF/MAPF Evaluator/results/pptl-room-32-4/runs/pp_guided_tl_traffic_tl/room-32-32-4/room-32-32-4-random-2_a50_s0_r0,,,"{""agents"": ""50"", ""comp_time"": ""4"", ""first_ms"": ""3.2"", ""makespan"": ""52"", ""makespan_lb"": ""52"", ""map_file"": ""room-32-32-4.map"", ""pp_demote_rounds"": ""0"", ""pp_failed"": ""0"", ""pp_order"": ""traffic-last"", ""pp_plan_ms"": ""2.2"", ""pp_plan_soc"": ""1620"", ""pp_tl"": ""1"", ""pp_used"": ""1"", ""seed"": ""0"", ""soc"": ""1620"", ""soc_lb"": ""1277"", ""solved"": ""1"", ""solver"": ""planner"", ""sum_of_loss"": ""1529"", ""sum_of_loss_lb"": ""1277""}"
pp_guided_tl:traffic_tl,PP-guided (traffic-last) + traffic load in SIPP,room-32-32-4,room-32-32-4-random-2,50,1,30.0,solved,0.025768,0.004,1620,52,1519,1277,52,1.268598,0,,/home/carsten/Projects/MAPF/MAPF Evaluator/results/pptl-room-32-4/runs/pp_guided_tl_traffic_tl/room-32-32-4/room-32-32-4-random-2_a50_s1_r0,,,"{""agents"": ""50"", ""comp_time"": ""4"", ""first_ms"": ""3.2"", ""makespan"": ""52"", ""makespan_lb"": ""52"", ""map_file"": ""room-32-32-4.map"", ""pp_demote_rounds"": ""0"", ""pp_failed"": ""0"", ""pp_order"": ""traffic-last"", ""pp_plan_ms"": ""2.2"", ""pp_plan_soc"": ""1620"", ""pp_tl"": ""1"", ""pp_used"": ""1"", ""seed"": ""1"", ""soc"": ""1620"", ""soc_lb"": ""1277"", ""solved"": ""1"", ""solver"": ""planner"", ""sum_of_loss"": ""1529"", ""sum_of_loss_lb"": ""1277""}"
pp_guided_tl:traffic_tl,PP-guided (traffic-last) + traffic load in SIPP,room-32-32-4,room-32-32-4-random-2,50,2,30.0,solved,0.015409,0.004,1620,52,1519,1277,52,1.268598,0,,/home/carsten/Projects/MAPF/MAPF Evaluator/results/pptl-room-32-4/runs/pp_guided_tl_traffic_tl/room-32-32-4/room-32-32-4-random-2_a50_s2_r0,,,"{""agents"": ""50"", ""comp_time"": ""4"", ""first_ms"": ""4.4"", ""makespan"": ""52"", ""makespan_lb"": ""52"", ""map_file"": ""room-32-32-4.map"", ""pp_demote_rounds"": ""0"", ""pp_failed"": ""0"", ""pp_order"": ""traffic-last"", ""pp_plan_ms"": ""2.5"", ""pp_plan_soc"": ""1620"", ""pp_tl"": ""1"", ""pp_used"": ""1"", ""seed"": ""2"", ""soc"": ""1620"", ""soc_lb"": ""1277"", ""solved"": ""1"", ""solver"": ""planner"", ""sum_of_loss"": ""1529"", ""sum_of_loss_lb"": ""1277""}"
pp_guided_tl:traffic_tl,PP-guided (traffic-last) + traffic load in SIPP,room-32-32-4,room-32-32-4-random-1,200,2,30.0,solved,0.356222,0.326,11930,97,9870,5022,58,2.375548,0,,/home/carsten/Projects/MAPF/MAPF Evaluator/results/pptl-room-32-4/runs/pp_guided_tl_traffic_tl/room-32-32-4/room-32-32-4-random-1_a200_s2_r0,,,"{""agents"": ""200"", ""comp_time"": ""326"", ""first_ms"": ""326.2"", ""makespan"": ""97"", ""makespan_lb"": ""58"", ""map_file"": ""room-32-32-4.map"", ""pp_demote_rounds"": ""15"", ""pp_failed"": ""1"", ""pp_order"": ""traffic-last"", ""pp_plan_ms"": ""286.2"", ""pp_plan_soc"": ""9788"", ""pp_tl"": ""1"", ""pp_used"": ""0"", ""seed"": ""2"", ""soc"": ""11930"", ""soc_lb"": ""5022"", ""solved"": ""1"", ""solver"": ""planner"", ""sum_of_loss"": ""10198"", ""sum_of_loss_lb"": ""5022""}"
pp_guided_tl:shortest,PP-guided (shortest first),room-32-32-4,room-32-32-4-random-2,100,0,30.0,solved,0.099851,0.032,4469,107,4357,2558,52,1.747068,0,,/home/carsten/Projects/MAPF/MAPF Evaluator/results/pptl-room-32-4/runs/pp_guided_tl_shortest/room-32-32-4/room-32-32-4-random-2_a100_s0_r0,,,"{""agents"": ""100"", ""comp_time"": ""32"", ""first_ms"": ""31.1"", ""makespan"": ""107"", ""makespan_lb"": ""52"", ""map_file"": ""room-32-32-4.map"", ""pp_demote_rounds"": ""2"", ""pp_failed"": ""0"", ""pp_order"": ""shortest"", ""pp_plan_ms"": ""28.0"", ""pp_plan_soc"": ""4469"", ""pp_tl"": ""0"", ""pp_used"": ""1"", ""seed"": ""0"", ""soc"": ""4469"", ""soc_lb"": ""2558"", ""solved"": ""1"", ""solver"": ""planner"", ""sum_of_loss"": ""4368"", ""sum_of_loss_lb"": ""2558""}"
pp_guided_tl:shortest,PP-guided (shortest first),room-32-32-4,room-32-32-4-random-2,100,1,30.0,solved,0.051309,0.032,4469,107,4357,2558,52,1.747068,0,,/home/carsten/Projects/MAPF/MAPF Evaluator/results/pptl-room-32-4/runs/pp_guided_tl_shortest/room-32-32-4/room-32-32-4-random-2_a100_s1_r0,,,"{""agents"": ""100"", ""comp_time"": ""32"", ""first_ms"": ""32.1"", ""makespan"": ""107"", ""makespan_lb"": ""52"", ""map_file"": ""room-32-32-4.map"", ""pp_demote_rounds"": ""2"", ""pp_failed"": ""0"", ""pp_order"": ""shortest"", ""pp_plan_ms"": ""28.6"", ""pp_plan_soc"": ""4469"", ""pp_tl"": ""0"", ""pp_used"": ""1"", ""seed"": ""1"", ""soc"": ""4469"", ""soc_lb"": ""2558"", ""solved"": ""1"", ""solver"": ""planner"", ""sum_of_loss"": ""4368"", ""sum_of_loss_lb"": ""2558""}"
pp_guided_tl:shortest,PP-guided (shortest first),room-32-32-4,room-32-32-4-random-2,100,2,30.0,solved,0.07947,0.032,4469,107,4357,2558,52,1.747068,0,,/home/carsten/Projects/MAPF/MAPF Evaluator/results/pptl-room-32-4/runs/pp_guided_tl_shortest/room-32-32-4/room-32-32-4-random-2_a100_s2_r0,,,"{""agents"": ""100"", ""comp_time"": ""32"", ""first_ms"": ""31.9"", ""makespan"": ""107"", ""makespan_lb"": ""52"", ""map_file"": ""room-32-32-4.map"", ""pp_demote_rounds"": ""2"", ""pp_failed"": ""0"", ""pp_order"": ""shortest"", ""pp_plan_ms"": ""28.3"", ""pp_plan_soc"": ""4469"", ""pp_tl"": ""0"", ""pp_used"": ""1"", ""seed"": ""2"", ""soc"": ""4469"", ""soc_lb"": ""2558"", ""solved"": ""1"", ""solver"": ""planner"", ""sum_of_loss"": ""4368"", ""sum_of_loss_lb"": ""2558""}"
pp_guided_tl:shortest_tl,PP-guided (shortest first) + traffic load in SIPP,room-32-32-4,room-32-32-4-random-2,100,0,30.0,solved,0.068855,0.032,4288,105,4195,2558,52,1.67631,0,,/home/carsten/Projects/MAPF/MAPF Evaluator/results/pptl-room-32-4/runs/pp_guided_tl_shortest_tl/room-32-32-4/room-32-32-4-random-2_a100_s0_r0,,,"{""agents"": ""100"", ""comp_time"": ""32"", ""first_ms"": ""31.1"", ""makespan"": ""105"", ""makespan_lb"": ""52"", ""map_file"": ""room-32-32-4.map"", ""pp_demote_rounds"": ""2"", ""pp_failed"": ""0"", ""pp_order"": ""shortest"", ""pp_plan_ms"": ""27.8"", ""pp_plan_soc"": ""4288"", ""pp_tl"": ""1"", ""pp_used"": ""1"", ""seed"": ""0"", ""soc"": ""4288"", ""soc_lb"": ""2558"", ""solved"": ""1"", ""solver"": ""planner"", ""sum_of_loss"": ""4202"", ""sum_of_loss_lb"": ""2558""}"
pp_guided_tl:shortest_tl,PP-guided (shortest first) + traffic load in SIPP,room-32-32-4,room-32-32-4-random-2,100,2,30.0,solved,0.068912,0.031,4288,105,4195,2558,52,1.67631,0,,/home/carsten/Projects/MAPF/MAPF Evaluator/results/pptl-room-32-4/runs/pp_guided_tl_shortest_tl/room-32-32-4/room-32-32-4-random-2_a100_s2_r0,,,"{""agents"": ""100"", ""comp_time"": ""31"", ""first_ms"": ""31.0"", ""makespan"": ""105"", ""makespan_lb"": ""52"", ""map_file"": ""room-32-32-4.map"", ""pp_demote_rounds"": ""2"", ""pp_failed"": ""0"", ""pp_order"": ""shortest"", ""pp_plan_ms"": ""27.5"", ""pp_plan_soc"": ""4288"", ""pp_tl"": ""1"", ""pp_used"": ""1"", ""seed"": ""2"", ""soc"": ""4288"", ""soc_lb"": ""2558"", ""solved"": ""1"", ""solver"": ""planner"", ""sum_of_loss"": ""4202"", ""sum_of_loss_lb"": ""2558""}"
pp_guided_tl:shortest_tl,PP-guided (shortest first) + traffic load in SIPP,room-32-32-4,room-32-32-4-random-2,100,1,30.0,solved,0.091437,0.031,4288,105,4195,2558,52,1.67631,0,,/home/carsten/Projects/MAPF/MAPF Evaluator/results/pptl-room-32-4/runs/pp_guided_tl_shortest_tl/room-32-32-4/room-32-32-4-random-2_a100_s1_r0,,,"{""agents"": ""100"", ""comp_time"": ""31"", ""first_ms"": ""31.0"", ""makespan"": ""105"", ""makespan_lb"": ""52"", ""map_file"": ""room-32-32-4.map"", ""pp_demote_rounds"": ""2"", ""pp_failed"": ""0"", ""pp_order"": ""shortest"", ""pp_plan_ms"": ""27.4"", ""pp_plan_soc"": ""4288"", ""pp_tl"": ""1"", ""pp_used"": ""1"", ""seed"": ""1"", ""soc"": ""4288"", ""soc_lb"": ""2558"", ""solved"": ""1"", ""solver"": ""planner"", ""sum_of_loss"": ""4202"", ""sum_of_loss_lb"": ""2558""}"
pp_guided_tl:traffic,PP-guided (traffic-last),room-32-32-4,room-32-32-4-random-2,100,1,30.0,solved,0.037444,0.011,3696,59,3331,2558,52,1.444879,0,,/home/carsten/Projects/MAPF/MAPF Evaluator/results/pptl-room-32-4/runs/pp_guided_tl_traffic/room-32-32-4/room-32-32-4-random-2_a100_s1_r0,,,"{""agents"": ""100"", ""comp_time"": ""11"", ""first_ms"": ""11.3"", ""makespan"": ""59"", ""makespan_lb"": ""52"", ""map_file"": ""room-32-32-4.map"", ""pp_demote_rounds"": ""1"", ""pp_failed"": ""0"", ""pp_order"": ""traffic-last"", ""pp_plan_ms"": ""8.0"", ""pp_plan_soc"": ""3696"", ""pp_tl"": ""0"", ""pp_used"": ""1"", ""seed"": ""1"", ""soc"": ""3696"", ""soc_lb"": ""2558"", ""solved"": ""1"", ""solver"": ""planner"", ""sum_of_loss"": ""3375"", ""sum_of_loss_lb"": ""2558""}"
pp_guided_tl:traffic,PP-guided (traffic-last),room-32-32-4,room-32-32-4-random-2,100,0,30.0,solved,0.062252,0.011,3696,59,3331,2558,52,1.444879,0,,/home/carsten/Projects/MAPF/MAPF Evaluator/results/pptl-room-32-4/runs/pp_guided_tl_traffic/room-32-32-4/room-32-32-4-random-2_a100_s0_r0,,,"{""agents"": ""100"", ""comp_time"": ""11"", ""first_ms"": ""10.2"", ""makespan"": ""59"", ""makespan_lb"": ""52"", ""map_file"": ""room-32-32-4.map"", ""pp_demote_rounds"": ""1"", ""pp_failed"": ""0"", ""pp_order"": ""traffic-last"", ""pp_plan_ms"": ""7.9"", ""pp_plan_soc"": ""3696"", ""pp_tl"": ""0"", ""pp_used"": ""1"", ""seed"": ""0"", ""soc"": ""3696"", ""soc_lb"": ""2558"", ""solved"": ""1"", ""solver"": ""planner"", ""sum_of_loss"": ""3375"", ""sum_of_loss_lb"": ""2558""}"
pp_guided_tl:traffic_tl,PP-guided (traffic-last) + traffic load in SIPP,room-32-32-4,room-32-32-4-random-2,100,0,30.0,solved,0.064831,0.011,3673,57,3425,2558,52,1.435887,0,,/home/carsten/Projects/MAPF/MAPF Evaluator/results/pptl-room-32-4/runs/pp_guided_tl_traffic_tl/room-32-32-4/room-32-32-4-random-2_a100_s0_r0,,,"{""agents"": ""100"", ""comp_time"": ""11"", ""first_ms"": ""10.7"", ""makespan"": ""57"", ""makespan_lb"": ""52"", ""map_file"": ""room-32-32-4.map"", ""pp_demote_rounds"": ""0"", ""pp_failed"": ""0"", ""pp_order"": ""traffic-last"", ""pp_plan_ms"": ""7.3"", ""pp_plan_soc"": ""3673"", ""pp_tl"": ""1"", ""pp_used"": ""1"", ""seed"": ""0"", ""soc"": ""3673"", ""soc_lb"": ""2558"", ""solved"": ""1"", ""solver"": ""planner"", ""sum_of_loss"": ""3450"", ""sum_of_loss_lb"": ""2558""}"
pp_guided_tl:traffic,PP-guided (traffic-last),room-32-32-4,room-32-32-4-random-2,100,2,30.0,solved,0.102594,0.012,3696,59,3331,2558,52,1.444879,0,,/home/carsten/Projects/MAPF/MAPF Evaluator/results/pptl-room-32-4/runs/pp_guided_tl_traffic/room-32-32-4/room-32-32-4-random-2_a100_s2_r0,,,"{""agents"": ""100"", ""comp_time"": ""12"", ""first_ms"": ""11.6"", ""makespan"": ""59"", ""makespan_lb"": ""52"", ""map_file"": ""room-32-32-4.map"", ""pp_demote_rounds"": ""1"", ""pp_failed"": ""0"", ""pp_order"": ""traffic-last"", ""pp_plan_ms"": ""8.0"", ""pp_plan_soc"": ""3696"", ""pp_tl"": ""0"", ""pp_used"": ""1"", ""seed"": ""2"", ""soc"": ""3696"", ""soc_lb"": ""2558"", ""solved"": ""1"", ""solver"": ""planner"", ""sum_of_loss"": ""3375"", ""sum_of_loss_lb"": ""2558""}"
pp_guided_tl:traffic_tl,PP-guided (traffic-last) + traffic load in SIPP,room-32-32-4,room-32-32-4-random-2,100,1,30.0,solved,0.038856,0.011,3673,57,3425,2558,52,1.435887,0,,/home/carsten/Projects/MAPF/MAPF Evaluator/results/pptl-room-32-4/runs/pp_guided_tl_traffic_tl/room-32-32-4/room-32-32-4-random-2_a100_s1_r0,,,"{""agents"": ""100"", ""comp_time"": ""11"", ""first_ms"": ""10.7"", ""makespan"": ""57"", ""makespan_lb"": ""52"", ""map_file"": ""room-32-32-4.map"", ""pp_demote_rounds"": ""0"", ""pp_failed"": ""0"", ""pp_order"": ""traffic-last"", ""pp_plan_ms"": ""7.3"", ""pp_plan_soc"": ""3673"", ""pp_tl"": ""1"", ""pp_used"": ""1"", ""seed"": ""1"", ""soc"": ""3673"", ""soc_lb"": ""2558"", ""solved"": ""1"", ""solver"": ""planner"", ""sum_of_loss"": ""3450"", ""sum_of_loss_lb"": ""2558""}"
pp_guided_tl:traffic_tl,PP-guided (traffic-last) + traffic load in SIPP,room-32-32-4,room-32-32-4-random-2,100,2,30.0,solved,0.038342,0.011,3673,57,3425,2558,52,1.435887,0,,/home/carsten/Projects/MAPF/MAPF Evaluator/results/pptl-room-32-4/runs/pp_guided_tl_traffic_tl/room-32-32-4/room-32-32-4-random-2_a100_s2_r0,,,"{""agents"": ""100"", ""comp_time"": ""11"", ""first_ms"": ""10.6"", ""makespan"": ""57"", ""makespan_lb"": ""52"", ""map_file"": ""room-32-32-4.map"", ""pp_demote_rounds"": ""0"", ""pp_failed"": ""0"", ""pp_order"": ""traffic-last"", ""pp_plan_ms"": ""7.2"", ""pp_plan_soc"": ""3673"", ""pp_tl"": ""1"", ""pp_used"": ""1"", ""seed"": ""2"", ""soc"": ""3673"", ""soc_lb"": ""2558"", ""solved"": ""1"", ""solver"": ""planner"", ""sum_of_loss"": ""3450"", ""sum_of_loss_lb"": ""2558""}"
pp_guided_tl:shortest,PP-guided (shortest first),room-32-32-4,room-32-32-4-random-2,150,1,30.0,solved,0.213873,0.11,8049,137,7519,3911,58,2.058041,0,,/home/carsten/Projects/MAPF/MAPF Evaluator/results/pptl-room-32-4/runs/pp_guided_tl_shortest/room-32-32-4/room-32-32-4-random-2_a150_s1_r0,,,"{""agents"": ""150"", ""comp_time"": ""110"", ""first_ms"": ""109.8"", ""makespan"": ""137"", ""makespan_lb"": ""58"", ""map_file"": ""room-32-32-4.map"", ""pp_demote_rounds"": ""5"", ""pp_failed"": ""0"", ""pp_order"": ""shortest"", ""pp_plan_ms"": ""102.0"", ""pp_plan_soc"": ""8049"", ""pp_tl"": ""0"", ""pp_used"": ""1"", ""seed"": ""1"", ""soc"": ""8049"", ""soc_lb"": ""3911"", ""solved"": ""1"", ""solver"": ""planner"", ""sum_of_loss"": ""7558"", ""sum_of_loss_lb"": ""3911""}"
pp_guided_tl:shortest_tl,PP-guided (shortest first) + traffic load in SIPP,room-32-32-4,room-32-32-4-random-2,150,0,30.0,solved,0.174933,0.143,8236,132,7840,3911,58,2.105855,0,,/home/carsten/Projects/MAPF/MAPF Evaluator/results/pptl-room-32-4/runs/pp_guided_tl_shortest_tl/room-32-32-4/room-32-32-4-random-2_a150_s0_r0,,,"{""agents"": ""150"", ""comp_time"": ""143"", ""first_ms"": ""143.4"", ""makespan"": ""132"", ""makespan_lb"": ""58"", ""map_file"": ""room-32-32-4.map"", ""pp_demote_rounds"": ""6"", ""pp_failed"": ""0"", ""pp_order"": ""shortest"", ""pp_plan_ms"": ""134.4"", ""pp_plan_soc"": ""8236"", ""pp_tl"": ""1"", ""pp_used"": ""1"", ""seed"": ""0"", ""soc"": ""8236"", ""soc_lb"": ""3911"", ""solved"": ""1"", ""solver"": ""planner"", ""sum_of_loss"": ""7872"", ""sum_of_loss_lb"": ""3911""}"
pp_guided_tl:shortest,PP-guided (shortest first),room-32-32-4,room-32-32-4-random-2,150,2,30.0,solved,0.175109,0.108,8049,137,7519,3911,58,2.058041,0,,/home/carsten/Projects/MAPF/MAPF Evaluator/results/pptl-room-32-4/runs/pp_guided_tl_shortest/room-32-32-4/room-32-32-4-random-2_a150_s2_r0,,,"{""agents"": ""150"", ""comp_time"": ""108"", ""first_ms"": ""107.9"", ""makespan"": ""137"", ""makespan_lb"": ""58"", ""map_file"": ""room-32-32-4.map"", ""pp_demote_rounds"": ""5"", ""pp_failed"": ""0"", ""pp_order"": ""shortest"", ""pp_plan_ms"": ""100.2"", ""pp_plan_soc"": ""8049"", ""pp_tl"": ""0"", ""pp_used"": ""1"", ""seed"": ""2"", ""soc"": ""8049"", ""soc_lb"": ""3911"", ""solved"": ""1"", ""solver"": ""planner"", ""sum_of_loss"": ""7558"", ""sum_of_loss_lb"": ""3911""}"
pp_guided_tl:shortest,PP-guided (shortest first),room-32-32-4,room-32-32-4-random-2,150,0,30.0,solved,0.17531,0.109,8049,137,7519,3911,58,2.058041,0,,/home/carsten/Projects/MAPF/MAPF Evaluator/results/pptl-room-32-4/runs/pp_guided_tl_shortest/room-32-32-4/room-32-32-4-random-2_a150_s0_r0,,,"{""agents"": ""150"", ""comp_time"": ""109"", ""first_ms"": ""108.9"", ""makespan"": ""137"", ""makespan_lb"": ""58"", ""map_file"": ""room-32-32-4.map"", ""pp_demote_rounds"": ""5"", ""pp_failed"": ""0"", ""pp_order"": ""shortest"", ""pp_plan_ms"": ""100.7"", ""pp_plan_soc"": ""8049"", ""pp_tl"": ""0"", ""pp_used"": ""1"", ""seed"": ""0"", ""soc"": ""8049"", ""soc_lb"": ""3911"", ""solved"": ""1"", ""solver"": ""planner"", ""sum_of_loss"": ""7558"", ""sum_of_loss_lb"": ""3911""}"
pp_guided_tl:traffic,PP-guided (traffic-last),room-32-32-4,room-32-32-4-random-2,150,0,30.0,solved,0.071049,0.049,6312,80,5813,3911,58,1.613909,0,,/home/carsten/Projects/MAPF/MAPF Evaluator/results/pptl-room-32-4/runs/pp_guided_tl_traffic/room-32-32-4/room-32-32-4-random-2_a150_s0_r0,,,"{""agents"": ""150"", ""comp_time"": ""49"", ""first_ms"": ""48.1"", ""makespan"": ""80"", ""makespan_lb"": ""58"", ""map_file"": ""room-32-32-4.map"", ""pp_demote_rounds"": ""3"", ""pp_failed"": ""0"", ""pp_order"": ""traffic-last"", ""pp_plan_ms"": ""43.0"", ""pp_plan_soc"": ""6312"", ""pp_tl"": ""0"", ""pp_used"": ""1"", ""seed"": ""0"", ""soc"": ""6312"", ""soc_lb"": ""3911"", ""solved"": ""1"", ""solver"": ""planner"", ""sum_of_loss"": ""5878"", ""sum_of_loss_lb"": ""3911""}"
pp_guided_tl:traffic,PP-guided (traffic-last),room-32-32-4,room-32-32-4-random-2,150,1,30.0,solved,0.063752,0.049,6312,80,5813,3911,58,1.613909,0,,/home/carsten/Projects/MAPF/MAPF Evaluator/results/pptl-room-32-4/runs/pp_guided_tl_traffic/room-32-32-4/room-32-32-4-random-2_a150_s1_r0,,,"{""agents"": ""150"", ""comp_time"": ""49"", ""first_ms"": ""49.2"", ""makespan"": ""80"", ""makespan_lb"": ""58"", ""map_file"": ""room-32-32-4.map"", ""pp_demote_rounds"": ""3"", ""pp_failed"": ""0"", ""pp_order"": ""traffic-last"", ""pp_plan_ms"": ""43.2"", ""pp_plan_soc"": ""6312"", ""pp_tl"": ""0"", ""pp_used"": ""1"", ""seed"": ""1"", ""soc"": ""6312"", ""soc_lb"": ""3911"", ""solved"": ""1"", ""solver"": ""planner"", ""sum_of_loss"": ""5878"", ""sum_of_loss_lb"": ""3911""}"
pp_guided_tl:shortest_tl,PP-guided (shortest first) + traffic load in SIPP,room-32-32-4,room-32-32-4-random-2,150,1,30.0,solved,0.220217,0.137,8236,132,7840,3911,58,2.105855,0,,/home/carsten/Projects/MAPF/MAPF Evaluator/results/pptl-room-32-4/runs/pp_guided_tl_shortest_tl/room-32-32-4/room-32-32-4-random-2_a150_s1_r0,,,"{""agents"": ""150"", ""comp_time"": ""137"", ""first_ms"": ""136.4"", ""makespan"": ""132"", ""makespan_lb"": ""58"", ""map_file"": ""room-32-32-4.map"", ""pp_demote_rounds"": ""6"", ""pp_failed"": ""0"", ""pp_order"": ""shortest"", ""pp_plan_ms"": ""130.2"", ""pp_plan_soc"": ""8236"", ""pp_tl"": ""1"", ""pp_used"": ""1"", ""seed"": ""1"", ""soc"": ""8236"", ""soc_lb"": ""3911"", ""solved"": ""1"", ""solver"": ""planner"", ""sum_of_loss"": ""7872"", ""sum_of_loss_lb"": ""3911""}"
pp_guided_tl:shortest_tl,PP-guided (shortest first) + traffic load in SIPP,room-32-32-4,room-32-32-4-random-2,150,2,30.0,solved,0.175979,0.139,8236,132,7840,3911,58,2.105855,0,,/home/carsten/Projects/MAPF/MAPF Evaluator/results/pptl-room-32-4/runs/pp_guided_tl_shortest_tl/room-32-32-4/room-32-32-4-random-2_a150_s2_r0,,,"{""agents"": ""150"", ""comp_time"": ""139"", ""first_ms"": ""139.3"", ""makespan"": ""132"", ""makespan_lb"": ""58"", ""map_file"": ""room-32-32-4.map"", ""pp_demote_rounds"": ""6"", ""pp_failed"": ""0"", ""pp_order"": ""shortest"", ""pp_plan_ms"": ""131.8"", ""pp_plan_soc"": ""8236"", ""pp_tl"": ""1"", ""pp_used"": ""1"", ""seed"": ""2"", ""soc"": ""8236"", ""soc_lb"": ""3911"", ""solved"": ""1"", ""solver"": ""planner"", ""sum_of_loss"": ""7872"", ""sum_of_loss_lb"": ""3911""}"
pp_guided_tl:traffic,PP-guided (traffic-last),room-32-32-4,room-32-32-4-random-2,150,2,30.0,solved,0.111445,0.048,6312,80,5813,3911,58,1.613909,0,,/home/carsten/Projects/MAPF/MAPF Evaluator/results/pptl-room-32-4/runs/pp_guided_tl_traffic/room-32-32-4/room-32-32-4-random-2_a150_s2_r0,,,"{""agents"": ""150"", ""comp_time"": ""48"", ""first_ms"": ""48.0"", ""makespan"": ""80"", ""makespan_lb"": ""58"", ""map_file"": ""room-32-32-4.map"", ""pp_demote_rounds"": ""3"", ""pp_failed"": ""0"", ""pp_order"": ""traffic-last"", ""pp_plan_ms"": ""42.9"", ""pp_plan_soc"": ""6312"", ""pp_tl"": ""0"", ""pp_used"": ""1"", ""seed"": ""2"", ""soc"": ""6312"", ""soc_lb"": ""3911"", ""solved"": ""1"", ""solver"": ""planner"", ""sum_of_loss"": ""5878"", ""sum_of_loss_lb"": ""3911""}"
pp_guided_tl:traffic_tl,PP-guided (traffic-last) + traffic load in SIPP,room-32-32-4,room-32-32-4-random-2,150,1,30.0,solved,0.054258,0.033,6156,67,5790,3911,58,1.574022,0,,/home/carsten/Projects/MAPF/MAPF Evaluator/results/pptl-room-32-4/runs/pp_guided_tl_traffic_tl/room-32-32-4/room-32-32-4-random-2_a150_s1_r0,,,"{""agents"": ""150"", ""comp_time"": ""33"", ""first_ms"": ""32.6"", ""makespan"": ""67"", ""makespan_lb"": ""58"", ""map_file"": ""room-32-32-4.map"", ""pp_demote_rounds"": ""1"", ""pp_failed"": ""0"", ""pp_order"": ""traffic-last"", ""pp_plan_ms"": ""27.4"", ""pp_plan_soc"": ""6156"", ""pp_tl"": ""1"", ""pp_used"": ""1"", ""seed"": ""1"", ""soc"": ""6156"", ""soc_lb"": ""3911"", ""solved"": ""1"", ""solver"": ""planner"", ""sum_of_loss"": ""5832"", ""sum_of_loss_lb"": ""3911""}"
pp_guided_tl:traffic_tl,PP-guided (traffic-last) + traffic load in SIPP,room-32-32-4,room-32-32-4-random-2,150,0,30.0,solved,0.088567,0.033,6156,67,5790,3911,58,1.574022,0,,/home/carsten/Projects/MAPF/MAPF Evaluator/results/pptl-room-32-4/runs/pp_guided_tl_traffic_tl/room-32-32-4/room-32-32-4-random-2_a150_s0_r0,,,"{""agents"": ""150"", ""comp_time"": ""33"", ""first_ms"": ""32.7"", ""makespan"": ""67"", ""makespan_lb"": ""58"", ""map_file"": ""room-32-32-4.map"", ""pp_demote_rounds"": ""1"", ""pp_failed"": ""0"", ""pp_order"": ""traffic-last"", ""pp_plan_ms"": ""27.5"", ""pp_plan_soc"": ""6156"", ""pp_tl"": ""1"", ""pp_used"": ""1"", ""seed"": ""0"", ""soc"": ""6156"", ""soc_lb"": ""3911"", ""solved"": ""1"", ""solver"": ""planner"", ""sum_of_loss"": ""5832"", ""sum_of_loss_lb"": ""3911""}"
pp_guided_tl:traffic_tl,PP-guided (traffic-last) + traffic load in SIPP,room-32-32-4,room-32-32-4-random-2,150,2,30.0,solved,0.076392,0.032,6156,67,5790,3911,58,1.574022,0,,/home/carsten/Projects/MAPF/MAPF Evaluator/results/pptl-room-32-4/runs/pp_guided_tl_traffic_tl/room-32-32-4/room-32-32-4-random-2_a150_s2_r0,,,"{""agents"": ""150"", ""comp_time"": ""32"", ""first_ms"": ""32.4"", ""makespan"": ""67"", ""makespan_lb"": ""58"", ""map_file"": ""room-32-32-4.map"", ""pp_demote_rounds"": ""1"", ""pp_failed"": ""0"", ""pp_order"": ""traffic-last"", ""pp_plan_ms"": ""27.4"", ""pp_plan_soc"": ""6156"", ""pp_tl"": ""1"", ""pp_used"": ""1"", ""seed"": ""2"", ""soc"": ""6156"", ""soc_lb"": ""3911"", ""solved"": ""1"", ""solver"": ""planner"", ""sum_of_loss"": ""5832"", ""sum_of_loss_lb"": ""3911""}"
pp_guided_tl:shortest,PP-guided (shortest first),room-32-32-4,room-32-32-4-random-2,200,2,30.0,solved,0.517562,0.491,11757,85,9925,5290,58,2.222495,0,,/home/carsten/Projects/MAPF/MAPF Evaluator/results/pptl-room-32-4/runs/pp_guided_tl_shortest/room-32-32-4/room-32-32-4-random-2_a200_s2_r0,,,"{""agents"": ""200"", ""comp_time"": ""491"", ""first_ms"": ""490.7"", ""makespan"": ""85"", ""makespan_lb"": ""58"", ""map_file"": ""room-32-32-4.map"", ""pp_demote_rounds"": ""15"", ""pp_failed"": ""6"", ""pp_order"": ""shortest"", ""pp_plan_ms"": ""462.0"", ""pp_plan_soc"": ""12141"", ""pp_tl"": ""0"", ""pp_used"": ""0"", ""seed"": ""2"", ""soc"": ""11757"", ""soc_lb"": ""5290"", ""solved"": ""1"", ""solver"": ""planner"", ""sum_of_loss"": ""10261"", ""sum_of_loss_lb"": ""5290""}"
pp_guided_tl:shortest,PP-guided (shortest first),room-32-32-4,room-32-32-4-random-2,200,1,30.0,solved,0.527787,0.504,13368,97,11074,5290,58,2.527032,0,,/home/carsten/Projects/MAPF/MAPF Evaluator/results/pptl-room-32-4/runs/pp_guided_tl_shortest/room-32-32-4/room-32-32-4-random-2_a200_s1_r0,,,"{""agents"": ""200"", ""comp_time"": ""504"", ""first_ms"": ""504.5"", ""makespan"": ""97"", ""makespan_lb"": ""58"", ""map_file"": ""room-32-32-4.map"", ""pp_demote_rounds"": ""15"", ""pp_failed"": ""6"", ""pp_order"": ""shortest"", ""pp_plan_ms"": ""465.4"", ""pp_plan_soc"": ""12141"", ""pp_tl"": ""0"", ""pp_used"": ""0"", ""seed"": ""1"", ""soc"": ""13368"", ""soc_lb"": ""5290"", ""solved"": ""1"", ""solver"": ""planner"", ""sum_of_loss"": ""11437"", ""sum_of_loss_lb"": ""5290""}"
pp_guided_tl:shortest_tl,PP-guided (shortest first) + traffic load in SIPP,room-32-32-4,room-32-32-4-random-2,200,0,30.0,solved,0.5143,0.501,12330,93,10472,5290,58,2.330813,0,,/home/carsten/Projects/MAPF/MAPF Evaluator/results/pptl-room-32-4/runs/pp_guided_tl_shortest_tl/room-32-32-4/room-32-32-4-random-2_a200_s0_r0,,,"{""agents"": ""200"", ""comp_time"": ""501"", ""first_ms"": ""501.4"", ""makespan"": ""93"", ""makespan_lb"": ""58"", ""map_file"": ""room-32-32-4.map"", ""pp_demote_rounds"": ""15"", ""pp_failed"": ""2"", ""pp_order"": ""shortest"", ""pp_plan_ms"": ""471.0"", ""pp_plan_soc"": ""12204"", ""pp_tl"": ""1"", ""pp_used"": ""0"", ""seed"": ""0"", ""soc"": ""12330"", ""soc_lb"": ""5290"", ""solved"": ""1"", ""solver"": ""planner"", ""sum_of_loss"": ""10768"", ""sum_of_loss_lb"": ""5290""}"
pp_guided_tl:shortest,PP-guided (shortest first),room-32-32-4,room-32-32-4-random-2,200,0,30.0,solved,0.523032,0.486,12330,93,10472,5290,58,2.330813,0,,/home/carsten/Projects/MAPF/MAPF Evaluator/results/pptl-room-32-4/runs/pp_guided_tl_shortest/room-32-32-4/room-32-32-4-random-2_a200_s0_r0,,,"{""agents"": ""200"", ""comp_time"": ""486"", ""first_ms"": ""486.5"", ""makespan"": ""93"", ""makespan_lb"": ""58"", ""map_file"": ""room-32-32-4.map"", ""pp_demote_rounds"": ""15"", ""pp_failed"": ""6"", ""pp_order"": ""shortest"", ""pp_plan_ms"": ""457.5"", ""pp_plan_soc"": ""12141"", ""pp_tl"": ""0"", ""pp_used"": ""0"", ""seed"": ""0"", ""soc"": ""12330"", ""soc_lb"": ""5290"", ""solved"": ""1"", ""solver"": ""planner"", ""sum_of_loss"": ""10768"", ""sum_of_loss_lb"": ""5290""}"
pp_guided_tl:shortest_tl,PP-guided (shortest first) + traffic load in SIPP,room-32-32-4,room-32-32-4-random-2,200,2,30.0,solved,0.541759,0.496,11757,85,9925,5290,58,2.222495,0,,/home/carsten/Projects/MAPF/MAPF Evaluator/results/pptl-room-32-4/runs/pp_guided_tl_shortest_tl/room-32-32-4/room-32-32-4-random-2_a200_s2_r0,,,"{""agents"": ""200"", ""comp_time"": ""496"", ""first_ms"": ""496.6"", ""makespan"": ""85"", ""makespan_lb"": ""58"", ""map_file"": ""room-32-32-4.map"", ""pp_demote_rounds"": ""15"", ""pp_failed"": ""2"", ""pp_order"": ""shortest"", ""pp_plan_ms"": ""467.9"", ""pp_plan_soc"": ""12204"", ""pp_tl"": ""1"", ""pp_used"": ""0"", ""seed"": ""2"", ""soc"": ""11757"", ""soc_lb"": ""5290"", ""solved"": ""1"", ""solver"": ""planner"", ""sum_of_loss"": ""10261"", ""sum_of_loss_lb"": ""5290""}"
pp_guided_tl:traffic,PP-guided (traffic-last),room-32-32-4,room-32-32-4-random-2,200,1,30.0,solved,0.522242,0.471,13368,97,11074,5290,58,2.527032,0,,/home/carsten/Projects/MAPF/MAPF Evaluator/results/pptl-room-32-4/runs/pp_guided_tl_traffic/room-32-32-4/room-32-32-4-random-2_a200_s1_r0,,,"{""agents"": ""200"", ""comp_time"": ""471"", ""first_ms"": ""470.9"", ""makespan"": ""97"", ""makespan_lb"": ""58"", ""map_file"": ""room-32-32-4.map"", ""pp_demote_rounds"": ""15"", ""pp_failed"": ""4"", ""pp_order"": ""traffic-last"", ""pp_plan_ms"": ""432.8"", ""pp_plan_soc"": ""11364"", ""pp_tl"": ""0"", ""pp_used"": ""0"", ""seed"": ""1"", ""soc"": ""13368"", ""soc_lb"": ""5290"", ""solved"": ""1"", ""solver"": ""planner"", ""sum_of_loss"": ""11437"", ""sum_of_loss_lb"": ""5290""}"
pp_guided_tl:traffic,PP-guided (traffic-last),room-32-32-4,room-32-32-4-random-2,200,0,30.0,solved,0.522313,0.46,12330,93,10472,5290,58,2.330813,0,,/home/carsten/Projects/MAPF/MAPF Evaluator/results/pptl-room-32-4/runs/pp_guided_tl_traffic/room-32-32-4/room-32-32-4-random-2_a200_s0_r0,,,"{""agents"": ""200"", ""comp_time"": ""460"", ""first_ms"": ""459.7"", ""makespan"": ""93"", ""makespan_lb"": ""58"", ""map_file"": ""room-32-32-4.map"", ""pp_demote_rounds"": ""15"", ""pp_failed"": ""4"", ""pp_order"": ""traffic-last"", ""pp_plan_ms"": ""430.8"", ""pp_plan_soc"": ""11364"", ""pp_tl"": ""0"", ""pp_used"": ""0"", ""seed"": ""0"", ""soc"": ""12330"", ""soc_lb"": ""5290"", ""solved"": ""1"", ""solver"": ""planner"", ""sum_of_loss"": ""10768"", ""sum_of_loss_lb"": ""5290""}"
pp_guided_tl:shortest_tl,PP-guided (shortest first) + traffic load in SIPP,room-32-32-4,room-32-32-4-random-2,200,1,30.0,solved,0.541449,0.51,13368,97,11074,5290,58,2.527032,0,,/home/carsten/Projects/MAPF/MAPF Evaluator/results/pptl-room-32-4/runs/pp_guided_tl_shortest_tl/room-32-32-4/room-32-32-4-random-2_a200_s1_r0,,,"{""agents"": ""200"", ""comp_time"": ""510"", ""first_ms"": ""510.2"", ""makespan"": ""97"", ""makespan_lb"": ""58"", ""map_file"": ""room-32-32-4.map"", ""pp_demote_rounds"": ""15"", ""pp_failed"": ""2"", ""pp_order"": ""shortest"", ""pp_plan_ms"": ""471.3"", ""pp_plan_soc"": ""12204"", ""pp_tl"": ""1"", ""pp_used"": ""0"", ""seed"": ""1"", ""soc"": ""13368"", ""soc_lb"": ""5290"", ""solved"": ""1"", ""solver"": ""planner"", ""sum_of_loss"": ""11437"", ""sum_of_loss_lb"": ""5290""}"
pp_guided_tl:traffic,PP-guided (traffic-last),room-32-32-4,room-32-32-4-random-2,200,2,30.0,solved,0.603712,0.462,11757,85,9925,5290,58,2.222495,0,,/home/carsten/Projects/MAPF/MAPF Evaluator/results/pptl-room-32-4/runs/pp_guided_tl_traffic/room-32-32-4/room-32-32-4-random-2_a200_s2_r0,,,"{""agents"": ""200"", ""comp_time"": ""462"", ""first_ms"": ""461.3"", ""makespan"": ""85"", ""makespan_lb"": ""58"", ""map_file"": ""room-32-32-4.map"", ""pp_demote_rounds"": ""15"", ""pp_failed"": ""4"", ""pp_order"": ""traffic-last"", ""pp_plan_ms"": ""432.6"", ""pp_plan_soc"": ""11364"", ""pp_tl"": ""0"", ""pp_used"": ""0"", ""seed"": ""2"", ""soc"": ""11757"", ""soc_lb"": ""5290"", ""solved"": ""1"", ""solver"": ""planner"", ""sum_of_loss"": ""10261"", ""sum_of_loss_lb"": ""5290""}"
pp_guided_tl:traffic_tl,PP-guided (traffic-last) + traffic load in SIPP,room-32-32-4,room-32-32-4-random-2,200,2,30.0,solved,0.472401,0.428,11757,85,9925,5290,58,2.222495,0,,/home/carsten/Projects/MAPF/MAPF Evaluator/results/pptl-room-32-4/runs/pp_guided_tl_traffic_tl/room-32-32-4/room-32-32-4-random-2_a200_s2_r0,,,"{""agents"": ""200"", ""comp_time"": ""428"", ""first_ms"": ""427.6"", ""makespan"": ""85"", ""makespan_lb"": ""58"", ""map_file"": ""room-32-32-4.map"", ""pp_demote_rounds"": ""15"", ""pp_failed"": ""2"", ""pp_order"": ""traffic-last"", ""pp_plan_ms"": ""398.8"", ""pp_plan_soc"": ""9684"", ""pp_tl"": ""1"", ""pp_used"": ""0"", ""seed"": ""2"", ""soc"": ""11757"", ""soc_lb"": ""5290"", ""solved"": ""1"", ""solver"": ""planner"", ""sum_of_loss"": ""10261"", ""sum_of_loss_lb"": ""5290""}"
pp_guided_tl:traffic_tl,PP-guided (traffic-last) + traffic load in SIPP,room-32-32-4,room-32-32-4-random-2,200,1,30.0,solved,0.472336,0.43,13368,97,11074,5290,58,2.527032,0,,/home/carsten/Projects/MAPF/MAPF Evaluator/results/pptl-room-32-4/runs/pp_guided_tl_traffic_tl/room-32-32-4/room-32-32-4-random-2_a200_s1_r0,,,"{""agents"": ""200"", ""comp_time"": ""430"", ""first_ms"": ""430.2"", ""makespan"": ""97"", ""makespan_lb"": ""58"", ""map_file"": ""room-32-32-4.map"", ""pp_demote_rounds"": ""15"", ""pp_failed"": ""2"", ""pp_order"": ""traffic-last"", ""pp_plan_ms"": ""391.0"", ""pp_plan_soc"": ""9684"", ""pp_tl"": ""1"", ""pp_used"": ""0"", ""seed"": ""1"", ""soc"": ""13368"", ""soc_lb"": ""5290"", ""solved"": ""1"", ""solver"": ""planner"", ""sum_of_loss"": ""11437"", ""sum_of_loss_lb"": ""5290""}"
pp_guided_tl:traffic_tl,PP-guided (traffic-last) + traffic load in SIPP,room-32-32-4,room-32-32-4-random-2,200,0,30.0,solved,0.490511,0.419,12330,93,10472,5290,58,2.330813,0,,/home/carsten/Projects/MAPF/MAPF Evaluator/results/pptl-room-32-4/runs/pp_guided_tl_traffic_tl/room-32-32-4/room-32-32-4-random-2_a200_s0_r0,,,"{""agents"": ""200"", ""comp_time"": ""419"", ""first_ms"": ""419.3"", ""makespan"": ""93"", ""makespan_lb"": ""58"", ""map_file"": ""room-32-32-4.map"", ""pp_demote_rounds"": ""15"", ""pp_failed"": ""2"", ""pp_order"": ""traffic-last"", ""pp_plan_ms"": ""390.1"", ""pp_plan_soc"": ""9684"", ""pp_tl"": ""1"", ""pp_used"": ""0"", ""seed"": ""0"", ""soc"": ""12330"", ""soc_lb"": ""5290"", ""solved"": ""1"", ""solver"": ""planner"", ""sum_of_loss"": ""10768"", ""sum_of_loss_lb"": ""5290""}"
pp_guided_tl:shortest,PP-guided (shortest first),room-32-32-4,room-32-32-4-random-3,50,0,30.0,solved,0.042007,0.004,1553,97,1553,1150,55,1.350435,0,,/home/carsten/Projects/MAPF/MAPF Evaluator/results/pptl-room-32-4/runs/pp_guided_tl_shortest/room-32-32-4/room-32-32-4-random-3_a50_s0_r0,,,"{""agents"": ""50"", ""comp_time"": ""4"", ""first_ms"": ""4.6"", ""makespan"": ""97"", ""makespan_lb"": ""55"", ""map_file"": ""room-32-32-4.map"", ""pp_demote_rounds"": ""0"", ""pp_failed"": ""0"", ""pp_order"": ""shortest"", ""pp_plan_ms"": ""2.5"", ""pp_plan_soc"": ""1553"", ""pp_tl"": ""0"", ""pp_used"": ""1"", ""seed"": ""0"", ""soc"": ""1553"", ""soc_lb"": ""1150"", ""solved"": ""1"", ""solver"": ""planner"", ""sum_of_loss"": ""1553"", ""sum_of_loss_lb"": ""1150""}"
pp_guided_tl:shortest,PP-guided (shortest first),room-32-32-4,room-32-32-4-random-3,50,2,30.0,solved,0.022988,0.004,1553,97,1553,1150,55,1.350435,0,,/home/carsten/Projects/MAPF/MAPF Evaluator/results/pptl-room-32-4/runs/pp_guided_tl_shortest/room-32-32-4/room-32-32-4-random-3_a50_s2_r0,,,"{""agents"": ""50"", ""comp_time"": ""4"", ""first_ms"": ""4.7"", ""makespan"": ""97"", ""makespan_lb"": ""55"", ""map_file"": ""room-32-32-4.map"", ""pp_demote_rounds"": ""0"", ""pp_failed"": ""0"", ""pp_order"": ""shortest"", ""pp_plan_ms"": ""2.6"", ""pp_plan_soc"": ""1553"", ""pp_tl"": ""0"", ""pp_used"": ""1"", ""seed"": ""2"", ""soc"": ""1553"", ""soc_lb"": ""1150"", ""solved"": ""1"", ""solver"": ""planner"", ""sum_of_loss"": ""1553"", ""sum_of_loss_lb"": ""1150""}"
pp_guided_tl:shortest_tl,PP-guided (shortest first) + traffic load in SIPP,room-32-32-4,room-32-32-4-random-3,50,0,30.0,solved,0.017461,0.005,1575,97,1575,1150,55,1.369565,0,,/home/carsten/Projects/MAPF/MAPF Evaluator/results/pptl-room-32-4/runs/pp_guided_tl_shortest_tl/room-32-32-4/room-32-32-4-random-3_a50_s0_r0,,,"{""agents"": ""50"", ""comp_time"": ""5"", ""first_ms"": ""4.7"", ""makespan"": ""97"", ""makespan_lb"": ""55"", ""map_file"": ""room-32-32-4.map"", ""pp_demote_rounds"": ""0"", ""pp_failed"": ""0"", ""pp_order"": ""shortest"", ""pp_plan_ms"": ""3.0"", ""pp_plan_soc"": ""1575"", ""pp_tl"": ""1"", ""pp_used"": ""1"", ""seed"": ""0"", ""soc"": ""1575"", ""soc_lb"": ""1150"", ""solved"": ""1"", ""solver"": ""planner"", ""sum_of_loss"": ""1575"", ""sum_of_loss_lb"": ""1150""}"
pp_guided_tl:shortest,PP-guided (shortest first),room-32-32-4,room-32-32-4-random-3,50,1,30.0,solved,0.022951,0.004,1553,97,1553,1150,55,1.350435,0,,/home/carsten/Projects/MAPF/MAPF Evaluator/results/pptl-room-32-4/runs/pp_guided_tl_shortest/room-32-32-4/room-32-32-4-random-3_a50_s1_r0,,,"{""agents"": ""50"", ""comp_time"": ""4"", ""first_ms"": ""4.7"", ""makespan"": ""97"", ""makespan_lb"": ""55"", ""map_file"": ""room-32-32-4.map"", ""pp_demote_rounds"": ""0"", ""pp_failed"": ""0"", ""pp_order"": ""shortest"", ""pp_plan_ms"": ""2.6"", ""pp_plan_soc"": ""1553"", ""pp_tl"": ""0"", ""pp_used"": ""1"", ""seed"": ""1"", ""soc"": ""1553"", ""soc_lb"": ""1150"", ""solved"": ""1"", ""solver"": ""planner"", ""sum_of_loss"": ""1553"", ""sum_of_loss_lb"": ""1150""}"
pp_guided_tl:shortest_tl,PP-guided (shortest first) + traffic load in SIPP,room-32-32-4,room-32-32-4-random-3,50,1,30.0,solved,0.0512,0.005,1575,97,1575,1150,55,1.369565,0,,/home/carsten/Projects/MAPF/MAPF Evaluator/results/pptl-room-32-4/runs/pp_guided_tl_shortest_tl/room-32-32-4/room-32-32-4-random-3_a50_s1_r0,,,"{""agents"": ""50"", ""comp_time"": ""5"", ""first_ms"": ""4.7"", ""makespan"": ""97"", ""makespan_lb"": ""55"", ""map_file"": ""room-32-32-4.map"", ""pp_demote_rounds"": ""0"", ""pp_failed"": ""0"", ""pp_order"": ""shortest"", ""pp_plan_ms"": ""2.9"", ""pp_plan_soc"": ""1575"", ""pp_tl"": ""1"", ""pp_used"": ""1"", ""seed"": ""1"", ""soc"": ""1575"", ""soc_lb"": ""1150"", ""solved"": ""1"", ""solver"": ""planner"", ""sum_of_loss"": ""1575"", ""sum_of_loss_lb"": ""1150""}"
pp_guided_tl:traffic,PP-guided (traffic-last),room-32-32-4,room-32-32-4-random-3,50,0,30.0,solved,0.017769,0.003,1397,55,1322,1150,55,1.214783,0,,/home/carsten/Projects/MAPF/MAPF Evaluator/results/pptl-room-32-4/runs/pp_guided_tl_traffic/room-32-32-4/room-32-32-4-random-3_a50_s0_r0,,,"{""agents"": ""50"", ""comp_time"": ""3"", ""first_ms"": ""3.2"", ""makespan"": ""55"", ""makespan_lb"": ""55"", ""map_file"": ""room-32-32-4.map"", ""pp_demote_rounds"": ""0"", ""pp_failed"": ""0"", ""pp_order"": ""traffic-last"", ""pp_plan_ms"": ""1.5"", ""pp_plan_soc"": ""1397"", ""pp_tl"": ""0"", ""pp_used"": ""1"", ""seed"": ""0"", ""soc"": ""1397"", ""soc_lb"": ""1150"", ""solved"": ""1"", ""solver"": ""planner"", ""sum_of_loss"": ""1334"", ""sum_of_loss_lb"": ""1150""}"
pp_guided_tl:shortest_tl,PP-guided (shortest first) + traffic load in SIPP,room-32-32-4,room-32-32-4-random-3,50,2,30.0,solved,0.022834,0.005,1575,97,1575,1150,55,1.369565,0,,/home/carsten/Projects/MAPF/MAPF Evaluator/results/pptl-room-32-4/runs/pp_guided_tl_shortest_tl/room-32-32-4/room-32-32-4-random-3_a50_s2_r0,,,"{""agents"": ""50"", ""comp_time"": ""5"", ""first_ms"": ""4.7"", ""makespan"": ""97"", ""makespan_lb"": ""55"", ""map_file"": ""room-32-32-4.map"", ""pp_demote_rounds"": ""0"", ""pp_failed"": ""0"", ""pp_order"": ""shortest"", ""pp_plan_ms"": ""3.0"", ""pp_plan_soc"": ""1575"", ""pp_tl"": ""1"", ""pp_used"": ""1"", ""seed"": ""2"", ""soc"": ""1575"", ""soc_lb"": ""1150"", ""solved"": ""1"", ""solver"": ""planner"", ""sum_of_loss"": ""1575"", ""sum_of_loss_lb"": ""1150""}"
pp_guided_tl:traffic,PP-guided (traffic-last),room-32-32-4,room-32-32-4-random-3,50,1,30.0,solved,0.017471,0.003,1397,55,1322,1150,55,1.214783,0,,/home/carsten/Projects/MAPF/MAPF Evaluator/results/pptl-room-32-4/runs/pp_guided_tl_traffic/room-32-32-4/room-32-32-4-random-3_a50_s1_r0,,,"{""agents"": ""50"", ""comp_time"": ""3"", ""first_ms"": ""3.2"", ""makespan"": ""55"", ""makespan_lb"": ""55"", ""map_file"": ""room-32-32-4.map"", ""pp_demote_rounds"": ""0"", ""pp_failed"": ""0"", ""pp_order"": ""traffic-last"", ""pp_plan_ms"": ""1.5"", ""pp_plan_soc"": ""1397"", ""pp_tl"": ""0"", ""pp_used"": ""1"", ""seed"": ""1"", ""soc"": ""1397"", ""soc_lb"": ""1150"", ""solved"": ""1"", ""solver"": ""planner"", ""sum_of_loss"": ""1334"", ""sum_of_loss_lb"": ""1150""}"
pp_guided_tl:traffic,PP-guided (traffic-last),room-32-32-4,room-32-32-4-random-3,50,2,30.0,solved,0.020285,0.003,1397,55,1322,1150,55,1.214783,0,,/home/carsten/Projects/MAPF/MAPF Evaluator/results/pptl-room-32-4/runs/pp_guided_tl_traffic/room-32-32-4/room-32-32-4-random-3_a50_s2_r0,,,"{""agents"": ""50"", ""comp_time"": ""3"", ""first_ms"": ""3.4"", ""makespan"": ""55"", ""makespan_lb"": ""55"", ""map_file"": ""room-32-32-4.map"", ""pp_demote_rounds"": ""0"", ""pp_failed"": ""0"", ""pp_order"": ""traffic-last"", ""pp_plan_ms"": ""1.5"", ""pp_plan_soc"": ""1397"", ""pp_tl"": ""0"", ""pp_used"": ""1"", ""seed"": ""2"", ""soc"": ""1397"", ""soc_lb"": ""1150"", ""solved"": ""1"", ""solver"": ""planner"", ""sum_of_loss"": ""1334"", ""sum_of_loss_lb"": ""1150""}"
pp_guided_tl:traffic_tl,PP-guided (traffic-last) + traffic load in SIPP,room-32-32-4,room-32-32-4-random-3,50,0,30.0,solved,0.029551,0.003,1398,55,1323,1150,55,1.215652,0,,/home/carsten/Projects/MAPF/MAPF Evaluator/results/pptl-room-32-4/runs/pp_guided_tl_traffic_tl/room-32-32-4/room-32-32-4-random-3_a50_s0_r0,,,"{""agents"": ""50"", ""comp_time"": ""3"", ""first_ms"": ""3.1"", ""makespan"": ""55"", ""makespan_lb"": ""55"", ""map_file"": ""room-32-32-4.map"", ""pp_demote_rounds"": ""0"", ""pp_failed"": ""0"", ""pp_order"": ""traffic-last"", ""pp_plan_ms"": ""1.6"", ""pp_plan_soc"": ""1398"", ""pp_tl"": ""1"", ""pp_used"": ""1"", ""seed"": ""0"", ""soc"": ""1398"", ""soc_lb"": ""1150"", ""solved"": ""1"", ""solver"": ""planner"", ""sum_of_loss"": ""1333"", ""sum_of_loss_lb"": ""1150""}"
pp_guided_tl:traffic_tl,PP-guided (traffic-last) + traffic load in SIPP,room-32-32-4,room-32-32-4-random-3,50,1,30.0,solved,0.035598,0.003,1398,55,1323,1150,55,1.215652,0,,/home/carsten/Projects/MAPF/MAPF Evaluator/results/pptl-room-32-4/runs/pp_guided_tl_traffic_tl/room-32-32-4/room-32-32-4-random-3_a50_s1_r0,,,"{""agents"": ""50"", ""comp_time"": ""3"", ""first_ms"": ""3.2"", ""makespan"": ""55"", ""makespan_lb"": ""55"", ""map_file"": ""room-32-32-4.map"", ""pp_demote_rounds"": ""0"", ""pp_failed"": ""0"", ""pp_order"": ""traffic-last"", ""pp_plan_ms"": ""1.6"", ""pp_plan_soc"": ""1398"", ""pp_tl"": ""1"", ""pp_used"": ""1"", ""seed"": ""1"", ""soc"": ""1398"", ""soc_lb"": ""1150"", ""solved"": ""1"", ""solver"": ""planner"", ""sum_of_loss"": ""1333"", ""sum_of_loss_lb"": ""1150""}"
pp_guided_tl:traffic_tl,PP-guided (traffic-last) + traffic load in SIPP,room-32-32-4,room-32-32-4-random-3,50,2,30.0,solved,0.060287,0.003,1398,55,1323,1150,55,1.215652,0,,/home/carsten/Projects/MAPF/MAPF Evaluator/results/pptl-room-32-4/runs/pp_guided_tl_traffic_tl/room-32-32-4/room-32-32-4-random-3_a50_s2_r0,,,"{""agents"": ""50"", ""comp_time"": ""3"", ""first_ms"": ""3.2"", ""makespan"": ""55"", ""makespan_lb"": ""55"", ""map_file"": ""room-32-32-4.map"", ""pp_demote_rounds"": ""0"", ""pp_failed"": ""0"", ""pp_order"": ""traffic-last"", ""pp_plan_ms"": ""1.7"", ""pp_plan_soc"": ""1398"", ""pp_tl"": ""1"", ""pp_used"": ""1"", ""seed"": ""2"", ""soc"": ""1398"", ""soc_lb"": ""1150"", ""solved"": ""1"", ""solver"": ""planner"", ""sum_of_loss"": ""1333"", ""sum_of_loss_lb"": ""1150""}"
pp_guided_tl:shortest,PP-guided (shortest first),room-32-32-4,room-32-32-4-random-3,100,1,30.0,solved,0.092209,0.034,4425,131,4298,2500,55,1.77,0,,/home/carsten/Projects/MAPF/MAPF Evaluator/results/pptl-room-32-4/runs/pp_guided_tl_shortest/room-32-32-4/room-32-32-4-random-3_a100_s1_r0,,,"{""agents"": ""100"", ""comp_time"": ""34"", ""first_ms"": ""33.5"", ""makespan"": ""131"", ""makespan_lb"": ""55"", ""map_file"": ""room-32-32-4.map"", ""pp_demote_rounds"": ""3"", ""pp_failed"": ""0"", ""pp_order"": ""shortest"", ""pp_plan_ms"": ""29.9"", ""pp_plan_soc"": ""4425"", ""pp_tl"": ""0"", ""pp_used"": ""1"", ""seed"": ""1"", ""soc"": ""4425"", ""soc_lb"": ""2500"", ""solved"": ""1"", ""solver"": ""planner"", ""sum_of_loss"": ""4306"", ""sum_of_loss_lb"": ""2500""}"
pp_guided_tl:shortest_tl,PP-guided (shortest first) + traffic load in SIPP,room-32-32-4,room-32-32-4-random-3,100,0,30.0,solved,0.037342,0.026,4256,132,4180,2500,55,1.7024,0,,/home/carsten/Projects/MAPF/MAPF Evaluator/results/pptl-room-32-4/runs/pp_guided_tl_shortest_tl/room-32-32-4/room-32-32-4-random-3_a100_s0_r0,,,"{""agents"": ""100"", ""comp_time"": ""26"", ""first_ms"": ""26.7"", ""makespan"": ""132"", ""makespan_lb"": ""55"", ""map_file"": ""room-32-32-4.map"", ""pp_demote_rounds"": ""1"", ""pp_failed"": ""0"", ""pp_order"": ""shortest"", ""pp_plan_ms"": ""21.9"", ""pp_plan_soc"": ""4256"", ""pp_tl"": ""1"", ""pp_used"": ""1"", ""seed"": ""0"", ""soc"": ""4256"", ""soc_lb"": ""2500"", ""solved"": ""1"", ""solver"": ""planner"", ""sum_of_loss"": ""4186"", ""sum_of_loss_lb"": ""2500""}"
pp_guided_tl:shortest,PP-guided (shortest first),room-32-32-4,room-32-32-4-random-3,100,0,30.0,solved,0.099489,0.034,4425,131,4298,2500,55,1.77,0,,/home/carsten/Projects/MAPF/MAPF Evaluator/results/pptl-room-32-4/runs/pp_guided_tl_shortest/room-32-32-4/room-32-32-4-random-3_a100_s0_r0,,,"{""agents"": ""100"", ""comp_time"": ""34"", ""first_ms"": ""33.8"", ""makespan"": ""131"", ""makespan_lb"": ""55"", ""map_file"": ""room-32-32-4.map"", ""pp_demote_rounds"": ""3"", ""pp_failed"": ""0"", ""pp_order"": ""shortest"", ""pp_plan_ms"": ""30.0"", ""pp_plan_soc"": ""4425"", ""pp_tl"": ""0"", ""pp_used"": ""1"", ""seed"": ""0"", ""soc"": ""4425"", ""soc_lb"": ""2500"", ""solved"": ""1"", ""solver"": ""planner"", ""sum_of_loss"": ""4306"", ""sum_of_loss_lb"": ""2500""}"
pp_guided_tl:shortest,PP-guided (shortest first),room-32-32-4,room-32-32-4-random-3,100,2,30.0,solved,0.083935,0.034,4425,131,4298,2500,55,1.77,0,,/home/carsten/Projects/MAPF/MAPF Evaluator/results/pptl-room-32-4/runs/pp_guided_tl_shortest/room-32-32-4/room-32-32-4-random-3_a100_s2_r0,,,"{""agents"": ""100"", ""comp_time"": ""34"", ""first_ms"": ""34.6"", ""makespan"": ""131"", ""makespan_lb"": ""55"", ""map_file"": ""room-32-32-4.map"", ""pp_demote_rounds"": ""3"", ""pp_failed"": ""0"", ""pp_order"": ""shortest"", ""pp_plan_ms"": ""30.3"", ""pp_plan_soc"": ""4425"", ""pp_tl"": ""0"", ""pp_used"": ""1"", ""seed"": ""2"", ""soc"": ""4425"", ""soc_lb"": ""2500"", ""solved"": ""1"", ""solver"": ""planner"", ""sum_of_loss"": ""4306"", ""sum_of_loss_lb"": ""2500""}"
pp_guided_tl:shortest_tl,PP-guided (shortest first) + traffic load in SIPP,room-32-32-4,room-32-32-4-random-3,100,1,30.0,solved,0.04966,0.026,4256,132,4180,2500,55,1.7024,0,,/home/carsten/Projects/MAPF/MAPF Evaluator/results/pptl-room-32-4/runs/pp_guided_tl_shortest_tl/room-32-32-4/room-32-32-4-random-3_a100_s1_r0,,,"{""agents"": ""100"", ""comp_time"": ""26"", ""first_ms"": ""25.6"", ""makespan"": ""132"", ""makespan_lb"": ""55"", ""map_file"": ""room-32-32-4.map"", ""pp_demote_rounds"": ""1"", ""pp_failed"": ""0"", ""pp_order"": ""shortest"", ""pp_plan_ms"": ""21.6"", ""pp_plan_soc"": ""4256"", ""pp_tl"": ""1"", ""pp_used"": ""1"", ""seed"": ""1"", ""soc"": ""4256"", ""soc_lb"": ""2500"", ""solved"": ""1"", ""solver"": ""planner"", ""sum_of_loss"": ""4186"", ""sum_of_loss_lb"": ""2500""}"
pp_guided_tl:shortest_tl,PP-guided (shortest first) + traffic load in SIPP,room-32-32-4,room-32-32-4-random-3,100,2,30.0,solved,0.077677,0.026,4256,132,4180,2500,55,1.7024,0,,/home/carsten/Projects/MAPF/MAPF Evaluator/results/pptl-room-32-4/runs/pp_guided_tl_shortest_tl/room-32-32-4/room-32-32-4-random-3_a100_s2_r0,,,"{""agents"": ""100"", ""comp_time"": ""26"", ""first_ms"": ""26.5"", ""makespan"": ""132"", ""makespan_lb"": ""55"", ""map_file"": ""room-32-32-4.map"", ""pp_demote_rounds"": ""1"", ""pp_failed"": ""0"", ""pp_order"": ""shortest"", ""pp_plan_ms"": ""21.9"", ""pp_plan_soc"": ""4256"", ""pp_tl"": ""1"", ""pp_used"": ""1"", ""seed"": ""2"", ""soc"": ""4256"", ""soc_lb"": ""2500"", ""solved"": ""1"", ""solver"": ""planner"", ""sum_of_loss"": ""4186"", ""sum_of_loss_lb"": ""2500""}"
pp_guided_tl:traffic,PP-guided (traffic-last),room-32-32-4,room-32-32-4-random-3,100,0,30.0,solved,0.055238,0.008,3554,58,3309,2500,55,1.4216,0,,/home/carsten/Projects/MAPF/MAPF Evaluator/results/pptl-room-32-4/runs/pp_guided_tl_traffic/room-32-32-4/room-32-32-4-random-3_a100_s0_r0,,,"{""agents"": ""100"", ""comp_time"": ""8"", ""first_ms"": ""8.4"", ""makespan"": ""58"", ""makespan_lb"": ""55"", ""map_file"": ""room-32-32-4.map"", ""pp_demote_rounds"": ""0"", ""pp_failed"": ""0"", ""pp_order"": ""traffic-last"", ""pp_plan_ms"": ""5.5"", ""pp_plan_soc"": ""3554"", ""pp_tl"": ""0"", ""pp_used"": ""1"", ""seed"": ""0"", ""soc"": ""3554"", ""soc_lb"": ""2500"", ""solved"": ""1"", ""solver"": ""planner"", ""sum_of_loss"": ""3341"", ""sum_of_loss_lb"": ""2500""}"
pp_guided_tl:traffic,PP-guided (traffic-last),room-32-32-4,room-32-32-4-random-3,100,1,30.0,solved,0.062852,0.009,3554,58,3309,2500,55,1.4216,0,,/home/carsten/Projects/MAPF/MAPF Evaluator/results/pptl-room-32-4/runs/pp_guided_tl_traffic/room-32-32-4/room-32-32-4-random-3_a100_s1_r0,,,"{""agents"": ""100"", ""comp_time"": ""9"", ""first_ms"": ""8.4"", ""makespan"": ""58"", ""makespan_lb"": ""55"", ""map_file"": ""room-32-32-4.map"", ""pp_demote_rounds"": ""0"", ""pp_failed"": ""0"", ""pp_order"": ""traffic-last"", ""pp_plan_ms"": ""5.6"", ""pp_plan_soc"": ""3554"", ""pp_tl"": ""0"", ""pp_used"": ""1"", ""seed"": ""1"", ""soc"": ""3554"", ""soc_lb"": ""2500"", ""solved"": ""1"", ""solver"": ""planner"", ""sum_of_loss"": ""3341"", ""sum_of_loss_lb"": ""2500""}"
pp_guided_tl:traffic,PP-guided (traffic-last),room-32-32-4,room-32-32-4-random-3,100,2,30.0,solved,0.066015,0.008,3554,58,3309,2500,55,1.4216,0,,/home/carsten/Projects/MAPF/MAPF Evaluator/results/pptl-room-32-4/runs/pp_guided_tl_traffic/room-32-32-4/room-32-32-4-random-3_a100_s2_r0,,,"{""agents"": ""100"", ""comp_time"": ""8"", ""first_ms"": ""8.2"", ""makespan"": ""58"", ""makespan_lb"": ""55"", ""map_file"": ""room-32-32-4.map"", ""pp_demote_rounds"": ""0"", ""pp_failed"": ""0"", ""pp_order"": ""traffic-last"", ""pp_plan_ms"": ""5.5"", ""pp_plan_soc"": ""3554"", ""pp_tl"": ""0"", ""pp_used"": ""1"", ""seed"": ""2"", ""soc"": ""3554"", ""soc_lb"": ""2500"", ""solved"": ""1"", ""solver"": ""planner"", ""sum_of_loss"": ""3341"", ""sum_of_loss_lb"": ""2500""}"
pp_guided_tl:traffic_tl,PP-guided (traffic-last) + traffic load in SIPP,room-32-32-4,room-32-32-4-random-3,100,0,30.0,solved,0.059266,0.01,3591,74,3340,2500,55,1.4364,0,,/home/carsten/Projects/MAPF/MAPF Evaluator/results/pptl-room-32-4/runs/pp_guided_tl_traffic_tl/room-32-32-4/room-32-32-4-random-3_a100_s0_r0,,,"{""agents"": ""100"", ""comp_time"": ""10"", ""first_ms"": ""9.5"", ""makespan"": ""74"", ""makespan_lb"": ""55"", ""map_file"": ""room-32-32-4.map"", ""pp_demote_rounds"": ""0"", ""pp_failed"": ""0"", ""pp_order"": ""traffic-last"", ""pp_plan_ms"": ""6.2"", ""pp_plan_soc"": ""3591"", ""pp_tl"": ""1"", ""pp_used"": ""1"", ""seed"": ""0"", ""soc"": ""3591"", ""soc_lb"": ""2500"", ""solved"": ""1"", ""solver"": ""planner"", ""sum_of_loss"": ""3370"", ""sum_of_loss_lb"": ""2500""}"
pp_guided_tl:traffic_tl,PP-guided (traffic-last) + traffic load in SIPP,room-32-32-4,room-32-32-4-random-3,100,1,30.0,solved,0.110973,0.009,3591,74,3340,2500,55,1.4364,0,,/home/carsten/Projects/MAPF/MAPF Evaluator/results/pptl-room-32-4/runs/pp_guided_tl_traffic_tl/room-32-32-4/room-32-32-4-random-3_a100_s1_r0,,,"{""agents"": ""100"", ""comp_time"": ""9"", ""first_ms"": ""9.5"", ""makespan"": ""74"", ""makespan_lb"": ""55"", ""map_file"": ""room-32-32-4.map"", ""pp_demote_rounds"": ""0"", ""pp_failed"": ""0"", ""pp_order"": ""traffic-last"", ""pp_plan_ms"": ""6.2"", ""pp_plan_soc"": ""3591"", ""pp_tl"": ""1"", ""pp_used"": ""1"", ""seed"": ""1"", ""soc"": ""3591"", ""soc_lb"": ""2500"", ""solved"": ""1"", ""solver"": ""planner"", ""sum_of_loss"": ""3370"", ""sum_of_loss_lb"": ""2500""}"
pp_guided_tl:traffic_tl,PP-guided (traffic-last) + traffic load in SIPP,room-32-32-4,room-32-32-4-random-3,100,2,30.0,solved,0.061884,0.01,3591,74,3340,2500,55,1.4364,0,,/home/carsten/Projects/MAPF/MAPF Evaluator/results/pptl-room-32-4/runs/pp_guided_tl_traffic_tl/room-32-32-4/room-32-32-4-random-3_a100_s2_r0,,,"{""agents"": ""100"", ""comp_time"": ""10"", ""first_ms"": ""9.7"", ""makespan"": ""74"", ""makespan_lb"": ""55"", ""map_file"": ""room-32-32-4.map"", ""pp_demote_rounds"": ""0"", ""pp_failed"": ""0"", ""pp_order"": ""traffic-last"", ""pp_plan_ms"": ""6.2"", ""pp_plan_soc"": ""3591"", ""pp_tl"": ""1"", ""pp_used"": ""1"", ""seed"": ""2"", ""soc"": ""3591"", ""soc_lb"": ""2500"", ""solved"": ""1"", ""solver"": ""planner"", ""sum_of_loss"": ""3370"", ""sum_of_loss_lb"": ""2500""}"
pp_guided_tl:shortest,PP-guided (shortest first),room-32-32-4,room-32-32-4-random-3,150,0,30.0,solved,0.144338,0.128,9048,140,8316,3735,55,2.42249,0,,/home/carsten/Projects/MAPF/MAPF Evaluator/results/pptl-room-32-4/runs/pp_guided_tl_shortest/room-32-32-4/room-32-32-4-random-3_a150_s0_r0,,,"{""agents"": ""150"", ""comp_time"": ""128"", ""first_ms"": ""128.5"", ""makespan"": ""140"", ""makespan_lb"": ""55"", ""map_file"": ""room-32-32-4.map"", ""pp_demote_rounds"": ""5"", ""pp_failed"": ""0"", ""pp_order"": ""shortest"", ""pp_plan_ms"": ""121.5"", ""pp_plan_soc"": ""9048"", ""pp_tl"": ""0"", ""pp_used"": ""1"", ""seed"": ""0"", ""soc"": ""9048"", ""soc_lb"": ""3735"", ""solved"": ""1"", ""solver"": ""planner"", ""sum_of_loss"": ""8363"", ""sum_of_loss_lb"": ""3735""}"
pp_guided_tl:shortest,PP-guided (shortest first),room-32-32-4,room-32-32-4-random-3,150,1,30.0,solved,0.191051,0.126,9048,140,8316,3735,55,2.42249,0,,/home/carsten/Projects/MAPF/MAPF Evaluator/results/pptl-room-32-4/runs/pp_guided_tl_shortest/room-32-32-4/room-32-32-4-random-3_a150_s1_r0,,,"{""agents"": ""150"", ""comp_time"": ""126"", ""first_ms"": ""126.6"", ""makespan"": ""140"", ""makespan_lb"": ""55"", ""map_file"": ""room-32-32-4.map"", ""pp_demote_rounds"": ""5"", ""pp_failed"": ""0"", ""pp_order"": ""shortest"", ""pp_plan_ms"": ""119.9"", ""pp_plan_soc"": ""9048"", ""pp_tl"": ""0"", ""pp_used"": ""1"", ""seed"": ""1"", ""soc"": ""9048"", ""soc_lb"": ""3735"", ""solved"": ""1"", ""solver"": ""planner"", ""sum_of_loss"": ""8363"", ""sum_of_loss_lb"": ""3735""}"
pp_guided_tl:shortest_tl,PP-guided (shortest first) + traffic load in SIPP,room-32-32-4,room-32-32-4-random-3,150,0,30.0,solved,0.158803,0.132,8297,133,7887,3735,55,2.221419,0,,/home/carsten/Projects/MAPF/MAPF Evaluator/results/pptl-room-32-4/runs/pp_guided_tl_shortest_tl/room-32-32-4/room-32-32-4-random-3_a150_s0_r0,,,"{""agents"": ""150"", ""comp_time"": ""132"", ""first_ms"": ""132.5"", ""makespan"": ""133"", ""makespan_lb"": ""55"", ""map_file"": ""room-32-32-4.map"", ""pp_demote_rounds"": ""5"", ""pp_failed"": ""0"", ""pp_order"": ""shortest"", ""pp_plan_ms"": ""125.2"", ""pp_plan_soc"": ""8297"", ""pp_tl"": ""1"", ""pp_used"": ""1"", ""seed"": ""0"", ""soc"": ""8297"", ""soc_lb"": ""3735"", ""solved"": ""1"", ""solver"": ""planner"", ""sum_of_loss"": ""7915"", ""sum_of_loss_lb"": ""3735""}"
pp_guided_tl:shortest,PP-guided (shortest first),room-32-32-4,room-32-32-4-random-3,150,2,30.0,solved,0.212249,0.129,9048,140,8316,3735,55,2.42249,0,,/home/carsten/Projects/MAPF/MAPF Evaluator/results/pptl-room-32-4/runs/pp_guided_tl_shortest/room-32-32-4/room-32-32-4-random-3_a150_s2_r0,,,"{""agents"": ""150"", ""comp_time"": ""129"", ""first_ms"": ""129.4"", ""makespan"": ""140"", ""makespan_lb"": ""55"", ""map_file"": ""room-32-32-4.map"", ""pp_demote_rounds"": ""5"", ""pp_failed"": ""0"", ""pp_order"": ""shortest"", ""pp_plan_ms"": ""122.6"", ""pp_plan_soc"": ""9048"", ""pp_tl"": ""0"", ""pp_used"": ""1"", ""seed"": ""2"", ""soc"": ""9048"", ""soc_lb"": ""3735"", ""solved"": ""1"", ""solver"": ""planner"", ""sum_of_loss"": ""8363"", ""sum_of_loss_lb"": ""3735""}"
pp_guided_tl:traffic,PP-guided (traffic-last),room-32-32-4,room-32-32-4-random-3,150,0,30.0,solved,0.053657,0.028,6081,72,5632,3735,55,1.628112,0,,/home/carsten/Projects/MAPF/MAPF Evaluator/results/pptl-room-32-4/runs/pp_guided_tl_traffic/room-32-32-4/room-32-32-4-random-3_a150_s0_r0,,,"{""agents"": ""150"", ""comp_time"": ""28"", ""first_ms"": ""27.7"", ""makespan"": ""72"", ""makespan_lb"": ""55"", ""map_file"": ""room-32-32-4.map"", ""pp_demote_rounds"": ""1"", ""pp_failed"": ""0"", ""pp_order"": ""traffic-last"", ""pp_plan_ms"": ""23.2"", ""pp_plan_soc"": ""6081"", ""pp_tl"": ""0"", ""pp_used"": ""1"", ""seed"": ""0"", ""soc"": ""6081"", ""soc_lb"": ""3735"", ""solved"": ""1"", ""solver"": ""planner"", ""sum_of_loss"": ""5691"", ""sum_of_loss_lb"": ""3735""}"
pp_guided_tl:shortest_tl,PP-guided (shortest first) + traffic load in SIPP,room-32-32-4,room-32-32-4-random-3,150,1,30.0,solved,0.172242,0.131,8297,133,7887,3735,55,2.221419,0,,/home/carsten/Projects/MAPF/MAPF Evaluator/results/pptl-room-32-4/runs/pp_guided_tl_shortest_tl/room-32-32-4/room-32-32-4-random-3_a150_s1_r0,,,"{""agents"": ""150"", ""comp_time"": ""131"", ""first_ms"": ""130.3"", ""makespan"": ""133"", ""makespan_lb"": ""55"", ""map_file"": ""room-32-32-4.map"", ""pp_demote_rounds"": ""5"", ""pp_failed"": ""0"", ""pp_order"": ""shortest"", ""pp_plan_ms"": ""124.1"", ""pp_plan_soc"": ""8297"", ""pp_tl"": ""1"", ""pp_used"": ""1"", ""seed"": ""1"", ""soc"": ""8297"", ""soc_lb"": ""3735"", ""solved"": ""1"", ""solver"": ""planner"", ""sum_of_loss"": ""7915"", ""sum_of_loss_lb"": ""3735""}"
pp_guided_tl:shortest_tl,PP-guided (shortest first) + traffic load in SIPP,room-32-32-4,room-32-32-4-random-3,150,2,30.0,solved,0.168862,0.13,8297,133,7887,3735,55,2.221419,0,,/home/carsten/Projects/MAPF/MAPF Evaluator/results/pptl-room-32-4/runs/pp_guided_tl_shortest_tl/room-32-32-4/room-32-32-4-random-3_a150_s2_r0,,,"{""agents"": ""150"", ""comp_time"": ""130"", ""first_ms"": ""129.4"", ""makespan"": ""133"", ""makespan_lb"": ""55"", ""map_file"": ""room-32-32-4.map"", ""pp_demote_rounds"": ""5"", ""pp_failed"": ""0"", ""pp_order"": ""shortest"", ""pp_plan_ms"": ""123.2"", ""pp_plan_soc"": ""8297"", ""pp_tl"": ""1"", ""pp_used"": ""1"", ""seed"": ""2"", ""soc"": ""8297"", ""soc_lb"": ""3735"", ""solved"": ""1"", ""solver"": ""planner"", ""sum_of_loss"": ""7915"", ""sum_of_loss_lb"": ""3735""}"
pp_guided_tl:traffic,PP-guided (traffic-last),room-32-32-4,room-32-32-4-random-3,150,1,30.0,solved,0.067679,0.028,6081,72,5632,3735,55,1.628112,0,,/home/carsten/Projects/MAPF/MAPF Evaluator/results/pptl-room-32-4/runs/pp_guided_tl_traffic/room-32-32-4/room-32-32-4-random-3_a150_s1_r0,,,"{""agents"": ""150"", ""comp_time"": ""28"", ""first_ms"": ""27.6"", ""makespan"": ""72"", ""makespan_lb"": ""55"", ""map_file"": ""room-32-32-4.map"", ""pp_demote_rounds"": ""1"", ""pp_failed"": ""0"", ""pp_order"": ""traffic-last"", ""pp_plan_ms"": ""23.3"", ""pp_plan_soc"": ""6081"", ""pp_tl"": ""0"", ""pp_used"": ""1"", ""seed"": ""1"", ""soc"": ""6081"", ""soc_lb"": ""3735"", ""solved"": ""1"", ""solver"": ""planner"", ""sum_of_loss"": ""5691"", ""sum_of_loss_lb"": ""3735""}"
pp_guided_tl:traffic,PP-guided (traffic-last),room-32-32-4,room-32-32-4-random-3,150,2,30.0,solved,0.075519,0.028,6081,72,5632,3735,55,1.628112,0,,/home/carsten/Projects/MAPF/MAPF Evaluator/results/pptl-room-32-4/runs/pp_guided_tl_traffic/room-32-32-4/room-32-32-4-random-3_a150_s2_r0,,,"{""agents"": ""150"", ""comp_time"": ""28"", ""first_ms"": ""27.7"", ""makespan"": ""72"", ""makespan_lb"": ""55"", ""map_file"": ""room-32-32-4.map"", ""pp_demote_rounds"": ""1"", ""pp_failed"": ""0"", ""pp_order"": ""traffic-last"", ""pp_plan_ms"": ""23.2"", ""pp_plan_soc"": ""6081"", ""pp_tl"": ""0"", ""pp_used"": ""1"", ""seed"": ""2"", ""soc"": ""6081"", ""soc_lb"": ""3735"", ""solved"": ""1"", ""solver"": ""planner"", ""sum_of_loss"": ""5691"", ""sum_of_loss_lb"": ""3735""}"
pp_guided_tl:traffic_tl,PP-guided (traffic-last) + traffic load in SIPP,room-32-32-4,room-32-32-4-random-3,150,2,30.0,solved,0.064781,0.037,5893,76,5568,3735,55,1.577778,0,,/home/carsten/Projects/MAPF/MAPF Evaluator/results/pptl-room-32-4/runs/pp_guided_tl_traffic_tl/room-32-32-4/room-32-32-4-random-3_a150_s2_r0,,,"{""agents"": ""150"", ""comp_time"": ""37"", ""first_ms"": ""36.7"", ""makespan"": ""76"", ""makespan_lb"": ""55"", ""map_file"": ""room-32-32-4.map"", ""pp_demote_rounds"": ""2"", ""pp_failed"": ""0"", ""pp_order"": ""traffic-last"", ""pp_plan_ms"": ""31.7"", ""pp_plan_soc"": ""5893"", ""pp_tl"": ""1"", ""pp_used"": ""1"", ""seed"": ""2"", ""soc"": ""5893"", ""soc_lb"": ""3735"", ""solved"": ""1"", ""solver"": ""planner"", ""sum_of_loss"": ""5606"", ""sum_of_loss_lb"": ""3735""}"
pp_guided_tl:traffic_tl,PP-guided (traffic-last) + traffic load in SIPP,room-32-32-4,room-32-32-4-random-3,150,0,30.0,solved,0.121931,0.037,5893,76,5568,3735,55,1.577778,0,,/home/carsten/Projects/MAPF/MAPF Evaluator/results/pptl-room-32-4/runs/pp_guided_tl_traffic_tl/room-32-32-4/room-32-32-4-random-3_a150_s0_r0,,,"{""agents"": ""150"", ""comp_time"": ""37"", ""first_ms"": ""36.7"", ""makespan"": ""76"", ""makespan_lb"": ""55"", ""map_file"": ""room-32-32-4.map"", ""pp_demote_rounds"": ""2"", ""pp_failed"": ""0"", ""pp_order"": ""traffic-last"", ""pp_plan_ms"": ""31.6"", ""pp_plan_soc"": ""5893"", ""pp_tl"": ""1"", ""pp_used"": ""1"", ""seed"": ""0"", ""soc"": ""5893"", ""soc_lb"": ""3735"", ""solved"": ""1"", ""solver"": ""planner"", ""sum_of_loss"": ""5606"", ""sum_of_loss_lb"": ""3735""}"
pp_guided_tl:traffic_tl,PP-guided (traffic-last) + traffic load in SIPP,room-32-32-4,room-32-32-4-random-3,150,1,30.0,solved,0.117039,0.037,5893,76,5568,3735,55,1.577778,0,,/home/carsten/Projects/MAPF/MAPF Evaluator/results/pptl-room-32-4/runs/pp_guided_tl_traffic_tl/room-32-32-4/room-32-32-4-random-3_a150_s1_r0,,,"{""agents"": ""150"", ""comp_time"": ""37"", ""first_ms"": ""37.8"", ""makespan"": ""76"", ""makespan_lb"": ""55"", ""map_file"": ""room-32-32-4.map"", ""pp_demote_rounds"": ""2"", ""pp_failed"": ""0"", ""pp_order"": ""traffic-last"", ""pp_plan_ms"": ""32.1"", ""pp_plan_soc"": ""5893"", ""pp_tl"": ""1"", ""pp_used"": ""1"", ""seed"": ""1"", ""soc"": ""5893"", ""soc_lb"": ""3735"", ""solved"": ""1"", ""solver"": ""planner"", ""sum_of_loss"": ""5606"", ""sum_of_loss_lb"": ""3735""}"
pp_guided_tl:shortest,PP-guided (shortest first),room-32-32-4,room-32-32-4-random-3,200,0,30.0,solved,0.593646,0.541,12661,112,10519,4986,55,2.53931,0,,/home/carsten/Projects/MAPF/MAPF Evaluator/results/pptl-room-32-4/runs/pp_guided_tl_shortest/room-32-32-4/room-32-32-4-random-3_a200_s0_r0,,,"{""agents"": ""200"", ""comp_time"": ""541"", ""first_ms"": ""540.6"", ""makespan"": ""112"", ""makespan_lb"": ""55"", ""map_file"": ""room-32-32-4.map"", ""pp_demote_rounds"": ""15"", ""pp_failed"": ""11"", ""pp_order"": ""shortest"", ""pp_plan_ms"": ""505.8"", ""pp_plan_soc"": ""14671"", ""pp_tl"": ""0"", ""pp_used"": ""0"", ""seed"": ""0"", ""soc"": ""12661"", ""soc_lb"": ""4986"", ""solved"": ""1"", ""solver"": ""planner"", ""sum_of_loss"": ""10896"", ""sum_of_loss_lb"": ""4986""}"
pp_guided_tl:shortest,PP-guided (shortest first),room-32-32-4,room-32-32-4-random-3,200,2,30.0,solved,0.585274,0.547,11627,92,10010,4986,55,2.331929,0,,/home/carsten/Projects/MAPF/MAPF Evaluator/results/pptl-room-32-4/runs/pp_guided_tl_shortest/room-32-32-4/room-32-32-4-random-3_a200_s2_r0,,,"{""agents"": ""200"", ""comp_time"": ""547"", ""first_ms"": ""547.3"", ""makespan"": ""92"", ""makespan_lb"": ""55"", ""map_file"": ""room-32-32-4.map"", ""pp_demote_rounds"": ""15"", ""pp_failed"": ""11"", ""pp_order"": ""shortest"", ""pp_plan_ms"": ""508.2"", ""pp_plan_soc"": ""14671"", ""pp_tl"": ""0"", ""pp_used"": ""0"", ""seed"": ""2"", ""soc"": ""11627"", ""soc_lb"": ""4986"", ""solved"": ""1"", ""solver"": ""planner"", ""sum_of_loss"": ""10309"", ""sum_of_loss_lb"": ""4986""}"
pp_guided_tl:shortest,PP-guided (shortest first),room-32-32-4,room-32-32-4-random-3,200,1,30.0,solved,0.586998,0.532,12468,105,10274,4986,55,2.500602,0,,/home/carsten/Projects/MAPF/MAPF Evaluator/results/pptl-room-32-4/runs/pp_guided_tl_shortest/room-32-32-4/room-32-32-4-random-3_a200_s1_r0,,,"{""agents"": ""200"", ""comp_time"": ""532"", ""first_ms"": ""531.9"", ""makespan"": ""105"", ""makespan_lb"": ""55"", ""map_file"": ""room-32-32-4.map"", ""pp_demote_rounds"": ""15"", ""pp_failed"": ""11"", ""pp_order"": ""shortest"", ""pp_plan_ms"": ""509.9"", ""pp_plan_soc"": ""14671"", ""pp_tl"": ""0"", ""pp_used"": ""0"", ""seed"": ""1"", ""soc"": ""12468"", ""soc_lb"": ""4986"", ""solved"": ""1"", ""solver"": ""planner"", ""sum_of_loss"": ""10606"", ""sum_of_loss_lb"": ""4986""}"
pp_guided_tl:shortest_tl,PP-guided (shortest first) + traffic load in SIPP,room-32-32-4,room-32-32-4-random-3,200,0,30.0,solved,0.591665,0.572,12661,112,10519,4986,55,2.53931,0,,/home/carsten/Projects/MAPF/MAPF Evaluator/results/pptl-room-32-4/runs/pp_guided_tl_shortest_tl/room-32-32-4/room-32-32-4-random-3_a200_s0_r0,,,"{""agents"": ""200"", ""comp_time"": ""572"", ""first_ms"": ""571.9"", ""makespan"": ""112"", ""makespan_lb"": ""55"", ""map_file"": ""room-32-32-4.map"", ""pp_demote_rounds"": ""15"", ""pp_failed"": ""8"", ""pp_order"": ""shortest"", ""pp_plan_ms"": ""535.6"", ""pp_plan_soc"": ""15317"", ""pp_tl"": ""1"", ""pp_used"": ""0"", ""seed"": ""0"", ""soc"": ""12661"", ""soc_lb"": ""4986"", ""solved"": ""1"", ""solver"": ""planner"", ""sum_of_loss"": ""10896"", ""sum_of_loss_lb"": ""4986""}"
pp_guided_tl:shortest_tl,PP-guided (shortest first) + traffic load in SIPP,room-32-32-4,room-32-32-4-random-3,200,1,30.0,solved,0.582161,0.555,12468,105,10274,4986,55,2.500602,0,,/home/carsten/Projects/MAPF/MAPF Evaluator/results/pptl-room-32-4/runs/pp_guided_tl_shortest_tl/room-32-32-4/room-32-32-4-random-3_a200_s1_r0,,,"{""agents"": ""200"", ""comp_time"": ""555"", ""first_ms"": ""555.7"", ""makespan"": ""105"", ""makespan_lb"": ""55"", ""map_file"": ""room-32-32-4.map"", ""pp_demote_rounds"": ""15"", ""pp_failed"": ""8"", ""pp_order"": ""shortest"", ""pp_plan_ms"": ""532.9"", ""pp_plan_soc"": ""15317"", ""pp_tl"": ""1"", ""pp_used"": ""0"", ""seed"": ""1"", ""soc"": ""12468"", ""soc_lb"": ""4986"", ""solved"": ""1"", ""solver"": ""planner"", ""sum_of_loss"": ""10606"", ""sum_of_loss_lb"": ""4986""}"
pp_guided_tl:traffic,PP-guided (traffic-last),room-32-32-4,room-32-32-4-random-3,200,0,30.0,solved,0.471746,0.41,12661,112,10519,4986,55,2.53931,0,,/home/carsten/Projects/MAPF/MAPF Evaluator/results/pptl-room-32-4/runs/pp_guided_tl_traffic/room-32-32-4/room-32-32-4-random-3_a200_s0_r0,,,"{""agents"": ""200"", ""comp_time"": ""410"", ""first_ms"": ""410.1"", ""makespan"": ""112"", ""makespan_lb"": ""55"", ""map_file"": ""room-32-32-4.map"", ""pp_demote_rounds"": ""15"", ""pp_failed"": ""4"", ""pp_order"": ""traffic-last"", ""pp_plan_ms"": ""375.4"", ""pp_plan_soc"": ""10081"", ""pp_tl"": ""0"", ""pp_used"": ""0"", ""seed"": ""0"", ""soc"": ""12661"", ""soc_lb"": ""4986"", ""solved"": ""1"", ""solver"": ""planner"", ""sum_of_loss"": ""10896"", ""sum_of_loss_lb"": ""4986""}"
pp_guided_tl:traffic,PP-guided (traffic-last),room-32-32-4,room-32-32-4-random-3,200,1,30.0,solved,0.425124,0.395,12468,105,10274,4986,55,2.500602,0,,/home/carsten/Projects/MAPF/MAPF Evaluator/results/pptl-room-32-4/runs/pp_guided_tl_traffic/room-32-32-4/room-32-32-4-random-3_a200_s1_r0,,,"{""agents"": ""200"", ""comp_time"": ""395"", ""first_ms"": ""394.8"", ""makespan"": ""105"", ""makespan_lb"": ""55"", ""map_file"": ""room-32-32-4.map"", ""pp_demote_rounds"": ""15"", ""pp_failed"": ""4"", ""pp_order"": ""traffic-last"", ""pp_plan_ms"": ""372.2"", ""pp_plan_soc"": ""10081"", ""pp_tl"": ""0"", ""pp_used"": ""0"", ""seed"": ""1"", ""soc"": ""12468"", ""soc_lb"": ""4986"", ""solved"": ""1"", ""solver"": ""planner"", ""sum_of_loss"": ""10606"", ""sum_of_loss_lb"": ""4986""}"
pp_guided_tl:shortest_tl,PP-guided (shortest first) + traffic load in SIPP,room-32-32-4,room-32-32-4-random-3,200,2,30.0,solved,0.634575,0.575,11627,92,10010,4986,55,2.331929,0,,/home/carsten/Projects/MAPF/MAPF Evaluator/results/pptl-room-32-4/runs/pp_guided_tl_shortest_tl/room-32-32-4/room-32-32-4-random-3_a200_s2_r0,,,"{""agents"": ""200"", ""comp_time"": ""575"", ""first_ms"": ""575.3"", ""makespan"": ""92"", ""makespan_lb"": ""55"", ""map_file"": ""room-32-32-4.map"", ""pp_demote_rounds"": ""15"", ""pp_failed"": ""8"", ""pp_order"": ""shortest"", ""pp_plan_ms"": ""535.6"", ""pp_plan_soc"": ""15317"", ""pp_tl"": ""1"", ""pp_used"": ""0"", ""seed"": ""2"", ""soc"": ""11627"", ""soc_lb"": ""4986"", ""solved"": ""1"", ""solver"": ""planner"", ""sum_of_loss"": ""10309"", ""sum_of_loss_lb"": ""4986""}"
pp_guided_tl:traffic,PP-guided (traffic-last),room-32-32-4,room-32-32-4-random-3,200,2,30.0,solved,0.437288,0.42,11627,92,10010,4986,55,2.331929,0,,/home/carsten/Projects/MAPF/MAPF Evaluator/results/pptl-room-32-4/runs/pp_guided_tl_traffic/room-32-32-4/room-32-32-4-random-3_a200_s2_r0,,,"{""agents"": ""200"", ""comp_time"": ""420"", ""first_ms"": ""419.6"", ""makespan"": ""92"", ""makespan_lb"": ""55"", ""map_file"": ""room-32-32-4.map"", ""pp_demote_rounds"": ""15"", ""pp_failed"": ""4"", ""pp_order"": ""traffic-last"", ""pp_plan_ms"": ""380.4"", ""pp_plan_soc"": ""10081"", ""pp_tl"": ""0"", ""pp_used"": ""0"", ""seed"": ""2"", ""soc"": ""11627"", ""soc_lb"": ""4986"", ""solved"": ""1"", ""solver"": ""planner"", ""sum_of_loss"": ""10309"", ""sum_of_loss_lb"": ""4986""}"
pp_guided_tl:shortest,PP-guided (shortest first),room-32-32-4,room-32-32-4-random-4,50,0,30.0,solved,0.015433,0.008,1876,76,1812,1493,53,1.25653,0,,/home/carsten/Projects/MAPF/MAPF Evaluator/results/pptl-room-32-4/runs/pp_guided_tl_shortest/room-32-32-4/room-32-32-4-random-4_a50_s0_r0,,,"{""agents"": ""50"", ""comp_time"": ""8"", ""first_ms"": ""8.4"", ""makespan"": ""76"", ""makespan_lb"": ""53"", ""map_file"": ""room-32-32-4.map"", ""pp_demote_rounds"": ""1"", ""pp_failed"": ""0"", ""pp_order"": ""shortest"", ""pp_plan_ms"": ""6.8"", ""pp_plan_soc"": ""1876"", ""pp_tl"": ""0"", ""pp_used"": ""1"", ""seed"": ""0"", ""soc"": ""1876"", ""soc_lb"": ""1493"", ""solved"": ""1"", ""solver"": ""planner"", ""sum_of_loss"": ""1816"", ""sum_of_loss_lb"": ""1493""}"
pp_guided_tl:shortest,PP-guided (shortest first),room-32-32-4,room-32-32-4-random-4,50,1,30.0,solved,0.015419,0.008,1876,76,1812,1493,53,1.25653,0,,/home/carsten/Projects/MAPF/MAPF Evaluator/results/pptl-room-32-4/runs/pp_guided_tl_shortest/room-32-32-4/room-32-32-4-random-4_a50_s1_r0,,,"{""agents"": ""50"", ""comp_time"": ""8"", ""first_ms"": ""8.4"", ""makespan"": ""76"", ""makespan_lb"": ""53"", ""map_file"": ""room-32-32-4.map"", ""pp_demote_rounds"": ""1"", ""pp_failed"": ""0"", ""pp_order"": ""shortest"", ""pp_plan_ms"": ""6.9"", ""pp_plan_soc"": ""1876"", ""pp_tl"": ""0"", ""pp_used"": ""1"", ""seed"": ""1"", ""soc"": ""1876"", ""soc_lb"": ""1493"", ""solved"": ""1"", ""solver"": ""planner"", ""sum_of_loss"": ""1816"", ""sum_of_loss_lb"": ""1493""}"
pp_guided_tl:shortest,PP-guided (shortest first),room-32-32-4,room-32-32-4-random-4,50,2,30.0,solved,0.015392,0.008,1876,76,1812,1493,53,1.25653,0,,/home/carsten/Projects/MAPF/MAPF Evaluator/results/pptl-room-32-4/runs/pp_guided_tl_shortest/room-32-32-4/room-32-32-4-random-4_a50_s2_r0,,,"{""agents"": ""50"", ""comp_time"": ""8"", ""first_ms"": ""8.5"", ""makespan"": ""76"", ""makespan_lb"": ""53"", ""map_file"": ""room-32-32-4.map"", ""pp_demote_rounds"": ""1"", ""pp_failed"": ""0"", ""pp_order"": ""shortest"", ""pp_plan_ms"": ""6.8"", ""pp_plan_soc"": ""1876"", ""pp_tl"": ""0"", ""pp_used"": ""1"", ""seed"": ""2"", ""soc"": ""1876"", ""soc_lb"": ""1493"", ""solved"": ""1"", ""solver"": ""planner"", ""sum_of_loss"": ""1816"", ""sum_of_loss_lb"": ""1493""}"
pp_guided_tl:shortest_tl,PP-guided (shortest first) + traffic load in SIPP,room-32-32-4,room-32-32-4-random-4,50,0,30.0,solved,0.015362,0.009,1827,76,1786,1493,53,1.223711,0,,/home/carsten/Projects/MAPF/MAPF Evaluator/results/pptl-room-32-4/runs/pp_guided_tl_shortest_tl/room-32-32-4/room-32-32-4-random-4_a50_s0_r0,,,"{""agents"": ""50"", ""comp_time"": ""9"", ""first_ms"": ""8.5"", ""makespan"": ""76"", ""makespan_lb"": ""53"", ""map_file"": ""room-32-32-4.map"", ""pp_demote_rounds"": ""1"", ""pp_failed"": ""0"", ""pp_order"": ""shortest"", ""pp_plan_ms"": ""7.2"", ""pp_plan_soc"": ""1827"", ""pp_tl"": ""1"", ""pp_used"": ""1"", ""seed"": ""0"", ""soc"": ""1827"", ""soc_lb"": ""1493"", ""solved"": ""1"", ""solver"": ""planner"", ""sum_of_loss"": ""1790"", ""sum_of_loss_lb"": ""1493""}"
pp_guided_tl:shortest_tl,PP-guided (shortest first) + traffic load in SIPP,room-32-32-4,room-32-32-4-random-4,50,1,30.0,solved,0.015392,0.009,1827,76,1786,1493,53,1.223711,0,,/home/carsten/Projects/MAPF/MAPF Evaluator/results/pptl-room-32-4/runs/pp_guided_tl_shortest_tl/room-32-32-4/room-32-32-4-random-4_a50_s1_r0,,,"{""agents"": ""50"", ""comp_time"": ""9"", ""first_ms"": ""8.4"", ""makespan"": ""76"", ""makespan_lb"": ""53"", ""map_file"": ""room-32-32-4.map"", ""pp_demote_rounds"": ""1"", ""pp_failed"": ""0"", ""pp_order"": ""shortest"", ""pp_plan_ms"": ""7.2"", ""pp_plan_soc"": ""1827"", ""pp_tl"": ""1"", ""pp_used"": ""1"", ""seed"": ""1"", ""soc"": ""1827"", ""soc_lb"": ""1493"", ""solved"": ""1"", ""solver"": ""planner"", ""sum_of_loss"": ""1790"", ""sum_of_loss_lb"": ""1493""}"
pp_guided_tl:shortest_tl,PP-guided (shortest first) + traffic load in SIPP,room-32-32-4,room-32-32-4-random-4,50,2,30.0,solved,0.015379,0.009,1827,76,1786,1493,53,1.223711,0,,/home/carsten/Projects/MAPF/MAPF Evaluator/results/pptl-room-32-4/runs/pp_guided_tl_shortest_tl/room-32-32-4/room-32-32-4-random-4_a50_s2_r0,,,"{""agents"": ""50"", ""comp_time"": ""9"", ""first_ms"": ""9.4"", ""makespan"": ""76"", ""makespan_lb"": ""53"", ""map_file"": ""room-32-32-4.map"", ""pp_demote_rounds"": ""1"", ""pp_failed"": ""0"", ""pp_order"": ""shortest"", ""pp_plan_ms"": ""7.4"", ""pp_plan_soc"": ""1827"", ""pp_tl"": ""1"", ""pp_used"": ""1"", ""seed"": ""2"", ""soc"": ""1827"", ""soc_lb"": ""1493"", ""solved"": ""1"", ""solver"": ""planner"", ""sum_of_loss"": ""1790"", ""sum_of_loss_lb"": ""1493""}"
pp_guided_tl:traffic,PP-guided (traffic-last),room-32-32-4,room-32-32-4-random-4,50,0,30.0,solved,0.0073,0.003,1841,55,1688,1493,53,1.233088,0,,/home/carsten/Projects/MAPF/MAPF Evaluator/results/pptl-room-32-4/runs/pp_guided_tl_traffic/room-32-32-4/room-32-32-4-random-4_a50_s0_r0,,,"{""agents"": ""50"", ""comp_time"": ""3"", ""first_ms"": ""3.2"", ""makespan"": ""55"", ""makespan_lb"": ""53"", ""map_file"": ""room-32-32-4.map"", ""pp_demote_rounds"": ""0"", ""pp_failed"": ""0"", ""pp_order"": ""traffic-last"", ""pp_plan_ms"": ""1.9"", ""pp_plan_soc"": ""1841"", ""pp_tl"": ""0"", ""pp_used"": ""1"", ""seed"": ""0"", ""soc"": ""1841"", ""soc_lb"": ""1493"", ""solved"": ""1"", ""solver"": ""planner"", ""sum_of_loss"": ""1699"", ""sum_of_loss_lb"": ""1493""}"
pp_guided_tl:traffic,PP-guided (traffic-last),room-32-32-4,room-32-32-4-random-4,50,1,30.0,solved,0.007342,0.003,1841,55,1688,1493,53,1.233088,0,,/home/carsten/Projects/MAPF/MAPF Evaluator/results/pptl-room-32-4/runs/pp_guided_tl_traffic/room-32-32-4/room-32-32-4-random-4_a50_s1_r0,,,"{""agents"": ""50"", ""comp_time"": ""3"", ""first_ms"": ""3.2"", ""makespan"": ""55"", ""makespan_lb"": ""53"", ""map_file"": ""room-32-32-4.map"", ""pp_demote_rounds"": ""0"", ""pp_failed"": ""0"", ""pp_order"": ""traffic-last"", ""pp_plan_ms"": ""2.1"", ""pp_plan_soc"": ""1841"", ""pp_tl"": ""0"", ""pp_used"": ""1"", ""seed"": ""1"", ""soc"": ""1841"", ""soc_lb"": ""1493"", ""solved"": ""1"", ""solver"": ""planner"", ""sum_of_loss"": ""1699"", ""sum_of_loss_lb"": ""1493""}"
pp_guided_tl:traffic,PP-guided (traffic-last),room-32-32-4,room-32-32-4-random-4,50,2,30.0,solved,0.007346,0.003,1841,55,1688,1493,53,1.233088,0,,/home/carsten/Projects/MAPF/MAPF Evaluator/results/pptl-room-32-4/runs/pp_guided_tl_traffic/room-32-32-4/room-32-32-4-random-4_a50_s2_r0,,,"{""agents"": ""50"", ""comp_time"": ""3"", ""first_ms"": ""3.2"", ""makespan"": ""55"", ""makespan_lb"": ""53"", ""map_file"": ""room-32-32-4.map"", ""pp_demote_rounds"": ""0"", ""pp_failed"": ""0"", ""pp_order"": ""traffic-last"", ""pp_plan_ms"": ""2.0"", ""pp_plan_soc"": ""1841"", ""pp_tl"": ""0"", ""pp_used"": ""1"", ""seed"": ""2"", ""soc"": ""1841"", ""soc_lb"": ""1493"", ""solved"": ""1"", ""solver"": ""planner"", ""sum_of_loss"": ""1699"", ""sum_of_loss_lb"": ""1493""}"
pp_guided_tl:traffic_tl,PP-guided (traffic-last) + traffic load in SIPP,room-32-32-4,room-32-32-4-random-4,50,0,30.0,solved,0.007334,0.004,1788,55,1699,1493,53,1.197589,0,,/home/carsten/Projects/MAPF/MAPF Evaluator/results/pptl-room-32-4/runs/pp_guided_tl_traffic_tl/room-32-32-4/room-32-32-4-random-4_a50_s0_r0,,,"{""agents"": ""50"", ""comp_time"": ""4"", ""first_ms"": ""4.2"", ""makespan"": ""55"", ""makespan_lb"": ""53"", ""map_file"": ""room-32-32-4.map"", ""pp_demote_rounds"": ""0"", ""pp_failed"": ""0"", ""pp_order"": ""traffic-last"", ""pp_plan_ms"": ""2.5"", ""pp_plan_soc"": ""1788"", ""pp_tl"": ""1"", ""pp_used"": ""1"", ""seed"": ""0"", ""soc"": ""1788"", ""soc_lb"": ""1493"", ""solved"": ""1"", ""solver"": ""planner"", ""sum_of_loss"": ""1709"", ""sum_of_loss_lb"": ""1493""}"
pp_guided_tl:traffic_tl,PP-guided (traffic-last) + traffic load in SIPP,room-32-32-4,room-32-32-4-random-3,200,0,30.0,solved,0.610722,0.542,12661,112,10519,4986,55,2.53931,0,,/home/carsten/Projects/MAPF/MAPF Evaluator/results/pptl-room-32-4/runs/pp_guided_tl_traffic_tl/room-32-32-4/room-32-32-4-random-3_a200_s0_r0,,,"{""agents"": ""200"", ""comp_time"": ""542"", ""first_ms"": ""541.7"", ""makespan"": ""112"", ""makespan_lb"": ""55"", ""map_file"": ""room-32-32-4.map"", ""pp_demote_rounds"": ""15"", ""pp_failed"": ""2"", ""pp_order"": ""traffic-last"", ""pp_plan_ms"": ""506.4"", ""pp_plan_soc"": ""12727"", ""pp_tl"": ""1"", ""pp_used"": ""0"", ""seed"": ""0"", ""soc"": ""12661"", ""soc_lb"": ""4986"", ""solved"": ""1"", ""solver"": ""planner"", ""sum_of_loss"": ""10896"", ""sum_of_loss_lb"": ""4986""}"
pp_guided_tl:traffic_tl,PP-guided (traffic-last) + traffic load in SIPP,room-32-32-4,room-32-32-4-random-4,50,1,30.0,solved,0.01722,0.004,1788,55,1699,1493,53,1.197589,0,,/home/carsten/Projects/MAPF/MAPF Evaluator/results/pptl-room-32-4/runs/pp_guided_tl_traffic_tl/room-32-32-4/room-32-32-4-random-4_a50_s1_r0,,,"{""agents"": ""50"", ""comp_time"": ""4"", ""first_ms"": ""4.2"", ""makespan"": ""55"", ""makespan_lb"": ""53"", ""map_file"": ""room-32-32-4.map"", ""pp_demote_rounds"": ""0"", ""pp_failed"": ""0"", ""pp_order"": ""traffic-last"", ""pp_plan_ms"": ""2.5"", ""pp_plan_soc"": ""1788"", ""pp_tl"": ""1"", ""pp_used"": ""1"", ""seed"": ""1"", ""soc"": ""1788"", ""soc_lb"": ""1493"", ""solved"": ""1"", ""solver"": ""planner"", ""sum_of_loss"": ""1709"", ""sum_of_loss_lb"": ""1493""}"
pp_guided_tl:traffic_tl,PP-guided (traffic-last) + traffic load in SIPP,room-32-32-4,room-32-32-4-random-3,200,1,30.0,solved,0.589001,0.534,12468,105,10274,4986,55,2.500602,0,,/home/carsten/Projects/MAPF/MAPF Evaluator/results/pptl-room-32-4/runs/pp_guided_tl_traffic_tl/room-32-32-4/room-32-32-4-random-3_a200_s1_r0,,,"{""agents"": ""200"", ""comp_time"": ""534"", ""first_ms"": ""533.7"", ""makespan"": ""105"", ""makespan_lb"": ""55"", ""map_file"": ""room-32-32-4.map"", ""pp_demote_rounds"": ""15"", ""pp_failed"": ""2"", ""pp_order"": ""traffic-last"", ""pp_plan_ms"": ""510.4"", ""pp_plan_soc"": ""12727"", ""pp_tl"": ""1"", ""pp_used"": ""0"", ""seed"": ""1"", ""soc"": ""12468"", ""soc_lb"": ""4986"", ""solved"": ""1"", ""solver"": ""planner"", ""sum_of_loss"": ""10606"", ""sum_of_loss_lb"": ""4986""}"
pp_guided_tl:traffic_tl,PP-guided (traffic-last) + traffic load in SIPP,room-32-32-4,room-32-32-4-random-4,50,2,30.0,solved,0.063888,0.004,1788,55,1699,1493,53,1.197589,0,,/home/carsten/Projects/MAPF/MAPF Evaluator/results/pptl-room-32-4/runs/pp_guided_tl_traffic_tl/room-32-32-4/room-32-32-4-random-4_a50_s2_r0,,,"{""agents"": ""50"", ""comp_time"": ""4"", ""first_ms"": ""4.2"", ""makespan"": ""55"", ""makespan_lb"": ""53"", ""map_file"": ""room-32-32-4.map"", ""pp_demote_rounds"": ""0"", ""pp_failed"": ""0"", ""pp_order"": ""traffic-last"", ""pp_plan_ms"": ""2.9"", ""pp_plan_soc"": ""1788"", ""pp_tl"": ""1"", ""pp_used"": ""1"", ""seed"": ""2"", ""soc"": ""1788"", ""soc_lb"": ""1493"", ""solved"": ""1"", ""solver"": ""planner"", ""sum_of_loss"": ""1709"", ""sum_of_loss_lb"": ""1493""}"
pp_guided_tl:traffic_tl,PP-guided (traffic-last) + traffic load in SIPP,room-32-32-4,room-32-32-4-random-3,200,2,30.0,solved,0.614023,0.549,11627,92,10010,4986,55,2.331929,0,,/home/carsten/Projects/MAPF/MAPF Evaluator/results/pptl-room-32-4/runs/pp_guided_tl_traffic_tl/room-32-32-4/room-32-32-4-random-3_a200_s2_r0,,,"{""agents"": ""200"", ""comp_time"": ""549"", ""first_ms"": ""549.3"", ""makespan"": ""92"", ""makespan_lb"": ""55"", ""map_file"": ""room-32-32-4.map"", ""pp_demote_rounds"": ""15"", ""pp_failed"": ""2"", ""pp_order"": ""traffic-last"", ""pp_plan_ms"": ""510.2"", ""pp_plan_soc"": ""12727"", ""pp_tl"": ""1"", ""pp_used"": ""0"", ""seed"": ""2"", ""soc"": ""11627"", ""soc_lb"": ""4986"", ""solved"": ""1"", ""solver"": ""planner"", ""sum_of_loss"": ""10309"", ""sum_of_loss_lb"": ""4986""}"
pp_guided_tl:shortest,PP-guided (shortest first),room-32-32-4,room-32-32-4-random-4,100,0,30.0,solved,0.064896,0.024,4009,106,3930,2610,53,1.536015,0,,/home/carsten/Projects/MAPF/MAPF Evaluator/results/pptl-room-32-4/runs/pp_guided_tl_shortest/room-32-32-4/room-32-32-4-random-4_a100_s0_r0,,,"{""agents"": ""100"", ""comp_time"": ""24"", ""first_ms"": ""24.0"", ""makespan"": ""106"", ""makespan_lb"": ""53"", ""map_file"": ""room-32-32-4.map"", ""pp_demote_rounds"": ""1"", ""pp_failed"": ""0"", ""pp_order"": ""shortest"", ""pp_plan_ms"": ""20.5"", ""pp_plan_soc"": ""4009"", ""pp_tl"": ""0"", ""pp_used"": ""1"", ""seed"": ""0"", ""soc"": ""4009"", ""soc_lb"": ""2610"", ""solved"": ""1"", ""solver"": ""planner"", ""sum_of_loss"": ""3939"", ""sum_of_loss_lb"": ""2610""}"
pp_guided_tl:shortest,PP-guided (shortest first),room-32-32-4,room-32-32-4-random-4,100,1,30.0,solved,0.05321,0.024,4009,106,3930,2610,53,1.536015,0,,/home/carsten/Projects/MAPF/MAPF Evaluator/results/pptl-room-32-4/runs/pp_guided_tl_shortest/room-32-32-4/room-32-32-4-random-4_a100_s1_r0,,,"{""agents"": ""100"", ""comp_time"": ""24"", ""first_ms"": ""24.0"", ""makespan"": ""106"", ""makespan_lb"": ""53"", ""map_file"": ""room-32-32-4.map"", ""pp_demote_rounds"": ""1"", ""pp_failed"": ""0"", ""pp_order"": ""shortest"", ""pp_plan_ms"": ""20.4"", ""pp_plan_soc"": ""4009"", ""pp_tl"": ""0"", ""pp_used"": ""1"", ""seed"": ""1"", ""soc"": ""4009"", ""soc_lb"": ""2610"", ""solved"": ""1"", ""solver"": ""planner"", ""sum_of_loss"": ""3939"", ""sum_of_loss_lb"": ""2610""}"
pp_guided_tl:shortest,PP-guided (shortest first),room-32-32-4,room-32-32-4-random-4,100,2,30.0,solved,0.055972,0.024,4009,106,3930,2610,53,1.536015,0,,/home/carsten/Projects/MAPF/MAPF Evaluator/results/pptl-room-32-4/runs/pp_guided_tl_shortest/room-32-32-4/room-32-32-4-random-4_a100_s2_r0,,,"{""agents"": ""100"", ""comp_time"": ""24"", ""first_ms"": ""23.9"", ""makespan"": ""106"", ""makespan_lb"": ""53"", ""map_file"": ""room-32-32-4.map"", ""pp_demote_rounds"": ""1"", ""pp_failed"": ""0"", ""pp_order"": ""shortest"", ""pp_plan_ms"": ""20.5"", ""pp_plan_soc"": ""4009"", ""pp_tl"": ""0"", ""pp_used"": ""1"", ""seed"": ""2"", ""soc"": ""4009"", ""soc_lb"": ""2610"", ""solved"": ""1"", ""solver"": ""planner"", ""sum_of_loss"": ""3939"", ""sum_of_loss_lb"": ""2610""}"
pp_guided_tl:shortest_tl,PP-guided (shortest first) + traffic load in SIPP,room-32-32-4,room-32-32-4-random-4,100,0,30.0,solved,0.065586,0.025,4004,99,3916,2610,53,1.5341,0,,/home/carsten/Projects/MAPF/MAPF Evaluator/results/pptl-room-32-4/runs/pp_guided_tl_shortest_tl/room-32-32-4/room-32-32-4-random-4_a100_s0_r0,,,"{""agents"": ""100"", ""comp_time"": ""25"", ""first_ms"": ""24.9"", ""makespan"": ""99"", ""makespan_lb"": ""53"", ""map_file"": ""room-32-32-4.map"", ""pp_demote_rounds"": ""1"", ""pp_failed"": ""0"", ""pp_order"": ""shortest"", ""pp_plan_ms"": ""21.5"", ""pp_plan_soc"": ""4004"", ""pp_tl"": ""1"", ""pp_used"": ""1"", ""seed"": ""0"", ""soc"": ""4004"", ""soc_lb"": ""2610"", ""solved"": ""1"", ""solver"": ""planner"", ""sum_of_loss"": ""3926"", ""sum_of_loss_lb"": ""2610""}"
pp_guided_tl:shortest_tl,PP-guided (shortest first) + traffic load in SIPP,room-32-32-4,room-32-32-4-random-4,100,1,30.0,solved,0.044703,0.025,4004,99,3916,2610,53,1.5341,0,,/home/carsten/Projects/MAPF/MAPF Evaluator/results/pptl-room-32-4/runs/pp_guided_tl_shortest_tl/room-32-32-4/room-32-32-4-random-4_a100_s1_r0,,,"{""agents"": ""100"", ""comp_time"": ""25"", ""first_ms"": ""24.8"", ""makespan"": ""99"", ""makespan_lb"": ""53"", ""map_file"": ""room-32-32-4.map"", ""pp_demote_rounds"": ""1"", ""pp_failed"": ""0"", ""pp_order"": ""shortest"", ""pp_plan_ms"": ""21.6"", ""pp_plan_soc"": ""4004"", ""pp_tl"": ""1"", ""pp_used"": ""1"", ""seed"": ""1"", ""soc"": ""4004"", ""soc_lb"": ""2610"", ""solved"": ""1"", ""solver"": ""planner"", ""sum_of_loss"": ""3926"", ""sum_of_loss_lb"": ""2610""}"
pp_guided_tl:traffic,PP-guided (traffic-last),room-32-32-4,room-32-32-4-random-4,100,0,30.0,solved,0.044752,0.009,3649,58,3407,2610,53,1.398084,0,,/home/carsten/Projects/MAPF/MAPF Evaluator/results/pptl-room-32-4/runs/pp_guided_tl_traffic/room-32-32-4/room-32-32-4-random-4_a100_s0_r0,,,"{""agents"": ""100"", ""comp_time"": ""9"", ""first_ms"": ""9.3"", ""makespan"": ""58"", ""makespan_lb"": ""53"", ""map_file"": ""room-32-32-4.map"", ""pp_demote_rounds"": ""0"", ""pp_failed"": ""0"", ""pp_order"": ""traffic-last"", ""pp_plan_ms"": ""6.0"", ""pp_plan_soc"": ""3649"", ""pp_tl"": ""0"", ""pp_used"": ""1"", ""seed"": ""0"", ""soc"": ""3649"", ""soc_lb"": ""2610"", ""solved"": ""1"", ""solver"": ""planner"", ""sum_of_loss"": ""3435"", ""sum_of_loss_lb"": ""2610""}"
pp_guided_tl:shortest_tl,PP-guided (shortest first) + traffic load in SIPP,room-32-32-4,room-32-32-4-random-4,100,2,30.0,solved,0.098441,0.026,4004,99,3916,2610,53,1.5341,0,,/home/carsten/Projects/MAPF/MAPF Evaluator/results/pptl-room-32-4/runs/pp_guided_tl_shortest_tl/room-32-32-4/room-32-32-4-random-4_a100_s2_r0,,,"{""agents"": ""100"", ""comp_time"": ""26"", ""first_ms"": ""26.0"", ""makespan"": ""99"", ""makespan_lb"": ""53"", ""map_file"": ""room-32-32-4.map"", ""pp_demote_rounds"": ""1"", ""pp_failed"": ""0"", ""pp_order"": ""shortest"", ""pp_plan_ms"": ""22.1"", ""pp_plan_soc"": ""4004"", ""pp_tl"": ""1"", ""pp_used"": ""1"", ""seed"": ""2"", ""soc"": ""4004"", ""soc_lb"": ""2610"", ""solved"": ""1"", ""solver"": ""planner"", ""sum_of_loss"": ""3926"", ""sum_of_loss_lb"": ""2610""}"
pp_guided_tl:traffic,PP-guided (traffic-last),room-32-32-4,room-32-32-4-random-4,100,2,30.0,solved,0.038712,0.009,3649,58,3407,2610,53,1.398084,0,,/home/carsten/Projects/MAPF/MAPF Evaluator/results/pptl-room-32-4/runs/pp_guided_tl_traffic/room-32-32-4/room-32-32-4-random-4_a100_s2_r0,,,"{""agents"": ""100"", ""comp_time"": ""9"", ""first_ms"": ""9.3"", ""makespan"": ""58"", ""makespan_lb"": ""53"", ""map_file"": ""room-32-32-4.map"", ""pp_demote_rounds"": ""0"", ""pp_failed"": ""0"", ""pp_order"": ""traffic-last"", ""pp_plan_ms"": ""6.0"", ""pp_plan_soc"": ""3649"", ""pp_tl"": ""0"", ""pp_used"": ""1"", ""seed"": ""2"", ""soc"": ""3649"", ""soc_lb"": ""2610"", ""solved"": ""1"", ""solver"": ""planner"", ""sum_of_loss"": ""3435"", ""sum_of_loss_lb"": ""2610""}"
pp_guided_tl:traffic,PP-guided (traffic-last),room-32-32-4,room-32-32-4-random-4,100,1,30.0,solved,0.052991,0.009,3649,58,3407,2610,53,1.398084,0,,/home/carsten/Projects/MAPF/MAPF Evaluator/results/pptl-room-32-4/runs/pp_guided_tl_traffic/room-32-32-4/room-32-32-4-random-4_a100_s1_r0,,,"{""agents"": ""100"", ""comp_time"": ""9"", ""first_ms"": ""9.3"", ""makespan"": ""58"", ""makespan_lb"": ""53"", ""map_file"": ""room-32-32-4.map"", ""pp_demote_rounds"": ""0"", ""pp_failed"": ""0"", ""pp_order"": ""traffic-last"", ""pp_plan_ms"": ""6.1"", ""pp_plan_soc"": ""3649"", ""pp_tl"": ""0"", ""pp_used"": ""1"", ""seed"": ""1"", ""soc"": ""3649"", ""soc_lb"": ""2610"", ""solved"": ""1"", ""solver"": ""planner"", ""sum_of_loss"": ""3435"", ""sum_of_loss_lb"": ""2610""}"
pp_guided_tl:traffic_tl,PP-guided (traffic-last) + traffic load in SIPP,room-32-32-4,room-32-32-4-random-4,100,1,30.0,solved,0.06617,0.01,3626,59,3406,2610,53,1.389272,0,,/home/carsten/Projects/MAPF/MAPF Evaluator/results/pptl-room-32-4/runs/pp_guided_tl_traffic_tl/room-32-32-4/room-32-32-4-random-4_a100_s1_r0,,,"{""agents"": ""100"", ""comp_time"": ""10"", ""first_ms"": ""10.3"", ""makespan"": ""59"", ""makespan_lb"": ""53"", ""map_file"": ""room-32-32-4.map"", ""pp_demote_rounds"": ""0"", ""pp_failed"": ""0"", ""pp_order"": ""traffic-last"", ""pp_plan_ms"": ""6.8"", ""pp_plan_soc"": ""3626"", ""pp_tl"": ""1"", ""pp_used"": ""1"", ""seed"": ""1"", ""soc"": ""3626"", ""soc_lb"": ""2610"", ""solved"": ""1"", ""solver"": ""planner"", ""sum_of_loss"": ""3431"", ""sum_of_loss_lb"": ""2610""}"
pp_guided_tl:traffic_tl,PP-guided (traffic-last) + traffic load in SIPP,room-32-32-4,room-32-32-4-random-4,100,0,30.0,solved,0.077074,0.01,3626,59,3406,2610,53,1.389272,0,,/home/carsten/Projects/MAPF/MAPF Evaluator/results/pptl-room-32-4/runs/pp_guided_tl_traffic_tl/room-32-32-4/room-32-32-4-random-4_a100_s0_r0,,,"{""agents"": ""100"", ""comp_time"": ""10"", ""first_ms"": ""10.2"", ""makespan"": ""59"", ""makespan_lb"": ""53"", ""map_file"": ""room-32-32-4.map"", ""pp_demote_rounds"": ""0"", ""pp_failed"": ""0"", ""pp_order"": ""traffic-last"", ""pp_plan_ms"": ""6.8"", ""pp_plan_soc"": ""3626"", ""pp_tl"": ""1"", ""pp_used"": ""1"", ""seed"": ""0"", ""soc"": ""3626"", ""soc_lb"": ""2610"", ""solved"": ""1"", ""solver"": ""planner"", ""sum_of_loss"": ""3431"", ""sum_of_loss_lb"": ""2610""}"
pp_guided_tl:traffic_tl,PP-guided (traffic-last) + traffic load in SIPP,room-32-32-4,room-32-32-4-random-4,100,2,30.0,solved,0.039278,0.01,3626,59,3406,2610,53,1.389272,0,,/home/carsten/Projects/MAPF/MAPF Evaluator/results/pptl-room-32-4/runs/pp_guided_tl_traffic_tl/room-32-32-4/room-32-32-4-random-4_a100_s2_r0,,,"{""agents"": ""100"", ""comp_time"": ""10"", ""first_ms"": ""10.3"", ""makespan"": ""59"", ""makespan_lb"": ""53"", ""map_file"": ""room-32-32-4.map"", ""pp_demote_rounds"": ""0"", ""pp_failed"": ""0"", ""pp_order"": ""traffic-last"", ""pp_plan_ms"": ""6.9"", ""pp_plan_soc"": ""3626"", ""pp_tl"": ""1"", ""pp_used"": ""1"", ""seed"": ""2"", ""soc"": ""3626"", ""soc_lb"": ""2610"", ""solved"": ""1"", ""solver"": ""planner"", ""sum_of_loss"": ""3431"", ""sum_of_loss_lb"": ""2610""}"
pp_guided_tl:shortest,PP-guided (shortest first),room-32-32-4,room-32-32-4-random-4,150,0,30.0,solved,0.225475,0.167,8366,111,7651,3780,53,2.213228,0,,/home/carsten/Projects/MAPF/MAPF Evaluator/results/pptl-room-32-4/runs/pp_guided_tl_shortest/room-32-32-4/room-32-32-4-random-4_a150_s0_r0,,,"{""agents"": ""150"", ""comp_time"": ""167"", ""first_ms"": ""166.7"", ""makespan"": ""111"", ""makespan_lb"": ""53"", ""map_file"": ""room-32-32-4.map"", ""pp_demote_rounds"": ""8"", ""pp_failed"": ""0"", ""pp_order"": ""shortest"", ""pp_plan_ms"": ""161.2"", ""pp_plan_soc"": ""8366"", ""pp_tl"": ""0"", ""pp_used"": ""1"", ""seed"": ""0"", ""soc"": ""8366"", ""soc_lb"": ""3780"", ""solved"": ""1"", ""solver"": ""planner"", ""sum_of_loss"": ""7691"", ""sum_of_loss_lb"": ""3780""}"
pp_guided_tl:shortest,PP-guided (shortest first),room-32-32-4,room-32-32-4-random-4,150,1,30.0,solved,0.266732,0.169,8366,111,7651,3780,53,2.213228,0,,/home/carsten/Projects/MAPF/MAPF Evaluator/results/pptl-room-32-4/runs/pp_guided_tl_shortest/room-32-32-4/room-32-32-4-random-4_a150_s1_r0,,,"{""agents"": ""150"", ""comp_time"": ""169"", ""first_ms"": ""169.0"", ""makespan"": ""111"", ""makespan_lb"": ""53"", ""map_file"": ""room-32-32-4.map"", ""pp_demote_rounds"": ""8"", ""pp_failed"": ""0"", ""pp_order"": ""shortest"", ""pp_plan_ms"": ""162.7"", ""pp_plan_soc"": ""8366"", ""pp_tl"": ""0"", ""pp_used"": ""1"", ""seed"": ""1"", ""soc"": ""8366"", ""soc_lb"": ""3780"", ""solved"": ""1"", ""solver"": ""planner"", ""sum_of_loss"": ""7691"", ""sum_of_loss_lb"": ""3780""}"
pp_guided_tl:shortest,PP-guided (shortest first),room-32-32-4,room-32-32-4-random-4,150,2,30.0,solved,0.197649,0.171,8366,111,7651,3780,53,2.213228,0,,/home/carsten/Projects/MAPF/MAPF Evaluator/results/pptl-room-32-4/runs/pp_guided_tl_shortest/room-32-32-4/room-32-32-4-random-4_a150_s2_r0,,,"{""agents"": ""150"", ""comp_time"": ""171"", ""first_ms"": ""170.2"", ""makespan"": ""111"", ""makespan_lb"": ""53"", ""map_file"": ""room-32-32-4.map"", ""pp_demote_rounds"": ""8"", ""pp_failed"": ""0"", ""pp_order"": ""shortest"", ""pp_plan_ms"": ""164.3"", ""pp_plan_soc"": ""8366"", ""pp_tl"": ""0"", ""pp_used"": ""1"", ""seed"": ""2"", ""soc"": ""8366"", ""soc_lb"": ""3780"", ""solved"": ""1"", ""solver"": ""planner"", ""sum_of_loss"": ""7691"", ""sum_of_loss_lb"": ""3780""}"
pp_guided_tl:shortest_tl,PP-guided (shortest first) + traffic load in SIPP,room-32-32-4,room-32-32-4-random-4,150,0,30.0,solved,0.285333,0.25,8196,137,7693,3780,53,2.168254,0,,/home/carsten/Projects/MAPF/MAPF Evaluator/results/pptl-room-32-4/runs/pp_guided_tl_shortest_tl/room-32-32-4/room-32-32-4-random-4_a150_s0_r0,,,"{""agents"": ""150"", ""comp_time"": ""250"", ""first_ms"": ""249.6"", ""makespan"": ""137"", ""makespan_lb"": ""53"", ""map_file"": ""room-32-32-4.map"", ""pp_demote_rounds"": ""12"", ""pp_failed"": ""0"", ""pp_order"": ""shortest"", ""pp_plan_ms"": ""242.8"", ""pp_plan_soc"": ""8196"", ""pp_tl"": ""1"", ""pp_used"": ""1"", ""seed"": ""0"", ""soc"": ""8196"", ""soc_lb"": ""3780"", ""solved"": ""1"", ""solver"": ""planner"", ""sum_of_loss"": ""7726"", ""sum_of_loss_lb"": ""3780""}"
pp_guided_tl:traffic,PP-guided (traffic-last),room-32-32-4,room-32-32-4-random-4,150,0,30.0,solved,0.110201,0.057,6283,77,5896,3780,53,1.662169,0,,/home/carsten/Projects/MAPF/MAPF Evaluator/results/pptl-room-32-4/runs/pp_guided_tl_traffic/room-32-32-4/room-32-32-4-random-4_a150_s0_r0,,,"{""agents"": ""150"", ""comp_time"": ""57"", ""first_ms"": ""57.0"", ""makespan"": ""77"", ""makespan_lb"": ""53"", ""map_file"": ""room-32-32-4.map"", ""pp_demote_rounds"": ""4"", ""pp_failed"": ""0"", ""pp_order"": ""traffic-last"", ""pp_plan_ms"": ""51.9"", ""pp_plan_soc"": ""6283"", ""pp_tl"": ""0"", ""pp_used"": ""1"", ""seed"": ""0"", ""soc"": ""6283"", ""soc_lb"": ""3780"", ""solved"": ""1"", ""solver"": ""planner"", ""sum_of_loss"": ""5947"", ""sum_of_loss_lb"": ""3780""}"
pp_guided_tl:traffic,PP-guided (traffic-last),room-32-32-4,room-32-32-4-random-4,150,1,30.0,solved,0.072821,0.057,6283,77,5896,3780,53,1.662169,0,,/home/carsten/Projects/MAPF/MAPF Evaluator/results/pptl-room-32-4/runs/pp_guided_tl_traffic/room-32-32-4/room-32-32-4-random-4_a150_s1_r0,,,"{""agents"": ""150"", ""comp_time"": ""57"", ""first_ms"": ""57.1"", ""makespan"": ""77"", ""makespan_lb"": ""53"", ""map_file"": ""room-32-32-4.map"", ""pp_demote_rounds"": ""4"", ""pp_failed"": ""0"", ""pp_order"": ""traffic-last"", ""pp_plan_ms"": ""51.5"", ""pp_plan_soc"": ""6283"", ""pp_tl"": ""0"", ""pp_used"": ""1"", ""seed"": ""1"", ""soc"": ""6283"", ""soc_lb"": ""3780"", ""solved"": ""1"", ""solver"": ""planner"", ""sum_of_loss"": ""5947"", ""sum_of_loss_lb"": ""3780""}"
pp_guided_tl:shortest_tl,PP-guided (shortest first) + traffic load in SIPP,room-32-32-4,room-32-32-4-random-4,150,1,30.0,solved,0.299456,0.246,8196,137,7693,3780,53,2.168254,0,,/home/carsten/Projects/MAPF/MAPF Evaluator/results/pptl-room-32-4/runs/pp_guided_tl_shortest_tl/room-32-32-4/room-32-32-4-random-4_a150_s1_r0,,,"{""agents"": ""150"", ""comp_time"": ""246"", ""first_ms"": ""246.4"", ""makespan"": ""137"", ""makespan_lb"": ""53"", ""map_file"": ""room-32-32-4.map"", ""pp_demote_rounds"": ""12"", ""pp_failed"": ""0"", ""pp_order"": ""shortest"", ""pp_plan_ms"": ""239.2"", ""pp_plan_soc"": ""8196"", ""pp_tl"": ""1"", ""pp_used"": ""1"", ""seed"": ""1"", ""soc"": ""8196"", ""soc_lb"": ""3780"", ""solved"": ""1"", ""solver"": ""planner"", ""sum_of_loss"": ""7726"", ""sum_of_loss_lb"": ""3780""}"
pp_guided_tl:traffic,PP-guided (traffic-last),room-32-32-4,room-32-32-4-random-4,150,2,30.0,solved,0.101254,0.056,6283,77,5896,3780,53,1.662169,0,,/home/carsten/Projects/MAPF/MAPF Evaluator/results/pptl-room-32-4/runs/pp_guided_tl_traffic/room-32-32-4/room-32-32-4-random-4_a150_s2_r0,,,"{""agents"": ""150"", ""comp_time"": ""56"", ""first_ms"": ""56.0"", ""makespan"": ""77"", ""makespan_lb"": ""53"", ""map_file"": ""room-32-32-4.map"", ""pp_demote_rounds"": ""4"", ""pp_failed"": ""0"", ""pp_order"": ""traffic-last"", ""pp_plan_ms"": ""51.2"", ""pp_plan_soc"": ""6283"", ""pp_tl"": ""0"", ""pp_used"": ""1"", ""seed"": ""2"", ""soc"": ""6283"", ""soc_lb"": ""3780"", ""solved"": ""1"", ""solver"": ""planner"", ""sum_of_loss"": ""5947"", ""sum_of_loss_lb"": ""3780""}"
pp_guided_tl:shortest_tl,PP-guided (shortest first) + traffic load in SIPP,room-32-32-4,room-32-32-4-random-4,150,2,30.0,solved,0.350354,0.248,8196,137,7693,3780,53,2.168254,0,,/home/carsten/Projects/MAPF/MAPF Evaluator/results/pptl-room-32-4/runs/pp_guided_tl_shortest_tl/room-32-32-4/room-32-32-4-random-4_a150_s2_r0,,,"{""agents"": ""150"", ""comp_time"": ""248"", ""first_ms"": ""247.3"", ""makespan"": ""137"", ""makespan_lb"": ""53"", ""map_file"": ""room-32-32-4.map"", ""pp_demote_rounds"": ""12"", ""pp_failed"": ""0"", ""pp_order"": ""shortest"", ""pp_plan_ms"": ""241.0"", ""pp_plan_soc"": ""8196"", ""pp_tl"": ""1"", ""pp_used"": ""1"", ""seed"": ""2"", ""soc"": ""8196"", ""soc_lb"": ""3780"", ""solved"": ""1"", ""solver"": ""planner"", ""sum_of_loss"": ""7726"", ""sum_of_loss_lb"": ""3780""}"
pp_guided_tl:traffic_tl,PP-guided (traffic-last) + traffic load in SIPP,room-32-32-4,room-32-32-4-random-4,150,0,30.0,solved,0.147318,0.095,6833,98,6385,3780,53,1.807672,0,,/home/carsten/Projects/MAPF/MAPF Evaluator/results/pptl-room-32-4/runs/pp_guided_tl_traffic_tl/room-32-32-4/room-32-32-4-random-4_a150_s0_r0,,,"{""agents"": ""150"", ""comp_time"": ""95"", ""first_ms"": ""94.5"", ""makespan"": ""98"", ""makespan_lb"": ""53"", ""map_file"": ""room-32-32-4.map"", ""pp_demote_rounds"": ""5"", ""pp_failed"": ""0"", ""pp_order"": ""traffic-last"", ""pp_plan_ms"": ""88.7"", ""pp_plan_soc"": ""6833"", ""pp_tl"": ""1"", ""pp_used"": ""1"", ""seed"": ""0"", ""soc"": ""6833"", ""soc_lb"": ""3780"", ""solved"": ""1"", ""solver"": ""planner"", ""sum_of_loss"": ""6427"", ""sum_of_loss_lb"": ""3780""}"
pp_guided_tl:traffic_tl,PP-guided (traffic-last) + traffic load in SIPP,room-32-32-4,room-32-32-4-random-4,150,1,30.0,solved,0.164608,0.093,6833,98,6385,3780,53,1.807672,0,,/home/carsten/Projects/MAPF/MAPF Evaluator/results/pptl-room-32-4/runs/pp_guided_tl_traffic_tl/room-32-32-4/room-32-32-4-random-4_a150_s1_r0,,,"{""agents"": ""150"", ""comp_time"": ""93"", ""first_ms"": ""93.6"", ""makespan"": ""98"", ""makespan_lb"": ""53"", ""map_file"": ""room-32-32-4.map"", ""pp_demote_rounds"": ""5"", ""pp_failed"": ""0"", ""pp_order"": ""traffic-last"", ""pp_plan_ms"": ""87.1"", ""pp_plan_soc"": ""6833"", ""pp_tl"": ""1"", ""pp_used"": ""1"", ""seed"": ""1"", ""soc"": ""6833"", ""soc_lb"": ""3780"", ""solved"": ""1"", ""solver"": ""planner"", ""sum_of_loss"": ""6427"", ""sum_of_loss_lb"": ""3780""}"
pp_guided_tl:traffic_tl,PP-guided (traffic-last) + traffic load in SIPP,room-32-32-4,room-32-32-4-random-4,150,2,30.0,solved,0.132752,0.094,6833,98,6385,3780,53,1.807672,0,,/home/carsten/Projects/MAPF/MAPF Evaluator/results/pptl-room-32-4/runs/pp_guided_tl_traffic_tl/room-32-32-4/room-32-32-4-random-4_a150_s2_r0,,,"{""agents"": ""150"", ""comp_time"": ""94"", ""first_ms"": ""93.4"", ""makespan"": ""98"", ""makespan_lb"": ""53"", ""map_file"": ""room-32-32-4.map"", ""pp_demote_rounds"": ""5"", ""pp_failed"": ""0"", ""pp_order"": ""traffic-last"", ""pp_plan_ms"": ""88.0"", ""pp_plan_soc"": ""6833"", ""pp_tl"": ""1"", ""pp_used"": ""1"", ""seed"": ""2"", ""soc"": ""6833"", ""soc_lb"": ""3780"", ""solved"": ""1"", ""solver"": ""planner"", ""sum_of_loss"": ""6427"", ""sum_of_loss_lb"": ""3780""}"
pp_guided_tl:shortest,PP-guided (shortest first),room-32-32-4,room-32-32-4-random-4,200,0,30.0,solved,0.63714,0.599,12328,99,10778,5209,53,2.366673,0,,/home/carsten/Projects/MAPF/MAPF Evaluator/results/pptl-room-32-4/runs/pp_guided_tl_shortest/room-32-32-4/room-32-32-4-random-4_a200_s0_r0,,,"{""agents"": ""200"", ""comp_time"": ""599"", ""first_ms"": ""599.4"", ""makespan"": ""99"", ""makespan_lb"": ""53"", ""map_file"": ""room-32-32-4.map"", ""pp_demote_rounds"": ""15"", ""pp_failed"": ""22"", ""pp_order"": ""shortest"", ""pp_plan_ms"": ""565.6"", ""pp_plan_soc"": ""15713"", ""pp_tl"": ""0"", ""pp_used"": ""0"", ""seed"": ""0"", ""soc"": ""12328"", ""soc_lb"": ""5209"", ""solved"": ""1"", ""solver"": ""planner"", ""sum_of_loss"": ""11082"", ""sum_of_loss_lb"": ""5209""}"
pp_guided_tl:shortest,PP-guided (shortest first),room-32-32-4,room-32-32-4-random-4,200,1,30.0,solved,0.644653,0.593,12287,87,10556,5209,53,2.358802,0,,/home/carsten/Projects/MAPF/MAPF Evaluator/results/pptl-room-32-4/runs/pp_guided_tl_shortest/room-32-32-4/room-32-32-4-random-4_a200_s1_r0,,,"{""agents"": ""200"", ""comp_time"": ""593"", ""first_ms"": ""592.1"", ""makespan"": ""87"", ""makespan_lb"": ""53"", ""map_file"": ""room-32-32-4.map"", ""pp_demote_rounds"": ""15"", ""pp_failed"": ""22"", ""pp_order"": ""shortest"", ""pp_plan_ms"": ""573.1"", ""pp_plan_soc"": ""15713"", ""pp_tl"": ""0"", ""pp_used"": ""0"", ""seed"": ""1"", ""soc"": ""12287"", ""soc_lb"": ""5209"", ""solved"": ""1"", ""solver"": ""planner"", ""sum_of_loss"": ""10884"", ""sum_of_loss_lb"": ""5209""}"
pp_guided_tl:shortest,PP-guided (shortest first),room-32-32-4,room-32-32-4-random-4,200,2,30.0,solved,0.622766,0.598,12341,96,10632,5209,53,2.369169,0,,/home/carsten/Projects/MAPF/MAPF Evaluator/results/pptl-room-32-4/runs/pp_guided_tl_shortest/room-32-32-4/room-32-32-4-random-4_a200_s2_r0,,,"{""agents"": ""200"", ""comp_time"": ""598"", ""first_ms"": ""598.1"", ""makespan"": ""96"", ""makespan_lb"": ""53"", ""map_file"": ""room-32-32-4.map"", ""pp_demote_rounds"": ""15"", ""pp_failed"": ""22"", ""pp_order"": ""shortest"", ""pp_plan_ms"": ""571.9"", ""pp_plan_soc"": ""15713"", ""pp_tl"": ""0"", ""pp_used"": ""0"", ""seed"": ""2"", ""soc"": ""12341"", ""soc_lb"": ""5209"", ""solved"": ""1"", ""solver"": ""planner"", ""sum_of_loss"": ""10969"", ""sum_of_loss_lb"": ""5209""}"
pp_guided_tl:shortest_tl,PP-guided (shortest first) + traffic load in SIPP,room-32-32-4,room-32-32-4-random-4,200,0,30.0,solved,0.74808,0.7,12328,99,10778,5209,53,2.366673,0,,/home/carsten/Projects/MAPF/MAPF Evaluator/results/pptl-room-32-4/runs/pp_guided_tl_shortest_tl/room-32-32-4/room-32-32-4-random-4_a200_s0_r0,,,"{""agents"": ""200"", ""comp_time"": ""700"", ""first_ms"": ""699.4"", ""makespan"": ""99"", ""makespan_lb"": ""53"", ""map_file"": ""room-32-32-4.map"", ""pp_demote_rounds"": ""15"", ""pp_failed"": ""10"", ""pp_order"": ""shortest"", ""pp_plan_ms"": ""665.0"", ""pp_plan_soc"": ""18632"", ""pp_tl"": ""1"", ""pp_used"": ""0"", ""seed"": ""0"", ""soc"": ""12328"", ""soc_lb"": ""5209"", ""solved"": ""1"", ""solver"": ""planner"", ""sum_of_loss"": ""11082"", ""sum_of_loss_lb"": ""5209""}"
pp_guided_tl:traffic,PP-guided (traffic-last),room-32-32-4,room-32-32-4-random-4,200,0,30.0,solved,0.472188,0.428,12328,99,10778,5209,53,2.366673,0,,/home/carsten/Projects/MAPF/MAPF Evaluator/results/pptl-room-32-4/runs/pp_guided_tl_traffic/room-32-32-4/room-32-32-4-random-4_a200_s0_r0,,,"{""agents"": ""200"", ""comp_time"": ""428"", ""first_ms"": ""427.8"", ""makespan"": ""99"", ""makespan_lb"": ""53"", ""map_file"": ""room-32-32-4.map"", ""pp_demote_rounds"": ""15"", ""pp_failed"": ""5"", ""pp_order"": ""traffic-last"", ""pp_plan_ms"": ""393.9"", ""pp_plan_soc"": ""13297"", ""pp_tl"": ""0"", ""pp_used"": ""0"", ""seed"": ""0"", ""soc"": ""12328"", ""soc_lb"": ""5209"", ""solved"": ""1"", ""solver"": ""planner"", ""sum_of_loss"": ""11082"", ""sum_of_loss_lb"": ""5209""}"
pp_guided_tl:traffic,PP-guided (traffic-last),room-32-32-4,room-32-32-4-random-4,200,1,30.0,solved,0.424086,0.412,12287,87,10556,5209,53,2.358802,0,,/home/carsten/Projects/MAPF/MAPF Evaluator/results/pptl-room-32-4/runs/pp_guided_tl_traffic/room-32-32-4/room-32-32-4-random-4_a200_s1_r0,,,"{""agents"": ""200"", ""comp_time"": ""412"", ""first_ms"": ""411.8"", ""makespan"": ""87"", ""makespan_lb"": ""53"", ""map_file"": ""room-32-32-4.map"", ""pp_demote_rounds"": ""15"", ""pp_failed"": ""5"", ""pp_order"": ""traffic-last"", ""pp_plan_ms"": ""392.9"", ""pp_plan_soc"": ""13297"", ""pp_tl"": ""0"", ""pp_used"": ""0"", ""seed"": ""1"", ""soc"": ""12287"", ""soc_lb"": ""5209"", ""solved"": ""1"", ""solver"": ""planner"", ""sum_of_loss"": ""10884"", ""sum_of_loss_lb"": ""5209""}"
pp_guided_tl:shortest_tl,PP-guided (shortest first) + traffic load in SIPP,room-32-32-4,room-32-32-4-random-4,200,1,30.0,solved,0.77009,0.689,12287,87,10556,5209,53,2.358802,0,,/home/carsten/Projects/MAPF/MAPF Evaluator/results/pptl-room-32-4/runs/pp_guided_tl_shortest_tl/room-32-32-4/room-32-32-4-random-4_a200_s1_r0,,,"{""agents"": ""200"", ""comp_time"": ""689"", ""first_ms"": ""688.6"", ""makespan"": ""87"", ""makespan_lb"": ""53"", ""map_file"": ""room-32-32-4.map"", ""pp_demote_rounds"": ""15"", ""pp_failed"": ""10"", ""pp_order"": ""shortest"", ""pp_plan_ms"": ""669.5"", ""pp_plan_soc"": ""18632"", ""pp_tl"": ""1"", ""pp_used"": ""0"", ""seed"": ""1"", ""soc"": ""12287"", ""soc_lb"": ""5209"", ""solved"": ""1"", ""solver"": ""planner"", ""sum_of_loss"": ""10884"", ""sum_of_loss_lb"": ""5209""}"
pp_guided_tl:shortest_tl,PP-guided (shortest first) + traffic load in SIPP,room-32-32-4,room-32-32-4-random-4,200,2,30.0,solved,0.759926,0.696,12341,96,10632,5209,53,2.369169,0,,/home/carsten/Projects/MAPF/MAPF Evaluator/results/pptl-room-32-4/runs/pp_guided_tl_shortest_tl/room-32-32-4/room-32-32-4-random-4_a200_s2_r0,,,"{""agents"": ""200"", ""comp_time"": ""696"", ""first_ms"": ""696.0"", ""makespan"": ""96"", ""makespan_lb"": ""53"", ""map_file"": ""room-32-32-4.map"", ""pp_demote_rounds"": ""15"", ""pp_failed"": ""10"", ""pp_order"": ""shortest"", ""pp_plan_ms"": ""670.3"", ""pp_plan_soc"": ""18632"", ""pp_tl"": ""1"", ""pp_used"": ""0"", ""seed"": ""2"", ""soc"": ""12341"", ""soc_lb"": ""5209"", ""solved"": ""1"", ""solver"": ""planner"", ""sum_of_loss"": ""10969"", ""sum_of_loss_lb"": ""5209""}"
pp_guided_tl:traffic,PP-guided (traffic-last),room-32-32-4,room-32-32-4-random-4,200,2,30.0,solved,0.457443,0.414,12341,96,10632,5209,53,2.369169,0,,/home/carsten/Projects/MAPF/MAPF Evaluator/results/pptl-room-32-4/runs/pp_guided_tl_traffic/room-32-32-4/room-32-32-4-random-4_a200_s2_r0,,,"{""agents"": ""200"", ""comp_time"": ""414"", ""first_ms"": ""413.8"", ""makespan"": ""96"", ""makespan_lb"": ""53"", ""map_file"": ""room-32-32-4.map"", ""pp_demote_rounds"": ""15"", ""pp_failed"": ""5"", ""pp_order"": ""traffic-last"", ""pp_plan_ms"": ""388.1"", ""pp_plan_soc"": ""13297"", ""pp_tl"": ""0"", ""pp_used"": ""0"", ""seed"": ""2"", ""soc"": ""12341"", ""soc_lb"": ""5209"", ""solved"": ""1"", ""solver"": ""planner"", ""sum_of_loss"": ""10969"", ""sum_of_loss_lb"": ""5209""}"
pp_guided_tl:shortest,PP-guided (shortest first),room-32-32-4,room-32-32-4-random-5,50,0,30.0,solved,0.015432,0.005,1473,56,1454,1285,50,1.146304,0,,/home/carsten/Projects/MAPF/MAPF Evaluator/results/pptl-room-32-4/runs/pp_guided_tl_shortest/room-32-32-4/room-32-32-4-random-5_a50_s0_r0,,,"{""agents"": ""50"", ""comp_time"": ""5"", ""first_ms"": ""5.2"", ""makespan"": ""56"", ""makespan_lb"": ""50"", ""map_file"": ""room-32-32-4.map"", ""pp_demote_rounds"": ""1"", ""pp_failed"": ""0"", ""pp_order"": ""shortest"", ""pp_plan_ms"": ""4.0"", ""pp_plan_soc"": ""1473"", ""pp_tl"": ""0"", ""pp_used"": ""1"", ""seed"": ""0"", ""soc"": ""1473"", ""soc_lb"": ""1285"", ""solved"": ""1"", ""solver"": ""planner"", ""sum_of_loss"": ""1456"", ""sum_of_loss_lb"": ""1285""}"
pp_guided_tl:shortest,PP-guided (shortest first),room-32-32-4,room-32-32-4-random-5,50,1,30.0,solved,0.015407,0.005,1473,56,1454,1285,50,1.146304,0,,/home/carsten/Projects/MAPF/MAPF Evaluator/results/pptl-room-32-4/runs/pp_guided_tl_shortest/room-32-32-4/room-32-32-4-random-5_a50_s1_r0,,,"{""agents"": ""50"", ""comp_time"": ""5"", ""first_ms"": ""5.2"", ""makespan"": ""56"", ""makespan_lb"": ""50"", ""map_file"": ""room-32-32-4.map"", ""pp_demote_rounds"": ""1"", ""pp_failed"": ""0"", ""pp_order"": ""shortest"", ""pp_plan_ms"": ""4.0"", ""pp_plan_soc"": ""1473"", ""pp_tl"": ""0"", ""pp_used"": ""1"", ""seed"": ""1"", ""soc"": ""1473"", ""soc_lb"": ""1285"", ""solved"": ""1"", ""solver"": ""planner"", ""sum_of_loss"": ""1456"", ""sum_of_loss_lb"": ""1285""}"
pp_guided_tl:shortest,PP-guided (shortest first),room-32-32-4,room-32-32-4-random-5,50,2,30.0,solved,0.015381,0.005,1473,56,1454,1285,50,1.146304,0,,/home/carsten/Projects/MAPF/MAPF Evaluator/results/pptl-room-32-4/runs/pp_guided_tl_shortest/room-32-32-4/room-32-32-4-random-5_a50_s2_r0,,,"{""agents"": ""50"", ""comp_time"": ""5"", ""first_ms"": ""5.2"", ""makespan"": ""56"", ""makespan_lb"": ""50"", ""map_file"": ""room-32-32-4.map"", ""pp_demote_rounds"": ""1"", ""pp_failed"": ""0"", ""pp_order"": ""shortest"", ""pp_plan_ms"": ""4.0"", ""pp_plan_soc"": ""1473"", ""pp_tl"": ""0"", ""pp_used"": ""1"", ""seed"": ""2"", ""soc"": ""1473"", ""soc_lb"": ""1285"", ""solved"": ""1"", ""solver"": ""planner"", ""sum_of_loss"": ""1456"", ""sum_of_loss_lb"": ""1285""}"
pp_guided_tl:shortest_tl,PP-guided (shortest first) + traffic load in SIPP,room-32-32-4,room-32-32-4-random-5,50,0,30.0,solved,0.015385,0.006,1471,58,1452,1285,50,1.144747,0,,/home/carsten/Projects/MAPF/MAPF Evaluator/results/pptl-room-32-4/runs/pp_guided_tl_shortest_tl/room-32-32-4/room-32-32-4-random-5_a50_s0_r0,,,"{""agents"": ""50"", ""comp_time"": ""6"", ""first_ms"": ""5.3"", ""makespan"": ""58"", ""makespan_lb"": ""50"", ""map_file"": ""room-32-32-4.map"", ""pp_demote_rounds"": ""1"", ""pp_failed"": ""0"", ""pp_order"": ""shortest"", ""pp_plan_ms"": ""4.2"", ""pp_plan_soc"": ""1471"", ""pp_tl"": ""1"", ""pp_used"": ""1"", ""seed"": ""0"", ""soc"": ""1471"", ""soc_lb"": ""1285"", ""solved"": ""1"", ""solver"": ""planner"", ""sum_of_loss"": ""1454"", ""sum_of_loss_lb"": ""1285""}"
pp_guided_tl:shortest_tl,PP-guided (shortest first) + traffic load in SIPP,room-32-32-4,room-32-32-4-random-5,50,1,30.0,solved,0.015396,0.006,1471,58,1452,1285,50,1.144747,0,,/home/carsten/Projects/MAPF/MAPF Evaluator/results/pptl-room-32-4/runs/pp_guided_tl_shortest_tl/room-32-32-4/room-32-32-4-random-5_a50_s1_r0,,,"{""agents"": ""50"", ""comp_time"": ""6"", ""first_ms"": ""5.3"", ""makespan"": ""58"", ""makespan_lb"": ""50"", ""map_file"": ""room-32-32-4.map"", ""pp_demote_rounds"": ""1"", ""pp_failed"": ""0"", ""pp_order"": ""shortest"", ""pp_plan_ms"": ""4.2"", ""pp_plan_soc"": ""1471"", ""pp_tl"": ""1"", ""pp_used"": ""1"", ""seed"": ""1"", ""soc"": ""1471"", ""soc_lb"": ""1285"", ""solved"": ""1"", ""solver"": ""planner"", ""sum_of_loss"": ""1454"", ""sum_of_loss_lb"": ""1285""}"
pp_guided_tl:shortest_tl,PP-guided (shortest first) + traffic load in SIPP,room-32-32-4,room-32-32-4-random-5,50,2,30.0,solved,0.015405,0.006,1471,58,1452,1285,50,1.144747,0,,/home/carsten/Projects/MAPF/MAPF Evaluator/results/pptl-room-32-4/runs/pp_guided_tl_shortest_tl/room-32-32-4/room-32-32-4-random-5_a50_s2_r0,,,"{""agents"": ""50"", ""comp_time"": ""6"", ""first_ms"": ""5.4"", ""makespan"": ""58"", ""makespan_lb"": ""50"", ""map_file"": ""room-32-32-4.map"", ""pp_demote_rounds"": ""1"", ""pp_failed"": ""0"", ""pp_order"": ""shortest"", ""pp_plan_ms"": ""4.2"", ""pp_plan_soc"": ""1471"", ""pp_tl"": ""1"", ""pp_used"": ""1"", ""seed"": ""2"", ""soc"": ""1471"", ""soc_lb"": ""1285"", ""solved"": ""1"", ""solver"": ""planner"", ""sum_of_loss"": ""1454"", ""sum_of_loss_lb"": ""1285""}"
pp_guided_tl:traffic_tl,PP-guided (traffic-last) + traffic load in SIPP,room-32-32-4,room-32-32-4-random-4,200,0,30.0,solved,0.594749,0.538,12328,99,10778,5209,53,2.366673,0,,/home/carsten/Projects/MAPF/MAPF Evaluator/results/pptl-room-32-4/runs/pp_guided_tl_traffic_tl/room-32-32-4/room-32-32-4-random-4_a200_s0_r0,,,"{""agents"": ""200"", ""comp_time"": ""538"", ""first_ms"": ""537.7"", ""makespan"": ""99"", ""makespan_lb"": ""53"", ""map_file"": ""room-32-32-4.map"", ""pp_demote_rounds"": ""15"", ""pp_failed"": ""2"", ""pp_order"": ""traffic-last"", ""pp_plan_ms"": ""502.9"", ""pp_plan_soc"": ""11132"", ""pp_tl"": ""1"", ""pp_used"": ""0"", ""seed"": ""0"", ""soc"": ""12328"", ""soc_lb"": ""5209"", ""solved"": ""1"", ""solver"": ""planner"", ""sum_of_loss"": ""11082"", ""sum_of_loss_lb"": ""5209""}"
pp_guided_tl:traffic,PP-guided (traffic-last),room-32-32-4,room-32-32-4-random-5,50,0,30.0,solved,0.011335,0.003,1540,54,1422,1285,50,1.198444,0,,/home/carsten/Projects/MAPF/MAPF Evaluator/results/pptl-room-32-4/runs/pp_guided_tl_traffic/room-32-32-4/room-32-32-4-random-5_a50_s0_r0,,,"{""agents"": ""50"", ""comp_time"": ""3"", ""first_ms"": ""3.3"", ""makespan"": ""54"", ""makespan_lb"": ""50"", ""map_file"": ""room-32-32-4.map"", ""pp_demote_rounds"": ""0"", ""pp_failed"": ""0"", ""pp_order"": ""traffic-last"", ""pp_plan_ms"": ""1.5"", ""pp_plan_soc"": ""1540"", ""pp_tl"": ""0"", ""pp_used"": ""1"", ""seed"": ""0"", ""soc"": ""1540"", ""soc_lb"": ""1285"", ""solved"": ""1"", ""solver"": ""planner"", ""sum_of_loss"": ""1436"", ""sum_of_loss_lb"": ""1285""}"
pp_guided_tl:traffic_tl,PP-guided (traffic-last) + traffic load in SIPP,room-32-32-4,room-32-32-4-random-4,200,1,30.0,solved,0.578159,0.526,12287,87,10556,5209,53,2.358802,0,,/home/carsten/Projects/MAPF/MAPF Evaluator/results/pptl-room-32-4/runs/pp_guided_tl_traffic_tl/room-32-32-4/room-32-32-4-random-4_a200_s1_r0,,,"{""agents"": ""200"", ""comp_time"": ""526"", ""first_ms"": ""526.2"", ""makespan"": ""87"", ""makespan_lb"": ""53"", ""map_file"": ""room-32-32-4.map"", ""pp_demote_rounds"": ""15"", ""pp_failed"": ""2"", ""pp_order"": ""traffic-last"", ""pp_plan_ms"": ""506.1"", ""pp_plan_soc"": ""11132"", ""pp_tl"": ""1"", ""pp_used"": ""0"", ""seed"": ""1"", ""soc"": ""12287"", ""soc_lb"": ""5209"", ""solved"": ""1"", ""solver"": ""planner"", ""sum_of_loss"": ""10884"", ""sum_of_loss_lb"": ""5209""}"
pp_guided_tl:traffic,PP-guided (traffic-last),room-32-32-4,room-32-32-4-random-5,50,1,30.0,solved,0.023935,0.003,1540,54,1422,1285,50,1.198444,0,,/home/carsten/Projects/MAPF/MAPF Evaluator/results/pptl-room-32-4/runs/pp_guided_tl_traffic/room-32-32-4/room-32-32-4-random-5_a50_s1_r0,,,"{""agents"": ""50"", ""comp_time"": ""3"", ""first_ms"": ""3.2"", ""makespan"": ""54"", ""makespan_lb"": ""50"", ""map_file"": ""room-32-32-4.map"", ""pp_demote_rounds"": ""0"", ""pp_failed"": ""0"", ""pp_order"": ""traffic-last"", ""pp_plan_ms"": ""1.5"", ""pp_plan_soc"": ""1540"", ""pp_tl"": ""0"", ""pp_used"": ""1"", ""seed"": ""1"", ""soc"": ""1540"", ""soc_lb"": ""1285"", ""solved"": ""1"", ""solver"": ""planner"", ""sum_of_loss"": ""1436"", ""sum_of_loss_lb"": ""1285""}"
pp_guided_tl:traffic,PP-guided (traffic-last),room-32-32-4,room-32-32-4-random-5,50,2,30.0,solved,0.02369,0.003,1540,54,1422,1285,50,1.198444,0,,/home/carsten/Projects/MAPF/MAPF Evaluator/results/pptl-room-32-4/runs/pp_guided_tl_traffic/room-32-32-4/room-32-32-4-random-5_a50_s2_r0,,,"{""agents"": ""50"", ""comp_time"": ""3"", ""first_ms"": ""3.2"", ""makespan"": ""54"", ""makespan_lb"": ""50"", ""map_file"": ""room-32-32-4.map"", ""pp_demote_rounds"": ""0"", ""pp_failed"": ""0"", ""pp_order"": ""traffic-last"", ""pp_plan_ms"": ""1.5"", ""pp_plan_soc"": ""1540"", ""pp_tl"": ""0"", ""pp_used"": ""1"", ""seed"": ""2"", ""soc"": ""1540"", ""soc_lb"": ""1285"", ""solved"": ""1"", ""solver"": ""planner"", ""sum_of_loss"": ""1436"", ""sum_of_loss_lb"": ""1285""}"
pp_guided_tl:traffic_tl,PP-guided (traffic-last) + traffic load in SIPP,room-32-32-4,room-32-32-4-random-5,50,0,30.0,solved,0.023108,0.003,1544,54,1417,1285,50,1.201556,0,,/home/carsten/Projects/MAPF/MAPF Evaluator/results/pptl-room-32-4/runs/pp_guided_tl_traffic_tl/room-32-32-4/room-32-32-4-random-5_a50_s0_r0,,,"{""agents"": ""50"", ""comp_time"": ""3"", ""first_ms"": ""3.2"", ""makespan"": ""54"", ""makespan_lb"": ""50"", ""map_file"": ""room-32-32-4.map"", ""pp_demote_rounds"": ""0"", ""pp_failed"": ""0"", ""pp_order"": ""traffic-last"", ""pp_plan_ms"": ""1.7"", ""pp_plan_soc"": ""1544"", ""pp_tl"": ""1"", ""pp_used"": ""1"", ""seed"": ""0"", ""soc"": ""1544"", ""soc_lb"": ""1285"", ""solved"": ""1"", ""solver"": ""planner"", ""sum_of_loss"": ""1428"", ""sum_of_loss_lb"": ""1285""}"
pp_guided_tl:traffic_tl,PP-guided (traffic-last) + traffic load in SIPP,room-32-32-4,room-32-32-4-random-5,50,2,30.0,solved,0.030272,0.003,1544,54,1417,1285,50,1.201556,0,,/home/carsten/Projects/MAPF/MAPF Evaluator/results/pptl-room-32-4/runs/pp_guided_tl_traffic_tl/room-32-32-4/room-32-32-4-random-5_a50_s2_r0,,,"{""agents"": ""50"", ""comp_time"": ""3"", ""first_ms"": ""3.3"", ""makespan"": ""54"", ""makespan_lb"": ""50"", ""map_file"": ""room-32-32-4.map"", ""pp_demote_rounds"": ""0"", ""pp_failed"": ""0"", ""pp_order"": ""traffic-last"", ""pp_plan_ms"": ""1.8"", ""pp_plan_soc"": ""1544"", ""pp_tl"": ""1"", ""pp_used"": ""1"", ""seed"": ""2"", ""soc"": ""1544"", ""soc_lb"": ""1285"", ""solved"": ""1"", ""solver"": ""planner"", ""sum_of_loss"": ""1428"", ""sum_of_loss_lb"": ""1285""}"
pp_guided_tl:traffic_tl,PP-guided (traffic-last) + traffic load in SIPP,room-32-32-4,room-32-32-4-random-4,200,2,30.0,solved,0.59903,0.529,12341,96,10632,5209,53,2.369169,0,,/home/carsten/Projects/MAPF/MAPF Evaluator/results/pptl-room-32-4/runs/pp_guided_tl_traffic_tl/room-32-32-4/room-32-32-4-random-4_a200_s2_r0,,,"{""agents"": ""200"", ""comp_time"": ""529"", ""first_ms"": ""529.2"", ""makespan"": ""96"", ""makespan_lb"": ""53"", ""map_file"": ""room-32-32-4.map"", ""pp_demote_rounds"": ""15"", ""pp_failed"": ""2"", ""pp_order"": ""traffic-last"", ""pp_plan_ms"": ""503.2"", ""pp_plan_soc"": ""11132"", ""pp_tl"": ""1"", ""pp_used"": ""0"", ""seed"": ""2"", ""soc"": ""12341"", ""soc_lb"": ""5209"", ""solved"": ""1"", ""solver"": ""planner"", ""sum_of_loss"": ""10969"", ""sum_of_loss_lb"": ""5209""}"
pp_guided_tl:traffic_tl,PP-guided (traffic-last) + traffic load in SIPP,room-32-32-4,room-32-32-4-random-5,50,1,30.0,solved,0.032402,0.003,1544,54,1417,1285,50,1.201556,0,,/home/carsten/Projects/MAPF/MAPF Evaluator/results/pptl-room-32-4/runs/pp_guided_tl_traffic_tl/room-32-32-4/room-32-32-4-random-5_a50_s1_r0,,,"{""agents"": ""50"", ""comp_time"": ""3"", ""first_ms"": ""3.1"", ""makespan"": ""54"", ""makespan_lb"": ""50"", ""map_file"": ""room-32-32-4.map"", ""pp_demote_rounds"": ""0"", ""pp_failed"": ""0"", ""pp_order"": ""traffic-last"", ""pp_plan_ms"": ""1.7"", ""pp_plan_soc"": ""1544"", ""pp_tl"": ""1"", ""pp_used"": ""1"", ""seed"": ""1"", ""soc"": ""1544"", ""soc_lb"": ""1285"", ""solved"": ""1"", ""solver"": ""planner"", ""sum_of_loss"": ""1428"", ""sum_of_loss_lb"": ""1285""}"
pp_guided_tl:shortest,PP-guided (shortest first),room-32-32-4,room-32-32-4-random-5,100,0,30.0,solved,0.102991,0.02,3814,89,3744,2641,53,1.44415,0,,/home/carsten/Projects/MAPF/MAPF Evaluator/results/pptl-room-32-4/runs/pp_guided_tl_shortest/room-32-32-4/room-32-32-4-random-5_a100_s0_r0,,,"{""agents"": ""100"", ""comp_time"": ""20"", ""first_ms"": ""19.9"", ""makespan"": ""89"", ""makespan_lb"": ""53"", ""map_file"": ""room-32-32-4.map"", ""pp_demote_rounds"": ""1"", ""pp_failed"": ""0"", ""pp_order"": ""shortest"", ""pp_plan_ms"": ""16.6"", ""pp_plan_soc"": ""3814"", ""pp_tl"": ""0"", ""pp_used"": ""1"", ""seed"": ""0"", ""soc"": ""3814"", ""soc_lb"": ""2641"", ""solved"": ""1"", ""solver"": ""planner"", ""sum_of_loss"": ""3752"", ""sum_of_loss_lb"": ""2641""}"
pp_guided_tl:shortest,PP-guided (shortest first),room-32-32-4,room-32-32-4-random-5,100,2,30.0,solved,0.034557,0.02,3814,89,3744,2641,53,1.44415,0,,/home/carsten/Projects/MAPF/MAPF Evaluator/results/pptl-room-32-4/runs/pp_guided_tl_shortest/room-32-32-4/room-32-32-4-random-5_a100_s2_r0,,,"{""agents"": ""100"", ""comp_time"": ""20"", ""first_ms"": ""19.8"", ""makespan"": ""89"", ""makespan_lb"": ""53"", ""map_file"": ""room-32-32-4.map"", ""pp_demote_rounds"": ""1"", ""pp_failed"": ""0"", ""pp_order"": ""shortest"", ""pp_plan_ms"": ""16.2"", ""pp_plan_soc"": ""3814"", ""pp_tl"": ""0"", ""pp_used"": ""1"", ""seed"": ""2"", ""soc"": ""3814"", ""soc_lb"": ""2641"", ""solved"": ""1"", ""solver"": ""planner"", ""sum_of_loss"": ""3752"", ""sum_of_loss_lb"": ""2641""}"
pp_guided_tl:shortest,PP-guided (shortest first),room-32-32-4,room-32-32-4-random-5,100,1,30.0,solved,0.034784,0.02,3814,89,3744,2641,53,1.44415,0,,/home/carsten/Projects/MAPF/MAPF Evaluator/results/pptl-room-32-4/runs/pp_guided_tl_shortest/room-32-32-4/room-32-32-4-random-5_a100_s1_r0,,,"{""agents"": ""100"", ""comp_time"": ""20"", ""first_ms"": ""19.8"", ""makespan"": ""89"", ""makespan_lb"": ""53"", ""map_file"": ""room-32-32-4.map"", ""pp_demote_rounds"": ""1"", ""pp_failed"": ""0"", ""pp_order"": ""shortest"", ""pp_plan_ms"": ""16.5"", ""pp_plan_soc"": ""3814"", ""pp_tl"": ""0"", ""pp_used"": ""1"", ""seed"": ""1"", ""soc"": ""3814"", ""soc_lb"": ""2641"", ""solved"": ""1"", ""solver"": ""planner"", ""sum_of_loss"": ""3752"", ""sum_of_loss_lb"": ""2641""}"
pp_guided_tl:shortest_tl,PP-guided (shortest first) + traffic load in SIPP,room-32-32-4,room-32-32-4-random-5,100,0,30.0,solved,0.034724,0.027,3784,95,3695,2641,53,1.432791,0,,/home/carsten/Projects/MAPF/MAPF Evaluator/results/pptl-room-32-4/runs/pp_guided_tl_shortest_tl/room-32-32-4/room-32-32-4-random-5_a100_s0_r0,,,"{""agents"": ""100"", ""comp_time"": ""27"", ""first_ms"": ""26.9"", ""makespan"": ""95"", ""makespan_lb"": ""53"", ""map_file"": ""room-32-32-4.map"", ""pp_demote_rounds"": ""2"", ""pp_failed"": ""0"", ""pp_order"": ""shortest"", ""pp_plan_ms"": ""22.8"", ""pp_plan_soc"": ""3784"", ""pp_tl"": ""1"", ""pp_used"": ""1"", ""seed"": ""0"", ""soc"": ""3784"", ""soc_lb"": ""2641"", ""solved"": ""1"", ""solver"": ""planner"", ""sum_of_loss"": ""3703"", ""sum_of_loss_lb"": ""2641""}"
pp_guided_tl:shortest_tl,PP-guided (shortest first) + traffic load in SIPP,room-32-32-4,room-32-32-4-random-5,100,1,30.0,solved,0.044924,0.026,3784,95,3695,2641,53,1.432791,0,,/home/carsten/Projects/MAPF/MAPF Evaluator/results/pptl-room-32-4/runs/pp_guided_tl_shortest_tl/room-32-32-4/room-32-32-4-random-5_a100_s1_r0,,,"{""agents"": ""100"", ""comp_time"": ""26"", ""first_ms"": ""26.1"", ""makespan"": ""95"", ""makespan_lb"": ""53"", ""map_file"": ""room-32-32-4.map"", ""pp_demote_rounds"": ""2"", ""pp_failed"": ""0"", ""pp_order"": ""shortest"", ""pp_plan_ms"": ""22.5"", ""pp_plan_soc"": ""3784"", ""pp_tl"": ""1"", ""pp_used"": ""1"", ""seed"": ""1"", ""soc"": ""3784"", ""soc_lb"": ""2641"", ""solved"": ""1"", ""solver"": ""planner"", ""sum_of_loss"": ""3703"", ""sum_of_loss_lb"": ""2641""}"
pp_guided_tl:traffic,PP-guided (traffic-last),room-32-32-4,room-32-32-4-random-5,100,1,30.0,solved,0.021566,0.009,3382,57,3248,2641,53,1.280576,0,,/home/carsten/Projects/MAPF/MAPF Evaluator/results/pptl-room-32-4/runs/pp_guided_tl_traffic/room-32-32-4/room-32-32-4-random-5_a100_s1_r0,,,"{""agents"": ""100"", ""comp_time"": ""9"", ""first_ms"": ""9.2"", ""makespan"": ""57"", ""makespan_lb"": ""53"", ""map_file"": ""room-32-32-4.map"", ""pp_demote_rounds"": ""1"", ""pp_failed"": ""0"", ""pp_order"": ""traffic-last"", ""pp_plan_ms"": ""6.6"", ""pp_plan_soc"": ""3382"", ""pp_tl"": ""0"", ""pp_used"": ""1"", ""seed"": ""1"", ""soc"": ""3382"", ""soc_lb"": ""2641"", ""solved"": ""1"", ""solver"": ""planner"", ""sum_of_loss"": ""3268"", ""sum_of_loss_lb"": ""2641""}"
pp_guided_tl:shortest_tl,PP-guided (shortest first) + traffic load in SIPP,room-32-32-4,room-32-32-4-random-5,100,2,30.0,solved,0.048702,0.028,3784,95,3695,2641,53,1.432791,0,,/home/carsten/Projects/MAPF/MAPF Evaluator/results/pptl-room-32-4/runs/pp_guided_tl_shortest_tl/room-32-32-4/room-32-32-4-random-5_a100_s2_r0,,,"{""agents"": ""100"", ""comp_time"": ""28"", ""first_ms"": ""27.8"", ""makespan"": ""95"", ""makespan_lb"": ""53"", ""map_file"": ""room-32-32-4.map"", ""pp_demote_rounds"": ""2"", ""pp_failed"": ""0"", ""pp_order"": ""shortest"", ""pp_plan_ms"": ""23.0"", ""pp_plan_soc"": ""3784"", ""pp_tl"": ""1"", ""pp_used"": ""1"", ""seed"": ""2"", ""soc"": ""3784"", ""soc_lb"": ""2641"", ""solved"": ""1"", ""solver"": ""planner"", ""sum_of_loss"": ""3703"", ""sum_of_loss_lb"": ""2641""}"
pp_guided_tl:traffic,PP-guided (traffic-last),room-32-32-4,room-32-32-4-random-5,100,2,30.0,solved,0.038163,0.01,3382,57,3248,2641,53,1.280576,0,,/home/carsten/Projects/MAPF/MAPF Evaluator/results/pptl-room-32-4/runs/pp_guided_tl_traffic/room-32-32-4/room-32-32-4-random-5_a100_s2_r0,,,"{""agents"": ""100"", ""comp_time"": ""10"", ""first_ms"": ""9.5"", ""makespan"": ""57"", ""makespan_lb"": ""53"", ""map_file"": ""room-32-32-4.map"", ""pp_demote_rounds"": ""1"", ""pp_failed"": ""0"", ""pp_order"": ""traffic-last"", ""pp_plan_ms"": ""6.8"", ""pp_plan_soc"": ""3382"", ""pp_tl"": ""0"", ""pp_used"": ""1"", ""seed"": ""2"", ""soc"": ""3382"", ""soc_lb"": ""2641"", ""solved"": ""1"", ""solver"": ""planner"", ""sum_of_loss"": ""3268"", ""sum_of_loss_lb"": ""2641""}"
pp_guided_tl:traffic,PP-guided (traffic-last),room-32-32-4,room-32-32-4-random-5,100,0,30.0,solved,0.09304,0.009,3382,57,3248,2641,53,1.280576,0,,/home/carsten/Projects/MAPF/MAPF Evaluator/results/pptl-room-32-4/runs/pp_guided_tl_traffic/room-32-32-4/room-32-32-4-random-5_a100_s0_r0,,,"{""agents"": ""100"", ""comp_time"": ""9"", ""first_ms"": ""9.2"", ""makespan"": ""57"", ""makespan_lb"": ""53"", ""map_file"": ""room-32-32-4.map"", ""pp_demote_rounds"": ""1"", ""pp_failed"": ""0"", ""pp_order"": ""traffic-last"", ""pp_plan_ms"": ""6.7"", ""pp_plan_soc"": ""3382"", ""pp_tl"": ""0"", ""pp_used"": ""1"", ""seed"": ""0"", ""soc"": ""3382"", ""soc_lb"": ""2641"", ""solved"": ""1"", ""solver"": ""planner"", ""sum_of_loss"": ""3268"", ""sum_of_loss_lb"": ""2641""}"
pp_guided_tl:traffic_tl,PP-guided (traffic-last) + traffic load in SIPP,room-32-32-4,room-32-32-4-random-5,100,0,30.0,solved,0.053632,0.011,3381,61,3279,2641,53,1.280197,0,,/home/carsten/Projects/MAPF/MAPF Evaluator/results/pptl-room-32-4/runs/pp_guided_tl_traffic_tl/room-32-32-4/room-32-32-4-random-5_a100_s0_r0,,,"{""agents"": ""100"", ""comp_time"": ""11"", ""first_ms"": ""11.3"", ""makespan"": ""61"", ""makespan_lb"": ""53"", ""map_file"": ""room-32-32-4.map"", ""pp_demote_rounds"": ""1"", ""pp_failed"": ""0"", ""pp_order"": ""traffic-last"", ""pp_plan_ms"": ""8.1"", ""pp_plan_soc"": ""3381"", ""pp_tl"": ""1"", ""pp_used"": ""1"", ""seed"": ""0"", ""soc"": ""3381"", ""soc_lb"": ""2641"", ""solved"": ""1"", ""solver"": ""planner"", ""sum_of_loss"": ""3297"", ""sum_of_loss_lb"": ""2641""}"
pp_guided_tl:traffic_tl,PP-guided (traffic-last) + traffic load in SIPP,room-32-32-4,room-32-32-4-random-5,100,1,30.0,solved,0.067618,0.011,3381,61,3279,2641,53,1.280197,0,,/home/carsten/Projects/MAPF/MAPF Evaluator/results/pptl-room-32-4/runs/pp_guided_tl_traffic_tl/room-32-32-4/room-32-32-4-random-5_a100_s1_r0,,,"{""agents"": ""100"", ""comp_time"": ""11"", ""first_ms"": ""11.3"", ""makespan"": ""61"", ""makespan_lb"": ""53"", ""map_file"": ""room-32-32-4.map"", ""pp_demote_rounds"": ""1"", ""pp_failed"": ""0"", ""pp_order"": ""traffic-last"", ""pp_plan_ms"": ""8.1"", ""pp_plan_soc"": ""3381"", ""pp_tl"": ""1"", ""pp_used"": ""1"", ""seed"": ""1"", ""soc"": ""3381"", ""soc_lb"": ""2641"", ""solved"": ""1"", ""solver"": ""planner"", ""sum_of_loss"": ""3297"", ""sum_of_loss_lb"": ""2641""}"
pp_guided_tl:traffic_tl,PP-guided (traffic-last) + traffic load in SIPP,room-32-32-4,room-32-32-4-random-5,100,2,30.0,solved,0.088491,0.011,3381,61,3279,2641,53,1.280197,0,,/home/carsten/Projects/MAPF/MAPF Evaluator/results/pptl-room-32-4/runs/pp_guided_tl_traffic_tl/room-32-32-4/room-32-32-4-random-5_a100_s2_r0,,,"{""agents"": ""100"", ""comp_time"": ""11"", ""first_ms"": ""11.3"", ""makespan"": ""61"", ""makespan_lb"": ""53"", ""map_file"": ""room-32-32-4.map"", ""pp_demote_rounds"": ""1"", ""pp_failed"": ""0"", ""pp_order"": ""traffic-last"", ""pp_plan_ms"": ""8.1"", ""pp_plan_soc"": ""3381"", ""pp_tl"": ""1"", ""pp_used"": ""1"", ""seed"": ""2"", ""soc"": ""3381"", ""soc_lb"": ""2641"", ""solved"": ""1"", ""solver"": ""planner"", ""sum_of_loss"": ""3297"", ""sum_of_loss_lb"": ""2641""}"
pp_guided_tl:shortest,PP-guided (shortest first),room-32-32-4,room-32-32-4-random-5,150,0,30.0,solved,0.121504,0.106,7537,129,7243,3959,53,1.903764,0,,/home/carsten/Projects/MAPF/MAPF Evaluator/results/pptl-room-32-4/runs/pp_guided_tl_shortest/room-32-32-4/room-32-32-4-random-5_a150_s0_r0,,,"{""agents"": ""150"", ""comp_time"": ""106"", ""first_ms"": ""105.5"", ""makespan"": ""129"", ""makespan_lb"": ""53"", ""map_file"": ""room-32-32-4.map"", ""pp_demote_rounds"": ""4"", ""pp_failed"": ""0"", ""pp_order"": ""shortest"", ""pp_plan_ms"": ""99.5"", ""pp_plan_soc"": ""7537"", ""pp_tl"": ""0"", ""pp_used"": ""1"", ""seed"": ""0"", ""soc"": ""7537"", ""soc_lb"": ""3959"", ""solved"": ""1"", ""solver"": ""planner"", ""sum_of_loss"": ""7264"", ""sum_of_loss_lb"": ""3959""}"
pp_guided_tl:shortest_tl,PP-guided (shortest first) + traffic load in SIPP,room-32-32-4,room-32-32-4-random-5,150,0,30.0,solved,0.06649,0.049,8240,142,7995,3959,53,2.081334,0,,/home/carsten/Projects/MAPF/MAPF Evaluator/results/pptl-room-32-4/runs/pp_guided_tl_shortest_tl/room-32-32-4/room-32-32-4-random-5_a150_s0_r0,,,"{""agents"": ""150"", ""comp_time"": ""49"", ""first_ms"": ""49.6"", ""makespan"": ""142"", ""makespan_lb"": ""53"", ""map_file"": ""room-32-32-4.map"", ""pp_demote_rounds"": ""1"", ""pp_failed"": ""0"", ""pp_order"": ""shortest"", ""pp_plan_ms"": ""42.3"", ""pp_plan_soc"": ""8240"", ""pp_tl"": ""1"", ""pp_used"": ""1"", ""seed"": ""0"", ""soc"": ""8240"", ""soc_lb"": ""3959"", ""solved"": ""1"", ""solver"": ""planner"", ""sum_of_loss"": ""8004"", ""sum_of_loss_lb"": ""3959""}"
pp_guided_tl:shortest,PP-guided (shortest first),room-32-32-4,room-32-32-4-random-5,150,1,30.0,solved,0.172118,0.106,7537,129,7243,3959,53,1.903764,0,,/home/carsten/Projects/MAPF/MAPF Evaluator/results/pptl-room-32-4/runs/pp_guided_tl_shortest/room-32-32-4/room-32-32-4-random-5_a150_s1_r0,,,"{""agents"": ""150"", ""comp_time"": ""106"", ""first_ms"": ""106.2"", ""makespan"": ""129"", ""makespan_lb"": ""53"", ""map_file"": ""room-32-32-4.map"", ""pp_demote_rounds"": ""4"", ""pp_failed"": ""0"", ""pp_order"": ""shortest"", ""pp_plan_ms"": ""100.3"", ""pp_plan_soc"": ""7537"", ""pp_tl"": ""0"", ""pp_used"": ""1"", ""seed"": ""1"", ""soc"": ""7537"", ""soc_lb"": ""3959"", ""solved"": ""1"", ""solver"": ""planner"", ""sum_of_loss"": ""7264"", ""sum_of_loss_lb"": ""3959""}"
pp_guided_tl:shortest_tl,PP-guided (shortest first) + traffic load in SIPP,room-32-32-4,room-32-32-4-random-5,150,1,30.0,solved,0.09902,0.049,8240,142,7995,3959,53,2.081334,0,,/home/carsten/Projects/MAPF/MAPF Evaluator/results/pptl-room-32-4/runs/pp_guided_tl_shortest_tl/room-32-32-4/room-32-32-4-random-5_a150_s1_r0,,,"{""agents"": ""150"", ""comp_time"": ""49"", ""first_ms"": ""48.6"", ""makespan"": ""142"", ""makespan_lb"": ""53"", ""map_file"": ""room-32-32-4.map"", ""pp_demote_rounds"": ""1"", ""pp_failed"": ""0"", ""pp_order"": ""shortest"", ""pp_plan_ms"": ""42.1"", ""pp_plan_soc"": ""8240"", ""pp_tl"": ""1"", ""pp_used"": ""1"", ""seed"": ""1"", ""soc"": ""8240"", ""soc_lb"": ""3959"", ""solved"": ""1"", ""solver"": ""planner"", ""sum_of_loss"": ""8004"", ""sum_of_loss_lb"": ""3959""}"
pp_guided_tl:shortest,PP-guided (shortest first),room-32-32-4,room-32-32-4-random-5,150,2,30.0,solved,0.186742,0.105,7537,129,7243,3959,53,1.903764,0,,/home/carsten/Projects/MAPF/MAPF Evaluator/results/pptl-room-32-4/runs/pp_guided_tl_shortest/room-32-32-4/room-32-32-4-random-5_a150_s2_r0,,,"{""agents"": ""150"", ""comp_time"": ""105"", ""first_ms"": ""105.3"", ""makespan"": ""129"", ""makespan_lb"": ""53"", ""map_file"": ""room-32-32-4.map"", ""pp_demote_rounds"": ""4"", ""pp_failed"": ""0"", ""pp_order"": ""shortest"", ""pp_plan_ms"": ""98.7"", ""pp_plan_soc"": ""7537"", ""pp_tl"": ""0"", ""pp_used"": ""1"", ""seed"": ""2"", ""soc"": ""7537"", ""soc_lb"": ""3959"", ""solved"": ""1"", ""solver"": ""planner"", ""sum_of_loss"": ""7264"", ""sum_of_loss_lb"": ""3959""}"
pp_guided_tl:shortest_tl,PP-guided (shortest first) + traffic load in SIPP,room-32-32-4,room-32-32-4-random-5,150,2,30.0,solved,0.105746,0.048,8240,142,7995,3959,53,2.081334,0,,/home/carsten/Projects/MAPF/MAPF Evaluator/results/pptl-room-32-4/runs/pp_guided_tl_shortest_tl/room-32-32-4/room-32-32-4-random-5_a150_s2_r0,,,"{""agents"": ""150"", ""comp_time"": ""48"", ""first_ms"": ""48.2"", ""makespan"": ""142"", ""makespan_lb"": ""53"", ""map_file"": ""room-32-32-4.map"", ""pp_demote_rounds"": ""1"", ""pp_failed"": ""0"", ""pp_order"": ""shortest"", ""pp_plan_ms"": ""41.7"", ""pp_plan_soc"": ""8240"", ""pp_tl"": ""1"", ""pp_used"": ""1"", ""seed"": ""2"", ""soc"": ""8240"", ""soc_lb"": ""3959"", ""solved"": ""1"", ""solver"": ""planner"", ""sum_of_loss"": ""8004"", ""sum_of_loss_lb"": ""3959""}"
pp_guided_tl:traffic,PP-guided (traffic-last),room-32-32-4,room-32-32-4-random-5,150,0,30.0,solved,0.089352,0.015,5764,66,5507,3959,53,1.455923,0,,/home/carsten/Projects/MAPF/MAPF Evaluator/results/pptl-room-32-4/runs/pp_guided_tl_traffic/room-32-32-4/room-32-32-4-random-5_a150_s0_r0,,,"{""agents"": ""150"", ""comp_time"": ""15"", ""first_ms"": ""14.7"", ""makespan"": ""66"", ""makespan_lb"": ""53"", ""map_file"": ""room-32-32-4.map"", ""pp_demote_rounds"": ""0"", ""pp_failed"": ""0"", ""pp_order"": ""traffic-last"", ""pp_plan_ms"": ""10.0"", ""pp_plan_soc"": ""5764"", ""pp_tl"": ""0"", ""pp_used"": ""1"", ""seed"": ""0"", ""soc"": ""5764"", ""soc_lb"": ""3959"", ""solved"": ""1"", ""solver"": ""planner"", ""sum_of_loss"": ""5544"", ""sum_of_loss_lb"": ""3959""}"
pp_guided_tl:traffic,PP-guided (traffic-last),room-32-32-4,room-32-32-4-random-5,150,1,30.0,solved,0.061435,0.015,5764,66,5507,3959,53,1.455923,0,,/home/carsten/Projects/MAPF/MAPF Evaluator/results/pptl-room-32-4/runs/pp_guided_tl_traffic/room-32-32-4/room-32-32-4-random-5_a150_s1_r0,,,"{""agents"": ""150"", ""comp_time"": ""15"", ""first_ms"": ""15.0"", ""makespan"": ""66"", ""makespan_lb"": ""53"", ""map_file"": ""room-32-32-4.map"", ""pp_demote_rounds"": ""0"", ""pp_failed"": ""0"", ""pp_order"": ""traffic-last"", ""pp_plan_ms"": ""10.0"", ""pp_plan_soc"": ""5764"", ""pp_tl"": ""0"", ""pp_used"": ""1"", ""seed"": ""1"", ""soc"": ""5764"", ""soc_lb"": ""3959"", ""solved"": ""1"", ""solver"": ""planner"", ""sum_of_loss"": ""5544"", ""sum_of_loss_lb"": ""3959""}"
pp_guided_tl:traffic,PP-guided (traffic-last),room-32-32-4,room-32-32-4-random-5,150,2,30.0,solved,0.051854,0.015,5764,66,5507,3959,53,1.455923,0,,/home/carsten/Projects/MAPF/MAPF Evaluator/results/pptl-room-32-4/runs/pp_guided_tl_traffic/room-32-32-4/room-32-32-4-random-5_a150_s2_r0,,,"{""agents"": ""150"", ""comp_time"": ""15"", ""first_ms"": ""14.9"", ""makespan"": ""66"", ""makespan_lb"": ""53"", ""map_file"": ""room-32-32-4.map"", ""pp_demote_rounds"": ""0"", ""pp_failed"": ""0"", ""pp_order"": ""traffic-last"", ""pp_plan_ms"": ""9.9"", ""pp_plan_soc"": ""5764"", ""pp_tl"": ""0"", ""pp_used"": ""1"", ""seed"": ""2"", ""soc"": ""5764"", ""soc_lb"": ""3959"", ""solved"": ""1"", ""solver"": ""planner"", ""sum_of_loss"": ""5544"", ""sum_of_loss_lb"": ""3959""}"
pp_guided_tl:traffic_tl,PP-guided (traffic-last) + traffic load in SIPP,room-32-32-4,room-32-32-4-random-5,150,0,30.0,solved,0.037787,0.021,5716,76,5496,3959,53,1.443799,0,,/home/carsten/Projects/MAPF/MAPF Evaluator/results/pptl-room-32-4/runs/pp_guided_tl_traffic_tl/room-32-32-4/room-32-32-4-random-5_a150_s0_r0,,,"{""agents"": ""150"", ""comp_time"": ""21"", ""first_ms"": ""21.2"", ""makespan"": ""76"", ""makespan_lb"": ""53"", ""map_file"": ""room-32-32-4.map"", ""pp_demote_rounds"": ""1"", ""pp_failed"": ""0"", ""pp_order"": ""traffic-last"", ""pp_plan_ms"": ""15.4"", ""pp_plan_soc"": ""5716"", ""pp_tl"": ""1"", ""pp_used"": ""1"", ""seed"": ""0"", ""soc"": ""5716"", ""soc_lb"": ""3959"", ""solved"": ""1"", ""solver"": ""planner"", ""sum_of_loss"": ""5527"", ""sum_of_loss_lb"": ""3959""}"
pp_guided_tl:traffic_tl,PP-guided (traffic-last) + traffic load in SIPP,room-32-32-4,room-32-32-4-random-5,150,1,30.0,solved,0.075331,0.02,5716,76,5496,3959,53,1.443799,0,,/home/carsten/Projects/MAPF/MAPF Evaluator/results/pptl-room-32-4/runs/pp_guided_tl_traffic_tl/room-32-32-4/room-32-32-4-random-5_a150_s1_r0,,,"{""agents"": ""150"", ""comp_time"": ""20"", ""first_ms"": ""19.7"", ""makespan"": ""76"", ""makespan_lb"": ""53"", ""map_file"": ""room-32-32-4.map"", ""pp_demote_rounds"": ""1"", ""pp_failed"": ""0"", ""pp_order"": ""traffic-last"", ""pp_plan_ms"": ""14.8"", ""pp_plan_soc"": ""5716"", ""pp_tl"": ""1"", ""pp_used"": ""1"", ""seed"": ""1"", ""soc"": ""5716"", ""soc_lb"": ""3959"", ""solved"": ""1"", ""solver"": ""planner"", ""sum_of_loss"": ""5527"", ""sum_of_loss_lb"": ""3959""}"
pp_guided_tl:traffic_tl,PP-guided (traffic-last) + traffic load in SIPP,room-32-32-4,room-32-32-4-random-5,150,2,30.0,solved,0.12302,0.02,5716,76,5496,3959,53,1.443799,0,,/home/carsten/Projects/MAPF/MAPF Evaluator/results/pptl-room-32-4/runs/pp_guided_tl_traffic_tl/room-32-32-4/room-32-32-4-random-5_a150_s2_r0,,,"{""agents"": ""150"", ""comp_time"": ""20"", ""first_ms"": ""19.9"", ""makespan"": ""76"", ""makespan_lb"": ""53"", ""map_file"": ""room-32-32-4.map"", ""pp_demote_rounds"": ""1"", ""pp_failed"": ""0"", ""pp_order"": ""traffic-last"", ""pp_plan_ms"": ""15.0"", ""pp_plan_soc"": ""5716"", ""pp_tl"": ""1"", ""pp_used"": ""1"", ""seed"": ""2"", ""soc"": ""5716"", ""soc_lb"": ""3959"", ""solved"": ""1"", ""solver"": ""planner"", ""sum_of_loss"": ""5527"", ""sum_of_loss_lb"": ""3959""}"
pp_guided_tl:shortest,PP-guided (shortest first),room-32-32-4,room-32-32-4-random-5,200,1,30.0,solved,0.548376,0.474,11823,86,9923,5123,55,2.307827,0,,/home/carsten/Projects/MAPF/MAPF Evaluator/results/pptl-room-32-4/runs/pp_guided_tl_shortest/room-32-32-4/room-32-32-4-random-5_a200_s1_r0,,,"{""agents"": ""200"", ""comp_time"": ""474"", ""first_ms"": ""474.6"", ""makespan"": ""86"", ""makespan_lb"": ""55"", ""map_file"": ""room-32-32-4.map"", ""pp_demote_rounds"": ""15"", ""pp_failed"": ""5"", ""pp_order"": ""shortest"", ""pp_plan_ms"": ""453.3"", ""pp_plan_soc"": ""12328"", ""pp_tl"": ""0"", ""pp_used"": ""0"", ""seed"": ""1"", ""soc"": ""11823"", ""soc_lb"": ""5123"", ""solved"": ""1"", ""solver"": ""planner"", ""sum_of_loss"": ""10277"", ""sum_of_loss_lb"": ""5123""}"
pp_guided_tl:shortest,PP-guided (shortest first),room-32-32-4,room-32-32-4-random-5,200,0,30.0,solved,0.544936,0.481,11603,90,10260,5123,55,2.264884,0,,/home/carsten/Projects/MAPF/MAPF Evaluator/results/pptl-room-32-4/runs/pp_guided_tl_shortest/room-32-32-4/room-32-32-4-random-5_a200_s0_r0,,,"{""agents"": ""200"", ""comp_time"": ""481"", ""first_ms"": ""481.6"", ""makespan"": ""90"", ""makespan_lb"": ""55"", ""map_file"": ""room-32-32-4.map"", ""pp_demote_rounds"": ""15"", ""pp_failed"": ""5"", ""pp_order"": ""shortest"", ""pp_plan_ms"": ""452.4"", ""pp_plan_soc"": ""12328"", ""pp_tl"": ""0"", ""pp_used"": ""0"", ""seed"": ""0"", ""soc"": ""11603"", ""soc_lb"": ""5123"", ""solved"": ""1"", ""solver"": ""planner"", ""sum_of_loss"": ""10563"", ""sum_of_loss_lb"": ""5123""}"
pp_guided_tl:shortest_tl,PP-guided (shortest first) + traffic load in SIPP,room-32-32-4,room-32-32-4-random-5,200,0,30.0,solved,0.4778,0.465,11603,90,10260,5123,55,2.264884,0,,/home/carsten/Projects/MAPF/MAPF Evaluator/results/pptl-room-32-4/runs/pp_guided_tl_shortest_tl/room-32-32-4/room-32-32-4-random-5_a200_s0_r0,,,"{""agents"": ""200"", ""comp_time"": ""465"", ""first_ms"": ""464.7"", ""makespan"": ""90"", ""makespan_lb"": ""55"", ""map_file"": ""room-32-32-4.map"", ""pp_demote_rounds"": ""15"", ""pp_failed"": ""2"", ""pp_order"": ""shortest"", ""pp_plan_ms"": ""435.6"", ""pp_plan_soc"": ""11796"", ""pp_tl"": ""1"", ""pp_used"": ""0"", ""seed"": ""0"", ""soc"": ""11603"", ""soc_lb"": ""5123"", ""solved"": ""1"", ""solver"": ""planner"", ""sum_of_loss"": ""10563"", ""sum_of_loss_lb"": ""5123""}"
pp_guided_tl:shortest,PP-guided (shortest first),room-32-32-4,room-32-32-4-random-5,200,2,30.0,solved,0.595856,0.484,11873,87,10012,5123,55,2.317587,0,,/home/carsten/Projects/MAPF/MAPF Evaluator/results/pptl-room-32-4/runs/pp_guided_tl_shortest/room-32-32-4/room-32-32-4-random-5_a200_s2_r0,,,"{""agents"": ""200"", ""comp_time"": ""484"", ""first_ms"": ""483.8"", ""makespan"": ""87"", ""makespan_lb"": ""55"", ""map_file"": ""room-32-32-4.map"", ""pp_demote_rounds"": ""15"", ""pp_failed"": ""5"", ""pp_order"": ""shortest"", ""pp_plan_ms"": ""452.5"", ""pp_plan_soc"": ""12328"", ""pp_tl"": ""0"", ""pp_used"": ""0"", ""seed"": ""2"", ""soc"": ""11873"", ""soc_lb"": ""5123"", ""solved"": ""1"", ""solver"": ""planner"", ""sum_of_loss"": ""10360"", ""sum_of_loss_lb"": ""5123""}"
pp_guided_tl:shortest_tl,PP-guided (shortest first) + traffic load in SIPP,room-32-32-4,room-32-32-4-random-5,200,1,30.0,solved,0.508345,0.463,11823,86,9923,5123,55,2.307827,0,,/home/carsten/Projects/MAPF/MAPF Evaluator/results/pptl-room-32-4/runs/pp_guided_tl_shortest_tl/room-32-32-4/room-32-32-4-random-5_a200_s1_r0,,,"{""agents"": ""200"", ""comp_time"": ""463"", ""first_ms"": ""462.6"", ""makespan"": ""86"", ""makespan_lb"": ""55"", ""map_file"": ""room-32-32-4.map"", ""pp_demote_rounds"": ""15"", ""pp_failed"": ""2"", ""pp_order"": ""shortest"", ""pp_plan_ms"": ""441.7"", ""pp_plan_soc"": ""11796"", ""pp_tl"": ""1"", ""pp_used"": ""0"", ""seed"": ""1"", ""soc"": ""11823"", ""soc_lb"": ""5123"", ""solved"": ""1"", ""solver"": ""planner"", ""sum_of_loss"": ""10277"", ""sum_of_loss_lb"": ""5123""}"
pp_guided_tl:traffic,PP-guided (traffic-last),room-32-32-4,room-32-32-4-random-5,200,0,30.0,solved,0.425457,0.327,12857,193,11945,5123,55,2.509662,0,,/home/carsten/Projects/MAPF/MAPF Evaluator/results/pptl-room-32-4/runs/pp_guided_tl_traffic/room-32-32-4/room-32-32-4-random-5_a200_s0_r0,,,"{""agents"": ""200"", ""comp_time"": ""327"", ""first_ms"": ""327.2"", ""makespan"": ""193"", ""makespan_lb"": ""55"", ""map_file"": ""room-32-32-4.map"", ""pp_demote_rounds"": ""14"", ""pp_failed"": ""0"", ""pp_order"": ""traffic-last"", ""pp_plan_ms"": ""316.1"", ""pp_plan_soc"": ""12857"", ""pp_tl"": ""0"", ""pp_used"": ""1"", ""seed"": ""0"", ""soc"": ""12857"", ""soc_lb"": ""5123"", ""solved"": ""1"", ""solver"": ""planner"", ""sum_of_loss"": ""12011"", ""sum_of_loss_lb"": ""5123""}"
pp_guided_tl:traffic,PP-guided (traffic-last),room-32-32-4,room-32-32-4-random-5,200,1,30.0,solved,0.387221,0.326,12857,193,11945,5123,55,2.509662,0,,/home/carsten/Projects/MAPF/MAPF Evaluator/results/pptl-room-32-4/runs/pp_guided_tl_traffic/room-32-32-4/room-32-32-4-random-5_a200_s1_r0,,,"{""agents"": ""200"", ""comp_time"": ""326"", ""first_ms"": ""325.7"", ""makespan"": ""193"", ""makespan_lb"": ""55"", ""map_file"": ""room-32-32-4.map"", ""pp_demote_rounds"": ""14"", ""pp_failed"": ""0"", ""pp_order"": ""traffic-last"", ""pp_plan_ms"": ""314.8"", ""pp_plan_soc"": ""12857"", ""pp_tl"": ""0"", ""pp_used"": ""1"", ""seed"": ""1"", ""soc"": ""12857"", ""soc_lb"": ""5123"", ""solved"": ""1"", ""solver"": ""planner"", ""sum_of_loss"": ""12011"", ""sum_of_loss_lb"": ""5123""}"
pp_guided_tl:shortest_tl,PP-guided (shortest first) + traffic load in SIPP,room-32-32-4,room-32-32-4-random-5,200,2,30.0,solved,0.567432,0.47,11873,87,10012,5123,55,2.317587,0,,/home/carsten/Projects/MAPF/MAPF Evaluator/results/pptl-room-32-4/runs/pp_guided_tl_shortest_tl/room-32-32-4/room-32-32-4-random-5_a200_s2_r0,,,"{""agents"": ""200"", ""comp_time"": ""470"", ""first_ms"": ""469.8"", ""makespan"": ""87"", ""makespan_lb"": ""55"", ""map_file"": ""room-32-32-4.map"", ""pp_demote_rounds"": ""15"", ""pp_failed"": ""2"", ""pp_order"": ""shortest"", ""pp_plan_ms"": ""438.0"", ""pp_plan_soc"": ""11796"", ""pp_tl"": ""1"", ""pp_used"": ""0"", ""seed"": ""2"", ""soc"": ""11873"", ""soc_lb"": ""5123"", ""solved"": ""1"", ""solver"": ""planner"", ""sum_of_loss"": ""10360"", ""sum_of_loss_lb"": ""5123""}"
pp_guided_tl:traffic_tl,PP-guided (traffic-last) + traffic load in SIPP,room-32-32-4,room-32-32-4-random-5,200,0,30.0,solved,0.154166,0.127,8969,92,8634,5123,55,1.750732,0,,/home/carsten/Projects/MAPF/MAPF Evaluator/results/pptl-room-32-4/runs/pp_guided_tl_traffic_tl/room-32-32-4/room-32-32-4-random-5_a200_s0_r0,,,"{""agents"": ""200"", ""comp_time"": ""127"", ""first_ms"": ""126.7"", ""makespan"": ""92"", ""makespan_lb"": ""55"", ""map_file"": ""room-32-32-4.map"", ""pp_demote_rounds"": ""6"", ""pp_failed"": ""0"", ""pp_order"": ""traffic-last"", ""pp_plan_ms"": ""118.9"", ""pp_plan_soc"": ""8969"", ""pp_tl"": ""1"", ""pp_used"": ""1"", ""seed"": ""0"", ""soc"": ""8969"", ""soc_lb"": ""5123"", ""solved"": ""1"", ""solver"": ""planner"", ""sum_of_loss"": ""8665"", ""sum_of_loss_lb"": ""5123""}"
pp_guided_tl:traffic,PP-guided (traffic-last),room-32-32-4,room-32-32-4-random-5,200,2,30.0,solved,0.374313,0.327,12857,193,11945,5123,55,2.509662,0,,/home/carsten/Projects/MAPF/MAPF Evaluator/results/pptl-room-32-4/runs/pp_guided_tl_traffic/room-32-32-4/room-32-32-4-random-5_a200_s2_r0,,,"{""agents"": ""200"", ""comp_time"": ""327"", ""first_ms"": ""326.5"", ""makespan"": ""193"", ""makespan_lb"": ""55"", ""map_file"": ""room-32-32-4.map"", ""pp_demote_rounds"": ""14"", ""pp_failed"": ""0"", ""pp_order"": ""traffic-last"", ""pp_plan_ms"": ""315.6"", ""pp_plan_soc"": ""12857"", ""pp_tl"": ""0"", ""pp_used"": ""1"", ""seed"": ""2"", ""soc"": ""12857"", ""soc_lb"": ""5123"", ""solved"": ""1"", ""solver"": ""planner"", ""sum_of_loss"": ""12011"", ""sum_of_loss_lb"": ""5123""}"
pp_guided_tl:traffic_tl,PP-guided (traffic-last) + traffic load in SIPP,room-32-32-4,room-32-32-4-random-5,200,2,30.0,solved,0.169554,0.127,8969,92,8634,5123,55,1.750732,0,,/home/carsten/Projects/MAPF/MAPF Evaluator/results/pptl-room-32-4/runs/pp_guided_tl_traffic_tl/room-32-32-4/room-32-32-4-random-5_a200_s2_r0,,,"{""agents"": ""200"", ""comp_time"": ""127"", ""first_ms"": ""126.9"", ""makespan"": ""92"", ""makespan_lb"": ""55"", ""map_file"": ""room-32-32-4.map"", ""pp_demote_rounds"": ""6"", ""pp_failed"": ""0"", ""pp_order"": ""traffic-last"", ""pp_plan_ms"": ""119.2"", ""pp_plan_soc"": ""8969"", ""pp_tl"": ""1"", ""pp_used"": ""1"", ""seed"": ""2"", ""soc"": ""8969"", ""soc_lb"": ""5123"", ""solved"": ""1"", ""solver"": ""planner"", ""sum_of_loss"": ""8665"", ""sum_of_loss_lb"": ""5123""}"
pp_guided_tl:traffic_tl,PP-guided (traffic-last) + traffic load in SIPP,room-32-32-4,room-32-32-4-random-5,200,1,30.0,solved,0.228332,0.128,8969,92,8634,5123,55,1.750732,0,,/home/carsten/Projects/MAPF/MAPF Evaluator/results/pptl-room-32-4/runs/pp_guided_tl_traffic_tl/room-32-32-4/room-32-32-4-random-5_a200_s1_r0,,,"{""agents"": ""200"", ""comp_time"": ""128"", ""first_ms"": ""127.6"", ""makespan"": ""92"", ""makespan_lb"": ""55"", ""map_file"": ""room-32-32-4.map"", ""pp_demote_rounds"": ""6"", ""pp_failed"": ""0"", ""pp_order"": ""traffic-last"", ""pp_plan_ms"": ""119.9"", ""pp_plan_soc"": ""8969"", ""pp_tl"": ""1"", ""pp_used"": ""1"", ""seed"": ""1"", ""soc"": ""8969"", ""soc_lb"": ""5123"", ""solved"": ""1"", ""solver"": ""planner"", ""sum_of_loss"": ""8665"", ""sum_of_loss_lb"": ""5123""}"
