solver_id,solver_label,map,scen,agents,seed,timeout,status,wallclock_s,solver_time_s,soc,makespan,sum_of_loss,soc_lb,makespan_lb,soc_ratio,exit_code,error,run_dir,first_soc,first_time_s,solver_stats
lg_lacam_fork:lacam,"LaCAM (no guidance, first solution)",maze-32-32-4,maze-32-32-4-random-1,50,0,30.0,solved,0.050372,0.008,3047,92,2648,2350,92,1.296596,0,,/home/carsten/Projects/MAPF/MAPF Evaluator/results/tlcpp-maze-32-4/runs/lg_lacam_fork_lacam/maze-32-32-4/maze-32-32-4-random-1_a50_s0_r0,3047,0.008,"{""agents"": ""50"", ""comp_time"": ""8"", ""makespan"": ""92"", ""makespan_lb"": ""92"", ""map_file"": ""maze-32-32-4.map"", ""seed"": ""0"", ""soc"": ""3047"", ""soc_lb"": ""2350"", ""solved"": ""1"", ""solver"": ""planner"", ""sum_of_loss"": ""2677"", ""sum_of_loss_lb"": ""2350""}"
lg_lacam_fork:lacam,"LaCAM (no guidance, first solution)",maze-32-32-4,maze-32-32-4-random-1,50,2,30.0,solved,0.092314,0.008,3102,92,2665,2350,92,1.32,0,,/home/carsten/Projects/MAPF/MAPF Evaluator/results/tlcpp-maze-32-4/runs/lg_lacam_fork_lacam/maze-32-32-4/maze-32-32-4-random-1_a50_s2_r0,3102,0.008,"{""agents"": ""50"", ""comp_time"": ""8"", ""makespan"": ""92"", ""makespan_lb"": ""92"", ""map_file"": ""maze-32-32-4.map"", ""seed"": ""2"", ""soc"": ""3102"", ""soc_lb"": ""2350"", ""solved"": ""1"", ""solver"": ""planner"", ""sum_of_loss"": ""2702"", ""sum_of_loss_lb"": ""2350""}"
lg_lacam_fork:lacam,"LaCAM (no guidance, first solution)",maze-32-32-4,maze-32-32-4-random-1,50,1,30.0,solved,0.04728,0.013,3051,92,2627,2350,92,1.298298,0,,/home/carsten/Projects/MAPF/MAPF Evaluator/results/tlcpp-maze-32-4/runs/lg_lacam_fork_lacam/maze-32-32-4/maze-32-32-4-random-1_a50_s1_r0,3051,0.013,"{""agents"": ""50"", ""comp_time"": ""13"", ""makespan"": ""92"", ""makespan_lb"": ""92"", ""map_file"": ""maze-32-32-4.map"", ""seed"": ""1"", ""soc"": ""3051"", ""soc_lb"": ""2350"", ""solved"": ""1"", ""solver"": ""planner"", ""sum_of_loss"": ""2656"", ""sum_of_loss_lb"": ""2350""}"
lg_lacam_fork:tl,"LaCAM + traffic load (tie-break, per config)",maze-32-32-4,maze-32-32-4-random-1,50,0,30.0,solved,0.069071,0.009,2839,92,2534,2350,92,1.208085,0,,/home/carsten/Projects/MAPF/MAPF Evaluator/results/tlcpp-maze-32-4/runs/lg_lacam_fork_tl/maze-32-32-4/maze-32-32-4-random-1_a50_s0_r0,2839,0.009,"{""agents"": ""50"", ""comp_time"": ""9"", ""makespan"": ""92"", ""makespan_lb"": ""92"", ""map_file"": ""maze-32-32-4.map"", ""seed"": ""0"", ""soc"": ""2839"", ""soc_lb"": ""2350"", ""solved"": ""1"", ""solver"": ""planner"", ""sum_of_loss"": ""2551"", ""sum_of_loss_lb"": ""2350""}"
lg_lacam_fork:tl,"LaCAM + traffic load (tie-break, per config)",maze-32-32-4,maze-32-32-4-random-1,50,1,30.0,solved,0.046492,0.007,2814,92,2533,2350,92,1.197447,0,,/home/carsten/Projects/MAPF/MAPF Evaluator/results/tlcpp-maze-32-4/runs/lg_lacam_fork_tl/maze-32-32-4/maze-32-32-4-random-1_a50_s1_r0,2814,0.007,"{""agents"": ""50"", ""comp_time"": ""7"", ""makespan"": ""92"", ""makespan_lb"": ""92"", ""map_file"": ""maze-32-32-4.map"", ""seed"": ""1"", ""soc"": ""2814"", ""soc_lb"": ""2350"", ""solved"": ""1"", ""solver"": ""planner"", ""sum_of_loss"": ""2549"", ""sum_of_loss_lb"": ""2350""}"
lg_lacam_fork:tl,"LaCAM + traffic load (tie-break, per config)",maze-32-32-4,maze-32-32-4-random-1,50,2,30.0,solved,0.083217,0.01,2835,92,2531,2350,92,1.206383,0,,/home/carsten/Projects/MAPF/MAPF Evaluator/results/tlcpp-maze-32-4/runs/lg_lacam_fork_tl/maze-32-32-4/maze-32-32-4-random-1_a50_s2_r0,2835,0.01,"{""agents"": ""50"", ""comp_time"": ""10"", ""makespan"": ""92"", ""makespan_lb"": ""92"", ""map_file"": ""maze-32-32-4.map"", ""seed"": ""2"", ""soc"": ""2835"", ""soc_lb"": ""2350"", ""solved"": ""1"", ""solver"": ""planner"", ""sum_of_loss"": ""2547"", ""sum_of_loss_lb"": ""2350""}"
lg_lacam_fork:tl_agent,"LaCAM + traffic load (tie-break, per agent)",maze-32-32-4,maze-32-32-4-random-1,50,1,30.0,solved,0.022892,0.01,2771,92,2527,2350,92,1.179149,0,,/home/carsten/Projects/MAPF/MAPF Evaluator/results/tlcpp-maze-32-4/runs/lg_lacam_fork_tl_agent/maze-32-32-4/maze-32-32-4-random-1_a50_s1_r0,2771,0.01,"{""agents"": ""50"", ""comp_time"": ""10"", ""makespan"": ""92"", ""makespan_lb"": ""92"", ""map_file"": ""maze-32-32-4.map"", ""seed"": ""1"", ""soc"": ""2771"", ""soc_lb"": ""2350"", ""solved"": ""1"", ""solver"": ""planner"", ""sum_of_loss"": ""2542"", ""sum_of_loss_lb"": ""2350""}"
lg_lacam_fork:tl_agent,"LaCAM + traffic load (tie-break, per agent)",maze-32-32-4,maze-32-32-4-random-1,50,0,30.0,solved,0.034113,0.012,2771,92,2531,2350,92,1.179149,0,,/home/carsten/Projects/MAPF/MAPF Evaluator/results/tlcpp-maze-32-4/runs/lg_lacam_fork_tl_agent/maze-32-32-4/maze-32-32-4-random-1_a50_s0_r0,2771,0.012,"{""agents"": ""50"", ""comp_time"": ""12"", ""makespan"": ""92"", ""makespan_lb"": ""92"", ""map_file"": ""maze-32-32-4.map"", ""seed"": ""0"", ""soc"": ""2771"", ""soc_lb"": ""2350"", ""solved"": ""1"", ""solver"": ""planner"", ""sum_of_loss"": ""2546"", ""sum_of_loss_lb"": ""2350""}"
lg_lacam_fork:tl_agent,"LaCAM + traffic load (tie-break, per agent)",maze-32-32-4,maze-32-32-4-random-1,50,2,30.0,solved,0.049853,0.025,2722,92,2527,2350,92,1.158298,0,,/home/carsten/Projects/MAPF/MAPF Evaluator/results/tlcpp-maze-32-4/runs/lg_lacam_fork_tl_agent/maze-32-32-4/maze-32-32-4-random-1_a50_s2_r0,2722,0.025,"{""agents"": ""50"", ""comp_time"": ""25"", ""makespan"": ""92"", ""makespan_lb"": ""92"", ""map_file"": ""maze-32-32-4.map"", ""seed"": ""2"", ""soc"": ""2722"", ""soc_lb"": ""2350"", ""solved"": ""1"", ""solver"": ""planner"", ""sum_of_loss"": ""2542"", ""sum_of_loss_lb"": ""2350""}"
lg_lacam_fork:tl_static,LaCAM + traffic load (static map from starts),maze-32-32-4,maze-32-32-4-random-1,50,0,30.0,solved,0.036623,0.019,3036,92,2642,2350,92,1.291915,0,,/home/carsten/Projects/MAPF/MAPF Evaluator/results/tlcpp-maze-32-4/runs/lg_lacam_fork_tl_static/maze-32-32-4/maze-32-32-4-random-1_a50_s0_r0,3036,0.019,"{""agents"": ""50"", ""comp_time"": ""19"", ""makespan"": ""92"", ""makespan_lb"": ""92"", ""map_file"": ""maze-32-32-4.map"", ""seed"": ""0"", ""soc"": ""3036"", ""soc_lb"": ""2350"", ""solved"": ""1"", ""solver"": ""planner"", ""sum_of_loss"": ""2667"", ""sum_of_loss_lb"": ""2350""}"
lg_lacam_fork:tl_static,LaCAM + traffic load (static map from starts),maze-32-32-4,maze-32-32-4-random-1,50,2,30.0,solved,0.038709,0.016,3140,92,2657,2350,92,1.33617,0,,/home/carsten/Projects/MAPF/MAPF Evaluator/results/tlcpp-maze-32-4/runs/lg_lacam_fork_tl_static/maze-32-32-4/maze-32-32-4-random-1_a50_s2_r0,3140,0.016,"{""agents"": ""50"", ""comp_time"": ""16"", ""makespan"": ""92"", ""makespan_lb"": ""92"", ""map_file"": ""maze-32-32-4.map"", ""seed"": ""2"", ""soc"": ""3140"", ""soc_lb"": ""2350"", ""solved"": ""1"", ""solver"": ""planner"", ""sum_of_loss"": ""2684"", ""sum_of_loss_lb"": ""2350""}"
lg_lacam_fork:tl_static,LaCAM + traffic load (static map from starts),maze-32-32-4,maze-32-32-4-random-1,50,1,30.0,solved,0.066618,0.01,3158,92,2669,2350,92,1.34383,0,,/home/carsten/Projects/MAPF/MAPF Evaluator/results/tlcpp-maze-32-4/runs/lg_lacam_fork_tl_static/maze-32-32-4/maze-32-32-4-random-1_a50_s1_r0,3158,0.01,"{""agents"": ""50"", ""comp_time"": ""10"", ""makespan"": ""92"", ""makespan_lb"": ""92"", ""map_file"": ""maze-32-32-4.map"", ""seed"": ""1"", ""soc"": ""3158"", ""soc_lb"": ""2350"", ""solved"": ""1"", ""solver"": ""planner"", ""sum_of_loss"": ""2698"", ""sum_of_loss_lb"": ""2350""}"
lg_lacam_fork:suo,LaCAM3 = SUO (first solution),maze-32-32-4,maze-32-32-4-random-1,50,0,30.0,solved,0.041924,0.017,2542,94,2493,2350,92,1.081702,0,,/home/carsten/Projects/MAPF/MAPF Evaluator/results/tlcpp-maze-32-4/runs/lg_lacam_fork_suo/maze-32-32-4/maze-32-32-4-random-1_a50_s0_r0,2542,0.017,"{""agents"": ""50"", ""comp_time"": ""17"", ""makespan"": ""94"", ""makespan_lb"": ""92"", ""map_file"": ""maze-32-32-4.map"", ""seed"": ""0"", ""soc"": ""2542"", ""soc_lb"": ""2350"", ""solved"": ""1"", ""solver"": ""planner"", ""sum_of_loss"": ""2498"", ""sum_of_loss_lb"": ""2350""}"
lg_lacam_fork:suo,LaCAM3 = SUO (first solution),maze-32-32-4,maze-32-32-4-random-1,50,1,30.0,solved,0.109649,0.032,2607,94,2492,2350,92,1.109362,0,,/home/carsten/Projects/MAPF/MAPF Evaluator/results/tlcpp-maze-32-4/runs/lg_lacam_fork_suo/maze-32-32-4/maze-32-32-4-random-1_a50_s1_r0,2607,0.032,"{""agents"": ""50"", ""comp_time"": ""32"", ""makespan"": ""94"", ""makespan_lb"": ""92"", ""map_file"": ""maze-32-32-4.map"", ""seed"": ""1"", ""soc"": ""2607"", ""soc_lb"": ""2350"", ""solved"": ""1"", ""solver"": ""planner"", ""sum_of_loss"": ""2499"", ""sum_of_loss_lb"": ""2350""}"
lg_lacam_fork:suo,LaCAM3 = SUO (first solution),maze-32-32-4,maze-32-32-4-random-1,50,2,30.0,solved,0.047268,0.028,2624,94,2499,2350,92,1.116596,0,,/home/carsten/Projects/MAPF/MAPF Evaluator/results/tlcpp-maze-32-4/runs/lg_lacam_fork_suo/maze-32-32-4/maze-32-32-4-random-1_a50_s2_r0,2624,0.028,"{""agents"": ""50"", ""comp_time"": ""28"", ""makespan"": ""94"", ""makespan_lb"": ""92"", ""map_file"": ""maze-32-32-4.map"", ""seed"": ""2"", ""soc"": ""2624"", ""soc_lb"": ""2350"", ""solved"": ""1"", ""solver"": ""planner"", ""sum_of_loss"": ""2508"", ""sum_of_loss_lb"": ""2350""}"
lg_lacam_fork:suo_tl,SUO + traffic load,maze-32-32-4,maze-32-32-4-random-1,50,1,30.0,solved,0.066267,0.02,2604,94,2488,2350,92,1.108085,0,,/home/carsten/Projects/MAPF/MAPF Evaluator/results/tlcpp-maze-32-4/runs/lg_lacam_fork_suo_tl/maze-32-32-4/maze-32-32-4-random-1_a50_s1_r0,2604,0.02,"{""agents"": ""50"", ""comp_time"": ""20"", ""makespan"": ""94"", ""makespan_lb"": ""92"", ""map_file"": ""maze-32-32-4.map"", ""seed"": ""1"", ""soc"": ""2604"", ""soc_lb"": ""2350"", ""solved"": ""1"", ""solver"": ""planner"", ""sum_of_loss"": ""2492"", ""sum_of_loss_lb"": ""2350""}"
lg_lacam_fork:suo_tl,SUO + traffic load,maze-32-32-4,maze-32-32-4-random-1,50,0,30.0,solved,0.156217,0.101,2558,94,2488,2350,92,1.088511,0,,/home/carsten/Projects/MAPF/MAPF Evaluator/results/tlcpp-maze-32-4/runs/lg_lacam_fork_suo_tl/maze-32-32-4/maze-32-32-4-random-1_a50_s0_r0,2558,0.101,"{""agents"": ""50"", ""comp_time"": ""101"", ""makespan"": ""94"", ""makespan_lb"": ""92"", ""map_file"": ""maze-32-32-4.map"", ""seed"": ""0"", ""soc"": ""2558"", ""soc_lb"": ""2350"", ""solved"": ""1"", ""solver"": ""planner"", ""sum_of_loss"": ""2492"", ""sum_of_loss_lb"": ""2350""}"
lg_lacam_fork:suo_tl,SUO + traffic load,maze-32-32-4,maze-32-32-4-random-1,50,2,30.0,solved,0.117678,0.083,2551,94,2489,2350,92,1.085532,0,,/home/carsten/Projects/MAPF/MAPF Evaluator/results/tlcpp-maze-32-4/runs/lg_lacam_fork_suo_tl/maze-32-32-4/maze-32-32-4-random-1_a50_s2_r0,2551,0.083,"{""agents"": ""50"", ""comp_time"": ""83"", ""makespan"": ""94"", ""makespan_lb"": ""92"", ""map_file"": ""maze-32-32-4.map"", ""seed"": ""2"", ""soc"": ""2551"", ""soc_lb"": ""2350"", ""solved"": ""1"", ""solver"": ""planner"", ""sum_of_loss"": ""2492"", ""sum_of_loss_lb"": ""2350""}"
lg_lacam_fork:lg,"LG-LaCAM (window 20, first solution)",maze-32-32-4,maze-32-32-4-random-1,50,0,30.0,solved,0.14604,0.101,2506,94,2460,2350,92,1.066383,0,,/home/carsten/Projects/MAPF/MAPF Evaluator/results/tlcpp-maze-32-4/runs/lg_lacam_fork_lg/maze-32-32-4/maze-32-32-4-random-1_a50_s0_r0,2506,0.101,"{""agents"": ""50"", ""comp_time"": ""101"", ""makespan"": ""94"", ""makespan_lb"": ""92"", ""map_file"": ""maze-32-32-4.map"", ""seed"": ""0"", ""soc"": ""2506"", ""soc_lb"": ""2350"", ""solved"": ""1"", ""solver"": ""planner"", ""sum_of_loss"": ""2463"", ""sum_of_loss_lb"": ""2350""}"
lg_lacam_fork:lg,"LG-LaCAM (window 20, first solution)",maze-32-32-4,maze-32-32-4-random-1,50,1,30.0,solved,0.157917,0.129,2537,94,2475,2350,92,1.079574,0,,/home/carsten/Projects/MAPF/MAPF Evaluator/results/tlcpp-maze-32-4/runs/lg_lacam_fork_lg/maze-32-32-4/maze-32-32-4-random-1_a50_s1_r0,2537,0.129,"{""agents"": ""50"", ""comp_time"": ""129"", ""makespan"": ""94"", ""makespan_lb"": ""92"", ""map_file"": ""maze-32-32-4.map"", ""seed"": ""1"", ""soc"": ""2537"", ""soc_lb"": ""2350"", ""solved"": ""1"", ""solver"": ""planner"", ""sum_of_loss"": ""2482"", ""sum_of_loss_lb"": ""2350""}"
lg_lacam_fork:lg,"LG-LaCAM (window 20, first solution)",maze-32-32-4,maze-32-32-4-random-1,50,2,30.0,solved,0.192249,0.132,2528,94,2469,2350,92,1.075745,0,,/home/carsten/Projects/MAPF/MAPF Evaluator/results/tlcpp-maze-32-4/runs/lg_lacam_fork_lg/maze-32-32-4/maze-32-32-4-random-1_a50_s2_r0,2528,0.132,"{""agents"": ""50"", ""comp_time"": ""132"", ""makespan"": ""94"", ""makespan_lb"": ""92"", ""map_file"": ""maze-32-32-4.map"", ""seed"": ""2"", ""soc"": ""2528"", ""soc_lb"": ""2350"", ""solved"": ""1"", ""solver"": ""planner"", ""sum_of_loss"": ""2474"", ""sum_of_loss_lb"": ""2350""}"
lg_lacam_fork:lg_tl,LG-LaCAM (window 20) + traffic load,maze-32-32-4,maze-32-32-4-random-1,50,0,30.0,solved,0.181124,0.12,2502,94,2457,2350,92,1.064681,0,,/home/carsten/Projects/MAPF/MAPF Evaluator/results/tlcpp-maze-32-4/runs/lg_lacam_fork_lg_tl/maze-32-32-4/maze-32-32-4-random-1_a50_s0_r0,2502,0.12,"{""agents"": ""50"", ""comp_time"": ""120"", ""makespan"": ""94"", ""makespan_lb"": ""92"", ""map_file"": ""maze-32-32-4.map"", ""seed"": ""0"", ""soc"": ""2502"", ""soc_lb"": ""2350"", ""solved"": ""1"", ""solver"": ""planner"", ""sum_of_loss"": ""2459"", ""sum_of_loss_lb"": ""2350""}"
lg_lacam_fork:lg_tl,LG-LaCAM (window 20) + traffic load,maze-32-32-4,maze-32-32-4-random-1,50,1,30.0,solved,0.162249,0.086,2503,94,2460,2350,92,1.065106,0,,/home/carsten/Projects/MAPF/MAPF Evaluator/results/tlcpp-maze-32-4/runs/lg_lacam_fork_lg_tl/maze-32-32-4/maze-32-32-4-random-1_a50_s1_r0,2503,0.086,"{""agents"": ""50"", ""comp_time"": ""86"", ""makespan"": ""94"", ""makespan_lb"": ""92"", ""map_file"": ""maze-32-32-4.map"", ""seed"": ""1"", ""soc"": ""2503"", ""soc_lb"": ""2350"", ""solved"": ""1"", ""solver"": ""planner"", ""sum_of_loss"": ""2462"", ""sum_of_loss_lb"": ""2350""}"
lg_lacam_fork:lg_tl,LG-LaCAM (window 20) + traffic load,maze-32-32-4,maze-32-32-4-random-1,50,2,30.0,solved,0.109494,0.052,2505,94,2462,2350,92,1.065957,0,,/home/carsten/Projects/MAPF/MAPF Evaluator/results/tlcpp-maze-32-4/runs/lg_lacam_fork_lg_tl/maze-32-32-4/maze-32-32-4-random-1_a50_s2_r0,2505,0.052,"{""agents"": ""50"", ""comp_time"": ""52"", ""makespan"": ""94"", ""makespan_lb"": ""92"", ""map_file"": ""maze-32-32-4.map"", ""seed"": ""2"", ""soc"": ""2505"", ""soc_lb"": ""2350"", ""solved"": ""1"", ""solver"": ""planner"", ""sum_of_loss"": ""2464"", ""sum_of_loss_lb"": ""2350""}"
lg_lacam_fork:lg_suo,LG-LaCAM (window 20) + SUO,maze-32-32-4,maze-32-32-4-random-1,50,0,30.0,solved,0.156444,0.097,2513,94,2466,2350,92,1.069362,0,,/home/carsten/Projects/MAPF/MAPF Evaluator/results/tlcpp-maze-32-4/runs/lg_lacam_fork_lg_suo/maze-32-32-4/maze-32-32-4-random-1_a50_s0_r0,2513,0.097,"{""agents"": ""50"", ""comp_time"": ""97"", ""makespan"": ""94"", ""makespan_lb"": ""92"", ""map_file"": ""maze-32-32-4.map"", ""seed"": ""0"", ""soc"": ""2513"", ""soc_lb"": ""2350"", ""solved"": ""1"", ""solver"": ""planner"", ""sum_of_loss"": ""2468"", ""sum_of_loss_lb"": ""2350""}"
lg_lacam_fork:lg_suo_tl,LG-LaCAM (window 20) + SUO + traffic load,maze-32-32-4,maze-32-32-4-random-1,50,0,30.0,solved,0.070245,0.032,2513,94,2466,2350,92,1.069362,0,,/home/carsten/Projects/MAPF/MAPF Evaluator/results/tlcpp-maze-32-4/runs/lg_lacam_fork_lg_suo_tl/maze-32-32-4/maze-32-32-4-random-1_a50_s0_r0,2513,0.032,"{""agents"": ""50"", ""comp_time"": ""32"", ""makespan"": ""94"", ""makespan_lb"": ""92"", ""map_file"": ""maze-32-32-4.map"", ""seed"": ""0"", ""soc"": ""2513"", ""soc_lb"": ""2350"", ""solved"": ""1"", ""solver"": ""planner"", ""sum_of_loss"": ""2468"", ""sum_of_loss_lb"": ""2350""}"
lg_lacam_fork:lg_suo,LG-LaCAM (window 20) + SUO,maze-32-32-4,maze-32-32-4-random-1,50,1,30.0,solved,0.161063,0.105,2520,94,2471,2350,92,1.07234,0,,/home/carsten/Projects/MAPF/MAPF Evaluator/results/tlcpp-maze-32-4/runs/lg_lacam_fork_lg_suo/maze-32-32-4/maze-32-32-4-random-1_a50_s1_r0,2520,0.105,"{""agents"": ""50"", ""comp_time"": ""105"", ""makespan"": ""94"", ""makespan_lb"": ""92"", ""map_file"": ""maze-32-32-4.map"", ""seed"": ""1"", ""soc"": ""2520"", ""soc_lb"": ""2350"", ""solved"": ""1"", ""solver"": ""planner"", ""sum_of_loss"": ""2475"", ""sum_of_loss_lb"": ""2350""}"
lg_lacam_fork:lg_suo,LG-LaCAM (window 20) + SUO,maze-32-32-4,maze-32-32-4-random-1,50,2,30.0,solved,0.160946,0.081,2532,94,2475,2350,92,1.077447,0,,/home/carsten/Projects/MAPF/MAPF Evaluator/results/tlcpp-maze-32-4/runs/lg_lacam_fork_lg_suo/maze-32-32-4/maze-32-32-4-random-1_a50_s2_r0,2532,0.081,"{""agents"": ""50"", ""comp_time"": ""81"", ""makespan"": ""94"", ""makespan_lb"": ""92"", ""map_file"": ""maze-32-32-4.map"", ""seed"": ""2"", ""soc"": ""2532"", ""soc_lb"": ""2350"", ""solved"": ""1"", ""solver"": ""planner"", ""sum_of_loss"": ""2478"", ""sum_of_loss_lb"": ""2350""}"
lg_lacam_fork:lg_suo_tl,LG-LaCAM (window 20) + SUO + traffic load,maze-32-32-4,maze-32-32-4-random-1,50,2,30.0,solved,0.090091,0.041,2517,94,2472,2350,92,1.071064,0,,/home/carsten/Projects/MAPF/MAPF Evaluator/results/tlcpp-maze-32-4/runs/lg_lacam_fork_lg_suo_tl/maze-32-32-4/maze-32-32-4-random-1_a50_s2_r0,2517,0.041,"{""agents"": ""50"", ""comp_time"": ""41"", ""makespan"": ""94"", ""makespan_lb"": ""92"", ""map_file"": ""maze-32-32-4.map"", ""seed"": ""2"", ""soc"": ""2517"", ""soc_lb"": ""2350"", ""solved"": ""1"", ""solver"": ""planner"", ""sum_of_loss"": ""2474"", ""sum_of_loss_lb"": ""2350""}"
lg_lacam_fork:lg_suo_tl,LG-LaCAM (window 20) + SUO + traffic load,maze-32-32-4,maze-32-32-4-random-1,50,1,30.0,solved,0.210922,0.163,2507,94,2460,2350,92,1.066809,0,,/home/carsten/Projects/MAPF/MAPF Evaluator/results/tlcpp-maze-32-4/runs/lg_lacam_fork_lg_suo_tl/maze-32-32-4/maze-32-32-4-random-1_a50_s1_r0,2507,0.163,"{""agents"": ""50"", ""comp_time"": ""163"", ""makespan"": ""94"", ""makespan_lb"": ""92"", ""map_file"": ""maze-32-32-4.map"", ""seed"": ""1"", ""soc"": ""2507"", ""soc_lb"": ""2350"", ""solved"": ""1"", ""solver"": ""planner"", ""sum_of_loss"": ""2462"", ""sum_of_loss_lb"": ""2350""}"
lg_lacam_fork:lacam,"LaCAM (no guidance, first solution)",maze-32-32-4,maze-32-32-4-random-1,100,1,30.0,solved,0.067098,0.022,7053,128,5998,4450,92,1.584944,0,,/home/carsten/Projects/MAPF/MAPF Evaluator/results/tlcpp-maze-32-4/runs/lg_lacam_fork_lacam/maze-32-32-4/maze-32-32-4-random-1_a100_s1_r0,7053,0.022,"{""agents"": ""100"", ""comp_time"": ""22"", ""makespan"": ""128"", ""makespan_lb"": ""92"", ""map_file"": ""maze-32-32-4.map"", ""seed"": ""1"", ""soc"": ""7053"", ""soc_lb"": ""4450"", ""solved"": ""1"", ""solver"": ""planner"", ""sum_of_loss"": ""6097"", ""sum_of_loss_lb"": ""4450""}"
lg_lacam_fork:lacam,"LaCAM (no guidance, first solution)",maze-32-32-4,maze-32-32-4-random-1,100,0,30.0,solved,0.090174,0.032,6825,120,5895,4450,92,1.533708,0,,/home/carsten/Projects/MAPF/MAPF Evaluator/results/tlcpp-maze-32-4/runs/lg_lacam_fork_lacam/maze-32-32-4/maze-32-32-4-random-1_a100_s0_r0,6825,0.032,"{""agents"": ""100"", ""comp_time"": ""32"", ""makespan"": ""120"", ""makespan_lb"": ""92"", ""map_file"": ""maze-32-32-4.map"", ""seed"": ""0"", ""soc"": ""6825"", ""soc_lb"": ""4450"", ""solved"": ""1"", ""solver"": ""planner"", ""sum_of_loss"": ""6004"", ""sum_of_loss_lb"": ""4450""}"
lg_lacam_fork:tl,"LaCAM + traffic load (tie-break, per config)",maze-32-32-4,maze-32-32-4-random-1,100,2,30.0,solved,0.038458,0.012,6349,104,5447,4450,92,1.426742,0,,/home/carsten/Projects/MAPF/MAPF Evaluator/results/tlcpp-maze-32-4/runs/lg_lacam_fork_tl/maze-32-32-4/maze-32-32-4-random-1_a100_s2_r0,6349,0.012,"{""agents"": ""100"", ""comp_time"": ""12"", ""makespan"": ""104"", ""makespan_lb"": ""92"", ""map_file"": ""maze-32-32-4.map"", ""seed"": ""2"", ""soc"": ""6349"", ""soc_lb"": ""4450"", ""solved"": ""1"", ""solver"": ""planner"", ""sum_of_loss"": ""5540"", ""sum_of_loss_lb"": ""4450""}"
lg_lacam_fork:lacam,"LaCAM (no guidance, first solution)",maze-32-32-4,maze-32-32-4-random-1,100,2,30.0,solved,0.108768,0.05,6844,107,5893,4450,92,1.537978,0,,/home/carsten/Projects/MAPF/MAPF Evaluator/results/tlcpp-maze-32-4/runs/lg_lacam_fork_lacam/maze-32-32-4/maze-32-32-4-random-1_a100_s2_r0,6844,0.05,"{""agents"": ""100"", ""comp_time"": ""50"", ""makespan"": ""107"", ""makespan_lb"": ""92"", ""map_file"": ""maze-32-32-4.map"", ""seed"": ""2"", ""soc"": ""6844"", ""soc_lb"": ""4450"", ""solved"": ""1"", ""solver"": ""planner"", ""sum_of_loss"": ""6011"", ""sum_of_loss_lb"": ""4450""}"
lg_lacam_fork:tl,"LaCAM + traffic load (tie-break, per config)",maze-32-32-4,maze-32-32-4-random-1,100,1,30.0,solved,0.134649,0.025,6224,104,5449,4450,92,1.398652,0,,/home/carsten/Projects/MAPF/MAPF Evaluator/results/tlcpp-maze-32-4/runs/lg_lacam_fork_tl/maze-32-32-4/maze-32-32-4-random-1_a100_s1_r0,6224,0.025,"{""agents"": ""100"", ""comp_time"": ""25"", ""makespan"": ""104"", ""makespan_lb"": ""92"", ""map_file"": ""maze-32-32-4.map"", ""seed"": ""1"", ""soc"": ""6224"", ""soc_lb"": ""4450"", ""solved"": ""1"", ""solver"": ""planner"", ""sum_of_loss"": ""5540"", ""sum_of_loss_lb"": ""4450""}"
lg_lacam_fork:tl,"LaCAM + traffic load (tie-break, per config)",maze-32-32-4,maze-32-32-4-random-1,100,0,30.0,solved,0.184424,0.125,6271,104,5442,4450,92,1.409213,0,,/home/carsten/Projects/MAPF/MAPF Evaluator/results/tlcpp-maze-32-4/runs/lg_lacam_fork_tl/maze-32-32-4/maze-32-32-4-random-1_a100_s0_r0,6271,0.125,"{""agents"": ""100"", ""comp_time"": ""125"", ""makespan"": ""104"", ""makespan_lb"": ""92"", ""map_file"": ""maze-32-32-4.map"", ""seed"": ""0"", ""soc"": ""6271"", ""soc_lb"": ""4450"", ""solved"": ""1"", ""solver"": ""planner"", ""sum_of_loss"": ""5535"", ""sum_of_loss_lb"": ""4450""}"
lg_lacam_fork:tl_agent,"LaCAM + traffic load (tie-break, per agent)",maze-32-32-4,maze-32-32-4-random-1,100,0,30.0,solved,0.081377,0.053,6035,103,5320,4450,92,1.35618,0,,/home/carsten/Projects/MAPF/MAPF Evaluator/results/tlcpp-maze-32-4/runs/lg_lacam_fork_tl_agent/maze-32-32-4/maze-32-32-4-random-1_a100_s0_r0,6035,0.053,"{""agents"": ""100"", ""comp_time"": ""53"", ""makespan"": ""103"", ""makespan_lb"": ""92"", ""map_file"": ""maze-32-32-4.map"", ""seed"": ""0"", ""soc"": ""6035"", ""soc_lb"": ""4450"", ""solved"": ""1"", ""solver"": ""planner"", ""sum_of_loss"": ""5399"", ""sum_of_loss_lb"": ""4450""}"
lg_lacam_fork:tl_agent,"LaCAM + traffic load (tie-break, per agent)",maze-32-32-4,maze-32-32-4-random-1,100,1,30.0,solved,0.09083,0.051,6128,103,5326,4450,92,1.377079,0,,/home/carsten/Projects/MAPF/MAPF Evaluator/results/tlcpp-maze-32-4/runs/lg_lacam_fork_tl_agent/maze-32-32-4/maze-32-32-4-random-1_a100_s1_r0,6128,0.051,"{""agents"": ""100"", ""comp_time"": ""51"", ""makespan"": ""103"", ""makespan_lb"": ""92"", ""map_file"": ""maze-32-32-4.map"", ""seed"": ""1"", ""soc"": ""6128"", ""soc_lb"": ""4450"", ""solved"": ""1"", ""solver"": ""planner"", ""sum_of_loss"": ""5411"", ""sum_of_loss_lb"": ""4450""}"
lg_lacam_fork:tl_agent,"LaCAM + traffic load (tie-break, per agent)",maze-32-32-4,maze-32-32-4-random-1,100,2,30.0,solved,0.158683,0.065,6075,103,5322,4450,92,1.365169,0,,/home/carsten/Projects/MAPF/MAPF Evaluator/results/tlcpp-maze-32-4/runs/lg_lacam_fork_tl_agent/maze-32-32-4/maze-32-32-4-random-1_a100_s2_r0,6075,0.065,"{""agents"": ""100"", ""comp_time"": ""65"", ""makespan"": ""103"", ""makespan_lb"": ""92"", ""map_file"": ""maze-32-32-4.map"", ""seed"": ""2"", ""soc"": ""6075"", ""soc_lb"": ""4450"", ""solved"": ""1"", ""solver"": ""planner"", ""sum_of_loss"": ""5407"", ""sum_of_loss_lb"": ""4450""}"
lg_lacam_fork:tl_static,LaCAM + traffic load (static map from starts),maze-32-32-4,maze-32-32-4-random-1,100,0,30.0,solved,0.05209,0.018,6764,130,5913,4450,92,1.52,0,,/home/carsten/Projects/MAPF/MAPF Evaluator/results/tlcpp-maze-32-4/runs/lg_lacam_fork_tl_static/maze-32-32-4/maze-32-32-4-random-1_a100_s0_r0,6764,0.018,"{""agents"": ""100"", ""comp_time"": ""18"", ""makespan"": ""130"", ""makespan_lb"": ""92"", ""map_file"": ""maze-32-32-4.map"", ""seed"": ""0"", ""soc"": ""6764"", ""soc_lb"": ""4450"", ""solved"": ""1"", ""solver"": ""planner"", ""sum_of_loss"": ""6026"", ""sum_of_loss_lb"": ""4450""}"
lg_lacam_fork:tl_static,LaCAM + traffic load (static map from starts),maze-32-32-4,maze-32-32-4-random-1,100,1,30.0,solved,0.0706,0.035,6766,116,5833,4450,92,1.520449,0,,/home/carsten/Projects/MAPF/MAPF Evaluator/results/tlcpp-maze-32-4/runs/lg_lacam_fork_tl_static/maze-32-32-4/maze-32-32-4-random-1_a100_s1_r0,6766,0.035,"{""agents"": ""100"", ""comp_time"": ""35"", ""makespan"": ""116"", ""makespan_lb"": ""92"", ""map_file"": ""maze-32-32-4.map"", ""seed"": ""1"", ""soc"": ""6766"", ""soc_lb"": ""4450"", ""solved"": ""1"", ""solver"": ""planner"", ""sum_of_loss"": ""5950"", ""sum_of_loss_lb"": ""4450""}"
lg_lacam_fork:tl_static,LaCAM + traffic load (static map from starts),maze-32-32-4,maze-32-32-4-random-1,100,2,30.0,solved,0.117644,0.065,6922,130,5954,4450,92,1.555506,0,,/home/carsten/Projects/MAPF/MAPF Evaluator/results/tlcpp-maze-32-4/runs/lg_lacam_fork_tl_static/maze-32-32-4/maze-32-32-4-random-1_a100_s2_r0,6922,0.065,"{""agents"": ""100"", ""comp_time"": ""65"", ""makespan"": ""130"", ""makespan_lb"": ""92"", ""map_file"": ""maze-32-32-4.map"", ""seed"": ""2"", ""soc"": ""6922"", ""soc_lb"": ""4450"", ""solved"": ""1"", ""solver"": ""planner"", ""sum_of_loss"": ""6080"", ""sum_of_loss_lb"": ""4450""}"
lg_lacam_fork:suo,LaCAM3 = SUO (first solution),maze-32-32-4,maze-32-32-4-random-1,100,1,30.0,solved,0.154686,0.04,6343,114,5810,4450,92,1.425393,0,,/home/carsten/Projects/MAPF/MAPF Evaluator/results/tlcpp-maze-32-4/runs/lg_lacam_fork_suo/maze-32-32-4/maze-32-32-4-random-1_a100_s1_r0,6343,0.04,"{""agents"": ""100"", ""comp_time"": ""40"", ""makespan"": ""114"", ""makespan_lb"": ""92"", ""map_file"": ""maze-32-32-4.map"", ""seed"": ""1"", ""soc"": ""6343"", ""soc_lb"": ""4450"", ""solved"": ""1"", ""solver"": ""planner"", ""sum_of_loss"": ""5868"", ""sum_of_loss_lb"": ""4450""}"
lg_lacam_fork:suo,LaCAM3 = SUO (first solution),maze-32-32-4,maze-32-32-4-random-1,100,0,30.0,solved,0.212147,0.132,6061,123,5451,4450,92,1.362022,0,,/home/carsten/Projects/MAPF/MAPF Evaluator/results/tlcpp-maze-32-4/runs/lg_lacam_fork_suo/maze-32-32-4/maze-32-32-4-random-1_a100_s0_r0,6061,0.132,"{""agents"": ""100"", ""comp_time"": ""132"", ""makespan"": ""123"", ""makespan_lb"": ""92"", ""map_file"": ""maze-32-32-4.map"", ""seed"": ""0"", ""soc"": ""6061"", ""soc_lb"": ""4450"", ""solved"": ""1"", ""solver"": ""planner"", ""sum_of_loss"": ""5503"", ""sum_of_loss_lb"": ""4450""}"
lg_lacam_fork:suo,LaCAM3 = SUO (first solution),maze-32-32-4,maze-32-32-4-random-1,100,2,30.0,solved,0.16198,0.086,7117,146,6205,4450,92,1.599326,0,,/home/carsten/Projects/MAPF/MAPF Evaluator/results/tlcpp-maze-32-4/runs/lg_lacam_fork_suo/maze-32-32-4/maze-32-32-4-random-1_a100_s2_r0,7117,0.086,"{""agents"": ""100"", ""comp_time"": ""86"", ""makespan"": ""146"", ""makespan_lb"": ""92"", ""map_file"": ""maze-32-32-4.map"", ""seed"": ""2"", ""soc"": ""7117"", ""soc_lb"": ""4450"", ""solved"": ""1"", ""solver"": ""planner"", ""sum_of_loss"": ""6268"", ""sum_of_loss_lb"": ""4450""}"
lg_lacam_fork:suo_tl,SUO + traffic load,maze-32-32-4,maze-32-32-4-random-1,100,0,30.0,solved,0.081726,0.041,5972,103,5427,4450,92,1.342022,0,,/home/carsten/Projects/MAPF/MAPF Evaluator/results/tlcpp-maze-32-4/runs/lg_lacam_fork_suo_tl/maze-32-32-4/maze-32-32-4-random-1_a100_s0_r0,5972,0.041,"{""agents"": ""100"", ""comp_time"": ""41"", ""makespan"": ""103"", ""makespan_lb"": ""92"", ""map_file"": ""maze-32-32-4.map"", ""seed"": ""0"", ""soc"": ""5972"", ""soc_lb"": ""4450"", ""solved"": ""1"", ""solver"": ""planner"", ""sum_of_loss"": ""5470"", ""sum_of_loss_lb"": ""4450""}"
lg_lacam_fork:suo_tl,SUO + traffic load,maze-32-32-4,maze-32-32-4-random-1,100,1,30.0,solved,0.116675,0.081,6469,118,5791,4450,92,1.453708,0,,/home/carsten/Projects/MAPF/MAPF Evaluator/results/tlcpp-maze-32-4/runs/lg_lacam_fork_suo_tl/maze-32-32-4/maze-32-32-4-random-1_a100_s1_r0,6469,0.081,"{""agents"": ""100"", ""comp_time"": ""81"", ""makespan"": ""118"", ""makespan_lb"": ""92"", ""map_file"": ""maze-32-32-4.map"", ""seed"": ""1"", ""soc"": ""6469"", ""soc_lb"": ""4450"", ""solved"": ""1"", ""solver"": ""planner"", ""sum_of_loss"": ""5851"", ""sum_of_loss_lb"": ""4450""}"
lg_lacam_fork:suo_tl,SUO + traffic load,maze-32-32-4,maze-32-32-4-random-1,100,2,30.0,solved,0.241748,0.123,7001,157,6372,4450,92,1.573258,0,,/home/carsten/Projects/MAPF/MAPF Evaluator/results/tlcpp-maze-32-4/runs/lg_lacam_fork_suo_tl/maze-32-32-4/maze-32-32-4-random-1_a100_s2_r0,7001,0.123,"{""agents"": ""100"", ""comp_time"": ""123"", ""makespan"": ""157"", ""makespan_lb"": ""92"", ""map_file"": ""maze-32-32-4.map"", ""seed"": ""2"", ""soc"": ""7001"", ""soc_lb"": ""4450"", ""solved"": ""1"", ""solver"": ""planner"", ""sum_of_loss"": ""6418"", ""sum_of_loss_lb"": ""4450""}"
lg_lacam_fork:lg,"LG-LaCAM (window 20, first solution)",maze-32-32-4,maze-32-32-4-random-1,100,0,30.0,solved,0.367227,0.276,5526,123,5331,4450,92,1.241798,0,,/home/carsten/Projects/MAPF/MAPF Evaluator/results/tlcpp-maze-32-4/runs/lg_lacam_fork_lg/maze-32-32-4/maze-32-32-4-random-1_a100_s0_r0,5526,0.276,"{""agents"": ""100"", ""comp_time"": ""276"", ""makespan"": ""123"", ""makespan_lb"": ""92"", ""map_file"": ""maze-32-32-4.map"", ""seed"": ""0"", ""soc"": ""5526"", ""soc_lb"": ""4450"", ""solved"": ""1"", ""solver"": ""planner"", ""sum_of_loss"": ""5357"", ""sum_of_loss_lb"": ""4450""}"
lg_lacam_fork:lg,"LG-LaCAM (window 20, first solution)",maze-32-32-4,maze-32-32-4-random-1,100,1,30.0,solved,0.458333,0.391,5599,104,5255,4450,92,1.258202,0,,/home/carsten/Projects/MAPF/MAPF Evaluator/results/tlcpp-maze-32-4/runs/lg_lacam_fork_lg/maze-32-32-4/maze-32-32-4-random-1_a100_s1_r0,5599,0.391,"{""agents"": ""100"", ""comp_time"": ""391"", ""makespan"": ""104"", ""makespan_lb"": ""92"", ""map_file"": ""maze-32-32-4.map"", ""seed"": ""1"", ""soc"": ""5599"", ""soc_lb"": ""4450"", ""solved"": ""1"", ""solver"": ""planner"", ""sum_of_loss"": ""5277"", ""sum_of_loss_lb"": ""4450""}"
lg_lacam_fork:lg,"LG-LaCAM (window 20, first solution)",maze-32-32-4,maze-32-32-4-random-1,100,2,30.0,solved,0.448217,0.32,5510,108,5275,4450,92,1.238202,0,,/home/carsten/Projects/MAPF/MAPF Evaluator/results/tlcpp-maze-32-4/runs/lg_lacam_fork_lg/maze-32-32-4/maze-32-32-4-random-1_a100_s2_r0,5510,0.32,"{""agents"": ""100"", ""comp_time"": ""320"", ""makespan"": ""108"", ""makespan_lb"": ""92"", ""map_file"": ""maze-32-32-4.map"", ""seed"": ""2"", ""soc"": ""5510"", ""soc_lb"": ""4450"", ""solved"": ""1"", ""solver"": ""planner"", ""sum_of_loss"": ""5297"", ""sum_of_loss_lb"": ""4450""}"
lg_lacam_fork:lg_tl,LG-LaCAM (window 20) + traffic load,maze-32-32-4,maze-32-32-4-random-1,100,0,30.0,solved,0.479667,0.38,5702,126,5333,4450,92,1.281348,0,,/home/carsten/Projects/MAPF/MAPF Evaluator/results/tlcpp-maze-32-4/runs/lg_lacam_fork_lg_tl/maze-32-32-4/maze-32-32-4-random-1_a100_s0_r0,5702,0.38,"{""agents"": ""100"", ""comp_time"": ""380"", ""makespan"": ""126"", ""makespan_lb"": ""92"", ""map_file"": ""maze-32-32-4.map"", ""seed"": ""0"", ""soc"": ""5702"", ""soc_lb"": ""4450"", ""solved"": ""1"", ""solver"": ""planner"", ""sum_of_loss"": ""5368"", ""sum_of_loss_lb"": ""4450""}"
lg_lacam_fork:lg_tl,LG-LaCAM (window 20) + traffic load,maze-32-32-4,maze-32-32-4-random-1,100,2,30.0,solved,0.295181,0.227,5483,102,5238,4450,92,1.232135,0,,/home/carsten/Projects/MAPF/MAPF Evaluator/results/tlcpp-maze-32-4/runs/lg_lacam_fork_lg_tl/maze-32-32-4/maze-32-32-4-random-1_a100_s2_r0,5483,0.227,"{""agents"": ""100"", ""comp_time"": ""227"", ""makespan"": ""102"", ""makespan_lb"": ""92"", ""map_file"": ""maze-32-32-4.map"", ""seed"": ""2"", ""soc"": ""5483"", ""soc_lb"": ""4450"", ""solved"": ""1"", ""solver"": ""planner"", ""sum_of_loss"": ""5267"", ""sum_of_loss_lb"": ""4450""}"
lg_lacam_fork:lg_tl,LG-LaCAM (window 20) + traffic load,maze-32-32-4,maze-32-32-4-random-1,100,1,30.0,solved,0.316482,0.223,5553,119,5258,4450,92,1.247865,0,,/home/carsten/Projects/MAPF/MAPF Evaluator/results/tlcpp-maze-32-4/runs/lg_lacam_fork_lg_tl/maze-32-32-4/maze-32-32-4-random-1_a100_s1_r0,5553,0.223,"{""agents"": ""100"", ""comp_time"": ""223"", ""makespan"": ""119"", ""makespan_lb"": ""92"", ""map_file"": ""maze-32-32-4.map"", ""seed"": ""1"", ""soc"": ""5553"", ""soc_lb"": ""4450"", ""solved"": ""1"", ""solver"": ""planner"", ""sum_of_loss"": ""5281"", ""sum_of_loss_lb"": ""4450""}"
lg_lacam_fork:lg_suo,LG-LaCAM (window 20) + SUO,maze-32-32-4,maze-32-32-4-random-1,100,0,30.0,solved,0.3778,0.295,5692,118,5217,4450,92,1.279101,0,,/home/carsten/Projects/MAPF/MAPF Evaluator/results/tlcpp-maze-32-4/runs/lg_lacam_fork_lg_suo/maze-32-32-4/maze-32-32-4-random-1_a100_s0_r0,5692,0.295,"{""agents"": ""100"", ""comp_time"": ""295"", ""makespan"": ""118"", ""makespan_lb"": ""92"", ""map_file"": ""maze-32-32-4.map"", ""seed"": ""0"", ""soc"": ""5692"", ""soc_lb"": ""4450"", ""solved"": ""1"", ""solver"": ""planner"", ""sum_of_loss"": ""5248"", ""sum_of_loss_lb"": ""4450""}"
lg_lacam_fork:lg_suo,LG-LaCAM (window 20) + SUO,maze-32-32-4,maze-32-32-4-random-1,100,1,30.0,solved,0.289249,0.239,5779,135,5417,4450,92,1.298652,0,,/home/carsten/Projects/MAPF/MAPF Evaluator/results/tlcpp-maze-32-4/runs/lg_lacam_fork_lg_suo/maze-32-32-4/maze-32-32-4-random-1_a100_s1_r0,5779,0.239,"{""agents"": ""100"", ""comp_time"": ""239"", ""makespan"": ""135"", ""makespan_lb"": ""92"", ""map_file"": ""maze-32-32-4.map"", ""seed"": ""1"", ""soc"": ""5779"", ""soc_lb"": ""4450"", ""solved"": ""1"", ""solver"": ""planner"", ""sum_of_loss"": ""5457"", ""sum_of_loss_lb"": ""4450""}"
lg_lacam_fork:lg_suo_tl,LG-LaCAM (window 20) + SUO + traffic load,maze-32-32-4,maze-32-32-4-random-1,100,0,30.0,solved,0.226338,0.158,5637,127,5394,4450,92,1.266742,0,,/home/carsten/Projects/MAPF/MAPF Evaluator/results/tlcpp-maze-32-4/runs/lg_lacam_fork_lg_suo_tl/maze-32-32-4/maze-32-32-4-random-1_a100_s0_r0,5637,0.158,"{""agents"": ""100"", ""comp_time"": ""158"", ""makespan"": ""127"", ""makespan_lb"": ""92"", ""map_file"": ""maze-32-32-4.map"", ""seed"": ""0"", ""soc"": ""5637"", ""soc_lb"": ""4450"", ""solved"": ""1"", ""solver"": ""planner"", ""sum_of_loss"": ""5422"", ""sum_of_loss_lb"": ""4450""}"
lg_lacam_fork:lg_suo,LG-LaCAM (window 20) + SUO,maze-32-32-4,maze-32-32-4-random-1,100,2,30.0,solved,0.376426,0.237,5571,138,5336,4450,92,1.25191,0,,/home/carsten/Projects/MAPF/MAPF Evaluator/results/tlcpp-maze-32-4/runs/lg_lacam_fork_lg_suo/maze-32-32-4/maze-32-32-4-random-1_a100_s2_r0,5571,0.237,"{""agents"": ""100"", ""comp_time"": ""237"", ""makespan"": ""138"", ""makespan_lb"": ""92"", ""map_file"": ""maze-32-32-4.map"", ""seed"": ""2"", ""soc"": ""5571"", ""soc_lb"": ""4450"", ""solved"": ""1"", ""solver"": ""planner"", ""sum_of_loss"": ""5366"", ""sum_of_loss_lb"": ""4450""}"
lg_lacam_fork:lg_suo_tl,LG-LaCAM (window 20) + SUO + traffic load,maze-32-32-4,maze-32-32-4-random-1,100,1,30.0,solved,0.312783,0.278,5577,106,5288,4450,92,1.253258,0,,/home/carsten/Projects/MAPF/MAPF Evaluator/results/tlcpp-maze-32-4/runs/lg_lacam_fork_lg_suo_tl/maze-32-32-4/maze-32-32-4-random-1_a100_s1_r0,5577,0.278,"{""agents"": ""100"", ""comp_time"": ""278"", ""makespan"": ""106"", ""makespan_lb"": ""92"", ""map_file"": ""maze-32-32-4.map"", ""seed"": ""1"", ""soc"": ""5577"", ""soc_lb"": ""4450"", ""solved"": ""1"", ""solver"": ""planner"", ""sum_of_loss"": ""5309"", ""sum_of_loss_lb"": ""4450""}"
lg_lacam_fork:lg_suo_tl,LG-LaCAM (window 20) + SUO + traffic load,maze-32-32-4,maze-32-32-4-random-1,100,2,30.0,solved,0.244733,0.179,5711,122,5354,4450,92,1.283371,0,,/home/carsten/Projects/MAPF/MAPF Evaluator/results/tlcpp-maze-32-4/runs/lg_lacam_fork_lg_suo_tl/maze-32-32-4/maze-32-32-4-random-1_a100_s2_r0,5711,0.179,"{""agents"": ""100"", ""comp_time"": ""179"", ""makespan"": ""122"", ""makespan_lb"": ""92"", ""map_file"": ""maze-32-32-4.map"", ""seed"": ""2"", ""soc"": ""5711"", ""soc_lb"": ""4450"", ""solved"": ""1"", ""solver"": ""planner"", ""sum_of_loss"": ""5381"", ""sum_of_loss_lb"": ""4450""}"
lg_lacam_fork:lacam,"LaCAM (no guidance, first solution)",maze-32-32-4,maze-32-32-4-random-1,150,0,30.0,solved,0.145679,0.066,15334,204,11737,6778,92,2.262319,0,,/home/carsten/Projects/MAPF/MAPF Evaluator/results/tlcpp-maze-32-4/runs/lg_lacam_fork_lacam/maze-32-32-4/maze-32-32-4-random-1_a150_s0_r0,15334,0.066,"{""agents"": ""150"", ""comp_time"": ""66"", ""makespan"": ""204"", ""makespan_lb"": ""92"", ""map_file"": ""maze-32-32-4.map"", ""seed"": ""0"", ""soc"": ""15334"", ""soc_lb"": ""6778"", ""solved"": ""1"", ""solver"": ""planner"", ""sum_of_loss"": ""12021"", ""sum_of_loss_lb"": ""6778""}"
lg_lacam_fork:lacam,"LaCAM (no guidance, first solution)",maze-32-32-4,maze-32-32-4-random-1,150,1,30.0,solved,0.176198,0.056,17172,268,12947,6778,92,2.533491,0,,/home/carsten/Projects/MAPF/MAPF Evaluator/results/tlcpp-maze-32-4/runs/lg_lacam_fork_lacam/maze-32-32-4/maze-32-32-4-random-1_a150_s1_r0,17172,0.056,"{""agents"": ""150"", ""comp_time"": ""56"", ""makespan"": ""268"", ""makespan_lb"": ""92"", ""map_file"": ""maze-32-32-4.map"", ""seed"": ""1"", ""soc"": ""17172"", ""soc_lb"": ""6778"", ""solved"": ""1"", ""solver"": ""planner"", ""sum_of_loss"": ""13234"", ""sum_of_loss_lb"": ""6778""}"
lg_lacam_fork:lacam,"LaCAM (no guidance, first solution)",maze-32-32-4,maze-32-32-4-random-1,150,2,30.0,solved,0.150565,0.047,14873,213,11900,6778,92,2.194305,0,,/home/carsten/Projects/MAPF/MAPF Evaluator/results/tlcpp-maze-32-4/runs/lg_lacam_fork_lacam/maze-32-32-4/maze-32-32-4-random-1_a150_s2_r0,14873,0.047,"{""agents"": ""150"", ""comp_time"": ""47"", ""makespan"": ""213"", ""makespan_lb"": ""92"", ""map_file"": ""maze-32-32-4.map"", ""seed"": ""2"", ""soc"": ""14873"", ""soc_lb"": ""6778"", ""solved"": ""1"", ""solver"": ""planner"", ""sum_of_loss"": ""12163"", ""sum_of_loss_lb"": ""6778""}"
lg_lacam_fork:tl,"LaCAM + traffic load (tie-break, per config)",maze-32-32-4,maze-32-32-4-random-1,150,1,30.0,solved,0.186424,0.068,12632,191,10078,6778,92,1.863677,0,,/home/carsten/Projects/MAPF/MAPF Evaluator/results/tlcpp-maze-32-4/runs/lg_lacam_fork_tl/maze-32-32-4/maze-32-32-4-random-1_a150_s1_r0,12632,0.068,"{""agents"": ""150"", ""comp_time"": ""68"", ""makespan"": ""191"", ""makespan_lb"": ""92"", ""map_file"": ""maze-32-32-4.map"", ""seed"": ""1"", ""soc"": ""12632"", ""soc_lb"": ""6778"", ""solved"": ""1"", ""solver"": ""planner"", ""sum_of_loss"": ""10285"", ""sum_of_loss_lb"": ""6778""}"
lg_lacam_fork:tl,"LaCAM + traffic load (tie-break, per config)",maze-32-32-4,maze-32-32-4-random-1,150,0,30.0,solved,0.229357,0.1,12990,200,10353,6778,92,1.916495,0,,/home/carsten/Projects/MAPF/MAPF Evaluator/results/tlcpp-maze-32-4/runs/lg_lacam_fork_tl/maze-32-32-4/maze-32-32-4-random-1_a150_s0_r0,12990,0.1,"{""agents"": ""150"", ""comp_time"": ""100"", ""makespan"": ""200"", ""makespan_lb"": ""92"", ""map_file"": ""maze-32-32-4.map"", ""seed"": ""0"", ""soc"": ""12990"", ""soc_lb"": ""6778"", ""solved"": ""1"", ""solver"": ""planner"", ""sum_of_loss"": ""10559"", ""sum_of_loss_lb"": ""6778""}"
lg_lacam_fork:tl,"LaCAM + traffic load (tie-break, per config)",maze-32-32-4,maze-32-32-4-random-1,150,2,30.0,solved,0.12622,0.067,12662,189,10062,6778,92,1.868103,0,,/home/carsten/Projects/MAPF/MAPF Evaluator/results/tlcpp-maze-32-4/runs/lg_lacam_fork_tl/maze-32-32-4/maze-32-32-4-random-1_a150_s2_r0,12662,0.067,"{""agents"": ""150"", ""comp_time"": ""67"", ""makespan"": ""189"", ""makespan_lb"": ""92"", ""map_file"": ""maze-32-32-4.map"", ""seed"": ""2"", ""soc"": ""12662"", ""soc_lb"": ""6778"", ""solved"": ""1"", ""solver"": ""planner"", ""sum_of_loss"": ""10280"", ""sum_of_loss_lb"": ""6778""}"
lg_lacam_fork:tl_agent,"LaCAM + traffic load (tie-break, per agent)",maze-32-32-4,maze-32-32-4-random-1,150,0,30.0,solved,0.154942,0.057,12553,202,10048,6778,92,1.852021,0,,/home/carsten/Projects/MAPF/MAPF Evaluator/results/tlcpp-maze-32-4/runs/lg_lacam_fork_tl_agent/maze-32-32-4/maze-32-32-4-random-1_a150_s0_r0,12553,0.057,"{""agents"": ""150"", ""comp_time"": ""57"", ""makespan"": ""202"", ""makespan_lb"": ""92"", ""map_file"": ""maze-32-32-4.map"", ""seed"": ""0"", ""soc"": ""12553"", ""soc_lb"": ""6778"", ""solved"": ""1"", ""solver"": ""planner"", ""sum_of_loss"": ""10254"", ""sum_of_loss_lb"": ""6778""}"
lg_lacam_fork:tl_agent,"LaCAM + traffic load (tie-break, per agent)",maze-32-32-4,maze-32-32-4-random-1,150,2,30.0,solved,0.175678,0.084,12577,188,10216,6778,92,1.855562,0,,/home/carsten/Projects/MAPF/MAPF Evaluator/results/tlcpp-maze-32-4/runs/lg_lacam_fork_tl_agent/maze-32-32-4/maze-32-32-4-random-1_a150_s2_r0,12577,0.084,"{""agents"": ""150"", ""comp_time"": ""84"", ""makespan"": ""188"", ""makespan_lb"": ""92"", ""map_file"": ""maze-32-32-4.map"", ""seed"": ""2"", ""soc"": ""12577"", ""soc_lb"": ""6778"", ""solved"": ""1"", ""solver"": ""planner"", ""sum_of_loss"": ""10440"", ""sum_of_loss_lb"": ""6778""}"
lg_lacam_fork:tl_agent,"LaCAM + traffic load (tie-break, per agent)",maze-32-32-4,maze-32-32-4-random-1,150,1,30.0,solved,0.18046,0.084,12947,220,10570,6778,92,1.91015,0,,/home/carsten/Projects/MAPF/MAPF Evaluator/results/tlcpp-maze-32-4/runs/lg_lacam_fork_tl_agent/maze-32-32-4/maze-32-32-4-random-1_a150_s1_r0,12947,0.084,"{""agents"": ""150"", ""comp_time"": ""84"", ""makespan"": ""220"", ""makespan_lb"": ""92"", ""map_file"": ""maze-32-32-4.map"", ""seed"": ""1"", ""soc"": ""12947"", ""soc_lb"": ""6778"", ""solved"": ""1"", ""solver"": ""planner"", ""sum_of_loss"": ""10776"", ""sum_of_loss_lb"": ""6778""}"
lg_lacam_fork:tl_static,LaCAM + traffic load (static map from starts),maze-32-32-4,maze-32-32-4-random-1,150,0,30.0,solved,0.175724,0.094,19924,359,14994,6778,92,2.93951,0,,/home/carsten/Projects/MAPF/MAPF Evaluator/results/tlcpp-maze-32-4/runs/lg_lacam_fork_tl_static/maze-32-32-4/maze-32-32-4-random-1_a150_s0_r0,19924,0.094,"{""agents"": ""150"", ""comp_time"": ""94"", ""makespan"": ""359"", ""makespan_lb"": ""92"", ""map_file"": ""maze-32-32-4.map"", ""seed"": ""0"", ""soc"": ""19924"", ""soc_lb"": ""6778"", ""solved"": ""1"", ""solver"": ""planner"", ""sum_of_loss"": ""15793"", ""sum_of_loss_lb"": ""6778""}"
lg_lacam_fork:suo,LaCAM3 = SUO (first solution),maze-32-32-4,maze-32-32-4-random-1,150,0,30.0,solved,0.213782,0.129,13646,192,10791,6778,92,2.013278,0,,/home/carsten/Projects/MAPF/MAPF Evaluator/results/tlcpp-maze-32-4/runs/lg_lacam_fork_suo/maze-32-32-4/maze-32-32-4-random-1_a150_s0_r0,13646,0.129,"{""agents"": ""150"", ""comp_time"": ""129"", ""makespan"": ""192"", ""makespan_lb"": ""92"", ""map_file"": ""maze-32-32-4.map"", ""seed"": ""0"", ""soc"": ""13646"", ""soc_lb"": ""6778"", ""solved"": ""1"", ""solver"": ""planner"", ""sum_of_loss"": ""10987"", ""sum_of_loss_lb"": ""6778""}"
lg_lacam_fork:tl_static,LaCAM + traffic load (static map from starts),maze-32-32-4,maze-32-32-4-random-1,150,2,30.0,solved,0.218439,0.104,22538,378,16181,6778,92,3.32517,0,,/home/carsten/Projects/MAPF/MAPF Evaluator/results/tlcpp-maze-32-4/runs/lg_lacam_fork_tl_static/maze-32-32-4/maze-32-32-4-random-1_a150_s2_r0,22538,0.104,"{""agents"": ""150"", ""comp_time"": ""104"", ""makespan"": ""378"", ""makespan_lb"": ""92"", ""map_file"": ""maze-32-32-4.map"", ""seed"": ""2"", ""soc"": ""22538"", ""soc_lb"": ""6778"", ""solved"": ""1"", ""solver"": ""planner"", ""sum_of_loss"": ""17156"", ""sum_of_loss_lb"": ""6778""}"
lg_lacam_fork:suo,LaCAM3 = SUO (first solution),maze-32-32-4,maze-32-32-4-random-1,150,1,30.0,solved,0.382853,0.214,15257,249,12237,6778,92,2.250959,0,,/home/carsten/Projects/MAPF/MAPF Evaluator/results/tlcpp-maze-32-4/runs/lg_lacam_fork_suo/maze-32-32-4/maze-32-32-4-random-1_a150_s1_r0,15257,0.214,"{""agents"": ""150"", ""comp_time"": ""214"", ""makespan"": ""249"", ""makespan_lb"": ""92"", ""map_file"": ""maze-32-32-4.map"", ""seed"": ""1"", ""soc"": ""15257"", ""soc_lb"": ""6778"", ""solved"": ""1"", ""solver"": ""planner"", ""sum_of_loss"": ""12410"", ""sum_of_loss_lb"": ""6778""}"
lg_lacam_fork:tl_static,LaCAM + traffic load (static map from starts),maze-32-32-4,maze-32-32-4-random-1,150,1,30.0,solved,0.533081,0.366,26906,554,19199,6778,92,3.969608,0,,/home/carsten/Projects/MAPF/MAPF Evaluator/results/tlcpp-maze-32-4/runs/lg_lacam_fork_tl_static/maze-32-32-4/maze-32-32-4-random-1_a150_s1_r0,26906,0.366,"{""agents"": ""150"", ""comp_time"": ""366"", ""makespan"": ""554"", ""makespan_lb"": ""92"", ""map_file"": ""maze-32-32-4.map"", ""seed"": ""1"", ""soc"": ""26906"", ""soc_lb"": ""6778"", ""solved"": ""1"", ""solver"": ""planner"", ""sum_of_loss"": ""20831"", ""sum_of_loss_lb"": ""6778""}"
lg_lacam_fork:suo,LaCAM3 = SUO (first solution),maze-32-32-4,maze-32-32-4-random-1,150,2,30.0,solved,0.254628,0.078,15496,228,12285,6778,92,2.28622,0,,/home/carsten/Projects/MAPF/MAPF Evaluator/results/tlcpp-maze-32-4/runs/lg_lacam_fork_suo/maze-32-32-4/maze-32-32-4-random-1_a150_s2_r0,15496,0.078,"{""agents"": ""150"", ""comp_time"": ""78"", ""makespan"": ""228"", ""makespan_lb"": ""92"", ""map_file"": ""maze-32-32-4.map"", ""seed"": ""2"", ""soc"": ""15496"", ""soc_lb"": ""6778"", ""solved"": ""1"", ""solver"": ""planner"", ""sum_of_loss"": ""12477"", ""sum_of_loss_lb"": ""6778""}"
lg_lacam_fork:suo_tl,SUO + traffic load,maze-32-32-4,maze-32-32-4-random-1,150,0,30.0,solved,0.314948,0.145,15637,254,12029,6778,92,2.307023,0,,/home/carsten/Projects/MAPF/MAPF Evaluator/results/tlcpp-maze-32-4/runs/lg_lacam_fork_suo_tl/maze-32-32-4/maze-32-32-4-random-1_a150_s0_r0,15637,0.145,"{""agents"": ""150"", ""comp_time"": ""145"", ""makespan"": ""254"", ""makespan_lb"": ""92"", ""map_file"": ""maze-32-32-4.map"", ""seed"": ""0"", ""soc"": ""15637"", ""soc_lb"": ""6778"", ""solved"": ""1"", ""solver"": ""planner"", ""sum_of_loss"": ""12214"", ""sum_of_loss_lb"": ""6778""}"
lg_lacam_fork:suo_tl,SUO + traffic load,maze-32-32-4,maze-32-32-4-random-1,150,1,30.0,solved,0.240642,0.196,14354,238,11774,6778,92,2.117734,0,,/home/carsten/Projects/MAPF/MAPF Evaluator/results/tlcpp-maze-32-4/runs/lg_lacam_fork_suo_tl/maze-32-32-4/maze-32-32-4-random-1_a150_s1_r0,14354,0.196,"{""agents"": ""150"", ""comp_time"": ""196"", ""makespan"": ""238"", ""makespan_lb"": ""92"", ""map_file"": ""maze-32-32-4.map"", ""seed"": ""1"", ""soc"": ""14354"", ""soc_lb"": ""6778"", ""solved"": ""1"", ""solver"": ""planner"", ""sum_of_loss"": ""11958"", ""sum_of_loss_lb"": ""6778""}"
lg_lacam_fork:suo_tl,SUO + traffic load,maze-32-32-4,maze-32-32-4-random-1,150,2,30.0,solved,0.193475,0.091,13237,227,10893,6778,92,1.952936,0,,/home/carsten/Projects/MAPF/MAPF Evaluator/results/tlcpp-maze-32-4/runs/lg_lacam_fork_suo_tl/maze-32-32-4/maze-32-32-4-random-1_a150_s2_r0,13237,0.091,"{""agents"": ""150"", ""comp_time"": ""91"", ""makespan"": ""227"", ""makespan_lb"": ""92"", ""map_file"": ""maze-32-32-4.map"", ""seed"": ""2"", ""soc"": ""13237"", ""soc_lb"": ""6778"", ""solved"": ""1"", ""solver"": ""planner"", ""sum_of_loss"": ""11069"", ""sum_of_loss_lb"": ""6778""}"
lg_lacam_fork:lg,"LG-LaCAM (window 20, first solution)",maze-32-32-4,maze-32-32-4-random-1,150,1,30.0,solved,0.524252,0.452,10334,186,9346,6778,92,1.524639,0,,/home/carsten/Projects/MAPF/MAPF Evaluator/results/tlcpp-maze-32-4/runs/lg_lacam_fork_lg/maze-32-32-4/maze-32-32-4-random-1_a150_s1_r0,10334,0.452,"{""agents"": ""150"", ""comp_time"": ""452"", ""makespan"": ""186"", ""makespan_lb"": ""92"", ""map_file"": ""maze-32-32-4.map"", ""seed"": ""1"", ""soc"": ""10334"", ""soc_lb"": ""6778"", ""solved"": ""1"", ""solver"": ""planner"", ""sum_of_loss"": ""9427"", ""sum_of_loss_lb"": ""6778""}"
lg_lacam_fork:lg,"LG-LaCAM (window 20, first solution)",maze-32-32-4,maze-32-32-4-random-1,150,0,30.0,solved,0.784027,0.653,10129,168,9493,6778,92,1.494394,0,,/home/carsten/Projects/MAPF/MAPF Evaluator/results/tlcpp-maze-32-4/runs/lg_lacam_fork_lg/maze-32-32-4/maze-32-32-4-random-1_a150_s0_r0,10129,0.653,"{""agents"": ""150"", ""comp_time"": ""653"", ""makespan"": ""168"", ""makespan_lb"": ""92"", ""map_file"": ""maze-32-32-4.map"", ""seed"": ""0"", ""soc"": ""10129"", ""soc_lb"": ""6778"", ""solved"": ""1"", ""solver"": ""planner"", ""sum_of_loss"": ""9579"", ""sum_of_loss_lb"": ""6778""}"
lg_lacam_fork:lg,"LG-LaCAM (window 20, first solution)",maze-32-32-4,maze-32-32-4-random-1,150,2,30.0,solved,0.869248,0.813,10029,148,9257,6778,92,1.47964,0,,/home/carsten/Projects/MAPF/MAPF Evaluator/results/tlcpp-maze-32-4/runs/lg_lacam_fork_lg/maze-32-32-4/maze-32-32-4-random-1_a150_s2_r0,10029,0.813,"{""agents"": ""150"", ""comp_time"": ""813"", ""makespan"": ""148"", ""makespan_lb"": ""92"", ""map_file"": ""maze-32-32-4.map"", ""seed"": ""2"", ""soc"": ""10029"", ""soc_lb"": ""6778"", ""solved"": ""1"", ""solver"": ""planner"", ""sum_of_loss"": ""9321"", ""sum_of_loss_lb"": ""6778""}"
lg_lacam_fork:lg_tl,LG-LaCAM (window 20) + traffic load,maze-32-32-4,maze-32-32-4-random-1,150,0,30.0,solved,0.686294,0.591,10153,166,9294,6778,92,1.497934,0,,/home/carsten/Projects/MAPF/MAPF Evaluator/results/tlcpp-maze-32-4/runs/lg_lacam_fork_lg_tl/maze-32-32-4/maze-32-32-4-random-1_a150_s0_r0,10153,0.591,"{""agents"": ""150"", ""comp_time"": ""591"", ""makespan"": ""166"", ""makespan_lb"": ""92"", ""map_file"": ""maze-32-32-4.map"", ""seed"": ""0"", ""soc"": ""10153"", ""soc_lb"": ""6778"", ""solved"": ""1"", ""solver"": ""planner"", ""sum_of_loss"": ""9382"", ""sum_of_loss_lb"": ""6778""}"
lg_lacam_fork:lg_tl,LG-LaCAM (window 20) + traffic load,maze-32-32-4,maze-32-32-4-random-1,150,1,30.0,solved,0.393762,0.314,10114,196,9179,6778,92,1.492181,0,,/home/carsten/Projects/MAPF/MAPF Evaluator/results/tlcpp-maze-32-4/runs/lg_lacam_fork_lg_tl/maze-32-32-4/maze-32-32-4-random-1_a150_s1_r0,10114,0.314,"{""agents"": ""150"", ""comp_time"": ""314"", ""makespan"": ""196"", ""makespan_lb"": ""92"", ""map_file"": ""maze-32-32-4.map"", ""seed"": ""1"", ""soc"": ""10114"", ""soc_lb"": ""6778"", ""solved"": ""1"", ""solver"": ""planner"", ""sum_of_loss"": ""9242"", ""sum_of_loss_lb"": ""6778""}"
lg_lacam_fork:lg_tl,LG-LaCAM (window 20) + traffic load,maze-32-32-4,maze-32-32-4-random-1,150,2,30.0,solved,0.466417,0.351,9966,174,9255,6778,92,1.470345,0,,/home/carsten/Projects/MAPF/MAPF Evaluator/results/tlcpp-maze-32-4/runs/lg_lacam_fork_lg_tl/maze-32-32-4/maze-32-32-4-random-1_a150_s2_r0,9966,0.351,"{""agents"": ""150"", ""comp_time"": ""351"", ""makespan"": ""174"", ""makespan_lb"": ""92"", ""map_file"": ""maze-32-32-4.map"", ""seed"": ""2"", ""soc"": ""9966"", ""soc_lb"": ""6778"", ""solved"": ""1"", ""solver"": ""planner"", ""sum_of_loss"": ""9320"", ""sum_of_loss_lb"": ""6778""}"
lg_lacam_fork:lg_suo,LG-LaCAM (window 20) + SUO,maze-32-32-4,maze-32-32-4-random-1,150,1,30.0,solved,0.480726,0.407,10228,167,9653,6778,92,1.509,0,,/home/carsten/Projects/MAPF/MAPF Evaluator/results/tlcpp-maze-32-4/runs/lg_lacam_fork_lg_suo/maze-32-32-4/maze-32-32-4-random-1_a150_s1_r0,10228,0.407,"{""agents"": ""150"", ""comp_time"": ""407"", ""makespan"": ""167"", ""makespan_lb"": ""92"", ""map_file"": ""maze-32-32-4.map"", ""seed"": ""1"", ""soc"": ""10228"", ""soc_lb"": ""6778"", ""solved"": ""1"", ""solver"": ""planner"", ""sum_of_loss"": ""9726"", ""sum_of_loss_lb"": ""6778""}"
lg_lacam_fork:lg_suo,LG-LaCAM (window 20) + SUO,maze-32-32-4,maze-32-32-4-random-1,150,0,30.0,solved,0.544489,0.477,10345,190,9569,6778,92,1.526261,0,,/home/carsten/Projects/MAPF/MAPF Evaluator/results/tlcpp-maze-32-4/runs/lg_lacam_fork_lg_suo/maze-32-32-4/maze-32-32-4-random-1_a150_s0_r0,10345,0.477,"{""agents"": ""150"", ""comp_time"": ""477"", ""makespan"": ""190"", ""makespan_lb"": ""92"", ""map_file"": ""maze-32-32-4.map"", ""seed"": ""0"", ""soc"": ""10345"", ""soc_lb"": ""6778"", ""solved"": ""1"", ""solver"": ""planner"", ""sum_of_loss"": ""9645"", ""sum_of_loss_lb"": ""6778""}"
lg_lacam_fork:lg_suo,LG-LaCAM (window 20) + SUO,maze-32-32-4,maze-32-32-4-random-1,150,2,30.0,solved,0.869428,0.79,9786,173,9135,6778,92,1.443789,0,,/home/carsten/Projects/MAPF/MAPF Evaluator/results/tlcpp-maze-32-4/runs/lg_lacam_fork_lg_suo/maze-32-32-4/maze-32-32-4-random-1_a150_s2_r0,9786,0.79,"{""agents"": ""150"", ""comp_time"": ""790"", ""makespan"": ""173"", ""makespan_lb"": ""92"", ""map_file"": ""maze-32-32-4.map"", ""seed"": ""2"", ""soc"": ""9786"", ""soc_lb"": ""6778"", ""solved"": ""1"", ""solver"": ""planner"", ""sum_of_loss"": ""9208"", ""sum_of_loss_lb"": ""6778""}"
lg_lacam_fork:lg_suo_tl,LG-LaCAM (window 20) + SUO + traffic load,maze-32-32-4,maze-32-32-4-random-1,150,0,30.0,solved,1.02058,0.873,10453,180,9619,6778,92,1.542195,0,,/home/carsten/Projects/MAPF/MAPF Evaluator/results/tlcpp-maze-32-4/runs/lg_lacam_fork_lg_suo_tl/maze-32-32-4/maze-32-32-4-random-1_a150_s0_r0,10453,0.873,"{""agents"": ""150"", ""comp_time"": ""873"", ""makespan"": ""180"", ""makespan_lb"": ""92"", ""map_file"": ""maze-32-32-4.map"", ""seed"": ""0"", ""soc"": ""10453"", ""soc_lb"": ""6778"", ""solved"": ""1"", ""solver"": ""planner"", ""sum_of_loss"": ""9702"", ""sum_of_loss_lb"": ""6778""}"
lg_lacam_fork:lg_suo_tl,LG-LaCAM (window 20) + SUO + traffic load,maze-32-32-4,maze-32-32-4-random-1,150,2,30.0,solved,0.717054,0.587,10672,175,9875,6778,92,1.574506,0,,/home/carsten/Projects/MAPF/MAPF Evaluator/results/tlcpp-maze-32-4/runs/lg_lacam_fork_lg_suo_tl/maze-32-32-4/maze-32-32-4-random-1_a150_s2_r0,10672,0.587,"{""agents"": ""150"", ""comp_time"": ""587"", ""makespan"": ""175"", ""makespan_lb"": ""92"", ""map_file"": ""maze-32-32-4.map"", ""seed"": ""2"", ""soc"": ""10672"", ""soc_lb"": ""6778"", ""solved"": ""1"", ""solver"": ""planner"", ""sum_of_loss"": ""9969"", ""sum_of_loss_lb"": ""6778""}"
lg_lacam_fork:lg_suo_tl,LG-LaCAM (window 20) + SUO + traffic load,maze-32-32-4,maze-32-32-4-random-1,150,1,30.0,solved,0.688762,0.518,10551,175,9853,6778,92,1.556654,0,,/home/carsten/Projects/MAPF/MAPF Evaluator/results/tlcpp-maze-32-4/runs/lg_lacam_fork_lg_suo_tl/maze-32-32-4/maze-32-32-4-random-1_a150_s1_r0,10551,0.518,"{""agents"": ""150"", ""comp_time"": ""518"", ""makespan"": ""175"", ""makespan_lb"": ""92"", ""map_file"": ""maze-32-32-4.map"", ""seed"": ""1"", ""soc"": ""10551"", ""soc_lb"": ""6778"", ""solved"": ""1"", ""solver"": ""planner"", ""sum_of_loss"": ""9920"", ""sum_of_loss_lb"": ""6778""}"
lg_lacam_fork:lacam,"LaCAM (no guidance, first solution)",maze-32-32-4,maze-32-32-4-random-1,200,0,30.0,solved,0.265184,0.106,29903,306,19912,9160,102,3.26452,0,,/home/carsten/Projects/MAPF/MAPF Evaluator/results/tlcpp-maze-32-4/runs/lg_lacam_fork_lacam/maze-32-32-4/maze-32-32-4-random-1_a200_s0_r0,29903,0.106,"{""agents"": ""200"", ""comp_time"": ""106"", ""makespan"": ""306"", ""makespan_lb"": ""102"", ""map_file"": ""maze-32-32-4.map"", ""seed"": ""0"", ""soc"": ""29903"", ""soc_lb"": ""9160"", ""solved"": ""1"", ""solver"": ""planner"", ""sum_of_loss"": ""20435"", ""sum_of_loss_lb"": ""9160""}"
lg_lacam_fork:lacam,"LaCAM (no guidance, first solution)",maze-32-32-4,maze-32-32-4-random-1,200,1,30.0,solved,0.14165,0.07,27805,330,19311,9160,102,3.03548,0,,/home/carsten/Projects/MAPF/MAPF Evaluator/results/tlcpp-maze-32-4/runs/lg_lacam_fork_lacam/maze-32-32-4/maze-32-32-4-random-1_a200_s1_r0,27805,0.07,"{""agents"": ""200"", ""comp_time"": ""70"", ""makespan"": ""330"", ""makespan_lb"": ""102"", ""map_file"": ""maze-32-32-4.map"", ""seed"": ""1"", ""soc"": ""27805"", ""soc_lb"": ""9160"", ""solved"": ""1"", ""solver"": ""planner"", ""sum_of_loss"": ""19850"", ""sum_of_loss_lb"": ""9160""}"
lg_lacam_fork:tl,"LaCAM + traffic load (tie-break, per config)",maze-32-32-4,maze-32-32-4-random-1,200,0,30.0,solved,0.211564,0.096,20758,264,15766,9160,102,2.266157,0,,/home/carsten/Projects/MAPF/MAPF Evaluator/results/tlcpp-maze-32-4/runs/lg_lacam_fork_tl/maze-32-32-4/maze-32-32-4-random-1_a200_s0_r0,20758,0.096,"{""agents"": ""200"", ""comp_time"": ""96"", ""makespan"": ""264"", ""makespan_lb"": ""102"", ""map_file"": ""maze-32-32-4.map"", ""seed"": ""0"", ""soc"": ""20758"", ""soc_lb"": ""9160"", ""solved"": ""1"", ""solver"": ""planner"", ""sum_of_loss"": ""16158"", ""sum_of_loss_lb"": ""9160""}"
lg_lacam_fork:lacam,"LaCAM (no guidance, first solution)",maze-32-32-4,maze-32-32-4-random-1,200,2,30.0,solved,0.155585,0.068,26914,303,18671,9160,102,2.93821,0,,/home/carsten/Projects/MAPF/MAPF Evaluator/results/tlcpp-maze-32-4/runs/lg_lacam_fork_lacam/maze-32-32-4/maze-32-32-4-random-1_a200_s2_r0,26914,0.068,"{""agents"": ""200"", ""comp_time"": ""68"", ""makespan"": ""303"", ""makespan_lb"": ""102"", ""map_file"": ""maze-32-32-4.map"", ""seed"": ""2"", ""soc"": ""26914"", ""soc_lb"": ""9160"", ""solved"": ""1"", ""solver"": ""planner"", ""sum_of_loss"": ""19184"", ""sum_of_loss_lb"": ""9160""}"
lg_lacam_fork:tl,"LaCAM + traffic load (tie-break, per config)",maze-32-32-4,maze-32-32-4-random-1,200,1,30.0,solved,0.267089,0.093,21427,251,16168,9160,102,2.339192,0,,/home/carsten/Projects/MAPF/MAPF Evaluator/results/tlcpp-maze-32-4/runs/lg_lacam_fork_tl/maze-32-32-4/maze-32-32-4-random-1_a200_s1_r0,21427,0.093,"{""agents"": ""200"", ""comp_time"": ""93"", ""makespan"": ""251"", ""makespan_lb"": ""102"", ""map_file"": ""maze-32-32-4.map"", ""seed"": ""1"", ""soc"": ""21427"", ""soc_lb"": ""9160"", ""solved"": ""1"", ""solver"": ""planner"", ""sum_of_loss"": ""16600"", ""sum_of_loss_lb"": ""9160""}"
lg_lacam_fork:tl_agent,"LaCAM + traffic load (tie-break, per agent)",maze-32-32-4,maze-32-32-4-random-1,200,0,30.0,solved,0.297763,0.138,24941,268,17779,9160,102,2.722817,0,,/home/carsten/Projects/MAPF/MAPF Evaluator/results/tlcpp-maze-32-4/runs/lg_lacam_fork_tl_agent/maze-32-32-4/maze-32-32-4-random-1_a200_s0_r0,24941,0.138,"{""agents"": ""200"", ""comp_time"": ""138"", ""makespan"": ""268"", ""makespan_lb"": ""102"", ""map_file"": ""maze-32-32-4.map"", ""seed"": ""0"", ""soc"": ""24941"", ""soc_lb"": ""9160"", ""solved"": ""1"", ""solver"": ""planner"", ""sum_of_loss"": ""18175"", ""sum_of_loss_lb"": ""9160""}"
lg_lacam_fork:tl,"LaCAM + traffic load (tie-break, per config)",maze-32-32-4,maze-32-32-4-random-1,200,2,30.0,solved,0.325663,0.133,23510,278,17514,9160,102,2.566594,0,,/home/carsten/Projects/MAPF/MAPF Evaluator/results/tlcpp-maze-32-4/runs/lg_lacam_fork_tl/maze-32-32-4/maze-32-32-4-random-1_a200_s2_r0,23510,0.133,"{""agents"": ""200"", ""comp_time"": ""133"", ""makespan"": ""278"", ""makespan_lb"": ""102"", ""map_file"": ""maze-32-32-4.map"", ""seed"": ""2"", ""soc"": ""23510"", ""soc_lb"": ""9160"", ""solved"": ""1"", ""solver"": ""planner"", ""sum_of_loss"": ""17934"", ""sum_of_loss_lb"": ""9160""}"
lg_lacam_fork:tl_agent,"LaCAM + traffic load (tie-break, per agent)",maze-32-32-4,maze-32-32-4-random-1,200,1,30.0,solved,0.400325,0.146,26191,394,18814,9160,102,2.859279,0,,/home/carsten/Projects/MAPF/MAPF Evaluator/results/tlcpp-maze-32-4/runs/lg_lacam_fork_tl_agent/maze-32-32-4/maze-32-32-4-random-1_a200_s1_r0,26191,0.146,"{""agents"": ""200"", ""comp_time"": ""146"", ""makespan"": ""394"", ""makespan_lb"": ""102"", ""map_file"": ""maze-32-32-4.map"", ""seed"": ""1"", ""soc"": ""26191"", ""soc_lb"": ""9160"", ""solved"": ""1"", ""solver"": ""planner"", ""sum_of_loss"": ""19247"", ""sum_of_loss_lb"": ""9160""}"
lg_lacam_fork:tl_agent,"LaCAM + traffic load (tie-break, per agent)",maze-32-32-4,maze-32-32-4-random-1,200,2,30.0,solved,0.328571,0.142,26800,364,18915,9160,102,2.925764,0,,/home/carsten/Projects/MAPF/MAPF Evaluator/results/tlcpp-maze-32-4/runs/lg_lacam_fork_tl_agent/maze-32-32-4/maze-32-32-4-random-1_a200_s2_r0,26800,0.142,"{""agents"": ""200"", ""comp_time"": ""142"", ""makespan"": ""364"", ""makespan_lb"": ""102"", ""map_file"": ""maze-32-32-4.map"", ""seed"": ""2"", ""soc"": ""26800"", ""soc_lb"": ""9160"", ""solved"": ""1"", ""solver"": ""planner"", ""sum_of_loss"": ""19328"", ""sum_of_loss_lb"": ""9160""}"
lg_lacam_fork:tl_static,LaCAM + traffic load (static map from starts),maze-32-32-4,maze-32-32-4-random-1,200,0,30.0,solved,0.26151,0.172,34047,503,23906,9160,102,3.716921,0,,/home/carsten/Projects/MAPF/MAPF Evaluator/results/tlcpp-maze-32-4/runs/lg_lacam_fork_tl_static/maze-32-32-4/maze-32-32-4-random-1_a200_s0_r0,34047,0.172,"{""agents"": ""200"", ""comp_time"": ""172"", ""makespan"": ""503"", ""makespan_lb"": ""102"", ""map_file"": ""maze-32-32-4.map"", ""seed"": ""0"", ""soc"": ""34047"", ""soc_lb"": ""9160"", ""solved"": ""1"", ""solver"": ""planner"", ""sum_of_loss"": ""25651"", ""sum_of_loss_lb"": ""9160""}"
lg_lacam_fork:tl_static,LaCAM + traffic load (static map from starts),maze-32-32-4,maze-32-32-4-random-1,200,2,30.0,solved,0.146457,0.096,38083,428,25540,9160,102,4.157533,0,,/home/carsten/Projects/MAPF/MAPF Evaluator/results/tlcpp-maze-32-4/runs/lg_lacam_fork_tl_static/maze-32-32-4/maze-32-32-4-random-1_a200_s2_r0,38083,0.096,"{""agents"": ""200"", ""comp_time"": ""96"", ""makespan"": ""428"", ""makespan_lb"": ""102"", ""map_file"": ""maze-32-32-4.map"", ""seed"": ""2"", ""soc"": ""38083"", ""soc_lb"": ""9160"", ""solved"": ""1"", ""solver"": ""planner"", ""sum_of_loss"": ""26836"", ""sum_of_loss_lb"": ""9160""}"
lg_lacam_fork:suo,LaCAM3 = SUO (first solution),maze-32-32-4,maze-32-32-4-random-1,200,0,30.0,solved,0.113619,0.079,24758,336,18457,9160,102,2.702838,0,,/home/carsten/Projects/MAPF/MAPF Evaluator/results/tlcpp-maze-32-4/runs/lg_lacam_fork_suo/maze-32-32-4/maze-32-32-4-random-1_a200_s0_r0,24758,0.079,"{""agents"": ""200"", ""comp_time"": ""79"", ""makespan"": ""336"", ""makespan_lb"": ""102"", ""map_file"": ""maze-32-32-4.map"", ""seed"": ""0"", ""soc"": ""24758"", ""soc_lb"": ""9160"", ""solved"": ""1"", ""solver"": ""planner"", ""sum_of_loss"": ""18955"", ""sum_of_loss_lb"": ""9160""}"
lg_lacam_fork:tl_static,LaCAM + traffic load (static map from starts),maze-32-32-4,maze-32-32-4-random-1,200,1,30.0,solved,0.1801,0.1,44478,699,29944,9160,102,4.855677,0,,/home/carsten/Projects/MAPF/MAPF Evaluator/results/tlcpp-maze-32-4/runs/lg_lacam_fork_tl_static/maze-32-32-4/maze-32-32-4-random-1_a200_s1_r0,44478,0.1,"{""agents"": ""200"", ""comp_time"": ""100"", ""makespan"": ""699"", ""makespan_lb"": ""102"", ""map_file"": ""maze-32-32-4.map"", ""seed"": ""1"", ""soc"": ""44478"", ""soc_lb"": ""9160"", ""solved"": ""1"", ""solver"": ""planner"", ""sum_of_loss"": ""31930"", ""sum_of_loss_lb"": ""9160""}"
lg_lacam_fork:suo,LaCAM3 = SUO (first solution),maze-32-32-4,maze-32-32-4-random-1,200,2,30.0,solved,0.130528,0.06,31441,348,20124,9160,102,3.432424,0,,/home/carsten/Projects/MAPF/MAPF Evaluator/results/tlcpp-maze-32-4/runs/lg_lacam_fork_suo/maze-32-32-4/maze-32-32-4-random-1_a200_s2_r0,31441,0.06,"{""agents"": ""200"", ""comp_time"": ""60"", ""makespan"": ""348"", ""makespan_lb"": ""102"", ""map_file"": ""maze-32-32-4.map"", ""seed"": ""2"", ""soc"": ""31441"", ""soc_lb"": ""9160"", ""solved"": ""1"", ""solver"": ""planner"", ""sum_of_loss"": ""20650"", ""sum_of_loss_lb"": ""9160""}"
lg_lacam_fork:suo_tl,SUO + traffic load,maze-32-32-4,maze-32-32-4-random-1,200,0,30.0,solved,0.113728,0.074,26931,294,18171,9160,102,2.940066,0,,/home/carsten/Projects/MAPF/MAPF Evaluator/results/tlcpp-maze-32-4/runs/lg_lacam_fork_suo_tl/maze-32-32-4/maze-32-32-4-random-1_a200_s0_r0,26931,0.074,"{""agents"": ""200"", ""comp_time"": ""74"", ""makespan"": ""294"", ""makespan_lb"": ""102"", ""map_file"": ""maze-32-32-4.map"", ""seed"": ""0"", ""soc"": ""26931"", ""soc_lb"": ""9160"", ""solved"": ""1"", ""solver"": ""planner"", ""sum_of_loss"": ""18579"", ""sum_of_loss_lb"": ""9160""}"
lg_lacam_fork:suo_tl,SUO + traffic load,maze-32-32-4,maze-32-32-4-random-1,200,1,30.0,solved,0.130792,0.079,24657,317,18008,9160,102,2.691812,0,,/home/carsten/Projects/MAPF/MAPF Evaluator/results/tlcpp-maze-32-4/runs/lg_lacam_fork_suo_tl/maze-32-32-4/maze-32-32-4-random-1_a200_s1_r0,24657,0.079,"{""agents"": ""200"", ""comp_time"": ""79"", ""makespan"": ""317"", ""makespan_lb"": ""102"", ""map_file"": ""maze-32-32-4.map"", ""seed"": ""1"", ""soc"": ""24657"", ""soc_lb"": ""9160"", ""solved"": ""1"", ""solver"": ""planner"", ""sum_of_loss"": ""18410"", ""sum_of_loss_lb"": ""9160""}"
lg_lacam_fork:suo,LaCAM3 = SUO (first solution),maze-32-32-4,maze-32-32-4-random-1,200,1,30.0,solved,0.193955,0.052,26523,305,19862,9160,102,2.895524,0,,/home/carsten/Projects/MAPF/MAPF Evaluator/results/tlcpp-maze-32-4/runs/lg_lacam_fork_suo/maze-32-32-4/maze-32-32-4-random-1_a200_s1_r0,26523,0.052,"{""agents"": ""200"", ""comp_time"": ""52"", ""makespan"": ""305"", ""makespan_lb"": ""102"", ""map_file"": ""maze-32-32-4.map"", ""seed"": ""1"", ""soc"": ""26523"", ""soc_lb"": ""9160"", ""solved"": ""1"", ""solver"": ""planner"", ""sum_of_loss"": ""20296"", ""sum_of_loss_lb"": ""9160""}"
lg_lacam_fork:suo_tl,SUO + traffic load,maze-32-32-4,maze-32-32-4-random-1,200,2,30.0,solved,0.168868,0.086,24576,318,17740,9160,102,2.682969,0,,/home/carsten/Projects/MAPF/MAPF Evaluator/results/tlcpp-maze-32-4/runs/lg_lacam_fork_suo_tl/maze-32-32-4/maze-32-32-4-random-1_a200_s2_r0,24576,0.086,"{""agents"": ""200"", ""comp_time"": ""86"", ""makespan"": ""318"", ""makespan_lb"": ""102"", ""map_file"": ""maze-32-32-4.map"", ""seed"": ""2"", ""soc"": ""24576"", ""soc_lb"": ""9160"", ""solved"": ""1"", ""solver"": ""planner"", ""sum_of_loss"": ""18137"", ""sum_of_loss_lb"": ""9160""}"
lg_lacam_fork:lg,"LG-LaCAM (window 20, first solution)",maze-32-32-4,maze-32-32-4-random-1,200,0,30.0,solved,0.7125,0.63,19582,290,16330,9160,102,2.137773,0,,/home/carsten/Projects/MAPF/MAPF Evaluator/results/tlcpp-maze-32-4/runs/lg_lacam_fork_lg/maze-32-32-4/maze-32-32-4-random-1_a200_s0_r0,19582,0.63,"{""agents"": ""200"", ""comp_time"": ""630"", ""makespan"": ""290"", ""makespan_lb"": ""102"", ""map_file"": ""maze-32-32-4.map"", ""seed"": ""0"", ""soc"": ""19582"", ""soc_lb"": ""9160"", ""solved"": ""1"", ""solver"": ""planner"", ""sum_of_loss"": ""16545"", ""sum_of_loss_lb"": ""9160""}"
lg_lacam_fork:lg,"LG-LaCAM (window 20, first solution)",maze-32-32-4,maze-32-32-4-random-1,200,1,30.0,solved,0.683539,0.603,18454,288,15329,9160,102,2.014629,0,,/home/carsten/Projects/MAPF/MAPF Evaluator/results/tlcpp-maze-32-4/runs/lg_lacam_fork_lg/maze-32-32-4/maze-32-32-4-random-1_a200_s1_r0,18454,0.603,"{""agents"": ""200"", ""comp_time"": ""603"", ""makespan"": ""288"", ""makespan_lb"": ""102"", ""map_file"": ""maze-32-32-4.map"", ""seed"": ""1"", ""soc"": ""18454"", ""soc_lb"": ""9160"", ""solved"": ""1"", ""solver"": ""planner"", ""sum_of_loss"": ""15541"", ""sum_of_loss_lb"": ""9160""}"
lg_lacam_fork:lg,"LG-LaCAM (window 20, first solution)",maze-32-32-4,maze-32-32-4-random-1,200,2,30.0,solved,0.694424,0.599,20267,352,16345,9160,102,2.212555,0,,/home/carsten/Projects/MAPF/MAPF Evaluator/results/tlcpp-maze-32-4/runs/lg_lacam_fork_lg/maze-32-32-4/maze-32-32-4-random-1_a200_s2_r0,20267,0.599,"{""agents"": ""200"", ""comp_time"": ""599"", ""makespan"": ""352"", ""makespan_lb"": ""102"", ""map_file"": ""maze-32-32-4.map"", ""seed"": ""2"", ""soc"": ""20267"", ""soc_lb"": ""9160"", ""solved"": ""1"", ""solver"": ""planner"", ""sum_of_loss"": ""16597"", ""sum_of_loss_lb"": ""9160""}"
lg_lacam_fork:lg_tl,LG-LaCAM (window 20) + traffic load,maze-32-32-4,maze-32-32-4-random-1,200,0,30.0,solved,0.855085,0.752,18058,321,15168,9160,102,1.971397,0,,/home/carsten/Projects/MAPF/MAPF Evaluator/results/tlcpp-maze-32-4/runs/lg_lacam_fork_lg_tl/maze-32-32-4/maze-32-32-4-random-1_a200_s0_r0,18058,0.752,"{""agents"": ""200"", ""comp_time"": ""752"", ""makespan"": ""321"", ""makespan_lb"": ""102"", ""map_file"": ""maze-32-32-4.map"", ""seed"": ""0"", ""soc"": ""18058"", ""soc_lb"": ""9160"", ""solved"": ""1"", ""solver"": ""planner"", ""sum_of_loss"": ""15403"", ""sum_of_loss_lb"": ""9160""}"
lg_lacam_fork:lg_tl,LG-LaCAM (window 20) + traffic load,maze-32-32-4,maze-32-32-4-random-1,200,1,30.0,solved,1.518595,1.339,20737,342,16762,9160,102,2.263865,0,,/home/carsten/Projects/MAPF/MAPF Evaluator/results/tlcpp-maze-32-4/runs/lg_lacam_fork_lg_tl/maze-32-32-4/maze-32-32-4-random-1_a200_s1_r0,20737,1.339,"{""agents"": ""200"", ""comp_time"": ""1339"", ""makespan"": ""342"", ""makespan_lb"": ""102"", ""map_file"": ""maze-32-32-4.map"", ""seed"": ""1"", ""soc"": ""20737"", ""soc_lb"": ""9160"", ""solved"": ""1"", ""solver"": ""planner"", ""sum_of_loss"": ""17028"", ""sum_of_loss_lb"": ""9160""}"
lg_lacam_fork:lg_tl,LG-LaCAM (window 20) + traffic load,maze-32-32-4,maze-32-32-4-random-1,200,2,30.0,solved,1.298434,1.183,16898,216,14908,9160,102,1.84476,0,,/home/carsten/Projects/MAPF/MAPF Evaluator/results/tlcpp-maze-32-4/runs/lg_lacam_fork_lg_tl/maze-32-32-4/maze-32-32-4-random-1_a200_s2_r0,16898,1.183,"{""agents"": ""200"", ""comp_time"": ""1183"", ""makespan"": ""216"", ""makespan_lb"": ""102"", ""map_file"": ""maze-32-32-4.map"", ""seed"": ""2"", ""soc"": ""16898"", ""soc_lb"": ""9160"", ""solved"": ""1"", ""solver"": ""planner"", ""sum_of_loss"": ""15047"", ""sum_of_loss_lb"": ""9160""}"
lg_lacam_fork:lg_suo,LG-LaCAM (window 20) + SUO,maze-32-32-4,maze-32-32-4-random-1,200,0,30.0,solved,1.759707,1.618,20853,341,16692,9160,102,2.276528,0,,/home/carsten/Projects/MAPF/MAPF Evaluator/results/tlcpp-maze-32-4/runs/lg_lacam_fork_lg_suo/maze-32-32-4/maze-32-32-4-random-1_a200_s0_r0,20853,1.618,"{""agents"": ""200"", ""comp_time"": ""1618"", ""makespan"": ""341"", ""makespan_lb"": ""102"", ""map_file"": ""maze-32-32-4.map"", ""seed"": ""0"", ""soc"": ""20853"", ""soc_lb"": ""9160"", ""solved"": ""1"", ""solver"": ""planner"", ""sum_of_loss"": ""16948"", ""sum_of_loss_lb"": ""9160""}"
lg_lacam_fork:lg_suo,LG-LaCAM (window 20) + SUO,maze-32-32-4,maze-32-32-4-random-1,200,2,30.0,solved,1.0269,0.86,19056,361,15540,9160,102,2.080349,0,,/home/carsten/Projects/MAPF/MAPF Evaluator/results/tlcpp-maze-32-4/runs/lg_lacam_fork_lg_suo/maze-32-32-4/maze-32-32-4-random-1_a200_s2_r0,19056,0.86,"{""agents"": ""200"", ""comp_time"": ""860"", ""makespan"": ""361"", ""makespan_lb"": ""102"", ""map_file"": ""maze-32-32-4.map"", ""seed"": ""2"", ""soc"": ""19056"", ""soc_lb"": ""9160"", ""solved"": ""1"", ""solver"": ""planner"", ""sum_of_loss"": ""15799"", ""sum_of_loss_lb"": ""9160""}"
lg_lacam_fork:lg_suo,LG-LaCAM (window 20) + SUO,maze-32-32-4,maze-32-32-4-random-1,200,1,30.0,solved,2.979909,2.724,21911,408,18091,9160,102,2.392031,0,,/home/carsten/Projects/MAPF/MAPF Evaluator/results/tlcpp-maze-32-4/runs/lg_lacam_fork_lg_suo/maze-32-32-4/maze-32-32-4-random-1_a200_s1_r0,21911,2.724,"{""agents"": ""200"", ""comp_time"": ""2724"", ""makespan"": ""408"", ""makespan_lb"": ""102"", ""map_file"": ""maze-32-32-4.map"", ""seed"": ""1"", ""soc"": ""21911"", ""soc_lb"": ""9160"", ""solved"": ""1"", ""solver"": ""planner"", ""sum_of_loss"": ""18344"", ""sum_of_loss_lb"": ""9160""}"
lg_lacam_fork:lacam,"LaCAM (no guidance, first solution)",maze-32-32-4,maze-32-32-4-random-2,50,0,30.0,solved,0.081305,0.018,3009,85,2617,2225,85,1.35236,0,,/home/carsten/Projects/MAPF/MAPF Evaluator/results/tlcpp-maze-32-4/runs/lg_lacam_fork_lacam/maze-32-32-4/maze-32-32-4-random-2_a50_s0_r0,3009,0.018,"{""agents"": ""50"", ""comp_time"": ""18"", ""makespan"": ""85"", ""makespan_lb"": ""85"", ""map_file"": ""maze-32-32-4.map"", ""seed"": ""0"", ""soc"": ""3009"", ""soc_lb"": ""2225"", ""solved"": ""1"", ""solver"": ""planner"", ""sum_of_loss"": ""2647"", ""sum_of_loss_lb"": ""2225""}"
lg_lacam_fork:lacam,"LaCAM (no guidance, first solution)",maze-32-32-4,maze-32-32-4-random-2,50,1,30.0,solved,0.128574,0.038,2971,88,2626,2225,85,1.335281,0,,/home/carsten/Projects/MAPF/MAPF Evaluator/results/tlcpp-maze-32-4/runs/lg_lacam_fork_lacam/maze-32-32-4/maze-32-32-4-random-2_a50_s1_r0,2971,0.038,"{""agents"": ""50"", ""comp_time"": ""38"", ""makespan"": ""88"", ""makespan_lb"": ""85"", ""map_file"": ""maze-32-32-4.map"", ""seed"": ""1"", ""soc"": ""2971"", ""soc_lb"": ""2225"", ""solved"": ""1"", ""solver"": ""planner"", ""sum_of_loss"": ""2654"", ""sum_of_loss_lb"": ""2225""}"
lg_lacam_fork:lacam,"LaCAM (no guidance, first solution)",maze-32-32-4,maze-32-32-4-random-2,50,2,30.0,solved,0.142905,0.045,3015,90,2644,2225,85,1.355056,0,,/home/carsten/Projects/MAPF/MAPF Evaluator/results/tlcpp-maze-32-4/runs/lg_lacam_fork_lacam/maze-32-32-4/maze-32-32-4-random-2_a50_s2_r0,3015,0.045,"{""agents"": ""50"", ""comp_time"": ""45"", ""makespan"": ""90"", ""makespan_lb"": ""85"", ""map_file"": ""maze-32-32-4.map"", ""seed"": ""2"", ""soc"": ""3015"", ""soc_lb"": ""2225"", ""solved"": ""1"", ""solver"": ""planner"", ""sum_of_loss"": ""2673"", ""sum_of_loss_lb"": ""2225""}"
lg_lacam_fork:lg_suo_tl,LG-LaCAM (window 20) + SUO + traffic load,maze-32-32-4,maze-32-32-4-random-1,200,0,30.0,solved,2.358286,2.182,20744,374,17588,9160,102,2.264629,0,,/home/carsten/Projects/MAPF/MAPF Evaluator/results/tlcpp-maze-32-4/runs/lg_lacam_fork_lg_suo_tl/maze-32-32-4/maze-32-32-4-random-1_a200_s0_r0,20744,2.182,"{""agents"": ""200"", ""comp_time"": ""2182"", ""makespan"": ""374"", ""makespan_lb"": ""102"", ""map_file"": ""maze-32-32-4.map"", ""seed"": ""0"", ""soc"": ""20744"", ""soc_lb"": ""9160"", ""solved"": ""1"", ""solver"": ""planner"", ""sum_of_loss"": ""17794"", ""sum_of_loss_lb"": ""9160""}"
lg_lacam_fork:tl,"LaCAM + traffic load (tie-break, per config)",maze-32-32-4,maze-32-32-4-random-2,50,0,30.0,solved,0.107003,0.021,2759,85,2457,2225,85,1.24,0,,/home/carsten/Projects/MAPF/MAPF Evaluator/results/tlcpp-maze-32-4/runs/lg_lacam_fork_tl/maze-32-32-4/maze-32-32-4-random-2_a50_s0_r0,2759,0.021,"{""agents"": ""50"", ""comp_time"": ""21"", ""makespan"": ""85"", ""makespan_lb"": ""85"", ""map_file"": ""maze-32-32-4.map"", ""seed"": ""0"", ""soc"": ""2759"", ""soc_lb"": ""2225"", ""solved"": ""1"", ""solver"": ""planner"", ""sum_of_loss"": ""2486"", ""sum_of_loss_lb"": ""2225""}"
lg_lacam_fork:tl,"LaCAM + traffic load (tie-break, per config)",maze-32-32-4,maze-32-32-4-random-2,50,1,30.0,solved,0.194979,0.048,2740,85,2462,2225,85,1.231461,0,,/home/carsten/Projects/MAPF/MAPF Evaluator/results/tlcpp-maze-32-4/runs/lg_lacam_fork_tl/maze-32-32-4/maze-32-32-4-random-2_a50_s1_r0,2740,0.048,"{""agents"": ""50"", ""comp_time"": ""48"", ""makespan"": ""85"", ""makespan_lb"": ""85"", ""map_file"": ""maze-32-32-4.map"", ""seed"": ""1"", ""soc"": ""2740"", ""soc_lb"": ""2225"", ""solved"": ""1"", ""solver"": ""planner"", ""sum_of_loss"": ""2493"", ""sum_of_loss_lb"": ""2225""}"
lg_lacam_fork:tl,"LaCAM + traffic load (tie-break, per config)",maze-32-32-4,maze-32-32-4-random-2,50,2,30.0,solved,0.101579,0.036,2760,85,2456,2225,85,1.240449,0,,/home/carsten/Projects/MAPF/MAPF Evaluator/results/tlcpp-maze-32-4/runs/lg_lacam_fork_tl/maze-32-32-4/maze-32-32-4-random-2_a50_s2_r0,2760,0.036,"{""agents"": ""50"", ""comp_time"": ""36"", ""makespan"": ""85"", ""makespan_lb"": ""85"", ""map_file"": ""maze-32-32-4.map"", ""seed"": ""2"", ""soc"": ""2760"", ""soc_lb"": ""2225"", ""solved"": ""1"", ""solver"": ""planner"", ""sum_of_loss"": ""2486"", ""sum_of_loss_lb"": ""2225""}"
lg_lacam_fork:tl_agent,"LaCAM + traffic load (tie-break, per agent)",maze-32-32-4,maze-32-32-4-random-2,50,1,30.0,solved,0.080881,0.046,2819,85,2467,2225,85,1.266966,0,,/home/carsten/Projects/MAPF/MAPF Evaluator/results/tlcpp-maze-32-4/runs/lg_lacam_fork_tl_agent/maze-32-32-4/maze-32-32-4-random-2_a50_s1_r0,2819,0.046,"{""agents"": ""50"", ""comp_time"": ""46"", ""makespan"": ""85"", ""makespan_lb"": ""85"", ""map_file"": ""maze-32-32-4.map"", ""seed"": ""1"", ""soc"": ""2819"", ""soc_lb"": ""2225"", ""solved"": ""1"", ""solver"": ""planner"", ""sum_of_loss"": ""2497"", ""sum_of_loss_lb"": ""2225""}"
lg_lacam_fork:lg_suo_tl,LG-LaCAM (window 20) + SUO + traffic load,maze-32-32-4,maze-32-32-4-random-1,200,1,30.0,solved,2.500692,2.195,18917,331,16270,9160,102,2.065175,0,,/home/carsten/Projects/MAPF/MAPF Evaluator/results/tlcpp-maze-32-4/runs/lg_lacam_fork_lg_suo_tl/maze-32-32-4/maze-32-32-4-random-1_a200_s1_r0,18917,2.195,"{""agents"": ""200"", ""comp_time"": ""2195"", ""makespan"": ""331"", ""makespan_lb"": ""102"", ""map_file"": ""maze-32-32-4.map"", ""seed"": ""1"", ""soc"": ""18917"", ""soc_lb"": ""9160"", ""solved"": ""1"", ""solver"": ""planner"", ""sum_of_loss"": ""16455"", ""sum_of_loss_lb"": ""9160""}"
lg_lacam_fork:tl_agent,"LaCAM + traffic load (tie-break, per agent)",maze-32-32-4,maze-32-32-4-random-2,50,0,30.0,solved,0.177993,0.047,2695,85,2461,2225,85,1.211236,0,,/home/carsten/Projects/MAPF/MAPF Evaluator/results/tlcpp-maze-32-4/runs/lg_lacam_fork_tl_agent/maze-32-32-4/maze-32-32-4-random-2_a50_s0_r0,2695,0.047,"{""agents"": ""50"", ""comp_time"": ""47"", ""makespan"": ""85"", ""makespan_lb"": ""85"", ""map_file"": ""maze-32-32-4.map"", ""seed"": ""0"", ""soc"": ""2695"", ""soc_lb"": ""2225"", ""solved"": ""1"", ""solver"": ""planner"", ""sum_of_loss"": ""2489"", ""sum_of_loss_lb"": ""2225""}"
lg_lacam_fork:tl_agent,"LaCAM + traffic load (tie-break, per agent)",maze-32-32-4,maze-32-32-4-random-2,50,2,30.0,solved,0.152864,0.057,2742,85,2468,2225,85,1.23236,0,,/home/carsten/Projects/MAPF/MAPF Evaluator/results/tlcpp-maze-32-4/runs/lg_lacam_fork_tl_agent/maze-32-32-4/maze-32-32-4-random-2_a50_s2_r0,2742,0.057,"{""agents"": ""50"", ""comp_time"": ""57"", ""makespan"": ""85"", ""makespan_lb"": ""85"", ""map_file"": ""maze-32-32-4.map"", ""seed"": ""2"", ""soc"": ""2742"", ""soc_lb"": ""2225"", ""solved"": ""1"", ""solver"": ""planner"", ""sum_of_loss"": ""2499"", ""sum_of_loss_lb"": ""2225""}"
lg_lacam_fork:tl_static,LaCAM + traffic load (static map from starts),maze-32-32-4,maze-32-32-4-random-2,50,0,30.0,solved,0.11482,0.041,3019,94,2718,2225,85,1.356854,0,,/home/carsten/Projects/MAPF/MAPF Evaluator/results/tlcpp-maze-32-4/runs/lg_lacam_fork_tl_static/maze-32-32-4/maze-32-32-4-random-2_a50_s0_r0,3019,0.041,"{""agents"": ""50"", ""comp_time"": ""41"", ""makespan"": ""94"", ""makespan_lb"": ""85"", ""map_file"": ""maze-32-32-4.map"", ""seed"": ""0"", ""soc"": ""3019"", ""soc_lb"": ""2225"", ""solved"": ""1"", ""solver"": ""planner"", ""sum_of_loss"": ""2753"", ""sum_of_loss_lb"": ""2225""}"
lg_lacam_fork:tl_static,LaCAM + traffic load (static map from starts),maze-32-32-4,maze-32-32-4-random-2,50,1,30.0,solved,0.134559,0.041,3087,99,2776,2225,85,1.387416,0,,/home/carsten/Projects/MAPF/MAPF Evaluator/results/tlcpp-maze-32-4/runs/lg_lacam_fork_tl_static/maze-32-32-4/maze-32-32-4-random-2_a50_s1_r0,3087,0.041,"{""agents"": ""50"", ""comp_time"": ""41"", ""makespan"": ""99"", ""makespan_lb"": ""85"", ""map_file"": ""maze-32-32-4.map"", ""seed"": ""1"", ""soc"": ""3087"", ""soc_lb"": ""2225"", ""solved"": ""1"", ""solver"": ""planner"", ""sum_of_loss"": ""2816"", ""sum_of_loss_lb"": ""2225""}"
lg_lacam_fork:tl_static,LaCAM + traffic load (static map from starts),maze-32-32-4,maze-32-32-4-random-2,50,2,30.0,solved,0.041733,0.013,3032,97,2725,2225,85,1.362697,0,,/home/carsten/Projects/MAPF/MAPF Evaluator/results/tlcpp-maze-32-4/runs/lg_lacam_fork_tl_static/maze-32-32-4/maze-32-32-4-random-2_a50_s2_r0,3032,0.013,"{""agents"": ""50"", ""comp_time"": ""13"", ""makespan"": ""97"", ""makespan_lb"": ""85"", ""map_file"": ""maze-32-32-4.map"", ""seed"": ""2"", ""soc"": ""3032"", ""soc_lb"": ""2225"", ""solved"": ""1"", ""solver"": ""planner"", ""sum_of_loss"": ""2767"", ""sum_of_loss_lb"": ""2225""}"
lg_lacam_fork:suo,LaCAM3 = SUO (first solution),maze-32-32-4,maze-32-32-4-random-2,50,1,30.0,solved,0.040343,0.013,2584,89,2484,2225,85,1.161348,0,,/home/carsten/Projects/MAPF/MAPF Evaluator/results/tlcpp-maze-32-4/runs/lg_lacam_fork_suo/maze-32-32-4/maze-32-32-4-random-2_a50_s1_r0,2584,0.013,"{""agents"": ""50"", ""comp_time"": ""13"", ""makespan"": ""89"", ""makespan_lb"": ""85"", ""map_file"": ""maze-32-32-4.map"", ""seed"": ""1"", ""soc"": ""2584"", ""soc_lb"": ""2225"", ""solved"": ""1"", ""solver"": ""planner"", ""sum_of_loss"": ""2492"", ""sum_of_loss_lb"": ""2225""}"
lg_lacam_fork:suo,LaCAM3 = SUO (first solution),maze-32-32-4,maze-32-32-4-random-2,50,0,30.0,solved,0.073047,0.026,2561,89,2472,2225,85,1.151011,0,,/home/carsten/Projects/MAPF/MAPF Evaluator/results/tlcpp-maze-32-4/runs/lg_lacam_fork_suo/maze-32-32-4/maze-32-32-4-random-2_a50_s0_r0,2561,0.026,"{""agents"": ""50"", ""comp_time"": ""26"", ""makespan"": ""89"", ""makespan_lb"": ""85"", ""map_file"": ""maze-32-32-4.map"", ""seed"": ""0"", ""soc"": ""2561"", ""soc_lb"": ""2225"", ""solved"": ""1"", ""solver"": ""planner"", ""sum_of_loss"": ""2477"", ""sum_of_loss_lb"": ""2225""}"
lg_lacam_fork:suo,LaCAM3 = SUO (first solution),maze-32-32-4,maze-32-32-4-random-2,50,2,30.0,solved,0.071667,0.042,2582,87,2485,2225,85,1.160449,0,,/home/carsten/Projects/MAPF/MAPF Evaluator/results/tlcpp-maze-32-4/runs/lg_lacam_fork_suo/maze-32-32-4/maze-32-32-4-random-2_a50_s2_r0,2582,0.042,"{""agents"": ""50"", ""comp_time"": ""42"", ""makespan"": ""87"", ""makespan_lb"": ""85"", ""map_file"": ""maze-32-32-4.map"", ""seed"": ""2"", ""soc"": ""2582"", ""soc_lb"": ""2225"", ""solved"": ""1"", ""solver"": ""planner"", ""sum_of_loss"": ""2492"", ""sum_of_loss_lb"": ""2225""}"
lg_lacam_fork:suo_tl,SUO + traffic load,maze-32-32-4,maze-32-32-4-random-2,50,1,30.0,solved,0.053343,0.03,2594,89,2529,2225,85,1.165843,0,,/home/carsten/Projects/MAPF/MAPF Evaluator/results/tlcpp-maze-32-4/runs/lg_lacam_fork_suo_tl/maze-32-32-4/maze-32-32-4-random-2_a50_s1_r0,2594,0.03,"{""agents"": ""50"", ""comp_time"": ""30"", ""makespan"": ""89"", ""makespan_lb"": ""85"", ""map_file"": ""maze-32-32-4.map"", ""seed"": ""1"", ""soc"": ""2594"", ""soc_lb"": ""2225"", ""solved"": ""1"", ""solver"": ""planner"", ""sum_of_loss"": ""2536"", ""sum_of_loss_lb"": ""2225""}"
lg_lacam_fork:suo_tl,SUO + traffic load,maze-32-32-4,maze-32-32-4-random-2,50,0,30.0,solved,0.075519,0.029,2554,89,2474,2225,85,1.147865,0,,/home/carsten/Projects/MAPF/MAPF Evaluator/results/tlcpp-maze-32-4/runs/lg_lacam_fork_suo_tl/maze-32-32-4/maze-32-32-4-random-2_a50_s0_r0,2554,0.029,"{""agents"": ""50"", ""comp_time"": ""29"", ""makespan"": ""89"", ""makespan_lb"": ""85"", ""map_file"": ""maze-32-32-4.map"", ""seed"": ""0"", ""soc"": ""2554"", ""soc_lb"": ""2225"", ""solved"": ""1"", ""solver"": ""planner"", ""sum_of_loss"": ""2479"", ""sum_of_loss_lb"": ""2225""}"
lg_lacam_fork:lg_suo_tl,LG-LaCAM (window 20) + SUO + traffic load,maze-32-32-4,maze-32-32-4-random-1,200,2,30.0,solved,2.981164,2.876,15895,210,14320,9160,102,1.735262,0,,/home/carsten/Projects/MAPF/MAPF Evaluator/results/tlcpp-maze-32-4/runs/lg_lacam_fork_lg_suo_tl/maze-32-32-4/maze-32-32-4-random-1_a200_s2_r0,15895,2.876,"{""agents"": ""200"", ""comp_time"": ""2876"", ""makespan"": ""210"", ""makespan_lb"": ""102"", ""map_file"": ""maze-32-32-4.map"", ""seed"": ""2"", ""soc"": ""15895"", ""soc_lb"": ""9160"", ""solved"": ""1"", ""solver"": ""planner"", ""sum_of_loss"": ""14484"", ""sum_of_loss_lb"": ""9160""}"
lg_lacam_fork:suo_tl,SUO + traffic load,maze-32-32-4,maze-32-32-4-random-2,50,2,30.0,solved,0.131741,0.018,2510,89,2476,2225,85,1.12809,0,,/home/carsten/Projects/MAPF/MAPF Evaluator/results/tlcpp-maze-32-4/runs/lg_lacam_fork_suo_tl/maze-32-32-4/maze-32-32-4-random-2_a50_s2_r0,2510,0.018,"{""agents"": ""50"", ""comp_time"": ""18"", ""makespan"": ""89"", ""makespan_lb"": ""85"", ""map_file"": ""maze-32-32-4.map"", ""seed"": ""2"", ""soc"": ""2510"", ""soc_lb"": ""2225"", ""solved"": ""1"", ""solver"": ""planner"", ""sum_of_loss"": ""2479"", ""sum_of_loss_lb"": ""2225""}"
lg_lacam_fork:lg,"LG-LaCAM (window 20, first solution)",maze-32-32-4,maze-32-32-4-random-2,50,0,30.0,solved,0.131927,0.061,2484,87,2446,2225,85,1.116404,0,,/home/carsten/Projects/MAPF/MAPF Evaluator/results/tlcpp-maze-32-4/runs/lg_lacam_fork_lg/maze-32-32-4/maze-32-32-4-random-2_a50_s0_r0,2484,0.061,"{""agents"": ""50"", ""comp_time"": ""61"", ""makespan"": ""87"", ""makespan_lb"": ""85"", ""map_file"": ""maze-32-32-4.map"", ""seed"": ""0"", ""soc"": ""2484"", ""soc_lb"": ""2225"", ""solved"": ""1"", ""solver"": ""planner"", ""sum_of_loss"": ""2451"", ""sum_of_loss_lb"": ""2225""}"
lg_lacam_fork:lg_tl,LG-LaCAM (window 20) + traffic load,maze-32-32-4,maze-32-32-4-random-2,50,0,30.0,solved,0.101588,0.056,2478,86,2435,2225,85,1.113708,0,,/home/carsten/Projects/MAPF/MAPF Evaluator/results/tlcpp-maze-32-4/runs/lg_lacam_fork_lg_tl/maze-32-32-4/maze-32-32-4-random-2_a50_s0_r0,2478,0.056,"{""agents"": ""50"", ""comp_time"": ""56"", ""makespan"": ""86"", ""makespan_lb"": ""85"", ""map_file"": ""maze-32-32-4.map"", ""seed"": ""0"", ""soc"": ""2478"", ""soc_lb"": ""2225"", ""solved"": ""1"", ""solver"": ""planner"", ""sum_of_loss"": ""2440"", ""sum_of_loss_lb"": ""2225""}"
lg_lacam_fork:lg,"LG-LaCAM (window 20, first solution)",maze-32-32-4,maze-32-32-4-random-2,50,1,30.0,solved,0.216391,0.084,2496,88,2449,2225,85,1.121798,0,,/home/carsten/Projects/MAPF/MAPF Evaluator/results/tlcpp-maze-32-4/runs/lg_lacam_fork_lg/maze-32-32-4/maze-32-32-4-random-2_a50_s1_r0,2496,0.084,"{""agents"": ""50"", ""comp_time"": ""84"", ""makespan"": ""88"", ""makespan_lb"": ""85"", ""map_file"": ""maze-32-32-4.map"", ""seed"": ""1"", ""soc"": ""2496"", ""soc_lb"": ""2225"", ""solved"": ""1"", ""solver"": ""planner"", ""sum_of_loss"": ""2455"", ""sum_of_loss_lb"": ""2225""}"
lg_lacam_fork:lg,"LG-LaCAM (window 20, first solution)",maze-32-32-4,maze-32-32-4-random-2,50,2,30.0,solved,0.210537,0.154,2491,88,2450,2225,85,1.119551,0,,/home/carsten/Projects/MAPF/MAPF Evaluator/results/tlcpp-maze-32-4/runs/lg_lacam_fork_lg/maze-32-32-4/maze-32-32-4-random-2_a50_s2_r0,2491,0.154,"{""agents"": ""50"", ""comp_time"": ""154"", ""makespan"": ""88"", ""makespan_lb"": ""85"", ""map_file"": ""maze-32-32-4.map"", ""seed"": ""2"", ""soc"": ""2491"", ""soc_lb"": ""2225"", ""solved"": ""1"", ""solver"": ""planner"", ""sum_of_loss"": ""2456"", ""sum_of_loss_lb"": ""2225""}"
lg_lacam_fork:lg_tl,LG-LaCAM (window 20) + traffic load,maze-32-32-4,maze-32-32-4-random-2,50,1,30.0,solved,0.18931,0.116,2481,89,2433,2225,85,1.115056,0,,/home/carsten/Projects/MAPF/MAPF Evaluator/results/tlcpp-maze-32-4/runs/lg_lacam_fork_lg_tl/maze-32-32-4/maze-32-32-4-random-2_a50_s1_r0,2481,0.116,"{""agents"": ""50"", ""comp_time"": ""116"", ""makespan"": ""89"", ""makespan_lb"": ""85"", ""map_file"": ""maze-32-32-4.map"", ""seed"": ""1"", ""soc"": ""2481"", ""soc_lb"": ""2225"", ""solved"": ""1"", ""solver"": ""planner"", ""sum_of_loss"": ""2438"", ""sum_of_loss_lb"": ""2225""}"
lg_lacam_fork:lg_tl,LG-LaCAM (window 20) + traffic load,maze-32-32-4,maze-32-32-4-random-2,50,2,30.0,solved,0.189945,0.139,2495,89,2431,2225,85,1.121348,0,,/home/carsten/Projects/MAPF/MAPF Evaluator/results/tlcpp-maze-32-4/runs/lg_lacam_fork_lg_tl/maze-32-32-4/maze-32-32-4-random-2_a50_s2_r0,2495,0.139,"{""agents"": ""50"", ""comp_time"": ""139"", ""makespan"": ""89"", ""makespan_lb"": ""85"", ""map_file"": ""maze-32-32-4.map"", ""seed"": ""2"", ""soc"": ""2495"", ""soc_lb"": ""2225"", ""solved"": ""1"", ""solver"": ""planner"", ""sum_of_loss"": ""2438"", ""sum_of_loss_lb"": ""2225""}"
lg_lacam_fork:lg_suo,LG-LaCAM (window 20) + SUO,maze-32-32-4,maze-32-32-4-random-2,50,1,30.0,solved,0.158204,0.073,2497,89,2451,2225,85,1.122247,0,,/home/carsten/Projects/MAPF/MAPF Evaluator/results/tlcpp-maze-32-4/runs/lg_lacam_fork_lg_suo/maze-32-32-4/maze-32-32-4-random-2_a50_s1_r0,2497,0.073,"{""agents"": ""50"", ""comp_time"": ""73"", ""makespan"": ""89"", ""makespan_lb"": ""85"", ""map_file"": ""maze-32-32-4.map"", ""seed"": ""1"", ""soc"": ""2497"", ""soc_lb"": ""2225"", ""solved"": ""1"", ""solver"": ""planner"", ""sum_of_loss"": ""2457"", ""sum_of_loss_lb"": ""2225""}"
lg_lacam_fork:lg_suo,LG-LaCAM (window 20) + SUO,maze-32-32-4,maze-32-32-4-random-2,50,0,30.0,solved,0.216221,0.167,2478,87,2433,2225,85,1.113708,0,,/home/carsten/Projects/MAPF/MAPF Evaluator/results/tlcpp-maze-32-4/runs/lg_lacam_fork_lg_suo/maze-32-32-4/maze-32-32-4-random-2_a50_s0_r0,2478,0.167,"{""agents"": ""50"", ""comp_time"": ""167"", ""makespan"": ""87"", ""makespan_lb"": ""85"", ""map_file"": ""maze-32-32-4.map"", ""seed"": ""0"", ""soc"": ""2478"", ""soc_lb"": ""2225"", ""solved"": ""1"", ""solver"": ""planner"", ""sum_of_loss"": ""2438"", ""sum_of_loss_lb"": ""2225""}"
lg_lacam_fork:lg_suo_tl,LG-LaCAM (window 20) + SUO + traffic load,maze-32-32-4,maze-32-32-4-random-2,50,0,30.0,solved,0.175995,0.125,2468,87,2424,2225,85,1.109213,0,,/home/carsten/Projects/MAPF/MAPF Evaluator/results/tlcpp-maze-32-4/runs/lg_lacam_fork_lg_suo_tl/maze-32-32-4/maze-32-32-4-random-2_a50_s0_r0,2468,0.125,"{""agents"": ""50"", ""comp_time"": ""125"", ""makespan"": ""87"", ""makespan_lb"": ""85"", ""map_file"": ""maze-32-32-4.map"", ""seed"": ""0"", ""soc"": ""2468"", ""soc_lb"": ""2225"", ""solved"": ""1"", ""solver"": ""planner"", ""sum_of_loss"": ""2429"", ""sum_of_loss_lb"": ""2225""}"
lg_lacam_fork:lg_suo,LG-LaCAM (window 20) + SUO,maze-32-32-4,maze-32-32-4-random-2,50,2,30.0,solved,0.169342,0.115,2480,87,2437,2225,85,1.114607,0,,/home/carsten/Projects/MAPF/MAPF Evaluator/results/tlcpp-maze-32-4/runs/lg_lacam_fork_lg_suo/maze-32-32-4/maze-32-32-4-random-2_a50_s2_r0,2480,0.115,"{""agents"": ""50"", ""comp_time"": ""115"", ""makespan"": ""87"", ""makespan_lb"": ""85"", ""map_file"": ""maze-32-32-4.map"", ""seed"": ""2"", ""soc"": ""2480"", ""soc_lb"": ""2225"", ""solved"": ""1"", ""solver"": ""planner"", ""sum_of_loss"": ""2442"", ""sum_of_loss_lb"": ""2225""}"
lg_lacam_fork:lg_suo_tl,LG-LaCAM (window 20) + SUO + traffic load,maze-32-32-4,maze-32-32-4-random-2,50,2,30.0,solved,0.186836,0.101,2488,87,2444,2225,85,1.118202,0,,/home/carsten/Projects/MAPF/MAPF Evaluator/results/tlcpp-maze-32-4/runs/lg_lacam_fork_lg_suo_tl/maze-32-32-4/maze-32-32-4-random-2_a50_s2_r0,2488,0.101,"{""agents"": ""50"", ""comp_time"": ""101"", ""makespan"": ""87"", ""makespan_lb"": ""85"", ""map_file"": ""maze-32-32-4.map"", ""seed"": ""2"", ""soc"": ""2488"", ""soc_lb"": ""2225"", ""solved"": ""1"", ""solver"": ""planner"", ""sum_of_loss"": ""2449"", ""sum_of_loss_lb"": ""2225""}"
lg_lacam_fork:lg_suo_tl,LG-LaCAM (window 20) + SUO + traffic load,maze-32-32-4,maze-32-32-4-random-2,50,1,30.0,solved,0.232088,0.105,2504,89,2457,2225,85,1.125393,0,,/home/carsten/Projects/MAPF/MAPF Evaluator/results/tlcpp-maze-32-4/runs/lg_lacam_fork_lg_suo_tl/maze-32-32-4/maze-32-32-4-random-2_a50_s1_r0,2504,0.105,"{""agents"": ""50"", ""comp_time"": ""105"", ""makespan"": ""89"", ""makespan_lb"": ""85"", ""map_file"": ""maze-32-32-4.map"", ""seed"": ""1"", ""soc"": ""2504"", ""soc_lb"": ""2225"", ""solved"": ""1"", ""solver"": ""planner"", ""sum_of_loss"": ""2464"", ""sum_of_loss_lb"": ""2225""}"
lg_lacam_fork:lacam,"LaCAM (no guidance, first solution)",maze-32-32-4,maze-32-32-4-random-2,100,1,30.0,solved,0.046697,0.012,7055,104,5691,4148,85,1.70082,0,,/home/carsten/Projects/MAPF/MAPF Evaluator/results/tlcpp-maze-32-4/runs/lg_lacam_fork_lacam/maze-32-32-4/maze-32-32-4-random-2_a100_s1_r0,7055,0.012,"{""agents"": ""100"", ""comp_time"": ""12"", ""makespan"": ""104"", ""makespan_lb"": ""85"", ""map_file"": ""maze-32-32-4.map"", ""seed"": ""1"", ""soc"": ""7055"", ""soc_lb"": ""4148"", ""solved"": ""1"", ""solver"": ""planner"", ""sum_of_loss"": ""5830"", ""sum_of_loss_lb"": ""4148""}"
lg_lacam_fork:lacam,"LaCAM (no guidance, first solution)",maze-32-32-4,maze-32-32-4-random-2,100,0,30.0,solved,0.126956,0.073,7090,139,5831,4148,85,1.709257,0,,/home/carsten/Projects/MAPF/MAPF Evaluator/results/tlcpp-maze-32-4/runs/lg_lacam_fork_lacam/maze-32-32-4/maze-32-32-4-random-2_a100_s0_r0,7090,0.073,"{""agents"": ""100"", ""comp_time"": ""73"", ""makespan"": ""139"", ""makespan_lb"": ""85"", ""map_file"": ""maze-32-32-4.map"", ""seed"": ""0"", ""soc"": ""7090"", ""soc_lb"": ""4148"", ""solved"": ""1"", ""solver"": ""planner"", ""sum_of_loss"": ""5976"", ""sum_of_loss_lb"": ""4148""}"
lg_lacam_fork:lacam,"LaCAM (no guidance, first solution)",maze-32-32-4,maze-32-32-4-random-2,100,2,30.0,solved,0.087611,0.023,7067,101,5770,4148,85,1.703713,0,,/home/carsten/Projects/MAPF/MAPF Evaluator/results/tlcpp-maze-32-4/runs/lg_lacam_fork_lacam/maze-32-32-4/maze-32-32-4-random-2_a100_s2_r0,7067,0.023,"{""agents"": ""100"", ""comp_time"": ""23"", ""makespan"": ""101"", ""makespan_lb"": ""85"", ""map_file"": ""maze-32-32-4.map"", ""seed"": ""2"", ""soc"": ""7067"", ""soc_lb"": ""4148"", ""solved"": ""1"", ""solver"": ""planner"", ""sum_of_loss"": ""5920"", ""sum_of_loss_lb"": ""4148""}"
lg_lacam_fork:tl,"LaCAM + traffic load (tie-break, per config)",maze-32-32-4,maze-32-32-4-random-2,100,0,30.0,solved,0.096325,0.048,6089,131,5232,4148,85,1.467936,0,,/home/carsten/Projects/MAPF/MAPF Evaluator/results/tlcpp-maze-32-4/runs/lg_lacam_fork_tl/maze-32-32-4/maze-32-32-4-random-2_a100_s0_r0,6089,0.048,"{""agents"": ""100"", ""comp_time"": ""48"", ""makespan"": ""131"", ""makespan_lb"": ""85"", ""map_file"": ""maze-32-32-4.map"", ""seed"": ""0"", ""soc"": ""6089"", ""soc_lb"": ""4148"", ""solved"": ""1"", ""solver"": ""planner"", ""sum_of_loss"": ""5341"", ""sum_of_loss_lb"": ""4148""}"
lg_lacam_fork:tl_agent,"LaCAM + traffic load (tie-break, per agent)",maze-32-32-4,maze-32-32-4-random-2,100,0,30.0,solved,0.087708,0.043,6123,142,5296,4148,85,1.476133,0,,/home/carsten/Projects/MAPF/MAPF Evaluator/results/tlcpp-maze-32-4/runs/lg_lacam_fork_tl_agent/maze-32-32-4/maze-32-32-4-random-2_a100_s0_r0,6123,0.043,"{""agents"": ""100"", ""comp_time"": ""43"", ""makespan"": ""142"", ""makespan_lb"": ""85"", ""map_file"": ""maze-32-32-4.map"", ""seed"": ""0"", ""soc"": ""6123"", ""soc_lb"": ""4148"", ""solved"": ""1"", ""solver"": ""planner"", ""sum_of_loss"": ""5390"", ""sum_of_loss_lb"": ""4148""}"
lg_lacam_fork:tl,"LaCAM + traffic load (tie-break, per config)",maze-32-32-4,maze-32-32-4-random-2,100,1,30.0,solved,0.235975,0.144,5853,96,5084,4148,85,1.411041,0,,/home/carsten/Projects/MAPF/MAPF Evaluator/results/tlcpp-maze-32-4/runs/lg_lacam_fork_tl/maze-32-32-4/maze-32-32-4-random-2_a100_s1_r0,5853,0.144,"{""agents"": ""100"", ""comp_time"": ""144"", ""makespan"": ""96"", ""makespan_lb"": ""85"", ""map_file"": ""maze-32-32-4.map"", ""seed"": ""1"", ""soc"": ""5853"", ""soc_lb"": ""4148"", ""solved"": ""1"", ""solver"": ""planner"", ""sum_of_loss"": ""5193"", ""sum_of_loss_lb"": ""4148""}"
lg_lacam_fork:tl,"LaCAM + traffic load (tie-break, per config)",maze-32-32-4,maze-32-32-4-random-2,100,2,30.0,solved,0.130627,0.034,6052,110,5143,4148,85,1.459016,0,,/home/carsten/Projects/MAPF/MAPF Evaluator/results/tlcpp-maze-32-4/runs/lg_lacam_fork_tl/maze-32-32-4/maze-32-32-4-random-2_a100_s2_r0,6052,0.034,"{""agents"": ""100"", ""comp_time"": ""34"", ""makespan"": ""110"", ""makespan_lb"": ""85"", ""map_file"": ""maze-32-32-4.map"", ""seed"": ""2"", ""soc"": ""6052"", ""soc_lb"": ""4148"", ""solved"": ""1"", ""solver"": ""planner"", ""sum_of_loss"": ""5256"", ""sum_of_loss_lb"": ""4148""}"
lg_lacam_fork:tl_agent,"LaCAM + traffic load (tie-break, per agent)",maze-32-32-4,maze-32-32-4-random-2,100,1,30.0,solved,0.139094,0.048,6089,113,5190,4148,85,1.467936,0,,/home/carsten/Projects/MAPF/MAPF Evaluator/results/tlcpp-maze-32-4/runs/lg_lacam_fork_tl_agent/maze-32-32-4/maze-32-32-4-random-2_a100_s1_r0,6089,0.048,"{""agents"": ""100"", ""comp_time"": ""48"", ""makespan"": ""113"", ""makespan_lb"": ""85"", ""map_file"": ""maze-32-32-4.map"", ""seed"": ""1"", ""soc"": ""6089"", ""soc_lb"": ""4148"", ""solved"": ""1"", ""solver"": ""planner"", ""sum_of_loss"": ""5297"", ""sum_of_loss_lb"": ""4148""}"
lg_lacam_fork:tl_agent,"LaCAM + traffic load (tie-break, per agent)",maze-32-32-4,maze-32-32-4-random-2,100,2,30.0,solved,0.076988,0.038,6073,119,5210,4148,85,1.464079,0,,/home/carsten/Projects/MAPF/MAPF Evaluator/results/tlcpp-maze-32-4/runs/lg_lacam_fork_tl_agent/maze-32-32-4/maze-32-32-4-random-2_a100_s2_r0,6073,0.038,"{""agents"": ""100"", ""comp_time"": ""38"", ""makespan"": ""119"", ""makespan_lb"": ""85"", ""map_file"": ""maze-32-32-4.map"", ""seed"": ""2"", ""soc"": ""6073"", ""soc_lb"": ""4148"", ""solved"": ""1"", ""solver"": ""planner"", ""sum_of_loss"": ""5305"", ""sum_of_loss_lb"": ""4148""}"
lg_lacam_fork:tl_static,LaCAM + traffic load (static map from starts),maze-32-32-4,maze-32-32-4-random-2,100,0,30.0,solved,0.103872,0.043,6943,135,5913,4148,85,1.673819,0,,/home/carsten/Projects/MAPF/MAPF Evaluator/results/tlcpp-maze-32-4/runs/lg_lacam_fork_tl_static/maze-32-32-4/maze-32-32-4-random-2_a100_s0_r0,6943,0.043,"{""agents"": ""100"", ""comp_time"": ""43"", ""makespan"": ""135"", ""makespan_lb"": ""85"", ""map_file"": ""maze-32-32-4.map"", ""seed"": ""0"", ""soc"": ""6943"", ""soc_lb"": ""4148"", ""solved"": ""1"", ""solver"": ""planner"", ""sum_of_loss"": ""6092"", ""sum_of_loss_lb"": ""4148""}"
lg_lacam_fork:tl_static,LaCAM + traffic load (static map from starts),maze-32-32-4,maze-32-32-4-random-2,100,1,30.0,solved,0.073808,0.032,6673,119,5773,4148,85,1.608727,0,,/home/carsten/Projects/MAPF/MAPF Evaluator/results/tlcpp-maze-32-4/runs/lg_lacam_fork_tl_static/maze-32-32-4/maze-32-32-4-random-2_a100_s1_r0,6673,0.032,"{""agents"": ""100"", ""comp_time"": ""32"", ""makespan"": ""119"", ""makespan_lb"": ""85"", ""map_file"": ""maze-32-32-4.map"", ""seed"": ""1"", ""soc"": ""6673"", ""soc_lb"": ""4148"", ""solved"": ""1"", ""solver"": ""planner"", ""sum_of_loss"": ""5926"", ""sum_of_loss_lb"": ""4148""}"
lg_lacam_fork:tl_static,LaCAM + traffic load (static map from starts),maze-32-32-4,maze-32-32-4-random-2,100,2,30.0,solved,0.052302,0.028,6530,104,5612,4148,85,1.574253,0,,/home/carsten/Projects/MAPF/MAPF Evaluator/results/tlcpp-maze-32-4/runs/lg_lacam_fork_tl_static/maze-32-32-4/maze-32-32-4-random-2_a100_s2_r0,6530,0.028,"{""agents"": ""100"", ""comp_time"": ""28"", ""makespan"": ""104"", ""makespan_lb"": ""85"", ""map_file"": ""maze-32-32-4.map"", ""seed"": ""2"", ""soc"": ""6530"", ""soc_lb"": ""4148"", ""solved"": ""1"", ""solver"": ""planner"", ""sum_of_loss"": ""5751"", ""sum_of_loss_lb"": ""4148""}"
lg_lacam_fork:suo,LaCAM3 = SUO (first solution),maze-32-32-4,maze-32-32-4-random-2,100,2,30.0,solved,0.062004,0.033,5550,92,5154,4148,85,1.337994,0,,/home/carsten/Projects/MAPF/MAPF Evaluator/results/tlcpp-maze-32-4/runs/lg_lacam_fork_suo/maze-32-32-4/maze-32-32-4-random-2_a100_s2_r0,5550,0.033,"{""agents"": ""100"", ""comp_time"": ""33"", ""makespan"": ""92"", ""makespan_lb"": ""85"", ""map_file"": ""maze-32-32-4.map"", ""seed"": ""2"", ""soc"": ""5550"", ""soc_lb"": ""4148"", ""solved"": ""1"", ""solver"": ""planner"", ""sum_of_loss"": ""5204"", ""sum_of_loss_lb"": ""4148""}"
lg_lacam_fork:suo,LaCAM3 = SUO (first solution),maze-32-32-4,maze-32-32-4-random-2,100,1,30.0,solved,0.06753,0.036,5795,97,5294,4148,85,1.397059,0,,/home/carsten/Projects/MAPF/MAPF Evaluator/results/tlcpp-maze-32-4/runs/lg_lacam_fork_suo/maze-32-32-4/maze-32-32-4-random-2_a100_s1_r0,5795,0.036,"{""agents"": ""100"", ""comp_time"": ""36"", ""makespan"": ""97"", ""makespan_lb"": ""85"", ""map_file"": ""maze-32-32-4.map"", ""seed"": ""1"", ""soc"": ""5795"", ""soc_lb"": ""4148"", ""solved"": ""1"", ""solver"": ""planner"", ""sum_of_loss"": ""5352"", ""sum_of_loss_lb"": ""4148""}"
lg_lacam_fork:suo,LaCAM3 = SUO (first solution),maze-32-32-4,maze-32-32-4-random-2,100,0,30.0,solved,0.075635,0.041,5902,112,5390,4148,85,1.422854,0,,/home/carsten/Projects/MAPF/MAPF Evaluator/results/tlcpp-maze-32-4/runs/lg_lacam_fork_suo/maze-32-32-4/maze-32-32-4-random-2_a100_s0_r0,5902,0.041,"{""agents"": ""100"", ""comp_time"": ""41"", ""makespan"": ""112"", ""makespan_lb"": ""85"", ""map_file"": ""maze-32-32-4.map"", ""seed"": ""0"", ""soc"": ""5902"", ""soc_lb"": ""4148"", ""solved"": ""1"", ""solver"": ""planner"", ""sum_of_loss"": ""5456"", ""sum_of_loss_lb"": ""4148""}"
lg_lacam_fork:suo_tl,SUO + traffic load,maze-32-32-4,maze-32-32-4-random-2,100,0,30.0,solved,0.121137,0.073,5687,134,5188,4148,85,1.371022,0,,/home/carsten/Projects/MAPF/MAPF Evaluator/results/tlcpp-maze-32-4/runs/lg_lacam_fork_suo_tl/maze-32-32-4/maze-32-32-4-random-2_a100_s0_r0,5687,0.073,"{""agents"": ""100"", ""comp_time"": ""73"", ""makespan"": ""134"", ""makespan_lb"": ""85"", ""map_file"": ""maze-32-32-4.map"", ""seed"": ""0"", ""soc"": ""5687"", ""soc_lb"": ""4148"", ""solved"": ""1"", ""solver"": ""planner"", ""sum_of_loss"": ""5244"", ""sum_of_loss_lb"": ""4148""}"
lg_lacam_fork:suo_tl,SUO + traffic load,maze-32-32-4,maze-32-32-4-random-2,100,1,30.0,solved,0.090243,0.049,5718,93,5302,4148,85,1.378496,0,,/home/carsten/Projects/MAPF/MAPF Evaluator/results/tlcpp-maze-32-4/runs/lg_lacam_fork_suo_tl/maze-32-32-4/maze-32-32-4-random-2_a100_s1_r0,5718,0.049,"{""agents"": ""100"", ""comp_time"": ""49"", ""makespan"": ""93"", ""makespan_lb"": ""85"", ""map_file"": ""maze-32-32-4.map"", ""seed"": ""1"", ""soc"": ""5718"", ""soc_lb"": ""4148"", ""solved"": ""1"", ""solver"": ""planner"", ""sum_of_loss"": ""5359"", ""sum_of_loss_lb"": ""4148""}"
lg_lacam_fork:suo_tl,SUO + traffic load,maze-32-32-4,maze-32-32-4-random-2,100,2,30.0,solved,0.156235,0.051,5542,93,5117,4148,85,1.336066,0,,/home/carsten/Projects/MAPF/MAPF Evaluator/results/tlcpp-maze-32-4/runs/lg_lacam_fork_suo_tl/maze-32-32-4/maze-32-32-4-random-2_a100_s2_r0,5542,0.051,"{""agents"": ""100"", ""comp_time"": ""51"", ""makespan"": ""93"", ""makespan_lb"": ""85"", ""map_file"": ""maze-32-32-4.map"", ""seed"": ""2"", ""soc"": ""5542"", ""soc_lb"": ""4148"", ""solved"": ""1"", ""solver"": ""planner"", ""sum_of_loss"": ""5164"", ""sum_of_loss_lb"": ""4148""}"
lg_lacam_fork:lg,"LG-LaCAM (window 20, first solution)",maze-32-32-4,maze-32-32-4-random-2,100,1,30.0,solved,0.289537,0.203,5293,150,4967,4148,85,1.276037,0,,/home/carsten/Projects/MAPF/MAPF Evaluator/results/tlcpp-maze-32-4/runs/lg_lacam_fork_lg/maze-32-32-4/maze-32-32-4-random-2_a100_s1_r0,5293,0.203,"{""agents"": ""100"", ""comp_time"": ""203"", ""makespan"": ""150"", ""makespan_lb"": ""85"", ""map_file"": ""maze-32-32-4.map"", ""seed"": ""1"", ""soc"": ""5293"", ""soc_lb"": ""4148"", ""solved"": ""1"", ""solver"": ""planner"", ""sum_of_loss"": ""4999"", ""sum_of_loss_lb"": ""4148""}"
lg_lacam_fork:lg,"LG-LaCAM (window 20, first solution)",maze-32-32-4,maze-32-32-4-random-2,100,0,30.0,solved,0.295844,0.217,5252,128,4952,4148,85,1.266152,0,,/home/carsten/Projects/MAPF/MAPF Evaluator/results/tlcpp-maze-32-4/runs/lg_lacam_fork_lg/maze-32-32-4/maze-32-32-4-random-2_a100_s0_r0,5252,0.217,"{""agents"": ""100"", ""comp_time"": ""217"", ""makespan"": ""128"", ""makespan_lb"": ""85"", ""map_file"": ""maze-32-32-4.map"", ""seed"": ""0"", ""soc"": ""5252"", ""soc_lb"": ""4148"", ""solved"": ""1"", ""solver"": ""planner"", ""sum_of_loss"": ""4987"", ""sum_of_loss_lb"": ""4148""}"
lg_lacam_fork:lg,"LG-LaCAM (window 20, first solution)",maze-32-32-4,maze-32-32-4-random-2,100,2,30.0,solved,0.271652,0.168,5084,88,4798,4148,85,1.225651,0,,/home/carsten/Projects/MAPF/MAPF Evaluator/results/tlcpp-maze-32-4/runs/lg_lacam_fork_lg/maze-32-32-4/maze-32-32-4-random-2_a100_s2_r0,5084,0.168,"{""agents"": ""100"", ""comp_time"": ""168"", ""makespan"": ""88"", ""makespan_lb"": ""85"", ""map_file"": ""maze-32-32-4.map"", ""seed"": ""2"", ""soc"": ""5084"", ""soc_lb"": ""4148"", ""solved"": ""1"", ""solver"": ""planner"", ""sum_of_loss"": ""4826"", ""sum_of_loss_lb"": ""4148""}"
lg_lacam_fork:lg_tl,LG-LaCAM (window 20) + traffic load,maze-32-32-4,maze-32-32-4-random-2,100,0,30.0,solved,0.269004,0.204,5137,114,4842,4148,85,1.238428,0,,/home/carsten/Projects/MAPF/MAPF Evaluator/results/tlcpp-maze-32-4/runs/lg_lacam_fork_lg_tl/maze-32-32-4/maze-32-32-4-random-2_a100_s0_r0,5137,0.204,"{""agents"": ""100"", ""comp_time"": ""204"", ""makespan"": ""114"", ""makespan_lb"": ""85"", ""map_file"": ""maze-32-32-4.map"", ""seed"": ""0"", ""soc"": ""5137"", ""soc_lb"": ""4148"", ""solved"": ""1"", ""solver"": ""planner"", ""sum_of_loss"": ""4871"", ""sum_of_loss_lb"": ""4148""}"
lg_lacam_fork:lg_tl,LG-LaCAM (window 20) + traffic load,maze-32-32-4,maze-32-32-4-random-2,100,2,30.0,solved,0.260186,0.189,5155,113,4828,4148,85,1.242768,0,,/home/carsten/Projects/MAPF/MAPF Evaluator/results/tlcpp-maze-32-4/runs/lg_lacam_fork_lg_tl/maze-32-32-4/maze-32-32-4-random-2_a100_s2_r0,5155,0.189,"{""agents"": ""100"", ""comp_time"": ""189"", ""makespan"": ""113"", ""makespan_lb"": ""85"", ""map_file"": ""maze-32-32-4.map"", ""seed"": ""2"", ""soc"": ""5155"", ""soc_lb"": ""4148"", ""solved"": ""1"", ""solver"": ""planner"", ""sum_of_loss"": ""4856"", ""sum_of_loss_lb"": ""4148""}"
lg_lacam_fork:lg_suo,LG-LaCAM (window 20) + SUO,maze-32-32-4,maze-32-32-4-random-2,100,0,30.0,solved,0.291619,0.236,5242,136,4946,4148,85,1.263742,0,,/home/carsten/Projects/MAPF/MAPF Evaluator/results/tlcpp-maze-32-4/runs/lg_lacam_fork_lg_suo/maze-32-32-4/maze-32-32-4-random-2_a100_s0_r0,5242,0.236,"{""agents"": ""100"", ""comp_time"": ""236"", ""makespan"": ""136"", ""makespan_lb"": ""85"", ""map_file"": ""maze-32-32-4.map"", ""seed"": ""0"", ""soc"": ""5242"", ""soc_lb"": ""4148"", ""solved"": ""1"", ""solver"": ""planner"", ""sum_of_loss"": ""4970"", ""sum_of_loss_lb"": ""4148""}"
lg_lacam_fork:lg_tl,LG-LaCAM (window 20) + traffic load,maze-32-32-4,maze-32-32-4-random-2,100,1,30.0,solved,0.409993,0.371,5308,142,4918,4148,85,1.279653,0,,/home/carsten/Projects/MAPF/MAPF Evaluator/results/tlcpp-maze-32-4/runs/lg_lacam_fork_lg_tl/maze-32-32-4/maze-32-32-4-random-2_a100_s1_r0,5308,0.371,"{""agents"": ""100"", ""comp_time"": ""371"", ""makespan"": ""142"", ""makespan_lb"": ""85"", ""map_file"": ""maze-32-32-4.map"", ""seed"": ""1"", ""soc"": ""5308"", ""soc_lb"": ""4148"", ""solved"": ""1"", ""solver"": ""planner"", ""sum_of_loss"": ""4950"", ""sum_of_loss_lb"": ""4148""}"
lg_lacam_fork:lg_suo,LG-LaCAM (window 20) + SUO,maze-32-32-4,maze-32-32-4-random-2,100,1,30.0,solved,0.384971,0.328,5139,110,4889,4148,85,1.23891,0,,/home/carsten/Projects/MAPF/MAPF Evaluator/results/tlcpp-maze-32-4/runs/lg_lacam_fork_lg_suo/maze-32-32-4/maze-32-32-4-random-2_a100_s1_r0,5139,0.328,"{""agents"": ""100"", ""comp_time"": ""328"", ""makespan"": ""110"", ""makespan_lb"": ""85"", ""map_file"": ""maze-32-32-4.map"", ""seed"": ""1"", ""soc"": ""5139"", ""soc_lb"": ""4148"", ""solved"": ""1"", ""solver"": ""planner"", ""sum_of_loss"": ""4915"", ""sum_of_loss_lb"": ""4148""}"
lg_lacam_fork:lg_suo,LG-LaCAM (window 20) + SUO,maze-32-32-4,maze-32-32-4-random-2,100,2,30.0,solved,0.165558,0.11,5124,112,4862,4148,85,1.235294,0,,/home/carsten/Projects/MAPF/MAPF Evaluator/results/tlcpp-maze-32-4/runs/lg_lacam_fork_lg_suo/maze-32-32-4/maze-32-32-4-random-2_a100_s2_r0,5124,0.11,"{""agents"": ""100"", ""comp_time"": ""110"", ""makespan"": ""112"", ""makespan_lb"": ""85"", ""map_file"": ""maze-32-32-4.map"", ""seed"": ""2"", ""soc"": ""5124"", ""soc_lb"": ""4148"", ""solved"": ""1"", ""solver"": ""planner"", ""sum_of_loss"": ""4893"", ""sum_of_loss_lb"": ""4148""}"
lg_lacam_fork:lg_suo_tl,LG-LaCAM (window 20) + SUO + traffic load,maze-32-32-4,maze-32-32-4-random-2,100,1,30.0,solved,0.260976,0.203,5187,111,4874,4148,85,1.250482,0,,/home/carsten/Projects/MAPF/MAPF Evaluator/results/tlcpp-maze-32-4/runs/lg_lacam_fork_lg_suo_tl/maze-32-32-4/maze-32-32-4-random-2_a100_s1_r0,5187,0.203,"{""agents"": ""100"", ""comp_time"": ""203"", ""makespan"": ""111"", ""makespan_lb"": ""85"", ""map_file"": ""maze-32-32-4.map"", ""seed"": ""1"", ""soc"": ""5187"", ""soc_lb"": ""4148"", ""solved"": ""1"", ""solver"": ""planner"", ""sum_of_loss"": ""4908"", ""sum_of_loss_lb"": ""4148""}"
lg_lacam_fork:lg_suo_tl,LG-LaCAM (window 20) + SUO + traffic load,maze-32-32-4,maze-32-32-4-random-2,100,0,30.0,solved,0.320885,0.202,5124,93,4841,4148,85,1.235294,0,,/home/carsten/Projects/MAPF/MAPF Evaluator/results/tlcpp-maze-32-4/runs/lg_lacam_fork_lg_suo_tl/maze-32-32-4/maze-32-32-4-random-2_a100_s0_r0,5124,0.202,"{""agents"": ""100"", ""comp_time"": ""202"", ""makespan"": ""93"", ""makespan_lb"": ""85"", ""map_file"": ""maze-32-32-4.map"", ""seed"": ""0"", ""soc"": ""5124"", ""soc_lb"": ""4148"", ""solved"": ""1"", ""solver"": ""planner"", ""sum_of_loss"": ""4869"", ""sum_of_loss_lb"": ""4148""}"
lg_lacam_fork:lacam,"LaCAM (no guidance, first solution)",maze-32-32-4,maze-32-32-4-random-2,150,0,30.0,solved,0.279384,0.124,13200,271,11434,6327,92,2.086297,0,,/home/carsten/Projects/MAPF/MAPF Evaluator/results/tlcpp-maze-32-4/runs/lg_lacam_fork_lacam/maze-32-32-4/maze-32-32-4-random-2_a150_s0_r0,13200,0.124,"{""agents"": ""150"", ""comp_time"": ""124"", ""makespan"": ""271"", ""makespan_lb"": ""92"", ""map_file"": ""maze-32-32-4.map"", ""seed"": ""0"", ""soc"": ""13200"", ""soc_lb"": ""6327"", ""solved"": ""1"", ""solver"": ""planner"", ""sum_of_loss"": ""11691"", ""sum_of_loss_lb"": ""6327""}"
lg_lacam_fork:lacam,"LaCAM (no guidance, first solution)",maze-32-32-4,maze-32-32-4-random-2,150,1,30.0,solved,0.150268,0.059,13384,216,11099,6327,92,2.115379,0,,/home/carsten/Projects/MAPF/MAPF Evaluator/results/tlcpp-maze-32-4/runs/lg_lacam_fork_lacam/maze-32-32-4/maze-32-32-4-random-2_a150_s1_r0,13384,0.059,"{""agents"": ""150"", ""comp_time"": ""59"", ""makespan"": ""216"", ""makespan_lb"": ""92"", ""map_file"": ""maze-32-32-4.map"", ""seed"": ""1"", ""soc"": ""13384"", ""soc_lb"": ""6327"", ""solved"": ""1"", ""solver"": ""planner"", ""sum_of_loss"": ""11350"", ""sum_of_loss_lb"": ""6327""}"
lg_lacam_fork:lg_suo_tl,LG-LaCAM (window 20) + SUO + traffic load,maze-32-32-4,maze-32-32-4-random-2,100,2,30.0,solved,0.707286,0.619,5199,109,4863,4148,85,1.253375,0,,/home/carsten/Projects/MAPF/MAPF Evaluator/results/tlcpp-maze-32-4/runs/lg_lacam_fork_lg_suo_tl/maze-32-32-4/maze-32-32-4-random-2_a100_s2_r0,5199,0.619,"{""agents"": ""100"", ""comp_time"": ""619"", ""makespan"": ""109"", ""makespan_lb"": ""85"", ""map_file"": ""maze-32-32-4.map"", ""seed"": ""2"", ""soc"": ""5199"", ""soc_lb"": ""4148"", ""solved"": ""1"", ""solver"": ""planner"", ""sum_of_loss"": ""4893"", ""sum_of_loss_lb"": ""4148""}"
lg_lacam_fork:lacam,"LaCAM (no guidance, first solution)",maze-32-32-4,maze-32-32-4-random-2,150,2,30.0,solved,0.215044,0.071,15087,364,11957,6327,92,2.384542,0,,/home/carsten/Projects/MAPF/MAPF Evaluator/results/tlcpp-maze-32-4/runs/lg_lacam_fork_lacam/maze-32-32-4/maze-32-32-4-random-2_a150_s2_r0,15087,0.071,"{""agents"": ""150"", ""comp_time"": ""71"", ""makespan"": ""364"", ""makespan_lb"": ""92"", ""map_file"": ""maze-32-32-4.map"", ""seed"": ""2"", ""soc"": ""15087"", ""soc_lb"": ""6327"", ""solved"": ""1"", ""solver"": ""planner"", ""sum_of_loss"": ""12286"", ""sum_of_loss_lb"": ""6327""}"
lg_lacam_fork:tl,"LaCAM + traffic load (tie-break, per config)",maze-32-32-4,maze-32-32-4-random-2,150,0,30.0,solved,0.191609,0.085,13704,289,10731,6327,92,2.165955,0,,/home/carsten/Projects/MAPF/MAPF Evaluator/results/tlcpp-maze-32-4/runs/lg_lacam_fork_tl/maze-32-32-4/maze-32-32-4-random-2_a150_s0_r0,13704,0.085,"{""agents"": ""150"", ""comp_time"": ""85"", ""makespan"": ""289"", ""makespan_lb"": ""92"", ""map_file"": ""maze-32-32-4.map"", ""seed"": ""0"", ""soc"": ""13704"", ""soc_lb"": ""6327"", ""solved"": ""1"", ""solver"": ""planner"", ""sum_of_loss"": ""10976"", ""sum_of_loss_lb"": ""6327""}"
lg_lacam_fork:tl,"LaCAM + traffic load (tie-break, per config)",maze-32-32-4,maze-32-32-4-random-2,150,2,30.0,solved,0.154459,0.086,13378,242,10608,6327,92,2.11443,0,,/home/carsten/Projects/MAPF/MAPF Evaluator/results/tlcpp-maze-32-4/runs/lg_lacam_fork_tl/maze-32-32-4/maze-32-32-4-random-2_a150_s2_r0,13378,0.086,"{""agents"": ""150"", ""comp_time"": ""86"", ""makespan"": ""242"", ""makespan_lb"": ""92"", ""map_file"": ""maze-32-32-4.map"", ""seed"": ""2"", ""soc"": ""13378"", ""soc_lb"": ""6327"", ""solved"": ""1"", ""solver"": ""planner"", ""sum_of_loss"": ""10833"", ""sum_of_loss_lb"": ""6327""}"
lg_lacam_fork:tl_agent,"LaCAM + traffic load (tie-break, per agent)",maze-32-32-4,maze-32-32-4-random-2,150,0,30.0,solved,0.368854,0.205,13815,243,10759,6327,92,2.183499,0,,/home/carsten/Projects/MAPF/MAPF Evaluator/results/tlcpp-maze-32-4/runs/lg_lacam_fork_tl_agent/maze-32-32-4/maze-32-32-4-random-2_a150_s0_r0,13815,0.205,"{""agents"": ""150"", ""comp_time"": ""205"", ""makespan"": ""243"", ""makespan_lb"": ""92"", ""map_file"": ""maze-32-32-4.map"", ""seed"": ""0"", ""soc"": ""13815"", ""soc_lb"": ""6327"", ""solved"": ""1"", ""solver"": ""planner"", ""sum_of_loss"": ""11001"", ""sum_of_loss_lb"": ""6327""}"
lg_lacam_fork:tl,"LaCAM + traffic load (tie-break, per config)",maze-32-32-4,maze-32-32-4-random-2,150,1,30.0,solved,0.950396,0.823,12465,192,9987,6327,92,1.970128,0,,/home/carsten/Projects/MAPF/MAPF Evaluator/results/tlcpp-maze-32-4/runs/lg_lacam_fork_tl/maze-32-32-4/maze-32-32-4-random-2_a150_s1_r0,12465,0.823,"{""agents"": ""150"", ""comp_time"": ""823"", ""makespan"": ""192"", ""makespan_lb"": ""92"", ""map_file"": ""maze-32-32-4.map"", ""seed"": ""1"", ""soc"": ""12465"", ""soc_lb"": ""6327"", ""solved"": ""1"", ""solver"": ""planner"", ""sum_of_loss"": ""10216"", ""sum_of_loss_lb"": ""6327""}"
lg_lacam_fork:tl_agent,"LaCAM + traffic load (tie-break, per agent)",maze-32-32-4,maze-32-32-4-random-2,150,1,30.0,solved,0.333494,0.205,13889,280,10742,6327,92,2.195195,0,,/home/carsten/Projects/MAPF/MAPF Evaluator/results/tlcpp-maze-32-4/runs/lg_lacam_fork_tl_agent/maze-32-32-4/maze-32-32-4-random-2_a150_s1_r0,13889,0.205,"{""agents"": ""150"", ""comp_time"": ""205"", ""makespan"": ""280"", ""makespan_lb"": ""92"", ""map_file"": ""maze-32-32-4.map"", ""seed"": ""1"", ""soc"": ""13889"", ""soc_lb"": ""6327"", ""solved"": ""1"", ""solver"": ""planner"", ""sum_of_loss"": ""10972"", ""sum_of_loss_lb"": ""6327""}"
lg_lacam_fork:tl_static,LaCAM + traffic load (static map from starts),maze-32-32-4,maze-32-32-4-random-2,150,2,30.0,solved,0.213803,0.111,24217,513,17320,6327,92,3.827564,0,,/home/carsten/Projects/MAPF/MAPF Evaluator/results/tlcpp-maze-32-4/runs/lg_lacam_fork_tl_static/maze-32-32-4/maze-32-32-4-random-2_a150_s2_r0,24217,0.111,"{""agents"": ""150"", ""comp_time"": ""111"", ""makespan"": ""513"", ""makespan_lb"": ""92"", ""map_file"": ""maze-32-32-4.map"", ""seed"": ""2"", ""soc"": ""24217"", ""soc_lb"": ""6327"", ""solved"": ""1"", ""solver"": ""planner"", ""sum_of_loss"": ""18911"", ""sum_of_loss_lb"": ""6327""}"
lg_lacam_fork:tl_static,LaCAM + traffic load (static map from starts),maze-32-32-4,maze-32-32-4-random-2,150,0,30.0,solved,0.454127,0.225,24363,539,17627,6327,92,3.85064,0,,/home/carsten/Projects/MAPF/MAPF Evaluator/results/tlcpp-maze-32-4/runs/lg_lacam_fork_tl_static/maze-32-32-4/maze-32-32-4-random-2_a150_s0_r0,24363,0.225,"{""agents"": ""150"", ""comp_time"": ""225"", ""makespan"": ""539"", ""makespan_lb"": ""92"", ""map_file"": ""maze-32-32-4.map"", ""seed"": ""0"", ""soc"": ""24363"", ""soc_lb"": ""6327"", ""solved"": ""1"", ""solver"": ""planner"", ""sum_of_loss"": ""19223"", ""sum_of_loss_lb"": ""6327""}"
lg_lacam_fork:tl_static,LaCAM + traffic load (static map from starts),maze-32-32-4,maze-32-32-4-random-2,150,1,30.0,solved,0.419093,0.267,27026,684,19639,6327,92,4.271535,0,,/home/carsten/Projects/MAPF/MAPF Evaluator/results/tlcpp-maze-32-4/runs/lg_lacam_fork_tl_static/maze-32-32-4/maze-32-32-4-random-2_a150_s1_r0,27026,0.267,"{""agents"": ""150"", ""comp_time"": ""267"", ""makespan"": ""684"", ""makespan_lb"": ""92"", ""map_file"": ""maze-32-32-4.map"", ""seed"": ""1"", ""soc"": ""27026"", ""soc_lb"": ""6327"", ""solved"": ""1"", ""solver"": ""planner"", ""sum_of_loss"": ""21481"", ""sum_of_loss_lb"": ""6327""}"
lg_lacam_fork:suo,LaCAM3 = SUO (first solution),maze-32-32-4,maze-32-32-4-random-2,150,0,30.0,solved,0.354507,0.145,11362,210,10092,6327,92,1.795796,0,,/home/carsten/Projects/MAPF/MAPF Evaluator/results/tlcpp-maze-32-4/runs/lg_lacam_fork_suo/maze-32-32-4/maze-32-32-4-random-2_a150_s0_r0,11362,0.145,"{""agents"": ""150"", ""comp_time"": ""145"", ""makespan"": ""210"", ""makespan_lb"": ""92"", ""map_file"": ""maze-32-32-4.map"", ""seed"": ""0"", ""soc"": ""11362"", ""soc_lb"": ""6327"", ""solved"": ""1"", ""solver"": ""planner"", ""sum_of_loss"": ""10261"", ""sum_of_loss_lb"": ""6327""}"
lg_lacam_fork:suo,LaCAM3 = SUO (first solution),maze-32-32-4,maze-32-32-4-random-2,150,1,30.0,solved,0.329835,0.215,12109,221,10892,6327,92,1.913861,0,,/home/carsten/Projects/MAPF/MAPF Evaluator/results/tlcpp-maze-32-4/runs/lg_lacam_fork_suo/maze-32-32-4/maze-32-32-4-random-2_a150_s1_r0,12109,0.215,"{""agents"": ""150"", ""comp_time"": ""215"", ""makespan"": ""221"", ""makespan_lb"": ""92"", ""map_file"": ""maze-32-32-4.map"", ""seed"": ""1"", ""soc"": ""12109"", ""soc_lb"": ""6327"", ""solved"": ""1"", ""solver"": ""planner"", ""sum_of_loss"": ""11098"", ""sum_of_loss_lb"": ""6327""}"
lg_lacam_fork:suo,LaCAM3 = SUO (first solution),maze-32-32-4,maze-32-32-4-random-2,150,2,30.0,solved,0.586078,0.421,12563,250,10398,6327,92,1.985617,0,,/home/carsten/Projects/MAPF/MAPF Evaluator/results/tlcpp-maze-32-4/runs/lg_lacam_fork_suo/maze-32-32-4/maze-32-32-4-random-2_a150_s2_r0,12563,0.421,"{""agents"": ""150"", ""comp_time"": ""421"", ""makespan"": ""250"", ""makespan_lb"": ""92"", ""map_file"": ""maze-32-32-4.map"", ""seed"": ""2"", ""soc"": ""12563"", ""soc_lb"": ""6327"", ""solved"": ""1"", ""solver"": ""planner"", ""sum_of_loss"": ""10608"", ""sum_of_loss_lb"": ""6327""}"
lg_lacam_fork:suo_tl,SUO + traffic load,maze-32-32-4,maze-32-32-4-random-2,150,0,30.0,solved,0.283434,0.21,10906,191,9573,6327,92,1.723724,0,,/home/carsten/Projects/MAPF/MAPF Evaluator/results/tlcpp-maze-32-4/runs/lg_lacam_fork_suo_tl/maze-32-32-4/maze-32-32-4-random-2_a150_s0_r0,10906,0.21,"{""agents"": ""150"", ""comp_time"": ""210"", ""makespan"": ""191"", ""makespan_lb"": ""92"", ""map_file"": ""maze-32-32-4.map"", ""seed"": ""0"", ""soc"": ""10906"", ""soc_lb"": ""6327"", ""solved"": ""1"", ""solver"": ""planner"", ""sum_of_loss"": ""9740"", ""sum_of_loss_lb"": ""6327""}"
lg_lacam_fork:suo_tl,SUO + traffic load,maze-32-32-4,maze-32-32-4-random-2,150,1,30.0,solved,0.331028,0.201,11225,177,9959,6327,92,1.774143,0,,/home/carsten/Projects/MAPF/MAPF Evaluator/results/tlcpp-maze-32-4/runs/lg_lacam_fork_suo_tl/maze-32-32-4/maze-32-32-4-random-2_a150_s1_r0,11225,0.201,"{""agents"": ""150"", ""comp_time"": ""201"", ""makespan"": ""177"", ""makespan_lb"": ""92"", ""map_file"": ""maze-32-32-4.map"", ""seed"": ""1"", ""soc"": ""11225"", ""soc_lb"": ""6327"", ""solved"": ""1"", ""solver"": ""planner"", ""sum_of_loss"": ""10111"", ""sum_of_loss_lb"": ""6327""}"
lg_lacam_fork:suo_tl,SUO + traffic load,maze-32-32-4,maze-32-32-4-random-2,150,2,30.0,solved,0.171871,0.059,10933,193,9602,6327,92,1.727991,0,,/home/carsten/Projects/MAPF/MAPF Evaluator/results/tlcpp-maze-32-4/runs/lg_lacam_fork_suo_tl/maze-32-32-4/maze-32-32-4-random-2_a150_s2_r0,10933,0.059,"{""agents"": ""150"", ""comp_time"": ""59"", ""makespan"": ""193"", ""makespan_lb"": ""92"", ""map_file"": ""maze-32-32-4.map"", ""seed"": ""2"", ""soc"": ""10933"", ""soc_lb"": ""6327"", ""solved"": ""1"", ""solver"": ""planner"", ""sum_of_loss"": ""9778"", ""sum_of_loss_lb"": ""6327""}"
lg_lacam_fork:lg,"LG-LaCAM (window 20, first solution)",maze-32-32-4,maze-32-32-4-random-2,150,2,30.0,solved,0.620562,0.54,8849,117,8380,6327,92,1.398609,0,,/home/carsten/Projects/MAPF/MAPF Evaluator/results/tlcpp-maze-32-4/runs/lg_lacam_fork_lg/maze-32-32-4/maze-32-32-4-random-2_a150_s2_r0,8849,0.54,"{""agents"": ""150"", ""comp_time"": ""540"", ""makespan"": ""117"", ""makespan_lb"": ""92"", ""map_file"": ""maze-32-32-4.map"", ""seed"": ""2"", ""soc"": ""8849"", ""soc_lb"": ""6327"", ""solved"": ""1"", ""solver"": ""planner"", ""sum_of_loss"": ""8456"", ""sum_of_loss_lb"": ""6327""}"
lg_lacam_fork:lg,"LG-LaCAM (window 20, first solution)",maze-32-32-4,maze-32-32-4-random-2,150,0,30.0,solved,0.978862,0.85,10591,273,9451,6327,92,1.673937,0,,/home/carsten/Projects/MAPF/MAPF Evaluator/results/tlcpp-maze-32-4/runs/lg_lacam_fork_lg/maze-32-32-4/maze-32-32-4-random-2_a150_s0_r0,10591,0.85,"{""agents"": ""150"", ""comp_time"": ""850"", ""makespan"": ""273"", ""makespan_lb"": ""92"", ""map_file"": ""maze-32-32-4.map"", ""seed"": ""0"", ""soc"": ""10591"", ""soc_lb"": ""6327"", ""solved"": ""1"", ""solver"": ""planner"", ""sum_of_loss"": ""9572"", ""sum_of_loss_lb"": ""6327""}"
lg_lacam_fork:lg,"LG-LaCAM (window 20, first solution)",maze-32-32-4,maze-32-32-4-random-2,150,1,30.0,solved,0.959469,0.894,10214,252,9525,6327,92,1.614351,0,,/home/carsten/Projects/MAPF/MAPF Evaluator/results/tlcpp-maze-32-4/runs/lg_lacam_fork_lg/maze-32-32-4/maze-32-32-4-random-2_a150_s1_r0,10214,0.894,"{""agents"": ""150"", ""comp_time"": ""894"", ""makespan"": ""252"", ""makespan_lb"": ""92"", ""map_file"": ""maze-32-32-4.map"", ""seed"": ""1"", ""soc"": ""10214"", ""soc_lb"": ""6327"", ""solved"": ""1"", ""solver"": ""planner"", ""sum_of_loss"": ""9652"", ""sum_of_loss_lb"": ""6327""}"
lg_lacam_fork:lg_tl,LG-LaCAM (window 20) + traffic load,maze-32-32-4,maze-32-32-4-random-2,150,0,30.0,solved,0.59247,0.465,8837,113,8447,6327,92,1.396713,0,,/home/carsten/Projects/MAPF/MAPF Evaluator/results/tlcpp-maze-32-4/runs/lg_lacam_fork_lg_tl/maze-32-32-4/maze-32-32-4-random-2_a150_s0_r0,8837,0.465,"{""agents"": ""150"", ""comp_time"": ""465"", ""makespan"": ""113"", ""makespan_lb"": ""92"", ""map_file"": ""maze-32-32-4.map"", ""seed"": ""0"", ""soc"": ""8837"", ""soc_lb"": ""6327"", ""solved"": ""1"", ""solver"": ""planner"", ""sum_of_loss"": ""8511"", ""sum_of_loss_lb"": ""6327""}"
lg_lacam_fork:lg_tl,LG-LaCAM (window 20) + traffic load,maze-32-32-4,maze-32-32-4-random-2,150,2,30.0,solved,0.496062,0.414,9687,189,9005,6327,92,1.531057,0,,/home/carsten/Projects/MAPF/MAPF Evaluator/results/tlcpp-maze-32-4/runs/lg_lacam_fork_lg_tl/maze-32-32-4/maze-32-32-4-random-2_a150_s2_r0,9687,0.414,"{""agents"": ""150"", ""comp_time"": ""414"", ""makespan"": ""189"", ""makespan_lb"": ""92"", ""map_file"": ""maze-32-32-4.map"", ""seed"": ""2"", ""soc"": ""9687"", ""soc_lb"": ""6327"", ""solved"": ""1"", ""solver"": ""planner"", ""sum_of_loss"": ""9110"", ""sum_of_loss_lb"": ""6327""}"
lg_lacam_fork:lg_tl,LG-LaCAM (window 20) + traffic load,maze-32-32-4,maze-32-32-4-random-2,150,1,30.0,solved,0.601216,0.499,10761,307,10041,6327,92,1.700806,0,,/home/carsten/Projects/MAPF/MAPF Evaluator/results/tlcpp-maze-32-4/runs/lg_lacam_fork_lg_tl/maze-32-32-4/maze-32-32-4-random-2_a150_s1_r0,10761,0.499,"{""agents"": ""150"", ""comp_time"": ""499"", ""makespan"": ""307"", ""makespan_lb"": ""92"", ""map_file"": ""maze-32-32-4.map"", ""seed"": ""1"", ""soc"": ""10761"", ""soc_lb"": ""6327"", ""solved"": ""1"", ""solver"": ""planner"", ""sum_of_loss"": ""10149"", ""sum_of_loss_lb"": ""6327""}"
lg_lacam_fork:lg_suo,LG-LaCAM (window 20) + SUO,maze-32-32-4,maze-32-32-4-random-2,150,1,30.0,solved,0.461123,0.36,9408,163,8807,6327,92,1.486961,0,,/home/carsten/Projects/MAPF/MAPF Evaluator/results/tlcpp-maze-32-4/runs/lg_lacam_fork_lg_suo/maze-32-32-4/maze-32-32-4-random-2_a150_s1_r0,9408,0.36,"{""agents"": ""150"", ""comp_time"": ""360"", ""makespan"": ""163"", ""makespan_lb"": ""92"", ""map_file"": ""maze-32-32-4.map"", ""seed"": ""1"", ""soc"": ""9408"", ""soc_lb"": ""6327"", ""solved"": ""1"", ""solver"": ""planner"", ""sum_of_loss"": ""8904"", ""sum_of_loss_lb"": ""6327""}"
lg_lacam_fork:lg_suo,LG-LaCAM (window 20) + SUO,maze-32-32-4,maze-32-32-4-random-2,150,0,30.0,solved,0.69876,0.565,9385,142,8940,6327,92,1.483325,0,,/home/carsten/Projects/MAPF/MAPF Evaluator/results/tlcpp-maze-32-4/runs/lg_lacam_fork_lg_suo/maze-32-32-4/maze-32-32-4-random-2_a150_s0_r0,9385,0.565,"{""agents"": ""150"", ""comp_time"": ""565"", ""makespan"": ""142"", ""makespan_lb"": ""92"", ""map_file"": ""maze-32-32-4.map"", ""seed"": ""0"", ""soc"": ""9385"", ""soc_lb"": ""6327"", ""solved"": ""1"", ""solver"": ""planner"", ""sum_of_loss"": ""9021"", ""sum_of_loss_lb"": ""6327""}"
lg_lacam_fork:lg_suo,LG-LaCAM (window 20) + SUO,maze-32-32-4,maze-32-32-4-random-2,150,2,30.0,solved,0.577868,0.504,11488,326,10422,6327,92,1.81571,0,,/home/carsten/Projects/MAPF/MAPF Evaluator/results/tlcpp-maze-32-4/runs/lg_lacam_fork_lg_suo/maze-32-32-4/maze-32-32-4-random-2_a150_s2_r0,11488,0.504,"{""agents"": ""150"", ""comp_time"": ""504"", ""makespan"": ""326"", ""makespan_lb"": ""92"", ""map_file"": ""maze-32-32-4.map"", ""seed"": ""2"", ""soc"": ""11488"", ""soc_lb"": ""6327"", ""solved"": ""1"", ""solver"": ""planner"", ""sum_of_loss"": ""10588"", ""sum_of_loss_lb"": ""6327""}"
lg_lacam_fork:lg_suo_tl,LG-LaCAM (window 20) + SUO + traffic load,maze-32-32-4,maze-32-32-4-random-2,150,1,30.0,solved,0.756892,0.667,10293,256,9278,6327,92,1.626837,0,,/home/carsten/Projects/MAPF/MAPF Evaluator/results/tlcpp-maze-32-4/runs/lg_lacam_fork_lg_suo_tl/maze-32-32-4/maze-32-32-4-random-2_a150_s1_r0,10293,0.667,"{""agents"": ""150"", ""comp_time"": ""667"", ""makespan"": ""256"", ""makespan_lb"": ""92"", ""map_file"": ""maze-32-32-4.map"", ""seed"": ""1"", ""soc"": ""10293"", ""soc_lb"": ""6327"", ""solved"": ""1"", ""solver"": ""planner"", ""sum_of_loss"": ""9378"", ""sum_of_loss_lb"": ""6327""}"
lg_lacam_fork:tl_agent,"LaCAM + traffic load (tie-break, per agent)",maze-32-32-4,maze-32-32-4-random-2,150,2,30.0,solved,8.524926,8.363,14275,303,10851,6327,92,2.256204,0,,/home/carsten/Projects/MAPF/MAPF Evaluator/results/tlcpp-maze-32-4/runs/lg_lacam_fork_tl_agent/maze-32-32-4/maze-32-32-4-random-2_a150_s2_r0,14275,8.363,"{""agents"": ""150"", ""comp_time"": ""8363"", ""makespan"": ""303"", ""makespan_lb"": ""92"", ""map_file"": ""maze-32-32-4.map"", ""seed"": ""2"", ""soc"": ""14275"", ""soc_lb"": ""6327"", ""solved"": ""1"", ""solver"": ""planner"", ""sum_of_loss"": ""11118"", ""sum_of_loss_lb"": ""6327""}"
lg_lacam_fork:lg_suo_tl,LG-LaCAM (window 20) + SUO + traffic load,maze-32-32-4,maze-32-32-4-random-2,150,0,30.0,solved,1.129602,1.012,11035,308,9506,6327,92,1.744113,0,,/home/carsten/Projects/MAPF/MAPF Evaluator/results/tlcpp-maze-32-4/runs/lg_lacam_fork_lg_suo_tl/maze-32-32-4/maze-32-32-4-random-2_a150_s0_r0,11035,1.012,"{""agents"": ""150"", ""comp_time"": ""1012"", ""makespan"": ""308"", ""makespan_lb"": ""92"", ""map_file"": ""maze-32-32-4.map"", ""seed"": ""0"", ""soc"": ""11035"", ""soc_lb"": ""6327"", ""solved"": ""1"", ""solver"": ""planner"", ""sum_of_loss"": ""9627"", ""sum_of_loss_lb"": ""6327""}"
lg_lacam_fork:lg_suo_tl,LG-LaCAM (window 20) + SUO + traffic load,maze-32-32-4,maze-32-32-4-random-2,150,2,30.0,solved,0.947777,0.789,12734,499,10933,6327,92,2.012644,0,,/home/carsten/Projects/MAPF/MAPF Evaluator/results/tlcpp-maze-32-4/runs/lg_lacam_fork_lg_suo_tl/maze-32-32-4/maze-32-32-4-random-2_a150_s2_r0,12734,0.789,"{""agents"": ""150"", ""comp_time"": ""789"", ""makespan"": ""499"", ""makespan_lb"": ""92"", ""map_file"": ""maze-32-32-4.map"", ""seed"": ""2"", ""soc"": ""12734"", ""soc_lb"": ""6327"", ""solved"": ""1"", ""solver"": ""planner"", ""sum_of_loss"": ""11089"", ""sum_of_loss_lb"": ""6327""}"
lg_lacam_fork:lacam,"LaCAM (no guidance, first solution)",maze-32-32-4,maze-32-32-4-random-2,200,0,30.0,solved,0.162469,0.081,22636,242,16692,8435,92,2.68358,0,,/home/carsten/Projects/MAPF/MAPF Evaluator/results/tlcpp-maze-32-4/runs/lg_lacam_fork_lacam/maze-32-32-4/maze-32-32-4-random-2_a200_s0_r0,22636,0.081,"{""agents"": ""200"", ""comp_time"": ""81"", ""makespan"": ""242"", ""makespan_lb"": ""92"", ""map_file"": ""maze-32-32-4.map"", ""seed"": ""0"", ""soc"": ""22636"", ""soc_lb"": ""8435"", ""solved"": ""1"", ""solver"": ""planner"", ""sum_of_loss"": ""17156"", ""sum_of_loss_lb"": ""8435""}"
lg_lacam_fork:lacam,"LaCAM (no guidance, first solution)",maze-32-32-4,maze-32-32-4-random-2,200,2,30.0,solved,0.136708,0.062,22207,251,17100,8435,92,2.632721,0,,/home/carsten/Projects/MAPF/MAPF Evaluator/results/tlcpp-maze-32-4/runs/lg_lacam_fork_lacam/maze-32-32-4/maze-32-32-4-random-2_a200_s2_r0,22207,0.062,"{""agents"": ""200"", ""comp_time"": ""62"", ""makespan"": ""251"", ""makespan_lb"": ""92"", ""map_file"": ""maze-32-32-4.map"", ""seed"": ""2"", ""soc"": ""22207"", ""soc_lb"": ""8435"", ""solved"": ""1"", ""solver"": ""planner"", ""sum_of_loss"": ""17555"", ""sum_of_loss_lb"": ""8435""}"
lg_lacam_fork:lacam,"LaCAM (no guidance, first solution)",maze-32-32-4,maze-32-32-4-random-2,200,1,30.0,solved,0.195529,0.095,26353,442,19079,8435,92,3.124244,0,,/home/carsten/Projects/MAPF/MAPF Evaluator/results/tlcpp-maze-32-4/runs/lg_lacam_fork_lacam/maze-32-32-4/maze-32-32-4-random-2_a200_s1_r0,26353,0.095,"{""agents"": ""200"", ""comp_time"": ""95"", ""makespan"": ""442"", ""makespan_lb"": ""92"", ""map_file"": ""maze-32-32-4.map"", ""seed"": ""1"", ""soc"": ""26353"", ""soc_lb"": ""8435"", ""solved"": ""1"", ""solver"": ""planner"", ""sum_of_loss"": ""19595"", ""sum_of_loss_lb"": ""8435""}"
lg_lacam_fork:tl,"LaCAM + traffic load (tie-break, per config)",maze-32-32-4,maze-32-32-4-random-2,200,1,30.0,solved,0.180988,0.084,18468,207,14478,8435,92,2.189449,0,,/home/carsten/Projects/MAPF/MAPF Evaluator/results/tlcpp-maze-32-4/runs/lg_lacam_fork_tl/maze-32-32-4/maze-32-32-4-random-2_a200_s1_r0,18468,0.084,"{""agents"": ""200"", ""comp_time"": ""84"", ""makespan"": ""207"", ""makespan_lb"": ""92"", ""map_file"": ""maze-32-32-4.map"", ""seed"": ""1"", ""soc"": ""18468"", ""soc_lb"": ""8435"", ""solved"": ""1"", ""solver"": ""planner"", ""sum_of_loss"": ""14877"", ""sum_of_loss_lb"": ""8435""}"
lg_lacam_fork:tl,"LaCAM + traffic load (tie-break, per config)",maze-32-32-4,maze-32-32-4-random-2,200,0,30.0,solved,0.309605,0.159,23270,382,16851,8435,92,2.758743,0,,/home/carsten/Projects/MAPF/MAPF Evaluator/results/tlcpp-maze-32-4/runs/lg_lacam_fork_tl/maze-32-32-4/maze-32-32-4-random-2_a200_s0_r0,23270,0.159,"{""agents"": ""200"", ""comp_time"": ""159"", ""makespan"": ""382"", ""makespan_lb"": ""92"", ""map_file"": ""maze-32-32-4.map"", ""seed"": ""0"", ""soc"": ""23270"", ""soc_lb"": ""8435"", ""solved"": ""1"", ""solver"": ""planner"", ""sum_of_loss"": ""17285"", ""sum_of_loss_lb"": ""8435""}"
lg_lacam_fork:tl,"LaCAM + traffic load (tie-break, per config)",maze-32-32-4,maze-32-32-4-random-2,200,2,30.0,solved,0.218754,0.068,18997,285,14996,8435,92,2.252164,0,,/home/carsten/Projects/MAPF/MAPF Evaluator/results/tlcpp-maze-32-4/runs/lg_lacam_fork_tl/maze-32-32-4/maze-32-32-4-random-2_a200_s2_r0,18997,0.068,"{""agents"": ""200"", ""comp_time"": ""68"", ""makespan"": ""285"", ""makespan_lb"": ""92"", ""map_file"": ""maze-32-32-4.map"", ""seed"": ""2"", ""soc"": ""18997"", ""soc_lb"": ""8435"", ""solved"": ""1"", ""solver"": ""planner"", ""sum_of_loss"": ""15394"", ""sum_of_loss_lb"": ""8435""}"
lg_lacam_fork:tl_agent,"LaCAM + traffic load (tie-break, per agent)",maze-32-32-4,maze-32-32-4-random-2,200,0,30.0,solved,0.254608,0.12,21462,292,15485,8435,92,2.544398,0,,/home/carsten/Projects/MAPF/MAPF Evaluator/results/tlcpp-maze-32-4/runs/lg_lacam_fork_tl_agent/maze-32-32-4/maze-32-32-4-random-2_a200_s0_r0,21462,0.12,"{""agents"": ""200"", ""comp_time"": ""120"", ""makespan"": ""292"", ""makespan_lb"": ""92"", ""map_file"": ""maze-32-32-4.map"", ""seed"": ""0"", ""soc"": ""21462"", ""soc_lb"": ""8435"", ""solved"": ""1"", ""solver"": ""planner"", ""sum_of_loss"": ""15882"", ""sum_of_loss_lb"": ""8435""}"
lg_lacam_fork:tl_agent,"LaCAM + traffic load (tie-break, per agent)",maze-32-32-4,maze-32-32-4-random-2,200,2,30.0,solved,0.261179,0.112,22045,300,16316,8435,92,2.613515,0,,/home/carsten/Projects/MAPF/MAPF Evaluator/results/tlcpp-maze-32-4/runs/lg_lacam_fork_tl_agent/maze-32-32-4/maze-32-32-4-random-2_a200_s2_r0,22045,0.112,"{""agents"": ""200"", ""comp_time"": ""112"", ""makespan"": ""300"", ""makespan_lb"": ""92"", ""map_file"": ""maze-32-32-4.map"", ""seed"": ""2"", ""soc"": ""22045"", ""soc_lb"": ""8435"", ""solved"": ""1"", ""solver"": ""planner"", ""sum_of_loss"": ""16708"", ""sum_of_loss_lb"": ""8435""}"
lg_lacam_fork:tl_agent,"LaCAM + traffic load (tie-break, per agent)",maze-32-32-4,maze-32-32-4-random-2,200,1,30.0,solved,0.177104,0.098,18602,224,14916,8435,92,2.205335,0,,/home/carsten/Projects/MAPF/MAPF Evaluator/results/tlcpp-maze-32-4/runs/lg_lacam_fork_tl_agent/maze-32-32-4/maze-32-32-4-random-2_a200_s1_r0,18602,0.098,"{""agents"": ""200"", ""comp_time"": ""98"", ""makespan"": ""224"", ""makespan_lb"": ""92"", ""map_file"": ""maze-32-32-4.map"", ""seed"": ""1"", ""soc"": ""18602"", ""soc_lb"": ""8435"", ""solved"": ""1"", ""solver"": ""planner"", ""sum_of_loss"": ""15284"", ""sum_of_loss_lb"": ""8435""}"
lg_lacam_fork:tl_static,LaCAM + traffic load (static map from starts),maze-32-32-4,maze-32-32-4-random-2,200,0,30.0,solved,0.481217,0.31,36346,654,26452,8435,92,4.308951,0,,/home/carsten/Projects/MAPF/MAPF Evaluator/results/tlcpp-maze-32-4/runs/lg_lacam_fork_tl_static/maze-32-32-4/maze-32-32-4-random-2_a200_s0_r0,36346,0.31,"{""agents"": ""200"", ""comp_time"": ""310"", ""makespan"": ""654"", ""makespan_lb"": ""92"", ""map_file"": ""maze-32-32-4.map"", ""seed"": ""0"", ""soc"": ""36346"", ""soc_lb"": ""8435"", ""solved"": ""1"", ""solver"": ""planner"", ""sum_of_loss"": ""28925"", ""sum_of_loss_lb"": ""8435""}"
lg_lacam_fork:suo,LaCAM3 = SUO (first solution),maze-32-32-4,maze-32-32-4-random-2,200,0,30.0,solved,0.367247,0.229,19874,338,16207,8435,92,2.356135,0,,/home/carsten/Projects/MAPF/MAPF Evaluator/results/tlcpp-maze-32-4/runs/lg_lacam_fork_suo/maze-32-32-4/maze-32-32-4-random-2_a200_s0_r0,19874,0.229,"{""agents"": ""200"", ""comp_time"": ""229"", ""makespan"": ""338"", ""makespan_lb"": ""92"", ""map_file"": ""maze-32-32-4.map"", ""seed"": ""0"", ""soc"": ""19874"", ""soc_lb"": ""8435"", ""solved"": ""1"", ""solver"": ""planner"", ""sum_of_loss"": ""16545"", ""sum_of_loss_lb"": ""8435""}"
lg_lacam_fork:tl_static,LaCAM + traffic load (static map from starts),maze-32-32-4,maze-32-32-4-random-2,200,1,30.0,solved,0.418009,0.259,42428,844,29160,8435,92,5.029994,0,,/home/carsten/Projects/MAPF/MAPF Evaluator/results/tlcpp-maze-32-4/runs/lg_lacam_fork_tl_static/maze-32-32-4/maze-32-32-4-random-2_a200_s1_r0,42428,0.259,"{""agents"": ""200"", ""comp_time"": ""259"", ""makespan"": ""844"", ""makespan_lb"": ""92"", ""map_file"": ""maze-32-32-4.map"", ""seed"": ""1"", ""soc"": ""42428"", ""soc_lb"": ""8435"", ""solved"": ""1"", ""solver"": ""planner"", ""sum_of_loss"": ""32318"", ""sum_of_loss_lb"": ""8435""}"
lg_lacam_fork:tl_static,LaCAM + traffic load (static map from starts),maze-32-32-4,maze-32-32-4-random-2,200,2,30.0,solved,0.642612,0.454,46980,886,31445,8435,92,5.56965,0,,/home/carsten/Projects/MAPF/MAPF Evaluator/results/tlcpp-maze-32-4/runs/lg_lacam_fork_tl_static/maze-32-32-4/maze-32-32-4-random-2_a200_s2_r0,46980,0.454,"{""agents"": ""200"", ""comp_time"": ""454"", ""makespan"": ""886"", ""makespan_lb"": ""92"", ""map_file"": ""maze-32-32-4.map"", ""seed"": ""2"", ""soc"": ""46980"", ""soc_lb"": ""8435"", ""solved"": ""1"", ""solver"": ""planner"", ""sum_of_loss"": ""34862"", ""sum_of_loss_lb"": ""8435""}"
lg_lacam_fork:suo,LaCAM3 = SUO (first solution),maze-32-32-4,maze-32-32-4-random-2,200,1,30.0,solved,0.473162,0.325,19112,277,15789,8435,92,2.265797,0,,/home/carsten/Projects/MAPF/MAPF Evaluator/results/tlcpp-maze-32-4/runs/lg_lacam_fork_suo/maze-32-32-4/maze-32-32-4-random-2_a200_s1_r0,19112,0.325,"{""agents"": ""200"", ""comp_time"": ""325"", ""makespan"": ""277"", ""makespan_lb"": ""92"", ""map_file"": ""maze-32-32-4.map"", ""seed"": ""1"", ""soc"": ""19112"", ""soc_lb"": ""8435"", ""solved"": ""1"", ""solver"": ""planner"", ""sum_of_loss"": ""16102"", ""sum_of_loss_lb"": ""8435""}"
lg_lacam_fork:suo,LaCAM3 = SUO (first solution),maze-32-32-4,maze-32-32-4-random-2,200,2,30.0,solved,0.555727,0.407,20403,267,15741,8435,92,2.41885,0,,/home/carsten/Projects/MAPF/MAPF Evaluator/results/tlcpp-maze-32-4/runs/lg_lacam_fork_suo/maze-32-32-4/maze-32-32-4-random-2_a200_s2_r0,20403,0.407,"{""agents"": ""200"", ""comp_time"": ""407"", ""makespan"": ""267"", ""makespan_lb"": ""92"", ""map_file"": ""maze-32-32-4.map"", ""seed"": ""2"", ""soc"": ""20403"", ""soc_lb"": ""8435"", ""solved"": ""1"", ""solver"": ""planner"", ""sum_of_loss"": ""16155"", ""sum_of_loss_lb"": ""8435""}"
lg_lacam_fork:suo_tl,SUO + traffic load,maze-32-32-4,maze-32-32-4-random-2,200,0,30.0,solved,0.353614,0.207,19785,355,16003,8435,92,2.345584,0,,/home/carsten/Projects/MAPF/MAPF Evaluator/results/tlcpp-maze-32-4/runs/lg_lacam_fork_suo_tl/maze-32-32-4/maze-32-32-4-random-2_a200_s0_r0,19785,0.207,"{""agents"": ""200"", ""comp_time"": ""207"", ""makespan"": ""355"", ""makespan_lb"": ""92"", ""map_file"": ""maze-32-32-4.map"", ""seed"": ""0"", ""soc"": ""19785"", ""soc_lb"": ""8435"", ""solved"": ""1"", ""solver"": ""planner"", ""sum_of_loss"": ""16316"", ""sum_of_loss_lb"": ""8435""}"
lg_lacam_fork:suo_tl,SUO + traffic load,maze-32-32-4,maze-32-32-4-random-2,200,1,30.0,solved,0.538771,0.437,20012,376,16165,8435,92,2.372496,0,,/home/carsten/Projects/MAPF/MAPF Evaluator/results/tlcpp-maze-32-4/runs/lg_lacam_fork_suo_tl/maze-32-32-4/maze-32-32-4-random-2_a200_s1_r0,20012,0.437,"{""agents"": ""200"", ""comp_time"": ""437"", ""makespan"": ""376"", ""makespan_lb"": ""92"", ""map_file"": ""maze-32-32-4.map"", ""seed"": ""1"", ""soc"": ""20012"", ""soc_lb"": ""8435"", ""solved"": ""1"", ""solver"": ""planner"", ""sum_of_loss"": ""16502"", ""sum_of_loss_lb"": ""8435""}"
lg_lacam_fork:suo_tl,SUO + traffic load,maze-32-32-4,maze-32-32-4-random-2,200,2,30.0,solved,0.598945,0.429,17549,208,13927,8435,92,2.080498,0,,/home/carsten/Projects/MAPF/MAPF Evaluator/results/tlcpp-maze-32-4/runs/lg_lacam_fork_suo_tl/maze-32-32-4/maze-32-32-4-random-2_a200_s2_r0,17549,0.429,"{""agents"": ""200"", ""comp_time"": ""429"", ""makespan"": ""208"", ""makespan_lb"": ""92"", ""map_file"": ""maze-32-32-4.map"", ""seed"": ""2"", ""soc"": ""17549"", ""soc_lb"": ""8435"", ""solved"": ""1"", ""solver"": ""planner"", ""sum_of_loss"": ""14211"", ""sum_of_loss_lb"": ""8435""}"
lg_lacam_fork:lg,"LG-LaCAM (window 20, first solution)",maze-32-32-4,maze-32-32-4-random-2,200,2,30.0,solved,0.644431,0.577,14282,212,13115,8435,92,1.693183,0,,/home/carsten/Projects/MAPF/MAPF Evaluator/results/tlcpp-maze-32-4/runs/lg_lacam_fork_lg/maze-32-32-4/maze-32-32-4-random-2_a200_s2_r0,14282,0.577,"{""agents"": ""200"", ""comp_time"": ""577"", ""makespan"": ""212"", ""makespan_lb"": ""92"", ""map_file"": ""maze-32-32-4.map"", ""seed"": ""2"", ""soc"": ""14282"", ""soc_lb"": ""8435"", ""solved"": ""1"", ""solver"": ""planner"", ""sum_of_loss"": ""13285"", ""sum_of_loss_lb"": ""8435""}"
lg_lacam_fork:lg,"LG-LaCAM (window 20, first solution)",maze-32-32-4,maze-32-32-4-random-2,200,0,30.0,solved,1.108028,0.947,18084,456,15335,8435,92,2.143924,0,,/home/carsten/Projects/MAPF/MAPF Evaluator/results/tlcpp-maze-32-4/runs/lg_lacam_fork_lg/maze-32-32-4/maze-32-32-4-random-2_a200_s0_r0,18084,0.947,"{""agents"": ""200"", ""comp_time"": ""947"", ""makespan"": ""456"", ""makespan_lb"": ""92"", ""map_file"": ""maze-32-32-4.map"", ""seed"": ""0"", ""soc"": ""18084"", ""soc_lb"": ""8435"", ""solved"": ""1"", ""solver"": ""planner"", ""sum_of_loss"": ""15550"", ""sum_of_loss_lb"": ""8435""}"
lg_lacam_fork:lg_tl,LG-LaCAM (window 20) + traffic load,maze-32-32-4,maze-32-32-4-random-2,200,0,30.0,solved,1.330063,1.168,16009,317,14245,8435,92,1.897925,0,,/home/carsten/Projects/MAPF/MAPF Evaluator/results/tlcpp-maze-32-4/runs/lg_lacam_fork_lg_tl/maze-32-32-4/maze-32-32-4-random-2_a200_s0_r0,16009,1.168,"{""agents"": ""200"", ""comp_time"": ""1168"", ""makespan"": ""317"", ""makespan_lb"": ""92"", ""map_file"": ""maze-32-32-4.map"", ""seed"": ""0"", ""soc"": ""16009"", ""soc_lb"": ""8435"", ""solved"": ""1"", ""solver"": ""planner"", ""sum_of_loss"": ""14433"", ""sum_of_loss_lb"": ""8435""}"
lg_lacam_fork:lg_tl,LG-LaCAM (window 20) + traffic load,maze-32-32-4,maze-32-32-4-random-2,200,2,30.0,solved,1.178165,1.043,15426,331,14088,8435,92,1.828809,0,,/home/carsten/Projects/MAPF/MAPF Evaluator/results/tlcpp-maze-32-4/runs/lg_lacam_fork_lg_tl/maze-32-32-4/maze-32-32-4-random-2_a200_s2_r0,15426,1.043,"{""agents"": ""200"", ""comp_time"": ""1043"", ""makespan"": ""331"", ""makespan_lb"": ""92"", ""map_file"": ""maze-32-32-4.map"", ""seed"": ""2"", ""soc"": ""15426"", ""soc_lb"": ""8435"", ""solved"": ""1"", ""solver"": ""planner"", ""sum_of_loss"": ""14272"", ""sum_of_loss_lb"": ""8435""}"
lg_lacam_fork:lg_suo,LG-LaCAM (window 20) + SUO,maze-32-32-4,maze-32-32-4-random-2,200,0,30.0,solved,1.169809,0.999,17249,362,14519,8435,92,2.044932,0,,/home/carsten/Projects/MAPF/MAPF Evaluator/results/tlcpp-maze-32-4/runs/lg_lacam_fork_lg_suo/maze-32-32-4/maze-32-32-4-random-2_a200_s0_r0,17249,0.999,"{""agents"": ""200"", ""comp_time"": ""999"", ""makespan"": ""362"", ""makespan_lb"": ""92"", ""map_file"": ""maze-32-32-4.map"", ""seed"": ""0"", ""soc"": ""17249"", ""soc_lb"": ""8435"", ""solved"": ""1"", ""solver"": ""planner"", ""sum_of_loss"": ""14716"", ""sum_of_loss_lb"": ""8435""}"
lg_lacam_fork:lg_suo,LG-LaCAM (window 20) + SUO,maze-32-32-4,maze-32-32-4-random-2,200,2,30.0,solved,1.042033,0.884,16262,200,13684,8435,92,1.927919,0,,/home/carsten/Projects/MAPF/MAPF Evaluator/results/tlcpp-maze-32-4/runs/lg_lacam_fork_lg_suo/maze-32-32-4/maze-32-32-4-random-2_a200_s2_r0,16262,0.884,"{""agents"": ""200"", ""comp_time"": ""884"", ""makespan"": ""200"", ""makespan_lb"": ""92"", ""map_file"": ""maze-32-32-4.map"", ""seed"": ""2"", ""soc"": ""16262"", ""soc_lb"": ""8435"", ""solved"": ""1"", ""solver"": ""planner"", ""sum_of_loss"": ""13872"", ""sum_of_loss_lb"": ""8435""}"
lg_lacam_fork:lg_suo,LG-LaCAM (window 20) + SUO,maze-32-32-4,maze-32-32-4-random-2,200,1,30.0,solved,1.751331,1.511,18798,476,15338,8435,92,2.228571,0,,/home/carsten/Projects/MAPF/MAPF Evaluator/results/tlcpp-maze-32-4/runs/lg_lacam_fork_lg_suo/maze-32-32-4/maze-32-32-4-random-2_a200_s1_r0,18798,1.511,"{""agents"": ""200"", ""comp_time"": ""1511"", ""makespan"": ""476"", ""makespan_lb"": ""92"", ""map_file"": ""maze-32-32-4.map"", ""seed"": ""1"", ""soc"": ""18798"", ""soc_lb"": ""8435"", ""solved"": ""1"", ""solver"": ""planner"", ""sum_of_loss"": ""15600"", ""sum_of_loss_lb"": ""8435""}"
lg_lacam_fork:lg,"LG-LaCAM (window 20, first solution)",maze-32-32-4,maze-32-32-4-random-2,200,1,30.0,solved,5.756804,5.49,16010,345,13931,8435,92,1.898044,0,,/home/carsten/Projects/MAPF/MAPF Evaluator/results/tlcpp-maze-32-4/runs/lg_lacam_fork_lg/maze-32-32-4/maze-32-32-4-random-2_a200_s1_r0,16010,5.49,"{""agents"": ""200"", ""comp_time"": ""5490"", ""makespan"": ""345"", ""makespan_lb"": ""92"", ""map_file"": ""maze-32-32-4.map"", ""seed"": ""1"", ""soc"": ""16010"", ""soc_lb"": ""8435"", ""solved"": ""1"", ""solver"": ""planner"", ""sum_of_loss"": ""14138"", ""sum_of_loss_lb"": ""8435""}"
lg_lacam_fork:lg_suo_tl,LG-LaCAM (window 20) + SUO + traffic load,maze-32-32-4,maze-32-32-4-random-2,200,2,30.0,solved,0.813754,0.58,14812,210,13492,8435,92,1.756017,0,,/home/carsten/Projects/MAPF/MAPF Evaluator/results/tlcpp-maze-32-4/runs/lg_lacam_fork_lg_suo_tl/maze-32-32-4/maze-32-32-4-random-2_a200_s2_r0,14812,0.58,"{""agents"": ""200"", ""comp_time"": ""580"", ""makespan"": ""210"", ""makespan_lb"": ""92"", ""map_file"": ""maze-32-32-4.map"", ""seed"": ""2"", ""soc"": ""14812"", ""soc_lb"": ""8435"", ""solved"": ""1"", ""solver"": ""planner"", ""sum_of_loss"": ""13660"", ""sum_of_loss_lb"": ""8435""}"
lg_lacam_fork:lacam,"LaCAM (no guidance, first solution)",maze-32-32-4,maze-32-32-4-random-3,50,0,30.0,solved,0.065832,0.024,2746,103,2343,2101,103,1.306997,0,,/home/carsten/Projects/MAPF/MAPF Evaluator/results/tlcpp-maze-32-4/runs/lg_lacam_fork_lacam/maze-32-32-4/maze-32-32-4-random-3_a50_s0_r0,2746,0.024,"{""agents"": ""50"", ""comp_time"": ""24"", ""makespan"": ""103"", ""makespan_lb"": ""103"", ""map_file"": ""maze-32-32-4.map"", ""seed"": ""0"", ""soc"": ""2746"", ""soc_lb"": ""2101"", ""solved"": ""1"", ""solver"": ""planner"", ""sum_of_loss"": ""2373"", ""sum_of_loss_lb"": ""2101""}"
lg_lacam_fork:lacam,"LaCAM (no guidance, first solution)",maze-32-32-4,maze-32-32-4-random-3,50,1,30.0,solved,0.046582,0.01,2680,103,2356,2101,103,1.275583,0,,/home/carsten/Projects/MAPF/MAPF Evaluator/results/tlcpp-maze-32-4/runs/lg_lacam_fork_lacam/maze-32-32-4/maze-32-32-4-random-3_a50_s1_r0,2680,0.01,"{""agents"": ""50"", ""comp_time"": ""10"", ""makespan"": ""103"", ""makespan_lb"": ""103"", ""map_file"": ""maze-32-32-4.map"", ""seed"": ""1"", ""soc"": ""2680"", ""soc_lb"": ""2101"", ""solved"": ""1"", ""solver"": ""planner"", ""sum_of_loss"": ""2379"", ""sum_of_loss_lb"": ""2101""}"
lg_lacam_fork:lacam,"LaCAM (no guidance, first solution)",maze-32-32-4,maze-32-32-4-random-3,50,2,30.0,solved,0.136699,0.019,2680,103,2349,2101,103,1.275583,0,,/home/carsten/Projects/MAPF/MAPF Evaluator/results/tlcpp-maze-32-4/runs/lg_lacam_fork_lacam/maze-32-32-4/maze-32-32-4-random-3_a50_s2_r0,2680,0.019,"{""agents"": ""50"", ""comp_time"": ""19"", ""makespan"": ""103"", ""makespan_lb"": ""103"", ""map_file"": ""maze-32-32-4.map"", ""seed"": ""2"", ""soc"": ""2680"", ""soc_lb"": ""2101"", ""solved"": ""1"", ""solver"": ""planner"", ""sum_of_loss"": ""2370"", ""sum_of_loss_lb"": ""2101""}"
lg_lacam_fork:lg_suo_tl,LG-LaCAM (window 20) + SUO + traffic load,maze-32-32-4,maze-32-32-4-random-2,200,0,30.0,solved,2.116472,1.927,15724,270,13999,8435,92,1.864138,0,,/home/carsten/Projects/MAPF/MAPF Evaluator/results/tlcpp-maze-32-4/runs/lg_lacam_fork_lg_suo_tl/maze-32-32-4/maze-32-32-4-random-2_a200_s0_r0,15724,1.927,"{""agents"": ""200"", ""comp_time"": ""1927"", ""makespan"": ""270"", ""makespan_lb"": ""92"", ""map_file"": ""maze-32-32-4.map"", ""seed"": ""0"", ""soc"": ""15724"", ""soc_lb"": ""8435"", ""solved"": ""1"", ""solver"": ""planner"", ""sum_of_loss"": ""14186"", ""sum_of_loss_lb"": ""8435""}"
lg_lacam_fork:tl,"LaCAM + traffic load (tie-break, per config)",maze-32-32-4,maze-32-32-4-random-3,50,0,30.0,solved,0.120901,0.04,2565,103,2247,2101,103,1.220847,0,,/home/carsten/Projects/MAPF/MAPF Evaluator/results/tlcpp-maze-32-4/runs/lg_lacam_fork_tl/maze-32-32-4/maze-32-32-4-random-3_a50_s0_r0,2565,0.04,"{""agents"": ""50"", ""comp_time"": ""40"", ""makespan"": ""103"", ""makespan_lb"": ""103"", ""map_file"": ""maze-32-32-4.map"", ""seed"": ""0"", ""soc"": ""2565"", ""soc_lb"": ""2101"", ""solved"": ""1"", ""solver"": ""planner"", ""sum_of_loss"": ""2268"", ""sum_of_loss_lb"": ""2101""}"
lg_lacam_fork:tl,"LaCAM + traffic load (tie-break, per config)",maze-32-32-4,maze-32-32-4-random-3,50,1,30.0,solved,0.184518,0.042,2501,103,2240,2101,103,1.190386,0,,/home/carsten/Projects/MAPF/MAPF Evaluator/results/tlcpp-maze-32-4/runs/lg_lacam_fork_tl/maze-32-32-4/maze-32-32-4-random-3_a50_s1_r0,2501,0.042,"{""agents"": ""50"", ""comp_time"": ""42"", ""makespan"": ""103"", ""makespan_lb"": ""103"", ""map_file"": ""maze-32-32-4.map"", ""seed"": ""1"", ""soc"": ""2501"", ""soc_lb"": ""2101"", ""solved"": ""1"", ""solver"": ""planner"", ""sum_of_loss"": ""2260"", ""sum_of_loss_lb"": ""2101""}"
lg_lacam_fork:tl,"LaCAM + traffic load (tie-break, per config)",maze-32-32-4,maze-32-32-4-random-3,50,2,30.0,solved,0.073682,0.022,2578,103,2235,2101,103,1.227035,0,,/home/carsten/Projects/MAPF/MAPF Evaluator/results/tlcpp-maze-32-4/runs/lg_lacam_fork_tl/maze-32-32-4/maze-32-32-4-random-3_a50_s2_r0,2578,0.022,"{""agents"": ""50"", ""comp_time"": ""22"", ""makespan"": ""103"", ""makespan_lb"": ""103"", ""map_file"": ""maze-32-32-4.map"", ""seed"": ""2"", ""soc"": ""2578"", ""soc_lb"": ""2101"", ""solved"": ""1"", ""solver"": ""planner"", ""sum_of_loss"": ""2257"", ""sum_of_loss_lb"": ""2101""}"
lg_lacam_fork:tl_agent,"LaCAM + traffic load (tie-break, per agent)",maze-32-32-4,maze-32-32-4-random-3,50,0,30.0,solved,0.038003,0.01,2559,103,2206,2101,103,1.217991,0,,/home/carsten/Projects/MAPF/MAPF Evaluator/results/tlcpp-maze-32-4/runs/lg_lacam_fork_tl_agent/maze-32-32-4/maze-32-32-4-random-3_a50_s0_r0,2559,0.01,"{""agents"": ""50"", ""comp_time"": ""10"", ""makespan"": ""103"", ""makespan_lb"": ""103"", ""map_file"": ""maze-32-32-4.map"", ""seed"": ""0"", ""soc"": ""2559"", ""soc_lb"": ""2101"", ""solved"": ""1"", ""solver"": ""planner"", ""sum_of_loss"": ""2227"", ""sum_of_loss_lb"": ""2101""}"
lg_lacam_fork:tl_agent,"LaCAM + traffic load (tie-break, per agent)",maze-32-32-4,maze-32-32-4-random-3,50,2,30.0,solved,0.06681,0.027,2516,103,2225,2101,103,1.197525,0,,/home/carsten/Projects/MAPF/MAPF Evaluator/results/tlcpp-maze-32-4/runs/lg_lacam_fork_tl_agent/maze-32-32-4/maze-32-32-4-random-3_a50_s2_r0,2516,0.027,"{""agents"": ""50"", ""comp_time"": ""27"", ""makespan"": ""103"", ""makespan_lb"": ""103"", ""map_file"": ""maze-32-32-4.map"", ""seed"": ""2"", ""soc"": ""2516"", ""soc_lb"": ""2101"", ""solved"": ""1"", ""solver"": ""planner"", ""sum_of_loss"": ""2245"", ""sum_of_loss_lb"": ""2101""}"
lg_lacam_fork:tl_agent,"LaCAM + traffic load (tie-break, per agent)",maze-32-32-4,maze-32-32-4-random-3,50,1,30.0,solved,0.132894,0.041,2490,103,2211,2101,103,1.18515,0,,/home/carsten/Projects/MAPF/MAPF Evaluator/results/tlcpp-maze-32-4/runs/lg_lacam_fork_tl_agent/maze-32-32-4/maze-32-32-4-random-3_a50_s1_r0,2490,0.041,"{""agents"": ""50"", ""comp_time"": ""41"", ""makespan"": ""103"", ""makespan_lb"": ""103"", ""map_file"": ""maze-32-32-4.map"", ""seed"": ""1"", ""soc"": ""2490"", ""soc_lb"": ""2101"", ""solved"": ""1"", ""solver"": ""planner"", ""sum_of_loss"": ""2230"", ""sum_of_loss_lb"": ""2101""}"
lg_lacam_fork:tl_static,LaCAM + traffic load (static map from starts),maze-32-32-4,maze-32-32-4-random-3,50,0,30.0,solved,0.090313,0.03,2608,103,2317,2101,103,1.241314,0,,/home/carsten/Projects/MAPF/MAPF Evaluator/results/tlcpp-maze-32-4/runs/lg_lacam_fork_tl_static/maze-32-32-4/maze-32-32-4-random-3_a50_s0_r0,2608,0.03,"{""agents"": ""50"", ""comp_time"": ""30"", ""makespan"": ""103"", ""makespan_lb"": ""103"", ""map_file"": ""maze-32-32-4.map"", ""seed"": ""0"", ""soc"": ""2608"", ""soc_lb"": ""2101"", ""solved"": ""1"", ""solver"": ""planner"", ""sum_of_loss"": ""2343"", ""sum_of_loss_lb"": ""2101""}"
lg_lacam_fork:tl_static,LaCAM + traffic load (static map from starts),maze-32-32-4,maze-32-32-4-random-3,50,1,30.0,solved,0.137921,0.027,2620,103,2313,2101,103,1.247025,0,,/home/carsten/Projects/MAPF/MAPF Evaluator/results/tlcpp-maze-32-4/runs/lg_lacam_fork_tl_static/maze-32-32-4/maze-32-32-4-random-3_a50_s1_r0,2620,0.027,"{""agents"": ""50"", ""comp_time"": ""27"", ""makespan"": ""103"", ""makespan_lb"": ""103"", ""map_file"": ""maze-32-32-4.map"", ""seed"": ""1"", ""soc"": ""2620"", ""soc_lb"": ""2101"", ""solved"": ""1"", ""solver"": ""planner"", ""sum_of_loss"": ""2337"", ""sum_of_loss_lb"": ""2101""}"
lg_lacam_fork:tl_static,LaCAM + traffic load (static map from starts),maze-32-32-4,maze-32-32-4-random-3,50,2,30.0,solved,0.132146,0.047,2630,103,2311,2101,103,1.251785,0,,/home/carsten/Projects/MAPF/MAPF Evaluator/results/tlcpp-maze-32-4/runs/lg_lacam_fork_tl_static/maze-32-32-4/maze-32-32-4-random-3_a50_s2_r0,2630,0.047,"{""agents"": ""50"", ""comp_time"": ""47"", ""makespan"": ""103"", ""makespan_lb"": ""103"", ""map_file"": ""maze-32-32-4.map"", ""seed"": ""2"", ""soc"": ""2630"", ""soc_lb"": ""2101"", ""solved"": ""1"", ""solver"": ""planner"", ""sum_of_loss"": ""2335"", ""sum_of_loss_lb"": ""2101""}"
lg_lacam_fork:suo,LaCAM3 = SUO (first solution),maze-32-32-4,maze-32-32-4-random-3,50,0,30.0,solved,0.054547,0.011,2212,105,2195,2101,103,1.052832,0,,/home/carsten/Projects/MAPF/MAPF Evaluator/results/tlcpp-maze-32-4/runs/lg_lacam_fork_suo/maze-32-32-4/maze-32-32-4-random-3_a50_s0_r0,2212,0.011,"{""agents"": ""50"", ""comp_time"": ""11"", ""makespan"": ""105"", ""makespan_lb"": ""103"", ""map_file"": ""maze-32-32-4.map"", ""seed"": ""0"", ""soc"": ""2212"", ""soc_lb"": ""2101"", ""solved"": ""1"", ""solver"": ""planner"", ""sum_of_loss"": ""2197"", ""sum_of_loss_lb"": ""2101""}"
lg_lacam_fork:suo,LaCAM3 = SUO (first solution),maze-32-32-4,maze-32-32-4-random-3,50,1,30.0,solved,0.041002,0.015,2218,105,2218,2101,103,1.055688,0,,/home/carsten/Projects/MAPF/MAPF Evaluator/results/tlcpp-maze-32-4/runs/lg_lacam_fork_suo/maze-32-32-4/maze-32-32-4-random-3_a50_s1_r0,2218,0.015,"{""agents"": ""50"", ""comp_time"": ""15"", ""makespan"": ""105"", ""makespan_lb"": ""103"", ""map_file"": ""maze-32-32-4.map"", ""seed"": ""1"", ""soc"": ""2218"", ""soc_lb"": ""2101"", ""solved"": ""1"", ""solver"": ""planner"", ""sum_of_loss"": ""2218"", ""sum_of_loss_lb"": ""2101""}"
lg_lacam_fork:suo,LaCAM3 = SUO (first solution),maze-32-32-4,maze-32-32-4-random-3,50,2,30.0,solved,0.068374,0.016,2285,105,2220,2101,103,1.087577,0,,/home/carsten/Projects/MAPF/MAPF Evaluator/results/tlcpp-maze-32-4/runs/lg_lacam_fork_suo/maze-32-32-4/maze-32-32-4-random-3_a50_s2_r0,2285,0.016,"{""agents"": ""50"", ""comp_time"": ""16"", ""makespan"": ""105"", ""makespan_lb"": ""103"", ""map_file"": ""maze-32-32-4.map"", ""seed"": ""2"", ""soc"": ""2285"", ""soc_lb"": ""2101"", ""solved"": ""1"", ""solver"": ""planner"", ""sum_of_loss"": ""2223"", ""sum_of_loss_lb"": ""2101""}"
lg_lacam_fork:suo_tl,SUO + traffic load,maze-32-32-4,maze-32-32-4-random-3,50,1,30.0,solved,0.064684,0.025,2215,105,2215,2101,103,1.05426,0,,/home/carsten/Projects/MAPF/MAPF Evaluator/results/tlcpp-maze-32-4/runs/lg_lacam_fork_suo_tl/maze-32-32-4/maze-32-32-4-random-3_a50_s1_r0,2215,0.025,"{""agents"": ""50"", ""comp_time"": ""25"", ""makespan"": ""105"", ""makespan_lb"": ""103"", ""map_file"": ""maze-32-32-4.map"", ""seed"": ""1"", ""soc"": ""2215"", ""soc_lb"": ""2101"", ""solved"": ""1"", ""solver"": ""planner"", ""sum_of_loss"": ""2215"", ""sum_of_loss_lb"": ""2101""}"
lg_lacam_fork:suo_tl,SUO + traffic load,maze-32-32-4,maze-32-32-4-random-3,50,0,30.0,solved,0.257279,0.165,2212,105,2196,2101,103,1.052832,0,,/home/carsten/Projects/MAPF/MAPF Evaluator/results/tlcpp-maze-32-4/runs/lg_lacam_fork_suo_tl/maze-32-32-4/maze-32-32-4-random-3_a50_s0_r0,2212,0.165,"{""agents"": ""50"", ""comp_time"": ""165"", ""makespan"": ""105"", ""makespan_lb"": ""103"", ""map_file"": ""maze-32-32-4.map"", ""seed"": ""0"", ""soc"": ""2212"", ""soc_lb"": ""2101"", ""solved"": ""1"", ""solver"": ""planner"", ""sum_of_loss"": ""2197"", ""sum_of_loss_lb"": ""2101""}"
lg_lacam_fork:suo_tl,SUO + traffic load,maze-32-32-4,maze-32-32-4-random-3,50,2,30.0,solved,0.120392,0.029,2227,105,2211,2101,103,1.059971,0,,/home/carsten/Projects/MAPF/MAPF Evaluator/results/tlcpp-maze-32-4/runs/lg_lacam_fork_suo_tl/maze-32-32-4/maze-32-32-4-random-3_a50_s2_r0,2227,0.029,"{""agents"": ""50"", ""comp_time"": ""29"", ""makespan"": ""105"", ""makespan_lb"": ""103"", ""map_file"": ""maze-32-32-4.map"", ""seed"": ""2"", ""soc"": ""2227"", ""soc_lb"": ""2101"", ""solved"": ""1"", ""solver"": ""planner"", ""sum_of_loss"": ""2212"", ""sum_of_loss_lb"": ""2101""}"
lg_lacam_fork:lg,"LG-LaCAM (window 20, first solution)",maze-32-32-4,maze-32-32-4-random-3,50,0,30.0,solved,0.091871,0.051,2182,105,2174,2101,103,1.038553,0,,/home/carsten/Projects/MAPF/MAPF Evaluator/results/tlcpp-maze-32-4/runs/lg_lacam_fork_lg/maze-32-32-4/maze-32-32-4-random-3_a50_s0_r0,2182,0.051,"{""agents"": ""50"", ""comp_time"": ""51"", ""makespan"": ""105"", ""makespan_lb"": ""103"", ""map_file"": ""maze-32-32-4.map"", ""seed"": ""0"", ""soc"": ""2182"", ""soc_lb"": ""2101"", ""solved"": ""1"", ""solver"": ""planner"", ""sum_of_loss"": ""2175"", ""sum_of_loss_lb"": ""2101""}"
lg_lacam_fork:lg,"LG-LaCAM (window 20, first solution)",maze-32-32-4,maze-32-32-4-random-3,50,1,30.0,solved,0.132144,0.066,2174,105,2167,2101,103,1.034745,0,,/home/carsten/Projects/MAPF/MAPF Evaluator/results/tlcpp-maze-32-4/runs/lg_lacam_fork_lg/maze-32-32-4/maze-32-32-4-random-3_a50_s1_r0,2174,0.066,"{""agents"": ""50"", ""comp_time"": ""66"", ""makespan"": ""105"", ""makespan_lb"": ""103"", ""map_file"": ""maze-32-32-4.map"", ""seed"": ""1"", ""soc"": ""2174"", ""soc_lb"": ""2101"", ""solved"": ""1"", ""solver"": ""planner"", ""sum_of_loss"": ""2168"", ""sum_of_loss_lb"": ""2101""}"
lg_lacam_fork:lg,"LG-LaCAM (window 20, first solution)",maze-32-32-4,maze-32-32-4-random-3,50,2,30.0,solved,0.14991,0.075,2187,105,2180,2101,103,1.040933,0,,/home/carsten/Projects/MAPF/MAPF Evaluator/results/tlcpp-maze-32-4/runs/lg_lacam_fork_lg/maze-32-32-4/maze-32-32-4-random-3_a50_s2_r0,2187,0.075,"{""agents"": ""50"", ""comp_time"": ""75"", ""makespan"": ""105"", ""makespan_lb"": ""103"", ""map_file"": ""maze-32-32-4.map"", ""seed"": ""2"", ""soc"": ""2187"", ""soc_lb"": ""2101"", ""solved"": ""1"", ""solver"": ""planner"", ""sum_of_loss"": ""2181"", ""sum_of_loss_lb"": ""2101""}"
lg_lacam_fork:lg_tl,LG-LaCAM (window 20) + traffic load,maze-32-32-4,maze-32-32-4-random-3,50,0,30.0,solved,0.131421,0.045,2183,105,2175,2101,103,1.039029,0,,/home/carsten/Projects/MAPF/MAPF Evaluator/results/tlcpp-maze-32-4/runs/lg_lacam_fork_lg_tl/maze-32-32-4/maze-32-32-4-random-3_a50_s0_r0,2183,0.045,"{""agents"": ""50"", ""comp_time"": ""45"", ""makespan"": ""105"", ""makespan_lb"": ""103"", ""map_file"": ""maze-32-32-4.map"", ""seed"": ""0"", ""soc"": ""2183"", ""soc_lb"": ""2101"", ""solved"": ""1"", ""solver"": ""planner"", ""sum_of_loss"": ""2176"", ""sum_of_loss_lb"": ""2101""}"
lg_lacam_fork:lg_tl,LG-LaCAM (window 20) + traffic load,maze-32-32-4,maze-32-32-4-random-3,50,1,30.0,solved,0.101112,0.052,2174,105,2167,2101,103,1.034745,0,,/home/carsten/Projects/MAPF/MAPF Evaluator/results/tlcpp-maze-32-4/runs/lg_lacam_fork_lg_tl/maze-32-32-4/maze-32-32-4-random-3_a50_s1_r0,2174,0.052,"{""agents"": ""50"", ""comp_time"": ""52"", ""makespan"": ""105"", ""makespan_lb"": ""103"", ""map_file"": ""maze-32-32-4.map"", ""seed"": ""1"", ""soc"": ""2174"", ""soc_lb"": ""2101"", ""solved"": ""1"", ""solver"": ""planner"", ""sum_of_loss"": ""2168"", ""sum_of_loss_lb"": ""2101""}"
lg_lacam_fork:lg_tl,LG-LaCAM (window 20) + traffic load,maze-32-32-4,maze-32-32-4-random-3,50,2,30.0,solved,0.129601,0.056,2186,103,2179,2101,103,1.040457,0,,/home/carsten/Projects/MAPF/MAPF Evaluator/results/tlcpp-maze-32-4/runs/lg_lacam_fork_lg_tl/maze-32-32-4/maze-32-32-4-random-3_a50_s2_r0,2186,0.056,"{""agents"": ""50"", ""comp_time"": ""56"", ""makespan"": ""103"", ""makespan_lb"": ""103"", ""map_file"": ""maze-32-32-4.map"", ""seed"": ""2"", ""soc"": ""2186"", ""soc_lb"": ""2101"", ""solved"": ""1"", ""solver"": ""planner"", ""sum_of_loss"": ""2180"", ""sum_of_loss_lb"": ""2101""}"
lg_lacam_fork:lg_suo,LG-LaCAM (window 20) + SUO,maze-32-32-4,maze-32-32-4-random-3,50,0,30.0,solved,0.149133,0.082,2186,105,2179,2101,103,1.040457,0,,/home/carsten/Projects/MAPF/MAPF Evaluator/results/tlcpp-maze-32-4/runs/lg_lacam_fork_lg_suo/maze-32-32-4/maze-32-32-4-random-3_a50_s0_r0,2186,0.082,"{""agents"": ""50"", ""comp_time"": ""82"", ""makespan"": ""105"", ""makespan_lb"": ""103"", ""map_file"": ""maze-32-32-4.map"", ""seed"": ""0"", ""soc"": ""2186"", ""soc_lb"": ""2101"", ""solved"": ""1"", ""solver"": ""planner"", ""sum_of_loss"": ""2180"", ""sum_of_loss_lb"": ""2101""}"
lg_lacam_fork:lg_suo,LG-LaCAM (window 20) + SUO,maze-32-32-4,maze-32-32-4-random-3,50,1,30.0,solved,0.124895,0.067,2190,105,2183,2101,103,1.042361,0,,/home/carsten/Projects/MAPF/MAPF Evaluator/results/tlcpp-maze-32-4/runs/lg_lacam_fork_lg_suo/maze-32-32-4/maze-32-32-4-random-3_a50_s1_r0,2190,0.067,"{""agents"": ""50"", ""comp_time"": ""67"", ""makespan"": ""105"", ""makespan_lb"": ""103"", ""map_file"": ""maze-32-32-4.map"", ""seed"": ""1"", ""soc"": ""2190"", ""soc_lb"": ""2101"", ""solved"": ""1"", ""solver"": ""planner"", ""sum_of_loss"": ""2184"", ""sum_of_loss_lb"": ""2101""}"
lg_lacam_fork:lg_suo_tl,LG-LaCAM (window 20) + SUO + traffic load,maze-32-32-4,maze-32-32-4-random-3,50,0,30.0,solved,0.167478,0.091,2186,105,2179,2101,103,1.040457,0,,/home/carsten/Projects/MAPF/MAPF Evaluator/results/tlcpp-maze-32-4/runs/lg_lacam_fork_lg_suo_tl/maze-32-32-4/maze-32-32-4-random-3_a50_s0_r0,2186,0.091,"{""agents"": ""50"", ""comp_time"": ""91"", ""makespan"": ""105"", ""makespan_lb"": ""103"", ""map_file"": ""maze-32-32-4.map"", ""seed"": ""0"", ""soc"": ""2186"", ""soc_lb"": ""2101"", ""solved"": ""1"", ""solver"": ""planner"", ""sum_of_loss"": ""2180"", ""sum_of_loss_lb"": ""2101""}"
lg_lacam_fork:lg_suo,LG-LaCAM (window 20) + SUO,maze-32-32-4,maze-32-32-4-random-3,50,2,30.0,solved,0.226702,0.179,2184,105,2177,2101,103,1.039505,0,,/home/carsten/Projects/MAPF/MAPF Evaluator/results/tlcpp-maze-32-4/runs/lg_lacam_fork_lg_suo/maze-32-32-4/maze-32-32-4-random-3_a50_s2_r0,2184,0.179,"{""agents"": ""50"", ""comp_time"": ""179"", ""makespan"": ""105"", ""makespan_lb"": ""103"", ""map_file"": ""maze-32-32-4.map"", ""seed"": ""2"", ""soc"": ""2184"", ""soc_lb"": ""2101"", ""solved"": ""1"", ""solver"": ""planner"", ""sum_of_loss"": ""2178"", ""sum_of_loss_lb"": ""2101""}"
lg_lacam_fork:lg_suo_tl,LG-LaCAM (window 20) + SUO + traffic load,maze-32-32-4,maze-32-32-4-random-3,50,1,30.0,solved,0.15703,0.12,2190,105,2183,2101,103,1.042361,0,,/home/carsten/Projects/MAPF/MAPF Evaluator/results/tlcpp-maze-32-4/runs/lg_lacam_fork_lg_suo_tl/maze-32-32-4/maze-32-32-4-random-3_a50_s1_r0,2190,0.12,"{""agents"": ""50"", ""comp_time"": ""120"", ""makespan"": ""105"", ""makespan_lb"": ""103"", ""map_file"": ""maze-32-32-4.map"", ""seed"": ""1"", ""soc"": ""2190"", ""soc_lb"": ""2101"", ""solved"": ""1"", ""solver"": ""planner"", ""sum_of_loss"": ""2184"", ""sum_of_loss_lb"": ""2101""}"
lg_lacam_fork:lg_suo_tl,LG-LaCAM (window 20) + SUO + traffic load,maze-32-32-4,maze-32-32-4-random-3,50,2,30.0,solved,0.118184,0.069,2184,105,2177,2101,103,1.039505,0,,/home/carsten/Projects/MAPF/MAPF Evaluator/results/tlcpp-maze-32-4/runs/lg_lacam_fork_lg_suo_tl/maze-32-32-4/maze-32-32-4-random-3_a50_s2_r0,2184,0.069,"{""agents"": ""50"", ""comp_time"": ""69"", ""makespan"": ""105"", ""makespan_lb"": ""103"", ""map_file"": ""maze-32-32-4.map"", ""seed"": ""2"", ""soc"": ""2184"", ""soc_lb"": ""2101"", ""solved"": ""1"", ""solver"": ""planner"", ""sum_of_loss"": ""2178"", ""sum_of_loss_lb"": ""2101""}"
lg_lacam_fork:lacam,"LaCAM (no guidance, first solution)",maze-32-32-4,maze-32-32-4-random-3,100,0,30.0,solved,0.141131,0.018,6284,103,5574,4302,103,1.460716,0,,/home/carsten/Projects/MAPF/MAPF Evaluator/results/tlcpp-maze-32-4/runs/lg_lacam_fork_lacam/maze-32-32-4/maze-32-32-4-random-3_a100_s0_r0,6284,0.018,"{""agents"": ""100"", ""comp_time"": ""18"", ""makespan"": ""103"", ""makespan_lb"": ""103"", ""map_file"": ""maze-32-32-4.map"", ""seed"": ""0"", ""soc"": ""6284"", ""soc_lb"": ""4302"", ""solved"": ""1"", ""solver"": ""planner"", ""sum_of_loss"": ""5669"", ""sum_of_loss_lb"": ""4302""}"
lg_lacam_fork:lacam,"LaCAM (no guidance, first solution)",maze-32-32-4,maze-32-32-4-random-3,100,1,30.0,solved,0.124897,0.014,6433,103,5583,4302,103,1.495351,0,,/home/carsten/Projects/MAPF/MAPF Evaluator/results/tlcpp-maze-32-4/runs/lg_lacam_fork_lacam/maze-32-32-4/maze-32-32-4-random-3_a100_s1_r0,6433,0.014,"{""agents"": ""100"", ""comp_time"": ""14"", ""makespan"": ""103"", ""makespan_lb"": ""103"", ""map_file"": ""maze-32-32-4.map"", ""seed"": ""1"", ""soc"": ""6433"", ""soc_lb"": ""4302"", ""solved"": ""1"", ""solver"": ""planner"", ""sum_of_loss"": ""5705"", ""sum_of_loss_lb"": ""4302""}"
lg_lacam_fork:lacam,"LaCAM (no guidance, first solution)",maze-32-32-4,maze-32-32-4-random-3,100,2,30.0,solved,0.040797,0.02,6297,103,5569,4302,103,1.463738,0,,/home/carsten/Projects/MAPF/MAPF Evaluator/results/tlcpp-maze-32-4/runs/lg_lacam_fork_lacam/maze-32-32-4/maze-32-32-4-random-3_a100_s2_r0,6297,0.02,"{""agents"": ""100"", ""comp_time"": ""20"", ""makespan"": ""103"", ""makespan_lb"": ""103"", ""map_file"": ""maze-32-32-4.map"", ""seed"": ""2"", ""soc"": ""6297"", ""soc_lb"": ""4302"", ""solved"": ""1"", ""solver"": ""planner"", ""sum_of_loss"": ""5680"", ""sum_of_loss_lb"": ""4302""}"
lg_lacam_fork:tl,"LaCAM + traffic load (tie-break, per config)",maze-32-32-4,maze-32-32-4-random-3,100,0,30.0,solved,0.100782,0.069,5778,103,5085,4302,103,1.343096,0,,/home/carsten/Projects/MAPF/MAPF Evaluator/results/tlcpp-maze-32-4/runs/lg_lacam_fork_tl/maze-32-32-4/maze-32-32-4-random-3_a100_s0_r0,5778,0.069,"{""agents"": ""100"", ""comp_time"": ""69"", ""makespan"": ""103"", ""makespan_lb"": ""103"", ""map_file"": ""maze-32-32-4.map"", ""seed"": ""0"", ""soc"": ""5778"", ""soc_lb"": ""4302"", ""solved"": ""1"", ""solver"": ""planner"", ""sum_of_loss"": ""5189"", ""sum_of_loss_lb"": ""4302""}"
lg_lacam_fork:tl,"LaCAM + traffic load (tie-break, per config)",maze-32-32-4,maze-32-32-4-random-3,100,1,30.0,solved,0.100249,0.04,5802,103,5098,4302,103,1.348675,0,,/home/carsten/Projects/MAPF/MAPF Evaluator/results/tlcpp-maze-32-4/runs/lg_lacam_fork_tl/maze-32-32-4/maze-32-32-4-random-3_a100_s1_r0,5802,0.04,"{""agents"": ""100"", ""comp_time"": ""40"", ""makespan"": ""103"", ""makespan_lb"": ""103"", ""map_file"": ""maze-32-32-4.map"", ""seed"": ""1"", ""soc"": ""5802"", ""soc_lb"": ""4302"", ""solved"": ""1"", ""solver"": ""planner"", ""sum_of_loss"": ""5196"", ""sum_of_loss_lb"": ""4302""}"
lg_lacam_fork:tl,"LaCAM + traffic load (tie-break, per config)",maze-32-32-4,maze-32-32-4-random-3,100,2,30.0,solved,0.08299,0.041,5723,103,5130,4302,103,1.330311,0,,/home/carsten/Projects/MAPF/MAPF Evaluator/results/tlcpp-maze-32-4/runs/lg_lacam_fork_tl/maze-32-32-4/maze-32-32-4-random-3_a100_s2_r0,5723,0.041,"{""agents"": ""100"", ""comp_time"": ""41"", ""makespan"": ""103"", ""makespan_lb"": ""103"", ""map_file"": ""maze-32-32-4.map"", ""seed"": ""2"", ""soc"": ""5723"", ""soc_lb"": ""4302"", ""solved"": ""1"", ""solver"": ""planner"", ""sum_of_loss"": ""5222"", ""sum_of_loss_lb"": ""4302""}"
lg_lacam_fork:tl_agent,"LaCAM + traffic load (tie-break, per agent)",maze-32-32-4,maze-32-32-4-random-3,100,0,30.0,solved,0.048853,0.011,5678,103,5062,4302,103,1.319851,0,,/home/carsten/Projects/MAPF/MAPF Evaluator/results/tlcpp-maze-32-4/runs/lg_lacam_fork_tl_agent/maze-32-32-4/maze-32-32-4-random-3_a100_s0_r0,5678,0.011,"{""agents"": ""100"", ""comp_time"": ""11"", ""makespan"": ""103"", ""makespan_lb"": ""103"", ""map_file"": ""maze-32-32-4.map"", ""seed"": ""0"", ""soc"": ""5678"", ""soc_lb"": ""4302"", ""solved"": ""1"", ""solver"": ""planner"", ""sum_of_loss"": ""5155"", ""sum_of_loss_lb"": ""4302""}"
lg_lacam_fork:tl_agent,"LaCAM + traffic load (tie-break, per agent)",maze-32-32-4,maze-32-32-4-random-3,100,1,30.0,solved,0.049694,0.008,5696,103,5103,4302,103,1.324035,0,,/home/carsten/Projects/MAPF/MAPF Evaluator/results/tlcpp-maze-32-4/runs/lg_lacam_fork_tl_agent/maze-32-32-4/maze-32-32-4-random-3_a100_s1_r0,5696,0.008,"{""agents"": ""100"", ""comp_time"": ""8"", ""makespan"": ""103"", ""makespan_lb"": ""103"", ""map_file"": ""maze-32-32-4.map"", ""seed"": ""1"", ""soc"": ""5696"", ""soc_lb"": ""4302"", ""solved"": ""1"", ""solver"": ""planner"", ""sum_of_loss"": ""5208"", ""sum_of_loss_lb"": ""4302""}"
lg_lacam_fork:tl_agent,"LaCAM + traffic load (tie-break, per agent)",maze-32-32-4,maze-32-32-4-random-3,100,2,30.0,solved,0.084887,0.017,5704,103,5070,4302,103,1.325895,0,,/home/carsten/Projects/MAPF/MAPF Evaluator/results/tlcpp-maze-32-4/runs/lg_lacam_fork_tl_agent/maze-32-32-4/maze-32-32-4-random-3_a100_s2_r0,5704,0.017,"{""agents"": ""100"", ""comp_time"": ""17"", ""makespan"": ""103"", ""makespan_lb"": ""103"", ""map_file"": ""maze-32-32-4.map"", ""seed"": ""2"", ""soc"": ""5704"", ""soc_lb"": ""4302"", ""solved"": ""1"", ""solver"": ""planner"", ""sum_of_loss"": ""5168"", ""sum_of_loss_lb"": ""4302""}"
lg_lacam_fork:lg_suo_tl,LG-LaCAM (window 20) + SUO + traffic load,maze-32-32-4,maze-32-32-4-random-2,200,1,30.0,solved,6.288648,6.231,16927,344,14748,8435,92,2.006758,0,,/home/carsten/Projects/MAPF/MAPF Evaluator/results/tlcpp-maze-32-4/runs/lg_lacam_fork_lg_suo_tl/maze-32-32-4/maze-32-32-4-random-2_a200_s1_r0,16927,6.231,"{""agents"": ""200"", ""comp_time"": ""6231"", ""makespan"": ""344"", ""makespan_lb"": ""92"", ""map_file"": ""maze-32-32-4.map"", ""seed"": ""1"", ""soc"": ""16927"", ""soc_lb"": ""8435"", ""solved"": ""1"", ""solver"": ""planner"", ""sum_of_loss"": ""14959"", ""sum_of_loss_lb"": ""8435""}"
lg_lacam_fork:tl_static,LaCAM + traffic load (static map from starts),maze-32-32-4,maze-32-32-4-random-3,100,0,30.0,solved,0.11163,0.021,6325,120,5588,4302,103,1.470246,0,,/home/carsten/Projects/MAPF/MAPF Evaluator/results/tlcpp-maze-32-4/runs/lg_lacam_fork_tl_static/maze-32-32-4/maze-32-32-4-random-3_a100_s0_r0,6325,0.021,"{""agents"": ""100"", ""comp_time"": ""21"", ""makespan"": ""120"", ""makespan_lb"": ""103"", ""map_file"": ""maze-32-32-4.map"", ""seed"": ""0"", ""soc"": ""6325"", ""soc_lb"": ""4302"", ""solved"": ""1"", ""solver"": ""planner"", ""sum_of_loss"": ""5760"", ""sum_of_loss_lb"": ""4302""}"
lg_lacam_fork:tl_static,LaCAM + traffic load (static map from starts),maze-32-32-4,maze-32-32-4-random-3,100,1,30.0,solved,0.074595,0.023,6252,115,5590,4302,103,1.453278,0,,/home/carsten/Projects/MAPF/MAPF Evaluator/results/tlcpp-maze-32-4/runs/lg_lacam_fork_tl_static/maze-32-32-4/maze-32-32-4-random-3_a100_s1_r0,6252,0.023,"{""agents"": ""100"", ""comp_time"": ""23"", ""makespan"": ""115"", ""makespan_lb"": ""103"", ""map_file"": ""maze-32-32-4.map"", ""seed"": ""1"", ""soc"": ""6252"", ""soc_lb"": ""4302"", ""solved"": ""1"", ""solver"": ""planner"", ""sum_of_loss"": ""5753"", ""sum_of_loss_lb"": ""4302""}"
lg_lacam_fork:tl_static,LaCAM + traffic load (static map from starts),maze-32-32-4,maze-32-32-4-random-3,100,2,30.0,solved,0.062063,0.019,6304,117,5572,4302,103,1.465365,0,,/home/carsten/Projects/MAPF/MAPF Evaluator/results/tlcpp-maze-32-4/runs/lg_lacam_fork_tl_static/maze-32-32-4/maze-32-32-4-random-3_a100_s2_r0,6304,0.019,"{""agents"": ""100"", ""comp_time"": ""19"", ""makespan"": ""117"", ""makespan_lb"": ""103"", ""map_file"": ""maze-32-32-4.map"", ""seed"": ""2"", ""soc"": ""6304"", ""soc_lb"": ""4302"", ""solved"": ""1"", ""solver"": ""planner"", ""sum_of_loss"": ""5739"", ""sum_of_loss_lb"": ""4302""}"
lg_lacam_fork:suo,LaCAM3 = SUO (first solution),maze-32-32-4,maze-32-32-4-random-3,100,0,30.0,solved,0.08771,0.049,5310,109,5047,4302,103,1.23431,0,,/home/carsten/Projects/MAPF/MAPF Evaluator/results/tlcpp-maze-32-4/runs/lg_lacam_fork_suo/maze-32-32-4/maze-32-32-4-random-3_a100_s0_r0,5310,0.049,"{""agents"": ""100"", ""comp_time"": ""49"", ""makespan"": ""109"", ""makespan_lb"": ""103"", ""map_file"": ""maze-32-32-4.map"", ""seed"": ""0"", ""soc"": ""5310"", ""soc_lb"": ""4302"", ""solved"": ""1"", ""solver"": ""planner"", ""sum_of_loss"": ""5082"", ""sum_of_loss_lb"": ""4302""}"
lg_lacam_fork:suo,LaCAM3 = SUO (first solution),maze-32-32-4,maze-32-32-4-random-3,100,1,30.0,solved,0.153902,0.085,5417,109,5145,4302,103,1.259182,0,,/home/carsten/Projects/MAPF/MAPF Evaluator/results/tlcpp-maze-32-4/runs/lg_lacam_fork_suo/maze-32-32-4/maze-32-32-4-random-3_a100_s1_r0,5417,0.085,"{""agents"": ""100"", ""comp_time"": ""85"", ""makespan"": ""109"", ""makespan_lb"": ""103"", ""map_file"": ""maze-32-32-4.map"", ""seed"": ""1"", ""soc"": ""5417"", ""soc_lb"": ""4302"", ""solved"": ""1"", ""solver"": ""planner"", ""sum_of_loss"": ""5190"", ""sum_of_loss_lb"": ""4302""}"
lg_lacam_fork:suo,LaCAM3 = SUO (first solution),maze-32-32-4,maze-32-32-4-random-3,100,2,30.0,solved,0.132317,0.077,5356,109,5029,4302,103,1.245002,0,,/home/carsten/Projects/MAPF/MAPF Evaluator/results/tlcpp-maze-32-4/runs/lg_lacam_fork_suo/maze-32-32-4/maze-32-32-4-random-3_a100_s2_r0,5356,0.077,"{""agents"": ""100"", ""comp_time"": ""77"", ""makespan"": ""109"", ""makespan_lb"": ""103"", ""map_file"": ""maze-32-32-4.map"", ""seed"": ""2"", ""soc"": ""5356"", ""soc_lb"": ""4302"", ""solved"": ""1"", ""solver"": ""planner"", ""sum_of_loss"": ""5074"", ""sum_of_loss_lb"": ""4302""}"
lg_lacam_fork:suo_tl,SUO + traffic load,maze-32-32-4,maze-32-32-4-random-3,100,0,30.0,solved,0.096823,0.065,5312,109,5020,4302,103,1.234775,0,,/home/carsten/Projects/MAPF/MAPF Evaluator/results/tlcpp-maze-32-4/runs/lg_lacam_fork_suo_tl/maze-32-32-4/maze-32-32-4-random-3_a100_s0_r0,5312,0.065,"{""agents"": ""100"", ""comp_time"": ""65"", ""makespan"": ""109"", ""makespan_lb"": ""103"", ""map_file"": ""maze-32-32-4.map"", ""seed"": ""0"", ""soc"": ""5312"", ""soc_lb"": ""4302"", ""solved"": ""1"", ""solver"": ""planner"", ""sum_of_loss"": ""5069"", ""sum_of_loss_lb"": ""4302""}"
lg_lacam_fork:suo_tl,SUO + traffic load,maze-32-32-4,maze-32-32-4-random-3,100,1,30.0,solved,0.099968,0.043,5288,115,5030,4302,103,1.229196,0,,/home/carsten/Projects/MAPF/MAPF Evaluator/results/tlcpp-maze-32-4/runs/lg_lacam_fork_suo_tl/maze-32-32-4/maze-32-32-4-random-3_a100_s1_r0,5288,0.043,"{""agents"": ""100"", ""comp_time"": ""43"", ""makespan"": ""115"", ""makespan_lb"": ""103"", ""map_file"": ""maze-32-32-4.map"", ""seed"": ""1"", ""soc"": ""5288"", ""soc_lb"": ""4302"", ""solved"": ""1"", ""solver"": ""planner"", ""sum_of_loss"": ""5064"", ""sum_of_loss_lb"": ""4302""}"
lg_lacam_fork:suo_tl,SUO + traffic load,maze-32-32-4,maze-32-32-4-random-3,100,2,30.0,solved,0.114902,0.062,5086,109,4936,4302,103,1.182241,0,,/home/carsten/Projects/MAPF/MAPF Evaluator/results/tlcpp-maze-32-4/runs/lg_lacam_fork_suo_tl/maze-32-32-4/maze-32-32-4-random-3_a100_s2_r0,5086,0.062,"{""agents"": ""100"", ""comp_time"": ""62"", ""makespan"": ""109"", ""makespan_lb"": ""103"", ""map_file"": ""maze-32-32-4.map"", ""seed"": ""2"", ""soc"": ""5086"", ""soc_lb"": ""4302"", ""solved"": ""1"", ""solver"": ""planner"", ""sum_of_loss"": ""4965"", ""sum_of_loss_lb"": ""4302""}"
lg_lacam_fork:lg,"LG-LaCAM (window 20, first solution)",maze-32-32-4,maze-32-32-4-random-3,100,0,30.0,solved,0.169215,0.108,4892,105,4806,4302,103,1.137146,0,,/home/carsten/Projects/MAPF/MAPF Evaluator/results/tlcpp-maze-32-4/runs/lg_lacam_fork_lg/maze-32-32-4/maze-32-32-4-random-3_a100_s0_r0,4892,0.108,"{""agents"": ""100"", ""comp_time"": ""108"", ""makespan"": ""105"", ""makespan_lb"": ""103"", ""map_file"": ""maze-32-32-4.map"", ""seed"": ""0"", ""soc"": ""4892"", ""soc_lb"": ""4302"", ""solved"": ""1"", ""solver"": ""planner"", ""sum_of_loss"": ""4822"", ""sum_of_loss_lb"": ""4302""}"
lg_lacam_fork:lg,"LG-LaCAM (window 20, first solution)",maze-32-32-4,maze-32-32-4-random-3,100,1,30.0,solved,0.156012,0.112,4843,107,4777,4302,103,1.125755,0,,/home/carsten/Projects/MAPF/MAPF Evaluator/results/tlcpp-maze-32-4/runs/lg_lacam_fork_lg/maze-32-32-4/maze-32-32-4-random-3_a100_s1_r0,4843,0.112,"{""agents"": ""100"", ""comp_time"": ""112"", ""makespan"": ""107"", ""makespan_lb"": ""103"", ""map_file"": ""maze-32-32-4.map"", ""seed"": ""1"", ""soc"": ""4843"", ""soc_lb"": ""4302"", ""solved"": ""1"", ""solver"": ""planner"", ""sum_of_loss"": ""4791"", ""sum_of_loss_lb"": ""4302""}"
lg_lacam_fork:lg,"LG-LaCAM (window 20, first solution)",maze-32-32-4,maze-32-32-4-random-3,100,2,30.0,solved,0.139233,0.109,4885,107,4778,4302,103,1.135518,0,,/home/carsten/Projects/MAPF/MAPF Evaluator/results/tlcpp-maze-32-4/runs/lg_lacam_fork_lg/maze-32-32-4/maze-32-32-4-random-3_a100_s2_r0,4885,0.109,"{""agents"": ""100"", ""comp_time"": ""109"", ""makespan"": ""107"", ""makespan_lb"": ""103"", ""map_file"": ""maze-32-32-4.map"", ""seed"": ""2"", ""soc"": ""4885"", ""soc_lb"": ""4302"", ""solved"": ""1"", ""solver"": ""planner"", ""sum_of_loss"": ""4794"", ""sum_of_loss_lb"": ""4302""}"
lg_lacam_fork:lg_tl,LG-LaCAM (window 20) + traffic load,maze-32-32-4,maze-32-32-4-random-3,100,0,30.0,solved,0.187686,0.134,4866,109,4787,4302,103,1.131102,0,,/home/carsten/Projects/MAPF/MAPF Evaluator/results/tlcpp-maze-32-4/runs/lg_lacam_fork_lg_tl/maze-32-32-4/maze-32-32-4-random-3_a100_s0_r0,4866,0.134,"{""agents"": ""100"", ""comp_time"": ""134"", ""makespan"": ""109"", ""makespan_lb"": ""103"", ""map_file"": ""maze-32-32-4.map"", ""seed"": ""0"", ""soc"": ""4866"", ""soc_lb"": ""4302"", ""solved"": ""1"", ""solver"": ""planner"", ""sum_of_loss"": ""4809"", ""sum_of_loss_lb"": ""4302""}"
lg_lacam_fork:lg_tl,LG-LaCAM (window 20) + traffic load,maze-32-32-4,maze-32-32-4-random-3,100,1,30.0,solved,0.130201,0.072,4909,105,4752,4302,103,1.141097,0,,/home/carsten/Projects/MAPF/MAPF Evaluator/results/tlcpp-maze-32-4/runs/lg_lacam_fork_lg_tl/maze-32-32-4/maze-32-32-4-random-3_a100_s1_r0,4909,0.072,"{""agents"": ""100"", ""comp_time"": ""72"", ""makespan"": ""105"", ""makespan_lb"": ""103"", ""map_file"": ""maze-32-32-4.map"", ""seed"": ""1"", ""soc"": ""4909"", ""soc_lb"": ""4302"", ""solved"": ""1"", ""solver"": ""planner"", ""sum_of_loss"": ""4772"", ""sum_of_loss_lb"": ""4302""}"
lg_lacam_fork:lg_tl,LG-LaCAM (window 20) + traffic load,maze-32-32-4,maze-32-32-4-random-3,100,2,30.0,solved,0.185642,0.111,4900,109,4815,4302,103,1.139005,0,,/home/carsten/Projects/MAPF/MAPF Evaluator/results/tlcpp-maze-32-4/runs/lg_lacam_fork_lg_tl/maze-32-32-4/maze-32-32-4-random-3_a100_s2_r0,4900,0.111,"{""agents"": ""100"", ""comp_time"": ""111"", ""makespan"": ""109"", ""makespan_lb"": ""103"", ""map_file"": ""maze-32-32-4.map"", ""seed"": ""2"", ""soc"": ""4900"", ""soc_lb"": ""4302"", ""solved"": ""1"", ""solver"": ""planner"", ""sum_of_loss"": ""4835"", ""sum_of_loss_lb"": ""4302""}"
lg_lacam_fork:lg_suo,LG-LaCAM (window 20) + SUO,maze-32-32-4,maze-32-32-4-random-3,100,0,30.0,solved,0.227585,0.154,4888,109,4776,4302,103,1.136216,0,,/home/carsten/Projects/MAPF/MAPF Evaluator/results/tlcpp-maze-32-4/runs/lg_lacam_fork_lg_suo/maze-32-32-4/maze-32-32-4-random-3_a100_s0_r0,4888,0.154,"{""agents"": ""100"", ""comp_time"": ""154"", ""makespan"": ""109"", ""makespan_lb"": ""103"", ""map_file"": ""maze-32-32-4.map"", ""seed"": ""0"", ""soc"": ""4888"", ""soc_lb"": ""4302"", ""solved"": ""1"", ""solver"": ""planner"", ""sum_of_loss"": ""4799"", ""sum_of_loss_lb"": ""4302""}"
lg_lacam_fork:lg_suo,LG-LaCAM (window 20) + SUO,maze-32-32-4,maze-32-32-4-random-3,100,2,30.0,solved,0.138349,0.092,4912,109,4796,4302,103,1.141795,0,,/home/carsten/Projects/MAPF/MAPF Evaluator/results/tlcpp-maze-32-4/runs/lg_lacam_fork_lg_suo/maze-32-32-4/maze-32-32-4-random-3_a100_s2_r0,4912,0.092,"{""agents"": ""100"", ""comp_time"": ""92"", ""makespan"": ""109"", ""makespan_lb"": ""103"", ""map_file"": ""maze-32-32-4.map"", ""seed"": ""2"", ""soc"": ""4912"", ""soc_lb"": ""4302"", ""solved"": ""1"", ""solver"": ""planner"", ""sum_of_loss"": ""4816"", ""sum_of_loss_lb"": ""4302""}"
lg_lacam_fork:lg_suo,LG-LaCAM (window 20) + SUO,maze-32-32-4,maze-32-32-4-random-3,100,1,30.0,solved,0.21987,0.143,4918,109,4820,4302,103,1.143189,0,,/home/carsten/Projects/MAPF/MAPF Evaluator/results/tlcpp-maze-32-4/runs/lg_lacam_fork_lg_suo/maze-32-32-4/maze-32-32-4-random-3_a100_s1_r0,4918,0.143,"{""agents"": ""100"", ""comp_time"": ""143"", ""makespan"": ""109"", ""makespan_lb"": ""103"", ""map_file"": ""maze-32-32-4.map"", ""seed"": ""1"", ""soc"": ""4918"", ""soc_lb"": ""4302"", ""solved"": ""1"", ""solver"": ""planner"", ""sum_of_loss"": ""4836"", ""sum_of_loss_lb"": ""4302""}"
lg_lacam_fork:lg_suo_tl,LG-LaCAM (window 20) + SUO + traffic load,maze-32-32-4,maze-32-32-4-random-3,100,0,30.0,solved,0.250488,0.185,4827,109,4726,4302,103,1.122036,0,,/home/carsten/Projects/MAPF/MAPF Evaluator/results/tlcpp-maze-32-4/runs/lg_lacam_fork_lg_suo_tl/maze-32-32-4/maze-32-32-4-random-3_a100_s0_r0,4827,0.185,"{""agents"": ""100"", ""comp_time"": ""185"", ""makespan"": ""109"", ""makespan_lb"": ""103"", ""map_file"": ""maze-32-32-4.map"", ""seed"": ""0"", ""soc"": ""4827"", ""soc_lb"": ""4302"", ""solved"": ""1"", ""solver"": ""planner"", ""sum_of_loss"": ""4747"", ""sum_of_loss_lb"": ""4302""}"
lg_lacam_fork:lg_suo_tl,LG-LaCAM (window 20) + SUO + traffic load,maze-32-32-4,maze-32-32-4-random-3,100,1,30.0,solved,0.226378,0.152,4879,110,4793,4302,103,1.134124,0,,/home/carsten/Projects/MAPF/MAPF Evaluator/results/tlcpp-maze-32-4/runs/lg_lacam_fork_lg_suo_tl/maze-32-32-4/maze-32-32-4-random-3_a100_s1_r0,4879,0.152,"{""agents"": ""100"", ""comp_time"": ""152"", ""makespan"": ""110"", ""makespan_lb"": ""103"", ""map_file"": ""maze-32-32-4.map"", ""seed"": ""1"", ""soc"": ""4879"", ""soc_lb"": ""4302"", ""solved"": ""1"", ""solver"": ""planner"", ""sum_of_loss"": ""4819"", ""sum_of_loss_lb"": ""4302""}"
lg_lacam_fork:lg_suo_tl,LG-LaCAM (window 20) + SUO + traffic load,maze-32-32-4,maze-32-32-4-random-3,100,2,30.0,solved,0.233393,0.166,4898,105,4789,4302,103,1.13854,0,,/home/carsten/Projects/MAPF/MAPF Evaluator/results/tlcpp-maze-32-4/runs/lg_lacam_fork_lg_suo_tl/maze-32-32-4/maze-32-32-4-random-3_a100_s2_r0,4898,0.166,"{""agents"": ""100"", ""comp_time"": ""166"", ""makespan"": ""105"", ""makespan_lb"": ""103"", ""map_file"": ""maze-32-32-4.map"", ""seed"": ""2"", ""soc"": ""4898"", ""soc_lb"": ""4302"", ""solved"": ""1"", ""solver"": ""planner"", ""sum_of_loss"": ""4802"", ""sum_of_loss_lb"": ""4302""}"
lg_lacam_fork:lacam,"LaCAM (no guidance, first solution)",maze-32-32-4,maze-32-32-4-random-3,150,0,30.0,solved,0.084276,0.026,12346,140,10004,6394,103,1.930873,0,,/home/carsten/Projects/MAPF/MAPF Evaluator/results/tlcpp-maze-32-4/runs/lg_lacam_fork_lacam/maze-32-32-4/maze-32-32-4-random-3_a150_s0_r0,12346,0.026,"{""agents"": ""150"", ""comp_time"": ""26"", ""makespan"": ""140"", ""makespan_lb"": ""103"", ""map_file"": ""maze-32-32-4.map"", ""seed"": ""0"", ""soc"": ""12346"", ""soc_lb"": ""6394"", ""solved"": ""1"", ""solver"": ""planner"", ""sum_of_loss"": ""10302"", ""sum_of_loss_lb"": ""6394""}"
lg_lacam_fork:lacam,"LaCAM (no guidance, first solution)",maze-32-32-4,maze-32-32-4-random-3,150,2,30.0,solved,0.074661,0.02,11965,112,9764,6394,103,1.871286,0,,/home/carsten/Projects/MAPF/MAPF Evaluator/results/tlcpp-maze-32-4/runs/lg_lacam_fork_lacam/maze-32-32-4/maze-32-32-4-random-3_a150_s2_r0,11965,0.02,"{""agents"": ""150"", ""comp_time"": ""20"", ""makespan"": ""112"", ""makespan_lb"": ""103"", ""map_file"": ""maze-32-32-4.map"", ""seed"": ""2"", ""soc"": ""11965"", ""soc_lb"": ""6394"", ""solved"": ""1"", ""solver"": ""planner"", ""sum_of_loss"": ""10073"", ""sum_of_loss_lb"": ""6394""}"
lg_lacam_fork:lacam,"LaCAM (no guidance, first solution)",maze-32-32-4,maze-32-32-4-random-3,150,1,30.0,solved,0.126914,0.02,12234,149,9761,6394,103,1.913356,0,,/home/carsten/Projects/MAPF/MAPF Evaluator/results/tlcpp-maze-32-4/runs/lg_lacam_fork_lacam/maze-32-32-4/maze-32-32-4-random-3_a150_s1_r0,12234,0.02,"{""agents"": ""150"", ""comp_time"": ""20"", ""makespan"": ""149"", ""makespan_lb"": ""103"", ""map_file"": ""maze-32-32-4.map"", ""seed"": ""1"", ""soc"": ""12234"", ""soc_lb"": ""6394"", ""solved"": ""1"", ""solver"": ""planner"", ""sum_of_loss"": ""10052"", ""sum_of_loss_lb"": ""6394""}"
lg_lacam_fork:tl,"LaCAM + traffic load (tie-break, per config)",maze-32-32-4,maze-32-32-4-random-3,150,2,30.0,solved,0.168831,0.059,9808,103,8456,6394,103,1.533938,0,,/home/carsten/Projects/MAPF/MAPF Evaluator/results/tlcpp-maze-32-4/runs/lg_lacam_fork_tl/maze-32-32-4/maze-32-32-4-random-3_a150_s2_r0,9808,0.059,"{""agents"": ""150"", ""comp_time"": ""59"", ""makespan"": ""103"", ""makespan_lb"": ""103"", ""map_file"": ""maze-32-32-4.map"", ""seed"": ""2"", ""soc"": ""9808"", ""soc_lb"": ""6394"", ""solved"": ""1"", ""solver"": ""planner"", ""sum_of_loss"": ""8665"", ""sum_of_loss_lb"": ""6394""}"
lg_lacam_fork:tl_agent,"LaCAM + traffic load (tie-break, per agent)",maze-32-32-4,maze-32-32-4-random-3,150,0,30.0,solved,0.172915,0.103,10134,125,8690,6394,103,1.584923,0,,/home/carsten/Projects/MAPF/MAPF Evaluator/results/tlcpp-maze-32-4/runs/lg_lacam_fork_tl_agent/maze-32-32-4/maze-32-32-4-random-3_a150_s0_r0,10134,0.103,"{""agents"": ""150"", ""comp_time"": ""103"", ""makespan"": ""125"", ""makespan_lb"": ""103"", ""map_file"": ""maze-32-32-4.map"", ""seed"": ""0"", ""soc"": ""10134"", ""soc_lb"": ""6394"", ""solved"": ""1"", ""solver"": ""planner"", ""sum_of_loss"": ""8898"", ""sum_of_loss_lb"": ""6394""}"
lg_lacam_fork:tl,"LaCAM + traffic load (tie-break, per config)",maze-32-32-4,maze-32-32-4-random-3,150,0,30.0,solved,0.893842,0.833,10475,159,8826,6394,103,1.638255,0,,/home/carsten/Projects/MAPF/MAPF Evaluator/results/tlcpp-maze-32-4/runs/lg_lacam_fork_tl/maze-32-32-4/maze-32-32-4-random-3_a150_s0_r0,10475,0.833,"{""agents"": ""150"", ""comp_time"": ""833"", ""makespan"": ""159"", ""makespan_lb"": ""103"", ""map_file"": ""maze-32-32-4.map"", ""seed"": ""0"", ""soc"": ""10475"", ""soc_lb"": ""6394"", ""solved"": ""1"", ""solver"": ""planner"", ""sum_of_loss"": ""9051"", ""sum_of_loss_lb"": ""6394""}"
lg_lacam_fork:tl,"LaCAM + traffic load (tie-break, per config)",maze-32-32-4,maze-32-32-4-random-3,150,1,30.0,solved,0.910174,0.785,11487,183,8950,6394,103,1.796528,0,,/home/carsten/Projects/MAPF/MAPF Evaluator/results/tlcpp-maze-32-4/runs/lg_lacam_fork_tl/maze-32-32-4/maze-32-32-4-random-3_a150_s1_r0,11487,0.785,"{""agents"": ""150"", ""comp_time"": ""785"", ""makespan"": ""183"", ""makespan_lb"": ""103"", ""map_file"": ""maze-32-32-4.map"", ""seed"": ""1"", ""soc"": ""11487"", ""soc_lb"": ""6394"", ""solved"": ""1"", ""solver"": ""planner"", ""sum_of_loss"": ""9195"", ""sum_of_loss_lb"": ""6394""}"
lg_lacam_fork:tl_agent,"LaCAM + traffic load (tie-break, per agent)",maze-32-32-4,maze-32-32-4-random-3,150,1,30.0,solved,0.117392,0.054,10741,155,8671,6394,103,1.679856,0,,/home/carsten/Projects/MAPF/MAPF Evaluator/results/tlcpp-maze-32-4/runs/lg_lacam_fork_tl_agent/maze-32-32-4/maze-32-32-4-random-3_a150_s1_r0,10741,0.054,"{""agents"": ""150"", ""comp_time"": ""54"", ""makespan"": ""155"", ""makespan_lb"": ""103"", ""map_file"": ""maze-32-32-4.map"", ""seed"": ""1"", ""soc"": ""10741"", ""soc_lb"": ""6394"", ""solved"": ""1"", ""solver"": ""planner"", ""sum_of_loss"": ""8887"", ""sum_of_loss_lb"": ""6394""}"
lg_lacam_fork:tl_agent,"LaCAM + traffic load (tie-break, per agent)",maze-32-32-4,maze-32-32-4-random-3,150,2,30.0,solved,0.143141,0.069,10421,150,8608,6394,103,1.629809,0,,/home/carsten/Projects/MAPF/MAPF Evaluator/results/tlcpp-maze-32-4/runs/lg_lacam_fork_tl_agent/maze-32-32-4/maze-32-32-4-random-3_a150_s2_r0,10421,0.069,"{""agents"": ""150"", ""comp_time"": ""69"", ""makespan"": ""150"", ""makespan_lb"": ""103"", ""map_file"": ""maze-32-32-4.map"", ""seed"": ""2"", ""soc"": ""10421"", ""soc_lb"": ""6394"", ""solved"": ""1"", ""solver"": ""planner"", ""sum_of_loss"": ""8798"", ""sum_of_loss_lb"": ""6394""}"
lg_lacam_fork:tl_static,LaCAM + traffic load (static map from starts),maze-32-32-4,maze-32-32-4-random-3,150,1,30.0,solved,0.161294,0.057,14704,237,11830,6394,103,2.299656,0,,/home/carsten/Projects/MAPF/MAPF Evaluator/results/tlcpp-maze-32-4/runs/lg_lacam_fork_tl_static/maze-32-32-4/maze-32-32-4-random-3_a150_s1_r0,14704,0.057,"{""agents"": ""150"", ""comp_time"": ""57"", ""makespan"": ""237"", ""makespan_lb"": ""103"", ""map_file"": ""maze-32-32-4.map"", ""seed"": ""1"", ""soc"": ""14704"", ""soc_lb"": ""6394"", ""solved"": ""1"", ""solver"": ""planner"", ""sum_of_loss"": ""12618"", ""sum_of_loss_lb"": ""6394""}"
lg_lacam_fork:tl_static,LaCAM + traffic load (static map from starts),maze-32-32-4,maze-32-32-4-random-3,150,0,30.0,solved,0.294894,0.197,14285,215,11444,6394,103,2.234126,0,,/home/carsten/Projects/MAPF/MAPF Evaluator/results/tlcpp-maze-32-4/runs/lg_lacam_fork_tl_static/maze-32-32-4/maze-32-32-4-random-3_a150_s0_r0,14285,0.197,"{""agents"": ""150"", ""comp_time"": ""197"", ""makespan"": ""215"", ""makespan_lb"": ""103"", ""map_file"": ""maze-32-32-4.map"", ""seed"": ""0"", ""soc"": ""14285"", ""soc_lb"": ""6394"", ""solved"": ""1"", ""solver"": ""planner"", ""sum_of_loss"": ""12092"", ""sum_of_loss_lb"": ""6394""}"
lg_lacam_fork:tl_static,LaCAM + traffic load (static map from starts),maze-32-32-4,maze-32-32-4-random-3,150,2,30.0,solved,0.162313,0.092,15381,242,12191,6394,103,2.405536,0,,/home/carsten/Projects/MAPF/MAPF Evaluator/results/tlcpp-maze-32-4/runs/lg_lacam_fork_tl_static/maze-32-32-4/maze-32-32-4-random-3_a150_s2_r0,15381,0.092,"{""agents"": ""150"", ""comp_time"": ""92"", ""makespan"": ""242"", ""makespan_lb"": ""103"", ""map_file"": ""maze-32-32-4.map"", ""seed"": ""2"", ""soc"": ""15381"", ""soc_lb"": ""6394"", ""solved"": ""1"", ""solver"": ""planner"", ""sum_of_loss"": ""13100"", ""sum_of_loss_lb"": ""6394""}"
lg_lacam_fork:suo,LaCAM3 = SUO (first solution),maze-32-32-4,maze-32-32-4-random-3,150,1,30.0,solved,0.212007,0.131,9666,111,8599,6394,103,1.51173,0,,/home/carsten/Projects/MAPF/MAPF Evaluator/results/tlcpp-maze-32-4/runs/lg_lacam_fork_suo/maze-32-32-4/maze-32-32-4-random-3_a150_s1_r0,9666,0.131,"{""agents"": ""150"", ""comp_time"": ""131"", ""makespan"": ""111"", ""makespan_lb"": ""103"", ""map_file"": ""maze-32-32-4.map"", ""seed"": ""1"", ""soc"": ""9666"", ""soc_lb"": ""6394"", ""solved"": ""1"", ""solver"": ""planner"", ""sum_of_loss"": ""8756"", ""sum_of_loss_lb"": ""6394""}"
lg_lacam_fork:suo,LaCAM3 = SUO (first solution),maze-32-32-4,maze-32-32-4-random-3,150,0,30.0,solved,0.226749,0.092,10326,113,8956,6394,103,1.614952,0,,/home/carsten/Projects/MAPF/MAPF Evaluator/results/tlcpp-maze-32-4/runs/lg_lacam_fork_suo/maze-32-32-4/maze-32-32-4-random-3_a150_s0_r0,10326,0.092,"{""agents"": ""150"", ""comp_time"": ""92"", ""makespan"": ""113"", ""makespan_lb"": ""103"", ""map_file"": ""maze-32-32-4.map"", ""seed"": ""0"", ""soc"": ""10326"", ""soc_lb"": ""6394"", ""solved"": ""1"", ""solver"": ""planner"", ""sum_of_loss"": ""9144"", ""sum_of_loss_lb"": ""6394""}"
lg_lacam_fork:suo,LaCAM3 = SUO (first solution),maze-32-32-4,maze-32-32-4-random-3,150,2,30.0,solved,0.125724,0.07,10770,135,9082,6394,103,1.684392,0,,/home/carsten/Projects/MAPF/MAPF Evaluator/results/tlcpp-maze-32-4/runs/lg_lacam_fork_suo/maze-32-32-4/maze-32-32-4-random-3_a150_s2_r0,10770,0.07,"{""agents"": ""150"", ""comp_time"": ""70"", ""makespan"": ""135"", ""makespan_lb"": ""103"", ""map_file"": ""maze-32-32-4.map"", ""seed"": ""2"", ""soc"": ""10770"", ""soc_lb"": ""6394"", ""solved"": ""1"", ""solver"": ""planner"", ""sum_of_loss"": ""9282"", ""sum_of_loss_lb"": ""6394""}"
lg_lacam_fork:suo_tl,SUO + traffic load,maze-32-32-4,maze-32-32-4-random-3,150,1,30.0,solved,0.192735,0.117,9495,109,8509,6394,103,1.484986,0,,/home/carsten/Projects/MAPF/MAPF Evaluator/results/tlcpp-maze-32-4/runs/lg_lacam_fork_suo_tl/maze-32-32-4/maze-32-32-4-random-3_a150_s1_r0,9495,0.117,"{""agents"": ""150"", ""comp_time"": ""117"", ""makespan"": ""109"", ""makespan_lb"": ""103"", ""map_file"": ""maze-32-32-4.map"", ""seed"": ""1"", ""soc"": ""9495"", ""soc_lb"": ""6394"", ""solved"": ""1"", ""solver"": ""planner"", ""sum_of_loss"": ""8663"", ""sum_of_loss_lb"": ""6394""}"
lg_lacam_fork:suo_tl,SUO + traffic load,maze-32-32-4,maze-32-32-4-random-3,150,0,30.0,solved,0.184053,0.112,9222,113,8402,6394,103,1.44229,0,,/home/carsten/Projects/MAPF/MAPF Evaluator/results/tlcpp-maze-32-4/runs/lg_lacam_fork_suo_tl/maze-32-32-4/maze-32-32-4-random-3_a150_s0_r0,9222,0.112,"{""agents"": ""150"", ""comp_time"": ""112"", ""makespan"": ""113"", ""makespan_lb"": ""103"", ""map_file"": ""maze-32-32-4.map"", ""seed"": ""0"", ""soc"": ""9222"", ""soc_lb"": ""6394"", ""solved"": ""1"", ""solver"": ""planner"", ""sum_of_loss"": ""8551"", ""sum_of_loss_lb"": ""6394""}"
lg_lacam_fork:suo_tl,SUO + traffic load,maze-32-32-4,maze-32-32-4-random-3,150,2,30.0,solved,0.223743,0.133,9585,137,8459,6394,103,1.499062,0,,/home/carsten/Projects/MAPF/MAPF Evaluator/results/tlcpp-maze-32-4/runs/lg_lacam_fork_suo_tl/maze-32-32-4/maze-32-32-4-random-3_a150_s2_r0,9585,0.133,"{""agents"": ""150"", ""comp_time"": ""133"", ""makespan"": ""137"", ""makespan_lb"": ""103"", ""map_file"": ""maze-32-32-4.map"", ""seed"": ""2"", ""soc"": ""9585"", ""soc_lb"": ""6394"", ""solved"": ""1"", ""solver"": ""planner"", ""sum_of_loss"": ""8610"", ""sum_of_loss_lb"": ""6394""}"
lg_lacam_fork:lg,"LG-LaCAM (window 20, first solution)",maze-32-32-4,maze-32-32-4-random-3,150,1,30.0,solved,0.266925,0.21,8543,111,7966,6394,103,1.336096,0,,/home/carsten/Projects/MAPF/MAPF Evaluator/results/tlcpp-maze-32-4/runs/lg_lacam_fork_lg/maze-32-32-4/maze-32-32-4-random-3_a150_s1_r0,8543,0.21,"{""agents"": ""150"", ""comp_time"": ""210"", ""makespan"": ""111"", ""makespan_lb"": ""103"", ""map_file"": ""maze-32-32-4.map"", ""seed"": ""1"", ""soc"": ""8543"", ""soc_lb"": ""6394"", ""solved"": ""1"", ""solver"": ""planner"", ""sum_of_loss"": ""8048"", ""sum_of_loss_lb"": ""6394""}"
lg_lacam_fork:lg,"LG-LaCAM (window 20, first solution)",maze-32-32-4,maze-32-32-4-random-3,150,0,30.0,solved,0.532596,0.385,8367,109,7773,6394,103,1.308571,0,,/home/carsten/Projects/MAPF/MAPF Evaluator/results/tlcpp-maze-32-4/runs/lg_lacam_fork_lg/maze-32-32-4/maze-32-32-4-random-3_a150_s0_r0,8367,0.385,"{""agents"": ""150"", ""comp_time"": ""385"", ""makespan"": ""109"", ""makespan_lb"": ""103"", ""map_file"": ""maze-32-32-4.map"", ""seed"": ""0"", ""soc"": ""8367"", ""soc_lb"": ""6394"", ""solved"": ""1"", ""solver"": ""planner"", ""sum_of_loss"": ""7839"", ""sum_of_loss_lb"": ""6394""}"
lg_lacam_fork:lg,"LG-LaCAM (window 20, first solution)",maze-32-32-4,maze-32-32-4-random-3,150,2,30.0,solved,0.570439,0.473,8533,108,7864,6394,103,1.334532,0,,/home/carsten/Projects/MAPF/MAPF Evaluator/results/tlcpp-maze-32-4/runs/lg_lacam_fork_lg/maze-32-32-4/maze-32-32-4-random-3_a150_s2_r0,8533,0.473,"{""agents"": ""150"", ""comp_time"": ""473"", ""makespan"": ""108"", ""makespan_lb"": ""103"", ""map_file"": ""maze-32-32-4.map"", ""seed"": ""2"", ""soc"": ""8533"", ""soc_lb"": ""6394"", ""solved"": ""1"", ""solver"": ""planner"", ""sum_of_loss"": ""7936"", ""sum_of_loss_lb"": ""6394""}"
lg_lacam_fork:lg_tl,LG-LaCAM (window 20) + traffic load,maze-32-32-4,maze-32-32-4-random-3,150,0,30.0,solved,0.446373,0.384,8177,108,7760,6394,103,1.278855,0,,/home/carsten/Projects/MAPF/MAPF Evaluator/results/tlcpp-maze-32-4/runs/lg_lacam_fork_lg_tl/maze-32-32-4/maze-32-32-4-random-3_a150_s0_r0,8177,0.384,"{""agents"": ""150"", ""comp_time"": ""384"", ""makespan"": ""108"", ""makespan_lb"": ""103"", ""map_file"": ""maze-32-32-4.map"", ""seed"": ""0"", ""soc"": ""8177"", ""soc_lb"": ""6394"", ""solved"": ""1"", ""solver"": ""planner"", ""sum_of_loss"": ""7819"", ""sum_of_loss_lb"": ""6394""}"
lg_lacam_fork:lg_tl,LG-LaCAM (window 20) + traffic load,maze-32-32-4,maze-32-32-4-random-3,150,1,30.0,solved,0.273803,0.176,8186,111,7766,6394,103,1.280263,0,,/home/carsten/Projects/MAPF/MAPF Evaluator/results/tlcpp-maze-32-4/runs/lg_lacam_fork_lg_tl/maze-32-32-4/maze-32-32-4-random-3_a150_s1_r0,8186,0.176,"{""agents"": ""150"", ""comp_time"": ""176"", ""makespan"": ""111"", ""makespan_lb"": ""103"", ""map_file"": ""maze-32-32-4.map"", ""seed"": ""1"", ""soc"": ""8186"", ""soc_lb"": ""6394"", ""solved"": ""1"", ""solver"": ""planner"", ""sum_of_loss"": ""7820"", ""sum_of_loss_lb"": ""6394""}"
lg_lacam_fork:lg_tl,LG-LaCAM (window 20) + traffic load,maze-32-32-4,maze-32-32-4-random-3,150,2,30.0,solved,0.601947,0.534,8340,109,7765,6394,103,1.304348,0,,/home/carsten/Projects/MAPF/MAPF Evaluator/results/tlcpp-maze-32-4/runs/lg_lacam_fork_lg_tl/maze-32-32-4/maze-32-32-4-random-3_a150_s2_r0,8340,0.534,"{""agents"": ""150"", ""comp_time"": ""534"", ""makespan"": ""109"", ""makespan_lb"": ""103"", ""map_file"": ""maze-32-32-4.map"", ""seed"": ""2"", ""soc"": ""8340"", ""soc_lb"": ""6394"", ""solved"": ""1"", ""solver"": ""planner"", ""sum_of_loss"": ""7823"", ""sum_of_loss_lb"": ""6394""}"
lg_lacam_fork:lg_suo,LG-LaCAM (window 20) + SUO,maze-32-32-4,maze-32-32-4-random-3,150,0,30.0,solved,0.392661,0.236,8406,114,7856,6394,103,1.31467,0,,/home/carsten/Projects/MAPF/MAPF Evaluator/results/tlcpp-maze-32-4/runs/lg_lacam_fork_lg_suo/maze-32-32-4/maze-32-32-4-random-3_a150_s0_r0,8406,0.236,"{""agents"": ""150"", ""comp_time"": ""236"", ""makespan"": ""114"", ""makespan_lb"": ""103"", ""map_file"": ""maze-32-32-4.map"", ""seed"": ""0"", ""soc"": ""8406"", ""soc_lb"": ""6394"", ""solved"": ""1"", ""solver"": ""planner"", ""sum_of_loss"": ""7934"", ""sum_of_loss_lb"": ""6394""}"
lg_lacam_fork:lg_suo,LG-LaCAM (window 20) + SUO,maze-32-32-4,maze-32-32-4-random-3,150,1,30.0,solved,0.521172,0.381,8463,111,7873,6394,103,1.323585,0,,/home/carsten/Projects/MAPF/MAPF Evaluator/results/tlcpp-maze-32-4/runs/lg_lacam_fork_lg_suo/maze-32-32-4/maze-32-32-4-random-3_a150_s1_r0,8463,0.381,"{""agents"": ""150"", ""comp_time"": ""381"", ""makespan"": ""111"", ""makespan_lb"": ""103"", ""map_file"": ""maze-32-32-4.map"", ""seed"": ""1"", ""soc"": ""8463"", ""soc_lb"": ""6394"", ""solved"": ""1"", ""solver"": ""planner"", ""sum_of_loss"": ""7946"", ""sum_of_loss_lb"": ""6394""}"
lg_lacam_fork:lg_suo_tl,LG-LaCAM (window 20) + SUO + traffic load,maze-32-32-4,maze-32-32-4-random-3,150,0,30.0,solved,0.398347,0.295,8089,113,7651,6394,103,1.265092,0,,/home/carsten/Projects/MAPF/MAPF Evaluator/results/tlcpp-maze-32-4/runs/lg_lacam_fork_lg_suo_tl/maze-32-32-4/maze-32-32-4-random-3_a150_s0_r0,8089,0.295,"{""agents"": ""150"", ""comp_time"": ""295"", ""makespan"": ""113"", ""makespan_lb"": ""103"", ""map_file"": ""maze-32-32-4.map"", ""seed"": ""0"", ""soc"": ""8089"", ""soc_lb"": ""6394"", ""solved"": ""1"", ""solver"": ""planner"", ""sum_of_loss"": ""7714"", ""sum_of_loss_lb"": ""6394""}"
lg_lacam_fork:lg_suo,LG-LaCAM (window 20) + SUO,maze-32-32-4,maze-32-32-4-random-3,150,2,30.0,solved,0.837128,0.741,8387,108,7783,6394,103,1.311698,0,,/home/carsten/Projects/MAPF/MAPF Evaluator/results/tlcpp-maze-32-4/runs/lg_lacam_fork_lg_suo/maze-32-32-4/maze-32-32-4-random-3_a150_s2_r0,8387,0.741,"{""agents"": ""150"", ""comp_time"": ""741"", ""makespan"": ""108"", ""makespan_lb"": ""103"", ""map_file"": ""maze-32-32-4.map"", ""seed"": ""2"", ""soc"": ""8387"", ""soc_lb"": ""6394"", ""solved"": ""1"", ""solver"": ""planner"", ""sum_of_loss"": ""7853"", ""sum_of_loss_lb"": ""6394""}"
lg_lacam_fork:lg_suo_tl,LG-LaCAM (window 20) + SUO + traffic load,maze-32-32-4,maze-32-32-4-random-3,150,1,30.0,solved,0.792993,0.689,8331,108,7856,6394,103,1.30294,0,,/home/carsten/Projects/MAPF/MAPF Evaluator/results/tlcpp-maze-32-4/runs/lg_lacam_fork_lg_suo_tl/maze-32-32-4/maze-32-32-4-random-3_a150_s1_r0,8331,0.689,"{""agents"": ""150"", ""comp_time"": ""689"", ""makespan"": ""108"", ""makespan_lb"": ""103"", ""map_file"": ""maze-32-32-4.map"", ""seed"": ""1"", ""soc"": ""8331"", ""soc_lb"": ""6394"", ""solved"": ""1"", ""solver"": ""planner"", ""sum_of_loss"": ""7917"", ""sum_of_loss_lb"": ""6394""}"
lg_lacam_fork:lg_suo_tl,LG-LaCAM (window 20) + SUO + traffic load,maze-32-32-4,maze-32-32-4-random-3,150,2,30.0,solved,0.479163,0.382,8155,112,7720,6394,103,1.275414,0,,/home/carsten/Projects/MAPF/MAPF Evaluator/results/tlcpp-maze-32-4/runs/lg_lacam_fork_lg_suo_tl/maze-32-32-4/maze-32-32-4-random-3_a150_s2_r0,8155,0.382,"{""agents"": ""150"", ""comp_time"": ""382"", ""makespan"": ""112"", ""makespan_lb"": ""103"", ""map_file"": ""maze-32-32-4.map"", ""seed"": ""2"", ""soc"": ""8155"", ""soc_lb"": ""6394"", ""solved"": ""1"", ""solver"": ""planner"", ""sum_of_loss"": ""7777"", ""sum_of_loss_lb"": ""6394""}"
lg_lacam_fork:lacam,"LaCAM (no guidance, first solution)",maze-32-32-4,maze-32-32-4-random-3,200,1,30.0,solved,0.19456,0.09,26145,243,18269,8656,103,3.020448,0,,/home/carsten/Projects/MAPF/MAPF Evaluator/results/tlcpp-maze-32-4/runs/lg_lacam_fork_lacam/maze-32-32-4/maze-32-32-4-random-3_a200_s1_r0,26145,0.09,"{""agents"": ""200"", ""comp_time"": ""90"", ""makespan"": ""243"", ""makespan_lb"": ""103"", ""map_file"": ""maze-32-32-4.map"", ""seed"": ""1"", ""soc"": ""26145"", ""soc_lb"": ""8656"", ""solved"": ""1"", ""solver"": ""planner"", ""sum_of_loss"": ""18743"", ""sum_of_loss_lb"": ""8656""}"
lg_lacam_fork:lacam,"LaCAM (no guidance, first solution)",maze-32-32-4,maze-32-32-4-random-3,200,0,30.0,solved,0.367855,0.134,22220,222,16368,8656,103,2.567006,0,,/home/carsten/Projects/MAPF/MAPF Evaluator/results/tlcpp-maze-32-4/runs/lg_lacam_fork_lacam/maze-32-32-4/maze-32-32-4-random-3_a200_s0_r0,22220,0.134,"{""agents"": ""200"", ""comp_time"": ""134"", ""makespan"": ""222"", ""makespan_lb"": ""103"", ""map_file"": ""maze-32-32-4.map"", ""seed"": ""0"", ""soc"": ""22220"", ""soc_lb"": ""8656"", ""solved"": ""1"", ""solver"": ""planner"", ""sum_of_loss"": ""16829"", ""sum_of_loss_lb"": ""8656""}"
lg_lacam_fork:lacam,"LaCAM (no guidance, first solution)",maze-32-32-4,maze-32-32-4-random-3,200,2,30.0,solved,0.14997,0.054,22655,202,16242,8656,103,2.61726,0,,/home/carsten/Projects/MAPF/MAPF Evaluator/results/tlcpp-maze-32-4/runs/lg_lacam_fork_lacam/maze-32-32-4/maze-32-32-4-random-3_a200_s2_r0,22655,0.054,"{""agents"": ""200"", ""comp_time"": ""54"", ""makespan"": ""202"", ""makespan_lb"": ""103"", ""map_file"": ""maze-32-32-4.map"", ""seed"": ""2"", ""soc"": ""22655"", ""soc_lb"": ""8656"", ""solved"": ""1"", ""solver"": ""planner"", ""sum_of_loss"": ""16757"", ""sum_of_loss_lb"": ""8656""}"
lg_lacam_fork:lg_tl,LG-LaCAM (window 20) + traffic load,maze-32-32-4,maze-32-32-4-random-2,200,1,30.0,solved,22.000626,21.359,18139,453,15724,8435,92,2.150445,0,,/home/carsten/Projects/MAPF/MAPF Evaluator/results/tlcpp-maze-32-4/runs/lg_lacam_fork_lg_tl/maze-32-32-4/maze-32-32-4-random-2_a200_s1_r0,18139,21.359,"{""agents"": ""200"", ""comp_time"": ""21359"", ""makespan"": ""453"", ""makespan_lb"": ""92"", ""map_file"": ""maze-32-32-4.map"", ""seed"": ""1"", ""soc"": ""18139"", ""soc_lb"": ""8435"", ""solved"": ""1"", ""solver"": ""planner"", ""sum_of_loss"": ""15941"", ""sum_of_loss_lb"": ""8435""}"
lg_lacam_fork:tl,"LaCAM + traffic load (tie-break, per config)",maze-32-32-4,maze-32-32-4-random-3,200,2,30.0,solved,0.214884,0.081,20006,216,15836,8656,103,2.311229,0,,/home/carsten/Projects/MAPF/MAPF Evaluator/results/tlcpp-maze-32-4/runs/lg_lacam_fork_tl/maze-32-32-4/maze-32-32-4-random-3_a200_s2_r0,20006,0.081,"{""agents"": ""200"", ""comp_time"": ""81"", ""makespan"": ""216"", ""makespan_lb"": ""103"", ""map_file"": ""maze-32-32-4.map"", ""seed"": ""2"", ""soc"": ""20006"", ""soc_lb"": ""8656"", ""solved"": ""1"", ""solver"": ""planner"", ""sum_of_loss"": ""16234"", ""sum_of_loss_lb"": ""8656""}"
lg_lacam_fork:tl,"LaCAM + traffic load (tie-break, per config)",maze-32-32-4,maze-32-32-4-random-3,200,1,30.0,solved,0.342325,0.241,17639,212,14206,8656,103,2.037777,0,,/home/carsten/Projects/MAPF/MAPF Evaluator/results/tlcpp-maze-32-4/runs/lg_lacam_fork_tl/maze-32-32-4/maze-32-32-4-random-3_a200_s1_r0,17639,0.241,"{""agents"": ""200"", ""comp_time"": ""241"", ""makespan"": ""212"", ""makespan_lb"": ""103"", ""map_file"": ""maze-32-32-4.map"", ""seed"": ""1"", ""soc"": ""17639"", ""soc_lb"": ""8656"", ""solved"": ""1"", ""solver"": ""planner"", ""sum_of_loss"": ""14542"", ""sum_of_loss_lb"": ""8656""}"
lg_lacam_fork:tl,"LaCAM + traffic load (tie-break, per config)",maze-32-32-4,maze-32-32-4-random-3,200,0,30.0,solved,0.329207,0.116,18992,243,14934,8656,103,2.194085,0,,/home/carsten/Projects/MAPF/MAPF Evaluator/results/tlcpp-maze-32-4/runs/lg_lacam_fork_tl/maze-32-32-4/maze-32-32-4-random-3_a200_s0_r0,18992,0.116,"{""agents"": ""200"", ""comp_time"": ""116"", ""makespan"": ""243"", ""makespan_lb"": ""103"", ""map_file"": ""maze-32-32-4.map"", ""seed"": ""0"", ""soc"": ""18992"", ""soc_lb"": ""8656"", ""solved"": ""1"", ""solver"": ""planner"", ""sum_of_loss"": ""15275"", ""sum_of_loss_lb"": ""8656""}"
lg_lacam_fork:tl_agent,"LaCAM + traffic load (tie-break, per agent)",maze-32-32-4,maze-32-32-4-random-3,200,0,30.0,solved,0.259834,0.118,17861,181,14098,8656,103,2.063424,0,,/home/carsten/Projects/MAPF/MAPF Evaluator/results/tlcpp-maze-32-4/runs/lg_lacam_fork_tl_agent/maze-32-32-4/maze-32-32-4-random-3_a200_s0_r0,17861,0.118,"{""agents"": ""200"", ""comp_time"": ""118"", ""makespan"": ""181"", ""makespan_lb"": ""103"", ""map_file"": ""maze-32-32-4.map"", ""seed"": ""0"", ""soc"": ""17861"", ""soc_lb"": ""8656"", ""solved"": ""1"", ""solver"": ""planner"", ""sum_of_loss"": ""14418"", ""sum_of_loss_lb"": ""8656""}"
lg_lacam_fork:tl_agent,"LaCAM + traffic load (tie-break, per agent)",maze-32-32-4,maze-32-32-4-random-3,200,1,30.0,solved,0.156798,0.08,16976,161,13439,8656,103,1.961183,0,,/home/carsten/Projects/MAPF/MAPF Evaluator/results/tlcpp-maze-32-4/runs/lg_lacam_fork_tl_agent/maze-32-32-4/maze-32-32-4-random-3_a200_s1_r0,16976,0.08,"{""agents"": ""200"", ""comp_time"": ""80"", ""makespan"": ""161"", ""makespan_lb"": ""103"", ""map_file"": ""maze-32-32-4.map"", ""seed"": ""1"", ""soc"": ""16976"", ""soc_lb"": ""8656"", ""solved"": ""1"", ""solver"": ""planner"", ""sum_of_loss"": ""13755"", ""sum_of_loss_lb"": ""8656""}"
lg_lacam_fork:tl_agent,"LaCAM + traffic load (tie-break, per agent)",maze-32-32-4,maze-32-32-4-random-3,200,2,30.0,solved,0.198532,0.09,17926,201,14197,8656,103,2.070933,0,,/home/carsten/Projects/MAPF/MAPF Evaluator/results/tlcpp-maze-32-4/runs/lg_lacam_fork_tl_agent/maze-32-32-4/maze-32-32-4-random-3_a200_s2_r0,17926,0.09,"{""agents"": ""200"", ""comp_time"": ""90"", ""makespan"": ""201"", ""makespan_lb"": ""103"", ""map_file"": ""maze-32-32-4.map"", ""seed"": ""2"", ""soc"": ""17926"", ""soc_lb"": ""8656"", ""solved"": ""1"", ""solver"": ""planner"", ""sum_of_loss"": ""14507"", ""sum_of_loss_lb"": ""8656""}"
lg_lacam_fork:tl_static,LaCAM + traffic load (static map from starts),maze-32-32-4,maze-32-32-4-random-3,200,0,30.0,solved,0.281787,0.175,27756,366,19528,8656,103,3.206562,0,,/home/carsten/Projects/MAPF/MAPF Evaluator/results/tlcpp-maze-32-4/runs/lg_lacam_fork_tl_static/maze-32-32-4/maze-32-32-4-random-3_a200_s0_r0,27756,0.175,"{""agents"": ""200"", ""comp_time"": ""175"", ""makespan"": ""366"", ""makespan_lb"": ""103"", ""map_file"": ""maze-32-32-4.map"", ""seed"": ""0"", ""soc"": ""27756"", ""soc_lb"": ""8656"", ""solved"": ""1"", ""solver"": ""planner"", ""sum_of_loss"": ""20956"", ""sum_of_loss_lb"": ""8656""}"
lg_lacam_fork:suo,LaCAM3 = SUO (first solution),maze-32-32-4,maze-32-32-4-random-3,200,0,30.0,solved,0.252875,0.167,20453,239,16362,8656,103,2.36287,0,,/home/carsten/Projects/MAPF/MAPF Evaluator/results/tlcpp-maze-32-4/runs/lg_lacam_fork_suo/maze-32-32-4/maze-32-32-4-random-3_a200_s0_r0,20453,0.167,"{""agents"": ""200"", ""comp_time"": ""167"", ""makespan"": ""239"", ""makespan_lb"": ""103"", ""map_file"": ""maze-32-32-4.map"", ""seed"": ""0"", ""soc"": ""20453"", ""soc_lb"": ""8656"", ""solved"": ""1"", ""solver"": ""planner"", ""sum_of_loss"": ""16777"", ""sum_of_loss_lb"": ""8656""}"
lg_lacam_fork:tl_static,LaCAM + traffic load (static map from starts),maze-32-32-4,maze-32-32-4-random-3,200,1,30.0,solved,0.468935,0.225,28701,419,20478,8656,103,3.315735,0,,/home/carsten/Projects/MAPF/MAPF Evaluator/results/tlcpp-maze-32-4/runs/lg_lacam_fork_tl_static/maze-32-32-4/maze-32-32-4-random-3_a200_s1_r0,28701,0.225,"{""agents"": ""200"", ""comp_time"": ""225"", ""makespan"": ""419"", ""makespan_lb"": ""103"", ""map_file"": ""maze-32-32-4.map"", ""seed"": ""1"", ""soc"": ""28701"", ""soc_lb"": ""8656"", ""solved"": ""1"", ""solver"": ""planner"", ""sum_of_loss"": ""22146"", ""sum_of_loss_lb"": ""8656""}"
lg_lacam_fork:tl_static,LaCAM + traffic load (static map from starts),maze-32-32-4,maze-32-32-4-random-3,200,2,30.0,solved,0.413907,0.244,29225,405,20067,8656,103,3.376271,0,,/home/carsten/Projects/MAPF/MAPF Evaluator/results/tlcpp-maze-32-4/runs/lg_lacam_fork_tl_static/maze-32-32-4/maze-32-32-4-random-3_a200_s2_r0,29225,0.244,"{""agents"": ""200"", ""comp_time"": ""244"", ""makespan"": ""405"", ""makespan_lb"": ""103"", ""map_file"": ""maze-32-32-4.map"", ""seed"": ""2"", ""soc"": ""29225"", ""soc_lb"": ""8656"", ""solved"": ""1"", ""solver"": ""planner"", ""sum_of_loss"": ""21661"", ""sum_of_loss_lb"": ""8656""}"
lg_lacam_fork:suo,LaCAM3 = SUO (first solution),maze-32-32-4,maze-32-32-4-random-3,200,1,30.0,solved,0.142716,0.088,20791,236,16034,8656,103,2.401918,0,,/home/carsten/Projects/MAPF/MAPF Evaluator/results/tlcpp-maze-32-4/runs/lg_lacam_fork_suo/maze-32-32-4/maze-32-32-4-random-3_a200_s1_r0,20791,0.088,"{""agents"": ""200"", ""comp_time"": ""88"", ""makespan"": ""236"", ""makespan_lb"": ""103"", ""map_file"": ""maze-32-32-4.map"", ""seed"": ""1"", ""soc"": ""20791"", ""soc_lb"": ""8656"", ""solved"": ""1"", ""solver"": ""planner"", ""sum_of_loss"": ""16463"", ""sum_of_loss_lb"": ""8656""}"
lg_lacam_fork:suo_tl,SUO + traffic load,maze-32-32-4,maze-32-32-4-random-3,200,2,30.0,solved,0.215059,0.142,17348,183,14631,8656,103,2.004159,0,,/home/carsten/Projects/MAPF/MAPF Evaluator/results/tlcpp-maze-32-4/runs/lg_lacam_fork_suo_tl/maze-32-32-4/maze-32-32-4-random-3_a200_s2_r0,17348,0.142,"{""agents"": ""200"", ""comp_time"": ""142"", ""makespan"": ""183"", ""makespan_lb"": ""103"", ""map_file"": ""maze-32-32-4.map"", ""seed"": ""2"", ""soc"": ""17348"", ""soc_lb"": ""8656"", ""solved"": ""1"", ""solver"": ""planner"", ""sum_of_loss"": ""14990"", ""sum_of_loss_lb"": ""8656""}"
lg_lacam_fork:suo,LaCAM3 = SUO (first solution),maze-32-32-4,maze-32-32-4-random-3,200,2,30.0,solved,0.395274,0.215,18600,195,15299,8656,103,2.148799,0,,/home/carsten/Projects/MAPF/MAPF Evaluator/results/tlcpp-maze-32-4/runs/lg_lacam_fork_suo/maze-32-32-4/maze-32-32-4-random-3_a200_s2_r0,18600,0.215,"{""agents"": ""200"", ""comp_time"": ""215"", ""makespan"": ""195"", ""makespan_lb"": ""103"", ""map_file"": ""maze-32-32-4.map"", ""seed"": ""2"", ""soc"": ""18600"", ""soc_lb"": ""8656"", ""solved"": ""1"", ""solver"": ""planner"", ""sum_of_loss"": ""15719"", ""sum_of_loss_lb"": ""8656""}"
lg_lacam_fork:suo_tl,SUO + traffic load,maze-32-32-4,maze-32-32-4-random-3,200,0,30.0,solved,0.789715,0.633,19156,246,15658,8656,103,2.213031,0,,/home/carsten/Projects/MAPF/MAPF Evaluator/results/tlcpp-maze-32-4/runs/lg_lacam_fork_suo_tl/maze-32-32-4/maze-32-32-4-random-3_a200_s0_r0,19156,0.633,"{""agents"": ""200"", ""comp_time"": ""633"", ""makespan"": ""246"", ""makespan_lb"": ""103"", ""map_file"": ""maze-32-32-4.map"", ""seed"": ""0"", ""soc"": ""19156"", ""soc_lb"": ""8656"", ""solved"": ""1"", ""solver"": ""planner"", ""sum_of_loss"": ""16072"", ""sum_of_loss_lb"": ""8656""}"
lg_lacam_fork:suo_tl,SUO + traffic load,maze-32-32-4,maze-32-32-4-random-3,200,1,30.0,solved,0.656748,0.313,17646,256,14970,8656,103,2.038586,0,,/home/carsten/Projects/MAPF/MAPF Evaluator/results/tlcpp-maze-32-4/runs/lg_lacam_fork_suo_tl/maze-32-32-4/maze-32-32-4-random-3_a200_s1_r0,17646,0.313,"{""agents"": ""200"", ""comp_time"": ""313"", ""makespan"": ""256"", ""makespan_lb"": ""103"", ""map_file"": ""maze-32-32-4.map"", ""seed"": ""1"", ""soc"": ""17646"", ""soc_lb"": ""8656"", ""solved"": ""1"", ""solver"": ""planner"", ""sum_of_loss"": ""15319"", ""sum_of_loss_lb"": ""8656""}"
lg_lacam_fork:lg,"LG-LaCAM (window 20, first solution)",maze-32-32-4,maze-32-32-4-random-3,200,2,30.0,solved,0.565865,0.424,14604,152,12859,8656,103,1.687153,0,,/home/carsten/Projects/MAPF/MAPF Evaluator/results/tlcpp-maze-32-4/runs/lg_lacam_fork_lg/maze-32-32-4/maze-32-32-4-random-3_a200_s2_r0,14604,0.424,"{""agents"": ""200"", ""comp_time"": ""424"", ""makespan"": ""152"", ""makespan_lb"": ""103"", ""map_file"": ""maze-32-32-4.map"", ""seed"": ""2"", ""soc"": ""14604"", ""soc_lb"": ""8656"", ""solved"": ""1"", ""solver"": ""planner"", ""sum_of_loss"": ""13045"", ""sum_of_loss_lb"": ""8656""}"
lg_lacam_fork:lg,"LG-LaCAM (window 20, first solution)",maze-32-32-4,maze-32-32-4-random-3,200,0,30.0,solved,1.20195,1.076,14996,152,13334,8656,103,1.73244,0,,/home/carsten/Projects/MAPF/MAPF Evaluator/results/tlcpp-maze-32-4/runs/lg_lacam_fork_lg/maze-32-32-4/maze-32-32-4-random-3_a200_s0_r0,14996,1.076,"{""agents"": ""200"", ""comp_time"": ""1076"", ""makespan"": ""152"", ""makespan_lb"": ""103"", ""map_file"": ""maze-32-32-4.map"", ""seed"": ""0"", ""soc"": ""14996"", ""soc_lb"": ""8656"", ""solved"": ""1"", ""solver"": ""planner"", ""sum_of_loss"": ""13545"", ""sum_of_loss_lb"": ""8656""}"
lg_lacam_fork:lg,"LG-LaCAM (window 20, first solution)",maze-32-32-4,maze-32-32-4-random-3,200,1,30.0,solved,1.322768,1.218,15301,136,13609,8656,103,1.767676,0,,/home/carsten/Projects/MAPF/MAPF Evaluator/results/tlcpp-maze-32-4/runs/lg_lacam_fork_lg/maze-32-32-4/maze-32-32-4-random-3_a200_s1_r0,15301,1.218,"{""agents"": ""200"", ""comp_time"": ""1218"", ""makespan"": ""136"", ""makespan_lb"": ""103"", ""map_file"": ""maze-32-32-4.map"", ""seed"": ""1"", ""soc"": ""15301"", ""soc_lb"": ""8656"", ""solved"": ""1"", ""solver"": ""planner"", ""sum_of_loss"": ""13808"", ""sum_of_loss_lb"": ""8656""}"
lg_lacam_fork:lg_tl,LG-LaCAM (window 20) + traffic load,maze-32-32-4,maze-32-32-4-random-3,200,0,30.0,solved,1.407352,1.302,14375,148,13067,8656,103,1.660698,0,,/home/carsten/Projects/MAPF/MAPF Evaluator/results/tlcpp-maze-32-4/runs/lg_lacam_fork_lg_tl/maze-32-32-4/maze-32-32-4-random-3_a200_s0_r0,14375,1.302,"{""agents"": ""200"", ""comp_time"": ""1302"", ""makespan"": ""148"", ""makespan_lb"": ""103"", ""map_file"": ""maze-32-32-4.map"", ""seed"": ""0"", ""soc"": ""14375"", ""soc_lb"": ""8656"", ""solved"": ""1"", ""solver"": ""planner"", ""sum_of_loss"": ""13254"", ""sum_of_loss_lb"": ""8656""}"
lg_lacam_fork:lg_tl,LG-LaCAM (window 20) + traffic load,maze-32-32-4,maze-32-32-4-random-3,200,1,30.0,solved,1.264263,1.18,14119,134,12833,8656,103,1.631123,0,,/home/carsten/Projects/MAPF/MAPF Evaluator/results/tlcpp-maze-32-4/runs/lg_lacam_fork_lg_tl/maze-32-32-4/maze-32-32-4-random-3_a200_s1_r0,14119,1.18,"{""agents"": ""200"", ""comp_time"": ""1180"", ""makespan"": ""134"", ""makespan_lb"": ""103"", ""map_file"": ""maze-32-32-4.map"", ""seed"": ""1"", ""soc"": ""14119"", ""soc_lb"": ""8656"", ""solved"": ""1"", ""solver"": ""planner"", ""sum_of_loss"": ""13017"", ""sum_of_loss_lb"": ""8656""}"
lg_lacam_fork:lg_tl,LG-LaCAM (window 20) + traffic load,maze-32-32-4,maze-32-32-4-random-3,200,2,30.0,solved,0.644125,0.522,14587,183,13145,8656,103,1.685189,0,,/home/carsten/Projects/MAPF/MAPF Evaluator/results/tlcpp-maze-32-4/runs/lg_lacam_fork_lg_tl/maze-32-32-4/maze-32-32-4-random-3_a200_s2_r0,14587,0.522,"{""agents"": ""200"", ""comp_time"": ""522"", ""makespan"": ""183"", ""makespan_lb"": ""103"", ""map_file"": ""maze-32-32-4.map"", ""seed"": ""2"", ""soc"": ""14587"", ""soc_lb"": ""8656"", ""solved"": ""1"", ""solver"": ""planner"", ""sum_of_loss"": ""13323"", ""sum_of_loss_lb"": ""8656""}"
lg_lacam_fork:lg_suo,LG-LaCAM (window 20) + SUO,maze-32-32-4,maze-32-32-4-random-3,200,1,30.0,solved,1.40951,1.305,15801,152,14303,8656,103,1.825439,0,,/home/carsten/Projects/MAPF/MAPF Evaluator/results/tlcpp-maze-32-4/runs/lg_lacam_fork_lg_suo/maze-32-32-4/maze-32-32-4-random-3_a200_s1_r0,15801,1.305,"{""agents"": ""200"", ""comp_time"": ""1305"", ""makespan"": ""152"", ""makespan_lb"": ""103"", ""map_file"": ""maze-32-32-4.map"", ""seed"": ""1"", ""soc"": ""15801"", ""soc_lb"": ""8656"", ""solved"": ""1"", ""solver"": ""planner"", ""sum_of_loss"": ""14497"", ""sum_of_loss_lb"": ""8656""}"
lg_lacam_fork:lg_suo,LG-LaCAM (window 20) + SUO,maze-32-32-4,maze-32-32-4-random-3,200,0,30.0,solved,1.848913,1.693,14891,157,13200,8656,103,1.72031,0,,/home/carsten/Projects/MAPF/MAPF Evaluator/results/tlcpp-maze-32-4/runs/lg_lacam_fork_lg_suo/maze-32-32-4/maze-32-32-4-random-3_a200_s0_r0,14891,1.693,"{""agents"": ""200"", ""comp_time"": ""1693"", ""makespan"": ""157"", ""makespan_lb"": ""103"", ""map_file"": ""maze-32-32-4.map"", ""seed"": ""0"", ""soc"": ""14891"", ""soc_lb"": ""8656"", ""solved"": ""1"", ""solver"": ""planner"", ""sum_of_loss"": ""13419"", ""sum_of_loss_lb"": ""8656""}"
lg_lacam_fork:lg_suo_tl,LG-LaCAM (window 20) + SUO + traffic load,maze-32-32-4,maze-32-32-4-random-3,200,0,30.0,solved,1.392074,1.229,14028,157,12713,8656,103,1.62061,0,,/home/carsten/Projects/MAPF/MAPF Evaluator/results/tlcpp-maze-32-4/runs/lg_lacam_fork_lg_suo_tl/maze-32-32-4/maze-32-32-4-random-3_a200_s0_r0,14028,1.229,"{""agents"": ""200"", ""comp_time"": ""1229"", ""makespan"": ""157"", ""makespan_lb"": ""103"", ""map_file"": ""maze-32-32-4.map"", ""seed"": ""0"", ""soc"": ""14028"", ""soc_lb"": ""8656"", ""solved"": ""1"", ""solver"": ""planner"", ""sum_of_loss"": ""12886"", ""sum_of_loss_lb"": ""8656""}"
lg_lacam_fork:lacam,"LaCAM (no guidance, first solution)",maze-32-32-4,maze-32-32-4-random-4,50,0,30.0,solved,0.067617,0.023,2745,95,2350,2045,95,1.342298,0,,/home/carsten/Projects/MAPF/MAPF Evaluator/results/tlcpp-maze-32-4/runs/lg_lacam_fork_lacam/maze-32-32-4/maze-32-32-4-random-4_a50_s0_r0,2745,0.023,"{""agents"": ""50"", ""comp_time"": ""23"", ""makespan"": ""95"", ""makespan_lb"": ""95"", ""map_file"": ""maze-32-32-4.map"", ""seed"": ""0"", ""soc"": ""2745"", ""soc_lb"": ""2045"", ""solved"": ""1"", ""solver"": ""planner"", ""sum_of_loss"": ""2379"", ""sum_of_loss_lb"": ""2045""}"
lg_lacam_fork:lacam,"LaCAM (no guidance, first solution)",maze-32-32-4,maze-32-32-4-random-4,50,1,30.0,solved,0.034785,0.012,2849,95,2413,2045,95,1.393154,0,,/home/carsten/Projects/MAPF/MAPF Evaluator/results/tlcpp-maze-32-4/runs/lg_lacam_fork_lacam/maze-32-32-4/maze-32-32-4-random-4_a50_s1_r0,2849,0.012,"{""agents"": ""50"", ""comp_time"": ""12"", ""makespan"": ""95"", ""makespan_lb"": ""95"", ""map_file"": ""maze-32-32-4.map"", ""seed"": ""1"", ""soc"": ""2849"", ""soc_lb"": ""2045"", ""solved"": ""1"", ""solver"": ""planner"", ""sum_of_loss"": ""2446"", ""sum_of_loss_lb"": ""2045""}"
lg_lacam_fork:lacam,"LaCAM (no guidance, first solution)",maze-32-32-4,maze-32-32-4-random-4,50,2,30.0,solved,0.067696,0.053,2656,95,2379,2045,95,1.298778,0,,/home/carsten/Projects/MAPF/MAPF Evaluator/results/tlcpp-maze-32-4/runs/lg_lacam_fork_lacam/maze-32-32-4/maze-32-32-4-random-4_a50_s2_r0,2656,0.053,"{""agents"": ""50"", ""comp_time"": ""53"", ""makespan"": ""95"", ""makespan_lb"": ""95"", ""map_file"": ""maze-32-32-4.map"", ""seed"": ""2"", ""soc"": ""2656"", ""soc_lb"": ""2045"", ""solved"": ""1"", ""solver"": ""planner"", ""sum_of_loss"": ""2404"", ""sum_of_loss_lb"": ""2045""}"
lg_lacam_fork:lg_suo_tl,LG-LaCAM (window 20) + SUO + traffic load,maze-32-32-4,maze-32-32-4-random-3,200,1,30.0,solved,1.550578,1.442,15211,153,13748,8656,103,1.757278,0,,/home/carsten/Projects/MAPF/MAPF Evaluator/results/tlcpp-maze-32-4/runs/lg_lacam_fork_lg_suo_tl/maze-32-32-4/maze-32-32-4-random-3_a200_s1_r0,15211,1.442,"{""agents"": ""200"", ""comp_time"": ""1442"", ""makespan"": ""153"", ""makespan_lb"": ""103"", ""map_file"": ""maze-32-32-4.map"", ""seed"": ""1"", ""soc"": ""15211"", ""soc_lb"": ""8656"", ""solved"": ""1"", ""solver"": ""planner"", ""sum_of_loss"": ""13951"", ""sum_of_loss_lb"": ""8656""}"
lg_lacam_fork:tl,"LaCAM + traffic load (tie-break, per config)",maze-32-32-4,maze-32-32-4-random-4,50,0,30.0,solved,0.07895,0.023,2487,95,2231,2045,95,1.216137,0,,/home/carsten/Projects/MAPF/MAPF Evaluator/results/tlcpp-maze-32-4/runs/lg_lacam_fork_tl/maze-32-32-4/maze-32-32-4-random-4_a50_s0_r0,2487,0.023,"{""agents"": ""50"", ""comp_time"": ""23"", ""makespan"": ""95"", ""makespan_lb"": ""95"", ""map_file"": ""maze-32-32-4.map"", ""seed"": ""0"", ""soc"": ""2487"", ""soc_lb"": ""2045"", ""solved"": ""1"", ""solver"": ""planner"", ""sum_of_loss"": ""2256"", ""sum_of_loss_lb"": ""2045""}"
lg_lacam_fork:lg_suo_tl,LG-LaCAM (window 20) + SUO + traffic load,maze-32-32-4,maze-32-32-4-random-3,200,2,30.0,solved,1.375294,1.295,14229,133,12850,8656,103,1.643831,0,,/home/carsten/Projects/MAPF/MAPF Evaluator/results/tlcpp-maze-32-4/runs/lg_lacam_fork_lg_suo_tl/maze-32-32-4/maze-32-32-4-random-3_a200_s2_r0,14229,1.295,"{""agents"": ""200"", ""comp_time"": ""1295"", ""makespan"": ""133"", ""makespan_lb"": ""103"", ""map_file"": ""maze-32-32-4.map"", ""seed"": ""2"", ""soc"": ""14229"", ""soc_lb"": ""8656"", ""solved"": ""1"", ""solver"": ""planner"", ""sum_of_loss"": ""13040"", ""sum_of_loss_lb"": ""8656""}"
lg_lacam_fork:tl,"LaCAM + traffic load (tie-break, per config)",maze-32-32-4,maze-32-32-4-random-4,50,1,30.0,solved,0.050857,0.026,2566,95,2232,2045,95,1.254768,0,,/home/carsten/Projects/MAPF/MAPF Evaluator/results/tlcpp-maze-32-4/runs/lg_lacam_fork_tl/maze-32-32-4/maze-32-32-4-random-4_a50_s1_r0,2566,0.026,"{""agents"": ""50"", ""comp_time"": ""26"", ""makespan"": ""95"", ""makespan_lb"": ""95"", ""map_file"": ""maze-32-32-4.map"", ""seed"": ""1"", ""soc"": ""2566"", ""soc_lb"": ""2045"", ""solved"": ""1"", ""solver"": ""planner"", ""sum_of_loss"": ""2258"", ""sum_of_loss_lb"": ""2045""}"
lg_lacam_fork:tl,"LaCAM + traffic load (tie-break, per config)",maze-32-32-4,maze-32-32-4-random-4,50,2,30.0,solved,0.03714,0.008,2454,95,2231,2045,95,1.2,0,,/home/carsten/Projects/MAPF/MAPF Evaluator/results/tlcpp-maze-32-4/runs/lg_lacam_fork_tl/maze-32-32-4/maze-32-32-4-random-4_a50_s2_r0,2454,0.008,"{""agents"": ""50"", ""comp_time"": ""8"", ""makespan"": ""95"", ""makespan_lb"": ""95"", ""map_file"": ""maze-32-32-4.map"", ""seed"": ""2"", ""soc"": ""2454"", ""soc_lb"": ""2045"", ""solved"": ""1"", ""solver"": ""planner"", ""sum_of_loss"": ""2254"", ""sum_of_loss_lb"": ""2045""}"
lg_lacam_fork:tl_agent,"LaCAM + traffic load (tie-break, per agent)",maze-32-32-4,maze-32-32-4-random-4,50,0,30.0,solved,0.066403,0.015,2478,95,2228,2045,95,1.211736,0,,/home/carsten/Projects/MAPF/MAPF Evaluator/results/tlcpp-maze-32-4/runs/lg_lacam_fork_tl_agent/maze-32-32-4/maze-32-32-4-random-4_a50_s0_r0,2478,0.015,"{""agents"": ""50"", ""comp_time"": ""15"", ""makespan"": ""95"", ""makespan_lb"": ""95"", ""map_file"": ""maze-32-32-4.map"", ""seed"": ""0"", ""soc"": ""2478"", ""soc_lb"": ""2045"", ""solved"": ""1"", ""solver"": ""planner"", ""sum_of_loss"": ""2251"", ""sum_of_loss_lb"": ""2045""}"
lg_lacam_fork:lg_suo,LG-LaCAM (window 20) + SUO,maze-32-32-4,maze-32-32-4-random-3,200,2,30.0,solved,2.568229,2.351,14837,171,13468,8656,103,1.714071,0,,/home/carsten/Projects/MAPF/MAPF Evaluator/results/tlcpp-maze-32-4/runs/lg_lacam_fork_lg_suo/maze-32-32-4/maze-32-32-4-random-3_a200_s2_r0,14837,2.351,"{""agents"": ""200"", ""comp_time"": ""2351"", ""makespan"": ""171"", ""makespan_lb"": ""103"", ""map_file"": ""maze-32-32-4.map"", ""seed"": ""2"", ""soc"": ""14837"", ""soc_lb"": ""8656"", ""solved"": ""1"", ""solver"": ""planner"", ""sum_of_loss"": ""13679"", ""sum_of_loss_lb"": ""8656""}"
lg_lacam_fork:tl_agent,"LaCAM + traffic load (tie-break, per agent)",maze-32-32-4,maze-32-32-4-random-4,50,1,30.0,solved,0.069252,0.038,2431,95,2227,2045,95,1.188753,0,,/home/carsten/Projects/MAPF/MAPF Evaluator/results/tlcpp-maze-32-4/runs/lg_lacam_fork_tl_agent/maze-32-32-4/maze-32-32-4-random-4_a50_s1_r0,2431,0.038,"{""agents"": ""50"", ""comp_time"": ""38"", ""makespan"": ""95"", ""makespan_lb"": ""95"", ""map_file"": ""maze-32-32-4.map"", ""seed"": ""1"", ""soc"": ""2431"", ""soc_lb"": ""2045"", ""solved"": ""1"", ""solver"": ""planner"", ""sum_of_loss"": ""2249"", ""sum_of_loss_lb"": ""2045""}"
lg_lacam_fork:tl_static,LaCAM + traffic load (static map from starts),maze-32-32-4,maze-32-32-4-random-4,50,0,30.0,solved,0.031845,0.014,2645,100,2407,2045,95,1.293399,0,,/home/carsten/Projects/MAPF/MAPF Evaluator/results/tlcpp-maze-32-4/runs/lg_lacam_fork_tl_static/maze-32-32-4/maze-32-32-4-random-4_a50_s0_r0,2645,0.014,"{""agents"": ""50"", ""comp_time"": ""14"", ""makespan"": ""100"", ""makespan_lb"": ""95"", ""map_file"": ""maze-32-32-4.map"", ""seed"": ""0"", ""soc"": ""2645"", ""soc_lb"": ""2045"", ""solved"": ""1"", ""solver"": ""planner"", ""sum_of_loss"": ""2431"", ""sum_of_loss_lb"": ""2045""}"
lg_lacam_fork:tl_static,LaCAM + traffic load (static map from starts),maze-32-32-4,maze-32-32-4-random-4,50,2,30.0,solved,0.021442,0.007,2636,100,2400,2045,95,1.288998,0,,/home/carsten/Projects/MAPF/MAPF Evaluator/results/tlcpp-maze-32-4/runs/lg_lacam_fork_tl_static/maze-32-32-4/maze-32-32-4-random-4_a50_s2_r0,2636,0.007,"{""agents"": ""50"", ""comp_time"": ""7"", ""makespan"": ""100"", ""makespan_lb"": ""95"", ""map_file"": ""maze-32-32-4.map"", ""seed"": ""2"", ""soc"": ""2636"", ""soc_lb"": ""2045"", ""solved"": ""1"", ""solver"": ""planner"", ""sum_of_loss"": ""2425"", ""sum_of_loss_lb"": ""2045""}"
lg_lacam_fork:tl_static,LaCAM + traffic load (static map from starts),maze-32-32-4,maze-32-32-4-random-4,50,1,30.0,solved,0.078617,0.019,2639,100,2409,2045,95,1.290465,0,,/home/carsten/Projects/MAPF/MAPF Evaluator/results/tlcpp-maze-32-4/runs/lg_lacam_fork_tl_static/maze-32-32-4/maze-32-32-4-random-4_a50_s1_r0,2639,0.019,"{""agents"": ""50"", ""comp_time"": ""19"", ""makespan"": ""100"", ""makespan_lb"": ""95"", ""map_file"": ""maze-32-32-4.map"", ""seed"": ""1"", ""soc"": ""2639"", ""soc_lb"": ""2045"", ""solved"": ""1"", ""solver"": ""planner"", ""sum_of_loss"": ""2432"", ""sum_of_loss_lb"": ""2045""}"
lg_lacam_fork:tl_agent,"LaCAM + traffic load (tie-break, per agent)",maze-32-32-4,maze-32-32-4-random-4,50,2,30.0,solved,0.14462,0.081,2445,95,2233,2045,95,1.195599,0,,/home/carsten/Projects/MAPF/MAPF Evaluator/results/tlcpp-maze-32-4/runs/lg_lacam_fork_tl_agent/maze-32-32-4/maze-32-32-4-random-4_a50_s2_r0,2445,0.081,"{""agents"": ""50"", ""comp_time"": ""81"", ""makespan"": ""95"", ""makespan_lb"": ""95"", ""map_file"": ""maze-32-32-4.map"", ""seed"": ""2"", ""soc"": ""2445"", ""soc_lb"": ""2045"", ""solved"": ""1"", ""solver"": ""planner"", ""sum_of_loss"": ""2256"", ""sum_of_loss_lb"": ""2045""}"
lg_lacam_fork:suo,LaCAM3 = SUO (first solution),maze-32-32-4,maze-32-32-4-random-4,50,0,30.0,solved,0.044243,0.016,2317,97,2246,2045,95,1.133007,0,,/home/carsten/Projects/MAPF/MAPF Evaluator/results/tlcpp-maze-32-4/runs/lg_lacam_fork_suo/maze-32-32-4/maze-32-32-4-random-4_a50_s0_r0,2317,0.016,"{""agents"": ""50"", ""comp_time"": ""16"", ""makespan"": ""97"", ""makespan_lb"": ""95"", ""map_file"": ""maze-32-32-4.map"", ""seed"": ""0"", ""soc"": ""2317"", ""soc_lb"": ""2045"", ""solved"": ""1"", ""solver"": ""planner"", ""sum_of_loss"": ""2250"", ""sum_of_loss_lb"": ""2045""}"
lg_lacam_fork:suo,LaCAM3 = SUO (first solution),maze-32-32-4,maze-32-32-4-random-4,50,2,30.0,solved,0.037656,0.017,2275,97,2229,2045,95,1.112469,0,,/home/carsten/Projects/MAPF/MAPF Evaluator/results/tlcpp-maze-32-4/runs/lg_lacam_fork_suo/maze-32-32-4/maze-32-32-4-random-4_a50_s2_r0,2275,0.017,"{""agents"": ""50"", ""comp_time"": ""17"", ""makespan"": ""97"", ""makespan_lb"": ""95"", ""map_file"": ""maze-32-32-4.map"", ""seed"": ""2"", ""soc"": ""2275"", ""soc_lb"": ""2045"", ""solved"": ""1"", ""solver"": ""planner"", ""sum_of_loss"": ""2233"", ""sum_of_loss_lb"": ""2045""}"
lg_lacam_fork:suo,LaCAM3 = SUO (first solution),maze-32-32-4,maze-32-32-4-random-4,50,1,30.0,solved,0.041572,0.028,2345,97,2229,2045,95,1.146699,0,,/home/carsten/Projects/MAPF/MAPF Evaluator/results/tlcpp-maze-32-4/runs/lg_lacam_fork_suo/maze-32-32-4/maze-32-32-4-random-4_a50_s1_r0,2345,0.028,"{""agents"": ""50"", ""comp_time"": ""28"", ""makespan"": ""97"", ""makespan_lb"": ""95"", ""map_file"": ""maze-32-32-4.map"", ""seed"": ""1"", ""soc"": ""2345"", ""soc_lb"": ""2045"", ""solved"": ""1"", ""solver"": ""planner"", ""sum_of_loss"": ""2235"", ""sum_of_loss_lb"": ""2045""}"
lg_lacam_fork:suo_tl,SUO + traffic load,maze-32-32-4,maze-32-32-4-random-4,50,0,30.0,solved,0.035314,0.017,2297,97,2253,2045,95,1.123227,0,,/home/carsten/Projects/MAPF/MAPF Evaluator/results/tlcpp-maze-32-4/runs/lg_lacam_fork_suo_tl/maze-32-32-4/maze-32-32-4-random-4_a50_s0_r0,2297,0.017,"{""agents"": ""50"", ""comp_time"": ""17"", ""makespan"": ""97"", ""makespan_lb"": ""95"", ""map_file"": ""maze-32-32-4.map"", ""seed"": ""0"", ""soc"": ""2297"", ""soc_lb"": ""2045"", ""solved"": ""1"", ""solver"": ""planner"", ""sum_of_loss"": ""2256"", ""sum_of_loss_lb"": ""2045""}"
lg_lacam_fork:suo_tl,SUO + traffic load,maze-32-32-4,maze-32-32-4-random-4,50,1,30.0,solved,0.049625,0.024,2308,97,2224,2045,95,1.128606,0,,/home/carsten/Projects/MAPF/MAPF Evaluator/results/tlcpp-maze-32-4/runs/lg_lacam_fork_suo_tl/maze-32-32-4/maze-32-32-4-random-4_a50_s1_r0,2308,0.024,"{""agents"": ""50"", ""comp_time"": ""24"", ""makespan"": ""97"", ""makespan_lb"": ""95"", ""map_file"": ""maze-32-32-4.map"", ""seed"": ""1"", ""soc"": ""2308"", ""soc_lb"": ""2045"", ""solved"": ""1"", ""solver"": ""planner"", ""sum_of_loss"": ""2228"", ""sum_of_loss_lb"": ""2045""}"
lg_lacam_fork:suo_tl,SUO + traffic load,maze-32-32-4,maze-32-32-4-random-4,50,2,30.0,solved,0.127776,0.04,2266,97,2225,2045,95,1.108068,0,,/home/carsten/Projects/MAPF/MAPF Evaluator/results/tlcpp-maze-32-4/runs/lg_lacam_fork_suo_tl/maze-32-32-4/maze-32-32-4-random-4_a50_s2_r0,2266,0.04,"{""agents"": ""50"", ""comp_time"": ""40"", ""makespan"": ""97"", ""makespan_lb"": ""95"", ""map_file"": ""maze-32-32-4.map"", ""seed"": ""2"", ""soc"": ""2266"", ""soc_lb"": ""2045"", ""solved"": ""1"", ""solver"": ""planner"", ""sum_of_loss"": ""2228"", ""sum_of_loss_lb"": ""2045""}"
lg_lacam_fork:lg,"LG-LaCAM (window 20, first solution)",maze-32-32-4,maze-32-32-4-random-4,50,0,30.0,solved,0.108099,0.045,2309,98,2225,2045,95,1.129095,0,,/home/carsten/Projects/MAPF/MAPF Evaluator/results/tlcpp-maze-32-4/runs/lg_lacam_fork_lg/maze-32-32-4/maze-32-32-4-random-4_a50_s0_r0,2309,0.045,"{""agents"": ""50"", ""comp_time"": ""45"", ""makespan"": ""98"", ""makespan_lb"": ""95"", ""map_file"": ""maze-32-32-4.map"", ""seed"": ""0"", ""soc"": ""2309"", ""soc_lb"": ""2045"", ""solved"": ""1"", ""solver"": ""planner"", ""sum_of_loss"": ""2231"", ""sum_of_loss_lb"": ""2045""}"
lg_lacam_fork:lg,"LG-LaCAM (window 20, first solution)",maze-32-32-4,maze-32-32-4-random-4,50,1,30.0,solved,0.115783,0.064,2304,97,2221,2045,95,1.12665,0,,/home/carsten/Projects/MAPF/MAPF Evaluator/results/tlcpp-maze-32-4/runs/lg_lacam_fork_lg/maze-32-32-4/maze-32-32-4-random-4_a50_s1_r0,2304,0.064,"{""agents"": ""50"", ""comp_time"": ""64"", ""makespan"": ""97"", ""makespan_lb"": ""95"", ""map_file"": ""maze-32-32-4.map"", ""seed"": ""1"", ""soc"": ""2304"", ""soc_lb"": ""2045"", ""solved"": ""1"", ""solver"": ""planner"", ""sum_of_loss"": ""2227"", ""sum_of_loss_lb"": ""2045""}"
lg_lacam_fork:lg,"LG-LaCAM (window 20, first solution)",maze-32-32-4,maze-32-32-4-random-4,50,2,30.0,solved,0.115321,0.083,2304,97,2216,2045,95,1.12665,0,,/home/carsten/Projects/MAPF/MAPF Evaluator/results/tlcpp-maze-32-4/runs/lg_lacam_fork_lg/maze-32-32-4/maze-32-32-4-random-4_a50_s2_r0,2304,0.083,"{""agents"": ""50"", ""comp_time"": ""83"", ""makespan"": ""97"", ""makespan_lb"": ""95"", ""map_file"": ""maze-32-32-4.map"", ""seed"": ""2"", ""soc"": ""2304"", ""soc_lb"": ""2045"", ""solved"": ""1"", ""solver"": ""planner"", ""sum_of_loss"": ""2222"", ""sum_of_loss_lb"": ""2045""}"
lg_lacam_fork:lg_tl,LG-LaCAM (window 20) + traffic load,maze-32-32-4,maze-32-32-4-random-4,50,1,30.0,solved,0.131263,0.076,2301,97,2216,2045,95,1.125183,0,,/home/carsten/Projects/MAPF/MAPF Evaluator/results/tlcpp-maze-32-4/runs/lg_lacam_fork_lg_tl/maze-32-32-4/maze-32-32-4-random-4_a50_s1_r0,2301,0.076,"{""agents"": ""50"", ""comp_time"": ""76"", ""makespan"": ""97"", ""makespan_lb"": ""95"", ""map_file"": ""maze-32-32-4.map"", ""seed"": ""1"", ""soc"": ""2301"", ""soc_lb"": ""2045"", ""solved"": ""1"", ""solver"": ""planner"", ""sum_of_loss"": ""2222"", ""sum_of_loss_lb"": ""2045""}"
lg_lacam_fork:lg_suo,LG-LaCAM (window 20) + SUO,maze-32-32-4,maze-32-32-4-random-4,50,0,30.0,solved,0.131918,0.08,2311,97,2229,2045,95,1.130073,0,,/home/carsten/Projects/MAPF/MAPF Evaluator/results/tlcpp-maze-32-4/runs/lg_lacam_fork_lg_suo/maze-32-32-4/maze-32-32-4-random-4_a50_s0_r0,2311,0.08,"{""agents"": ""50"", ""comp_time"": ""80"", ""makespan"": ""97"", ""makespan_lb"": ""95"", ""map_file"": ""maze-32-32-4.map"", ""seed"": ""0"", ""soc"": ""2311"", ""soc_lb"": ""2045"", ""solved"": ""1"", ""solver"": ""planner"", ""sum_of_loss"": ""2235"", ""sum_of_loss_lb"": ""2045""}"
lg_lacam_fork:lg_tl,LG-LaCAM (window 20) + traffic load,maze-32-32-4,maze-32-32-4-random-4,50,2,30.0,solved,0.200494,0.091,2301,97,2220,2045,95,1.125183,0,,/home/carsten/Projects/MAPF/MAPF Evaluator/results/tlcpp-maze-32-4/runs/lg_lacam_fork_lg_tl/maze-32-32-4/maze-32-32-4-random-4_a50_s2_r0,2301,0.091,"{""agents"": ""50"", ""comp_time"": ""91"", ""makespan"": ""97"", ""makespan_lb"": ""95"", ""map_file"": ""maze-32-32-4.map"", ""seed"": ""2"", ""soc"": ""2301"", ""soc_lb"": ""2045"", ""solved"": ""1"", ""solver"": ""planner"", ""sum_of_loss"": ""2226"", ""sum_of_loss_lb"": ""2045""}"
lg_lacam_fork:lg_tl,LG-LaCAM (window 20) + traffic load,maze-32-32-4,maze-32-32-4-random-4,50,0,30.0,solved,0.291402,0.197,2300,98,2215,2045,95,1.124694,0,,/home/carsten/Projects/MAPF/MAPF Evaluator/results/tlcpp-maze-32-4/runs/lg_lacam_fork_lg_tl/maze-32-32-4/maze-32-32-4-random-4_a50_s0_r0,2300,0.197,"{""agents"": ""50"", ""comp_time"": ""197"", ""makespan"": ""98"", ""makespan_lb"": ""95"", ""map_file"": ""maze-32-32-4.map"", ""seed"": ""0"", ""soc"": ""2300"", ""soc_lb"": ""2045"", ""solved"": ""1"", ""solver"": ""planner"", ""sum_of_loss"": ""2221"", ""sum_of_loss_lb"": ""2045""}"
lg_lacam_fork:lg_suo,LG-LaCAM (window 20) + SUO,maze-32-32-4,maze-32-32-4-random-4,50,2,30.0,solved,0.146818,0.073,2305,97,2223,2045,95,1.127139,0,,/home/carsten/Projects/MAPF/MAPF Evaluator/results/tlcpp-maze-32-4/runs/lg_lacam_fork_lg_suo/maze-32-32-4/maze-32-32-4-random-4_a50_s2_r0,2305,0.073,"{""agents"": ""50"", ""comp_time"": ""73"", ""makespan"": ""97"", ""makespan_lb"": ""95"", ""map_file"": ""maze-32-32-4.map"", ""seed"": ""2"", ""soc"": ""2305"", ""soc_lb"": ""2045"", ""solved"": ""1"", ""solver"": ""planner"", ""sum_of_loss"": ""2229"", ""sum_of_loss_lb"": ""2045""}"
lg_lacam_fork:lg_suo,LG-LaCAM (window 20) + SUO,maze-32-32-4,maze-32-32-4-random-4,50,1,30.0,solved,0.19897,0.158,2309,97,2227,2045,95,1.129095,0,,/home/carsten/Projects/MAPF/MAPF Evaluator/results/tlcpp-maze-32-4/runs/lg_lacam_fork_lg_suo/maze-32-32-4/maze-32-32-4-random-4_a50_s1_r0,2309,0.158,"{""agents"": ""50"", ""comp_time"": ""158"", ""makespan"": ""97"", ""makespan_lb"": ""95"", ""map_file"": ""maze-32-32-4.map"", ""seed"": ""1"", ""soc"": ""2309"", ""soc_lb"": ""2045"", ""solved"": ""1"", ""solver"": ""planner"", ""sum_of_loss"": ""2233"", ""sum_of_loss_lb"": ""2045""}"
lg_lacam_fork:lg_suo_tl,LG-LaCAM (window 20) + SUO + traffic load,maze-32-32-4,maze-32-32-4-random-4,50,1,30.0,solved,0.138269,0.09,2307,97,2225,2045,95,1.128117,0,,/home/carsten/Projects/MAPF/MAPF Evaluator/results/tlcpp-maze-32-4/runs/lg_lacam_fork_lg_suo_tl/maze-32-32-4/maze-32-32-4-random-4_a50_s1_r0,2307,0.09,"{""agents"": ""50"", ""comp_time"": ""90"", ""makespan"": ""97"", ""makespan_lb"": ""95"", ""map_file"": ""maze-32-32-4.map"", ""seed"": ""1"", ""soc"": ""2307"", ""soc_lb"": ""2045"", ""solved"": ""1"", ""solver"": ""planner"", ""sum_of_loss"": ""2231"", ""sum_of_loss_lb"": ""2045""}"
lg_lacam_fork:lg_suo_tl,LG-LaCAM (window 20) + SUO + traffic load,maze-32-32-4,maze-32-32-4-random-4,50,0,30.0,solved,0.255406,0.105,2306,97,2227,2045,95,1.127628,0,,/home/carsten/Projects/MAPF/MAPF Evaluator/results/tlcpp-maze-32-4/runs/lg_lacam_fork_lg_suo_tl/maze-32-32-4/maze-32-32-4-random-4_a50_s0_r0,2306,0.105,"{""agents"": ""50"", ""comp_time"": ""105"", ""makespan"": ""97"", ""makespan_lb"": ""95"", ""map_file"": ""maze-32-32-4.map"", ""seed"": ""0"", ""soc"": ""2306"", ""soc_lb"": ""2045"", ""solved"": ""1"", ""solver"": ""planner"", ""sum_of_loss"": ""2233"", ""sum_of_loss_lb"": ""2045""}"
lg_lacam_fork:lg_suo_tl,LG-LaCAM (window 20) + SUO + traffic load,maze-32-32-4,maze-32-32-4-random-4,50,2,30.0,solved,0.137523,0.049,2299,97,2216,2045,95,1.124205,0,,/home/carsten/Projects/MAPF/MAPF Evaluator/results/tlcpp-maze-32-4/runs/lg_lacam_fork_lg_suo_tl/maze-32-32-4/maze-32-32-4-random-4_a50_s2_r0,2299,0.049,"{""agents"": ""50"", ""comp_time"": ""49"", ""makespan"": ""97"", ""makespan_lb"": ""95"", ""map_file"": ""maze-32-32-4.map"", ""seed"": ""2"", ""soc"": ""2299"", ""soc_lb"": ""2045"", ""solved"": ""1"", ""solver"": ""planner"", ""sum_of_loss"": ""2222"", ""sum_of_loss_lb"": ""2045""}"
lg_lacam_fork:lacam,"LaCAM (no guidance, first solution)",maze-32-32-4,maze-32-32-4-random-4,100,0,30.0,solved,0.056069,0.018,6187,99,5023,3881,95,1.594177,0,,/home/carsten/Projects/MAPF/MAPF Evaluator/results/tlcpp-maze-32-4/runs/lg_lacam_fork_lacam/maze-32-32-4/maze-32-32-4-random-4_a100_s0_r0,6187,0.018,"{""agents"": ""100"", ""comp_time"": ""18"", ""makespan"": ""99"", ""makespan_lb"": ""95"", ""map_file"": ""maze-32-32-4.map"", ""seed"": ""0"", ""soc"": ""6187"", ""soc_lb"": ""3881"", ""solved"": ""1"", ""solver"": ""planner"", ""sum_of_loss"": ""5151"", ""sum_of_loss_lb"": ""3881""}"
lg_lacam_fork:lacam,"LaCAM (no guidance, first solution)",maze-32-32-4,maze-32-32-4-random-4,100,1,30.0,solved,0.036204,0.012,6152,95,5016,3881,95,1.585158,0,,/home/carsten/Projects/MAPF/MAPF Evaluator/results/tlcpp-maze-32-4/runs/lg_lacam_fork_lacam/maze-32-32-4/maze-32-32-4-random-4_a100_s1_r0,6152,0.012,"{""agents"": ""100"", ""comp_time"": ""12"", ""makespan"": ""95"", ""makespan_lb"": ""95"", ""map_file"": ""maze-32-32-4.map"", ""seed"": ""1"", ""soc"": ""6152"", ""soc_lb"": ""3881"", ""solved"": ""1"", ""solver"": ""planner"", ""sum_of_loss"": ""5146"", ""sum_of_loss_lb"": ""3881""}"
lg_lacam_fork:lacam,"LaCAM (no guidance, first solution)",maze-32-32-4,maze-32-32-4-random-4,100,2,30.0,solved,0.108719,0.023,6180,95,4895,3881,95,1.592373,0,,/home/carsten/Projects/MAPF/MAPF Evaluator/results/tlcpp-maze-32-4/runs/lg_lacam_fork_lacam/maze-32-32-4/maze-32-32-4-random-4_a100_s2_r0,6180,0.023,"{""agents"": ""100"", ""comp_time"": ""23"", ""makespan"": ""95"", ""makespan_lb"": ""95"", ""map_file"": ""maze-32-32-4.map"", ""seed"": ""2"", ""soc"": ""6180"", ""soc_lb"": ""3881"", ""solved"": ""1"", ""solver"": ""planner"", ""sum_of_loss"": ""5014"", ""sum_of_loss_lb"": ""3881""}"
lg_lacam_fork:tl,"LaCAM + traffic load (tie-break, per config)",maze-32-32-4,maze-32-32-4-random-4,100,0,30.0,solved,0.138614,0.013,5501,95,4538,3881,95,1.417418,0,,/home/carsten/Projects/MAPF/MAPF Evaluator/results/tlcpp-maze-32-4/runs/lg_lacam_fork_tl/maze-32-32-4/maze-32-32-4-random-4_a100_s0_r0,5501,0.013,"{""agents"": ""100"", ""comp_time"": ""13"", ""makespan"": ""95"", ""makespan_lb"": ""95"", ""map_file"": ""maze-32-32-4.map"", ""seed"": ""0"", ""soc"": ""5501"", ""soc_lb"": ""3881"", ""solved"": ""1"", ""solver"": ""planner"", ""sum_of_loss"": ""4643"", ""sum_of_loss_lb"": ""3881""}"
lg_lacam_fork:tl,"LaCAM + traffic load (tie-break, per config)",maze-32-32-4,maze-32-32-4-random-4,100,1,30.0,solved,0.160867,0.064,5518,95,4480,3881,95,1.421799,0,,/home/carsten/Projects/MAPF/MAPF Evaluator/results/tlcpp-maze-32-4/runs/lg_lacam_fork_tl/maze-32-32-4/maze-32-32-4-random-4_a100_s1_r0,5518,0.064,"{""agents"": ""100"", ""comp_time"": ""64"", ""makespan"": ""95"", ""makespan_lb"": ""95"", ""map_file"": ""maze-32-32-4.map"", ""seed"": ""1"", ""soc"": ""5518"", ""soc_lb"": ""3881"", ""solved"": ""1"", ""solver"": ""planner"", ""sum_of_loss"": ""4586"", ""sum_of_loss_lb"": ""3881""}"
lg_lacam_fork:tl,"LaCAM + traffic load (tie-break, per config)",maze-32-32-4,maze-32-32-4-random-4,100,2,30.0,solved,0.125243,0.025,5445,95,4479,3881,95,1.402989,0,,/home/carsten/Projects/MAPF/MAPF Evaluator/results/tlcpp-maze-32-4/runs/lg_lacam_fork_tl/maze-32-32-4/maze-32-32-4-random-4_a100_s2_r0,5445,0.025,"{""agents"": ""100"", ""comp_time"": ""25"", ""makespan"": ""95"", ""makespan_lb"": ""95"", ""map_file"": ""maze-32-32-4.map"", ""seed"": ""2"", ""soc"": ""5445"", ""soc_lb"": ""3881"", ""solved"": ""1"", ""solver"": ""planner"", ""sum_of_loss"": ""4585"", ""sum_of_loss_lb"": ""3881""}"
lg_lacam_fork:tl_agent,"LaCAM + traffic load (tie-break, per agent)",maze-32-32-4,maze-32-32-4-random-4,100,1,30.0,solved,0.081155,0.028,5549,95,4481,3881,95,1.429786,0,,/home/carsten/Projects/MAPF/MAPF Evaluator/results/tlcpp-maze-32-4/runs/lg_lacam_fork_tl_agent/maze-32-32-4/maze-32-32-4-random-4_a100_s1_r0,5549,0.028,"{""agents"": ""100"", ""comp_time"": ""28"", ""makespan"": ""95"", ""makespan_lb"": ""95"", ""map_file"": ""maze-32-32-4.map"", ""seed"": ""1"", ""soc"": ""5549"", ""soc_lb"": ""3881"", ""solved"": ""1"", ""solver"": ""planner"", ""sum_of_loss"": ""4589"", ""sum_of_loss_lb"": ""3881""}"
lg_lacam_fork:tl_agent,"LaCAM + traffic load (tie-break, per agent)",maze-32-32-4,maze-32-32-4-random-4,100,0,30.0,solved,0.059122,0.026,5539,95,4488,3881,95,1.427209,0,,/home/carsten/Projects/MAPF/MAPF Evaluator/results/tlcpp-maze-32-4/runs/lg_lacam_fork_tl_agent/maze-32-32-4/maze-32-32-4-random-4_a100_s0_r0,5539,0.026,"{""agents"": ""100"", ""comp_time"": ""26"", ""makespan"": ""95"", ""makespan_lb"": ""95"", ""map_file"": ""maze-32-32-4.map"", ""seed"": ""0"", ""soc"": ""5539"", ""soc_lb"": ""3881"", ""solved"": ""1"", ""solver"": ""planner"", ""sum_of_loss"": ""4592"", ""sum_of_loss_lb"": ""3881""}"
lg_lacam_fork:tl_agent,"LaCAM + traffic load (tie-break, per agent)",maze-32-32-4,maze-32-32-4-random-4,100,2,30.0,solved,0.116133,0.063,5654,95,4491,3881,95,1.456841,0,,/home/carsten/Projects/MAPF/MAPF Evaluator/results/tlcpp-maze-32-4/runs/lg_lacam_fork_tl_agent/maze-32-32-4/maze-32-32-4-random-4_a100_s2_r0,5654,0.063,"{""agents"": ""100"", ""comp_time"": ""63"", ""makespan"": ""95"", ""makespan_lb"": ""95"", ""map_file"": ""maze-32-32-4.map"", ""seed"": ""2"", ""soc"": ""5654"", ""soc_lb"": ""3881"", ""solved"": ""1"", ""solver"": ""planner"", ""sum_of_loss"": ""4598"", ""sum_of_loss_lb"": ""3881""}"
lg_lacam_fork:tl_static,LaCAM + traffic load (static map from starts),maze-32-32-4,maze-32-32-4-random-4,100,0,30.0,solved,0.071143,0.031,6302,125,5190,3881,95,1.623808,0,,/home/carsten/Projects/MAPF/MAPF Evaluator/results/tlcpp-maze-32-4/runs/lg_lacam_fork_tl_static/maze-32-32-4/maze-32-32-4-random-4_a100_s0_r0,6302,0.031,"{""agents"": ""100"", ""comp_time"": ""31"", ""makespan"": ""125"", ""makespan_lb"": ""95"", ""map_file"": ""maze-32-32-4.map"", ""seed"": ""0"", ""soc"": ""6302"", ""soc_lb"": ""3881"", ""solved"": ""1"", ""solver"": ""planner"", ""sum_of_loss"": ""5383"", ""sum_of_loss_lb"": ""3881""}"
lg_lacam_fork:tl_static,LaCAM + traffic load (static map from starts),maze-32-32-4,maze-32-32-4-random-4,100,1,30.0,solved,0.083964,0.044,6284,124,5185,3881,95,1.61917,0,,/home/carsten/Projects/MAPF/MAPF Evaluator/results/tlcpp-maze-32-4/runs/lg_lacam_fork_tl_static/maze-32-32-4/maze-32-32-4-random-4_a100_s1_r0,6284,0.044,"{""agents"": ""100"", ""comp_time"": ""44"", ""makespan"": ""124"", ""makespan_lb"": ""95"", ""map_file"": ""maze-32-32-4.map"", ""seed"": ""1"", ""soc"": ""6284"", ""soc_lb"": ""3881"", ""solved"": ""1"", ""solver"": ""planner"", ""sum_of_loss"": ""5377"", ""sum_of_loss_lb"": ""3881""}"
lg_lacam_fork:tl_static,LaCAM + traffic load (static map from starts),maze-32-32-4,maze-32-32-4-random-4,100,2,30.0,solved,0.077425,0.035,6226,122,5180,3881,95,1.604226,0,,/home/carsten/Projects/MAPF/MAPF Evaluator/results/tlcpp-maze-32-4/runs/lg_lacam_fork_tl_static/maze-32-32-4/maze-32-32-4-random-4_a100_s2_r0,6226,0.035,"{""agents"": ""100"", ""comp_time"": ""35"", ""makespan"": ""122"", ""makespan_lb"": ""95"", ""map_file"": ""maze-32-32-4.map"", ""seed"": ""2"", ""soc"": ""6226"", ""soc_lb"": ""3881"", ""solved"": ""1"", ""solver"": ""planner"", ""sum_of_loss"": ""5370"", ""sum_of_loss_lb"": ""3881""}"
lg_lacam_fork:suo,LaCAM3 = SUO (first solution),maze-32-32-4,maze-32-32-4-random-4,100,0,30.0,solved,0.052022,0.038,5036,105,4614,3881,95,1.297604,0,,/home/carsten/Projects/MAPF/MAPF Evaluator/results/tlcpp-maze-32-4/runs/lg_lacam_fork_suo/maze-32-32-4/maze-32-32-4-random-4_a100_s0_r0,5036,0.038,"{""agents"": ""100"", ""comp_time"": ""38"", ""makespan"": ""105"", ""makespan_lb"": ""95"", ""map_file"": ""maze-32-32-4.map"", ""seed"": ""0"", ""soc"": ""5036"", ""soc_lb"": ""3881"", ""solved"": ""1"", ""solver"": ""planner"", ""sum_of_loss"": ""4671"", ""sum_of_loss_lb"": ""3881""}"
lg_lacam_fork:suo,LaCAM3 = SUO (first solution),maze-32-32-4,maze-32-32-4-random-4,100,1,30.0,solved,0.176942,0.07,5293,114,4624,3881,95,1.363824,0,,/home/carsten/Projects/MAPF/MAPF Evaluator/results/tlcpp-maze-32-4/runs/lg_lacam_fork_suo/maze-32-32-4/maze-32-32-4-random-4_a100_s1_r0,5293,0.07,"{""agents"": ""100"", ""comp_time"": ""70"", ""makespan"": ""114"", ""makespan_lb"": ""95"", ""map_file"": ""maze-32-32-4.map"", ""seed"": ""1"", ""soc"": ""5293"", ""soc_lb"": ""3881"", ""solved"": ""1"", ""solver"": ""planner"", ""sum_of_loss"": ""4681"", ""sum_of_loss_lb"": ""3881""}"
lg_lacam_fork:suo,LaCAM3 = SUO (first solution),maze-32-32-4,maze-32-32-4-random-4,100,2,30.0,solved,0.09419,0.05,4889,103,4609,3881,95,1.259727,0,,/home/carsten/Projects/MAPF/MAPF Evaluator/results/tlcpp-maze-32-4/runs/lg_lacam_fork_suo/maze-32-32-4/maze-32-32-4-random-4_a100_s2_r0,4889,0.05,"{""agents"": ""100"", ""comp_time"": ""50"", ""makespan"": ""103"", ""makespan_lb"": ""95"", ""map_file"": ""maze-32-32-4.map"", ""seed"": ""2"", ""soc"": ""4889"", ""soc_lb"": ""3881"", ""solved"": ""1"", ""solver"": ""planner"", ""sum_of_loss"": ""4649"", ""sum_of_loss_lb"": ""3881""}"
lg_lacam_fork:suo_tl,SUO + traffic load,maze-32-32-4,maze-32-32-4-random-4,100,0,30.0,solved,0.117203,0.091,4880,105,4503,3881,95,1.257408,0,,/home/carsten/Projects/MAPF/MAPF Evaluator/results/tlcpp-maze-32-4/runs/lg_lacam_fork_suo_tl/maze-32-32-4/maze-32-32-4-random-4_a100_s0_r0,4880,0.091,"{""agents"": ""100"", ""comp_time"": ""91"", ""makespan"": ""105"", ""makespan_lb"": ""95"", ""map_file"": ""maze-32-32-4.map"", ""seed"": ""0"", ""soc"": ""4880"", ""soc_lb"": ""3881"", ""solved"": ""1"", ""solver"": ""planner"", ""sum_of_loss"": ""4550"", ""sum_of_loss_lb"": ""3881""}"
lg_lacam_fork:suo_tl,SUO + traffic load,maze-32-32-4,maze-32-32-4-random-4,100,1,30.0,solved,0.117929,0.06,4937,97,4446,3881,95,1.272095,0,,/home/carsten/Projects/MAPF/MAPF Evaluator/results/tlcpp-maze-32-4/runs/lg_lacam_fork_suo_tl/maze-32-32-4/maze-32-32-4-random-4_a100_s1_r0,4937,0.06,"{""agents"": ""100"", ""comp_time"": ""60"", ""makespan"": ""97"", ""makespan_lb"": ""95"", ""map_file"": ""maze-32-32-4.map"", ""seed"": ""1"", ""soc"": ""4937"", ""soc_lb"": ""3881"", ""solved"": ""1"", ""solver"": ""planner"", ""sum_of_loss"": ""4484"", ""sum_of_loss_lb"": ""3881""}"
lg_lacam_fork:lg,"LG-LaCAM (window 20, first solution)",maze-32-32-4,maze-32-32-4-random-4,100,1,30.0,solved,0.237174,0.156,4777,97,4339,3881,95,1.230868,0,,/home/carsten/Projects/MAPF/MAPF Evaluator/results/tlcpp-maze-32-4/runs/lg_lacam_fork_lg/maze-32-32-4/maze-32-32-4-random-4_a100_s1_r0,4777,0.156,"{""agents"": ""100"", ""comp_time"": ""156"", ""makespan"": ""97"", ""makespan_lb"": ""95"", ""map_file"": ""maze-32-32-4.map"", ""seed"": ""1"", ""soc"": ""4777"", ""soc_lb"": ""3881"", ""solved"": ""1"", ""solver"": ""planner"", ""sum_of_loss"": ""4374"", ""sum_of_loss_lb"": ""3881""}"
lg_lacam_fork:suo_tl,SUO + traffic load,maze-32-32-4,maze-32-32-4-random-4,100,2,30.0,solved,0.313985,0.229,4908,112,4493,3881,95,1.264623,0,,/home/carsten/Projects/MAPF/MAPF Evaluator/results/tlcpp-maze-32-4/runs/lg_lacam_fork_suo_tl/maze-32-32-4/maze-32-32-4-random-4_a100_s2_r0,4908,0.229,"{""agents"": ""100"", ""comp_time"": ""229"", ""makespan"": ""112"", ""makespan_lb"": ""95"", ""map_file"": ""maze-32-32-4.map"", ""seed"": ""2"", ""soc"": ""4908"", ""soc_lb"": ""3881"", ""solved"": ""1"", ""solver"": ""planner"", ""sum_of_loss"": ""4539"", ""sum_of_loss_lb"": ""3881""}"
lg_lacam_fork:lg,"LG-LaCAM (window 20, first solution)",maze-32-32-4,maze-32-32-4-random-4,100,2,30.0,solved,0.356129,0.263,4659,97,4361,3881,95,1.200464,0,,/home/carsten/Projects/MAPF/MAPF Evaluator/results/tlcpp-maze-32-4/runs/lg_lacam_fork_lg/maze-32-32-4/maze-32-32-4-random-4_a100_s2_r0,4659,0.263,"{""agents"": ""100"", ""comp_time"": ""263"", ""makespan"": ""97"", ""makespan_lb"": ""95"", ""map_file"": ""maze-32-32-4.map"", ""seed"": ""2"", ""soc"": ""4659"", ""soc_lb"": ""3881"", ""solved"": ""1"", ""solver"": ""planner"", ""sum_of_loss"": ""4390"", ""sum_of_loss_lb"": ""3881""}"
lg_lacam_fork:lg,"LG-LaCAM (window 20, first solution)",maze-32-32-4,maze-32-32-4-random-4,100,0,30.0,solved,0.535179,0.427,4649,99,4374,3881,95,1.197887,0,,/home/carsten/Projects/MAPF/MAPF Evaluator/results/tlcpp-maze-32-4/runs/lg_lacam_fork_lg/maze-32-32-4/maze-32-32-4-random-4_a100_s0_r0,4649,0.427,"{""agents"": ""100"", ""comp_time"": ""427"", ""makespan"": ""99"", ""makespan_lb"": ""95"", ""map_file"": ""maze-32-32-4.map"", ""seed"": ""0"", ""soc"": ""4649"", ""soc_lb"": ""3881"", ""solved"": ""1"", ""solver"": ""planner"", ""sum_of_loss"": ""4402"", ""sum_of_loss_lb"": ""3881""}"
lg_lacam_fork:lg_tl,LG-LaCAM (window 20) + traffic load,maze-32-32-4,maze-32-32-4-random-4,100,1,30.0,solved,0.228788,0.146,4680,100,4342,3881,95,1.205875,0,,/home/carsten/Projects/MAPF/MAPF Evaluator/results/tlcpp-maze-32-4/runs/lg_lacam_fork_lg_tl/maze-32-32-4/maze-32-32-4-random-4_a100_s1_r0,4680,0.146,"{""agents"": ""100"", ""comp_time"": ""146"", ""makespan"": ""100"", ""makespan_lb"": ""95"", ""map_file"": ""maze-32-32-4.map"", ""seed"": ""1"", ""soc"": ""4680"", ""soc_lb"": ""3881"", ""solved"": ""1"", ""solver"": ""planner"", ""sum_of_loss"": ""4376"", ""sum_of_loss_lb"": ""3881""}"
lg_lacam_fork:lg_tl,LG-LaCAM (window 20) + traffic load,maze-32-32-4,maze-32-32-4-random-4,100,0,30.0,solved,0.282029,0.19,4585,99,4343,3881,95,1.181397,0,,/home/carsten/Projects/MAPF/MAPF Evaluator/results/tlcpp-maze-32-4/runs/lg_lacam_fork_lg_tl/maze-32-32-4/maze-32-32-4-random-4_a100_s0_r0,4585,0.19,"{""agents"": ""100"", ""comp_time"": ""190"", ""makespan"": ""99"", ""makespan_lb"": ""95"", ""map_file"": ""maze-32-32-4.map"", ""seed"": ""0"", ""soc"": ""4585"", ""soc_lb"": ""3881"", ""solved"": ""1"", ""solver"": ""planner"", ""sum_of_loss"": ""4372"", ""sum_of_loss_lb"": ""3881""}"
lg_lacam_fork:lg_suo,LG-LaCAM (window 20) + SUO,maze-32-32-4,maze-32-32-4-random-4,100,0,30.0,solved,0.178866,0.14,4610,100,4331,3881,95,1.187838,0,,/home/carsten/Projects/MAPF/MAPF Evaluator/results/tlcpp-maze-32-4/runs/lg_lacam_fork_lg_suo/maze-32-32-4/maze-32-32-4-random-4_a100_s0_r0,4610,0.14,"{""agents"": ""100"", ""comp_time"": ""140"", ""makespan"": ""100"", ""makespan_lb"": ""95"", ""map_file"": ""maze-32-32-4.map"", ""seed"": ""0"", ""soc"": ""4610"", ""soc_lb"": ""3881"", ""solved"": ""1"", ""solver"": ""planner"", ""sum_of_loss"": ""4356"", ""sum_of_loss_lb"": ""3881""}"
lg_lacam_fork:lg_tl,LG-LaCAM (window 20) + traffic load,maze-32-32-4,maze-32-32-4-random-4,100,2,30.0,solved,0.437726,0.293,4662,100,4347,3881,95,1.201237,0,,/home/carsten/Projects/MAPF/MAPF Evaluator/results/tlcpp-maze-32-4/runs/lg_lacam_fork_lg_tl/maze-32-32-4/maze-32-32-4-random-4_a100_s2_r0,4662,0.293,"{""agents"": ""100"", ""comp_time"": ""293"", ""makespan"": ""100"", ""makespan_lb"": ""95"", ""map_file"": ""maze-32-32-4.map"", ""seed"": ""2"", ""soc"": ""4662"", ""soc_lb"": ""3881"", ""solved"": ""1"", ""solver"": ""planner"", ""sum_of_loss"": ""4376"", ""sum_of_loss_lb"": ""3881""}"
lg_lacam_fork:lg_suo,LG-LaCAM (window 20) + SUO,maze-32-32-4,maze-32-32-4-random-4,100,1,30.0,solved,0.2546,0.158,4633,99,4350,3881,95,1.193764,0,,/home/carsten/Projects/MAPF/MAPF Evaluator/results/tlcpp-maze-32-4/runs/lg_lacam_fork_lg_suo/maze-32-32-4/maze-32-32-4-random-4_a100_s1_r0,4633,0.158,"{""agents"": ""100"", ""comp_time"": ""158"", ""makespan"": ""99"", ""makespan_lb"": ""95"", ""map_file"": ""maze-32-32-4.map"", ""seed"": ""1"", ""soc"": ""4633"", ""soc_lb"": ""3881"", ""solved"": ""1"", ""solver"": ""planner"", ""sum_of_loss"": ""4382"", ""sum_of_loss_lb"": ""3881""}"
lg_lacam_fork:lg_suo_tl,LG-LaCAM (window 20) + SUO + traffic load,maze-32-32-4,maze-32-32-4-random-4,100,0,30.0,solved,0.231782,0.17,4605,101,4360,3881,95,1.18655,0,,/home/carsten/Projects/MAPF/MAPF Evaluator/results/tlcpp-maze-32-4/runs/lg_lacam_fork_lg_suo_tl/maze-32-32-4/maze-32-32-4-random-4_a100_s0_r0,4605,0.17,"{""agents"": ""100"", ""comp_time"": ""170"", ""makespan"": ""101"", ""makespan_lb"": ""95"", ""map_file"": ""maze-32-32-4.map"", ""seed"": ""0"", ""soc"": ""4605"", ""soc_lb"": ""3881"", ""solved"": ""1"", ""solver"": ""planner"", ""sum_of_loss"": ""4391"", ""sum_of_loss_lb"": ""3881""}"
lg_lacam_fork:lg_suo,LG-LaCAM (window 20) + SUO,maze-32-32-4,maze-32-32-4-random-4,100,2,30.0,solved,0.600757,0.491,4645,98,4368,3881,95,1.196856,0,,/home/carsten/Projects/MAPF/MAPF Evaluator/results/tlcpp-maze-32-4/runs/lg_lacam_fork_lg_suo/maze-32-32-4/maze-32-32-4-random-4_a100_s2_r0,4645,0.491,"{""agents"": ""100"", ""comp_time"": ""491"", ""makespan"": ""98"", ""makespan_lb"": ""95"", ""map_file"": ""maze-32-32-4.map"", ""seed"": ""2"", ""soc"": ""4645"", ""soc_lb"": ""3881"", ""solved"": ""1"", ""solver"": ""planner"", ""sum_of_loss"": ""4404"", ""sum_of_loss_lb"": ""3881""}"
lg_lacam_fork:lg_suo_tl,LG-LaCAM (window 20) + SUO + traffic load,maze-32-32-4,maze-32-32-4-random-4,100,1,30.0,solved,0.272558,0.19,4623,98,4348,3881,95,1.191188,0,,/home/carsten/Projects/MAPF/MAPF Evaluator/results/tlcpp-maze-32-4/runs/lg_lacam_fork_lg_suo_tl/maze-32-32-4/maze-32-32-4-random-4_a100_s1_r0,4623,0.19,"{""agents"": ""100"", ""comp_time"": ""190"", ""makespan"": ""98"", ""makespan_lb"": ""95"", ""map_file"": ""maze-32-32-4.map"", ""seed"": ""1"", ""soc"": ""4623"", ""soc_lb"": ""3881"", ""solved"": ""1"", ""solver"": ""planner"", ""sum_of_loss"": ""4378"", ""sum_of_loss_lb"": ""3881""}"
lg_lacam_fork:lg_suo_tl,LG-LaCAM (window 20) + SUO + traffic load,maze-32-32-4,maze-32-32-4-random-4,100,2,30.0,solved,0.323179,0.268,4689,100,4342,3881,95,1.208194,0,,/home/carsten/Projects/MAPF/MAPF Evaluator/results/tlcpp-maze-32-4/runs/lg_lacam_fork_lg_suo_tl/maze-32-32-4/maze-32-32-4-random-4_a100_s2_r0,4689,0.268,"{""agents"": ""100"", ""comp_time"": ""268"", ""makespan"": ""100"", ""makespan_lb"": ""95"", ""map_file"": ""maze-32-32-4.map"", ""seed"": ""2"", ""soc"": ""4689"", ""soc_lb"": ""3881"", ""solved"": ""1"", ""solver"": ""planner"", ""sum_of_loss"": ""4376"", ""sum_of_loss_lb"": ""3881""}"
lg_lacam_fork:lacam,"LaCAM (no guidance, first solution)",maze-32-32-4,maze-32-32-4-random-4,150,0,30.0,solved,0.201255,0.083,10673,101,8747,5995,95,1.780317,0,,/home/carsten/Projects/MAPF/MAPF Evaluator/results/tlcpp-maze-32-4/runs/lg_lacam_fork_lacam/maze-32-32-4/maze-32-32-4-random-4_a150_s0_r0,10673,0.083,"{""agents"": ""150"", ""comp_time"": ""83"", ""makespan"": ""101"", ""makespan_lb"": ""95"", ""map_file"": ""maze-32-32-4.map"", ""seed"": ""0"", ""soc"": ""10673"", ""soc_lb"": ""5995"", ""solved"": ""1"", ""solver"": ""planner"", ""sum_of_loss"": ""8966"", ""sum_of_loss_lb"": ""5995""}"
lg_lacam_fork:lacam,"LaCAM (no guidance, first solution)",maze-32-32-4,maze-32-32-4-random-4,150,1,30.0,solved,0.085469,0.023,10122,98,8399,5995,95,1.688407,0,,/home/carsten/Projects/MAPF/MAPF Evaluator/results/tlcpp-maze-32-4/runs/lg_lacam_fork_lacam/maze-32-32-4/maze-32-32-4-random-4_a150_s1_r0,10122,0.023,"{""agents"": ""150"", ""comp_time"": ""23"", ""makespan"": ""98"", ""makespan_lb"": ""95"", ""map_file"": ""maze-32-32-4.map"", ""seed"": ""1"", ""soc"": ""10122"", ""soc_lb"": ""5995"", ""solved"": ""1"", ""solver"": ""planner"", ""sum_of_loss"": ""8625"", ""sum_of_loss_lb"": ""5995""}"
lg_lacam_fork:lacam,"LaCAM (no guidance, first solution)",maze-32-32-4,maze-32-32-4-random-4,150,2,30.0,solved,0.077804,0.024,10192,107,8585,5995,95,1.700083,0,,/home/carsten/Projects/MAPF/MAPF Evaluator/results/tlcpp-maze-32-4/runs/lg_lacam_fork_lacam/maze-32-32-4/maze-32-32-4-random-4_a150_s2_r0,10192,0.024,"{""agents"": ""150"", ""comp_time"": ""24"", ""makespan"": ""107"", ""makespan_lb"": ""95"", ""map_file"": ""maze-32-32-4.map"", ""seed"": ""2"", ""soc"": ""10192"", ""soc_lb"": ""5995"", ""solved"": ""1"", ""solver"": ""planner"", ""sum_of_loss"": ""8806"", ""sum_of_loss_lb"": ""5995""}"
lg_lacam_fork:tl,"LaCAM + traffic load (tie-break, per config)",maze-32-32-4,maze-32-32-4-random-4,150,1,30.0,solved,0.117117,0.04,9257,100,7656,5995,95,1.54412,0,,/home/carsten/Projects/MAPF/MAPF Evaluator/results/tlcpp-maze-32-4/runs/lg_lacam_fork_tl/maze-32-32-4/maze-32-32-4-random-4_a150_s1_r0,9257,0.04,"{""agents"": ""150"", ""comp_time"": ""40"", ""makespan"": ""100"", ""makespan_lb"": ""95"", ""map_file"": ""maze-32-32-4.map"", ""seed"": ""1"", ""soc"": ""9257"", ""soc_lb"": ""5995"", ""solved"": ""1"", ""solver"": ""planner"", ""sum_of_loss"": ""7849"", ""sum_of_loss_lb"": ""5995""}"
lg_lacam_fork:tl,"LaCAM + traffic load (tie-break, per config)",maze-32-32-4,maze-32-32-4-random-4,150,0,30.0,solved,0.080144,0.036,8967,95,7579,5995,95,1.495746,0,,/home/carsten/Projects/MAPF/MAPF Evaluator/results/tlcpp-maze-32-4/runs/lg_lacam_fork_tl/maze-32-32-4/maze-32-32-4-random-4_a150_s0_r0,8967,0.036,"{""agents"": ""150"", ""comp_time"": ""36"", ""makespan"": ""95"", ""makespan_lb"": ""95"", ""map_file"": ""maze-32-32-4.map"", ""seed"": ""0"", ""soc"": ""8967"", ""soc_lb"": ""5995"", ""solved"": ""1"", ""solver"": ""planner"", ""sum_of_loss"": ""7761"", ""sum_of_loss_lb"": ""5995""}"
lg_lacam_fork:tl,"LaCAM + traffic load (tie-break, per config)",maze-32-32-4,maze-32-32-4-random-4,150,2,30.0,solved,0.222743,0.046,8905,95,7584,5995,95,1.485405,0,,/home/carsten/Projects/MAPF/MAPF Evaluator/results/tlcpp-maze-32-4/runs/lg_lacam_fork_tl/maze-32-32-4/maze-32-32-4-random-4_a150_s2_r0,8905,0.046,"{""agents"": ""150"", ""comp_time"": ""46"", ""makespan"": ""95"", ""makespan_lb"": ""95"", ""map_file"": ""maze-32-32-4.map"", ""seed"": ""2"", ""soc"": ""8905"", ""soc_lb"": ""5995"", ""solved"": ""1"", ""solver"": ""planner"", ""sum_of_loss"": ""7762"", ""sum_of_loss_lb"": ""5995""}"
lg_lacam_fork:tl_agent,"LaCAM + traffic load (tie-break, per agent)",maze-32-32-4,maze-32-32-4-random-4,150,0,30.0,solved,0.164056,0.088,9356,103,7671,5995,95,1.560634,0,,/home/carsten/Projects/MAPF/MAPF Evaluator/results/tlcpp-maze-32-4/runs/lg_lacam_fork_tl_agent/maze-32-32-4/maze-32-32-4-random-4_a150_s0_r0,9356,0.088,"{""agents"": ""150"", ""comp_time"": ""88"", ""makespan"": ""103"", ""makespan_lb"": ""95"", ""map_file"": ""maze-32-32-4.map"", ""seed"": ""0"", ""soc"": ""9356"", ""soc_lb"": ""5995"", ""solved"": ""1"", ""solver"": ""planner"", ""sum_of_loss"": ""7865"", ""sum_of_loss_lb"": ""5995""}"
lg_lacam_fork:tl_agent,"LaCAM + traffic load (tie-break, per agent)",maze-32-32-4,maze-32-32-4-random-4,150,2,30.0,solved,0.214601,0.069,9041,95,7566,5995,95,1.50809,0,,/home/carsten/Projects/MAPF/MAPF Evaluator/results/tlcpp-maze-32-4/runs/lg_lacam_fork_tl_agent/maze-32-32-4/maze-32-32-4-random-4_a150_s2_r0,9041,0.069,"{""agents"": ""150"", ""comp_time"": ""69"", ""makespan"": ""95"", ""makespan_lb"": ""95"", ""map_file"": ""maze-32-32-4.map"", ""seed"": ""2"", ""soc"": ""9041"", ""soc_lb"": ""5995"", ""solved"": ""1"", ""solver"": ""planner"", ""sum_of_loss"": ""7764"", ""sum_of_loss_lb"": ""5995""}"
lg_lacam_fork:tl_agent,"LaCAM + traffic load (tie-break, per agent)",maze-32-32-4,maze-32-32-4-random-4,150,1,30.0,solved,0.158744,0.03,9054,95,7569,5995,95,1.510259,0,,/home/carsten/Projects/MAPF/MAPF Evaluator/results/tlcpp-maze-32-4/runs/lg_lacam_fork_tl_agent/maze-32-32-4/maze-32-32-4-random-4_a150_s1_r0,9054,0.03,"{""agents"": ""150"", ""comp_time"": ""30"", ""makespan"": ""95"", ""makespan_lb"": ""95"", ""map_file"": ""maze-32-32-4.map"", ""seed"": ""1"", ""soc"": ""9054"", ""soc_lb"": ""5995"", ""solved"": ""1"", ""solver"": ""planner"", ""sum_of_loss"": ""7763"", ""sum_of_loss_lb"": ""5995""}"
lg_lacam_fork:tl_static,LaCAM + traffic load (static map from starts),maze-32-32-4,maze-32-32-4-random-4,150,0,30.0,solved,0.178507,0.068,11534,166,9352,5995,95,1.923937,0,,/home/carsten/Projects/MAPF/MAPF Evaluator/results/tlcpp-maze-32-4/runs/lg_lacam_fork_tl_static/maze-32-32-4/maze-32-32-4-random-4_a150_s0_r0,11534,0.068,"{""agents"": ""150"", ""comp_time"": ""68"", ""makespan"": ""166"", ""makespan_lb"": ""95"", ""map_file"": ""maze-32-32-4.map"", ""seed"": ""0"", ""soc"": ""11534"", ""soc_lb"": ""5995"", ""solved"": ""1"", ""solver"": ""planner"", ""sum_of_loss"": ""9778"", ""sum_of_loss_lb"": ""5995""}"
lg_lacam_fork:tl_static,LaCAM + traffic load (static map from starts),maze-32-32-4,maze-32-32-4-random-4,150,1,30.0,solved,0.143834,0.045,11030,145,9116,5995,95,1.839867,0,,/home/carsten/Projects/MAPF/MAPF Evaluator/results/tlcpp-maze-32-4/runs/lg_lacam_fork_tl_static/maze-32-32-4/maze-32-32-4-random-4_a150_s1_r0,11030,0.045,"{""agents"": ""150"", ""comp_time"": ""45"", ""makespan"": ""145"", ""makespan_lb"": ""95"", ""map_file"": ""maze-32-32-4.map"", ""seed"": ""1"", ""soc"": ""11030"", ""soc_lb"": ""5995"", ""solved"": ""1"", ""solver"": ""planner"", ""sum_of_loss"": ""9477"", ""sum_of_loss_lb"": ""5995""}"
lg_lacam_fork:tl_static,LaCAM + traffic load (static map from starts),maze-32-32-4,maze-32-32-4-random-4,150,2,30.0,solved,0.155676,0.082,11199,153,9234,5995,95,1.868057,0,,/home/carsten/Projects/MAPF/MAPF Evaluator/results/tlcpp-maze-32-4/runs/lg_lacam_fork_tl_static/maze-32-32-4/maze-32-32-4-random-4_a150_s2_r0,11199,0.082,"{""agents"": ""150"", ""comp_time"": ""82"", ""makespan"": ""153"", ""makespan_lb"": ""95"", ""map_file"": ""maze-32-32-4.map"", ""seed"": ""2"", ""soc"": ""11199"", ""soc_lb"": ""5995"", ""solved"": ""1"", ""solver"": ""planner"", ""sum_of_loss"": ""9618"", ""sum_of_loss_lb"": ""5995""}"
lg_lacam_fork:suo,LaCAM3 = SUO (first solution),maze-32-32-4,maze-32-32-4-random-4,150,0,30.0,solved,0.159056,0.116,8887,107,7815,5995,95,1.482402,0,,/home/carsten/Projects/MAPF/MAPF Evaluator/results/tlcpp-maze-32-4/runs/lg_lacam_fork_suo/maze-32-32-4/maze-32-32-4-random-4_a150_s0_r0,8887,0.116,"{""agents"": ""150"", ""comp_time"": ""116"", ""makespan"": ""107"", ""makespan_lb"": ""95"", ""map_file"": ""maze-32-32-4.map"", ""seed"": ""0"", ""soc"": ""8887"", ""soc_lb"": ""5995"", ""solved"": ""1"", ""solver"": ""planner"", ""sum_of_loss"": ""7949"", ""sum_of_loss_lb"": ""5995""}"
lg_lacam_fork:suo,LaCAM3 = SUO (first solution),maze-32-32-4,maze-32-32-4-random-4,150,1,30.0,solved,0.071653,0.044,8950,111,7974,5995,95,1.492911,0,,/home/carsten/Projects/MAPF/MAPF Evaluator/results/tlcpp-maze-32-4/runs/lg_lacam_fork_suo/maze-32-32-4/maze-32-32-4-random-4_a150_s1_r0,8950,0.044,"{""agents"": ""150"", ""comp_time"": ""44"", ""makespan"": ""111"", ""makespan_lb"": ""95"", ""map_file"": ""maze-32-32-4.map"", ""seed"": ""1"", ""soc"": ""8950"", ""soc_lb"": ""5995"", ""solved"": ""1"", ""solver"": ""planner"", ""sum_of_loss"": ""8113"", ""sum_of_loss_lb"": ""5995""}"
lg_lacam_fork:suo_tl,SUO + traffic load,maze-32-32-4,maze-32-32-4-random-4,150,1,30.0,solved,0.08464,0.058,8271,105,7373,5995,95,1.37965,0,,/home/carsten/Projects/MAPF/MAPF Evaluator/results/tlcpp-maze-32-4/runs/lg_lacam_fork_suo_tl/maze-32-32-4/maze-32-32-4-random-4_a150_s1_r0,8271,0.058,"{""agents"": ""150"", ""comp_time"": ""58"", ""makespan"": ""105"", ""makespan_lb"": ""95"", ""map_file"": ""maze-32-32-4.map"", ""seed"": ""1"", ""soc"": ""8271"", ""soc_lb"": ""5995"", ""solved"": ""1"", ""solver"": ""planner"", ""sum_of_loss"": ""7496"", ""sum_of_loss_lb"": ""5995""}"
lg_lacam_fork:suo,LaCAM3 = SUO (first solution),maze-32-32-4,maze-32-32-4-random-4,150,2,30.0,solved,0.088811,0.037,8867,103,7793,5995,95,1.479066,0,,/home/carsten/Projects/MAPF/MAPF Evaluator/results/tlcpp-maze-32-4/runs/lg_lacam_fork_suo/maze-32-32-4/maze-32-32-4-random-4_a150_s2_r0,8867,0.037,"{""agents"": ""150"", ""comp_time"": ""37"", ""makespan"": ""103"", ""makespan_lb"": ""95"", ""map_file"": ""maze-32-32-4.map"", ""seed"": ""2"", ""soc"": ""8867"", ""soc_lb"": ""5995"", ""solved"": ""1"", ""solver"": ""planner"", ""sum_of_loss"": ""7945"", ""sum_of_loss_lb"": ""5995""}"
lg_lacam_fork:suo_tl,SUO + traffic load,maze-32-32-4,maze-32-32-4-random-4,150,0,30.0,solved,0.115034,0.067,8412,109,7440,5995,95,1.403169,0,,/home/carsten/Projects/MAPF/MAPF Evaluator/results/tlcpp-maze-32-4/runs/lg_lacam_fork_suo_tl/maze-32-32-4/maze-32-32-4-random-4_a150_s0_r0,8412,0.067,"{""agents"": ""150"", ""comp_time"": ""67"", ""makespan"": ""109"", ""makespan_lb"": ""95"", ""map_file"": ""maze-32-32-4.map"", ""seed"": ""0"", ""soc"": ""8412"", ""soc_lb"": ""5995"", ""solved"": ""1"", ""solver"": ""planner"", ""sum_of_loss"": ""7554"", ""sum_of_loss_lb"": ""5995""}"
lg_lacam_fork:suo_tl,SUO + traffic load,maze-32-32-4,maze-32-32-4-random-4,150,2,30.0,solved,0.186541,0.038,8495,103,7455,5995,95,1.417014,0,,/home/carsten/Projects/MAPF/MAPF Evaluator/results/tlcpp-maze-32-4/runs/lg_lacam_fork_suo_tl/maze-32-32-4/maze-32-32-4-random-4_a150_s2_r0,8495,0.038,"{""agents"": ""150"", ""comp_time"": ""38"", ""makespan"": ""103"", ""makespan_lb"": ""95"", ""map_file"": ""maze-32-32-4.map"", ""seed"": ""2"", ""soc"": ""8495"", ""soc_lb"": ""5995"", ""solved"": ""1"", ""solver"": ""planner"", ""sum_of_loss"": ""7576"", ""sum_of_loss_lb"": ""5995""}"
lg_lacam_fork:lg,"LG-LaCAM (window 20, first solution)",maze-32-32-4,maze-32-32-4-random-4,150,0,30.0,solved,0.130329,0.086,7574,98,7009,5995,95,1.263386,0,,/home/carsten/Projects/MAPF/MAPF Evaluator/results/tlcpp-maze-32-4/runs/lg_lacam_fork_lg/maze-32-32-4/maze-32-32-4-random-4_a150_s0_r0,7574,0.086,"{""agents"": ""150"", ""comp_time"": ""86"", ""makespan"": ""98"", ""makespan_lb"": ""95"", ""map_file"": ""maze-32-32-4.map"", ""seed"": ""0"", ""soc"": ""7574"", ""soc_lb"": ""5995"", ""solved"": ""1"", ""solver"": ""planner"", ""sum_of_loss"": ""7074"", ""sum_of_loss_lb"": ""5995""}"
lg_lacam_fork:lg,"LG-LaCAM (window 20, first solution)",maze-32-32-4,maze-32-32-4-random-4,150,1,30.0,solved,0.159255,0.097,7707,103,7105,5995,95,1.285571,0,,/home/carsten/Projects/MAPF/MAPF Evaluator/results/tlcpp-maze-32-4/runs/lg_lacam_fork_lg/maze-32-32-4/maze-32-32-4-random-4_a150_s1_r0,7707,0.097,"{""agents"": ""150"", ""comp_time"": ""97"", ""makespan"": ""103"", ""makespan_lb"": ""95"", ""map_file"": ""maze-32-32-4.map"", ""seed"": ""1"", ""soc"": ""7707"", ""soc_lb"": ""5995"", ""solved"": ""1"", ""solver"": ""planner"", ""sum_of_loss"": ""7177"", ""sum_of_loss_lb"": ""5995""}"
lg_lacam_fork:lg,"LG-LaCAM (window 20, first solution)",maze-32-32-4,maze-32-32-4-random-4,150,2,30.0,solved,0.153703,0.11,7762,100,7145,5995,95,1.294746,0,,/home/carsten/Projects/MAPF/MAPF Evaluator/results/tlcpp-maze-32-4/runs/lg_lacam_fork_lg/maze-32-32-4/maze-32-32-4-random-4_a150_s2_r0,7762,0.11,"{""agents"": ""150"", ""comp_time"": ""110"", ""makespan"": ""100"", ""makespan_lb"": ""95"", ""map_file"": ""maze-32-32-4.map"", ""seed"": ""2"", ""soc"": ""7762"", ""soc_lb"": ""5995"", ""solved"": ""1"", ""solver"": ""planner"", ""sum_of_loss"": ""7205"", ""sum_of_loss_lb"": ""5995""}"
lg_lacam_fork:lg_tl,LG-LaCAM (window 20) + traffic load,maze-32-32-4,maze-32-32-4-random-4,150,0,30.0,solved,0.198206,0.113,7555,101,7023,5995,95,1.260217,0,,/home/carsten/Projects/MAPF/MAPF Evaluator/results/tlcpp-maze-32-4/runs/lg_lacam_fork_lg_tl/maze-32-32-4/maze-32-32-4-random-4_a150_s0_r0,7555,0.113,"{""agents"": ""150"", ""comp_time"": ""113"", ""makespan"": ""101"", ""makespan_lb"": ""95"", ""map_file"": ""maze-32-32-4.map"", ""seed"": ""0"", ""soc"": ""7555"", ""soc_lb"": ""5995"", ""solved"": ""1"", ""solver"": ""planner"", ""sum_of_loss"": ""7078"", ""sum_of_loss_lb"": ""5995""}"
lg_lacam_fork:lg_tl,LG-LaCAM (window 20) + traffic load,maze-32-32-4,maze-32-32-4-random-4,150,1,30.0,solved,0.145145,0.102,7476,105,6986,5995,95,1.247039,0,,/home/carsten/Projects/MAPF/MAPF Evaluator/results/tlcpp-maze-32-4/runs/lg_lacam_fork_lg_tl/maze-32-32-4/maze-32-32-4-random-4_a150_s1_r0,7476,0.102,"{""agents"": ""150"", ""comp_time"": ""102"", ""makespan"": ""105"", ""makespan_lb"": ""95"", ""map_file"": ""maze-32-32-4.map"", ""seed"": ""1"", ""soc"": ""7476"", ""soc_lb"": ""5995"", ""solved"": ""1"", ""solver"": ""planner"", ""sum_of_loss"": ""7042"", ""sum_of_loss_lb"": ""5995""}"
lg_lacam_fork:lg_tl,LG-LaCAM (window 20) + traffic load,maze-32-32-4,maze-32-32-4-random-4,150,2,30.0,solved,0.150674,0.103,7546,99,6991,5995,95,1.258716,0,,/home/carsten/Projects/MAPF/MAPF Evaluator/results/tlcpp-maze-32-4/runs/lg_lacam_fork_lg_tl/maze-32-32-4/maze-32-32-4-random-4_a150_s2_r0,7546,0.103,"{""agents"": ""150"", ""comp_time"": ""103"", ""makespan"": ""99"", ""makespan_lb"": ""95"", ""map_file"": ""maze-32-32-4.map"", ""seed"": ""2"", ""soc"": ""7546"", ""soc_lb"": ""5995"", ""solved"": ""1"", ""solver"": ""planner"", ""sum_of_loss"": ""7061"", ""sum_of_loss_lb"": ""5995""}"
lg_lacam_fork:lg_suo,LG-LaCAM (window 20) + SUO,maze-32-32-4,maze-32-32-4-random-4,150,0,30.0,solved,0.220862,0.147,7688,97,6998,5995,95,1.282402,0,,/home/carsten/Projects/MAPF/MAPF Evaluator/results/tlcpp-maze-32-4/runs/lg_lacam_fork_lg_suo/maze-32-32-4/maze-32-32-4-random-4_a150_s0_r0,7688,0.147,"{""agents"": ""150"", ""comp_time"": ""147"", ""makespan"": ""97"", ""makespan_lb"": ""95"", ""map_file"": ""maze-32-32-4.map"", ""seed"": ""0"", ""soc"": ""7688"", ""soc_lb"": ""5995"", ""solved"": ""1"", ""solver"": ""planner"", ""sum_of_loss"": ""7061"", ""sum_of_loss_lb"": ""5995""}"
lg_lacam_fork:lg_suo,LG-LaCAM (window 20) + SUO,maze-32-32-4,maze-32-32-4-random-4,150,1,30.0,solved,0.194954,0.127,7662,101,7049,5995,95,1.278065,0,,/home/carsten/Projects/MAPF/MAPF Evaluator/results/tlcpp-maze-32-4/runs/lg_lacam_fork_lg_suo/maze-32-32-4/maze-32-32-4-random-4_a150_s1_r0,7662,0.127,"{""agents"": ""150"", ""comp_time"": ""127"", ""makespan"": ""101"", ""makespan_lb"": ""95"", ""map_file"": ""maze-32-32-4.map"", ""seed"": ""1"", ""soc"": ""7662"", ""soc_lb"": ""5995"", ""solved"": ""1"", ""solver"": ""planner"", ""sum_of_loss"": ""7120"", ""sum_of_loss_lb"": ""5995""}"
lg_lacam_fork:lg_suo,LG-LaCAM (window 20) + SUO,maze-32-32-4,maze-32-32-4-random-4,150,2,30.0,solved,0.179943,0.127,7704,145,7148,5995,95,1.285071,0,,/home/carsten/Projects/MAPF/MAPF Evaluator/results/tlcpp-maze-32-4/runs/lg_lacam_fork_lg_suo/maze-32-32-4/maze-32-32-4-random-4_a150_s2_r0,7704,0.127,"{""agents"": ""150"", ""comp_time"": ""127"", ""makespan"": ""145"", ""makespan_lb"": ""95"", ""map_file"": ""maze-32-32-4.map"", ""seed"": ""2"", ""soc"": ""7704"", ""soc_lb"": ""5995"", ""solved"": ""1"", ""solver"": ""planner"", ""sum_of_loss"": ""7208"", ""sum_of_loss_lb"": ""5995""}"
lg_lacam_fork:lg_suo_tl,LG-LaCAM (window 20) + SUO + traffic load,maze-32-32-4,maze-32-32-4-random-4,150,0,30.0,solved,0.206894,0.141,7496,100,6933,5995,95,1.250375,0,,/home/carsten/Projects/MAPF/MAPF Evaluator/results/tlcpp-maze-32-4/runs/lg_lacam_fork_lg_suo_tl/maze-32-32-4/maze-32-32-4-random-4_a150_s0_r0,7496,0.141,"{""agents"": ""150"", ""comp_time"": ""141"", ""makespan"": ""100"", ""makespan_lb"": ""95"", ""map_file"": ""maze-32-32-4.map"", ""seed"": ""0"", ""soc"": ""7496"", ""soc_lb"": ""5995"", ""solved"": ""1"", ""solver"": ""planner"", ""sum_of_loss"": ""6991"", ""sum_of_loss_lb"": ""5995""}"
lg_lacam_fork:lg_suo_tl,LG-LaCAM (window 20) + SUO + traffic load,maze-32-32-4,maze-32-32-4-random-4,150,1,30.0,solved,0.30607,0.137,7556,101,7055,5995,95,1.260384,0,,/home/carsten/Projects/MAPF/MAPF Evaluator/results/tlcpp-maze-32-4/runs/lg_lacam_fork_lg_suo_tl/maze-32-32-4/maze-32-32-4-random-4_a150_s1_r0,7556,0.137,"{""agents"": ""150"", ""comp_time"": ""137"", ""makespan"": ""101"", ""makespan_lb"": ""95"", ""map_file"": ""maze-32-32-4.map"", ""seed"": ""1"", ""soc"": ""7556"", ""soc_lb"": ""5995"", ""solved"": ""1"", ""solver"": ""planner"", ""sum_of_loss"": ""7104"", ""sum_of_loss_lb"": ""5995""}"
lg_lacam_fork:lg_suo_tl,LG-LaCAM (window 20) + SUO + traffic load,maze-32-32-4,maze-32-32-4-random-4,150,2,30.0,solved,0.231469,0.121,7333,98,6925,5995,95,1.223186,0,,/home/carsten/Projects/MAPF/MAPF Evaluator/results/tlcpp-maze-32-4/runs/lg_lacam_fork_lg_suo_tl/maze-32-32-4/maze-32-32-4-random-4_a150_s2_r0,7333,0.121,"{""agents"": ""150"", ""comp_time"": ""121"", ""makespan"": ""98"", ""makespan_lb"": ""95"", ""map_file"": ""maze-32-32-4.map"", ""seed"": ""2"", ""soc"": ""7333"", ""soc_lb"": ""5995"", ""solved"": ""1"", ""solver"": ""planner"", ""sum_of_loss"": ""6971"", ""sum_of_loss_lb"": ""5995""}"
lg_lacam_fork:lacam,"LaCAM (no guidance, first solution)",maze-32-32-4,maze-32-32-4-random-4,200,0,30.0,solved,0.09931,0.018,19407,185,14350,8050,95,2.410807,0,,/home/carsten/Projects/MAPF/MAPF Evaluator/results/tlcpp-maze-32-4/runs/lg_lacam_fork_lacam/maze-32-32-4/maze-32-32-4-random-4_a200_s0_r0,19407,0.018,"{""agents"": ""200"", ""comp_time"": ""18"", ""makespan"": ""185"", ""makespan_lb"": ""95"", ""map_file"": ""maze-32-32-4.map"", ""seed"": ""0"", ""soc"": ""19407"", ""soc_lb"": ""8050"", ""solved"": ""1"", ""solver"": ""planner"", ""sum_of_loss"": ""14831"", ""sum_of_loss_lb"": ""8050""}"
lg_lacam_fork:lacam,"LaCAM (no guidance, first solution)",maze-32-32-4,maze-32-32-4-random-4,200,1,30.0,solved,0.084657,0.029,17289,148,13562,8050,95,2.147702,0,,/home/carsten/Projects/MAPF/MAPF Evaluator/results/tlcpp-maze-32-4/runs/lg_lacam_fork_lacam/maze-32-32-4/maze-32-32-4-random-4_a200_s1_r0,17289,0.029,"{""agents"": ""200"", ""comp_time"": ""29"", ""makespan"": ""148"", ""makespan_lb"": ""95"", ""map_file"": ""maze-32-32-4.map"", ""seed"": ""1"", ""soc"": ""17289"", ""soc_lb"": ""8050"", ""solved"": ""1"", ""solver"": ""planner"", ""sum_of_loss"": ""14025"", ""sum_of_loss_lb"": ""8050""}"
lg_lacam_fork:lacam,"LaCAM (no guidance, first solution)",maze-32-32-4,maze-32-32-4-random-4,200,2,30.0,solved,0.124897,0.037,21240,221,14744,8050,95,2.638509,0,,/home/carsten/Projects/MAPF/MAPF Evaluator/results/tlcpp-maze-32-4/runs/lg_lacam_fork_lacam/maze-32-32-4/maze-32-32-4-random-4_a200_s2_r0,21240,0.037,"{""agents"": ""200"", ""comp_time"": ""37"", ""makespan"": ""221"", ""makespan_lb"": ""95"", ""map_file"": ""maze-32-32-4.map"", ""seed"": ""2"", ""soc"": ""21240"", ""soc_lb"": ""8050"", ""solved"": ""1"", ""solver"": ""planner"", ""sum_of_loss"": ""15230"", ""sum_of_loss_lb"": ""8050""}"
lg_lacam_fork:tl,"LaCAM + traffic load (tie-break, per config)",maze-32-32-4,maze-32-32-4-random-4,200,1,30.0,solved,0.213221,0.068,17295,207,12359,8050,95,2.148447,0,,/home/carsten/Projects/MAPF/MAPF Evaluator/results/tlcpp-maze-32-4/runs/lg_lacam_fork_tl/maze-32-32-4/maze-32-32-4-random-4_a200_s1_r0,17295,0.068,"{""agents"": ""200"", ""comp_time"": ""68"", ""makespan"": ""207"", ""makespan_lb"": ""95"", ""map_file"": ""maze-32-32-4.map"", ""seed"": ""1"", ""soc"": ""17295"", ""soc_lb"": ""8050"", ""solved"": ""1"", ""solver"": ""planner"", ""sum_of_loss"": ""12759"", ""sum_of_loss_lb"": ""8050""}"
lg_lacam_fork:tl,"LaCAM + traffic load (tie-break, per config)",maze-32-32-4,maze-32-32-4-random-4,200,2,30.0,solved,0.198225,0.054,16380,175,12306,8050,95,2.034783,0,,/home/carsten/Projects/MAPF/MAPF Evaluator/results/tlcpp-maze-32-4/runs/lg_lacam_fork_tl/maze-32-32-4/maze-32-32-4-random-4_a200_s2_r0,16380,0.054,"{""agents"": ""200"", ""comp_time"": ""54"", ""makespan"": ""175"", ""makespan_lb"": ""95"", ""map_file"": ""maze-32-32-4.map"", ""seed"": ""2"", ""soc"": ""16380"", ""soc_lb"": ""8050"", ""solved"": ""1"", ""solver"": ""planner"", ""sum_of_loss"": ""12719"", ""sum_of_loss_lb"": ""8050""}"
lg_lacam_fork:tl,"LaCAM + traffic load (tie-break, per config)",maze-32-32-4,maze-32-32-4-random-4,200,0,30.0,solved,0.32037,0.258,17082,205,12323,8050,95,2.121988,0,,/home/carsten/Projects/MAPF/MAPF Evaluator/results/tlcpp-maze-32-4/runs/lg_lacam_fork_tl/maze-32-32-4/maze-32-32-4-random-4_a200_s0_r0,17082,0.258,"{""agents"": ""200"", ""comp_time"": ""258"", ""makespan"": ""205"", ""makespan_lb"": ""95"", ""map_file"": ""maze-32-32-4.map"", ""seed"": ""0"", ""soc"": ""17082"", ""soc_lb"": ""8050"", ""solved"": ""1"", ""solver"": ""planner"", ""sum_of_loss"": ""12736"", ""sum_of_loss_lb"": ""8050""}"
lg_lacam_fork:tl_agent,"LaCAM + traffic load (tie-break, per agent)",maze-32-32-4,maze-32-32-4-random-4,200,0,30.0,solved,0.206208,0.107,15677,138,12331,8050,95,1.947453,0,,/home/carsten/Projects/MAPF/MAPF Evaluator/results/tlcpp-maze-32-4/runs/lg_lacam_fork_tl_agent/maze-32-32-4/maze-32-32-4-random-4_a200_s0_r0,15677,0.107,"{""agents"": ""200"", ""comp_time"": ""107"", ""makespan"": ""138"", ""makespan_lb"": ""95"", ""map_file"": ""maze-32-32-4.map"", ""seed"": ""0"", ""soc"": ""15677"", ""soc_lb"": ""8050"", ""solved"": ""1"", ""solver"": ""planner"", ""sum_of_loss"": ""12719"", ""sum_of_loss_lb"": ""8050""}"
lg_lacam_fork:tl_agent,"LaCAM + traffic load (tie-break, per agent)",maze-32-32-4,maze-32-32-4-random-4,200,1,30.0,solved,0.196286,0.099,15638,143,12344,8050,95,1.942609,0,,/home/carsten/Projects/MAPF/MAPF Evaluator/results/tlcpp-maze-32-4/runs/lg_lacam_fork_tl_agent/maze-32-32-4/maze-32-32-4-random-4_a200_s1_r0,15638,0.099,"{""agents"": ""200"", ""comp_time"": ""99"", ""makespan"": ""143"", ""makespan_lb"": ""95"", ""map_file"": ""maze-32-32-4.map"", ""seed"": ""1"", ""soc"": ""15638"", ""soc_lb"": ""8050"", ""solved"": ""1"", ""solver"": ""planner"", ""sum_of_loss"": ""12730"", ""sum_of_loss_lb"": ""8050""}"
lg_lacam_fork:tl_agent,"LaCAM + traffic load (tie-break, per agent)",maze-32-32-4,maze-32-32-4-random-4,200,2,30.0,solved,0.382716,0.289,16210,188,12410,8050,95,2.013665,0,,/home/carsten/Projects/MAPF/MAPF Evaluator/results/tlcpp-maze-32-4/runs/lg_lacam_fork_tl_agent/maze-32-32-4/maze-32-32-4-random-4_a200_s2_r0,16210,0.289,"{""agents"": ""200"", ""comp_time"": ""289"", ""makespan"": ""188"", ""makespan_lb"": ""95"", ""map_file"": ""maze-32-32-4.map"", ""seed"": ""2"", ""soc"": ""16210"", ""soc_lb"": ""8050"", ""solved"": ""1"", ""solver"": ""planner"", ""sum_of_loss"": ""12771"", ""sum_of_loss_lb"": ""8050""}"
lg_lacam_fork:tl_static,LaCAM + traffic load (static map from starts),maze-32-32-4,maze-32-32-4-random-4,200,0,30.0,solved,0.179207,0.097,18086,212,14115,8050,95,2.246708,0,,/home/carsten/Projects/MAPF/MAPF Evaluator/results/tlcpp-maze-32-4/runs/lg_lacam_fork_tl_static/maze-32-32-4/maze-32-32-4-random-4_a200_s0_r0,18086,0.097,"{""agents"": ""200"", ""comp_time"": ""97"", ""makespan"": ""212"", ""makespan_lb"": ""95"", ""map_file"": ""maze-32-32-4.map"", ""seed"": ""0"", ""soc"": ""18086"", ""soc_lb"": ""8050"", ""solved"": ""1"", ""solver"": ""planner"", ""sum_of_loss"": ""14789"", ""sum_of_loss_lb"": ""8050""}"
lg_lacam_fork:tl_static,LaCAM + traffic load (static map from starts),maze-32-32-4,maze-32-32-4-random-4,200,1,30.0,solved,0.150392,0.051,18325,220,14168,8050,95,2.276398,0,,/home/carsten/Projects/MAPF/MAPF Evaluator/results/tlcpp-maze-32-4/runs/lg_lacam_fork_tl_static/maze-32-32-4/maze-32-32-4-random-4_a200_s1_r0,18325,0.051,"{""agents"": ""200"", ""comp_time"": ""51"", ""makespan"": ""220"", ""makespan_lb"": ""95"", ""map_file"": ""maze-32-32-4.map"", ""seed"": ""1"", ""soc"": ""18325"", ""soc_lb"": ""8050"", ""solved"": ""1"", ""solver"": ""planner"", ""sum_of_loss"": ""14864"", ""sum_of_loss_lb"": ""8050""}"
lg_lacam_fork:tl_static,LaCAM + traffic load (static map from starts),maze-32-32-4,maze-32-32-4-random-4,200,2,30.0,solved,0.304017,0.104,18079,216,14096,8050,95,2.245839,0,,/home/carsten/Projects/MAPF/MAPF Evaluator/results/tlcpp-maze-32-4/runs/lg_lacam_fork_tl_static/maze-32-32-4/maze-32-32-4-random-4_a200_s2_r0,18079,0.104,"{""agents"": ""200"", ""comp_time"": ""104"", ""makespan"": ""216"", ""makespan_lb"": ""95"", ""map_file"": ""maze-32-32-4.map"", ""seed"": ""2"", ""soc"": ""18079"", ""soc_lb"": ""8050"", ""solved"": ""1"", ""solver"": ""planner"", ""sum_of_loss"": ""14772"", ""sum_of_loss_lb"": ""8050""}"
lg_lacam_fork:suo,LaCAM3 = SUO (first solution),maze-32-32-4,maze-32-32-4-random-4,200,0,30.0,solved,0.37551,0.154,16525,156,13129,8050,95,2.052795,0,,/home/carsten/Projects/MAPF/MAPF Evaluator/results/tlcpp-maze-32-4/runs/lg_lacam_fork_suo/maze-32-32-4/maze-32-32-4-random-4_a200_s0_r0,16525,0.154,"{""agents"": ""200"", ""comp_time"": ""154"", ""makespan"": ""156"", ""makespan_lb"": ""95"", ""map_file"": ""maze-32-32-4.map"", ""seed"": ""0"", ""soc"": ""16525"", ""soc_lb"": ""8050"", ""solved"": ""1"", ""solver"": ""planner"", ""sum_of_loss"": ""13518"", ""sum_of_loss_lb"": ""8050""}"
lg_lacam_fork:suo,LaCAM3 = SUO (first solution),maze-32-32-4,maze-32-32-4-random-4,200,2,30.0,solved,0.288157,0.191,17206,166,13046,8050,95,2.137391,0,,/home/carsten/Projects/MAPF/MAPF Evaluator/results/tlcpp-maze-32-4/runs/lg_lacam_fork_suo/maze-32-32-4/maze-32-32-4-random-4_a200_s2_r0,17206,0.191,"{""agents"": ""200"", ""comp_time"": ""191"", ""makespan"": ""166"", ""makespan_lb"": ""95"", ""map_file"": ""maze-32-32-4.map"", ""seed"": ""2"", ""soc"": ""17206"", ""soc_lb"": ""8050"", ""solved"": ""1"", ""solver"": ""planner"", ""sum_of_loss"": ""13389"", ""sum_of_loss_lb"": ""8050""}"
lg_lacam_fork:suo,LaCAM3 = SUO (first solution),maze-32-32-4,maze-32-32-4-random-4,200,1,30.0,solved,0.360346,0.242,18552,203,13795,8050,95,2.304596,0,,/home/carsten/Projects/MAPF/MAPF Evaluator/results/tlcpp-maze-32-4/runs/lg_lacam_fork_suo/maze-32-32-4/maze-32-32-4-random-4_a200_s1_r0,18552,0.242,"{""agents"": ""200"", ""comp_time"": ""242"", ""makespan"": ""203"", ""makespan_lb"": ""95"", ""map_file"": ""maze-32-32-4.map"", ""seed"": ""1"", ""soc"": ""18552"", ""soc_lb"": ""8050"", ""solved"": ""1"", ""solver"": ""planner"", ""sum_of_loss"": ""14199"", ""sum_of_loss_lb"": ""8050""}"
lg_lacam_fork:suo_tl,SUO + traffic load,maze-32-32-4,maze-32-32-4-random-4,200,0,30.0,solved,0.256766,0.106,16907,219,13126,8050,95,2.100248,0,,/home/carsten/Projects/MAPF/MAPF Evaluator/results/tlcpp-maze-32-4/runs/lg_lacam_fork_suo_tl/maze-32-32-4/maze-32-32-4-random-4_a200_s0_r0,16907,0.106,"{""agents"": ""200"", ""comp_time"": ""106"", ""makespan"": ""219"", ""makespan_lb"": ""95"", ""map_file"": ""maze-32-32-4.map"", ""seed"": ""0"", ""soc"": ""16907"", ""soc_lb"": ""8050"", ""solved"": ""1"", ""solver"": ""planner"", ""sum_of_loss"": ""13472"", ""sum_of_loss_lb"": ""8050""}"
lg_lacam_fork:suo_tl,SUO + traffic load,maze-32-32-4,maze-32-32-4-random-4,200,1,30.0,solved,0.357084,0.249,15847,193,12237,8050,95,1.968571,0,,/home/carsten/Projects/MAPF/MAPF Evaluator/results/tlcpp-maze-32-4/runs/lg_lacam_fork_suo_tl/maze-32-32-4/maze-32-32-4-random-4_a200_s1_r0,15847,0.249,"{""agents"": ""200"", ""comp_time"": ""249"", ""makespan"": ""193"", ""makespan_lb"": ""95"", ""map_file"": ""maze-32-32-4.map"", ""seed"": ""1"", ""soc"": ""15847"", ""soc_lb"": ""8050"", ""solved"": ""1"", ""solver"": ""planner"", ""sum_of_loss"": ""12534"", ""sum_of_loss_lb"": ""8050""}"
lg_lacam_fork:suo_tl,SUO + traffic load,maze-32-32-4,maze-32-32-4-random-4,200,2,30.0,solved,0.279204,0.153,15922,217,12562,8050,95,1.977888,0,,/home/carsten/Projects/MAPF/MAPF Evaluator/results/tlcpp-maze-32-4/runs/lg_lacam_fork_suo_tl/maze-32-32-4/maze-32-32-4-random-4_a200_s2_r0,15922,0.153,"{""agents"": ""200"", ""comp_time"": ""153"", ""makespan"": ""217"", ""makespan_lb"": ""95"", ""map_file"": ""maze-32-32-4.map"", ""seed"": ""2"", ""soc"": ""15922"", ""soc_lb"": ""8050"", ""solved"": ""1"", ""solver"": ""planner"", ""sum_of_loss"": ""12898"", ""sum_of_loss_lb"": ""8050""}"
lg_lacam_fork:lg,"LG-LaCAM (window 20, first solution)",maze-32-32-4,maze-32-32-4-random-4,200,1,30.0,solved,0.47228,0.337,13372,151,11465,8050,95,1.661118,0,,/home/carsten/Projects/MAPF/MAPF Evaluator/results/tlcpp-maze-32-4/runs/lg_lacam_fork_lg/maze-32-32-4/maze-32-32-4-random-4_a200_s1_r0,13372,0.337,"{""agents"": ""200"", ""comp_time"": ""337"", ""makespan"": ""151"", ""makespan_lb"": ""95"", ""map_file"": ""maze-32-32-4.map"", ""seed"": ""1"", ""soc"": ""13372"", ""soc_lb"": ""8050"", ""solved"": ""1"", ""solver"": ""planner"", ""sum_of_loss"": ""11655"", ""sum_of_loss_lb"": ""8050""}"
lg_lacam_fork:lg,"LG-LaCAM (window 20, first solution)",maze-32-32-4,maze-32-32-4-random-4,200,2,30.0,solved,0.436264,0.235,12700,133,11115,8050,95,1.57764,0,,/home/carsten/Projects/MAPF/MAPF Evaluator/results/tlcpp-maze-32-4/runs/lg_lacam_fork_lg/maze-32-32-4/maze-32-32-4-random-4_a200_s2_r0,12700,0.235,"{""agents"": ""200"", ""comp_time"": ""235"", ""makespan"": ""133"", ""makespan_lb"": ""95"", ""map_file"": ""maze-32-32-4.map"", ""seed"": ""2"", ""soc"": ""12700"", ""soc_lb"": ""8050"", ""solved"": ""1"", ""solver"": ""planner"", ""sum_of_loss"": ""11284"", ""sum_of_loss_lb"": ""8050""}"
lg_lacam_fork:lg,"LG-LaCAM (window 20, first solution)",maze-32-32-4,maze-32-32-4-random-4,200,0,30.0,solved,0.854628,0.761,14416,180,11796,8050,95,1.790807,0,,/home/carsten/Projects/MAPF/MAPF Evaluator/results/tlcpp-maze-32-4/runs/lg_lacam_fork_lg/maze-32-32-4/maze-32-32-4-random-4_a200_s0_r0,14416,0.761,"{""agents"": ""200"", ""comp_time"": ""761"", ""makespan"": ""180"", ""makespan_lb"": ""95"", ""map_file"": ""maze-32-32-4.map"", ""seed"": ""0"", ""soc"": ""14416"", ""soc_lb"": ""8050"", ""solved"": ""1"", ""solver"": ""planner"", ""sum_of_loss"": ""11990"", ""sum_of_loss_lb"": ""8050""}"
lg_lacam_fork:lg_tl,LG-LaCAM (window 20) + traffic load,maze-32-32-4,maze-32-32-4-random-4,200,0,30.0,solved,0.440672,0.368,13296,177,11605,8050,95,1.651677,0,,/home/carsten/Projects/MAPF/MAPF Evaluator/results/tlcpp-maze-32-4/runs/lg_lacam_fork_lg_tl/maze-32-32-4/maze-32-32-4-random-4_a200_s0_r0,13296,0.368,"{""agents"": ""200"", ""comp_time"": ""368"", ""makespan"": ""177"", ""makespan_lb"": ""95"", ""map_file"": ""maze-32-32-4.map"", ""seed"": ""0"", ""soc"": ""13296"", ""soc_lb"": ""8050"", ""solved"": ""1"", ""solver"": ""planner"", ""sum_of_loss"": ""11788"", ""sum_of_loss_lb"": ""8050""}"
lg_lacam_fork:lg_tl,LG-LaCAM (window 20) + traffic load,maze-32-32-4,maze-32-32-4-random-4,200,2,30.0,solved,1.161793,1.034,12601,165,11050,8050,95,1.565342,0,,/home/carsten/Projects/MAPF/MAPF Evaluator/results/tlcpp-maze-32-4/runs/lg_lacam_fork_lg_tl/maze-32-32-4/maze-32-32-4-random-4_a200_s2_r0,12601,1.034,"{""agents"": ""200"", ""comp_time"": ""1034"", ""makespan"": ""165"", ""makespan_lb"": ""95"", ""map_file"": ""maze-32-32-4.map"", ""seed"": ""2"", ""soc"": ""12601"", ""soc_lb"": ""8050"", ""solved"": ""1"", ""solver"": ""planner"", ""sum_of_loss"": ""11203"", ""sum_of_loss_lb"": ""8050""}"
lg_lacam_fork:lg_suo,LG-LaCAM (window 20) + SUO,maze-32-32-4,maze-32-32-4-random-4,200,0,30.0,solved,1.295778,1.011,12732,111,11090,8050,95,1.581615,0,,/home/carsten/Projects/MAPF/MAPF Evaluator/results/tlcpp-maze-32-4/runs/lg_lacam_fork_lg_suo/maze-32-32-4/maze-32-32-4-random-4_a200_s0_r0,12732,1.011,"{""agents"": ""200"", ""comp_time"": ""1011"", ""makespan"": ""111"", ""makespan_lb"": ""95"", ""map_file"": ""maze-32-32-4.map"", ""seed"": ""0"", ""soc"": ""12732"", ""soc_lb"": ""8050"", ""solved"": ""1"", ""solver"": ""planner"", ""sum_of_loss"": ""11274"", ""sum_of_loss_lb"": ""8050""}"
lg_lacam_fork:lg_tl,LG-LaCAM (window 20) + traffic load,maze-32-32-4,maze-32-32-4-random-4,200,1,30.0,solved,1.628893,1.508,12466,150,10907,8050,95,1.548571,0,,/home/carsten/Projects/MAPF/MAPF Evaluator/results/tlcpp-maze-32-4/runs/lg_lacam_fork_lg_tl/maze-32-32-4/maze-32-32-4-random-4_a200_s1_r0,12466,1.508,"{""agents"": ""200"", ""comp_time"": ""1508"", ""makespan"": ""150"", ""makespan_lb"": ""95"", ""map_file"": ""maze-32-32-4.map"", ""seed"": ""1"", ""soc"": ""12466"", ""soc_lb"": ""8050"", ""solved"": ""1"", ""solver"": ""planner"", ""sum_of_loss"": ""11074"", ""sum_of_loss_lb"": ""8050""}"
lg_lacam_fork:lg_suo,LG-LaCAM (window 20) + SUO,maze-32-32-4,maze-32-32-4-random-4,200,2,30.0,solved,0.565253,0.387,13694,160,11666,8050,95,1.701118,0,,/home/carsten/Projects/MAPF/MAPF Evaluator/results/tlcpp-maze-32-4/runs/lg_lacam_fork_lg_suo/maze-32-32-4/maze-32-32-4-random-4_a200_s2_r0,13694,0.387,"{""agents"": ""200"", ""comp_time"": ""387"", ""makespan"": ""160"", ""makespan_lb"": ""95"", ""map_file"": ""maze-32-32-4.map"", ""seed"": ""2"", ""soc"": ""13694"", ""soc_lb"": ""8050"", ""solved"": ""1"", ""solver"": ""planner"", ""sum_of_loss"": ""11865"", ""sum_of_loss_lb"": ""8050""}"
lg_lacam_fork:lg_suo_tl,LG-LaCAM (window 20) + SUO + traffic load,maze-32-32-4,maze-32-32-4-random-4,200,0,30.0,solved,1.029087,0.932,12486,153,10919,8050,95,1.551056,0,,/home/carsten/Projects/MAPF/MAPF Evaluator/results/tlcpp-maze-32-4/runs/lg_lacam_fork_lg_suo_tl/maze-32-32-4/maze-32-32-4-random-4_a200_s0_r0,12486,0.932,"{""agents"": ""200"", ""comp_time"": ""932"", ""makespan"": ""153"", ""makespan_lb"": ""95"", ""map_file"": ""maze-32-32-4.map"", ""seed"": ""0"", ""soc"": ""12486"", ""soc_lb"": ""8050"", ""solved"": ""1"", ""solver"": ""planner"", ""sum_of_loss"": ""11100"", ""sum_of_loss_lb"": ""8050""}"
lg_lacam_fork:lacam,"LaCAM (no guidance, first solution)",maze-32-32-4,maze-32-32-4-random-5,50,0,30.0,solved,0.065623,0.009,3005,98,2672,2323,98,1.293586,0,,/home/carsten/Projects/MAPF/MAPF Evaluator/results/tlcpp-maze-32-4/runs/lg_lacam_fork_lacam/maze-32-32-4/maze-32-32-4-random-5_a50_s0_r0,3005,0.009,"{""agents"": ""50"", ""comp_time"": ""9"", ""makespan"": ""98"", ""makespan_lb"": ""98"", ""map_file"": ""maze-32-32-4.map"", ""seed"": ""0"", ""soc"": ""3005"", ""soc_lb"": ""2323"", ""solved"": ""1"", ""solver"": ""planner"", ""sum_of_loss"": ""2724"", ""sum_of_loss_lb"": ""2323""}"
lg_lacam_fork:lacam,"LaCAM (no guidance, first solution)",maze-32-32-4,maze-32-32-4-random-5,50,1,30.0,solved,0.045237,0.017,3123,98,2728,2323,98,1.344382,0,,/home/carsten/Projects/MAPF/MAPF Evaluator/results/tlcpp-maze-32-4/runs/lg_lacam_fork_lacam/maze-32-32-4/maze-32-32-4-random-5_a50_s1_r0,3123,0.017,"{""agents"": ""50"", ""comp_time"": ""17"", ""makespan"": ""98"", ""makespan_lb"": ""98"", ""map_file"": ""maze-32-32-4.map"", ""seed"": ""1"", ""soc"": ""3123"", ""soc_lb"": ""2323"", ""solved"": ""1"", ""solver"": ""planner"", ""sum_of_loss"": ""2778"", ""sum_of_loss_lb"": ""2323""}"
lg_lacam_fork:lg_suo,LG-LaCAM (window 20) + SUO,maze-32-32-4,maze-32-32-4-random-4,200,1,30.0,solved,2.743217,2.567,13595,175,11594,8050,95,1.68882,0,,/home/carsten/Projects/MAPF/MAPF Evaluator/results/tlcpp-maze-32-4/runs/lg_lacam_fork_lg_suo/maze-32-32-4/maze-32-32-4-random-4_a200_s1_r0,13595,2.567,"{""agents"": ""200"", ""comp_time"": ""2567"", ""makespan"": ""175"", ""makespan_lb"": ""95"", ""map_file"": ""maze-32-32-4.map"", ""seed"": ""1"", ""soc"": ""13595"", ""soc_lb"": ""8050"", ""solved"": ""1"", ""solver"": ""planner"", ""sum_of_loss"": ""11788"", ""sum_of_loss_lb"": ""8050""}"
lg_lacam_fork:lacam,"LaCAM (no guidance, first solution)",maze-32-32-4,maze-32-32-4-random-5,50,2,30.0,solved,0.087058,0.013,2955,98,2663,2323,98,1.272062,0,,/home/carsten/Projects/MAPF/MAPF Evaluator/results/tlcpp-maze-32-4/runs/lg_lacam_fork_lacam/maze-32-32-4/maze-32-32-4-random-5_a50_s2_r0,2955,0.013,"{""agents"": ""50"", ""comp_time"": ""13"", ""makespan"": ""98"", ""makespan_lb"": ""98"", ""map_file"": ""maze-32-32-4.map"", ""seed"": ""2"", ""soc"": ""2955"", ""soc_lb"": ""2323"", ""solved"": ""1"", ""solver"": ""planner"", ""sum_of_loss"": ""2712"", ""sum_of_loss_lb"": ""2323""}"
lg_lacam_fork:lg_suo_tl,LG-LaCAM (window 20) + SUO + traffic load,maze-32-32-4,maze-32-32-4-random-4,200,2,30.0,solved,0.857799,0.751,12043,114,10729,8050,95,1.496025,0,,/home/carsten/Projects/MAPF/MAPF Evaluator/results/tlcpp-maze-32-4/runs/lg_lacam_fork_lg_suo_tl/maze-32-32-4/maze-32-32-4-random-4_a200_s2_r0,12043,0.751,"{""agents"": ""200"", ""comp_time"": ""751"", ""makespan"": ""114"", ""makespan_lb"": ""95"", ""map_file"": ""maze-32-32-4.map"", ""seed"": ""2"", ""soc"": ""12043"", ""soc_lb"": ""8050"", ""solved"": ""1"", ""solver"": ""planner"", ""sum_of_loss"": ""10900"", ""sum_of_loss_lb"": ""8050""}"
lg_lacam_fork:lg_suo_tl,LG-LaCAM (window 20) + SUO + traffic load,maze-32-32-4,maze-32-32-4-random-4,200,1,30.0,solved,1.200242,1.105,13005,153,11406,8050,95,1.615528,0,,/home/carsten/Projects/MAPF/MAPF Evaluator/results/tlcpp-maze-32-4/runs/lg_lacam_fork_lg_suo_tl/maze-32-32-4/maze-32-32-4-random-4_a200_s1_r0,13005,1.105,"{""agents"": ""200"", ""comp_time"": ""1105"", ""makespan"": ""153"", ""makespan_lb"": ""95"", ""map_file"": ""maze-32-32-4.map"", ""seed"": ""1"", ""soc"": ""13005"", ""soc_lb"": ""8050"", ""solved"": ""1"", ""solver"": ""planner"", ""sum_of_loss"": ""11565"", ""sum_of_loss_lb"": ""8050""}"
lg_lacam_fork:tl,"LaCAM + traffic load (tie-break, per config)",maze-32-32-4,maze-32-32-4-random-5,50,0,30.0,solved,0.065702,0.009,2796,100,2572,2323,98,1.203616,0,,/home/carsten/Projects/MAPF/MAPF Evaluator/results/tlcpp-maze-32-4/runs/lg_lacam_fork_tl/maze-32-32-4/maze-32-32-4-random-5_a50_s0_r0,2796,0.009,"{""agents"": ""50"", ""comp_time"": ""9"", ""makespan"": ""100"", ""makespan_lb"": ""98"", ""map_file"": ""maze-32-32-4.map"", ""seed"": ""0"", ""soc"": ""2796"", ""soc_lb"": ""2323"", ""solved"": ""1"", ""solver"": ""planner"", ""sum_of_loss"": ""2615"", ""sum_of_loss_lb"": ""2323""}"
lg_lacam_fork:tl,"LaCAM + traffic load (tie-break, per config)",maze-32-32-4,maze-32-32-4-random-5,50,1,30.0,solved,0.038195,0.012,2776,98,2526,2323,98,1.195006,0,,/home/carsten/Projects/MAPF/MAPF Evaluator/results/tlcpp-maze-32-4/runs/lg_lacam_fork_tl/maze-32-32-4/maze-32-32-4-random-5_a50_s1_r0,2776,0.012,"{""agents"": ""50"", ""comp_time"": ""12"", ""makespan"": ""98"", ""makespan_lb"": ""98"", ""map_file"": ""maze-32-32-4.map"", ""seed"": ""1"", ""soc"": ""2776"", ""soc_lb"": ""2323"", ""solved"": ""1"", ""solver"": ""planner"", ""sum_of_loss"": ""2571"", ""sum_of_loss_lb"": ""2323""}"
lg_lacam_fork:tl_agent,"LaCAM + traffic load (tie-break, per agent)",maze-32-32-4,maze-32-32-4-random-5,50,0,30.0,solved,0.035733,0.014,2730,98,2509,2323,98,1.175204,0,,/home/carsten/Projects/MAPF/MAPF Evaluator/results/tlcpp-maze-32-4/runs/lg_lacam_fork_tl_agent/maze-32-32-4/maze-32-32-4-random-5_a50_s0_r0,2730,0.014,"{""agents"": ""50"", ""comp_time"": ""14"", ""makespan"": ""98"", ""makespan_lb"": ""98"", ""map_file"": ""maze-32-32-4.map"", ""seed"": ""0"", ""soc"": ""2730"", ""soc_lb"": ""2323"", ""solved"": ""1"", ""solver"": ""planner"", ""sum_of_loss"": ""2554"", ""sum_of_loss_lb"": ""2323""}"
lg_lacam_fork:tl_agent,"LaCAM + traffic load (tie-break, per agent)",maze-32-32-4,maze-32-32-4-random-5,50,1,30.0,solved,0.045987,0.017,2758,98,2513,2323,98,1.187258,0,,/home/carsten/Projects/MAPF/MAPF Evaluator/results/tlcpp-maze-32-4/runs/lg_lacam_fork_tl_agent/maze-32-32-4/maze-32-32-4-random-5_a50_s1_r0,2758,0.017,"{""agents"": ""50"", ""comp_time"": ""17"", ""makespan"": ""98"", ""makespan_lb"": ""98"", ""map_file"": ""maze-32-32-4.map"", ""seed"": ""1"", ""soc"": ""2758"", ""soc_lb"": ""2323"", ""solved"": ""1"", ""solver"": ""planner"", ""sum_of_loss"": ""2559"", ""sum_of_loss_lb"": ""2323""}"
lg_lacam_fork:tl,"LaCAM + traffic load (tie-break, per config)",maze-32-32-4,maze-32-32-4-random-5,50,2,30.0,solved,0.051752,0.016,2793,100,2575,2323,98,1.202325,0,,/home/carsten/Projects/MAPF/MAPF Evaluator/results/tlcpp-maze-32-4/runs/lg_lacam_fork_tl/maze-32-32-4/maze-32-32-4-random-5_a50_s2_r0,2793,0.016,"{""agents"": ""50"", ""comp_time"": ""16"", ""makespan"": ""100"", ""makespan_lb"": ""98"", ""map_file"": ""maze-32-32-4.map"", ""seed"": ""2"", ""soc"": ""2793"", ""soc_lb"": ""2323"", ""solved"": ""1"", ""solver"": ""planner"", ""sum_of_loss"": ""2620"", ""sum_of_loss_lb"": ""2323""}"
lg_lacam_fork:tl_agent,"LaCAM + traffic load (tie-break, per agent)",maze-32-32-4,maze-32-32-4-random-5,50,2,30.0,solved,0.059011,0.022,2772,98,2515,2323,98,1.193285,0,,/home/carsten/Projects/MAPF/MAPF Evaluator/results/tlcpp-maze-32-4/runs/lg_lacam_fork_tl_agent/maze-32-32-4/maze-32-32-4-random-5_a50_s2_r0,2772,0.022,"{""agents"": ""50"", ""comp_time"": ""22"", ""makespan"": ""98"", ""makespan_lb"": ""98"", ""map_file"": ""maze-32-32-4.map"", ""seed"": ""2"", ""soc"": ""2772"", ""soc_lb"": ""2323"", ""solved"": ""1"", ""solver"": ""planner"", ""sum_of_loss"": ""2562"", ""sum_of_loss_lb"": ""2323""}"
lg_lacam_fork:tl_static,LaCAM + traffic load (static map from starts),maze-32-32-4,maze-32-32-4-random-5,50,1,30.0,solved,0.072135,0.041,2828,98,2610,2323,98,1.217391,0,,/home/carsten/Projects/MAPF/MAPF Evaluator/results/tlcpp-maze-32-4/runs/lg_lacam_fork_tl_static/maze-32-32-4/maze-32-32-4-random-5_a50_s1_r0,2828,0.041,"{""agents"": ""50"", ""comp_time"": ""41"", ""makespan"": ""98"", ""makespan_lb"": ""98"", ""map_file"": ""maze-32-32-4.map"", ""seed"": ""1"", ""soc"": ""2828"", ""soc_lb"": ""2323"", ""solved"": ""1"", ""solver"": ""planner"", ""sum_of_loss"": ""2645"", ""sum_of_loss_lb"": ""2323""}"
lg_lacam_fork:tl_static,LaCAM + traffic load (static map from starts),maze-32-32-4,maze-32-32-4-random-5,50,0,30.0,solved,0.100788,0.036,2830,98,2605,2323,98,1.218252,0,,/home/carsten/Projects/MAPF/MAPF Evaluator/results/tlcpp-maze-32-4/runs/lg_lacam_fork_tl_static/maze-32-32-4/maze-32-32-4-random-5_a50_s0_r0,2830,0.036,"{""agents"": ""50"", ""comp_time"": ""36"", ""makespan"": ""98"", ""makespan_lb"": ""98"", ""map_file"": ""maze-32-32-4.map"", ""seed"": ""0"", ""soc"": ""2830"", ""soc_lb"": ""2323"", ""solved"": ""1"", ""solver"": ""planner"", ""sum_of_loss"": ""2642"", ""sum_of_loss_lb"": ""2323""}"
lg_lacam_fork:tl_static,LaCAM + traffic load (static map from starts),maze-32-32-4,maze-32-32-4-random-5,50,2,30.0,solved,0.079633,0.03,2815,98,2600,2323,98,1.211795,0,,/home/carsten/Projects/MAPF/MAPF Evaluator/results/tlcpp-maze-32-4/runs/lg_lacam_fork_tl_static/maze-32-32-4/maze-32-32-4-random-5_a50_s2_r0,2815,0.03,"{""agents"": ""50"", ""comp_time"": ""30"", ""makespan"": ""98"", ""makespan_lb"": ""98"", ""map_file"": ""maze-32-32-4.map"", ""seed"": ""2"", ""soc"": ""2815"", ""soc_lb"": ""2323"", ""solved"": ""1"", ""solver"": ""planner"", ""sum_of_loss"": ""2636"", ""sum_of_loss_lb"": ""2323""}"
lg_lacam_fork:suo,LaCAM3 = SUO (first solution),maze-32-32-4,maze-32-32-4-random-5,50,0,30.0,solved,0.109915,0.048,2562,102,2507,2323,98,1.102884,0,,/home/carsten/Projects/MAPF/MAPF Evaluator/results/tlcpp-maze-32-4/runs/lg_lacam_fork_suo/maze-32-32-4/maze-32-32-4-random-5_a50_s0_r0,2562,0.048,"{""agents"": ""50"", ""comp_time"": ""48"", ""makespan"": ""102"", ""makespan_lb"": ""98"", ""map_file"": ""maze-32-32-4.map"", ""seed"": ""0"", ""soc"": ""2562"", ""soc_lb"": ""2323"", ""solved"": ""1"", ""solver"": ""planner"", ""sum_of_loss"": ""2512"", ""sum_of_loss_lb"": ""2323""}"
lg_lacam_fork:suo,LaCAM3 = SUO (first solution),maze-32-32-4,maze-32-32-4-random-5,50,1,30.0,solved,0.12759,0.119,2618,106,2539,2323,98,1.126991,0,,/home/carsten/Projects/MAPF/MAPF Evaluator/results/tlcpp-maze-32-4/runs/lg_lacam_fork_suo/maze-32-32-4/maze-32-32-4-random-5_a50_s1_r0,2618,0.119,"{""agents"": ""50"", ""comp_time"": ""119"", ""makespan"": ""106"", ""makespan_lb"": ""98"", ""map_file"": ""maze-32-32-4.map"", ""seed"": ""1"", ""soc"": ""2618"", ""soc_lb"": ""2323"", ""solved"": ""1"", ""solver"": ""planner"", ""sum_of_loss"": ""2559"", ""sum_of_loss_lb"": ""2323""}"
lg_lacam_fork:suo_tl,SUO + traffic load,maze-32-32-4,maze-32-32-4-random-5,50,1,30.0,solved,0.049273,0.024,2567,106,2512,2323,98,1.105037,0,,/home/carsten/Projects/MAPF/MAPF Evaluator/results/tlcpp-maze-32-4/runs/lg_lacam_fork_suo_tl/maze-32-32-4/maze-32-32-4-random-5_a50_s1_r0,2567,0.024,"{""agents"": ""50"", ""comp_time"": ""24"", ""makespan"": ""106"", ""makespan_lb"": ""98"", ""map_file"": ""maze-32-32-4.map"", ""seed"": ""1"", ""soc"": ""2567"", ""soc_lb"": ""2323"", ""solved"": ""1"", ""solver"": ""planner"", ""sum_of_loss"": ""2524"", ""sum_of_loss_lb"": ""2323""}"
lg_lacam_fork:suo_tl,SUO + traffic load,maze-32-32-4,maze-32-32-4-random-5,50,2,30.0,solved,0.044208,0.026,2548,104,2497,2323,98,1.096858,0,,/home/carsten/Projects/MAPF/MAPF Evaluator/results/tlcpp-maze-32-4/runs/lg_lacam_fork_suo_tl/maze-32-32-4/maze-32-32-4-random-5_a50_s2_r0,2548,0.026,"{""agents"": ""50"", ""comp_time"": ""26"", ""makespan"": ""104"", ""makespan_lb"": ""98"", ""map_file"": ""maze-32-32-4.map"", ""seed"": ""2"", ""soc"": ""2548"", ""soc_lb"": ""2323"", ""solved"": ""1"", ""solver"": ""planner"", ""sum_of_loss"": ""2502"", ""sum_of_loss_lb"": ""2323""}"
lg_lacam_fork:suo,LaCAM3 = SUO (first solution),maze-32-32-4,maze-32-32-4-random-5,50,2,30.0,solved,0.110897,0.065,2624,104,2539,2323,98,1.129574,0,,/home/carsten/Projects/MAPF/MAPF Evaluator/results/tlcpp-maze-32-4/runs/lg_lacam_fork_suo/maze-32-32-4/maze-32-32-4-random-5_a50_s2_r0,2624,0.065,"{""agents"": ""50"", ""comp_time"": ""65"", ""makespan"": ""104"", ""makespan_lb"": ""98"", ""map_file"": ""maze-32-32-4.map"", ""seed"": ""2"", ""soc"": ""2624"", ""soc_lb"": ""2323"", ""solved"": ""1"", ""solver"": ""planner"", ""sum_of_loss"": ""2550"", ""sum_of_loss_lb"": ""2323""}"
lg_lacam_fork:suo_tl,SUO + traffic load,maze-32-32-4,maze-32-32-4-random-5,50,0,30.0,solved,0.145665,0.092,2557,102,2484,2323,98,1.100732,0,,/home/carsten/Projects/MAPF/MAPF Evaluator/results/tlcpp-maze-32-4/runs/lg_lacam_fork_suo_tl/maze-32-32-4/maze-32-32-4-random-5_a50_s0_r0,2557,0.092,"{""agents"": ""50"", ""comp_time"": ""92"", ""makespan"": ""102"", ""makespan_lb"": ""98"", ""map_file"": ""maze-32-32-4.map"", ""seed"": ""0"", ""soc"": ""2557"", ""soc_lb"": ""2323"", ""solved"": ""1"", ""solver"": ""planner"", ""sum_of_loss"": ""2492"", ""sum_of_loss_lb"": ""2323""}"
lg_lacam_fork:lg,"LG-LaCAM (window 20, first solution)",maze-32-32-4,maze-32-32-4-random-5,50,0,30.0,solved,0.091085,0.077,2525,104,2469,2323,98,1.086957,0,,/home/carsten/Projects/MAPF/MAPF Evaluator/results/tlcpp-maze-32-4/runs/lg_lacam_fork_lg/maze-32-32-4/maze-32-32-4-random-5_a50_s0_r0,2525,0.077,"{""agents"": ""50"", ""comp_time"": ""77"", ""makespan"": ""104"", ""makespan_lb"": ""98"", ""map_file"": ""maze-32-32-4.map"", ""seed"": ""0"", ""soc"": ""2525"", ""soc_lb"": ""2323"", ""solved"": ""1"", ""solver"": ""planner"", ""sum_of_loss"": ""2479"", ""sum_of_loss_lb"": ""2323""}"
lg_lacam_fork:lg,"LG-LaCAM (window 20, first solution)",maze-32-32-4,maze-32-32-4-random-5,50,1,30.0,solved,0.090644,0.045,2556,100,2478,2323,98,1.100301,0,,/home/carsten/Projects/MAPF/MAPF Evaluator/results/tlcpp-maze-32-4/runs/lg_lacam_fork_lg/maze-32-32-4/maze-32-32-4-random-5_a50_s1_r0,2556,0.045,"{""agents"": ""50"", ""comp_time"": ""45"", ""makespan"": ""100"", ""makespan_lb"": ""98"", ""map_file"": ""maze-32-32-4.map"", ""seed"": ""1"", ""soc"": ""2556"", ""soc_lb"": ""2323"", ""solved"": ""1"", ""solver"": ""planner"", ""sum_of_loss"": ""2490"", ""sum_of_loss_lb"": ""2323""}"
lg_lacam_fork:lg_tl,LG-LaCAM (window 20) + traffic load,maze-32-32-4,maze-32-32-4-random-5,50,0,30.0,solved,0.286128,0.209,2544,102,2454,2323,98,1.095136,0,,/home/carsten/Projects/MAPF/MAPF Evaluator/results/tlcpp-maze-32-4/runs/lg_lacam_fork_lg_tl/maze-32-32-4/maze-32-32-4-random-5_a50_s0_r0,2544,0.209,"{""agents"": ""50"", ""comp_time"": ""209"", ""makespan"": ""102"", ""makespan_lb"": ""98"", ""map_file"": ""maze-32-32-4.map"", ""seed"": ""0"", ""soc"": ""2544"", ""soc_lb"": ""2323"", ""solved"": ""1"", ""solver"": ""planner"", ""sum_of_loss"": ""2466"", ""sum_of_loss_lb"": ""2323""}"
lg_lacam_fork:lg,"LG-LaCAM (window 20, first solution)",maze-32-32-4,maze-32-32-4-random-5,50,2,30.0,solved,0.252553,0.187,2543,104,2460,2323,98,1.094705,0,,/home/carsten/Projects/MAPF/MAPF Evaluator/results/tlcpp-maze-32-4/runs/lg_lacam_fork_lg/maze-32-32-4/maze-32-32-4-random-5_a50_s2_r0,2543,0.187,"{""agents"": ""50"", ""comp_time"": ""187"", ""makespan"": ""104"", ""makespan_lb"": ""98"", ""map_file"": ""maze-32-32-4.map"", ""seed"": ""2"", ""soc"": ""2543"", ""soc_lb"": ""2323"", ""solved"": ""1"", ""solver"": ""planner"", ""sum_of_loss"": ""2471"", ""sum_of_loss_lb"": ""2323""}"
lg_lacam_fork:lg_tl,LG-LaCAM (window 20) + traffic load,maze-32-32-4,maze-32-32-4-random-5,50,1,30.0,solved,0.340673,0.29,2555,100,2479,2323,98,1.099871,0,,/home/carsten/Projects/MAPF/MAPF Evaluator/results/tlcpp-maze-32-4/runs/lg_lacam_fork_lg_tl/maze-32-32-4/maze-32-32-4-random-5_a50_s1_r0,2555,0.29,"{""agents"": ""50"", ""comp_time"": ""290"", ""makespan"": ""100"", ""makespan_lb"": ""98"", ""map_file"": ""maze-32-32-4.map"", ""seed"": ""1"", ""soc"": ""2555"", ""soc_lb"": ""2323"", ""solved"": ""1"", ""solver"": ""planner"", ""sum_of_loss"": ""2491"", ""sum_of_loss_lb"": ""2323""}"
lg_lacam_fork:lg_suo,LG-LaCAM (window 20) + SUO,maze-32-32-4,maze-32-32-4-random-5,50,0,30.0,solved,0.089939,0.05,2489,102,2453,2323,98,1.071459,0,,/home/carsten/Projects/MAPF/MAPF Evaluator/results/tlcpp-maze-32-4/runs/lg_lacam_fork_lg_suo/maze-32-32-4/maze-32-32-4-random-5_a50_s0_r0,2489,0.05,"{""agents"": ""50"", ""comp_time"": ""50"", ""makespan"": ""102"", ""makespan_lb"": ""98"", ""map_file"": ""maze-32-32-4.map"", ""seed"": ""0"", ""soc"": ""2489"", ""soc_lb"": ""2323"", ""solved"": ""1"", ""solver"": ""planner"", ""sum_of_loss"": ""2459"", ""sum_of_loss_lb"": ""2323""}"
lg_lacam_fork:lg_tl,LG-LaCAM (window 20) + traffic load,maze-32-32-4,maze-32-32-4-random-5,50,2,30.0,solved,0.125986,0.047,2534,104,2454,2323,98,1.090831,0,,/home/carsten/Projects/MAPF/MAPF Evaluator/results/tlcpp-maze-32-4/runs/lg_lacam_fork_lg_tl/maze-32-32-4/maze-32-32-4-random-5_a50_s2_r0,2534,0.047,"{""agents"": ""50"", ""comp_time"": ""47"", ""makespan"": ""104"", ""makespan_lb"": ""98"", ""map_file"": ""maze-32-32-4.map"", ""seed"": ""2"", ""soc"": ""2534"", ""soc_lb"": ""2323"", ""solved"": ""1"", ""solver"": ""planner"", ""sum_of_loss"": ""2468"", ""sum_of_loss_lb"": ""2323""}"
lg_lacam_fork:lg_suo,LG-LaCAM (window 20) + SUO,maze-32-32-4,maze-32-32-4-random-5,50,2,30.0,solved,0.149909,0.072,2508,101,2452,2323,98,1.079638,0,,/home/carsten/Projects/MAPF/MAPF Evaluator/results/tlcpp-maze-32-4/runs/lg_lacam_fork_lg_suo/maze-32-32-4/maze-32-32-4-random-5_a50_s2_r0,2508,0.072,"{""agents"": ""50"", ""comp_time"": ""72"", ""makespan"": ""101"", ""makespan_lb"": ""98"", ""map_file"": ""maze-32-32-4.map"", ""seed"": ""2"", ""soc"": ""2508"", ""soc_lb"": ""2323"", ""solved"": ""1"", ""solver"": ""planner"", ""sum_of_loss"": ""2462"", ""sum_of_loss_lb"": ""2323""}"
lg_lacam_fork:lg_suo,LG-LaCAM (window 20) + SUO,maze-32-32-4,maze-32-32-4-random-5,50,1,30.0,solved,0.181806,0.118,2534,104,2458,2323,98,1.090831,0,,/home/carsten/Projects/MAPF/MAPF Evaluator/results/tlcpp-maze-32-4/runs/lg_lacam_fork_lg_suo/maze-32-32-4/maze-32-32-4-random-5_a50_s1_r0,2534,0.118,"{""agents"": ""50"", ""comp_time"": ""118"", ""makespan"": ""104"", ""makespan_lb"": ""98"", ""map_file"": ""maze-32-32-4.map"", ""seed"": ""1"", ""soc"": ""2534"", ""soc_lb"": ""2323"", ""solved"": ""1"", ""solver"": ""planner"", ""sum_of_loss"": ""2463"", ""sum_of_loss_lb"": ""2323""}"
lg_lacam_fork:lg_suo_tl,LG-LaCAM (window 20) + SUO + traffic load,maze-32-32-4,maze-32-32-4-random-5,50,0,30.0,solved,0.156248,0.102,2520,102,2447,2323,98,1.084804,0,,/home/carsten/Projects/MAPF/MAPF Evaluator/results/tlcpp-maze-32-4/runs/lg_lacam_fork_lg_suo_tl/maze-32-32-4/maze-32-32-4-random-5_a50_s0_r0,2520,0.102,"{""agents"": ""50"", ""comp_time"": ""102"", ""makespan"": ""102"", ""makespan_lb"": ""98"", ""map_file"": ""maze-32-32-4.map"", ""seed"": ""0"", ""soc"": ""2520"", ""soc_lb"": ""2323"", ""solved"": ""1"", ""solver"": ""planner"", ""sum_of_loss"": ""2456"", ""sum_of_loss_lb"": ""2323""}"
lg_lacam_fork:lg_suo_tl,LG-LaCAM (window 20) + SUO + traffic load,maze-32-32-4,maze-32-32-4-random-5,50,1,30.0,solved,0.118056,0.079,2534,104,2458,2323,98,1.090831,0,,/home/carsten/Projects/MAPF/MAPF Evaluator/results/tlcpp-maze-32-4/runs/lg_lacam_fork_lg_suo_tl/maze-32-32-4/maze-32-32-4-random-5_a50_s1_r0,2534,0.079,"{""agents"": ""50"", ""comp_time"": ""79"", ""makespan"": ""104"", ""makespan_lb"": ""98"", ""map_file"": ""maze-32-32-4.map"", ""seed"": ""1"", ""soc"": ""2534"", ""soc_lb"": ""2323"", ""solved"": ""1"", ""solver"": ""planner"", ""sum_of_loss"": ""2463"", ""sum_of_loss_lb"": ""2323""}"
lg_lacam_fork:lg_suo_tl,LG-LaCAM (window 20) + SUO + traffic load,maze-32-32-4,maze-32-32-4-random-5,50,2,30.0,solved,0.153252,0.105,2530,101,2457,2323,98,1.089109,0,,/home/carsten/Projects/MAPF/MAPF Evaluator/results/tlcpp-maze-32-4/runs/lg_lacam_fork_lg_suo_tl/maze-32-32-4/maze-32-32-4-random-5_a50_s2_r0,2530,0.105,"{""agents"": ""50"", ""comp_time"": ""105"", ""makespan"": ""101"", ""makespan_lb"": ""98"", ""map_file"": ""maze-32-32-4.map"", ""seed"": ""2"", ""soc"": ""2530"", ""soc_lb"": ""2323"", ""solved"": ""1"", ""solver"": ""planner"", ""sum_of_loss"": ""2467"", ""sum_of_loss_lb"": ""2323""}"
lg_lacam_fork:lacam,"LaCAM (no guidance, first solution)",maze-32-32-4,maze-32-32-4-random-5,100,0,30.0,solved,0.057321,0.027,6749,98,5860,4353,98,1.550425,0,,/home/carsten/Projects/MAPF/MAPF Evaluator/results/tlcpp-maze-32-4/runs/lg_lacam_fork_lacam/maze-32-32-4/maze-32-32-4-random-5_a100_s0_r0,6749,0.027,"{""agents"": ""100"", ""comp_time"": ""27"", ""makespan"": ""98"", ""makespan_lb"": ""98"", ""map_file"": ""maze-32-32-4.map"", ""seed"": ""0"", ""soc"": ""6749"", ""soc_lb"": ""4353"", ""solved"": ""1"", ""solver"": ""planner"", ""sum_of_loss"": ""5984"", ""sum_of_loss_lb"": ""4353""}"
lg_lacam_fork:lacam,"LaCAM (no guidance, first solution)",maze-32-32-4,maze-32-32-4-random-5,100,1,30.0,solved,0.071858,0.032,6733,98,5898,4353,98,1.546749,0,,/home/carsten/Projects/MAPF/MAPF Evaluator/results/tlcpp-maze-32-4/runs/lg_lacam_fork_lacam/maze-32-32-4/maze-32-32-4-random-5_a100_s1_r0,6733,0.032,"{""agents"": ""100"", ""comp_time"": ""32"", ""makespan"": ""98"", ""makespan_lb"": ""98"", ""map_file"": ""maze-32-32-4.map"", ""seed"": ""1"", ""soc"": ""6733"", ""soc_lb"": ""4353"", ""solved"": ""1"", ""solver"": ""planner"", ""sum_of_loss"": ""6042"", ""sum_of_loss_lb"": ""4353""}"
lg_lacam_fork:lacam,"LaCAM (no guidance, first solution)",maze-32-32-4,maze-32-32-4-random-5,100,2,30.0,solved,0.128039,0.057,6954,98,5960,4353,98,1.597519,0,,/home/carsten/Projects/MAPF/MAPF Evaluator/results/tlcpp-maze-32-4/runs/lg_lacam_fork_lacam/maze-32-32-4/maze-32-32-4-random-5_a100_s2_r0,6954,0.057,"{""agents"": ""100"", ""comp_time"": ""57"", ""makespan"": ""98"", ""makespan_lb"": ""98"", ""map_file"": ""maze-32-32-4.map"", ""seed"": ""2"", ""soc"": ""6954"", ""soc_lb"": ""4353"", ""solved"": ""1"", ""solver"": ""planner"", ""sum_of_loss"": ""6085"", ""sum_of_loss_lb"": ""4353""}"
lg_lacam_fork:tl,"LaCAM + traffic load (tie-break, per config)",maze-32-32-4,maze-32-32-4-random-5,100,0,30.0,solved,0.064293,0.036,5909,98,5231,4353,98,1.357455,0,,/home/carsten/Projects/MAPF/MAPF Evaluator/results/tlcpp-maze-32-4/runs/lg_lacam_fork_tl/maze-32-32-4/maze-32-32-4-random-5_a100_s0_r0,5909,0.036,"{""agents"": ""100"", ""comp_time"": ""36"", ""makespan"": ""98"", ""makespan_lb"": ""98"", ""map_file"": ""maze-32-32-4.map"", ""seed"": ""0"", ""soc"": ""5909"", ""soc_lb"": ""4353"", ""solved"": ""1"", ""solver"": ""planner"", ""sum_of_loss"": ""5375"", ""sum_of_loss_lb"": ""4353""}"
lg_lacam_fork:tl,"LaCAM + traffic load (tie-break, per config)",maze-32-32-4,maze-32-32-4-random-5,100,1,30.0,solved,0.066219,0.013,5898,98,5228,4353,98,1.354928,0,,/home/carsten/Projects/MAPF/MAPF Evaluator/results/tlcpp-maze-32-4/runs/lg_lacam_fork_tl/maze-32-32-4/maze-32-32-4-random-5_a100_s1_r0,5898,0.013,"{""agents"": ""100"", ""comp_time"": ""13"", ""makespan"": ""98"", ""makespan_lb"": ""98"", ""map_file"": ""maze-32-32-4.map"", ""seed"": ""1"", ""soc"": ""5898"", ""soc_lb"": ""4353"", ""solved"": ""1"", ""solver"": ""planner"", ""sum_of_loss"": ""5370"", ""sum_of_loss_lb"": ""4353""}"
lg_lacam_fork:tl,"LaCAM + traffic load (tie-break, per config)",maze-32-32-4,maze-32-32-4-random-5,100,2,30.0,solved,0.048146,0.013,5879,98,5236,4353,98,1.350563,0,,/home/carsten/Projects/MAPF/MAPF Evaluator/results/tlcpp-maze-32-4/runs/lg_lacam_fork_tl/maze-32-32-4/maze-32-32-4-random-5_a100_s2_r0,5879,0.013,"{""agents"": ""100"", ""comp_time"": ""13"", ""makespan"": ""98"", ""makespan_lb"": ""98"", ""map_file"": ""maze-32-32-4.map"", ""seed"": ""2"", ""soc"": ""5879"", ""soc_lb"": ""4353"", ""solved"": ""1"", ""solver"": ""planner"", ""sum_of_loss"": ""5378"", ""sum_of_loss_lb"": ""4353""}"
lg_lacam_fork:tl_agent,"LaCAM + traffic load (tie-break, per agent)",maze-32-32-4,maze-32-32-4-random-5,100,0,30.0,solved,0.10061,0.03,5940,98,5218,4353,98,1.364576,0,,/home/carsten/Projects/MAPF/MAPF Evaluator/results/tlcpp-maze-32-4/runs/lg_lacam_fork_tl_agent/maze-32-32-4/maze-32-32-4-random-5_a100_s0_r0,5940,0.03,"{""agents"": ""100"", ""comp_time"": ""30"", ""makespan"": ""98"", ""makespan_lb"": ""98"", ""map_file"": ""maze-32-32-4.map"", ""seed"": ""0"", ""soc"": ""5940"", ""soc_lb"": ""4353"", ""solved"": ""1"", ""solver"": ""planner"", ""sum_of_loss"": ""5343"", ""sum_of_loss_lb"": ""4353""}"
lg_lacam_fork:tl_agent,"LaCAM + traffic load (tie-break, per agent)",maze-32-32-4,maze-32-32-4-random-5,100,1,30.0,solved,0.085485,0.024,6011,98,5282,4353,98,1.380887,0,,/home/carsten/Projects/MAPF/MAPF Evaluator/results/tlcpp-maze-32-4/runs/lg_lacam_fork_tl_agent/maze-32-32-4/maze-32-32-4-random-5_a100_s1_r0,6011,0.024,"{""agents"": ""100"", ""comp_time"": ""24"", ""makespan"": ""98"", ""makespan_lb"": ""98"", ""map_file"": ""maze-32-32-4.map"", ""seed"": ""1"", ""soc"": ""6011"", ""soc_lb"": ""4353"", ""solved"": ""1"", ""solver"": ""planner"", ""sum_of_loss"": ""5408"", ""sum_of_loss_lb"": ""4353""}"
lg_lacam_fork:tl_agent,"LaCAM + traffic load (tie-break, per agent)",maze-32-32-4,maze-32-32-4-random-5,100,2,30.0,solved,0.064727,0.023,6032,98,5292,4353,98,1.385711,0,,/home/carsten/Projects/MAPF/MAPF Evaluator/results/tlcpp-maze-32-4/runs/lg_lacam_fork_tl_agent/maze-32-32-4/maze-32-32-4-random-5_a100_s2_r0,6032,0.023,"{""agents"": ""100"", ""comp_time"": ""23"", ""makespan"": ""98"", ""makespan_lb"": ""98"", ""map_file"": ""maze-32-32-4.map"", ""seed"": ""2"", ""soc"": ""6032"", ""soc_lb"": ""4353"", ""solved"": ""1"", ""solver"": ""planner"", ""sum_of_loss"": ""5422"", ""sum_of_loss_lb"": ""4353""}"
lg_lacam_fork:tl_static,LaCAM + traffic load (static map from starts),maze-32-32-4,maze-32-32-4-random-5,100,0,30.0,solved,0.076112,0.036,6723,130,5804,4353,98,1.544452,0,,/home/carsten/Projects/MAPF/MAPF Evaluator/results/tlcpp-maze-32-4/runs/lg_lacam_fork_tl_static/maze-32-32-4/maze-32-32-4-random-5_a100_s0_r0,6723,0.036,"{""agents"": ""100"", ""comp_time"": ""36"", ""makespan"": ""130"", ""makespan_lb"": ""98"", ""map_file"": ""maze-32-32-4.map"", ""seed"": ""0"", ""soc"": ""6723"", ""soc_lb"": ""4353"", ""solved"": ""1"", ""solver"": ""planner"", ""sum_of_loss"": ""5950"", ""sum_of_loss_lb"": ""4353""}"
lg_lacam_fork:tl_static,LaCAM + traffic load (static map from starts),maze-32-32-4,maze-32-32-4-random-5,100,1,30.0,solved,0.043051,0.018,6522,115,5684,4353,98,1.498277,0,,/home/carsten/Projects/MAPF/MAPF Evaluator/results/tlcpp-maze-32-4/runs/lg_lacam_fork_tl_static/maze-32-32-4/maze-32-32-4-random-5_a100_s1_r0,6522,0.018,"{""agents"": ""100"", ""comp_time"": ""18"", ""makespan"": ""115"", ""makespan_lb"": ""98"", ""map_file"": ""maze-32-32-4.map"", ""seed"": ""1"", ""soc"": ""6522"", ""soc_lb"": ""4353"", ""solved"": ""1"", ""solver"": ""planner"", ""sum_of_loss"": ""5800"", ""sum_of_loss_lb"": ""4353""}"
lg_lacam_fork:suo,LaCAM3 = SUO (first solution),maze-32-32-4,maze-32-32-4-random-5,100,0,30.0,solved,0.058071,0.026,6074,106,5483,4353,98,1.39536,0,,/home/carsten/Projects/MAPF/MAPF Evaluator/results/tlcpp-maze-32-4/runs/lg_lacam_fork_suo/maze-32-32-4/maze-32-32-4-random-5_a100_s0_r0,6074,0.026,"{""agents"": ""100"", ""comp_time"": ""26"", ""makespan"": ""106"", ""makespan_lb"": ""98"", ""map_file"": ""maze-32-32-4.map"", ""seed"": ""0"", ""soc"": ""6074"", ""soc_lb"": ""4353"", ""solved"": ""1"", ""solver"": ""planner"", ""sum_of_loss"": ""5562"", ""sum_of_loss_lb"": ""4353""}"
lg_lacam_fork:tl_static,LaCAM + traffic load (static map from starts),maze-32-32-4,maze-32-32-4-random-5,100,2,30.0,solved,0.048889,0.02,6510,112,5671,4353,98,1.49552,0,,/home/carsten/Projects/MAPF/MAPF Evaluator/results/tlcpp-maze-32-4/runs/lg_lacam_fork_tl_static/maze-32-32-4/maze-32-32-4-random-5_a100_s2_r0,6510,0.02,"{""agents"": ""100"", ""comp_time"": ""20"", ""makespan"": ""112"", ""makespan_lb"": ""98"", ""map_file"": ""maze-32-32-4.map"", ""seed"": ""2"", ""soc"": ""6510"", ""soc_lb"": ""4353"", ""solved"": ""1"", ""solver"": ""planner"", ""sum_of_loss"": ""5788"", ""sum_of_loss_lb"": ""4353""}"
lg_lacam_fork:suo,LaCAM3 = SUO (first solution),maze-32-32-4,maze-32-32-4-random-5,100,1,30.0,solved,0.212983,0.091,6481,106,5765,4353,98,1.488858,0,,/home/carsten/Projects/MAPF/MAPF Evaluator/results/tlcpp-maze-32-4/runs/lg_lacam_fork_suo/maze-32-32-4/maze-32-32-4-random-5_a100_s1_r0,6481,0.091,"{""agents"": ""100"", ""comp_time"": ""91"", ""makespan"": ""106"", ""makespan_lb"": ""98"", ""map_file"": ""maze-32-32-4.map"", ""seed"": ""1"", ""soc"": ""6481"", ""soc_lb"": ""4353"", ""solved"": ""1"", ""solver"": ""planner"", ""sum_of_loss"": ""5860"", ""sum_of_loss_lb"": ""4353""}"
lg_lacam_fork:suo_tl,SUO + traffic load,maze-32-32-4,maze-32-32-4-random-5,100,1,30.0,solved,0.139871,0.052,5754,106,5273,4353,98,1.321847,0,,/home/carsten/Projects/MAPF/MAPF Evaluator/results/tlcpp-maze-32-4/runs/lg_lacam_fork_suo_tl/maze-32-32-4/maze-32-32-4-random-5_a100_s1_r0,5754,0.052,"{""agents"": ""100"", ""comp_time"": ""52"", ""makespan"": ""106"", ""makespan_lb"": ""98"", ""map_file"": ""maze-32-32-4.map"", ""seed"": ""1"", ""soc"": ""5754"", ""soc_lb"": ""4353"", ""solved"": ""1"", ""solver"": ""planner"", ""sum_of_loss"": ""5350"", ""sum_of_loss_lb"": ""4353""}"
lg_lacam_fork:suo,LaCAM3 = SUO (first solution),maze-32-32-4,maze-32-32-4-random-5,100,2,30.0,solved,0.234041,0.096,5975,108,5477,4353,98,1.372617,0,,/home/carsten/Projects/MAPF/MAPF Evaluator/results/tlcpp-maze-32-4/runs/lg_lacam_fork_suo/maze-32-32-4/maze-32-32-4-random-5_a100_s2_r0,5975,0.096,"{""agents"": ""100"", ""comp_time"": ""96"", ""makespan"": ""108"", ""makespan_lb"": ""98"", ""map_file"": ""maze-32-32-4.map"", ""seed"": ""2"", ""soc"": ""5975"", ""soc_lb"": ""4353"", ""solved"": ""1"", ""solver"": ""planner"", ""sum_of_loss"": ""5553"", ""sum_of_loss_lb"": ""4353""}"
lg_lacam_fork:suo_tl,SUO + traffic load,maze-32-32-4,maze-32-32-4-random-5,100,0,30.0,solved,0.3036,0.194,5934,106,5298,4353,98,1.363198,0,,/home/carsten/Projects/MAPF/MAPF Evaluator/results/tlcpp-maze-32-4/runs/lg_lacam_fork_suo_tl/maze-32-32-4/maze-32-32-4-random-5_a100_s0_r0,5934,0.194,"{""agents"": ""100"", ""comp_time"": ""194"", ""makespan"": ""106"", ""makespan_lb"": ""98"", ""map_file"": ""maze-32-32-4.map"", ""seed"": ""0"", ""soc"": ""5934"", ""soc_lb"": ""4353"", ""solved"": ""1"", ""solver"": ""planner"", ""sum_of_loss"": ""5369"", ""sum_of_loss_lb"": ""4353""}"
lg_lacam_fork:suo_tl,SUO + traffic load,maze-32-32-4,maze-32-32-4-random-5,100,2,30.0,solved,0.063808,0.041,5790,108,5382,4353,98,1.330117,0,,/home/carsten/Projects/MAPF/MAPF Evaluator/results/tlcpp-maze-32-4/runs/lg_lacam_fork_suo_tl/maze-32-32-4/maze-32-32-4-random-5_a100_s2_r0,5790,0.041,"{""agents"": ""100"", ""comp_time"": ""41"", ""makespan"": ""108"", ""makespan_lb"": ""98"", ""map_file"": ""maze-32-32-4.map"", ""seed"": ""2"", ""soc"": ""5790"", ""soc_lb"": ""4353"", ""solved"": ""1"", ""solver"": ""planner"", ""sum_of_loss"": ""5458"", ""sum_of_loss_lb"": ""4353""}"
lg_lacam_fork:lg,"LG-LaCAM (window 20, first solution)",maze-32-32-4,maze-32-32-4-random-5,100,2,30.0,solved,0.204613,0.136,5114,104,5008,4353,98,1.174822,0,,/home/carsten/Projects/MAPF/MAPF Evaluator/results/tlcpp-maze-32-4/runs/lg_lacam_fork_lg/maze-32-32-4/maze-32-32-4-random-5_a100_s2_r0,5114,0.136,"{""agents"": ""100"", ""comp_time"": ""136"", ""makespan"": ""104"", ""makespan_lb"": ""98"", ""map_file"": ""maze-32-32-4.map"", ""seed"": ""2"", ""soc"": ""5114"", ""soc_lb"": ""4353"", ""solved"": ""1"", ""solver"": ""planner"", ""sum_of_loss"": ""5030"", ""sum_of_loss_lb"": ""4353""}"
lg_lacam_fork:lg,"LG-LaCAM (window 20, first solution)",maze-32-32-4,maze-32-32-4-random-5,100,0,30.0,solved,0.392424,0.329,5066,106,4975,4353,98,1.163795,0,,/home/carsten/Projects/MAPF/MAPF Evaluator/results/tlcpp-maze-32-4/runs/lg_lacam_fork_lg/maze-32-32-4/maze-32-32-4-random-5_a100_s0_r0,5066,0.329,"{""agents"": ""100"", ""comp_time"": ""329"", ""makespan"": ""106"", ""makespan_lb"": ""98"", ""map_file"": ""maze-32-32-4.map"", ""seed"": ""0"", ""soc"": ""5066"", ""soc_lb"": ""4353"", ""solved"": ""1"", ""solver"": ""planner"", ""sum_of_loss"": ""4994"", ""sum_of_loss_lb"": ""4353""}"
lg_lacam_fork:lg,"LG-LaCAM (window 20, first solution)",maze-32-32-4,maze-32-32-4-random-5,100,1,30.0,solved,0.374957,0.312,5043,108,4927,4353,98,1.158511,0,,/home/carsten/Projects/MAPF/MAPF Evaluator/results/tlcpp-maze-32-4/runs/lg_lacam_fork_lg/maze-32-32-4/maze-32-32-4-random-5_a100_s1_r0,5043,0.312,"{""agents"": ""100"", ""comp_time"": ""312"", ""makespan"": ""108"", ""makespan_lb"": ""98"", ""map_file"": ""maze-32-32-4.map"", ""seed"": ""1"", ""soc"": ""5043"", ""soc_lb"": ""4353"", ""solved"": ""1"", ""solver"": ""planner"", ""sum_of_loss"": ""4947"", ""sum_of_loss_lb"": ""4353""}"
lg_lacam_fork:lg_tl,LG-LaCAM (window 20) + traffic load,maze-32-32-4,maze-32-32-4-random-5,100,0,30.0,solved,0.182779,0.121,5110,109,4960,4353,98,1.173903,0,,/home/carsten/Projects/MAPF/MAPF Evaluator/results/tlcpp-maze-32-4/runs/lg_lacam_fork_lg_tl/maze-32-32-4/maze-32-32-4-random-5_a100_s0_r0,5110,0.121,"{""agents"": ""100"", ""comp_time"": ""121"", ""makespan"": ""109"", ""makespan_lb"": ""98"", ""map_file"": ""maze-32-32-4.map"", ""seed"": ""0"", ""soc"": ""5110"", ""soc_lb"": ""4353"", ""solved"": ""1"", ""solver"": ""planner"", ""sum_of_loss"": ""4985"", ""sum_of_loss_lb"": ""4353""}"
lg_lacam_fork:lg_tl,LG-LaCAM (window 20) + traffic load,maze-32-32-4,maze-32-32-4-random-5,100,2,30.0,solved,0.127462,0.064,4989,108,4867,4353,98,1.146106,0,,/home/carsten/Projects/MAPF/MAPF Evaluator/results/tlcpp-maze-32-4/runs/lg_lacam_fork_lg_tl/maze-32-32-4/maze-32-32-4-random-5_a100_s2_r0,4989,0.064,"{""agents"": ""100"", ""comp_time"": ""64"", ""makespan"": ""108"", ""makespan_lb"": ""98"", ""map_file"": ""maze-32-32-4.map"", ""seed"": ""2"", ""soc"": ""4989"", ""soc_lb"": ""4353"", ""solved"": ""1"", ""solver"": ""planner"", ""sum_of_loss"": ""4894"", ""sum_of_loss_lb"": ""4353""}"
lg_lacam_fork:lg_tl,LG-LaCAM (window 20) + traffic load,maze-32-32-4,maze-32-32-4-random-5,100,1,30.0,solved,0.337966,0.223,5026,106,4901,4353,98,1.154606,0,,/home/carsten/Projects/MAPF/MAPF Evaluator/results/tlcpp-maze-32-4/runs/lg_lacam_fork_lg_tl/maze-32-32-4/maze-32-32-4-random-5_a100_s1_r0,5026,0.223,"{""agents"": ""100"", ""comp_time"": ""223"", ""makespan"": ""106"", ""makespan_lb"": ""98"", ""map_file"": ""maze-32-32-4.map"", ""seed"": ""1"", ""soc"": ""5026"", ""soc_lb"": ""4353"", ""solved"": ""1"", ""solver"": ""planner"", ""sum_of_loss"": ""4926"", ""sum_of_loss_lb"": ""4353""}"
lg_lacam_fork:lg_suo,LG-LaCAM (window 20) + SUO,maze-32-32-4,maze-32-32-4-random-5,100,0,30.0,solved,0.412664,0.347,5110,104,4943,4353,98,1.173903,0,,/home/carsten/Projects/MAPF/MAPF Evaluator/results/tlcpp-maze-32-4/runs/lg_lacam_fork_lg_suo/maze-32-32-4/maze-32-32-4-random-5_a100_s0_r0,5110,0.347,"{""agents"": ""100"", ""comp_time"": ""347"", ""makespan"": ""104"", ""makespan_lb"": ""98"", ""map_file"": ""maze-32-32-4.map"", ""seed"": ""0"", ""soc"": ""5110"", ""soc_lb"": ""4353"", ""solved"": ""1"", ""solver"": ""planner"", ""sum_of_loss"": ""4973"", ""sum_of_loss_lb"": ""4353""}"
lg_lacam_fork:lg_suo,LG-LaCAM (window 20) + SUO,maze-32-32-4,maze-32-32-4-random-5,100,1,30.0,solved,0.469639,0.406,5235,104,4992,4353,98,1.202619,0,,/home/carsten/Projects/MAPF/MAPF Evaluator/results/tlcpp-maze-32-4/runs/lg_lacam_fork_lg_suo/maze-32-32-4/maze-32-32-4-random-5_a100_s1_r0,5235,0.406,"{""agents"": ""100"", ""comp_time"": ""406"", ""makespan"": ""104"", ""makespan_lb"": ""98"", ""map_file"": ""maze-32-32-4.map"", ""seed"": ""1"", ""soc"": ""5235"", ""soc_lb"": ""4353"", ""solved"": ""1"", ""solver"": ""planner"", ""sum_of_loss"": ""5020"", ""sum_of_loss_lb"": ""4353""}"
lg_lacam_fork:lg_suo,LG-LaCAM (window 20) + SUO,maze-32-32-4,maze-32-32-4-random-5,100,2,30.0,solved,0.185835,0.148,5071,107,4902,4353,98,1.164944,0,,/home/carsten/Projects/MAPF/MAPF Evaluator/results/tlcpp-maze-32-4/runs/lg_lacam_fork_lg_suo/maze-32-32-4/maze-32-32-4-random-5_a100_s2_r0,5071,0.148,"{""agents"": ""100"", ""comp_time"": ""148"", ""makespan"": ""107"", ""makespan_lb"": ""98"", ""map_file"": ""maze-32-32-4.map"", ""seed"": ""2"", ""soc"": ""5071"", ""soc_lb"": ""4353"", ""solved"": ""1"", ""solver"": ""planner"", ""sum_of_loss"": ""4929"", ""sum_of_loss_lb"": ""4353""}"
lg_lacam_fork:lg_suo_tl,LG-LaCAM (window 20) + SUO + traffic load,maze-32-32-4,maze-32-32-4-random-5,100,0,30.0,solved,0.193908,0.144,5046,104,4903,4353,98,1.159201,0,,/home/carsten/Projects/MAPF/MAPF Evaluator/results/tlcpp-maze-32-4/runs/lg_lacam_fork_lg_suo_tl/maze-32-32-4/maze-32-32-4-random-5_a100_s0_r0,5046,0.144,"{""agents"": ""100"", ""comp_time"": ""144"", ""makespan"": ""104"", ""makespan_lb"": ""98"", ""map_file"": ""maze-32-32-4.map"", ""seed"": ""0"", ""soc"": ""5046"", ""soc_lb"": ""4353"", ""solved"": ""1"", ""solver"": ""planner"", ""sum_of_loss"": ""4925"", ""sum_of_loss_lb"": ""4353""}"
lg_lacam_fork:lg_suo_tl,LG-LaCAM (window 20) + SUO + traffic load,maze-32-32-4,maze-32-32-4-random-5,100,1,30.0,solved,0.20361,0.159,5048,104,4906,4353,98,1.15966,0,,/home/carsten/Projects/MAPF/MAPF Evaluator/results/tlcpp-maze-32-4/runs/lg_lacam_fork_lg_suo_tl/maze-32-32-4/maze-32-32-4-random-5_a100_s1_r0,5048,0.159,"{""agents"": ""100"", ""comp_time"": ""159"", ""makespan"": ""104"", ""makespan_lb"": ""98"", ""map_file"": ""maze-32-32-4.map"", ""seed"": ""1"", ""soc"": ""5048"", ""soc_lb"": ""4353"", ""solved"": ""1"", ""solver"": ""planner"", ""sum_of_loss"": ""4928"", ""sum_of_loss_lb"": ""4353""}"
lg_lacam_fork:lg_suo_tl,LG-LaCAM (window 20) + SUO + traffic load,maze-32-32-4,maze-32-32-4-random-5,100,2,30.0,solved,0.365778,0.216,5095,108,4927,4353,98,1.170457,0,,/home/carsten/Projects/MAPF/MAPF Evaluator/results/tlcpp-maze-32-4/runs/lg_lacam_fork_lg_suo_tl/maze-32-32-4/maze-32-32-4-random-5_a100_s2_r0,5095,0.216,"{""agents"": ""100"", ""comp_time"": ""216"", ""makespan"": ""108"", ""makespan_lb"": ""98"", ""map_file"": ""maze-32-32-4.map"", ""seed"": ""2"", ""soc"": ""5095"", ""soc_lb"": ""4353"", ""solved"": ""1"", ""solver"": ""planner"", ""sum_of_loss"": ""4953"", ""sum_of_loss_lb"": ""4353""}"
lg_lacam_fork:lacam,"LaCAM (no guidance, first solution)",maze-32-32-4,maze-32-32-4-random-5,150,0,30.0,solved,0.068637,0.023,12048,110,10177,6464,98,1.863861,0,,/home/carsten/Projects/MAPF/MAPF Evaluator/results/tlcpp-maze-32-4/runs/lg_lacam_fork_lacam/maze-32-32-4/maze-32-32-4-random-5_a150_s0_r0,12048,0.023,"{""agents"": ""150"", ""comp_time"": ""23"", ""makespan"": ""110"", ""makespan_lb"": ""98"", ""map_file"": ""maze-32-32-4.map"", ""seed"": ""0"", ""soc"": ""12048"", ""soc_lb"": ""6464"", ""solved"": ""1"", ""solver"": ""planner"", ""sum_of_loss"": ""10443"", ""sum_of_loss_lb"": ""6464""}"
lg_lacam_fork:lacam,"LaCAM (no guidance, first solution)",maze-32-32-4,maze-32-32-4-random-5,150,1,30.0,solved,0.059731,0.015,11859,105,10077,6464,98,1.834623,0,,/home/carsten/Projects/MAPF/MAPF Evaluator/results/tlcpp-maze-32-4/runs/lg_lacam_fork_lacam/maze-32-32-4/maze-32-32-4-random-5_a150_s1_r0,11859,0.015,"{""agents"": ""150"", ""comp_time"": ""15"", ""makespan"": ""105"", ""makespan_lb"": ""98"", ""map_file"": ""maze-32-32-4.map"", ""seed"": ""1"", ""soc"": ""11859"", ""soc_lb"": ""6464"", ""solved"": ""1"", ""solver"": ""planner"", ""sum_of_loss"": ""10345"", ""sum_of_loss_lb"": ""6464""}"
lg_lacam_fork:lacam,"LaCAM (no guidance, first solution)",maze-32-32-4,maze-32-32-4-random-5,150,2,30.0,solved,0.092146,0.019,12724,142,10506,6464,98,1.968441,0,,/home/carsten/Projects/MAPF/MAPF Evaluator/results/tlcpp-maze-32-4/runs/lg_lacam_fork_lacam/maze-32-32-4/maze-32-32-4-random-5_a150_s2_r0,12724,0.019,"{""agents"": ""150"", ""comp_time"": ""19"", ""makespan"": ""142"", ""makespan_lb"": ""98"", ""map_file"": ""maze-32-32-4.map"", ""seed"": ""2"", ""soc"": ""12724"", ""soc_lb"": ""6464"", ""solved"": ""1"", ""solver"": ""planner"", ""sum_of_loss"": ""10828"", ""sum_of_loss_lb"": ""6464""}"
lg_lacam_fork:tl,"LaCAM + traffic load (tie-break, per config)",maze-32-32-4,maze-32-32-4-random-5,150,1,30.0,solved,0.147911,0.05,10186,102,8713,6464,98,1.575804,0,,/home/carsten/Projects/MAPF/MAPF Evaluator/results/tlcpp-maze-32-4/runs/lg_lacam_fork_tl/maze-32-32-4/maze-32-32-4-random-5_a150_s1_r0,10186,0.05,"{""agents"": ""150"", ""comp_time"": ""50"", ""makespan"": ""102"", ""makespan_lb"": ""98"", ""map_file"": ""maze-32-32-4.map"", ""seed"": ""1"", ""soc"": ""10186"", ""soc_lb"": ""6464"", ""solved"": ""1"", ""solver"": ""planner"", ""sum_of_loss"": ""8990"", ""sum_of_loss_lb"": ""6464""}"
lg_lacam_fork:tl,"LaCAM + traffic load (tie-break, per config)",maze-32-32-4,maze-32-32-4-random-5,150,0,30.0,solved,0.233192,0.094,10147,118,8694,6464,98,1.569771,0,,/home/carsten/Projects/MAPF/MAPF Evaluator/results/tlcpp-maze-32-4/runs/lg_lacam_fork_tl/maze-32-32-4/maze-32-32-4-random-5_a150_s0_r0,10147,0.094,"{""agents"": ""150"", ""comp_time"": ""94"", ""makespan"": ""118"", ""makespan_lb"": ""98"", ""map_file"": ""maze-32-32-4.map"", ""seed"": ""0"", ""soc"": ""10147"", ""soc_lb"": ""6464"", ""solved"": ""1"", ""solver"": ""planner"", ""sum_of_loss"": ""8931"", ""sum_of_loss_lb"": ""6464""}"
lg_lacam_fork:tl,"LaCAM + traffic load (tie-break, per config)",maze-32-32-4,maze-32-32-4-random-5,150,2,30.0,solved,0.118459,0.071,10024,118,8683,6464,98,1.550743,0,,/home/carsten/Projects/MAPF/MAPF Evaluator/results/tlcpp-maze-32-4/runs/lg_lacam_fork_tl/maze-32-32-4/maze-32-32-4-random-5_a150_s2_r0,10024,0.071,"{""agents"": ""150"", ""comp_time"": ""71"", ""makespan"": ""118"", ""makespan_lb"": ""98"", ""map_file"": ""maze-32-32-4.map"", ""seed"": ""2"", ""soc"": ""10024"", ""soc_lb"": ""6464"", ""solved"": ""1"", ""solver"": ""planner"", ""sum_of_loss"": ""8919"", ""sum_of_loss_lb"": ""6464""}"
lg_lacam_fork:tl_agent,"LaCAM + traffic load (tie-break, per agent)",maze-32-32-4,maze-32-32-4-random-5,150,0,30.0,solved,0.193612,0.068,10415,103,8782,6464,98,1.611231,0,,/home/carsten/Projects/MAPF/MAPF Evaluator/results/tlcpp-maze-32-4/runs/lg_lacam_fork_tl_agent/maze-32-32-4/maze-32-32-4-random-5_a150_s0_r0,10415,0.068,"{""agents"": ""150"", ""comp_time"": ""68"", ""makespan"": ""103"", ""makespan_lb"": ""98"", ""map_file"": ""maze-32-32-4.map"", ""seed"": ""0"", ""soc"": ""10415"", ""soc_lb"": ""6464"", ""solved"": ""1"", ""solver"": ""planner"", ""sum_of_loss"": ""9055"", ""sum_of_loss_lb"": ""6464""}"
lg_lacam_fork:tl_agent,"LaCAM + traffic load (tie-break, per agent)",maze-32-32-4,maze-32-32-4-random-5,150,2,30.0,solved,0.077594,0.036,10318,100,8788,6464,98,1.596225,0,,/home/carsten/Projects/MAPF/MAPF Evaluator/results/tlcpp-maze-32-4/runs/lg_lacam_fork_tl_agent/maze-32-32-4/maze-32-32-4-random-5_a150_s2_r0,10318,0.036,"{""agents"": ""150"", ""comp_time"": ""36"", ""makespan"": ""100"", ""makespan_lb"": ""98"", ""map_file"": ""maze-32-32-4.map"", ""seed"": ""2"", ""soc"": ""10318"", ""soc_lb"": ""6464"", ""solved"": ""1"", ""solver"": ""planner"", ""sum_of_loss"": ""9051"", ""sum_of_loss_lb"": ""6464""}"
lg_lacam_fork:tl_agent,"LaCAM + traffic load (tie-break, per agent)",maze-32-32-4,maze-32-32-4-random-5,150,1,30.0,solved,0.121509,0.035,10253,100,8766,6464,98,1.58617,0,,/home/carsten/Projects/MAPF/MAPF Evaluator/results/tlcpp-maze-32-4/runs/lg_lacam_fork_tl_agent/maze-32-32-4/maze-32-32-4-random-5_a150_s1_r0,10253,0.035,"{""agents"": ""150"", ""comp_time"": ""35"", ""makespan"": ""100"", ""makespan_lb"": ""98"", ""map_file"": ""maze-32-32-4.map"", ""seed"": ""1"", ""soc"": ""10253"", ""soc_lb"": ""6464"", ""solved"": ""1"", ""solver"": ""planner"", ""sum_of_loss"": ""9033"", ""sum_of_loss_lb"": ""6464""}"
lg_lacam_fork:tl_static,LaCAM + traffic load (static map from starts),maze-32-32-4,maze-32-32-4-random-5,150,0,30.0,solved,0.158937,0.054,12101,158,10086,6464,98,1.872061,0,,/home/carsten/Projects/MAPF/MAPF Evaluator/results/tlcpp-maze-32-4/runs/lg_lacam_fork_tl_static/maze-32-32-4/maze-32-32-4-random-5_a150_s0_r0,12101,0.054,"{""agents"": ""150"", ""comp_time"": ""54"", ""makespan"": ""158"", ""makespan_lb"": ""98"", ""map_file"": ""maze-32-32-4.map"", ""seed"": ""0"", ""soc"": ""12101"", ""soc_lb"": ""6464"", ""solved"": ""1"", ""solver"": ""planner"", ""sum_of_loss"": ""10424"", ""sum_of_loss_lb"": ""6464""}"
lg_lacam_fork:suo,LaCAM3 = SUO (first solution),maze-32-32-4,maze-32-32-4-random-5,150,1,30.0,solved,0.120565,0.033,11099,113,9507,6464,98,1.717048,0,,/home/carsten/Projects/MAPF/MAPF Evaluator/results/tlcpp-maze-32-4/runs/lg_lacam_fork_suo/maze-32-32-4/maze-32-32-4-random-5_a150_s1_r0,11099,0.033,"{""agents"": ""150"", ""comp_time"": ""33"", ""makespan"": ""113"", ""makespan_lb"": ""98"", ""map_file"": ""maze-32-32-4.map"", ""seed"": ""1"", ""soc"": ""11099"", ""soc_lb"": ""6464"", ""solved"": ""1"", ""solver"": ""planner"", ""sum_of_loss"": ""9742"", ""sum_of_loss_lb"": ""6464""}"
lg_lacam_fork:tl_static,LaCAM + traffic load (static map from starts),maze-32-32-4,maze-32-32-4-random-5,150,1,30.0,solved,0.460003,0.212,12119,151,10047,6464,98,1.874845,0,,/home/carsten/Projects/MAPF/MAPF Evaluator/results/tlcpp-maze-32-4/runs/lg_lacam_fork_tl_static/maze-32-32-4/maze-32-32-4-random-5_a150_s1_r0,12119,0.212,"{""agents"": ""150"", ""comp_time"": ""212"", ""makespan"": ""151"", ""makespan_lb"": ""98"", ""map_file"": ""maze-32-32-4.map"", ""seed"": ""1"", ""soc"": ""12119"", ""soc_lb"": ""6464"", ""solved"": ""1"", ""solver"": ""planner"", ""sum_of_loss"": ""10378"", ""sum_of_loss_lb"": ""6464""}"
lg_lacam_fork:tl_static,LaCAM + traffic load (static map from starts),maze-32-32-4,maze-32-32-4-random-5,150,2,30.0,solved,0.448574,0.211,12230,166,10136,6464,98,1.892017,0,,/home/carsten/Projects/MAPF/MAPF Evaluator/results/tlcpp-maze-32-4/runs/lg_lacam_fork_tl_static/maze-32-32-4/maze-32-32-4-random-5_a150_s2_r0,12230,0.211,"{""agents"": ""150"", ""comp_time"": ""211"", ""makespan"": ""166"", ""makespan_lb"": ""98"", ""map_file"": ""maze-32-32-4.map"", ""seed"": ""2"", ""soc"": ""12230"", ""soc_lb"": ""6464"", ""solved"": ""1"", ""solver"": ""planner"", ""sum_of_loss"": ""10486"", ""sum_of_loss_lb"": ""6464""}"
lg_lacam_fork:suo,LaCAM3 = SUO (first solution),maze-32-32-4,maze-32-32-4-random-5,150,0,30.0,solved,0.404802,0.22,11079,157,9544,6464,98,1.713954,0,,/home/carsten/Projects/MAPF/MAPF Evaluator/results/tlcpp-maze-32-4/runs/lg_lacam_fork_suo/maze-32-32-4/maze-32-32-4-random-5_a150_s0_r0,11079,0.22,"{""agents"": ""150"", ""comp_time"": ""220"", ""makespan"": ""157"", ""makespan_lb"": ""98"", ""map_file"": ""maze-32-32-4.map"", ""seed"": ""0"", ""soc"": ""11079"", ""soc_lb"": ""6464"", ""solved"": ""1"", ""solver"": ""planner"", ""sum_of_loss"": ""9759"", ""sum_of_loss_lb"": ""6464""}"
lg_lacam_fork:suo,LaCAM3 = SUO (first solution),maze-32-32-4,maze-32-32-4-random-5,150,2,30.0,solved,0.187762,0.082,11260,156,9514,6464,98,1.741955,0,,/home/carsten/Projects/MAPF/MAPF Evaluator/results/tlcpp-maze-32-4/runs/lg_lacam_fork_suo/maze-32-32-4/maze-32-32-4-random-5_a150_s2_r0,11260,0.082,"{""agents"": ""150"", ""comp_time"": ""82"", ""makespan"": ""156"", ""makespan_lb"": ""98"", ""map_file"": ""maze-32-32-4.map"", ""seed"": ""2"", ""soc"": ""11260"", ""soc_lb"": ""6464"", ""solved"": ""1"", ""solver"": ""planner"", ""sum_of_loss"": ""9748"", ""sum_of_loss_lb"": ""6464""}"
lg_lacam_fork:suo_tl,SUO + traffic load,maze-32-32-4,maze-32-32-4-random-5,150,2,30.0,solved,0.210965,0.099,10338,106,9122,6464,98,1.599319,0,,/home/carsten/Projects/MAPF/MAPF Evaluator/results/tlcpp-maze-32-4/runs/lg_lacam_fork_suo_tl/maze-32-32-4/maze-32-32-4-random-5_a150_s2_r0,10338,0.099,"{""agents"": ""150"", ""comp_time"": ""99"", ""makespan"": ""106"", ""makespan_lb"": ""98"", ""map_file"": ""maze-32-32-4.map"", ""seed"": ""2"", ""soc"": ""10338"", ""soc_lb"": ""6464"", ""solved"": ""1"", ""solver"": ""planner"", ""sum_of_loss"": ""9312"", ""sum_of_loss_lb"": ""6464""}"
lg_lacam_fork:suo_tl,SUO + traffic load,maze-32-32-4,maze-32-32-4-random-5,150,0,30.0,solved,0.434028,0.364,10207,123,8891,6464,98,1.579053,0,,/home/carsten/Projects/MAPF/MAPF Evaluator/results/tlcpp-maze-32-4/runs/lg_lacam_fork_suo_tl/maze-32-32-4/maze-32-32-4-random-5_a150_s0_r0,10207,0.364,"{""agents"": ""150"", ""comp_time"": ""364"", ""makespan"": ""123"", ""makespan_lb"": ""98"", ""map_file"": ""maze-32-32-4.map"", ""seed"": ""0"", ""soc"": ""10207"", ""soc_lb"": ""6464"", ""solved"": ""1"", ""solver"": ""planner"", ""sum_of_loss"": ""9090"", ""sum_of_loss_lb"": ""6464""}"
lg_lacam_fork:suo_tl,SUO + traffic load,maze-32-32-4,maze-32-32-4-random-5,150,1,30.0,solved,0.454314,0.322,9844,108,8823,6464,98,1.522896,0,,/home/carsten/Projects/MAPF/MAPF Evaluator/results/tlcpp-maze-32-4/runs/lg_lacam_fork_suo_tl/maze-32-32-4/maze-32-32-4-random-5_a150_s1_r0,9844,0.322,"{""agents"": ""150"", ""comp_time"": ""322"", ""makespan"": ""108"", ""makespan_lb"": ""98"", ""map_file"": ""maze-32-32-4.map"", ""seed"": ""1"", ""soc"": ""9844"", ""soc_lb"": ""6464"", ""solved"": ""1"", ""solver"": ""planner"", ""sum_of_loss"": ""8996"", ""sum_of_loss_lb"": ""6464""}"
lg_lacam_fork:lg,"LG-LaCAM (window 20, first solution)",maze-32-32-4,maze-32-32-4-random-5,150,0,30.0,solved,0.259242,0.189,8931,111,8269,6464,98,1.381652,0,,/home/carsten/Projects/MAPF/MAPF Evaluator/results/tlcpp-maze-32-4/runs/lg_lacam_fork_lg/maze-32-32-4/maze-32-32-4-random-5_a150_s0_r0,8931,0.189,"{""agents"": ""150"", ""comp_time"": ""189"", ""makespan"": ""111"", ""makespan_lb"": ""98"", ""map_file"": ""maze-32-32-4.map"", ""seed"": ""0"", ""soc"": ""8931"", ""soc_lb"": ""6464"", ""solved"": ""1"", ""solver"": ""planner"", ""sum_of_loss"": ""8357"", ""sum_of_loss_lb"": ""6464""}"
lg_lacam_fork:lg_tl,LG-LaCAM (window 20) + traffic load,maze-32-32-4,maze-32-32-4-random-5,150,1,30.0,solved,0.278768,0.19,8325,108,7813,6464,98,1.287902,0,,/home/carsten/Projects/MAPF/MAPF Evaluator/results/tlcpp-maze-32-4/runs/lg_lacam_fork_lg_tl/maze-32-32-4/maze-32-32-4-random-5_a150_s1_r0,8325,0.19,"{""agents"": ""150"", ""comp_time"": ""190"", ""makespan"": ""108"", ""makespan_lb"": ""98"", ""map_file"": ""maze-32-32-4.map"", ""seed"": ""1"", ""soc"": ""8325"", ""soc_lb"": ""6464"", ""solved"": ""1"", ""solver"": ""planner"", ""sum_of_loss"": ""7889"", ""sum_of_loss_lb"": ""6464""}"
lg_lacam_fork:lg,"LG-LaCAM (window 20, first solution)",maze-32-32-4,maze-32-32-4-random-5,150,1,30.0,solved,0.435452,0.276,8714,112,8218,6464,98,1.348082,0,,/home/carsten/Projects/MAPF/MAPF Evaluator/results/tlcpp-maze-32-4/runs/lg_lacam_fork_lg/maze-32-32-4/maze-32-32-4-random-5_a150_s1_r0,8714,0.276,"{""agents"": ""150"", ""comp_time"": ""276"", ""makespan"": ""112"", ""makespan_lb"": ""98"", ""map_file"": ""maze-32-32-4.map"", ""seed"": ""1"", ""soc"": ""8714"", ""soc_lb"": ""6464"", ""solved"": ""1"", ""solver"": ""planner"", ""sum_of_loss"": ""8282"", ""sum_of_loss_lb"": ""6464""}"
lg_lacam_fork:lg_tl,LG-LaCAM (window 20) + traffic load,maze-32-32-4,maze-32-32-4-random-5,150,0,30.0,solved,1.036591,0.946,8606,116,8141,6464,98,1.331374,0,,/home/carsten/Projects/MAPF/MAPF Evaluator/results/tlcpp-maze-32-4/runs/lg_lacam_fork_lg_tl/maze-32-32-4/maze-32-32-4-random-5_a150_s0_r0,8606,0.946,"{""agents"": ""150"", ""comp_time"": ""946"", ""makespan"": ""116"", ""makespan_lb"": ""98"", ""map_file"": ""maze-32-32-4.map"", ""seed"": ""0"", ""soc"": ""8606"", ""soc_lb"": ""6464"", ""solved"": ""1"", ""solver"": ""planner"", ""sum_of_loss"": ""8216"", ""sum_of_loss_lb"": ""6464""}"
lg_lacam_fork:lg,"LG-LaCAM (window 20, first solution)",maze-32-32-4,maze-32-32-4-random-5,150,2,30.0,solved,1.098442,0.934,8746,120,8280,6464,98,1.353032,0,,/home/carsten/Projects/MAPF/MAPF Evaluator/results/tlcpp-maze-32-4/runs/lg_lacam_fork_lg/maze-32-32-4/maze-32-32-4-random-5_a150_s2_r0,8746,0.934,"{""agents"": ""150"", ""comp_time"": ""934"", ""makespan"": ""120"", ""makespan_lb"": ""98"", ""map_file"": ""maze-32-32-4.map"", ""seed"": ""2"", ""soc"": ""8746"", ""soc_lb"": ""6464"", ""solved"": ""1"", ""solver"": ""planner"", ""sum_of_loss"": ""8357"", ""sum_of_loss_lb"": ""6464""}"
lg_lacam_fork:lg_tl,LG-LaCAM (window 20) + traffic load,maze-32-32-4,maze-32-32-4-random-5,150,2,30.0,solved,0.60947,0.482,8440,102,7920,6464,98,1.305693,0,,/home/carsten/Projects/MAPF/MAPF Evaluator/results/tlcpp-maze-32-4/runs/lg_lacam_fork_lg_tl/maze-32-32-4/maze-32-32-4-random-5_a150_s2_r0,8440,0.482,"{""agents"": ""150"", ""comp_time"": ""482"", ""makespan"": ""102"", ""makespan_lb"": ""98"", ""map_file"": ""maze-32-32-4.map"", ""seed"": ""2"", ""soc"": ""8440"", ""soc_lb"": ""6464"", ""solved"": ""1"", ""solver"": ""planner"", ""sum_of_loss"": ""8001"", ""sum_of_loss_lb"": ""6464""}"
lg_lacam_fork:lg_suo,LG-LaCAM (window 20) + SUO,maze-32-32-4,maze-32-32-4-random-5,150,0,30.0,solved,0.642152,0.598,9272,110,8603,6464,98,1.434406,0,,/home/carsten/Projects/MAPF/MAPF Evaluator/results/tlcpp-maze-32-4/runs/lg_lacam_fork_lg_suo/maze-32-32-4/maze-32-32-4-random-5_a150_s0_r0,9272,0.598,"{""agents"": ""150"", ""comp_time"": ""598"", ""makespan"": ""110"", ""makespan_lb"": ""98"", ""map_file"": ""maze-32-32-4.map"", ""seed"": ""0"", ""soc"": ""9272"", ""soc_lb"": ""6464"", ""solved"": ""1"", ""solver"": ""planner"", ""sum_of_loss"": ""8692"", ""sum_of_loss_lb"": ""6464""}"
lg_lacam_fork:lg_suo,LG-LaCAM (window 20) + SUO,maze-32-32-4,maze-32-32-4-random-5,150,2,30.0,solved,0.417271,0.287,9328,109,8680,6464,98,1.443069,0,,/home/carsten/Projects/MAPF/MAPF Evaluator/results/tlcpp-maze-32-4/runs/lg_lacam_fork_lg_suo/maze-32-32-4/maze-32-32-4-random-5_a150_s2_r0,9328,0.287,"{""agents"": ""150"", ""comp_time"": ""287"", ""makespan"": ""109"", ""makespan_lb"": ""98"", ""map_file"": ""maze-32-32-4.map"", ""seed"": ""2"", ""soc"": ""9328"", ""soc_lb"": ""6464"", ""solved"": ""1"", ""solver"": ""planner"", ""sum_of_loss"": ""8786"", ""sum_of_loss_lb"": ""6464""}"
lg_lacam_fork:lg_suo_tl,LG-LaCAM (window 20) + SUO + traffic load,maze-32-32-4,maze-32-32-4-random-5,150,0,30.0,solved,0.630703,0.53,8887,104,8343,6464,98,1.374845,0,,/home/carsten/Projects/MAPF/MAPF Evaluator/results/tlcpp-maze-32-4/runs/lg_lacam_fork_lg_suo_tl/maze-32-32-4/maze-32-32-4-random-5_a150_s0_r0,8887,0.53,"{""agents"": ""150"", ""comp_time"": ""530"", ""makespan"": ""104"", ""makespan_lb"": ""98"", ""map_file"": ""maze-32-32-4.map"", ""seed"": ""0"", ""soc"": ""8887"", ""soc_lb"": ""6464"", ""solved"": ""1"", ""solver"": ""planner"", ""sum_of_loss"": ""8429"", ""sum_of_loss_lb"": ""6464""}"
lg_lacam_fork:lg_suo_tl,LG-LaCAM (window 20) + SUO + traffic load,maze-32-32-4,maze-32-32-4-random-5,150,2,30.0,solved,0.473976,0.381,8493,106,8012,6464,98,1.313892,0,,/home/carsten/Projects/MAPF/MAPF Evaluator/results/tlcpp-maze-32-4/runs/lg_lacam_fork_lg_suo_tl/maze-32-32-4/maze-32-32-4-random-5_a150_s2_r0,8493,0.381,"{""agents"": ""150"", ""comp_time"": ""381"", ""makespan"": ""106"", ""makespan_lb"": ""98"", ""map_file"": ""maze-32-32-4.map"", ""seed"": ""2"", ""soc"": ""8493"", ""soc_lb"": ""6464"", ""solved"": ""1"", ""solver"": ""planner"", ""sum_of_loss"": ""8086"", ""sum_of_loss_lb"": ""6464""}"
lg_lacam_fork:lg_suo,LG-LaCAM (window 20) + SUO,maze-32-32-4,maze-32-32-4-random-5,150,1,30.0,solved,1.343082,1.091,8881,108,8241,6464,98,1.373917,0,,/home/carsten/Projects/MAPF/MAPF Evaluator/results/tlcpp-maze-32-4/runs/lg_lacam_fork_lg_suo/maze-32-32-4/maze-32-32-4-random-5_a150_s1_r0,8881,1.091,"{""agents"": ""150"", ""comp_time"": ""1091"", ""makespan"": ""108"", ""makespan_lb"": ""98"", ""map_file"": ""maze-32-32-4.map"", ""seed"": ""1"", ""soc"": ""8881"", ""soc_lb"": ""6464"", ""solved"": ""1"", ""solver"": ""planner"", ""sum_of_loss"": ""8332"", ""sum_of_loss_lb"": ""6464""}"
lg_lacam_fork:lacam,"LaCAM (no guidance, first solution)",maze-32-32-4,maze-32-32-4-random-5,200,0,30.0,solved,0.449664,0.07,21357,190,16397,8501,98,2.512293,0,,/home/carsten/Projects/MAPF/MAPF Evaluator/results/tlcpp-maze-32-4/runs/lg_lacam_fork_lacam/maze-32-32-4/maze-32-32-4-random-5_a200_s0_r0,21357,0.07,"{""agents"": ""200"", ""comp_time"": ""70"", ""makespan"": ""190"", ""makespan_lb"": ""98"", ""map_file"": ""maze-32-32-4.map"", ""seed"": ""0"", ""soc"": ""21357"", ""soc_lb"": ""8501"", ""solved"": ""1"", ""solver"": ""planner"", ""sum_of_loss"": ""16911"", ""sum_of_loss_lb"": ""8501""}"
lg_lacam_fork:lacam,"LaCAM (no guidance, first solution)",maze-32-32-4,maze-32-32-4-random-5,200,1,30.0,solved,0.448834,0.182,21464,218,16104,8501,98,2.524879,0,,/home/carsten/Projects/MAPF/MAPF Evaluator/results/tlcpp-maze-32-4/runs/lg_lacam_fork_lacam/maze-32-32-4/maze-32-32-4-random-5_a200_s1_r0,21464,0.182,"{""agents"": ""200"", ""comp_time"": ""182"", ""makespan"": ""218"", ""makespan_lb"": ""98"", ""map_file"": ""maze-32-32-4.map"", ""seed"": ""1"", ""soc"": ""21464"", ""soc_lb"": ""8501"", ""solved"": ""1"", ""solver"": ""planner"", ""sum_of_loss"": ""16639"", ""sum_of_loss_lb"": ""8501""}"
lg_lacam_fork:lacam,"LaCAM (no guidance, first solution)",maze-32-32-4,maze-32-32-4-random-5,200,2,30.0,solved,0.274979,0.078,22357,231,16506,8501,98,2.629926,0,,/home/carsten/Projects/MAPF/MAPF Evaluator/results/tlcpp-maze-32-4/runs/lg_lacam_fork_lacam/maze-32-32-4/maze-32-32-4-random-5_a200_s2_r0,22357,0.078,"{""agents"": ""200"", ""comp_time"": ""78"", ""makespan"": ""231"", ""makespan_lb"": ""98"", ""map_file"": ""maze-32-32-4.map"", ""seed"": ""2"", ""soc"": ""22357"", ""soc_lb"": ""8501"", ""solved"": ""1"", ""solver"": ""planner"", ""sum_of_loss"": ""16995"", ""sum_of_loss_lb"": ""8501""}"
lg_lacam_fork:lg_suo_tl,LG-LaCAM (window 20) + SUO + traffic load,maze-32-32-4,maze-32-32-4-random-5,150,1,30.0,solved,2.67335,2.596,8798,110,8282,6464,98,1.361077,0,,/home/carsten/Projects/MAPF/MAPF Evaluator/results/tlcpp-maze-32-4/runs/lg_lacam_fork_lg_suo_tl/maze-32-32-4/maze-32-32-4-random-5_a150_s1_r0,8798,2.596,"{""agents"": ""150"", ""comp_time"": ""2596"", ""makespan"": ""110"", ""makespan_lb"": ""98"", ""map_file"": ""maze-32-32-4.map"", ""seed"": ""1"", ""soc"": ""8798"", ""soc_lb"": ""6464"", ""solved"": ""1"", ""solver"": ""planner"", ""sum_of_loss"": ""8359"", ""sum_of_loss_lb"": ""6464""}"
lg_lacam_fork:tl,"LaCAM + traffic load (tie-break, per config)",maze-32-32-4,maze-32-32-4-random-5,200,1,30.0,solved,0.177517,0.076,17640,182,13728,8501,98,2.07505,0,,/home/carsten/Projects/MAPF/MAPF Evaluator/results/tlcpp-maze-32-4/runs/lg_lacam_fork_tl/maze-32-32-4/maze-32-32-4-random-5_a200_s1_r0,17640,0.076,"{""agents"": ""200"", ""comp_time"": ""76"", ""makespan"": ""182"", ""makespan_lb"": ""98"", ""map_file"": ""maze-32-32-4.map"", ""seed"": ""1"", ""soc"": ""17640"", ""soc_lb"": ""8501"", ""solved"": ""1"", ""solver"": ""planner"", ""sum_of_loss"": ""14102"", ""sum_of_loss_lb"": ""8501""}"
lg_lacam_fork:tl_agent,"LaCAM + traffic load (tie-break, per agent)",maze-32-32-4,maze-32-32-4-random-5,200,0,30.0,solved,0.349176,0.098,16270,149,13334,8501,98,1.913892,0,,/home/carsten/Projects/MAPF/MAPF Evaluator/results/tlcpp-maze-32-4/runs/lg_lacam_fork_tl_agent/maze-32-32-4/maze-32-32-4-random-5_a200_s0_r0,16270,0.098,"{""agents"": ""200"", ""comp_time"": ""98"", ""makespan"": ""149"", ""makespan_lb"": ""98"", ""map_file"": ""maze-32-32-4.map"", ""seed"": ""0"", ""soc"": ""16270"", ""soc_lb"": ""8501"", ""solved"": ""1"", ""solver"": ""planner"", ""sum_of_loss"": ""13757"", ""sum_of_loss_lb"": ""8501""}"
lg_lacam_fork:tl,"LaCAM + traffic load (tie-break, per config)",maze-32-32-4,maze-32-32-4-random-5,200,2,30.0,solved,0.546819,0.15,17193,178,13468,8501,98,2.022468,0,,/home/carsten/Projects/MAPF/MAPF Evaluator/results/tlcpp-maze-32-4/runs/lg_lacam_fork_tl/maze-32-32-4/maze-32-32-4-random-5_a200_s2_r0,17193,0.15,"{""agents"": ""200"", ""comp_time"": ""150"", ""makespan"": ""178"", ""makespan_lb"": ""98"", ""map_file"": ""maze-32-32-4.map"", ""seed"": ""2"", ""soc"": ""17193"", ""soc_lb"": ""8501"", ""solved"": ""1"", ""solver"": ""planner"", ""sum_of_loss"": ""13871"", ""sum_of_loss_lb"": ""8501""}"
lg_lacam_fork:tl_agent,"LaCAM + traffic load (tie-break, per agent)",maze-32-32-4,maze-32-32-4-random-5,200,1,30.0,solved,0.289668,0.137,16409,145,13427,8501,98,1.930244,0,,/home/carsten/Projects/MAPF/MAPF Evaluator/results/tlcpp-maze-32-4/runs/lg_lacam_fork_tl_agent/maze-32-32-4/maze-32-32-4-random-5_a200_s1_r0,16409,0.137,"{""agents"": ""200"", ""comp_time"": ""137"", ""makespan"": ""145"", ""makespan_lb"": ""98"", ""map_file"": ""maze-32-32-4.map"", ""seed"": ""1"", ""soc"": ""16409"", ""soc_lb"": ""8501"", ""solved"": ""1"", ""solver"": ""planner"", ""sum_of_loss"": ""13835"", ""sum_of_loss_lb"": ""8501""}"
lg_lacam_fork:tl,"LaCAM + traffic load (tie-break, per config)",maze-32-32-4,maze-32-32-4-random-5,200,0,30.0,error,1.240745,,,,,8501,98,,-6,exit code -6: terminate called after throwing an instance of 'std::system_error' what(): Resource temporarily unavailable,/home/carsten/Projects/MAPF/MAPF Evaluator/results/tlcpp-maze-32-4/runs/lg_lacam_fork_tl/maze-32-32-4/maze-32-32-4-random-5_a200_s0_r0,,,
lg_lacam_fork:tl_agent,"LaCAM + traffic load (tie-break, per agent)",maze-32-32-4,maze-32-32-4-random-5,200,2,30.0,solved,0.368411,0.179,16452,152,13374,8501,98,1.935302,0,,/home/carsten/Projects/MAPF/MAPF Evaluator/results/tlcpp-maze-32-4/runs/lg_lacam_fork_tl_agent/maze-32-32-4/maze-32-32-4-random-5_a200_s2_r0,16452,0.179,"{""agents"": ""200"", ""comp_time"": ""179"", ""makespan"": ""152"", ""makespan_lb"": ""98"", ""map_file"": ""maze-32-32-4.map"", ""seed"": ""2"", ""soc"": ""16452"", ""soc_lb"": ""8501"", ""solved"": ""1"", ""solver"": ""planner"", ""sum_of_loss"": ""13773"", ""sum_of_loss_lb"": ""8501""}"
lg_lacam_fork:tl_static,LaCAM + traffic load (static map from starts),maze-32-32-4,maze-32-32-4-random-5,200,0,30.0,solved,0.284457,0.129,19519,205,14996,8501,98,2.296083,0,,/home/carsten/Projects/MAPF/MAPF Evaluator/results/tlcpp-maze-32-4/runs/lg_lacam_fork_tl_static/maze-32-32-4/maze-32-32-4-random-5_a200_s0_r0,19519,0.129,"{""agents"": ""200"", ""comp_time"": ""129"", ""makespan"": ""205"", ""makespan_lb"": ""98"", ""map_file"": ""maze-32-32-4.map"", ""seed"": ""0"", ""soc"": ""19519"", ""soc_lb"": ""8501"", ""solved"": ""1"", ""solver"": ""planner"", ""sum_of_loss"": ""15546"", ""sum_of_loss_lb"": ""8501""}"
lg_lacam_fork:tl_static,LaCAM + traffic load (static map from starts),maze-32-32-4,maze-32-32-4-random-5,200,2,30.0,solved,0.255158,0.144,19541,209,15012,8501,98,2.298671,0,,/home/carsten/Projects/MAPF/MAPF Evaluator/results/tlcpp-maze-32-4/runs/lg_lacam_fork_tl_static/maze-32-32-4/maze-32-32-4-random-5_a200_s2_r0,19541,0.144,"{""agents"": ""200"", ""comp_time"": ""144"", ""makespan"": ""209"", ""makespan_lb"": ""98"", ""map_file"": ""maze-32-32-4.map"", ""seed"": ""2"", ""soc"": ""19541"", ""soc_lb"": ""8501"", ""solved"": ""1"", ""solver"": ""planner"", ""sum_of_loss"": ""15569"", ""sum_of_loss_lb"": ""8501""}"
lg_lacam_fork:tl_static,LaCAM + traffic load (static map from starts),maze-32-32-4,maze-32-32-4-random-5,200,1,30.0,solved,0.405995,0.321,22405,327,17444,8501,98,2.635572,0,,/home/carsten/Projects/MAPF/MAPF Evaluator/results/tlcpp-maze-32-4/runs/lg_lacam_fork_tl_static/maze-32-32-4/maze-32-32-4-random-5_a200_s1_r0,22405,0.321,"{""agents"": ""200"", ""comp_time"": ""321"", ""makespan"": ""327"", ""makespan_lb"": ""98"", ""map_file"": ""maze-32-32-4.map"", ""seed"": ""1"", ""soc"": ""22405"", ""soc_lb"": ""8501"", ""solved"": ""1"", ""solver"": ""planner"", ""sum_of_loss"": ""18276"", ""sum_of_loss_lb"": ""8501""}"
lg_lacam_fork:suo,LaCAM3 = SUO (first solution),maze-32-32-4,maze-32-32-4-random-5,200,1,30.0,solved,0.241841,0.128,17868,153,14656,8501,98,2.10187,0,,/home/carsten/Projects/MAPF/MAPF Evaluator/results/tlcpp-maze-32-4/runs/lg_lacam_fork_suo/maze-32-32-4/maze-32-32-4-random-5_a200_s1_r0,17868,0.128,"{""agents"": ""200"", ""comp_time"": ""128"", ""makespan"": ""153"", ""makespan_lb"": ""98"", ""map_file"": ""maze-32-32-4.map"", ""seed"": ""1"", ""soc"": ""17868"", ""soc_lb"": ""8501"", ""solved"": ""1"", ""solver"": ""planner"", ""sum_of_loss"": ""15083"", ""sum_of_loss_lb"": ""8501""}"
lg_lacam_fork:suo,LaCAM3 = SUO (first solution),maze-32-32-4,maze-32-32-4-random-5,200,0,30.0,solved,0.473681,0.315,17679,205,14564,8501,98,2.079638,0,,/home/carsten/Projects/MAPF/MAPF Evaluator/results/tlcpp-maze-32-4/runs/lg_lacam_fork_suo/maze-32-32-4/maze-32-32-4-random-5_a200_s0_r0,17679,0.315,"{""agents"": ""200"", ""comp_time"": ""315"", ""makespan"": ""205"", ""makespan_lb"": ""98"", ""map_file"": ""maze-32-32-4.map"", ""seed"": ""0"", ""soc"": ""17679"", ""soc_lb"": ""8501"", ""solved"": ""1"", ""solver"": ""planner"", ""sum_of_loss"": ""14948"", ""sum_of_loss_lb"": ""8501""}"
lg_lacam_fork:suo,LaCAM3 = SUO (first solution),maze-32-32-4,maze-32-32-4-random-5,200,2,30.0,solved,0.225955,0.099,18202,162,14984,8501,98,2.14116,0,,/home/carsten/Projects/MAPF/MAPF Evaluator/results/tlcpp-maze-32-4/runs/lg_lacam_fork_suo/maze-32-32-4/maze-32-32-4-random-5_a200_s2_r0,18202,0.099,"{""agents"": ""200"", ""comp_time"": ""99"", ""makespan"": ""162"", ""makespan_lb"": ""98"", ""map_file"": ""maze-32-32-4.map"", ""seed"": ""2"", ""soc"": ""18202"", ""soc_lb"": ""8501"", ""solved"": ""1"", ""solver"": ""planner"", ""sum_of_loss"": ""15385"", ""sum_of_loss_lb"": ""8501""}"
lg_lacam_fork:suo_tl,SUO + traffic load,maze-32-32-4,maze-32-32-4-random-5,200,1,30.0,solved,0.323983,0.162,16126,171,13502,8501,98,1.896953,0,,/home/carsten/Projects/MAPF/MAPF Evaluator/results/tlcpp-maze-32-4/runs/lg_lacam_fork_suo_tl/maze-32-32-4/maze-32-32-4-random-5_a200_s1_r0,16126,0.162,"{""agents"": ""200"", ""comp_time"": ""162"", ""makespan"": ""171"", ""makespan_lb"": ""98"", ""map_file"": ""maze-32-32-4.map"", ""seed"": ""1"", ""soc"": ""16126"", ""soc_lb"": ""8501"", ""solved"": ""1"", ""solver"": ""planner"", ""sum_of_loss"": ""13858"", ""sum_of_loss_lb"": ""8501""}"
lg_lacam_fork:suo_tl,SUO + traffic load,maze-32-32-4,maze-32-32-4-random-5,200,2,30.0,solved,0.282447,0.114,15748,166,13513,8501,98,1.852488,0,,/home/carsten/Projects/MAPF/MAPF Evaluator/results/tlcpp-maze-32-4/runs/lg_lacam_fork_suo_tl/maze-32-32-4/maze-32-32-4-random-5_a200_s2_r0,15748,0.114,"{""agents"": ""200"", ""comp_time"": ""114"", ""makespan"": ""166"", ""makespan_lb"": ""98"", ""map_file"": ""maze-32-32-4.map"", ""seed"": ""2"", ""soc"": ""15748"", ""soc_lb"": ""8501"", ""solved"": ""1"", ""solver"": ""planner"", ""sum_of_loss"": ""13815"", ""sum_of_loss_lb"": ""8501""}"
lg_lacam_fork:suo_tl,SUO + traffic load,maze-32-32-4,maze-32-32-4-random-5,200,0,30.0,solved,0.910107,0.845,15287,156,13179,8501,98,1.798259,0,,/home/carsten/Projects/MAPF/MAPF Evaluator/results/tlcpp-maze-32-4/runs/lg_lacam_fork_suo_tl/maze-32-32-4/maze-32-32-4-random-5_a200_s0_r0,15287,0.845,"{""agents"": ""200"", ""comp_time"": ""845"", ""makespan"": ""156"", ""makespan_lb"": ""98"", ""map_file"": ""maze-32-32-4.map"", ""seed"": ""0"", ""soc"": ""15287"", ""soc_lb"": ""8501"", ""solved"": ""1"", ""solver"": ""planner"", ""sum_of_loss"": ""13487"", ""sum_of_loss_lb"": ""8501""}"
lg_lacam_fork:lg_tl,LG-LaCAM (window 20) + traffic load,maze-32-32-4,maze-32-32-4-random-5,200,0,30.0,solved,0.621653,0.406,13055,145,11693,8501,98,1.535702,0,,/home/carsten/Projects/MAPF/MAPF Evaluator/results/tlcpp-maze-32-4/runs/lg_lacam_fork_lg_tl/maze-32-32-4/maze-32-32-4-random-5_a200_s0_r0,13055,0.406,"{""agents"": ""200"", ""comp_time"": ""406"", ""makespan"": ""145"", ""makespan_lb"": ""98"", ""map_file"": ""maze-32-32-4.map"", ""seed"": ""0"", ""soc"": ""13055"", ""soc_lb"": ""8501"", ""solved"": ""1"", ""solver"": ""planner"", ""sum_of_loss"": ""11836"", ""sum_of_loss_lb"": ""8501""}"
lg_lacam_fork:lg,"LG-LaCAM (window 20, first solution)",maze-32-32-4,maze-32-32-4-random-5,200,0,30.0,solved,1.220001,1.099,14152,158,12799,8501,98,1.664745,0,,/home/carsten/Projects/MAPF/MAPF Evaluator/results/tlcpp-maze-32-4/runs/lg_lacam_fork_lg/maze-32-32-4/maze-32-32-4-random-5_a200_s0_r0,14152,1.099,"{""agents"": ""200"", ""comp_time"": ""1099"", ""makespan"": ""158"", ""makespan_lb"": ""98"", ""map_file"": ""maze-32-32-4.map"", ""seed"": ""0"", ""soc"": ""14152"", ""soc_lb"": ""8501"", ""solved"": ""1"", ""solver"": ""planner"", ""sum_of_loss"": ""12985"", ""sum_of_loss_lb"": ""8501""}"
lg_lacam_fork:lg,"LG-LaCAM (window 20, first solution)",maze-32-32-4,maze-32-32-4-random-5,200,2,30.0,solved,1.023385,0.895,15056,159,13192,8501,98,1.771086,0,,/home/carsten/Projects/MAPF/MAPF Evaluator/results/tlcpp-maze-32-4/runs/lg_lacam_fork_lg/maze-32-32-4/maze-32-32-4-random-5_a200_s2_r0,15056,0.895,"{""agents"": ""200"", ""comp_time"": ""895"", ""makespan"": ""159"", ""makespan_lb"": ""98"", ""map_file"": ""maze-32-32-4.map"", ""seed"": ""2"", ""soc"": ""15056"", ""soc_lb"": ""8501"", ""solved"": ""1"", ""solver"": ""planner"", ""sum_of_loss"": ""13388"", ""sum_of_loss_lb"": ""8501""}"
lg_lacam_fork:lg,"LG-LaCAM (window 20, first solution)",maze-32-32-4,maze-32-32-4-random-5,200,1,30.0,solved,1.328794,1.182,13487,143,12227,8501,98,1.586519,0,,/home/carsten/Projects/MAPF/MAPF Evaluator/results/tlcpp-maze-32-4/runs/lg_lacam_fork_lg/maze-32-32-4/maze-32-32-4-random-5_a200_s1_r0,13487,1.182,"{""agents"": ""200"", ""comp_time"": ""1182"", ""makespan"": ""143"", ""makespan_lb"": ""98"", ""map_file"": ""maze-32-32-4.map"", ""seed"": ""1"", ""soc"": ""13487"", ""soc_lb"": ""8501"", ""solved"": ""1"", ""solver"": ""planner"", ""sum_of_loss"": ""12399"", ""sum_of_loss_lb"": ""8501""}"
lg_lacam_fork:lg_tl,LG-LaCAM (window 20) + traffic load,maze-32-32-4,maze-32-32-4-random-5,200,1,30.0,solved,0.67628,0.561,12964,145,11908,8501,98,1.524997,0,,/home/carsten/Projects/MAPF/MAPF Evaluator/results/tlcpp-maze-32-4/runs/lg_lacam_fork_lg_tl/maze-32-32-4/maze-32-32-4-random-5_a200_s1_r0,12964,0.561,"{""agents"": ""200"", ""comp_time"": ""561"", ""makespan"": ""145"", ""makespan_lb"": ""98"", ""map_file"": ""maze-32-32-4.map"", ""seed"": ""1"", ""soc"": ""12964"", ""soc_lb"": ""8501"", ""solved"": ""1"", ""solver"": ""planner"", ""sum_of_loss"": ""12048"", ""sum_of_loss_lb"": ""8501""}"
lg_lacam_fork:lg_tl,LG-LaCAM (window 20) + traffic load,maze-32-32-4,maze-32-32-4-random-5,200,2,30.0,solved,1.587636,1.397,14156,171,12521,8501,98,1.665216,0,,/home/carsten/Projects/MAPF/MAPF Evaluator/results/tlcpp-maze-32-4/runs/lg_lacam_fork_lg_tl/maze-32-32-4/maze-32-32-4-random-5_a200_s2_r0,14156,1.397,"{""agents"": ""200"", ""comp_time"": ""1397"", ""makespan"": ""171"", ""makespan_lb"": ""98"", ""map_file"": ""maze-32-32-4.map"", ""seed"": ""2"", ""soc"": ""14156"", ""soc_lb"": ""8501"", ""solved"": ""1"", ""solver"": ""planner"", ""sum_of_loss"": ""12688"", ""sum_of_loss_lb"": ""8501""}"
lg_lacam_fork:lg_suo_tl,LG-LaCAM (window 20) + SUO + traffic load,maze-32-32-4,maze-32-32-4-random-5,200,0,30.0,solved,0.587794,0.506,12805,112,11810,8501,98,1.506293,0,,/home/carsten/Projects/MAPF/MAPF Evaluator/results/tlcpp-maze-32-4/runs/lg_lacam_fork_lg_suo_tl/maze-32-32-4/maze-32-32-4-random-5_a200_s0_r0,12805,0.506,"{""agents"": ""200"", ""comp_time"": ""506"", ""makespan"": ""112"", ""makespan_lb"": ""98"", ""map_file"": ""maze-32-32-4.map"", ""seed"": ""0"", ""soc"": ""12805"", ""soc_lb"": ""8501"", ""solved"": ""1"", ""solver"": ""planner"", ""sum_of_loss"": ""11953"", ""sum_of_loss_lb"": ""8501""}"
lg_lacam_fork:lg_suo,LG-LaCAM (window 20) + SUO,maze-32-32-4,maze-32-32-4-random-5,200,0,30.0,solved,2.926566,2.779,14069,153,12562,8501,98,1.654982,0,,/home/carsten/Projects/MAPF/MAPF Evaluator/results/tlcpp-maze-32-4/runs/lg_lacam_fork_lg_suo/maze-32-32-4/maze-32-32-4-random-5_a200_s0_r0,14069,2.779,"{""agents"": ""200"", ""comp_time"": ""2779"", ""makespan"": ""153"", ""makespan_lb"": ""98"", ""map_file"": ""maze-32-32-4.map"", ""seed"": ""0"", ""soc"": ""14069"", ""soc_lb"": ""8501"", ""solved"": ""1"", ""solver"": ""planner"", ""sum_of_loss"": ""12757"", ""sum_of_loss_lb"": ""8501""}"
lg_lacam_fork:lg_suo,LG-LaCAM (window 20) + SUO,maze-32-32-4,maze-32-32-4-random-5,200,1,30.0,solved,3.240711,3.054,14399,152,12488,8501,98,1.693801,0,,/home/carsten/Projects/MAPF/MAPF Evaluator/results/tlcpp-maze-32-4/runs/lg_lacam_fork_lg_suo/maze-32-32-4/maze-32-32-4-random-5_a200_s1_r0,14399,3.054,"{""agents"": ""200"", ""comp_time"": ""3054"", ""makespan"": ""152"", ""makespan_lb"": ""98"", ""map_file"": ""maze-32-32-4.map"", ""seed"": ""1"", ""soc"": ""14399"", ""soc_lb"": ""8501"", ""solved"": ""1"", ""solver"": ""planner"", ""sum_of_loss"": ""12687"", ""sum_of_loss_lb"": ""8501""}"
lg_lacam_fork:lg_suo,LG-LaCAM (window 20) + SUO,maze-32-32-4,maze-32-32-4-random-5,200,2,30.0,solved,2.876702,2.786,14409,170,12987,8501,98,1.694977,0,,/home/carsten/Projects/MAPF/MAPF Evaluator/results/tlcpp-maze-32-4/runs/lg_lacam_fork_lg_suo/maze-32-32-4/maze-32-32-4-random-5_a200_s2_r0,14409,2.786,"{""agents"": ""200"", ""comp_time"": ""2786"", ""makespan"": ""170"", ""makespan_lb"": ""98"", ""map_file"": ""maze-32-32-4.map"", ""seed"": ""2"", ""soc"": ""14409"", ""soc_lb"": ""8501"", ""solved"": ""1"", ""solver"": ""planner"", ""sum_of_loss"": ""13147"", ""sum_of_loss_lb"": ""8501""}"
lg_lacam_fork:lg_suo_tl,LG-LaCAM (window 20) + SUO + traffic load,maze-32-32-4,maze-32-32-4-random-5,200,2,30.0,solved,0.738061,0.554,13390,139,12114,8501,98,1.575109,0,,/home/carsten/Projects/MAPF/MAPF Evaluator/results/tlcpp-maze-32-4/runs/lg_lacam_fork_lg_suo_tl/maze-32-32-4/maze-32-32-4-random-5_a200_s2_r0,13390,0.554,"{""agents"": ""200"", ""comp_time"": ""554"", ""makespan"": ""139"", ""makespan_lb"": ""98"", ""map_file"": ""maze-32-32-4.map"", ""seed"": ""2"", ""soc"": ""13390"", ""soc_lb"": ""8501"", ""solved"": ""1"", ""solver"": ""planner"", ""sum_of_loss"": ""12293"", ""sum_of_loss_lb"": ""8501""}"
lg_lacam_fork:lg_suo_tl,LG-LaCAM (window 20) + SUO + traffic load,maze-32-32-4,maze-32-32-4-random-5,200,1,30.0,solved,1.953551,1.779,13742,153,12498,8501,98,1.616516,0,,/home/carsten/Projects/MAPF/MAPF Evaluator/results/tlcpp-maze-32-4/runs/lg_lacam_fork_lg_suo_tl/maze-32-32-4/maze-32-32-4-random-5_a200_s1_r0,13742,1.779,"{""agents"": ""200"", ""comp_time"": ""1779"", ""makespan"": ""153"", ""makespan_lb"": ""98"", ""map_file"": ""maze-32-32-4.map"", ""seed"": ""1"", ""soc"": ""13742"", ""soc_lb"": ""8501"", ""solved"": ""1"", ""solver"": ""planner"", ""sum_of_loss"": ""12679"", ""sum_of_loss_lb"": ""8501""}"
