solver_id,solver_label,map,scen,agents,seed,timeout,status,wallclock_s,solver_time_s,soc,makespan,sum_of_loss,soc_lb,makespan_lb,soc_ratio,exit_code,error,run_dir,first_soc,first_time_s,solver_stats
lg_lacam_fork:lacam,"LaCAM (no guidance, first solution)",random-32-32-20,random-32-32-20-random-1,50,1,30.0,solved,0.027545,0.005,1469,49,1268,1082,48,1.357671,0,,/home/carsten/Projects/MAPF/MAPF Evaluator/results/tlcpp-random32-20/runs/lg_lacam_fork_lacam/random-32-32-20/random-32-32-20-random-1_a50_s1_r0,1469,0.005,"{""agents"": ""50"", ""comp_time"": ""5"", ""makespan"": ""49"", ""makespan_lb"": ""48"", ""map_file"": ""random-32-32-20.map"", ""seed"": ""1"", ""soc"": ""1469"", ""soc_lb"": ""1082"", ""solved"": ""1"", ""solver"": ""planner"", ""sum_of_loss"": ""1299"", ""sum_of_loss_lb"": ""1082""}"
lg_lacam_fork:lacam,"LaCAM (no guidance, first solution)",random-32-32-20,random-32-32-20-random-1,50,0,30.0,solved,0.124122,0.043,1426,50,1252,1082,48,1.31793,0,,/home/carsten/Projects/MAPF/MAPF Evaluator/results/tlcpp-random32-20/runs/lg_lacam_fork_lacam/random-32-32-20/random-32-32-20-random-1_a50_s0_r0,1426,0.043,"{""agents"": ""50"", ""comp_time"": ""43"", ""makespan"": ""50"", ""makespan_lb"": ""48"", ""map_file"": ""random-32-32-20.map"", ""seed"": ""0"", ""soc"": ""1426"", ""soc_lb"": ""1082"", ""solved"": ""1"", ""solver"": ""planner"", ""sum_of_loss"": ""1277"", ""sum_of_loss_lb"": ""1082""}"
lg_lacam_fork:lacam,"LaCAM (no guidance, first solution)",random-32-32-20,random-32-32-20-random-1,50,2,30.0,solved,0.074329,0.006,1474,48,1294,1082,48,1.362292,0,,/home/carsten/Projects/MAPF/MAPF Evaluator/results/tlcpp-random32-20/runs/lg_lacam_fork_lacam/random-32-32-20/random-32-32-20-random-1_a50_s2_r0,1474,0.006,"{""agents"": ""50"", ""comp_time"": ""6"", ""makespan"": ""48"", ""makespan_lb"": ""48"", ""map_file"": ""random-32-32-20.map"", ""seed"": ""2"", ""soc"": ""1474"", ""soc_lb"": ""1082"", ""solved"": ""1"", ""solver"": ""planner"", ""sum_of_loss"": ""1324"", ""sum_of_loss_lb"": ""1082""}"
lg_lacam_fork:tl,"LaCAM + traffic load (tie-break, per config)",random-32-32-20,random-32-32-20-random-1,50,0,30.0,solved,0.032311,0.011,1308,48,1183,1082,48,1.208872,0,,/home/carsten/Projects/MAPF/MAPF Evaluator/results/tlcpp-random32-20/runs/lg_lacam_fork_tl/random-32-32-20/random-32-32-20-random-1_a50_s0_r0,1308,0.011,"{""agents"": ""50"", ""comp_time"": ""11"", ""makespan"": ""48"", ""makespan_lb"": ""48"", ""map_file"": ""random-32-32-20.map"", ""seed"": ""0"", ""soc"": ""1308"", ""soc_lb"": ""1082"", ""solved"": ""1"", ""solver"": ""planner"", ""sum_of_loss"": ""1202"", ""sum_of_loss_lb"": ""1082""}"
lg_lacam_fork:tl_agent,"LaCAM + traffic load (tie-break, per agent)",random-32-32-20,random-32-32-20-random-1,50,1,30.0,solved,0.025267,0.007,1290,48,1179,1082,48,1.192237,0,,/home/carsten/Projects/MAPF/MAPF Evaluator/results/tlcpp-random32-20/runs/lg_lacam_fork_tl_agent/random-32-32-20/random-32-32-20-random-1_a50_s1_r0,1290,0.007,"{""agents"": ""50"", ""comp_time"": ""7"", ""makespan"": ""48"", ""makespan_lb"": ""48"", ""map_file"": ""random-32-32-20.map"", ""seed"": ""1"", ""soc"": ""1290"", ""soc_lb"": ""1082"", ""solved"": ""1"", ""solver"": ""planner"", ""sum_of_loss"": ""1197"", ""sum_of_loss_lb"": ""1082""}"
lg_lacam_fork:tl,"LaCAM + traffic load (tie-break, per config)",random-32-32-20,random-32-32-20-random-1,50,2,30.0,solved,0.05084,0.027,1333,48,1191,1082,48,1.231978,0,,/home/carsten/Projects/MAPF/MAPF Evaluator/results/tlcpp-random32-20/runs/lg_lacam_fork_tl/random-32-32-20/random-32-32-20-random-1_a50_s2_r0,1333,0.027,"{""agents"": ""50"", ""comp_time"": ""27"", ""makespan"": ""48"", ""makespan_lb"": ""48"", ""map_file"": ""random-32-32-20.map"", ""seed"": ""2"", ""soc"": ""1333"", ""soc_lb"": ""1082"", ""solved"": ""1"", ""solver"": ""planner"", ""sum_of_loss"": ""1213"", ""sum_of_loss_lb"": ""1082""}"
lg_lacam_fork:tl_agent,"LaCAM + traffic load (tie-break, per agent)",random-32-32-20,random-32-32-20-random-1,50,0,30.0,solved,0.076698,0.027,1333,48,1187,1082,48,1.231978,0,,/home/carsten/Projects/MAPF/MAPF Evaluator/results/tlcpp-random32-20/runs/lg_lacam_fork_tl_agent/random-32-32-20/random-32-32-20-random-1_a50_s0_r0,1333,0.027,"{""agents"": ""50"", ""comp_time"": ""27"", ""makespan"": ""48"", ""makespan_lb"": ""48"", ""map_file"": ""random-32-32-20.map"", ""seed"": ""0"", ""soc"": ""1333"", ""soc_lb"": ""1082"", ""solved"": ""1"", ""solver"": ""planner"", ""sum_of_loss"": ""1209"", ""sum_of_loss_lb"": ""1082""}"
lg_lacam_fork:tl,"LaCAM + traffic load (tie-break, per config)",random-32-32-20,random-32-32-20-random-1,50,1,30.0,solved,0.099852,0.011,1282,48,1177,1082,48,1.184843,0,,/home/carsten/Projects/MAPF/MAPF Evaluator/results/tlcpp-random32-20/runs/lg_lacam_fork_tl/random-32-32-20/random-32-32-20-random-1_a50_s1_r0,1282,0.011,"{""agents"": ""50"", ""comp_time"": ""11"", ""makespan"": ""48"", ""makespan_lb"": ""48"", ""map_file"": ""random-32-32-20.map"", ""seed"": ""1"", ""soc"": ""1282"", ""soc_lb"": ""1082"", ""solved"": ""1"", ""solver"": ""planner"", ""sum_of_loss"": ""1195"", ""sum_of_loss_lb"": ""1082""}"
lg_lacam_fork:tl_agent,"LaCAM + traffic load (tie-break, per agent)",random-32-32-20,random-32-32-20-random-1,50,2,30.0,solved,0.035135,0.007,1295,48,1183,1082,48,1.196858,0,,/home/carsten/Projects/MAPF/MAPF Evaluator/results/tlcpp-random32-20/runs/lg_lacam_fork_tl_agent/random-32-32-20/random-32-32-20-random-1_a50_s2_r0,1295,0.007,"{""agents"": ""50"", ""comp_time"": ""7"", ""makespan"": ""48"", ""makespan_lb"": ""48"", ""map_file"": ""random-32-32-20.map"", ""seed"": ""2"", ""soc"": ""1295"", ""soc_lb"": ""1082"", ""solved"": ""1"", ""solver"": ""planner"", ""sum_of_loss"": ""1201"", ""sum_of_loss_lb"": ""1082""}"
lg_lacam_fork:tl_static,LaCAM + traffic load (static map from starts),random-32-32-20,random-32-32-20-random-1,50,0,30.0,solved,0.086091,0.051,1404,51,1252,1082,48,1.297597,0,,/home/carsten/Projects/MAPF/MAPF Evaluator/results/tlcpp-random32-20/runs/lg_lacam_fork_tl_static/random-32-32-20/random-32-32-20-random-1_a50_s0_r0,1404,0.051,"{""agents"": ""50"", ""comp_time"": ""51"", ""makespan"": ""51"", ""makespan_lb"": ""48"", ""map_file"": ""random-32-32-20.map"", ""seed"": ""0"", ""soc"": ""1404"", ""soc_lb"": ""1082"", ""solved"": ""1"", ""solver"": ""planner"", ""sum_of_loss"": ""1284"", ""sum_of_loss_lb"": ""1082""}"
lg_lacam_fork:tl_static,LaCAM + traffic load (static map from starts),random-32-32-20,random-32-32-20-random-1,50,1,30.0,solved,0.120334,0.062,1394,53,1249,1082,48,1.288355,0,,/home/carsten/Projects/MAPF/MAPF Evaluator/results/tlcpp-random32-20/runs/lg_lacam_fork_tl_static/random-32-32-20/random-32-32-20-random-1_a50_s1_r0,1394,0.062,"{""agents"": ""50"", ""comp_time"": ""62"", ""makespan"": ""53"", ""makespan_lb"": ""48"", ""map_file"": ""random-32-32-20.map"", ""seed"": ""1"", ""soc"": ""1394"", ""soc_lb"": ""1082"", ""solved"": ""1"", ""solver"": ""planner"", ""sum_of_loss"": ""1282"", ""sum_of_loss_lb"": ""1082""}"
lg_lacam_fork:suo,LaCAM3 = SUO (first solution),random-32-32-20,random-32-32-20-random-1,50,0,30.0,solved,0.101686,0.028,1267,48,1167,1082,48,1.17098,0,,/home/carsten/Projects/MAPF/MAPF Evaluator/results/tlcpp-random32-20/runs/lg_lacam_fork_suo/random-32-32-20/random-32-32-20-random-1_a50_s0_r0,1267,0.028,"{""agents"": ""50"", ""comp_time"": ""28"", ""makespan"": ""48"", ""makespan_lb"": ""48"", ""map_file"": ""random-32-32-20.map"", ""seed"": ""0"", ""soc"": ""1267"", ""soc_lb"": ""1082"", ""solved"": ""1"", ""solver"": ""planner"", ""sum_of_loss"": ""1172"", ""sum_of_loss_lb"": ""1082""}"
lg_lacam_fork:tl_static,LaCAM + traffic load (static map from starts),random-32-32-20,random-32-32-20-random-1,50,2,30.0,solved,0.139717,0.034,1405,51,1253,1082,48,1.298521,0,,/home/carsten/Projects/MAPF/MAPF Evaluator/results/tlcpp-random32-20/runs/lg_lacam_fork_tl_static/random-32-32-20/random-32-32-20-random-1_a50_s2_r0,1405,0.034,"{""agents"": ""50"", ""comp_time"": ""34"", ""makespan"": ""51"", ""makespan_lb"": ""48"", ""map_file"": ""random-32-32-20.map"", ""seed"": ""2"", ""soc"": ""1405"", ""soc_lb"": ""1082"", ""solved"": ""1"", ""solver"": ""planner"", ""sum_of_loss"": ""1285"", ""sum_of_loss_lb"": ""1082""}"
lg_lacam_fork:suo,LaCAM3 = SUO (first solution),random-32-32-20,random-32-32-20-random-1,50,1,30.0,solved,0.110324,0.01,1244,51,1168,1082,48,1.149723,0,,/home/carsten/Projects/MAPF/MAPF Evaluator/results/tlcpp-random32-20/runs/lg_lacam_fork_suo/random-32-32-20/random-32-32-20-random-1_a50_s1_r0,1244,0.01,"{""agents"": ""50"", ""comp_time"": ""10"", ""makespan"": ""51"", ""makespan_lb"": ""48"", ""map_file"": ""random-32-32-20.map"", ""seed"": ""1"", ""soc"": ""1244"", ""soc_lb"": ""1082"", ""solved"": ""1"", ""solver"": ""planner"", ""sum_of_loss"": ""1178"", ""sum_of_loss_lb"": ""1082""}"
lg_lacam_fork:suo_tl,SUO + traffic load,random-32-32-20,random-32-32-20-random-1,50,1,30.0,solved,0.056023,0.031,1222,48,1153,1082,48,1.12939,0,,/home/carsten/Projects/MAPF/MAPF Evaluator/results/tlcpp-random32-20/runs/lg_lacam_fork_suo_tl/random-32-32-20/random-32-32-20-random-1_a50_s1_r0,1222,0.031,"{""agents"": ""50"", ""comp_time"": ""31"", ""makespan"": ""48"", ""makespan_lb"": ""48"", ""map_file"": ""random-32-32-20.map"", ""seed"": ""1"", ""soc"": ""1222"", ""soc_lb"": ""1082"", ""solved"": ""1"", ""solver"": ""planner"", ""sum_of_loss"": ""1158"", ""sum_of_loss_lb"": ""1082""}"
lg_lacam_fork:suo_tl,SUO + traffic load,random-32-32-20,random-32-32-20-random-1,50,0,30.0,solved,0.063319,0.033,1230,48,1165,1082,48,1.136784,0,,/home/carsten/Projects/MAPF/MAPF Evaluator/results/tlcpp-random32-20/runs/lg_lacam_fork_suo_tl/random-32-32-20/random-32-32-20-random-1_a50_s0_r0,1230,0.033,"{""agents"": ""50"", ""comp_time"": ""33"", ""makespan"": ""48"", ""makespan_lb"": ""48"", ""map_file"": ""random-32-32-20.map"", ""seed"": ""0"", ""soc"": ""1230"", ""soc_lb"": ""1082"", ""solved"": ""1"", ""solver"": ""planner"", ""sum_of_loss"": ""1168"", ""sum_of_loss_lb"": ""1082""}"
lg_lacam_fork:suo,LaCAM3 = SUO (first solution),random-32-32-20,random-32-32-20-random-1,50,2,30.0,solved,0.031672,0.011,1255,48,1203,1082,48,1.159889,0,,/home/carsten/Projects/MAPF/MAPF Evaluator/results/tlcpp-random32-20/runs/lg_lacam_fork_suo/random-32-32-20/random-32-32-20-random-1_a50_s2_r0,1255,0.011,"{""agents"": ""50"", ""comp_time"": ""11"", ""makespan"": ""48"", ""makespan_lb"": ""48"", ""map_file"": ""random-32-32-20.map"", ""seed"": ""2"", ""soc"": ""1255"", ""soc_lb"": ""1082"", ""solved"": ""1"", ""solver"": ""planner"", ""sum_of_loss"": ""1207"", ""sum_of_loss_lb"": ""1082""}"
lg_lacam_fork:suo_tl,SUO + traffic load,random-32-32-20,random-32-32-20-random-1,50,2,30.0,solved,0.08385,0.059,1232,48,1169,1082,48,1.138632,0,,/home/carsten/Projects/MAPF/MAPF Evaluator/results/tlcpp-random32-20/runs/lg_lacam_fork_suo_tl/random-32-32-20/random-32-32-20-random-1_a50_s2_r0,1232,0.059,"{""agents"": ""50"", ""comp_time"": ""59"", ""makespan"": ""48"", ""makespan_lb"": ""48"", ""map_file"": ""random-32-32-20.map"", ""seed"": ""2"", ""soc"": ""1232"", ""soc_lb"": ""1082"", ""solved"": ""1"", ""solver"": ""planner"", ""sum_of_loss"": ""1173"", ""sum_of_loss_lb"": ""1082""}"
lg_lacam_fork:lg,"LG-LaCAM (window 20, first solution)",random-32-32-20,random-32-32-20-random-1,50,0,30.0,solved,0.053177,0.021,1196,48,1138,1082,48,1.10536,0,,/home/carsten/Projects/MAPF/MAPF Evaluator/results/tlcpp-random32-20/runs/lg_lacam_fork_lg/random-32-32-20/random-32-32-20-random-1_a50_s0_r0,1196,0.021,"{""agents"": ""50"", ""comp_time"": ""21"", ""makespan"": ""48"", ""makespan_lb"": ""48"", ""map_file"": ""random-32-32-20.map"", ""seed"": ""0"", ""soc"": ""1196"", ""soc_lb"": ""1082"", ""solved"": ""1"", ""solver"": ""planner"", ""sum_of_loss"": ""1141"", ""sum_of_loss_lb"": ""1082""}"
lg_lacam_fork:lg,"LG-LaCAM (window 20, first solution)",random-32-32-20,random-32-32-20-random-1,50,1,30.0,solved,0.084582,0.041,1224,48,1143,1082,48,1.131238,0,,/home/carsten/Projects/MAPF/MAPF Evaluator/results/tlcpp-random32-20/runs/lg_lacam_fork_lg/random-32-32-20/random-32-32-20-random-1_a50_s1_r0,1224,0.041,"{""agents"": ""50"", ""comp_time"": ""41"", ""makespan"": ""48"", ""makespan_lb"": ""48"", ""map_file"": ""random-32-32-20.map"", ""seed"": ""1"", ""soc"": ""1224"", ""soc_lb"": ""1082"", ""solved"": ""1"", ""solver"": ""planner"", ""sum_of_loss"": ""1149"", ""sum_of_loss_lb"": ""1082""}"
lg_lacam_fork:lg,"LG-LaCAM (window 20, first solution)",random-32-32-20,random-32-32-20-random-1,50,2,30.0,solved,0.094791,0.042,1222,48,1148,1082,48,1.12939,0,,/home/carsten/Projects/MAPF/MAPF Evaluator/results/tlcpp-random32-20/runs/lg_lacam_fork_lg/random-32-32-20/random-32-32-20-random-1_a50_s2_r0,1222,0.042,"{""agents"": ""50"", ""comp_time"": ""42"", ""makespan"": ""48"", ""makespan_lb"": ""48"", ""map_file"": ""random-32-32-20.map"", ""seed"": ""2"", ""soc"": ""1222"", ""soc_lb"": ""1082"", ""solved"": ""1"", ""solver"": ""planner"", ""sum_of_loss"": ""1153"", ""sum_of_loss_lb"": ""1082""}"
lg_lacam_fork:lg_tl,LG-LaCAM (window 20) + traffic load,random-32-32-20,random-32-32-20-random-1,50,0,30.0,solved,0.05,0.027,1196,48,1138,1082,48,1.10536,0,,/home/carsten/Projects/MAPF/MAPF Evaluator/results/tlcpp-random32-20/runs/lg_lacam_fork_lg_tl/random-32-32-20/random-32-32-20-random-1_a50_s0_r0,1196,0.027,"{""agents"": ""50"", ""comp_time"": ""27"", ""makespan"": ""48"", ""makespan_lb"": ""48"", ""map_file"": ""random-32-32-20.map"", ""seed"": ""0"", ""soc"": ""1196"", ""soc_lb"": ""1082"", ""solved"": ""1"", ""solver"": ""planner"", ""sum_of_loss"": ""1141"", ""sum_of_loss_lb"": ""1082""}"
lg_lacam_fork:lg_tl,LG-LaCAM (window 20) + traffic load,random-32-32-20,random-32-32-20-random-1,50,1,30.0,solved,0.048402,0.024,1209,48,1134,1082,48,1.117375,0,,/home/carsten/Projects/MAPF/MAPF Evaluator/results/tlcpp-random32-20/runs/lg_lacam_fork_lg_tl/random-32-32-20/random-32-32-20-random-1_a50_s1_r0,1209,0.024,"{""agents"": ""50"", ""comp_time"": ""24"", ""makespan"": ""48"", ""makespan_lb"": ""48"", ""map_file"": ""random-32-32-20.map"", ""seed"": ""1"", ""soc"": ""1209"", ""soc_lb"": ""1082"", ""solved"": ""1"", ""solver"": ""planner"", ""sum_of_loss"": ""1138"", ""sum_of_loss_lb"": ""1082""}"
lg_lacam_fork:lg_suo,LG-LaCAM (window 20) + SUO,random-32-32-20,random-32-32-20-random-1,50,0,30.0,solved,0.109448,0.064,1212,48,1132,1082,48,1.120148,0,,/home/carsten/Projects/MAPF/MAPF Evaluator/results/tlcpp-random32-20/runs/lg_lacam_fork_lg_suo/random-32-32-20/random-32-32-20-random-1_a50_s0_r0,1212,0.064,"{""agents"": ""50"", ""comp_time"": ""64"", ""makespan"": ""48"", ""makespan_lb"": ""48"", ""map_file"": ""random-32-32-20.map"", ""seed"": ""0"", ""soc"": ""1212"", ""soc_lb"": ""1082"", ""solved"": ""1"", ""solver"": ""planner"", ""sum_of_loss"": ""1138"", ""sum_of_loss_lb"": ""1082""}"
lg_lacam_fork:lg_tl,LG-LaCAM (window 20) + traffic load,random-32-32-20,random-32-32-20-random-1,50,2,30.0,solved,0.120692,0.035,1217,48,1139,1082,48,1.124769,0,,/home/carsten/Projects/MAPF/MAPF Evaluator/results/tlcpp-random32-20/runs/lg_lacam_fork_lg_tl/random-32-32-20/random-32-32-20-random-1_a50_s2_r0,1217,0.035,"{""agents"": ""50"", ""comp_time"": ""35"", ""makespan"": ""48"", ""makespan_lb"": ""48"", ""map_file"": ""random-32-32-20.map"", ""seed"": ""2"", ""soc"": ""1217"", ""soc_lb"": ""1082"", ""solved"": ""1"", ""solver"": ""planner"", ""sum_of_loss"": ""1144"", ""sum_of_loss_lb"": ""1082""}"
lg_lacam_fork:lg_suo,LG-LaCAM (window 20) + SUO,random-32-32-20,random-32-32-20-random-1,50,1,30.0,solved,0.056523,0.027,1206,48,1144,1082,48,1.114603,0,,/home/carsten/Projects/MAPF/MAPF Evaluator/results/tlcpp-random32-20/runs/lg_lacam_fork_lg_suo/random-32-32-20/random-32-32-20-random-1_a50_s1_r0,1206,0.027,"{""agents"": ""50"", ""comp_time"": ""27"", ""makespan"": ""48"", ""makespan_lb"": ""48"", ""map_file"": ""random-32-32-20.map"", ""seed"": ""1"", ""soc"": ""1206"", ""soc_lb"": ""1082"", ""solved"": ""1"", ""solver"": ""planner"", ""sum_of_loss"": ""1151"", ""sum_of_loss_lb"": ""1082""}"
lg_lacam_fork:lg_suo,LG-LaCAM (window 20) + SUO,random-32-32-20,random-32-32-20-random-1,50,2,30.0,solved,0.066708,0.038,1189,48,1134,1082,48,1.098891,0,,/home/carsten/Projects/MAPF/MAPF Evaluator/results/tlcpp-random32-20/runs/lg_lacam_fork_lg_suo/random-32-32-20/random-32-32-20-random-1_a50_s2_r0,1189,0.038,"{""agents"": ""50"", ""comp_time"": ""38"", ""makespan"": ""48"", ""makespan_lb"": ""48"", ""map_file"": ""random-32-32-20.map"", ""seed"": ""2"", ""soc"": ""1189"", ""soc_lb"": ""1082"", ""solved"": ""1"", ""solver"": ""planner"", ""sum_of_loss"": ""1137"", ""sum_of_loss_lb"": ""1082""}"
lg_lacam_fork:lg_suo_tl,LG-LaCAM (window 20) + SUO + traffic load,random-32-32-20,random-32-32-20-random-1,50,0,30.0,solved,0.064976,0.026,1219,48,1135,1082,48,1.126617,0,,/home/carsten/Projects/MAPF/MAPF Evaluator/results/tlcpp-random32-20/runs/lg_lacam_fork_lg_suo_tl/random-32-32-20/random-32-32-20-random-1_a50_s0_r0,1219,0.026,"{""agents"": ""50"", ""comp_time"": ""26"", ""makespan"": ""48"", ""makespan_lb"": ""48"", ""map_file"": ""random-32-32-20.map"", ""seed"": ""0"", ""soc"": ""1219"", ""soc_lb"": ""1082"", ""solved"": ""1"", ""solver"": ""planner"", ""sum_of_loss"": ""1142"", ""sum_of_loss_lb"": ""1082""}"
lg_lacam_fork:lg_suo_tl,LG-LaCAM (window 20) + SUO + traffic load,random-32-32-20,random-32-32-20-random-1,50,1,30.0,solved,0.105009,0.036,1207,48,1139,1082,48,1.115527,0,,/home/carsten/Projects/MAPF/MAPF Evaluator/results/tlcpp-random32-20/runs/lg_lacam_fork_lg_suo_tl/random-32-32-20/random-32-32-20-random-1_a50_s1_r0,1207,0.036,"{""agents"": ""50"", ""comp_time"": ""36"", ""makespan"": ""48"", ""makespan_lb"": ""48"", ""map_file"": ""random-32-32-20.map"", ""seed"": ""1"", ""soc"": ""1207"", ""soc_lb"": ""1082"", ""solved"": ""1"", ""solver"": ""planner"", ""sum_of_loss"": ""1145"", ""sum_of_loss_lb"": ""1082""}"
lg_lacam_fork:lg_suo_tl,LG-LaCAM (window 20) + SUO + traffic load,random-32-32-20,random-32-32-20-random-1,50,2,30.0,solved,0.110441,0.032,1189,48,1130,1082,48,1.098891,0,,/home/carsten/Projects/MAPF/MAPF Evaluator/results/tlcpp-random32-20/runs/lg_lacam_fork_lg_suo_tl/random-32-32-20/random-32-32-20-random-1_a50_s2_r0,1189,0.032,"{""agents"": ""50"", ""comp_time"": ""32"", ""makespan"": ""48"", ""makespan_lb"": ""48"", ""map_file"": ""random-32-32-20.map"", ""seed"": ""2"", ""soc"": ""1189"", ""soc_lb"": ""1082"", ""solved"": ""1"", ""solver"": ""planner"", ""sum_of_loss"": ""1133"", ""sum_of_loss_lb"": ""1082""}"
lg_lacam_fork:lacam,"LaCAM (no guidance, first solution)",random-32-32-20,random-32-32-20-random-1,100,1,30.0,solved,0.062295,0.014,3276,55,2872,2253,48,1.454061,0,,/home/carsten/Projects/MAPF/MAPF Evaluator/results/tlcpp-random32-20/runs/lg_lacam_fork_lacam/random-32-32-20/random-32-32-20-random-1_a100_s1_r0,3276,0.014,"{""agents"": ""100"", ""comp_time"": ""14"", ""makespan"": ""55"", ""makespan_lb"": ""48"", ""map_file"": ""random-32-32-20.map"", ""seed"": ""1"", ""soc"": ""3276"", ""soc_lb"": ""2253"", ""solved"": ""1"", ""solver"": ""planner"", ""sum_of_loss"": ""2943"", ""sum_of_loss_lb"": ""2253""}"
lg_lacam_fork:lacam,"LaCAM (no guidance, first solution)",random-32-32-20,random-32-32-20-random-1,100,0,30.0,solved,0.073116,0.02,3292,50,2860,2253,48,1.461163,0,,/home/carsten/Projects/MAPF/MAPF Evaluator/results/tlcpp-random32-20/runs/lg_lacam_fork_lacam/random-32-32-20/random-32-32-20-random-1_a100_s0_r0,3292,0.02,"{""agents"": ""100"", ""comp_time"": ""20"", ""makespan"": ""50"", ""makespan_lb"": ""48"", ""map_file"": ""random-32-32-20.map"", ""seed"": ""0"", ""soc"": ""3292"", ""soc_lb"": ""2253"", ""solved"": ""1"", ""solver"": ""planner"", ""sum_of_loss"": ""2932"", ""sum_of_loss_lb"": ""2253""}"
lg_lacam_fork:tl,"LaCAM + traffic load (tie-break, per config)",random-32-32-20,random-32-32-20-random-1,100,0,30.0,solved,0.055126,0.015,2937,48,2604,2253,48,1.303595,0,,/home/carsten/Projects/MAPF/MAPF Evaluator/results/tlcpp-random32-20/runs/lg_lacam_fork_tl/random-32-32-20/random-32-32-20-random-1_a100_s0_r0,2937,0.015,"{""agents"": ""100"", ""comp_time"": ""15"", ""makespan"": ""48"", ""makespan_lb"": ""48"", ""map_file"": ""random-32-32-20.map"", ""seed"": ""0"", ""soc"": ""2937"", ""soc_lb"": ""2253"", ""solved"": ""1"", ""solver"": ""planner"", ""sum_of_loss"": ""2661"", ""sum_of_loss_lb"": ""2253""}"
lg_lacam_fork:lacam,"LaCAM (no guidance, first solution)",random-32-32-20,random-32-32-20-random-1,100,2,30.0,solved,0.064343,0.009,3151,48,2780,2253,48,1.39858,0,,/home/carsten/Projects/MAPF/MAPF Evaluator/results/tlcpp-random32-20/runs/lg_lacam_fork_lacam/random-32-32-20/random-32-32-20-random-1_a100_s2_r0,3151,0.009,"{""agents"": ""100"", ""comp_time"": ""9"", ""makespan"": ""48"", ""makespan_lb"": ""48"", ""map_file"": ""random-32-32-20.map"", ""seed"": ""2"", ""soc"": ""3151"", ""soc_lb"": ""2253"", ""solved"": ""1"", ""solver"": ""planner"", ""sum_of_loss"": ""2840"", ""sum_of_loss_lb"": ""2253""}"
lg_lacam_fork:tl,"LaCAM + traffic load (tie-break, per config)",random-32-32-20,random-32-32-20-random-1,100,1,30.0,solved,0.048771,0.013,3007,48,2624,2253,48,1.334665,0,,/home/carsten/Projects/MAPF/MAPF Evaluator/results/tlcpp-random32-20/runs/lg_lacam_fork_tl/random-32-32-20/random-32-32-20-random-1_a100_s1_r0,3007,0.013,"{""agents"": ""100"", ""comp_time"": ""13"", ""makespan"": ""48"", ""makespan_lb"": ""48"", ""map_file"": ""random-32-32-20.map"", ""seed"": ""1"", ""soc"": ""3007"", ""soc_lb"": ""2253"", ""solved"": ""1"", ""solver"": ""planner"", ""sum_of_loss"": ""2689"", ""sum_of_loss_lb"": ""2253""}"
lg_lacam_fork:tl,"LaCAM + traffic load (tie-break, per config)",random-32-32-20,random-32-32-20-random-1,100,2,30.0,solved,0.054478,0.022,2937,48,2609,2253,48,1.303595,0,,/home/carsten/Projects/MAPF/MAPF Evaluator/results/tlcpp-random32-20/runs/lg_lacam_fork_tl/random-32-32-20/random-32-32-20-random-1_a100_s2_r0,2937,0.022,"{""agents"": ""100"", ""comp_time"": ""22"", ""makespan"": ""48"", ""makespan_lb"": ""48"", ""map_file"": ""random-32-32-20.map"", ""seed"": ""2"", ""soc"": ""2937"", ""soc_lb"": ""2253"", ""solved"": ""1"", ""solver"": ""planner"", ""sum_of_loss"": ""2665"", ""sum_of_loss_lb"": ""2253""}"
lg_lacam_fork:tl_agent,"LaCAM + traffic load (tie-break, per agent)",random-32-32-20,random-32-32-20-random-1,100,0,30.0,solved,0.054913,0.029,2924,48,2595,2253,48,1.297825,0,,/home/carsten/Projects/MAPF/MAPF Evaluator/results/tlcpp-random32-20/runs/lg_lacam_fork_tl_agent/random-32-32-20/random-32-32-20-random-1_a100_s0_r0,2924,0.029,"{""agents"": ""100"", ""comp_time"": ""29"", ""makespan"": ""48"", ""makespan_lb"": ""48"", ""map_file"": ""random-32-32-20.map"", ""seed"": ""0"", ""soc"": ""2924"", ""soc_lb"": ""2253"", ""solved"": ""1"", ""solver"": ""planner"", ""sum_of_loss"": ""2655"", ""sum_of_loss_lb"": ""2253""}"
lg_lacam_fork:tl_agent,"LaCAM + traffic load (tie-break, per agent)",random-32-32-20,random-32-32-20-random-1,100,1,30.0,solved,0.094681,0.041,2927,48,2603,2253,48,1.299157,0,,/home/carsten/Projects/MAPF/MAPF Evaluator/results/tlcpp-random32-20/runs/lg_lacam_fork_tl_agent/random-32-32-20/random-32-32-20-random-1_a100_s1_r0,2927,0.041,"{""agents"": ""100"", ""comp_time"": ""41"", ""makespan"": ""48"", ""makespan_lb"": ""48"", ""map_file"": ""random-32-32-20.map"", ""seed"": ""1"", ""soc"": ""2927"", ""soc_lb"": ""2253"", ""solved"": ""1"", ""solver"": ""planner"", ""sum_of_loss"": ""2664"", ""sum_of_loss_lb"": ""2253""}"
lg_lacam_fork:tl_agent,"LaCAM + traffic load (tie-break, per agent)",random-32-32-20,random-32-32-20-random-1,100,2,30.0,solved,0.079239,0.033,2905,48,2607,2253,48,1.289392,0,,/home/carsten/Projects/MAPF/MAPF Evaluator/results/tlcpp-random32-20/runs/lg_lacam_fork_tl_agent/random-32-32-20/random-32-32-20-random-1_a100_s2_r0,2905,0.033,"{""agents"": ""100"", ""comp_time"": ""33"", ""makespan"": ""48"", ""makespan_lb"": ""48"", ""map_file"": ""random-32-32-20.map"", ""seed"": ""2"", ""soc"": ""2905"", ""soc_lb"": ""2253"", ""solved"": ""1"", ""solver"": ""planner"", ""sum_of_loss"": ""2666"", ""sum_of_loss_lb"": ""2253""}"
lg_lacam_fork:tl_static,LaCAM + traffic load (static map from starts),random-32-32-20,random-32-32-20-random-1,100,1,30.0,solved,0.25605,0.155,3308,63,2931,2253,48,1.468265,0,,/home/carsten/Projects/MAPF/MAPF Evaluator/results/tlcpp-random32-20/runs/lg_lacam_fork_tl_static/random-32-32-20/random-32-32-20-random-1_a100_s1_r0,3308,0.155,"{""agents"": ""100"", ""comp_time"": ""155"", ""makespan"": ""63"", ""makespan_lb"": ""48"", ""map_file"": ""random-32-32-20.map"", ""seed"": ""1"", ""soc"": ""3308"", ""soc_lb"": ""2253"", ""solved"": ""1"", ""solver"": ""planner"", ""sum_of_loss"": ""3028"", ""sum_of_loss_lb"": ""2253""}"
lg_lacam_fork:tl_static,LaCAM + traffic load (static map from starts),random-32-32-20,random-32-32-20-random-1,100,0,30.0,solved,0.332074,0.223,3258,61,2931,2253,48,1.446072,0,,/home/carsten/Projects/MAPF/MAPF Evaluator/results/tlcpp-random32-20/runs/lg_lacam_fork_tl_static/random-32-32-20/random-32-32-20-random-1_a100_s0_r0,3258,0.223,"{""agents"": ""100"", ""comp_time"": ""223"", ""makespan"": ""61"", ""makespan_lb"": ""48"", ""map_file"": ""random-32-32-20.map"", ""seed"": ""0"", ""soc"": ""3258"", ""soc_lb"": ""2253"", ""solved"": ""1"", ""solver"": ""planner"", ""sum_of_loss"": ""3032"", ""sum_of_loss_lb"": ""2253""}"
lg_lacam_fork:tl_static,LaCAM + traffic load (static map from starts),random-32-32-20,random-32-32-20-random-1,100,2,30.0,solved,0.338754,0.248,3234,59,2901,2253,48,1.435419,0,,/home/carsten/Projects/MAPF/MAPF Evaluator/results/tlcpp-random32-20/runs/lg_lacam_fork_tl_static/random-32-32-20/random-32-32-20-random-1_a100_s2_r0,3234,0.248,"{""agents"": ""100"", ""comp_time"": ""248"", ""makespan"": ""59"", ""makespan_lb"": ""48"", ""map_file"": ""random-32-32-20.map"", ""seed"": ""2"", ""soc"": ""3234"", ""soc_lb"": ""2253"", ""solved"": ""1"", ""solver"": ""planner"", ""sum_of_loss"": ""2998"", ""sum_of_loss_lb"": ""2253""}"
lg_lacam_fork:suo,LaCAM3 = SUO (first solution),random-32-32-20,random-32-32-20-random-1,100,0,30.0,solved,0.051463,0.027,2615,51,2536,2253,48,1.160675,0,,/home/carsten/Projects/MAPF/MAPF Evaluator/results/tlcpp-random32-20/runs/lg_lacam_fork_suo/random-32-32-20/random-32-32-20-random-1_a100_s0_r0,2615,0.027,"{""agents"": ""100"", ""comp_time"": ""27"", ""makespan"": ""51"", ""makespan_lb"": ""48"", ""map_file"": ""random-32-32-20.map"", ""seed"": ""0"", ""soc"": ""2615"", ""soc_lb"": ""2253"", ""solved"": ""1"", ""solver"": ""planner"", ""sum_of_loss"": ""2546"", ""sum_of_loss_lb"": ""2253""}"
lg_lacam_fork:suo,LaCAM3 = SUO (first solution),random-32-32-20,random-32-32-20-random-1,100,2,30.0,solved,0.111148,0.029,2645,51,2495,2253,48,1.17399,0,,/home/carsten/Projects/MAPF/MAPF Evaluator/results/tlcpp-random32-20/runs/lg_lacam_fork_suo/random-32-32-20/random-32-32-20-random-1_a100_s2_r0,2645,0.029,"{""agents"": ""100"", ""comp_time"": ""29"", ""makespan"": ""51"", ""makespan_lb"": ""48"", ""map_file"": ""random-32-32-20.map"", ""seed"": ""2"", ""soc"": ""2645"", ""soc_lb"": ""2253"", ""solved"": ""1"", ""solver"": ""planner"", ""sum_of_loss"": ""2510"", ""sum_of_loss_lb"": ""2253""}"
lg_lacam_fork:suo_tl,SUO + traffic load,random-32-32-20,random-32-32-20-random-1,100,0,30.0,solved,0.149884,0.041,2596,51,2512,2253,48,1.152241,0,,/home/carsten/Projects/MAPF/MAPF Evaluator/results/tlcpp-random32-20/runs/lg_lacam_fork_suo_tl/random-32-32-20/random-32-32-20-random-1_a100_s0_r0,2596,0.041,"{""agents"": ""100"", ""comp_time"": ""41"", ""makespan"": ""51"", ""makespan_lb"": ""48"", ""map_file"": ""random-32-32-20.map"", ""seed"": ""0"", ""soc"": ""2596"", ""soc_lb"": ""2253"", ""solved"": ""1"", ""solver"": ""planner"", ""sum_of_loss"": ""2520"", ""sum_of_loss_lb"": ""2253""}"
lg_lacam_fork:suo,LaCAM3 = SUO (first solution),random-32-32-20,random-32-32-20-random-1,100,1,30.0,solved,0.188823,0.128,2682,53,2529,2253,48,1.190413,0,,/home/carsten/Projects/MAPF/MAPF Evaluator/results/tlcpp-random32-20/runs/lg_lacam_fork_suo/random-32-32-20/random-32-32-20-random-1_a100_s1_r0,2682,0.128,"{""agents"": ""100"", ""comp_time"": ""128"", ""makespan"": ""53"", ""makespan_lb"": ""48"", ""map_file"": ""random-32-32-20.map"", ""seed"": ""1"", ""soc"": ""2682"", ""soc_lb"": ""2253"", ""solved"": ""1"", ""solver"": ""planner"", ""sum_of_loss"": ""2556"", ""sum_of_loss_lb"": ""2253""}"
lg_lacam_fork:suo_tl,SUO + traffic load,random-32-32-20,random-32-32-20-random-1,100,1,30.0,solved,0.175225,0.055,2583,53,2476,2253,48,1.146471,0,,/home/carsten/Projects/MAPF/MAPF Evaluator/results/tlcpp-random32-20/runs/lg_lacam_fork_suo_tl/random-32-32-20/random-32-32-20-random-1_a100_s1_r0,2583,0.055,"{""agents"": ""100"", ""comp_time"": ""55"", ""makespan"": ""53"", ""makespan_lb"": ""48"", ""map_file"": ""random-32-32-20.map"", ""seed"": ""1"", ""soc"": ""2583"", ""soc_lb"": ""2253"", ""solved"": ""1"", ""solver"": ""planner"", ""sum_of_loss"": ""2488"", ""sum_of_loss_lb"": ""2253""}"
lg_lacam_fork:lg,"LG-LaCAM (window 20, first solution)",random-32-32-20,random-32-32-20-random-1,100,0,30.0,solved,0.086575,0.055,2533,50,2423,2253,48,1.124279,0,,/home/carsten/Projects/MAPF/MAPF Evaluator/results/tlcpp-random32-20/runs/lg_lacam_fork_lg/random-32-32-20/random-32-32-20-random-1_a100_s0_r0,2533,0.055,"{""agents"": ""100"", ""comp_time"": ""55"", ""makespan"": ""50"", ""makespan_lb"": ""48"", ""map_file"": ""random-32-32-20.map"", ""seed"": ""0"", ""soc"": ""2533"", ""soc_lb"": ""2253"", ""solved"": ""1"", ""solver"": ""planner"", ""sum_of_loss"": ""2434"", ""sum_of_loss_lb"": ""2253""}"
lg_lacam_fork:suo_tl,SUO + traffic load,random-32-32-20,random-32-32-20-random-1,100,2,30.0,solved,0.146979,0.104,2593,50,2489,2253,48,1.15091,0,,/home/carsten/Projects/MAPF/MAPF Evaluator/results/tlcpp-random32-20/runs/lg_lacam_fork_suo_tl/random-32-32-20/random-32-32-20-random-1_a100_s2_r0,2593,0.104,"{""agents"": ""100"", ""comp_time"": ""104"", ""makespan"": ""50"", ""makespan_lb"": ""48"", ""map_file"": ""random-32-32-20.map"", ""seed"": ""2"", ""soc"": ""2593"", ""soc_lb"": ""2253"", ""solved"": ""1"", ""solver"": ""planner"", ""sum_of_loss"": ""2498"", ""sum_of_loss_lb"": ""2253""}"
lg_lacam_fork:lg,"LG-LaCAM (window 20, first solution)",random-32-32-20,random-32-32-20-random-1,100,1,30.0,solved,0.09658,0.051,2540,50,2438,2253,48,1.127386,0,,/home/carsten/Projects/MAPF/MAPF Evaluator/results/tlcpp-random32-20/runs/lg_lacam_fork_lg/random-32-32-20/random-32-32-20-random-1_a100_s1_r0,2540,0.051,"{""agents"": ""100"", ""comp_time"": ""51"", ""makespan"": ""50"", ""makespan_lb"": ""48"", ""map_file"": ""random-32-32-20.map"", ""seed"": ""1"", ""soc"": ""2540"", ""soc_lb"": ""2253"", ""solved"": ""1"", ""solver"": ""planner"", ""sum_of_loss"": ""2454"", ""sum_of_loss_lb"": ""2253""}"
lg_lacam_fork:lg,"LG-LaCAM (window 20, first solution)",random-32-32-20,random-32-32-20-random-1,100,2,30.0,solved,0.069783,0.031,2616,50,2442,2253,48,1.161119,0,,/home/carsten/Projects/MAPF/MAPF Evaluator/results/tlcpp-random32-20/runs/lg_lacam_fork_lg/random-32-32-20/random-32-32-20-random-1_a100_s2_r0,2616,0.031,"{""agents"": ""100"", ""comp_time"": ""31"", ""makespan"": ""50"", ""makespan_lb"": ""48"", ""map_file"": ""random-32-32-20.map"", ""seed"": ""2"", ""soc"": ""2616"", ""soc_lb"": ""2253"", ""solved"": ""1"", ""solver"": ""planner"", ""sum_of_loss"": ""2459"", ""sum_of_loss_lb"": ""2253""}"
lg_lacam_fork:lg_tl,LG-LaCAM (window 20) + traffic load,random-32-32-20,random-32-32-20-random-1,100,0,30.0,solved,0.112074,0.065,2562,50,2410,2253,48,1.13715,0,,/home/carsten/Projects/MAPF/MAPF Evaluator/results/tlcpp-random32-20/runs/lg_lacam_fork_lg_tl/random-32-32-20/random-32-32-20-random-1_a100_s0_r0,2562,0.065,"{""agents"": ""100"", ""comp_time"": ""65"", ""makespan"": ""50"", ""makespan_lb"": ""48"", ""map_file"": ""random-32-32-20.map"", ""seed"": ""0"", ""soc"": ""2562"", ""soc_lb"": ""2253"", ""solved"": ""1"", ""solver"": ""planner"", ""sum_of_loss"": ""2424"", ""sum_of_loss_lb"": ""2253""}"
lg_lacam_fork:lg_tl,LG-LaCAM (window 20) + traffic load,random-32-32-20,random-32-32-20-random-1,100,2,30.0,solved,0.164357,0.072,2600,50,2423,2253,48,1.154017,0,,/home/carsten/Projects/MAPF/MAPF Evaluator/results/tlcpp-random32-20/runs/lg_lacam_fork_lg_tl/random-32-32-20/random-32-32-20-random-1_a100_s2_r0,2600,0.072,"{""agents"": ""100"", ""comp_time"": ""72"", ""makespan"": ""50"", ""makespan_lb"": ""48"", ""map_file"": ""random-32-32-20.map"", ""seed"": ""2"", ""soc"": ""2600"", ""soc_lb"": ""2253"", ""solved"": ""1"", ""solver"": ""planner"", ""sum_of_loss"": ""2440"", ""sum_of_loss_lb"": ""2253""}"
lg_lacam_fork:lg_tl,LG-LaCAM (window 20) + traffic load,random-32-32-20,random-32-32-20-random-1,100,1,30.0,solved,0.096956,0.069,2547,50,2430,2253,48,1.130493,0,,/home/carsten/Projects/MAPF/MAPF Evaluator/results/tlcpp-random32-20/runs/lg_lacam_fork_lg_tl/random-32-32-20/random-32-32-20-random-1_a100_s1_r0,2547,0.069,"{""agents"": ""100"", ""comp_time"": ""69"", ""makespan"": ""50"", ""makespan_lb"": ""48"", ""map_file"": ""random-32-32-20.map"", ""seed"": ""1"", ""soc"": ""2547"", ""soc_lb"": ""2253"", ""solved"": ""1"", ""solver"": ""planner"", ""sum_of_loss"": ""2443"", ""sum_of_loss_lb"": ""2253""}"
lg_lacam_fork:lg_suo,LG-LaCAM (window 20) + SUO,random-32-32-20,random-32-32-20-random-1,100,0,30.0,solved,0.149094,0.084,2593,50,2442,2253,48,1.15091,0,,/home/carsten/Projects/MAPF/MAPF Evaluator/results/tlcpp-random32-20/runs/lg_lacam_fork_lg_suo/random-32-32-20/random-32-32-20-random-1_a100_s0_r0,2593,0.084,"{""agents"": ""100"", ""comp_time"": ""84"", ""makespan"": ""50"", ""makespan_lb"": ""48"", ""map_file"": ""random-32-32-20.map"", ""seed"": ""0"", ""soc"": ""2593"", ""soc_lb"": ""2253"", ""solved"": ""1"", ""solver"": ""planner"", ""sum_of_loss"": ""2463"", ""sum_of_loss_lb"": ""2253""}"
lg_lacam_fork:lg_suo,LG-LaCAM (window 20) + SUO,random-32-32-20,random-32-32-20-random-1,100,1,30.0,solved,0.138511,0.091,2554,48,2432,2253,48,1.1336,0,,/home/carsten/Projects/MAPF/MAPF Evaluator/results/tlcpp-random32-20/runs/lg_lacam_fork_lg_suo/random-32-32-20/random-32-32-20-random-1_a100_s1_r0,2554,0.091,"{""agents"": ""100"", ""comp_time"": ""91"", ""makespan"": ""48"", ""makespan_lb"": ""48"", ""map_file"": ""random-32-32-20.map"", ""seed"": ""1"", ""soc"": ""2554"", ""soc_lb"": ""2253"", ""solved"": ""1"", ""solver"": ""planner"", ""sum_of_loss"": ""2448"", ""sum_of_loss_lb"": ""2253""}"
lg_lacam_fork:lg_suo,LG-LaCAM (window 20) + SUO,random-32-32-20,random-32-32-20-random-1,100,2,30.0,solved,0.166395,0.081,2556,50,2439,2253,48,1.134487,0,,/home/carsten/Projects/MAPF/MAPF Evaluator/results/tlcpp-random32-20/runs/lg_lacam_fork_lg_suo/random-32-32-20/random-32-32-20-random-1_a100_s2_r0,2556,0.081,"{""agents"": ""100"", ""comp_time"": ""81"", ""makespan"": ""50"", ""makespan_lb"": ""48"", ""map_file"": ""random-32-32-20.map"", ""seed"": ""2"", ""soc"": ""2556"", ""soc_lb"": ""2253"", ""solved"": ""1"", ""solver"": ""planner"", ""sum_of_loss"": ""2461"", ""sum_of_loss_lb"": ""2253""}"
lg_lacam_fork:lg_suo_tl,LG-LaCAM (window 20) + SUO + traffic load,random-32-32-20,random-32-32-20-random-1,100,0,30.0,solved,0.223774,0.131,2570,50,2432,2253,48,1.140701,0,,/home/carsten/Projects/MAPF/MAPF Evaluator/results/tlcpp-random32-20/runs/lg_lacam_fork_lg_suo_tl/random-32-32-20/random-32-32-20-random-1_a100_s0_r0,2570,0.131,"{""agents"": ""100"", ""comp_time"": ""131"", ""makespan"": ""50"", ""makespan_lb"": ""48"", ""map_file"": ""random-32-32-20.map"", ""seed"": ""0"", ""soc"": ""2570"", ""soc_lb"": ""2253"", ""solved"": ""1"", ""solver"": ""planner"", ""sum_of_loss"": ""2446"", ""sum_of_loss_lb"": ""2253""}"
lg_lacam_fork:lg_suo_tl,LG-LaCAM (window 20) + SUO + traffic load,random-32-32-20,random-32-32-20-random-1,100,1,30.0,solved,0.288336,0.236,2551,48,2417,2253,48,1.132268,0,,/home/carsten/Projects/MAPF/MAPF Evaluator/results/tlcpp-random32-20/runs/lg_lacam_fork_lg_suo_tl/random-32-32-20/random-32-32-20-random-1_a100_s1_r0,2551,0.236,"{""agents"": ""100"", ""comp_time"": ""236"", ""makespan"": ""48"", ""makespan_lb"": ""48"", ""map_file"": ""random-32-32-20.map"", ""seed"": ""1"", ""soc"": ""2551"", ""soc_lb"": ""2253"", ""solved"": ""1"", ""solver"": ""planner"", ""sum_of_loss"": ""2433"", ""sum_of_loss_lb"": ""2253""}"
lg_lacam_fork:lg_suo_tl,LG-LaCAM (window 20) + SUO + traffic load,random-32-32-20,random-32-32-20-random-1,100,2,30.0,solved,0.162573,0.041,2527,50,2417,2253,48,1.121616,0,,/home/carsten/Projects/MAPF/MAPF Evaluator/results/tlcpp-random32-20/runs/lg_lacam_fork_lg_suo_tl/random-32-32-20/random-32-32-20-random-1_a100_s2_r0,2527,0.041,"{""agents"": ""100"", ""comp_time"": ""41"", ""makespan"": ""50"", ""makespan_lb"": ""48"", ""map_file"": ""random-32-32-20.map"", ""seed"": ""2"", ""soc"": ""2527"", ""soc_lb"": ""2253"", ""solved"": ""1"", ""solver"": ""planner"", ""sum_of_loss"": ""2432"", ""sum_of_loss_lb"": ""2253""}"
lg_lacam_fork:lacam,"LaCAM (no guidance, first solution)",random-32-32-20,random-32-32-20-random-1,150,0,30.0,solved,0.041433,0.013,5634,62,4939,3485,48,1.616643,0,,/home/carsten/Projects/MAPF/MAPF Evaluator/results/tlcpp-random32-20/runs/lg_lacam_fork_lacam/random-32-32-20/random-32-32-20-random-1_a150_s0_r0,5634,0.013,"{""agents"": ""150"", ""comp_time"": ""13"", ""makespan"": ""62"", ""makespan_lb"": ""48"", ""map_file"": ""random-32-32-20.map"", ""seed"": ""0"", ""soc"": ""5634"", ""soc_lb"": ""3485"", ""solved"": ""1"", ""solver"": ""planner"", ""sum_of_loss"": ""5092"", ""sum_of_loss_lb"": ""3485""}"
lg_lacam_fork:lacam,"LaCAM (no guidance, first solution)",random-32-32-20,random-32-32-20-random-1,150,1,30.0,solved,0.079755,0.018,5703,57,4980,3485,48,1.636442,0,,/home/carsten/Projects/MAPF/MAPF Evaluator/results/tlcpp-random32-20/runs/lg_lacam_fork_lacam/random-32-32-20/random-32-32-20-random-1_a150_s1_r0,5703,0.018,"{""agents"": ""150"", ""comp_time"": ""18"", ""makespan"": ""57"", ""makespan_lb"": ""48"", ""map_file"": ""random-32-32-20.map"", ""seed"": ""1"", ""soc"": ""5703"", ""soc_lb"": ""3485"", ""solved"": ""1"", ""solver"": ""planner"", ""sum_of_loss"": ""5121"", ""sum_of_loss_lb"": ""3485""}"
lg_lacam_fork:lacam,"LaCAM (no guidance, first solution)",random-32-32-20,random-32-32-20-random-1,150,2,30.0,solved,0.12449,0.034,5633,69,4868,3485,48,1.616356,0,,/home/carsten/Projects/MAPF/MAPF Evaluator/results/tlcpp-random32-20/runs/lg_lacam_fork_lacam/random-32-32-20/random-32-32-20-random-1_a150_s2_r0,5633,0.034,"{""agents"": ""150"", ""comp_time"": ""34"", ""makespan"": ""69"", ""makespan_lb"": ""48"", ""map_file"": ""random-32-32-20.map"", ""seed"": ""2"", ""soc"": ""5633"", ""soc_lb"": ""3485"", ""solved"": ""1"", ""solver"": ""planner"", ""sum_of_loss"": ""4995"", ""sum_of_loss_lb"": ""3485""}"
lg_lacam_fork:tl,"LaCAM + traffic load (tie-break, per config)",random-32-32-20,random-32-32-20-random-1,150,0,30.0,solved,0.139468,0.051,5051,54,4435,3485,48,1.449354,0,,/home/carsten/Projects/MAPF/MAPF Evaluator/results/tlcpp-random32-20/runs/lg_lacam_fork_tl/random-32-32-20/random-32-32-20-random-1_a150_s0_r0,5051,0.051,"{""agents"": ""150"", ""comp_time"": ""51"", ""makespan"": ""54"", ""makespan_lb"": ""48"", ""map_file"": ""random-32-32-20.map"", ""seed"": ""0"", ""soc"": ""5051"", ""soc_lb"": ""3485"", ""solved"": ""1"", ""solver"": ""planner"", ""sum_of_loss"": ""4562"", ""sum_of_loss_lb"": ""3485""}"
lg_lacam_fork:tl,"LaCAM + traffic load (tie-break, per config)",random-32-32-20,random-32-32-20-random-1,150,1,30.0,solved,0.128308,0.029,5037,53,4394,3485,48,1.445337,0,,/home/carsten/Projects/MAPF/MAPF Evaluator/results/tlcpp-random32-20/runs/lg_lacam_fork_tl/random-32-32-20/random-32-32-20-random-1_a150_s1_r0,5037,0.029,"{""agents"": ""150"", ""comp_time"": ""29"", ""makespan"": ""53"", ""makespan_lb"": ""48"", ""map_file"": ""random-32-32-20.map"", ""seed"": ""1"", ""soc"": ""5037"", ""soc_lb"": ""3485"", ""solved"": ""1"", ""solver"": ""planner"", ""sum_of_loss"": ""4515"", ""sum_of_loss_lb"": ""3485""}"
lg_lacam_fork:tl,"LaCAM + traffic load (tie-break, per config)",random-32-32-20,random-32-32-20-random-1,150,2,30.0,solved,0.10528,0.065,5071,53,4389,3485,48,1.455093,0,,/home/carsten/Projects/MAPF/MAPF Evaluator/results/tlcpp-random32-20/runs/lg_lacam_fork_tl/random-32-32-20/random-32-32-20-random-1_a150_s2_r0,5071,0.065,"{""agents"": ""150"", ""comp_time"": ""65"", ""makespan"": ""53"", ""makespan_lb"": ""48"", ""map_file"": ""random-32-32-20.map"", ""seed"": ""2"", ""soc"": ""5071"", ""soc_lb"": ""3485"", ""solved"": ""1"", ""solver"": ""planner"", ""sum_of_loss"": ""4518"", ""sum_of_loss_lb"": ""3485""}"
lg_lacam_fork:tl_agent,"LaCAM + traffic load (tie-break, per agent)",random-32-32-20,random-32-32-20-random-1,150,0,30.0,solved,0.139609,0.049,5120,51,4428,3485,48,1.469154,0,,/home/carsten/Projects/MAPF/MAPF Evaluator/results/tlcpp-random32-20/runs/lg_lacam_fork_tl_agent/random-32-32-20/random-32-32-20-random-1_a150_s0_r0,5120,0.049,"{""agents"": ""150"", ""comp_time"": ""49"", ""makespan"": ""51"", ""makespan_lb"": ""48"", ""map_file"": ""random-32-32-20.map"", ""seed"": ""0"", ""soc"": ""5120"", ""soc_lb"": ""3485"", ""solved"": ""1"", ""solver"": ""planner"", ""sum_of_loss"": ""4544"", ""sum_of_loss_lb"": ""3485""}"
lg_lacam_fork:tl_agent,"LaCAM + traffic load (tie-break, per agent)",random-32-32-20,random-32-32-20-random-1,150,2,30.0,solved,0.168285,0.088,5065,51,4430,3485,48,1.453372,0,,/home/carsten/Projects/MAPF/MAPF Evaluator/results/tlcpp-random32-20/runs/lg_lacam_fork_tl_agent/random-32-32-20/random-32-32-20-random-1_a150_s2_r0,5065,0.088,"{""agents"": ""150"", ""comp_time"": ""88"", ""makespan"": ""51"", ""makespan_lb"": ""48"", ""map_file"": ""random-32-32-20.map"", ""seed"": ""2"", ""soc"": ""5065"", ""soc_lb"": ""3485"", ""solved"": ""1"", ""solver"": ""planner"", ""sum_of_loss"": ""4547"", ""sum_of_loss_lb"": ""3485""}"
lg_lacam_fork:tl_agent,"LaCAM + traffic load (tie-break, per agent)",random-32-32-20,random-32-32-20-random-1,150,1,30.0,solved,0.163992,0.062,5203,53,4434,3485,48,1.49297,0,,/home/carsten/Projects/MAPF/MAPF Evaluator/results/tlcpp-random32-20/runs/lg_lacam_fork_tl_agent/random-32-32-20/random-32-32-20-random-1_a150_s1_r0,5203,0.062,"{""agents"": ""150"", ""comp_time"": ""62"", ""makespan"": ""53"", ""makespan_lb"": ""48"", ""map_file"": ""random-32-32-20.map"", ""seed"": ""1"", ""soc"": ""5203"", ""soc_lb"": ""3485"", ""solved"": ""1"", ""solver"": ""planner"", ""sum_of_loss"": ""4559"", ""sum_of_loss_lb"": ""3485""}"
lg_lacam_fork:suo,LaCAM3 = SUO (first solution),random-32-32-20,random-32-32-20-random-1,150,0,30.0,solved,0.117781,0.059,4674,62,4234,3485,48,1.341176,0,,/home/carsten/Projects/MAPF/MAPF Evaluator/results/tlcpp-random32-20/runs/lg_lacam_fork_suo/random-32-32-20/random-32-32-20-random-1_a150_s0_r0,4674,0.059,"{""agents"": ""150"", ""comp_time"": ""59"", ""makespan"": ""62"", ""makespan_lb"": ""48"", ""map_file"": ""random-32-32-20.map"", ""seed"": ""0"", ""soc"": ""4674"", ""soc_lb"": ""3485"", ""solved"": ""1"", ""solver"": ""planner"", ""sum_of_loss"": ""4296"", ""sum_of_loss_lb"": ""3485""}"
lg_lacam_fork:tl_static,LaCAM + traffic load (static map from starts),random-32-32-20,random-32-32-20-random-1,150,1,30.0,solved,0.256209,0.18,5704,74,4846,3485,48,1.636729,0,,/home/carsten/Projects/MAPF/MAPF Evaluator/results/tlcpp-random32-20/runs/lg_lacam_fork_tl_static/random-32-32-20/random-32-32-20-random-1_a150_s1_r0,5704,0.18,"{""agents"": ""150"", ""comp_time"": ""180"", ""makespan"": ""74"", ""makespan_lb"": ""48"", ""map_file"": ""random-32-32-20.map"", ""seed"": ""1"", ""soc"": ""5704"", ""soc_lb"": ""3485"", ""solved"": ""1"", ""solver"": ""planner"", ""sum_of_loss"": ""5025"", ""sum_of_loss_lb"": ""3485""}"
lg_lacam_fork:tl_static,LaCAM + traffic load (static map from starts),random-32-32-20,random-32-32-20-random-1,150,0,30.0,solved,0.542795,0.449,5735,81,4906,3485,48,1.645624,0,,/home/carsten/Projects/MAPF/MAPF Evaluator/results/tlcpp-random32-20/runs/lg_lacam_fork_tl_static/random-32-32-20/random-32-32-20-random-1_a150_s0_r0,5735,0.449,"{""agents"": ""150"", ""comp_time"": ""449"", ""makespan"": ""81"", ""makespan_lb"": ""48"", ""map_file"": ""random-32-32-20.map"", ""seed"": ""0"", ""soc"": ""5735"", ""soc_lb"": ""3485"", ""solved"": ""1"", ""solver"": ""planner"", ""sum_of_loss"": ""5086"", ""sum_of_loss_lb"": ""3485""}"
lg_lacam_fork:tl_static,LaCAM + traffic load (static map from starts),random-32-32-20,random-32-32-20-random-1,150,2,30.0,solved,0.370148,0.281,6219,94,5093,3485,48,1.784505,0,,/home/carsten/Projects/MAPF/MAPF Evaluator/results/tlcpp-random32-20/runs/lg_lacam_fork_tl_static/random-32-32-20/random-32-32-20-random-1_a150_s2_r0,6219,0.281,"{""agents"": ""150"", ""comp_time"": ""281"", ""makespan"": ""94"", ""makespan_lb"": ""48"", ""map_file"": ""random-32-32-20.map"", ""seed"": ""2"", ""soc"": ""6219"", ""soc_lb"": ""3485"", ""solved"": ""1"", ""solver"": ""planner"", ""sum_of_loss"": ""5342"", ""sum_of_loss_lb"": ""3485""}"
lg_lacam_fork:suo,LaCAM3 = SUO (first solution),random-32-32-20,random-32-32-20-random-1,150,2,30.0,solved,0.120293,0.08,4684,59,4276,3485,48,1.344046,0,,/home/carsten/Projects/MAPF/MAPF Evaluator/results/tlcpp-random32-20/runs/lg_lacam_fork_suo/random-32-32-20/random-32-32-20-random-1_a150_s2_r0,4684,0.08,"{""agents"": ""150"", ""comp_time"": ""80"", ""makespan"": ""59"", ""makespan_lb"": ""48"", ""map_file"": ""random-32-32-20.map"", ""seed"": ""2"", ""soc"": ""4684"", ""soc_lb"": ""3485"", ""solved"": ""1"", ""solver"": ""planner"", ""sum_of_loss"": ""4335"", ""sum_of_loss_lb"": ""3485""}"
lg_lacam_fork:suo,LaCAM3 = SUO (first solution),random-32-32-20,random-32-32-20-random-1,150,1,30.0,solved,0.152624,0.059,4793,57,4212,3485,48,1.375323,0,,/home/carsten/Projects/MAPF/MAPF Evaluator/results/tlcpp-random32-20/runs/lg_lacam_fork_suo/random-32-32-20/random-32-32-20-random-1_a150_s1_r0,4793,0.059,"{""agents"": ""150"", ""comp_time"": ""59"", ""makespan"": ""57"", ""makespan_lb"": ""48"", ""map_file"": ""random-32-32-20.map"", ""seed"": ""1"", ""soc"": ""4793"", ""soc_lb"": ""3485"", ""solved"": ""1"", ""solver"": ""planner"", ""sum_of_loss"": ""4264"", ""sum_of_loss_lb"": ""3485""}"
lg_lacam_fork:suo_tl,SUO + traffic load,random-32-32-20,random-32-32-20-random-1,150,1,30.0,solved,0.140523,0.07,4609,57,4125,3485,48,1.322525,0,,/home/carsten/Projects/MAPF/MAPF Evaluator/results/tlcpp-random32-20/runs/lg_lacam_fork_suo_tl/random-32-32-20/random-32-32-20-random-1_a150_s1_r0,4609,0.07,"{""agents"": ""150"", ""comp_time"": ""70"", ""makespan"": ""57"", ""makespan_lb"": ""48"", ""map_file"": ""random-32-32-20.map"", ""seed"": ""1"", ""soc"": ""4609"", ""soc_lb"": ""3485"", ""solved"": ""1"", ""solver"": ""planner"", ""sum_of_loss"": ""4164"", ""sum_of_loss_lb"": ""3485""}"
lg_lacam_fork:suo_tl,SUO + traffic load,random-32-32-20,random-32-32-20-random-1,150,0,30.0,solved,0.173696,0.085,4328,55,4055,3485,48,1.241894,0,,/home/carsten/Projects/MAPF/MAPF Evaluator/results/tlcpp-random32-20/runs/lg_lacam_fork_suo_tl/random-32-32-20/random-32-32-20-random-1_a150_s0_r0,4328,0.085,"{""agents"": ""150"", ""comp_time"": ""85"", ""makespan"": ""55"", ""makespan_lb"": ""48"", ""map_file"": ""random-32-32-20.map"", ""seed"": ""0"", ""soc"": ""4328"", ""soc_lb"": ""3485"", ""solved"": ""1"", ""solver"": ""planner"", ""sum_of_loss"": ""4086"", ""sum_of_loss_lb"": ""3485""}"
lg_lacam_fork:suo_tl,SUO + traffic load,random-32-32-20,random-32-32-20-random-1,150,2,30.0,solved,0.160249,0.077,4596,81,4233,3485,48,1.318795,0,,/home/carsten/Projects/MAPF/MAPF Evaluator/results/tlcpp-random32-20/runs/lg_lacam_fork_suo_tl/random-32-32-20/random-32-32-20-random-1_a150_s2_r0,4596,0.077,"{""agents"": ""150"", ""comp_time"": ""77"", ""makespan"": ""81"", ""makespan_lb"": ""48"", ""map_file"": ""random-32-32-20.map"", ""seed"": ""2"", ""soc"": ""4596"", ""soc_lb"": ""3485"", ""solved"": ""1"", ""solver"": ""planner"", ""sum_of_loss"": ""4290"", ""sum_of_loss_lb"": ""3485""}"
lg_lacam_fork:lg,"LG-LaCAM (window 20, first solution)",random-32-32-20,random-32-32-20-random-1,150,0,30.0,solved,0.158053,0.084,4155,51,3898,3485,48,1.192253,0,,/home/carsten/Projects/MAPF/MAPF Evaluator/results/tlcpp-random32-20/runs/lg_lacam_fork_lg/random-32-32-20/random-32-32-20-random-1_a150_s0_r0,4155,0.084,"{""agents"": ""150"", ""comp_time"": ""84"", ""makespan"": ""51"", ""makespan_lb"": ""48"", ""map_file"": ""random-32-32-20.map"", ""seed"": ""0"", ""soc"": ""4155"", ""soc_lb"": ""3485"", ""solved"": ""1"", ""solver"": ""planner"", ""sum_of_loss"": ""3933"", ""sum_of_loss_lb"": ""3485""}"
lg_lacam_fork:lg,"LG-LaCAM (window 20, first solution)",random-32-32-20,random-32-32-20-random-1,150,2,30.0,solved,0.144805,0.092,4280,52,3967,3485,48,1.228121,0,,/home/carsten/Projects/MAPF/MAPF Evaluator/results/tlcpp-random32-20/runs/lg_lacam_fork_lg/random-32-32-20/random-32-32-20-random-1_a150_s2_r0,4280,0.092,"{""agents"": ""150"", ""comp_time"": ""92"", ""makespan"": ""52"", ""makespan_lb"": ""48"", ""map_file"": ""random-32-32-20.map"", ""seed"": ""2"", ""soc"": ""4280"", ""soc_lb"": ""3485"", ""solved"": ""1"", ""solver"": ""planner"", ""sum_of_loss"": ""4006"", ""sum_of_loss_lb"": ""3485""}"
lg_lacam_fork:lg,"LG-LaCAM (window 20, first solution)",random-32-32-20,random-32-32-20-random-1,150,1,30.0,solved,0.137329,0.086,4319,51,4026,3485,48,1.239311,0,,/home/carsten/Projects/MAPF/MAPF Evaluator/results/tlcpp-random32-20/runs/lg_lacam_fork_lg/random-32-32-20/random-32-32-20-random-1_a150_s1_r0,4319,0.086,"{""agents"": ""150"", ""comp_time"": ""86"", ""makespan"": ""51"", ""makespan_lb"": ""48"", ""map_file"": ""random-32-32-20.map"", ""seed"": ""1"", ""soc"": ""4319"", ""soc_lb"": ""3485"", ""solved"": ""1"", ""solver"": ""planner"", ""sum_of_loss"": ""4070"", ""sum_of_loss_lb"": ""3485""}"
lg_lacam_fork:lg_tl,LG-LaCAM (window 20) + traffic load,random-32-32-20,random-32-32-20-random-1,150,1,30.0,solved,0.10365,0.075,4189,51,3930,3485,48,1.202009,0,,/home/carsten/Projects/MAPF/MAPF Evaluator/results/tlcpp-random32-20/runs/lg_lacam_fork_lg_tl/random-32-32-20/random-32-32-20-random-1_a150_s1_r0,4189,0.075,"{""agents"": ""150"", ""comp_time"": ""75"", ""makespan"": ""51"", ""makespan_lb"": ""48"", ""map_file"": ""random-32-32-20.map"", ""seed"": ""1"", ""soc"": ""4189"", ""soc_lb"": ""3485"", ""solved"": ""1"", ""solver"": ""planner"", ""sum_of_loss"": ""3976"", ""sum_of_loss_lb"": ""3485""}"
lg_lacam_fork:lg_tl,LG-LaCAM (window 20) + traffic load,random-32-32-20,random-32-32-20-random-1,150,0,30.0,solved,0.211437,0.161,4205,51,3932,3485,48,1.2066,0,,/home/carsten/Projects/MAPF/MAPF Evaluator/results/tlcpp-random32-20/runs/lg_lacam_fork_lg_tl/random-32-32-20/random-32-32-20-random-1_a150_s0_r0,4205,0.161,"{""agents"": ""150"", ""comp_time"": ""161"", ""makespan"": ""51"", ""makespan_lb"": ""48"", ""map_file"": ""random-32-32-20.map"", ""seed"": ""0"", ""soc"": ""4205"", ""soc_lb"": ""3485"", ""solved"": ""1"", ""solver"": ""planner"", ""sum_of_loss"": ""3967"", ""sum_of_loss_lb"": ""3485""}"
lg_lacam_fork:lg_tl,LG-LaCAM (window 20) + traffic load,random-32-32-20,random-32-32-20-random-1,150,2,30.0,solved,0.13191,0.083,4153,51,3895,3485,48,1.191679,0,,/home/carsten/Projects/MAPF/MAPF Evaluator/results/tlcpp-random32-20/runs/lg_lacam_fork_lg_tl/random-32-32-20/random-32-32-20-random-1_a150_s2_r0,4153,0.083,"{""agents"": ""150"", ""comp_time"": ""83"", ""makespan"": ""51"", ""makespan_lb"": ""48"", ""map_file"": ""random-32-32-20.map"", ""seed"": ""2"", ""soc"": ""4153"", ""soc_lb"": ""3485"", ""solved"": ""1"", ""solver"": ""planner"", ""sum_of_loss"": ""3931"", ""sum_of_loss_lb"": ""3485""}"
lg_lacam_fork:lg_suo,LG-LaCAM (window 20) + SUO,random-32-32-20,random-32-32-20-random-1,150,0,30.0,solved,0.208381,0.168,4096,51,3864,3485,48,1.175323,0,,/home/carsten/Projects/MAPF/MAPF Evaluator/results/tlcpp-random32-20/runs/lg_lacam_fork_lg_suo/random-32-32-20/random-32-32-20-random-1_a150_s0_r0,4096,0.168,"{""agents"": ""150"", ""comp_time"": ""168"", ""makespan"": ""51"", ""makespan_lb"": ""48"", ""map_file"": ""random-32-32-20.map"", ""seed"": ""0"", ""soc"": ""4096"", ""soc_lb"": ""3485"", ""solved"": ""1"", ""solver"": ""planner"", ""sum_of_loss"": ""3892"", ""sum_of_loss_lb"": ""3485""}"
lg_lacam_fork:lg_suo,LG-LaCAM (window 20) + SUO,random-32-32-20,random-32-32-20-random-1,150,1,30.0,solved,0.213473,0.12,4248,51,3965,3485,48,1.218938,0,,/home/carsten/Projects/MAPF/MAPF Evaluator/results/tlcpp-random32-20/runs/lg_lacam_fork_lg_suo/random-32-32-20/random-32-32-20-random-1_a150_s1_r0,4248,0.12,"{""agents"": ""150"", ""comp_time"": ""120"", ""makespan"": ""51"", ""makespan_lb"": ""48"", ""map_file"": ""random-32-32-20.map"", ""seed"": ""1"", ""soc"": ""4248"", ""soc_lb"": ""3485"", ""solved"": ""1"", ""solver"": ""planner"", ""sum_of_loss"": ""4002"", ""sum_of_loss_lb"": ""3485""}"
lg_lacam_fork:lg_suo,LG-LaCAM (window 20) + SUO,random-32-32-20,random-32-32-20-random-1,150,2,30.0,solved,0.281345,0.19,4268,58,3996,3485,48,1.224677,0,,/home/carsten/Projects/MAPF/MAPF Evaluator/results/tlcpp-random32-20/runs/lg_lacam_fork_lg_suo/random-32-32-20/random-32-32-20-random-1_a150_s2_r0,4268,0.19,"{""agents"": ""150"", ""comp_time"": ""190"", ""makespan"": ""58"", ""makespan_lb"": ""48"", ""map_file"": ""random-32-32-20.map"", ""seed"": ""2"", ""soc"": ""4268"", ""soc_lb"": ""3485"", ""solved"": ""1"", ""solver"": ""planner"", ""sum_of_loss"": ""4038"", ""sum_of_loss_lb"": ""3485""}"
lg_lacam_fork:lg_suo_tl,LG-LaCAM (window 20) + SUO + traffic load,random-32-32-20,random-32-32-20-random-1,150,1,30.0,solved,0.221431,0.174,4161,50,3942,3485,48,1.193974,0,,/home/carsten/Projects/MAPF/MAPF Evaluator/results/tlcpp-random32-20/runs/lg_lacam_fork_lg_suo_tl/random-32-32-20/random-32-32-20-random-1_a150_s1_r0,4161,0.174,"{""agents"": ""150"", ""comp_time"": ""174"", ""makespan"": ""50"", ""makespan_lb"": ""48"", ""map_file"": ""random-32-32-20.map"", ""seed"": ""1"", ""soc"": ""4161"", ""soc_lb"": ""3485"", ""solved"": ""1"", ""solver"": ""planner"", ""sum_of_loss"": ""3975"", ""sum_of_loss_lb"": ""3485""}"
lg_lacam_fork:lg_suo_tl,LG-LaCAM (window 20) + SUO + traffic load,random-32-32-20,random-32-32-20-random-1,150,0,30.0,solved,0.332637,0.204,4057,51,3857,3485,48,1.164132,0,,/home/carsten/Projects/MAPF/MAPF Evaluator/results/tlcpp-random32-20/runs/lg_lacam_fork_lg_suo_tl/random-32-32-20/random-32-32-20-random-1_a150_s0_r0,4057,0.204,"{""agents"": ""150"", ""comp_time"": ""204"", ""makespan"": ""51"", ""makespan_lb"": ""48"", ""map_file"": ""random-32-32-20.map"", ""seed"": ""0"", ""soc"": ""4057"", ""soc_lb"": ""3485"", ""solved"": ""1"", ""solver"": ""planner"", ""sum_of_loss"": ""3888"", ""sum_of_loss_lb"": ""3485""}"
lg_lacam_fork:lg_suo_tl,LG-LaCAM (window 20) + SUO + traffic load,random-32-32-20,random-32-32-20-random-1,150,2,30.0,solved,0.196713,0.173,4144,51,3905,3485,48,1.189096,0,,/home/carsten/Projects/MAPF/MAPF Evaluator/results/tlcpp-random32-20/runs/lg_lacam_fork_lg_suo_tl/random-32-32-20/random-32-32-20-random-1_a150_s2_r0,4144,0.173,"{""agents"": ""150"", ""comp_time"": ""173"", ""makespan"": ""51"", ""makespan_lb"": ""48"", ""map_file"": ""random-32-32-20.map"", ""seed"": ""2"", ""soc"": ""4144"", ""soc_lb"": ""3485"", ""solved"": ""1"", ""solver"": ""planner"", ""sum_of_loss"": ""3938"", ""sum_of_loss_lb"": ""3485""}"
lg_lacam_fork:lacam,"LaCAM (no guidance, first solution)",random-32-32-20,random-32-32-20-random-1,200,0,30.0,solved,0.108731,0.038,8425,72,6967,4429,48,1.902235,0,,/home/carsten/Projects/MAPF/MAPF Evaluator/results/tlcpp-random32-20/runs/lg_lacam_fork_lacam/random-32-32-20/random-32-32-20-random-1_a200_s0_r0,8425,0.038,"{""agents"": ""200"", ""comp_time"": ""38"", ""makespan"": ""72"", ""makespan_lb"": ""48"", ""map_file"": ""random-32-32-20.map"", ""seed"": ""0"", ""soc"": ""8425"", ""soc_lb"": ""4429"", ""solved"": ""1"", ""solver"": ""planner"", ""sum_of_loss"": ""7236"", ""sum_of_loss_lb"": ""4429""}"
lg_lacam_fork:lacam,"LaCAM (no guidance, first solution)",random-32-32-20,random-32-32-20-random-1,200,2,30.0,solved,0.055596,0.024,8135,65,6978,4429,48,1.836758,0,,/home/carsten/Projects/MAPF/MAPF Evaluator/results/tlcpp-random32-20/runs/lg_lacam_fork_lacam/random-32-32-20/random-32-32-20-random-1_a200_s2_r0,8135,0.024,"{""agents"": ""200"", ""comp_time"": ""24"", ""makespan"": ""65"", ""makespan_lb"": ""48"", ""map_file"": ""random-32-32-20.map"", ""seed"": ""2"", ""soc"": ""8135"", ""soc_lb"": ""4429"", ""solved"": ""1"", ""solver"": ""planner"", ""sum_of_loss"": ""7229"", ""sum_of_loss_lb"": ""4429""}"
lg_lacam_fork:lacam,"LaCAM (no guidance, first solution)",random-32-32-20,random-32-32-20-random-1,200,1,30.0,solved,0.120549,0.052,7980,69,6772,4429,48,1.801761,0,,/home/carsten/Projects/MAPF/MAPF Evaluator/results/tlcpp-random32-20/runs/lg_lacam_fork_lacam/random-32-32-20/random-32-32-20-random-1_a200_s1_r0,7980,0.052,"{""agents"": ""200"", ""comp_time"": ""52"", ""makespan"": ""69"", ""makespan_lb"": ""48"", ""map_file"": ""random-32-32-20.map"", ""seed"": ""1"", ""soc"": ""7980"", ""soc_lb"": ""4429"", ""solved"": ""1"", ""solver"": ""planner"", ""sum_of_loss"": ""7009"", ""sum_of_loss_lb"": ""4429""}"
lg_lacam_fork:tl,"LaCAM + traffic load (tie-break, per config)",random-32-32-20,random-32-32-20-random-1,200,0,30.0,solved,0.185873,0.101,6998,56,6020,4429,48,1.580041,0,,/home/carsten/Projects/MAPF/MAPF Evaluator/results/tlcpp-random32-20/runs/lg_lacam_fork_tl/random-32-32-20/random-32-32-20-random-1_a200_s0_r0,6998,0.101,"{""agents"": ""200"", ""comp_time"": ""101"", ""makespan"": ""56"", ""makespan_lb"": ""48"", ""map_file"": ""random-32-32-20.map"", ""seed"": ""0"", ""soc"": ""6998"", ""soc_lb"": ""4429"", ""solved"": ""1"", ""solver"": ""planner"", ""sum_of_loss"": ""6221"", ""sum_of_loss_lb"": ""4429""}"
lg_lacam_fork:tl,"LaCAM + traffic load (tie-break, per config)",random-32-32-20,random-32-32-20-random-1,200,1,30.0,solved,0.158638,0.026,7162,56,6081,4429,48,1.617069,0,,/home/carsten/Projects/MAPF/MAPF Evaluator/results/tlcpp-random32-20/runs/lg_lacam_fork_tl/random-32-32-20/random-32-32-20-random-1_a200_s1_r0,7162,0.026,"{""agents"": ""200"", ""comp_time"": ""26"", ""makespan"": ""56"", ""makespan_lb"": ""48"", ""map_file"": ""random-32-32-20.map"", ""seed"": ""1"", ""soc"": ""7162"", ""soc_lb"": ""4429"", ""solved"": ""1"", ""solver"": ""planner"", ""sum_of_loss"": ""6297"", ""sum_of_loss_lb"": ""4429""}"
lg_lacam_fork:tl,"LaCAM + traffic load (tie-break, per config)",random-32-32-20,random-32-32-20-random-1,200,2,30.0,solved,0.125596,0.058,7166,54,6140,4429,48,1.617972,0,,/home/carsten/Projects/MAPF/MAPF Evaluator/results/tlcpp-random32-20/runs/lg_lacam_fork_tl/random-32-32-20/random-32-32-20-random-1_a200_s2_r0,7166,0.058,"{""agents"": ""200"", ""comp_time"": ""58"", ""makespan"": ""54"", ""makespan_lb"": ""48"", ""map_file"": ""random-32-32-20.map"", ""seed"": ""2"", ""soc"": ""7166"", ""soc_lb"": ""4429"", ""solved"": ""1"", ""solver"": ""planner"", ""sum_of_loss"": ""6345"", ""sum_of_loss_lb"": ""4429""}"
lg_lacam_fork:tl_agent,"LaCAM + traffic load (tie-break, per agent)",random-32-32-20,random-32-32-20-random-1,200,0,30.0,solved,0.114657,0.056,7105,50,6117,4429,48,1.6042,0,,/home/carsten/Projects/MAPF/MAPF Evaluator/results/tlcpp-random32-20/runs/lg_lacam_fork_tl_agent/random-32-32-20/random-32-32-20-random-1_a200_s0_r0,7105,0.056,"{""agents"": ""200"", ""comp_time"": ""56"", ""makespan"": ""50"", ""makespan_lb"": ""48"", ""map_file"": ""random-32-32-20.map"", ""seed"": ""0"", ""soc"": ""7105"", ""soc_lb"": ""4429"", ""solved"": ""1"", ""solver"": ""planner"", ""sum_of_loss"": ""6319"", ""sum_of_loss_lb"": ""4429""}"
lg_lacam_fork:tl_agent,"LaCAM + traffic load (tie-break, per agent)",random-32-32-20,random-32-32-20-random-1,200,1,30.0,solved,0.144208,0.072,6987,50,6081,4429,48,1.577557,0,,/home/carsten/Projects/MAPF/MAPF Evaluator/results/tlcpp-random32-20/runs/lg_lacam_fork_tl_agent/random-32-32-20/random-32-32-20-random-1_a200_s1_r0,6987,0.072,"{""agents"": ""200"", ""comp_time"": ""72"", ""makespan"": ""50"", ""makespan_lb"": ""48"", ""map_file"": ""random-32-32-20.map"", ""seed"": ""1"", ""soc"": ""6987"", ""soc_lb"": ""4429"", ""solved"": ""1"", ""solver"": ""planner"", ""sum_of_loss"": ""6277"", ""sum_of_loss_lb"": ""4429""}"
lg_lacam_fork:tl_agent,"LaCAM + traffic load (tie-break, per agent)",random-32-32-20,random-32-32-20-random-1,200,2,30.0,solved,0.2058,0.153,7081,52,6172,4429,48,1.598781,0,,/home/carsten/Projects/MAPF/MAPF Evaluator/results/tlcpp-random32-20/runs/lg_lacam_fork_tl_agent/random-32-32-20/random-32-32-20-random-1_a200_s2_r0,7081,0.153,"{""agents"": ""200"", ""comp_time"": ""153"", ""makespan"": ""52"", ""makespan_lb"": ""48"", ""map_file"": ""random-32-32-20.map"", ""seed"": ""2"", ""soc"": ""7081"", ""soc_lb"": ""4429"", ""solved"": ""1"", ""solver"": ""planner"", ""sum_of_loss"": ""6365"", ""sum_of_loss_lb"": ""4429""}"
lg_lacam_fork:suo,LaCAM3 = SUO (first solution),random-32-32-20,random-32-32-20-random-1,200,0,30.0,solved,0.267613,0.142,6744,56,5789,4429,48,1.522691,0,,/home/carsten/Projects/MAPF/MAPF Evaluator/results/tlcpp-random32-20/runs/lg_lacam_fork_suo/random-32-32-20/random-32-32-20-random-1_a200_s0_r0,6744,0.142,"{""agents"": ""200"", ""comp_time"": ""142"", ""makespan"": ""56"", ""makespan_lb"": ""48"", ""map_file"": ""random-32-32-20.map"", ""seed"": ""0"", ""soc"": ""6744"", ""soc_lb"": ""4429"", ""solved"": ""1"", ""solver"": ""planner"", ""sum_of_loss"": ""5925"", ""sum_of_loss_lb"": ""4429""}"
lg_lacam_fork:suo,LaCAM3 = SUO (first solution),random-32-32-20,random-32-32-20-random-1,200,1,30.0,solved,0.168513,0.112,6658,58,5830,4429,48,1.503274,0,,/home/carsten/Projects/MAPF/MAPF Evaluator/results/tlcpp-random32-20/runs/lg_lacam_fork_suo/random-32-32-20/random-32-32-20-random-1_a200_s1_r0,6658,0.112,"{""agents"": ""200"", ""comp_time"": ""112"", ""makespan"": ""58"", ""makespan_lb"": ""48"", ""map_file"": ""random-32-32-20.map"", ""seed"": ""1"", ""soc"": ""6658"", ""soc_lb"": ""4429"", ""solved"": ""1"", ""solver"": ""planner"", ""sum_of_loss"": ""5970"", ""sum_of_loss_lb"": ""4429""}"
lg_lacam_fork:suo,LaCAM3 = SUO (first solution),random-32-32-20,random-32-32-20-random-1,200,2,30.0,solved,0.230742,0.147,6932,64,5967,4429,48,1.565139,0,,/home/carsten/Projects/MAPF/MAPF Evaluator/results/tlcpp-random32-20/runs/lg_lacam_fork_suo/random-32-32-20/random-32-32-20-random-1_a200_s2_r0,6932,0.147,"{""agents"": ""200"", ""comp_time"": ""147"", ""makespan"": ""64"", ""makespan_lb"": ""48"", ""map_file"": ""random-32-32-20.map"", ""seed"": ""2"", ""soc"": ""6932"", ""soc_lb"": ""4429"", ""solved"": ""1"", ""solver"": ""planner"", ""sum_of_loss"": ""6110"", ""sum_of_loss_lb"": ""4429""}"
lg_lacam_fork:suo_tl,SUO + traffic load,random-32-32-20,random-32-32-20-random-1,200,0,30.0,solved,0.165826,0.107,6443,69,5586,4429,48,1.45473,0,,/home/carsten/Projects/MAPF/MAPF Evaluator/results/tlcpp-random32-20/runs/lg_lacam_fork_suo_tl/random-32-32-20/random-32-32-20-random-1_a200_s0_r0,6443,0.107,"{""agents"": ""200"", ""comp_time"": ""107"", ""makespan"": ""69"", ""makespan_lb"": ""48"", ""map_file"": ""random-32-32-20.map"", ""seed"": ""0"", ""soc"": ""6443"", ""soc_lb"": ""4429"", ""solved"": ""1"", ""solver"": ""planner"", ""sum_of_loss"": ""5694"", ""sum_of_loss_lb"": ""4429""}"
lg_lacam_fork:suo_tl,SUO + traffic load,random-32-32-20,random-32-32-20-random-1,200,1,30.0,solved,0.266455,0.192,6278,55,5657,4429,48,1.417476,0,,/home/carsten/Projects/MAPF/MAPF Evaluator/results/tlcpp-random32-20/runs/lg_lacam_fork_suo_tl/random-32-32-20/random-32-32-20-random-1_a200_s1_r0,6278,0.192,"{""agents"": ""200"", ""comp_time"": ""192"", ""makespan"": ""55"", ""makespan_lb"": ""48"", ""map_file"": ""random-32-32-20.map"", ""seed"": ""1"", ""soc"": ""6278"", ""soc_lb"": ""4429"", ""solved"": ""1"", ""solver"": ""planner"", ""sum_of_loss"": ""5765"", ""sum_of_loss_lb"": ""4429""}"
lg_lacam_fork:tl_static,LaCAM + traffic load (static map from starts),random-32-32-20,random-32-32-20-random-1,200,2,30.0,solved,2.916726,2.712,12090,217,9330,4429,48,2.729736,0,,/home/carsten/Projects/MAPF/MAPF Evaluator/results/tlcpp-random32-20/runs/lg_lacam_fork_tl_static/random-32-32-20/random-32-32-20-random-1_a200_s2_r0,12090,2.712,"{""agents"": ""200"", ""comp_time"": ""2712"", ""makespan"": ""217"", ""makespan_lb"": ""48"", ""map_file"": ""random-32-32-20.map"", ""seed"": ""2"", ""soc"": ""12090"", ""soc_lb"": ""4429"", ""solved"": ""1"", ""solver"": ""planner"", ""sum_of_loss"": ""10280"", ""sum_of_loss_lb"": ""4429""}"
lg_lacam_fork:suo_tl,SUO + traffic load,random-32-32-20,random-32-32-20-random-1,200,2,30.0,solved,0.29519,0.194,6330,57,5650,4429,48,1.429217,0,,/home/carsten/Projects/MAPF/MAPF Evaluator/results/tlcpp-random32-20/runs/lg_lacam_fork_suo_tl/random-32-32-20/random-32-32-20-random-1_a200_s2_r0,6330,0.194,"{""agents"": ""200"", ""comp_time"": ""194"", ""makespan"": ""57"", ""makespan_lb"": ""48"", ""map_file"": ""random-32-32-20.map"", ""seed"": ""2"", ""soc"": ""6330"", ""soc_lb"": ""4429"", ""solved"": ""1"", ""solver"": ""planner"", ""sum_of_loss"": ""5738"", ""sum_of_loss_lb"": ""4429""}"
lg_lacam_fork:tl_static,LaCAM + traffic load (static map from starts),random-32-32-20,random-32-32-20-random-1,200,0,30.0,solved,4.055765,3.904,11687,191,8719,4429,48,2.638745,0,,/home/carsten/Projects/MAPF/MAPF Evaluator/results/tlcpp-random32-20/runs/lg_lacam_fork_tl_static/random-32-32-20/random-32-32-20-random-1_a200_s0_r0,11687,3.904,"{""agents"": ""200"", ""comp_time"": ""3904"", ""makespan"": ""191"", ""makespan_lb"": ""48"", ""map_file"": ""random-32-32-20.map"", ""seed"": ""0"", ""soc"": ""11687"", ""soc_lb"": ""4429"", ""solved"": ""1"", ""solver"": ""planner"", ""sum_of_loss"": ""9589"", ""sum_of_loss_lb"": ""4429""}"
lg_lacam_fork:lg,"LG-LaCAM (window 20, first solution)",random-32-32-20,random-32-32-20-random-1,200,0,30.0,solved,0.345913,0.253,6199,60,5512,4429,48,1.399639,0,,/home/carsten/Projects/MAPF/MAPF Evaluator/results/tlcpp-random32-20/runs/lg_lacam_fork_lg/random-32-32-20/random-32-32-20-random-1_a200_s0_r0,6199,0.253,"{""agents"": ""200"", ""comp_time"": ""253"", ""makespan"": ""60"", ""makespan_lb"": ""48"", ""map_file"": ""random-32-32-20.map"", ""seed"": ""0"", ""soc"": ""6199"", ""soc_lb"": ""4429"", ""solved"": ""1"", ""solver"": ""planner"", ""sum_of_loss"": ""5618"", ""sum_of_loss_lb"": ""4429""}"
lg_lacam_fork:tl_static,LaCAM + traffic load (static map from starts),random-32-32-20,random-32-32-20-random-1,200,1,30.0,solved,4.237595,4.013,12379,208,9237,4429,48,2.794988,0,,/home/carsten/Projects/MAPF/MAPF Evaluator/results/tlcpp-random32-20/runs/lg_lacam_fork_tl_static/random-32-32-20/random-32-32-20-random-1_a200_s1_r0,12379,4.013,"{""agents"": ""200"", ""comp_time"": ""4013"", ""makespan"": ""208"", ""makespan_lb"": ""48"", ""map_file"": ""random-32-32-20.map"", ""seed"": ""1"", ""soc"": ""12379"", ""soc_lb"": ""4429"", ""solved"": ""1"", ""solver"": ""planner"", ""sum_of_loss"": ""10209"", ""sum_of_loss_lb"": ""4429""}"
lg_lacam_fork:lg,"LG-LaCAM (window 20, first solution)",random-32-32-20,random-32-32-20-random-1,200,1,30.0,solved,0.214897,0.141,6095,53,5366,4429,48,1.376157,0,,/home/carsten/Projects/MAPF/MAPF Evaluator/results/tlcpp-random32-20/runs/lg_lacam_fork_lg/random-32-32-20/random-32-32-20-random-1_a200_s1_r0,6095,0.141,"{""agents"": ""200"", ""comp_time"": ""141"", ""makespan"": ""53"", ""makespan_lb"": ""48"", ""map_file"": ""random-32-32-20.map"", ""seed"": ""1"", ""soc"": ""6095"", ""soc_lb"": ""4429"", ""solved"": ""1"", ""solver"": ""planner"", ""sum_of_loss"": ""5460"", ""sum_of_loss_lb"": ""4429""}"
lg_lacam_fork:lg,"LG-LaCAM (window 20, first solution)",random-32-32-20,random-32-32-20-random-1,200,2,30.0,solved,0.173741,0.13,6017,51,5375,4429,48,1.358546,0,,/home/carsten/Projects/MAPF/MAPF Evaluator/results/tlcpp-random32-20/runs/lg_lacam_fork_lg/random-32-32-20/random-32-32-20-random-1_a200_s2_r0,6017,0.13,"{""agents"": ""200"", ""comp_time"": ""130"", ""makespan"": ""51"", ""makespan_lb"": ""48"", ""map_file"": ""random-32-32-20.map"", ""seed"": ""2"", ""soc"": ""6017"", ""soc_lb"": ""4429"", ""solved"": ""1"", ""solver"": ""planner"", ""sum_of_loss"": ""5464"", ""sum_of_loss_lb"": ""4429""}"
lg_lacam_fork:lg_tl,LG-LaCAM (window 20) + traffic load,random-32-32-20,random-32-32-20-random-1,200,0,30.0,solved,0.201942,0.17,5900,53,5288,4429,48,1.332129,0,,/home/carsten/Projects/MAPF/MAPF Evaluator/results/tlcpp-random32-20/runs/lg_lacam_fork_lg_tl/random-32-32-20/random-32-32-20-random-1_a200_s0_r0,5900,0.17,"{""agents"": ""200"", ""comp_time"": ""170"", ""makespan"": ""53"", ""makespan_lb"": ""48"", ""map_file"": ""random-32-32-20.map"", ""seed"": ""0"", ""soc"": ""5900"", ""soc_lb"": ""4429"", ""solved"": ""1"", ""solver"": ""planner"", ""sum_of_loss"": ""5380"", ""sum_of_loss_lb"": ""4429""}"
lg_lacam_fork:lg_tl,LG-LaCAM (window 20) + traffic load,random-32-32-20,random-32-32-20-random-1,200,1,30.0,solved,0.198538,0.127,5817,57,5207,4429,48,1.313389,0,,/home/carsten/Projects/MAPF/MAPF Evaluator/results/tlcpp-random32-20/runs/lg_lacam_fork_lg_tl/random-32-32-20/random-32-32-20-random-1_a200_s1_r0,5817,0.127,"{""agents"": ""200"", ""comp_time"": ""127"", ""makespan"": ""57"", ""makespan_lb"": ""48"", ""map_file"": ""random-32-32-20.map"", ""seed"": ""1"", ""soc"": ""5817"", ""soc_lb"": ""4429"", ""solved"": ""1"", ""solver"": ""planner"", ""sum_of_loss"": ""5291"", ""sum_of_loss_lb"": ""4429""}"
lg_lacam_fork:lg_tl,LG-LaCAM (window 20) + traffic load,random-32-32-20,random-32-32-20-random-1,200,2,30.0,solved,0.148917,0.104,5766,57,5231,4429,48,1.301874,0,,/home/carsten/Projects/MAPF/MAPF Evaluator/results/tlcpp-random32-20/runs/lg_lacam_fork_lg_tl/random-32-32-20/random-32-32-20-random-1_a200_s2_r0,5766,0.104,"{""agents"": ""200"", ""comp_time"": ""104"", ""makespan"": ""57"", ""makespan_lb"": ""48"", ""map_file"": ""random-32-32-20.map"", ""seed"": ""2"", ""soc"": ""5766"", ""soc_lb"": ""4429"", ""solved"": ""1"", ""solver"": ""planner"", ""sum_of_loss"": ""5308"", ""sum_of_loss_lb"": ""4429""}"
lg_lacam_fork:lg_suo,LG-LaCAM (window 20) + SUO,random-32-32-20,random-32-32-20-random-1,200,0,30.0,solved,0.269623,0.193,6107,58,5408,4429,48,1.378867,0,,/home/carsten/Projects/MAPF/MAPF Evaluator/results/tlcpp-random32-20/runs/lg_lacam_fork_lg_suo/random-32-32-20/random-32-32-20-random-1_a200_s0_r0,6107,0.193,"{""agents"": ""200"", ""comp_time"": ""193"", ""makespan"": ""58"", ""makespan_lb"": ""48"", ""map_file"": ""random-32-32-20.map"", ""seed"": ""0"", ""soc"": ""6107"", ""soc_lb"": ""4429"", ""solved"": ""1"", ""solver"": ""planner"", ""sum_of_loss"": ""5508"", ""sum_of_loss_lb"": ""4429""}"
lg_lacam_fork:lg_suo,LG-LaCAM (window 20) + SUO,random-32-32-20,random-32-32-20-random-1,200,1,30.0,solved,0.394814,0.283,5834,53,5297,4429,48,1.317227,0,,/home/carsten/Projects/MAPF/MAPF Evaluator/results/tlcpp-random32-20/runs/lg_lacam_fork_lg_suo/random-32-32-20/random-32-32-20-random-1_a200_s1_r0,5834,0.283,"{""agents"": ""200"", ""comp_time"": ""283"", ""makespan"": ""53"", ""makespan_lb"": ""48"", ""map_file"": ""random-32-32-20.map"", ""seed"": ""1"", ""soc"": ""5834"", ""soc_lb"": ""4429"", ""solved"": ""1"", ""solver"": ""planner"", ""sum_of_loss"": ""5387"", ""sum_of_loss_lb"": ""4429""}"
lg_lacam_fork:lg_suo,LG-LaCAM (window 20) + SUO,random-32-32-20,random-32-32-20-random-1,200,2,30.0,solved,0.376053,0.293,6010,57,5425,4429,48,1.356965,0,,/home/carsten/Projects/MAPF/MAPF Evaluator/results/tlcpp-random32-20/runs/lg_lacam_fork_lg_suo/random-32-32-20/random-32-32-20-random-1_a200_s2_r0,6010,0.293,"{""agents"": ""200"", ""comp_time"": ""293"", ""makespan"": ""57"", ""makespan_lb"": ""48"", ""map_file"": ""random-32-32-20.map"", ""seed"": ""2"", ""soc"": ""6010"", ""soc_lb"": ""4429"", ""solved"": ""1"", ""solver"": ""planner"", ""sum_of_loss"": ""5526"", ""sum_of_loss_lb"": ""4429""}"
lg_lacam_fork:lg_suo_tl,LG-LaCAM (window 20) + SUO + traffic load,random-32-32-20,random-32-32-20-random-1,200,0,30.0,solved,0.392476,0.276,5792,52,5193,4429,48,1.307744,0,,/home/carsten/Projects/MAPF/MAPF Evaluator/results/tlcpp-random32-20/runs/lg_lacam_fork_lg_suo_tl/random-32-32-20/random-32-32-20-random-1_a200_s0_r0,5792,0.276,"{""agents"": ""200"", ""comp_time"": ""276"", ""makespan"": ""52"", ""makespan_lb"": ""48"", ""map_file"": ""random-32-32-20.map"", ""seed"": ""0"", ""soc"": ""5792"", ""soc_lb"": ""4429"", ""solved"": ""1"", ""solver"": ""planner"", ""sum_of_loss"": ""5274"", ""sum_of_loss_lb"": ""4429""}"
lg_lacam_fork:lacam,"LaCAM (no guidance, first solution)",random-32-32-20,random-32-32-20-random-2,50,0,30.0,solved,0.02885,0.006,1387,51,1247,1099,51,1.262056,0,,/home/carsten/Projects/MAPF/MAPF Evaluator/results/tlcpp-random32-20/runs/lg_lacam_fork_lacam/random-32-32-20/random-32-32-20-random-2_a50_s0_r0,1387,0.006,"{""agents"": ""50"", ""comp_time"": ""6"", ""makespan"": ""51"", ""makespan_lb"": ""51"", ""map_file"": ""random-32-32-20.map"", ""seed"": ""0"", ""soc"": ""1387"", ""soc_lb"": ""1099"", ""solved"": ""1"", ""solver"": ""planner"", ""sum_of_loss"": ""1265"", ""sum_of_loss_lb"": ""1099""}"
lg_lacam_fork:lacam,"LaCAM (no guidance, first solution)",random-32-32-20,random-32-32-20-random-2,50,1,30.0,solved,0.051758,0.005,1321,51,1216,1099,51,1.202002,0,,/home/carsten/Projects/MAPF/MAPF Evaluator/results/tlcpp-random32-20/runs/lg_lacam_fork_lacam/random-32-32-20/random-32-32-20-random-2_a50_s1_r0,1321,0.005,"{""agents"": ""50"", ""comp_time"": ""5"", ""makespan"": ""51"", ""makespan_lb"": ""51"", ""map_file"": ""random-32-32-20.map"", ""seed"": ""1"", ""soc"": ""1321"", ""soc_lb"": ""1099"", ""solved"": ""1"", ""solver"": ""planner"", ""sum_of_loss"": ""1229"", ""sum_of_loss_lb"": ""1099""}"
lg_lacam_fork:tl,"LaCAM + traffic load (tie-break, per config)",random-32-32-20,random-32-32-20-random-2,50,0,30.0,solved,0.054242,0.017,1208,51,1170,1099,51,1.099181,0,,/home/carsten/Projects/MAPF/MAPF Evaluator/results/tlcpp-random32-20/runs/lg_lacam_fork_tl/random-32-32-20/random-32-32-20-random-2_a50_s0_r0,1208,0.017,"{""agents"": ""50"", ""comp_time"": ""17"", ""makespan"": ""51"", ""makespan_lb"": ""51"", ""map_file"": ""random-32-32-20.map"", ""seed"": ""0"", ""soc"": ""1208"", ""soc_lb"": ""1099"", ""solved"": ""1"", ""solver"": ""planner"", ""sum_of_loss"": ""1177"", ""sum_of_loss_lb"": ""1099""}"
lg_lacam_fork:lacam,"LaCAM (no guidance, first solution)",random-32-32-20,random-32-32-20-random-2,50,2,30.0,solved,0.042393,0.007,1377,51,1249,1099,51,1.252957,0,,/home/carsten/Projects/MAPF/MAPF Evaluator/results/tlcpp-random32-20/runs/lg_lacam_fork_lacam/random-32-32-20/random-32-32-20-random-2_a50_s2_r0,1377,0.007,"{""agents"": ""50"", ""comp_time"": ""7"", ""makespan"": ""51"", ""makespan_lb"": ""51"", ""map_file"": ""random-32-32-20.map"", ""seed"": ""2"", ""soc"": ""1377"", ""soc_lb"": ""1099"", ""solved"": ""1"", ""solver"": ""planner"", ""sum_of_loss"": ""1265"", ""sum_of_loss_lb"": ""1099""}"
lg_lacam_fork:lg_suo_tl,LG-LaCAM (window 20) + SUO + traffic load,random-32-32-20,random-32-32-20-random-1,200,1,30.0,solved,0.436902,0.347,5840,59,5273,4429,48,1.318582,0,,/home/carsten/Projects/MAPF/MAPF Evaluator/results/tlcpp-random32-20/runs/lg_lacam_fork_lg_suo_tl/random-32-32-20/random-32-32-20-random-1_a200_s1_r0,5840,0.347,"{""agents"": ""200"", ""comp_time"": ""347"", ""makespan"": ""59"", ""makespan_lb"": ""48"", ""map_file"": ""random-32-32-20.map"", ""seed"": ""1"", ""soc"": ""5840"", ""soc_lb"": ""4429"", ""solved"": ""1"", ""solver"": ""planner"", ""sum_of_loss"": ""5349"", ""sum_of_loss_lb"": ""4429""}"
lg_lacam_fork:tl_agent,"LaCAM + traffic load (tie-break, per agent)",random-32-32-20,random-32-32-20-random-2,50,0,30.0,solved,0.066843,0.02,1221,51,1166,1099,51,1.11101,0,,/home/carsten/Projects/MAPF/MAPF Evaluator/results/tlcpp-random32-20/runs/lg_lacam_fork_tl_agent/random-32-32-20/random-32-32-20-random-2_a50_s0_r0,1221,0.02,"{""agents"": ""50"", ""comp_time"": ""20"", ""makespan"": ""51"", ""makespan_lb"": ""51"", ""map_file"": ""random-32-32-20.map"", ""seed"": ""0"", ""soc"": ""1221"", ""soc_lb"": ""1099"", ""solved"": ""1"", ""solver"": ""planner"", ""sum_of_loss"": ""1174"", ""sum_of_loss_lb"": ""1099""}"
lg_lacam_fork:tl,"LaCAM + traffic load (tie-break, per config)",random-32-32-20,random-32-32-20-random-2,50,2,30.0,solved,0.12782,0.027,1223,51,1171,1099,51,1.11283,0,,/home/carsten/Projects/MAPF/MAPF Evaluator/results/tlcpp-random32-20/runs/lg_lacam_fork_tl/random-32-32-20/random-32-32-20-random-2_a50_s2_r0,1223,0.027,"{""agents"": ""50"", ""comp_time"": ""27"", ""makespan"": ""51"", ""makespan_lb"": ""51"", ""map_file"": ""random-32-32-20.map"", ""seed"": ""2"", ""soc"": ""1223"", ""soc_lb"": ""1099"", ""solved"": ""1"", ""solver"": ""planner"", ""sum_of_loss"": ""1180"", ""sum_of_loss_lb"": ""1099""}"
lg_lacam_fork:tl,"LaCAM + traffic load (tie-break, per config)",random-32-32-20,random-32-32-20-random-2,50,1,30.0,solved,0.129773,0.023,1227,51,1175,1099,51,1.11647,0,,/home/carsten/Projects/MAPF/MAPF Evaluator/results/tlcpp-random32-20/runs/lg_lacam_fork_tl/random-32-32-20/random-32-32-20-random-2_a50_s1_r0,1227,0.023,"{""agents"": ""50"", ""comp_time"": ""23"", ""makespan"": ""51"", ""makespan_lb"": ""51"", ""map_file"": ""random-32-32-20.map"", ""seed"": ""1"", ""soc"": ""1227"", ""soc_lb"": ""1099"", ""solved"": ""1"", ""solver"": ""planner"", ""sum_of_loss"": ""1184"", ""sum_of_loss_lb"": ""1099""}"
lg_lacam_fork:lg_suo_tl,LG-LaCAM (window 20) + SUO + traffic load,random-32-32-20,random-32-32-20-random-1,200,2,30.0,solved,0.443777,0.374,5863,55,5350,4429,48,1.323775,0,,/home/carsten/Projects/MAPF/MAPF Evaluator/results/tlcpp-random32-20/runs/lg_lacam_fork_lg_suo_tl/random-32-32-20/random-32-32-20-random-1_a200_s2_r0,5863,0.374,"{""agents"": ""200"", ""comp_time"": ""374"", ""makespan"": ""55"", ""makespan_lb"": ""48"", ""map_file"": ""random-32-32-20.map"", ""seed"": ""2"", ""soc"": ""5863"", ""soc_lb"": ""4429"", ""solved"": ""1"", ""solver"": ""planner"", ""sum_of_loss"": ""5425"", ""sum_of_loss_lb"": ""4429""}"
lg_lacam_fork:tl_agent,"LaCAM + traffic load (tie-break, per agent)",random-32-32-20,random-32-32-20-random-2,50,2,30.0,solved,0.038701,0.013,1228,51,1173,1099,51,1.117379,0,,/home/carsten/Projects/MAPF/MAPF Evaluator/results/tlcpp-random32-20/runs/lg_lacam_fork_tl_agent/random-32-32-20/random-32-32-20-random-2_a50_s2_r0,1228,0.013,"{""agents"": ""50"", ""comp_time"": ""13"", ""makespan"": ""51"", ""makespan_lb"": ""51"", ""map_file"": ""random-32-32-20.map"", ""seed"": ""2"", ""soc"": ""1228"", ""soc_lb"": ""1099"", ""solved"": ""1"", ""solver"": ""planner"", ""sum_of_loss"": ""1181"", ""sum_of_loss_lb"": ""1099""}"
lg_lacam_fork:tl_agent,"LaCAM + traffic load (tie-break, per agent)",random-32-32-20,random-32-32-20-random-2,50,1,30.0,solved,0.044374,0.01,1232,51,1172,1099,51,1.121019,0,,/home/carsten/Projects/MAPF/MAPF Evaluator/results/tlcpp-random32-20/runs/lg_lacam_fork_tl_agent/random-32-32-20/random-32-32-20-random-2_a50_s1_r0,1232,0.01,"{""agents"": ""50"", ""comp_time"": ""10"", ""makespan"": ""51"", ""makespan_lb"": ""51"", ""map_file"": ""random-32-32-20.map"", ""seed"": ""1"", ""soc"": ""1232"", ""soc_lb"": ""1099"", ""solved"": ""1"", ""solver"": ""planner"", ""sum_of_loss"": ""1181"", ""sum_of_loss_lb"": ""1099""}"
lg_lacam_fork:tl_static,LaCAM + traffic load (static map from starts),random-32-32-20,random-32-32-20-random-2,50,0,30.0,solved,0.094645,0.022,1298,53,1211,1099,51,1.181074,0,,/home/carsten/Projects/MAPF/MAPF Evaluator/results/tlcpp-random32-20/runs/lg_lacam_fork_tl_static/random-32-32-20/random-32-32-20-random-2_a50_s0_r0,1298,0.022,"{""agents"": ""50"", ""comp_time"": ""22"", ""makespan"": ""53"", ""makespan_lb"": ""51"", ""map_file"": ""random-32-32-20.map"", ""seed"": ""0"", ""soc"": ""1298"", ""soc_lb"": ""1099"", ""solved"": ""1"", ""solver"": ""planner"", ""sum_of_loss"": ""1226"", ""sum_of_loss_lb"": ""1099""}"
lg_lacam_fork:tl_static,LaCAM + traffic load (static map from starts),random-32-32-20,random-32-32-20-random-2,50,1,30.0,solved,0.037222,0.013,1280,51,1206,1099,51,1.164695,0,,/home/carsten/Projects/MAPF/MAPF Evaluator/results/tlcpp-random32-20/runs/lg_lacam_fork_tl_static/random-32-32-20/random-32-32-20-random-2_a50_s1_r0,1280,0.013,"{""agents"": ""50"", ""comp_time"": ""13"", ""makespan"": ""51"", ""makespan_lb"": ""51"", ""map_file"": ""random-32-32-20.map"", ""seed"": ""1"", ""soc"": ""1280"", ""soc_lb"": ""1099"", ""solved"": ""1"", ""solver"": ""planner"", ""sum_of_loss"": ""1219"", ""sum_of_loss_lb"": ""1099""}"
lg_lacam_fork:tl_static,LaCAM + traffic load (static map from starts),random-32-32-20,random-32-32-20-random-2,50,2,30.0,solved,0.055659,0.016,1286,51,1206,1099,51,1.170155,0,,/home/carsten/Projects/MAPF/MAPF Evaluator/results/tlcpp-random32-20/runs/lg_lacam_fork_tl_static/random-32-32-20/random-32-32-20-random-2_a50_s2_r0,1286,0.016,"{""agents"": ""50"", ""comp_time"": ""16"", ""makespan"": ""51"", ""makespan_lb"": ""51"", ""map_file"": ""random-32-32-20.map"", ""seed"": ""2"", ""soc"": ""1286"", ""soc_lb"": ""1099"", ""solved"": ""1"", ""solver"": ""planner"", ""sum_of_loss"": ""1220"", ""sum_of_loss_lb"": ""1099""}"
lg_lacam_fork:suo,LaCAM3 = SUO (first solution),random-32-32-20,random-32-32-20-random-2,50,0,30.0,solved,0.059656,0.009,1150,53,1140,1099,51,1.046406,0,,/home/carsten/Projects/MAPF/MAPF Evaluator/results/tlcpp-random32-20/runs/lg_lacam_fork_suo/random-32-32-20/random-32-32-20-random-2_a50_s0_r0,1150,0.009,"{""agents"": ""50"", ""comp_time"": ""9"", ""makespan"": ""53"", ""makespan_lb"": ""51"", ""map_file"": ""random-32-32-20.map"", ""seed"": ""0"", ""soc"": ""1150"", ""soc_lb"": ""1099"", ""solved"": ""1"", ""solver"": ""planner"", ""sum_of_loss"": ""1141"", ""sum_of_loss_lb"": ""1099""}"
lg_lacam_fork:suo,LaCAM3 = SUO (first solution),random-32-32-20,random-32-32-20-random-2,50,1,30.0,solved,0.04658,0.015,1141,53,1141,1099,51,1.038217,0,,/home/carsten/Projects/MAPF/MAPF Evaluator/results/tlcpp-random32-20/runs/lg_lacam_fork_suo/random-32-32-20/random-32-32-20-random-2_a50_s1_r0,1141,0.015,"{""agents"": ""50"", ""comp_time"": ""15"", ""makespan"": ""53"", ""makespan_lb"": ""51"", ""map_file"": ""random-32-32-20.map"", ""seed"": ""1"", ""soc"": ""1141"", ""soc_lb"": ""1099"", ""solved"": ""1"", ""solver"": ""planner"", ""sum_of_loss"": ""1141"", ""sum_of_loss_lb"": ""1099""}"
lg_lacam_fork:suo,LaCAM3 = SUO (first solution),random-32-32-20,random-32-32-20-random-2,50,2,30.0,solved,0.058534,0.019,1133,53,1133,1099,51,1.030937,0,,/home/carsten/Projects/MAPF/MAPF Evaluator/results/tlcpp-random32-20/runs/lg_lacam_fork_suo/random-32-32-20/random-32-32-20-random-2_a50_s2_r0,1133,0.019,"{""agents"": ""50"", ""comp_time"": ""19"", ""makespan"": ""53"", ""makespan_lb"": ""51"", ""map_file"": ""random-32-32-20.map"", ""seed"": ""2"", ""soc"": ""1133"", ""soc_lb"": ""1099"", ""solved"": ""1"", ""solver"": ""planner"", ""sum_of_loss"": ""1133"", ""sum_of_loss_lb"": ""1099""}"
lg_lacam_fork:suo_tl,SUO + traffic load,random-32-32-20,random-32-32-20-random-2,50,0,30.0,solved,0.066835,0.017,1150,53,1140,1099,51,1.046406,0,,/home/carsten/Projects/MAPF/MAPF Evaluator/results/tlcpp-random32-20/runs/lg_lacam_fork_suo_tl/random-32-32-20/random-32-32-20-random-2_a50_s0_r0,1150,0.017,"{""agents"": ""50"", ""comp_time"": ""17"", ""makespan"": ""53"", ""makespan_lb"": ""51"", ""map_file"": ""random-32-32-20.map"", ""seed"": ""0"", ""soc"": ""1150"", ""soc_lb"": ""1099"", ""solved"": ""1"", ""solver"": ""planner"", ""sum_of_loss"": ""1141"", ""sum_of_loss_lb"": ""1099""}"
lg_lacam_fork:suo_tl,SUO + traffic load,random-32-32-20,random-32-32-20-random-2,50,1,30.0,solved,0.074778,0.026,1141,53,1141,1099,51,1.038217,0,,/home/carsten/Projects/MAPF/MAPF Evaluator/results/tlcpp-random32-20/runs/lg_lacam_fork_suo_tl/random-32-32-20/random-32-32-20-random-2_a50_s1_r0,1141,0.026,"{""agents"": ""50"", ""comp_time"": ""26"", ""makespan"": ""53"", ""makespan_lb"": ""51"", ""map_file"": ""random-32-32-20.map"", ""seed"": ""1"", ""soc"": ""1141"", ""soc_lb"": ""1099"", ""solved"": ""1"", ""solver"": ""planner"", ""sum_of_loss"": ""1141"", ""sum_of_loss_lb"": ""1099""}"
lg_lacam_fork:lg,"LG-LaCAM (window 20, first solution)",random-32-32-20,random-32-32-20-random-2,50,0,30.0,solved,0.089278,0.029,1139,53,1123,1099,51,1.036397,0,,/home/carsten/Projects/MAPF/MAPF Evaluator/results/tlcpp-random32-20/runs/lg_lacam_fork_lg/random-32-32-20/random-32-32-20-random-2_a50_s0_r0,1139,0.029,"{""agents"": ""50"", ""comp_time"": ""29"", ""makespan"": ""53"", ""makespan_lb"": ""51"", ""map_file"": ""random-32-32-20.map"", ""seed"": ""0"", ""soc"": ""1139"", ""soc_lb"": ""1099"", ""solved"": ""1"", ""solver"": ""planner"", ""sum_of_loss"": ""1125"", ""sum_of_loss_lb"": ""1099""}"
lg_lacam_fork:lg,"LG-LaCAM (window 20, first solution)",random-32-32-20,random-32-32-20-random-2,50,1,30.0,solved,0.07366,0.023,1131,51,1121,1099,51,1.029117,0,,/home/carsten/Projects/MAPF/MAPF Evaluator/results/tlcpp-random32-20/runs/lg_lacam_fork_lg/random-32-32-20/random-32-32-20-random-2_a50_s1_r0,1131,0.023,"{""agents"": ""50"", ""comp_time"": ""23"", ""makespan"": ""51"", ""makespan_lb"": ""51"", ""map_file"": ""random-32-32-20.map"", ""seed"": ""1"", ""soc"": ""1131"", ""soc_lb"": ""1099"", ""solved"": ""1"", ""solver"": ""planner"", ""sum_of_loss"": ""1122"", ""sum_of_loss_lb"": ""1099""}"
lg_lacam_fork:suo_tl,SUO + traffic load,random-32-32-20,random-32-32-20-random-2,50,2,30.0,solved,0.060177,0.018,1133,53,1133,1099,51,1.030937,0,,/home/carsten/Projects/MAPF/MAPF Evaluator/results/tlcpp-random32-20/runs/lg_lacam_fork_suo_tl/random-32-32-20/random-32-32-20-random-2_a50_s2_r0,1133,0.018,"{""agents"": ""50"", ""comp_time"": ""18"", ""makespan"": ""53"", ""makespan_lb"": ""51"", ""map_file"": ""random-32-32-20.map"", ""seed"": ""2"", ""soc"": ""1133"", ""soc_lb"": ""1099"", ""solved"": ""1"", ""solver"": ""planner"", ""sum_of_loss"": ""1133"", ""sum_of_loss_lb"": ""1099""}"
lg_lacam_fork:lg,"LG-LaCAM (window 20, first solution)",random-32-32-20,random-32-32-20-random-2,50,2,30.0,solved,0.066421,0.026,1137,53,1127,1099,51,1.034577,0,,/home/carsten/Projects/MAPF/MAPF Evaluator/results/tlcpp-random32-20/runs/lg_lacam_fork_lg/random-32-32-20/random-32-32-20-random-2_a50_s2_r0,1137,0.026,"{""agents"": ""50"", ""comp_time"": ""26"", ""makespan"": ""53"", ""makespan_lb"": ""51"", ""map_file"": ""random-32-32-20.map"", ""seed"": ""2"", ""soc"": ""1137"", ""soc_lb"": ""1099"", ""solved"": ""1"", ""solver"": ""planner"", ""sum_of_loss"": ""1128"", ""sum_of_loss_lb"": ""1099""}"
lg_lacam_fork:lg_tl,LG-LaCAM (window 20) + traffic load,random-32-32-20,random-32-32-20-random-2,50,0,30.0,solved,0.059456,0.023,1137,53,1121,1099,51,1.034577,0,,/home/carsten/Projects/MAPF/MAPF Evaluator/results/tlcpp-random32-20/runs/lg_lacam_fork_lg_tl/random-32-32-20/random-32-32-20-random-2_a50_s0_r0,1137,0.023,"{""agents"": ""50"", ""comp_time"": ""23"", ""makespan"": ""53"", ""makespan_lb"": ""51"", ""map_file"": ""random-32-32-20.map"", ""seed"": ""0"", ""soc"": ""1137"", ""soc_lb"": ""1099"", ""solved"": ""1"", ""solver"": ""planner"", ""sum_of_loss"": ""1123"", ""sum_of_loss_lb"": ""1099""}"
lg_lacam_fork:lg_tl,LG-LaCAM (window 20) + traffic load,random-32-32-20,random-32-32-20-random-2,50,1,30.0,solved,0.120543,0.06,1129,51,1119,1099,51,1.027298,0,,/home/carsten/Projects/MAPF/MAPF Evaluator/results/tlcpp-random32-20/runs/lg_lacam_fork_lg_tl/random-32-32-20/random-32-32-20-random-2_a50_s1_r0,1129,0.06,"{""agents"": ""50"", ""comp_time"": ""60"", ""makespan"": ""51"", ""makespan_lb"": ""51"", ""map_file"": ""random-32-32-20.map"", ""seed"": ""1"", ""soc"": ""1129"", ""soc_lb"": ""1099"", ""solved"": ""1"", ""solver"": ""planner"", ""sum_of_loss"": ""1120"", ""sum_of_loss_lb"": ""1099""}"
lg_lacam_fork:lg_tl,LG-LaCAM (window 20) + traffic load,random-32-32-20,random-32-32-20-random-2,50,2,30.0,solved,0.105496,0.048,1135,53,1125,1099,51,1.032757,0,,/home/carsten/Projects/MAPF/MAPF Evaluator/results/tlcpp-random32-20/runs/lg_lacam_fork_lg_tl/random-32-32-20/random-32-32-20-random-2_a50_s2_r0,1135,0.048,"{""agents"": ""50"", ""comp_time"": ""48"", ""makespan"": ""53"", ""makespan_lb"": ""51"", ""map_file"": ""random-32-32-20.map"", ""seed"": ""2"", ""soc"": ""1135"", ""soc_lb"": ""1099"", ""solved"": ""1"", ""solver"": ""planner"", ""sum_of_loss"": ""1126"", ""sum_of_loss_lb"": ""1099""}"
lg_lacam_fork:lg_suo,LG-LaCAM (window 20) + SUO,random-32-32-20,random-32-32-20-random-2,50,0,30.0,solved,0.118502,0.027,1138,51,1122,1099,51,1.035487,0,,/home/carsten/Projects/MAPF/MAPF Evaluator/results/tlcpp-random32-20/runs/lg_lacam_fork_lg_suo/random-32-32-20/random-32-32-20-random-2_a50_s0_r0,1138,0.027,"{""agents"": ""50"", ""comp_time"": ""27"", ""makespan"": ""51"", ""makespan_lb"": ""51"", ""map_file"": ""random-32-32-20.map"", ""seed"": ""0"", ""soc"": ""1138"", ""soc_lb"": ""1099"", ""solved"": ""1"", ""solver"": ""planner"", ""sum_of_loss"": ""1124"", ""sum_of_loss_lb"": ""1099""}"
lg_lacam_fork:lg_suo,LG-LaCAM (window 20) + SUO,random-32-32-20,random-32-32-20-random-2,50,1,30.0,solved,0.074736,0.032,1138,51,1125,1099,51,1.035487,0,,/home/carsten/Projects/MAPF/MAPF Evaluator/results/tlcpp-random32-20/runs/lg_lacam_fork_lg_suo/random-32-32-20/random-32-32-20-random-2_a50_s1_r0,1138,0.032,"{""agents"": ""50"", ""comp_time"": ""32"", ""makespan"": ""51"", ""makespan_lb"": ""51"", ""map_file"": ""random-32-32-20.map"", ""seed"": ""1"", ""soc"": ""1138"", ""soc_lb"": ""1099"", ""solved"": ""1"", ""solver"": ""planner"", ""sum_of_loss"": ""1127"", ""sum_of_loss_lb"": ""1099""}"
lg_lacam_fork:lg_suo,LG-LaCAM (window 20) + SUO,random-32-32-20,random-32-32-20-random-2,50,2,30.0,solved,0.10461,0.029,1141,51,1125,1099,51,1.038217,0,,/home/carsten/Projects/MAPF/MAPF Evaluator/results/tlcpp-random32-20/runs/lg_lacam_fork_lg_suo/random-32-32-20/random-32-32-20-random-2_a50_s2_r0,1141,0.029,"{""agents"": ""50"", ""comp_time"": ""29"", ""makespan"": ""51"", ""makespan_lb"": ""51"", ""map_file"": ""random-32-32-20.map"", ""seed"": ""2"", ""soc"": ""1141"", ""soc_lb"": ""1099"", ""solved"": ""1"", ""solver"": ""planner"", ""sum_of_loss"": ""1127"", ""sum_of_loss_lb"": ""1099""}"
lg_lacam_fork:lg_suo_tl,LG-LaCAM (window 20) + SUO + traffic load,random-32-32-20,random-32-32-20-random-2,50,1,30.0,solved,0.112822,0.073,1135,51,1125,1099,51,1.032757,0,,/home/carsten/Projects/MAPF/MAPF Evaluator/results/tlcpp-random32-20/runs/lg_lacam_fork_lg_suo_tl/random-32-32-20/random-32-32-20-random-2_a50_s1_r0,1135,0.073,"{""agents"": ""50"", ""comp_time"": ""73"", ""makespan"": ""51"", ""makespan_lb"": ""51"", ""map_file"": ""random-32-32-20.map"", ""seed"": ""1"", ""soc"": ""1135"", ""soc_lb"": ""1099"", ""solved"": ""1"", ""solver"": ""planner"", ""sum_of_loss"": ""1126"", ""sum_of_loss_lb"": ""1099""}"
lg_lacam_fork:lg_suo_tl,LG-LaCAM (window 20) + SUO + traffic load,random-32-32-20,random-32-32-20-random-2,50,0,30.0,solved,0.10638,0.064,1138,51,1122,1099,51,1.035487,0,,/home/carsten/Projects/MAPF/MAPF Evaluator/results/tlcpp-random32-20/runs/lg_lacam_fork_lg_suo_tl/random-32-32-20/random-32-32-20-random-2_a50_s0_r0,1138,0.064,"{""agents"": ""50"", ""comp_time"": ""64"", ""makespan"": ""51"", ""makespan_lb"": ""51"", ""map_file"": ""random-32-32-20.map"", ""seed"": ""0"", ""soc"": ""1138"", ""soc_lb"": ""1099"", ""solved"": ""1"", ""solver"": ""planner"", ""sum_of_loss"": ""1124"", ""sum_of_loss_lb"": ""1099""}"
lg_lacam_fork:lg_suo_tl,LG-LaCAM (window 20) + SUO + traffic load,random-32-32-20,random-32-32-20-random-2,50,2,30.0,solved,0.099068,0.044,1139,51,1123,1099,51,1.036397,0,,/home/carsten/Projects/MAPF/MAPF Evaluator/results/tlcpp-random32-20/runs/lg_lacam_fork_lg_suo_tl/random-32-32-20/random-32-32-20-random-2_a50_s2_r0,1139,0.044,"{""agents"": ""50"", ""comp_time"": ""44"", ""makespan"": ""51"", ""makespan_lb"": ""51"", ""map_file"": ""random-32-32-20.map"", ""seed"": ""2"", ""soc"": ""1139"", ""soc_lb"": ""1099"", ""solved"": ""1"", ""solver"": ""planner"", ""sum_of_loss"": ""1125"", ""sum_of_loss_lb"": ""1099""}"
lg_lacam_fork:lacam,"LaCAM (no guidance, first solution)",random-32-32-20,random-32-32-20-random-2,100,0,30.0,solved,0.107214,0.027,3254,53,2810,2232,51,1.457885,0,,/home/carsten/Projects/MAPF/MAPF Evaluator/results/tlcpp-random32-20/runs/lg_lacam_fork_lacam/random-32-32-20/random-32-32-20-random-2_a100_s0_r0,3254,0.027,"{""agents"": ""100"", ""comp_time"": ""27"", ""makespan"": ""53"", ""makespan_lb"": ""51"", ""map_file"": ""random-32-32-20.map"", ""seed"": ""0"", ""soc"": ""3254"", ""soc_lb"": ""2232"", ""solved"": ""1"", ""solver"": ""planner"", ""sum_of_loss"": ""2883"", ""sum_of_loss_lb"": ""2232""}"
lg_lacam_fork:lacam,"LaCAM (no guidance, first solution)",random-32-32-20,random-32-32-20-random-2,100,1,30.0,solved,0.030933,0.011,3142,51,2767,2232,51,1.407706,0,,/home/carsten/Projects/MAPF/MAPF Evaluator/results/tlcpp-random32-20/runs/lg_lacam_fork_lacam/random-32-32-20/random-32-32-20-random-2_a100_s1_r0,3142,0.011,"{""agents"": ""100"", ""comp_time"": ""11"", ""makespan"": ""51"", ""makespan_lb"": ""51"", ""map_file"": ""random-32-32-20.map"", ""seed"": ""1"", ""soc"": ""3142"", ""soc_lb"": ""2232"", ""solved"": ""1"", ""solver"": ""planner"", ""sum_of_loss"": ""2829"", ""sum_of_loss_lb"": ""2232""}"
lg_lacam_fork:lacam,"LaCAM (no guidance, first solution)",random-32-32-20,random-32-32-20-random-2,100,2,30.0,solved,0.060539,0.034,3181,53,2769,2232,51,1.425179,0,,/home/carsten/Projects/MAPF/MAPF Evaluator/results/tlcpp-random32-20/runs/lg_lacam_fork_lacam/random-32-32-20/random-32-32-20-random-2_a100_s2_r0,3181,0.034,"{""agents"": ""100"", ""comp_time"": ""34"", ""makespan"": ""53"", ""makespan_lb"": ""51"", ""map_file"": ""random-32-32-20.map"", ""seed"": ""2"", ""soc"": ""3181"", ""soc_lb"": ""2232"", ""solved"": ""1"", ""solver"": ""planner"", ""sum_of_loss"": ""2840"", ""sum_of_loss_lb"": ""2232""}"
lg_lacam_fork:tl,"LaCAM + traffic load (tie-break, per config)",random-32-32-20,random-32-32-20-random-2,100,0,30.0,solved,0.050258,0.017,2914,51,2556,2232,51,1.305556,0,,/home/carsten/Projects/MAPF/MAPF Evaluator/results/tlcpp-random32-20/runs/lg_lacam_fork_tl/random-32-32-20/random-32-32-20-random-2_a100_s0_r0,2914,0.017,"{""agents"": ""100"", ""comp_time"": ""17"", ""makespan"": ""51"", ""makespan_lb"": ""51"", ""map_file"": ""random-32-32-20.map"", ""seed"": ""0"", ""soc"": ""2914"", ""soc_lb"": ""2232"", ""solved"": ""1"", ""solver"": ""planner"", ""sum_of_loss"": ""2615"", ""sum_of_loss_lb"": ""2232""}"
lg_lacam_fork:tl,"LaCAM + traffic load (tie-break, per config)",random-32-32-20,random-32-32-20-random-2,100,1,30.0,solved,0.144938,0.039,2806,51,2526,2232,51,1.257168,0,,/home/carsten/Projects/MAPF/MAPF Evaluator/results/tlcpp-random32-20/runs/lg_lacam_fork_tl/random-32-32-20/random-32-32-20-random-2_a100_s1_r0,2806,0.039,"{""agents"": ""100"", ""comp_time"": ""39"", ""makespan"": ""51"", ""makespan_lb"": ""51"", ""map_file"": ""random-32-32-20.map"", ""seed"": ""1"", ""soc"": ""2806"", ""soc_lb"": ""2232"", ""solved"": ""1"", ""solver"": ""planner"", ""sum_of_loss"": ""2574"", ""sum_of_loss_lb"": ""2232""}"
lg_lacam_fork:tl_agent,"LaCAM + traffic load (tie-break, per agent)",random-32-32-20,random-32-32-20-random-2,100,0,30.0,solved,0.085099,0.035,2853,51,2562,2232,51,1.278226,0,,/home/carsten/Projects/MAPF/MAPF Evaluator/results/tlcpp-random32-20/runs/lg_lacam_fork_tl_agent/random-32-32-20/random-32-32-20-random-2_a100_s0_r0,2853,0.035,"{""agents"": ""100"", ""comp_time"": ""35"", ""makespan"": ""51"", ""makespan_lb"": ""51"", ""map_file"": ""random-32-32-20.map"", ""seed"": ""0"", ""soc"": ""2853"", ""soc_lb"": ""2232"", ""solved"": ""1"", ""solver"": ""planner"", ""sum_of_loss"": ""2607"", ""sum_of_loss_lb"": ""2232""}"
lg_lacam_fork:tl_agent,"LaCAM + traffic load (tie-break, per agent)",random-32-32-20,random-32-32-20-random-2,100,1,30.0,solved,0.084544,0.028,2875,51,2563,2232,51,1.288082,0,,/home/carsten/Projects/MAPF/MAPF Evaluator/results/tlcpp-random32-20/runs/lg_lacam_fork_tl_agent/random-32-32-20/random-32-32-20-random-2_a100_s1_r0,2875,0.028,"{""agents"": ""100"", ""comp_time"": ""28"", ""makespan"": ""51"", ""makespan_lb"": ""51"", ""map_file"": ""random-32-32-20.map"", ""seed"": ""1"", ""soc"": ""2875"", ""soc_lb"": ""2232"", ""solved"": ""1"", ""solver"": ""planner"", ""sum_of_loss"": ""2609"", ""sum_of_loss_lb"": ""2232""}"
lg_lacam_fork:tl,"LaCAM + traffic load (tie-break, per config)",random-32-32-20,random-32-32-20-random-2,100,2,30.0,solved,0.120524,0.058,2789,51,2525,2232,51,1.249552,0,,/home/carsten/Projects/MAPF/MAPF Evaluator/results/tlcpp-random32-20/runs/lg_lacam_fork_tl/random-32-32-20/random-32-32-20-random-2_a100_s2_r0,2789,0.058,"{""agents"": ""100"", ""comp_time"": ""58"", ""makespan"": ""51"", ""makespan_lb"": ""51"", ""map_file"": ""random-32-32-20.map"", ""seed"": ""2"", ""soc"": ""2789"", ""soc_lb"": ""2232"", ""solved"": ""1"", ""solver"": ""planner"", ""sum_of_loss"": ""2569"", ""sum_of_loss_lb"": ""2232""}"
lg_lacam_fork:tl_agent,"LaCAM + traffic load (tie-break, per agent)",random-32-32-20,random-32-32-20-random-2,100,2,30.0,solved,0.105514,0.042,2822,51,2534,2232,51,1.264337,0,,/home/carsten/Projects/MAPF/MAPF Evaluator/results/tlcpp-random32-20/runs/lg_lacam_fork_tl_agent/random-32-32-20/random-32-32-20-random-2_a100_s2_r0,2822,0.042,"{""agents"": ""100"", ""comp_time"": ""42"", ""makespan"": ""51"", ""makespan_lb"": ""51"", ""map_file"": ""random-32-32-20.map"", ""seed"": ""2"", ""soc"": ""2822"", ""soc_lb"": ""2232"", ""solved"": ""1"", ""solver"": ""planner"", ""sum_of_loss"": ""2579"", ""sum_of_loss_lb"": ""2232""}"
lg_lacam_fork:tl_static,LaCAM + traffic load (static map from starts),random-32-32-20,random-32-32-20-random-2,100,2,30.0,solved,0.11757,0.051,3470,81,2987,2232,51,1.554659,0,,/home/carsten/Projects/MAPF/MAPF Evaluator/results/tlcpp-random32-20/runs/lg_lacam_fork_tl_static/random-32-32-20/random-32-32-20-random-2_a100_s2_r0,3470,0.051,"{""agents"": ""100"", ""comp_time"": ""51"", ""makespan"": ""81"", ""makespan_lb"": ""51"", ""map_file"": ""random-32-32-20.map"", ""seed"": ""2"", ""soc"": ""3470"", ""soc_lb"": ""2232"", ""solved"": ""1"", ""solver"": ""planner"", ""sum_of_loss"": ""3115"", ""sum_of_loss_lb"": ""2232""}"
lg_lacam_fork:tl_static,LaCAM + traffic load (static map from starts),random-32-32-20,random-32-32-20-random-2,100,0,30.0,solved,0.096562,0.059,3579,83,3030,2232,51,1.603495,0,,/home/carsten/Projects/MAPF/MAPF Evaluator/results/tlcpp-random32-20/runs/lg_lacam_fork_tl_static/random-32-32-20/random-32-32-20-random-2_a100_s0_r0,3579,0.059,"{""agents"": ""100"", ""comp_time"": ""59"", ""makespan"": ""83"", ""makespan_lb"": ""51"", ""map_file"": ""random-32-32-20.map"", ""seed"": ""0"", ""soc"": ""3579"", ""soc_lb"": ""2232"", ""solved"": ""1"", ""solver"": ""planner"", ""sum_of_loss"": ""3164"", ""sum_of_loss_lb"": ""2232""}"
lg_lacam_fork:suo,LaCAM3 = SUO (first solution),random-32-32-20,random-32-32-20-random-2,100,0,30.0,solved,0.086748,0.021,2618,57,2462,2232,51,1.172939,0,,/home/carsten/Projects/MAPF/MAPF Evaluator/results/tlcpp-random32-20/runs/lg_lacam_fork_suo/random-32-32-20/random-32-32-20-random-2_a100_s0_r0,2618,0.021,"{""agents"": ""100"", ""comp_time"": ""21"", ""makespan"": ""57"", ""makespan_lb"": ""51"", ""map_file"": ""random-32-32-20.map"", ""seed"": ""0"", ""soc"": ""2618"", ""soc_lb"": ""2232"", ""solved"": ""1"", ""solver"": ""planner"", ""sum_of_loss"": ""2477"", ""sum_of_loss_lb"": ""2232""}"
lg_lacam_fork:tl_static,LaCAM + traffic load (static map from starts),random-32-32-20,random-32-32-20-random-2,100,1,30.0,solved,0.098563,0.033,3487,84,3003,2232,51,1.562276,0,,/home/carsten/Projects/MAPF/MAPF Evaluator/results/tlcpp-random32-20/runs/lg_lacam_fork_tl_static/random-32-32-20/random-32-32-20-random-2_a100_s1_r0,3487,0.033,"{""agents"": ""100"", ""comp_time"": ""33"", ""makespan"": ""84"", ""makespan_lb"": ""51"", ""map_file"": ""random-32-32-20.map"", ""seed"": ""1"", ""soc"": ""3487"", ""soc_lb"": ""2232"", ""solved"": ""1"", ""solver"": ""planner"", ""sum_of_loss"": ""3139"", ""sum_of_loss_lb"": ""2232""}"
lg_lacam_fork:suo,LaCAM3 = SUO (first solution),random-32-32-20,random-32-32-20-random-2,100,1,30.0,solved,0.072214,0.037,2700,59,2496,2232,51,1.209677,0,,/home/carsten/Projects/MAPF/MAPF Evaluator/results/tlcpp-random32-20/runs/lg_lacam_fork_suo/random-32-32-20/random-32-32-20-random-2_a100_s1_r0,2700,0.037,"{""agents"": ""100"", ""comp_time"": ""37"", ""makespan"": ""59"", ""makespan_lb"": ""51"", ""map_file"": ""random-32-32-20.map"", ""seed"": ""1"", ""soc"": ""2700"", ""soc_lb"": ""2232"", ""solved"": ""1"", ""solver"": ""planner"", ""sum_of_loss"": ""2512"", ""sum_of_loss_lb"": ""2232""}"
lg_lacam_fork:suo_tl,SUO + traffic load,random-32-32-20,random-32-32-20-random-2,100,1,30.0,solved,0.137564,0.08,2529,59,2447,2232,51,1.133065,0,,/home/carsten/Projects/MAPF/MAPF Evaluator/results/tlcpp-random32-20/runs/lg_lacam_fork_suo_tl/random-32-32-20/random-32-32-20-random-2_a100_s1_r0,2529,0.08,"{""agents"": ""100"", ""comp_time"": ""80"", ""makespan"": ""59"", ""makespan_lb"": ""51"", ""map_file"": ""random-32-32-20.map"", ""seed"": ""1"", ""soc"": ""2529"", ""soc_lb"": ""2232"", ""solved"": ""1"", ""solver"": ""planner"", ""sum_of_loss"": ""2456"", ""sum_of_loss_lb"": ""2232""}"
lg_lacam_fork:suo,LaCAM3 = SUO (first solution),random-32-32-20,random-32-32-20-random-2,100,2,30.0,solved,0.121002,0.047,2514,59,2454,2232,51,1.126344,0,,/home/carsten/Projects/MAPF/MAPF Evaluator/results/tlcpp-random32-20/runs/lg_lacam_fork_suo/random-32-32-20/random-32-32-20-random-2_a100_s2_r0,2514,0.047,"{""agents"": ""100"", ""comp_time"": ""47"", ""makespan"": ""59"", ""makespan_lb"": ""51"", ""map_file"": ""random-32-32-20.map"", ""seed"": ""2"", ""soc"": ""2514"", ""soc_lb"": ""2232"", ""solved"": ""1"", ""solver"": ""planner"", ""sum_of_loss"": ""2462"", ""sum_of_loss_lb"": ""2232""}"
lg_lacam_fork:suo_tl,SUO + traffic load,random-32-32-20,random-32-32-20-random-2,100,0,30.0,solved,0.170143,0.059,2535,57,2445,2232,51,1.135753,0,,/home/carsten/Projects/MAPF/MAPF Evaluator/results/tlcpp-random32-20/runs/lg_lacam_fork_suo_tl/random-32-32-20/random-32-32-20-random-2_a100_s0_r0,2535,0.059,"{""agents"": ""100"", ""comp_time"": ""59"", ""makespan"": ""57"", ""makespan_lb"": ""51"", ""map_file"": ""random-32-32-20.map"", ""seed"": ""0"", ""soc"": ""2535"", ""soc_lb"": ""2232"", ""solved"": ""1"", ""solver"": ""planner"", ""sum_of_loss"": ""2458"", ""sum_of_loss_lb"": ""2232""}"
lg_lacam_fork:suo_tl,SUO + traffic load,random-32-32-20,random-32-32-20-random-2,100,2,30.0,solved,0.080135,0.027,2478,59,2435,2232,51,1.110215,0,,/home/carsten/Projects/MAPF/MAPF Evaluator/results/tlcpp-random32-20/runs/lg_lacam_fork_suo_tl/random-32-32-20/random-32-32-20-random-2_a100_s2_r0,2478,0.027,"{""agents"": ""100"", ""comp_time"": ""27"", ""makespan"": ""59"", ""makespan_lb"": ""51"", ""map_file"": ""random-32-32-20.map"", ""seed"": ""2"", ""soc"": ""2478"", ""soc_lb"": ""2232"", ""solved"": ""1"", ""solver"": ""planner"", ""sum_of_loss"": ""2440"", ""sum_of_loss_lb"": ""2232""}"
lg_lacam_fork:lg,"LG-LaCAM (window 20, first solution)",random-32-32-20,random-32-32-20-random-2,100,0,30.0,solved,0.111952,0.043,2475,53,2368,2232,51,1.108871,0,,/home/carsten/Projects/MAPF/MAPF Evaluator/results/tlcpp-random32-20/runs/lg_lacam_fork_lg/random-32-32-20/random-32-32-20-random-2_a100_s0_r0,2475,0.043,"{""agents"": ""100"", ""comp_time"": ""43"", ""makespan"": ""53"", ""makespan_lb"": ""51"", ""map_file"": ""random-32-32-20.map"", ""seed"": ""0"", ""soc"": ""2475"", ""soc_lb"": ""2232"", ""solved"": ""1"", ""solver"": ""planner"", ""sum_of_loss"": ""2388"", ""sum_of_loss_lb"": ""2232""}"
lg_lacam_fork:lg,"LG-LaCAM (window 20, first solution)",random-32-32-20,random-32-32-20-random-2,100,1,30.0,solved,0.131646,0.05,2486,51,2334,2232,51,1.113799,0,,/home/carsten/Projects/MAPF/MAPF Evaluator/results/tlcpp-random32-20/runs/lg_lacam_fork_lg/random-32-32-20/random-32-32-20-random-2_a100_s1_r0,2486,0.05,"{""agents"": ""100"", ""comp_time"": ""50"", ""makespan"": ""51"", ""makespan_lb"": ""51"", ""map_file"": ""random-32-32-20.map"", ""seed"": ""1"", ""soc"": ""2486"", ""soc_lb"": ""2232"", ""solved"": ""1"", ""solver"": ""planner"", ""sum_of_loss"": ""2350"", ""sum_of_loss_lb"": ""2232""}"
lg_lacam_fork:lg_tl,LG-LaCAM (window 20) + traffic load,random-32-32-20,random-32-32-20-random-2,100,0,30.0,solved,0.098785,0.031,2475,53,2354,2232,51,1.108871,0,,/home/carsten/Projects/MAPF/MAPF Evaluator/results/tlcpp-random32-20/runs/lg_lacam_fork_lg_tl/random-32-32-20/random-32-32-20-random-2_a100_s0_r0,2475,0.031,"{""agents"": ""100"", ""comp_time"": ""31"", ""makespan"": ""53"", ""makespan_lb"": ""51"", ""map_file"": ""random-32-32-20.map"", ""seed"": ""0"", ""soc"": ""2475"", ""soc_lb"": ""2232"", ""solved"": ""1"", ""solver"": ""planner"", ""sum_of_loss"": ""2369"", ""sum_of_loss_lb"": ""2232""}"
lg_lacam_fork:lg,"LG-LaCAM (window 20, first solution)",random-32-32-20,random-32-32-20-random-2,100,2,30.0,solved,0.242338,0.165,2494,53,2352,2232,51,1.117384,0,,/home/carsten/Projects/MAPF/MAPF Evaluator/results/tlcpp-random32-20/runs/lg_lacam_fork_lg/random-32-32-20/random-32-32-20-random-2_a100_s2_r0,2494,0.165,"{""agents"": ""100"", ""comp_time"": ""165"", ""makespan"": ""53"", ""makespan_lb"": ""51"", ""map_file"": ""random-32-32-20.map"", ""seed"": ""2"", ""soc"": ""2494"", ""soc_lb"": ""2232"", ""solved"": ""1"", ""solver"": ""planner"", ""sum_of_loss"": ""2371"", ""sum_of_loss_lb"": ""2232""}"
lg_lacam_fork:lg_tl,LG-LaCAM (window 20) + traffic load,random-32-32-20,random-32-32-20-random-2,100,1,30.0,solved,0.100219,0.057,2425,51,2328,2232,51,1.08647,0,,/home/carsten/Projects/MAPF/MAPF Evaluator/results/tlcpp-random32-20/runs/lg_lacam_fork_lg_tl/random-32-32-20/random-32-32-20-random-2_a100_s1_r0,2425,0.057,"{""agents"": ""100"", ""comp_time"": ""57"", ""makespan"": ""51"", ""makespan_lb"": ""51"", ""map_file"": ""random-32-32-20.map"", ""seed"": ""1"", ""soc"": ""2425"", ""soc_lb"": ""2232"", ""solved"": ""1"", ""solver"": ""planner"", ""sum_of_loss"": ""2340"", ""sum_of_loss_lb"": ""2232""}"
lg_lacam_fork:lg_tl,LG-LaCAM (window 20) + traffic load,random-32-32-20,random-32-32-20-random-2,100,2,30.0,solved,0.104358,0.051,2451,53,2337,2232,51,1.098118,0,,/home/carsten/Projects/MAPF/MAPF Evaluator/results/tlcpp-random32-20/runs/lg_lacam_fork_lg_tl/random-32-32-20/random-32-32-20-random-2_a100_s2_r0,2451,0.051,"{""agents"": ""100"", ""comp_time"": ""51"", ""makespan"": ""53"", ""makespan_lb"": ""51"", ""map_file"": ""random-32-32-20.map"", ""seed"": ""2"", ""soc"": ""2451"", ""soc_lb"": ""2232"", ""solved"": ""1"", ""solver"": ""planner"", ""sum_of_loss"": ""2351"", ""sum_of_loss_lb"": ""2232""}"
lg_lacam_fork:lg_suo,LG-LaCAM (window 20) + SUO,random-32-32-20,random-32-32-20-random-2,100,0,30.0,solved,0.094074,0.063,2492,51,2368,2232,51,1.116487,0,,/home/carsten/Projects/MAPF/MAPF Evaluator/results/tlcpp-random32-20/runs/lg_lacam_fork_lg_suo/random-32-32-20/random-32-32-20-random-2_a100_s0_r0,2492,0.063,"{""agents"": ""100"", ""comp_time"": ""63"", ""makespan"": ""51"", ""makespan_lb"": ""51"", ""map_file"": ""random-32-32-20.map"", ""seed"": ""0"", ""soc"": ""2492"", ""soc_lb"": ""2232"", ""solved"": ""1"", ""solver"": ""planner"", ""sum_of_loss"": ""2386"", ""sum_of_loss_lb"": ""2232""}"
lg_lacam_fork:lg_suo,LG-LaCAM (window 20) + SUO,random-32-32-20,random-32-32-20-random-2,100,2,30.0,solved,0.091036,0.064,2545,51,2380,2232,51,1.140233,0,,/home/carsten/Projects/MAPF/MAPF Evaluator/results/tlcpp-random32-20/runs/lg_lacam_fork_lg_suo/random-32-32-20/random-32-32-20-random-2_a100_s2_r0,2545,0.064,"{""agents"": ""100"", ""comp_time"": ""64"", ""makespan"": ""51"", ""makespan_lb"": ""51"", ""map_file"": ""random-32-32-20.map"", ""seed"": ""2"", ""soc"": ""2545"", ""soc_lb"": ""2232"", ""solved"": ""1"", ""solver"": ""planner"", ""sum_of_loss"": ""2399"", ""sum_of_loss_lb"": ""2232""}"
lg_lacam_fork:lg_suo,LG-LaCAM (window 20) + SUO,random-32-32-20,random-32-32-20-random-2,100,1,30.0,solved,0.163392,0.078,2428,51,2343,2232,51,1.087814,0,,/home/carsten/Projects/MAPF/MAPF Evaluator/results/tlcpp-random32-20/runs/lg_lacam_fork_lg_suo/random-32-32-20/random-32-32-20-random-2_a100_s1_r0,2428,0.078,"{""agents"": ""100"", ""comp_time"": ""78"", ""makespan"": ""51"", ""makespan_lb"": ""51"", ""map_file"": ""random-32-32-20.map"", ""seed"": ""1"", ""soc"": ""2428"", ""soc_lb"": ""2232"", ""solved"": ""1"", ""solver"": ""planner"", ""sum_of_loss"": ""2351"", ""sum_of_loss_lb"": ""2232""}"
lg_lacam_fork:lg_suo_tl,LG-LaCAM (window 20) + SUO + traffic load,random-32-32-20,random-32-32-20-random-2,100,1,30.0,solved,0.177048,0.08,2430,51,2342,2232,51,1.08871,0,,/home/carsten/Projects/MAPF/MAPF Evaluator/results/tlcpp-random32-20/runs/lg_lacam_fork_lg_suo_tl/random-32-32-20/random-32-32-20-random-2_a100_s1_r0,2430,0.08,"{""agents"": ""100"", ""comp_time"": ""80"", ""makespan"": ""51"", ""makespan_lb"": ""51"", ""map_file"": ""random-32-32-20.map"", ""seed"": ""1"", ""soc"": ""2430"", ""soc_lb"": ""2232"", ""solved"": ""1"", ""solver"": ""planner"", ""sum_of_loss"": ""2350"", ""sum_of_loss_lb"": ""2232""}"
lg_lacam_fork:lg_suo_tl,LG-LaCAM (window 20) + SUO + traffic load,random-32-32-20,random-32-32-20-random-2,100,0,30.0,solved,0.170139,0.11,2445,51,2354,2232,51,1.09543,0,,/home/carsten/Projects/MAPF/MAPF Evaluator/results/tlcpp-random32-20/runs/lg_lacam_fork_lg_suo_tl/random-32-32-20/random-32-32-20-random-2_a100_s0_r0,2445,0.11,"{""agents"": ""100"", ""comp_time"": ""110"", ""makespan"": ""51"", ""makespan_lb"": ""51"", ""map_file"": ""random-32-32-20.map"", ""seed"": ""0"", ""soc"": ""2445"", ""soc_lb"": ""2232"", ""solved"": ""1"", ""solver"": ""planner"", ""sum_of_loss"": ""2369"", ""sum_of_loss_lb"": ""2232""}"
lg_lacam_fork:lg_suo_tl,LG-LaCAM (window 20) + SUO + traffic load,random-32-32-20,random-32-32-20-random-2,100,2,30.0,solved,0.163227,0.026,2438,51,2346,2232,51,1.092294,0,,/home/carsten/Projects/MAPF/MAPF Evaluator/results/tlcpp-random32-20/runs/lg_lacam_fork_lg_suo_tl/random-32-32-20/random-32-32-20-random-2_a100_s2_r0,2438,0.026,"{""agents"": ""100"", ""comp_time"": ""26"", ""makespan"": ""51"", ""makespan_lb"": ""51"", ""map_file"": ""random-32-32-20.map"", ""seed"": ""2"", ""soc"": ""2438"", ""soc_lb"": ""2232"", ""solved"": ""1"", ""solver"": ""planner"", ""sum_of_loss"": ""2357"", ""sum_of_loss_lb"": ""2232""}"
lg_lacam_fork:lacam,"LaCAM (no guidance, first solution)",random-32-32-20,random-32-32-20-random-2,150,1,30.0,solved,0.038627,0.007,5456,54,4639,3322,51,1.642384,0,,/home/carsten/Projects/MAPF/MAPF Evaluator/results/tlcpp-random32-20/runs/lg_lacam_fork_lacam/random-32-32-20/random-32-32-20-random-2_a150_s1_r0,5456,0.007,"{""agents"": ""150"", ""comp_time"": ""7"", ""makespan"": ""54"", ""makespan_lb"": ""51"", ""map_file"": ""random-32-32-20.map"", ""seed"": ""1"", ""soc"": ""5456"", ""soc_lb"": ""3322"", ""solved"": ""1"", ""solver"": ""planner"", ""sum_of_loss"": ""4779"", ""sum_of_loss_lb"": ""3322""}"
lg_lacam_fork:lacam,"LaCAM (no guidance, first solution)",random-32-32-20,random-32-32-20-random-2,150,0,30.0,solved,0.045247,0.009,5277,54,4540,3322,51,1.588501,0,,/home/carsten/Projects/MAPF/MAPF Evaluator/results/tlcpp-random32-20/runs/lg_lacam_fork_lacam/random-32-32-20/random-32-32-20-random-2_a150_s0_r0,5277,0.009,"{""agents"": ""150"", ""comp_time"": ""9"", ""makespan"": ""54"", ""makespan_lb"": ""51"", ""map_file"": ""random-32-32-20.map"", ""seed"": ""0"", ""soc"": ""5277"", ""soc_lb"": ""3322"", ""solved"": ""1"", ""solver"": ""planner"", ""sum_of_loss"": ""4693"", ""sum_of_loss_lb"": ""3322""}"
lg_lacam_fork:lacam,"LaCAM (no guidance, first solution)",random-32-32-20,random-32-32-20-random-2,150,2,30.0,solved,0.045222,0.008,5202,56,4490,3322,51,1.565924,0,,/home/carsten/Projects/MAPF/MAPF Evaluator/results/tlcpp-random32-20/runs/lg_lacam_fork_lacam/random-32-32-20/random-32-32-20-random-2_a150_s2_r0,5202,0.008,"{""agents"": ""150"", ""comp_time"": ""8"", ""makespan"": ""56"", ""makespan_lb"": ""51"", ""map_file"": ""random-32-32-20.map"", ""seed"": ""2"", ""soc"": ""5202"", ""soc_lb"": ""3322"", ""solved"": ""1"", ""solver"": ""planner"", ""sum_of_loss"": ""4624"", ""sum_of_loss_lb"": ""3322""}"
lg_lacam_fork:tl,"LaCAM + traffic load (tie-break, per config)",random-32-32-20,random-32-32-20-random-2,150,0,30.0,solved,0.118657,0.018,4533,51,4100,3322,51,1.364539,0,,/home/carsten/Projects/MAPF/MAPF Evaluator/results/tlcpp-random32-20/runs/lg_lacam_fork_tl/random-32-32-20/random-32-32-20-random-2_a150_s0_r0,4533,0.018,"{""agents"": ""150"", ""comp_time"": ""18"", ""makespan"": ""51"", ""makespan_lb"": ""51"", ""map_file"": ""random-32-32-20.map"", ""seed"": ""0"", ""soc"": ""4533"", ""soc_lb"": ""3322"", ""solved"": ""1"", ""solver"": ""planner"", ""sum_of_loss"": ""4199"", ""sum_of_loss_lb"": ""3322""}"
lg_lacam_fork:tl_agent,"LaCAM + traffic load (tie-break, per agent)",random-32-32-20,random-32-32-20-random-2,150,0,30.0,solved,0.049653,0.017,4694,53,4179,3322,51,1.413004,0,,/home/carsten/Projects/MAPF/MAPF Evaluator/results/tlcpp-random32-20/runs/lg_lacam_fork_tl_agent/random-32-32-20/random-32-32-20-random-2_a150_s0_r0,4694,0.017,"{""agents"": ""150"", ""comp_time"": ""17"", ""makespan"": ""53"", ""makespan_lb"": ""51"", ""map_file"": ""random-32-32-20.map"", ""seed"": ""0"", ""soc"": ""4694"", ""soc_lb"": ""3322"", ""solved"": ""1"", ""solver"": ""planner"", ""sum_of_loss"": ""4290"", ""sum_of_loss_lb"": ""3322""}"
lg_lacam_fork:tl,"LaCAM + traffic load (tie-break, per config)",random-32-32-20,random-32-32-20-random-2,150,2,30.0,solved,0.109783,0.034,4512,51,4104,3322,51,1.358218,0,,/home/carsten/Projects/MAPF/MAPF Evaluator/results/tlcpp-random32-20/runs/lg_lacam_fork_tl/random-32-32-20/random-32-32-20-random-2_a150_s2_r0,4512,0.034,"{""agents"": ""150"", ""comp_time"": ""34"", ""makespan"": ""51"", ""makespan_lb"": ""51"", ""map_file"": ""random-32-32-20.map"", ""seed"": ""2"", ""soc"": ""4512"", ""soc_lb"": ""3322"", ""solved"": ""1"", ""solver"": ""planner"", ""sum_of_loss"": ""4201"", ""sum_of_loss_lb"": ""3322""}"
lg_lacam_fork:tl,"LaCAM + traffic load (tie-break, per config)",random-32-32-20,random-32-32-20-random-2,150,1,30.0,solved,0.064766,0.017,4584,51,4096,3322,51,1.379892,0,,/home/carsten/Projects/MAPF/MAPF Evaluator/results/tlcpp-random32-20/runs/lg_lacam_fork_tl/random-32-32-20/random-32-32-20-random-2_a150_s1_r0,4584,0.017,"{""agents"": ""150"", ""comp_time"": ""17"", ""makespan"": ""51"", ""makespan_lb"": ""51"", ""map_file"": ""random-32-32-20.map"", ""seed"": ""1"", ""soc"": ""4584"", ""soc_lb"": ""3322"", ""solved"": ""1"", ""solver"": ""planner"", ""sum_of_loss"": ""4203"", ""sum_of_loss_lb"": ""3322""}"
lg_lacam_fork:tl_static,LaCAM + traffic load (static map from starts),random-32-32-20,random-32-32-20-random-2,150,0,30.0,solved,0.056957,0.028,5393,71,4653,3322,51,1.62342,0,,/home/carsten/Projects/MAPF/MAPF Evaluator/results/tlcpp-random32-20/runs/lg_lacam_fork_tl_static/random-32-32-20/random-32-32-20-random-2_a150_s0_r0,5393,0.028,"{""agents"": ""150"", ""comp_time"": ""28"", ""makespan"": ""71"", ""makespan_lb"": ""51"", ""map_file"": ""random-32-32-20.map"", ""seed"": ""0"", ""soc"": ""5393"", ""soc_lb"": ""3322"", ""solved"": ""1"", ""solver"": ""planner"", ""sum_of_loss"": ""4839"", ""sum_of_loss_lb"": ""3322""}"
lg_lacam_fork:tl_agent,"LaCAM + traffic load (tie-break, per agent)",random-32-32-20,random-32-32-20-random-2,150,1,30.0,solved,0.054767,0.026,4678,51,4148,3322,51,1.408188,0,,/home/carsten/Projects/MAPF/MAPF Evaluator/results/tlcpp-random32-20/runs/lg_lacam_fork_tl_agent/random-32-32-20/random-32-32-20-random-2_a150_s1_r0,4678,0.026,"{""agents"": ""150"", ""comp_time"": ""26"", ""makespan"": ""51"", ""makespan_lb"": ""51"", ""map_file"": ""random-32-32-20.map"", ""seed"": ""1"", ""soc"": ""4678"", ""soc_lb"": ""3322"", ""solved"": ""1"", ""solver"": ""planner"", ""sum_of_loss"": ""4263"", ""sum_of_loss_lb"": ""3322""}"
lg_lacam_fork:tl_agent,"LaCAM + traffic load (tie-break, per agent)",random-32-32-20,random-32-32-20-random-2,150,2,30.0,solved,0.071465,0.017,4649,51,4148,3322,51,1.399458,0,,/home/carsten/Projects/MAPF/MAPF Evaluator/results/tlcpp-random32-20/runs/lg_lacam_fork_tl_agent/random-32-32-20/random-32-32-20-random-2_a150_s2_r0,4649,0.017,"{""agents"": ""150"", ""comp_time"": ""17"", ""makespan"": ""51"", ""makespan_lb"": ""51"", ""map_file"": ""random-32-32-20.map"", ""seed"": ""2"", ""soc"": ""4649"", ""soc_lb"": ""3322"", ""solved"": ""1"", ""solver"": ""planner"", ""sum_of_loss"": ""4259"", ""sum_of_loss_lb"": ""3322""}"
lg_lacam_fork:tl_static,LaCAM + traffic load (static map from starts),random-32-32-20,random-32-32-20-random-2,150,1,30.0,solved,0.068553,0.018,5373,70,4655,3322,51,1.617399,0,,/home/carsten/Projects/MAPF/MAPF Evaluator/results/tlcpp-random32-20/runs/lg_lacam_fork_tl_static/random-32-32-20/random-32-32-20-random-2_a150_s1_r0,5373,0.018,"{""agents"": ""150"", ""comp_time"": ""18"", ""makespan"": ""70"", ""makespan_lb"": ""51"", ""map_file"": ""random-32-32-20.map"", ""seed"": ""1"", ""soc"": ""5373"", ""soc_lb"": ""3322"", ""solved"": ""1"", ""solver"": ""planner"", ""sum_of_loss"": ""4844"", ""sum_of_loss_lb"": ""3322""}"
lg_lacam_fork:tl_static,LaCAM + traffic load (static map from starts),random-32-32-20,random-32-32-20-random-2,150,2,30.0,solved,0.103269,0.051,5380,75,4657,3322,51,1.619506,0,,/home/carsten/Projects/MAPF/MAPF Evaluator/results/tlcpp-random32-20/runs/lg_lacam_fork_tl_static/random-32-32-20/random-32-32-20-random-2_a150_s2_r0,5380,0.051,"{""agents"": ""150"", ""comp_time"": ""51"", ""makespan"": ""75"", ""makespan_lb"": ""51"", ""map_file"": ""random-32-32-20.map"", ""seed"": ""2"", ""soc"": ""5380"", ""soc_lb"": ""3322"", ""solved"": ""1"", ""solver"": ""planner"", ""sum_of_loss"": ""4845"", ""sum_of_loss_lb"": ""3322""}"
lg_lacam_fork:suo,LaCAM3 = SUO (first solution),random-32-32-20,random-32-32-20-random-2,150,1,30.0,solved,0.102408,0.038,4247,55,3899,3322,51,1.278447,0,,/home/carsten/Projects/MAPF/MAPF Evaluator/results/tlcpp-random32-20/runs/lg_lacam_fork_suo/random-32-32-20/random-32-32-20-random-2_a150_s1_r0,4247,0.038,"{""agents"": ""150"", ""comp_time"": ""38"", ""makespan"": ""55"", ""makespan_lb"": ""51"", ""map_file"": ""random-32-32-20.map"", ""seed"": ""1"", ""soc"": ""4247"", ""soc_lb"": ""3322"", ""solved"": ""1"", ""solver"": ""planner"", ""sum_of_loss"": ""3936"", ""sum_of_loss_lb"": ""3322""}"
lg_lacam_fork:suo,LaCAM3 = SUO (first solution),random-32-32-20,random-32-32-20-random-2,150,0,30.0,solved,0.094436,0.054,4040,53,3800,3322,51,1.216135,0,,/home/carsten/Projects/MAPF/MAPF Evaluator/results/tlcpp-random32-20/runs/lg_lacam_fork_suo/random-32-32-20/random-32-32-20-random-2_a150_s0_r0,4040,0.054,"{""agents"": ""150"", ""comp_time"": ""54"", ""makespan"": ""53"", ""makespan_lb"": ""51"", ""map_file"": ""random-32-32-20.map"", ""seed"": ""0"", ""soc"": ""4040"", ""soc_lb"": ""3322"", ""solved"": ""1"", ""solver"": ""planner"", ""sum_of_loss"": ""3826"", ""sum_of_loss_lb"": ""3322""}"
lg_lacam_fork:suo,LaCAM3 = SUO (first solution),random-32-32-20,random-32-32-20-random-2,150,2,30.0,solved,0.126809,0.053,4278,57,3953,3322,51,1.287778,0,,/home/carsten/Projects/MAPF/MAPF Evaluator/results/tlcpp-random32-20/runs/lg_lacam_fork_suo/random-32-32-20/random-32-32-20-random-2_a150_s2_r0,4278,0.053,"{""agents"": ""150"", ""comp_time"": ""53"", ""makespan"": ""57"", ""makespan_lb"": ""51"", ""map_file"": ""random-32-32-20.map"", ""seed"": ""2"", ""soc"": ""4278"", ""soc_lb"": ""3322"", ""solved"": ""1"", ""solver"": ""planner"", ""sum_of_loss"": ""3997"", ""sum_of_loss_lb"": ""3322""}"
lg_lacam_fork:suo_tl,SUO + traffic load,random-32-32-20,random-32-32-20-random-2,150,0,30.0,solved,0.186134,0.033,3953,56,3795,3322,51,1.189946,0,,/home/carsten/Projects/MAPF/MAPF Evaluator/results/tlcpp-random32-20/runs/lg_lacam_fork_suo_tl/random-32-32-20/random-32-32-20-random-2_a150_s0_r0,3953,0.033,"{""agents"": ""150"", ""comp_time"": ""33"", ""makespan"": ""56"", ""makespan_lb"": ""51"", ""map_file"": ""random-32-32-20.map"", ""seed"": ""0"", ""soc"": ""3953"", ""soc_lb"": ""3322"", ""solved"": ""1"", ""solver"": ""planner"", ""sum_of_loss"": ""3822"", ""sum_of_loss_lb"": ""3322""}"
lg_lacam_fork:suo_tl,SUO + traffic load,random-32-32-20,random-32-32-20-random-2,150,2,30.0,solved,0.065891,0.042,4068,57,3855,3322,51,1.224564,0,,/home/carsten/Projects/MAPF/MAPF Evaluator/results/tlcpp-random32-20/runs/lg_lacam_fork_suo_tl/random-32-32-20/random-32-32-20-random-2_a150_s2_r0,4068,0.042,"{""agents"": ""150"", ""comp_time"": ""42"", ""makespan"": ""57"", ""makespan_lb"": ""51"", ""map_file"": ""random-32-32-20.map"", ""seed"": ""2"", ""soc"": ""4068"", ""soc_lb"": ""3322"", ""solved"": ""1"", ""solver"": ""planner"", ""sum_of_loss"": ""3886"", ""sum_of_loss_lb"": ""3322""}"
lg_lacam_fork:lg,"LG-LaCAM (window 20, first solution)",random-32-32-20,random-32-32-20-random-2,150,0,30.0,solved,0.074597,0.038,3912,53,3618,3322,51,1.177604,0,,/home/carsten/Projects/MAPF/MAPF Evaluator/results/tlcpp-random32-20/runs/lg_lacam_fork_lg/random-32-32-20/random-32-32-20-random-2_a150_s0_r0,3912,0.038,"{""agents"": ""150"", ""comp_time"": ""38"", ""makespan"": ""53"", ""makespan_lb"": ""51"", ""map_file"": ""random-32-32-20.map"", ""seed"": ""0"", ""soc"": ""3912"", ""soc_lb"": ""3322"", ""solved"": ""1"", ""solver"": ""planner"", ""sum_of_loss"": ""3653"", ""sum_of_loss_lb"": ""3322""}"
lg_lacam_fork:suo_tl,SUO + traffic load,random-32-32-20,random-32-32-20-random-2,150,1,30.0,solved,0.11653,0.065,4023,55,3810,3322,51,1.211017,0,,/home/carsten/Projects/MAPF/MAPF Evaluator/results/tlcpp-random32-20/runs/lg_lacam_fork_suo_tl/random-32-32-20/random-32-32-20-random-2_a150_s1_r0,4023,0.065,"{""agents"": ""150"", ""comp_time"": ""65"", ""makespan"": ""55"", ""makespan_lb"": ""51"", ""map_file"": ""random-32-32-20.map"", ""seed"": ""1"", ""soc"": ""4023"", ""soc_lb"": ""3322"", ""solved"": ""1"", ""solver"": ""planner"", ""sum_of_loss"": ""3838"", ""sum_of_loss_lb"": ""3322""}"
lg_lacam_fork:lg,"LG-LaCAM (window 20, first solution)",random-32-32-20,random-32-32-20-random-2,150,2,30.0,solved,0.115733,0.038,3930,53,3654,3322,51,1.183022,0,,/home/carsten/Projects/MAPF/MAPF Evaluator/results/tlcpp-random32-20/runs/lg_lacam_fork_lg/random-32-32-20/random-32-32-20-random-2_a150_s2_r0,3930,0.038,"{""agents"": ""150"", ""comp_time"": ""38"", ""makespan"": ""53"", ""makespan_lb"": ""51"", ""map_file"": ""random-32-32-20.map"", ""seed"": ""2"", ""soc"": ""3930"", ""soc_lb"": ""3322"", ""solved"": ""1"", ""solver"": ""planner"", ""sum_of_loss"": ""3694"", ""sum_of_loss_lb"": ""3322""}"
lg_lacam_fork:lg,"LG-LaCAM (window 20, first solution)",random-32-32-20,random-32-32-20-random-2,150,1,30.0,solved,0.235611,0.047,3845,51,3655,3322,51,1.157435,0,,/home/carsten/Projects/MAPF/MAPF Evaluator/results/tlcpp-random32-20/runs/lg_lacam_fork_lg/random-32-32-20/random-32-32-20-random-2_a150_s1_r0,3845,0.047,"{""agents"": ""150"", ""comp_time"": ""47"", ""makespan"": ""51"", ""makespan_lb"": ""51"", ""map_file"": ""random-32-32-20.map"", ""seed"": ""1"", ""soc"": ""3845"", ""soc_lb"": ""3322"", ""solved"": ""1"", ""solver"": ""planner"", ""sum_of_loss"": ""3689"", ""sum_of_loss_lb"": ""3322""}"
lg_lacam_fork:lg_tl,LG-LaCAM (window 20) + traffic load,random-32-32-20,random-32-32-20-random-2,150,0,30.0,solved,0.139253,0.075,3843,55,3623,3322,51,1.156833,0,,/home/carsten/Projects/MAPF/MAPF Evaluator/results/tlcpp-random32-20/runs/lg_lacam_fork_lg_tl/random-32-32-20/random-32-32-20-random-2_a150_s0_r0,3843,0.075,"{""agents"": ""150"", ""comp_time"": ""75"", ""makespan"": ""55"", ""makespan_lb"": ""51"", ""map_file"": ""random-32-32-20.map"", ""seed"": ""0"", ""soc"": ""3843"", ""soc_lb"": ""3322"", ""solved"": ""1"", ""solver"": ""planner"", ""sum_of_loss"": ""3660"", ""sum_of_loss_lb"": ""3322""}"
lg_lacam_fork:lg_tl,LG-LaCAM (window 20) + traffic load,random-32-32-20,random-32-32-20-random-2,150,1,30.0,solved,0.225701,0.121,3803,55,3630,3322,51,1.144792,0,,/home/carsten/Projects/MAPF/MAPF Evaluator/results/tlcpp-random32-20/runs/lg_lacam_fork_lg_tl/random-32-32-20/random-32-32-20-random-2_a150_s1_r0,3803,0.121,"{""agents"": ""150"", ""comp_time"": ""121"", ""makespan"": ""55"", ""makespan_lb"": ""51"", ""map_file"": ""random-32-32-20.map"", ""seed"": ""1"", ""soc"": ""3803"", ""soc_lb"": ""3322"", ""solved"": ""1"", ""solver"": ""planner"", ""sum_of_loss"": ""3662"", ""sum_of_loss_lb"": ""3322""}"
lg_lacam_fork:lg_suo,LG-LaCAM (window 20) + SUO,random-32-32-20,random-32-32-20-random-2,150,0,30.0,solved,0.227562,0.158,3860,52,3647,3322,51,1.161951,0,,/home/carsten/Projects/MAPF/MAPF Evaluator/results/tlcpp-random32-20/runs/lg_lacam_fork_lg_suo/random-32-32-20/random-32-32-20-random-2_a150_s0_r0,3860,0.158,"{""agents"": ""150"", ""comp_time"": ""158"", ""makespan"": ""52"", ""makespan_lb"": ""51"", ""map_file"": ""random-32-32-20.map"", ""seed"": ""0"", ""soc"": ""3860"", ""soc_lb"": ""3322"", ""solved"": ""1"", ""solver"": ""planner"", ""sum_of_loss"": ""3676"", ""sum_of_loss_lb"": ""3322""}"
lg_lacam_fork:lg_suo,LG-LaCAM (window 20) + SUO,random-32-32-20,random-32-32-20-random-2,150,1,30.0,solved,0.348999,0.24,3797,56,3671,3322,51,1.142986,0,,/home/carsten/Projects/MAPF/MAPF Evaluator/results/tlcpp-random32-20/runs/lg_lacam_fork_lg_suo/random-32-32-20/random-32-32-20-random-2_a150_s1_r0,3797,0.24,"{""agents"": ""150"", ""comp_time"": ""240"", ""makespan"": ""56"", ""makespan_lb"": ""51"", ""map_file"": ""random-32-32-20.map"", ""seed"": ""1"", ""soc"": ""3797"", ""soc_lb"": ""3322"", ""solved"": ""1"", ""solver"": ""planner"", ""sum_of_loss"": ""3696"", ""sum_of_loss_lb"": ""3322""}"
lg_lacam_fork:lg_suo,LG-LaCAM (window 20) + SUO,random-32-32-20,random-32-32-20-random-2,150,2,30.0,solved,0.205282,0.129,3935,51,3670,3322,51,1.184527,0,,/home/carsten/Projects/MAPF/MAPF Evaluator/results/tlcpp-random32-20/runs/lg_lacam_fork_lg_suo/random-32-32-20/random-32-32-20-random-2_a150_s2_r0,3935,0.129,"{""agents"": ""150"", ""comp_time"": ""129"", ""makespan"": ""51"", ""makespan_lb"": ""51"", ""map_file"": ""random-32-32-20.map"", ""seed"": ""2"", ""soc"": ""3935"", ""soc_lb"": ""3322"", ""solved"": ""1"", ""solver"": ""planner"", ""sum_of_loss"": ""3708"", ""sum_of_loss_lb"": ""3322""}"
lg_lacam_fork:lg_tl,LG-LaCAM (window 20) + traffic load,random-32-32-20,random-32-32-20-random-2,150,2,30.0,solved,0.345929,0.249,3805,51,3619,3322,51,1.145394,0,,/home/carsten/Projects/MAPF/MAPF Evaluator/results/tlcpp-random32-20/runs/lg_lacam_fork_lg_tl/random-32-32-20/random-32-32-20-random-2_a150_s2_r0,3805,0.249,"{""agents"": ""150"", ""comp_time"": ""249"", ""makespan"": ""51"", ""makespan_lb"": ""51"", ""map_file"": ""random-32-32-20.map"", ""seed"": ""2"", ""soc"": ""3805"", ""soc_lb"": ""3322"", ""solved"": ""1"", ""solver"": ""planner"", ""sum_of_loss"": ""3648"", ""sum_of_loss_lb"": ""3322""}"
lg_lacam_fork:lg_suo_tl,LG-LaCAM (window 20) + SUO + traffic load,random-32-32-20,random-32-32-20-random-2,150,0,30.0,solved,0.166309,0.093,3798,52,3627,3322,51,1.143287,0,,/home/carsten/Projects/MAPF/MAPF Evaluator/results/tlcpp-random32-20/runs/lg_lacam_fork_lg_suo_tl/random-32-32-20/random-32-32-20-random-2_a150_s0_r0,3798,0.093,"{""agents"": ""150"", ""comp_time"": ""93"", ""makespan"": ""52"", ""makespan_lb"": ""51"", ""map_file"": ""random-32-32-20.map"", ""seed"": ""0"", ""soc"": ""3798"", ""soc_lb"": ""3322"", ""solved"": ""1"", ""solver"": ""planner"", ""sum_of_loss"": ""3651"", ""sum_of_loss_lb"": ""3322""}"
lg_lacam_fork:lg_suo_tl,LG-LaCAM (window 20) + SUO + traffic load,random-32-32-20,random-32-32-20-random-2,150,1,30.0,solved,0.143837,0.066,3832,51,3651,3322,51,1.153522,0,,/home/carsten/Projects/MAPF/MAPF Evaluator/results/tlcpp-random32-20/runs/lg_lacam_fork_lg_suo_tl/random-32-32-20/random-32-32-20-random-2_a150_s1_r0,3832,0.066,"{""agents"": ""150"", ""comp_time"": ""66"", ""makespan"": ""51"", ""makespan_lb"": ""51"", ""map_file"": ""random-32-32-20.map"", ""seed"": ""1"", ""soc"": ""3832"", ""soc_lb"": ""3322"", ""solved"": ""1"", ""solver"": ""planner"", ""sum_of_loss"": ""3679"", ""sum_of_loss_lb"": ""3322""}"
lg_lacam_fork:lg_suo_tl,LG-LaCAM (window 20) + SUO + traffic load,random-32-32-20,random-32-32-20-random-2,150,2,30.0,solved,0.306016,0.224,3823,51,3636,3322,51,1.150813,0,,/home/carsten/Projects/MAPF/MAPF Evaluator/results/tlcpp-random32-20/runs/lg_lacam_fork_lg_suo_tl/random-32-32-20/random-32-32-20-random-2_a150_s2_r0,3823,0.224,"{""agents"": ""150"", ""comp_time"": ""224"", ""makespan"": ""51"", ""makespan_lb"": ""51"", ""map_file"": ""random-32-32-20.map"", ""seed"": ""2"", ""soc"": ""3823"", ""soc_lb"": ""3322"", ""solved"": ""1"", ""solver"": ""planner"", ""sum_of_loss"": ""3667"", ""sum_of_loss_lb"": ""3322""}"
lg_lacam_fork:lacam,"LaCAM (no guidance, first solution)",random-32-32-20,random-32-32-20-random-2,200,0,30.0,solved,0.128463,0.049,8266,79,6941,4466,51,1.850873,0,,/home/carsten/Projects/MAPF/MAPF Evaluator/results/tlcpp-random32-20/runs/lg_lacam_fork_lacam/random-32-32-20/random-32-32-20-random-2_a200_s0_r0,8266,0.049,"{""agents"": ""200"", ""comp_time"": ""49"", ""makespan"": ""79"", ""makespan_lb"": ""51"", ""map_file"": ""random-32-32-20.map"", ""seed"": ""0"", ""soc"": ""8266"", ""soc_lb"": ""4466"", ""solved"": ""1"", ""solver"": ""planner"", ""sum_of_loss"": ""7177"", ""sum_of_loss_lb"": ""4466""}"
lg_lacam_fork:lacam,"LaCAM (no guidance, first solution)",random-32-32-20,random-32-32-20-random-2,200,1,30.0,solved,0.092124,0.034,8520,66,7103,4466,51,1.907747,0,,/home/carsten/Projects/MAPF/MAPF Evaluator/results/tlcpp-random32-20/runs/lg_lacam_fork_lacam/random-32-32-20/random-32-32-20-random-2_a200_s1_r0,8520,0.034,"{""agents"": ""200"", ""comp_time"": ""34"", ""makespan"": ""66"", ""makespan_lb"": ""51"", ""map_file"": ""random-32-32-20.map"", ""seed"": ""1"", ""soc"": ""8520"", ""soc_lb"": ""4466"", ""solved"": ""1"", ""solver"": ""planner"", ""sum_of_loss"": ""7378"", ""sum_of_loss_lb"": ""4466""}"
lg_lacam_fork:lacam,"LaCAM (no guidance, first solution)",random-32-32-20,random-32-32-20-random-2,200,2,30.0,solved,0.116628,0.016,7797,58,6778,4466,51,1.745858,0,,/home/carsten/Projects/MAPF/MAPF Evaluator/results/tlcpp-random32-20/runs/lg_lacam_fork_lacam/random-32-32-20/random-32-32-20-random-2_a200_s2_r0,7797,0.016,"{""agents"": ""200"", ""comp_time"": ""16"", ""makespan"": ""58"", ""makespan_lb"": ""51"", ""map_file"": ""random-32-32-20.map"", ""seed"": ""2"", ""soc"": ""7797"", ""soc_lb"": ""4466"", ""solved"": ""1"", ""solver"": ""planner"", ""sum_of_loss"": ""7011"", ""sum_of_loss_lb"": ""4466""}"
lg_lacam_fork:tl,"LaCAM + traffic load (tie-break, per config)",random-32-32-20,random-32-32-20-random-2,200,0,30.0,solved,0.153042,0.068,6898,52,6059,4466,51,1.544559,0,,/home/carsten/Projects/MAPF/MAPF Evaluator/results/tlcpp-random32-20/runs/lg_lacam_fork_tl/random-32-32-20/random-32-32-20-random-2_a200_s0_r0,6898,0.068,"{""agents"": ""200"", ""comp_time"": ""68"", ""makespan"": ""52"", ""makespan_lb"": ""51"", ""map_file"": ""random-32-32-20.map"", ""seed"": ""0"", ""soc"": ""6898"", ""soc_lb"": ""4466"", ""solved"": ""1"", ""solver"": ""planner"", ""sum_of_loss"": ""6236"", ""sum_of_loss_lb"": ""4466""}"
lg_lacam_fork:tl,"LaCAM + traffic load (tie-break, per config)",random-32-32-20,random-32-32-20-random-2,200,1,30.0,solved,0.161519,0.075,6985,54,6126,4466,51,1.564039,0,,/home/carsten/Projects/MAPF/MAPF Evaluator/results/tlcpp-random32-20/runs/lg_lacam_fork_tl/random-32-32-20/random-32-32-20-random-2_a200_s1_r0,6985,0.075,"{""agents"": ""200"", ""comp_time"": ""75"", ""makespan"": ""54"", ""makespan_lb"": ""51"", ""map_file"": ""random-32-32-20.map"", ""seed"": ""1"", ""soc"": ""6985"", ""soc_lb"": ""4466"", ""solved"": ""1"", ""solver"": ""planner"", ""sum_of_loss"": ""6306"", ""sum_of_loss_lb"": ""4466""}"
lg_lacam_fork:tl_agent,"LaCAM + traffic load (tie-break, per agent)",random-32-32-20,random-32-32-20-random-2,200,0,30.0,solved,0.124138,0.048,6950,52,6064,4466,51,1.556202,0,,/home/carsten/Projects/MAPF/MAPF Evaluator/results/tlcpp-random32-20/runs/lg_lacam_fork_tl_agent/random-32-32-20/random-32-32-20-random-2_a200_s0_r0,6950,0.048,"{""agents"": ""200"", ""comp_time"": ""48"", ""makespan"": ""52"", ""makespan_lb"": ""51"", ""map_file"": ""random-32-32-20.map"", ""seed"": ""0"", ""soc"": ""6950"", ""soc_lb"": ""4466"", ""solved"": ""1"", ""solver"": ""planner"", ""sum_of_loss"": ""6251"", ""sum_of_loss_lb"": ""4466""}"
lg_lacam_fork:tl,"LaCAM + traffic load (tie-break, per config)",random-32-32-20,random-32-32-20-random-2,200,2,30.0,solved,0.120628,0.041,6948,56,6098,4466,51,1.555755,0,,/home/carsten/Projects/MAPF/MAPF Evaluator/results/tlcpp-random32-20/runs/lg_lacam_fork_tl/random-32-32-20/random-32-32-20-random-2_a200_s2_r0,6948,0.041,"{""agents"": ""200"", ""comp_time"": ""41"", ""makespan"": ""56"", ""makespan_lb"": ""51"", ""map_file"": ""random-32-32-20.map"", ""seed"": ""2"", ""soc"": ""6948"", ""soc_lb"": ""4466"", ""solved"": ""1"", ""solver"": ""planner"", ""sum_of_loss"": ""6278"", ""sum_of_loss_lb"": ""4466""}"
lg_lacam_fork:tl_agent,"LaCAM + traffic load (tie-break, per agent)",random-32-32-20,random-32-32-20-random-2,200,2,30.0,solved,0.130941,0.082,7035,56,6118,4466,51,1.575235,0,,/home/carsten/Projects/MAPF/MAPF Evaluator/results/tlcpp-random32-20/runs/lg_lacam_fork_tl_agent/random-32-32-20/random-32-32-20-random-2_a200_s2_r0,7035,0.082,"{""agents"": ""200"", ""comp_time"": ""82"", ""makespan"": ""56"", ""makespan_lb"": ""51"", ""map_file"": ""random-32-32-20.map"", ""seed"": ""2"", ""soc"": ""7035"", ""soc_lb"": ""4466"", ""solved"": ""1"", ""solver"": ""planner"", ""sum_of_loss"": ""6314"", ""sum_of_loss_lb"": ""4466""}"
lg_lacam_fork:tl_agent,"LaCAM + traffic load (tie-break, per agent)",random-32-32-20,random-32-32-20-random-2,200,1,30.0,solved,0.139826,0.064,7041,55,6079,4466,51,1.576579,0,,/home/carsten/Projects/MAPF/MAPF Evaluator/results/tlcpp-random32-20/runs/lg_lacam_fork_tl_agent/random-32-32-20/random-32-32-20-random-2_a200_s1_r0,7041,0.064,"{""agents"": ""200"", ""comp_time"": ""64"", ""makespan"": ""55"", ""makespan_lb"": ""51"", ""map_file"": ""random-32-32-20.map"", ""seed"": ""1"", ""soc"": ""7041"", ""soc_lb"": ""4466"", ""solved"": ""1"", ""solver"": ""planner"", ""sum_of_loss"": ""6268"", ""sum_of_loss_lb"": ""4466""}"
lg_lacam_fork:tl_static,LaCAM + traffic load (static map from starts),random-32-32-20,random-32-32-20-random-2,200,0,30.0,solved,0.170196,0.091,8681,100,7162,4466,51,1.943798,0,,/home/carsten/Projects/MAPF/MAPF Evaluator/results/tlcpp-random32-20/runs/lg_lacam_fork_tl_static/random-32-32-20/random-32-32-20-random-2_a200_s0_r0,8681,0.091,"{""agents"": ""200"", ""comp_time"": ""91"", ""makespan"": ""100"", ""makespan_lb"": ""51"", ""map_file"": ""random-32-32-20.map"", ""seed"": ""0"", ""soc"": ""8681"", ""soc_lb"": ""4466"", ""solved"": ""1"", ""solver"": ""planner"", ""sum_of_loss"": ""7590"", ""sum_of_loss_lb"": ""4466""}"
lg_lacam_fork:suo,LaCAM3 = SUO (first solution),random-32-32-20,random-32-32-20-random-2,200,0,30.0,solved,0.207398,0.156,6381,55,5744,4466,51,1.428795,0,,/home/carsten/Projects/MAPF/MAPF Evaluator/results/tlcpp-random32-20/runs/lg_lacam_fork_suo/random-32-32-20/random-32-32-20-random-2_a200_s0_r0,6381,0.156,"{""agents"": ""200"", ""comp_time"": ""156"", ""makespan"": ""55"", ""makespan_lb"": ""51"", ""map_file"": ""random-32-32-20.map"", ""seed"": ""0"", ""soc"": ""6381"", ""soc_lb"": ""4466"", ""solved"": ""1"", ""solver"": ""planner"", ""sum_of_loss"": ""5843"", ""sum_of_loss_lb"": ""4466""}"
lg_lacam_fork:tl_static,LaCAM + traffic load (static map from starts),random-32-32-20,random-32-32-20-random-2,200,1,30.0,solved,0.404952,0.301,8716,105,7153,4466,51,1.951635,0,,/home/carsten/Projects/MAPF/MAPF Evaluator/results/tlcpp-random32-20/runs/lg_lacam_fork_tl_static/random-32-32-20/random-32-32-20-random-2_a200_s1_r0,8716,0.301,"{""agents"": ""200"", ""comp_time"": ""301"", ""makespan"": ""105"", ""makespan_lb"": ""51"", ""map_file"": ""random-32-32-20.map"", ""seed"": ""1"", ""soc"": ""8716"", ""soc_lb"": ""4466"", ""solved"": ""1"", ""solver"": ""planner"", ""sum_of_loss"": ""7580"", ""sum_of_loss_lb"": ""4466""}"
lg_lacam_fork:tl_static,LaCAM + traffic load (static map from starts),random-32-32-20,random-32-32-20-random-2,200,2,30.0,solved,0.324882,0.221,8683,100,7152,4466,51,1.944245,0,,/home/carsten/Projects/MAPF/MAPF Evaluator/results/tlcpp-random32-20/runs/lg_lacam_fork_tl_static/random-32-32-20/random-32-32-20-random-2_a200_s2_r0,8683,0.221,"{""agents"": ""200"", ""comp_time"": ""221"", ""makespan"": ""100"", ""makespan_lb"": ""51"", ""map_file"": ""random-32-32-20.map"", ""seed"": ""2"", ""soc"": ""8683"", ""soc_lb"": ""4466"", ""solved"": ""1"", ""solver"": ""planner"", ""sum_of_loss"": ""7577"", ""sum_of_loss_lb"": ""4466""}"
lg_lacam_fork:suo,LaCAM3 = SUO (first solution),random-32-32-20,random-32-32-20-random-2,200,2,30.0,solved,0.106881,0.083,6637,56,5785,4466,51,1.486117,0,,/home/carsten/Projects/MAPF/MAPF Evaluator/results/tlcpp-random32-20/runs/lg_lacam_fork_suo/random-32-32-20/random-32-32-20-random-2_a200_s2_r0,6637,0.083,"{""agents"": ""200"", ""comp_time"": ""83"", ""makespan"": ""56"", ""makespan_lb"": ""51"", ""map_file"": ""random-32-32-20.map"", ""seed"": ""2"", ""soc"": ""6637"", ""soc_lb"": ""4466"", ""solved"": ""1"", ""solver"": ""planner"", ""sum_of_loss"": ""5909"", ""sum_of_loss_lb"": ""4466""}"
lg_lacam_fork:suo,LaCAM3 = SUO (first solution),random-32-32-20,random-32-32-20-random-2,200,1,30.0,solved,0.306508,0.198,6557,55,5854,4466,51,1.468204,0,,/home/carsten/Projects/MAPF/MAPF Evaluator/results/tlcpp-random32-20/runs/lg_lacam_fork_suo/random-32-32-20/random-32-32-20-random-2_a200_s1_r0,6557,0.198,"{""agents"": ""200"", ""comp_time"": ""198"", ""makespan"": ""55"", ""makespan_lb"": ""51"", ""map_file"": ""random-32-32-20.map"", ""seed"": ""1"", ""soc"": ""6557"", ""soc_lb"": ""4466"", ""solved"": ""1"", ""solver"": ""planner"", ""sum_of_loss"": ""5978"", ""sum_of_loss_lb"": ""4466""}"
lg_lacam_fork:suo_tl,SUO + traffic load,random-32-32-20,random-32-32-20-random-2,200,0,30.0,solved,0.25024,0.156,6258,55,5617,4466,51,1.401254,0,,/home/carsten/Projects/MAPF/MAPF Evaluator/results/tlcpp-random32-20/runs/lg_lacam_fork_suo_tl/random-32-32-20/random-32-32-20-random-2_a200_s0_r0,6258,0.156,"{""agents"": ""200"", ""comp_time"": ""156"", ""makespan"": ""55"", ""makespan_lb"": ""51"", ""map_file"": ""random-32-32-20.map"", ""seed"": ""0"", ""soc"": ""6258"", ""soc_lb"": ""4466"", ""solved"": ""1"", ""solver"": ""planner"", ""sum_of_loss"": ""5709"", ""sum_of_loss_lb"": ""4466""}"
lg_lacam_fork:suo_tl,SUO + traffic load,random-32-32-20,random-32-32-20-random-2,200,1,30.0,solved,0.31743,0.219,6106,60,5576,4466,51,1.367219,0,,/home/carsten/Projects/MAPF/MAPF Evaluator/results/tlcpp-random32-20/runs/lg_lacam_fork_suo_tl/random-32-32-20/random-32-32-20-random-2_a200_s1_r0,6106,0.219,"{""agents"": ""200"", ""comp_time"": ""219"", ""makespan"": ""60"", ""makespan_lb"": ""51"", ""map_file"": ""random-32-32-20.map"", ""seed"": ""1"", ""soc"": ""6106"", ""soc_lb"": ""4466"", ""solved"": ""1"", ""solver"": ""planner"", ""sum_of_loss"": ""5659"", ""sum_of_loss_lb"": ""4466""}"
lg_lacam_fork:suo_tl,SUO + traffic load,random-32-32-20,random-32-32-20-random-2,200,2,30.0,solved,0.266951,0.181,6174,55,5576,4466,51,1.382445,0,,/home/carsten/Projects/MAPF/MAPF Evaluator/results/tlcpp-random32-20/runs/lg_lacam_fork_suo_tl/random-32-32-20/random-32-32-20-random-2_a200_s2_r0,6174,0.181,"{""agents"": ""200"", ""comp_time"": ""181"", ""makespan"": ""55"", ""makespan_lb"": ""51"", ""map_file"": ""random-32-32-20.map"", ""seed"": ""2"", ""soc"": ""6174"", ""soc_lb"": ""4466"", ""solved"": ""1"", ""solver"": ""planner"", ""sum_of_loss"": ""5674"", ""sum_of_loss_lb"": ""4466""}"
lg_lacam_fork:lg,"LG-LaCAM (window 20, first solution)",random-32-32-20,random-32-32-20-random-2,200,0,30.0,solved,0.2292,0.156,5826,54,5284,4466,51,1.304523,0,,/home/carsten/Projects/MAPF/MAPF Evaluator/results/tlcpp-random32-20/runs/lg_lacam_fork_lg/random-32-32-20/random-32-32-20-random-2_a200_s0_r0,5826,0.156,"{""agents"": ""200"", ""comp_time"": ""156"", ""makespan"": ""54"", ""makespan_lb"": ""51"", ""map_file"": ""random-32-32-20.map"", ""seed"": ""0"", ""soc"": ""5826"", ""soc_lb"": ""4466"", ""solved"": ""1"", ""solver"": ""planner"", ""sum_of_loss"": ""5365"", ""sum_of_loss_lb"": ""4466""}"
lg_lacam_fork:lg,"LG-LaCAM (window 20, first solution)",random-32-32-20,random-32-32-20-random-2,200,2,30.0,solved,0.370815,0.229,5818,53,5271,4466,51,1.302732,0,,/home/carsten/Projects/MAPF/MAPF Evaluator/results/tlcpp-random32-20/runs/lg_lacam_fork_lg/random-32-32-20/random-32-32-20-random-2_a200_s2_r0,5818,0.229,"{""agents"": ""200"", ""comp_time"": ""229"", ""makespan"": ""53"", ""makespan_lb"": ""51"", ""map_file"": ""random-32-32-20.map"", ""seed"": ""2"", ""soc"": ""5818"", ""soc_lb"": ""4466"", ""solved"": ""1"", ""solver"": ""planner"", ""sum_of_loss"": ""5359"", ""sum_of_loss_lb"": ""4466""}"
lg_lacam_fork:lg_tl,LG-LaCAM (window 20) + traffic load,random-32-32-20,random-32-32-20-random-2,200,0,30.0,solved,0.221477,0.129,5697,54,5260,4466,51,1.275638,0,,/home/carsten/Projects/MAPF/MAPF Evaluator/results/tlcpp-random32-20/runs/lg_lacam_fork_lg_tl/random-32-32-20/random-32-32-20-random-2_a200_s0_r0,5697,0.129,"{""agents"": ""200"", ""comp_time"": ""129"", ""makespan"": ""54"", ""makespan_lb"": ""51"", ""map_file"": ""random-32-32-20.map"", ""seed"": ""0"", ""soc"": ""5697"", ""soc_lb"": ""4466"", ""solved"": ""1"", ""solver"": ""planner"", ""sum_of_loss"": ""5325"", ""sum_of_loss_lb"": ""4466""}"
lg_lacam_fork:lg_tl,LG-LaCAM (window 20) + traffic load,random-32-32-20,random-32-32-20-random-2,200,1,30.0,solved,0.191594,0.1,5797,52,5250,4466,51,1.29803,0,,/home/carsten/Projects/MAPF/MAPF Evaluator/results/tlcpp-random32-20/runs/lg_lacam_fork_lg_tl/random-32-32-20/random-32-32-20-random-2_a200_s1_r0,5797,0.1,"{""agents"": ""200"", ""comp_time"": ""100"", ""makespan"": ""52"", ""makespan_lb"": ""51"", ""map_file"": ""random-32-32-20.map"", ""seed"": ""1"", ""soc"": ""5797"", ""soc_lb"": ""4466"", ""solved"": ""1"", ""solver"": ""planner"", ""sum_of_loss"": ""5334"", ""sum_of_loss_lb"": ""4466""}"
lg_lacam_fork:lg_tl,LG-LaCAM (window 20) + traffic load,random-32-32-20,random-32-32-20-random-2,200,2,30.0,solved,0.290077,0.181,5624,57,5184,4466,51,1.259292,0,,/home/carsten/Projects/MAPF/MAPF Evaluator/results/tlcpp-random32-20/runs/lg_lacam_fork_lg_tl/random-32-32-20/random-32-32-20-random-2_a200_s2_r0,5624,0.181,"{""agents"": ""200"", ""comp_time"": ""181"", ""makespan"": ""57"", ""makespan_lb"": ""51"", ""map_file"": ""random-32-32-20.map"", ""seed"": ""2"", ""soc"": ""5624"", ""soc_lb"": ""4466"", ""solved"": ""1"", ""solver"": ""planner"", ""sum_of_loss"": ""5254"", ""sum_of_loss_lb"": ""4466""}"
lg_lacam_fork:lg,"LG-LaCAM (window 20, first solution)",random-32-32-20,random-32-32-20-random-2,200,1,30.0,error,1.572625,,,,,4466,51,,-6,exit code -6: terminate called after throwing an instance of 'std::system_error' what(): Resource temporarily unavailable,/home/carsten/Projects/MAPF/MAPF Evaluator/results/tlcpp-random32-20/runs/lg_lacam_fork_lg/random-32-32-20/random-32-32-20-random-2_a200_s1_r0,,,
lg_lacam_fork:lg_suo,LG-LaCAM (window 20) + SUO,random-32-32-20,random-32-32-20-random-2,200,1,30.0,solved,0.231107,0.121,5824,58,5313,4466,51,1.304075,0,,/home/carsten/Projects/MAPF/MAPF Evaluator/results/tlcpp-random32-20/runs/lg_lacam_fork_lg_suo/random-32-32-20/random-32-32-20-random-2_a200_s1_r0,5824,0.121,"{""agents"": ""200"", ""comp_time"": ""121"", ""makespan"": ""58"", ""makespan_lb"": ""51"", ""map_file"": ""random-32-32-20.map"", ""seed"": ""1"", ""soc"": ""5824"", ""soc_lb"": ""4466"", ""solved"": ""1"", ""solver"": ""planner"", ""sum_of_loss"": ""5388"", ""sum_of_loss_lb"": ""4466""}"
lg_lacam_fork:lg_suo,LG-LaCAM (window 20) + SUO,random-32-32-20,random-32-32-20-random-2,200,0,30.0,solved,0.41694,0.315,5778,57,5241,4466,51,1.293775,0,,/home/carsten/Projects/MAPF/MAPF Evaluator/results/tlcpp-random32-20/runs/lg_lacam_fork_lg_suo/random-32-32-20/random-32-32-20-random-2_a200_s0_r0,5778,0.315,"{""agents"": ""200"", ""comp_time"": ""315"", ""makespan"": ""57"", ""makespan_lb"": ""51"", ""map_file"": ""random-32-32-20.map"", ""seed"": ""0"", ""soc"": ""5778"", ""soc_lb"": ""4466"", ""solved"": ""1"", ""solver"": ""planner"", ""sum_of_loss"": ""5315"", ""sum_of_loss_lb"": ""4466""}"
lg_lacam_fork:lg_suo,LG-LaCAM (window 20) + SUO,random-32-32-20,random-32-32-20-random-2,200,2,30.0,solved,0.245285,0.132,5661,53,5221,4466,51,1.267577,0,,/home/carsten/Projects/MAPF/MAPF Evaluator/results/tlcpp-random32-20/runs/lg_lacam_fork_lg_suo/random-32-32-20/random-32-32-20-random-2_a200_s2_r0,5661,0.132,"{""agents"": ""200"", ""comp_time"": ""132"", ""makespan"": ""53"", ""makespan_lb"": ""51"", ""map_file"": ""random-32-32-20.map"", ""seed"": ""2"", ""soc"": ""5661"", ""soc_lb"": ""4466"", ""solved"": ""1"", ""solver"": ""planner"", ""sum_of_loss"": ""5288"", ""sum_of_loss_lb"": ""4466""}"
lg_lacam_fork:lacam,"LaCAM (no guidance, first solution)",random-32-32-20,random-32-32-20-random-3,50,0,30.0,solved,0.104444,0.022,1215,43,1103,1007,42,1.206554,0,,/home/carsten/Projects/MAPF/MAPF Evaluator/results/tlcpp-random32-20/runs/lg_lacam_fork_lacam/random-32-32-20/random-32-32-20-random-3_a50_s0_r0,1215,0.022,"{""agents"": ""50"", ""comp_time"": ""22"", ""makespan"": ""43"", ""makespan_lb"": ""42"", ""map_file"": ""random-32-32-20.map"", ""seed"": ""0"", ""soc"": ""1215"", ""soc_lb"": ""1007"", ""solved"": ""1"", ""solver"": ""planner"", ""sum_of_loss"": ""1124"", ""sum_of_loss_lb"": ""1007""}"
lg_lacam_fork:lacam,"LaCAM (no guidance, first solution)",random-32-32-20,random-32-32-20-random-3,50,1,30.0,solved,0.079687,0.009,1245,43,1098,1007,42,1.236346,0,,/home/carsten/Projects/MAPF/MAPF Evaluator/results/tlcpp-random32-20/runs/lg_lacam_fork_lacam/random-32-32-20/random-32-32-20-random-3_a50_s1_r0,1245,0.009,"{""agents"": ""50"", ""comp_time"": ""9"", ""makespan"": ""43"", ""makespan_lb"": ""42"", ""map_file"": ""random-32-32-20.map"", ""seed"": ""1"", ""soc"": ""1245"", ""soc_lb"": ""1007"", ""solved"": ""1"", ""solver"": ""planner"", ""sum_of_loss"": ""1118"", ""sum_of_loss_lb"": ""1007""}"
lg_lacam_fork:lg_suo_tl,LG-LaCAM (window 20) + SUO + traffic load,random-32-32-20,random-32-32-20-random-2,200,1,30.0,solved,0.551692,0.432,5551,51,5144,4466,51,1.242947,0,,/home/carsten/Projects/MAPF/MAPF Evaluator/results/tlcpp-random32-20/runs/lg_lacam_fork_lg_suo_tl/random-32-32-20/random-32-32-20-random-2_a200_s1_r0,5551,0.432,"{""agents"": ""200"", ""comp_time"": ""432"", ""makespan"": ""51"", ""makespan_lb"": ""51"", ""map_file"": ""random-32-32-20.map"", ""seed"": ""1"", ""soc"": ""5551"", ""soc_lb"": ""4466"", ""solved"": ""1"", ""solver"": ""planner"", ""sum_of_loss"": ""5208"", ""sum_of_loss_lb"": ""4466""}"
lg_lacam_fork:lacam,"LaCAM (no guidance, first solution)",random-32-32-20,random-32-32-20-random-3,50,2,30.0,solved,0.065511,0.006,1283,44,1123,1007,42,1.274081,0,,/home/carsten/Projects/MAPF/MAPF Evaluator/results/tlcpp-random32-20/runs/lg_lacam_fork_lacam/random-32-32-20/random-32-32-20-random-3_a50_s2_r0,1283,0.006,"{""agents"": ""50"", ""comp_time"": ""6"", ""makespan"": ""44"", ""makespan_lb"": ""42"", ""map_file"": ""random-32-32-20.map"", ""seed"": ""2"", ""soc"": ""1283"", ""soc_lb"": ""1007"", ""solved"": ""1"", ""solver"": ""planner"", ""sum_of_loss"": ""1147"", ""sum_of_loss_lb"": ""1007""}"
lg_lacam_fork:lg_suo_tl,LG-LaCAM (window 20) + SUO + traffic load,random-32-32-20,random-32-32-20-random-2,200,0,30.0,solved,0.725383,0.612,5497,54,5098,4466,51,1.230855,0,,/home/carsten/Projects/MAPF/MAPF Evaluator/results/tlcpp-random32-20/runs/lg_lacam_fork_lg_suo_tl/random-32-32-20/random-32-32-20-random-2_a200_s0_r0,5497,0.612,"{""agents"": ""200"", ""comp_time"": ""612"", ""makespan"": ""54"", ""makespan_lb"": ""51"", ""map_file"": ""random-32-32-20.map"", ""seed"": ""0"", ""soc"": ""5497"", ""soc_lb"": ""4466"", ""solved"": ""1"", ""solver"": ""planner"", ""sum_of_loss"": ""5163"", ""sum_of_loss_lb"": ""4466""}"
lg_lacam_fork:lg_suo_tl,LG-LaCAM (window 20) + SUO + traffic load,random-32-32-20,random-32-32-20-random-2,200,2,30.0,solved,0.734712,0.624,5653,52,5227,4466,51,1.265786,0,,/home/carsten/Projects/MAPF/MAPF Evaluator/results/tlcpp-random32-20/runs/lg_lacam_fork_lg_suo_tl/random-32-32-20/random-32-32-20-random-2_a200_s2_r0,5653,0.624,"{""agents"": ""200"", ""comp_time"": ""624"", ""makespan"": ""52"", ""makespan_lb"": ""51"", ""map_file"": ""random-32-32-20.map"", ""seed"": ""2"", ""soc"": ""5653"", ""soc_lb"": ""4466"", ""solved"": ""1"", ""solver"": ""planner"", ""sum_of_loss"": ""5296"", ""sum_of_loss_lb"": ""4466""}"
lg_lacam_fork:tl,"LaCAM + traffic load (tie-break, per config)",random-32-32-20,random-32-32-20-random-3,50,0,30.0,solved,0.041218,0.012,1201,43,1094,1007,42,1.192651,0,,/home/carsten/Projects/MAPF/MAPF Evaluator/results/tlcpp-random32-20/runs/lg_lacam_fork_tl/random-32-32-20/random-32-32-20-random-3_a50_s0_r0,1201,0.012,"{""agents"": ""50"", ""comp_time"": ""12"", ""makespan"": ""43"", ""makespan_lb"": ""42"", ""map_file"": ""random-32-32-20.map"", ""seed"": ""0"", ""soc"": ""1201"", ""soc_lb"": ""1007"", ""solved"": ""1"", ""solver"": ""planner"", ""sum_of_loss"": ""1111"", ""sum_of_loss_lb"": ""1007""}"
lg_lacam_fork:tl,"LaCAM + traffic load (tie-break, per config)",random-32-32-20,random-32-32-20-random-3,50,1,30.0,solved,0.049428,0.013,1197,43,1101,1007,42,1.188679,0,,/home/carsten/Projects/MAPF/MAPF Evaluator/results/tlcpp-random32-20/runs/lg_lacam_fork_tl/random-32-32-20/random-32-32-20-random-3_a50_s1_r0,1197,0.013,"{""agents"": ""50"", ""comp_time"": ""13"", ""makespan"": ""43"", ""makespan_lb"": ""42"", ""map_file"": ""random-32-32-20.map"", ""seed"": ""1"", ""soc"": ""1197"", ""soc_lb"": ""1007"", ""solved"": ""1"", ""solver"": ""planner"", ""sum_of_loss"": ""1117"", ""sum_of_loss_lb"": ""1007""}"
lg_lacam_fork:tl,"LaCAM + traffic load (tie-break, per config)",random-32-32-20,random-32-32-20-random-3,50,2,30.0,solved,0.058546,0.024,1205,43,1098,1007,42,1.196624,0,,/home/carsten/Projects/MAPF/MAPF Evaluator/results/tlcpp-random32-20/runs/lg_lacam_fork_tl/random-32-32-20/random-32-32-20-random-3_a50_s2_r0,1205,0.024,"{""agents"": ""50"", ""comp_time"": ""24"", ""makespan"": ""43"", ""makespan_lb"": ""42"", ""map_file"": ""random-32-32-20.map"", ""seed"": ""2"", ""soc"": ""1205"", ""soc_lb"": ""1007"", ""solved"": ""1"", ""solver"": ""planner"", ""sum_of_loss"": ""1116"", ""sum_of_loss_lb"": ""1007""}"
lg_lacam_fork:tl_agent,"LaCAM + traffic load (tie-break, per agent)",random-32-32-20,random-32-32-20-random-3,50,1,30.0,solved,0.040431,0.009,1220,43,1092,1007,42,1.211519,0,,/home/carsten/Projects/MAPF/MAPF Evaluator/results/tlcpp-random32-20/runs/lg_lacam_fork_tl_agent/random-32-32-20/random-32-32-20-random-3_a50_s1_r0,1220,0.009,"{""agents"": ""50"", ""comp_time"": ""9"", ""makespan"": ""43"", ""makespan_lb"": ""42"", ""map_file"": ""random-32-32-20.map"", ""seed"": ""1"", ""soc"": ""1220"", ""soc_lb"": ""1007"", ""solved"": ""1"", ""solver"": ""planner"", ""sum_of_loss"": ""1112"", ""sum_of_loss_lb"": ""1007""}"
lg_lacam_fork:tl_agent,"LaCAM + traffic load (tie-break, per agent)",random-32-32-20,random-32-32-20-random-3,50,0,30.0,solved,0.053962,0.012,1189,43,1094,1007,42,1.180735,0,,/home/carsten/Projects/MAPF/MAPF Evaluator/results/tlcpp-random32-20/runs/lg_lacam_fork_tl_agent/random-32-32-20/random-32-32-20-random-3_a50_s0_r0,1189,0.012,"{""agents"": ""50"", ""comp_time"": ""12"", ""makespan"": ""43"", ""makespan_lb"": ""42"", ""map_file"": ""random-32-32-20.map"", ""seed"": ""0"", ""soc"": ""1189"", ""soc_lb"": ""1007"", ""solved"": ""1"", ""solver"": ""planner"", ""sum_of_loss"": ""1110"", ""sum_of_loss_lb"": ""1007""}"
lg_lacam_fork:tl_agent,"LaCAM + traffic load (tie-break, per agent)",random-32-32-20,random-32-32-20-random-3,50,2,30.0,solved,0.079165,0.015,1178,43,1086,1007,42,1.169811,0,,/home/carsten/Projects/MAPF/MAPF Evaluator/results/tlcpp-random32-20/runs/lg_lacam_fork_tl_agent/random-32-32-20/random-32-32-20-random-3_a50_s2_r0,1178,0.015,"{""agents"": ""50"", ""comp_time"": ""15"", ""makespan"": ""43"", ""makespan_lb"": ""42"", ""map_file"": ""random-32-32-20.map"", ""seed"": ""2"", ""soc"": ""1178"", ""soc_lb"": ""1007"", ""solved"": ""1"", ""solver"": ""planner"", ""sum_of_loss"": ""1102"", ""sum_of_loss_lb"": ""1007""}"
lg_lacam_fork:suo,LaCAM3 = SUO (first solution),random-32-32-20,random-32-32-20-random-3,50,0,30.0,solved,0.019904,0.005,1051,47,1051,1007,42,1.043694,0,,/home/carsten/Projects/MAPF/MAPF Evaluator/results/tlcpp-random32-20/runs/lg_lacam_fork_suo/random-32-32-20/random-32-32-20-random-3_a50_s0_r0,1051,0.005,"{""agents"": ""50"", ""comp_time"": ""5"", ""makespan"": ""47"", ""makespan_lb"": ""42"", ""map_file"": ""random-32-32-20.map"", ""seed"": ""0"", ""soc"": ""1051"", ""soc_lb"": ""1007"", ""solved"": ""1"", ""solver"": ""planner"", ""sum_of_loss"": ""1051"", ""sum_of_loss_lb"": ""1007""}"
lg_lacam_fork:tl_static,LaCAM + traffic load (static map from starts),random-32-32-20,random-32-32-20-random-3,50,2,30.0,solved,0.025204,0.007,1218,47,1124,1007,42,1.209533,0,,/home/carsten/Projects/MAPF/MAPF Evaluator/results/tlcpp-random32-20/runs/lg_lacam_fork_tl_static/random-32-32-20/random-32-32-20-random-3_a50_s2_r0,1218,0.007,"{""agents"": ""50"", ""comp_time"": ""7"", ""makespan"": ""47"", ""makespan_lb"": ""42"", ""map_file"": ""random-32-32-20.map"", ""seed"": ""2"", ""soc"": ""1218"", ""soc_lb"": ""1007"", ""solved"": ""1"", ""solver"": ""planner"", ""sum_of_loss"": ""1139"", ""sum_of_loss_lb"": ""1007""}"
lg_lacam_fork:tl_static,LaCAM + traffic load (static map from starts),random-32-32-20,random-32-32-20-random-3,50,0,30.0,solved,0.036837,0.008,1213,47,1124,1007,42,1.204568,0,,/home/carsten/Projects/MAPF/MAPF Evaluator/results/tlcpp-random32-20/runs/lg_lacam_fork_tl_static/random-32-32-20/random-32-32-20-random-3_a50_s0_r0,1213,0.008,"{""agents"": ""50"", ""comp_time"": ""8"", ""makespan"": ""47"", ""makespan_lb"": ""42"", ""map_file"": ""random-32-32-20.map"", ""seed"": ""0"", ""soc"": ""1213"", ""soc_lb"": ""1007"", ""solved"": ""1"", ""solver"": ""planner"", ""sum_of_loss"": ""1139"", ""sum_of_loss_lb"": ""1007""}"
lg_lacam_fork:suo,LaCAM3 = SUO (first solution),random-32-32-20,random-32-32-20-random-3,50,2,30.0,solved,0.028945,0.008,1055,46,1055,1007,42,1.047666,0,,/home/carsten/Projects/MAPF/MAPF Evaluator/results/tlcpp-random32-20/runs/lg_lacam_fork_suo/random-32-32-20/random-32-32-20-random-3_a50_s2_r0,1055,0.008,"{""agents"": ""50"", ""comp_time"": ""8"", ""makespan"": ""46"", ""makespan_lb"": ""42"", ""map_file"": ""random-32-32-20.map"", ""seed"": ""2"", ""soc"": ""1055"", ""soc_lb"": ""1007"", ""solved"": ""1"", ""solver"": ""planner"", ""sum_of_loss"": ""1055"", ""sum_of_loss_lb"": ""1007""}"
lg_lacam_fork:tl_static,LaCAM + traffic load (static map from starts),random-32-32-20,random-32-32-20-random-3,50,1,30.0,solved,0.10188,0.009,1213,47,1119,1007,42,1.204568,0,,/home/carsten/Projects/MAPF/MAPF Evaluator/results/tlcpp-random32-20/runs/lg_lacam_fork_tl_static/random-32-32-20/random-32-32-20-random-3_a50_s1_r0,1213,0.009,"{""agents"": ""50"", ""comp_time"": ""9"", ""makespan"": ""47"", ""makespan_lb"": ""42"", ""map_file"": ""random-32-32-20.map"", ""seed"": ""1"", ""soc"": ""1213"", ""soc_lb"": ""1007"", ""solved"": ""1"", ""solver"": ""planner"", ""sum_of_loss"": ""1134"", ""sum_of_loss_lb"": ""1007""}"
lg_lacam_fork:suo_tl,SUO + traffic load,random-32-32-20,random-32-32-20-random-3,50,0,30.0,solved,0.031117,0.009,1049,47,1049,1007,42,1.041708,0,,/home/carsten/Projects/MAPF/MAPF Evaluator/results/tlcpp-random32-20/runs/lg_lacam_fork_suo_tl/random-32-32-20/random-32-32-20-random-3_a50_s0_r0,1049,0.009,"{""agents"": ""50"", ""comp_time"": ""9"", ""makespan"": ""47"", ""makespan_lb"": ""42"", ""map_file"": ""random-32-32-20.map"", ""seed"": ""0"", ""soc"": ""1049"", ""soc_lb"": ""1007"", ""solved"": ""1"", ""solver"": ""planner"", ""sum_of_loss"": ""1049"", ""sum_of_loss_lb"": ""1007""}"
lg_lacam_fork:suo,LaCAM3 = SUO (first solution),random-32-32-20,random-32-32-20-random-3,50,1,30.0,solved,0.073576,0.005,1051,43,1051,1007,42,1.043694,0,,/home/carsten/Projects/MAPF/MAPF Evaluator/results/tlcpp-random32-20/runs/lg_lacam_fork_suo/random-32-32-20/random-32-32-20-random-3_a50_s1_r0,1051,0.005,"{""agents"": ""50"", ""comp_time"": ""5"", ""makespan"": ""43"", ""makespan_lb"": ""42"", ""map_file"": ""random-32-32-20.map"", ""seed"": ""1"", ""soc"": ""1051"", ""soc_lb"": ""1007"", ""solved"": ""1"", ""solver"": ""planner"", ""sum_of_loss"": ""1051"", ""sum_of_loss_lb"": ""1007""}"
lg_lacam_fork:suo_tl,SUO + traffic load,random-32-32-20,random-32-32-20-random-3,50,2,30.0,solved,0.031614,0.014,1057,46,1057,1007,42,1.049652,0,,/home/carsten/Projects/MAPF/MAPF Evaluator/results/tlcpp-random32-20/runs/lg_lacam_fork_suo_tl/random-32-32-20/random-32-32-20-random-3_a50_s2_r0,1057,0.014,"{""agents"": ""50"", ""comp_time"": ""14"", ""makespan"": ""46"", ""makespan_lb"": ""42"", ""map_file"": ""random-32-32-20.map"", ""seed"": ""2"", ""soc"": ""1057"", ""soc_lb"": ""1007"", ""solved"": ""1"", ""solver"": ""planner"", ""sum_of_loss"": ""1057"", ""sum_of_loss_lb"": ""1007""}"
lg_lacam_fork:lg,"LG-LaCAM (window 20, first solution)",random-32-32-20,random-32-32-20-random-3,50,1,30.0,solved,0.033996,0.018,1044,43,1034,1007,42,1.036743,0,,/home/carsten/Projects/MAPF/MAPF Evaluator/results/tlcpp-random32-20/runs/lg_lacam_fork_lg/random-32-32-20/random-32-32-20-random-3_a50_s1_r0,1044,0.018,"{""agents"": ""50"", ""comp_time"": ""18"", ""makespan"": ""43"", ""makespan_lb"": ""42"", ""map_file"": ""random-32-32-20.map"", ""seed"": ""1"", ""soc"": ""1044"", ""soc_lb"": ""1007"", ""solved"": ""1"", ""solver"": ""planner"", ""sum_of_loss"": ""1036"", ""sum_of_loss_lb"": ""1007""}"
lg_lacam_fork:suo_tl,SUO + traffic load,random-32-32-20,random-32-32-20-random-3,50,1,30.0,solved,0.058465,0.015,1051,43,1051,1007,42,1.043694,0,,/home/carsten/Projects/MAPF/MAPF Evaluator/results/tlcpp-random32-20/runs/lg_lacam_fork_suo_tl/random-32-32-20/random-32-32-20-random-3_a50_s1_r0,1051,0.015,"{""agents"": ""50"", ""comp_time"": ""15"", ""makespan"": ""43"", ""makespan_lb"": ""42"", ""map_file"": ""random-32-32-20.map"", ""seed"": ""1"", ""soc"": ""1051"", ""soc_lb"": ""1007"", ""solved"": ""1"", ""solver"": ""planner"", ""sum_of_loss"": ""1051"", ""sum_of_loss_lb"": ""1007""}"
lg_lacam_fork:lg,"LG-LaCAM (window 20, first solution)",random-32-32-20,random-32-32-20-random-3,50,0,30.0,solved,0.058551,0.011,1031,43,1031,1007,42,1.023833,0,,/home/carsten/Projects/MAPF/MAPF Evaluator/results/tlcpp-random32-20/runs/lg_lacam_fork_lg/random-32-32-20/random-32-32-20-random-3_a50_s0_r0,1031,0.011,"{""agents"": ""50"", ""comp_time"": ""11"", ""makespan"": ""43"", ""makespan_lb"": ""42"", ""map_file"": ""random-32-32-20.map"", ""seed"": ""0"", ""soc"": ""1031"", ""soc_lb"": ""1007"", ""solved"": ""1"", ""solver"": ""planner"", ""sum_of_loss"": ""1031"", ""sum_of_loss_lb"": ""1007""}"
lg_lacam_fork:lg,"LG-LaCAM (window 20, first solution)",random-32-32-20,random-32-32-20-random-3,50,2,30.0,solved,0.028012,0.012,1034,43,1034,1007,42,1.026812,0,,/home/carsten/Projects/MAPF/MAPF Evaluator/results/tlcpp-random32-20/runs/lg_lacam_fork_lg/random-32-32-20/random-32-32-20-random-3_a50_s2_r0,1034,0.012,"{""agents"": ""50"", ""comp_time"": ""12"", ""makespan"": ""43"", ""makespan_lb"": ""42"", ""map_file"": ""random-32-32-20.map"", ""seed"": ""2"", ""soc"": ""1034"", ""soc_lb"": ""1007"", ""solved"": ""1"", ""solver"": ""planner"", ""sum_of_loss"": ""1034"", ""sum_of_loss_lb"": ""1007""}"
lg_lacam_fork:lg_tl,LG-LaCAM (window 20) + traffic load,random-32-32-20,random-32-32-20-random-3,50,0,30.0,solved,0.046516,0.025,1031,43,1031,1007,42,1.023833,0,,/home/carsten/Projects/MAPF/MAPF Evaluator/results/tlcpp-random32-20/runs/lg_lacam_fork_lg_tl/random-32-32-20/random-32-32-20-random-3_a50_s0_r0,1031,0.025,"{""agents"": ""50"", ""comp_time"": ""25"", ""makespan"": ""43"", ""makespan_lb"": ""42"", ""map_file"": ""random-32-32-20.map"", ""seed"": ""0"", ""soc"": ""1031"", ""soc_lb"": ""1007"", ""solved"": ""1"", ""solver"": ""planner"", ""sum_of_loss"": ""1031"", ""sum_of_loss_lb"": ""1007""}"
lg_lacam_fork:lg_tl,LG-LaCAM (window 20) + traffic load,random-32-32-20,random-32-32-20-random-3,50,2,30.0,solved,0.038536,0.012,1034,43,1034,1007,42,1.026812,0,,/home/carsten/Projects/MAPF/MAPF Evaluator/results/tlcpp-random32-20/runs/lg_lacam_fork_lg_tl/random-32-32-20/random-32-32-20-random-3_a50_s2_r0,1034,0.012,"{""agents"": ""50"", ""comp_time"": ""12"", ""makespan"": ""43"", ""makespan_lb"": ""42"", ""map_file"": ""random-32-32-20.map"", ""seed"": ""2"", ""soc"": ""1034"", ""soc_lb"": ""1007"", ""solved"": ""1"", ""solver"": ""planner"", ""sum_of_loss"": ""1034"", ""sum_of_loss_lb"": ""1007""}"
lg_lacam_fork:lg_tl,LG-LaCAM (window 20) + traffic load,random-32-32-20,random-32-32-20-random-3,50,1,30.0,solved,0.074601,0.043,1044,43,1034,1007,42,1.036743,0,,/home/carsten/Projects/MAPF/MAPF Evaluator/results/tlcpp-random32-20/runs/lg_lacam_fork_lg_tl/random-32-32-20/random-32-32-20-random-3_a50_s1_r0,1044,0.043,"{""agents"": ""50"", ""comp_time"": ""43"", ""makespan"": ""43"", ""makespan_lb"": ""42"", ""map_file"": ""random-32-32-20.map"", ""seed"": ""1"", ""soc"": ""1044"", ""soc_lb"": ""1007"", ""solved"": ""1"", ""solver"": ""planner"", ""sum_of_loss"": ""1036"", ""sum_of_loss_lb"": ""1007""}"
lg_lacam_fork:lg_suo,LG-LaCAM (window 20) + SUO,random-32-32-20,random-32-32-20-random-3,50,1,30.0,solved,0.054237,0.03,1029,43,1029,1007,42,1.021847,0,,/home/carsten/Projects/MAPF/MAPF Evaluator/results/tlcpp-random32-20/runs/lg_lacam_fork_lg_suo/random-32-32-20/random-32-32-20-random-3_a50_s1_r0,1029,0.03,"{""agents"": ""50"", ""comp_time"": ""30"", ""makespan"": ""43"", ""makespan_lb"": ""42"", ""map_file"": ""random-32-32-20.map"", ""seed"": ""1"", ""soc"": ""1029"", ""soc_lb"": ""1007"", ""solved"": ""1"", ""solver"": ""planner"", ""sum_of_loss"": ""1029"", ""sum_of_loss_lb"": ""1007""}"
lg_lacam_fork:lg_suo,LG-LaCAM (window 20) + SUO,random-32-32-20,random-32-32-20-random-3,50,0,30.0,solved,0.051265,0.02,1031,43,1031,1007,42,1.023833,0,,/home/carsten/Projects/MAPF/MAPF Evaluator/results/tlcpp-random32-20/runs/lg_lacam_fork_lg_suo/random-32-32-20/random-32-32-20-random-3_a50_s0_r0,1031,0.02,"{""agents"": ""50"", ""comp_time"": ""20"", ""makespan"": ""43"", ""makespan_lb"": ""42"", ""map_file"": ""random-32-32-20.map"", ""seed"": ""0"", ""soc"": ""1031"", ""soc_lb"": ""1007"", ""solved"": ""1"", ""solver"": ""planner"", ""sum_of_loss"": ""1031"", ""sum_of_loss_lb"": ""1007""}"
lg_lacam_fork:lg_suo,LG-LaCAM (window 20) + SUO,random-32-32-20,random-32-32-20-random-3,50,2,30.0,solved,0.04271,0.022,1042,43,1039,1007,42,1.034757,0,,/home/carsten/Projects/MAPF/MAPF Evaluator/results/tlcpp-random32-20/runs/lg_lacam_fork_lg_suo/random-32-32-20/random-32-32-20-random-3_a50_s2_r0,1042,0.022,"{""agents"": ""50"", ""comp_time"": ""22"", ""makespan"": ""43"", ""makespan_lb"": ""42"", ""map_file"": ""random-32-32-20.map"", ""seed"": ""2"", ""soc"": ""1042"", ""soc_lb"": ""1007"", ""solved"": ""1"", ""solver"": ""planner"", ""sum_of_loss"": ""1040"", ""sum_of_loss_lb"": ""1007""}"
lg_lacam_fork:lg_suo_tl,LG-LaCAM (window 20) + SUO + traffic load,random-32-32-20,random-32-32-20-random-3,50,0,30.0,solved,0.067398,0.037,1031,43,1031,1007,42,1.023833,0,,/home/carsten/Projects/MAPF/MAPF Evaluator/results/tlcpp-random32-20/runs/lg_lacam_fork_lg_suo_tl/random-32-32-20/random-32-32-20-random-3_a50_s0_r0,1031,0.037,"{""agents"": ""50"", ""comp_time"": ""37"", ""makespan"": ""43"", ""makespan_lb"": ""42"", ""map_file"": ""random-32-32-20.map"", ""seed"": ""0"", ""soc"": ""1031"", ""soc_lb"": ""1007"", ""solved"": ""1"", ""solver"": ""planner"", ""sum_of_loss"": ""1031"", ""sum_of_loss_lb"": ""1007""}"
lg_lacam_fork:lg_suo_tl,LG-LaCAM (window 20) + SUO + traffic load,random-32-32-20,random-32-32-20-random-3,50,1,30.0,solved,0.029772,0.018,1029,43,1029,1007,42,1.021847,0,,/home/carsten/Projects/MAPF/MAPF Evaluator/results/tlcpp-random32-20/runs/lg_lacam_fork_lg_suo_tl/random-32-32-20/random-32-32-20-random-3_a50_s1_r0,1029,0.018,"{""agents"": ""50"", ""comp_time"": ""18"", ""makespan"": ""43"", ""makespan_lb"": ""42"", ""map_file"": ""random-32-32-20.map"", ""seed"": ""1"", ""soc"": ""1029"", ""soc_lb"": ""1007"", ""solved"": ""1"", ""solver"": ""planner"", ""sum_of_loss"": ""1029"", ""sum_of_loss_lb"": ""1007""}"
lg_lacam_fork:lg_suo_tl,LG-LaCAM (window 20) + SUO + traffic load,random-32-32-20,random-32-32-20-random-3,50,2,30.0,solved,0.048559,0.024,1036,43,1033,1007,42,1.028798,0,,/home/carsten/Projects/MAPF/MAPF Evaluator/results/tlcpp-random32-20/runs/lg_lacam_fork_lg_suo_tl/random-32-32-20/random-32-32-20-random-3_a50_s2_r0,1036,0.024,"{""agents"": ""50"", ""comp_time"": ""24"", ""makespan"": ""43"", ""makespan_lb"": ""42"", ""map_file"": ""random-32-32-20.map"", ""seed"": ""2"", ""soc"": ""1036"", ""soc_lb"": ""1007"", ""solved"": ""1"", ""solver"": ""planner"", ""sum_of_loss"": ""1034"", ""sum_of_loss_lb"": ""1007""}"
lg_lacam_fork:lacam,"LaCAM (no guidance, first solution)",random-32-32-20,random-32-32-20-random-3,100,0,30.0,solved,0.047601,0.015,3045,50,2590,2083,42,1.461834,0,,/home/carsten/Projects/MAPF/MAPF Evaluator/results/tlcpp-random32-20/runs/lg_lacam_fork_lacam/random-32-32-20/random-32-32-20-random-3_a100_s0_r0,3045,0.015,"{""agents"": ""100"", ""comp_time"": ""15"", ""makespan"": ""50"", ""makespan_lb"": ""42"", ""map_file"": ""random-32-32-20.map"", ""seed"": ""0"", ""soc"": ""3045"", ""soc_lb"": ""2083"", ""solved"": ""1"", ""solver"": ""planner"", ""sum_of_loss"": ""2666"", ""sum_of_loss_lb"": ""2083""}"
lg_lacam_fork:lacam,"LaCAM (no guidance, first solution)",random-32-32-20,random-32-32-20-random-3,100,1,30.0,solved,0.052842,0.009,3021,53,2643,2083,42,1.450312,0,,/home/carsten/Projects/MAPF/MAPF Evaluator/results/tlcpp-random32-20/runs/lg_lacam_fork_lacam/random-32-32-20/random-32-32-20-random-3_a100_s1_r0,3021,0.009,"{""agents"": ""100"", ""comp_time"": ""9"", ""makespan"": ""53"", ""makespan_lb"": ""42"", ""map_file"": ""random-32-32-20.map"", ""seed"": ""1"", ""soc"": ""3021"", ""soc_lb"": ""2083"", ""solved"": ""1"", ""solver"": ""planner"", ""sum_of_loss"": ""2709"", ""sum_of_loss_lb"": ""2083""}"
lg_lacam_fork:tl,"LaCAM + traffic load (tie-break, per config)",random-32-32-20,random-32-32-20-random-3,100,0,30.0,solved,0.060626,0.024,2691,45,2415,2083,42,1.291887,0,,/home/carsten/Projects/MAPF/MAPF Evaluator/results/tlcpp-random32-20/runs/lg_lacam_fork_tl/random-32-32-20/random-32-32-20-random-3_a100_s0_r0,2691,0.024,"{""agents"": ""100"", ""comp_time"": ""24"", ""makespan"": ""45"", ""makespan_lb"": ""42"", ""map_file"": ""random-32-32-20.map"", ""seed"": ""0"", ""soc"": ""2691"", ""soc_lb"": ""2083"", ""solved"": ""1"", ""solver"": ""planner"", ""sum_of_loss"": ""2468"", ""sum_of_loss_lb"": ""2083""}"
lg_lacam_fork:tl,"LaCAM + traffic load (tie-break, per config)",random-32-32-20,random-32-32-20-random-3,100,1,30.0,solved,0.047606,0.013,2760,49,2447,2083,42,1.325012,0,,/home/carsten/Projects/MAPF/MAPF Evaluator/results/tlcpp-random32-20/runs/lg_lacam_fork_tl/random-32-32-20/random-32-32-20-random-3_a100_s1_r0,2760,0.013,"{""agents"": ""100"", ""comp_time"": ""13"", ""makespan"": ""49"", ""makespan_lb"": ""42"", ""map_file"": ""random-32-32-20.map"", ""seed"": ""1"", ""soc"": ""2760"", ""soc_lb"": ""2083"", ""solved"": ""1"", ""solver"": ""planner"", ""sum_of_loss"": ""2502"", ""sum_of_loss_lb"": ""2083""}"
lg_lacam_fork:lacam,"LaCAM (no guidance, first solution)",random-32-32-20,random-32-32-20-random-3,100,2,30.0,solved,0.075165,0.017,2983,50,2595,2083,42,1.432069,0,,/home/carsten/Projects/MAPF/MAPF Evaluator/results/tlcpp-random32-20/runs/lg_lacam_fork_lacam/random-32-32-20/random-32-32-20-random-3_a100_s2_r0,2983,0.017,"{""agents"": ""100"", ""comp_time"": ""17"", ""makespan"": ""50"", ""makespan_lb"": ""42"", ""map_file"": ""random-32-32-20.map"", ""seed"": ""2"", ""soc"": ""2983"", ""soc_lb"": ""2083"", ""solved"": ""1"", ""solver"": ""planner"", ""sum_of_loss"": ""2661"", ""sum_of_loss_lb"": ""2083""}"
lg_lacam_fork:tl,"LaCAM + traffic load (tie-break, per config)",random-32-32-20,random-32-32-20-random-3,100,2,30.0,solved,0.149117,0.019,2724,49,2425,2083,42,1.307729,0,,/home/carsten/Projects/MAPF/MAPF Evaluator/results/tlcpp-random32-20/runs/lg_lacam_fork_tl/random-32-32-20/random-32-32-20-random-3_a100_s2_r0,2724,0.019,"{""agents"": ""100"", ""comp_time"": ""19"", ""makespan"": ""49"", ""makespan_lb"": ""42"", ""map_file"": ""random-32-32-20.map"", ""seed"": ""2"", ""soc"": ""2724"", ""soc_lb"": ""2083"", ""solved"": ""1"", ""solver"": ""planner"", ""sum_of_loss"": ""2481"", ""sum_of_loss_lb"": ""2083""}"
lg_lacam_fork:tl_agent,"LaCAM + traffic load (tie-break, per agent)",random-32-32-20,random-32-32-20-random-3,100,0,30.0,solved,0.089714,0.037,2735,47,2412,2083,42,1.31301,0,,/home/carsten/Projects/MAPF/MAPF Evaluator/results/tlcpp-random32-20/runs/lg_lacam_fork_tl_agent/random-32-32-20/random-32-32-20-random-3_a100_s0_r0,2735,0.037,"{""agents"": ""100"", ""comp_time"": ""37"", ""makespan"": ""47"", ""makespan_lb"": ""42"", ""map_file"": ""random-32-32-20.map"", ""seed"": ""0"", ""soc"": ""2735"", ""soc_lb"": ""2083"", ""solved"": ""1"", ""solver"": ""planner"", ""sum_of_loss"": ""2467"", ""sum_of_loss_lb"": ""2083""}"
lg_lacam_fork:tl_agent,"LaCAM + traffic load (tie-break, per agent)",random-32-32-20,random-32-32-20-random-3,100,2,30.0,solved,0.090911,0.019,2746,46,2423,2083,42,1.318291,0,,/home/carsten/Projects/MAPF/MAPF Evaluator/results/tlcpp-random32-20/runs/lg_lacam_fork_tl_agent/random-32-32-20/random-32-32-20-random-3_a100_s2_r0,2746,0.019,"{""agents"": ""100"", ""comp_time"": ""19"", ""makespan"": ""46"", ""makespan_lb"": ""42"", ""map_file"": ""random-32-32-20.map"", ""seed"": ""2"", ""soc"": ""2746"", ""soc_lb"": ""2083"", ""solved"": ""1"", ""solver"": ""planner"", ""sum_of_loss"": ""2474"", ""sum_of_loss_lb"": ""2083""}"
lg_lacam_fork:tl_static,LaCAM + traffic load (static map from starts),random-32-32-20,random-32-32-20-random-3,100,0,30.0,solved,0.128649,0.045,3126,53,2620,2083,42,1.50072,0,,/home/carsten/Projects/MAPF/MAPF Evaluator/results/tlcpp-random32-20/runs/lg_lacam_fork_tl_static/random-32-32-20/random-32-32-20-random-3_a100_s0_r0,3126,0.045,"{""agents"": ""100"", ""comp_time"": ""45"", ""makespan"": ""53"", ""makespan_lb"": ""42"", ""map_file"": ""random-32-32-20.map"", ""seed"": ""0"", ""soc"": ""3126"", ""soc_lb"": ""2083"", ""solved"": ""1"", ""solver"": ""planner"", ""sum_of_loss"": ""2689"", ""sum_of_loss_lb"": ""2083""}"
lg_lacam_fork:tl_agent,"LaCAM + traffic load (tie-break, per agent)",random-32-32-20,random-32-32-20-random-3,100,1,30.0,solved,0.129403,0.08,2705,44,2390,2083,42,1.298608,0,,/home/carsten/Projects/MAPF/MAPF Evaluator/results/tlcpp-random32-20/runs/lg_lacam_fork_tl_agent/random-32-32-20/random-32-32-20-random-3_a100_s1_r0,2705,0.08,"{""agents"": ""100"", ""comp_time"": ""80"", ""makespan"": ""44"", ""makespan_lb"": ""42"", ""map_file"": ""random-32-32-20.map"", ""seed"": ""1"", ""soc"": ""2705"", ""soc_lb"": ""2083"", ""solved"": ""1"", ""solver"": ""planner"", ""sum_of_loss"": ""2445"", ""sum_of_loss_lb"": ""2083""}"
lg_lacam_fork:tl_static,LaCAM + traffic load (static map from starts),random-32-32-20,random-32-32-20-random-3,100,1,30.0,solved,0.110797,0.033,3127,53,2628,2083,42,1.5012,0,,/home/carsten/Projects/MAPF/MAPF Evaluator/results/tlcpp-random32-20/runs/lg_lacam_fork_tl_static/random-32-32-20/random-32-32-20-random-3_a100_s1_r0,3127,0.033,"{""agents"": ""100"", ""comp_time"": ""33"", ""makespan"": ""53"", ""makespan_lb"": ""42"", ""map_file"": ""random-32-32-20.map"", ""seed"": ""1"", ""soc"": ""3127"", ""soc_lb"": ""2083"", ""solved"": ""1"", ""solver"": ""planner"", ""sum_of_loss"": ""2694"", ""sum_of_loss_lb"": ""2083""}"
lg_lacam_fork:suo,LaCAM3 = SUO (first solution),random-32-32-20,random-32-32-20-random-3,100,1,30.0,solved,0.101832,0.045,2410,52,2342,2083,42,1.156985,0,,/home/carsten/Projects/MAPF/MAPF Evaluator/results/tlcpp-random32-20/runs/lg_lacam_fork_suo/random-32-32-20/random-32-32-20-random-3_a100_s1_r0,2410,0.045,"{""agents"": ""100"", ""comp_time"": ""45"", ""makespan"": ""52"", ""makespan_lb"": ""42"", ""map_file"": ""random-32-32-20.map"", ""seed"": ""1"", ""soc"": ""2410"", ""soc_lb"": ""2083"", ""solved"": ""1"", ""solver"": ""planner"", ""sum_of_loss"": ""2357"", ""sum_of_loss_lb"": ""2083""}"
lg_lacam_fork:tl_static,LaCAM + traffic load (static map from starts),random-32-32-20,random-32-32-20-random-3,100,2,30.0,solved,0.071192,0.041,3145,56,2639,2083,42,1.509842,0,,/home/carsten/Projects/MAPF/MAPF Evaluator/results/tlcpp-random32-20/runs/lg_lacam_fork_tl_static/random-32-32-20/random-32-32-20-random-3_a100_s2_r0,3145,0.041,"{""agents"": ""100"", ""comp_time"": ""41"", ""makespan"": ""56"", ""makespan_lb"": ""42"", ""map_file"": ""random-32-32-20.map"", ""seed"": ""2"", ""soc"": ""3145"", ""soc_lb"": ""2083"", ""solved"": ""1"", ""solver"": ""planner"", ""sum_of_loss"": ""2710"", ""sum_of_loss_lb"": ""2083""}"
lg_lacam_fork:suo,LaCAM3 = SUO (first solution),random-32-32-20,random-32-32-20-random-3,100,0,30.0,solved,0.114558,0.033,2283,50,2262,2083,42,1.096015,0,,/home/carsten/Projects/MAPF/MAPF Evaluator/results/tlcpp-random32-20/runs/lg_lacam_fork_suo/random-32-32-20/random-32-32-20-random-3_a100_s0_r0,2283,0.033,"{""agents"": ""100"", ""comp_time"": ""33"", ""makespan"": ""50"", ""makespan_lb"": ""42"", ""map_file"": ""random-32-32-20.map"", ""seed"": ""0"", ""soc"": ""2283"", ""soc_lb"": ""2083"", ""solved"": ""1"", ""solver"": ""planner"", ""sum_of_loss"": ""2266"", ""sum_of_loss_lb"": ""2083""}"
lg_lacam_fork:suo,LaCAM3 = SUO (first solution),random-32-32-20,random-32-32-20-random-3,100,2,30.0,solved,0.106945,0.029,2306,50,2285,2083,42,1.107057,0,,/home/carsten/Projects/MAPF/MAPF Evaluator/results/tlcpp-random32-20/runs/lg_lacam_fork_suo/random-32-32-20/random-32-32-20-random-3_a100_s2_r0,2306,0.029,"{""agents"": ""100"", ""comp_time"": ""29"", ""makespan"": ""50"", ""makespan_lb"": ""42"", ""map_file"": ""random-32-32-20.map"", ""seed"": ""2"", ""soc"": ""2306"", ""soc_lb"": ""2083"", ""solved"": ""1"", ""solver"": ""planner"", ""sum_of_loss"": ""2288"", ""sum_of_loss_lb"": ""2083""}"
lg_lacam_fork:suo_tl,SUO + traffic load,random-32-32-20,random-32-32-20-random-3,100,0,30.0,solved,0.098797,0.042,2272,50,2255,2083,42,1.090735,0,,/home/carsten/Projects/MAPF/MAPF Evaluator/results/tlcpp-random32-20/runs/lg_lacam_fork_suo_tl/random-32-32-20/random-32-32-20-random-3_a100_s0_r0,2272,0.042,"{""agents"": ""100"", ""comp_time"": ""42"", ""makespan"": ""50"", ""makespan_lb"": ""42"", ""map_file"": ""random-32-32-20.map"", ""seed"": ""0"", ""soc"": ""2272"", ""soc_lb"": ""2083"", ""solved"": ""1"", ""solver"": ""planner"", ""sum_of_loss"": ""2257"", ""sum_of_loss_lb"": ""2083""}"
lg_lacam_fork:suo_tl,SUO + traffic load,random-32-32-20,random-32-32-20-random-3,100,2,30.0,solved,0.129737,0.055,2299,50,2278,2083,42,1.103697,0,,/home/carsten/Projects/MAPF/MAPF Evaluator/results/tlcpp-random32-20/runs/lg_lacam_fork_suo_tl/random-32-32-20/random-32-32-20-random-3_a100_s2_r0,2299,0.055,"{""agents"": ""100"", ""comp_time"": ""55"", ""makespan"": ""50"", ""makespan_lb"": ""42"", ""map_file"": ""random-32-32-20.map"", ""seed"": ""2"", ""soc"": ""2299"", ""soc_lb"": ""2083"", ""solved"": ""1"", ""solver"": ""planner"", ""sum_of_loss"": ""2281"", ""sum_of_loss_lb"": ""2083""}"
lg_lacam_fork:suo_tl,SUO + traffic load,random-32-32-20,random-32-32-20-random-3,100,1,30.0,solved,0.231442,0.091,2386,52,2306,2083,42,1.145463,0,,/home/carsten/Projects/MAPF/MAPF Evaluator/results/tlcpp-random32-20/runs/lg_lacam_fork_suo_tl/random-32-32-20/random-32-32-20-random-3_a100_s1_r0,2386,0.091,"{""agents"": ""100"", ""comp_time"": ""91"", ""makespan"": ""52"", ""makespan_lb"": ""42"", ""map_file"": ""random-32-32-20.map"", ""seed"": ""1"", ""soc"": ""2386"", ""soc_lb"": ""2083"", ""solved"": ""1"", ""solver"": ""planner"", ""sum_of_loss"": ""2315"", ""sum_of_loss_lb"": ""2083""}"
lg_lacam_fork:lg,"LG-LaCAM (window 20, first solution)",random-32-32-20,random-32-32-20-random-3,100,0,30.0,solved,0.194585,0.107,2368,49,2258,2083,42,1.136822,0,,/home/carsten/Projects/MAPF/MAPF Evaluator/results/tlcpp-random32-20/runs/lg_lacam_fork_lg/random-32-32-20/random-32-32-20-random-3_a100_s0_r0,2368,0.107,"{""agents"": ""100"", ""comp_time"": ""107"", ""makespan"": ""49"", ""makespan_lb"": ""42"", ""map_file"": ""random-32-32-20.map"", ""seed"": ""0"", ""soc"": ""2368"", ""soc_lb"": ""2083"", ""solved"": ""1"", ""solver"": ""planner"", ""sum_of_loss"": ""2273"", ""sum_of_loss_lb"": ""2083""}"
lg_lacam_fork:lg,"LG-LaCAM (window 20, first solution)",random-32-32-20,random-32-32-20-random-3,100,1,30.0,solved,0.164186,0.079,2443,43,2218,2083,42,1.172828,0,,/home/carsten/Projects/MAPF/MAPF Evaluator/results/tlcpp-random32-20/runs/lg_lacam_fork_lg/random-32-32-20/random-32-32-20-random-3_a100_s1_r0,2443,0.079,"{""agents"": ""100"", ""comp_time"": ""79"", ""makespan"": ""43"", ""makespan_lb"": ""42"", ""map_file"": ""random-32-32-20.map"", ""seed"": ""1"", ""soc"": ""2443"", ""soc_lb"": ""2083"", ""solved"": ""1"", ""solver"": ""planner"", ""sum_of_loss"": ""2237"", ""sum_of_loss_lb"": ""2083""}"
lg_lacam_fork:lg,"LG-LaCAM (window 20, first solution)",random-32-32-20,random-32-32-20-random-3,100,2,30.0,solved,0.125976,0.072,2372,46,2211,2083,42,1.138742,0,,/home/carsten/Projects/MAPF/MAPF Evaluator/results/tlcpp-random32-20/runs/lg_lacam_fork_lg/random-32-32-20/random-32-32-20-random-3_a100_s2_r0,2372,0.072,"{""agents"": ""100"", ""comp_time"": ""72"", ""makespan"": ""46"", ""makespan_lb"": ""42"", ""map_file"": ""random-32-32-20.map"", ""seed"": ""2"", ""soc"": ""2372"", ""soc_lb"": ""2083"", ""solved"": ""1"", ""solver"": ""planner"", ""sum_of_loss"": ""2226"", ""sum_of_loss_lb"": ""2083""}"
lg_lacam_fork:lg_tl,LG-LaCAM (window 20) + traffic load,random-32-32-20,random-32-32-20-random-3,100,0,30.0,solved,0.165574,0.064,2326,47,2220,2083,42,1.116659,0,,/home/carsten/Projects/MAPF/MAPF Evaluator/results/tlcpp-random32-20/runs/lg_lacam_fork_lg_tl/random-32-32-20/random-32-32-20-random-3_a100_s0_r0,2326,0.064,"{""agents"": ""100"", ""comp_time"": ""64"", ""makespan"": ""47"", ""makespan_lb"": ""42"", ""map_file"": ""random-32-32-20.map"", ""seed"": ""0"", ""soc"": ""2326"", ""soc_lb"": ""2083"", ""solved"": ""1"", ""solver"": ""planner"", ""sum_of_loss"": ""2230"", ""sum_of_loss_lb"": ""2083""}"
lg_lacam_fork:lg_tl,LG-LaCAM (window 20) + traffic load,random-32-32-20,random-32-32-20-random-3,100,1,30.0,solved,0.161405,0.076,2406,43,2204,2083,42,1.155065,0,,/home/carsten/Projects/MAPF/MAPF Evaluator/results/tlcpp-random32-20/runs/lg_lacam_fork_lg_tl/random-32-32-20/random-32-32-20-random-3_a100_s1_r0,2406,0.076,"{""agents"": ""100"", ""comp_time"": ""76"", ""makespan"": ""43"", ""makespan_lb"": ""42"", ""map_file"": ""random-32-32-20.map"", ""seed"": ""1"", ""soc"": ""2406"", ""soc_lb"": ""2083"", ""solved"": ""1"", ""solver"": ""planner"", ""sum_of_loss"": ""2220"", ""sum_of_loss_lb"": ""2083""}"
lg_lacam_fork:lg_tl,LG-LaCAM (window 20) + traffic load,random-32-32-20,random-32-32-20-random-3,100,2,30.0,solved,0.299997,0.166,2324,43,2198,2083,42,1.115699,0,,/home/carsten/Projects/MAPF/MAPF Evaluator/results/tlcpp-random32-20/runs/lg_lacam_fork_lg_tl/random-32-32-20/random-32-32-20-random-3_a100_s2_r0,2324,0.166,"{""agents"": ""100"", ""comp_time"": ""166"", ""makespan"": ""43"", ""makespan_lb"": ""42"", ""map_file"": ""random-32-32-20.map"", ""seed"": ""2"", ""soc"": ""2324"", ""soc_lb"": ""2083"", ""solved"": ""1"", ""solver"": ""planner"", ""sum_of_loss"": ""2211"", ""sum_of_loss_lb"": ""2083""}"
lg_lacam_fork:lg_suo,LG-LaCAM (window 20) + SUO,random-32-32-20,random-32-32-20-random-3,100,0,30.0,solved,0.097463,0.055,2439,46,2257,2083,42,1.170907,0,,/home/carsten/Projects/MAPF/MAPF Evaluator/results/tlcpp-random32-20/runs/lg_lacam_fork_lg_suo/random-32-32-20/random-32-32-20-random-3_a100_s0_r0,2439,0.055,"{""agents"": ""100"", ""comp_time"": ""55"", ""makespan"": ""46"", ""makespan_lb"": ""42"", ""map_file"": ""random-32-32-20.map"", ""seed"": ""0"", ""soc"": ""2439"", ""soc_lb"": ""2083"", ""solved"": ""1"", ""solver"": ""planner"", ""sum_of_loss"": ""2281"", ""sum_of_loss_lb"": ""2083""}"
lg_lacam_fork:lg_suo,LG-LaCAM (window 20) + SUO,random-32-32-20,random-32-32-20-random-3,100,2,30.0,solved,0.08434,0.053,2300,46,2210,2083,42,1.104177,0,,/home/carsten/Projects/MAPF/MAPF Evaluator/results/tlcpp-random32-20/runs/lg_lacam_fork_lg_suo/random-32-32-20/random-32-32-20-random-3_a100_s2_r0,2300,0.053,"{""agents"": ""100"", ""comp_time"": ""53"", ""makespan"": ""46"", ""makespan_lb"": ""42"", ""map_file"": ""random-32-32-20.map"", ""seed"": ""2"", ""soc"": ""2300"", ""soc_lb"": ""2083"", ""solved"": ""1"", ""solver"": ""planner"", ""sum_of_loss"": ""2219"", ""sum_of_loss_lb"": ""2083""}"
lg_lacam_fork:lg_suo,LG-LaCAM (window 20) + SUO,random-32-32-20,random-32-32-20-random-3,100,1,30.0,solved,0.262627,0.126,2405,44,2233,2083,42,1.154585,0,,/home/carsten/Projects/MAPF/MAPF Evaluator/results/tlcpp-random32-20/runs/lg_lacam_fork_lg_suo/random-32-32-20/random-32-32-20-random-3_a100_s1_r0,2405,0.126,"{""agents"": ""100"", ""comp_time"": ""126"", ""makespan"": ""44"", ""makespan_lb"": ""42"", ""map_file"": ""random-32-32-20.map"", ""seed"": ""1"", ""soc"": ""2405"", ""soc_lb"": ""2083"", ""solved"": ""1"", ""solver"": ""planner"", ""sum_of_loss"": ""2254"", ""sum_of_loss_lb"": ""2083""}"
lg_lacam_fork:lg_suo_tl,LG-LaCAM (window 20) + SUO + traffic load,random-32-32-20,random-32-32-20-random-3,100,0,30.0,solved,0.141553,0.077,2337,46,2227,2083,42,1.12194,0,,/home/carsten/Projects/MAPF/MAPF Evaluator/results/tlcpp-random32-20/runs/lg_lacam_fork_lg_suo_tl/random-32-32-20/random-32-32-20-random-3_a100_s0_r0,2337,0.077,"{""agents"": ""100"", ""comp_time"": ""77"", ""makespan"": ""46"", ""makespan_lb"": ""42"", ""map_file"": ""random-32-32-20.map"", ""seed"": ""0"", ""soc"": ""2337"", ""soc_lb"": ""2083"", ""solved"": ""1"", ""solver"": ""planner"", ""sum_of_loss"": ""2238"", ""sum_of_loss_lb"": ""2083""}"
lg_lacam_fork:lg_suo_tl,LG-LaCAM (window 20) + SUO + traffic load,random-32-32-20,random-32-32-20-random-3,100,1,30.0,solved,0.114581,0.074,2382,46,2213,2083,42,1.143543,0,,/home/carsten/Projects/MAPF/MAPF Evaluator/results/tlcpp-random32-20/runs/lg_lacam_fork_lg_suo_tl/random-32-32-20/random-32-32-20-random-3_a100_s1_r0,2382,0.074,"{""agents"": ""100"", ""comp_time"": ""74"", ""makespan"": ""46"", ""makespan_lb"": ""42"", ""map_file"": ""random-32-32-20.map"", ""seed"": ""1"", ""soc"": ""2382"", ""soc_lb"": ""2083"", ""solved"": ""1"", ""solver"": ""planner"", ""sum_of_loss"": ""2230"", ""sum_of_loss_lb"": ""2083""}"
lg_lacam_fork:lg_suo_tl,LG-LaCAM (window 20) + SUO + traffic load,random-32-32-20,random-32-32-20-random-3,100,2,30.0,solved,0.204188,0.112,2307,46,2198,2083,42,1.107537,0,,/home/carsten/Projects/MAPF/MAPF Evaluator/results/tlcpp-random32-20/runs/lg_lacam_fork_lg_suo_tl/random-32-32-20/random-32-32-20-random-3_a100_s2_r0,2307,0.112,"{""agents"": ""100"", ""comp_time"": ""112"", ""makespan"": ""46"", ""makespan_lb"": ""42"", ""map_file"": ""random-32-32-20.map"", ""seed"": ""2"", ""soc"": ""2307"", ""soc_lb"": ""2083"", ""solved"": ""1"", ""solver"": ""planner"", ""sum_of_loss"": ""2208"", ""sum_of_loss_lb"": ""2083""}"
lg_lacam_fork:lacam,"LaCAM (no guidance, first solution)",random-32-32-20,random-32-32-20-random-3,150,0,30.0,solved,0.08756,0.01,5129,56,4454,3203,42,1.601311,0,,/home/carsten/Projects/MAPF/MAPF Evaluator/results/tlcpp-random32-20/runs/lg_lacam_fork_lacam/random-32-32-20/random-32-32-20-random-3_a150_s0_r0,5129,0.01,"{""agents"": ""150"", ""comp_time"": ""10"", ""makespan"": ""56"", ""makespan_lb"": ""42"", ""map_file"": ""random-32-32-20.map"", ""seed"": ""0"", ""soc"": ""5129"", ""soc_lb"": ""3203"", ""solved"": ""1"", ""solver"": ""planner"", ""sum_of_loss"": ""4586"", ""sum_of_loss_lb"": ""3203""}"
lg_lacam_fork:lacam,"LaCAM (no guidance, first solution)",random-32-32-20,random-32-32-20-random-3,150,2,30.0,solved,0.075905,0.012,5110,52,4402,3203,42,1.595379,0,,/home/carsten/Projects/MAPF/MAPF Evaluator/results/tlcpp-random32-20/runs/lg_lacam_fork_lacam/random-32-32-20/random-32-32-20-random-3_a150_s2_r0,5110,0.012,"{""agents"": ""150"", ""comp_time"": ""12"", ""makespan"": ""52"", ""makespan_lb"": ""42"", ""map_file"": ""random-32-32-20.map"", ""seed"": ""2"", ""soc"": ""5110"", ""soc_lb"": ""3203"", ""solved"": ""1"", ""solver"": ""planner"", ""sum_of_loss"": ""4540"", ""sum_of_loss_lb"": ""3203""}"
lg_lacam_fork:lacam,"LaCAM (no guidance, first solution)",random-32-32-20,random-32-32-20-random-3,150,1,30.0,solved,0.140686,0.032,5102,54,4335,3203,42,1.592882,0,,/home/carsten/Projects/MAPF/MAPF Evaluator/results/tlcpp-random32-20/runs/lg_lacam_fork_lacam/random-32-32-20/random-32-32-20-random-3_a150_s1_r0,5102,0.032,"{""agents"": ""150"", ""comp_time"": ""32"", ""makespan"": ""54"", ""makespan_lb"": ""42"", ""map_file"": ""random-32-32-20.map"", ""seed"": ""1"", ""soc"": ""5102"", ""soc_lb"": ""3203"", ""solved"": ""1"", ""solver"": ""planner"", ""sum_of_loss"": ""4486"", ""sum_of_loss_lb"": ""3203""}"
lg_lacam_fork:tl,"LaCAM + traffic load (tie-break, per config)",random-32-32-20,random-32-32-20-random-3,150,0,30.0,solved,0.096188,0.034,4748,47,4115,3203,42,1.48236,0,,/home/carsten/Projects/MAPF/MAPF Evaluator/results/tlcpp-random32-20/runs/lg_lacam_fork_tl/random-32-32-20/random-32-32-20-random-3_a150_s0_r0,4748,0.034,"{""agents"": ""150"", ""comp_time"": ""34"", ""makespan"": ""47"", ""makespan_lb"": ""42"", ""map_file"": ""random-32-32-20.map"", ""seed"": ""0"", ""soc"": ""4748"", ""soc_lb"": ""3203"", ""solved"": ""1"", ""solver"": ""planner"", ""sum_of_loss"": ""4236"", ""sum_of_loss_lb"": ""3203""}"
lg_lacam_fork:tl,"LaCAM + traffic load (tie-break, per config)",random-32-32-20,random-32-32-20-random-3,150,1,30.0,solved,0.108565,0.037,4995,52,4203,3203,42,1.559475,0,,/home/carsten/Projects/MAPF/MAPF Evaluator/results/tlcpp-random32-20/runs/lg_lacam_fork_tl/random-32-32-20/random-32-32-20-random-3_a150_s1_r0,4995,0.037,"{""agents"": ""150"", ""comp_time"": ""37"", ""makespan"": ""52"", ""makespan_lb"": ""42"", ""map_file"": ""random-32-32-20.map"", ""seed"": ""1"", ""soc"": ""4995"", ""soc_lb"": ""3203"", ""solved"": ""1"", ""solver"": ""planner"", ""sum_of_loss"": ""4330"", ""sum_of_loss_lb"": ""3203""}"
lg_lacam_fork:tl_agent,"LaCAM + traffic load (tie-break, per agent)",random-32-32-20,random-32-32-20-random-3,150,0,30.0,solved,0.142479,0.103,4849,52,4028,3203,42,1.513893,0,,/home/carsten/Projects/MAPF/MAPF Evaluator/results/tlcpp-random32-20/runs/lg_lacam_fork_tl_agent/random-32-32-20/random-32-32-20-random-3_a150_s0_r0,4849,0.103,"{""agents"": ""150"", ""comp_time"": ""103"", ""makespan"": ""52"", ""makespan_lb"": ""42"", ""map_file"": ""random-32-32-20.map"", ""seed"": ""0"", ""soc"": ""4849"", ""soc_lb"": ""3203"", ""solved"": ""1"", ""solver"": ""planner"", ""sum_of_loss"": ""4156"", ""sum_of_loss_lb"": ""3203""}"
lg_lacam_fork:tl,"LaCAM + traffic load (tie-break, per config)",random-32-32-20,random-32-32-20-random-3,150,2,30.0,solved,0.191882,0.046,4660,46,4064,3203,42,1.454886,0,,/home/carsten/Projects/MAPF/MAPF Evaluator/results/tlcpp-random32-20/runs/lg_lacam_fork_tl/random-32-32-20/random-32-32-20-random-3_a150_s2_r0,4660,0.046,"{""agents"": ""150"", ""comp_time"": ""46"", ""makespan"": ""46"", ""makespan_lb"": ""42"", ""map_file"": ""random-32-32-20.map"", ""seed"": ""2"", ""soc"": ""4660"", ""soc_lb"": ""3203"", ""solved"": ""1"", ""solver"": ""planner"", ""sum_of_loss"": ""4172"", ""sum_of_loss_lb"": ""3203""}"
lg_lacam_fork:tl_agent,"LaCAM + traffic load (tie-break, per agent)",random-32-32-20,random-32-32-20-random-3,150,1,30.0,solved,0.136346,0.074,4711,49,3976,3203,42,1.470809,0,,/home/carsten/Projects/MAPF/MAPF Evaluator/results/tlcpp-random32-20/runs/lg_lacam_fork_tl_agent/random-32-32-20/random-32-32-20-random-3_a150_s1_r0,4711,0.074,"{""agents"": ""150"", ""comp_time"": ""74"", ""makespan"": ""49"", ""makespan_lb"": ""42"", ""map_file"": ""random-32-32-20.map"", ""seed"": ""1"", ""soc"": ""4711"", ""soc_lb"": ""3203"", ""solved"": ""1"", ""solver"": ""planner"", ""sum_of_loss"": ""4093"", ""sum_of_loss_lb"": ""3203""}"
lg_lacam_fork:tl_agent,"LaCAM + traffic load (tie-break, per agent)",random-32-32-20,random-32-32-20-random-3,150,2,30.0,solved,0.222541,0.114,4936,54,4050,3203,42,1.541055,0,,/home/carsten/Projects/MAPF/MAPF Evaluator/results/tlcpp-random32-20/runs/lg_lacam_fork_tl_agent/random-32-32-20/random-32-32-20-random-3_a150_s2_r0,4936,0.114,"{""agents"": ""150"", ""comp_time"": ""114"", ""makespan"": ""54"", ""makespan_lb"": ""42"", ""map_file"": ""random-32-32-20.map"", ""seed"": ""2"", ""soc"": ""4936"", ""soc_lb"": ""3203"", ""solved"": ""1"", ""solver"": ""planner"", ""sum_of_loss"": ""4193"", ""sum_of_loss_lb"": ""3203""}"
lg_lacam_fork:tl_static,LaCAM + traffic load (static map from starts),random-32-32-20,random-32-32-20-random-3,150,1,30.0,solved,0.104975,0.056,5254,59,4433,3203,42,1.640337,0,,/home/carsten/Projects/MAPF/MAPF Evaluator/results/tlcpp-random32-20/runs/lg_lacam_fork_tl_static/random-32-32-20/random-32-32-20-random-3_a150_s1_r0,5254,0.056,"{""agents"": ""150"", ""comp_time"": ""56"", ""makespan"": ""59"", ""makespan_lb"": ""42"", ""map_file"": ""random-32-32-20.map"", ""seed"": ""1"", ""soc"": ""5254"", ""soc_lb"": ""3203"", ""solved"": ""1"", ""solver"": ""planner"", ""sum_of_loss"": ""4592"", ""sum_of_loss_lb"": ""3203""}"
lg_lacam_fork:tl_static,LaCAM + traffic load (static map from starts),random-32-32-20,random-32-32-20-random-3,150,0,30.0,solved,0.136677,0.086,5177,59,4418,3203,42,1.616297,0,,/home/carsten/Projects/MAPF/MAPF Evaluator/results/tlcpp-random32-20/runs/lg_lacam_fork_tl_static/random-32-32-20/random-32-32-20-random-3_a150_s0_r0,5177,0.086,"{""agents"": ""150"", ""comp_time"": ""86"", ""makespan"": ""59"", ""makespan_lb"": ""42"", ""map_file"": ""random-32-32-20.map"", ""seed"": ""0"", ""soc"": ""5177"", ""soc_lb"": ""3203"", ""solved"": ""1"", ""solver"": ""planner"", ""sum_of_loss"": ""4572"", ""sum_of_loss_lb"": ""3203""}"
lg_lacam_fork:tl_static,LaCAM + traffic load (static map from starts),random-32-32-20,random-32-32-20-random-3,150,2,30.0,solved,0.082251,0.022,5255,59,4436,3203,42,1.640649,0,,/home/carsten/Projects/MAPF/MAPF Evaluator/results/tlcpp-random32-20/runs/lg_lacam_fork_tl_static/random-32-32-20/random-32-32-20-random-3_a150_s2_r0,5255,0.022,"{""agents"": ""150"", ""comp_time"": ""22"", ""makespan"": ""59"", ""makespan_lb"": ""42"", ""map_file"": ""random-32-32-20.map"", ""seed"": ""2"", ""soc"": ""5255"", ""soc_lb"": ""3203"", ""solved"": ""1"", ""solver"": ""planner"", ""sum_of_loss"": ""4596"", ""sum_of_loss_lb"": ""3203""}"
lg_lacam_fork:suo,LaCAM3 = SUO (first solution),random-32-32-20,random-32-32-20-random-3,150,0,30.0,solved,0.194555,0.062,3856,52,3691,3203,42,1.203871,0,,/home/carsten/Projects/MAPF/MAPF Evaluator/results/tlcpp-random32-20/runs/lg_lacam_fork_suo/random-32-32-20/random-32-32-20-random-3_a150_s0_r0,3856,0.062,"{""agents"": ""150"", ""comp_time"": ""62"", ""makespan"": ""52"", ""makespan_lb"": ""42"", ""map_file"": ""random-32-32-20.map"", ""seed"": ""0"", ""soc"": ""3856"", ""soc_lb"": ""3203"", ""solved"": ""1"", ""solver"": ""planner"", ""sum_of_loss"": ""3715"", ""sum_of_loss_lb"": ""3203""}"
lg_lacam_fork:suo,LaCAM3 = SUO (first solution),random-32-32-20,random-32-32-20-random-3,150,2,30.0,solved,0.162898,0.065,4201,52,3898,3203,42,1.311583,0,,/home/carsten/Projects/MAPF/MAPF Evaluator/results/tlcpp-random32-20/runs/lg_lacam_fork_suo/random-32-32-20/random-32-32-20-random-3_a150_s2_r0,4201,0.065,"{""agents"": ""150"", ""comp_time"": ""65"", ""makespan"": ""52"", ""makespan_lb"": ""42"", ""map_file"": ""random-32-32-20.map"", ""seed"": ""2"", ""soc"": ""4201"", ""soc_lb"": ""3203"", ""solved"": ""1"", ""solver"": ""planner"", ""sum_of_loss"": ""3946"", ""sum_of_loss_lb"": ""3203""}"
lg_lacam_fork:suo,LaCAM3 = SUO (first solution),random-32-32-20,random-32-32-20-random-3,150,1,30.0,solved,0.207065,0.084,4003,50,3845,3203,42,1.249766,0,,/home/carsten/Projects/MAPF/MAPF Evaluator/results/tlcpp-random32-20/runs/lg_lacam_fork_suo/random-32-32-20/random-32-32-20-random-3_a150_s1_r0,4003,0.084,"{""agents"": ""150"", ""comp_time"": ""84"", ""makespan"": ""50"", ""makespan_lb"": ""42"", ""map_file"": ""random-32-32-20.map"", ""seed"": ""1"", ""soc"": ""4003"", ""soc_lb"": ""3203"", ""solved"": ""1"", ""solver"": ""planner"", ""sum_of_loss"": ""3877"", ""sum_of_loss_lb"": ""3203""}"
lg_lacam_fork:suo_tl,SUO + traffic load,random-32-32-20,random-32-32-20-random-3,150,0,30.0,solved,0.167433,0.048,3835,52,3681,3203,42,1.197315,0,,/home/carsten/Projects/MAPF/MAPF Evaluator/results/tlcpp-random32-20/runs/lg_lacam_fork_suo_tl/random-32-32-20/random-32-32-20-random-3_a150_s0_r0,3835,0.048,"{""agents"": ""150"", ""comp_time"": ""48"", ""makespan"": ""52"", ""makespan_lb"": ""42"", ""map_file"": ""random-32-32-20.map"", ""seed"": ""0"", ""soc"": ""3835"", ""soc_lb"": ""3203"", ""solved"": ""1"", ""solver"": ""planner"", ""sum_of_loss"": ""3697"", ""sum_of_loss_lb"": ""3203""}"
lg_lacam_fork:suo_tl,SUO + traffic load,random-32-32-20,random-32-32-20-random-3,150,1,30.0,solved,0.156852,0.087,3922,50,3755,3203,42,1.224477,0,,/home/carsten/Projects/MAPF/MAPF Evaluator/results/tlcpp-random32-20/runs/lg_lacam_fork_suo_tl/random-32-32-20/random-32-32-20-random-3_a150_s1_r0,3922,0.087,"{""agents"": ""150"", ""comp_time"": ""87"", ""makespan"": ""50"", ""makespan_lb"": ""42"", ""map_file"": ""random-32-32-20.map"", ""seed"": ""1"", ""soc"": ""3922"", ""soc_lb"": ""3203"", ""solved"": ""1"", ""solver"": ""planner"", ""sum_of_loss"": ""3781"", ""sum_of_loss_lb"": ""3203""}"
lg_lacam_fork:suo_tl,SUO + traffic load,random-32-32-20,random-32-32-20-random-3,150,2,30.0,solved,0.120108,0.056,4022,50,3798,3203,42,1.255698,0,,/home/carsten/Projects/MAPF/MAPF Evaluator/results/tlcpp-random32-20/runs/lg_lacam_fork_suo_tl/random-32-32-20/random-32-32-20-random-3_a150_s2_r0,4022,0.056,"{""agents"": ""150"", ""comp_time"": ""56"", ""makespan"": ""50"", ""makespan_lb"": ""42"", ""map_file"": ""random-32-32-20.map"", ""seed"": ""2"", ""soc"": ""4022"", ""soc_lb"": ""3203"", ""solved"": ""1"", ""solver"": ""planner"", ""sum_of_loss"": ""3836"", ""sum_of_loss_lb"": ""3203""}"
lg_lacam_fork:lg,"LG-LaCAM (window 20, first solution)",random-32-32-20,random-32-32-20-random-3,150,0,30.0,solved,0.207351,0.103,3876,45,3550,3203,42,1.210116,0,,/home/carsten/Projects/MAPF/MAPF Evaluator/results/tlcpp-random32-20/runs/lg_lacam_fork_lg/random-32-32-20/random-32-32-20-random-3_a150_s0_r0,3876,0.103,"{""agents"": ""150"", ""comp_time"": ""103"", ""makespan"": ""45"", ""makespan_lb"": ""42"", ""map_file"": ""random-32-32-20.map"", ""seed"": ""0"", ""soc"": ""3876"", ""soc_lb"": ""3203"", ""solved"": ""1"", ""solver"": ""planner"", ""sum_of_loss"": ""3583"", ""sum_of_loss_lb"": ""3203""}"
lg_lacam_fork:lg,"LG-LaCAM (window 20, first solution)",random-32-32-20,random-32-32-20-random-3,150,1,30.0,solved,0.21464,0.116,3984,45,3587,3203,42,1.243834,0,,/home/carsten/Projects/MAPF/MAPF Evaluator/results/tlcpp-random32-20/runs/lg_lacam_fork_lg/random-32-32-20/random-32-32-20-random-3_a150_s1_r0,3984,0.116,"{""agents"": ""150"", ""comp_time"": ""116"", ""makespan"": ""45"", ""makespan_lb"": ""42"", ""map_file"": ""random-32-32-20.map"", ""seed"": ""1"", ""soc"": ""3984"", ""soc_lb"": ""3203"", ""solved"": ""1"", ""solver"": ""planner"", ""sum_of_loss"": ""3626"", ""sum_of_loss_lb"": ""3203""}"
lg_lacam_fork:lg_tl,LG-LaCAM (window 20) + traffic load,random-32-32-20,random-32-32-20-random-3,150,0,30.0,solved,0.154505,0.058,3820,51,3520,3203,42,1.192632,0,,/home/carsten/Projects/MAPF/MAPF Evaluator/results/tlcpp-random32-20/runs/lg_lacam_fork_lg_tl/random-32-32-20/random-32-32-20-random-3_a150_s0_r0,3820,0.058,"{""agents"": ""150"", ""comp_time"": ""58"", ""makespan"": ""51"", ""makespan_lb"": ""42"", ""map_file"": ""random-32-32-20.map"", ""seed"": ""0"", ""soc"": ""3820"", ""soc_lb"": ""3203"", ""solved"": ""1"", ""solver"": ""planner"", ""sum_of_loss"": ""3549"", ""sum_of_loss_lb"": ""3203""}"
lg_lacam_fork:lg,"LG-LaCAM (window 20, first solution)",random-32-32-20,random-32-32-20-random-3,150,2,30.0,solved,0.330383,0.206,3917,53,3593,3203,42,1.222916,0,,/home/carsten/Projects/MAPF/MAPF Evaluator/results/tlcpp-random32-20/runs/lg_lacam_fork_lg/random-32-32-20/random-32-32-20-random-3_a150_s2_r0,3917,0.206,"{""agents"": ""150"", ""comp_time"": ""206"", ""makespan"": ""53"", ""makespan_lb"": ""42"", ""map_file"": ""random-32-32-20.map"", ""seed"": ""2"", ""soc"": ""3917"", ""soc_lb"": ""3203"", ""solved"": ""1"", ""solver"": ""planner"", ""sum_of_loss"": ""3627"", ""sum_of_loss_lb"": ""3203""}"
lg_lacam_fork:lg_tl,LG-LaCAM (window 20) + traffic load,random-32-32-20,random-32-32-20-random-3,150,1,30.0,solved,0.298729,0.181,3913,49,3566,3203,42,1.221667,0,,/home/carsten/Projects/MAPF/MAPF Evaluator/results/tlcpp-random32-20/runs/lg_lacam_fork_lg_tl/random-32-32-20/random-32-32-20-random-3_a150_s1_r0,3913,0.181,"{""agents"": ""150"", ""comp_time"": ""181"", ""makespan"": ""49"", ""makespan_lb"": ""42"", ""map_file"": ""random-32-32-20.map"", ""seed"": ""1"", ""soc"": ""3913"", ""soc_lb"": ""3203"", ""solved"": ""1"", ""solver"": ""planner"", ""sum_of_loss"": ""3600"", ""sum_of_loss_lb"": ""3203""}"
lg_lacam_fork:lg_tl,LG-LaCAM (window 20) + traffic load,random-32-32-20,random-32-32-20-random-3,150,2,30.0,solved,0.323695,0.26,3897,49,3574,3203,42,1.216672,0,,/home/carsten/Projects/MAPF/MAPF Evaluator/results/tlcpp-random32-20/runs/lg_lacam_fork_lg_tl/random-32-32-20/random-32-32-20-random-3_a150_s2_r0,3897,0.26,"{""agents"": ""150"", ""comp_time"": ""260"", ""makespan"": ""49"", ""makespan_lb"": ""42"", ""map_file"": ""random-32-32-20.map"", ""seed"": ""2"", ""soc"": ""3897"", ""soc_lb"": ""3203"", ""solved"": ""1"", ""solver"": ""planner"", ""sum_of_loss"": ""3609"", ""sum_of_loss_lb"": ""3203""}"
lg_lacam_fork:lg_suo,LG-LaCAM (window 20) + SUO,random-32-32-20,random-32-32-20-random-3,150,1,30.0,solved,0.29148,0.196,3846,53,3544,3203,42,1.200749,0,,/home/carsten/Projects/MAPF/MAPF Evaluator/results/tlcpp-random32-20/runs/lg_lacam_fork_lg_suo/random-32-32-20/random-32-32-20-random-3_a150_s1_r0,3846,0.196,"{""agents"": ""150"", ""comp_time"": ""196"", ""makespan"": ""53"", ""makespan_lb"": ""42"", ""map_file"": ""random-32-32-20.map"", ""seed"": ""1"", ""soc"": ""3846"", ""soc_lb"": ""3203"", ""solved"": ""1"", ""solver"": ""planner"", ""sum_of_loss"": ""3577"", ""sum_of_loss_lb"": ""3203""}"
lg_lacam_fork:lg_suo,LG-LaCAM (window 20) + SUO,random-32-32-20,random-32-32-20-random-3,150,0,30.0,solved,0.302896,0.176,3959,46,3578,3203,42,1.236029,0,,/home/carsten/Projects/MAPF/MAPF Evaluator/results/tlcpp-random32-20/runs/lg_lacam_fork_lg_suo/random-32-32-20/random-32-32-20-random-3_a150_s0_r0,3959,0.176,"{""agents"": ""150"", ""comp_time"": ""176"", ""makespan"": ""46"", ""makespan_lb"": ""42"", ""map_file"": ""random-32-32-20.map"", ""seed"": ""0"", ""soc"": ""3959"", ""soc_lb"": ""3203"", ""solved"": ""1"", ""solver"": ""planner"", ""sum_of_loss"": ""3614"", ""sum_of_loss_lb"": ""3203""}"
lg_lacam_fork:lg_suo,LG-LaCAM (window 20) + SUO,random-32-32-20,random-32-32-20-random-3,150,2,30.0,solved,0.380976,0.27,3933,48,3588,3203,42,1.227911,0,,/home/carsten/Projects/MAPF/MAPF Evaluator/results/tlcpp-random32-20/runs/lg_lacam_fork_lg_suo/random-32-32-20/random-32-32-20-random-3_a150_s2_r0,3933,0.27,"{""agents"": ""150"", ""comp_time"": ""270"", ""makespan"": ""48"", ""makespan_lb"": ""42"", ""map_file"": ""random-32-32-20.map"", ""seed"": ""2"", ""soc"": ""3933"", ""soc_lb"": ""3203"", ""solved"": ""1"", ""solver"": ""planner"", ""sum_of_loss"": ""3621"", ""sum_of_loss_lb"": ""3203""}"
lg_lacam_fork:lg_suo_tl,LG-LaCAM (window 20) + SUO + traffic load,random-32-32-20,random-32-32-20-random-3,150,0,30.0,solved,0.495054,0.379,3833,47,3527,3203,42,1.196691,0,,/home/carsten/Projects/MAPF/MAPF Evaluator/results/tlcpp-random32-20/runs/lg_lacam_fork_lg_suo_tl/random-32-32-20/random-32-32-20-random-3_a150_s0_r0,3833,0.379,"{""agents"": ""150"", ""comp_time"": ""379"", ""makespan"": ""47"", ""makespan_lb"": ""42"", ""map_file"": ""random-32-32-20.map"", ""seed"": ""0"", ""soc"": ""3833"", ""soc_lb"": ""3203"", ""solved"": ""1"", ""solver"": ""planner"", ""sum_of_loss"": ""3558"", ""sum_of_loss_lb"": ""3203""}"
lg_lacam_fork:lg_suo_tl,LG-LaCAM (window 20) + SUO + traffic load,random-32-32-20,random-32-32-20-random-3,150,1,30.0,solved,0.211213,0.162,3731,45,3514,3203,42,1.164845,0,,/home/carsten/Projects/MAPF/MAPF Evaluator/results/tlcpp-random32-20/runs/lg_lacam_fork_lg_suo_tl/random-32-32-20/random-32-32-20-random-3_a150_s1_r0,3731,0.162,"{""agents"": ""150"", ""comp_time"": ""162"", ""makespan"": ""45"", ""makespan_lb"": ""42"", ""map_file"": ""random-32-32-20.map"", ""seed"": ""1"", ""soc"": ""3731"", ""soc_lb"": ""3203"", ""solved"": ""1"", ""solver"": ""planner"", ""sum_of_loss"": ""3535"", ""sum_of_loss_lb"": ""3203""}"
lg_lacam_fork:lg_suo_tl,LG-LaCAM (window 20) + SUO + traffic load,random-32-32-20,random-32-32-20-random-3,150,2,30.0,solved,0.314534,0.166,3863,46,3547,3203,42,1.206057,0,,/home/carsten/Projects/MAPF/MAPF Evaluator/results/tlcpp-random32-20/runs/lg_lacam_fork_lg_suo_tl/random-32-32-20/random-32-32-20-random-3_a150_s2_r0,3863,0.166,"{""agents"": ""150"", ""comp_time"": ""166"", ""makespan"": ""46"", ""makespan_lb"": ""42"", ""map_file"": ""random-32-32-20.map"", ""seed"": ""2"", ""soc"": ""3863"", ""soc_lb"": ""3203"", ""solved"": ""1"", ""solver"": ""planner"", ""sum_of_loss"": ""3574"", ""sum_of_loss_lb"": ""3203""}"
lg_lacam_fork:lacam,"LaCAM (no guidance, first solution)",random-32-32-20,random-32-32-20-random-3,200,0,30.0,solved,0.179024,0.03,7977,65,6859,4300,56,1.855116,0,,/home/carsten/Projects/MAPF/MAPF Evaluator/results/tlcpp-random32-20/runs/lg_lacam_fork_lacam/random-32-32-20/random-32-32-20-random-3_a200_s0_r0,7977,0.03,"{""agents"": ""200"", ""comp_time"": ""30"", ""makespan"": ""65"", ""makespan_lb"": ""56"", ""map_file"": ""random-32-32-20.map"", ""seed"": ""0"", ""soc"": ""7977"", ""soc_lb"": ""4300"", ""solved"": ""1"", ""solver"": ""planner"", ""sum_of_loss"": ""7100"", ""sum_of_loss_lb"": ""4300""}"
lg_lacam_fork:lacam,"LaCAM (no guidance, first solution)",random-32-32-20,random-32-32-20-random-3,200,1,30.0,solved,0.170969,0.086,8338,76,6942,4300,56,1.93907,0,,/home/carsten/Projects/MAPF/MAPF Evaluator/results/tlcpp-random32-20/runs/lg_lacam_fork_lacam/random-32-32-20/random-32-32-20-random-3_a200_s1_r0,8338,0.086,"{""agents"": ""200"", ""comp_time"": ""86"", ""makespan"": ""76"", ""makespan_lb"": ""56"", ""map_file"": ""random-32-32-20.map"", ""seed"": ""1"", ""soc"": ""8338"", ""soc_lb"": ""4300"", ""solved"": ""1"", ""solver"": ""planner"", ""sum_of_loss"": ""7230"", ""sum_of_loss_lb"": ""4300""}"
lg_lacam_fork:lacam,"LaCAM (no guidance, first solution)",random-32-32-20,random-32-32-20-random-3,200,2,30.0,solved,0.072321,0.026,7930,63,6730,4300,56,1.844186,0,,/home/carsten/Projects/MAPF/MAPF Evaluator/results/tlcpp-random32-20/runs/lg_lacam_fork_lacam/random-32-32-20/random-32-32-20-random-3_a200_s2_r0,7930,0.026,"{""agents"": ""200"", ""comp_time"": ""26"", ""makespan"": ""63"", ""makespan_lb"": ""56"", ""map_file"": ""random-32-32-20.map"", ""seed"": ""2"", ""soc"": ""7930"", ""soc_lb"": ""4300"", ""solved"": ""1"", ""solver"": ""planner"", ""sum_of_loss"": ""6997"", ""sum_of_loss_lb"": ""4300""}"
lg_lacam_fork:tl,"LaCAM + traffic load (tie-break, per config)",random-32-32-20,random-32-32-20-random-3,200,0,30.0,solved,0.10358,0.046,7471,56,6250,4300,56,1.737442,0,,/home/carsten/Projects/MAPF/MAPF Evaluator/results/tlcpp-random32-20/runs/lg_lacam_fork_tl/random-32-32-20/random-32-32-20-random-3_a200_s0_r0,7471,0.046,"{""agents"": ""200"", ""comp_time"": ""46"", ""makespan"": ""56"", ""makespan_lb"": ""56"", ""map_file"": ""random-32-32-20.map"", ""seed"": ""0"", ""soc"": ""7471"", ""soc_lb"": ""4300"", ""solved"": ""1"", ""solver"": ""planner"", ""sum_of_loss"": ""6463"", ""sum_of_loss_lb"": ""4300""}"
lg_lacam_fork:tl,"LaCAM + traffic load (tie-break, per config)",random-32-32-20,random-32-32-20-random-3,200,1,30.0,solved,0.101936,0.028,7460,58,6272,4300,56,1.734884,0,,/home/carsten/Projects/MAPF/MAPF Evaluator/results/tlcpp-random32-20/runs/lg_lacam_fork_tl/random-32-32-20/random-32-32-20-random-3_a200_s1_r0,7460,0.028,"{""agents"": ""200"", ""comp_time"": ""28"", ""makespan"": ""58"", ""makespan_lb"": ""56"", ""map_file"": ""random-32-32-20.map"", ""seed"": ""1"", ""soc"": ""7460"", ""soc_lb"": ""4300"", ""solved"": ""1"", ""solver"": ""planner"", ""sum_of_loss"": ""6483"", ""sum_of_loss_lb"": ""4300""}"
lg_lacam_fork:tl,"LaCAM + traffic load (tie-break, per config)",random-32-32-20,random-32-32-20-random-3,200,2,30.0,solved,0.220305,0.077,7545,63,6267,4300,56,1.754651,0,,/home/carsten/Projects/MAPF/MAPF Evaluator/results/tlcpp-random32-20/runs/lg_lacam_fork_tl/random-32-32-20/random-32-32-20-random-3_a200_s2_r0,7545,0.077,"{""agents"": ""200"", ""comp_time"": ""77"", ""makespan"": ""63"", ""makespan_lb"": ""56"", ""map_file"": ""random-32-32-20.map"", ""seed"": ""2"", ""soc"": ""7545"", ""soc_lb"": ""4300"", ""solved"": ""1"", ""solver"": ""planner"", ""sum_of_loss"": ""6506"", ""sum_of_loss_lb"": ""4300""}"
lg_lacam_fork:tl_agent,"LaCAM + traffic load (tie-break, per agent)",random-32-32-20,random-32-32-20-random-3,200,0,30.0,solved,0.167785,0.044,7174,56,6061,4300,56,1.668372,0,,/home/carsten/Projects/MAPF/MAPF Evaluator/results/tlcpp-random32-20/runs/lg_lacam_fork_tl_agent/random-32-32-20/random-32-32-20-random-3_a200_s0_r0,7174,0.044,"{""agents"": ""200"", ""comp_time"": ""44"", ""makespan"": ""56"", ""makespan_lb"": ""56"", ""map_file"": ""random-32-32-20.map"", ""seed"": ""0"", ""soc"": ""7174"", ""soc_lb"": ""4300"", ""solved"": ""1"", ""solver"": ""planner"", ""sum_of_loss"": ""6291"", ""sum_of_loss_lb"": ""4300""}"
lg_lacam_fork:tl_agent,"LaCAM + traffic load (tie-break, per agent)",random-32-32-20,random-32-32-20-random-3,200,1,30.0,solved,0.184411,0.053,7031,58,5975,4300,56,1.635116,0,,/home/carsten/Projects/MAPF/MAPF Evaluator/results/tlcpp-random32-20/runs/lg_lacam_fork_tl_agent/random-32-32-20/random-32-32-20-random-3_a200_s1_r0,7031,0.053,"{""agents"": ""200"", ""comp_time"": ""53"", ""makespan"": ""58"", ""makespan_lb"": ""56"", ""map_file"": ""random-32-32-20.map"", ""seed"": ""1"", ""soc"": ""7031"", ""soc_lb"": ""4300"", ""solved"": ""1"", ""solver"": ""planner"", ""sum_of_loss"": ""6202"", ""sum_of_loss_lb"": ""4300""}"
lg_lacam_fork:tl_agent,"LaCAM + traffic load (tie-break, per agent)",random-32-32-20,random-32-32-20-random-3,200,2,30.0,solved,0.229794,0.076,7109,56,5945,4300,56,1.653256,0,,/home/carsten/Projects/MAPF/MAPF Evaluator/results/tlcpp-random32-20/runs/lg_lacam_fork_tl_agent/random-32-32-20/random-32-32-20-random-3_a200_s2_r0,7109,0.076,"{""agents"": ""200"", ""comp_time"": ""76"", ""makespan"": ""56"", ""makespan_lb"": ""56"", ""map_file"": ""random-32-32-20.map"", ""seed"": ""2"", ""soc"": ""7109"", ""soc_lb"": ""4300"", ""solved"": ""1"", ""solver"": ""planner"", ""sum_of_loss"": ""6159"", ""sum_of_loss_lb"": ""4300""}"
lg_lacam_fork:tl_static,LaCAM + traffic load (static map from starts),random-32-32-20,random-32-32-20-random-3,200,0,30.0,solved,0.430981,0.24,10393,169,8508,4300,56,2.416977,0,,/home/carsten/Projects/MAPF/MAPF Evaluator/results/tlcpp-random32-20/runs/lg_lacam_fork_tl_static/random-32-32-20/random-32-32-20-random-3_a200_s0_r0,10393,0.24,"{""agents"": ""200"", ""comp_time"": ""240"", ""makespan"": ""169"", ""makespan_lb"": ""56"", ""map_file"": ""random-32-32-20.map"", ""seed"": ""0"", ""soc"": ""10393"", ""soc_lb"": ""4300"", ""solved"": ""1"", ""solver"": ""planner"", ""sum_of_loss"": ""9214"", ""sum_of_loss_lb"": ""4300""}"
lg_lacam_fork:tl_static,LaCAM + traffic load (static map from starts),random-32-32-20,random-32-32-20-random-3,200,1,30.0,solved,0.429302,0.26,9683,154,7968,4300,56,2.25186,0,,/home/carsten/Projects/MAPF/MAPF Evaluator/results/tlcpp-random32-20/runs/lg_lacam_fork_tl_static/random-32-32-20/random-32-32-20-random-3_a200_s1_r0,9683,0.26,"{""agents"": ""200"", ""comp_time"": ""260"", ""makespan"": ""154"", ""makespan_lb"": ""56"", ""map_file"": ""random-32-32-20.map"", ""seed"": ""1"", ""soc"": ""9683"", ""soc_lb"": ""4300"", ""solved"": ""1"", ""solver"": ""planner"", ""sum_of_loss"": ""8535"", ""sum_of_loss_lb"": ""4300""}"
lg_lacam_fork:suo,LaCAM3 = SUO (first solution),random-32-32-20,random-32-32-20-random-3,200,0,30.0,solved,0.245062,0.135,6677,58,5766,4300,56,1.552791,0,,/home/carsten/Projects/MAPF/MAPF Evaluator/results/tlcpp-random32-20/runs/lg_lacam_fork_suo/random-32-32-20/random-32-32-20-random-3_a200_s0_r0,6677,0.135,"{""agents"": ""200"", ""comp_time"": ""135"", ""makespan"": ""58"", ""makespan_lb"": ""56"", ""map_file"": ""random-32-32-20.map"", ""seed"": ""0"", ""soc"": ""6677"", ""soc_lb"": ""4300"", ""solved"": ""1"", ""solver"": ""planner"", ""sum_of_loss"": ""5915"", ""sum_of_loss_lb"": ""4300""}"
lg_lacam_fork:tl_static,LaCAM + traffic load (static map from starts),random-32-32-20,random-32-32-20-random-3,200,2,30.0,solved,0.54359,0.369,10010,153,8116,4300,56,2.327907,0,,/home/carsten/Projects/MAPF/MAPF Evaluator/results/tlcpp-random32-20/runs/lg_lacam_fork_tl_static/random-32-32-20/random-32-32-20-random-3_a200_s2_r0,10010,0.369,"{""agents"": ""200"", ""comp_time"": ""369"", ""makespan"": ""153"", ""makespan_lb"": ""56"", ""map_file"": ""random-32-32-20.map"", ""seed"": ""2"", ""soc"": ""10010"", ""soc_lb"": ""4300"", ""solved"": ""1"", ""solver"": ""planner"", ""sum_of_loss"": ""8717"", ""sum_of_loss_lb"": ""4300""}"
lg_lacam_fork:suo,LaCAM3 = SUO (first solution),random-32-32-20,random-32-32-20-random-3,200,1,30.0,solved,0.204647,0.106,6633,66,5679,4300,56,1.542558,0,,/home/carsten/Projects/MAPF/MAPF Evaluator/results/tlcpp-random32-20/runs/lg_lacam_fork_suo/random-32-32-20/random-32-32-20-random-3_a200_s1_r0,6633,0.106,"{""agents"": ""200"", ""comp_time"": ""106"", ""makespan"": ""66"", ""makespan_lb"": ""56"", ""map_file"": ""random-32-32-20.map"", ""seed"": ""1"", ""soc"": ""6633"", ""soc_lb"": ""4300"", ""solved"": ""1"", ""solver"": ""planner"", ""sum_of_loss"": ""5804"", ""sum_of_loss_lb"": ""4300""}"
lg_lacam_fork:suo,LaCAM3 = SUO (first solution),random-32-32-20,random-32-32-20-random-3,200,2,30.0,solved,0.13938,0.086,6761,58,5874,4300,56,1.572326,0,,/home/carsten/Projects/MAPF/MAPF Evaluator/results/tlcpp-random32-20/runs/lg_lacam_fork_suo/random-32-32-20/random-32-32-20-random-3_a200_s2_r0,6761,0.086,"{""agents"": ""200"", ""comp_time"": ""86"", ""makespan"": ""58"", ""makespan_lb"": ""56"", ""map_file"": ""random-32-32-20.map"", ""seed"": ""2"", ""soc"": ""6761"", ""soc_lb"": ""4300"", ""solved"": ""1"", ""solver"": ""planner"", ""sum_of_loss"": ""6010"", ""sum_of_loss_lb"": ""4300""}"
lg_lacam_fork:suo_tl,SUO + traffic load,random-32-32-20,random-32-32-20-random-3,200,0,30.0,solved,0.161817,0.096,6238,56,5549,4300,56,1.450698,0,,/home/carsten/Projects/MAPF/MAPF Evaluator/results/tlcpp-random32-20/runs/lg_lacam_fork_suo_tl/random-32-32-20/random-32-32-20-random-3_a200_s0_r0,6238,0.096,"{""agents"": ""200"", ""comp_time"": ""96"", ""makespan"": ""56"", ""makespan_lb"": ""56"", ""map_file"": ""random-32-32-20.map"", ""seed"": ""0"", ""soc"": ""6238"", ""soc_lb"": ""4300"", ""solved"": ""1"", ""solver"": ""planner"", ""sum_of_loss"": ""5654"", ""sum_of_loss_lb"": ""4300""}"
lg_lacam_fork:suo_tl,SUO + traffic load,random-32-32-20,random-32-32-20-random-3,200,1,30.0,solved,0.156386,0.104,6235,64,5477,4300,56,1.45,0,,/home/carsten/Projects/MAPF/MAPF Evaluator/results/tlcpp-random32-20/runs/lg_lacam_fork_suo_tl/random-32-32-20/random-32-32-20-random-3_a200_s1_r0,6235,0.104,"{""agents"": ""200"", ""comp_time"": ""104"", ""makespan"": ""64"", ""makespan_lb"": ""56"", ""map_file"": ""random-32-32-20.map"", ""seed"": ""1"", ""soc"": ""6235"", ""soc_lb"": ""4300"", ""solved"": ""1"", ""solver"": ""planner"", ""sum_of_loss"": ""5578"", ""sum_of_loss_lb"": ""4300""}"
lg_lacam_fork:lg,"LG-LaCAM (window 20, first solution)",random-32-32-20,random-32-32-20-random-3,200,0,30.0,solved,0.337288,0.238,6185,67,5296,4300,56,1.438372,0,,/home/carsten/Projects/MAPF/MAPF Evaluator/results/tlcpp-random32-20/runs/lg_lacam_fork_lg/random-32-32-20/random-32-32-20-random-3_a200_s0_r0,6185,0.238,"{""agents"": ""200"", ""comp_time"": ""238"", ""makespan"": ""67"", ""makespan_lb"": ""56"", ""map_file"": ""random-32-32-20.map"", ""seed"": ""0"", ""soc"": ""6185"", ""soc_lb"": ""4300"", ""solved"": ""1"", ""solver"": ""planner"", ""sum_of_loss"": ""5399"", ""sum_of_loss_lb"": ""4300""}"
lg_lacam_fork:suo_tl,SUO + traffic load,random-32-32-20,random-32-32-20-random-3,200,2,30.0,solved,0.411874,0.297,6427,58,5661,4300,56,1.494651,0,,/home/carsten/Projects/MAPF/MAPF Evaluator/results/tlcpp-random32-20/runs/lg_lacam_fork_suo_tl/random-32-32-20/random-32-32-20-random-3_a200_s2_r0,6427,0.297,"{""agents"": ""200"", ""comp_time"": ""297"", ""makespan"": ""58"", ""makespan_lb"": ""56"", ""map_file"": ""random-32-32-20.map"", ""seed"": ""2"", ""soc"": ""6427"", ""soc_lb"": ""4300"", ""solved"": ""1"", ""solver"": ""planner"", ""sum_of_loss"": ""5758"", ""sum_of_loss_lb"": ""4300""}"
lg_lacam_fork:lg,"LG-LaCAM (window 20, first solution)",random-32-32-20,random-32-32-20-random-3,200,1,30.0,solved,0.426421,0.314,5925,65,5178,4300,56,1.377907,0,,/home/carsten/Projects/MAPF/MAPF Evaluator/results/tlcpp-random32-20/runs/lg_lacam_fork_lg/random-32-32-20/random-32-32-20-random-3_a200_s1_r0,5925,0.314,"{""agents"": ""200"", ""comp_time"": ""314"", ""makespan"": ""65"", ""makespan_lb"": ""56"", ""map_file"": ""random-32-32-20.map"", ""seed"": ""1"", ""soc"": ""5925"", ""soc_lb"": ""4300"", ""solved"": ""1"", ""solver"": ""planner"", ""sum_of_loss"": ""5264"", ""sum_of_loss_lb"": ""4300""}"
lg_lacam_fork:lg,"LG-LaCAM (window 20, first solution)",random-32-32-20,random-32-32-20-random-3,200,2,30.0,solved,0.183102,0.092,5898,67,5111,4300,56,1.371628,0,,/home/carsten/Projects/MAPF/MAPF Evaluator/results/tlcpp-random32-20/runs/lg_lacam_fork_lg/random-32-32-20/random-32-32-20-random-3_a200_s2_r0,5898,0.092,"{""agents"": ""200"", ""comp_time"": ""92"", ""makespan"": ""67"", ""makespan_lb"": ""56"", ""map_file"": ""random-32-32-20.map"", ""seed"": ""2"", ""soc"": ""5898"", ""soc_lb"": ""4300"", ""solved"": ""1"", ""solver"": ""planner"", ""sum_of_loss"": ""5191"", ""sum_of_loss_lb"": ""4300""}"
lg_lacam_fork:lg_tl,LG-LaCAM (window 20) + traffic load,random-32-32-20,random-32-32-20-random-3,200,2,30.0,solved,0.464185,0.376,5775,58,5034,4300,56,1.343023,0,,/home/carsten/Projects/MAPF/MAPF Evaluator/results/tlcpp-random32-20/runs/lg_lacam_fork_lg_tl/random-32-32-20/random-32-32-20-random-3_a200_s2_r0,5775,0.376,"{""agents"": ""200"", ""comp_time"": ""376"", ""makespan"": ""58"", ""makespan_lb"": ""56"", ""map_file"": ""random-32-32-20.map"", ""seed"": ""2"", ""soc"": ""5775"", ""soc_lb"": ""4300"", ""solved"": ""1"", ""solver"": ""planner"", ""sum_of_loss"": ""5120"", ""sum_of_loss_lb"": ""4300""}"
lg_lacam_fork:lg_tl,LG-LaCAM (window 20) + traffic load,random-32-32-20,random-32-32-20-random-3,200,1,30.0,solved,0.52148,0.441,5777,64,5079,4300,56,1.343488,0,,/home/carsten/Projects/MAPF/MAPF Evaluator/results/tlcpp-random32-20/runs/lg_lacam_fork_lg_tl/random-32-32-20/random-32-32-20-random-3_a200_s1_r0,5777,0.441,"{""agents"": ""200"", ""comp_time"": ""441"", ""makespan"": ""64"", ""makespan_lb"": ""56"", ""map_file"": ""random-32-32-20.map"", ""seed"": ""1"", ""soc"": ""5777"", ""soc_lb"": ""4300"", ""solved"": ""1"", ""solver"": ""planner"", ""sum_of_loss"": ""5154"", ""sum_of_loss_lb"": ""4300""}"
lg_lacam_fork:lg_tl,LG-LaCAM (window 20) + traffic load,random-32-32-20,random-32-32-20-random-3,200,0,30.0,solved,0.529688,0.436,5876,69,5151,4300,56,1.366512,0,,/home/carsten/Projects/MAPF/MAPF Evaluator/results/tlcpp-random32-20/runs/lg_lacam_fork_lg_tl/random-32-32-20/random-32-32-20-random-3_a200_s0_r0,5876,0.436,"{""agents"": ""200"", ""comp_time"": ""436"", ""makespan"": ""69"", ""makespan_lb"": ""56"", ""map_file"": ""random-32-32-20.map"", ""seed"": ""0"", ""soc"": ""5876"", ""soc_lb"": ""4300"", ""solved"": ""1"", ""solver"": ""planner"", ""sum_of_loss"": ""5224"", ""sum_of_loss_lb"": ""4300""}"
lg_lacam_fork:lg_suo,LG-LaCAM (window 20) + SUO,random-32-32-20,random-32-32-20-random-3,200,0,30.0,solved,0.358851,0.206,5809,66,5183,4300,56,1.35093,0,,/home/carsten/Projects/MAPF/MAPF Evaluator/results/tlcpp-random32-20/runs/lg_lacam_fork_lg_suo/random-32-32-20/random-32-32-20-random-3_a200_s0_r0,5809,0.206,"{""agents"": ""200"", ""comp_time"": ""206"", ""makespan"": ""66"", ""makespan_lb"": ""56"", ""map_file"": ""random-32-32-20.map"", ""seed"": ""0"", ""soc"": ""5809"", ""soc_lb"": ""4300"", ""solved"": ""1"", ""solver"": ""planner"", ""sum_of_loss"": ""5266"", ""sum_of_loss_lb"": ""4300""}"
lg_lacam_fork:lg_suo,LG-LaCAM (window 20) + SUO,random-32-32-20,random-32-32-20-random-3,200,1,30.0,solved,0.462542,0.335,5751,58,5121,4300,56,1.337442,0,,/home/carsten/Projects/MAPF/MAPF Evaluator/results/tlcpp-random32-20/runs/lg_lacam_fork_lg_suo/random-32-32-20/random-32-32-20-random-3_a200_s1_r0,5751,0.335,"{""agents"": ""200"", ""comp_time"": ""335"", ""makespan"": ""58"", ""makespan_lb"": ""56"", ""map_file"": ""random-32-32-20.map"", ""seed"": ""1"", ""soc"": ""5751"", ""soc_lb"": ""4300"", ""solved"": ""1"", ""solver"": ""planner"", ""sum_of_loss"": ""5202"", ""sum_of_loss_lb"": ""4300""}"
lg_lacam_fork:lg_suo_tl,LG-LaCAM (window 20) + SUO + traffic load,random-32-32-20,random-32-32-20-random-3,200,0,30.0,solved,0.477596,0.353,5769,64,5148,4300,56,1.341628,0,,/home/carsten/Projects/MAPF/MAPF Evaluator/results/tlcpp-random32-20/runs/lg_lacam_fork_lg_suo_tl/random-32-32-20/random-32-32-20-random-3_a200_s0_r0,5769,0.353,"{""agents"": ""200"", ""comp_time"": ""353"", ""makespan"": ""64"", ""makespan_lb"": ""56"", ""map_file"": ""random-32-32-20.map"", ""seed"": ""0"", ""soc"": ""5769"", ""soc_lb"": ""4300"", ""solved"": ""1"", ""solver"": ""planner"", ""sum_of_loss"": ""5220"", ""sum_of_loss_lb"": ""4300""}"
lg_lacam_fork:lacam,"LaCAM (no guidance, first solution)",random-32-32-20,random-32-32-20-random-4,50,0,30.0,solved,0.041795,0.013,1319,46,1156,1035,46,1.274396,0,,/home/carsten/Projects/MAPF/MAPF Evaluator/results/tlcpp-random32-20/runs/lg_lacam_fork_lacam/random-32-32-20/random-32-32-20-random-4_a50_s0_r0,1319,0.013,"{""agents"": ""50"", ""comp_time"": ""13"", ""makespan"": ""46"", ""makespan_lb"": ""46"", ""map_file"": ""random-32-32-20.map"", ""seed"": ""0"", ""soc"": ""1319"", ""soc_lb"": ""1035"", ""solved"": ""1"", ""solver"": ""planner"", ""sum_of_loss"": ""1179"", ""sum_of_loss_lb"": ""1035""}"
lg_lacam_fork:lg_suo_tl,LG-LaCAM (window 20) + SUO + traffic load,random-32-32-20,random-32-32-20-random-3,200,1,30.0,solved,0.641581,0.524,5906,57,5142,4300,56,1.373488,0,,/home/carsten/Projects/MAPF/MAPF Evaluator/results/tlcpp-random32-20/runs/lg_lacam_fork_lg_suo_tl/random-32-32-20/random-32-32-20-random-3_a200_s1_r0,5906,0.524,"{""agents"": ""200"", ""comp_time"": ""524"", ""makespan"": ""57"", ""makespan_lb"": ""56"", ""map_file"": ""random-32-32-20.map"", ""seed"": ""1"", ""soc"": ""5906"", ""soc_lb"": ""4300"", ""solved"": ""1"", ""solver"": ""planner"", ""sum_of_loss"": ""5235"", ""sum_of_loss_lb"": ""4300""}"
lg_lacam_fork:lg_suo,LG-LaCAM (window 20) + SUO,random-32-32-20,random-32-32-20-random-3,200,2,30.0,solved,0.601282,0.496,6080,57,5273,4300,56,1.413953,0,,/home/carsten/Projects/MAPF/MAPF Evaluator/results/tlcpp-random32-20/runs/lg_lacam_fork_lg_suo/random-32-32-20/random-32-32-20-random-3_a200_s2_r0,6080,0.496,"{""agents"": ""200"", ""comp_time"": ""496"", ""makespan"": ""57"", ""makespan_lb"": ""56"", ""map_file"": ""random-32-32-20.map"", ""seed"": ""2"", ""soc"": ""6080"", ""soc_lb"": ""4300"", ""solved"": ""1"", ""solver"": ""planner"", ""sum_of_loss"": ""5379"", ""sum_of_loss_lb"": ""4300""}"
lg_lacam_fork:lacam,"LaCAM (no guidance, first solution)",random-32-32-20,random-32-32-20-random-4,50,2,30.0,solved,0.020218,0.005,1317,46,1165,1035,46,1.272464,0,,/home/carsten/Projects/MAPF/MAPF Evaluator/results/tlcpp-random32-20/runs/lg_lacam_fork_lacam/random-32-32-20/random-32-32-20-random-4_a50_s2_r0,1317,0.005,"{""agents"": ""50"", ""comp_time"": ""5"", ""makespan"": ""46"", ""makespan_lb"": ""46"", ""map_file"": ""random-32-32-20.map"", ""seed"": ""2"", ""soc"": ""1317"", ""soc_lb"": ""1035"", ""solved"": ""1"", ""solver"": ""planner"", ""sum_of_loss"": ""1186"", ""sum_of_loss_lb"": ""1035""}"
lg_lacam_fork:lacam,"LaCAM (no guidance, first solution)",random-32-32-20,random-32-32-20-random-4,50,1,30.0,solved,0.025493,0.009,1398,46,1167,1035,46,1.350725,0,,/home/carsten/Projects/MAPF/MAPF Evaluator/results/tlcpp-random32-20/runs/lg_lacam_fork_lacam/random-32-32-20/random-32-32-20-random-4_a50_s1_r0,1398,0.009,"{""agents"": ""50"", ""comp_time"": ""9"", ""makespan"": ""46"", ""makespan_lb"": ""46"", ""map_file"": ""random-32-32-20.map"", ""seed"": ""1"", ""soc"": ""1398"", ""soc_lb"": ""1035"", ""solved"": ""1"", ""solver"": ""planner"", ""sum_of_loss"": ""1193"", ""sum_of_loss_lb"": ""1035""}"
lg_lacam_fork:tl,"LaCAM + traffic load (tie-break, per config)",random-32-32-20,random-32-32-20-random-4,50,0,30.0,solved,0.069552,0.025,1234,46,1084,1035,46,1.192271,0,,/home/carsten/Projects/MAPF/MAPF Evaluator/results/tlcpp-random32-20/runs/lg_lacam_fork_tl/random-32-32-20/random-32-32-20-random-4_a50_s0_r0,1234,0.025,"{""agents"": ""50"", ""comp_time"": ""25"", ""makespan"": ""46"", ""makespan_lb"": ""46"", ""map_file"": ""random-32-32-20.map"", ""seed"": ""0"", ""soc"": ""1234"", ""soc_lb"": ""1035"", ""solved"": ""1"", ""solver"": ""planner"", ""sum_of_loss"": ""1100"", ""sum_of_loss_lb"": ""1035""}"
lg_lacam_fork:tl,"LaCAM + traffic load (tie-break, per config)",random-32-32-20,random-32-32-20-random-4,50,1,30.0,solved,0.041211,0.014,1220,46,1083,1035,46,1.178744,0,,/home/carsten/Projects/MAPF/MAPF Evaluator/results/tlcpp-random32-20/runs/lg_lacam_fork_tl/random-32-32-20/random-32-32-20-random-4_a50_s1_r0,1220,0.014,"{""agents"": ""50"", ""comp_time"": ""14"", ""makespan"": ""46"", ""makespan_lb"": ""46"", ""map_file"": ""random-32-32-20.map"", ""seed"": ""1"", ""soc"": ""1220"", ""soc_lb"": ""1035"", ""solved"": ""1"", ""solver"": ""planner"", ""sum_of_loss"": ""1098"", ""sum_of_loss_lb"": ""1035""}"
lg_lacam_fork:tl,"LaCAM + traffic load (tie-break, per config)",random-32-32-20,random-32-32-20-random-4,50,2,30.0,solved,0.022806,0.008,1253,46,1086,1035,46,1.210628,0,,/home/carsten/Projects/MAPF/MAPF Evaluator/results/tlcpp-random32-20/runs/lg_lacam_fork_tl/random-32-32-20/random-32-32-20-random-4_a50_s2_r0,1253,0.008,"{""agents"": ""50"", ""comp_time"": ""8"", ""makespan"": ""46"", ""makespan_lb"": ""46"", ""map_file"": ""random-32-32-20.map"", ""seed"": ""2"", ""soc"": ""1253"", ""soc_lb"": ""1035"", ""solved"": ""1"", ""solver"": ""planner"", ""sum_of_loss"": ""1102"", ""sum_of_loss_lb"": ""1035""}"
lg_lacam_fork:tl_agent,"LaCAM + traffic load (tie-break, per agent)",random-32-32-20,random-32-32-20-random-4,50,1,30.0,solved,0.062036,0.024,1245,46,1089,1035,46,1.202899,0,,/home/carsten/Projects/MAPF/MAPF Evaluator/results/tlcpp-random32-20/runs/lg_lacam_fork_tl_agent/random-32-32-20/random-32-32-20-random-4_a50_s1_r0,1245,0.024,"{""agents"": ""50"", ""comp_time"": ""24"", ""makespan"": ""46"", ""makespan_lb"": ""46"", ""map_file"": ""random-32-32-20.map"", ""seed"": ""1"", ""soc"": ""1245"", ""soc_lb"": ""1035"", ""solved"": ""1"", ""solver"": ""planner"", ""sum_of_loss"": ""1104"", ""sum_of_loss_lb"": ""1035""}"
lg_lacam_fork:tl_agent,"LaCAM + traffic load (tie-break, per agent)",random-32-32-20,random-32-32-20-random-4,50,0,30.0,solved,0.086114,0.02,1257,46,1087,1035,46,1.214493,0,,/home/carsten/Projects/MAPF/MAPF Evaluator/results/tlcpp-random32-20/runs/lg_lacam_fork_tl_agent/random-32-32-20/random-32-32-20-random-4_a50_s0_r0,1257,0.02,"{""agents"": ""50"", ""comp_time"": ""20"", ""makespan"": ""46"", ""makespan_lb"": ""46"", ""map_file"": ""random-32-32-20.map"", ""seed"": ""0"", ""soc"": ""1257"", ""soc_lb"": ""1035"", ""solved"": ""1"", ""solver"": ""planner"", ""sum_of_loss"": ""1104"", ""sum_of_loss_lb"": ""1035""}"
lg_lacam_fork:tl_agent,"LaCAM + traffic load (tie-break, per agent)",random-32-32-20,random-32-32-20-random-4,50,2,30.0,solved,0.045647,0.019,1261,46,1087,1035,46,1.218357,0,,/home/carsten/Projects/MAPF/MAPF Evaluator/results/tlcpp-random32-20/runs/lg_lacam_fork_tl_agent/random-32-32-20/random-32-32-20-random-4_a50_s2_r0,1261,0.019,"{""agents"": ""50"", ""comp_time"": ""19"", ""makespan"": ""46"", ""makespan_lb"": ""46"", ""map_file"": ""random-32-32-20.map"", ""seed"": ""2"", ""soc"": ""1261"", ""soc_lb"": ""1035"", ""solved"": ""1"", ""solver"": ""planner"", ""sum_of_loss"": ""1104"", ""sum_of_loss_lb"": ""1035""}"
lg_lacam_fork:lg_suo_tl,LG-LaCAM (window 20) + SUO + traffic load,random-32-32-20,random-32-32-20-random-3,200,2,30.0,solved,0.346421,0.231,5761,57,5092,4300,56,1.339767,0,,/home/carsten/Projects/MAPF/MAPF Evaluator/results/tlcpp-random32-20/runs/lg_lacam_fork_lg_suo_tl/random-32-32-20/random-32-32-20-random-3_a200_s2_r0,5761,0.231,"{""agents"": ""200"", ""comp_time"": ""231"", ""makespan"": ""57"", ""makespan_lb"": ""56"", ""map_file"": ""random-32-32-20.map"", ""seed"": ""2"", ""soc"": ""5761"", ""soc_lb"": ""4300"", ""solved"": ""1"", ""solver"": ""planner"", ""sum_of_loss"": ""5179"", ""sum_of_loss_lb"": ""4300""}"
lg_lacam_fork:tl_static,LaCAM + traffic load (static map from starts),random-32-32-20,random-32-32-20-random-4,50,2,30.0,solved,0.0387,0.014,1283,46,1129,1035,46,1.239614,0,,/home/carsten/Projects/MAPF/MAPF Evaluator/results/tlcpp-random32-20/runs/lg_lacam_fork_tl_static/random-32-32-20/random-32-32-20-random-4_a50_s2_r0,1283,0.014,"{""agents"": ""50"", ""comp_time"": ""14"", ""makespan"": ""46"", ""makespan_lb"": ""46"", ""map_file"": ""random-32-32-20.map"", ""seed"": ""2"", ""soc"": ""1283"", ""soc_lb"": ""1035"", ""solved"": ""1"", ""solver"": ""planner"", ""sum_of_loss"": ""1145"", ""sum_of_loss_lb"": ""1035""}"
lg_lacam_fork:tl_static,LaCAM + traffic load (static map from starts),random-32-32-20,random-32-32-20-random-4,50,0,30.0,solved,0.054174,0.019,1283,46,1126,1035,46,1.239614,0,,/home/carsten/Projects/MAPF/MAPF Evaluator/results/tlcpp-random32-20/runs/lg_lacam_fork_tl_static/random-32-32-20/random-32-32-20-random-4_a50_s0_r0,1283,0.019,"{""agents"": ""50"", ""comp_time"": ""19"", ""makespan"": ""46"", ""makespan_lb"": ""46"", ""map_file"": ""random-32-32-20.map"", ""seed"": ""0"", ""soc"": ""1283"", ""soc_lb"": ""1035"", ""solved"": ""1"", ""solver"": ""planner"", ""sum_of_loss"": ""1146"", ""sum_of_loss_lb"": ""1035""}"
lg_lacam_fork:tl_static,LaCAM + traffic load (static map from starts),random-32-32-20,random-32-32-20-random-4,50,1,30.0,solved,0.093451,0.007,1297,48,1125,1035,46,1.25314,0,,/home/carsten/Projects/MAPF/MAPF Evaluator/results/tlcpp-random32-20/runs/lg_lacam_fork_tl_static/random-32-32-20/random-32-32-20-random-4_a50_s1_r0,1297,0.007,"{""agents"": ""50"", ""comp_time"": ""7"", ""makespan"": ""48"", ""makespan_lb"": ""46"", ""map_file"": ""random-32-32-20.map"", ""seed"": ""1"", ""soc"": ""1297"", ""soc_lb"": ""1035"", ""solved"": ""1"", ""solver"": ""planner"", ""sum_of_loss"": ""1144"", ""sum_of_loss_lb"": ""1035""}"
lg_lacam_fork:suo,LaCAM3 = SUO (first solution),random-32-32-20,random-32-32-20-random-4,50,0,30.0,solved,0.071071,0.006,1086,52,1086,1035,46,1.049275,0,,/home/carsten/Projects/MAPF/MAPF Evaluator/results/tlcpp-random32-20/runs/lg_lacam_fork_suo/random-32-32-20/random-32-32-20-random-4_a50_s0_r0,1086,0.006,"{""agents"": ""50"", ""comp_time"": ""6"", ""makespan"": ""52"", ""makespan_lb"": ""46"", ""map_file"": ""random-32-32-20.map"", ""seed"": ""0"", ""soc"": ""1086"", ""soc_lb"": ""1035"", ""solved"": ""1"", ""solver"": ""planner"", ""sum_of_loss"": ""1086"", ""sum_of_loss_lb"": ""1035""}"
lg_lacam_fork:suo,LaCAM3 = SUO (first solution),random-32-32-20,random-32-32-20-random-4,50,1,30.0,solved,0.05939,0.005,1078,52,1078,1035,46,1.041546,0,,/home/carsten/Projects/MAPF/MAPF Evaluator/results/tlcpp-random32-20/runs/lg_lacam_fork_suo/random-32-32-20/random-32-32-20-random-4_a50_s1_r0,1078,0.005,"{""agents"": ""50"", ""comp_time"": ""5"", ""makespan"": ""52"", ""makespan_lb"": ""46"", ""map_file"": ""random-32-32-20.map"", ""seed"": ""1"", ""soc"": ""1078"", ""soc_lb"": ""1035"", ""solved"": ""1"", ""solver"": ""planner"", ""sum_of_loss"": ""1078"", ""sum_of_loss_lb"": ""1035""}"
lg_lacam_fork:suo_tl,SUO + traffic load,random-32-32-20,random-32-32-20-random-4,50,0,30.0,solved,0.034496,0.016,1085,52,1085,1035,46,1.048309,0,,/home/carsten/Projects/MAPF/MAPF Evaluator/results/tlcpp-random32-20/runs/lg_lacam_fork_suo_tl/random-32-32-20/random-32-32-20-random-4_a50_s0_r0,1085,0.016,"{""agents"": ""50"", ""comp_time"": ""16"", ""makespan"": ""52"", ""makespan_lb"": ""46"", ""map_file"": ""random-32-32-20.map"", ""seed"": ""0"", ""soc"": ""1085"", ""soc_lb"": ""1035"", ""solved"": ""1"", ""solver"": ""planner"", ""sum_of_loss"": ""1085"", ""sum_of_loss_lb"": ""1035""}"
lg_lacam_fork:suo,LaCAM3 = SUO (first solution),random-32-32-20,random-32-32-20-random-4,50,2,30.0,solved,0.040901,0.024,1084,52,1084,1035,46,1.047343,0,,/home/carsten/Projects/MAPF/MAPF Evaluator/results/tlcpp-random32-20/runs/lg_lacam_fork_suo/random-32-32-20/random-32-32-20-random-4_a50_s2_r0,1084,0.024,"{""agents"": ""50"", ""comp_time"": ""24"", ""makespan"": ""52"", ""makespan_lb"": ""46"", ""map_file"": ""random-32-32-20.map"", ""seed"": ""2"", ""soc"": ""1084"", ""soc_lb"": ""1035"", ""solved"": ""1"", ""solver"": ""planner"", ""sum_of_loss"": ""1084"", ""sum_of_loss_lb"": ""1035""}"
lg_lacam_fork:suo_tl,SUO + traffic load,random-32-32-20,random-32-32-20-random-4,50,1,30.0,solved,0.043463,0.014,1077,52,1077,1035,46,1.04058,0,,/home/carsten/Projects/MAPF/MAPF Evaluator/results/tlcpp-random32-20/runs/lg_lacam_fork_suo_tl/random-32-32-20/random-32-32-20-random-4_a50_s1_r0,1077,0.014,"{""agents"": ""50"", ""comp_time"": ""14"", ""makespan"": ""52"", ""makespan_lb"": ""46"", ""map_file"": ""random-32-32-20.map"", ""seed"": ""1"", ""soc"": ""1077"", ""soc_lb"": ""1035"", ""solved"": ""1"", ""solver"": ""planner"", ""sum_of_loss"": ""1077"", ""sum_of_loss_lb"": ""1035""}"
lg_lacam_fork:lg,"LG-LaCAM (window 20, first solution)",random-32-32-20,random-32-32-20-random-4,50,1,30.0,solved,0.023098,0.011,1069,46,1061,1035,46,1.03285,0,,/home/carsten/Projects/MAPF/MAPF Evaluator/results/tlcpp-random32-20/runs/lg_lacam_fork_lg/random-32-32-20/random-32-32-20-random-4_a50_s1_r0,1069,0.011,"{""agents"": ""50"", ""comp_time"": ""11"", ""makespan"": ""46"", ""makespan_lb"": ""46"", ""map_file"": ""random-32-32-20.map"", ""seed"": ""1"", ""soc"": ""1069"", ""soc_lb"": ""1035"", ""solved"": ""1"", ""solver"": ""planner"", ""sum_of_loss"": ""1062"", ""sum_of_loss_lb"": ""1035""}"
lg_lacam_fork:suo_tl,SUO + traffic load,random-32-32-20,random-32-32-20-random-4,50,2,30.0,solved,0.037701,0.01,1085,52,1085,1035,46,1.048309,0,,/home/carsten/Projects/MAPF/MAPF Evaluator/results/tlcpp-random32-20/runs/lg_lacam_fork_suo_tl/random-32-32-20/random-32-32-20-random-4_a50_s2_r0,1085,0.01,"{""agents"": ""50"", ""comp_time"": ""10"", ""makespan"": ""52"", ""makespan_lb"": ""46"", ""map_file"": ""random-32-32-20.map"", ""seed"": ""2"", ""soc"": ""1085"", ""soc_lb"": ""1035"", ""solved"": ""1"", ""solver"": ""planner"", ""sum_of_loss"": ""1085"", ""sum_of_loss_lb"": ""1035""}"
lg_lacam_fork:lg,"LG-LaCAM (window 20, first solution)",random-32-32-20,random-32-32-20-random-4,50,0,30.0,solved,0.035995,0.008,1072,48,1063,1035,46,1.035749,0,,/home/carsten/Projects/MAPF/MAPF Evaluator/results/tlcpp-random32-20/runs/lg_lacam_fork_lg/random-32-32-20/random-32-32-20-random-4_a50_s0_r0,1072,0.008,"{""agents"": ""50"", ""comp_time"": ""8"", ""makespan"": ""48"", ""makespan_lb"": ""46"", ""map_file"": ""random-32-32-20.map"", ""seed"": ""0"", ""soc"": ""1072"", ""soc_lb"": ""1035"", ""solved"": ""1"", ""solver"": ""planner"", ""sum_of_loss"": ""1065"", ""sum_of_loss_lb"": ""1035""}"
lg_lacam_fork:lg_tl,LG-LaCAM (window 20) + traffic load,random-32-32-20,random-32-32-20-random-4,50,0,30.0,solved,0.037254,0.008,1068,46,1060,1035,46,1.031884,0,,/home/carsten/Projects/MAPF/MAPF Evaluator/results/tlcpp-random32-20/runs/lg_lacam_fork_lg_tl/random-32-32-20/random-32-32-20-random-4_a50_s0_r0,1068,0.008,"{""agents"": ""50"", ""comp_time"": ""8"", ""makespan"": ""46"", ""makespan_lb"": ""46"", ""map_file"": ""random-32-32-20.map"", ""seed"": ""0"", ""soc"": ""1068"", ""soc_lb"": ""1035"", ""solved"": ""1"", ""solver"": ""planner"", ""sum_of_loss"": ""1061"", ""sum_of_loss_lb"": ""1035""}"
lg_lacam_fork:lg,"LG-LaCAM (window 20, first solution)",random-32-32-20,random-32-32-20-random-4,50,2,30.0,solved,0.058372,0.005,1072,46,1062,1035,46,1.035749,0,,/home/carsten/Projects/MAPF/MAPF Evaluator/results/tlcpp-random32-20/runs/lg_lacam_fork_lg/random-32-32-20/random-32-32-20-random-4_a50_s2_r0,1072,0.005,"{""agents"": ""50"", ""comp_time"": ""5"", ""makespan"": ""46"", ""makespan_lb"": ""46"", ""map_file"": ""random-32-32-20.map"", ""seed"": ""2"", ""soc"": ""1072"", ""soc_lb"": ""1035"", ""solved"": ""1"", ""solver"": ""planner"", ""sum_of_loss"": ""1064"", ""sum_of_loss_lb"": ""1035""}"
lg_lacam_fork:lg_tl,LG-LaCAM (window 20) + traffic load,random-32-32-20,random-32-32-20-random-4,50,1,30.0,solved,0.044222,0.008,1069,46,1061,1035,46,1.03285,0,,/home/carsten/Projects/MAPF/MAPF Evaluator/results/tlcpp-random32-20/runs/lg_lacam_fork_lg_tl/random-32-32-20/random-32-32-20-random-4_a50_s1_r0,1069,0.008,"{""agents"": ""50"", ""comp_time"": ""8"", ""makespan"": ""46"", ""makespan_lb"": ""46"", ""map_file"": ""random-32-32-20.map"", ""seed"": ""1"", ""soc"": ""1069"", ""soc_lb"": ""1035"", ""solved"": ""1"", ""solver"": ""planner"", ""sum_of_loss"": ""1062"", ""sum_of_loss_lb"": ""1035""}"
lg_lacam_fork:lg_tl,LG-LaCAM (window 20) + traffic load,random-32-32-20,random-32-32-20-random-4,50,2,30.0,solved,0.054768,0.012,1070,46,1060,1035,46,1.033816,0,,/home/carsten/Projects/MAPF/MAPF Evaluator/results/tlcpp-random32-20/runs/lg_lacam_fork_lg_tl/random-32-32-20/random-32-32-20-random-4_a50_s2_r0,1070,0.012,"{""agents"": ""50"", ""comp_time"": ""12"", ""makespan"": ""46"", ""makespan_lb"": ""46"", ""map_file"": ""random-32-32-20.map"", ""seed"": ""2"", ""soc"": ""1070"", ""soc_lb"": ""1035"", ""solved"": ""1"", ""solver"": ""planner"", ""sum_of_loss"": ""1062"", ""sum_of_loss_lb"": ""1035""}"
lg_lacam_fork:lg_suo,LG-LaCAM (window 20) + SUO,random-32-32-20,random-32-32-20-random-4,50,2,30.0,solved,0.039793,0.013,1071,46,1063,1035,46,1.034783,0,,/home/carsten/Projects/MAPF/MAPF Evaluator/results/tlcpp-random32-20/runs/lg_lacam_fork_lg_suo/random-32-32-20/random-32-32-20-random-4_a50_s2_r0,1071,0.013,"{""agents"": ""50"", ""comp_time"": ""13"", ""makespan"": ""46"", ""makespan_lb"": ""46"", ""map_file"": ""random-32-32-20.map"", ""seed"": ""2"", ""soc"": ""1071"", ""soc_lb"": ""1035"", ""solved"": ""1"", ""solver"": ""planner"", ""sum_of_loss"": ""1064"", ""sum_of_loss_lb"": ""1035""}"
lg_lacam_fork:lg_suo,LG-LaCAM (window 20) + SUO,random-32-32-20,random-32-32-20-random-4,50,0,30.0,solved,0.061933,0.017,1078,48,1067,1035,46,1.041546,0,,/home/carsten/Projects/MAPF/MAPF Evaluator/results/tlcpp-random32-20/runs/lg_lacam_fork_lg_suo/random-32-32-20/random-32-32-20-random-4_a50_s0_r0,1078,0.017,"{""agents"": ""50"", ""comp_time"": ""17"", ""makespan"": ""48"", ""makespan_lb"": ""46"", ""map_file"": ""random-32-32-20.map"", ""seed"": ""0"", ""soc"": ""1078"", ""soc_lb"": ""1035"", ""solved"": ""1"", ""solver"": ""planner"", ""sum_of_loss"": ""1070"", ""sum_of_loss_lb"": ""1035""}"
lg_lacam_fork:lg_suo_tl,LG-LaCAM (window 20) + SUO + traffic load,random-32-32-20,random-32-32-20-random-4,50,0,30.0,solved,0.045331,0.025,1074,46,1064,1035,46,1.037681,0,,/home/carsten/Projects/MAPF/MAPF Evaluator/results/tlcpp-random32-20/runs/lg_lacam_fork_lg_suo_tl/random-32-32-20/random-32-32-20-random-4_a50_s0_r0,1074,0.025,"{""agents"": ""50"", ""comp_time"": ""25"", ""makespan"": ""46"", ""makespan_lb"": ""46"", ""map_file"": ""random-32-32-20.map"", ""seed"": ""0"", ""soc"": ""1074"", ""soc_lb"": ""1035"", ""solved"": ""1"", ""solver"": ""planner"", ""sum_of_loss"": ""1066"", ""sum_of_loss_lb"": ""1035""}"
lg_lacam_fork:lg_suo,LG-LaCAM (window 20) + SUO,random-32-32-20,random-32-32-20-random-4,50,1,30.0,solved,0.105474,0.061,1074,48,1063,1035,46,1.037681,0,,/home/carsten/Projects/MAPF/MAPF Evaluator/results/tlcpp-random32-20/runs/lg_lacam_fork_lg_suo/random-32-32-20/random-32-32-20-random-4_a50_s1_r0,1074,0.061,"{""agents"": ""50"", ""comp_time"": ""61"", ""makespan"": ""48"", ""makespan_lb"": ""46"", ""map_file"": ""random-32-32-20.map"", ""seed"": ""1"", ""soc"": ""1074"", ""soc_lb"": ""1035"", ""solved"": ""1"", ""solver"": ""planner"", ""sum_of_loss"": ""1066"", ""sum_of_loss_lb"": ""1035""}"
lg_lacam_fork:lg_suo_tl,LG-LaCAM (window 20) + SUO + traffic load,random-32-32-20,random-32-32-20-random-4,50,1,30.0,solved,0.087972,0.011,1070,46,1060,1035,46,1.033816,0,,/home/carsten/Projects/MAPF/MAPF Evaluator/results/tlcpp-random32-20/runs/lg_lacam_fork_lg_suo_tl/random-32-32-20/random-32-32-20-random-4_a50_s1_r0,1070,0.011,"{""agents"": ""50"", ""comp_time"": ""11"", ""makespan"": ""46"", ""makespan_lb"": ""46"", ""map_file"": ""random-32-32-20.map"", ""seed"": ""1"", ""soc"": ""1070"", ""soc_lb"": ""1035"", ""solved"": ""1"", ""solver"": ""planner"", ""sum_of_loss"": ""1062"", ""sum_of_loss_lb"": ""1035""}"
lg_lacam_fork:lg_suo_tl,LG-LaCAM (window 20) + SUO + traffic load,random-32-32-20,random-32-32-20-random-4,50,2,30.0,solved,0.021146,0.007,1071,46,1063,1035,46,1.034783,0,,/home/carsten/Projects/MAPF/MAPF Evaluator/results/tlcpp-random32-20/runs/lg_lacam_fork_lg_suo_tl/random-32-32-20/random-32-32-20-random-4_a50_s2_r0,1071,0.007,"{""agents"": ""50"", ""comp_time"": ""7"", ""makespan"": ""46"", ""makespan_lb"": ""46"", ""map_file"": ""random-32-32-20.map"", ""seed"": ""2"", ""soc"": ""1071"", ""soc_lb"": ""1035"", ""solved"": ""1"", ""solver"": ""planner"", ""sum_of_loss"": ""1064"", ""sum_of_loss_lb"": ""1035""}"
lg_lacam_fork:lacam,"LaCAM (no guidance, first solution)",random-32-32-20,random-32-32-20-random-4,100,1,30.0,solved,0.043446,0.005,3097,54,2583,2094,54,1.478988,0,,/home/carsten/Projects/MAPF/MAPF Evaluator/results/tlcpp-random32-20/runs/lg_lacam_fork_lacam/random-32-32-20/random-32-32-20-random-4_a100_s1_r0,3097,0.005,"{""agents"": ""100"", ""comp_time"": ""5"", ""makespan"": ""54"", ""makespan_lb"": ""54"", ""map_file"": ""random-32-32-20.map"", ""seed"": ""1"", ""soc"": ""3097"", ""soc_lb"": ""2094"", ""solved"": ""1"", ""solver"": ""planner"", ""sum_of_loss"": ""2649"", ""sum_of_loss_lb"": ""2094""}"
lg_lacam_fork:lacam,"LaCAM (no guidance, first solution)",random-32-32-20,random-32-32-20-random-4,100,0,30.0,solved,0.133385,0.005,3201,54,2577,2094,54,1.528653,0,,/home/carsten/Projects/MAPF/MAPF Evaluator/results/tlcpp-random32-20/runs/lg_lacam_fork_lacam/random-32-32-20/random-32-32-20-random-4_a100_s0_r0,3201,0.005,"{""agents"": ""100"", ""comp_time"": ""5"", ""makespan"": ""54"", ""makespan_lb"": ""54"", ""map_file"": ""random-32-32-20.map"", ""seed"": ""0"", ""soc"": ""3201"", ""soc_lb"": ""2094"", ""solved"": ""1"", ""solver"": ""planner"", ""sum_of_loss"": ""2657"", ""sum_of_loss_lb"": ""2094""}"
lg_lacam_fork:lacam,"LaCAM (no guidance, first solution)",random-32-32-20,random-32-32-20-random-4,100,2,30.0,solved,0.03952,0.003,3101,54,2565,2094,54,1.480898,0,,/home/carsten/Projects/MAPF/MAPF Evaluator/results/tlcpp-random32-20/runs/lg_lacam_fork_lacam/random-32-32-20/random-32-32-20-random-4_a100_s2_r0,3101,0.003,"{""agents"": ""100"", ""comp_time"": ""3"", ""makespan"": ""54"", ""makespan_lb"": ""54"", ""map_file"": ""random-32-32-20.map"", ""seed"": ""2"", ""soc"": ""3101"", ""soc_lb"": ""2094"", ""solved"": ""1"", ""solver"": ""planner"", ""sum_of_loss"": ""2640"", ""sum_of_loss_lb"": ""2094""}"
lg_lacam_fork:tl,"LaCAM + traffic load (tie-break, per config)",random-32-32-20,random-32-32-20-random-4,100,1,30.0,solved,0.025859,0.007,2909,54,2414,2094,54,1.389207,0,,/home/carsten/Projects/MAPF/MAPF Evaluator/results/tlcpp-random32-20/runs/lg_lacam_fork_tl/random-32-32-20/random-32-32-20-random-4_a100_s1_r0,2909,0.007,"{""agents"": ""100"", ""comp_time"": ""7"", ""makespan"": ""54"", ""makespan_lb"": ""54"", ""map_file"": ""random-32-32-20.map"", ""seed"": ""1"", ""soc"": ""2909"", ""soc_lb"": ""2094"", ""solved"": ""1"", ""solver"": ""planner"", ""sum_of_loss"": ""2469"", ""sum_of_loss_lb"": ""2094""}"
lg_lacam_fork:tl,"LaCAM + traffic load (tie-break, per config)",random-32-32-20,random-32-32-20-random-4,100,0,30.0,solved,0.02624,0.007,2850,54,2411,2094,54,1.361032,0,,/home/carsten/Projects/MAPF/MAPF Evaluator/results/tlcpp-random32-20/runs/lg_lacam_fork_tl/random-32-32-20/random-32-32-20-random-4_a100_s0_r0,2850,0.007,"{""agents"": ""100"", ""comp_time"": ""7"", ""makespan"": ""54"", ""makespan_lb"": ""54"", ""map_file"": ""random-32-32-20.map"", ""seed"": ""0"", ""soc"": ""2850"", ""soc_lb"": ""2094"", ""solved"": ""1"", ""solver"": ""planner"", ""sum_of_loss"": ""2462"", ""sum_of_loss_lb"": ""2094""}"
lg_lacam_fork:tl,"LaCAM + traffic load (tie-break, per config)",random-32-32-20,random-32-32-20-random-4,100,2,30.0,solved,0.092154,0.006,2824,54,2407,2094,54,1.348615,0,,/home/carsten/Projects/MAPF/MAPF Evaluator/results/tlcpp-random32-20/runs/lg_lacam_fork_tl/random-32-32-20/random-32-32-20-random-4_a100_s2_r0,2824,0.006,"{""agents"": ""100"", ""comp_time"": ""6"", ""makespan"": ""54"", ""makespan_lb"": ""54"", ""map_file"": ""random-32-32-20.map"", ""seed"": ""2"", ""soc"": ""2824"", ""soc_lb"": ""2094"", ""solved"": ""1"", ""solver"": ""planner"", ""sum_of_loss"": ""2456"", ""sum_of_loss_lb"": ""2094""}"
lg_lacam_fork:tl_agent,"LaCAM + traffic load (tie-break, per agent)",random-32-32-20,random-32-32-20-random-4,100,0,30.0,solved,0.048849,0.007,2946,54,2389,2094,54,1.406877,0,,/home/carsten/Projects/MAPF/MAPF Evaluator/results/tlcpp-random32-20/runs/lg_lacam_fork_tl_agent/random-32-32-20/random-32-32-20-random-4_a100_s0_r0,2946,0.007,"{""agents"": ""100"", ""comp_time"": ""7"", ""makespan"": ""54"", ""makespan_lb"": ""54"", ""map_file"": ""random-32-32-20.map"", ""seed"": ""0"", ""soc"": ""2946"", ""soc_lb"": ""2094"", ""solved"": ""1"", ""solver"": ""planner"", ""sum_of_loss"": ""2449"", ""sum_of_loss_lb"": ""2094""}"
lg_lacam_fork:tl_agent,"LaCAM + traffic load (tie-break, per agent)",random-32-32-20,random-32-32-20-random-4,100,1,30.0,solved,0.075369,0.006,2886,54,2382,2094,54,1.378223,0,,/home/carsten/Projects/MAPF/MAPF Evaluator/results/tlcpp-random32-20/runs/lg_lacam_fork_tl_agent/random-32-32-20/random-32-32-20-random-4_a100_s1_r0,2886,0.006,"{""agents"": ""100"", ""comp_time"": ""6"", ""makespan"": ""54"", ""makespan_lb"": ""54"", ""map_file"": ""random-32-32-20.map"", ""seed"": ""1"", ""soc"": ""2886"", ""soc_lb"": ""2094"", ""solved"": ""1"", ""solver"": ""planner"", ""sum_of_loss"": ""2438"", ""sum_of_loss_lb"": ""2094""}"
lg_lacam_fork:tl_agent,"LaCAM + traffic load (tie-break, per agent)",random-32-32-20,random-32-32-20-random-4,100,2,30.0,solved,0.064165,0.011,2809,54,2375,2094,54,1.341452,0,,/home/carsten/Projects/MAPF/MAPF Evaluator/results/tlcpp-random32-20/runs/lg_lacam_fork_tl_agent/random-32-32-20/random-32-32-20-random-4_a100_s2_r0,2809,0.011,"{""agents"": ""100"", ""comp_time"": ""11"", ""makespan"": ""54"", ""makespan_lb"": ""54"", ""map_file"": ""random-32-32-20.map"", ""seed"": ""2"", ""soc"": ""2809"", ""soc_lb"": ""2094"", ""solved"": ""1"", ""solver"": ""planner"", ""sum_of_loss"": ""2430"", ""sum_of_loss_lb"": ""2094""}"
lg_lacam_fork:tl_static,LaCAM + traffic load (static map from starts),random-32-32-20,random-32-32-20-random-4,100,0,30.0,solved,0.095465,0.005,3290,56,2653,2094,54,1.571156,0,,/home/carsten/Projects/MAPF/MAPF Evaluator/results/tlcpp-random32-20/runs/lg_lacam_fork_tl_static/random-32-32-20/random-32-32-20-random-4_a100_s0_r0,3290,0.005,"{""agents"": ""100"", ""comp_time"": ""5"", ""makespan"": ""56"", ""makespan_lb"": ""54"", ""map_file"": ""random-32-32-20.map"", ""seed"": ""0"", ""soc"": ""3290"", ""soc_lb"": ""2094"", ""solved"": ""1"", ""solver"": ""planner"", ""sum_of_loss"": ""2738"", ""sum_of_loss_lb"": ""2094""}"
lg_lacam_fork:tl_static,LaCAM + traffic load (static map from starts),random-32-32-20,random-32-32-20-random-4,100,2,30.0,solved,0.075161,0.006,3183,59,2628,2094,54,1.520057,0,,/home/carsten/Projects/MAPF/MAPF Evaluator/results/tlcpp-random32-20/runs/lg_lacam_fork_tl_static/random-32-32-20/random-32-32-20-random-4_a100_s2_r0,3183,0.006,"{""agents"": ""100"", ""comp_time"": ""6"", ""makespan"": ""59"", ""makespan_lb"": ""54"", ""map_file"": ""random-32-32-20.map"", ""seed"": ""2"", ""soc"": ""3183"", ""soc_lb"": ""2094"", ""solved"": ""1"", ""solver"": ""planner"", ""sum_of_loss"": ""2705"", ""sum_of_loss_lb"": ""2094""}"
lg_lacam_fork:tl_static,LaCAM + traffic load (static map from starts),random-32-32-20,random-32-32-20-random-4,100,1,30.0,solved,0.03648,0.005,3191,54,2608,2094,54,1.523878,0,,/home/carsten/Projects/MAPF/MAPF Evaluator/results/tlcpp-random32-20/runs/lg_lacam_fork_tl_static/random-32-32-20/random-32-32-20-random-4_a100_s1_r0,3191,0.005,"{""agents"": ""100"", ""comp_time"": ""5"", ""makespan"": ""54"", ""makespan_lb"": ""54"", ""map_file"": ""random-32-32-20.map"", ""seed"": ""1"", ""soc"": ""3191"", ""soc_lb"": ""2094"", ""solved"": ""1"", ""solver"": ""planner"", ""sum_of_loss"": ""2684"", ""sum_of_loss_lb"": ""2094""}"
lg_lacam_fork:suo,LaCAM3 = SUO (first solution),random-32-32-20,random-32-32-20-random-4,100,0,30.0,solved,0.03111,0.007,2419,57,2330,2094,54,1.155205,0,,/home/carsten/Projects/MAPF/MAPF Evaluator/results/tlcpp-random32-20/runs/lg_lacam_fork_suo/random-32-32-20/random-32-32-20-random-4_a100_s0_r0,2419,0.007,"{""agents"": ""100"", ""comp_time"": ""7"", ""makespan"": ""57"", ""makespan_lb"": ""54"", ""map_file"": ""random-32-32-20.map"", ""seed"": ""0"", ""soc"": ""2419"", ""soc_lb"": ""2094"", ""solved"": ""1"", ""solver"": ""planner"", ""sum_of_loss"": ""2340"", ""sum_of_loss_lb"": ""2094""}"
lg_lacam_fork:suo,LaCAM3 = SUO (first solution),random-32-32-20,random-32-32-20-random-4,100,1,30.0,solved,0.059662,0.025,2296,57,2296,2094,54,1.096466,0,,/home/carsten/Projects/MAPF/MAPF Evaluator/results/tlcpp-random32-20/runs/lg_lacam_fork_suo/random-32-32-20/random-32-32-20-random-4_a100_s1_r0,2296,0.025,"{""agents"": ""100"", ""comp_time"": ""25"", ""makespan"": ""57"", ""makespan_lb"": ""54"", ""map_file"": ""random-32-32-20.map"", ""seed"": ""1"", ""soc"": ""2296"", ""soc_lb"": ""2094"", ""solved"": ""1"", ""solver"": ""planner"", ""sum_of_loss"": ""2296"", ""sum_of_loss_lb"": ""2094""}"
lg_lacam_fork:suo_tl,SUO + traffic load,random-32-32-20,random-32-32-20-random-4,100,0,30.0,solved,0.071625,0.02,2343,57,2323,2094,54,1.118911,0,,/home/carsten/Projects/MAPF/MAPF Evaluator/results/tlcpp-random32-20/runs/lg_lacam_fork_suo_tl/random-32-32-20/random-32-32-20-random-4_a100_s0_r0,2343,0.02,"{""agents"": ""100"", ""comp_time"": ""20"", ""makespan"": ""57"", ""makespan_lb"": ""54"", ""map_file"": ""random-32-32-20.map"", ""seed"": ""0"", ""soc"": ""2343"", ""soc_lb"": ""2094"", ""solved"": ""1"", ""solver"": ""planner"", ""sum_of_loss"": ""2327"", ""sum_of_loss_lb"": ""2094""}"
lg_lacam_fork:suo,LaCAM3 = SUO (first solution),random-32-32-20,random-32-32-20-random-4,100,2,30.0,solved,0.062045,0.023,2358,59,2354,2094,54,1.126074,0,,/home/carsten/Projects/MAPF/MAPF Evaluator/results/tlcpp-random32-20/runs/lg_lacam_fork_suo/random-32-32-20/random-32-32-20-random-4_a100_s2_r0,2358,0.023,"{""agents"": ""100"", ""comp_time"": ""23"", ""makespan"": ""59"", ""makespan_lb"": ""54"", ""map_file"": ""random-32-32-20.map"", ""seed"": ""2"", ""soc"": ""2358"", ""soc_lb"": ""2094"", ""solved"": ""1"", ""solver"": ""planner"", ""sum_of_loss"": ""2356"", ""sum_of_loss_lb"": ""2094""}"
lg_lacam_fork:suo_tl,SUO + traffic load,random-32-32-20,random-32-32-20-random-4,100,1,30.0,solved,0.091306,0.05,2321,57,2298,2094,54,1.108405,0,,/home/carsten/Projects/MAPF/MAPF Evaluator/results/tlcpp-random32-20/runs/lg_lacam_fork_suo_tl/random-32-32-20/random-32-32-20-random-4_a100_s1_r0,2321,0.05,"{""agents"": ""100"", ""comp_time"": ""50"", ""makespan"": ""57"", ""makespan_lb"": ""54"", ""map_file"": ""random-32-32-20.map"", ""seed"": ""1"", ""soc"": ""2321"", ""soc_lb"": ""2094"", ""solved"": ""1"", ""solver"": ""planner"", ""sum_of_loss"": ""2299"", ""sum_of_loss_lb"": ""2094""}"
lg_lacam_fork:suo_tl,SUO + traffic load,random-32-32-20,random-32-32-20-random-4,100,2,30.0,solved,0.091053,0.034,2349,59,2344,2094,54,1.121777,0,,/home/carsten/Projects/MAPF/MAPF Evaluator/results/tlcpp-random32-20/runs/lg_lacam_fork_suo_tl/random-32-32-20/random-32-32-20-random-4_a100_s2_r0,2349,0.034,"{""agents"": ""100"", ""comp_time"": ""34"", ""makespan"": ""59"", ""makespan_lb"": ""54"", ""map_file"": ""random-32-32-20.map"", ""seed"": ""2"", ""soc"": ""2349"", ""soc_lb"": ""2094"", ""solved"": ""1"", ""solver"": ""planner"", ""sum_of_loss"": ""2347"", ""sum_of_loss_lb"": ""2094""}"
lg_lacam_fork:lg,"LG-LaCAM (window 20, first solution)",random-32-32-20,random-32-32-20-random-4,100,2,30.0,solved,0.095469,0.074,2315,56,2240,2094,54,1.10554,0,,/home/carsten/Projects/MAPF/MAPF Evaluator/results/tlcpp-random32-20/runs/lg_lacam_fork_lg/random-32-32-20/random-32-32-20-random-4_a100_s2_r0,2315,0.074,"{""agents"": ""100"", ""comp_time"": ""74"", ""makespan"": ""56"", ""makespan_lb"": ""54"", ""map_file"": ""random-32-32-20.map"", ""seed"": ""2"", ""soc"": ""2315"", ""soc_lb"": ""2094"", ""solved"": ""1"", ""solver"": ""planner"", ""sum_of_loss"": ""2250"", ""sum_of_loss_lb"": ""2094""}"
lg_lacam_fork:lg,"LG-LaCAM (window 20, first solution)",random-32-32-20,random-32-32-20-random-4,100,0,30.0,solved,0.102373,0.068,2321,56,2230,2094,54,1.108405,0,,/home/carsten/Projects/MAPF/MAPF Evaluator/results/tlcpp-random32-20/runs/lg_lacam_fork_lg/random-32-32-20/random-32-32-20-random-4_a100_s0_r0,2321,0.068,"{""agents"": ""100"", ""comp_time"": ""68"", ""makespan"": ""56"", ""makespan_lb"": ""54"", ""map_file"": ""random-32-32-20.map"", ""seed"": ""0"", ""soc"": ""2321"", ""soc_lb"": ""2094"", ""solved"": ""1"", ""solver"": ""planner"", ""sum_of_loss"": ""2243"", ""sum_of_loss_lb"": ""2094""}"
lg_lacam_fork:lg,"LG-LaCAM (window 20, first solution)",random-32-32-20,random-32-32-20-random-4,100,1,30.0,solved,0.094118,0.048,2285,56,2239,2094,54,1.091213,0,,/home/carsten/Projects/MAPF/MAPF Evaluator/results/tlcpp-random32-20/runs/lg_lacam_fork_lg/random-32-32-20/random-32-32-20-random-4_a100_s1_r0,2285,0.048,"{""agents"": ""100"", ""comp_time"": ""48"", ""makespan"": ""56"", ""makespan_lb"": ""54"", ""map_file"": ""random-32-32-20.map"", ""seed"": ""1"", ""soc"": ""2285"", ""soc_lb"": ""2094"", ""solved"": ""1"", ""solver"": ""planner"", ""sum_of_loss"": ""2251"", ""sum_of_loss_lb"": ""2094""}"
lg_lacam_fork:lg_tl,LG-LaCAM (window 20) + traffic load,random-32-32-20,random-32-32-20-random-4,100,0,30.0,solved,0.116119,0.047,2324,56,2233,2094,54,1.109838,0,,/home/carsten/Projects/MAPF/MAPF Evaluator/results/tlcpp-random32-20/runs/lg_lacam_fork_lg_tl/random-32-32-20/random-32-32-20-random-4_a100_s0_r0,2324,0.047,"{""agents"": ""100"", ""comp_time"": ""47"", ""makespan"": ""56"", ""makespan_lb"": ""54"", ""map_file"": ""random-32-32-20.map"", ""seed"": ""0"", ""soc"": ""2324"", ""soc_lb"": ""2094"", ""solved"": ""1"", ""solver"": ""planner"", ""sum_of_loss"": ""2245"", ""sum_of_loss_lb"": ""2094""}"
lg_lacam_fork:lg_tl,LG-LaCAM (window 20) + traffic load,random-32-32-20,random-32-32-20-random-4,100,1,30.0,solved,0.054388,0.034,2268,56,2222,2094,54,1.083095,0,,/home/carsten/Projects/MAPF/MAPF Evaluator/results/tlcpp-random32-20/runs/lg_lacam_fork_lg_tl/random-32-32-20/random-32-32-20-random-4_a100_s1_r0,2268,0.034,"{""agents"": ""100"", ""comp_time"": ""34"", ""makespan"": ""56"", ""makespan_lb"": ""54"", ""map_file"": ""random-32-32-20.map"", ""seed"": ""1"", ""soc"": ""2268"", ""soc_lb"": ""2094"", ""solved"": ""1"", ""solver"": ""planner"", ""sum_of_loss"": ""2232"", ""sum_of_loss_lb"": ""2094""}"
lg_lacam_fork:lg_suo,LG-LaCAM (window 20) + SUO,random-32-32-20,random-32-32-20-random-4,100,0,30.0,solved,0.09057,0.063,2357,54,2260,2094,54,1.125597,0,,/home/carsten/Projects/MAPF/MAPF Evaluator/results/tlcpp-random32-20/runs/lg_lacam_fork_lg_suo/random-32-32-20/random-32-32-20-random-4_a100_s0_r0,2357,0.063,"{""agents"": ""100"", ""comp_time"": ""63"", ""makespan"": ""54"", ""makespan_lb"": ""54"", ""map_file"": ""random-32-32-20.map"", ""seed"": ""0"", ""soc"": ""2357"", ""soc_lb"": ""2094"", ""solved"": ""1"", ""solver"": ""planner"", ""sum_of_loss"": ""2272"", ""sum_of_loss_lb"": ""2094""}"
lg_lacam_fork:lg_tl,LG-LaCAM (window 20) + traffic load,random-32-32-20,random-32-32-20-random-4,100,2,30.0,solved,0.06822,0.039,2325,56,2226,2094,54,1.110315,0,,/home/carsten/Projects/MAPF/MAPF Evaluator/results/tlcpp-random32-20/runs/lg_lacam_fork_lg_tl/random-32-32-20/random-32-32-20-random-4_a100_s2_r0,2325,0.039,"{""agents"": ""100"", ""comp_time"": ""39"", ""makespan"": ""56"", ""makespan_lb"": ""54"", ""map_file"": ""random-32-32-20.map"", ""seed"": ""2"", ""soc"": ""2325"", ""soc_lb"": ""2094"", ""solved"": ""1"", ""solver"": ""planner"", ""sum_of_loss"": ""2238"", ""sum_of_loss_lb"": ""2094""}"
lg_lacam_fork:lg_suo,LG-LaCAM (window 20) + SUO,random-32-32-20,random-32-32-20-random-4,100,1,30.0,solved,0.121053,0.072,2332,57,2248,2094,54,1.113658,0,,/home/carsten/Projects/MAPF/MAPF Evaluator/results/tlcpp-random32-20/runs/lg_lacam_fork_lg_suo/random-32-32-20/random-32-32-20-random-4_a100_s1_r0,2332,0.072,"{""agents"": ""100"", ""comp_time"": ""72"", ""makespan"": ""57"", ""makespan_lb"": ""54"", ""map_file"": ""random-32-32-20.map"", ""seed"": ""1"", ""soc"": ""2332"", ""soc_lb"": ""2094"", ""solved"": ""1"", ""solver"": ""planner"", ""sum_of_loss"": ""2262"", ""sum_of_loss_lb"": ""2094""}"
lg_lacam_fork:lg_suo,LG-LaCAM (window 20) + SUO,random-32-32-20,random-32-32-20-random-4,100,2,30.0,solved,0.092994,0.065,2269,54,2233,2094,54,1.083572,0,,/home/carsten/Projects/MAPF/MAPF Evaluator/results/tlcpp-random32-20/runs/lg_lacam_fork_lg_suo/random-32-32-20/random-32-32-20-random-4_a100_s2_r0,2269,0.065,"{""agents"": ""100"", ""comp_time"": ""65"", ""makespan"": ""54"", ""makespan_lb"": ""54"", ""map_file"": ""random-32-32-20.map"", ""seed"": ""2"", ""soc"": ""2269"", ""soc_lb"": ""2094"", ""solved"": ""1"", ""solver"": ""planner"", ""sum_of_loss"": ""2241"", ""sum_of_loss_lb"": ""2094""}"
lg_lacam_fork:lg_suo_tl,LG-LaCAM (window 20) + SUO + traffic load,random-32-32-20,random-32-32-20-random-4,100,0,30.0,solved,0.170085,0.075,2284,54,2246,2094,54,1.090735,0,,/home/carsten/Projects/MAPF/MAPF Evaluator/results/tlcpp-random32-20/runs/lg_lacam_fork_lg_suo_tl/random-32-32-20/random-32-32-20-random-4_a100_s0_r0,2284,0.075,"{""agents"": ""100"", ""comp_time"": ""75"", ""makespan"": ""54"", ""makespan_lb"": ""54"", ""map_file"": ""random-32-32-20.map"", ""seed"": ""0"", ""soc"": ""2284"", ""soc_lb"": ""2094"", ""solved"": ""1"", ""solver"": ""planner"", ""sum_of_loss"": ""2253"", ""sum_of_loss_lb"": ""2094""}"
lg_lacam_fork:lg_suo_tl,LG-LaCAM (window 20) + SUO + traffic load,random-32-32-20,random-32-32-20-random-4,100,1,30.0,solved,0.193893,0.123,2307,57,2223,2094,54,1.101719,0,,/home/carsten/Projects/MAPF/MAPF Evaluator/results/tlcpp-random32-20/runs/lg_lacam_fork_lg_suo_tl/random-32-32-20/random-32-32-20-random-4_a100_s1_r0,2307,0.123,"{""agents"": ""100"", ""comp_time"": ""123"", ""makespan"": ""57"", ""makespan_lb"": ""54"", ""map_file"": ""random-32-32-20.map"", ""seed"": ""1"", ""soc"": ""2307"", ""soc_lb"": ""2094"", ""solved"": ""1"", ""solver"": ""planner"", ""sum_of_loss"": ""2233"", ""sum_of_loss_lb"": ""2094""}"
lg_lacam_fork:lg_suo_tl,LG-LaCAM (window 20) + SUO + traffic load,random-32-32-20,random-32-32-20-random-4,100,2,30.0,solved,0.320222,0.258,2260,54,2223,2094,54,1.079274,0,,/home/carsten/Projects/MAPF/MAPF Evaluator/results/tlcpp-random32-20/runs/lg_lacam_fork_lg_suo_tl/random-32-32-20/random-32-32-20-random-4_a100_s2_r0,2260,0.258,"{""agents"": ""100"", ""comp_time"": ""258"", ""makespan"": ""54"", ""makespan_lb"": ""54"", ""map_file"": ""random-32-32-20.map"", ""seed"": ""2"", ""soc"": ""2260"", ""soc_lb"": ""2094"", ""solved"": ""1"", ""solver"": ""planner"", ""sum_of_loss"": ""2229"", ""sum_of_loss_lb"": ""2094""}"
lg_lacam_fork:lacam,"LaCAM (no guidance, first solution)",random-32-32-20,random-32-32-20-random-4,150,0,30.0,solved,0.103036,0.037,5612,56,4527,3273,54,1.714635,0,,/home/carsten/Projects/MAPF/MAPF Evaluator/results/tlcpp-random32-20/runs/lg_lacam_fork_lacam/random-32-32-20/random-32-32-20-random-4_a150_s0_r0,5612,0.037,"{""agents"": ""150"", ""comp_time"": ""37"", ""makespan"": ""56"", ""makespan_lb"": ""54"", ""map_file"": ""random-32-32-20.map"", ""seed"": ""0"", ""soc"": ""5612"", ""soc_lb"": ""3273"", ""solved"": ""1"", ""solver"": ""planner"", ""sum_of_loss"": ""4683"", ""sum_of_loss_lb"": ""3273""}"
lg_lacam_fork:lacam,"LaCAM (no guidance, first solution)",random-32-32-20,random-32-32-20-random-4,150,1,30.0,solved,0.069012,0.025,5438,63,4429,3273,54,1.661473,0,,/home/carsten/Projects/MAPF/MAPF Evaluator/results/tlcpp-random32-20/runs/lg_lacam_fork_lacam/random-32-32-20/random-32-32-20-random-4_a150_s1_r0,5438,0.025,"{""agents"": ""150"", ""comp_time"": ""25"", ""makespan"": ""63"", ""makespan_lb"": ""54"", ""map_file"": ""random-32-32-20.map"", ""seed"": ""1"", ""soc"": ""5438"", ""soc_lb"": ""3273"", ""solved"": ""1"", ""solver"": ""planner"", ""sum_of_loss"": ""4580"", ""sum_of_loss_lb"": ""3273""}"
lg_lacam_fork:lacam,"LaCAM (no guidance, first solution)",random-32-32-20,random-32-32-20-random-4,150,2,30.0,solved,0.082108,0.02,5193,54,4477,3273,54,1.586618,0,,/home/carsten/Projects/MAPF/MAPF Evaluator/results/tlcpp-random32-20/runs/lg_lacam_fork_lacam/random-32-32-20/random-32-32-20-random-4_a150_s2_r0,5193,0.02,"{""agents"": ""150"", ""comp_time"": ""20"", ""makespan"": ""54"", ""makespan_lb"": ""54"", ""map_file"": ""random-32-32-20.map"", ""seed"": ""2"", ""soc"": ""5193"", ""soc_lb"": ""3273"", ""solved"": ""1"", ""solver"": ""planner"", ""sum_of_loss"": ""4618"", ""sum_of_loss_lb"": ""3273""}"
lg_lacam_fork:tl,"LaCAM + traffic load (tie-break, per config)",random-32-32-20,random-32-32-20-random-4,150,0,30.0,solved,0.084212,0.033,4814,54,4059,3273,54,1.470822,0,,/home/carsten/Projects/MAPF/MAPF Evaluator/results/tlcpp-random32-20/runs/lg_lacam_fork_tl/random-32-32-20/random-32-32-20-random-4_a150_s0_r0,4814,0.033,"{""agents"": ""150"", ""comp_time"": ""33"", ""makespan"": ""54"", ""makespan_lb"": ""54"", ""map_file"": ""random-32-32-20.map"", ""seed"": ""0"", ""soc"": ""4814"", ""soc_lb"": ""3273"", ""solved"": ""1"", ""solver"": ""planner"", ""sum_of_loss"": ""4175"", ""sum_of_loss_lb"": ""3273""}"
lg_lacam_fork:tl,"LaCAM + traffic load (tie-break, per config)",random-32-32-20,random-32-32-20-random-4,150,1,30.0,solved,0.141381,0.057,4679,54,3986,3273,54,1.429575,0,,/home/carsten/Projects/MAPF/MAPF Evaluator/results/tlcpp-random32-20/runs/lg_lacam_fork_tl/random-32-32-20/random-32-32-20-random-4_a150_s1_r0,4679,0.057,"{""agents"": ""150"", ""comp_time"": ""57"", ""makespan"": ""54"", ""makespan_lb"": ""54"", ""map_file"": ""random-32-32-20.map"", ""seed"": ""1"", ""soc"": ""4679"", ""soc_lb"": ""3273"", ""solved"": ""1"", ""solver"": ""planner"", ""sum_of_loss"": ""4102"", ""sum_of_loss_lb"": ""3273""}"
lg_lacam_fork:tl,"LaCAM + traffic load (tie-break, per config)",random-32-32-20,random-32-32-20-random-4,150,2,30.0,solved,0.066658,0.027,4802,54,4059,3273,54,1.467156,0,,/home/carsten/Projects/MAPF/MAPF Evaluator/results/tlcpp-random32-20/runs/lg_lacam_fork_tl/random-32-32-20/random-32-32-20-random-4_a150_s2_r0,4802,0.027,"{""agents"": ""150"", ""comp_time"": ""27"", ""makespan"": ""54"", ""makespan_lb"": ""54"", ""map_file"": ""random-32-32-20.map"", ""seed"": ""2"", ""soc"": ""4802"", ""soc_lb"": ""3273"", ""solved"": ""1"", ""solver"": ""planner"", ""sum_of_loss"": ""4180"", ""sum_of_loss_lb"": ""3273""}"
lg_lacam_fork:tl_agent,"LaCAM + traffic load (tie-break, per agent)",random-32-32-20,random-32-32-20-random-4,150,1,30.0,solved,0.078228,0.03,4685,54,4032,3273,54,1.431408,0,,/home/carsten/Projects/MAPF/MAPF Evaluator/results/tlcpp-random32-20/runs/lg_lacam_fork_tl_agent/random-32-32-20/random-32-32-20-random-4_a150_s1_r0,4685,0.03,"{""agents"": ""150"", ""comp_time"": ""30"", ""makespan"": ""54"", ""makespan_lb"": ""54"", ""map_file"": ""random-32-32-20.map"", ""seed"": ""1"", ""soc"": ""4685"", ""soc_lb"": ""3273"", ""solved"": ""1"", ""solver"": ""planner"", ""sum_of_loss"": ""4143"", ""sum_of_loss_lb"": ""3273""}"
lg_lacam_fork:tl_agent,"LaCAM + traffic load (tie-break, per agent)",random-32-32-20,random-32-32-20-random-4,150,0,30.0,solved,0.093171,0.047,4689,54,4045,3273,54,1.432631,0,,/home/carsten/Projects/MAPF/MAPF Evaluator/results/tlcpp-random32-20/runs/lg_lacam_fork_tl_agent/random-32-32-20/random-32-32-20-random-4_a150_s0_r0,4689,0.047,"{""agents"": ""150"", ""comp_time"": ""47"", ""makespan"": ""54"", ""makespan_lb"": ""54"", ""map_file"": ""random-32-32-20.map"", ""seed"": ""0"", ""soc"": ""4689"", ""soc_lb"": ""3273"", ""solved"": ""1"", ""solver"": ""planner"", ""sum_of_loss"": ""4159"", ""sum_of_loss_lb"": ""3273""}"
lg_lacam_fork:tl_agent,"LaCAM + traffic load (tie-break, per agent)",random-32-32-20,random-32-32-20-random-4,150,2,30.0,solved,0.159424,0.04,4629,54,4036,3273,54,1.414299,0,,/home/carsten/Projects/MAPF/MAPF Evaluator/results/tlcpp-random32-20/runs/lg_lacam_fork_tl_agent/random-32-32-20/random-32-32-20-random-4_a150_s2_r0,4629,0.04,"{""agents"": ""150"", ""comp_time"": ""40"", ""makespan"": ""54"", ""makespan_lb"": ""54"", ""map_file"": ""random-32-32-20.map"", ""seed"": ""2"", ""soc"": ""4629"", ""soc_lb"": ""3273"", ""solved"": ""1"", ""solver"": ""planner"", ""sum_of_loss"": ""4142"", ""sum_of_loss_lb"": ""3273""}"
lg_lacam_fork:tl_static,LaCAM + traffic load (static map from starts),random-32-32-20,random-32-32-20-random-4,150,0,30.0,solved,0.148263,0.042,5252,65,4424,3273,54,1.604644,0,,/home/carsten/Projects/MAPF/MAPF Evaluator/results/tlcpp-random32-20/runs/lg_lacam_fork_tl_static/random-32-32-20/random-32-32-20-random-4_a150_s0_r0,5252,0.042,"{""agents"": ""150"", ""comp_time"": ""42"", ""makespan"": ""65"", ""makespan_lb"": ""54"", ""map_file"": ""random-32-32-20.map"", ""seed"": ""0"", ""soc"": ""5252"", ""soc_lb"": ""3273"", ""solved"": ""1"", ""solver"": ""planner"", ""sum_of_loss"": ""4575"", ""sum_of_loss_lb"": ""3273""}"
lg_lacam_fork:tl_static,LaCAM + traffic load (static map from starts),random-32-32-20,random-32-32-20-random-4,150,1,30.0,solved,0.111602,0.072,5285,65,4423,3273,54,1.614727,0,,/home/carsten/Projects/MAPF/MAPF Evaluator/results/tlcpp-random32-20/runs/lg_lacam_fork_tl_static/random-32-32-20/random-32-32-20-random-4_a150_s1_r0,5285,0.072,"{""agents"": ""150"", ""comp_time"": ""72"", ""makespan"": ""65"", ""makespan_lb"": ""54"", ""map_file"": ""random-32-32-20.map"", ""seed"": ""1"", ""soc"": ""5285"", ""soc_lb"": ""3273"", ""solved"": ""1"", ""solver"": ""planner"", ""sum_of_loss"": ""4580"", ""sum_of_loss_lb"": ""3273""}"
lg_lacam_fork:tl_static,LaCAM + traffic load (static map from starts),random-32-32-20,random-32-32-20-random-4,150,2,30.0,solved,0.17486,0.059,5228,61,4406,3273,54,1.597311,0,,/home/carsten/Projects/MAPF/MAPF Evaluator/results/tlcpp-random32-20/runs/lg_lacam_fork_tl_static/random-32-32-20/random-32-32-20-random-4_a150_s2_r0,5228,0.059,"{""agents"": ""150"", ""comp_time"": ""59"", ""makespan"": ""61"", ""makespan_lb"": ""54"", ""map_file"": ""random-32-32-20.map"", ""seed"": ""2"", ""soc"": ""5228"", ""soc_lb"": ""3273"", ""solved"": ""1"", ""solver"": ""planner"", ""sum_of_loss"": ""4555"", ""sum_of_loss_lb"": ""3273""}"
lg_lacam_fork:suo,LaCAM3 = SUO (first solution),random-32-32-20,random-32-32-20-random-4,150,0,30.0,solved,0.183044,0.08,4378,60,3951,3273,54,1.337611,0,,/home/carsten/Projects/MAPF/MAPF Evaluator/results/tlcpp-random32-20/runs/lg_lacam_fork_suo/random-32-32-20/random-32-32-20-random-4_a150_s0_r0,4378,0.08,"{""agents"": ""150"", ""comp_time"": ""80"", ""makespan"": ""60"", ""makespan_lb"": ""54"", ""map_file"": ""random-32-32-20.map"", ""seed"": ""0"", ""soc"": ""4378"", ""soc_lb"": ""3273"", ""solved"": ""1"", ""solver"": ""planner"", ""sum_of_loss"": ""4002"", ""sum_of_loss_lb"": ""3273""}"
lg_lacam_fork:suo,LaCAM3 = SUO (first solution),random-32-32-20,random-32-32-20-random-4,150,1,30.0,solved,0.179927,0.087,4343,60,3950,3273,54,1.326917,0,,/home/carsten/Projects/MAPF/MAPF Evaluator/results/tlcpp-random32-20/runs/lg_lacam_fork_suo/random-32-32-20/random-32-32-20-random-4_a150_s1_r0,4343,0.087,"{""agents"": ""150"", ""comp_time"": ""87"", ""makespan"": ""60"", ""makespan_lb"": ""54"", ""map_file"": ""random-32-32-20.map"", ""seed"": ""1"", ""soc"": ""4343"", ""soc_lb"": ""3273"", ""solved"": ""1"", ""solver"": ""planner"", ""sum_of_loss"": ""3993"", ""sum_of_loss_lb"": ""3273""}"
lg_lacam_fork:suo,LaCAM3 = SUO (first solution),random-32-32-20,random-32-32-20-random-4,150,2,30.0,solved,0.225736,0.106,4372,58,3958,3273,54,1.335778,0,,/home/carsten/Projects/MAPF/MAPF Evaluator/results/tlcpp-random32-20/runs/lg_lacam_fork_suo/random-32-32-20/random-32-32-20-random-4_a150_s2_r0,4372,0.106,"{""agents"": ""150"", ""comp_time"": ""106"", ""makespan"": ""58"", ""makespan_lb"": ""54"", ""map_file"": ""random-32-32-20.map"", ""seed"": ""2"", ""soc"": ""4372"", ""soc_lb"": ""3273"", ""solved"": ""1"", ""solver"": ""planner"", ""sum_of_loss"": ""4007"", ""sum_of_loss_lb"": ""3273""}"
lg_lacam_fork:suo_tl,SUO + traffic load,random-32-32-20,random-32-32-20-random-4,150,0,30.0,solved,0.258985,0.162,4320,60,3879,3273,54,1.31989,0,,/home/carsten/Projects/MAPF/MAPF Evaluator/results/tlcpp-random32-20/runs/lg_lacam_fork_suo_tl/random-32-32-20/random-32-32-20-random-4_a150_s0_r0,4320,0.162,"{""agents"": ""150"", ""comp_time"": ""162"", ""makespan"": ""60"", ""makespan_lb"": ""54"", ""map_file"": ""random-32-32-20.map"", ""seed"": ""0"", ""soc"": ""4320"", ""soc_lb"": ""3273"", ""solved"": ""1"", ""solver"": ""planner"", ""sum_of_loss"": ""3941"", ""sum_of_loss_lb"": ""3273""}"
lg_lacam_fork:suo_tl,SUO + traffic load,random-32-32-20,random-32-32-20-random-4,150,1,30.0,solved,0.203316,0.085,4204,56,3877,3273,54,1.284449,0,,/home/carsten/Projects/MAPF/MAPF Evaluator/results/tlcpp-random32-20/runs/lg_lacam_fork_suo_tl/random-32-32-20/random-32-32-20-random-4_a150_s1_r0,4204,0.085,"{""agents"": ""150"", ""comp_time"": ""85"", ""makespan"": ""56"", ""makespan_lb"": ""54"", ""map_file"": ""random-32-32-20.map"", ""seed"": ""1"", ""soc"": ""4204"", ""soc_lb"": ""3273"", ""solved"": ""1"", ""solver"": ""planner"", ""sum_of_loss"": ""3915"", ""sum_of_loss_lb"": ""3273""}"
lg_lacam_fork:lg,"LG-LaCAM (window 20, first solution)",random-32-32-20,random-32-32-20-random-4,150,0,30.0,solved,0.122259,0.086,3972,58,3616,3273,54,1.213566,0,,/home/carsten/Projects/MAPF/MAPF Evaluator/results/tlcpp-random32-20/runs/lg_lacam_fork_lg/random-32-32-20/random-32-32-20-random-4_a150_s0_r0,3972,0.086,"{""agents"": ""150"", ""comp_time"": ""86"", ""makespan"": ""58"", ""makespan_lb"": ""54"", ""map_file"": ""random-32-32-20.map"", ""seed"": ""0"", ""soc"": ""3972"", ""soc_lb"": ""3273"", ""solved"": ""1"", ""solver"": ""planner"", ""sum_of_loss"": ""3667"", ""sum_of_loss_lb"": ""3273""}"
lg_lacam_fork:lg,"LG-LaCAM (window 20, first solution)",random-32-32-20,random-32-32-20-random-4,150,1,30.0,solved,0.249869,0.179,3959,56,3635,3273,54,1.209594,0,,/home/carsten/Projects/MAPF/MAPF Evaluator/results/tlcpp-random32-20/runs/lg_lacam_fork_lg/random-32-32-20/random-32-32-20-random-4_a150_s1_r0,3959,0.179,"{""agents"": ""150"", ""comp_time"": ""179"", ""makespan"": ""56"", ""makespan_lb"": ""54"", ""map_file"": ""random-32-32-20.map"", ""seed"": ""1"", ""soc"": ""3959"", ""soc_lb"": ""3273"", ""solved"": ""1"", ""solver"": ""planner"", ""sum_of_loss"": ""3680"", ""sum_of_loss_lb"": ""3273""}"
lg_lacam_fork:suo_tl,SUO + traffic load,random-32-32-20,random-32-32-20-random-4,150,2,30.0,solved,0.394295,0.215,4221,58,3874,3273,54,1.289643,0,,/home/carsten/Projects/MAPF/MAPF Evaluator/results/tlcpp-random32-20/runs/lg_lacam_fork_suo_tl/random-32-32-20/random-32-32-20-random-4_a150_s2_r0,4221,0.215,"{""agents"": ""150"", ""comp_time"": ""215"", ""makespan"": ""58"", ""makespan_lb"": ""54"", ""map_file"": ""random-32-32-20.map"", ""seed"": ""2"", ""soc"": ""4221"", ""soc_lb"": ""3273"", ""solved"": ""1"", ""solver"": ""planner"", ""sum_of_loss"": ""3912"", ""sum_of_loss_lb"": ""3273""}"
lg_lacam_fork:lg,"LG-LaCAM (window 20, first solution)",random-32-32-20,random-32-32-20-random-4,150,2,30.0,solved,0.207146,0.143,4051,55,3700,3273,54,1.237702,0,,/home/carsten/Projects/MAPF/MAPF Evaluator/results/tlcpp-random32-20/runs/lg_lacam_fork_lg/random-32-32-20/random-32-32-20-random-4_a150_s2_r0,4051,0.143,"{""agents"": ""150"", ""comp_time"": ""143"", ""makespan"": ""55"", ""makespan_lb"": ""54"", ""map_file"": ""random-32-32-20.map"", ""seed"": ""2"", ""soc"": ""4051"", ""soc_lb"": ""3273"", ""solved"": ""1"", ""solver"": ""planner"", ""sum_of_loss"": ""3746"", ""sum_of_loss_lb"": ""3273""}"
lg_lacam_fork:lg_tl,LG-LaCAM (window 20) + traffic load,random-32-32-20,random-32-32-20-random-4,150,0,30.0,solved,0.213515,0.131,4023,58,3587,3273,54,1.229148,0,,/home/carsten/Projects/MAPF/MAPF Evaluator/results/tlcpp-random32-20/runs/lg_lacam_fork_lg_tl/random-32-32-20/random-32-32-20-random-4_a150_s0_r0,4023,0.131,"{""agents"": ""150"", ""comp_time"": ""131"", ""makespan"": ""58"", ""makespan_lb"": ""54"", ""map_file"": ""random-32-32-20.map"", ""seed"": ""0"", ""soc"": ""4023"", ""soc_lb"": ""3273"", ""solved"": ""1"", ""solver"": ""planner"", ""sum_of_loss"": ""3633"", ""sum_of_loss_lb"": ""3273""}"
lg_lacam_fork:lg_tl,LG-LaCAM (window 20) + traffic load,random-32-32-20,random-32-32-20-random-4,150,1,30.0,solved,0.253339,0.149,3961,56,3607,3273,54,1.210205,0,,/home/carsten/Projects/MAPF/MAPF Evaluator/results/tlcpp-random32-20/runs/lg_lacam_fork_lg_tl/random-32-32-20/random-32-32-20-random-4_a150_s1_r0,3961,0.149,"{""agents"": ""150"", ""comp_time"": ""149"", ""makespan"": ""56"", ""makespan_lb"": ""54"", ""map_file"": ""random-32-32-20.map"", ""seed"": ""1"", ""soc"": ""3961"", ""soc_lb"": ""3273"", ""solved"": ""1"", ""solver"": ""planner"", ""sum_of_loss"": ""3651"", ""sum_of_loss_lb"": ""3273""}"
lg_lacam_fork:lg_tl,LG-LaCAM (window 20) + traffic load,random-32-32-20,random-32-32-20-random-4,150,2,30.0,solved,0.163044,0.094,4030,55,3645,3273,54,1.231286,0,,/home/carsten/Projects/MAPF/MAPF Evaluator/results/tlcpp-random32-20/runs/lg_lacam_fork_lg_tl/random-32-32-20/random-32-32-20-random-4_a150_s2_r0,4030,0.094,"{""agents"": ""150"", ""comp_time"": ""94"", ""makespan"": ""55"", ""makespan_lb"": ""54"", ""map_file"": ""random-32-32-20.map"", ""seed"": ""2"", ""soc"": ""4030"", ""soc_lb"": ""3273"", ""solved"": ""1"", ""solver"": ""planner"", ""sum_of_loss"": ""3700"", ""sum_of_loss_lb"": ""3273""}"
lg_lacam_fork:lg_suo,LG-LaCAM (window 20) + SUO,random-32-32-20,random-32-32-20-random-4,150,0,30.0,solved,0.197066,0.102,3957,56,3651,3273,54,1.208983,0,,/home/carsten/Projects/MAPF/MAPF Evaluator/results/tlcpp-random32-20/runs/lg_lacam_fork_lg_suo/random-32-32-20/random-32-32-20-random-4_a150_s0_r0,3957,0.102,"{""agents"": ""150"", ""comp_time"": ""102"", ""makespan"": ""56"", ""makespan_lb"": ""54"", ""map_file"": ""random-32-32-20.map"", ""seed"": ""0"", ""soc"": ""3957"", ""soc_lb"": ""3273"", ""solved"": ""1"", ""solver"": ""planner"", ""sum_of_loss"": ""3691"", ""sum_of_loss_lb"": ""3273""}"
lg_lacam_fork:lg_suo,LG-LaCAM (window 20) + SUO,random-32-32-20,random-32-32-20-random-4,150,1,30.0,solved,0.279943,0.199,3966,61,3645,3273,54,1.211732,0,,/home/carsten/Projects/MAPF/MAPF Evaluator/results/tlcpp-random32-20/runs/lg_lacam_fork_lg_suo/random-32-32-20/random-32-32-20-random-4_a150_s1_r0,3966,0.199,"{""agents"": ""150"", ""comp_time"": ""199"", ""makespan"": ""61"", ""makespan_lb"": ""54"", ""map_file"": ""random-32-32-20.map"", ""seed"": ""1"", ""soc"": ""3966"", ""soc_lb"": ""3273"", ""solved"": ""1"", ""solver"": ""planner"", ""sum_of_loss"": ""3689"", ""sum_of_loss_lb"": ""3273""}"
lg_lacam_fork:lg_suo_tl,LG-LaCAM (window 20) + SUO + traffic load,random-32-32-20,random-32-32-20-random-4,150,0,30.0,solved,0.242306,0.149,3880,56,3573,3273,54,1.185457,0,,/home/carsten/Projects/MAPF/MAPF Evaluator/results/tlcpp-random32-20/runs/lg_lacam_fork_lg_suo_tl/random-32-32-20/random-32-32-20-random-4_a150_s0_r0,3880,0.149,"{""agents"": ""150"", ""comp_time"": ""149"", ""makespan"": ""56"", ""makespan_lb"": ""54"", ""map_file"": ""random-32-32-20.map"", ""seed"": ""0"", ""soc"": ""3880"", ""soc_lb"": ""3273"", ""solved"": ""1"", ""solver"": ""planner"", ""sum_of_loss"": ""3610"", ""sum_of_loss_lb"": ""3273""}"
lg_lacam_fork:lg_suo,LG-LaCAM (window 20) + SUO,random-32-32-20,random-32-32-20-random-4,150,2,30.0,solved,0.252012,0.164,3898,59,3635,3273,54,1.190956,0,,/home/carsten/Projects/MAPF/MAPF Evaluator/results/tlcpp-random32-20/runs/lg_lacam_fork_lg_suo/random-32-32-20/random-32-32-20-random-4_a150_s2_r0,3898,0.164,"{""agents"": ""150"", ""comp_time"": ""164"", ""makespan"": ""59"", ""makespan_lb"": ""54"", ""map_file"": ""random-32-32-20.map"", ""seed"": ""2"", ""soc"": ""3898"", ""soc_lb"": ""3273"", ""solved"": ""1"", ""solver"": ""planner"", ""sum_of_loss"": ""3671"", ""sum_of_loss_lb"": ""3273""}"
lg_lacam_fork:lg_suo_tl,LG-LaCAM (window 20) + SUO + traffic load,random-32-32-20,random-32-32-20-random-4,150,1,30.0,solved,0.389692,0.261,3900,56,3597,3273,54,1.191567,0,,/home/carsten/Projects/MAPF/MAPF Evaluator/results/tlcpp-random32-20/runs/lg_lacam_fork_lg_suo_tl/random-32-32-20/random-32-32-20-random-4_a150_s1_r0,3900,0.261,"{""agents"": ""150"", ""comp_time"": ""261"", ""makespan"": ""56"", ""makespan_lb"": ""54"", ""map_file"": ""random-32-32-20.map"", ""seed"": ""1"", ""soc"": ""3900"", ""soc_lb"": ""3273"", ""solved"": ""1"", ""solver"": ""planner"", ""sum_of_loss"": ""3635"", ""sum_of_loss_lb"": ""3273""}"
lg_lacam_fork:lg_suo_tl,LG-LaCAM (window 20) + SUO + traffic load,random-32-32-20,random-32-32-20-random-4,150,2,30.0,solved,0.271928,0.149,3885,56,3591,3273,54,1.186984,0,,/home/carsten/Projects/MAPF/MAPF Evaluator/results/tlcpp-random32-20/runs/lg_lacam_fork_lg_suo_tl/random-32-32-20/random-32-32-20-random-4_a150_s2_r0,3885,0.149,"{""agents"": ""150"", ""comp_time"": ""149"", ""makespan"": ""56"", ""makespan_lb"": ""54"", ""map_file"": ""random-32-32-20.map"", ""seed"": ""2"", ""soc"": ""3885"", ""soc_lb"": ""3273"", ""solved"": ""1"", ""solver"": ""planner"", ""sum_of_loss"": ""3626"", ""sum_of_loss_lb"": ""3273""}"
lg_lacam_fork:lacam,"LaCAM (no guidance, first solution)",random-32-32-20,random-32-32-20-random-4,200,1,30.0,solved,0.175213,0.021,7827,64,6666,4353,54,1.79807,0,,/home/carsten/Projects/MAPF/MAPF Evaluator/results/tlcpp-random32-20/runs/lg_lacam_fork_lacam/random-32-32-20/random-32-32-20-random-4_a200_s1_r0,7827,0.021,"{""agents"": ""200"", ""comp_time"": ""21"", ""makespan"": ""64"", ""makespan_lb"": ""54"", ""map_file"": ""random-32-32-20.map"", ""seed"": ""1"", ""soc"": ""7827"", ""soc_lb"": ""4353"", ""solved"": ""1"", ""solver"": ""planner"", ""sum_of_loss"": ""6900"", ""sum_of_loss_lb"": ""4353""}"
lg_lacam_fork:lacam,"LaCAM (no guidance, first solution)",random-32-32-20,random-32-32-20-random-4,200,0,30.0,solved,0.134361,0.043,8472,70,6937,4353,54,1.946244,0,,/home/carsten/Projects/MAPF/MAPF Evaluator/results/tlcpp-random32-20/runs/lg_lacam_fork_lacam/random-32-32-20/random-32-32-20-random-4_a200_s0_r0,8472,0.043,"{""agents"": ""200"", ""comp_time"": ""43"", ""makespan"": ""70"", ""makespan_lb"": ""54"", ""map_file"": ""random-32-32-20.map"", ""seed"": ""0"", ""soc"": ""8472"", ""soc_lb"": ""4353"", ""solved"": ""1"", ""solver"": ""planner"", ""sum_of_loss"": ""7215"", ""sum_of_loss_lb"": ""4353""}"
lg_lacam_fork:lacam,"LaCAM (no guidance, first solution)",random-32-32-20,random-32-32-20-random-4,200,2,30.0,solved,0.089694,0.048,8455,65,6899,4353,54,1.942339,0,,/home/carsten/Projects/MAPF/MAPF Evaluator/results/tlcpp-random32-20/runs/lg_lacam_fork_lacam/random-32-32-20/random-32-32-20-random-4_a200_s2_r0,8455,0.048,"{""agents"": ""200"", ""comp_time"": ""48"", ""makespan"": ""65"", ""makespan_lb"": ""54"", ""map_file"": ""random-32-32-20.map"", ""seed"": ""2"", ""soc"": ""8455"", ""soc_lb"": ""4353"", ""solved"": ""1"", ""solver"": ""planner"", ""sum_of_loss"": ""7156"", ""sum_of_loss_lb"": ""4353""}"
lg_lacam_fork:tl,"LaCAM + traffic load (tie-break, per config)",random-32-32-20,random-32-32-20-random-4,200,0,30.0,solved,0.247466,0.096,7549,61,6242,4353,54,1.734206,0,,/home/carsten/Projects/MAPF/MAPF Evaluator/results/tlcpp-random32-20/runs/lg_lacam_fork_tl/random-32-32-20/random-32-32-20-random-4_a200_s0_r0,7549,0.096,"{""agents"": ""200"", ""comp_time"": ""96"", ""makespan"": ""61"", ""makespan_lb"": ""54"", ""map_file"": ""random-32-32-20.map"", ""seed"": ""0"", ""soc"": ""7549"", ""soc_lb"": ""4353"", ""solved"": ""1"", ""solver"": ""planner"", ""sum_of_loss"": ""6460"", ""sum_of_loss_lb"": ""4353""}"
lg_lacam_fork:tl,"LaCAM + traffic load (tie-break, per config)",random-32-32-20,random-32-32-20-random-4,200,1,30.0,solved,0.099245,0.043,7606,61,6201,4353,54,1.747301,0,,/home/carsten/Projects/MAPF/MAPF Evaluator/results/tlcpp-random32-20/runs/lg_lacam_fork_tl/random-32-32-20/random-32-32-20-random-4_a200_s1_r0,7606,0.043,"{""agents"": ""200"", ""comp_time"": ""43"", ""makespan"": ""61"", ""makespan_lb"": ""54"", ""map_file"": ""random-32-32-20.map"", ""seed"": ""1"", ""soc"": ""7606"", ""soc_lb"": ""4353"", ""solved"": ""1"", ""solver"": ""planner"", ""sum_of_loss"": ""6419"", ""sum_of_loss_lb"": ""4353""}"
lg_lacam_fork:tl,"LaCAM + traffic load (tie-break, per config)",random-32-32-20,random-32-32-20-random-4,200,2,30.0,solved,0.124338,0.044,7592,61,6207,4353,54,1.744085,0,,/home/carsten/Projects/MAPF/MAPF Evaluator/results/tlcpp-random32-20/runs/lg_lacam_fork_tl/random-32-32-20/random-32-32-20-random-4_a200_s2_r0,7592,0.044,"{""agents"": ""200"", ""comp_time"": ""44"", ""makespan"": ""61"", ""makespan_lb"": ""54"", ""map_file"": ""random-32-32-20.map"", ""seed"": ""2"", ""soc"": ""7592"", ""soc_lb"": ""4353"", ""solved"": ""1"", ""solver"": ""planner"", ""sum_of_loss"": ""6426"", ""sum_of_loss_lb"": ""4353""}"
lg_lacam_fork:tl_agent,"LaCAM + traffic load (tie-break, per agent)",random-32-32-20,random-32-32-20-random-4,200,0,30.0,solved,0.145462,0.093,7229,58,6101,4353,54,1.660694,0,,/home/carsten/Projects/MAPF/MAPF Evaluator/results/tlcpp-random32-20/runs/lg_lacam_fork_tl_agent/random-32-32-20/random-32-32-20-random-4_a200_s0_r0,7229,0.093,"{""agents"": ""200"", ""comp_time"": ""93"", ""makespan"": ""58"", ""makespan_lb"": ""54"", ""map_file"": ""random-32-32-20.map"", ""seed"": ""0"", ""soc"": ""7229"", ""soc_lb"": ""4353"", ""solved"": ""1"", ""solver"": ""planner"", ""sum_of_loss"": ""6323"", ""sum_of_loss_lb"": ""4353""}"
lg_lacam_fork:tl_agent,"LaCAM + traffic load (tie-break, per agent)",random-32-32-20,random-32-32-20-random-4,200,1,30.0,solved,0.111781,0.064,7262,61,6134,4353,54,1.668275,0,,/home/carsten/Projects/MAPF/MAPF Evaluator/results/tlcpp-random32-20/runs/lg_lacam_fork_tl_agent/random-32-32-20/random-32-32-20-random-4_a200_s1_r0,7262,0.064,"{""agents"": ""200"", ""comp_time"": ""64"", ""makespan"": ""61"", ""makespan_lb"": ""54"", ""map_file"": ""random-32-32-20.map"", ""seed"": ""1"", ""soc"": ""7262"", ""soc_lb"": ""4353"", ""solved"": ""1"", ""solver"": ""planner"", ""sum_of_loss"": ""6371"", ""sum_of_loss_lb"": ""4353""}"
lg_lacam_fork:tl_agent,"LaCAM + traffic load (tie-break, per agent)",random-32-32-20,random-32-32-20-random-4,200,2,30.0,solved,0.147056,0.079,7144,59,6049,4353,54,1.641167,0,,/home/carsten/Projects/MAPF/MAPF Evaluator/results/tlcpp-random32-20/runs/lg_lacam_fork_tl_agent/random-32-32-20/random-32-32-20-random-4_a200_s2_r0,7144,0.079,"{""agents"": ""200"", ""comp_time"": ""79"", ""makespan"": ""59"", ""makespan_lb"": ""54"", ""map_file"": ""random-32-32-20.map"", ""seed"": ""2"", ""soc"": ""7144"", ""soc_lb"": ""4353"", ""solved"": ""1"", ""solver"": ""planner"", ""sum_of_loss"": ""6259"", ""sum_of_loss_lb"": ""4353""}"
lg_lacam_fork:tl_static,LaCAM + traffic load (static map from starts),random-32-32-20,random-32-32-20-random-4,200,0,30.0,solved,0.229321,0.088,8971,109,7336,4353,54,2.060878,0,,/home/carsten/Projects/MAPF/MAPF Evaluator/results/tlcpp-random32-20/runs/lg_lacam_fork_tl_static/random-32-32-20/random-32-32-20-random-4_a200_s0_r0,8971,0.088,"{""agents"": ""200"", ""comp_time"": ""88"", ""makespan"": ""109"", ""makespan_lb"": ""54"", ""map_file"": ""random-32-32-20.map"", ""seed"": ""0"", ""soc"": ""8971"", ""soc_lb"": ""4353"", ""solved"": ""1"", ""solver"": ""planner"", ""sum_of_loss"": ""7800"", ""sum_of_loss_lb"": ""4353""}"
lg_lacam_fork:tl_static,LaCAM + traffic load (static map from starts),random-32-32-20,random-32-32-20-random-4,200,1,30.0,solved,0.232046,0.147,9368,119,7561,4353,54,2.152079,0,,/home/carsten/Projects/MAPF/MAPF Evaluator/results/tlcpp-random32-20/runs/lg_lacam_fork_tl_static/random-32-32-20/random-32-32-20-random-4_a200_s1_r0,9368,0.147,"{""agents"": ""200"", ""comp_time"": ""147"", ""makespan"": ""119"", ""makespan_lb"": ""54"", ""map_file"": ""random-32-32-20.map"", ""seed"": ""1"", ""soc"": ""9368"", ""soc_lb"": ""4353"", ""solved"": ""1"", ""solver"": ""planner"", ""sum_of_loss"": ""8065"", ""sum_of_loss_lb"": ""4353""}"
lg_lacam_fork:tl_static,LaCAM + traffic load (static map from starts),random-32-32-20,random-32-32-20-random-4,200,2,30.0,solved,0.217014,0.114,9659,130,7753,4353,54,2.218929,0,,/home/carsten/Projects/MAPF/MAPF Evaluator/results/tlcpp-random32-20/runs/lg_lacam_fork_tl_static/random-32-32-20/random-32-32-20-random-4_a200_s2_r0,9659,0.114,"{""agents"": ""200"", ""comp_time"": ""114"", ""makespan"": ""130"", ""makespan_lb"": ""54"", ""map_file"": ""random-32-32-20.map"", ""seed"": ""2"", ""soc"": ""9659"", ""soc_lb"": ""4353"", ""solved"": ""1"", ""solver"": ""planner"", ""sum_of_loss"": ""8320"", ""sum_of_loss_lb"": ""4353""}"
lg_lacam_fork:suo,LaCAM3 = SUO (first solution),random-32-32-20,random-32-32-20-random-4,200,0,30.0,solved,0.211178,0.101,7005,65,5953,4353,54,1.609235,0,,/home/carsten/Projects/MAPF/MAPF Evaluator/results/tlcpp-random32-20/runs/lg_lacam_fork_suo/random-32-32-20/random-32-32-20-random-4_a200_s0_r0,7005,0.101,"{""agents"": ""200"", ""comp_time"": ""101"", ""makespan"": ""65"", ""makespan_lb"": ""54"", ""map_file"": ""random-32-32-20.map"", ""seed"": ""0"", ""soc"": ""7005"", ""soc_lb"": ""4353"", ""solved"": ""1"", ""solver"": ""planner"", ""sum_of_loss"": ""6113"", ""sum_of_loss_lb"": ""4353""}"
lg_lacam_fork:suo,LaCAM3 = SUO (first solution),random-32-32-20,random-32-32-20-random-4,200,2,30.0,solved,0.124918,0.059,6486,60,5746,4353,54,1.490007,0,,/home/carsten/Projects/MAPF/MAPF Evaluator/results/tlcpp-random32-20/runs/lg_lacam_fork_suo/random-32-32-20/random-32-32-20-random-4_a200_s2_r0,6486,0.059,"{""agents"": ""200"", ""comp_time"": ""59"", ""makespan"": ""60"", ""makespan_lb"": ""54"", ""map_file"": ""random-32-32-20.map"", ""seed"": ""2"", ""soc"": ""6486"", ""soc_lb"": ""4353"", ""solved"": ""1"", ""solver"": ""planner"", ""sum_of_loss"": ""5874"", ""sum_of_loss_lb"": ""4353""}"
lg_lacam_fork:suo,LaCAM3 = SUO (first solution),random-32-32-20,random-32-32-20-random-4,200,1,30.0,solved,0.094317,0.069,6523,59,5702,4353,54,1.498507,0,,/home/carsten/Projects/MAPF/MAPF Evaluator/results/tlcpp-random32-20/runs/lg_lacam_fork_suo/random-32-32-20/random-32-32-20-random-4_a200_s1_r0,6523,0.069,"{""agents"": ""200"", ""comp_time"": ""69"", ""makespan"": ""59"", ""makespan_lb"": ""54"", ""map_file"": ""random-32-32-20.map"", ""seed"": ""1"", ""soc"": ""6523"", ""soc_lb"": ""4353"", ""solved"": ""1"", ""solver"": ""planner"", ""sum_of_loss"": ""5834"", ""sum_of_loss_lb"": ""4353""}"
lg_lacam_fork:suo_tl,SUO + traffic load,random-32-32-20,random-32-32-20-random-4,200,0,30.0,solved,0.149784,0.097,6285,62,5517,4353,54,1.443832,0,,/home/carsten/Projects/MAPF/MAPF Evaluator/results/tlcpp-random32-20/runs/lg_lacam_fork_suo_tl/random-32-32-20/random-32-32-20-random-4_a200_s0_r0,6285,0.097,"{""agents"": ""200"", ""comp_time"": ""97"", ""makespan"": ""62"", ""makespan_lb"": ""54"", ""map_file"": ""random-32-32-20.map"", ""seed"": ""0"", ""soc"": ""6285"", ""soc_lb"": ""4353"", ""solved"": ""1"", ""solver"": ""planner"", ""sum_of_loss"": ""5640"", ""sum_of_loss_lb"": ""4353""}"
lg_lacam_fork:suo_tl,SUO + traffic load,random-32-32-20,random-32-32-20-random-4,200,2,30.0,solved,0.139204,0.109,6175,60,5467,4353,54,1.418562,0,,/home/carsten/Projects/MAPF/MAPF Evaluator/results/tlcpp-random32-20/runs/lg_lacam_fork_suo_tl/random-32-32-20/random-32-32-20-random-4_a200_s2_r0,6175,0.109,"{""agents"": ""200"", ""comp_time"": ""109"", ""makespan"": ""60"", ""makespan_lb"": ""54"", ""map_file"": ""random-32-32-20.map"", ""seed"": ""2"", ""soc"": ""6175"", ""soc_lb"": ""4353"", ""solved"": ""1"", ""solver"": ""planner"", ""sum_of_loss"": ""5560"", ""sum_of_loss_lb"": ""4353""}"
lg_lacam_fork:suo_tl,SUO + traffic load,random-32-32-20,random-32-32-20-random-4,200,1,30.0,solved,0.143695,0.05,6246,58,5579,4353,54,1.434873,0,,/home/carsten/Projects/MAPF/MAPF Evaluator/results/tlcpp-random32-20/runs/lg_lacam_fork_suo_tl/random-32-32-20/random-32-32-20-random-4_a200_s1_r0,6246,0.05,"{""agents"": ""200"", ""comp_time"": ""50"", ""makespan"": ""58"", ""makespan_lb"": ""54"", ""map_file"": ""random-32-32-20.map"", ""seed"": ""1"", ""soc"": ""6246"", ""soc_lb"": ""4353"", ""solved"": ""1"", ""solver"": ""planner"", ""sum_of_loss"": ""5679"", ""sum_of_loss_lb"": ""4353""}"
lg_lacam_fork:lg,"LG-LaCAM (window 20, first solution)",random-32-32-20,random-32-32-20-random-4,200,0,30.0,solved,0.189148,0.108,5812,54,5160,4353,54,1.335171,0,,/home/carsten/Projects/MAPF/MAPF Evaluator/results/tlcpp-random32-20/runs/lg_lacam_fork_lg/random-32-32-20/random-32-32-20-random-4_a200_s0_r0,5812,0.108,"{""agents"": ""200"", ""comp_time"": ""108"", ""makespan"": ""54"", ""makespan_lb"": ""54"", ""map_file"": ""random-32-32-20.map"", ""seed"": ""0"", ""soc"": ""5812"", ""soc_lb"": ""4353"", ""solved"": ""1"", ""solver"": ""planner"", ""sum_of_loss"": ""5260"", ""sum_of_loss_lb"": ""4353""}"
lg_lacam_fork:lg,"LG-LaCAM (window 20, first solution)",random-32-32-20,random-32-32-20-random-4,200,1,30.0,solved,0.149595,0.106,5777,56,5153,4353,54,1.327131,0,,/home/carsten/Projects/MAPF/MAPF Evaluator/results/tlcpp-random32-20/runs/lg_lacam_fork_lg/random-32-32-20/random-32-32-20-random-4_a200_s1_r0,5777,0.106,"{""agents"": ""200"", ""comp_time"": ""106"", ""makespan"": ""56"", ""makespan_lb"": ""54"", ""map_file"": ""random-32-32-20.map"", ""seed"": ""1"", ""soc"": ""5777"", ""soc_lb"": ""4353"", ""solved"": ""1"", ""solver"": ""planner"", ""sum_of_loss"": ""5235"", ""sum_of_loss_lb"": ""4353""}"
lg_lacam_fork:lg,"LG-LaCAM (window 20, first solution)",random-32-32-20,random-32-32-20-random-4,200,2,30.0,solved,0.278783,0.187,5962,54,5201,4353,54,1.36963,0,,/home/carsten/Projects/MAPF/MAPF Evaluator/results/tlcpp-random32-20/runs/lg_lacam_fork_lg/random-32-32-20/random-32-32-20-random-4_a200_s2_r0,5962,0.187,"{""agents"": ""200"", ""comp_time"": ""187"", ""makespan"": ""54"", ""makespan_lb"": ""54"", ""map_file"": ""random-32-32-20.map"", ""seed"": ""2"", ""soc"": ""5962"", ""soc_lb"": ""4353"", ""solved"": ""1"", ""solver"": ""planner"", ""sum_of_loss"": ""5290"", ""sum_of_loss_lb"": ""4353""}"
lg_lacam_fork:lg_tl,LG-LaCAM (window 20) + traffic load,random-32-32-20,random-32-32-20-random-4,200,0,30.0,solved,0.264802,0.163,5824,55,5130,4353,54,1.337928,0,,/home/carsten/Projects/MAPF/MAPF Evaluator/results/tlcpp-random32-20/runs/lg_lacam_fork_lg_tl/random-32-32-20/random-32-32-20-random-4_a200_s0_r0,5824,0.163,"{""agents"": ""200"", ""comp_time"": ""163"", ""makespan"": ""55"", ""makespan_lb"": ""54"", ""map_file"": ""random-32-32-20.map"", ""seed"": ""0"", ""soc"": ""5824"", ""soc_lb"": ""4353"", ""solved"": ""1"", ""solver"": ""planner"", ""sum_of_loss"": ""5223"", ""sum_of_loss_lb"": ""4353""}"
lg_lacam_fork:lg_tl,LG-LaCAM (window 20) + traffic load,random-32-32-20,random-32-32-20-random-4,200,1,30.0,solved,0.246934,0.14,5694,56,5066,4353,54,1.308063,0,,/home/carsten/Projects/MAPF/MAPF Evaluator/results/tlcpp-random32-20/runs/lg_lacam_fork_lg_tl/random-32-32-20/random-32-32-20-random-4_a200_s1_r0,5694,0.14,"{""agents"": ""200"", ""comp_time"": ""140"", ""makespan"": ""56"", ""makespan_lb"": ""54"", ""map_file"": ""random-32-32-20.map"", ""seed"": ""1"", ""soc"": ""5694"", ""soc_lb"": ""4353"", ""solved"": ""1"", ""solver"": ""planner"", ""sum_of_loss"": ""5152"", ""sum_of_loss_lb"": ""4353""}"
lg_lacam_fork:lg_tl,LG-LaCAM (window 20) + traffic load,random-32-32-20,random-32-32-20-random-4,200,2,30.0,solved,0.24098,0.127,5660,56,5052,4353,54,1.300253,0,,/home/carsten/Projects/MAPF/MAPF Evaluator/results/tlcpp-random32-20/runs/lg_lacam_fork_lg_tl/random-32-32-20/random-32-32-20-random-4_a200_s2_r0,5660,0.127,"{""agents"": ""200"", ""comp_time"": ""127"", ""makespan"": ""56"", ""makespan_lb"": ""54"", ""map_file"": ""random-32-32-20.map"", ""seed"": ""2"", ""soc"": ""5660"", ""soc_lb"": ""4353"", ""solved"": ""1"", ""solver"": ""planner"", ""sum_of_loss"": ""5138"", ""sum_of_loss_lb"": ""4353""}"
lg_lacam_fork:lg_suo,LG-LaCAM (window 20) + SUO,random-32-32-20,random-32-32-20-random-4,200,1,30.0,solved,0.355442,0.202,5842,57,5187,4353,54,1.342063,0,,/home/carsten/Projects/MAPF/MAPF Evaluator/results/tlcpp-random32-20/runs/lg_lacam_fork_lg_suo/random-32-32-20/random-32-32-20-random-4_a200_s1_r0,5842,0.202,"{""agents"": ""200"", ""comp_time"": ""202"", ""makespan"": ""57"", ""makespan_lb"": ""54"", ""map_file"": ""random-32-32-20.map"", ""seed"": ""1"", ""soc"": ""5842"", ""soc_lb"": ""4353"", ""solved"": ""1"", ""solver"": ""planner"", ""sum_of_loss"": ""5281"", ""sum_of_loss_lb"": ""4353""}"
lg_lacam_fork:lg_suo,LG-LaCAM (window 20) + SUO,random-32-32-20,random-32-32-20-random-4,200,2,30.0,solved,0.237795,0.152,5945,57,5331,4353,54,1.365725,0,,/home/carsten/Projects/MAPF/MAPF Evaluator/results/tlcpp-random32-20/runs/lg_lacam_fork_lg_suo/random-32-32-20/random-32-32-20-random-4_a200_s2_r0,5945,0.152,"{""agents"": ""200"", ""comp_time"": ""152"", ""makespan"": ""57"", ""makespan_lb"": ""54"", ""map_file"": ""random-32-32-20.map"", ""seed"": ""2"", ""soc"": ""5945"", ""soc_lb"": ""4353"", ""solved"": ""1"", ""solver"": ""planner"", ""sum_of_loss"": ""5423"", ""sum_of_loss_lb"": ""4353""}"
lg_lacam_fork:lg_suo,LG-LaCAM (window 20) + SUO,random-32-32-20,random-32-32-20-random-4,200,0,30.0,solved,0.488312,0.374,5874,62,5266,4353,54,1.349414,0,,/home/carsten/Projects/MAPF/MAPF Evaluator/results/tlcpp-random32-20/runs/lg_lacam_fork_lg_suo/random-32-32-20/random-32-32-20-random-4_a200_s0_r0,5874,0.374,"{""agents"": ""200"", ""comp_time"": ""374"", ""makespan"": ""62"", ""makespan_lb"": ""54"", ""map_file"": ""random-32-32-20.map"", ""seed"": ""0"", ""soc"": ""5874"", ""soc_lb"": ""4353"", ""solved"": ""1"", ""solver"": ""planner"", ""sum_of_loss"": ""5365"", ""sum_of_loss_lb"": ""4353""}"
lg_lacam_fork:lg_suo_tl,LG-LaCAM (window 20) + SUO + traffic load,random-32-32-20,random-32-32-20-random-4,200,0,30.0,solved,0.376502,0.299,5693,57,5115,4353,54,1.307834,0,,/home/carsten/Projects/MAPF/MAPF Evaluator/results/tlcpp-random32-20/runs/lg_lacam_fork_lg_suo_tl/random-32-32-20/random-32-32-20-random-4_a200_s0_r0,5693,0.299,"{""agents"": ""200"", ""comp_time"": ""299"", ""makespan"": ""57"", ""makespan_lb"": ""54"", ""map_file"": ""random-32-32-20.map"", ""seed"": ""0"", ""soc"": ""5693"", ""soc_lb"": ""4353"", ""solved"": ""1"", ""solver"": ""planner"", ""sum_of_loss"": ""5194"", ""sum_of_loss_lb"": ""4353""}"
lg_lacam_fork:lacam,"LaCAM (no guidance, first solution)",random-32-32-20,random-32-32-20-random-5,50,0,30.0,solved,0.032155,0.004,1426,48,1346,1216,48,1.172697,0,,/home/carsten/Projects/MAPF/MAPF Evaluator/results/tlcpp-random32-20/runs/lg_lacam_fork_lacam/random-32-32-20/random-32-32-20-random-5_a50_s0_r0,1426,0.004,"{""agents"": ""50"", ""comp_time"": ""4"", ""makespan"": ""48"", ""makespan_lb"": ""48"", ""map_file"": ""random-32-32-20.map"", ""seed"": ""0"", ""soc"": ""1426"", ""soc_lb"": ""1216"", ""solved"": ""1"", ""solver"": ""planner"", ""sum_of_loss"": ""1361"", ""sum_of_loss_lb"": ""1216""}"
lg_lacam_fork:lacam,"LaCAM (no guidance, first solution)",random-32-32-20,random-32-32-20-random-5,50,1,30.0,solved,0.047883,0.012,1392,48,1321,1216,48,1.144737,0,,/home/carsten/Projects/MAPF/MAPF Evaluator/results/tlcpp-random32-20/runs/lg_lacam_fork_lacam/random-32-32-20/random-32-32-20-random-5_a50_s1_r0,1392,0.012,"{""agents"": ""50"", ""comp_time"": ""12"", ""makespan"": ""48"", ""makespan_lb"": ""48"", ""map_file"": ""random-32-32-20.map"", ""seed"": ""1"", ""soc"": ""1392"", ""soc_lb"": ""1216"", ""solved"": ""1"", ""solver"": ""planner"", ""sum_of_loss"": ""1333"", ""sum_of_loss_lb"": ""1216""}"
lg_lacam_fork:lacam,"LaCAM (no guidance, first solution)",random-32-32-20,random-32-32-20-random-5,50,2,30.0,solved,0.022487,0.004,1413,48,1325,1216,48,1.162007,0,,/home/carsten/Projects/MAPF/MAPF Evaluator/results/tlcpp-random32-20/runs/lg_lacam_fork_lacam/random-32-32-20/random-32-32-20-random-5_a50_s2_r0,1413,0.004,"{""agents"": ""50"", ""comp_time"": ""4"", ""makespan"": ""48"", ""makespan_lb"": ""48"", ""map_file"": ""random-32-32-20.map"", ""seed"": ""2"", ""soc"": ""1413"", ""soc_lb"": ""1216"", ""solved"": ""1"", ""solver"": ""planner"", ""sum_of_loss"": ""1344"", ""sum_of_loss_lb"": ""1216""}"
lg_lacam_fork:tl,"LaCAM + traffic load (tie-break, per config)",random-32-32-20,random-32-32-20-random-5,50,0,30.0,solved,0.062585,0.034,1341,48,1286,1216,48,1.102796,0,,/home/carsten/Projects/MAPF/MAPF Evaluator/results/tlcpp-random32-20/runs/lg_lacam_fork_tl/random-32-32-20/random-32-32-20-random-5_a50_s0_r0,1341,0.034,"{""agents"": ""50"", ""comp_time"": ""34"", ""makespan"": ""48"", ""makespan_lb"": ""48"", ""map_file"": ""random-32-32-20.map"", ""seed"": ""0"", ""soc"": ""1341"", ""soc_lb"": ""1216"", ""solved"": ""1"", ""solver"": ""planner"", ""sum_of_loss"": ""1297"", ""sum_of_loss_lb"": ""1216""}"
lg_lacam_fork:tl,"LaCAM + traffic load (tie-break, per config)",random-32-32-20,random-32-32-20-random-5,50,1,30.0,solved,0.097794,0.012,1347,48,1291,1216,48,1.10773,0,,/home/carsten/Projects/MAPF/MAPF Evaluator/results/tlcpp-random32-20/runs/lg_lacam_fork_tl/random-32-32-20/random-32-32-20-random-5_a50_s1_r0,1347,0.012,"{""agents"": ""50"", ""comp_time"": ""12"", ""makespan"": ""48"", ""makespan_lb"": ""48"", ""map_file"": ""random-32-32-20.map"", ""seed"": ""1"", ""soc"": ""1347"", ""soc_lb"": ""1216"", ""solved"": ""1"", ""solver"": ""planner"", ""sum_of_loss"": ""1303"", ""sum_of_loss_lb"": ""1216""}"
lg_lacam_fork:lg_suo_tl,LG-LaCAM (window 20) + SUO + traffic load,random-32-32-20,random-32-32-20-random-4,200,1,30.0,solved,0.471035,0.381,5726,61,5124,4353,54,1.315415,0,,/home/carsten/Projects/MAPF/MAPF Evaluator/results/tlcpp-random32-20/runs/lg_lacam_fork_lg_suo_tl/random-32-32-20/random-32-32-20-random-4_a200_s1_r0,5726,0.381,"{""agents"": ""200"", ""comp_time"": ""381"", ""makespan"": ""61"", ""makespan_lb"": ""54"", ""map_file"": ""random-32-32-20.map"", ""seed"": ""1"", ""soc"": ""5726"", ""soc_lb"": ""4353"", ""solved"": ""1"", ""solver"": ""planner"", ""sum_of_loss"": ""5205"", ""sum_of_loss_lb"": ""4353""}"
lg_lacam_fork:tl,"LaCAM + traffic load (tie-break, per config)",random-32-32-20,random-32-32-20-random-5,50,2,30.0,solved,0.057175,0.011,1328,48,1287,1216,48,1.092105,0,,/home/carsten/Projects/MAPF/MAPF Evaluator/results/tlcpp-random32-20/runs/lg_lacam_fork_tl/random-32-32-20/random-32-32-20-random-5_a50_s2_r0,1328,0.011,"{""agents"": ""50"", ""comp_time"": ""11"", ""makespan"": ""48"", ""makespan_lb"": ""48"", ""map_file"": ""random-32-32-20.map"", ""seed"": ""2"", ""soc"": ""1328"", ""soc_lb"": ""1216"", ""solved"": ""1"", ""solver"": ""planner"", ""sum_of_loss"": ""1298"", ""sum_of_loss_lb"": ""1216""}"
lg_lacam_fork:lg_suo_tl,LG-LaCAM (window 20) + SUO + traffic load,random-32-32-20,random-32-32-20-random-4,200,2,30.0,solved,0.38345,0.28,5711,57,5155,4353,54,1.311969,0,,/home/carsten/Projects/MAPF/MAPF Evaluator/results/tlcpp-random32-20/runs/lg_lacam_fork_lg_suo_tl/random-32-32-20/random-32-32-20-random-4_a200_s2_r0,5711,0.28,"{""agents"": ""200"", ""comp_time"": ""280"", ""makespan"": ""57"", ""makespan_lb"": ""54"", ""map_file"": ""random-32-32-20.map"", ""seed"": ""2"", ""soc"": ""5711"", ""soc_lb"": ""4353"", ""solved"": ""1"", ""solver"": ""planner"", ""sum_of_loss"": ""5248"", ""sum_of_loss_lb"": ""4353""}"
lg_lacam_fork:tl_agent,"LaCAM + traffic load (tie-break, per agent)",random-32-32-20,random-32-32-20-random-5,50,0,30.0,solved,0.092036,0.034,1344,48,1285,1216,48,1.105263,0,,/home/carsten/Projects/MAPF/MAPF Evaluator/results/tlcpp-random32-20/runs/lg_lacam_fork_tl_agent/random-32-32-20/random-32-32-20-random-5_a50_s0_r0,1344,0.034,"{""agents"": ""50"", ""comp_time"": ""34"", ""makespan"": ""48"", ""makespan_lb"": ""48"", ""map_file"": ""random-32-32-20.map"", ""seed"": ""0"", ""soc"": ""1344"", ""soc_lb"": ""1216"", ""solved"": ""1"", ""solver"": ""planner"", ""sum_of_loss"": ""1297"", ""sum_of_loss_lb"": ""1216""}"
lg_lacam_fork:tl_agent,"LaCAM + traffic load (tie-break, per agent)",random-32-32-20,random-32-32-20-random-5,50,2,30.0,solved,0.053766,0.008,1345,48,1289,1216,48,1.106086,0,,/home/carsten/Projects/MAPF/MAPF Evaluator/results/tlcpp-random32-20/runs/lg_lacam_fork_tl_agent/random-32-32-20/random-32-32-20-random-5_a50_s2_r0,1345,0.008,"{""agents"": ""50"", ""comp_time"": ""8"", ""makespan"": ""48"", ""makespan_lb"": ""48"", ""map_file"": ""random-32-32-20.map"", ""seed"": ""2"", ""soc"": ""1345"", ""soc_lb"": ""1216"", ""solved"": ""1"", ""solver"": ""planner"", ""sum_of_loss"": ""1301"", ""sum_of_loss_lb"": ""1216""}"
lg_lacam_fork:tl_agent,"LaCAM + traffic load (tie-break, per agent)",random-32-32-20,random-32-32-20-random-5,50,1,30.0,solved,0.067437,0.021,1338,48,1299,1216,48,1.100329,0,,/home/carsten/Projects/MAPF/MAPF Evaluator/results/tlcpp-random32-20/runs/lg_lacam_fork_tl_agent/random-32-32-20/random-32-32-20-random-5_a50_s1_r0,1338,0.021,"{""agents"": ""50"", ""comp_time"": ""21"", ""makespan"": ""48"", ""makespan_lb"": ""48"", ""map_file"": ""random-32-32-20.map"", ""seed"": ""1"", ""soc"": ""1338"", ""soc_lb"": ""1216"", ""solved"": ""1"", ""solver"": ""planner"", ""sum_of_loss"": ""1309"", ""sum_of_loss_lb"": ""1216""}"
lg_lacam_fork:tl_static,LaCAM + traffic load (static map from starts),random-32-32-20,random-32-32-20-random-5,50,0,30.0,solved,0.038139,0.006,1421,48,1354,1216,48,1.168586,0,,/home/carsten/Projects/MAPF/MAPF Evaluator/results/tlcpp-random32-20/runs/lg_lacam_fork_tl_static/random-32-32-20/random-32-32-20-random-5_a50_s0_r0,1421,0.006,"{""agents"": ""50"", ""comp_time"": ""6"", ""makespan"": ""48"", ""makespan_lb"": ""48"", ""map_file"": ""random-32-32-20.map"", ""seed"": ""0"", ""soc"": ""1421"", ""soc_lb"": ""1216"", ""solved"": ""1"", ""solver"": ""planner"", ""sum_of_loss"": ""1368"", ""sum_of_loss_lb"": ""1216""}"
lg_lacam_fork:tl_static,LaCAM + traffic load (static map from starts),random-32-32-20,random-32-32-20-random-5,50,1,30.0,solved,0.102673,0.028,1406,48,1347,1216,48,1.15625,0,,/home/carsten/Projects/MAPF/MAPF Evaluator/results/tlcpp-random32-20/runs/lg_lacam_fork_tl_static/random-32-32-20/random-32-32-20-random-5_a50_s1_r0,1406,0.028,"{""agents"": ""50"", ""comp_time"": ""28"", ""makespan"": ""48"", ""makespan_lb"": ""48"", ""map_file"": ""random-32-32-20.map"", ""seed"": ""1"", ""soc"": ""1406"", ""soc_lb"": ""1216"", ""solved"": ""1"", ""solver"": ""planner"", ""sum_of_loss"": ""1360"", ""sum_of_loss_lb"": ""1216""}"
lg_lacam_fork:suo,LaCAM3 = SUO (first solution),random-32-32-20,random-32-32-20-random-5,50,1,30.0,solved,0.089775,0.023,1285,50,1285,1216,48,1.056743,0,,/home/carsten/Projects/MAPF/MAPF Evaluator/results/tlcpp-random32-20/runs/lg_lacam_fork_suo/random-32-32-20/random-32-32-20-random-5_a50_s1_r0,1285,0.023,"{""agents"": ""50"", ""comp_time"": ""23"", ""makespan"": ""50"", ""makespan_lb"": ""48"", ""map_file"": ""random-32-32-20.map"", ""seed"": ""1"", ""soc"": ""1285"", ""soc_lb"": ""1216"", ""solved"": ""1"", ""solver"": ""planner"", ""sum_of_loss"": ""1285"", ""sum_of_loss_lb"": ""1216""}"
lg_lacam_fork:tl_static,LaCAM + traffic load (static map from starts),random-32-32-20,random-32-32-20-random-5,50,2,30.0,solved,0.065553,0.015,1425,48,1352,1216,48,1.171875,0,,/home/carsten/Projects/MAPF/MAPF Evaluator/results/tlcpp-random32-20/runs/lg_lacam_fork_tl_static/random-32-32-20/random-32-32-20-random-5_a50_s2_r0,1425,0.015,"{""agents"": ""50"", ""comp_time"": ""15"", ""makespan"": ""48"", ""makespan_lb"": ""48"", ""map_file"": ""random-32-32-20.map"", ""seed"": ""2"", ""soc"": ""1425"", ""soc_lb"": ""1216"", ""solved"": ""1"", ""solver"": ""planner"", ""sum_of_loss"": ""1365"", ""sum_of_loss_lb"": ""1216""}"
lg_lacam_fork:suo,LaCAM3 = SUO (first solution),random-32-32-20,random-32-32-20-random-5,50,0,30.0,solved,0.068163,0.022,1276,50,1266,1216,48,1.049342,0,,/home/carsten/Projects/MAPF/MAPF Evaluator/results/tlcpp-random32-20/runs/lg_lacam_fork_suo/random-32-32-20/random-32-32-20-random-5_a50_s0_r0,1276,0.022,"{""agents"": ""50"", ""comp_time"": ""22"", ""makespan"": ""50"", ""makespan_lb"": ""48"", ""map_file"": ""random-32-32-20.map"", ""seed"": ""0"", ""soc"": ""1276"", ""soc_lb"": ""1216"", ""solved"": ""1"", ""solver"": ""planner"", ""sum_of_loss"": ""1268"", ""sum_of_loss_lb"": ""1216""}"
lg_lacam_fork:suo,LaCAM3 = SUO (first solution),random-32-32-20,random-32-32-20-random-5,50,2,30.0,solved,0.094082,0.007,1287,48,1283,1216,48,1.058388,0,,/home/carsten/Projects/MAPF/MAPF Evaluator/results/tlcpp-random32-20/runs/lg_lacam_fork_suo/random-32-32-20/random-32-32-20-random-5_a50_s2_r0,1287,0.007,"{""agents"": ""50"", ""comp_time"": ""7"", ""makespan"": ""48"", ""makespan_lb"": ""48"", ""map_file"": ""random-32-32-20.map"", ""seed"": ""2"", ""soc"": ""1287"", ""soc_lb"": ""1216"", ""solved"": ""1"", ""solver"": ""planner"", ""sum_of_loss"": ""1285"", ""sum_of_loss_lb"": ""1216""}"
lg_lacam_fork:suo_tl,SUO + traffic load,random-32-32-20,random-32-32-20-random-5,50,0,30.0,solved,0.04429,0.028,1266,50,1261,1216,48,1.041118,0,,/home/carsten/Projects/MAPF/MAPF Evaluator/results/tlcpp-random32-20/runs/lg_lacam_fork_suo_tl/random-32-32-20/random-32-32-20-random-5_a50_s0_r0,1266,0.028,"{""agents"": ""50"", ""comp_time"": ""28"", ""makespan"": ""50"", ""makespan_lb"": ""48"", ""map_file"": ""random-32-32-20.map"", ""seed"": ""0"", ""soc"": ""1266"", ""soc_lb"": ""1216"", ""solved"": ""1"", ""solver"": ""planner"", ""sum_of_loss"": ""1262"", ""sum_of_loss_lb"": ""1216""}"
lg_lacam_fork:suo_tl,SUO + traffic load,random-32-32-20,random-32-32-20-random-5,50,1,30.0,solved,0.104405,0.018,1286,50,1286,1216,48,1.057566,0,,/home/carsten/Projects/MAPF/MAPF Evaluator/results/tlcpp-random32-20/runs/lg_lacam_fork_suo_tl/random-32-32-20/random-32-32-20-random-5_a50_s1_r0,1286,0.018,"{""agents"": ""50"", ""comp_time"": ""18"", ""makespan"": ""50"", ""makespan_lb"": ""48"", ""map_file"": ""random-32-32-20.map"", ""seed"": ""1"", ""soc"": ""1286"", ""soc_lb"": ""1216"", ""solved"": ""1"", ""solver"": ""planner"", ""sum_of_loss"": ""1286"", ""sum_of_loss_lb"": ""1216""}"
lg_lacam_fork:suo_tl,SUO + traffic load,random-32-32-20,random-32-32-20-random-5,50,2,30.0,solved,0.057797,0.029,1282,48,1277,1216,48,1.054276,0,,/home/carsten/Projects/MAPF/MAPF Evaluator/results/tlcpp-random32-20/runs/lg_lacam_fork_suo_tl/random-32-32-20/random-32-32-20-random-5_a50_s2_r0,1282,0.029,"{""agents"": ""50"", ""comp_time"": ""29"", ""makespan"": ""48"", ""makespan_lb"": ""48"", ""map_file"": ""random-32-32-20.map"", ""seed"": ""2"", ""soc"": ""1282"", ""soc_lb"": ""1216"", ""solved"": ""1"", ""solver"": ""planner"", ""sum_of_loss"": ""1278"", ""sum_of_loss_lb"": ""1216""}"
lg_lacam_fork:lg,"LG-LaCAM (window 20, first solution)",random-32-32-20,random-32-32-20-random-5,50,2,30.0,solved,0.052786,0.027,1250,48,1248,1216,48,1.027961,0,,/home/carsten/Projects/MAPF/MAPF Evaluator/results/tlcpp-random32-20/runs/lg_lacam_fork_lg/random-32-32-20/random-32-32-20-random-5_a50_s2_r0,1250,0.027,"{""agents"": ""50"", ""comp_time"": ""27"", ""makespan"": ""48"", ""makespan_lb"": ""48"", ""map_file"": ""random-32-32-20.map"", ""seed"": ""2"", ""soc"": ""1250"", ""soc_lb"": ""1216"", ""solved"": ""1"", ""solver"": ""planner"", ""sum_of_loss"": ""1249"", ""sum_of_loss_lb"": ""1216""}"
lg_lacam_fork:lg,"LG-LaCAM (window 20, first solution)",random-32-32-20,random-32-32-20-random-5,50,1,30.0,solved,0.097263,0.037,1251,48,1249,1216,48,1.028783,0,,/home/carsten/Projects/MAPF/MAPF Evaluator/results/tlcpp-random32-20/runs/lg_lacam_fork_lg/random-32-32-20/random-32-32-20-random-5_a50_s1_r0,1251,0.037,"{""agents"": ""50"", ""comp_time"": ""37"", ""makespan"": ""48"", ""makespan_lb"": ""48"", ""map_file"": ""random-32-32-20.map"", ""seed"": ""1"", ""soc"": ""1251"", ""soc_lb"": ""1216"", ""solved"": ""1"", ""solver"": ""planner"", ""sum_of_loss"": ""1250"", ""sum_of_loss_lb"": ""1216""}"
lg_lacam_fork:lg,"LG-LaCAM (window 20, first solution)",random-32-32-20,random-32-32-20-random-5,50,0,30.0,solved,0.118681,0.032,1257,48,1254,1216,48,1.033717,0,,/home/carsten/Projects/MAPF/MAPF Evaluator/results/tlcpp-random32-20/runs/lg_lacam_fork_lg/random-32-32-20/random-32-32-20-random-5_a50_s0_r0,1257,0.032,"{""agents"": ""50"", ""comp_time"": ""32"", ""makespan"": ""48"", ""makespan_lb"": ""48"", ""map_file"": ""random-32-32-20.map"", ""seed"": ""0"", ""soc"": ""1257"", ""soc_lb"": ""1216"", ""solved"": ""1"", ""solver"": ""planner"", ""sum_of_loss"": ""1256"", ""sum_of_loss_lb"": ""1216""}"
lg_lacam_fork:lg_tl,LG-LaCAM (window 20) + traffic load,random-32-32-20,random-32-32-20-random-5,50,0,30.0,solved,0.152059,0.052,1255,48,1250,1216,48,1.032072,0,,/home/carsten/Projects/MAPF/MAPF Evaluator/results/tlcpp-random32-20/runs/lg_lacam_fork_lg_tl/random-32-32-20/random-32-32-20-random-5_a50_s0_r0,1255,0.052,"{""agents"": ""50"", ""comp_time"": ""52"", ""makespan"": ""48"", ""makespan_lb"": ""48"", ""map_file"": ""random-32-32-20.map"", ""seed"": ""0"", ""soc"": ""1255"", ""soc_lb"": ""1216"", ""solved"": ""1"", ""solver"": ""planner"", ""sum_of_loss"": ""1252"", ""sum_of_loss_lb"": ""1216""}"
lg_lacam_fork:lg_tl,LG-LaCAM (window 20) + traffic load,random-32-32-20,random-32-32-20-random-5,50,1,30.0,solved,0.09271,0.061,1249,48,1247,1216,48,1.027138,0,,/home/carsten/Projects/MAPF/MAPF Evaluator/results/tlcpp-random32-20/runs/lg_lacam_fork_lg_tl/random-32-32-20/random-32-32-20-random-5_a50_s1_r0,1249,0.061,"{""agents"": ""50"", ""comp_time"": ""61"", ""makespan"": ""48"", ""makespan_lb"": ""48"", ""map_file"": ""random-32-32-20.map"", ""seed"": ""1"", ""soc"": ""1249"", ""soc_lb"": ""1216"", ""solved"": ""1"", ""solver"": ""planner"", ""sum_of_loss"": ""1248"", ""sum_of_loss_lb"": ""1216""}"
lg_lacam_fork:lg_tl,LG-LaCAM (window 20) + traffic load,random-32-32-20,random-32-32-20-random-5,50,2,30.0,solved,0.055408,0.026,1250,48,1248,1216,48,1.027961,0,,/home/carsten/Projects/MAPF/MAPF Evaluator/results/tlcpp-random32-20/runs/lg_lacam_fork_lg_tl/random-32-32-20/random-32-32-20-random-5_a50_s2_r0,1250,0.026,"{""agents"": ""50"", ""comp_time"": ""26"", ""makespan"": ""48"", ""makespan_lb"": ""48"", ""map_file"": ""random-32-32-20.map"", ""seed"": ""2"", ""soc"": ""1250"", ""soc_lb"": ""1216"", ""solved"": ""1"", ""solver"": ""planner"", ""sum_of_loss"": ""1249"", ""sum_of_loss_lb"": ""1216""}"
lg_lacam_fork:lg_suo,LG-LaCAM (window 20) + SUO,random-32-32-20,random-32-32-20-random-5,50,0,30.0,solved,0.048099,0.026,1254,48,1252,1216,48,1.03125,0,,/home/carsten/Projects/MAPF/MAPF Evaluator/results/tlcpp-random32-20/runs/lg_lacam_fork_lg_suo/random-32-32-20/random-32-32-20-random-5_a50_s0_r0,1254,0.026,"{""agents"": ""50"", ""comp_time"": ""26"", ""makespan"": ""48"", ""makespan_lb"": ""48"", ""map_file"": ""random-32-32-20.map"", ""seed"": ""0"", ""soc"": ""1254"", ""soc_lb"": ""1216"", ""solved"": ""1"", ""solver"": ""planner"", ""sum_of_loss"": ""1253"", ""sum_of_loss_lb"": ""1216""}"
lg_lacam_fork:lg_suo,LG-LaCAM (window 20) + SUO,random-32-32-20,random-32-32-20-random-5,50,1,30.0,solved,0.099854,0.035,1261,48,1256,1216,48,1.037007,0,,/home/carsten/Projects/MAPF/MAPF Evaluator/results/tlcpp-random32-20/runs/lg_lacam_fork_lg_suo/random-32-32-20/random-32-32-20-random-5_a50_s1_r0,1261,0.035,"{""agents"": ""50"", ""comp_time"": ""35"", ""makespan"": ""48"", ""makespan_lb"": ""48"", ""map_file"": ""random-32-32-20.map"", ""seed"": ""1"", ""soc"": ""1261"", ""soc_lb"": ""1216"", ""solved"": ""1"", ""solver"": ""planner"", ""sum_of_loss"": ""1258"", ""sum_of_loss_lb"": ""1216""}"
lg_lacam_fork:lg_suo,LG-LaCAM (window 20) + SUO,random-32-32-20,random-32-32-20-random-5,50,2,30.0,solved,0.095148,0.031,1256,48,1254,1216,48,1.032895,0,,/home/carsten/Projects/MAPF/MAPF Evaluator/results/tlcpp-random32-20/runs/lg_lacam_fork_lg_suo/random-32-32-20/random-32-32-20-random-5_a50_s2_r0,1256,0.031,"{""agents"": ""50"", ""comp_time"": ""31"", ""makespan"": ""48"", ""makespan_lb"": ""48"", ""map_file"": ""random-32-32-20.map"", ""seed"": ""2"", ""soc"": ""1256"", ""soc_lb"": ""1216"", ""solved"": ""1"", ""solver"": ""planner"", ""sum_of_loss"": ""1255"", ""sum_of_loss_lb"": ""1216""}"
lg_lacam_fork:lg_suo_tl,LG-LaCAM (window 20) + SUO + traffic load,random-32-32-20,random-32-32-20-random-5,50,0,30.0,solved,0.145925,0.065,1252,48,1250,1216,48,1.029605,0,,/home/carsten/Projects/MAPF/MAPF Evaluator/results/tlcpp-random32-20/runs/lg_lacam_fork_lg_suo_tl/random-32-32-20/random-32-32-20-random-5_a50_s0_r0,1252,0.065,"{""agents"": ""50"", ""comp_time"": ""65"", ""makespan"": ""48"", ""makespan_lb"": ""48"", ""map_file"": ""random-32-32-20.map"", ""seed"": ""0"", ""soc"": ""1252"", ""soc_lb"": ""1216"", ""solved"": ""1"", ""solver"": ""planner"", ""sum_of_loss"": ""1251"", ""sum_of_loss_lb"": ""1216""}"
lg_lacam_fork:lg_suo_tl,LG-LaCAM (window 20) + SUO + traffic load,random-32-32-20,random-32-32-20-random-5,50,1,30.0,solved,0.072824,0.05,1261,48,1256,1216,48,1.037007,0,,/home/carsten/Projects/MAPF/MAPF Evaluator/results/tlcpp-random32-20/runs/lg_lacam_fork_lg_suo_tl/random-32-32-20/random-32-32-20-random-5_a50_s1_r0,1261,0.05,"{""agents"": ""50"", ""comp_time"": ""50"", ""makespan"": ""48"", ""makespan_lb"": ""48"", ""map_file"": ""random-32-32-20.map"", ""seed"": ""1"", ""soc"": ""1261"", ""soc_lb"": ""1216"", ""solved"": ""1"", ""solver"": ""planner"", ""sum_of_loss"": ""1258"", ""sum_of_loss_lb"": ""1216""}"
lg_lacam_fork:lg_suo_tl,LG-LaCAM (window 20) + SUO + traffic load,random-32-32-20,random-32-32-20-random-5,50,2,30.0,solved,0.072625,0.043,1256,48,1254,1216,48,1.032895,0,,/home/carsten/Projects/MAPF/MAPF Evaluator/results/tlcpp-random32-20/runs/lg_lacam_fork_lg_suo_tl/random-32-32-20/random-32-32-20-random-5_a50_s2_r0,1256,0.043,"{""agents"": ""50"", ""comp_time"": ""43"", ""makespan"": ""48"", ""makespan_lb"": ""48"", ""map_file"": ""random-32-32-20.map"", ""seed"": ""2"", ""soc"": ""1256"", ""soc_lb"": ""1216"", ""solved"": ""1"", ""solver"": ""planner"", ""sum_of_loss"": ""1255"", ""sum_of_loss_lb"": ""1216""}"
lg_lacam_fork:lacam,"LaCAM (no guidance, first solution)",random-32-32-20,random-32-32-20-random-5,100,0,30.0,solved,0.072995,0.006,3294,48,2986,2306,48,1.428448,0,,/home/carsten/Projects/MAPF/MAPF Evaluator/results/tlcpp-random32-20/runs/lg_lacam_fork_lacam/random-32-32-20/random-32-32-20-random-5_a100_s0_r0,3294,0.006,"{""agents"": ""100"", ""comp_time"": ""6"", ""makespan"": ""48"", ""makespan_lb"": ""48"", ""map_file"": ""random-32-32-20.map"", ""seed"": ""0"", ""soc"": ""3294"", ""soc_lb"": ""2306"", ""solved"": ""1"", ""solver"": ""planner"", ""sum_of_loss"": ""3056"", ""sum_of_loss_lb"": ""2306""}"
lg_lacam_fork:lacam,"LaCAM (no guidance, first solution)",random-32-32-20,random-32-32-20-random-5,100,1,30.0,solved,0.034425,0.013,3194,48,2897,2306,48,1.385082,0,,/home/carsten/Projects/MAPF/MAPF Evaluator/results/tlcpp-random32-20/runs/lg_lacam_fork_lacam/random-32-32-20/random-32-32-20-random-5_a100_s1_r0,3194,0.013,"{""agents"": ""100"", ""comp_time"": ""13"", ""makespan"": ""48"", ""makespan_lb"": ""48"", ""map_file"": ""random-32-32-20.map"", ""seed"": ""1"", ""soc"": ""3194"", ""soc_lb"": ""2306"", ""solved"": ""1"", ""solver"": ""planner"", ""sum_of_loss"": ""2968"", ""sum_of_loss_lb"": ""2306""}"
lg_lacam_fork:lacam,"LaCAM (no guidance, first solution)",random-32-32-20,random-32-32-20-random-5,100,2,30.0,solved,0.087067,0.01,3155,55,2886,2306,48,1.36817,0,,/home/carsten/Projects/MAPF/MAPF Evaluator/results/tlcpp-random32-20/runs/lg_lacam_fork_lacam/random-32-32-20/random-32-32-20-random-5_a100_s2_r0,3155,0.01,"{""agents"": ""100"", ""comp_time"": ""10"", ""makespan"": ""55"", ""makespan_lb"": ""48"", ""map_file"": ""random-32-32-20.map"", ""seed"": ""2"", ""soc"": ""3155"", ""soc_lb"": ""2306"", ""solved"": ""1"", ""solver"": ""planner"", ""sum_of_loss"": ""2939"", ""sum_of_loss_lb"": ""2306""}"
lg_lacam_fork:tl,"LaCAM + traffic load (tie-break, per config)",random-32-32-20,random-32-32-20-random-5,100,0,30.0,solved,0.107382,0.036,3041,48,2732,2306,48,1.318734,0,,/home/carsten/Projects/MAPF/MAPF Evaluator/results/tlcpp-random32-20/runs/lg_lacam_fork_tl/random-32-32-20/random-32-32-20-random-5_a100_s0_r0,3041,0.036,"{""agents"": ""100"", ""comp_time"": ""36"", ""makespan"": ""48"", ""makespan_lb"": ""48"", ""map_file"": ""random-32-32-20.map"", ""seed"": ""0"", ""soc"": ""3041"", ""soc_lb"": ""2306"", ""solved"": ""1"", ""solver"": ""planner"", ""sum_of_loss"": ""2780"", ""sum_of_loss_lb"": ""2306""}"
lg_lacam_fork:tl,"LaCAM + traffic load (tie-break, per config)",random-32-32-20,random-32-32-20-random-5,100,2,30.0,solved,0.083655,0.03,3043,50,2745,2306,48,1.319601,0,,/home/carsten/Projects/MAPF/MAPF Evaluator/results/tlcpp-random32-20/runs/lg_lacam_fork_tl/random-32-32-20/random-32-32-20-random-5_a100_s2_r0,3043,0.03,"{""agents"": ""100"", ""comp_time"": ""30"", ""makespan"": ""50"", ""makespan_lb"": ""48"", ""map_file"": ""random-32-32-20.map"", ""seed"": ""2"", ""soc"": ""3043"", ""soc_lb"": ""2306"", ""solved"": ""1"", ""solver"": ""planner"", ""sum_of_loss"": ""2794"", ""sum_of_loss_lb"": ""2306""}"
lg_lacam_fork:tl,"LaCAM + traffic load (tie-break, per config)",random-32-32-20,random-32-32-20-random-5,100,1,30.0,solved,0.088053,0.024,2996,48,2723,2306,48,1.299219,0,,/home/carsten/Projects/MAPF/MAPF Evaluator/results/tlcpp-random32-20/runs/lg_lacam_fork_tl/random-32-32-20/random-32-32-20-random-5_a100_s1_r0,2996,0.024,"{""agents"": ""100"", ""comp_time"": ""24"", ""makespan"": ""48"", ""makespan_lb"": ""48"", ""map_file"": ""random-32-32-20.map"", ""seed"": ""1"", ""soc"": ""2996"", ""soc_lb"": ""2306"", ""solved"": ""1"", ""solver"": ""planner"", ""sum_of_loss"": ""2773"", ""sum_of_loss_lb"": ""2306""}"
lg_lacam_fork:tl_agent,"LaCAM + traffic load (tie-break, per agent)",random-32-32-20,random-32-32-20-random-5,100,0,30.0,solved,0.132783,0.06,2991,48,2725,2306,48,1.297051,0,,/home/carsten/Projects/MAPF/MAPF Evaluator/results/tlcpp-random32-20/runs/lg_lacam_fork_tl_agent/random-32-32-20/random-32-32-20-random-5_a100_s0_r0,2991,0.06,"{""agents"": ""100"", ""comp_time"": ""60"", ""makespan"": ""48"", ""makespan_lb"": ""48"", ""map_file"": ""random-32-32-20.map"", ""seed"": ""0"", ""soc"": ""2991"", ""soc_lb"": ""2306"", ""solved"": ""1"", ""solver"": ""planner"", ""sum_of_loss"": ""2774"", ""sum_of_loss_lb"": ""2306""}"
lg_lacam_fork:tl_agent,"LaCAM + traffic load (tie-break, per agent)",random-32-32-20,random-32-32-20-random-5,100,1,30.0,solved,0.079699,0.021,3023,50,2715,2306,48,1.310928,0,,/home/carsten/Projects/MAPF/MAPF Evaluator/results/tlcpp-random32-20/runs/lg_lacam_fork_tl_agent/random-32-32-20/random-32-32-20-random-5_a100_s1_r0,3023,0.021,"{""agents"": ""100"", ""comp_time"": ""21"", ""makespan"": ""50"", ""makespan_lb"": ""48"", ""map_file"": ""random-32-32-20.map"", ""seed"": ""1"", ""soc"": ""3023"", ""soc_lb"": ""2306"", ""solved"": ""1"", ""solver"": ""planner"", ""sum_of_loss"": ""2767"", ""sum_of_loss_lb"": ""2306""}"
lg_lacam_fork:tl_agent,"LaCAM + traffic load (tie-break, per agent)",random-32-32-20,random-32-32-20-random-5,100,2,30.0,solved,0.085334,0.043,3013,50,2705,2306,48,1.306592,0,,/home/carsten/Projects/MAPF/MAPF Evaluator/results/tlcpp-random32-20/runs/lg_lacam_fork_tl_agent/random-32-32-20/random-32-32-20-random-5_a100_s2_r0,3013,0.043,"{""agents"": ""100"", ""comp_time"": ""43"", ""makespan"": ""50"", ""makespan_lb"": ""48"", ""map_file"": ""random-32-32-20.map"", ""seed"": ""2"", ""soc"": ""3013"", ""soc_lb"": ""2306"", ""solved"": ""1"", ""solver"": ""planner"", ""sum_of_loss"": ""2762"", ""sum_of_loss_lb"": ""2306""}"
lg_lacam_fork:tl_static,LaCAM + traffic load (static map from starts),random-32-32-20,random-32-32-20-random-5,100,0,30.0,solved,0.147287,0.046,3306,52,2947,2306,48,1.433651,0,,/home/carsten/Projects/MAPF/MAPF Evaluator/results/tlcpp-random32-20/runs/lg_lacam_fork_tl_static/random-32-32-20/random-32-32-20-random-5_a100_s0_r0,3306,0.046,"{""agents"": ""100"", ""comp_time"": ""46"", ""makespan"": ""52"", ""makespan_lb"": ""48"", ""map_file"": ""random-32-32-20.map"", ""seed"": ""0"", ""soc"": ""3306"", ""soc_lb"": ""2306"", ""solved"": ""1"", ""solver"": ""planner"", ""sum_of_loss"": ""3004"", ""sum_of_loss_lb"": ""2306""}"
lg_lacam_fork:tl_static,LaCAM + traffic load (static map from starts),random-32-32-20,random-32-32-20-random-5,100,1,30.0,solved,0.102192,0.029,3313,54,2986,2306,48,1.436687,0,,/home/carsten/Projects/MAPF/MAPF Evaluator/results/tlcpp-random32-20/runs/lg_lacam_fork_tl_static/random-32-32-20/random-32-32-20-random-5_a100_s1_r0,3313,0.029,"{""agents"": ""100"", ""comp_time"": ""29"", ""makespan"": ""54"", ""makespan_lb"": ""48"", ""map_file"": ""random-32-32-20.map"", ""seed"": ""1"", ""soc"": ""3313"", ""soc_lb"": ""2306"", ""solved"": ""1"", ""solver"": ""planner"", ""sum_of_loss"": ""3052"", ""sum_of_loss_lb"": ""2306""}"
lg_lacam_fork:tl_static,LaCAM + traffic load (static map from starts),random-32-32-20,random-32-32-20-random-5,100,2,30.0,solved,0.057712,0.02,3339,55,2967,2306,48,1.447962,0,,/home/carsten/Projects/MAPF/MAPF Evaluator/results/tlcpp-random32-20/runs/lg_lacam_fork_tl_static/random-32-32-20/random-32-32-20-random-5_a100_s2_r0,3339,0.02,"{""agents"": ""100"", ""comp_time"": ""20"", ""makespan"": ""55"", ""makespan_lb"": ""48"", ""map_file"": ""random-32-32-20.map"", ""seed"": ""2"", ""soc"": ""3339"", ""soc_lb"": ""2306"", ""solved"": ""1"", ""solver"": ""planner"", ""sum_of_loss"": ""3019"", ""sum_of_loss_lb"": ""2306""}"
lg_lacam_fork:suo,LaCAM3 = SUO (first solution),random-32-32-20,random-32-32-20-random-5,100,1,30.0,solved,0.080709,0.02,2656,58,2606,2306,48,1.151778,0,,/home/carsten/Projects/MAPF/MAPF Evaluator/results/tlcpp-random32-20/runs/lg_lacam_fork_suo/random-32-32-20/random-32-32-20-random-5_a100_s1_r0,2656,0.02,"{""agents"": ""100"", ""comp_time"": ""20"", ""makespan"": ""58"", ""makespan_lb"": ""48"", ""map_file"": ""random-32-32-20.map"", ""seed"": ""1"", ""soc"": ""2656"", ""soc_lb"": ""2306"", ""solved"": ""1"", ""solver"": ""planner"", ""sum_of_loss"": ""2615"", ""sum_of_loss_lb"": ""2306""}"
lg_lacam_fork:suo,LaCAM3 = SUO (first solution),random-32-32-20,random-32-32-20-random-5,100,0,30.0,solved,0.089587,0.018,2687,52,2601,2306,48,1.165221,0,,/home/carsten/Projects/MAPF/MAPF Evaluator/results/tlcpp-random32-20/runs/lg_lacam_fork_suo/random-32-32-20/random-32-32-20-random-5_a100_s0_r0,2687,0.018,"{""agents"": ""100"", ""comp_time"": ""18"", ""makespan"": ""52"", ""makespan_lb"": ""48"", ""map_file"": ""random-32-32-20.map"", ""seed"": ""0"", ""soc"": ""2687"", ""soc_lb"": ""2306"", ""solved"": ""1"", ""solver"": ""planner"", ""sum_of_loss"": ""2618"", ""sum_of_loss_lb"": ""2306""}"
lg_lacam_fork:suo,LaCAM3 = SUO (first solution),random-32-32-20,random-32-32-20-random-5,100,2,30.0,solved,0.12499,0.061,2661,56,2571,2306,48,1.153946,0,,/home/carsten/Projects/MAPF/MAPF Evaluator/results/tlcpp-random32-20/runs/lg_lacam_fork_suo/random-32-32-20/random-32-32-20-random-5_a100_s2_r0,2661,0.061,"{""agents"": ""100"", ""comp_time"": ""61"", ""makespan"": ""56"", ""makespan_lb"": ""48"", ""map_file"": ""random-32-32-20.map"", ""seed"": ""2"", ""soc"": ""2661"", ""soc_lb"": ""2306"", ""solved"": ""1"", ""solver"": ""planner"", ""sum_of_loss"": ""2583"", ""sum_of_loss_lb"": ""2306""}"
lg_lacam_fork:suo_tl,SUO + traffic load,random-32-32-20,random-32-32-20-random-5,100,0,30.0,solved,0.145334,0.078,2638,52,2555,2306,48,1.143972,0,,/home/carsten/Projects/MAPF/MAPF Evaluator/results/tlcpp-random32-20/runs/lg_lacam_fork_suo_tl/random-32-32-20/random-32-32-20-random-5_a100_s0_r0,2638,0.078,"{""agents"": ""100"", ""comp_time"": ""78"", ""makespan"": ""52"", ""makespan_lb"": ""48"", ""map_file"": ""random-32-32-20.map"", ""seed"": ""0"", ""soc"": ""2638"", ""soc_lb"": ""2306"", ""solved"": ""1"", ""solver"": ""planner"", ""sum_of_loss"": ""2571"", ""sum_of_loss_lb"": ""2306""}"
lg_lacam_fork:suo_tl,SUO + traffic load,random-32-32-20,random-32-32-20-random-5,100,1,30.0,solved,0.104483,0.062,2640,58,2585,2306,48,1.14484,0,,/home/carsten/Projects/MAPF/MAPF Evaluator/results/tlcpp-random32-20/runs/lg_lacam_fork_suo_tl/random-32-32-20/random-32-32-20-random-5_a100_s1_r0,2640,0.062,"{""agents"": ""100"", ""comp_time"": ""62"", ""makespan"": ""58"", ""makespan_lb"": ""48"", ""map_file"": ""random-32-32-20.map"", ""seed"": ""1"", ""soc"": ""2640"", ""soc_lb"": ""2306"", ""solved"": ""1"", ""solver"": ""planner"", ""sum_of_loss"": ""2592"", ""sum_of_loss_lb"": ""2306""}"
lg_lacam_fork:suo_tl,SUO + traffic load,random-32-32-20,random-32-32-20-random-5,100,2,30.0,solved,0.183445,0.091,2680,56,2601,2306,48,1.162186,0,,/home/carsten/Projects/MAPF/MAPF Evaluator/results/tlcpp-random32-20/runs/lg_lacam_fork_suo_tl/random-32-32-20/random-32-32-20-random-5_a100_s2_r0,2680,0.091,"{""agents"": ""100"", ""comp_time"": ""91"", ""makespan"": ""56"", ""makespan_lb"": ""48"", ""map_file"": ""random-32-32-20.map"", ""seed"": ""2"", ""soc"": ""2680"", ""soc_lb"": ""2306"", ""solved"": ""1"", ""solver"": ""planner"", ""sum_of_loss"": ""2614"", ""sum_of_loss_lb"": ""2306""}"
lg_lacam_fork:lg,"LG-LaCAM (window 20, first solution)",random-32-32-20,random-32-32-20-random-5,100,0,30.0,solved,0.226866,0.121,2601,48,2490,2306,48,1.127927,0,,/home/carsten/Projects/MAPF/MAPF Evaluator/results/tlcpp-random32-20/runs/lg_lacam_fork_lg/random-32-32-20/random-32-32-20-random-5_a100_s0_r0,2601,0.121,"{""agents"": ""100"", ""comp_time"": ""121"", ""makespan"": ""48"", ""makespan_lb"": ""48"", ""map_file"": ""random-32-32-20.map"", ""seed"": ""0"", ""soc"": ""2601"", ""soc_lb"": ""2306"", ""solved"": ""1"", ""solver"": ""planner"", ""sum_of_loss"": ""2509"", ""sum_of_loss_lb"": ""2306""}"
lg_lacam_fork:lg,"LG-LaCAM (window 20, first solution)",random-32-32-20,random-32-32-20-random-5,100,1,30.0,solved,0.225939,0.142,2636,50,2501,2306,48,1.143105,0,,/home/carsten/Projects/MAPF/MAPF Evaluator/results/tlcpp-random32-20/runs/lg_lacam_fork_lg/random-32-32-20/random-32-32-20-random-5_a100_s1_r0,2636,0.142,"{""agents"": ""100"", ""comp_time"": ""142"", ""makespan"": ""50"", ""makespan_lb"": ""48"", ""map_file"": ""random-32-32-20.map"", ""seed"": ""1"", ""soc"": ""2636"", ""soc_lb"": ""2306"", ""solved"": ""1"", ""solver"": ""planner"", ""sum_of_loss"": ""2526"", ""sum_of_loss_lb"": ""2306""}"
lg_lacam_fork:lg,"LG-LaCAM (window 20, first solution)",random-32-32-20,random-32-32-20-random-5,100,2,30.0,solved,0.141076,0.079,2622,50,2504,2306,48,1.137034,0,,/home/carsten/Projects/MAPF/MAPF Evaluator/results/tlcpp-random32-20/runs/lg_lacam_fork_lg/random-32-32-20/random-32-32-20-random-5_a100_s2_r0,2622,0.079,"{""agents"": ""100"", ""comp_time"": ""79"", ""makespan"": ""50"", ""makespan_lb"": ""48"", ""map_file"": ""random-32-32-20.map"", ""seed"": ""2"", ""soc"": ""2622"", ""soc_lb"": ""2306"", ""solved"": ""1"", ""solver"": ""planner"", ""sum_of_loss"": ""2527"", ""sum_of_loss_lb"": ""2306""}"
lg_lacam_fork:lg_tl,LG-LaCAM (window 20) + traffic load,random-32-32-20,random-32-32-20-random-5,100,2,30.0,solved,0.128372,0.063,2574,48,2471,2306,48,1.116219,0,,/home/carsten/Projects/MAPF/MAPF Evaluator/results/tlcpp-random32-20/runs/lg_lacam_fork_lg_tl/random-32-32-20/random-32-32-20-random-5_a100_s2_r0,2574,0.063,"{""agents"": ""100"", ""comp_time"": ""63"", ""makespan"": ""48"", ""makespan_lb"": ""48"", ""map_file"": ""random-32-32-20.map"", ""seed"": ""2"", ""soc"": ""2574"", ""soc_lb"": ""2306"", ""solved"": ""1"", ""solver"": ""planner"", ""sum_of_loss"": ""2490"", ""sum_of_loss_lb"": ""2306""}"
lg_lacam_fork:lg_suo,LG-LaCAM (window 20) + SUO,random-32-32-20,random-32-32-20-random-5,100,0,30.0,solved,0.138564,0.086,2611,48,2514,2306,48,1.132264,0,,/home/carsten/Projects/MAPF/MAPF Evaluator/results/tlcpp-random32-20/runs/lg_lacam_fork_lg_suo/random-32-32-20/random-32-32-20-random-5_a100_s0_r0,2611,0.086,"{""agents"": ""100"", ""comp_time"": ""86"", ""makespan"": ""48"", ""makespan_lb"": ""48"", ""map_file"": ""random-32-32-20.map"", ""seed"": ""0"", ""soc"": ""2611"", ""soc_lb"": ""2306"", ""solved"": ""1"", ""solver"": ""planner"", ""sum_of_loss"": ""2531"", ""sum_of_loss_lb"": ""2306""}"
lg_lacam_fork:lg_tl,LG-LaCAM (window 20) + traffic load,random-32-32-20,random-32-32-20-random-5,100,0,30.0,solved,0.256107,0.156,2582,48,2483,2306,48,1.119688,0,,/home/carsten/Projects/MAPF/MAPF Evaluator/results/tlcpp-random32-20/runs/lg_lacam_fork_lg_tl/random-32-32-20/random-32-32-20-random-5_a100_s0_r0,2582,0.156,"{""agents"": ""100"", ""comp_time"": ""156"", ""makespan"": ""48"", ""makespan_lb"": ""48"", ""map_file"": ""random-32-32-20.map"", ""seed"": ""0"", ""soc"": ""2582"", ""soc_lb"": ""2306"", ""solved"": ""1"", ""solver"": ""planner"", ""sum_of_loss"": ""2500"", ""sum_of_loss_lb"": ""2306""}"
lg_lacam_fork:lg_tl,LG-LaCAM (window 20) + traffic load,random-32-32-20,random-32-32-20-random-5,100,1,30.0,solved,0.263179,0.171,2711,66,2538,2306,48,1.175629,0,,/home/carsten/Projects/MAPF/MAPF Evaluator/results/tlcpp-random32-20/runs/lg_lacam_fork_lg_tl/random-32-32-20/random-32-32-20-random-5_a100_s1_r0,2711,0.171,"{""agents"": ""100"", ""comp_time"": ""171"", ""makespan"": ""66"", ""makespan_lb"": ""48"", ""map_file"": ""random-32-32-20.map"", ""seed"": ""1"", ""soc"": ""2711"", ""soc_lb"": ""2306"", ""solved"": ""1"", ""solver"": ""planner"", ""sum_of_loss"": ""2573"", ""sum_of_loss_lb"": ""2306""}"
lg_lacam_fork:lg_suo,LG-LaCAM (window 20) + SUO,random-32-32-20,random-32-32-20-random-5,100,2,30.0,solved,0.089176,0.051,2606,50,2515,2306,48,1.130095,0,,/home/carsten/Projects/MAPF/MAPF Evaluator/results/tlcpp-random32-20/runs/lg_lacam_fork_lg_suo/random-32-32-20/random-32-32-20-random-5_a100_s2_r0,2606,0.051,"{""agents"": ""100"", ""comp_time"": ""51"", ""makespan"": ""50"", ""makespan_lb"": ""48"", ""map_file"": ""random-32-32-20.map"", ""seed"": ""2"", ""soc"": ""2606"", ""soc_lb"": ""2306"", ""solved"": ""1"", ""solver"": ""planner"", ""sum_of_loss"": ""2531"", ""sum_of_loss_lb"": ""2306""}"
lg_lacam_fork:lg_suo,LG-LaCAM (window 20) + SUO,random-32-32-20,random-32-32-20-random-5,100,1,30.0,solved,0.161061,0.107,2585,49,2503,2306,48,1.120989,0,,/home/carsten/Projects/MAPF/MAPF Evaluator/results/tlcpp-random32-20/runs/lg_lacam_fork_lg_suo/random-32-32-20/random-32-32-20-random-5_a100_s1_r0,2585,0.107,"{""agents"": ""100"", ""comp_time"": ""107"", ""makespan"": ""49"", ""makespan_lb"": ""48"", ""map_file"": ""random-32-32-20.map"", ""seed"": ""1"", ""soc"": ""2585"", ""soc_lb"": ""2306"", ""solved"": ""1"", ""solver"": ""planner"", ""sum_of_loss"": ""2519"", ""sum_of_loss_lb"": ""2306""}"
lg_lacam_fork:lg_suo_tl,LG-LaCAM (window 20) + SUO + traffic load,random-32-32-20,random-32-32-20-random-5,100,0,30.0,solved,0.181851,0.087,2600,48,2472,2306,48,1.127493,0,,/home/carsten/Projects/MAPF/MAPF Evaluator/results/tlcpp-random32-20/runs/lg_lacam_fork_lg_suo_tl/random-32-32-20/random-32-32-20-random-5_a100_s0_r0,2600,0.087,"{""agents"": ""100"", ""comp_time"": ""87"", ""makespan"": ""48"", ""makespan_lb"": ""48"", ""map_file"": ""random-32-32-20.map"", ""seed"": ""0"", ""soc"": ""2600"", ""soc_lb"": ""2306"", ""solved"": ""1"", ""solver"": ""planner"", ""sum_of_loss"": ""2493"", ""sum_of_loss_lb"": ""2306""}"
lg_lacam_fork:lg_suo_tl,LG-LaCAM (window 20) + SUO + traffic load,random-32-32-20,random-32-32-20-random-5,100,1,30.0,solved,0.165326,0.088,2690,66,2581,2306,48,1.166522,0,,/home/carsten/Projects/MAPF/MAPF Evaluator/results/tlcpp-random32-20/runs/lg_lacam_fork_lg_suo_tl/random-32-32-20/random-32-32-20-random-5_a100_s1_r0,2690,0.088,"{""agents"": ""100"", ""comp_time"": ""88"", ""makespan"": ""66"", ""makespan_lb"": ""48"", ""map_file"": ""random-32-32-20.map"", ""seed"": ""1"", ""soc"": ""2690"", ""soc_lb"": ""2306"", ""solved"": ""1"", ""solver"": ""planner"", ""sum_of_loss"": ""2609"", ""sum_of_loss_lb"": ""2306""}"
lg_lacam_fork:lg_suo_tl,LG-LaCAM (window 20) + SUO + traffic load,random-32-32-20,random-32-32-20-random-5,100,2,30.0,solved,0.107624,0.067,2608,52,2485,2306,48,1.130963,0,,/home/carsten/Projects/MAPF/MAPF Evaluator/results/tlcpp-random32-20/runs/lg_lacam_fork_lg_suo_tl/random-32-32-20/random-32-32-20-random-5_a100_s2_r0,2608,0.067,"{""agents"": ""100"", ""comp_time"": ""67"", ""makespan"": ""52"", ""makespan_lb"": ""48"", ""map_file"": ""random-32-32-20.map"", ""seed"": ""2"", ""soc"": ""2608"", ""soc_lb"": ""2306"", ""solved"": ""1"", ""solver"": ""planner"", ""sum_of_loss"": ""2502"", ""sum_of_loss_lb"": ""2306""}"
lg_lacam_fork:lacam,"LaCAM (no guidance, first solution)",random-32-32-20,random-32-32-20-random-5,150,0,30.0,solved,0.08704,0.044,5767,66,4959,3412,58,1.690211,0,,/home/carsten/Projects/MAPF/MAPF Evaluator/results/tlcpp-random32-20/runs/lg_lacam_fork_lacam/random-32-32-20/random-32-32-20-random-5_a150_s0_r0,5767,0.044,"{""agents"": ""150"", ""comp_time"": ""44"", ""makespan"": ""66"", ""makespan_lb"": ""58"", ""map_file"": ""random-32-32-20.map"", ""seed"": ""0"", ""soc"": ""5767"", ""soc_lb"": ""3412"", ""solved"": ""1"", ""solver"": ""planner"", ""sum_of_loss"": ""5109"", ""sum_of_loss_lb"": ""3412""}"
lg_lacam_fork:lacam,"LaCAM (no guidance, first solution)",random-32-32-20,random-32-32-20-random-5,150,1,30.0,solved,0.072014,0.032,5609,63,4790,3412,58,1.643904,0,,/home/carsten/Projects/MAPF/MAPF Evaluator/results/tlcpp-random32-20/runs/lg_lacam_fork_lacam/random-32-32-20/random-32-32-20-random-5_a150_s1_r0,5609,0.032,"{""agents"": ""150"", ""comp_time"": ""32"", ""makespan"": ""63"", ""makespan_lb"": ""58"", ""map_file"": ""random-32-32-20.map"", ""seed"": ""1"", ""soc"": ""5609"", ""soc_lb"": ""3412"", ""solved"": ""1"", ""solver"": ""planner"", ""sum_of_loss"": ""4937"", ""sum_of_loss_lb"": ""3412""}"
lg_lacam_fork:lacam,"LaCAM (no guidance, first solution)",random-32-32-20,random-32-32-20-random-5,150,2,30.0,solved,0.066288,0.015,5519,66,4793,3412,58,1.617526,0,,/home/carsten/Projects/MAPF/MAPF Evaluator/results/tlcpp-random32-20/runs/lg_lacam_fork_lacam/random-32-32-20/random-32-32-20-random-5_a150_s2_r0,5519,0.015,"{""agents"": ""150"", ""comp_time"": ""15"", ""makespan"": ""66"", ""makespan_lb"": ""58"", ""map_file"": ""random-32-32-20.map"", ""seed"": ""2"", ""soc"": ""5519"", ""soc_lb"": ""3412"", ""solved"": ""1"", ""solver"": ""planner"", ""sum_of_loss"": ""4947"", ""sum_of_loss_lb"": ""3412""}"
lg_lacam_fork:tl,"LaCAM + traffic load (tie-break, per config)",random-32-32-20,random-32-32-20-random-5,150,0,30.0,solved,0.168454,0.034,4849,58,4312,3412,58,1.421161,0,,/home/carsten/Projects/MAPF/MAPF Evaluator/results/tlcpp-random32-20/runs/lg_lacam_fork_tl/random-32-32-20/random-32-32-20-random-5_a150_s0_r0,4849,0.034,"{""agents"": ""150"", ""comp_time"": ""34"", ""makespan"": ""58"", ""makespan_lb"": ""58"", ""map_file"": ""random-32-32-20.map"", ""seed"": ""0"", ""soc"": ""4849"", ""soc_lb"": ""3412"", ""solved"": ""1"", ""solver"": ""planner"", ""sum_of_loss"": ""4416"", ""sum_of_loss_lb"": ""3412""}"
lg_lacam_fork:tl,"LaCAM + traffic load (tie-break, per config)",random-32-32-20,random-32-32-20-random-5,150,1,30.0,solved,0.176549,0.086,4878,58,4310,3412,58,1.42966,0,,/home/carsten/Projects/MAPF/MAPF Evaluator/results/tlcpp-random32-20/runs/lg_lacam_fork_tl/random-32-32-20/random-32-32-20-random-5_a150_s1_r0,4878,0.086,"{""agents"": ""150"", ""comp_time"": ""86"", ""makespan"": ""58"", ""makespan_lb"": ""58"", ""map_file"": ""random-32-32-20.map"", ""seed"": ""1"", ""soc"": ""4878"", ""soc_lb"": ""3412"", ""solved"": ""1"", ""solver"": ""planner"", ""sum_of_loss"": ""4414"", ""sum_of_loss_lb"": ""3412""}"
lg_lacam_fork:tl,"LaCAM + traffic load (tie-break, per config)",random-32-32-20,random-32-32-20-random-5,150,2,30.0,solved,0.14288,0.063,4999,61,4338,3412,58,1.465123,0,,/home/carsten/Projects/MAPF/MAPF Evaluator/results/tlcpp-random32-20/runs/lg_lacam_fork_tl/random-32-32-20/random-32-32-20-random-5_a150_s2_r0,4999,0.063,"{""agents"": ""150"", ""comp_time"": ""63"", ""makespan"": ""61"", ""makespan_lb"": ""58"", ""map_file"": ""random-32-32-20.map"", ""seed"": ""2"", ""soc"": ""4999"", ""soc_lb"": ""3412"", ""solved"": ""1"", ""solver"": ""planner"", ""sum_of_loss"": ""4460"", ""sum_of_loss_lb"": ""3412""}"
lg_lacam_fork:tl_agent,"LaCAM + traffic load (tie-break, per agent)",random-32-32-20,random-32-32-20-random-5,150,0,30.0,solved,0.125747,0.061,4932,58,4284,3412,58,1.445487,0,,/home/carsten/Projects/MAPF/MAPF Evaluator/results/tlcpp-random32-20/runs/lg_lacam_fork_tl_agent/random-32-32-20/random-32-32-20-random-5_a150_s0_r0,4932,0.061,"{""agents"": ""150"", ""comp_time"": ""61"", ""makespan"": ""58"", ""makespan_lb"": ""58"", ""map_file"": ""random-32-32-20.map"", ""seed"": ""0"", ""soc"": ""4932"", ""soc_lb"": ""3412"", ""solved"": ""1"", ""solver"": ""planner"", ""sum_of_loss"": ""4405"", ""sum_of_loss_lb"": ""3412""}"
lg_lacam_fork:tl_agent,"LaCAM + traffic load (tie-break, per agent)",random-32-32-20,random-32-32-20-random-5,150,1,30.0,solved,0.226763,0.118,4970,58,4285,3412,58,1.456624,0,,/home/carsten/Projects/MAPF/MAPF Evaluator/results/tlcpp-random32-20/runs/lg_lacam_fork_tl_agent/random-32-32-20/random-32-32-20-random-5_a150_s1_r0,4970,0.118,"{""agents"": ""150"", ""comp_time"": ""118"", ""makespan"": ""58"", ""makespan_lb"": ""58"", ""map_file"": ""random-32-32-20.map"", ""seed"": ""1"", ""soc"": ""4970"", ""soc_lb"": ""3412"", ""solved"": ""1"", ""solver"": ""planner"", ""sum_of_loss"": ""4403"", ""sum_of_loss_lb"": ""3412""}"
lg_lacam_fork:tl_agent,"LaCAM + traffic load (tie-break, per agent)",random-32-32-20,random-32-32-20-random-5,150,2,30.0,solved,0.109297,0.054,4929,58,4272,3412,58,1.444607,0,,/home/carsten/Projects/MAPF/MAPF Evaluator/results/tlcpp-random32-20/runs/lg_lacam_fork_tl_agent/random-32-32-20/random-32-32-20-random-5_a150_s2_r0,4929,0.054,"{""agents"": ""150"", ""comp_time"": ""54"", ""makespan"": ""58"", ""makespan_lb"": ""58"", ""map_file"": ""random-32-32-20.map"", ""seed"": ""2"", ""soc"": ""4929"", ""soc_lb"": ""3412"", ""solved"": ""1"", ""solver"": ""planner"", ""sum_of_loss"": ""4388"", ""sum_of_loss_lb"": ""3412""}"
lg_lacam_fork:suo,LaCAM3 = SUO (first solution),random-32-32-20,random-32-32-20-random-5,150,0,30.0,solved,0.179552,0.092,4578,62,4187,3412,58,1.341735,0,,/home/carsten/Projects/MAPF/MAPF Evaluator/results/tlcpp-random32-20/runs/lg_lacam_fork_suo/random-32-32-20/random-32-32-20-random-5_a150_s0_r0,4578,0.092,"{""agents"": ""150"", ""comp_time"": ""92"", ""makespan"": ""62"", ""makespan_lb"": ""58"", ""map_file"": ""random-32-32-20.map"", ""seed"": ""0"", ""soc"": ""4578"", ""soc_lb"": ""3412"", ""solved"": ""1"", ""solver"": ""planner"", ""sum_of_loss"": ""4252"", ""sum_of_loss_lb"": ""3412""}"
lg_lacam_fork:suo,LaCAM3 = SUO (first solution),random-32-32-20,random-32-32-20-random-5,150,1,30.0,solved,0.13404,0.053,4609,62,4189,3412,58,1.350821,0,,/home/carsten/Projects/MAPF/MAPF Evaluator/results/tlcpp-random32-20/runs/lg_lacam_fork_suo/random-32-32-20/random-32-32-20-random-5_a150_s1_r0,4609,0.053,"{""agents"": ""150"", ""comp_time"": ""53"", ""makespan"": ""62"", ""makespan_lb"": ""58"", ""map_file"": ""random-32-32-20.map"", ""seed"": ""1"", ""soc"": ""4609"", ""soc_lb"": ""3412"", ""solved"": ""1"", ""solver"": ""planner"", ""sum_of_loss"": ""4252"", ""sum_of_loss_lb"": ""3412""}"
lg_lacam_fork:suo,LaCAM3 = SUO (first solution),random-32-32-20,random-32-32-20-random-5,150,2,30.0,solved,0.11435,0.059,4537,64,4077,3412,58,1.329719,0,,/home/carsten/Projects/MAPF/MAPF Evaluator/results/tlcpp-random32-20/runs/lg_lacam_fork_suo/random-32-32-20/random-32-32-20-random-5_a150_s2_r0,4537,0.059,"{""agents"": ""150"", ""comp_time"": ""59"", ""makespan"": ""64"", ""makespan_lb"": ""58"", ""map_file"": ""random-32-32-20.map"", ""seed"": ""2"", ""soc"": ""4537"", ""soc_lb"": ""3412"", ""solved"": ""1"", ""solver"": ""planner"", ""sum_of_loss"": ""4135"", ""sum_of_loss_lb"": ""3412""}"
lg_lacam_fork:suo_tl,SUO + traffic load,random-32-32-20,random-32-32-20-random-5,150,0,30.0,solved,0.137725,0.081,4378,64,4095,3412,58,1.283118,0,,/home/carsten/Projects/MAPF/MAPF Evaluator/results/tlcpp-random32-20/runs/lg_lacam_fork_suo_tl/random-32-32-20/random-32-32-20-random-5_a150_s0_r0,4378,0.081,"{""agents"": ""150"", ""comp_time"": ""81"", ""makespan"": ""64"", ""makespan_lb"": ""58"", ""map_file"": ""random-32-32-20.map"", ""seed"": ""0"", ""soc"": ""4378"", ""soc_lb"": ""3412"", ""solved"": ""1"", ""solver"": ""planner"", ""sum_of_loss"": ""4138"", ""sum_of_loss_lb"": ""3412""}"
lg_lacam_fork:suo_tl,SUO + traffic load,random-32-32-20,random-32-32-20-random-5,150,1,30.0,solved,0.133387,0.068,4490,65,4095,3412,58,1.315944,0,,/home/carsten/Projects/MAPF/MAPF Evaluator/results/tlcpp-random32-20/runs/lg_lacam_fork_suo_tl/random-32-32-20/random-32-32-20-random-5_a150_s1_r0,4490,0.068,"{""agents"": ""150"", ""comp_time"": ""68"", ""makespan"": ""65"", ""makespan_lb"": ""58"", ""map_file"": ""random-32-32-20.map"", ""seed"": ""1"", ""soc"": ""4490"", ""soc_lb"": ""3412"", ""solved"": ""1"", ""solver"": ""planner"", ""sum_of_loss"": ""4139"", ""sum_of_loss_lb"": ""3412""}"
lg_lacam_fork:suo_tl,SUO + traffic load,random-32-32-20,random-32-32-20-random-5,150,2,30.0,solved,0.124448,0.054,4438,68,4021,3412,58,1.300703,0,,/home/carsten/Projects/MAPF/MAPF Evaluator/results/tlcpp-random32-20/runs/lg_lacam_fork_suo_tl/random-32-32-20/random-32-32-20-random-5_a150_s2_r0,4438,0.054,"{""agents"": ""150"", ""comp_time"": ""54"", ""makespan"": ""68"", ""makespan_lb"": ""58"", ""map_file"": ""random-32-32-20.map"", ""seed"": ""2"", ""soc"": ""4438"", ""soc_lb"": ""3412"", ""solved"": ""1"", ""solver"": ""planner"", ""sum_of_loss"": ""4056"", ""sum_of_loss_lb"": ""3412""}"
lg_lacam_fork:lg,"LG-LaCAM (window 20, first solution)",random-32-32-20,random-32-32-20-random-5,150,0,30.0,solved,0.219877,0.078,4208,60,3911,3412,58,1.233294,0,,/home/carsten/Projects/MAPF/MAPF Evaluator/results/tlcpp-random32-20/runs/lg_lacam_fork_lg/random-32-32-20/random-32-32-20-random-5_a150_s0_r0,4208,0.078,"{""agents"": ""150"", ""comp_time"": ""78"", ""makespan"": ""60"", ""makespan_lb"": ""58"", ""map_file"": ""random-32-32-20.map"", ""seed"": ""0"", ""soc"": ""4208"", ""soc_lb"": ""3412"", ""solved"": ""1"", ""solver"": ""planner"", ""sum_of_loss"": ""3972"", ""sum_of_loss_lb"": ""3412""}"
lg_lacam_fork:lg,"LG-LaCAM (window 20, first solution)",random-32-32-20,random-32-32-20-random-5,150,1,30.0,solved,0.239212,0.098,4200,58,3897,3412,58,1.23095,0,,/home/carsten/Projects/MAPF/MAPF Evaluator/results/tlcpp-random32-20/runs/lg_lacam_fork_lg/random-32-32-20/random-32-32-20-random-5_a150_s1_r0,4200,0.098,"{""agents"": ""150"", ""comp_time"": ""98"", ""makespan"": ""58"", ""makespan_lb"": ""58"", ""map_file"": ""random-32-32-20.map"", ""seed"": ""1"", ""soc"": ""4200"", ""soc_lb"": ""3412"", ""solved"": ""1"", ""solver"": ""planner"", ""sum_of_loss"": ""3959"", ""sum_of_loss_lb"": ""3412""}"
lg_lacam_fork:lg,"LG-LaCAM (window 20, first solution)",random-32-32-20,random-32-32-20-random-5,150,2,30.0,solved,0.221589,0.154,4147,60,3846,3412,58,1.215416,0,,/home/carsten/Projects/MAPF/MAPF Evaluator/results/tlcpp-random32-20/runs/lg_lacam_fork_lg/random-32-32-20/random-32-32-20-random-5_a150_s2_r0,4147,0.154,"{""agents"": ""150"", ""comp_time"": ""154"", ""makespan"": ""60"", ""makespan_lb"": ""58"", ""map_file"": ""random-32-32-20.map"", ""seed"": ""2"", ""soc"": ""4147"", ""soc_lb"": ""3412"", ""solved"": ""1"", ""solver"": ""planner"", ""sum_of_loss"": ""3907"", ""sum_of_loss_lb"": ""3412""}"
lg_lacam_fork:lg_tl,LG-LaCAM (window 20) + traffic load,random-32-32-20,random-32-32-20-random-5,150,0,30.0,solved,0.174154,0.123,4156,60,3901,3412,58,1.218054,0,,/home/carsten/Projects/MAPF/MAPF Evaluator/results/tlcpp-random32-20/runs/lg_lacam_fork_lg_tl/random-32-32-20/random-32-32-20-random-5_a150_s0_r0,4156,0.123,"{""agents"": ""150"", ""comp_time"": ""123"", ""makespan"": ""60"", ""makespan_lb"": ""58"", ""map_file"": ""random-32-32-20.map"", ""seed"": ""0"", ""soc"": ""4156"", ""soc_lb"": ""3412"", ""solved"": ""1"", ""solver"": ""planner"", ""sum_of_loss"": ""3949"", ""sum_of_loss_lb"": ""3412""}"
lg_lacam_fork:lg_tl,LG-LaCAM (window 20) + traffic load,random-32-32-20,random-32-32-20-random-5,150,1,30.0,solved,0.218696,0.181,4123,60,3872,3412,58,1.208382,0,,/home/carsten/Projects/MAPF/MAPF Evaluator/results/tlcpp-random32-20/runs/lg_lacam_fork_lg_tl/random-32-32-20/random-32-32-20-random-5_a150_s1_r0,4123,0.181,"{""agents"": ""150"", ""comp_time"": ""181"", ""makespan"": ""60"", ""makespan_lb"": ""58"", ""map_file"": ""random-32-32-20.map"", ""seed"": ""1"", ""soc"": ""4123"", ""soc_lb"": ""3412"", ""solved"": ""1"", ""solver"": ""planner"", ""sum_of_loss"": ""3916"", ""sum_of_loss_lb"": ""3412""}"
lg_lacam_fork:lg_tl,LG-LaCAM (window 20) + traffic load,random-32-32-20,random-32-32-20-random-5,150,2,30.0,solved,0.165854,0.097,4029,60,3781,3412,58,1.180832,0,,/home/carsten/Projects/MAPF/MAPF Evaluator/results/tlcpp-random32-20/runs/lg_lacam_fork_lg_tl/random-32-32-20/random-32-32-20-random-5_a150_s2_r0,4029,0.097,"{""agents"": ""150"", ""comp_time"": ""97"", ""makespan"": ""60"", ""makespan_lb"": ""58"", ""map_file"": ""random-32-32-20.map"", ""seed"": ""2"", ""soc"": ""4029"", ""soc_lb"": ""3412"", ""solved"": ""1"", ""solver"": ""planner"", ""sum_of_loss"": ""3829"", ""sum_of_loss_lb"": ""3412""}"
lg_lacam_fork:lg_suo,LG-LaCAM (window 20) + SUO,random-32-32-20,random-32-32-20-random-5,150,0,30.0,solved,0.116001,0.084,4264,62,3939,3412,58,1.249707,0,,/home/carsten/Projects/MAPF/MAPF Evaluator/results/tlcpp-random32-20/runs/lg_lacam_fork_lg_suo/random-32-32-20/random-32-32-20-random-5_a150_s0_r0,4264,0.084,"{""agents"": ""150"", ""comp_time"": ""84"", ""makespan"": ""62"", ""makespan_lb"": ""58"", ""map_file"": ""random-32-32-20.map"", ""seed"": ""0"", ""soc"": ""4264"", ""soc_lb"": ""3412"", ""solved"": ""1"", ""solver"": ""planner"", ""sum_of_loss"": ""4006"", ""sum_of_loss_lb"": ""3412""}"
lg_lacam_fork:lg_suo,LG-LaCAM (window 20) + SUO,random-32-32-20,random-32-32-20-random-5,150,1,30.0,solved,0.21537,0.156,4189,58,3894,3412,58,1.227726,0,,/home/carsten/Projects/MAPF/MAPF Evaluator/results/tlcpp-random32-20/runs/lg_lacam_fork_lg_suo/random-32-32-20/random-32-32-20-random-5_a150_s1_r0,4189,0.156,"{""agents"": ""150"", ""comp_time"": ""156"", ""makespan"": ""58"", ""makespan_lb"": ""58"", ""map_file"": ""random-32-32-20.map"", ""seed"": ""1"", ""soc"": ""4189"", ""soc_lb"": ""3412"", ""solved"": ""1"", ""solver"": ""planner"", ""sum_of_loss"": ""3953"", ""sum_of_loss_lb"": ""3412""}"
lg_lacam_fork:lg_suo,LG-LaCAM (window 20) + SUO,random-32-32-20,random-32-32-20-random-5,150,2,30.0,solved,0.219162,0.163,4171,61,3889,3412,58,1.22245,0,,/home/carsten/Projects/MAPF/MAPF Evaluator/results/tlcpp-random32-20/runs/lg_lacam_fork_lg_suo/random-32-32-20/random-32-32-20-random-5_a150_s2_r0,4171,0.163,"{""agents"": ""150"", ""comp_time"": ""163"", ""makespan"": ""61"", ""makespan_lb"": ""58"", ""map_file"": ""random-32-32-20.map"", ""seed"": ""2"", ""soc"": ""4171"", ""soc_lb"": ""3412"", ""solved"": ""1"", ""solver"": ""planner"", ""sum_of_loss"": ""3931"", ""sum_of_loss_lb"": ""3412""}"
lg_lacam_fork:lg_suo_tl,LG-LaCAM (window 20) + SUO + traffic load,random-32-32-20,random-32-32-20-random-5,150,0,30.0,solved,0.490311,0.351,4114,60,3871,3412,58,1.205744,0,,/home/carsten/Projects/MAPF/MAPF Evaluator/results/tlcpp-random32-20/runs/lg_lacam_fork_lg_suo_tl/random-32-32-20/random-32-32-20-random-5_a150_s0_r0,4114,0.351,"{""agents"": ""150"", ""comp_time"": ""351"", ""makespan"": ""60"", ""makespan_lb"": ""58"", ""map_file"": ""random-32-32-20.map"", ""seed"": ""0"", ""soc"": ""4114"", ""soc_lb"": ""3412"", ""solved"": ""1"", ""solver"": ""planner"", ""sum_of_loss"": ""3908"", ""sum_of_loss_lb"": ""3412""}"
lg_lacam_fork:lg_suo_tl,LG-LaCAM (window 20) + SUO + traffic load,random-32-32-20,random-32-32-20-random-5,150,1,30.0,solved,0.33005,0.234,4151,61,3835,3412,58,1.216589,0,,/home/carsten/Projects/MAPF/MAPF Evaluator/results/tlcpp-random32-20/runs/lg_lacam_fork_lg_suo_tl/random-32-32-20/random-32-32-20-random-5_a150_s1_r0,4151,0.234,"{""agents"": ""150"", ""comp_time"": ""234"", ""makespan"": ""61"", ""makespan_lb"": ""58"", ""map_file"": ""random-32-32-20.map"", ""seed"": ""1"", ""soc"": ""4151"", ""soc_lb"": ""3412"", ""solved"": ""1"", ""solver"": ""planner"", ""sum_of_loss"": ""3881"", ""sum_of_loss_lb"": ""3412""}"
lg_lacam_fork:lg_suo_tl,LG-LaCAM (window 20) + SUO + traffic load,random-32-32-20,random-32-32-20-random-5,150,2,30.0,solved,0.278219,0.197,4089,62,3821,3412,58,1.198417,0,,/home/carsten/Projects/MAPF/MAPF Evaluator/results/tlcpp-random32-20/runs/lg_lacam_fork_lg_suo_tl/random-32-32-20/random-32-32-20-random-5_a150_s2_r0,4089,0.197,"{""agents"": ""150"", ""comp_time"": ""197"", ""makespan"": ""62"", ""makespan_lb"": ""58"", ""map_file"": ""random-32-32-20.map"", ""seed"": ""2"", ""soc"": ""4089"", ""soc_lb"": ""3412"", ""solved"": ""1"", ""solver"": ""planner"", ""sum_of_loss"": ""3864"", ""sum_of_loss_lb"": ""3412""}"
lg_lacam_fork:tl_static,LaCAM + traffic load (static map from starts),random-32-32-20,random-32-32-20-random-5,150,2,30.0,solved,9.082691,8.844,6875,132,5563,3412,58,2.014947,0,,/home/carsten/Projects/MAPF/MAPF Evaluator/results/tlcpp-random32-20/runs/lg_lacam_fork_tl_static/random-32-32-20/random-32-32-20-random-5_a150_s2_r0,6875,8.844,"{""agents"": ""150"", ""comp_time"": ""8844"", ""makespan"": ""132"", ""makespan_lb"": ""58"", ""map_file"": ""random-32-32-20.map"", ""seed"": ""2"", ""soc"": ""6875"", ""soc_lb"": ""3412"", ""solved"": ""1"", ""solver"": ""planner"", ""sum_of_loss"": ""5943"", ""sum_of_loss_lb"": ""3412""}"
lg_lacam_fork:lacam,"LaCAM (no guidance, first solution)",random-32-32-20,random-32-32-20-random-5,200,0,30.0,solved,0.101682,0.041,8917,70,7408,4588,58,1.943548,0,,/home/carsten/Projects/MAPF/MAPF Evaluator/results/tlcpp-random32-20/runs/lg_lacam_fork_lacam/random-32-32-20/random-32-32-20-random-5_a200_s0_r0,8917,0.041,"{""agents"": ""200"", ""comp_time"": ""41"", ""makespan"": ""70"", ""makespan_lb"": ""58"", ""map_file"": ""random-32-32-20.map"", ""seed"": ""0"", ""soc"": ""8917"", ""soc_lb"": ""4588"", ""solved"": ""1"", ""solver"": ""planner"", ""sum_of_loss"": ""7667"", ""sum_of_loss_lb"": ""4588""}"
lg_lacam_fork:lacam,"LaCAM (no guidance, first solution)",random-32-32-20,random-32-32-20-random-5,200,1,30.0,solved,0.27149,0.089,8764,72,7373,4588,58,1.910201,0,,/home/carsten/Projects/MAPF/MAPF Evaluator/results/tlcpp-random32-20/runs/lg_lacam_fork_lacam/random-32-32-20/random-32-32-20-random-5_a200_s1_r0,8764,0.089,"{""agents"": ""200"", ""comp_time"": ""89"", ""makespan"": ""72"", ""makespan_lb"": ""58"", ""map_file"": ""random-32-32-20.map"", ""seed"": ""1"", ""soc"": ""8764"", ""soc_lb"": ""4588"", ""solved"": ""1"", ""solver"": ""planner"", ""sum_of_loss"": ""7640"", ""sum_of_loss_lb"": ""4588""}"
lg_lacam_fork:lacam,"LaCAM (no guidance, first solution)",random-32-32-20,random-32-32-20-random-5,200,2,30.0,solved,0.196852,0.06,8841,70,7498,4588,58,1.926983,0,,/home/carsten/Projects/MAPF/MAPF Evaluator/results/tlcpp-random32-20/runs/lg_lacam_fork_lacam/random-32-32-20/random-32-32-20-random-5_a200_s2_r0,8841,0.06,"{""agents"": ""200"", ""comp_time"": ""60"", ""makespan"": ""70"", ""makespan_lb"": ""58"", ""map_file"": ""random-32-32-20.map"", ""seed"": ""2"", ""soc"": ""8841"", ""soc_lb"": ""4588"", ""solved"": ""1"", ""solver"": ""planner"", ""sum_of_loss"": ""7747"", ""sum_of_loss_lb"": ""4588""}"
lg_lacam_fork:tl,"LaCAM + traffic load (tie-break, per config)",random-32-32-20,random-32-32-20-random-5,200,0,30.0,solved,0.180395,0.079,8018,70,6667,4588,58,1.747602,0,,/home/carsten/Projects/MAPF/MAPF Evaluator/results/tlcpp-random32-20/runs/lg_lacam_fork_tl/random-32-32-20/random-32-32-20-random-5_a200_s0_r0,8018,0.079,"{""agents"": ""200"", ""comp_time"": ""79"", ""makespan"": ""70"", ""makespan_lb"": ""58"", ""map_file"": ""random-32-32-20.map"", ""seed"": ""0"", ""soc"": ""8018"", ""soc_lb"": ""4588"", ""solved"": ""1"", ""solver"": ""planner"", ""sum_of_loss"": ""6873"", ""sum_of_loss_lb"": ""4588""}"
lg_lacam_fork:tl,"LaCAM + traffic load (tie-break, per config)",random-32-32-20,random-32-32-20-random-5,200,1,30.0,solved,0.135367,0.053,8160,75,6779,4588,58,1.778553,0,,/home/carsten/Projects/MAPF/MAPF Evaluator/results/tlcpp-random32-20/runs/lg_lacam_fork_tl/random-32-32-20/random-32-32-20-random-5_a200_s1_r0,8160,0.053,"{""agents"": ""200"", ""comp_time"": ""53"", ""makespan"": ""75"", ""makespan_lb"": ""58"", ""map_file"": ""random-32-32-20.map"", ""seed"": ""1"", ""soc"": ""8160"", ""soc_lb"": ""4588"", ""solved"": ""1"", ""solver"": ""planner"", ""sum_of_loss"": ""7007"", ""sum_of_loss_lb"": ""4588""}"
lg_lacam_fork:tl,"LaCAM + traffic load (tie-break, per config)",random-32-32-20,random-32-32-20-random-5,200,2,30.0,solved,0.141368,0.06,7976,69,6689,4588,58,1.738448,0,,/home/carsten/Projects/MAPF/MAPF Evaluator/results/tlcpp-random32-20/runs/lg_lacam_fork_tl/random-32-32-20/random-32-32-20-random-5_a200_s2_r0,7976,0.06,"{""agents"": ""200"", ""comp_time"": ""60"", ""makespan"": ""69"", ""makespan_lb"": ""58"", ""map_file"": ""random-32-32-20.map"", ""seed"": ""2"", ""soc"": ""7976"", ""soc_lb"": ""4588"", ""solved"": ""1"", ""solver"": ""planner"", ""sum_of_loss"": ""6919"", ""sum_of_loss_lb"": ""4588""}"
lg_lacam_fork:tl_agent,"LaCAM + traffic load (tie-break, per agent)",random-32-32-20,random-32-32-20-random-5,200,0,30.0,solved,0.211101,0.062,8170,74,6743,4588,58,1.780732,0,,/home/carsten/Projects/MAPF/MAPF Evaluator/results/tlcpp-random32-20/runs/lg_lacam_fork_tl_agent/random-32-32-20/random-32-32-20-random-5_a200_s0_r0,8170,0.062,"{""agents"": ""200"", ""comp_time"": ""62"", ""makespan"": ""74"", ""makespan_lb"": ""58"", ""map_file"": ""random-32-32-20.map"", ""seed"": ""0"", ""soc"": ""8170"", ""soc_lb"": ""4588"", ""solved"": ""1"", ""solver"": ""planner"", ""sum_of_loss"": ""6972"", ""sum_of_loss_lb"": ""4588""}"
lg_lacam_fork:tl_agent,"LaCAM + traffic load (tie-break, per agent)",random-32-32-20,random-32-32-20-random-5,200,1,30.0,solved,0.176374,0.053,7622,63,6533,4588,58,1.66129,0,,/home/carsten/Projects/MAPF/MAPF Evaluator/results/tlcpp-random32-20/runs/lg_lacam_fork_tl_agent/random-32-32-20/random-32-32-20-random-5_a200_s1_r0,7622,0.053,"{""agents"": ""200"", ""comp_time"": ""53"", ""makespan"": ""63"", ""makespan_lb"": ""58"", ""map_file"": ""random-32-32-20.map"", ""seed"": ""1"", ""soc"": ""7622"", ""soc_lb"": ""4588"", ""solved"": ""1"", ""solver"": ""planner"", ""sum_of_loss"": ""6736"", ""sum_of_loss_lb"": ""4588""}"
lg_lacam_fork:tl_agent,"LaCAM + traffic load (tie-break, per agent)",random-32-32-20,random-32-32-20-random-5,200,2,30.0,solved,0.251824,0.126,8046,77,6750,4588,58,1.753705,0,,/home/carsten/Projects/MAPF/MAPF Evaluator/results/tlcpp-random32-20/runs/lg_lacam_fork_tl_agent/random-32-32-20/random-32-32-20-random-5_a200_s2_r0,8046,0.126,"{""agents"": ""200"", ""comp_time"": ""126"", ""makespan"": ""77"", ""makespan_lb"": ""58"", ""map_file"": ""random-32-32-20.map"", ""seed"": ""2"", ""soc"": ""8046"", ""soc_lb"": ""4588"", ""solved"": ""1"", ""solver"": ""planner"", ""sum_of_loss"": ""6973"", ""sum_of_loss_lb"": ""4588""}"
lg_lacam_fork:tl_static,LaCAM + traffic load (static map from starts),random-32-32-20,random-32-32-20-random-5,150,1,30.0,solved,12.993788,12.751,7245,161,5788,3412,58,2.123388,0,,/home/carsten/Projects/MAPF/MAPF Evaluator/results/tlcpp-random32-20/runs/lg_lacam_fork_tl_static/random-32-32-20/random-32-32-20-random-5_a150_s1_r0,7245,12.751,"{""agents"": ""150"", ""comp_time"": ""12751"", ""makespan"": ""161"", ""makespan_lb"": ""58"", ""map_file"": ""random-32-32-20.map"", ""seed"": ""1"", ""soc"": ""7245"", ""soc_lb"": ""3412"", ""solved"": ""1"", ""solver"": ""planner"", ""sum_of_loss"": ""6229"", ""sum_of_loss_lb"": ""3412""}"
lg_lacam_fork:tl_static,LaCAM + traffic load (static map from starts),random-32-32-20,random-32-32-20-random-5,200,0,30.0,solved,1.785399,1.646,13695,227,10011,4588,58,2.984961,0,,/home/carsten/Projects/MAPF/MAPF Evaluator/results/tlcpp-random32-20/runs/lg_lacam_fork_tl_static/random-32-32-20/random-32-32-20-random-5_a200_s0_r0,13695,1.646,"{""agents"": ""200"", ""comp_time"": ""1646"", ""makespan"": ""227"", ""makespan_lb"": ""58"", ""map_file"": ""random-32-32-20.map"", ""seed"": ""0"", ""soc"": ""13695"", ""soc_lb"": ""4588"", ""solved"": ""1"", ""solver"": ""planner"", ""sum_of_loss"": ""11193"", ""sum_of_loss_lb"": ""4588""}"
lg_lacam_fork:tl_static,LaCAM + traffic load (static map from starts),random-32-32-20,random-32-32-20-random-5,200,1,30.0,solved,1.396451,1.238,10772,142,8427,4588,58,2.347864,0,,/home/carsten/Projects/MAPF/MAPF Evaluator/results/tlcpp-random32-20/runs/lg_lacam_fork_tl_static/random-32-32-20/random-32-32-20-random-5_a200_s1_r0,10772,1.238,"{""agents"": ""200"", ""comp_time"": ""1238"", ""makespan"": ""142"", ""makespan_lb"": ""58"", ""map_file"": ""random-32-32-20.map"", ""seed"": ""1"", ""soc"": ""10772"", ""soc_lb"": ""4588"", ""solved"": ""1"", ""solver"": ""planner"", ""sum_of_loss"": ""9104"", ""sum_of_loss_lb"": ""4588""}"
lg_lacam_fork:tl_static,LaCAM + traffic load (static map from starts),random-32-32-20,random-32-32-20-random-5,200,2,30.0,solved,1.743105,1.552,11910,163,9168,4588,58,2.595902,0,,/home/carsten/Projects/MAPF/MAPF Evaluator/results/tlcpp-random32-20/runs/lg_lacam_fork_tl_static/random-32-32-20/random-32-32-20-random-5_a200_s2_r0,11910,1.552,"{""agents"": ""200"", ""comp_time"": ""1552"", ""makespan"": ""163"", ""makespan_lb"": ""58"", ""map_file"": ""random-32-32-20.map"", ""seed"": ""2"", ""soc"": ""11910"", ""soc_lb"": ""4588"", ""solved"": ""1"", ""solver"": ""planner"", ""sum_of_loss"": ""10077"", ""sum_of_loss_lb"": ""4588""}"
lg_lacam_fork:suo,LaCAM3 = SUO (first solution),random-32-32-20,random-32-32-20-random-5,200,0,30.0,solved,0.306614,0.225,6760,71,6138,4588,58,1.473409,0,,/home/carsten/Projects/MAPF/MAPF Evaluator/results/tlcpp-random32-20/runs/lg_lacam_fork_suo/random-32-32-20/random-32-32-20-random-5_a200_s0_r0,6760,0.225,"{""agents"": ""200"", ""comp_time"": ""225"", ""makespan"": ""71"", ""makespan_lb"": ""58"", ""map_file"": ""random-32-32-20.map"", ""seed"": ""0"", ""soc"": ""6760"", ""soc_lb"": ""4588"", ""solved"": ""1"", ""solver"": ""planner"", ""sum_of_loss"": ""6258"", ""sum_of_loss_lb"": ""4588""}"
lg_lacam_fork:suo,LaCAM3 = SUO (first solution),random-32-32-20,random-32-32-20-random-5,200,1,30.0,solved,0.24666,0.142,7216,62,6261,4588,58,1.572799,0,,/home/carsten/Projects/MAPF/MAPF Evaluator/results/tlcpp-random32-20/runs/lg_lacam_fork_suo/random-32-32-20/random-32-32-20-random-5_a200_s1_r0,7216,0.142,"{""agents"": ""200"", ""comp_time"": ""142"", ""makespan"": ""62"", ""makespan_lb"": ""58"", ""map_file"": ""random-32-32-20.map"", ""seed"": ""1"", ""soc"": ""7216"", ""soc_lb"": ""4588"", ""solved"": ""1"", ""solver"": ""planner"", ""sum_of_loss"": ""6410"", ""sum_of_loss_lb"": ""4588""}"
lg_lacam_fork:suo_tl,SUO + traffic load,random-32-32-20,random-32-32-20-random-5,200,0,30.0,solved,0.192964,0.131,6664,68,5932,4588,58,1.452485,0,,/home/carsten/Projects/MAPF/MAPF Evaluator/results/tlcpp-random32-20/runs/lg_lacam_fork_suo_tl/random-32-32-20/random-32-32-20-random-5_a200_s0_r0,6664,0.131,"{""agents"": ""200"", ""comp_time"": ""131"", ""makespan"": ""68"", ""makespan_lb"": ""58"", ""map_file"": ""random-32-32-20.map"", ""seed"": ""0"", ""soc"": ""6664"", ""soc_lb"": ""4588"", ""solved"": ""1"", ""solver"": ""planner"", ""sum_of_loss"": ""6047"", ""sum_of_loss_lb"": ""4588""}"
lg_lacam_fork:suo,LaCAM3 = SUO (first solution),random-32-32-20,random-32-32-20-random-5,200,2,30.0,solved,0.168276,0.084,7115,64,6228,4588,58,1.550785,0,,/home/carsten/Projects/MAPF/MAPF Evaluator/results/tlcpp-random32-20/runs/lg_lacam_fork_suo/random-32-32-20/random-32-32-20-random-5_a200_s2_r0,7115,0.084,"{""agents"": ""200"", ""comp_time"": ""84"", ""makespan"": ""64"", ""makespan_lb"": ""58"", ""map_file"": ""random-32-32-20.map"", ""seed"": ""2"", ""soc"": ""7115"", ""soc_lb"": ""4588"", ""solved"": ""1"", ""solver"": ""planner"", ""sum_of_loss"": ""6362"", ""sum_of_loss_lb"": ""4588""}"
lg_lacam_fork:tl_static,LaCAM + traffic load (static map from starts),random-32-32-20,random-32-32-20-random-5,150,0,30.0,solved,16.160874,15.971,7519,159,5823,3412,58,2.203693,0,,/home/carsten/Projects/MAPF/MAPF Evaluator/results/tlcpp-random32-20/runs/lg_lacam_fork_tl_static/random-32-32-20/random-32-32-20-random-5_a150_s0_r0,7519,15.971,"{""agents"": ""150"", ""comp_time"": ""15971"", ""makespan"": ""159"", ""makespan_lb"": ""58"", ""map_file"": ""random-32-32-20.map"", ""seed"": ""0"", ""soc"": ""7519"", ""soc_lb"": ""3412"", ""solved"": ""1"", ""solver"": ""planner"", ""sum_of_loss"": ""6281"", ""sum_of_loss_lb"": ""3412""}"
lg_lacam_fork:suo_tl,SUO + traffic load,random-32-32-20,random-32-32-20-random-5,200,1,30.0,solved,0.302436,0.214,6820,68,6083,4588,58,1.486486,0,,/home/carsten/Projects/MAPF/MAPF Evaluator/results/tlcpp-random32-20/runs/lg_lacam_fork_suo_tl/random-32-32-20/random-32-32-20-random-5_a200_s1_r0,6820,0.214,"{""agents"": ""200"", ""comp_time"": ""214"", ""makespan"": ""68"", ""makespan_lb"": ""58"", ""map_file"": ""random-32-32-20.map"", ""seed"": ""1"", ""soc"": ""6820"", ""soc_lb"": ""4588"", ""solved"": ""1"", ""solver"": ""planner"", ""sum_of_loss"": ""6196"", ""sum_of_loss_lb"": ""4588""}"
lg_lacam_fork:suo_tl,SUO + traffic load,random-32-32-20,random-32-32-20-random-5,200,2,30.0,solved,0.129771,0.091,6627,62,5945,4588,58,1.44442,0,,/home/carsten/Projects/MAPF/MAPF Evaluator/results/tlcpp-random32-20/runs/lg_lacam_fork_suo_tl/random-32-32-20/random-32-32-20-random-5_a200_s2_r0,6627,0.091,"{""agents"": ""200"", ""comp_time"": ""91"", ""makespan"": ""62"", ""makespan_lb"": ""58"", ""map_file"": ""random-32-32-20.map"", ""seed"": ""2"", ""soc"": ""6627"", ""soc_lb"": ""4588"", ""solved"": ""1"", ""solver"": ""planner"", ""sum_of_loss"": ""6043"", ""sum_of_loss_lb"": ""4588""}"
lg_lacam_fork:lg,"LG-LaCAM (window 20, first solution)",random-32-32-20,random-32-32-20-random-5,200,0,30.0,solved,0.256112,0.137,6080,63,5551,4588,58,1.325196,0,,/home/carsten/Projects/MAPF/MAPF Evaluator/results/tlcpp-random32-20/runs/lg_lacam_fork_lg/random-32-32-20/random-32-32-20-random-5_a200_s0_r0,6080,0.137,"{""agents"": ""200"", ""comp_time"": ""137"", ""makespan"": ""63"", ""makespan_lb"": ""58"", ""map_file"": ""random-32-32-20.map"", ""seed"": ""0"", ""soc"": ""6080"", ""soc_lb"": ""4588"", ""solved"": ""1"", ""solver"": ""planner"", ""sum_of_loss"": ""5640"", ""sum_of_loss_lb"": ""4588""}"
lg_lacam_fork:lg,"LG-LaCAM (window 20, first solution)",random-32-32-20,random-32-32-20-random-5,200,1,30.0,solved,0.235699,0.128,6121,62,5498,4588,58,1.334133,0,,/home/carsten/Projects/MAPF/MAPF Evaluator/results/tlcpp-random32-20/runs/lg_lacam_fork_lg/random-32-32-20/random-32-32-20-random-5_a200_s1_r0,6121,0.128,"{""agents"": ""200"", ""comp_time"": ""128"", ""makespan"": ""62"", ""makespan_lb"": ""58"", ""map_file"": ""random-32-32-20.map"", ""seed"": ""1"", ""soc"": ""6121"", ""soc_lb"": ""4588"", ""solved"": ""1"", ""solver"": ""planner"", ""sum_of_loss"": ""5589"", ""sum_of_loss_lb"": ""4588""}"
lg_lacam_fork:lg,"LG-LaCAM (window 20, first solution)",random-32-32-20,random-32-32-20-random-5,200,2,30.0,solved,0.397186,0.312,6263,66,5638,4588,58,1.365083,0,,/home/carsten/Projects/MAPF/MAPF Evaluator/results/tlcpp-random32-20/runs/lg_lacam_fork_lg/random-32-32-20/random-32-32-20-random-5_a200_s2_r0,6263,0.312,"{""agents"": ""200"", ""comp_time"": ""312"", ""makespan"": ""66"", ""makespan_lb"": ""58"", ""map_file"": ""random-32-32-20.map"", ""seed"": ""2"", ""soc"": ""6263"", ""soc_lb"": ""4588"", ""solved"": ""1"", ""solver"": ""planner"", ""sum_of_loss"": ""5739"", ""sum_of_loss_lb"": ""4588""}"
lg_lacam_fork:lg_tl,LG-LaCAM (window 20) + traffic load,random-32-32-20,random-32-32-20-random-5,200,0,30.0,solved,0.18161,0.127,6213,68,5606,4588,58,1.354185,0,,/home/carsten/Projects/MAPF/MAPF Evaluator/results/tlcpp-random32-20/runs/lg_lacam_fork_lg_tl/random-32-32-20/random-32-32-20-random-5_a200_s0_r0,6213,0.127,"{""agents"": ""200"", ""comp_time"": ""127"", ""makespan"": ""68"", ""makespan_lb"": ""58"", ""map_file"": ""random-32-32-20.map"", ""seed"": ""0"", ""soc"": ""6213"", ""soc_lb"": ""4588"", ""solved"": ""1"", ""solver"": ""planner"", ""sum_of_loss"": ""5694"", ""sum_of_loss_lb"": ""4588""}"
lg_lacam_fork:lg_tl,LG-LaCAM (window 20) + traffic load,random-32-32-20,random-32-32-20-random-5,200,1,30.0,solved,0.298802,0.204,6119,67,5412,4588,58,1.333697,0,,/home/carsten/Projects/MAPF/MAPF Evaluator/results/tlcpp-random32-20/runs/lg_lacam_fork_lg_tl/random-32-32-20/random-32-32-20-random-5_a200_s1_r0,6119,0.204,"{""agents"": ""200"", ""comp_time"": ""204"", ""makespan"": ""67"", ""makespan_lb"": ""58"", ""map_file"": ""random-32-32-20.map"", ""seed"": ""1"", ""soc"": ""6119"", ""soc_lb"": ""4588"", ""solved"": ""1"", ""solver"": ""planner"", ""sum_of_loss"": ""5513"", ""sum_of_loss_lb"": ""4588""}"
lg_lacam_fork:lg_tl,LG-LaCAM (window 20) + traffic load,random-32-32-20,random-32-32-20-random-5,200,2,30.0,solved,0.460814,0.331,6161,67,5601,4588,58,1.342851,0,,/home/carsten/Projects/MAPF/MAPF Evaluator/results/tlcpp-random32-20/runs/lg_lacam_fork_lg_tl/random-32-32-20/random-32-32-20-random-5_a200_s2_r0,6161,0.331,"{""agents"": ""200"", ""comp_time"": ""331"", ""makespan"": ""67"", ""makespan_lb"": ""58"", ""map_file"": ""random-32-32-20.map"", ""seed"": ""2"", ""soc"": ""6161"", ""soc_lb"": ""4588"", ""solved"": ""1"", ""solver"": ""planner"", ""sum_of_loss"": ""5698"", ""sum_of_loss_lb"": ""4588""}"
lg_lacam_fork:lg_suo,LG-LaCAM (window 20) + SUO,random-32-32-20,random-32-32-20-random-5,200,1,30.0,solved,0.389885,0.315,6259,58,5640,4588,58,1.364211,0,,/home/carsten/Projects/MAPF/MAPF Evaluator/results/tlcpp-random32-20/runs/lg_lacam_fork_lg_suo/random-32-32-20/random-32-32-20-random-5_a200_s1_r0,6259,0.315,"{""agents"": ""200"", ""comp_time"": ""315"", ""makespan"": ""58"", ""makespan_lb"": ""58"", ""map_file"": ""random-32-32-20.map"", ""seed"": ""1"", ""soc"": ""6259"", ""soc_lb"": ""4588"", ""solved"": ""1"", ""solver"": ""planner"", ""sum_of_loss"": ""5729"", ""sum_of_loss_lb"": ""4588""}"
lg_lacam_fork:lg_suo,LG-LaCAM (window 20) + SUO,random-32-32-20,random-32-32-20-random-5,200,2,30.0,solved,0.303857,0.199,6239,62,5681,4588,58,1.359852,0,,/home/carsten/Projects/MAPF/MAPF Evaluator/results/tlcpp-random32-20/runs/lg_lacam_fork_lg_suo/random-32-32-20/random-32-32-20-random-5_a200_s2_r0,6239,0.199,"{""agents"": ""200"", ""comp_time"": ""199"", ""makespan"": ""62"", ""makespan_lb"": ""58"", ""map_file"": ""random-32-32-20.map"", ""seed"": ""2"", ""soc"": ""6239"", ""soc_lb"": ""4588"", ""solved"": ""1"", ""solver"": ""planner"", ""sum_of_loss"": ""5788"", ""sum_of_loss_lb"": ""4588""}"
lg_lacam_fork:lg_suo,LG-LaCAM (window 20) + SUO,random-32-32-20,random-32-32-20-random-5,200,0,30.0,solved,0.893206,0.715,6276,63,5679,4588,58,1.367916,0,,/home/carsten/Projects/MAPF/MAPF Evaluator/results/tlcpp-random32-20/runs/lg_lacam_fork_lg_suo/random-32-32-20/random-32-32-20-random-5_a200_s0_r0,6276,0.715,"{""agents"": ""200"", ""comp_time"": ""715"", ""makespan"": ""63"", ""makespan_lb"": ""58"", ""map_file"": ""random-32-32-20.map"", ""seed"": ""0"", ""soc"": ""6276"", ""soc_lb"": ""4588"", ""solved"": ""1"", ""solver"": ""planner"", ""sum_of_loss"": ""5770"", ""sum_of_loss_lb"": ""4588""}"
lg_lacam_fork:lg_suo_tl,LG-LaCAM (window 20) + SUO + traffic load,random-32-32-20,random-32-32-20-random-5,200,1,30.0,solved,0.360853,0.25,6027,62,5519,4588,58,1.313644,0,,/home/carsten/Projects/MAPF/MAPF Evaluator/results/tlcpp-random32-20/runs/lg_lacam_fork_lg_suo_tl/random-32-32-20/random-32-32-20-random-5_a200_s1_r0,6027,0.25,"{""agents"": ""200"", ""comp_time"": ""250"", ""makespan"": ""62"", ""makespan_lb"": ""58"", ""map_file"": ""random-32-32-20.map"", ""seed"": ""1"", ""soc"": ""6027"", ""soc_lb"": ""4588"", ""solved"": ""1"", ""solver"": ""planner"", ""sum_of_loss"": ""5588"", ""sum_of_loss_lb"": ""4588""}"
lg_lacam_fork:lg_suo_tl,LG-LaCAM (window 20) + SUO + traffic load,random-32-32-20,random-32-32-20-random-5,200,0,30.0,solved,0.541005,0.441,6121,69,5541,4588,58,1.334133,0,,/home/carsten/Projects/MAPF/MAPF Evaluator/results/tlcpp-random32-20/runs/lg_lacam_fork_lg_suo_tl/random-32-32-20/random-32-32-20-random-5_a200_s0_r0,6121,0.441,"{""agents"": ""200"", ""comp_time"": ""441"", ""makespan"": ""69"", ""makespan_lb"": ""58"", ""map_file"": ""random-32-32-20.map"", ""seed"": ""0"", ""soc"": ""6121"", ""soc_lb"": ""4588"", ""solved"": ""1"", ""solver"": ""planner"", ""sum_of_loss"": ""5621"", ""sum_of_loss_lb"": ""4588""}"
lg_lacam_fork:lg_suo_tl,LG-LaCAM (window 20) + SUO + traffic load,random-32-32-20,random-32-32-20-random-5,200,2,30.0,solved,0.532947,0.441,6058,64,5555,4588,58,1.320401,0,,/home/carsten/Projects/MAPF/MAPF Evaluator/results/tlcpp-random32-20/runs/lg_lacam_fork_lg_suo_tl/random-32-32-20/random-32-32-20-random-5_a200_s2_r0,6058,0.441,"{""agents"": ""200"", ""comp_time"": ""441"", ""makespan"": ""64"", ""makespan_lb"": ""58"", ""map_file"": ""random-32-32-20.map"", ""seed"": ""2"", ""soc"": ""6058"", ""soc_lb"": ""4588"", ""solved"": ""1"", ""solver"": ""planner"", ""sum_of_loss"": ""5637"", ""sum_of_loss_lb"": ""4588""}"
