solver_id,solver_label,map,scen,agents,seed,timeout,status,wallclock_s,solver_time_s,soc,makespan,sum_of_loss,soc_lb,makespan_lb,soc_ratio,exit_code,error,run_dir,first_soc,first_time_s,solver_stats
pp_guided_tl:shortest,PP-guided (shortest first),den312d,den312d-random-1,50,0,30.0,solved,0.042412,0.005,2637,106,2637,2612,103,1.009571,0,,/home/carsten/Projects/MAPF/MAPF Evaluator/results/pptl-den312d/runs/pp_guided_tl_shortest/den312d/den312d-random-1_a50_s0_r0,,,"{""agents"": ""50"", ""comp_time"": ""5"", ""first_ms"": ""4.9"", ""makespan"": ""106"", ""makespan_lb"": ""103"", ""map_file"": ""den312d.map"", ""pp_demote_rounds"": ""0"", ""pp_failed"": ""0"", ""pp_order"": ""shortest"", ""pp_plan_ms"": ""2.8"", ""pp_plan_soc"": ""2637"", ""pp_tl"": ""0"", ""pp_used"": ""1"", ""seed"": ""0"", ""soc"": ""2637"", ""soc_lb"": ""2612"", ""solved"": ""1"", ""solver"": ""planner"", ""sum_of_loss"": ""2637"", ""sum_of_loss_lb"": ""2612""}"
pp_guided_tl:shortest,PP-guided (shortest first),den312d,den312d-random-1,50,1,30.0,solved,0.037323,0.005,2637,106,2637,2612,103,1.009571,0,,/home/carsten/Projects/MAPF/MAPF Evaluator/results/pptl-den312d/runs/pp_guided_tl_shortest/den312d/den312d-random-1_a50_s1_r0,,,"{""agents"": ""50"", ""comp_time"": ""5"", ""first_ms"": ""5.0"", ""makespan"": ""106"", ""makespan_lb"": ""103"", ""map_file"": ""den312d.map"", ""pp_demote_rounds"": ""0"", ""pp_failed"": ""0"", ""pp_order"": ""shortest"", ""pp_plan_ms"": ""2.7"", ""pp_plan_soc"": ""2637"", ""pp_tl"": ""0"", ""pp_used"": ""1"", ""seed"": ""1"", ""soc"": ""2637"", ""soc_lb"": ""2612"", ""solved"": ""1"", ""solver"": ""planner"", ""sum_of_loss"": ""2637"", ""sum_of_loss_lb"": ""2612""}"
pp_guided_tl:shortest,PP-guided (shortest first),den312d,den312d-random-1,50,2,30.0,solved,0.01835,0.005,2637,106,2637,2612,103,1.009571,0,,/home/carsten/Projects/MAPF/MAPF Evaluator/results/pptl-den312d/runs/pp_guided_tl_shortest/den312d/den312d-random-1_a50_s2_r0,,,"{""agents"": ""50"", ""comp_time"": ""5"", ""first_ms"": ""5.0"", ""makespan"": ""106"", ""makespan_lb"": ""103"", ""map_file"": ""den312d.map"", ""pp_demote_rounds"": ""0"", ""pp_failed"": ""0"", ""pp_order"": ""shortest"", ""pp_plan_ms"": ""2.9"", ""pp_plan_soc"": ""2637"", ""pp_tl"": ""0"", ""pp_used"": ""1"", ""seed"": ""2"", ""soc"": ""2637"", ""soc_lb"": ""2612"", ""solved"": ""1"", ""solver"": ""planner"", ""sum_of_loss"": ""2637"", ""sum_of_loss_lb"": ""2612""}"
pp_guided_tl:shortest_tl,PP-guided (shortest first) + traffic load in SIPP,den312d,den312d-random-1,50,0,30.0,solved,0.041474,0.008,2625,104,2625,2612,103,1.004977,0,,/home/carsten/Projects/MAPF/MAPF Evaluator/results/pptl-den312d/runs/pp_guided_tl_shortest_tl/den312d/den312d-random-1_a50_s0_r0,,,"{""agents"": ""50"", ""comp_time"": ""8"", ""first_ms"": ""8.7"", ""makespan"": ""104"", ""makespan_lb"": ""103"", ""map_file"": ""den312d.map"", ""pp_demote_rounds"": ""0"", ""pp_failed"": ""0"", ""pp_order"": ""shortest"", ""pp_plan_ms"": ""5.7"", ""pp_plan_soc"": ""2625"", ""pp_tl"": ""1"", ""pp_used"": ""1"", ""seed"": ""0"", ""soc"": ""2625"", ""soc_lb"": ""2612"", ""solved"": ""1"", ""solver"": ""planner"", ""sum_of_loss"": ""2625"", ""sum_of_loss_lb"": ""2612""}"
pp_guided_tl:shortest_tl,PP-guided (shortest first) + traffic load in SIPP,den312d,den312d-random-1,50,2,30.0,solved,0.072549,0.008,2625,104,2625,2612,103,1.004977,0,,/home/carsten/Projects/MAPF/MAPF Evaluator/results/pptl-den312d/runs/pp_guided_tl_shortest_tl/den312d/den312d-random-1_a50_s2_r0,,,"{""agents"": ""50"", ""comp_time"": ""8"", ""first_ms"": ""7.7"", ""makespan"": ""104"", ""makespan_lb"": ""103"", ""map_file"": ""den312d.map"", ""pp_demote_rounds"": ""0"", ""pp_failed"": ""0"", ""pp_order"": ""shortest"", ""pp_plan_ms"": ""5.2"", ""pp_plan_soc"": ""2625"", ""pp_tl"": ""1"", ""pp_used"": ""1"", ""seed"": ""2"", ""soc"": ""2625"", ""soc_lb"": ""2612"", ""solved"": ""1"", ""solver"": ""planner"", ""sum_of_loss"": ""2625"", ""sum_of_loss_lb"": ""2612""}"
pp_guided_tl:traffic,PP-guided (traffic-last),den312d,den312d-random-1,50,1,30.0,solved,0.035889,0.006,2740,103,2689,2612,103,1.049005,0,,/home/carsten/Projects/MAPF/MAPF Evaluator/results/pptl-den312d/runs/pp_guided_tl_traffic/den312d/den312d-random-1_a50_s1_r0,,,"{""agents"": ""50"", ""comp_time"": ""6"", ""first_ms"": ""5.7"", ""makespan"": ""103"", ""makespan_lb"": ""103"", ""map_file"": ""den312d.map"", ""pp_demote_rounds"": ""0"", ""pp_failed"": ""0"", ""pp_order"": ""traffic-last"", ""pp_plan_ms"": ""4.0"", ""pp_plan_soc"": ""2740"", ""pp_tl"": ""0"", ""pp_used"": ""1"", ""seed"": ""1"", ""soc"": ""2740"", ""soc_lb"": ""2612"", ""solved"": ""1"", ""solver"": ""planner"", ""sum_of_loss"": ""2692"", ""sum_of_loss_lb"": ""2612""}"
pp_guided_tl:shortest_tl,PP-guided (shortest first) + traffic load in SIPP,den312d,den312d-random-1,50,1,30.0,solved,0.064612,0.008,2625,104,2625,2612,103,1.004977,0,,/home/carsten/Projects/MAPF/MAPF Evaluator/results/pptl-den312d/runs/pp_guided_tl_shortest_tl/den312d/den312d-random-1_a50_s1_r0,,,"{""agents"": ""50"", ""comp_time"": ""8"", ""first_ms"": ""7.8"", ""makespan"": ""104"", ""makespan_lb"": ""103"", ""map_file"": ""den312d.map"", ""pp_demote_rounds"": ""0"", ""pp_failed"": ""0"", ""pp_order"": ""shortest"", ""pp_plan_ms"": ""5.2"", ""pp_plan_soc"": ""2625"", ""pp_tl"": ""1"", ""pp_used"": ""1"", ""seed"": ""1"", ""soc"": ""2625"", ""soc_lb"": ""2612"", ""solved"": ""1"", ""solver"": ""planner"", ""sum_of_loss"": ""2625"", ""sum_of_loss_lb"": ""2612""}"
pp_guided_tl:traffic,PP-guided (traffic-last),den312d,den312d-random-1,50,0,30.0,solved,0.046197,0.006,2740,103,2689,2612,103,1.049005,0,,/home/carsten/Projects/MAPF/MAPF Evaluator/results/pptl-den312d/runs/pp_guided_tl_traffic/den312d/den312d-random-1_a50_s0_r0,,,"{""agents"": ""50"", ""comp_time"": ""6"", ""first_ms"": ""5.9"", ""makespan"": ""103"", ""makespan_lb"": ""103"", ""map_file"": ""den312d.map"", ""pp_demote_rounds"": ""0"", ""pp_failed"": ""0"", ""pp_order"": ""traffic-last"", ""pp_plan_ms"": ""4.0"", ""pp_plan_soc"": ""2740"", ""pp_tl"": ""0"", ""pp_used"": ""1"", ""seed"": ""0"", ""soc"": ""2740"", ""soc_lb"": ""2612"", ""solved"": ""1"", ""solver"": ""planner"", ""sum_of_loss"": ""2692"", ""sum_of_loss_lb"": ""2612""}"
pp_guided_tl:traffic,PP-guided (traffic-last),den312d,den312d-random-1,50,2,30.0,solved,0.068966,0.006,2740,103,2689,2612,103,1.049005,0,,/home/carsten/Projects/MAPF/MAPF Evaluator/results/pptl-den312d/runs/pp_guided_tl_traffic/den312d/den312d-random-1_a50_s2_r0,,,"{""agents"": ""50"", ""comp_time"": ""6"", ""first_ms"": ""5.7"", ""makespan"": ""103"", ""makespan_lb"": ""103"", ""map_file"": ""den312d.map"", ""pp_demote_rounds"": ""0"", ""pp_failed"": ""0"", ""pp_order"": ""traffic-last"", ""pp_plan_ms"": ""4.0"", ""pp_plan_soc"": ""2740"", ""pp_tl"": ""0"", ""pp_used"": ""1"", ""seed"": ""2"", ""soc"": ""2740"", ""soc_lb"": ""2612"", ""solved"": ""1"", ""solver"": ""planner"", ""sum_of_loss"": ""2692"", ""sum_of_loss_lb"": ""2612""}"
pp_guided_tl:traffic_tl,PP-guided (traffic-last) + traffic load in SIPP,den312d,den312d-random-1,50,1,30.0,solved,0.064435,0.008,2850,103,2689,2612,103,1.091118,0,,/home/carsten/Projects/MAPF/MAPF Evaluator/results/pptl-den312d/runs/pp_guided_tl_traffic_tl/den312d/den312d-random-1_a50_s1_r0,,,"{""agents"": ""50"", ""comp_time"": ""8"", ""first_ms"": ""8.8"", ""makespan"": ""103"", ""makespan_lb"": ""103"", ""map_file"": ""den312d.map"", ""pp_demote_rounds"": ""0"", ""pp_failed"": ""0"", ""pp_order"": ""traffic-last"", ""pp_plan_ms"": ""5.7"", ""pp_plan_soc"": ""2850"", ""pp_tl"": ""1"", ""pp_used"": ""1"", ""seed"": ""1"", ""soc"": ""2850"", ""soc_lb"": ""2612"", ""solved"": ""1"", ""solver"": ""planner"", ""sum_of_loss"": ""2695"", ""sum_of_loss_lb"": ""2612""}"
pp_guided_tl:traffic_tl,PP-guided (traffic-last) + traffic load in SIPP,den312d,den312d-random-1,50,0,30.0,solved,0.054129,0.009,2850,103,2689,2612,103,1.091118,0,,/home/carsten/Projects/MAPF/MAPF Evaluator/results/pptl-den312d/runs/pp_guided_tl_traffic_tl/den312d/den312d-random-1_a50_s0_r0,,,"{""agents"": ""50"", ""comp_time"": ""9"", ""first_ms"": ""8.6"", ""makespan"": ""103"", ""makespan_lb"": ""103"", ""map_file"": ""den312d.map"", ""pp_demote_rounds"": ""0"", ""pp_failed"": ""0"", ""pp_order"": ""traffic-last"", ""pp_plan_ms"": ""6.0"", ""pp_plan_soc"": ""2850"", ""pp_tl"": ""1"", ""pp_used"": ""1"", ""seed"": ""0"", ""soc"": ""2850"", ""soc_lb"": ""2612"", ""solved"": ""1"", ""solver"": ""planner"", ""sum_of_loss"": ""2695"", ""sum_of_loss_lb"": ""2612""}"
pp_guided_tl:traffic_tl,PP-guided (traffic-last) + traffic load in SIPP,den312d,den312d-random-1,50,2,30.0,solved,0.059258,0.008,2850,103,2689,2612,103,1.091118,0,,/home/carsten/Projects/MAPF/MAPF Evaluator/results/pptl-den312d/runs/pp_guided_tl_traffic_tl/den312d/den312d-random-1_a50_s2_r0,,,"{""agents"": ""50"", ""comp_time"": ""8"", ""first_ms"": ""8.7"", ""makespan"": ""103"", ""makespan_lb"": ""103"", ""map_file"": ""den312d.map"", ""pp_demote_rounds"": ""0"", ""pp_failed"": ""0"", ""pp_order"": ""traffic-last"", ""pp_plan_ms"": ""5.5"", ""pp_plan_soc"": ""2850"", ""pp_tl"": ""1"", ""pp_used"": ""1"", ""seed"": ""2"", ""soc"": ""2850"", ""soc_lb"": ""2612"", ""solved"": ""1"", ""solver"": ""planner"", ""sum_of_loss"": ""2695"", ""sum_of_loss_lb"": ""2612""}"
pp_guided_tl:shortest,PP-guided (shortest first),den312d,den312d-random-1,100,0,30.0,solved,0.173959,0.013,5460,129,5460,5313,121,1.027668,0,,/home/carsten/Projects/MAPF/MAPF Evaluator/results/pptl-den312d/runs/pp_guided_tl_shortest/den312d/den312d-random-1_a100_s0_r0,,,"{""agents"": ""100"", ""comp_time"": ""13"", ""first_ms"": ""12.6"", ""makespan"": ""129"", ""makespan_lb"": ""121"", ""map_file"": ""den312d.map"", ""pp_demote_rounds"": ""0"", ""pp_failed"": ""0"", ""pp_order"": ""shortest"", ""pp_plan_ms"": ""8.3"", ""pp_plan_soc"": ""5460"", ""pp_tl"": ""0"", ""pp_used"": ""1"", ""seed"": ""0"", ""soc"": ""5460"", ""soc_lb"": ""5313"", ""solved"": ""1"", ""solver"": ""planner"", ""sum_of_loss"": ""5460"", ""sum_of_loss_lb"": ""5313""}"
pp_guided_tl:shortest,PP-guided (shortest first),den312d,den312d-random-1,100,2,30.0,solved,0.074689,0.013,5460,129,5460,5313,121,1.027668,0,,/home/carsten/Projects/MAPF/MAPF Evaluator/results/pptl-den312d/runs/pp_guided_tl_shortest/den312d/den312d-random-1_a100_s2_r0,,,"{""agents"": ""100"", ""comp_time"": ""13"", ""first_ms"": ""13.2"", ""makespan"": ""129"", ""makespan_lb"": ""121"", ""map_file"": ""den312d.map"", ""pp_demote_rounds"": ""0"", ""pp_failed"": ""0"", ""pp_order"": ""shortest"", ""pp_plan_ms"": ""8.2"", ""pp_plan_soc"": ""5460"", ""pp_tl"": ""0"", ""pp_used"": ""1"", ""seed"": ""2"", ""soc"": ""5460"", ""soc_lb"": ""5313"", ""solved"": ""1"", ""solver"": ""planner"", ""sum_of_loss"": ""5460"", ""sum_of_loss_lb"": ""5313""}"
pp_guided_tl:shortest,PP-guided (shortest first),den312d,den312d-random-1,100,1,30.0,solved,0.108615,0.013,5460,129,5460,5313,121,1.027668,0,,/home/carsten/Projects/MAPF/MAPF Evaluator/results/pptl-den312d/runs/pp_guided_tl_shortest/den312d/den312d-random-1_a100_s1_r0,,,"{""agents"": ""100"", ""comp_time"": ""13"", ""first_ms"": ""13.0"", ""makespan"": ""129"", ""makespan_lb"": ""121"", ""map_file"": ""den312d.map"", ""pp_demote_rounds"": ""0"", ""pp_failed"": ""0"", ""pp_order"": ""shortest"", ""pp_plan_ms"": ""8.4"", ""pp_plan_soc"": ""5460"", ""pp_tl"": ""0"", ""pp_used"": ""1"", ""seed"": ""1"", ""soc"": ""5460"", ""soc_lb"": ""5313"", ""solved"": ""1"", ""solver"": ""planner"", ""sum_of_loss"": ""5460"", ""sum_of_loss_lb"": ""5313""}"
pp_guided_tl:shortest_tl,PP-guided (shortest first) + traffic load in SIPP,den312d,den312d-random-1,100,0,30.0,solved,0.095535,0.017,5395,129,5395,5313,121,1.015434,0,,/home/carsten/Projects/MAPF/MAPF Evaluator/results/pptl-den312d/runs/pp_guided_tl_shortest_tl/den312d/den312d-random-1_a100_s0_r0,,,"{""agents"": ""100"", ""comp_time"": ""17"", ""first_ms"": ""16.6"", ""makespan"": ""129"", ""makespan_lb"": ""121"", ""map_file"": ""den312d.map"", ""pp_demote_rounds"": ""0"", ""pp_failed"": ""0"", ""pp_order"": ""shortest"", ""pp_plan_ms"": ""11.5"", ""pp_plan_soc"": ""5395"", ""pp_tl"": ""1"", ""pp_used"": ""1"", ""seed"": ""0"", ""soc"": ""5395"", ""soc_lb"": ""5313"", ""solved"": ""1"", ""solver"": ""planner"", ""sum_of_loss"": ""5395"", ""sum_of_loss_lb"": ""5313""}"
pp_guided_tl:shortest_tl,PP-guided (shortest first) + traffic load in SIPP,den312d,den312d-random-1,100,1,30.0,solved,0.141902,0.017,5395,129,5395,5313,121,1.015434,0,,/home/carsten/Projects/MAPF/MAPF Evaluator/results/pptl-den312d/runs/pp_guided_tl_shortest_tl/den312d/den312d-random-1_a100_s1_r0,,,"{""agents"": ""100"", ""comp_time"": ""17"", ""first_ms"": ""16.7"", ""makespan"": ""129"", ""makespan_lb"": ""121"", ""map_file"": ""den312d.map"", ""pp_demote_rounds"": ""0"", ""pp_failed"": ""0"", ""pp_order"": ""shortest"", ""pp_plan_ms"": ""11.4"", ""pp_plan_soc"": ""5395"", ""pp_tl"": ""1"", ""pp_used"": ""1"", ""seed"": ""1"", ""soc"": ""5395"", ""soc_lb"": ""5313"", ""solved"": ""1"", ""solver"": ""planner"", ""sum_of_loss"": ""5395"", ""sum_of_loss_lb"": ""5313""}"
pp_guided_tl:shortest_tl,PP-guided (shortest first) + traffic load in SIPP,den312d,den312d-random-1,100,2,30.0,solved,0.120871,0.017,5395,129,5395,5313,121,1.015434,0,,/home/carsten/Projects/MAPF/MAPF Evaluator/results/pptl-den312d/runs/pp_guided_tl_shortest_tl/den312d/den312d-random-1_a100_s2_r0,,,"{""agents"": ""100"", ""comp_time"": ""17"", ""first_ms"": ""16.8"", ""makespan"": ""129"", ""makespan_lb"": ""121"", ""map_file"": ""den312d.map"", ""pp_demote_rounds"": ""0"", ""pp_failed"": ""0"", ""pp_order"": ""shortest"", ""pp_plan_ms"": ""11.6"", ""pp_plan_soc"": ""5395"", ""pp_tl"": ""1"", ""pp_used"": ""1"", ""seed"": ""2"", ""soc"": ""5395"", ""soc_lb"": ""5313"", ""solved"": ""1"", ""solver"": ""planner"", ""sum_of_loss"": ""5395"", ""sum_of_loss_lb"": ""5313""}"
pp_guided_tl:traffic,PP-guided (traffic-last),den312d,den312d-random-1,100,0,30.0,solved,0.046112,0.016,6280,123,5563,5313,121,1.182006,0,,/home/carsten/Projects/MAPF/MAPF Evaluator/results/pptl-den312d/runs/pp_guided_tl_traffic/den312d/den312d-random-1_a100_s0_r0,,,"{""agents"": ""100"", ""comp_time"": ""16"", ""first_ms"": ""16.1"", ""makespan"": ""123"", ""makespan_lb"": ""121"", ""map_file"": ""den312d.map"", ""pp_demote_rounds"": ""0"", ""pp_failed"": ""0"", ""pp_order"": ""traffic-last"", ""pp_plan_ms"": ""10.7"", ""pp_plan_soc"": ""6280"", ""pp_tl"": ""0"", ""pp_used"": ""1"", ""seed"": ""0"", ""soc"": ""6280"", ""soc_lb"": ""5313"", ""solved"": ""1"", ""solver"": ""planner"", ""sum_of_loss"": ""5600"", ""sum_of_loss_lb"": ""5313""}"
pp_guided_tl:traffic,PP-guided (traffic-last),den312d,den312d-random-1,100,1,30.0,solved,0.10819,0.016,6280,123,5563,5313,121,1.182006,0,,/home/carsten/Projects/MAPF/MAPF Evaluator/results/pptl-den312d/runs/pp_guided_tl_traffic/den312d/den312d-random-1_a100_s1_r0,,,"{""agents"": ""100"", ""comp_time"": ""16"", ""first_ms"": ""15.7"", ""makespan"": ""123"", ""makespan_lb"": ""121"", ""map_file"": ""den312d.map"", ""pp_demote_rounds"": ""0"", ""pp_failed"": ""0"", ""pp_order"": ""traffic-last"", ""pp_plan_ms"": ""10.5"", ""pp_plan_soc"": ""6280"", ""pp_tl"": ""0"", ""pp_used"": ""1"", ""seed"": ""1"", ""soc"": ""6280"", ""soc_lb"": ""5313"", ""solved"": ""1"", ""solver"": ""planner"", ""sum_of_loss"": ""5600"", ""sum_of_loss_lb"": ""5313""}"
pp_guided_tl:traffic,PP-guided (traffic-last),den312d,den312d-random-1,100,2,30.0,solved,0.067501,0.015,6280,123,5563,5313,121,1.182006,0,,/home/carsten/Projects/MAPF/MAPF Evaluator/results/pptl-den312d/runs/pp_guided_tl_traffic/den312d/den312d-random-1_a100_s2_r0,,,"{""agents"": ""100"", ""comp_time"": ""15"", ""first_ms"": ""15.7"", ""makespan"": ""123"", ""makespan_lb"": ""121"", ""map_file"": ""den312d.map"", ""pp_demote_rounds"": ""0"", ""pp_failed"": ""0"", ""pp_order"": ""traffic-last"", ""pp_plan_ms"": ""10.6"", ""pp_plan_soc"": ""6280"", ""pp_tl"": ""0"", ""pp_used"": ""1"", ""seed"": ""2"", ""soc"": ""6280"", ""soc_lb"": ""5313"", ""solved"": ""1"", ""solver"": ""planner"", ""sum_of_loss"": ""5600"", ""sum_of_loss_lb"": ""5313""}"
pp_guided_tl:traffic_tl,PP-guided (traffic-last) + traffic load in SIPP,den312d,den312d-random-1,100,0,30.0,solved,0.052127,0.021,5955,123,5596,5313,121,1.120836,0,,/home/carsten/Projects/MAPF/MAPF Evaluator/results/pptl-den312d/runs/pp_guided_tl_traffic_tl/den312d/den312d-random-1_a100_s0_r0,,,"{""agents"": ""100"", ""comp_time"": ""21"", ""first_ms"": ""21.7"", ""makespan"": ""123"", ""makespan_lb"": ""121"", ""map_file"": ""den312d.map"", ""pp_demote_rounds"": ""0"", ""pp_failed"": ""0"", ""pp_order"": ""traffic-last"", ""pp_plan_ms"": ""15.5"", ""pp_plan_soc"": ""5955"", ""pp_tl"": ""1"", ""pp_used"": ""1"", ""seed"": ""0"", ""soc"": ""5955"", ""soc_lb"": ""5313"", ""solved"": ""1"", ""solver"": ""planner"", ""sum_of_loss"": ""5618"", ""sum_of_loss_lb"": ""5313""}"
pp_guided_tl:traffic_tl,PP-guided (traffic-last) + traffic load in SIPP,den312d,den312d-random-1,100,1,30.0,solved,0.096673,0.021,5955,123,5596,5313,121,1.120836,0,,/home/carsten/Projects/MAPF/MAPF Evaluator/results/pptl-den312d/runs/pp_guided_tl_traffic_tl/den312d/den312d-random-1_a100_s1_r0,,,"{""agents"": ""100"", ""comp_time"": ""21"", ""first_ms"": ""21.6"", ""makespan"": ""123"", ""makespan_lb"": ""121"", ""map_file"": ""den312d.map"", ""pp_demote_rounds"": ""0"", ""pp_failed"": ""0"", ""pp_order"": ""traffic-last"", ""pp_plan_ms"": ""15.6"", ""pp_plan_soc"": ""5955"", ""pp_tl"": ""1"", ""pp_used"": ""1"", ""seed"": ""1"", ""soc"": ""5955"", ""soc_lb"": ""5313"", ""solved"": ""1"", ""solver"": ""planner"", ""sum_of_loss"": ""5618"", ""sum_of_loss_lb"": ""5313""}"
pp_guided_tl:traffic_tl,PP-guided (traffic-last) + traffic load in SIPP,den312d,den312d-random-1,100,2,30.0,solved,0.127153,0.022,5955,123,5596,5313,121,1.120836,0,,/home/carsten/Projects/MAPF/MAPF Evaluator/results/pptl-den312d/runs/pp_guided_tl_traffic_tl/den312d/den312d-random-1_a100_s2_r0,,,"{""agents"": ""100"", ""comp_time"": ""22"", ""first_ms"": ""21.8"", ""makespan"": ""123"", ""makespan_lb"": ""121"", ""map_file"": ""den312d.map"", ""pp_demote_rounds"": ""0"", ""pp_failed"": ""0"", ""pp_order"": ""traffic-last"", ""pp_plan_ms"": ""15.6"", ""pp_plan_soc"": ""5955"", ""pp_tl"": ""1"", ""pp_used"": ""1"", ""seed"": ""2"", ""soc"": ""5955"", ""soc_lb"": ""5313"", ""solved"": ""1"", ""solver"": ""planner"", ""sum_of_loss"": ""5618"", ""sum_of_loss_lb"": ""5313""}"
pp_guided_tl:shortest,PP-guided (shortest first),den312d,den312d-random-1,150,0,30.0,solved,0.086455,0.028,8432,156,8432,7801,121,1.080887,0,,/home/carsten/Projects/MAPF/MAPF Evaluator/results/pptl-den312d/runs/pp_guided_tl_shortest/den312d/den312d-random-1_a150_s0_r0,,,"{""agents"": ""150"", ""comp_time"": ""28"", ""first_ms"": ""28.3"", ""makespan"": ""156"", ""makespan_lb"": ""121"", ""map_file"": ""den312d.map"", ""pp_demote_rounds"": ""0"", ""pp_failed"": ""0"", ""pp_order"": ""shortest"", ""pp_plan_ms"": ""20.6"", ""pp_plan_soc"": ""8432"", ""pp_tl"": ""0"", ""pp_used"": ""1"", ""seed"": ""0"", ""soc"": ""8432"", ""soc_lb"": ""7801"", ""solved"": ""1"", ""solver"": ""planner"", ""sum_of_loss"": ""8432"", ""sum_of_loss_lb"": ""7801""}"
pp_guided_tl:shortest,PP-guided (shortest first),den312d,den312d-random-1,150,1,30.0,solved,0.055942,0.028,8432,156,8432,7801,121,1.080887,0,,/home/carsten/Projects/MAPF/MAPF Evaluator/results/pptl-den312d/runs/pp_guided_tl_shortest/den312d/den312d-random-1_a150_s1_r0,,,"{""agents"": ""150"", ""comp_time"": ""28"", ""first_ms"": ""27.6"", ""makespan"": ""156"", ""makespan_lb"": ""121"", ""map_file"": ""den312d.map"", ""pp_demote_rounds"": ""0"", ""pp_failed"": ""0"", ""pp_order"": ""shortest"", ""pp_plan_ms"": ""20.2"", ""pp_plan_soc"": ""8432"", ""pp_tl"": ""0"", ""pp_used"": ""1"", ""seed"": ""1"", ""soc"": ""8432"", ""soc_lb"": ""7801"", ""solved"": ""1"", ""solver"": ""planner"", ""sum_of_loss"": ""8432"", ""sum_of_loss_lb"": ""7801""}"
pp_guided_tl:shortest,PP-guided (shortest first),den312d,den312d-random-1,150,2,30.0,solved,0.111307,0.029,8432,156,8432,7801,121,1.080887,0,,/home/carsten/Projects/MAPF/MAPF Evaluator/results/pptl-den312d/runs/pp_guided_tl_shortest/den312d/den312d-random-1_a150_s2_r0,,,"{""agents"": ""150"", ""comp_time"": ""29"", ""first_ms"": ""28.4"", ""makespan"": ""156"", ""makespan_lb"": ""121"", ""map_file"": ""den312d.map"", ""pp_demote_rounds"": ""0"", ""pp_failed"": ""0"", ""pp_order"": ""shortest"", ""pp_plan_ms"": ""20.4"", ""pp_plan_soc"": ""8432"", ""pp_tl"": ""0"", ""pp_used"": ""1"", ""seed"": ""2"", ""soc"": ""8432"", ""soc_lb"": ""7801"", ""solved"": ""1"", ""solver"": ""planner"", ""sum_of_loss"": ""8432"", ""sum_of_loss_lb"": ""7801""}"
pp_guided_tl:shortest_tl,PP-guided (shortest first) + traffic load in SIPP,den312d,den312d-random-1,150,0,30.0,solved,0.072239,0.031,8144,132,8144,7801,121,1.043969,0,,/home/carsten/Projects/MAPF/MAPF Evaluator/results/pptl-den312d/runs/pp_guided_tl_shortest_tl/den312d/den312d-random-1_a150_s0_r0,,,"{""agents"": ""150"", ""comp_time"": ""31"", ""first_ms"": ""31.0"", ""makespan"": ""132"", ""makespan_lb"": ""121"", ""map_file"": ""den312d.map"", ""pp_demote_rounds"": ""0"", ""pp_failed"": ""0"", ""pp_order"": ""shortest"", ""pp_plan_ms"": ""22.0"", ""pp_plan_soc"": ""8144"", ""pp_tl"": ""1"", ""pp_used"": ""1"", ""seed"": ""0"", ""soc"": ""8144"", ""soc_lb"": ""7801"", ""solved"": ""1"", ""solver"": ""planner"", ""sum_of_loss"": ""8144"", ""sum_of_loss_lb"": ""7801""}"
pp_guided_tl:shortest_tl,PP-guided (shortest first) + traffic load in SIPP,den312d,den312d-random-1,150,1,30.0,solved,0.10821,0.03,8144,132,8144,7801,121,1.043969,0,,/home/carsten/Projects/MAPF/MAPF Evaluator/results/pptl-den312d/runs/pp_guided_tl_shortest_tl/den312d/den312d-random-1_a150_s1_r0,,,"{""agents"": ""150"", ""comp_time"": ""30"", ""first_ms"": ""29.6"", ""makespan"": ""132"", ""makespan_lb"": ""121"", ""map_file"": ""den312d.map"", ""pp_demote_rounds"": ""0"", ""pp_failed"": ""0"", ""pp_order"": ""shortest"", ""pp_plan_ms"": ""21.5"", ""pp_plan_soc"": ""8144"", ""pp_tl"": ""1"", ""pp_used"": ""1"", ""seed"": ""1"", ""soc"": ""8144"", ""soc_lb"": ""7801"", ""solved"": ""1"", ""solver"": ""planner"", ""sum_of_loss"": ""8144"", ""sum_of_loss_lb"": ""7801""}"
pp_guided_tl:shortest_tl,PP-guided (shortest first) + traffic load in SIPP,den312d,den312d-random-1,150,2,30.0,solved,0.404288,0.03,8144,132,8144,7801,121,1.043969,0,,/home/carsten/Projects/MAPF/MAPF Evaluator/results/pptl-den312d/runs/pp_guided_tl_shortest_tl/den312d/den312d-random-1_a150_s2_r0,,,"{""agents"": ""150"", ""comp_time"": ""30"", ""first_ms"": ""29.5"", ""makespan"": ""132"", ""makespan_lb"": ""121"", ""map_file"": ""den312d.map"", ""pp_demote_rounds"": ""0"", ""pp_failed"": ""0"", ""pp_order"": ""shortest"", ""pp_plan_ms"": ""21.8"", ""pp_plan_soc"": ""8144"", ""pp_tl"": ""1"", ""pp_used"": ""1"", ""seed"": ""2"", ""soc"": ""8144"", ""soc_lb"": ""7801"", ""solved"": ""1"", ""solver"": ""planner"", ""sum_of_loss"": ""8144"", ""sum_of_loss_lb"": ""7801""}"
pp_guided_tl:traffic,PP-guided (traffic-last),den312d,den312d-random-1,150,2,30.0,solved,0.087877,0.031,9799,123,8467,7801,121,1.256121,0,,/home/carsten/Projects/MAPF/MAPF Evaluator/results/pptl-den312d/runs/pp_guided_tl_traffic/den312d/den312d-random-1_a150_s2_r0,,,"{""agents"": ""150"", ""comp_time"": ""31"", ""first_ms"": ""31.6"", ""makespan"": ""123"", ""makespan_lb"": ""121"", ""map_file"": ""den312d.map"", ""pp_demote_rounds"": ""0"", ""pp_failed"": ""0"", ""pp_order"": ""traffic-last"", ""pp_plan_ms"": ""23.9"", ""pp_plan_soc"": ""9799"", ""pp_tl"": ""0"", ""pp_used"": ""1"", ""seed"": ""2"", ""soc"": ""9799"", ""soc_lb"": ""7801"", ""solved"": ""1"", ""solver"": ""planner"", ""sum_of_loss"": ""8551"", ""sum_of_loss_lb"": ""7801""}"
pp_guided_tl:traffic,PP-guided (traffic-last),den312d,den312d-random-1,150,1,30.0,solved,0.149001,0.033,9799,123,8467,7801,121,1.256121,0,,/home/carsten/Projects/MAPF/MAPF Evaluator/results/pptl-den312d/runs/pp_guided_tl_traffic/den312d/den312d-random-1_a150_s1_r0,,,"{""agents"": ""150"", ""comp_time"": ""33"", ""first_ms"": ""33.0"", ""makespan"": ""123"", ""makespan_lb"": ""121"", ""map_file"": ""den312d.map"", ""pp_demote_rounds"": ""0"", ""pp_failed"": ""0"", ""pp_order"": ""traffic-last"", ""pp_plan_ms"": ""24.9"", ""pp_plan_soc"": ""9799"", ""pp_tl"": ""0"", ""pp_used"": ""1"", ""seed"": ""1"", ""soc"": ""9799"", ""soc_lb"": ""7801"", ""solved"": ""1"", ""solver"": ""planner"", ""sum_of_loss"": ""8551"", ""sum_of_loss_lb"": ""7801""}"
pp_guided_tl:traffic,PP-guided (traffic-last),den312d,den312d-random-1,150,0,30.0,solved,0.096161,0.031,9799,123,8467,7801,121,1.256121,0,,/home/carsten/Projects/MAPF/MAPF Evaluator/results/pptl-den312d/runs/pp_guided_tl_traffic/den312d/den312d-random-1_a150_s0_r0,,,"{""agents"": ""150"", ""comp_time"": ""31"", ""first_ms"": ""31.4"", ""makespan"": ""123"", ""makespan_lb"": ""121"", ""map_file"": ""den312d.map"", ""pp_demote_rounds"": ""0"", ""pp_failed"": ""0"", ""pp_order"": ""traffic-last"", ""pp_plan_ms"": ""24.0"", ""pp_plan_soc"": ""9799"", ""pp_tl"": ""0"", ""pp_used"": ""1"", ""seed"": ""0"", ""soc"": ""9799"", ""soc_lb"": ""7801"", ""solved"": ""1"", ""solver"": ""planner"", ""sum_of_loss"": ""8551"", ""sum_of_loss_lb"": ""7801""}"
pp_guided_tl:traffic_tl,PP-guided (traffic-last) + traffic load in SIPP,den312d,den312d-random-1,150,0,30.0,solved,0.143081,0.042,9427,121,8659,7801,121,1.208435,0,,/home/carsten/Projects/MAPF/MAPF Evaluator/results/pptl-den312d/runs/pp_guided_tl_traffic_tl/den312d/den312d-random-1_a150_s0_r0,,,"{""agents"": ""150"", ""comp_time"": ""42"", ""first_ms"": ""41.7"", ""makespan"": ""121"", ""makespan_lb"": ""121"", ""map_file"": ""den312d.map"", ""pp_demote_rounds"": ""0"", ""pp_failed"": ""0"", ""pp_order"": ""traffic-last"", ""pp_plan_ms"": ""32.4"", ""pp_plan_soc"": ""9427"", ""pp_tl"": ""1"", ""pp_used"": ""1"", ""seed"": ""0"", ""soc"": ""9427"", ""soc_lb"": ""7801"", ""solved"": ""1"", ""solver"": ""planner"", ""sum_of_loss"": ""8710"", ""sum_of_loss_lb"": ""7801""}"
pp_guided_tl:traffic_tl,PP-guided (traffic-last) + traffic load in SIPP,den312d,den312d-random-1,150,1,30.0,solved,0.098348,0.039,9427,121,8659,7801,121,1.208435,0,,/home/carsten/Projects/MAPF/MAPF Evaluator/results/pptl-den312d/runs/pp_guided_tl_traffic_tl/den312d/den312d-random-1_a150_s1_r0,,,"{""agents"": ""150"", ""comp_time"": ""39"", ""first_ms"": ""39.4"", ""makespan"": ""121"", ""makespan_lb"": ""121"", ""map_file"": ""den312d.map"", ""pp_demote_rounds"": ""0"", ""pp_failed"": ""0"", ""pp_order"": ""traffic-last"", ""pp_plan_ms"": ""30.2"", ""pp_plan_soc"": ""9427"", ""pp_tl"": ""1"", ""pp_used"": ""1"", ""seed"": ""1"", ""soc"": ""9427"", ""soc_lb"": ""7801"", ""solved"": ""1"", ""solver"": ""planner"", ""sum_of_loss"": ""8710"", ""sum_of_loss_lb"": ""7801""}"
pp_guided_tl:traffic_tl,PP-guided (traffic-last) + traffic load in SIPP,den312d,den312d-random-1,150,2,30.0,solved,0.213017,0.04,9427,121,8659,7801,121,1.208435,0,,/home/carsten/Projects/MAPF/MAPF Evaluator/results/pptl-den312d/runs/pp_guided_tl_traffic_tl/den312d/den312d-random-1_a150_s2_r0,,,"{""agents"": ""150"", ""comp_time"": ""40"", ""first_ms"": ""39.9"", ""makespan"": ""121"", ""makespan_lb"": ""121"", ""map_file"": ""den312d.map"", ""pp_demote_rounds"": ""0"", ""pp_failed"": ""0"", ""pp_order"": ""traffic-last"", ""pp_plan_ms"": ""31.0"", ""pp_plan_soc"": ""9427"", ""pp_tl"": ""1"", ""pp_used"": ""1"", ""seed"": ""2"", ""soc"": ""9427"", ""soc_lb"": ""7801"", ""solved"": ""1"", ""solver"": ""planner"", ""sum_of_loss"": ""8710"", ""sum_of_loss_lb"": ""7801""}"
pp_guided_tl:shortest,PP-guided (shortest first),den312d,den312d-random-1,200,0,30.0,solved,0.265135,0.056,12134,186,12117,10370,121,1.170106,0,,/home/carsten/Projects/MAPF/MAPF Evaluator/results/pptl-den312d/runs/pp_guided_tl_shortest/den312d/den312d-random-1_a200_s0_r0,,,"{""agents"": ""200"", ""comp_time"": ""56"", ""first_ms"": ""56.4"", ""makespan"": ""186"", ""makespan_lb"": ""121"", ""map_file"": ""den312d.map"", ""pp_demote_rounds"": ""0"", ""pp_failed"": ""0"", ""pp_order"": ""shortest"", ""pp_plan_ms"": ""44.9"", ""pp_plan_soc"": ""12134"", ""pp_tl"": ""0"", ""pp_used"": ""1"", ""seed"": ""0"", ""soc"": ""12134"", ""soc_lb"": ""10370"", ""solved"": ""1"", ""solver"": ""planner"", ""sum_of_loss"": ""12118"", ""sum_of_loss_lb"": ""10370""}"
pp_guided_tl:shortest,PP-guided (shortest first),den312d,den312d-random-1,200,1,30.0,solved,0.083772,0.056,12134,186,12117,10370,121,1.170106,0,,/home/carsten/Projects/MAPF/MAPF Evaluator/results/pptl-den312d/runs/pp_guided_tl_shortest/den312d/den312d-random-1_a200_s1_r0,,,"{""agents"": ""200"", ""comp_time"": ""56"", ""first_ms"": ""56.0"", ""makespan"": ""186"", ""makespan_lb"": ""121"", ""map_file"": ""den312d.map"", ""pp_demote_rounds"": ""0"", ""pp_failed"": ""0"", ""pp_order"": ""shortest"", ""pp_plan_ms"": ""45.0"", ""pp_plan_soc"": ""12134"", ""pp_tl"": ""0"", ""pp_used"": ""1"", ""seed"": ""1"", ""soc"": ""12134"", ""soc_lb"": ""10370"", ""solved"": ""1"", ""solver"": ""planner"", ""sum_of_loss"": ""12118"", ""sum_of_loss_lb"": ""10370""}"
pp_guided_tl:shortest,PP-guided (shortest first),den312d,den312d-random-1,200,2,30.0,solved,0.159613,0.056,12134,186,12117,10370,121,1.170106,0,,/home/carsten/Projects/MAPF/MAPF Evaluator/results/pptl-den312d/runs/pp_guided_tl_shortest/den312d/den312d-random-1_a200_s2_r0,,,"{""agents"": ""200"", ""comp_time"": ""56"", ""first_ms"": ""56.5"", ""makespan"": ""186"", ""makespan_lb"": ""121"", ""map_file"": ""den312d.map"", ""pp_demote_rounds"": ""0"", ""pp_failed"": ""0"", ""pp_order"": ""shortest"", ""pp_plan_ms"": ""45.1"", ""pp_plan_soc"": ""12134"", ""pp_tl"": ""0"", ""pp_used"": ""1"", ""seed"": ""2"", ""soc"": ""12134"", ""soc_lb"": ""10370"", ""solved"": ""1"", ""solver"": ""planner"", ""sum_of_loss"": ""12118"", ""sum_of_loss_lb"": ""10370""}"
pp_guided_tl:shortest_tl,PP-guided (shortest first) + traffic load in SIPP,den312d,den312d-random-1,200,0,30.0,solved,0.169251,0.052,11371,163,11371,10370,121,1.096528,0,,/home/carsten/Projects/MAPF/MAPF Evaluator/results/pptl-den312d/runs/pp_guided_tl_shortest_tl/den312d/den312d-random-1_a200_s0_r0,,,"{""agents"": ""200"", ""comp_time"": ""52"", ""first_ms"": ""51.7"", ""makespan"": ""163"", ""makespan_lb"": ""121"", ""map_file"": ""den312d.map"", ""pp_demote_rounds"": ""0"", ""pp_failed"": ""0"", ""pp_order"": ""shortest"", ""pp_plan_ms"": ""40.0"", ""pp_plan_soc"": ""11371"", ""pp_tl"": ""1"", ""pp_used"": ""1"", ""seed"": ""0"", ""soc"": ""11371"", ""soc_lb"": ""10370"", ""solved"": ""1"", ""solver"": ""planner"", ""sum_of_loss"": ""11371"", ""sum_of_loss_lb"": ""10370""}"
pp_guided_tl:shortest_tl,PP-guided (shortest first) + traffic load in SIPP,den312d,den312d-random-1,200,1,30.0,solved,0.174424,0.053,11371,163,11371,10370,121,1.096528,0,,/home/carsten/Projects/MAPF/MAPF Evaluator/results/pptl-den312d/runs/pp_guided_tl_shortest_tl/den312d/den312d-random-1_a200_s1_r0,,,"{""agents"": ""200"", ""comp_time"": ""53"", ""first_ms"": ""52.9"", ""makespan"": ""163"", ""makespan_lb"": ""121"", ""map_file"": ""den312d.map"", ""pp_demote_rounds"": ""0"", ""pp_failed"": ""0"", ""pp_order"": ""shortest"", ""pp_plan_ms"": ""40.8"", ""pp_plan_soc"": ""11371"", ""pp_tl"": ""1"", ""pp_used"": ""1"", ""seed"": ""1"", ""soc"": ""11371"", ""soc_lb"": ""10370"", ""solved"": ""1"", ""solver"": ""planner"", ""sum_of_loss"": ""11371"", ""sum_of_loss_lb"": ""10370""}"
pp_guided_tl:shortest_tl,PP-guided (shortest first) + traffic load in SIPP,den312d,den312d-random-1,200,2,30.0,solved,0.116089,0.053,11371,163,11371,10370,121,1.096528,0,,/home/carsten/Projects/MAPF/MAPF Evaluator/results/pptl-den312d/runs/pp_guided_tl_shortest_tl/den312d/den312d-random-1_a200_s2_r0,,,"{""agents"": ""200"", ""comp_time"": ""53"", ""first_ms"": ""52.8"", ""makespan"": ""163"", ""makespan_lb"": ""121"", ""map_file"": ""den312d.map"", ""pp_demote_rounds"": ""0"", ""pp_failed"": ""0"", ""pp_order"": ""shortest"", ""pp_plan_ms"": ""40.1"", ""pp_plan_soc"": ""11371"", ""pp_tl"": ""1"", ""pp_used"": ""1"", ""seed"": ""2"", ""soc"": ""11371"", ""soc_lb"": ""10370"", ""solved"": ""1"", ""solver"": ""planner"", ""sum_of_loss"": ""11371"", ""sum_of_loss_lb"": ""10370""}"
pp_guided_tl:traffic,PP-guided (traffic-last),den312d,den312d-random-1,200,0,30.0,solved,0.261314,0.052,13889,123,11573,10370,121,1.339344,0,,/home/carsten/Projects/MAPF/MAPF Evaluator/results/pptl-den312d/runs/pp_guided_tl_traffic/den312d/den312d-random-1_a200_s0_r0,,,"{""agents"": ""200"", ""comp_time"": ""52"", ""first_ms"": ""51.6"", ""makespan"": ""123"", ""makespan_lb"": ""121"", ""map_file"": ""den312d.map"", ""pp_demote_rounds"": ""0"", ""pp_failed"": ""0"", ""pp_order"": ""traffic-last"", ""pp_plan_ms"": ""41.4"", ""pp_plan_soc"": ""13889"", ""pp_tl"": ""0"", ""pp_used"": ""1"", ""seed"": ""0"", ""soc"": ""13889"", ""soc_lb"": ""10370"", ""solved"": ""1"", ""solver"": ""planner"", ""sum_of_loss"": ""11706"", ""sum_of_loss_lb"": ""10370""}"
pp_guided_tl:traffic,PP-guided (traffic-last),den312d,den312d-random-1,200,1,30.0,solved,0.167622,0.052,13889,123,11573,10370,121,1.339344,0,,/home/carsten/Projects/MAPF/MAPF Evaluator/results/pptl-den312d/runs/pp_guided_tl_traffic/den312d/den312d-random-1_a200_s1_r0,,,"{""agents"": ""200"", ""comp_time"": ""52"", ""first_ms"": ""52.0"", ""makespan"": ""123"", ""makespan_lb"": ""121"", ""map_file"": ""den312d.map"", ""pp_demote_rounds"": ""0"", ""pp_failed"": ""0"", ""pp_order"": ""traffic-last"", ""pp_plan_ms"": ""40.7"", ""pp_plan_soc"": ""13889"", ""pp_tl"": ""0"", ""pp_used"": ""1"", ""seed"": ""1"", ""soc"": ""13889"", ""soc_lb"": ""10370"", ""solved"": ""1"", ""solver"": ""planner"", ""sum_of_loss"": ""11706"", ""sum_of_loss_lb"": ""10370""}"
pp_guided_tl:traffic,PP-guided (traffic-last),den312d,den312d-random-1,200,2,30.0,solved,0.101327,0.051,13889,123,11573,10370,121,1.339344,0,,/home/carsten/Projects/MAPF/MAPF Evaluator/results/pptl-den312d/runs/pp_guided_tl_traffic/den312d/den312d-random-1_a200_s2_r0,,,"{""agents"": ""200"", ""comp_time"": ""51"", ""first_ms"": ""51.3"", ""makespan"": ""123"", ""makespan_lb"": ""121"", ""map_file"": ""den312d.map"", ""pp_demote_rounds"": ""0"", ""pp_failed"": ""0"", ""pp_order"": ""traffic-last"", ""pp_plan_ms"": ""40.8"", ""pp_plan_soc"": ""13889"", ""pp_tl"": ""0"", ""pp_used"": ""1"", ""seed"": ""2"", ""soc"": ""13889"", ""soc_lb"": ""10370"", ""solved"": ""1"", ""solver"": ""planner"", ""sum_of_loss"": ""11706"", ""sum_of_loss_lb"": ""10370""}"
pp_guided_tl:traffic_tl,PP-guided (traffic-last) + traffic load in SIPP,den312d,den312d-random-1,200,0,30.0,solved,0.162637,0.066,12839,121,11961,10370,121,1.238091,0,,/home/carsten/Projects/MAPF/MAPF Evaluator/results/pptl-den312d/runs/pp_guided_tl_traffic_tl/den312d/den312d-random-1_a200_s0_r0,,,"{""agents"": ""200"", ""comp_time"": ""66"", ""first_ms"": ""66.1"", ""makespan"": ""121"", ""makespan_lb"": ""121"", ""map_file"": ""den312d.map"", ""pp_demote_rounds"": ""0"", ""pp_failed"": ""0"", ""pp_order"": ""traffic-last"", ""pp_plan_ms"": ""53.9"", ""pp_plan_soc"": ""12839"", ""pp_tl"": ""1"", ""pp_used"": ""1"", ""seed"": ""0"", ""soc"": ""12839"", ""soc_lb"": ""10370"", ""solved"": ""1"", ""solver"": ""planner"", ""sum_of_loss"": ""12022"", ""sum_of_loss_lb"": ""10370""}"
pp_guided_tl:traffic_tl,PP-guided (traffic-last) + traffic load in SIPP,den312d,den312d-random-1,200,1,30.0,solved,0.152681,0.065,12839,121,11961,10370,121,1.238091,0,,/home/carsten/Projects/MAPF/MAPF Evaluator/results/pptl-den312d/runs/pp_guided_tl_traffic_tl/den312d/den312d-random-1_a200_s1_r0,,,"{""agents"": ""200"", ""comp_time"": ""65"", ""first_ms"": ""65.1"", ""makespan"": ""121"", ""makespan_lb"": ""121"", ""map_file"": ""den312d.map"", ""pp_demote_rounds"": ""0"", ""pp_failed"": ""0"", ""pp_order"": ""traffic-last"", ""pp_plan_ms"": ""53.5"", ""pp_plan_soc"": ""12839"", ""pp_tl"": ""1"", ""pp_used"": ""1"", ""seed"": ""1"", ""soc"": ""12839"", ""soc_lb"": ""10370"", ""solved"": ""1"", ""solver"": ""planner"", ""sum_of_loss"": ""12022"", ""sum_of_loss_lb"": ""10370""}"
pp_guided_tl:shortest,PP-guided (shortest first),den312d,den312d-random-2,50,0,30.0,solved,0.025824,0.006,2967,124,2967,2918,121,1.016792,0,,/home/carsten/Projects/MAPF/MAPF Evaluator/results/pptl-den312d/runs/pp_guided_tl_shortest/den312d/den312d-random-2_a50_s0_r0,,,"{""agents"": ""50"", ""comp_time"": ""6"", ""first_ms"": ""5.9"", ""makespan"": ""124"", ""makespan_lb"": ""121"", ""map_file"": ""den312d.map"", ""pp_demote_rounds"": ""0"", ""pp_failed"": ""0"", ""pp_order"": ""shortest"", ""pp_plan_ms"": ""3.8"", ""pp_plan_soc"": ""2967"", ""pp_tl"": ""0"", ""pp_used"": ""1"", ""seed"": ""0"", ""soc"": ""2967"", ""soc_lb"": ""2918"", ""solved"": ""1"", ""solver"": ""planner"", ""sum_of_loss"": ""2967"", ""sum_of_loss_lb"": ""2918""}"
pp_guided_tl:shortest,PP-guided (shortest first),den312d,den312d-random-2,50,1,30.0,solved,0.072087,0.006,2967,124,2967,2918,121,1.016792,0,,/home/carsten/Projects/MAPF/MAPF Evaluator/results/pptl-den312d/runs/pp_guided_tl_shortest/den312d/den312d-random-2_a50_s1_r0,,,"{""agents"": ""50"", ""comp_time"": ""6"", ""first_ms"": ""5.9"", ""makespan"": ""124"", ""makespan_lb"": ""121"", ""map_file"": ""den312d.map"", ""pp_demote_rounds"": ""0"", ""pp_failed"": ""0"", ""pp_order"": ""shortest"", ""pp_plan_ms"": ""3.8"", ""pp_plan_soc"": ""2967"", ""pp_tl"": ""0"", ""pp_used"": ""1"", ""seed"": ""1"", ""soc"": ""2967"", ""soc_lb"": ""2918"", ""solved"": ""1"", ""solver"": ""planner"", ""sum_of_loss"": ""2967"", ""sum_of_loss_lb"": ""2918""}"
pp_guided_tl:shortest,PP-guided (shortest first),den312d,den312d-random-2,50,2,30.0,solved,0.045916,0.006,2967,124,2967,2918,121,1.016792,0,,/home/carsten/Projects/MAPF/MAPF Evaluator/results/pptl-den312d/runs/pp_guided_tl_shortest/den312d/den312d-random-2_a50_s2_r0,,,"{""agents"": ""50"", ""comp_time"": ""6"", ""first_ms"": ""5.9"", ""makespan"": ""124"", ""makespan_lb"": ""121"", ""map_file"": ""den312d.map"", ""pp_demote_rounds"": ""0"", ""pp_failed"": ""0"", ""pp_order"": ""shortest"", ""pp_plan_ms"": ""3.8"", ""pp_plan_soc"": ""2967"", ""pp_tl"": ""0"", ""pp_used"": ""1"", ""seed"": ""2"", ""soc"": ""2967"", ""soc_lb"": ""2918"", ""solved"": ""1"", ""solver"": ""planner"", ""sum_of_loss"": ""2967"", ""sum_of_loss_lb"": ""2918""}"
pp_guided_tl:shortest_tl,PP-guided (shortest first) + traffic load in SIPP,den312d,den312d-random-2,50,0,30.0,solved,0.044097,0.01,2967,127,2967,2918,121,1.016792,0,,/home/carsten/Projects/MAPF/MAPF Evaluator/results/pptl-den312d/runs/pp_guided_tl_shortest_tl/den312d/den312d-random-2_a50_s0_r0,,,"{""agents"": ""50"", ""comp_time"": ""10"", ""first_ms"": ""10.0"", ""makespan"": ""127"", ""makespan_lb"": ""121"", ""map_file"": ""den312d.map"", ""pp_demote_rounds"": ""0"", ""pp_failed"": ""0"", ""pp_order"": ""shortest"", ""pp_plan_ms"": ""6.8"", ""pp_plan_soc"": ""2967"", ""pp_tl"": ""1"", ""pp_used"": ""1"", ""seed"": ""0"", ""soc"": ""2967"", ""soc_lb"": ""2918"", ""solved"": ""1"", ""solver"": ""planner"", ""sum_of_loss"": ""2967"", ""sum_of_loss_lb"": ""2918""}"
pp_guided_tl:shortest_tl,PP-guided (shortest first) + traffic load in SIPP,den312d,den312d-random-2,50,1,30.0,solved,0.04417,0.01,2967,127,2967,2918,121,1.016792,0,,/home/carsten/Projects/MAPF/MAPF Evaluator/results/pptl-den312d/runs/pp_guided_tl_shortest_tl/den312d/den312d-random-2_a50_s1_r0,,,"{""agents"": ""50"", ""comp_time"": ""10"", ""first_ms"": ""10.0"", ""makespan"": ""127"", ""makespan_lb"": ""121"", ""map_file"": ""den312d.map"", ""pp_demote_rounds"": ""0"", ""pp_failed"": ""0"", ""pp_order"": ""shortest"", ""pp_plan_ms"": ""6.7"", ""pp_plan_soc"": ""2967"", ""pp_tl"": ""1"", ""pp_used"": ""1"", ""seed"": ""1"", ""soc"": ""2967"", ""soc_lb"": ""2918"", ""solved"": ""1"", ""solver"": ""planner"", ""sum_of_loss"": ""2967"", ""sum_of_loss_lb"": ""2918""}"
pp_guided_tl:traffic_tl,PP-guided (traffic-last) + traffic load in SIPP,den312d,den312d-random-1,200,2,30.0,solved,0.189495,0.065,12839,121,11961,10370,121,1.238091,0,,/home/carsten/Projects/MAPF/MAPF Evaluator/results/pptl-den312d/runs/pp_guided_tl_traffic_tl/den312d/den312d-random-1_a200_s2_r0,,,"{""agents"": ""200"", ""comp_time"": ""65"", ""first_ms"": ""65.2"", ""makespan"": ""121"", ""makespan_lb"": ""121"", ""map_file"": ""den312d.map"", ""pp_demote_rounds"": ""0"", ""pp_failed"": ""0"", ""pp_order"": ""traffic-last"", ""pp_plan_ms"": ""52.9"", ""pp_plan_soc"": ""12839"", ""pp_tl"": ""1"", ""pp_used"": ""1"", ""seed"": ""2"", ""soc"": ""12839"", ""soc_lb"": ""10370"", ""solved"": ""1"", ""solver"": ""planner"", ""sum_of_loss"": ""12022"", ""sum_of_loss_lb"": ""10370""}"
pp_guided_tl:shortest_tl,PP-guided (shortest first) + traffic load in SIPP,den312d,den312d-random-2,50,2,30.0,solved,0.133932,0.009,2967,127,2967,2918,121,1.016792,0,,/home/carsten/Projects/MAPF/MAPF Evaluator/results/pptl-den312d/runs/pp_guided_tl_shortest_tl/den312d/den312d-random-2_a50_s2_r0,,,"{""agents"": ""50"", ""comp_time"": ""9"", ""first_ms"": ""9.0"", ""makespan"": ""127"", ""makespan_lb"": ""121"", ""map_file"": ""den312d.map"", ""pp_demote_rounds"": ""0"", ""pp_failed"": ""0"", ""pp_order"": ""shortest"", ""pp_plan_ms"": ""6.7"", ""pp_plan_soc"": ""2967"", ""pp_tl"": ""1"", ""pp_used"": ""1"", ""seed"": ""2"", ""soc"": ""2967"", ""soc_lb"": ""2918"", ""solved"": ""1"", ""solver"": ""planner"", ""sum_of_loss"": ""2967"", ""sum_of_loss_lb"": ""2918""}"
pp_guided_tl:traffic,PP-guided (traffic-last),den312d,den312d-random-2,50,1,30.0,solved,0.063112,0.007,3397,121,2999,2918,121,1.164154,0,,/home/carsten/Projects/MAPF/MAPF Evaluator/results/pptl-den312d/runs/pp_guided_tl_traffic/den312d/den312d-random-2_a50_s1_r0,,,"{""agents"": ""50"", ""comp_time"": ""7"", ""first_ms"": ""7.0"", ""makespan"": ""121"", ""makespan_lb"": ""121"", ""map_file"": ""den312d.map"", ""pp_demote_rounds"": ""0"", ""pp_failed"": ""0"", ""pp_order"": ""traffic-last"", ""pp_plan_ms"": ""4.9"", ""pp_plan_soc"": ""3397"", ""pp_tl"": ""0"", ""pp_used"": ""1"", ""seed"": ""1"", ""soc"": ""3397"", ""soc_lb"": ""2918"", ""solved"": ""1"", ""solver"": ""planner"", ""sum_of_loss"": ""3018"", ""sum_of_loss_lb"": ""2918""}"
pp_guided_tl:traffic,PP-guided (traffic-last),den312d,den312d-random-2,50,0,30.0,solved,0.061687,0.007,3397,121,2999,2918,121,1.164154,0,,/home/carsten/Projects/MAPF/MAPF Evaluator/results/pptl-den312d/runs/pp_guided_tl_traffic/den312d/den312d-random-2_a50_s0_r0,,,"{""agents"": ""50"", ""comp_time"": ""7"", ""first_ms"": ""6.9"", ""makespan"": ""121"", ""makespan_lb"": ""121"", ""map_file"": ""den312d.map"", ""pp_demote_rounds"": ""0"", ""pp_failed"": ""0"", ""pp_order"": ""traffic-last"", ""pp_plan_ms"": ""5.0"", ""pp_plan_soc"": ""3397"", ""pp_tl"": ""0"", ""pp_used"": ""1"", ""seed"": ""0"", ""soc"": ""3397"", ""soc_lb"": ""2918"", ""solved"": ""1"", ""solver"": ""planner"", ""sum_of_loss"": ""3018"", ""sum_of_loss_lb"": ""2918""}"
pp_guided_tl:traffic,PP-guided (traffic-last),den312d,den312d-random-2,50,2,30.0,solved,0.056393,0.007,3397,121,2999,2918,121,1.164154,0,,/home/carsten/Projects/MAPF/MAPF Evaluator/results/pptl-den312d/runs/pp_guided_tl_traffic/den312d/den312d-random-2_a50_s2_r0,,,"{""agents"": ""50"", ""comp_time"": ""7"", ""first_ms"": ""7.9"", ""makespan"": ""121"", ""makespan_lb"": ""121"", ""map_file"": ""den312d.map"", ""pp_demote_rounds"": ""0"", ""pp_failed"": ""0"", ""pp_order"": ""traffic-last"", ""pp_plan_ms"": ""5.1"", ""pp_plan_soc"": ""3397"", ""pp_tl"": ""0"", ""pp_used"": ""1"", ""seed"": ""2"", ""soc"": ""3397"", ""soc_lb"": ""2918"", ""solved"": ""1"", ""solver"": ""planner"", ""sum_of_loss"": ""3018"", ""sum_of_loss_lb"": ""2918""}"
pp_guided_tl:traffic_tl,PP-guided (traffic-last) + traffic load in SIPP,den312d,den312d-random-2,50,0,30.0,solved,0.09369,0.01,3243,121,3016,2918,121,1.111378,0,,/home/carsten/Projects/MAPF/MAPF Evaluator/results/pptl-den312d/runs/pp_guided_tl_traffic_tl/den312d/den312d-random-2_a50_s0_r0,,,"{""agents"": ""50"", ""comp_time"": ""10"", ""first_ms"": ""9.9"", ""makespan"": ""121"", ""makespan_lb"": ""121"", ""map_file"": ""den312d.map"", ""pp_demote_rounds"": ""0"", ""pp_failed"": ""0"", ""pp_order"": ""traffic-last"", ""pp_plan_ms"": ""6.8"", ""pp_plan_soc"": ""3243"", ""pp_tl"": ""1"", ""pp_used"": ""1"", ""seed"": ""0"", ""soc"": ""3243"", ""soc_lb"": ""2918"", ""solved"": ""1"", ""solver"": ""planner"", ""sum_of_loss"": ""3027"", ""sum_of_loss_lb"": ""2918""}"
pp_guided_tl:traffic_tl,PP-guided (traffic-last) + traffic load in SIPP,den312d,den312d-random-2,50,1,30.0,solved,0.074149,0.01,3243,121,3016,2918,121,1.111378,0,,/home/carsten/Projects/MAPF/MAPF Evaluator/results/pptl-den312d/runs/pp_guided_tl_traffic_tl/den312d/den312d-random-2_a50_s1_r0,,,"{""agents"": ""50"", ""comp_time"": ""10"", ""first_ms"": ""9.8"", ""makespan"": ""121"", ""makespan_lb"": ""121"", ""map_file"": ""den312d.map"", ""pp_demote_rounds"": ""0"", ""pp_failed"": ""0"", ""pp_order"": ""traffic-last"", ""pp_plan_ms"": ""6.8"", ""pp_plan_soc"": ""3243"", ""pp_tl"": ""1"", ""pp_used"": ""1"", ""seed"": ""1"", ""soc"": ""3243"", ""soc_lb"": ""2918"", ""solved"": ""1"", ""solver"": ""planner"", ""sum_of_loss"": ""3027"", ""sum_of_loss_lb"": ""2918""}"
pp_guided_tl:traffic_tl,PP-guided (traffic-last) + traffic load in SIPP,den312d,den312d-random-2,50,2,30.0,solved,0.056161,0.01,3243,121,3016,2918,121,1.111378,0,,/home/carsten/Projects/MAPF/MAPF Evaluator/results/pptl-den312d/runs/pp_guided_tl_traffic_tl/den312d/den312d-random-2_a50_s2_r0,,,"{""agents"": ""50"", ""comp_time"": ""10"", ""first_ms"": ""9.8"", ""makespan"": ""121"", ""makespan_lb"": ""121"", ""map_file"": ""den312d.map"", ""pp_demote_rounds"": ""0"", ""pp_failed"": ""0"", ""pp_order"": ""traffic-last"", ""pp_plan_ms"": ""6.9"", ""pp_plan_soc"": ""3243"", ""pp_tl"": ""1"", ""pp_used"": ""1"", ""seed"": ""2"", ""soc"": ""3243"", ""soc_lb"": ""2918"", ""solved"": ""1"", ""solver"": ""planner"", ""sum_of_loss"": ""3027"", ""sum_of_loss_lb"": ""2918""}"
pp_guided_tl:shortest,PP-guided (shortest first),den312d,den312d-random-2,100,0,30.0,solved,0.217938,0.014,5936,126,5936,5809,122,1.021863,0,,/home/carsten/Projects/MAPF/MAPF Evaluator/results/pptl-den312d/runs/pp_guided_tl_shortest/den312d/den312d-random-2_a100_s0_r0,,,"{""agents"": ""100"", ""comp_time"": ""14"", ""first_ms"": ""14.1"", ""makespan"": ""126"", ""makespan_lb"": ""122"", ""map_file"": ""den312d.map"", ""pp_demote_rounds"": ""0"", ""pp_failed"": ""0"", ""pp_order"": ""shortest"", ""pp_plan_ms"": ""9.7"", ""pp_plan_soc"": ""5936"", ""pp_tl"": ""0"", ""pp_used"": ""1"", ""seed"": ""0"", ""soc"": ""5936"", ""soc_lb"": ""5809"", ""solved"": ""1"", ""solver"": ""planner"", ""sum_of_loss"": ""5936"", ""sum_of_loss_lb"": ""5809""}"
pp_guided_tl:shortest,PP-guided (shortest first),den312d,den312d-random-2,100,2,30.0,solved,0.088999,0.013,5936,126,5936,5809,122,1.021863,0,,/home/carsten/Projects/MAPF/MAPF Evaluator/results/pptl-den312d/runs/pp_guided_tl_shortest/den312d/den312d-random-2_a100_s2_r0,,,"{""agents"": ""100"", ""comp_time"": ""13"", ""first_ms"": ""13.6"", ""makespan"": ""126"", ""makespan_lb"": ""122"", ""map_file"": ""den312d.map"", ""pp_demote_rounds"": ""0"", ""pp_failed"": ""0"", ""pp_order"": ""shortest"", ""pp_plan_ms"": ""9.2"", ""pp_plan_soc"": ""5936"", ""pp_tl"": ""0"", ""pp_used"": ""1"", ""seed"": ""2"", ""soc"": ""5936"", ""soc_lb"": ""5809"", ""solved"": ""1"", ""solver"": ""planner"", ""sum_of_loss"": ""5936"", ""sum_of_loss_lb"": ""5809""}"
pp_guided_tl:shortest_tl,PP-guided (shortest first) + traffic load in SIPP,den312d,den312d-random-2,100,0,30.0,solved,0.04208,0.021,5928,127,5928,5809,122,1.020485,0,,/home/carsten/Projects/MAPF/MAPF Evaluator/results/pptl-den312d/runs/pp_guided_tl_shortest_tl/den312d/den312d-random-2_a100_s0_r0,,,"{""agents"": ""100"", ""comp_time"": ""21"", ""first_ms"": ""21.6"", ""makespan"": ""127"", ""makespan_lb"": ""122"", ""map_file"": ""den312d.map"", ""pp_demote_rounds"": ""0"", ""pp_failed"": ""0"", ""pp_order"": ""shortest"", ""pp_plan_ms"": ""15.7"", ""pp_plan_soc"": ""5928"", ""pp_tl"": ""1"", ""pp_used"": ""1"", ""seed"": ""0"", ""soc"": ""5928"", ""soc_lb"": ""5809"", ""solved"": ""1"", ""solver"": ""planner"", ""sum_of_loss"": ""5928"", ""sum_of_loss_lb"": ""5809""}"
pp_guided_tl:shortest,PP-guided (shortest first),den312d,den312d-random-2,100,1,30.0,solved,0.052188,0.014,5936,126,5936,5809,122,1.021863,0,,/home/carsten/Projects/MAPF/MAPF Evaluator/results/pptl-den312d/runs/pp_guided_tl_shortest/den312d/den312d-random-2_a100_s1_r0,,,"{""agents"": ""100"", ""comp_time"": ""14"", ""first_ms"": ""13.6"", ""makespan"": ""126"", ""makespan_lb"": ""122"", ""map_file"": ""den312d.map"", ""pp_demote_rounds"": ""0"", ""pp_failed"": ""0"", ""pp_order"": ""shortest"", ""pp_plan_ms"": ""9.4"", ""pp_plan_soc"": ""5936"", ""pp_tl"": ""0"", ""pp_used"": ""1"", ""seed"": ""1"", ""soc"": ""5936"", ""soc_lb"": ""5809"", ""solved"": ""1"", ""solver"": ""planner"", ""sum_of_loss"": ""5936"", ""sum_of_loss_lb"": ""5809""}"
pp_guided_tl:shortest_tl,PP-guided (shortest first) + traffic load in SIPP,den312d,den312d-random-2,100,1,30.0,solved,0.133247,0.021,5928,127,5928,5809,122,1.020485,0,,/home/carsten/Projects/MAPF/MAPF Evaluator/results/pptl-den312d/runs/pp_guided_tl_shortest_tl/den312d/den312d-random-2_a100_s1_r0,,,"{""agents"": ""100"", ""comp_time"": ""21"", ""first_ms"": ""21.6"", ""makespan"": ""127"", ""makespan_lb"": ""122"", ""map_file"": ""den312d.map"", ""pp_demote_rounds"": ""0"", ""pp_failed"": ""0"", ""pp_order"": ""shortest"", ""pp_plan_ms"": ""15.8"", ""pp_plan_soc"": ""5928"", ""pp_tl"": ""1"", ""pp_used"": ""1"", ""seed"": ""1"", ""soc"": ""5928"", ""soc_lb"": ""5809"", ""solved"": ""1"", ""solver"": ""planner"", ""sum_of_loss"": ""5928"", ""sum_of_loss_lb"": ""5809""}"
pp_guided_tl:traffic,PP-guided (traffic-last),den312d,den312d-random-2,100,1,30.0,solved,0.058458,0.019,6727,124,6083,5809,122,1.158031,0,,/home/carsten/Projects/MAPF/MAPF Evaluator/results/pptl-den312d/runs/pp_guided_tl_traffic/den312d/den312d-random-2_a100_s1_r0,,,"{""agents"": ""100"", ""comp_time"": ""19"", ""first_ms"": ""18.9"", ""makespan"": ""124"", ""makespan_lb"": ""122"", ""map_file"": ""den312d.map"", ""pp_demote_rounds"": ""0"", ""pp_failed"": ""0"", ""pp_order"": ""traffic-last"", ""pp_plan_ms"": ""13.4"", ""pp_plan_soc"": ""6727"", ""pp_tl"": ""0"", ""pp_used"": ""1"", ""seed"": ""1"", ""soc"": ""6727"", ""soc_lb"": ""5809"", ""solved"": ""1"", ""solver"": ""planner"", ""sum_of_loss"": ""6120"", ""sum_of_loss_lb"": ""5809""}"
pp_guided_tl:shortest_tl,PP-guided (shortest first) + traffic load in SIPP,den312d,den312d-random-2,100,2,30.0,solved,0.073905,0.021,5928,127,5928,5809,122,1.020485,0,,/home/carsten/Projects/MAPF/MAPF Evaluator/results/pptl-den312d/runs/pp_guided_tl_shortest_tl/den312d/den312d-random-2_a100_s2_r0,,,"{""agents"": ""100"", ""comp_time"": ""21"", ""first_ms"": ""21.7"", ""makespan"": ""127"", ""makespan_lb"": ""122"", ""map_file"": ""den312d.map"", ""pp_demote_rounds"": ""0"", ""pp_failed"": ""0"", ""pp_order"": ""shortest"", ""pp_plan_ms"": ""15.6"", ""pp_plan_soc"": ""5928"", ""pp_tl"": ""1"", ""pp_used"": ""1"", ""seed"": ""2"", ""soc"": ""5928"", ""soc_lb"": ""5809"", ""solved"": ""1"", ""solver"": ""planner"", ""sum_of_loss"": ""5928"", ""sum_of_loss_lb"": ""5809""}"
pp_guided_tl:traffic,PP-guided (traffic-last),den312d,den312d-random-2,100,0,30.0,solved,0.068606,0.019,6727,124,6083,5809,122,1.158031,0,,/home/carsten/Projects/MAPF/MAPF Evaluator/results/pptl-den312d/runs/pp_guided_tl_traffic/den312d/den312d-random-2_a100_s0_r0,,,"{""agents"": ""100"", ""comp_time"": ""19"", ""first_ms"": ""18.7"", ""makespan"": ""124"", ""makespan_lb"": ""122"", ""map_file"": ""den312d.map"", ""pp_demote_rounds"": ""0"", ""pp_failed"": ""0"", ""pp_order"": ""traffic-last"", ""pp_plan_ms"": ""13.6"", ""pp_plan_soc"": ""6727"", ""pp_tl"": ""0"", ""pp_used"": ""1"", ""seed"": ""0"", ""soc"": ""6727"", ""soc_lb"": ""5809"", ""solved"": ""1"", ""solver"": ""planner"", ""sum_of_loss"": ""6120"", ""sum_of_loss_lb"": ""5809""}"
pp_guided_tl:traffic,PP-guided (traffic-last),den312d,den312d-random-2,100,2,30.0,solved,0.100365,0.018,6727,124,6083,5809,122,1.158031,0,,/home/carsten/Projects/MAPF/MAPF Evaluator/results/pptl-den312d/runs/pp_guided_tl_traffic/den312d/den312d-random-2_a100_s2_r0,,,"{""agents"": ""100"", ""comp_time"": ""18"", ""first_ms"": ""17.6"", ""makespan"": ""124"", ""makespan_lb"": ""122"", ""map_file"": ""den312d.map"", ""pp_demote_rounds"": ""0"", ""pp_failed"": ""0"", ""pp_order"": ""traffic-last"", ""pp_plan_ms"": ""13.0"", ""pp_plan_soc"": ""6727"", ""pp_tl"": ""0"", ""pp_used"": ""1"", ""seed"": ""2"", ""soc"": ""6727"", ""soc_lb"": ""5809"", ""solved"": ""1"", ""solver"": ""planner"", ""sum_of_loss"": ""6120"", ""sum_of_loss_lb"": ""5809""}"
pp_guided_tl:traffic_tl,PP-guided (traffic-last) + traffic load in SIPP,den312d,den312d-random-2,100,1,30.0,solved,0.126901,0.03,6832,124,6196,5809,122,1.176106,0,,/home/carsten/Projects/MAPF/MAPF Evaluator/results/pptl-den312d/runs/pp_guided_tl_traffic_tl/den312d/den312d-random-2_a100_s1_r0,,,"{""agents"": ""100"", ""comp_time"": ""30"", ""first_ms"": ""29.7"", ""makespan"": ""124"", ""makespan_lb"": ""122"", ""map_file"": ""den312d.map"", ""pp_demote_rounds"": ""0"", ""pp_failed"": ""0"", ""pp_order"": ""traffic-last"", ""pp_plan_ms"": ""23.4"", ""pp_plan_soc"": ""6832"", ""pp_tl"": ""1"", ""pp_used"": ""1"", ""seed"": ""1"", ""soc"": ""6832"", ""soc_lb"": ""5809"", ""solved"": ""1"", ""solver"": ""planner"", ""sum_of_loss"": ""6225"", ""sum_of_loss_lb"": ""5809""}"
pp_guided_tl:traffic_tl,PP-guided (traffic-last) + traffic load in SIPP,den312d,den312d-random-2,100,2,30.0,solved,0.080917,0.03,6832,124,6196,5809,122,1.176106,0,,/home/carsten/Projects/MAPF/MAPF Evaluator/results/pptl-den312d/runs/pp_guided_tl_traffic_tl/den312d/den312d-random-2_a100_s2_r0,,,"{""agents"": ""100"", ""comp_time"": ""30"", ""first_ms"": ""29.7"", ""makespan"": ""124"", ""makespan_lb"": ""122"", ""map_file"": ""den312d.map"", ""pp_demote_rounds"": ""0"", ""pp_failed"": ""0"", ""pp_order"": ""traffic-last"", ""pp_plan_ms"": ""22.7"", ""pp_plan_soc"": ""6832"", ""pp_tl"": ""1"", ""pp_used"": ""1"", ""seed"": ""2"", ""soc"": ""6832"", ""soc_lb"": ""5809"", ""solved"": ""1"", ""solver"": ""planner"", ""sum_of_loss"": ""6225"", ""sum_of_loss_lb"": ""5809""}"
pp_guided_tl:traffic_tl,PP-guided (traffic-last) + traffic load in SIPP,den312d,den312d-random-2,100,0,30.0,solved,0.101363,0.028,6832,124,6196,5809,122,1.176106,0,,/home/carsten/Projects/MAPF/MAPF Evaluator/results/pptl-den312d/runs/pp_guided_tl_traffic_tl/den312d/den312d-random-2_a100_s0_r0,,,"{""agents"": ""100"", ""comp_time"": ""28"", ""first_ms"": ""28.5"", ""makespan"": ""124"", ""makespan_lb"": ""122"", ""map_file"": ""den312d.map"", ""pp_demote_rounds"": ""0"", ""pp_failed"": ""0"", ""pp_order"": ""traffic-last"", ""pp_plan_ms"": ""22.3"", ""pp_plan_soc"": ""6832"", ""pp_tl"": ""1"", ""pp_used"": ""1"", ""seed"": ""0"", ""soc"": ""6832"", ""soc_lb"": ""5809"", ""solved"": ""1"", ""solver"": ""planner"", ""sum_of_loss"": ""6225"", ""sum_of_loss_lb"": ""5809""}"
pp_guided_tl:shortest,PP-guided (shortest first),den312d,den312d-random-2,150,0,30.0,solved,0.0891,0.026,8865,131,8865,8483,122,1.045031,0,,/home/carsten/Projects/MAPF/MAPF Evaluator/results/pptl-den312d/runs/pp_guided_tl_shortest/den312d/den312d-random-2_a150_s0_r0,,,"{""agents"": ""150"", ""comp_time"": ""26"", ""first_ms"": ""25.8"", ""makespan"": ""131"", ""makespan_lb"": ""122"", ""map_file"": ""den312d.map"", ""pp_demote_rounds"": ""0"", ""pp_failed"": ""0"", ""pp_order"": ""shortest"", ""pp_plan_ms"": ""18.8"", ""pp_plan_soc"": ""8865"", ""pp_tl"": ""0"", ""pp_used"": ""1"", ""seed"": ""0"", ""soc"": ""8865"", ""soc_lb"": ""8483"", ""solved"": ""1"", ""solver"": ""planner"", ""sum_of_loss"": ""8865"", ""sum_of_loss_lb"": ""8483""}"
pp_guided_tl:shortest,PP-guided (shortest first),den312d,den312d-random-2,150,1,30.0,solved,0.139136,0.026,8865,131,8865,8483,122,1.045031,0,,/home/carsten/Projects/MAPF/MAPF Evaluator/results/pptl-den312d/runs/pp_guided_tl_shortest/den312d/den312d-random-2_a150_s1_r0,,,"{""agents"": ""150"", ""comp_time"": ""26"", ""first_ms"": ""25.6"", ""makespan"": ""131"", ""makespan_lb"": ""122"", ""map_file"": ""den312d.map"", ""pp_demote_rounds"": ""0"", ""pp_failed"": ""0"", ""pp_order"": ""shortest"", ""pp_plan_ms"": ""18.7"", ""pp_plan_soc"": ""8865"", ""pp_tl"": ""0"", ""pp_used"": ""1"", ""seed"": ""1"", ""soc"": ""8865"", ""soc_lb"": ""8483"", ""solved"": ""1"", ""solver"": ""planner"", ""sum_of_loss"": ""8865"", ""sum_of_loss_lb"": ""8483""}"
pp_guided_tl:shortest,PP-guided (shortest first),den312d,den312d-random-2,150,2,30.0,solved,0.10651,0.025,8865,131,8865,8483,122,1.045031,0,,/home/carsten/Projects/MAPF/MAPF Evaluator/results/pptl-den312d/runs/pp_guided_tl_shortest/den312d/den312d-random-2_a150_s2_r0,,,"{""agents"": ""150"", ""comp_time"": ""25"", ""first_ms"": ""25.4"", ""makespan"": ""131"", ""makespan_lb"": ""122"", ""map_file"": ""den312d.map"", ""pp_demote_rounds"": ""0"", ""pp_failed"": ""0"", ""pp_order"": ""shortest"", ""pp_plan_ms"": ""18.7"", ""pp_plan_soc"": ""8865"", ""pp_tl"": ""0"", ""pp_used"": ""1"", ""seed"": ""2"", ""soc"": ""8865"", ""soc_lb"": ""8483"", ""solved"": ""1"", ""solver"": ""planner"", ""sum_of_loss"": ""8865"", ""sum_of_loss_lb"": ""8483""}"
pp_guided_tl:shortest_tl,PP-guided (shortest first) + traffic load in SIPP,den312d,den312d-random-2,150,0,30.0,solved,0.061644,0.036,8829,130,8829,8483,122,1.040787,0,,/home/carsten/Projects/MAPF/MAPF Evaluator/results/pptl-den312d/runs/pp_guided_tl_shortest_tl/den312d/den312d-random-2_a150_s0_r0,,,"{""agents"": ""150"", ""comp_time"": ""36"", ""first_ms"": ""35.6"", ""makespan"": ""130"", ""makespan_lb"": ""122"", ""map_file"": ""den312d.map"", ""pp_demote_rounds"": ""0"", ""pp_failed"": ""0"", ""pp_order"": ""shortest"", ""pp_plan_ms"": ""26.7"", ""pp_plan_soc"": ""8829"", ""pp_tl"": ""1"", ""pp_used"": ""1"", ""seed"": ""0"", ""soc"": ""8829"", ""soc_lb"": ""8483"", ""solved"": ""1"", ""solver"": ""planner"", ""sum_of_loss"": ""8829"", ""sum_of_loss_lb"": ""8483""}"
pp_guided_tl:shortest_tl,PP-guided (shortest first) + traffic load in SIPP,den312d,den312d-random-2,150,1,30.0,solved,0.102779,0.036,8829,130,8829,8483,122,1.040787,0,,/home/carsten/Projects/MAPF/MAPF Evaluator/results/pptl-den312d/runs/pp_guided_tl_shortest_tl/den312d/den312d-random-2_a150_s1_r0,,,"{""agents"": ""150"", ""comp_time"": ""36"", ""first_ms"": ""36.6"", ""makespan"": ""130"", ""makespan_lb"": ""122"", ""map_file"": ""den312d.map"", ""pp_demote_rounds"": ""0"", ""pp_failed"": ""0"", ""pp_order"": ""shortest"", ""pp_plan_ms"": ""26.5"", ""pp_plan_soc"": ""8829"", ""pp_tl"": ""1"", ""pp_used"": ""1"", ""seed"": ""1"", ""soc"": ""8829"", ""soc_lb"": ""8483"", ""solved"": ""1"", ""solver"": ""planner"", ""sum_of_loss"": ""8829"", ""sum_of_loss_lb"": ""8483""}"
pp_guided_tl:shortest_tl,PP-guided (shortest first) + traffic load in SIPP,den312d,den312d-random-2,150,2,30.0,solved,0.207579,0.035,8829,130,8829,8483,122,1.040787,0,,/home/carsten/Projects/MAPF/MAPF Evaluator/results/pptl-den312d/runs/pp_guided_tl_shortest_tl/den312d/den312d-random-2_a150_s2_r0,,,"{""agents"": ""150"", ""comp_time"": ""35"", ""first_ms"": ""34.6"", ""makespan"": ""130"", ""makespan_lb"": ""122"", ""map_file"": ""den312d.map"", ""pp_demote_rounds"": ""0"", ""pp_failed"": ""0"", ""pp_order"": ""shortest"", ""pp_plan_ms"": ""26.1"", ""pp_plan_soc"": ""8829"", ""pp_tl"": ""1"", ""pp_used"": ""1"", ""seed"": ""2"", ""soc"": ""8829"", ""soc_lb"": ""8483"", ""solved"": ""1"", ""solver"": ""planner"", ""sum_of_loss"": ""8829"", ""sum_of_loss_lb"": ""8483""}"
pp_guided_tl:traffic,PP-guided (traffic-last),den312d,den312d-random-2,150,1,30.0,solved,0.16318,0.038,10362,124,9245,8483,122,1.221502,0,,/home/carsten/Projects/MAPF/MAPF Evaluator/results/pptl-den312d/runs/pp_guided_tl_traffic/den312d/den312d-random-2_a150_s1_r0,,,"{""agents"": ""150"", ""comp_time"": ""38"", ""first_ms"": ""37.5"", ""makespan"": ""124"", ""makespan_lb"": ""122"", ""map_file"": ""den312d.map"", ""pp_demote_rounds"": ""0"", ""pp_failed"": ""0"", ""pp_order"": ""traffic-last"", ""pp_plan_ms"": ""30.1"", ""pp_plan_soc"": ""10362"", ""pp_tl"": ""0"", ""pp_used"": ""1"", ""seed"": ""1"", ""soc"": ""10362"", ""soc_lb"": ""8483"", ""solved"": ""1"", ""solver"": ""planner"", ""sum_of_loss"": ""9321"", ""sum_of_loss_lb"": ""8483""}"
pp_guided_tl:traffic,PP-guided (traffic-last),den312d,den312d-random-2,150,2,30.0,solved,0.102838,0.037,10362,124,9245,8483,122,1.221502,0,,/home/carsten/Projects/MAPF/MAPF Evaluator/results/pptl-den312d/runs/pp_guided_tl_traffic/den312d/den312d-random-2_a150_s2_r0,,,"{""agents"": ""150"", ""comp_time"": ""37"", ""first_ms"": ""37.4"", ""makespan"": ""124"", ""makespan_lb"": ""122"", ""map_file"": ""den312d.map"", ""pp_demote_rounds"": ""0"", ""pp_failed"": ""0"", ""pp_order"": ""traffic-last"", ""pp_plan_ms"": ""29.8"", ""pp_plan_soc"": ""10362"", ""pp_tl"": ""0"", ""pp_used"": ""1"", ""seed"": ""2"", ""soc"": ""10362"", ""soc_lb"": ""8483"", ""solved"": ""1"", ""solver"": ""planner"", ""sum_of_loss"": ""9321"", ""sum_of_loss_lb"": ""8483""}"
pp_guided_tl:traffic,PP-guided (traffic-last),den312d,den312d-random-2,150,0,30.0,solved,0.115592,0.036,10362,124,9245,8483,122,1.221502,0,,/home/carsten/Projects/MAPF/MAPF Evaluator/results/pptl-den312d/runs/pp_guided_tl_traffic/den312d/den312d-random-2_a150_s0_r0,,,"{""agents"": ""150"", ""comp_time"": ""36"", ""first_ms"": ""36.0"", ""makespan"": ""124"", ""makespan_lb"": ""122"", ""map_file"": ""den312d.map"", ""pp_demote_rounds"": ""0"", ""pp_failed"": ""0"", ""pp_order"": ""traffic-last"", ""pp_plan_ms"": ""29.4"", ""pp_plan_soc"": ""10362"", ""pp_tl"": ""0"", ""pp_used"": ""1"", ""seed"": ""0"", ""soc"": ""10362"", ""soc_lb"": ""8483"", ""solved"": ""1"", ""solver"": ""planner"", ""sum_of_loss"": ""9321"", ""sum_of_loss_lb"": ""8483""}"
pp_guided_tl:traffic_tl,PP-guided (traffic-last) + traffic load in SIPP,den312d,den312d-random-2,150,0,30.0,solved,0.20818,0.051,10419,124,9321,8483,122,1.228221,0,,/home/carsten/Projects/MAPF/MAPF Evaluator/results/pptl-den312d/runs/pp_guided_tl_traffic_tl/den312d/den312d-random-2_a150_s0_r0,,,"{""agents"": ""150"", ""comp_time"": ""51"", ""first_ms"": ""51.5"", ""makespan"": ""124"", ""makespan_lb"": ""122"", ""map_file"": ""den312d.map"", ""pp_demote_rounds"": ""0"", ""pp_failed"": ""0"", ""pp_order"": ""traffic-last"", ""pp_plan_ms"": ""41.7"", ""pp_plan_soc"": ""10419"", ""pp_tl"": ""1"", ""pp_used"": ""1"", ""seed"": ""0"", ""soc"": ""10419"", ""soc_lb"": ""8483"", ""solved"": ""1"", ""solver"": ""planner"", ""sum_of_loss"": ""9388"", ""sum_of_loss_lb"": ""8483""}"
pp_guided_tl:traffic_tl,PP-guided (traffic-last) + traffic load in SIPP,den312d,den312d-random-2,150,1,30.0,solved,0.179163,0.051,10419,124,9321,8483,122,1.228221,0,,/home/carsten/Projects/MAPF/MAPF Evaluator/results/pptl-den312d/runs/pp_guided_tl_traffic_tl/den312d/den312d-random-2_a150_s1_r0,,,"{""agents"": ""150"", ""comp_time"": ""51"", ""first_ms"": ""51.7"", ""makespan"": ""124"", ""makespan_lb"": ""122"", ""map_file"": ""den312d.map"", ""pp_demote_rounds"": ""0"", ""pp_failed"": ""0"", ""pp_order"": ""traffic-last"", ""pp_plan_ms"": ""41.7"", ""pp_plan_soc"": ""10419"", ""pp_tl"": ""1"", ""pp_used"": ""1"", ""seed"": ""1"", ""soc"": ""10419"", ""soc_lb"": ""8483"", ""solved"": ""1"", ""solver"": ""planner"", ""sum_of_loss"": ""9388"", ""sum_of_loss_lb"": ""8483""}"
pp_guided_tl:traffic_tl,PP-guided (traffic-last) + traffic load in SIPP,den312d,den312d-random-2,150,2,30.0,solved,0.165607,0.051,10419,124,9321,8483,122,1.228221,0,,/home/carsten/Projects/MAPF/MAPF Evaluator/results/pptl-den312d/runs/pp_guided_tl_traffic_tl/den312d/den312d-random-2_a150_s2_r0,,,"{""agents"": ""150"", ""comp_time"": ""51"", ""first_ms"": ""51.6"", ""makespan"": ""124"", ""makespan_lb"": ""122"", ""map_file"": ""den312d.map"", ""pp_demote_rounds"": ""0"", ""pp_failed"": ""0"", ""pp_order"": ""traffic-last"", ""pp_plan_ms"": ""41.6"", ""pp_plan_soc"": ""10419"", ""pp_tl"": ""1"", ""pp_used"": ""1"", ""seed"": ""2"", ""soc"": ""10419"", ""soc_lb"": ""8483"", ""solved"": ""1"", ""solver"": ""planner"", ""sum_of_loss"": ""9388"", ""sum_of_loss_lb"": ""8483""}"
pp_guided_tl:shortest,PP-guided (shortest first),den312d,den312d-random-2,200,0,30.0,solved,0.138755,0.063,13042,194,13042,11145,126,1.170211,0,,/home/carsten/Projects/MAPF/MAPF Evaluator/results/pptl-den312d/runs/pp_guided_tl_shortest/den312d/den312d-random-2_a200_s0_r0,,,"{""agents"": ""200"", ""comp_time"": ""63"", ""first_ms"": ""62.7"", ""makespan"": ""194"", ""makespan_lb"": ""126"", ""map_file"": ""den312d.map"", ""pp_demote_rounds"": ""0"", ""pp_failed"": ""0"", ""pp_order"": ""shortest"", ""pp_plan_ms"": ""51.1"", ""pp_plan_soc"": ""13042"", ""pp_tl"": ""0"", ""pp_used"": ""1"", ""seed"": ""0"", ""soc"": ""13042"", ""soc_lb"": ""11145"", ""solved"": ""1"", ""solver"": ""planner"", ""sum_of_loss"": ""13042"", ""sum_of_loss_lb"": ""11145""}"
pp_guided_tl:shortest,PP-guided (shortest first),den312d,den312d-random-2,200,1,30.0,solved,0.294761,0.063,13042,194,13042,11145,126,1.170211,0,,/home/carsten/Projects/MAPF/MAPF Evaluator/results/pptl-den312d/runs/pp_guided_tl_shortest/den312d/den312d-random-2_a200_s1_r0,,,"{""agents"": ""200"", ""comp_time"": ""63"", ""first_ms"": ""62.9"", ""makespan"": ""194"", ""makespan_lb"": ""126"", ""map_file"": ""den312d.map"", ""pp_demote_rounds"": ""0"", ""pp_failed"": ""0"", ""pp_order"": ""shortest"", ""pp_plan_ms"": ""51.1"", ""pp_plan_soc"": ""13042"", ""pp_tl"": ""0"", ""pp_used"": ""1"", ""seed"": ""1"", ""soc"": ""13042"", ""soc_lb"": ""11145"", ""solved"": ""1"", ""solver"": ""planner"", ""sum_of_loss"": ""13042"", ""sum_of_loss_lb"": ""11145""}"
pp_guided_tl:shortest,PP-guided (shortest first),den312d,den312d-random-2,200,2,30.0,solved,0.110332,0.063,13042,194,13042,11145,126,1.170211,0,,/home/carsten/Projects/MAPF/MAPF Evaluator/results/pptl-den312d/runs/pp_guided_tl_shortest/den312d/den312d-random-2_a200_s2_r0,,,"{""agents"": ""200"", ""comp_time"": ""63"", ""first_ms"": ""63.0"", ""makespan"": ""194"", ""makespan_lb"": ""126"", ""map_file"": ""den312d.map"", ""pp_demote_rounds"": ""0"", ""pp_failed"": ""0"", ""pp_order"": ""shortest"", ""pp_plan_ms"": ""51.1"", ""pp_plan_soc"": ""13042"", ""pp_tl"": ""0"", ""pp_used"": ""1"", ""seed"": ""2"", ""soc"": ""13042"", ""soc_lb"": ""11145"", ""solved"": ""1"", ""solver"": ""planner"", ""sum_of_loss"": ""13042"", ""sum_of_loss_lb"": ""11145""}"
pp_guided_tl:shortest_tl,PP-guided (shortest first) + traffic load in SIPP,den312d,den312d-random-2,200,0,30.0,solved,0.120674,0.071,12978,194,12978,11145,126,1.164468,0,,/home/carsten/Projects/MAPF/MAPF Evaluator/results/pptl-den312d/runs/pp_guided_tl_shortest_tl/den312d/den312d-random-2_a200_s0_r0,,,"{""agents"": ""200"", ""comp_time"": ""71"", ""first_ms"": ""70.9"", ""makespan"": ""194"", ""makespan_lb"": ""126"", ""map_file"": ""den312d.map"", ""pp_demote_rounds"": ""0"", ""pp_failed"": ""0"", ""pp_order"": ""shortest"", ""pp_plan_ms"": ""57.3"", ""pp_plan_soc"": ""12978"", ""pp_tl"": ""1"", ""pp_used"": ""1"", ""seed"": ""0"", ""soc"": ""12978"", ""soc_lb"": ""11145"", ""solved"": ""1"", ""solver"": ""planner"", ""sum_of_loss"": ""12978"", ""sum_of_loss_lb"": ""11145""}"
pp_guided_tl:shortest_tl,PP-guided (shortest first) + traffic load in SIPP,den312d,den312d-random-2,200,1,30.0,solved,0.149541,0.072,12978,194,12978,11145,126,1.164468,0,,/home/carsten/Projects/MAPF/MAPF Evaluator/results/pptl-den312d/runs/pp_guided_tl_shortest_tl/den312d/den312d-random-2_a200_s1_r0,,,"{""agents"": ""200"", ""comp_time"": ""72"", ""first_ms"": ""71.6"", ""makespan"": ""194"", ""makespan_lb"": ""126"", ""map_file"": ""den312d.map"", ""pp_demote_rounds"": ""0"", ""pp_failed"": ""0"", ""pp_order"": ""shortest"", ""pp_plan_ms"": ""58.0"", ""pp_plan_soc"": ""12978"", ""pp_tl"": ""1"", ""pp_used"": ""1"", ""seed"": ""1"", ""soc"": ""12978"", ""soc_lb"": ""11145"", ""solved"": ""1"", ""solver"": ""planner"", ""sum_of_loss"": ""12978"", ""sum_of_loss_lb"": ""11145""}"
pp_guided_tl:shortest_tl,PP-guided (shortest first) + traffic load in SIPP,den312d,den312d-random-2,200,2,30.0,solved,0.186518,0.071,12978,194,12978,11145,126,1.164468,0,,/home/carsten/Projects/MAPF/MAPF Evaluator/results/pptl-den312d/runs/pp_guided_tl_shortest_tl/den312d/den312d-random-2_a200_s2_r0,,,"{""agents"": ""200"", ""comp_time"": ""71"", ""first_ms"": ""71.3"", ""makespan"": ""194"", ""makespan_lb"": ""126"", ""map_file"": ""den312d.map"", ""pp_demote_rounds"": ""0"", ""pp_failed"": ""0"", ""pp_order"": ""shortest"", ""pp_plan_ms"": ""57.6"", ""pp_plan_soc"": ""12978"", ""pp_tl"": ""1"", ""pp_used"": ""1"", ""seed"": ""2"", ""soc"": ""12978"", ""soc_lb"": ""11145"", ""solved"": ""1"", ""solver"": ""planner"", ""sum_of_loss"": ""12978"", ""sum_of_loss_lb"": ""11145""}"
pp_guided_tl:traffic,PP-guided (traffic-last),den312d,den312d-random-2,200,0,30.0,solved,0.153411,0.067,14649,128,12604,11145,126,1.314401,0,,/home/carsten/Projects/MAPF/MAPF Evaluator/results/pptl-den312d/runs/pp_guided_tl_traffic/den312d/den312d-random-2_a200_s0_r0,,,"{""agents"": ""200"", ""comp_time"": ""67"", ""first_ms"": ""66.8"", ""makespan"": ""128"", ""makespan_lb"": ""126"", ""map_file"": ""den312d.map"", ""pp_demote_rounds"": ""0"", ""pp_failed"": ""0"", ""pp_order"": ""traffic-last"", ""pp_plan_ms"": ""55.9"", ""pp_plan_soc"": ""14649"", ""pp_tl"": ""0"", ""pp_used"": ""1"", ""seed"": ""0"", ""soc"": ""14649"", ""soc_lb"": ""11145"", ""solved"": ""1"", ""solver"": ""planner"", ""sum_of_loss"": ""12751"", ""sum_of_loss_lb"": ""11145""}"
pp_guided_tl:traffic,PP-guided (traffic-last),den312d,den312d-random-2,200,1,30.0,solved,0.108942,0.064,14649,128,12604,11145,126,1.314401,0,,/home/carsten/Projects/MAPF/MAPF Evaluator/results/pptl-den312d/runs/pp_guided_tl_traffic/den312d/den312d-random-2_a200_s1_r0,,,"{""agents"": ""200"", ""comp_time"": ""64"", ""first_ms"": ""64.1"", ""makespan"": ""128"", ""makespan_lb"": ""126"", ""map_file"": ""den312d.map"", ""pp_demote_rounds"": ""0"", ""pp_failed"": ""0"", ""pp_order"": ""traffic-last"", ""pp_plan_ms"": ""54.3"", ""pp_plan_soc"": ""14649"", ""pp_tl"": ""0"", ""pp_used"": ""1"", ""seed"": ""1"", ""soc"": ""14649"", ""soc_lb"": ""11145"", ""solved"": ""1"", ""solver"": ""planner"", ""sum_of_loss"": ""12751"", ""sum_of_loss_lb"": ""11145""}"
pp_guided_tl:traffic,PP-guided (traffic-last),den312d,den312d-random-2,200,2,30.0,solved,0.17591,0.064,14649,128,12604,11145,126,1.314401,0,,/home/carsten/Projects/MAPF/MAPF Evaluator/results/pptl-den312d/runs/pp_guided_tl_traffic/den312d/den312d-random-2_a200_s2_r0,,,"{""agents"": ""200"", ""comp_time"": ""64"", ""first_ms"": ""64.4"", ""makespan"": ""128"", ""makespan_lb"": ""126"", ""map_file"": ""den312d.map"", ""pp_demote_rounds"": ""0"", ""pp_failed"": ""0"", ""pp_order"": ""traffic-last"", ""pp_plan_ms"": ""54.0"", ""pp_plan_soc"": ""14649"", ""pp_tl"": ""0"", ""pp_used"": ""1"", ""seed"": ""2"", ""soc"": ""14649"", ""soc_lb"": ""11145"", ""solved"": ""1"", ""solver"": ""planner"", ""sum_of_loss"": ""12751"", ""sum_of_loss_lb"": ""11145""}"
pp_guided_tl:shortest,PP-guided (shortest first),den312d,den312d-random-3,50,0,30.0,solved,0.162247,0.005,2373,120,2373,2339,118,1.014536,0,,/home/carsten/Projects/MAPF/MAPF Evaluator/results/pptl-den312d/runs/pp_guided_tl_shortest/den312d/den312d-random-3_a50_s0_r0,,,"{""agents"": ""50"", ""comp_time"": ""5"", ""first_ms"": ""5.0"", ""makespan"": ""120"", ""makespan_lb"": ""118"", ""map_file"": ""den312d.map"", ""pp_demote_rounds"": ""0"", ""pp_failed"": ""0"", ""pp_order"": ""shortest"", ""pp_plan_ms"": ""2.7"", ""pp_plan_soc"": ""2373"", ""pp_tl"": ""0"", ""pp_used"": ""1"", ""seed"": ""0"", ""soc"": ""2373"", ""soc_lb"": ""2339"", ""solved"": ""1"", ""solver"": ""planner"", ""sum_of_loss"": ""2373"", ""sum_of_loss_lb"": ""2339""}"
pp_guided_tl:traffic_tl,PP-guided (traffic-last) + traffic load in SIPP,den312d,den312d-random-2,200,1,30.0,solved,0.130492,0.079,14045,126,12621,11145,126,1.260206,0,,/home/carsten/Projects/MAPF/MAPF Evaluator/results/pptl-den312d/runs/pp_guided_tl_traffic_tl/den312d/den312d-random-2_a200_s1_r0,,,"{""agents"": ""200"", ""comp_time"": ""79"", ""first_ms"": ""78.7"", ""makespan"": ""126"", ""makespan_lb"": ""126"", ""map_file"": ""den312d.map"", ""pp_demote_rounds"": ""0"", ""pp_failed"": ""0"", ""pp_order"": ""traffic-last"", ""pp_plan_ms"": ""66.0"", ""pp_plan_soc"": ""14045"", ""pp_tl"": ""1"", ""pp_used"": ""1"", ""seed"": ""1"", ""soc"": ""14045"", ""soc_lb"": ""11145"", ""solved"": ""1"", ""solver"": ""planner"", ""sum_of_loss"": ""12713"", ""sum_of_loss_lb"": ""11145""}"
pp_guided_tl:shortest,PP-guided (shortest first),den312d,den312d-random-3,50,1,30.0,solved,0.013338,0.005,2373,120,2373,2339,118,1.014536,0,,/home/carsten/Projects/MAPF/MAPF Evaluator/results/pptl-den312d/runs/pp_guided_tl_shortest/den312d/den312d-random-3_a50_s1_r0,,,"{""agents"": ""50"", ""comp_time"": ""5"", ""first_ms"": ""5.0"", ""makespan"": ""120"", ""makespan_lb"": ""118"", ""map_file"": ""den312d.map"", ""pp_demote_rounds"": ""0"", ""pp_failed"": ""0"", ""pp_order"": ""shortest"", ""pp_plan_ms"": ""2.8"", ""pp_plan_soc"": ""2373"", ""pp_tl"": ""0"", ""pp_used"": ""1"", ""seed"": ""1"", ""soc"": ""2373"", ""soc_lb"": ""2339"", ""solved"": ""1"", ""solver"": ""planner"", ""sum_of_loss"": ""2373"", ""sum_of_loss_lb"": ""2339""}"
pp_guided_tl:shortest,PP-guided (shortest first),den312d,den312d-random-3,50,2,30.0,solved,0.039004,0.005,2373,120,2373,2339,118,1.014536,0,,/home/carsten/Projects/MAPF/MAPF Evaluator/results/pptl-den312d/runs/pp_guided_tl_shortest/den312d/den312d-random-3_a50_s2_r0,,,"{""agents"": ""50"", ""comp_time"": ""5"", ""first_ms"": ""5.0"", ""makespan"": ""120"", ""makespan_lb"": ""118"", ""map_file"": ""den312d.map"", ""pp_demote_rounds"": ""0"", ""pp_failed"": ""0"", ""pp_order"": ""shortest"", ""pp_plan_ms"": ""2.7"", ""pp_plan_soc"": ""2373"", ""pp_tl"": ""0"", ""pp_used"": ""1"", ""seed"": ""2"", ""soc"": ""2373"", ""soc_lb"": ""2339"", ""solved"": ""1"", ""solver"": ""planner"", ""sum_of_loss"": ""2373"", ""sum_of_loss_lb"": ""2339""}"
pp_guided_tl:traffic_tl,PP-guided (traffic-last) + traffic load in SIPP,den312d,den312d-random-2,200,0,30.0,solved,0.161615,0.078,14045,126,12621,11145,126,1.260206,0,,/home/carsten/Projects/MAPF/MAPF Evaluator/results/pptl-den312d/runs/pp_guided_tl_traffic_tl/den312d/den312d-random-2_a200_s0_r0,,,"{""agents"": ""200"", ""comp_time"": ""78"", ""first_ms"": ""78.2"", ""makespan"": ""126"", ""makespan_lb"": ""126"", ""map_file"": ""den312d.map"", ""pp_demote_rounds"": ""0"", ""pp_failed"": ""0"", ""pp_order"": ""traffic-last"", ""pp_plan_ms"": ""65.7"", ""pp_plan_soc"": ""14045"", ""pp_tl"": ""1"", ""pp_used"": ""1"", ""seed"": ""0"", ""soc"": ""14045"", ""soc_lb"": ""11145"", ""solved"": ""1"", ""solver"": ""planner"", ""sum_of_loss"": ""12713"", ""sum_of_loss_lb"": ""11145""}"
pp_guided_tl:traffic_tl,PP-guided (traffic-last) + traffic load in SIPP,den312d,den312d-random-2,200,2,30.0,solved,0.14103,0.078,14045,126,12621,11145,126,1.260206,0,,/home/carsten/Projects/MAPF/MAPF Evaluator/results/pptl-den312d/runs/pp_guided_tl_traffic_tl/den312d/den312d-random-2_a200_s2_r0,,,"{""agents"": ""200"", ""comp_time"": ""78"", ""first_ms"": ""78.3"", ""makespan"": ""126"", ""makespan_lb"": ""126"", ""map_file"": ""den312d.map"", ""pp_demote_rounds"": ""0"", ""pp_failed"": ""0"", ""pp_order"": ""traffic-last"", ""pp_plan_ms"": ""65.1"", ""pp_plan_soc"": ""14045"", ""pp_tl"": ""1"", ""pp_used"": ""1"", ""seed"": ""2"", ""soc"": ""14045"", ""soc_lb"": ""11145"", ""solved"": ""1"", ""solver"": ""planner"", ""sum_of_loss"": ""12713"", ""sum_of_loss_lb"": ""11145""}"
pp_guided_tl:shortest_tl,PP-guided (shortest first) + traffic load in SIPP,den312d,den312d-random-3,50,0,30.0,solved,0.069111,0.007,2366,120,2366,2339,118,1.011543,0,,/home/carsten/Projects/MAPF/MAPF Evaluator/results/pptl-den312d/runs/pp_guided_tl_shortest_tl/den312d/den312d-random-3_a50_s0_r0,,,"{""agents"": ""50"", ""comp_time"": ""7"", ""first_ms"": ""7.9"", ""makespan"": ""120"", ""makespan_lb"": ""118"", ""map_file"": ""den312d.map"", ""pp_demote_rounds"": ""0"", ""pp_failed"": ""0"", ""pp_order"": ""shortest"", ""pp_plan_ms"": ""4.8"", ""pp_plan_soc"": ""2366"", ""pp_tl"": ""1"", ""pp_used"": ""1"", ""seed"": ""0"", ""soc"": ""2366"", ""soc_lb"": ""2339"", ""solved"": ""1"", ""solver"": ""planner"", ""sum_of_loss"": ""2366"", ""sum_of_loss_lb"": ""2339""}"
pp_guided_tl:shortest_tl,PP-guided (shortest first) + traffic load in SIPP,den312d,den312d-random-3,50,1,30.0,solved,0.127472,0.007,2366,120,2366,2339,118,1.011543,0,,/home/carsten/Projects/MAPF/MAPF Evaluator/results/pptl-den312d/runs/pp_guided_tl_shortest_tl/den312d/den312d-random-3_a50_s1_r0,,,"{""agents"": ""50"", ""comp_time"": ""7"", ""first_ms"": ""6.9"", ""makespan"": ""120"", ""makespan_lb"": ""118"", ""map_file"": ""den312d.map"", ""pp_demote_rounds"": ""0"", ""pp_failed"": ""0"", ""pp_order"": ""shortest"", ""pp_plan_ms"": ""4.7"", ""pp_plan_soc"": ""2366"", ""pp_tl"": ""1"", ""pp_used"": ""1"", ""seed"": ""1"", ""soc"": ""2366"", ""soc_lb"": ""2339"", ""solved"": ""1"", ""solver"": ""planner"", ""sum_of_loss"": ""2366"", ""sum_of_loss_lb"": ""2339""}"
pp_guided_tl:traffic,PP-guided (traffic-last),den312d,den312d-random-3,50,0,30.0,solved,0.063086,0.006,2604,118,2394,2339,118,1.113296,0,,/home/carsten/Projects/MAPF/MAPF Evaluator/results/pptl-den312d/runs/pp_guided_tl_traffic/den312d/den312d-random-3_a50_s0_r0,,,"{""agents"": ""50"", ""comp_time"": ""6"", ""first_ms"": ""5.9"", ""makespan"": ""118"", ""makespan_lb"": ""118"", ""map_file"": ""den312d.map"", ""pp_demote_rounds"": ""0"", ""pp_failed"": ""0"", ""pp_order"": ""traffic-last"", ""pp_plan_ms"": ""3.2"", ""pp_plan_soc"": ""2604"", ""pp_tl"": ""0"", ""pp_used"": ""1"", ""seed"": ""0"", ""soc"": ""2604"", ""soc_lb"": ""2339"", ""solved"": ""1"", ""solver"": ""planner"", ""sum_of_loss"": ""2403"", ""sum_of_loss_lb"": ""2339""}"
pp_guided_tl:shortest_tl,PP-guided (shortest first) + traffic load in SIPP,den312d,den312d-random-3,50,2,30.0,solved,0.037584,0.007,2366,120,2366,2339,118,1.011543,0,,/home/carsten/Projects/MAPF/MAPF Evaluator/results/pptl-den312d/runs/pp_guided_tl_shortest_tl/den312d/den312d-random-3_a50_s2_r0,,,"{""agents"": ""50"", ""comp_time"": ""7"", ""first_ms"": ""7.0"", ""makespan"": ""120"", ""makespan_lb"": ""118"", ""map_file"": ""den312d.map"", ""pp_demote_rounds"": ""0"", ""pp_failed"": ""0"", ""pp_order"": ""shortest"", ""pp_plan_ms"": ""4.9"", ""pp_plan_soc"": ""2366"", ""pp_tl"": ""1"", ""pp_used"": ""1"", ""seed"": ""2"", ""soc"": ""2366"", ""soc_lb"": ""2339"", ""solved"": ""1"", ""solver"": ""planner"", ""sum_of_loss"": ""2366"", ""sum_of_loss_lb"": ""2339""}"
pp_guided_tl:traffic,PP-guided (traffic-last),den312d,den312d-random-3,50,1,30.0,solved,0.045135,0.006,2604,118,2394,2339,118,1.113296,0,,/home/carsten/Projects/MAPF/MAPF Evaluator/results/pptl-den312d/runs/pp_guided_tl_traffic/den312d/den312d-random-3_a50_s1_r0,,,"{""agents"": ""50"", ""comp_time"": ""6"", ""first_ms"": ""5.9"", ""makespan"": ""118"", ""makespan_lb"": ""118"", ""map_file"": ""den312d.map"", ""pp_demote_rounds"": ""0"", ""pp_failed"": ""0"", ""pp_order"": ""traffic-last"", ""pp_plan_ms"": ""3.2"", ""pp_plan_soc"": ""2604"", ""pp_tl"": ""0"", ""pp_used"": ""1"", ""seed"": ""1"", ""soc"": ""2604"", ""soc_lb"": ""2339"", ""solved"": ""1"", ""solver"": ""planner"", ""sum_of_loss"": ""2403"", ""sum_of_loss_lb"": ""2339""}"
pp_guided_tl:traffic,PP-guided (traffic-last),den312d,den312d-random-3,50,2,30.0,solved,0.148342,0.007,2604,118,2394,2339,118,1.113296,0,,/home/carsten/Projects/MAPF/MAPF Evaluator/results/pptl-den312d/runs/pp_guided_tl_traffic/den312d/den312d-random-3_a50_s2_r0,,,"{""agents"": ""50"", ""comp_time"": ""7"", ""first_ms"": ""7.3"", ""makespan"": ""118"", ""makespan_lb"": ""118"", ""map_file"": ""den312d.map"", ""pp_demote_rounds"": ""0"", ""pp_failed"": ""0"", ""pp_order"": ""traffic-last"", ""pp_plan_ms"": ""4.5"", ""pp_plan_soc"": ""2604"", ""pp_tl"": ""0"", ""pp_used"": ""1"", ""seed"": ""2"", ""soc"": ""2604"", ""soc_lb"": ""2339"", ""solved"": ""1"", ""solver"": ""planner"", ""sum_of_loss"": ""2403"", ""sum_of_loss_lb"": ""2339""}"
pp_guided_tl:traffic_tl,PP-guided (traffic-last) + traffic load in SIPP,den312d,den312d-random-3,50,1,30.0,solved,0.070254,0.008,2444,118,2375,2339,118,1.044891,0,,/home/carsten/Projects/MAPF/MAPF Evaluator/results/pptl-den312d/runs/pp_guided_tl_traffic_tl/den312d/den312d-random-3_a50_s1_r0,,,"{""agents"": ""50"", ""comp_time"": ""8"", ""first_ms"": ""8.0"", ""makespan"": ""118"", ""makespan_lb"": ""118"", ""map_file"": ""den312d.map"", ""pp_demote_rounds"": ""0"", ""pp_failed"": ""0"", ""pp_order"": ""traffic-last"", ""pp_plan_ms"": ""5.1"", ""pp_plan_soc"": ""2444"", ""pp_tl"": ""1"", ""pp_used"": ""1"", ""seed"": ""1"", ""soc"": ""2444"", ""soc_lb"": ""2339"", ""solved"": ""1"", ""solver"": ""planner"", ""sum_of_loss"": ""2379"", ""sum_of_loss_lb"": ""2339""}"
pp_guided_tl:traffic_tl,PP-guided (traffic-last) + traffic load in SIPP,den312d,den312d-random-3,50,2,30.0,solved,0.018584,0.008,2444,118,2375,2339,118,1.044891,0,,/home/carsten/Projects/MAPF/MAPF Evaluator/results/pptl-den312d/runs/pp_guided_tl_traffic_tl/den312d/den312d-random-3_a50_s2_r0,,,"{""agents"": ""50"", ""comp_time"": ""8"", ""first_ms"": ""8.0"", ""makespan"": ""118"", ""makespan_lb"": ""118"", ""map_file"": ""den312d.map"", ""pp_demote_rounds"": ""0"", ""pp_failed"": ""0"", ""pp_order"": ""traffic-last"", ""pp_plan_ms"": ""5.0"", ""pp_plan_soc"": ""2444"", ""pp_tl"": ""1"", ""pp_used"": ""1"", ""seed"": ""2"", ""soc"": ""2444"", ""soc_lb"": ""2339"", ""solved"": ""1"", ""solver"": ""planner"", ""sum_of_loss"": ""2379"", ""sum_of_loss_lb"": ""2339""}"
pp_guided_tl:traffic_tl,PP-guided (traffic-last) + traffic load in SIPP,den312d,den312d-random-3,50,0,30.0,solved,0.034511,0.008,2444,118,2375,2339,118,1.044891,0,,/home/carsten/Projects/MAPF/MAPF Evaluator/results/pptl-den312d/runs/pp_guided_tl_traffic_tl/den312d/den312d-random-3_a50_s0_r0,,,"{""agents"": ""50"", ""comp_time"": ""8"", ""first_ms"": ""8.0"", ""makespan"": ""118"", ""makespan_lb"": ""118"", ""map_file"": ""den312d.map"", ""pp_demote_rounds"": ""0"", ""pp_failed"": ""0"", ""pp_order"": ""traffic-last"", ""pp_plan_ms"": ""5.0"", ""pp_plan_soc"": ""2444"", ""pp_tl"": ""1"", ""pp_used"": ""1"", ""seed"": ""0"", ""soc"": ""2444"", ""soc_lb"": ""2339"", ""solved"": ""1"", ""solver"": ""planner"", ""sum_of_loss"": ""2379"", ""sum_of_loss_lb"": ""2339""}"
pp_guided_tl:shortest,PP-guided (shortest first),den312d,den312d-random-3,100,0,30.0,solved,0.18371,0.012,5426,126,5426,5301,118,1.02358,0,,/home/carsten/Projects/MAPF/MAPF Evaluator/results/pptl-den312d/runs/pp_guided_tl_shortest/den312d/den312d-random-3_a100_s0_r0,,,"{""agents"": ""100"", ""comp_time"": ""12"", ""first_ms"": ""12.1"", ""makespan"": ""126"", ""makespan_lb"": ""118"", ""map_file"": ""den312d.map"", ""pp_demote_rounds"": ""0"", ""pp_failed"": ""0"", ""pp_order"": ""shortest"", ""pp_plan_ms"": ""7.6"", ""pp_plan_soc"": ""5426"", ""pp_tl"": ""0"", ""pp_used"": ""1"", ""seed"": ""0"", ""soc"": ""5426"", ""soc_lb"": ""5301"", ""solved"": ""1"", ""solver"": ""planner"", ""sum_of_loss"": ""5426"", ""sum_of_loss_lb"": ""5301""}"
pp_guided_tl:shortest,PP-guided (shortest first),den312d,den312d-random-3,100,1,30.0,solved,0.124958,0.012,5426,126,5426,5301,118,1.02358,0,,/home/carsten/Projects/MAPF/MAPF Evaluator/results/pptl-den312d/runs/pp_guided_tl_shortest/den312d/den312d-random-3_a100_s1_r0,,,"{""agents"": ""100"", ""comp_time"": ""12"", ""first_ms"": ""11.5"", ""makespan"": ""126"", ""makespan_lb"": ""118"", ""map_file"": ""den312d.map"", ""pp_demote_rounds"": ""0"", ""pp_failed"": ""0"", ""pp_order"": ""shortest"", ""pp_plan_ms"": ""7.6"", ""pp_plan_soc"": ""5426"", ""pp_tl"": ""0"", ""pp_used"": ""1"", ""seed"": ""1"", ""soc"": ""5426"", ""soc_lb"": ""5301"", ""solved"": ""1"", ""solver"": ""planner"", ""sum_of_loss"": ""5426"", ""sum_of_loss_lb"": ""5301""}"
pp_guided_tl:shortest,PP-guided (shortest first),den312d,den312d-random-3,100,2,30.0,solved,0.135116,0.012,5426,126,5426,5301,118,1.02358,0,,/home/carsten/Projects/MAPF/MAPF Evaluator/results/pptl-den312d/runs/pp_guided_tl_shortest/den312d/den312d-random-3_a100_s2_r0,,,"{""agents"": ""100"", ""comp_time"": ""12"", ""first_ms"": ""11.6"", ""makespan"": ""126"", ""makespan_lb"": ""118"", ""map_file"": ""den312d.map"", ""pp_demote_rounds"": ""0"", ""pp_failed"": ""0"", ""pp_order"": ""shortest"", ""pp_plan_ms"": ""7.5"", ""pp_plan_soc"": ""5426"", ""pp_tl"": ""0"", ""pp_used"": ""1"", ""seed"": ""2"", ""soc"": ""5426"", ""soc_lb"": ""5301"", ""solved"": ""1"", ""solver"": ""planner"", ""sum_of_loss"": ""5426"", ""sum_of_loss_lb"": ""5301""}"
pp_guided_tl:shortest_tl,PP-guided (shortest first) + traffic load in SIPP,den312d,den312d-random-3,100,1,30.0,solved,0.059599,0.018,5405,126,5405,5301,118,1.019619,0,,/home/carsten/Projects/MAPF/MAPF Evaluator/results/pptl-den312d/runs/pp_guided_tl_shortest_tl/den312d/den312d-random-3_a100_s1_r0,,,"{""agents"": ""100"", ""comp_time"": ""18"", ""first_ms"": ""17.8"", ""makespan"": ""126"", ""makespan_lb"": ""118"", ""map_file"": ""den312d.map"", ""pp_demote_rounds"": ""0"", ""pp_failed"": ""0"", ""pp_order"": ""shortest"", ""pp_plan_ms"": ""12.7"", ""pp_plan_soc"": ""5405"", ""pp_tl"": ""1"", ""pp_used"": ""1"", ""seed"": ""1"", ""soc"": ""5405"", ""soc_lb"": ""5301"", ""solved"": ""1"", ""solver"": ""planner"", ""sum_of_loss"": ""5405"", ""sum_of_loss_lb"": ""5301""}"
pp_guided_tl:shortest_tl,PP-guided (shortest first) + traffic load in SIPP,den312d,den312d-random-3,100,0,30.0,solved,0.101601,0.018,5405,126,5405,5301,118,1.019619,0,,/home/carsten/Projects/MAPF/MAPF Evaluator/results/pptl-den312d/runs/pp_guided_tl_shortest_tl/den312d/den312d-random-3_a100_s0_r0,,,"{""agents"": ""100"", ""comp_time"": ""18"", ""first_ms"": ""17.6"", ""makespan"": ""126"", ""makespan_lb"": ""118"", ""map_file"": ""den312d.map"", ""pp_demote_rounds"": ""0"", ""pp_failed"": ""0"", ""pp_order"": ""shortest"", ""pp_plan_ms"": ""12.4"", ""pp_plan_soc"": ""5405"", ""pp_tl"": ""1"", ""pp_used"": ""1"", ""seed"": ""0"", ""soc"": ""5405"", ""soc_lb"": ""5301"", ""solved"": ""1"", ""solver"": ""planner"", ""sum_of_loss"": ""5405"", ""sum_of_loss_lb"": ""5301""}"
pp_guided_tl:shortest_tl,PP-guided (shortest first) + traffic load in SIPP,den312d,den312d-random-3,100,2,30.0,solved,0.074656,0.018,5405,126,5405,5301,118,1.019619,0,,/home/carsten/Projects/MAPF/MAPF Evaluator/results/pptl-den312d/runs/pp_guided_tl_shortest_tl/den312d/den312d-random-3_a100_s2_r0,,,"{""agents"": ""100"", ""comp_time"": ""18"", ""first_ms"": ""17.8"", ""makespan"": ""126"", ""makespan_lb"": ""118"", ""map_file"": ""den312d.map"", ""pp_demote_rounds"": ""0"", ""pp_failed"": ""0"", ""pp_order"": ""shortest"", ""pp_plan_ms"": ""12.4"", ""pp_plan_soc"": ""5405"", ""pp_tl"": ""1"", ""pp_used"": ""1"", ""seed"": ""2"", ""soc"": ""5405"", ""soc_lb"": ""5301"", ""solved"": ""1"", ""solver"": ""planner"", ""sum_of_loss"": ""5405"", ""sum_of_loss_lb"": ""5301""}"
pp_guided_tl:traffic,PP-guided (traffic-last),den312d,den312d-random-3,100,0,30.0,solved,0.107102,0.015,6103,120,5496,5301,118,1.151292,0,,/home/carsten/Projects/MAPF/MAPF Evaluator/results/pptl-den312d/runs/pp_guided_tl_traffic/den312d/den312d-random-3_a100_s0_r0,,,"{""agents"": ""100"", ""comp_time"": ""15"", ""first_ms"": ""14.7"", ""makespan"": ""120"", ""makespan_lb"": ""118"", ""map_file"": ""den312d.map"", ""pp_demote_rounds"": ""0"", ""pp_failed"": ""0"", ""pp_order"": ""traffic-last"", ""pp_plan_ms"": ""9.8"", ""pp_plan_soc"": ""6103"", ""pp_tl"": ""0"", ""pp_used"": ""1"", ""seed"": ""0"", ""soc"": ""6103"", ""soc_lb"": ""5301"", ""solved"": ""1"", ""solver"": ""planner"", ""sum_of_loss"": ""5533"", ""sum_of_loss_lb"": ""5301""}"
pp_guided_tl:traffic,PP-guided (traffic-last),den312d,den312d-random-3,100,1,30.0,solved,0.085719,0.015,6103,120,5496,5301,118,1.151292,0,,/home/carsten/Projects/MAPF/MAPF Evaluator/results/pptl-den312d/runs/pp_guided_tl_traffic/den312d/den312d-random-3_a100_s1_r0,,,"{""agents"": ""100"", ""comp_time"": ""15"", ""first_ms"": ""14.4"", ""makespan"": ""120"", ""makespan_lb"": ""118"", ""map_file"": ""den312d.map"", ""pp_demote_rounds"": ""0"", ""pp_failed"": ""0"", ""pp_order"": ""traffic-last"", ""pp_plan_ms"": ""9.9"", ""pp_plan_soc"": ""6103"", ""pp_tl"": ""0"", ""pp_used"": ""1"", ""seed"": ""1"", ""soc"": ""6103"", ""soc_lb"": ""5301"", ""solved"": ""1"", ""solver"": ""planner"", ""sum_of_loss"": ""5533"", ""sum_of_loss_lb"": ""5301""}"
pp_guided_tl:traffic,PP-guided (traffic-last),den312d,den312d-random-3,100,2,30.0,solved,0.111932,0.015,6103,120,5496,5301,118,1.151292,0,,/home/carsten/Projects/MAPF/MAPF Evaluator/results/pptl-den312d/runs/pp_guided_tl_traffic/den312d/den312d-random-3_a100_s2_r0,,,"{""agents"": ""100"", ""comp_time"": ""15"", ""first_ms"": ""14.7"", ""makespan"": ""120"", ""makespan_lb"": ""118"", ""map_file"": ""den312d.map"", ""pp_demote_rounds"": ""0"", ""pp_failed"": ""0"", ""pp_order"": ""traffic-last"", ""pp_plan_ms"": ""10.0"", ""pp_plan_soc"": ""6103"", ""pp_tl"": ""0"", ""pp_used"": ""1"", ""seed"": ""2"", ""soc"": ""6103"", ""soc_lb"": ""5301"", ""solved"": ""1"", ""solver"": ""planner"", ""sum_of_loss"": ""5533"", ""sum_of_loss_lb"": ""5301""}"
pp_guided_tl:traffic_tl,PP-guided (traffic-last) + traffic load in SIPP,den312d,den312d-random-3,100,0,30.0,solved,0.095818,0.022,5890,120,5536,5301,118,1.111111,0,,/home/carsten/Projects/MAPF/MAPF Evaluator/results/pptl-den312d/runs/pp_guided_tl_traffic_tl/den312d/den312d-random-3_a100_s0_r0,,,"{""agents"": ""100"", ""comp_time"": ""22"", ""first_ms"": ""21.5"", ""makespan"": ""120"", ""makespan_lb"": ""118"", ""map_file"": ""den312d.map"", ""pp_demote_rounds"": ""0"", ""pp_failed"": ""0"", ""pp_order"": ""traffic-last"", ""pp_plan_ms"": ""15.6"", ""pp_plan_soc"": ""5890"", ""pp_tl"": ""1"", ""pp_used"": ""1"", ""seed"": ""0"", ""soc"": ""5890"", ""soc_lb"": ""5301"", ""solved"": ""1"", ""solver"": ""planner"", ""sum_of_loss"": ""5557"", ""sum_of_loss_lb"": ""5301""}"
pp_guided_tl:traffic_tl,PP-guided (traffic-last) + traffic load in SIPP,den312d,den312d-random-3,100,1,30.0,solved,0.101717,0.021,5890,120,5536,5301,118,1.111111,0,,/home/carsten/Projects/MAPF/MAPF Evaluator/results/pptl-den312d/runs/pp_guided_tl_traffic_tl/den312d/den312d-random-3_a100_s1_r0,,,"{""agents"": ""100"", ""comp_time"": ""21"", ""first_ms"": ""21.6"", ""makespan"": ""120"", ""makespan_lb"": ""118"", ""map_file"": ""den312d.map"", ""pp_demote_rounds"": ""0"", ""pp_failed"": ""0"", ""pp_order"": ""traffic-last"", ""pp_plan_ms"": ""15.4"", ""pp_plan_soc"": ""5890"", ""pp_tl"": ""1"", ""pp_used"": ""1"", ""seed"": ""1"", ""soc"": ""5890"", ""soc_lb"": ""5301"", ""solved"": ""1"", ""solver"": ""planner"", ""sum_of_loss"": ""5557"", ""sum_of_loss_lb"": ""5301""}"
pp_guided_tl:traffic_tl,PP-guided (traffic-last) + traffic load in SIPP,den312d,den312d-random-3,100,2,30.0,solved,0.129257,0.022,5890,120,5536,5301,118,1.111111,0,,/home/carsten/Projects/MAPF/MAPF Evaluator/results/pptl-den312d/runs/pp_guided_tl_traffic_tl/den312d/den312d-random-3_a100_s2_r0,,,"{""agents"": ""100"", ""comp_time"": ""22"", ""first_ms"": ""21.7"", ""makespan"": ""120"", ""makespan_lb"": ""118"", ""map_file"": ""den312d.map"", ""pp_demote_rounds"": ""0"", ""pp_failed"": ""0"", ""pp_order"": ""traffic-last"", ""pp_plan_ms"": ""15.5"", ""pp_plan_soc"": ""5890"", ""pp_tl"": ""1"", ""pp_used"": ""1"", ""seed"": ""2"", ""soc"": ""5890"", ""soc_lb"": ""5301"", ""solved"": ""1"", ""solver"": ""planner"", ""sum_of_loss"": ""5557"", ""sum_of_loss_lb"": ""5301""}"
pp_guided_tl:shortest,PP-guided (shortest first),den312d,den312d-random-3,150,0,30.0,solved,0.082743,0.022,8055,137,8055,7745,133,1.040026,0,,/home/carsten/Projects/MAPF/MAPF Evaluator/results/pptl-den312d/runs/pp_guided_tl_shortest/den312d/den312d-random-3_a150_s0_r0,,,"{""agents"": ""150"", ""comp_time"": ""22"", ""first_ms"": ""21.7"", ""makespan"": ""137"", ""makespan_lb"": ""133"", ""map_file"": ""den312d.map"", ""pp_demote_rounds"": ""0"", ""pp_failed"": ""0"", ""pp_order"": ""shortest"", ""pp_plan_ms"": ""14.6"", ""pp_plan_soc"": ""8055"", ""pp_tl"": ""0"", ""pp_used"": ""1"", ""seed"": ""0"", ""soc"": ""8055"", ""soc_lb"": ""7745"", ""solved"": ""1"", ""solver"": ""planner"", ""sum_of_loss"": ""8055"", ""sum_of_loss_lb"": ""7745""}"
pp_guided_tl:shortest,PP-guided (shortest first),den312d,den312d-random-3,150,2,30.0,solved,0.045337,0.022,8055,137,8055,7745,133,1.040026,0,,/home/carsten/Projects/MAPF/MAPF Evaluator/results/pptl-den312d/runs/pp_guided_tl_shortest/den312d/den312d-random-3_a150_s2_r0,,,"{""agents"": ""150"", ""comp_time"": ""22"", ""first_ms"": ""22.1"", ""makespan"": ""137"", ""makespan_lb"": ""133"", ""map_file"": ""den312d.map"", ""pp_demote_rounds"": ""0"", ""pp_failed"": ""0"", ""pp_order"": ""shortest"", ""pp_plan_ms"": ""14.6"", ""pp_plan_soc"": ""8055"", ""pp_tl"": ""0"", ""pp_used"": ""1"", ""seed"": ""2"", ""soc"": ""8055"", ""soc_lb"": ""7745"", ""solved"": ""1"", ""solver"": ""planner"", ""sum_of_loss"": ""8055"", ""sum_of_loss_lb"": ""7745""}"
pp_guided_tl:shortest,PP-guided (shortest first),den312d,den312d-random-3,150,1,30.0,solved,0.065751,0.022,8055,137,8055,7745,133,1.040026,0,,/home/carsten/Projects/MAPF/MAPF Evaluator/results/pptl-den312d/runs/pp_guided_tl_shortest/den312d/den312d-random-3_a150_s1_r0,,,"{""agents"": ""150"", ""comp_time"": ""22"", ""first_ms"": ""22.1"", ""makespan"": ""137"", ""makespan_lb"": ""133"", ""map_file"": ""den312d.map"", ""pp_demote_rounds"": ""0"", ""pp_failed"": ""0"", ""pp_order"": ""shortest"", ""pp_plan_ms"": ""14.9"", ""pp_plan_soc"": ""8055"", ""pp_tl"": ""0"", ""pp_used"": ""1"", ""seed"": ""1"", ""soc"": ""8055"", ""soc_lb"": ""7745"", ""solved"": ""1"", ""solver"": ""planner"", ""sum_of_loss"": ""8055"", ""sum_of_loss_lb"": ""7745""}"
pp_guided_tl:shortest_tl,PP-guided (shortest first) + traffic load in SIPP,den312d,den312d-random-3,150,0,30.0,solved,0.053954,0.029,7994,141,7994,7745,133,1.03215,0,,/home/carsten/Projects/MAPF/MAPF Evaluator/results/pptl-den312d/runs/pp_guided_tl_shortest_tl/den312d/den312d-random-3_a150_s0_r0,,,"{""agents"": ""150"", ""comp_time"": ""29"", ""first_ms"": ""28.6"", ""makespan"": ""141"", ""makespan_lb"": ""133"", ""map_file"": ""den312d.map"", ""pp_demote_rounds"": ""0"", ""pp_failed"": ""0"", ""pp_order"": ""shortest"", ""pp_plan_ms"": ""20.6"", ""pp_plan_soc"": ""7994"", ""pp_tl"": ""1"", ""pp_used"": ""1"", ""seed"": ""0"", ""soc"": ""7994"", ""soc_lb"": ""7745"", ""solved"": ""1"", ""solver"": ""planner"", ""sum_of_loss"": ""7994"", ""sum_of_loss_lb"": ""7745""}"
pp_guided_tl:shortest_tl,PP-guided (shortest first) + traffic load in SIPP,den312d,den312d-random-3,150,1,30.0,solved,0.134838,0.029,7994,141,7994,7745,133,1.03215,0,,/home/carsten/Projects/MAPF/MAPF Evaluator/results/pptl-den312d/runs/pp_guided_tl_shortest_tl/den312d/den312d-random-3_a150_s1_r0,,,"{""agents"": ""150"", ""comp_time"": ""29"", ""first_ms"": ""28.8"", ""makespan"": ""141"", ""makespan_lb"": ""133"", ""map_file"": ""den312d.map"", ""pp_demote_rounds"": ""0"", ""pp_failed"": ""0"", ""pp_order"": ""shortest"", ""pp_plan_ms"": ""20.7"", ""pp_plan_soc"": ""7994"", ""pp_tl"": ""1"", ""pp_used"": ""1"", ""seed"": ""1"", ""soc"": ""7994"", ""soc_lb"": ""7745"", ""solved"": ""1"", ""solver"": ""planner"", ""sum_of_loss"": ""7994"", ""sum_of_loss_lb"": ""7745""}"
pp_guided_tl:shortest_tl,PP-guided (shortest first) + traffic load in SIPP,den312d,den312d-random-3,150,2,30.0,solved,0.102612,0.029,7994,141,7994,7745,133,1.03215,0,,/home/carsten/Projects/MAPF/MAPF Evaluator/results/pptl-den312d/runs/pp_guided_tl_shortest_tl/den312d/den312d-random-3_a150_s2_r0,,,"{""agents"": ""150"", ""comp_time"": ""29"", ""first_ms"": ""28.8"", ""makespan"": ""141"", ""makespan_lb"": ""133"", ""map_file"": ""den312d.map"", ""pp_demote_rounds"": ""0"", ""pp_failed"": ""0"", ""pp_order"": ""shortest"", ""pp_plan_ms"": ""20.7"", ""pp_plan_soc"": ""7994"", ""pp_tl"": ""1"", ""pp_used"": ""1"", ""seed"": ""2"", ""soc"": ""7994"", ""soc_lb"": ""7745"", ""solved"": ""1"", ""solver"": ""planner"", ""sum_of_loss"": ""7994"", ""sum_of_loss_lb"": ""7745""}"
pp_guided_tl:traffic,PP-guided (traffic-last),den312d,den312d-random-3,150,0,30.0,solved,0.107169,0.035,9778,134,8498,7745,133,1.262492,0,,/home/carsten/Projects/MAPF/MAPF Evaluator/results/pptl-den312d/runs/pp_guided_tl_traffic/den312d/den312d-random-3_a150_s0_r0,,,"{""agents"": ""150"", ""comp_time"": ""35"", ""first_ms"": ""35.0"", ""makespan"": ""134"", ""makespan_lb"": ""133"", ""map_file"": ""den312d.map"", ""pp_demote_rounds"": ""0"", ""pp_failed"": ""0"", ""pp_order"": ""traffic-last"", ""pp_plan_ms"": ""26.8"", ""pp_plan_soc"": ""9778"", ""pp_tl"": ""0"", ""pp_used"": ""1"", ""seed"": ""0"", ""soc"": ""9778"", ""soc_lb"": ""7745"", ""solved"": ""1"", ""solver"": ""planner"", ""sum_of_loss"": ""8589"", ""sum_of_loss_lb"": ""7745""}"
pp_guided_tl:traffic,PP-guided (traffic-last),den312d,den312d-random-3,150,1,30.0,solved,0.143485,0.035,9778,134,8498,7745,133,1.262492,0,,/home/carsten/Projects/MAPF/MAPF Evaluator/results/pptl-den312d/runs/pp_guided_tl_traffic/den312d/den312d-random-3_a150_s1_r0,,,"{""agents"": ""150"", ""comp_time"": ""35"", ""first_ms"": ""34.6"", ""makespan"": ""134"", ""makespan_lb"": ""133"", ""map_file"": ""den312d.map"", ""pp_demote_rounds"": ""0"", ""pp_failed"": ""0"", ""pp_order"": ""traffic-last"", ""pp_plan_ms"": ""26.9"", ""pp_plan_soc"": ""9778"", ""pp_tl"": ""0"", ""pp_used"": ""1"", ""seed"": ""1"", ""soc"": ""9778"", ""soc_lb"": ""7745"", ""solved"": ""1"", ""solver"": ""planner"", ""sum_of_loss"": ""8589"", ""sum_of_loss_lb"": ""7745""}"
pp_guided_tl:traffic,PP-guided (traffic-last),den312d,den312d-random-3,150,2,30.0,solved,0.158588,0.035,9778,134,8498,7745,133,1.262492,0,,/home/carsten/Projects/MAPF/MAPF Evaluator/results/pptl-den312d/runs/pp_guided_tl_traffic/den312d/den312d-random-3_a150_s2_r0,,,"{""agents"": ""150"", ""comp_time"": ""35"", ""first_ms"": ""34.6"", ""makespan"": ""134"", ""makespan_lb"": ""133"", ""map_file"": ""den312d.map"", ""pp_demote_rounds"": ""0"", ""pp_failed"": ""0"", ""pp_order"": ""traffic-last"", ""pp_plan_ms"": ""26.9"", ""pp_plan_soc"": ""9778"", ""pp_tl"": ""0"", ""pp_used"": ""1"", ""seed"": ""2"", ""soc"": ""9778"", ""soc_lb"": ""7745"", ""solved"": ""1"", ""solver"": ""planner"", ""sum_of_loss"": ""8589"", ""sum_of_loss_lb"": ""7745""}"
pp_guided_tl:traffic_tl,PP-guided (traffic-last) + traffic load in SIPP,den312d,den312d-random-3,150,0,30.0,solved,0.198392,0.043,9304,133,8415,7745,133,1.201291,0,,/home/carsten/Projects/MAPF/MAPF Evaluator/results/pptl-den312d/runs/pp_guided_tl_traffic_tl/den312d/den312d-random-3_a150_s0_r0,,,"{""agents"": ""150"", ""comp_time"": ""43"", ""first_ms"": ""43.6"", ""makespan"": ""133"", ""makespan_lb"": ""133"", ""map_file"": ""den312d.map"", ""pp_demote_rounds"": ""0"", ""pp_failed"": ""0"", ""pp_order"": ""traffic-last"", ""pp_plan_ms"": ""33.8"", ""pp_plan_soc"": ""9304"", ""pp_tl"": ""1"", ""pp_used"": ""1"", ""seed"": ""0"", ""soc"": ""9304"", ""soc_lb"": ""7745"", ""solved"": ""1"", ""solver"": ""planner"", ""sum_of_loss"": ""8463"", ""sum_of_loss_lb"": ""7745""}"
pp_guided_tl:traffic_tl,PP-guided (traffic-last) + traffic load in SIPP,den312d,den312d-random-3,150,1,30.0,solved,0.128542,0.043,9304,133,8415,7745,133,1.201291,0,,/home/carsten/Projects/MAPF/MAPF Evaluator/results/pptl-den312d/runs/pp_guided_tl_traffic_tl/den312d/den312d-random-3_a150_s1_r0,,,"{""agents"": ""150"", ""comp_time"": ""43"", ""first_ms"": ""42.7"", ""makespan"": ""133"", ""makespan_lb"": ""133"", ""map_file"": ""den312d.map"", ""pp_demote_rounds"": ""0"", ""pp_failed"": ""0"", ""pp_order"": ""traffic-last"", ""pp_plan_ms"": ""33.6"", ""pp_plan_soc"": ""9304"", ""pp_tl"": ""1"", ""pp_used"": ""1"", ""seed"": ""1"", ""soc"": ""9304"", ""soc_lb"": ""7745"", ""solved"": ""1"", ""solver"": ""planner"", ""sum_of_loss"": ""8463"", ""sum_of_loss_lb"": ""7745""}"
pp_guided_tl:traffic_tl,PP-guided (traffic-last) + traffic load in SIPP,den312d,den312d-random-3,150,2,30.0,solved,0.082589,0.043,9304,133,8415,7745,133,1.201291,0,,/home/carsten/Projects/MAPF/MAPF Evaluator/results/pptl-den312d/runs/pp_guided_tl_traffic_tl/den312d/den312d-random-3_a150_s2_r0,,,"{""agents"": ""150"", ""comp_time"": ""43"", ""first_ms"": ""42.6"", ""makespan"": ""133"", ""makespan_lb"": ""133"", ""map_file"": ""den312d.map"", ""pp_demote_rounds"": ""0"", ""pp_failed"": ""0"", ""pp_order"": ""traffic-last"", ""pp_plan_ms"": ""33.3"", ""pp_plan_soc"": ""9304"", ""pp_tl"": ""1"", ""pp_used"": ""1"", ""seed"": ""2"", ""soc"": ""9304"", ""soc_lb"": ""7745"", ""solved"": ""1"", ""solver"": ""planner"", ""sum_of_loss"": ""8463"", ""sum_of_loss_lb"": ""7745""}"
pp_guided_tl:shortest,PP-guided (shortest first),den312d,den312d-random-3,200,0,30.0,solved,0.324985,0.035,11048,149,11048,10440,133,1.058238,0,,/home/carsten/Projects/MAPF/MAPF Evaluator/results/pptl-den312d/runs/pp_guided_tl_shortest/den312d/den312d-random-3_a200_s0_r0,,,"{""agents"": ""200"", ""comp_time"": ""35"", ""first_ms"": ""35.4"", ""makespan"": ""149"", ""makespan_lb"": ""133"", ""map_file"": ""den312d.map"", ""pp_demote_rounds"": ""0"", ""pp_failed"": ""0"", ""pp_order"": ""shortest"", ""pp_plan_ms"": ""25.2"", ""pp_plan_soc"": ""11048"", ""pp_tl"": ""0"", ""pp_used"": ""1"", ""seed"": ""0"", ""soc"": ""11048"", ""soc_lb"": ""10440"", ""solved"": ""1"", ""solver"": ""planner"", ""sum_of_loss"": ""11048"", ""sum_of_loss_lb"": ""10440""}"
pp_guided_tl:shortest,PP-guided (shortest first),den312d,den312d-random-3,200,2,30.0,solved,0.09365,0.034,11048,149,11048,10440,133,1.058238,0,,/home/carsten/Projects/MAPF/MAPF Evaluator/results/pptl-den312d/runs/pp_guided_tl_shortest/den312d/den312d-random-3_a200_s2_r0,,,"{""agents"": ""200"", ""comp_time"": ""34"", ""first_ms"": ""34.2"", ""makespan"": ""149"", ""makespan_lb"": ""133"", ""map_file"": ""den312d.map"", ""pp_demote_rounds"": ""0"", ""pp_failed"": ""0"", ""pp_order"": ""shortest"", ""pp_plan_ms"": ""24.5"", ""pp_plan_soc"": ""11048"", ""pp_tl"": ""0"", ""pp_used"": ""1"", ""seed"": ""2"", ""soc"": ""11048"", ""soc_lb"": ""10440"", ""solved"": ""1"", ""solver"": ""planner"", ""sum_of_loss"": ""11048"", ""sum_of_loss_lb"": ""10440""}"
pp_guided_tl:shortest_tl,PP-guided (shortest first) + traffic load in SIPP,den312d,den312d-random-3,200,0,30.0,solved,0.092231,0.048,11031,149,11031,10440,133,1.056609,0,,/home/carsten/Projects/MAPF/MAPF Evaluator/results/pptl-den312d/runs/pp_guided_tl_shortest_tl/den312d/den312d-random-3_a200_s0_r0,,,"{""agents"": ""200"", ""comp_time"": ""48"", ""first_ms"": ""47.2"", ""makespan"": ""149"", ""makespan_lb"": ""133"", ""map_file"": ""den312d.map"", ""pp_demote_rounds"": ""0"", ""pp_failed"": ""0"", ""pp_order"": ""shortest"", ""pp_plan_ms"": ""35.6"", ""pp_plan_soc"": ""11031"", ""pp_tl"": ""1"", ""pp_used"": ""1"", ""seed"": ""0"", ""soc"": ""11031"", ""soc_lb"": ""10440"", ""solved"": ""1"", ""solver"": ""planner"", ""sum_of_loss"": ""11031"", ""sum_of_loss_lb"": ""10440""}"
pp_guided_tl:shortest,PP-guided (shortest first),den312d,den312d-random-3,200,1,30.0,solved,0.082058,0.035,11048,149,11048,10440,133,1.058238,0,,/home/carsten/Projects/MAPF/MAPF Evaluator/results/pptl-den312d/runs/pp_guided_tl_shortest/den312d/den312d-random-3_a200_s1_r0,,,"{""agents"": ""200"", ""comp_time"": ""35"", ""first_ms"": ""34.4"", ""makespan"": ""149"", ""makespan_lb"": ""133"", ""map_file"": ""den312d.map"", ""pp_demote_rounds"": ""0"", ""pp_failed"": ""0"", ""pp_order"": ""shortest"", ""pp_plan_ms"": ""24.6"", ""pp_plan_soc"": ""11048"", ""pp_tl"": ""0"", ""pp_used"": ""1"", ""seed"": ""1"", ""soc"": ""11048"", ""soc_lb"": ""10440"", ""solved"": ""1"", ""solver"": ""planner"", ""sum_of_loss"": ""11048"", ""sum_of_loss_lb"": ""10440""}"
pp_guided_tl:shortest_tl,PP-guided (shortest first) + traffic load in SIPP,den312d,den312d-random-3,200,1,30.0,solved,0.196054,0.046,11031,149,11031,10440,133,1.056609,0,,/home/carsten/Projects/MAPF/MAPF Evaluator/results/pptl-den312d/runs/pp_guided_tl_shortest_tl/den312d/den312d-random-3_a200_s1_r0,,,"{""agents"": ""200"", ""comp_time"": ""46"", ""first_ms"": ""46.3"", ""makespan"": ""149"", ""makespan_lb"": ""133"", ""map_file"": ""den312d.map"", ""pp_demote_rounds"": ""0"", ""pp_failed"": ""0"", ""pp_order"": ""shortest"", ""pp_plan_ms"": ""33.7"", ""pp_plan_soc"": ""11031"", ""pp_tl"": ""1"", ""pp_used"": ""1"", ""seed"": ""1"", ""soc"": ""11031"", ""soc_lb"": ""10440"", ""solved"": ""1"", ""solver"": ""planner"", ""sum_of_loss"": ""11031"", ""sum_of_loss_lb"": ""10440""}"
pp_guided_tl:shortest_tl,PP-guided (shortest first) + traffic load in SIPP,den312d,den312d-random-3,200,2,30.0,solved,0.093209,0.046,11031,149,11031,10440,133,1.056609,0,,/home/carsten/Projects/MAPF/MAPF Evaluator/results/pptl-den312d/runs/pp_guided_tl_shortest_tl/den312d/den312d-random-3_a200_s2_r0,,,"{""agents"": ""200"", ""comp_time"": ""46"", ""first_ms"": ""45.2"", ""makespan"": ""149"", ""makespan_lb"": ""133"", ""map_file"": ""den312d.map"", ""pp_demote_rounds"": ""0"", ""pp_failed"": ""0"", ""pp_order"": ""shortest"", ""pp_plan_ms"": ""33.8"", ""pp_plan_soc"": ""11031"", ""pp_tl"": ""1"", ""pp_used"": ""1"", ""seed"": ""2"", ""soc"": ""11031"", ""soc_lb"": ""10440"", ""solved"": ""1"", ""solver"": ""planner"", ""sum_of_loss"": ""11031"", ""sum_of_loss_lb"": ""10440""}"
pp_guided_tl:traffic,PP-guided (traffic-last),den312d,den312d-random-3,200,1,30.0,solved,0.095279,0.047,13409,133,11419,10440,133,1.284387,0,,/home/carsten/Projects/MAPF/MAPF Evaluator/results/pptl-den312d/runs/pp_guided_tl_traffic/den312d/den312d-random-3_a200_s1_r0,,,"{""agents"": ""200"", ""comp_time"": ""47"", ""first_ms"": ""46.9"", ""makespan"": ""133"", ""makespan_lb"": ""133"", ""map_file"": ""den312d.map"", ""pp_demote_rounds"": ""0"", ""pp_failed"": ""0"", ""pp_order"": ""traffic-last"", ""pp_plan_ms"": ""35.7"", ""pp_plan_soc"": ""13409"", ""pp_tl"": ""0"", ""pp_used"": ""1"", ""seed"": ""1"", ""soc"": ""13409"", ""soc_lb"": ""10440"", ""solved"": ""1"", ""solver"": ""planner"", ""sum_of_loss"": ""11562"", ""sum_of_loss_lb"": ""10440""}"
pp_guided_tl:traffic,PP-guided (traffic-last),den312d,den312d-random-3,200,0,30.0,solved,0.151465,0.047,13409,133,11419,10440,133,1.284387,0,,/home/carsten/Projects/MAPF/MAPF Evaluator/results/pptl-den312d/runs/pp_guided_tl_traffic/den312d/den312d-random-3_a200_s0_r0,,,"{""agents"": ""200"", ""comp_time"": ""47"", ""first_ms"": ""46.8"", ""makespan"": ""133"", ""makespan_lb"": ""133"", ""map_file"": ""den312d.map"", ""pp_demote_rounds"": ""0"", ""pp_failed"": ""0"", ""pp_order"": ""traffic-last"", ""pp_plan_ms"": ""36.4"", ""pp_plan_soc"": ""13409"", ""pp_tl"": ""0"", ""pp_used"": ""1"", ""seed"": ""0"", ""soc"": ""13409"", ""soc_lb"": ""10440"", ""solved"": ""1"", ""solver"": ""planner"", ""sum_of_loss"": ""11562"", ""sum_of_loss_lb"": ""10440""}"
pp_guided_tl:traffic,PP-guided (traffic-last),den312d,den312d-random-3,200,2,30.0,solved,0.112271,0.047,13409,133,11419,10440,133,1.284387,0,,/home/carsten/Projects/MAPF/MAPF Evaluator/results/pptl-den312d/runs/pp_guided_tl_traffic/den312d/den312d-random-3_a200_s2_r0,,,"{""agents"": ""200"", ""comp_time"": ""47"", ""first_ms"": ""47.1"", ""makespan"": ""133"", ""makespan_lb"": ""133"", ""map_file"": ""den312d.map"", ""pp_demote_rounds"": ""0"", ""pp_failed"": ""0"", ""pp_order"": ""traffic-last"", ""pp_plan_ms"": ""36.2"", ""pp_plan_soc"": ""13409"", ""pp_tl"": ""0"", ""pp_used"": ""1"", ""seed"": ""2"", ""soc"": ""13409"", ""soc_lb"": ""10440"", ""solved"": ""1"", ""solver"": ""planner"", ""sum_of_loss"": ""11562"", ""sum_of_loss_lb"": ""10440""}"
pp_guided_tl:traffic_tl,PP-guided (traffic-last) + traffic load in SIPP,den312d,den312d-random-3,200,0,30.0,solved,0.117258,0.061,12958,133,11471,10440,133,1.241188,0,,/home/carsten/Projects/MAPF/MAPF Evaluator/results/pptl-den312d/runs/pp_guided_tl_traffic_tl/den312d/den312d-random-3_a200_s0_r0,,,"{""agents"": ""200"", ""comp_time"": ""61"", ""first_ms"": ""60.7"", ""makespan"": ""133"", ""makespan_lb"": ""133"", ""map_file"": ""den312d.map"", ""pp_demote_rounds"": ""0"", ""pp_failed"": ""0"", ""pp_order"": ""traffic-last"", ""pp_plan_ms"": ""48.2"", ""pp_plan_soc"": ""12958"", ""pp_tl"": ""1"", ""pp_used"": ""1"", ""seed"": ""0"", ""soc"": ""12958"", ""soc_lb"": ""10440"", ""solved"": ""1"", ""solver"": ""planner"", ""sum_of_loss"": ""11551"", ""sum_of_loss_lb"": ""10440""}"
pp_guided_tl:traffic_tl,PP-guided (traffic-last) + traffic load in SIPP,den312d,den312d-random-3,200,1,30.0,solved,0.163199,0.062,12958,133,11471,10440,133,1.241188,0,,/home/carsten/Projects/MAPF/MAPF Evaluator/results/pptl-den312d/runs/pp_guided_tl_traffic_tl/den312d/den312d-random-3_a200_s1_r0,,,"{""agents"": ""200"", ""comp_time"": ""62"", ""first_ms"": ""62.1"", ""makespan"": ""133"", ""makespan_lb"": ""133"", ""map_file"": ""den312d.map"", ""pp_demote_rounds"": ""0"", ""pp_failed"": ""0"", ""pp_order"": ""traffic-last"", ""pp_plan_ms"": ""48.5"", ""pp_plan_soc"": ""12958"", ""pp_tl"": ""1"", ""pp_used"": ""1"", ""seed"": ""1"", ""soc"": ""12958"", ""soc_lb"": ""10440"", ""solved"": ""1"", ""solver"": ""planner"", ""sum_of_loss"": ""11551"", ""sum_of_loss_lb"": ""10440""}"
pp_guided_tl:shortest,PP-guided (shortest first),den312d,den312d-random-4,50,0,30.0,solved,0.055702,0.006,2580,130,2580,2550,126,1.011765,0,,/home/carsten/Projects/MAPF/MAPF Evaluator/results/pptl-den312d/runs/pp_guided_tl_shortest/den312d/den312d-random-4_a50_s0_r0,,,"{""agents"": ""50"", ""comp_time"": ""6"", ""first_ms"": ""5.4"", ""makespan"": ""130"", ""makespan_lb"": ""126"", ""map_file"": ""den312d.map"", ""pp_demote_rounds"": ""0"", ""pp_failed"": ""0"", ""pp_order"": ""shortest"", ""pp_plan_ms"": ""3.0"", ""pp_plan_soc"": ""2580"", ""pp_tl"": ""0"", ""pp_used"": ""1"", ""seed"": ""0"", ""soc"": ""2580"", ""soc_lb"": ""2550"", ""solved"": ""1"", ""solver"": ""planner"", ""sum_of_loss"": ""2580"", ""sum_of_loss_lb"": ""2550""}"
pp_guided_tl:shortest,PP-guided (shortest first),den312d,den312d-random-4,50,1,30.0,solved,0.018744,0.005,2580,130,2580,2550,126,1.011765,0,,/home/carsten/Projects/MAPF/MAPF Evaluator/results/pptl-den312d/runs/pp_guided_tl_shortest/den312d/den312d-random-4_a50_s1_r0,,,"{""agents"": ""50"", ""comp_time"": ""5"", ""first_ms"": ""5.3"", ""makespan"": ""130"", ""makespan_lb"": ""126"", ""map_file"": ""den312d.map"", ""pp_demote_rounds"": ""0"", ""pp_failed"": ""0"", ""pp_order"": ""shortest"", ""pp_plan_ms"": ""2.8"", ""pp_plan_soc"": ""2580"", ""pp_tl"": ""0"", ""pp_used"": ""1"", ""seed"": ""1"", ""soc"": ""2580"", ""soc_lb"": ""2550"", ""solved"": ""1"", ""solver"": ""planner"", ""sum_of_loss"": ""2580"", ""sum_of_loss_lb"": ""2550""}"
pp_guided_tl:shortest,PP-guided (shortest first),den312d,den312d-random-4,50,2,30.0,solved,0.018799,0.006,2580,130,2580,2550,126,1.011765,0,,/home/carsten/Projects/MAPF/MAPF Evaluator/results/pptl-den312d/runs/pp_guided_tl_shortest/den312d/den312d-random-4_a50_s2_r0,,,"{""agents"": ""50"", ""comp_time"": ""6"", ""first_ms"": ""5.3"", ""makespan"": ""130"", ""makespan_lb"": ""126"", ""map_file"": ""den312d.map"", ""pp_demote_rounds"": ""0"", ""pp_failed"": ""0"", ""pp_order"": ""shortest"", ""pp_plan_ms"": ""2.9"", ""pp_plan_soc"": ""2580"", ""pp_tl"": ""0"", ""pp_used"": ""1"", ""seed"": ""2"", ""soc"": ""2580"", ""soc_lb"": ""2550"", ""solved"": ""1"", ""solver"": ""planner"", ""sum_of_loss"": ""2580"", ""sum_of_loss_lb"": ""2550""}"
pp_guided_tl:traffic_tl,PP-guided (traffic-last) + traffic load in SIPP,den312d,den312d-random-3,200,2,30.0,solved,0.16272,0.061,12958,133,11471,10440,133,1.241188,0,,/home/carsten/Projects/MAPF/MAPF Evaluator/results/pptl-den312d/runs/pp_guided_tl_traffic_tl/den312d/den312d-random-3_a200_s2_r0,,,"{""agents"": ""200"", ""comp_time"": ""61"", ""first_ms"": ""61.5"", ""makespan"": ""133"", ""makespan_lb"": ""133"", ""map_file"": ""den312d.map"", ""pp_demote_rounds"": ""0"", ""pp_failed"": ""0"", ""pp_order"": ""traffic-last"", ""pp_plan_ms"": ""48.3"", ""pp_plan_soc"": ""12958"", ""pp_tl"": ""1"", ""pp_used"": ""1"", ""seed"": ""2"", ""soc"": ""12958"", ""soc_lb"": ""10440"", ""solved"": ""1"", ""solver"": ""planner"", ""sum_of_loss"": ""11551"", ""sum_of_loss_lb"": ""10440""}"
pp_guided_tl:shortest_tl,PP-guided (shortest first) + traffic load in SIPP,den312d,den312d-random-4,50,0,30.0,solved,0.104539,0.008,2581,129,2581,2550,126,1.012157,0,,/home/carsten/Projects/MAPF/MAPF Evaluator/results/pptl-den312d/runs/pp_guided_tl_shortest_tl/den312d/den312d-random-4_a50_s0_r0,,,"{""agents"": ""50"", ""comp_time"": ""8"", ""first_ms"": ""7.9"", ""makespan"": ""129"", ""makespan_lb"": ""126"", ""map_file"": ""den312d.map"", ""pp_demote_rounds"": ""0"", ""pp_failed"": ""0"", ""pp_order"": ""shortest"", ""pp_plan_ms"": ""5.3"", ""pp_plan_soc"": ""2581"", ""pp_tl"": ""1"", ""pp_used"": ""1"", ""seed"": ""0"", ""soc"": ""2581"", ""soc_lb"": ""2550"", ""solved"": ""1"", ""solver"": ""planner"", ""sum_of_loss"": ""2581"", ""sum_of_loss_lb"": ""2550""}"
pp_guided_tl:shortest_tl,PP-guided (shortest first) + traffic load in SIPP,den312d,den312d-random-4,50,2,30.0,solved,0.032758,0.008,2581,129,2581,2550,126,1.012157,0,,/home/carsten/Projects/MAPF/MAPF Evaluator/results/pptl-den312d/runs/pp_guided_tl_shortest_tl/den312d/den312d-random-4_a50_s2_r0,,,"{""agents"": ""50"", ""comp_time"": ""8"", ""first_ms"": ""8.1"", ""makespan"": ""129"", ""makespan_lb"": ""126"", ""map_file"": ""den312d.map"", ""pp_demote_rounds"": ""0"", ""pp_failed"": ""0"", ""pp_order"": ""shortest"", ""pp_plan_ms"": ""5.3"", ""pp_plan_soc"": ""2581"", ""pp_tl"": ""1"", ""pp_used"": ""1"", ""seed"": ""2"", ""soc"": ""2581"", ""soc_lb"": ""2550"", ""solved"": ""1"", ""solver"": ""planner"", ""sum_of_loss"": ""2581"", ""sum_of_loss_lb"": ""2550""}"
pp_guided_tl:shortest_tl,PP-guided (shortest first) + traffic load in SIPP,den312d,den312d-random-4,50,1,30.0,solved,0.037901,0.008,2581,129,2581,2550,126,1.012157,0,,/home/carsten/Projects/MAPF/MAPF Evaluator/results/pptl-den312d/runs/pp_guided_tl_shortest_tl/den312d/den312d-random-4_a50_s1_r0,,,"{""agents"": ""50"", ""comp_time"": ""8"", ""first_ms"": ""8.3"", ""makespan"": ""129"", ""makespan_lb"": ""126"", ""map_file"": ""den312d.map"", ""pp_demote_rounds"": ""0"", ""pp_failed"": ""0"", ""pp_order"": ""shortest"", ""pp_plan_ms"": ""5.2"", ""pp_plan_soc"": ""2581"", ""pp_tl"": ""1"", ""pp_used"": ""1"", ""seed"": ""1"", ""soc"": ""2581"", ""soc_lb"": ""2550"", ""solved"": ""1"", ""solver"": ""planner"", ""sum_of_loss"": ""2581"", ""sum_of_loss_lb"": ""2550""}"
pp_guided_tl:traffic,PP-guided (traffic-last),den312d,den312d-random-4,50,0,30.0,solved,0.090765,0.007,2870,128,2662,2550,126,1.12549,0,,/home/carsten/Projects/MAPF/MAPF Evaluator/results/pptl-den312d/runs/pp_guided_tl_traffic/den312d/den312d-random-4_a50_s0_r0,,,"{""agents"": ""50"", ""comp_time"": ""7"", ""first_ms"": ""7.0"", ""makespan"": ""128"", ""makespan_lb"": ""126"", ""map_file"": ""den312d.map"", ""pp_demote_rounds"": ""0"", ""pp_failed"": ""0"", ""pp_order"": ""traffic-last"", ""pp_plan_ms"": ""4.9"", ""pp_plan_soc"": ""2870"", ""pp_tl"": ""0"", ""pp_used"": ""1"", ""seed"": ""0"", ""soc"": ""2870"", ""soc_lb"": ""2550"", ""solved"": ""1"", ""solver"": ""planner"", ""sum_of_loss"": ""2675"", ""sum_of_loss_lb"": ""2550""}"
pp_guided_tl:traffic,PP-guided (traffic-last),den312d,den312d-random-4,50,1,30.0,solved,0.090264,0.007,2870,128,2662,2550,126,1.12549,0,,/home/carsten/Projects/MAPF/MAPF Evaluator/results/pptl-den312d/runs/pp_guided_tl_traffic/den312d/den312d-random-4_a50_s1_r0,,,"{""agents"": ""50"", ""comp_time"": ""7"", ""first_ms"": ""7.0"", ""makespan"": ""128"", ""makespan_lb"": ""126"", ""map_file"": ""den312d.map"", ""pp_demote_rounds"": ""0"", ""pp_failed"": ""0"", ""pp_order"": ""traffic-last"", ""pp_plan_ms"": ""4.9"", ""pp_plan_soc"": ""2870"", ""pp_tl"": ""0"", ""pp_used"": ""1"", ""seed"": ""1"", ""soc"": ""2870"", ""soc_lb"": ""2550"", ""solved"": ""1"", ""solver"": ""planner"", ""sum_of_loss"": ""2675"", ""sum_of_loss_lb"": ""2550""}"
pp_guided_tl:traffic,PP-guided (traffic-last),den312d,den312d-random-4,50,2,30.0,solved,0.06465,0.008,2870,128,2662,2550,126,1.12549,0,,/home/carsten/Projects/MAPF/MAPF Evaluator/results/pptl-den312d/runs/pp_guided_tl_traffic/den312d/den312d-random-4_a50_s2_r0,,,"{""agents"": ""50"", ""comp_time"": ""8"", ""first_ms"": ""8.0"", ""makespan"": ""128"", ""makespan_lb"": ""126"", ""map_file"": ""den312d.map"", ""pp_demote_rounds"": ""0"", ""pp_failed"": ""0"", ""pp_order"": ""traffic-last"", ""pp_plan_ms"": ""5.1"", ""pp_plan_soc"": ""2870"", ""pp_tl"": ""0"", ""pp_used"": ""1"", ""seed"": ""2"", ""soc"": ""2870"", ""soc_lb"": ""2550"", ""solved"": ""1"", ""solver"": ""planner"", ""sum_of_loss"": ""2675"", ""sum_of_loss_lb"": ""2550""}"
pp_guided_tl:traffic_tl,PP-guided (traffic-last) + traffic load in SIPP,den312d,den312d-random-4,50,0,30.0,solved,0.047714,0.009,2772,126,2633,2550,126,1.087059,0,,/home/carsten/Projects/MAPF/MAPF Evaluator/results/pptl-den312d/runs/pp_guided_tl_traffic_tl/den312d/den312d-random-4_a50_s0_r0,,,"{""agents"": ""50"", ""comp_time"": ""9"", ""first_ms"": ""9.1"", ""makespan"": ""126"", ""makespan_lb"": ""126"", ""map_file"": ""den312d.map"", ""pp_demote_rounds"": ""0"", ""pp_failed"": ""0"", ""pp_order"": ""traffic-last"", ""pp_plan_ms"": ""5.9"", ""pp_plan_soc"": ""2772"", ""pp_tl"": ""1"", ""pp_used"": ""1"", ""seed"": ""0"", ""soc"": ""2772"", ""soc_lb"": ""2550"", ""solved"": ""1"", ""solver"": ""planner"", ""sum_of_loss"": ""2641"", ""sum_of_loss_lb"": ""2550""}"
pp_guided_tl:traffic_tl,PP-guided (traffic-last) + traffic load in SIPP,den312d,den312d-random-4,50,2,30.0,solved,0.047155,0.009,2772,126,2633,2550,126,1.087059,0,,/home/carsten/Projects/MAPF/MAPF Evaluator/results/pptl-den312d/runs/pp_guided_tl_traffic_tl/den312d/den312d-random-4_a50_s2_r0,,,"{""agents"": ""50"", ""comp_time"": ""9"", ""first_ms"": ""8.9"", ""makespan"": ""126"", ""makespan_lb"": ""126"", ""map_file"": ""den312d.map"", ""pp_demote_rounds"": ""0"", ""pp_failed"": ""0"", ""pp_order"": ""traffic-last"", ""pp_plan_ms"": ""5.9"", ""pp_plan_soc"": ""2772"", ""pp_tl"": ""1"", ""pp_used"": ""1"", ""seed"": ""2"", ""soc"": ""2772"", ""soc_lb"": ""2550"", ""solved"": ""1"", ""solver"": ""planner"", ""sum_of_loss"": ""2641"", ""sum_of_loss_lb"": ""2550""}"
pp_guided_tl:traffic_tl,PP-guided (traffic-last) + traffic load in SIPP,den312d,den312d-random-4,50,1,30.0,solved,0.098044,0.009,2772,126,2633,2550,126,1.087059,0,,/home/carsten/Projects/MAPF/MAPF Evaluator/results/pptl-den312d/runs/pp_guided_tl_traffic_tl/den312d/den312d-random-4_a50_s1_r0,,,"{""agents"": ""50"", ""comp_time"": ""9"", ""first_ms"": ""9.0"", ""makespan"": ""126"", ""makespan_lb"": ""126"", ""map_file"": ""den312d.map"", ""pp_demote_rounds"": ""0"", ""pp_failed"": ""0"", ""pp_order"": ""traffic-last"", ""pp_plan_ms"": ""5.8"", ""pp_plan_soc"": ""2772"", ""pp_tl"": ""1"", ""pp_used"": ""1"", ""seed"": ""1"", ""soc"": ""2772"", ""soc_lb"": ""2550"", ""solved"": ""1"", ""solver"": ""planner"", ""sum_of_loss"": ""2641"", ""sum_of_loss_lb"": ""2550""}"
pp_guided_tl:shortest,PP-guided (shortest first),den312d,den312d-random-4,100,1,30.0,solved,0.071161,0.013,5478,138,5471,5314,130,1.030862,0,,/home/carsten/Projects/MAPF/MAPF Evaluator/results/pptl-den312d/runs/pp_guided_tl_shortest/den312d/den312d-random-4_a100_s1_r0,,,"{""agents"": ""100"", ""comp_time"": ""13"", ""first_ms"": ""12.9"", ""makespan"": ""138"", ""makespan_lb"": ""130"", ""map_file"": ""den312d.map"", ""pp_demote_rounds"": ""0"", ""pp_failed"": ""0"", ""pp_order"": ""shortest"", ""pp_plan_ms"": ""8.6"", ""pp_plan_soc"": ""5478"", ""pp_tl"": ""0"", ""pp_used"": ""1"", ""seed"": ""1"", ""soc"": ""5478"", ""soc_lb"": ""5314"", ""solved"": ""1"", ""solver"": ""planner"", ""sum_of_loss"": ""5472"", ""sum_of_loss_lb"": ""5314""}"
pp_guided_tl:shortest,PP-guided (shortest first),den312d,den312d-random-4,100,0,30.0,solved,0.077289,0.013,5478,138,5471,5314,130,1.030862,0,,/home/carsten/Projects/MAPF/MAPF Evaluator/results/pptl-den312d/runs/pp_guided_tl_shortest/den312d/den312d-random-4_a100_s0_r0,,,"{""agents"": ""100"", ""comp_time"": ""13"", ""first_ms"": ""12.8"", ""makespan"": ""138"", ""makespan_lb"": ""130"", ""map_file"": ""den312d.map"", ""pp_demote_rounds"": ""0"", ""pp_failed"": ""0"", ""pp_order"": ""shortest"", ""pp_plan_ms"": ""8.4"", ""pp_plan_soc"": ""5478"", ""pp_tl"": ""0"", ""pp_used"": ""1"", ""seed"": ""0"", ""soc"": ""5478"", ""soc_lb"": ""5314"", ""solved"": ""1"", ""solver"": ""planner"", ""sum_of_loss"": ""5472"", ""sum_of_loss_lb"": ""5314""}"
pp_guided_tl:shortest,PP-guided (shortest first),den312d,den312d-random-4,100,2,30.0,solved,0.0815,0.013,5478,138,5471,5314,130,1.030862,0,,/home/carsten/Projects/MAPF/MAPF Evaluator/results/pptl-den312d/runs/pp_guided_tl_shortest/den312d/den312d-random-4_a100_s2_r0,,,"{""agents"": ""100"", ""comp_time"": ""13"", ""first_ms"": ""13.1"", ""makespan"": ""138"", ""makespan_lb"": ""130"", ""map_file"": ""den312d.map"", ""pp_demote_rounds"": ""0"", ""pp_failed"": ""0"", ""pp_order"": ""shortest"", ""pp_plan_ms"": ""8.5"", ""pp_plan_soc"": ""5478"", ""pp_tl"": ""0"", ""pp_used"": ""1"", ""seed"": ""2"", ""soc"": ""5478"", ""soc_lb"": ""5314"", ""solved"": ""1"", ""solver"": ""planner"", ""sum_of_loss"": ""5472"", ""sum_of_loss_lb"": ""5314""}"
pp_guided_tl:shortest_tl,PP-guided (shortest first) + traffic load in SIPP,den312d,den312d-random-4,100,0,30.0,solved,0.076329,0.018,5440,134,5435,5314,130,1.023711,0,,/home/carsten/Projects/MAPF/MAPF Evaluator/results/pptl-den312d/runs/pp_guided_tl_shortest_tl/den312d/den312d-random-4_a100_s0_r0,,,"{""agents"": ""100"", ""comp_time"": ""18"", ""first_ms"": ""18.7"", ""makespan"": ""134"", ""makespan_lb"": ""130"", ""map_file"": ""den312d.map"", ""pp_demote_rounds"": ""0"", ""pp_failed"": ""0"", ""pp_order"": ""shortest"", ""pp_plan_ms"": ""12.9"", ""pp_plan_soc"": ""5440"", ""pp_tl"": ""1"", ""pp_used"": ""1"", ""seed"": ""0"", ""soc"": ""5440"", ""soc_lb"": ""5314"", ""solved"": ""1"", ""solver"": ""planner"", ""sum_of_loss"": ""5436"", ""sum_of_loss_lb"": ""5314""}"
pp_guided_tl:shortest_tl,PP-guided (shortest first) + traffic load in SIPP,den312d,den312d-random-4,100,1,30.0,solved,0.107121,0.019,5440,134,5435,5314,130,1.023711,0,,/home/carsten/Projects/MAPF/MAPF Evaluator/results/pptl-den312d/runs/pp_guided_tl_shortest_tl/den312d/den312d-random-4_a100_s1_r0,,,"{""agents"": ""100"", ""comp_time"": ""19"", ""first_ms"": ""18.9"", ""makespan"": ""134"", ""makespan_lb"": ""130"", ""map_file"": ""den312d.map"", ""pp_demote_rounds"": ""0"", ""pp_failed"": ""0"", ""pp_order"": ""shortest"", ""pp_plan_ms"": ""13.1"", ""pp_plan_soc"": ""5440"", ""pp_tl"": ""1"", ""pp_used"": ""1"", ""seed"": ""1"", ""soc"": ""5440"", ""soc_lb"": ""5314"", ""solved"": ""1"", ""solver"": ""planner"", ""sum_of_loss"": ""5436"", ""sum_of_loss_lb"": ""5314""}"
pp_guided_tl:shortest_tl,PP-guided (shortest first) + traffic load in SIPP,den312d,den312d-random-4,100,2,30.0,solved,0.144911,0.019,5440,134,5435,5314,130,1.023711,0,,/home/carsten/Projects/MAPF/MAPF Evaluator/results/pptl-den312d/runs/pp_guided_tl_shortest_tl/den312d/den312d-random-4_a100_s2_r0,,,"{""agents"": ""100"", ""comp_time"": ""19"", ""first_ms"": ""18.9"", ""makespan"": ""134"", ""makespan_lb"": ""130"", ""map_file"": ""den312d.map"", ""pp_demote_rounds"": ""0"", ""pp_failed"": ""0"", ""pp_order"": ""shortest"", ""pp_plan_ms"": ""13.2"", ""pp_plan_soc"": ""5440"", ""pp_tl"": ""1"", ""pp_used"": ""1"", ""seed"": ""2"", ""soc"": ""5440"", ""soc_lb"": ""5314"", ""solved"": ""1"", ""solver"": ""planner"", ""sum_of_loss"": ""5436"", ""sum_of_loss_lb"": ""5314""}"
pp_guided_tl:traffic,PP-guided (traffic-last),den312d,den312d-random-4,100,0,30.0,solved,0.084933,0.018,6582,134,5597,5314,130,1.238615,0,,/home/carsten/Projects/MAPF/MAPF Evaluator/results/pptl-den312d/runs/pp_guided_tl_traffic/den312d/den312d-random-4_a100_s0_r0,,,"{""agents"": ""100"", ""comp_time"": ""18"", ""first_ms"": ""17.8"", ""makespan"": ""134"", ""makespan_lb"": ""130"", ""map_file"": ""den312d.map"", ""pp_demote_rounds"": ""0"", ""pp_failed"": ""0"", ""pp_order"": ""traffic-last"", ""pp_plan_ms"": ""12.7"", ""pp_plan_soc"": ""6582"", ""pp_tl"": ""0"", ""pp_used"": ""1"", ""seed"": ""0"", ""soc"": ""6582"", ""soc_lb"": ""5314"", ""solved"": ""1"", ""solver"": ""planner"", ""sum_of_loss"": ""5647"", ""sum_of_loss_lb"": ""5314""}"
pp_guided_tl:traffic,PP-guided (traffic-last),den312d,den312d-random-4,100,1,30.0,solved,0.078543,0.018,6582,134,5597,5314,130,1.238615,0,,/home/carsten/Projects/MAPF/MAPF Evaluator/results/pptl-den312d/runs/pp_guided_tl_traffic/den312d/den312d-random-4_a100_s1_r0,,,"{""agents"": ""100"", ""comp_time"": ""18"", ""first_ms"": ""17.9"", ""makespan"": ""134"", ""makespan_lb"": ""130"", ""map_file"": ""den312d.map"", ""pp_demote_rounds"": ""0"", ""pp_failed"": ""0"", ""pp_order"": ""traffic-last"", ""pp_plan_ms"": ""12.9"", ""pp_plan_soc"": ""6582"", ""pp_tl"": ""0"", ""pp_used"": ""1"", ""seed"": ""1"", ""soc"": ""6582"", ""soc_lb"": ""5314"", ""solved"": ""1"", ""solver"": ""planner"", ""sum_of_loss"": ""5647"", ""sum_of_loss_lb"": ""5314""}"
pp_guided_tl:traffic,PP-guided (traffic-last),den312d,den312d-random-4,100,2,30.0,solved,0.090164,0.018,6582,134,5597,5314,130,1.238615,0,,/home/carsten/Projects/MAPF/MAPF Evaluator/results/pptl-den312d/runs/pp_guided_tl_traffic/den312d/den312d-random-4_a100_s2_r0,,,"{""agents"": ""100"", ""comp_time"": ""18"", ""first_ms"": ""18.2"", ""makespan"": ""134"", ""makespan_lb"": ""130"", ""map_file"": ""den312d.map"", ""pp_demote_rounds"": ""0"", ""pp_failed"": ""0"", ""pp_order"": ""traffic-last"", ""pp_plan_ms"": ""12.8"", ""pp_plan_soc"": ""6582"", ""pp_tl"": ""0"", ""pp_used"": ""1"", ""seed"": ""2"", ""soc"": ""6582"", ""soc_lb"": ""5314"", ""solved"": ""1"", ""solver"": ""planner"", ""sum_of_loss"": ""5647"", ""sum_of_loss_lb"": ""5314""}"
pp_guided_tl:traffic_tl,PP-guided (traffic-last) + traffic load in SIPP,den312d,den312d-random-4,100,0,30.0,solved,0.084492,0.025,6263,133,5627,5314,130,1.178585,0,,/home/carsten/Projects/MAPF/MAPF Evaluator/results/pptl-den312d/runs/pp_guided_tl_traffic_tl/den312d/den312d-random-4_a100_s0_r0,,,"{""agents"": ""100"", ""comp_time"": ""25"", ""first_ms"": ""25.1"", ""makespan"": ""133"", ""makespan_lb"": ""130"", ""map_file"": ""den312d.map"", ""pp_demote_rounds"": ""0"", ""pp_failed"": ""0"", ""pp_order"": ""traffic-last"", ""pp_plan_ms"": ""18.7"", ""pp_plan_soc"": ""6263"", ""pp_tl"": ""1"", ""pp_used"": ""1"", ""seed"": ""0"", ""soc"": ""6263"", ""soc_lb"": ""5314"", ""solved"": ""1"", ""solver"": ""planner"", ""sum_of_loss"": ""5658"", ""sum_of_loss_lb"": ""5314""}"
pp_guided_tl:traffic_tl,PP-guided (traffic-last) + traffic load in SIPP,den312d,den312d-random-4,100,2,30.0,solved,0.04948,0.023,6263,133,5627,5314,130,1.178585,0,,/home/carsten/Projects/MAPF/MAPF Evaluator/results/pptl-den312d/runs/pp_guided_tl_traffic_tl/den312d/den312d-random-4_a100_s2_r0,,,"{""agents"": ""100"", ""comp_time"": ""23"", ""first_ms"": ""23.7"", ""makespan"": ""133"", ""makespan_lb"": ""130"", ""map_file"": ""den312d.map"", ""pp_demote_rounds"": ""0"", ""pp_failed"": ""0"", ""pp_order"": ""traffic-last"", ""pp_plan_ms"": ""17.3"", ""pp_plan_soc"": ""6263"", ""pp_tl"": ""1"", ""pp_used"": ""1"", ""seed"": ""2"", ""soc"": ""6263"", ""soc_lb"": ""5314"", ""solved"": ""1"", ""solver"": ""planner"", ""sum_of_loss"": ""5658"", ""sum_of_loss_lb"": ""5314""}"
pp_guided_tl:traffic_tl,PP-guided (traffic-last) + traffic load in SIPP,den312d,den312d-random-4,100,1,30.0,solved,0.161194,0.023,6263,133,5627,5314,130,1.178585,0,,/home/carsten/Projects/MAPF/MAPF Evaluator/results/pptl-den312d/runs/pp_guided_tl_traffic_tl/den312d/den312d-random-4_a100_s1_r0,,,"{""agents"": ""100"", ""comp_time"": ""23"", ""first_ms"": ""23.7"", ""makespan"": ""133"", ""makespan_lb"": ""130"", ""map_file"": ""den312d.map"", ""pp_demote_rounds"": ""0"", ""pp_failed"": ""0"", ""pp_order"": ""traffic-last"", ""pp_plan_ms"": ""17.4"", ""pp_plan_soc"": ""6263"", ""pp_tl"": ""1"", ""pp_used"": ""1"", ""seed"": ""1"", ""soc"": ""6263"", ""soc_lb"": ""5314"", ""solved"": ""1"", ""solver"": ""planner"", ""sum_of_loss"": ""5658"", ""sum_of_loss_lb"": ""5314""}"
pp_guided_tl:shortest,PP-guided (shortest first),den312d,den312d-random-4,150,0,30.0,solved,0.135155,0.023,8258,137,8252,7898,130,1.045581,0,,/home/carsten/Projects/MAPF/MAPF Evaluator/results/pptl-den312d/runs/pp_guided_tl_shortest/den312d/den312d-random-4_a150_s0_r0,,,"{""agents"": ""150"", ""comp_time"": ""23"", ""first_ms"": ""22.8"", ""makespan"": ""137"", ""makespan_lb"": ""130"", ""map_file"": ""den312d.map"", ""pp_demote_rounds"": ""0"", ""pp_failed"": ""0"", ""pp_order"": ""shortest"", ""pp_plan_ms"": ""15.9"", ""pp_plan_soc"": ""8258"", ""pp_tl"": ""0"", ""pp_used"": ""1"", ""seed"": ""0"", ""soc"": ""8258"", ""soc_lb"": ""7898"", ""solved"": ""1"", ""solver"": ""planner"", ""sum_of_loss"": ""8253"", ""sum_of_loss_lb"": ""7898""}"
pp_guided_tl:shortest,PP-guided (shortest first),den312d,den312d-random-4,150,1,30.0,solved,0.069554,0.023,8258,137,8252,7898,130,1.045581,0,,/home/carsten/Projects/MAPF/MAPF Evaluator/results/pptl-den312d/runs/pp_guided_tl_shortest/den312d/den312d-random-4_a150_s1_r0,,,"{""agents"": ""150"", ""comp_time"": ""23"", ""first_ms"": ""22.7"", ""makespan"": ""137"", ""makespan_lb"": ""130"", ""map_file"": ""den312d.map"", ""pp_demote_rounds"": ""0"", ""pp_failed"": ""0"", ""pp_order"": ""shortest"", ""pp_plan_ms"": ""16.1"", ""pp_plan_soc"": ""8258"", ""pp_tl"": ""0"", ""pp_used"": ""1"", ""seed"": ""1"", ""soc"": ""8258"", ""soc_lb"": ""7898"", ""solved"": ""1"", ""solver"": ""planner"", ""sum_of_loss"": ""8253"", ""sum_of_loss_lb"": ""7898""}"
pp_guided_tl:shortest_tl,PP-guided (shortest first) + traffic load in SIPP,den312d,den312d-random-4,150,0,30.0,solved,0.082744,0.03,8162,138,8162,7898,130,1.033426,0,,/home/carsten/Projects/MAPF/MAPF Evaluator/results/pptl-den312d/runs/pp_guided_tl_shortest_tl/den312d/den312d-random-4_a150_s0_r0,,,"{""agents"": ""150"", ""comp_time"": ""30"", ""first_ms"": ""30.0"", ""makespan"": ""138"", ""makespan_lb"": ""130"", ""map_file"": ""den312d.map"", ""pp_demote_rounds"": ""0"", ""pp_failed"": ""0"", ""pp_order"": ""shortest"", ""pp_plan_ms"": ""21.2"", ""pp_plan_soc"": ""8162"", ""pp_tl"": ""1"", ""pp_used"": ""1"", ""seed"": ""0"", ""soc"": ""8162"", ""soc_lb"": ""7898"", ""solved"": ""1"", ""solver"": ""planner"", ""sum_of_loss"": ""8162"", ""sum_of_loss_lb"": ""7898""}"
pp_guided_tl:shortest_tl,PP-guided (shortest first) + traffic load in SIPP,den312d,den312d-random-4,150,1,30.0,solved,0.149078,0.03,8162,138,8162,7898,130,1.033426,0,,/home/carsten/Projects/MAPF/MAPF Evaluator/results/pptl-den312d/runs/pp_guided_tl_shortest_tl/den312d/den312d-random-4_a150_s1_r0,,,"{""agents"": ""150"", ""comp_time"": ""30"", ""first_ms"": ""29.9"", ""makespan"": ""138"", ""makespan_lb"": ""130"", ""map_file"": ""den312d.map"", ""pp_demote_rounds"": ""0"", ""pp_failed"": ""0"", ""pp_order"": ""shortest"", ""pp_plan_ms"": ""21.3"", ""pp_plan_soc"": ""8162"", ""pp_tl"": ""1"", ""pp_used"": ""1"", ""seed"": ""1"", ""soc"": ""8162"", ""soc_lb"": ""7898"", ""solved"": ""1"", ""solver"": ""planner"", ""sum_of_loss"": ""8162"", ""sum_of_loss_lb"": ""7898""}"
pp_guided_tl:shortest,PP-guided (shortest first),den312d,den312d-random-4,150,2,30.0,solved,0.12878,0.024,8258,137,8252,7898,130,1.045581,0,,/home/carsten/Projects/MAPF/MAPF Evaluator/results/pptl-den312d/runs/pp_guided_tl_shortest/den312d/den312d-random-4_a150_s2_r0,,,"{""agents"": ""150"", ""comp_time"": ""24"", ""first_ms"": ""23.6"", ""makespan"": ""137"", ""makespan_lb"": ""130"", ""map_file"": ""den312d.map"", ""pp_demote_rounds"": ""0"", ""pp_failed"": ""0"", ""pp_order"": ""shortest"", ""pp_plan_ms"": ""16.9"", ""pp_plan_soc"": ""8258"", ""pp_tl"": ""0"", ""pp_used"": ""1"", ""seed"": ""2"", ""soc"": ""8258"", ""soc_lb"": ""7898"", ""solved"": ""1"", ""solver"": ""planner"", ""sum_of_loss"": ""8253"", ""sum_of_loss_lb"": ""7898""}"
pp_guided_tl:traffic,PP-guided (traffic-last),den312d,den312d-random-4,150,0,30.0,solved,0.10143,0.033,9790,134,8513,7898,130,1.239554,0,,/home/carsten/Projects/MAPF/MAPF Evaluator/results/pptl-den312d/runs/pp_guided_tl_traffic/den312d/den312d-random-4_a150_s0_r0,,,"{""agents"": ""150"", ""comp_time"": ""33"", ""first_ms"": ""33.0"", ""makespan"": ""134"", ""makespan_lb"": ""130"", ""map_file"": ""den312d.map"", ""pp_demote_rounds"": ""0"", ""pp_failed"": ""0"", ""pp_order"": ""traffic-last"", ""pp_plan_ms"": ""25.3"", ""pp_plan_soc"": ""9790"", ""pp_tl"": ""0"", ""pp_used"": ""1"", ""seed"": ""0"", ""soc"": ""9790"", ""soc_lb"": ""7898"", ""solved"": ""1"", ""solver"": ""planner"", ""sum_of_loss"": ""8607"", ""sum_of_loss_lb"": ""7898""}"
pp_guided_tl:shortest_tl,PP-guided (shortest first) + traffic load in SIPP,den312d,den312d-random-4,150,2,30.0,solved,0.093234,0.029,8162,138,8162,7898,130,1.033426,0,,/home/carsten/Projects/MAPF/MAPF Evaluator/results/pptl-den312d/runs/pp_guided_tl_shortest_tl/den312d/den312d-random-4_a150_s2_r0,,,"{""agents"": ""150"", ""comp_time"": ""29"", ""first_ms"": ""29.6"", ""makespan"": ""138"", ""makespan_lb"": ""130"", ""map_file"": ""den312d.map"", ""pp_demote_rounds"": ""0"", ""pp_failed"": ""0"", ""pp_order"": ""shortest"", ""pp_plan_ms"": ""21.0"", ""pp_plan_soc"": ""8162"", ""pp_tl"": ""1"", ""pp_used"": ""1"", ""seed"": ""2"", ""soc"": ""8162"", ""soc_lb"": ""7898"", ""solved"": ""1"", ""solver"": ""planner"", ""sum_of_loss"": ""8162"", ""sum_of_loss_lb"": ""7898""}"
pp_guided_tl:traffic,PP-guided (traffic-last),den312d,den312d-random-4,150,1,30.0,solved,0.13148,0.033,9790,134,8513,7898,130,1.239554,0,,/home/carsten/Projects/MAPF/MAPF Evaluator/results/pptl-den312d/runs/pp_guided_tl_traffic/den312d/den312d-random-4_a150_s1_r0,,,"{""agents"": ""150"", ""comp_time"": ""33"", ""first_ms"": ""32.7"", ""makespan"": ""134"", ""makespan_lb"": ""130"", ""map_file"": ""den312d.map"", ""pp_demote_rounds"": ""0"", ""pp_failed"": ""0"", ""pp_order"": ""traffic-last"", ""pp_plan_ms"": ""25.0"", ""pp_plan_soc"": ""9790"", ""pp_tl"": ""0"", ""pp_used"": ""1"", ""seed"": ""1"", ""soc"": ""9790"", ""soc_lb"": ""7898"", ""solved"": ""1"", ""solver"": ""planner"", ""sum_of_loss"": ""8607"", ""sum_of_loss_lb"": ""7898""}"
pp_guided_tl:traffic,PP-guided (traffic-last),den312d,den312d-random-4,150,2,30.0,solved,0.11703,0.034,9790,134,8513,7898,130,1.239554,0,,/home/carsten/Projects/MAPF/MAPF Evaluator/results/pptl-den312d/runs/pp_guided_tl_traffic/den312d/den312d-random-4_a150_s2_r0,,,"{""agents"": ""150"", ""comp_time"": ""34"", ""first_ms"": ""33.8"", ""makespan"": ""134"", ""makespan_lb"": ""130"", ""map_file"": ""den312d.map"", ""pp_demote_rounds"": ""0"", ""pp_failed"": ""0"", ""pp_order"": ""traffic-last"", ""pp_plan_ms"": ""26.2"", ""pp_plan_soc"": ""9790"", ""pp_tl"": ""0"", ""pp_used"": ""1"", ""seed"": ""2"", ""soc"": ""9790"", ""soc_lb"": ""7898"", ""solved"": ""1"", ""solver"": ""planner"", ""sum_of_loss"": ""8607"", ""sum_of_loss_lb"": ""7898""}"
pp_guided_tl:traffic_tl,PP-guided (traffic-last) + traffic load in SIPP,den312d,den312d-random-4,150,0,30.0,solved,0.205352,0.041,9383,134,8489,7898,130,1.188022,0,,/home/carsten/Projects/MAPF/MAPF Evaluator/results/pptl-den312d/runs/pp_guided_tl_traffic_tl/den312d/den312d-random-4_a150_s0_r0,,,"{""agents"": ""150"", ""comp_time"": ""41"", ""first_ms"": ""41.7"", ""makespan"": ""134"", ""makespan_lb"": ""130"", ""map_file"": ""den312d.map"", ""pp_demote_rounds"": ""0"", ""pp_failed"": ""0"", ""pp_order"": ""traffic-last"", ""pp_plan_ms"": ""31.8"", ""pp_plan_soc"": ""9383"", ""pp_tl"": ""1"", ""pp_used"": ""1"", ""seed"": ""0"", ""soc"": ""9383"", ""soc_lb"": ""7898"", ""solved"": ""1"", ""solver"": ""planner"", ""sum_of_loss"": ""8544"", ""sum_of_loss_lb"": ""7898""}"
pp_guided_tl:traffic_tl,PP-guided (traffic-last) + traffic load in SIPP,den312d,den312d-random-4,150,1,30.0,solved,0.111925,0.041,9383,134,8489,7898,130,1.188022,0,,/home/carsten/Projects/MAPF/MAPF Evaluator/results/pptl-den312d/runs/pp_guided_tl_traffic_tl/den312d/den312d-random-4_a150_s1_r0,,,"{""agents"": ""150"", ""comp_time"": ""41"", ""first_ms"": ""40.8"", ""makespan"": ""134"", ""makespan_lb"": ""130"", ""map_file"": ""den312d.map"", ""pp_demote_rounds"": ""0"", ""pp_failed"": ""0"", ""pp_order"": ""traffic-last"", ""pp_plan_ms"": ""31.5"", ""pp_plan_soc"": ""9383"", ""pp_tl"": ""1"", ""pp_used"": ""1"", ""seed"": ""1"", ""soc"": ""9383"", ""soc_lb"": ""7898"", ""solved"": ""1"", ""solver"": ""planner"", ""sum_of_loss"": ""8544"", ""sum_of_loss_lb"": ""7898""}"
pp_guided_tl:shortest,PP-guided (shortest first),den312d,den312d-random-4,200,0,30.0,solved,0.092026,0.04,11464,148,11443,10597,130,1.081816,0,,/home/carsten/Projects/MAPF/MAPF Evaluator/results/pptl-den312d/runs/pp_guided_tl_shortest/den312d/den312d-random-4_a200_s0_r0,,,"{""agents"": ""200"", ""comp_time"": ""40"", ""first_ms"": ""40.1"", ""makespan"": ""148"", ""makespan_lb"": ""130"", ""map_file"": ""den312d.map"", ""pp_demote_rounds"": ""0"", ""pp_failed"": ""0"", ""pp_order"": ""shortest"", ""pp_plan_ms"": ""30.2"", ""pp_plan_soc"": ""11464"", ""pp_tl"": ""0"", ""pp_used"": ""1"", ""seed"": ""0"", ""soc"": ""11464"", ""soc_lb"": ""10597"", ""solved"": ""1"", ""solver"": ""planner"", ""sum_of_loss"": ""11444"", ""sum_of_loss_lb"": ""10597""}"
pp_guided_tl:traffic_tl,PP-guided (traffic-last) + traffic load in SIPP,den312d,den312d-random-4,150,2,30.0,solved,0.076899,0.041,9383,134,8489,7898,130,1.188022,0,,/home/carsten/Projects/MAPF/MAPF Evaluator/results/pptl-den312d/runs/pp_guided_tl_traffic_tl/den312d/den312d-random-4_a150_s2_r0,,,"{""agents"": ""150"", ""comp_time"": ""41"", ""first_ms"": ""40.8"", ""makespan"": ""134"", ""makespan_lb"": ""130"", ""map_file"": ""den312d.map"", ""pp_demote_rounds"": ""0"", ""pp_failed"": ""0"", ""pp_order"": ""traffic-last"", ""pp_plan_ms"": ""31.3"", ""pp_plan_soc"": ""9383"", ""pp_tl"": ""1"", ""pp_used"": ""1"", ""seed"": ""2"", ""soc"": ""9383"", ""soc_lb"": ""7898"", ""solved"": ""1"", ""solver"": ""planner"", ""sum_of_loss"": ""8544"", ""sum_of_loss_lb"": ""7898""}"
pp_guided_tl:shortest,PP-guided (shortest first),den312d,den312d-random-4,200,2,30.0,solved,0.160959,0.041,11464,148,11443,10597,130,1.081816,0,,/home/carsten/Projects/MAPF/MAPF Evaluator/results/pptl-den312d/runs/pp_guided_tl_shortest/den312d/den312d-random-4_a200_s2_r0,,,"{""agents"": ""200"", ""comp_time"": ""41"", ""first_ms"": ""41.5"", ""makespan"": ""148"", ""makespan_lb"": ""130"", ""map_file"": ""den312d.map"", ""pp_demote_rounds"": ""0"", ""pp_failed"": ""0"", ""pp_order"": ""shortest"", ""pp_plan_ms"": ""30.5"", ""pp_plan_soc"": ""11464"", ""pp_tl"": ""0"", ""pp_used"": ""1"", ""seed"": ""2"", ""soc"": ""11464"", ""soc_lb"": ""10597"", ""solved"": ""1"", ""solver"": ""planner"", ""sum_of_loss"": ""11444"", ""sum_of_loss_lb"": ""10597""}"
pp_guided_tl:shortest,PP-guided (shortest first),den312d,den312d-random-4,200,1,30.0,solved,0.176241,0.041,11464,148,11443,10597,130,1.081816,0,,/home/carsten/Projects/MAPF/MAPF Evaluator/results/pptl-den312d/runs/pp_guided_tl_shortest/den312d/den312d-random-4_a200_s1_r0,,,"{""agents"": ""200"", ""comp_time"": ""41"", ""first_ms"": ""40.4"", ""makespan"": ""148"", ""makespan_lb"": ""130"", ""map_file"": ""den312d.map"", ""pp_demote_rounds"": ""0"", ""pp_failed"": ""0"", ""pp_order"": ""shortest"", ""pp_plan_ms"": ""30.2"", ""pp_plan_soc"": ""11464"", ""pp_tl"": ""0"", ""pp_used"": ""1"", ""seed"": ""1"", ""soc"": ""11464"", ""soc_lb"": ""10597"", ""solved"": ""1"", ""solver"": ""planner"", ""sum_of_loss"": ""11444"", ""sum_of_loss_lb"": ""10597""}"
pp_guided_tl:shortest_tl,PP-guided (shortest first) + traffic load in SIPP,den312d,den312d-random-4,200,1,30.0,solved,0.127758,0.054,11573,151,11550,10597,130,1.092102,0,,/home/carsten/Projects/MAPF/MAPF Evaluator/results/pptl-den312d/runs/pp_guided_tl_shortest_tl/den312d/den312d-random-4_a200_s1_r0,,,"{""agents"": ""200"", ""comp_time"": ""54"", ""first_ms"": ""53.8"", ""makespan"": ""151"", ""makespan_lb"": ""130"", ""map_file"": ""den312d.map"", ""pp_demote_rounds"": ""0"", ""pp_failed"": ""0"", ""pp_order"": ""shortest"", ""pp_plan_ms"": ""41.1"", ""pp_plan_soc"": ""11573"", ""pp_tl"": ""1"", ""pp_used"": ""1"", ""seed"": ""1"", ""soc"": ""11573"", ""soc_lb"": ""10597"", ""solved"": ""1"", ""solver"": ""planner"", ""sum_of_loss"": ""11551"", ""sum_of_loss_lb"": ""10597""}"
pp_guided_tl:shortest_tl,PP-guided (shortest first) + traffic load in SIPP,den312d,den312d-random-4,200,0,30.0,solved,0.122924,0.053,11573,151,11550,10597,130,1.092102,0,,/home/carsten/Projects/MAPF/MAPF Evaluator/results/pptl-den312d/runs/pp_guided_tl_shortest_tl/den312d/den312d-random-4_a200_s0_r0,,,"{""agents"": ""200"", ""comp_time"": ""53"", ""first_ms"": ""53.2"", ""makespan"": ""151"", ""makespan_lb"": ""130"", ""map_file"": ""den312d.map"", ""pp_demote_rounds"": ""0"", ""pp_failed"": ""0"", ""pp_order"": ""shortest"", ""pp_plan_ms"": ""41.2"", ""pp_plan_soc"": ""11573"", ""pp_tl"": ""1"", ""pp_used"": ""1"", ""seed"": ""0"", ""soc"": ""11573"", ""soc_lb"": ""10597"", ""solved"": ""1"", ""solver"": ""planner"", ""sum_of_loss"": ""11551"", ""sum_of_loss_lb"": ""10597""}"
pp_guided_tl:traffic,PP-guided (traffic-last),den312d,den312d-random-4,200,0,30.0,solved,0.184107,0.056,14045,134,11853,10597,130,1.325375,0,,/home/carsten/Projects/MAPF/MAPF Evaluator/results/pptl-den312d/runs/pp_guided_tl_traffic/den312d/den312d-random-4_a200_s0_r0,,,"{""agents"": ""200"", ""comp_time"": ""56"", ""first_ms"": ""56.2"", ""makespan"": ""134"", ""makespan_lb"": ""130"", ""map_file"": ""den312d.map"", ""pp_demote_rounds"": ""0"", ""pp_failed"": ""0"", ""pp_order"": ""traffic-last"", ""pp_plan_ms"": ""44.9"", ""pp_plan_soc"": ""14045"", ""pp_tl"": ""0"", ""pp_used"": ""1"", ""seed"": ""0"", ""soc"": ""14045"", ""soc_lb"": ""10597"", ""solved"": ""1"", ""solver"": ""planner"", ""sum_of_loss"": ""12003"", ""sum_of_loss_lb"": ""10597""}"
pp_guided_tl:shortest_tl,PP-guided (shortest first) + traffic load in SIPP,den312d,den312d-random-4,200,2,30.0,solved,0.110691,0.055,11573,151,11550,10597,130,1.092102,0,,/home/carsten/Projects/MAPF/MAPF Evaluator/results/pptl-den312d/runs/pp_guided_tl_shortest_tl/den312d/den312d-random-4_a200_s2_r0,,,"{""agents"": ""200"", ""comp_time"": ""55"", ""first_ms"": ""54.8"", ""makespan"": ""151"", ""makespan_lb"": ""130"", ""map_file"": ""den312d.map"", ""pp_demote_rounds"": ""0"", ""pp_failed"": ""0"", ""pp_order"": ""shortest"", ""pp_plan_ms"": ""42.2"", ""pp_plan_soc"": ""11573"", ""pp_tl"": ""1"", ""pp_used"": ""1"", ""seed"": ""2"", ""soc"": ""11573"", ""soc_lb"": ""10597"", ""solved"": ""1"", ""solver"": ""planner"", ""sum_of_loss"": ""11551"", ""sum_of_loss_lb"": ""10597""}"
pp_guided_tl:traffic,PP-guided (traffic-last),den312d,den312d-random-4,200,1,30.0,solved,0.120159,0.055,14045,134,11853,10597,130,1.325375,0,,/home/carsten/Projects/MAPF/MAPF Evaluator/results/pptl-den312d/runs/pp_guided_tl_traffic/den312d/den312d-random-4_a200_s1_r0,,,"{""agents"": ""200"", ""comp_time"": ""55"", ""first_ms"": ""55.2"", ""makespan"": ""134"", ""makespan_lb"": ""130"", ""map_file"": ""den312d.map"", ""pp_demote_rounds"": ""0"", ""pp_failed"": ""0"", ""pp_order"": ""traffic-last"", ""pp_plan_ms"": ""44.3"", ""pp_plan_soc"": ""14045"", ""pp_tl"": ""0"", ""pp_used"": ""1"", ""seed"": ""1"", ""soc"": ""14045"", ""soc_lb"": ""10597"", ""solved"": ""1"", ""solver"": ""planner"", ""sum_of_loss"": ""12003"", ""sum_of_loss_lb"": ""10597""}"
pp_guided_tl:traffic,PP-guided (traffic-last),den312d,den312d-random-4,200,2,30.0,solved,0.120185,0.056,14045,134,11853,10597,130,1.325375,0,,/home/carsten/Projects/MAPF/MAPF Evaluator/results/pptl-den312d/runs/pp_guided_tl_traffic/den312d/den312d-random-4_a200_s2_r0,,,"{""agents"": ""200"", ""comp_time"": ""56"", ""first_ms"": ""55.7"", ""makespan"": ""134"", ""makespan_lb"": ""130"", ""map_file"": ""den312d.map"", ""pp_demote_rounds"": ""0"", ""pp_failed"": ""0"", ""pp_order"": ""traffic-last"", ""pp_plan_ms"": ""44.9"", ""pp_plan_soc"": ""14045"", ""pp_tl"": ""0"", ""pp_used"": ""1"", ""seed"": ""2"", ""soc"": ""14045"", ""soc_lb"": ""10597"", ""solved"": ""1"", ""solver"": ""planner"", ""sum_of_loss"": ""12003"", ""sum_of_loss_lb"": ""10597""}"
pp_guided_tl:traffic_tl,PP-guided (traffic-last) + traffic load in SIPP,den312d,den312d-random-4,200,0,30.0,solved,0.121079,0.067,13729,132,11736,10597,130,1.295555,0,,/home/carsten/Projects/MAPF/MAPF Evaluator/results/pptl-den312d/runs/pp_guided_tl_traffic_tl/den312d/den312d-random-4_a200_s0_r0,,,"{""agents"": ""200"", ""comp_time"": ""67"", ""first_ms"": ""66.5"", ""makespan"": ""132"", ""makespan_lb"": ""130"", ""map_file"": ""den312d.map"", ""pp_demote_rounds"": ""0"", ""pp_failed"": ""0"", ""pp_order"": ""traffic-last"", ""pp_plan_ms"": ""54.0"", ""pp_plan_soc"": ""13729"", ""pp_tl"": ""1"", ""pp_used"": ""1"", ""seed"": ""0"", ""soc"": ""13729"", ""soc_lb"": ""10597"", ""solved"": ""1"", ""solver"": ""planner"", ""sum_of_loss"": ""11851"", ""sum_of_loss_lb"": ""10597""}"
pp_guided_tl:shortest,PP-guided (shortest first),den312d,den312d-random-5,50,0,30.0,solved,0.060517,0.005,2647,109,2647,2603,105,1.016904,0,,/home/carsten/Projects/MAPF/MAPF Evaluator/results/pptl-den312d/runs/pp_guided_tl_shortest/den312d/den312d-random-5_a50_s0_r0,,,"{""agents"": ""50"", ""comp_time"": ""5"", ""first_ms"": ""4.8"", ""makespan"": ""109"", ""makespan_lb"": ""105"", ""map_file"": ""den312d.map"", ""pp_demote_rounds"": ""0"", ""pp_failed"": ""0"", ""pp_order"": ""shortest"", ""pp_plan_ms"": ""3.3"", ""pp_plan_soc"": ""2647"", ""pp_tl"": ""0"", ""pp_used"": ""1"", ""seed"": ""0"", ""soc"": ""2647"", ""soc_lb"": ""2603"", ""solved"": ""1"", ""solver"": ""planner"", ""sum_of_loss"": ""2647"", ""sum_of_loss_lb"": ""2603""}"
pp_guided_tl:traffic_tl,PP-guided (traffic-last) + traffic load in SIPP,den312d,den312d-random-4,200,1,30.0,solved,0.136652,0.067,13729,132,11736,10597,130,1.295555,0,,/home/carsten/Projects/MAPF/MAPF Evaluator/results/pptl-den312d/runs/pp_guided_tl_traffic_tl/den312d/den312d-random-4_a200_s1_r0,,,"{""agents"": ""200"", ""comp_time"": ""67"", ""first_ms"": ""66.7"", ""makespan"": ""132"", ""makespan_lb"": ""130"", ""map_file"": ""den312d.map"", ""pp_demote_rounds"": ""0"", ""pp_failed"": ""0"", ""pp_order"": ""traffic-last"", ""pp_plan_ms"": ""53.8"", ""pp_plan_soc"": ""13729"", ""pp_tl"": ""1"", ""pp_used"": ""1"", ""seed"": ""1"", ""soc"": ""13729"", ""soc_lb"": ""10597"", ""solved"": ""1"", ""solver"": ""planner"", ""sum_of_loss"": ""11851"", ""sum_of_loss_lb"": ""10597""}"
pp_guided_tl:shortest,PP-guided (shortest first),den312d,den312d-random-5,50,1,30.0,solved,0.059177,0.005,2647,109,2647,2603,105,1.016904,0,,/home/carsten/Projects/MAPF/MAPF Evaluator/results/pptl-den312d/runs/pp_guided_tl_shortest/den312d/den312d-random-5_a50_s1_r0,,,"{""agents"": ""50"", ""comp_time"": ""5"", ""first_ms"": ""5.8"", ""makespan"": ""109"", ""makespan_lb"": ""105"", ""map_file"": ""den312d.map"", ""pp_demote_rounds"": ""0"", ""pp_failed"": ""0"", ""pp_order"": ""shortest"", ""pp_plan_ms"": ""3.4"", ""pp_plan_soc"": ""2647"", ""pp_tl"": ""0"", ""pp_used"": ""1"", ""seed"": ""1"", ""soc"": ""2647"", ""soc_lb"": ""2603"", ""solved"": ""1"", ""solver"": ""planner"", ""sum_of_loss"": ""2647"", ""sum_of_loss_lb"": ""2603""}"
pp_guided_tl:shortest,PP-guided (shortest first),den312d,den312d-random-5,50,2,30.0,solved,0.034852,0.005,2647,109,2647,2603,105,1.016904,0,,/home/carsten/Projects/MAPF/MAPF Evaluator/results/pptl-den312d/runs/pp_guided_tl_shortest/den312d/den312d-random-5_a50_s2_r0,,,"{""agents"": ""50"", ""comp_time"": ""5"", ""first_ms"": ""4.8"", ""makespan"": ""109"", ""makespan_lb"": ""105"", ""map_file"": ""den312d.map"", ""pp_demote_rounds"": ""0"", ""pp_failed"": ""0"", ""pp_order"": ""shortest"", ""pp_plan_ms"": ""3.3"", ""pp_plan_soc"": ""2647"", ""pp_tl"": ""0"", ""pp_used"": ""1"", ""seed"": ""2"", ""soc"": ""2647"", ""soc_lb"": ""2603"", ""solved"": ""1"", ""solver"": ""planner"", ""sum_of_loss"": ""2647"", ""sum_of_loss_lb"": ""2603""}"
pp_guided_tl:shortest_tl,PP-guided (shortest first) + traffic load in SIPP,den312d,den312d-random-5,50,1,30.0,solved,0.025028,0.008,2630,105,2630,2603,105,1.010373,0,,/home/carsten/Projects/MAPF/MAPF Evaluator/results/pptl-den312d/runs/pp_guided_tl_shortest_tl/den312d/den312d-random-5_a50_s1_r0,,,"{""agents"": ""50"", ""comp_time"": ""8"", ""first_ms"": ""7.7"", ""makespan"": ""105"", ""makespan_lb"": ""105"", ""map_file"": ""den312d.map"", ""pp_demote_rounds"": ""0"", ""pp_failed"": ""0"", ""pp_order"": ""shortest"", ""pp_plan_ms"": ""5.3"", ""pp_plan_soc"": ""2630"", ""pp_tl"": ""1"", ""pp_used"": ""1"", ""seed"": ""1"", ""soc"": ""2630"", ""soc_lb"": ""2603"", ""solved"": ""1"", ""solver"": ""planner"", ""sum_of_loss"": ""2630"", ""sum_of_loss_lb"": ""2603""}"
pp_guided_tl:shortest_tl,PP-guided (shortest first) + traffic load in SIPP,den312d,den312d-random-5,50,0,30.0,solved,0.053346,0.008,2630,105,2630,2603,105,1.010373,0,,/home/carsten/Projects/MAPF/MAPF Evaluator/results/pptl-den312d/runs/pp_guided_tl_shortest_tl/den312d/den312d-random-5_a50_s0_r0,,,"{""agents"": ""50"", ""comp_time"": ""8"", ""first_ms"": ""7.7"", ""makespan"": ""105"", ""makespan_lb"": ""105"", ""map_file"": ""den312d.map"", ""pp_demote_rounds"": ""0"", ""pp_failed"": ""0"", ""pp_order"": ""shortest"", ""pp_plan_ms"": ""5.3"", ""pp_plan_soc"": ""2630"", ""pp_tl"": ""1"", ""pp_used"": ""1"", ""seed"": ""0"", ""soc"": ""2630"", ""soc_lb"": ""2603"", ""solved"": ""1"", ""solver"": ""planner"", ""sum_of_loss"": ""2630"", ""sum_of_loss_lb"": ""2603""}"
pp_guided_tl:traffic_tl,PP-guided (traffic-last) + traffic load in SIPP,den312d,den312d-random-4,200,2,30.0,solved,0.09196,0.07,13729,132,11736,10597,130,1.295555,0,,/home/carsten/Projects/MAPF/MAPF Evaluator/results/pptl-den312d/runs/pp_guided_tl_traffic_tl/den312d/den312d-random-4_a200_s2_r0,,,"{""agents"": ""200"", ""comp_time"": ""70"", ""first_ms"": ""70.6"", ""makespan"": ""132"", ""makespan_lb"": ""130"", ""map_file"": ""den312d.map"", ""pp_demote_rounds"": ""0"", ""pp_failed"": ""0"", ""pp_order"": ""traffic-last"", ""pp_plan_ms"": ""57.5"", ""pp_plan_soc"": ""13729"", ""pp_tl"": ""1"", ""pp_used"": ""1"", ""seed"": ""2"", ""soc"": ""13729"", ""soc_lb"": ""10597"", ""solved"": ""1"", ""solver"": ""planner"", ""sum_of_loss"": ""11851"", ""sum_of_loss_lb"": ""10597""}"
pp_guided_tl:shortest_tl,PP-guided (shortest first) + traffic load in SIPP,den312d,den312d-random-5,50,2,30.0,solved,0.120664,0.008,2630,105,2630,2603,105,1.010373,0,,/home/carsten/Projects/MAPF/MAPF Evaluator/results/pptl-den312d/runs/pp_guided_tl_shortest_tl/den312d/den312d-random-5_a50_s2_r0,,,"{""agents"": ""50"", ""comp_time"": ""8"", ""first_ms"": ""7.8"", ""makespan"": ""105"", ""makespan_lb"": ""105"", ""map_file"": ""den312d.map"", ""pp_demote_rounds"": ""0"", ""pp_failed"": ""0"", ""pp_order"": ""shortest"", ""pp_plan_ms"": ""5.3"", ""pp_plan_soc"": ""2630"", ""pp_tl"": ""1"", ""pp_used"": ""1"", ""seed"": ""2"", ""soc"": ""2630"", ""soc_lb"": ""2603"", ""solved"": ""1"", ""solver"": ""planner"", ""sum_of_loss"": ""2630"", ""sum_of_loss_lb"": ""2603""}"
pp_guided_tl:traffic,PP-guided (traffic-last),den312d,den312d-random-5,50,0,30.0,solved,0.049452,0.006,2868,107,2656,2603,105,1.101806,0,,/home/carsten/Projects/MAPF/MAPF Evaluator/results/pptl-den312d/runs/pp_guided_tl_traffic/den312d/den312d-random-5_a50_s0_r0,,,"{""agents"": ""50"", ""comp_time"": ""6"", ""first_ms"": ""5.8"", ""makespan"": ""107"", ""makespan_lb"": ""105"", ""map_file"": ""den312d.map"", ""pp_demote_rounds"": ""0"", ""pp_failed"": ""0"", ""pp_order"": ""traffic-last"", ""pp_plan_ms"": ""3.9"", ""pp_plan_soc"": ""2868"", ""pp_tl"": ""0"", ""pp_used"": ""1"", ""seed"": ""0"", ""soc"": ""2868"", ""soc_lb"": ""2603"", ""solved"": ""1"", ""solver"": ""planner"", ""sum_of_loss"": ""2666"", ""sum_of_loss_lb"": ""2603""}"
pp_guided_tl:traffic,PP-guided (traffic-last),den312d,den312d-random-5,50,1,30.0,solved,0.056993,0.006,2868,107,2656,2603,105,1.101806,0,,/home/carsten/Projects/MAPF/MAPF Evaluator/results/pptl-den312d/runs/pp_guided_tl_traffic/den312d/den312d-random-5_a50_s1_r0,,,"{""agents"": ""50"", ""comp_time"": ""6"", ""first_ms"": ""5.7"", ""makespan"": ""107"", ""makespan_lb"": ""105"", ""map_file"": ""den312d.map"", ""pp_demote_rounds"": ""0"", ""pp_failed"": ""0"", ""pp_order"": ""traffic-last"", ""pp_plan_ms"": ""3.8"", ""pp_plan_soc"": ""2868"", ""pp_tl"": ""0"", ""pp_used"": ""1"", ""seed"": ""1"", ""soc"": ""2868"", ""soc_lb"": ""2603"", ""solved"": ""1"", ""solver"": ""planner"", ""sum_of_loss"": ""2666"", ""sum_of_loss_lb"": ""2603""}"
pp_guided_tl:traffic,PP-guided (traffic-last),den312d,den312d-random-5,50,2,30.0,solved,0.029635,0.006,2868,107,2656,2603,105,1.101806,0,,/home/carsten/Projects/MAPF/MAPF Evaluator/results/pptl-den312d/runs/pp_guided_tl_traffic/den312d/den312d-random-5_a50_s2_r0,,,"{""agents"": ""50"", ""comp_time"": ""6"", ""first_ms"": ""5.7"", ""makespan"": ""107"", ""makespan_lb"": ""105"", ""map_file"": ""den312d.map"", ""pp_demote_rounds"": ""0"", ""pp_failed"": ""0"", ""pp_order"": ""traffic-last"", ""pp_plan_ms"": ""3.8"", ""pp_plan_soc"": ""2868"", ""pp_tl"": ""0"", ""pp_used"": ""1"", ""seed"": ""2"", ""soc"": ""2868"", ""soc_lb"": ""2603"", ""solved"": ""1"", ""solver"": ""planner"", ""sum_of_loss"": ""2666"", ""sum_of_loss_lb"": ""2603""}"
pp_guided_tl:traffic_tl,PP-guided (traffic-last) + traffic load in SIPP,den312d,den312d-random-5,50,0,30.0,solved,0.095162,0.009,2796,105,2671,2603,105,1.074145,0,,/home/carsten/Projects/MAPF/MAPF Evaluator/results/pptl-den312d/runs/pp_guided_tl_traffic_tl/den312d/den312d-random-5_a50_s0_r0,,,"{""agents"": ""50"", ""comp_time"": ""9"", ""first_ms"": ""8.7"", ""makespan"": ""105"", ""makespan_lb"": ""105"", ""map_file"": ""den312d.map"", ""pp_demote_rounds"": ""0"", ""pp_failed"": ""0"", ""pp_order"": ""traffic-last"", ""pp_plan_ms"": ""5.9"", ""pp_plan_soc"": ""2796"", ""pp_tl"": ""1"", ""pp_used"": ""1"", ""seed"": ""0"", ""soc"": ""2796"", ""soc_lb"": ""2603"", ""solved"": ""1"", ""solver"": ""planner"", ""sum_of_loss"": ""2677"", ""sum_of_loss_lb"": ""2603""}"
pp_guided_tl:traffic_tl,PP-guided (traffic-last) + traffic load in SIPP,den312d,den312d-random-5,50,1,30.0,solved,0.087516,0.009,2796,105,2671,2603,105,1.074145,0,,/home/carsten/Projects/MAPF/MAPF Evaluator/results/pptl-den312d/runs/pp_guided_tl_traffic_tl/den312d/den312d-random-5_a50_s1_r0,,,"{""agents"": ""50"", ""comp_time"": ""9"", ""first_ms"": ""8.7"", ""makespan"": ""105"", ""makespan_lb"": ""105"", ""map_file"": ""den312d.map"", ""pp_demote_rounds"": ""0"", ""pp_failed"": ""0"", ""pp_order"": ""traffic-last"", ""pp_plan_ms"": ""5.9"", ""pp_plan_soc"": ""2796"", ""pp_tl"": ""1"", ""pp_used"": ""1"", ""seed"": ""1"", ""soc"": ""2796"", ""soc_lb"": ""2603"", ""solved"": ""1"", ""solver"": ""planner"", ""sum_of_loss"": ""2677"", ""sum_of_loss_lb"": ""2603""}"
pp_guided_tl:traffic_tl,PP-guided (traffic-last) + traffic load in SIPP,den312d,den312d-random-5,50,2,30.0,solved,0.10044,0.008,2796,105,2671,2603,105,1.074145,0,,/home/carsten/Projects/MAPF/MAPF Evaluator/results/pptl-den312d/runs/pp_guided_tl_traffic_tl/den312d/den312d-random-5_a50_s2_r0,,,"{""agents"": ""50"", ""comp_time"": ""8"", ""first_ms"": ""8.7"", ""makespan"": ""105"", ""makespan_lb"": ""105"", ""map_file"": ""den312d.map"", ""pp_demote_rounds"": ""0"", ""pp_failed"": ""0"", ""pp_order"": ""traffic-last"", ""pp_plan_ms"": ""5.8"", ""pp_plan_soc"": ""2796"", ""pp_tl"": ""1"", ""pp_used"": ""1"", ""seed"": ""2"", ""soc"": ""2796"", ""soc_lb"": ""2603"", ""solved"": ""1"", ""solver"": ""planner"", ""sum_of_loss"": ""2677"", ""sum_of_loss_lb"": ""2603""}"
pp_guided_tl:shortest,PP-guided (shortest first),den312d,den312d-random-5,100,0,30.0,solved,0.096693,0.012,5553,112,5553,5396,108,1.029096,0,,/home/carsten/Projects/MAPF/MAPF Evaluator/results/pptl-den312d/runs/pp_guided_tl_shortest/den312d/den312d-random-5_a100_s0_r0,,,"{""agents"": ""100"", ""comp_time"": ""12"", ""first_ms"": ""12.3"", ""makespan"": ""112"", ""makespan_lb"": ""108"", ""map_file"": ""den312d.map"", ""pp_demote_rounds"": ""0"", ""pp_failed"": ""0"", ""pp_order"": ""shortest"", ""pp_plan_ms"": ""8.5"", ""pp_plan_soc"": ""5553"", ""pp_tl"": ""0"", ""pp_used"": ""1"", ""seed"": ""0"", ""soc"": ""5553"", ""soc_lb"": ""5396"", ""solved"": ""1"", ""solver"": ""planner"", ""sum_of_loss"": ""5553"", ""sum_of_loss_lb"": ""5396""}"
pp_guided_tl:shortest,PP-guided (shortest first),den312d,den312d-random-5,100,1,30.0,solved,0.067094,0.013,5553,112,5553,5396,108,1.029096,0,,/home/carsten/Projects/MAPF/MAPF Evaluator/results/pptl-den312d/runs/pp_guided_tl_shortest/den312d/den312d-random-5_a100_s1_r0,,,"{""agents"": ""100"", ""comp_time"": ""13"", ""first_ms"": ""13.5"", ""makespan"": ""112"", ""makespan_lb"": ""108"", ""map_file"": ""den312d.map"", ""pp_demote_rounds"": ""0"", ""pp_failed"": ""0"", ""pp_order"": ""shortest"", ""pp_plan_ms"": ""9.0"", ""pp_plan_soc"": ""5553"", ""pp_tl"": ""0"", ""pp_used"": ""1"", ""seed"": ""1"", ""soc"": ""5553"", ""soc_lb"": ""5396"", ""solved"": ""1"", ""solver"": ""planner"", ""sum_of_loss"": ""5553"", ""sum_of_loss_lb"": ""5396""}"
pp_guided_tl:shortest,PP-guided (shortest first),den312d,den312d-random-5,100,2,30.0,solved,0.094599,0.013,5553,112,5553,5396,108,1.029096,0,,/home/carsten/Projects/MAPF/MAPF Evaluator/results/pptl-den312d/runs/pp_guided_tl_shortest/den312d/den312d-random-5_a100_s2_r0,,,"{""agents"": ""100"", ""comp_time"": ""13"", ""first_ms"": ""12.4"", ""makespan"": ""112"", ""makespan_lb"": ""108"", ""map_file"": ""den312d.map"", ""pp_demote_rounds"": ""0"", ""pp_failed"": ""0"", ""pp_order"": ""shortest"", ""pp_plan_ms"": ""8.5"", ""pp_plan_soc"": ""5553"", ""pp_tl"": ""0"", ""pp_used"": ""1"", ""seed"": ""2"", ""soc"": ""5553"", ""soc_lb"": ""5396"", ""solved"": ""1"", ""solver"": ""planner"", ""sum_of_loss"": ""5553"", ""sum_of_loss_lb"": ""5396""}"
pp_guided_tl:shortest_tl,PP-guided (shortest first) + traffic load in SIPP,den312d,den312d-random-5,100,0,30.0,solved,0.092586,0.018,5521,110,5521,5396,108,1.023165,0,,/home/carsten/Projects/MAPF/MAPF Evaluator/results/pptl-den312d/runs/pp_guided_tl_shortest_tl/den312d/den312d-random-5_a100_s0_r0,,,"{""agents"": ""100"", ""comp_time"": ""18"", ""first_ms"": ""18.6"", ""makespan"": ""110"", ""makespan_lb"": ""108"", ""map_file"": ""den312d.map"", ""pp_demote_rounds"": ""0"", ""pp_failed"": ""0"", ""pp_order"": ""shortest"", ""pp_plan_ms"": ""12.9"", ""pp_plan_soc"": ""5521"", ""pp_tl"": ""1"", ""pp_used"": ""1"", ""seed"": ""0"", ""soc"": ""5521"", ""soc_lb"": ""5396"", ""solved"": ""1"", ""solver"": ""planner"", ""sum_of_loss"": ""5521"", ""sum_of_loss_lb"": ""5396""}"
pp_guided_tl:shortest_tl,PP-guided (shortest first) + traffic load in SIPP,den312d,den312d-random-5,100,1,30.0,solved,0.145947,0.018,5521,110,5521,5396,108,1.023165,0,,/home/carsten/Projects/MAPF/MAPF Evaluator/results/pptl-den312d/runs/pp_guided_tl_shortest_tl/den312d/den312d-random-5_a100_s1_r0,,,"{""agents"": ""100"", ""comp_time"": ""18"", ""first_ms"": ""18.6"", ""makespan"": ""110"", ""makespan_lb"": ""108"", ""map_file"": ""den312d.map"", ""pp_demote_rounds"": ""0"", ""pp_failed"": ""0"", ""pp_order"": ""shortest"", ""pp_plan_ms"": ""12.9"", ""pp_plan_soc"": ""5521"", ""pp_tl"": ""1"", ""pp_used"": ""1"", ""seed"": ""1"", ""soc"": ""5521"", ""soc_lb"": ""5396"", ""solved"": ""1"", ""solver"": ""planner"", ""sum_of_loss"": ""5521"", ""sum_of_loss_lb"": ""5396""}"
pp_guided_tl:shortest_tl,PP-guided (shortest first) + traffic load in SIPP,den312d,den312d-random-5,100,2,30.0,solved,0.077367,0.018,5521,110,5521,5396,108,1.023165,0,,/home/carsten/Projects/MAPF/MAPF Evaluator/results/pptl-den312d/runs/pp_guided_tl_shortest_tl/den312d/den312d-random-5_a100_s2_r0,,,"{""agents"": ""100"", ""comp_time"": ""18"", ""first_ms"": ""17.3"", ""makespan"": ""110"", ""makespan_lb"": ""108"", ""map_file"": ""den312d.map"", ""pp_demote_rounds"": ""0"", ""pp_failed"": ""0"", ""pp_order"": ""shortest"", ""pp_plan_ms"": ""12.9"", ""pp_plan_soc"": ""5521"", ""pp_tl"": ""1"", ""pp_used"": ""1"", ""seed"": ""2"", ""soc"": ""5521"", ""soc_lb"": ""5396"", ""solved"": ""1"", ""solver"": ""planner"", ""sum_of_loss"": ""5521"", ""sum_of_loss_lb"": ""5396""}"
pp_guided_tl:traffic,PP-guided (traffic-last),den312d,den312d-random-5,100,0,30.0,solved,0.138899,0.016,6369,111,5675,5396,108,1.180319,0,,/home/carsten/Projects/MAPF/MAPF Evaluator/results/pptl-den312d/runs/pp_guided_tl_traffic/den312d/den312d-random-5_a100_s0_r0,,,"{""agents"": ""100"", ""comp_time"": ""16"", ""first_ms"": ""16.4"", ""makespan"": ""111"", ""makespan_lb"": ""108"", ""map_file"": ""den312d.map"", ""pp_demote_rounds"": ""0"", ""pp_failed"": ""0"", ""pp_order"": ""traffic-last"", ""pp_plan_ms"": ""11.6"", ""pp_plan_soc"": ""6369"", ""pp_tl"": ""0"", ""pp_used"": ""1"", ""seed"": ""0"", ""soc"": ""6369"", ""soc_lb"": ""5396"", ""solved"": ""1"", ""solver"": ""planner"", ""sum_of_loss"": ""5719"", ""sum_of_loss_lb"": ""5396""}"
pp_guided_tl:traffic,PP-guided (traffic-last),den312d,den312d-random-5,100,1,30.0,solved,0.088289,0.017,6369,111,5675,5396,108,1.180319,0,,/home/carsten/Projects/MAPF/MAPF Evaluator/results/pptl-den312d/runs/pp_guided_tl_traffic/den312d/den312d-random-5_a100_s1_r0,,,"{""agents"": ""100"", ""comp_time"": ""17"", ""first_ms"": ""16.8"", ""makespan"": ""111"", ""makespan_lb"": ""108"", ""map_file"": ""den312d.map"", ""pp_demote_rounds"": ""0"", ""pp_failed"": ""0"", ""pp_order"": ""traffic-last"", ""pp_plan_ms"": ""11.6"", ""pp_plan_soc"": ""6369"", ""pp_tl"": ""0"", ""pp_used"": ""1"", ""seed"": ""1"", ""soc"": ""6369"", ""soc_lb"": ""5396"", ""solved"": ""1"", ""solver"": ""planner"", ""sum_of_loss"": ""5719"", ""sum_of_loss_lb"": ""5396""}"
pp_guided_tl:traffic,PP-guided (traffic-last),den312d,den312d-random-5,100,2,30.0,solved,0.097318,0.017,6369,111,5675,5396,108,1.180319,0,,/home/carsten/Projects/MAPF/MAPF Evaluator/results/pptl-den312d/runs/pp_guided_tl_traffic/den312d/den312d-random-5_a100_s2_r0,,,"{""agents"": ""100"", ""comp_time"": ""17"", ""first_ms"": ""16.8"", ""makespan"": ""111"", ""makespan_lb"": ""108"", ""map_file"": ""den312d.map"", ""pp_demote_rounds"": ""0"", ""pp_failed"": ""0"", ""pp_order"": ""traffic-last"", ""pp_plan_ms"": ""11.7"", ""pp_plan_soc"": ""6369"", ""pp_tl"": ""0"", ""pp_used"": ""1"", ""seed"": ""2"", ""soc"": ""6369"", ""soc_lb"": ""5396"", ""solved"": ""1"", ""solver"": ""planner"", ""sum_of_loss"": ""5719"", ""sum_of_loss_lb"": ""5396""}"
pp_guided_tl:traffic_tl,PP-guided (traffic-last) + traffic load in SIPP,den312d,den312d-random-5,100,0,30.0,solved,0.114863,0.022,6082,109,5689,5396,108,1.127131,0,,/home/carsten/Projects/MAPF/MAPF Evaluator/results/pptl-den312d/runs/pp_guided_tl_traffic_tl/den312d/den312d-random-5_a100_s0_r0,,,"{""agents"": ""100"", ""comp_time"": ""22"", ""first_ms"": ""22.3"", ""makespan"": ""109"", ""makespan_lb"": ""108"", ""map_file"": ""den312d.map"", ""pp_demote_rounds"": ""0"", ""pp_failed"": ""0"", ""pp_order"": ""traffic-last"", ""pp_plan_ms"": ""16.2"", ""pp_plan_soc"": ""6082"", ""pp_tl"": ""1"", ""pp_used"": ""1"", ""seed"": ""0"", ""soc"": ""6082"", ""soc_lb"": ""5396"", ""solved"": ""1"", ""solver"": ""planner"", ""sum_of_loss"": ""5714"", ""sum_of_loss_lb"": ""5396""}"
pp_guided_tl:traffic_tl,PP-guided (traffic-last) + traffic load in SIPP,den312d,den312d-random-5,100,1,30.0,solved,0.070278,0.022,6082,109,5689,5396,108,1.127131,0,,/home/carsten/Projects/MAPF/MAPF Evaluator/results/pptl-den312d/runs/pp_guided_tl_traffic_tl/den312d/den312d-random-5_a100_s1_r0,,,"{""agents"": ""100"", ""comp_time"": ""22"", ""first_ms"": ""21.4"", ""makespan"": ""109"", ""makespan_lb"": ""108"", ""map_file"": ""den312d.map"", ""pp_demote_rounds"": ""0"", ""pp_failed"": ""0"", ""pp_order"": ""traffic-last"", ""pp_plan_ms"": ""16.2"", ""pp_plan_soc"": ""6082"", ""pp_tl"": ""1"", ""pp_used"": ""1"", ""seed"": ""1"", ""soc"": ""6082"", ""soc_lb"": ""5396"", ""solved"": ""1"", ""solver"": ""planner"", ""sum_of_loss"": ""5714"", ""sum_of_loss_lb"": ""5396""}"
pp_guided_tl:traffic_tl,PP-guided (traffic-last) + traffic load in SIPP,den312d,den312d-random-5,100,2,30.0,solved,0.072209,0.022,6082,109,5689,5396,108,1.127131,0,,/home/carsten/Projects/MAPF/MAPF Evaluator/results/pptl-den312d/runs/pp_guided_tl_traffic_tl/den312d/den312d-random-5_a100_s2_r0,,,"{""agents"": ""100"", ""comp_time"": ""22"", ""first_ms"": ""22.3"", ""makespan"": ""109"", ""makespan_lb"": ""108"", ""map_file"": ""den312d.map"", ""pp_demote_rounds"": ""0"", ""pp_failed"": ""0"", ""pp_order"": ""traffic-last"", ""pp_plan_ms"": ""16.2"", ""pp_plan_soc"": ""6082"", ""pp_tl"": ""1"", ""pp_used"": ""1"", ""seed"": ""2"", ""soc"": ""6082"", ""soc_lb"": ""5396"", ""solved"": ""1"", ""solver"": ""planner"", ""sum_of_loss"": ""5714"", ""sum_of_loss_lb"": ""5396""}"
pp_guided_tl:shortest,PP-guided (shortest first),den312d,den312d-random-5,150,1,30.0,solved,0.07972,0.025,8559,137,8559,8171,116,1.047485,0,,/home/carsten/Projects/MAPF/MAPF Evaluator/results/pptl-den312d/runs/pp_guided_tl_shortest/den312d/den312d-random-5_a150_s1_r0,,,"{""agents"": ""150"", ""comp_time"": ""25"", ""first_ms"": ""24.8"", ""makespan"": ""137"", ""makespan_lb"": ""116"", ""map_file"": ""den312d.map"", ""pp_demote_rounds"": ""0"", ""pp_failed"": ""0"", ""pp_order"": ""shortest"", ""pp_plan_ms"": ""18.1"", ""pp_plan_soc"": ""8559"", ""pp_tl"": ""0"", ""pp_used"": ""1"", ""seed"": ""1"", ""soc"": ""8559"", ""soc_lb"": ""8171"", ""solved"": ""1"", ""solver"": ""planner"", ""sum_of_loss"": ""8559"", ""sum_of_loss_lb"": ""8171""}"
pp_guided_tl:shortest,PP-guided (shortest first),den312d,den312d-random-5,150,0,30.0,solved,0.107549,0.025,8559,137,8559,8171,116,1.047485,0,,/home/carsten/Projects/MAPF/MAPF Evaluator/results/pptl-den312d/runs/pp_guided_tl_shortest/den312d/den312d-random-5_a150_s0_r0,,,"{""agents"": ""150"", ""comp_time"": ""25"", ""first_ms"": ""24.9"", ""makespan"": ""137"", ""makespan_lb"": ""116"", ""map_file"": ""den312d.map"", ""pp_demote_rounds"": ""0"", ""pp_failed"": ""0"", ""pp_order"": ""shortest"", ""pp_plan_ms"": ""18.0"", ""pp_plan_soc"": ""8559"", ""pp_tl"": ""0"", ""pp_used"": ""1"", ""seed"": ""0"", ""soc"": ""8559"", ""soc_lb"": ""8171"", ""solved"": ""1"", ""solver"": ""planner"", ""sum_of_loss"": ""8559"", ""sum_of_loss_lb"": ""8171""}"
pp_guided_tl:shortest,PP-guided (shortest first),den312d,den312d-random-5,150,2,30.0,solved,0.079887,0.027,8559,137,8559,8171,116,1.047485,0,,/home/carsten/Projects/MAPF/MAPF Evaluator/results/pptl-den312d/runs/pp_guided_tl_shortest/den312d/den312d-random-5_a150_s2_r0,,,"{""agents"": ""150"", ""comp_time"": ""27"", ""first_ms"": ""26.7"", ""makespan"": ""137"", ""makespan_lb"": ""116"", ""map_file"": ""den312d.map"", ""pp_demote_rounds"": ""0"", ""pp_failed"": ""0"", ""pp_order"": ""shortest"", ""pp_plan_ms"": ""19.8"", ""pp_plan_soc"": ""8559"", ""pp_tl"": ""0"", ""pp_used"": ""1"", ""seed"": ""2"", ""soc"": ""8559"", ""soc_lb"": ""8171"", ""solved"": ""1"", ""solver"": ""planner"", ""sum_of_loss"": ""8559"", ""sum_of_loss_lb"": ""8171""}"
pp_guided_tl:shortest_tl,PP-guided (shortest first) + traffic load in SIPP,den312d,den312d-random-5,150,0,30.0,solved,0.059474,0.033,8532,134,8532,8171,116,1.044181,0,,/home/carsten/Projects/MAPF/MAPF Evaluator/results/pptl-den312d/runs/pp_guided_tl_shortest_tl/den312d/den312d-random-5_a150_s0_r0,,,"{""agents"": ""150"", ""comp_time"": ""33"", ""first_ms"": ""32.7"", ""makespan"": ""134"", ""makespan_lb"": ""116"", ""map_file"": ""den312d.map"", ""pp_demote_rounds"": ""0"", ""pp_failed"": ""0"", ""pp_order"": ""shortest"", ""pp_plan_ms"": ""24.0"", ""pp_plan_soc"": ""8532"", ""pp_tl"": ""1"", ""pp_used"": ""1"", ""seed"": ""0"", ""soc"": ""8532"", ""soc_lb"": ""8171"", ""solved"": ""1"", ""solver"": ""planner"", ""sum_of_loss"": ""8532"", ""sum_of_loss_lb"": ""8171""}"
pp_guided_tl:shortest_tl,PP-guided (shortest first) + traffic load in SIPP,den312d,den312d-random-5,150,1,30.0,solved,0.100587,0.032,8532,134,8532,8171,116,1.044181,0,,/home/carsten/Projects/MAPF/MAPF Evaluator/results/pptl-den312d/runs/pp_guided_tl_shortest_tl/den312d/den312d-random-5_a150_s1_r0,,,"{""agents"": ""150"", ""comp_time"": ""32"", ""first_ms"": ""31.8"", ""makespan"": ""134"", ""makespan_lb"": ""116"", ""map_file"": ""den312d.map"", ""pp_demote_rounds"": ""0"", ""pp_failed"": ""0"", ""pp_order"": ""shortest"", ""pp_plan_ms"": ""23.9"", ""pp_plan_soc"": ""8532"", ""pp_tl"": ""1"", ""pp_used"": ""1"", ""seed"": ""1"", ""soc"": ""8532"", ""soc_lb"": ""8171"", ""solved"": ""1"", ""solver"": ""planner"", ""sum_of_loss"": ""8532"", ""sum_of_loss_lb"": ""8171""}"
pp_guided_tl:traffic,PP-guided (traffic-last),den312d,den312d-random-5,150,1,30.0,solved,0.077366,0.031,10093,121,8832,8171,116,1.235222,0,,/home/carsten/Projects/MAPF/MAPF Evaluator/results/pptl-den312d/runs/pp_guided_tl_traffic/den312d/den312d-random-5_a150_s1_r0,,,"{""agents"": ""150"", ""comp_time"": ""31"", ""first_ms"": ""31.3"", ""makespan"": ""121"", ""makespan_lb"": ""116"", ""map_file"": ""den312d.map"", ""pp_demote_rounds"": ""0"", ""pp_failed"": ""0"", ""pp_order"": ""traffic-last"", ""pp_plan_ms"": ""24.0"", ""pp_plan_soc"": ""10093"", ""pp_tl"": ""0"", ""pp_used"": ""1"", ""seed"": ""1"", ""soc"": ""10093"", ""soc_lb"": ""8171"", ""solved"": ""1"", ""solver"": ""planner"", ""sum_of_loss"": ""8914"", ""sum_of_loss_lb"": ""8171""}"
pp_guided_tl:shortest_tl,PP-guided (shortest first) + traffic load in SIPP,den312d,den312d-random-5,150,2,30.0,solved,0.183289,0.033,8532,134,8532,8171,116,1.044181,0,,/home/carsten/Projects/MAPF/MAPF Evaluator/results/pptl-den312d/runs/pp_guided_tl_shortest_tl/den312d/den312d-random-5_a150_s2_r0,,,"{""agents"": ""150"", ""comp_time"": ""33"", ""first_ms"": ""32.6"", ""makespan"": ""134"", ""makespan_lb"": ""116"", ""map_file"": ""den312d.map"", ""pp_demote_rounds"": ""0"", ""pp_failed"": ""0"", ""pp_order"": ""shortest"", ""pp_plan_ms"": ""24.2"", ""pp_plan_soc"": ""8532"", ""pp_tl"": ""1"", ""pp_used"": ""1"", ""seed"": ""2"", ""soc"": ""8532"", ""soc_lb"": ""8171"", ""solved"": ""1"", ""solver"": ""planner"", ""sum_of_loss"": ""8532"", ""sum_of_loss_lb"": ""8171""}"
pp_guided_tl:traffic,PP-guided (traffic-last),den312d,den312d-random-5,150,0,30.0,solved,0.092876,0.031,10093,121,8832,8171,116,1.235222,0,,/home/carsten/Projects/MAPF/MAPF Evaluator/results/pptl-den312d/runs/pp_guided_tl_traffic/den312d/den312d-random-5_a150_s0_r0,,,"{""agents"": ""150"", ""comp_time"": ""31"", ""first_ms"": ""31.4"", ""makespan"": ""121"", ""makespan_lb"": ""116"", ""map_file"": ""den312d.map"", ""pp_demote_rounds"": ""0"", ""pp_failed"": ""0"", ""pp_order"": ""traffic-last"", ""pp_plan_ms"": ""23.9"", ""pp_plan_soc"": ""10093"", ""pp_tl"": ""0"", ""pp_used"": ""1"", ""seed"": ""0"", ""soc"": ""10093"", ""soc_lb"": ""8171"", ""solved"": ""1"", ""solver"": ""planner"", ""sum_of_loss"": ""8914"", ""sum_of_loss_lb"": ""8171""}"
pp_guided_tl:traffic,PP-guided (traffic-last),den312d,den312d-random-5,150,2,30.0,solved,0.175512,0.031,10093,121,8832,8171,116,1.235222,0,,/home/carsten/Projects/MAPF/MAPF Evaluator/results/pptl-den312d/runs/pp_guided_tl_traffic/den312d/den312d-random-5_a150_s2_r0,,,"{""agents"": ""150"", ""comp_time"": ""31"", ""first_ms"": ""31.4"", ""makespan"": ""121"", ""makespan_lb"": ""116"", ""map_file"": ""den312d.map"", ""pp_demote_rounds"": ""0"", ""pp_failed"": ""0"", ""pp_order"": ""traffic-last"", ""pp_plan_ms"": ""23.7"", ""pp_plan_soc"": ""10093"", ""pp_tl"": ""0"", ""pp_used"": ""1"", ""seed"": ""2"", ""soc"": ""10093"", ""soc_lb"": ""8171"", ""solved"": ""1"", ""solver"": ""planner"", ""sum_of_loss"": ""8914"", ""sum_of_loss_lb"": ""8171""}"
pp_guided_tl:traffic_tl,PP-guided (traffic-last) + traffic load in SIPP,den312d,den312d-random-5,150,0,30.0,solved,0.084712,0.044,9817,125,9046,8171,116,1.201444,0,,/home/carsten/Projects/MAPF/MAPF Evaluator/results/pptl-den312d/runs/pp_guided_tl_traffic_tl/den312d/den312d-random-5_a150_s0_r0,,,"{""agents"": ""150"", ""comp_time"": ""44"", ""first_ms"": ""43.5"", ""makespan"": ""125"", ""makespan_lb"": ""116"", ""map_file"": ""den312d.map"", ""pp_demote_rounds"": ""0"", ""pp_failed"": ""0"", ""pp_order"": ""traffic-last"", ""pp_plan_ms"": ""34.6"", ""pp_plan_soc"": ""9817"", ""pp_tl"": ""1"", ""pp_used"": ""1"", ""seed"": ""0"", ""soc"": ""9817"", ""soc_lb"": ""8171"", ""solved"": ""1"", ""solver"": ""planner"", ""sum_of_loss"": ""9092"", ""sum_of_loss_lb"": ""8171""}"
pp_guided_tl:traffic_tl,PP-guided (traffic-last) + traffic load in SIPP,den312d,den312d-random-5,150,1,30.0,solved,0.144533,0.044,9817,125,9046,8171,116,1.201444,0,,/home/carsten/Projects/MAPF/MAPF Evaluator/results/pptl-den312d/runs/pp_guided_tl_traffic_tl/den312d/den312d-random-5_a150_s1_r0,,,"{""agents"": ""150"", ""comp_time"": ""44"", ""first_ms"": ""43.6"", ""makespan"": ""125"", ""makespan_lb"": ""116"", ""map_file"": ""den312d.map"", ""pp_demote_rounds"": ""0"", ""pp_failed"": ""0"", ""pp_order"": ""traffic-last"", ""pp_plan_ms"": ""34.9"", ""pp_plan_soc"": ""9817"", ""pp_tl"": ""1"", ""pp_used"": ""1"", ""seed"": ""1"", ""soc"": ""9817"", ""soc_lb"": ""8171"", ""solved"": ""1"", ""solver"": ""planner"", ""sum_of_loss"": ""9092"", ""sum_of_loss_lb"": ""8171""}"
pp_guided_tl:traffic_tl,PP-guided (traffic-last) + traffic load in SIPP,den312d,den312d-random-5,150,2,30.0,solved,0.110288,0.044,9817,125,9046,8171,116,1.201444,0,,/home/carsten/Projects/MAPF/MAPF Evaluator/results/pptl-den312d/runs/pp_guided_tl_traffic_tl/den312d/den312d-random-5_a150_s2_r0,,,"{""agents"": ""150"", ""comp_time"": ""44"", ""first_ms"": ""43.7"", ""makespan"": ""125"", ""makespan_lb"": ""116"", ""map_file"": ""den312d.map"", ""pp_demote_rounds"": ""0"", ""pp_failed"": ""0"", ""pp_order"": ""traffic-last"", ""pp_plan_ms"": ""34.6"", ""pp_plan_soc"": ""9817"", ""pp_tl"": ""1"", ""pp_used"": ""1"", ""seed"": ""2"", ""soc"": ""9817"", ""soc_lb"": ""8171"", ""solved"": ""1"", ""solver"": ""planner"", ""sum_of_loss"": ""9092"", ""sum_of_loss_lb"": ""8171""}"
pp_guided_tl:shortest,PP-guided (shortest first),den312d,den312d-random-5,200,0,30.0,solved,0.348666,0.076,11672,142,11647,10949,116,1.066033,0,,/home/carsten/Projects/MAPF/MAPF Evaluator/results/pptl-den312d/runs/pp_guided_tl_shortest/den312d/den312d-random-5_a200_s0_r0,,,"{""agents"": ""200"", ""comp_time"": ""76"", ""first_ms"": ""76.0"", ""makespan"": ""142"", ""makespan_lb"": ""116"", ""map_file"": ""den312d.map"", ""pp_demote_rounds"": ""1"", ""pp_failed"": ""0"", ""pp_order"": ""shortest"", ""pp_plan_ms"": ""66.8"", ""pp_plan_soc"": ""11672"", ""pp_tl"": ""0"", ""pp_used"": ""1"", ""seed"": ""0"", ""soc"": ""11672"", ""soc_lb"": ""10949"", ""solved"": ""1"", ""solver"": ""planner"", ""sum_of_loss"": ""11649"", ""sum_of_loss_lb"": ""10949""}"
pp_guided_tl:shortest_tl,PP-guided (shortest first) + traffic load in SIPP,den312d,den312d-random-5,200,0,30.0,solved,0.166901,0.094,11591,136,11574,10949,116,1.058635,0,,/home/carsten/Projects/MAPF/MAPF Evaluator/results/pptl-den312d/runs/pp_guided_tl_shortest_tl/den312d/den312d-random-5_a200_s0_r0,,,"{""agents"": ""200"", ""comp_time"": ""94"", ""first_ms"": ""94.1"", ""makespan"": ""136"", ""makespan_lb"": ""116"", ""map_file"": ""den312d.map"", ""pp_demote_rounds"": ""1"", ""pp_failed"": ""0"", ""pp_order"": ""shortest"", ""pp_plan_ms"": ""82.0"", ""pp_plan_soc"": ""11591"", ""pp_tl"": ""1"", ""pp_used"": ""1"", ""seed"": ""0"", ""soc"": ""11591"", ""soc_lb"": ""10949"", ""solved"": ""1"", ""solver"": ""planner"", ""sum_of_loss"": ""11575"", ""sum_of_loss_lb"": ""10949""}"
pp_guided_tl:shortest,PP-guided (shortest first),den312d,den312d-random-5,200,2,30.0,solved,0.148411,0.076,11672,142,11647,10949,116,1.066033,0,,/home/carsten/Projects/MAPF/MAPF Evaluator/results/pptl-den312d/runs/pp_guided_tl_shortest/den312d/den312d-random-5_a200_s2_r0,,,"{""agents"": ""200"", ""comp_time"": ""76"", ""first_ms"": ""75.9"", ""makespan"": ""142"", ""makespan_lb"": ""116"", ""map_file"": ""den312d.map"", ""pp_demote_rounds"": ""1"", ""pp_failed"": ""0"", ""pp_order"": ""shortest"", ""pp_plan_ms"": ""66.6"", ""pp_plan_soc"": ""11672"", ""pp_tl"": ""0"", ""pp_used"": ""1"", ""seed"": ""2"", ""soc"": ""11672"", ""soc_lb"": ""10949"", ""solved"": ""1"", ""solver"": ""planner"", ""sum_of_loss"": ""11649"", ""sum_of_loss_lb"": ""10949""}"
pp_guided_tl:shortest,PP-guided (shortest first),den312d,den312d-random-5,200,1,30.0,solved,0.188848,0.076,11672,142,11647,10949,116,1.066033,0,,/home/carsten/Projects/MAPF/MAPF Evaluator/results/pptl-den312d/runs/pp_guided_tl_shortest/den312d/den312d-random-5_a200_s1_r0,,,"{""agents"": ""200"", ""comp_time"": ""76"", ""first_ms"": ""75.6"", ""makespan"": ""142"", ""makespan_lb"": ""116"", ""map_file"": ""den312d.map"", ""pp_demote_rounds"": ""1"", ""pp_failed"": ""0"", ""pp_order"": ""shortest"", ""pp_plan_ms"": ""66.5"", ""pp_plan_soc"": ""11672"", ""pp_tl"": ""0"", ""pp_used"": ""1"", ""seed"": ""1"", ""soc"": ""11672"", ""soc_lb"": ""10949"", ""solved"": ""1"", ""solver"": ""planner"", ""sum_of_loss"": ""11649"", ""sum_of_loss_lb"": ""10949""}"
pp_guided_tl:shortest_tl,PP-guided (shortest first) + traffic load in SIPP,den312d,den312d-random-5,200,1,30.0,solved,0.184671,0.091,11591,136,11574,10949,116,1.058635,0,,/home/carsten/Projects/MAPF/MAPF Evaluator/results/pptl-den312d/runs/pp_guided_tl_shortest_tl/den312d/den312d-random-5_a200_s1_r0,,,"{""agents"": ""200"", ""comp_time"": ""91"", ""first_ms"": ""90.6"", ""makespan"": ""136"", ""makespan_lb"": ""116"", ""map_file"": ""den312d.map"", ""pp_demote_rounds"": ""1"", ""pp_failed"": ""0"", ""pp_order"": ""shortest"", ""pp_plan_ms"": ""79.5"", ""pp_plan_soc"": ""11591"", ""pp_tl"": ""1"", ""pp_used"": ""1"", ""seed"": ""1"", ""soc"": ""11591"", ""soc_lb"": ""10949"", ""solved"": ""1"", ""solver"": ""planner"", ""sum_of_loss"": ""11575"", ""sum_of_loss_lb"": ""10949""}"
pp_guided_tl:shortest_tl,PP-guided (shortest first) + traffic load in SIPP,den312d,den312d-random-5,200,2,30.0,solved,0.186642,0.092,11591,136,11574,10949,116,1.058635,0,,/home/carsten/Projects/MAPF/MAPF Evaluator/results/pptl-den312d/runs/pp_guided_tl_shortest_tl/den312d/den312d-random-5_a200_s2_r0,,,"{""agents"": ""200"", ""comp_time"": ""92"", ""first_ms"": ""92.8"", ""makespan"": ""136"", ""makespan_lb"": ""116"", ""map_file"": ""den312d.map"", ""pp_demote_rounds"": ""1"", ""pp_failed"": ""0"", ""pp_order"": ""shortest"", ""pp_plan_ms"": ""81.0"", ""pp_plan_soc"": ""11591"", ""pp_tl"": ""1"", ""pp_used"": ""1"", ""seed"": ""2"", ""soc"": ""11591"", ""soc_lb"": ""10949"", ""solved"": ""1"", ""solver"": ""planner"", ""sum_of_loss"": ""11575"", ""sum_of_loss_lb"": ""10949""}"
pp_guided_tl:traffic,PP-guided (traffic-last),den312d,den312d-random-5,200,0,30.0,solved,0.153129,0.06,14234,124,12455,10949,116,1.300027,0,,/home/carsten/Projects/MAPF/MAPF Evaluator/results/pptl-den312d/runs/pp_guided_tl_traffic/den312d/den312d-random-5_a200_s0_r0,,,"{""agents"": ""200"", ""comp_time"": ""60"", ""first_ms"": ""60.2"", ""makespan"": ""124"", ""makespan_lb"": ""116"", ""map_file"": ""den312d.map"", ""pp_demote_rounds"": ""0"", ""pp_failed"": ""0"", ""pp_order"": ""traffic-last"", ""pp_plan_ms"": ""49.9"", ""pp_plan_soc"": ""14234"", ""pp_tl"": ""0"", ""pp_used"": ""1"", ""seed"": ""0"", ""soc"": ""14234"", ""soc_lb"": ""10949"", ""solved"": ""1"", ""solver"": ""planner"", ""sum_of_loss"": ""12568"", ""sum_of_loss_lb"": ""10949""}"
pp_guided_tl:traffic,PP-guided (traffic-last),den312d,den312d-random-5,200,1,30.0,solved,0.113732,0.059,14234,124,12455,10949,116,1.300027,0,,/home/carsten/Projects/MAPF/MAPF Evaluator/results/pptl-den312d/runs/pp_guided_tl_traffic/den312d/den312d-random-5_a200_s1_r0,,,"{""agents"": ""200"", ""comp_time"": ""59"", ""first_ms"": ""59.1"", ""makespan"": ""124"", ""makespan_lb"": ""116"", ""map_file"": ""den312d.map"", ""pp_demote_rounds"": ""0"", ""pp_failed"": ""0"", ""pp_order"": ""traffic-last"", ""pp_plan_ms"": ""48.8"", ""pp_plan_soc"": ""14234"", ""pp_tl"": ""0"", ""pp_used"": ""1"", ""seed"": ""1"", ""soc"": ""14234"", ""soc_lb"": ""10949"", ""solved"": ""1"", ""solver"": ""planner"", ""sum_of_loss"": ""12568"", ""sum_of_loss_lb"": ""10949""}"
pp_guided_tl:traffic,PP-guided (traffic-last),den312d,den312d-random-5,200,2,30.0,solved,0.33273,0.061,14234,124,12455,10949,116,1.300027,0,,/home/carsten/Projects/MAPF/MAPF Evaluator/results/pptl-den312d/runs/pp_guided_tl_traffic/den312d/den312d-random-5_a200_s2_r0,,,"{""agents"": ""200"", ""comp_time"": ""61"", ""first_ms"": ""61.5"", ""makespan"": ""124"", ""makespan_lb"": ""116"", ""map_file"": ""den312d.map"", ""pp_demote_rounds"": ""0"", ""pp_failed"": ""0"", ""pp_order"": ""traffic-last"", ""pp_plan_ms"": ""50.8"", ""pp_plan_soc"": ""14234"", ""pp_tl"": ""0"", ""pp_used"": ""1"", ""seed"": ""2"", ""soc"": ""14234"", ""soc_lb"": ""10949"", ""solved"": ""1"", ""solver"": ""planner"", ""sum_of_loss"": ""12568"", ""sum_of_loss_lb"": ""10949""}"
pp_guided_tl:traffic_tl,PP-guided (traffic-last) + traffic load in SIPP,den312d,den312d-random-5,200,0,30.0,solved,0.229753,0.072,13625,118,12494,10949,116,1.244406,0,,/home/carsten/Projects/MAPF/MAPF Evaluator/results/pptl-den312d/runs/pp_guided_tl_traffic_tl/den312d/den312d-random-5_a200_s0_r0,,,"{""agents"": ""200"", ""comp_time"": ""72"", ""first_ms"": ""71.3"", ""makespan"": ""118"", ""makespan_lb"": ""116"", ""map_file"": ""den312d.map"", ""pp_demote_rounds"": ""0"", ""pp_failed"": ""0"", ""pp_order"": ""traffic-last"", ""pp_plan_ms"": ""59.2"", ""pp_plan_soc"": ""13625"", ""pp_tl"": ""1"", ""pp_used"": ""1"", ""seed"": ""0"", ""soc"": ""13625"", ""soc_lb"": ""10949"", ""solved"": ""1"", ""solver"": ""planner"", ""sum_of_loss"": ""12567"", ""sum_of_loss_lb"": ""10949""}"
pp_guided_tl:traffic_tl,PP-guided (traffic-last) + traffic load in SIPP,den312d,den312d-random-5,200,2,30.0,solved,0.11891,0.071,13625,118,12494,10949,116,1.244406,0,,/home/carsten/Projects/MAPF/MAPF Evaluator/results/pptl-den312d/runs/pp_guided_tl_traffic_tl/den312d/den312d-random-5_a200_s2_r0,,,"{""agents"": ""200"", ""comp_time"": ""71"", ""first_ms"": ""71.3"", ""makespan"": ""118"", ""makespan_lb"": ""116"", ""map_file"": ""den312d.map"", ""pp_demote_rounds"": ""0"", ""pp_failed"": ""0"", ""pp_order"": ""traffic-last"", ""pp_plan_ms"": ""58.0"", ""pp_plan_soc"": ""13625"", ""pp_tl"": ""1"", ""pp_used"": ""1"", ""seed"": ""2"", ""soc"": ""13625"", ""soc_lb"": ""10949"", ""solved"": ""1"", ""solver"": ""planner"", ""sum_of_loss"": ""12567"", ""sum_of_loss_lb"": ""10949""}"
pp_guided_tl:traffic_tl,PP-guided (traffic-last) + traffic load in SIPP,den312d,den312d-random-5,200,1,30.0,solved,0.131272,0.072,13625,118,12494,10949,116,1.244406,0,,/home/carsten/Projects/MAPF/MAPF Evaluator/results/pptl-den312d/runs/pp_guided_tl_traffic_tl/den312d/den312d-random-5_a200_s1_r0,,,"{""agents"": ""200"", ""comp_time"": ""72"", ""first_ms"": ""71.2"", ""makespan"": ""118"", ""makespan_lb"": ""116"", ""map_file"": ""den312d.map"", ""pp_demote_rounds"": ""0"", ""pp_failed"": ""0"", ""pp_order"": ""traffic-last"", ""pp_plan_ms"": ""58.9"", ""pp_plan_soc"": ""13625"", ""pp_tl"": ""1"", ""pp_used"": ""1"", ""seed"": ""1"", ""soc"": ""13625"", ""soc_lb"": ""10949"", ""solved"": ""1"", ""solver"": ""planner"", ""sum_of_loss"": ""12567"", ""sum_of_loss_lb"": ""10949""}"
