solver_id,solver_label,map,scen,agents,seed,timeout,status,wallclock_s,solver_time_s,soc,makespan,sum_of_loss,soc_lb,makespan_lb,soc_ratio,exit_code,error,run_dir,first_soc,first_time_s,solver_stats
lg_lacam_fork:lacam,"LaCAM (no guidance, first solution)",random-32-32-20,random-32-32-20-random-1,50,0,60.0,solved,0.265553,0.13,1426,50,1252,1082,48,1.31793,0,,/home/carsten/Projects/MAPF/MAPF Evaluator/results/tlg-random32-20/runs/lg_lacam_fork_lacam/random-32-32-20/random-32-32-20-random-1_a50_s0_r0,1426,0.13,"{""agents"": ""50"", ""comp_time"": ""130"", ""makespan"": ""50"", ""makespan_lb"": ""48"", ""map_file"": ""random-32-32-20.map"", ""seed"": ""0"", ""soc"": ""1426"", ""soc_lb"": ""1082"", ""solved"": ""1"", ""solver"": ""planner"", ""sum_of_loss"": ""1277"", ""sum_of_loss_lb"": ""1082""}"
lg_lacam_fork:lacam,"LaCAM (no guidance, first solution)",random-32-32-20,random-32-32-20-random-1,50,1,60.0,solved,0.654247,0.171,1469,49,1268,1082,48,1.357671,0,,/home/carsten/Projects/MAPF/MAPF Evaluator/results/tlg-random32-20/runs/lg_lacam_fork_lacam/random-32-32-20/random-32-32-20-random-1_a50_s1_r0,1469,0.171,"{""agents"": ""50"", ""comp_time"": ""171"", ""makespan"": ""49"", ""makespan_lb"": ""48"", ""map_file"": ""random-32-32-20.map"", ""seed"": ""1"", ""soc"": ""1469"", ""soc_lb"": ""1082"", ""solved"": ""1"", ""solver"": ""planner"", ""sum_of_loss"": ""1299"", ""sum_of_loss_lb"": ""1082""}"
lg_lacam_fork:lacam_noswap,"LaCAM (no guidance, no PIBT swap)",random-32-32-20,random-32-32-20-random-1,50,0,60.0,solved,0.156946,0.032,1458,52,1269,1082,48,1.347505,0,,/home/carsten/Projects/MAPF/MAPF Evaluator/results/tlg-random32-20/runs/lg_lacam_fork_lacam_noswap/random-32-32-20/random-32-32-20-random-1_a50_s0_r0,1458,0.032,"{""agents"": ""50"", ""comp_time"": ""32"", ""makespan"": ""52"", ""makespan_lb"": ""48"", ""map_file"": ""random-32-32-20.map"", ""seed"": ""0"", ""soc"": ""1458"", ""soc_lb"": ""1082"", ""solved"": ""1"", ""solver"": ""planner"", ""sum_of_loss"": ""1291"", ""sum_of_loss_lb"": ""1082""}"
lg_lacam_fork:lacam_noswap,"LaCAM (no guidance, no PIBT swap)",random-32-32-20,random-32-32-20-random-1,50,1,60.0,solved,0.812812,0.177,1497,51,1276,1082,48,1.383549,0,,/home/carsten/Projects/MAPF/MAPF Evaluator/results/tlg-random32-20/runs/lg_lacam_fork_lacam_noswap/random-32-32-20/random-32-32-20-random-1_a50_s1_r0,1497,0.177,"{""agents"": ""50"", ""comp_time"": ""177"", ""makespan"": ""51"", ""makespan_lb"": ""48"", ""map_file"": ""random-32-32-20.map"", ""seed"": ""1"", ""soc"": ""1497"", ""soc_lb"": ""1082"", ""solved"": ""1"", ""solver"": ""planner"", ""sum_of_loss"": ""1303"", ""sum_of_loss_lb"": ""1082""}"
lg_lacam_fork:suo,LaCAM3 = SUO (first solution),random-32-32-20,random-32-32-20-random-1,50,0,60.0,solved,0.148474,0.03,1267,48,1167,1082,48,1.17098,0,,/home/carsten/Projects/MAPF/MAPF Evaluator/results/tlg-random32-20/runs/lg_lacam_fork_suo/random-32-32-20/random-32-32-20-random-1_a50_s0_r0,1267,0.03,"{""agents"": ""50"", ""comp_time"": ""30"", ""makespan"": ""48"", ""makespan_lb"": ""48"", ""map_file"": ""random-32-32-20.map"", ""seed"": ""0"", ""soc"": ""1267"", ""soc_lb"": ""1082"", ""solved"": ""1"", ""solver"": ""planner"", ""sum_of_loss"": ""1172"", ""sum_of_loss_lb"": ""1082""}"
lg_lacam_fork:suo,LaCAM3 = SUO (first solution),random-32-32-20,random-32-32-20-random-1,50,1,60.0,solved,0.518292,0.427,1244,51,1168,1082,48,1.149723,0,,/home/carsten/Projects/MAPF/MAPF Evaluator/results/tlg-random32-20/runs/lg_lacam_fork_suo/random-32-32-20/random-32-32-20-random-1_a50_s1_r0,1244,0.427,"{""agents"": ""50"", ""comp_time"": ""427"", ""makespan"": ""51"", ""makespan_lb"": ""48"", ""map_file"": ""random-32-32-20.map"", ""seed"": ""1"", ""soc"": ""1244"", ""soc_lb"": ""1082"", ""solved"": ""1"", ""solver"": ""planner"", ""sum_of_loss"": ""1178"", ""sum_of_loss_lb"": ""1082""}"
lg_lacam_fork:lg,"LG-LaCAM (window 20, first solution)",random-32-32-20,random-32-32-20-random-1,50,0,60.0,solved,0.273099,0.15,1196,48,1138,1082,48,1.10536,0,,/home/carsten/Projects/MAPF/MAPF Evaluator/results/tlg-random32-20/runs/lg_lacam_fork_lg/random-32-32-20/random-32-32-20-random-1_a50_s0_r0,1196,0.15,"{""agents"": ""50"", ""comp_time"": ""150"", ""makespan"": ""48"", ""makespan_lb"": ""48"", ""map_file"": ""random-32-32-20.map"", ""seed"": ""0"", ""soc"": ""1196"", ""soc_lb"": ""1082"", ""solved"": ""1"", ""solver"": ""planner"", ""sum_of_loss"": ""1141"", ""sum_of_loss_lb"": ""1082""}"
lg_lacam_fork:lg,"LG-LaCAM (window 20, first solution)",random-32-32-20,random-32-32-20-random-1,50,1,60.0,solved,0.409317,0.233,1224,48,1143,1082,48,1.131238,0,,/home/carsten/Projects/MAPF/MAPF Evaluator/results/tlg-random32-20/runs/lg_lacam_fork_lg/random-32-32-20/random-32-32-20-random-1_a50_s1_r0,1224,0.233,"{""agents"": ""50"", ""comp_time"": ""233"", ""makespan"": ""48"", ""makespan_lb"": ""48"", ""map_file"": ""random-32-32-20.map"", ""seed"": ""1"", ""soc"": ""1224"", ""soc_lb"": ""1082"", ""solved"": ""1"", ""solver"": ""planner"", ""sum_of_loss"": ""1149"", ""sum_of_loss_lb"": ""1082""}"
traffic_load_lacam:vanilla,py-LaCAM (vanilla),random-32-32-20,random-32-32-20-random-1,50,0,60.0,solved,0.301083,,1744,75,1436,1082,48,1.61183,0,,/home/carsten/Projects/MAPF/MAPF Evaluator/results/tlg-random32-20/runs/traffic_load_lacam_vanilla/random-32-32-20/random-32-32-20-random-1_a50_s0_r0,,,
traffic_load_lacam:vanilla,py-LaCAM (vanilla),random-32-32-20,random-32-32-20-random-1,50,1,60.0,solved,0.236152,,1440,48,1231,1082,48,1.330869,0,,/home/carsten/Projects/MAPF/MAPF Evaluator/results/tlg-random32-20/runs/traffic_load_lacam_vanilla/random-32-32-20/random-32-32-20-random-1_a50_s1_r0,,,
traffic_load_lacam:tb_step,"py-LaCAM + load (tiebreak, per step)",random-32-32-20,random-32-32-20-random-1,50,0,60.0,solved,0.416746,,1566,75,1368,1082,48,1.44732,0,,/home/carsten/Projects/MAPF/MAPF Evaluator/results/tlg-random32-20/runs/traffic_load_lacam_tb_step/random-32-32-20/random-32-32-20-random-1_a50_s0_r0,,,
traffic_load_lacam:tb_step,"py-LaCAM + load (tiebreak, per step)",random-32-32-20,random-32-32-20-random-1,50,1,60.0,solved,0.368984,,1553,75,1387,1082,48,1.435305,0,,/home/carsten/Projects/MAPF/MAPF Evaluator/results/tlg-random32-20/runs/traffic_load_lacam_tb_step/random-32-32-20/random-32-32-20-random-1_a50_s1_r0,,,
traffic_load_lacam:pen01_step,"py-LaCAM + load (penalty 0.1, per step)",random-32-32-20,random-32-32-20-random-1,50,0,60.0,solved,0.418501,,1566,75,1368,1082,48,1.44732,0,,/home/carsten/Projects/MAPF/MAPF Evaluator/results/tlg-random32-20/runs/traffic_load_lacam_pen01_step/random-32-32-20/random-32-32-20-random-1_a50_s0_r0,,,
traffic_load_lacam:pen01_step,"py-LaCAM + load (penalty 0.1, per step)",random-32-32-20,random-32-32-20-random-1,50,1,60.0,solved,0.73573,,1624,75,1398,1082,48,1.500924,0,,/home/carsten/Projects/MAPF/MAPF Evaluator/results/tlg-random32-20/runs/traffic_load_lacam_pen01_step/random-32-32-20/random-32-32-20-random-1_a50_s1_r0,,,
lg_lacam_fork:lacam,"LaCAM (no guidance, first solution)",random-32-32-20,random-32-32-20-random-1,100,0,60.0,solved,0.37716,0.152,3292,50,2860,2253,48,1.461163,0,,/home/carsten/Projects/MAPF/MAPF Evaluator/results/tlg-random32-20/runs/lg_lacam_fork_lacam/random-32-32-20/random-32-32-20-random-1_a100_s0_r0,3292,0.152,"{""agents"": ""100"", ""comp_time"": ""152"", ""makespan"": ""50"", ""makespan_lb"": ""48"", ""map_file"": ""random-32-32-20.map"", ""seed"": ""0"", ""soc"": ""3292"", ""soc_lb"": ""2253"", ""solved"": ""1"", ""solver"": ""planner"", ""sum_of_loss"": ""2932"", ""sum_of_loss_lb"": ""2253""}"
lg_lacam_fork:lacam,"LaCAM (no guidance, first solution)",random-32-32-20,random-32-32-20-random-1,100,1,60.0,solved,0.272589,0.163,3276,55,2872,2253,48,1.454061,0,,/home/carsten/Projects/MAPF/MAPF Evaluator/results/tlg-random32-20/runs/lg_lacam_fork_lacam/random-32-32-20/random-32-32-20-random-1_a100_s1_r0,3276,0.163,"{""agents"": ""100"", ""comp_time"": ""163"", ""makespan"": ""55"", ""makespan_lb"": ""48"", ""map_file"": ""random-32-32-20.map"", ""seed"": ""1"", ""soc"": ""3276"", ""soc_lb"": ""2253"", ""solved"": ""1"", ""solver"": ""planner"", ""sum_of_loss"": ""2943"", ""sum_of_loss_lb"": ""2253""}"
lg_lacam_fork:lacam_noswap,"LaCAM (no guidance, no PIBT swap)",random-32-32-20,random-32-32-20-random-1,100,0,60.0,solved,0.216942,0.015,3096,48,2766,2253,48,1.374168,0,,/home/carsten/Projects/MAPF/MAPF Evaluator/results/tlg-random32-20/runs/lg_lacam_fork_lacam_noswap/random-32-32-20/random-32-32-20-random-1_a100_s0_r0,3096,0.015,"{""agents"": ""100"", ""comp_time"": ""15"", ""makespan"": ""48"", ""makespan_lb"": ""48"", ""map_file"": ""random-32-32-20.map"", ""seed"": ""0"", ""soc"": ""3096"", ""soc_lb"": ""2253"", ""solved"": ""1"", ""solver"": ""planner"", ""sum_of_loss"": ""2825"", ""sum_of_loss_lb"": ""2253""}"
lg_lacam_fork:lacam_noswap,"LaCAM (no guidance, no PIBT swap)",random-32-32-20,random-32-32-20-random-1,100,1,60.0,solved,0.464747,0.036,3162,49,2845,2253,48,1.403462,0,,/home/carsten/Projects/MAPF/MAPF Evaluator/results/tlg-random32-20/runs/lg_lacam_fork_lacam_noswap/random-32-32-20/random-32-32-20-random-1_a100_s1_r0,3162,0.036,"{""agents"": ""100"", ""comp_time"": ""36"", ""makespan"": ""49"", ""makespan_lb"": ""48"", ""map_file"": ""random-32-32-20.map"", ""seed"": ""1"", ""soc"": ""3162"", ""soc_lb"": ""2253"", ""solved"": ""1"", ""solver"": ""planner"", ""sum_of_loss"": ""2909"", ""sum_of_loss_lb"": ""2253""}"
lg_lacam_fork:suo,LaCAM3 = SUO (first solution),random-32-32-20,random-32-32-20-random-1,100,0,60.0,solved,0.671839,0.461,2615,51,2536,2253,48,1.160675,0,,/home/carsten/Projects/MAPF/MAPF Evaluator/results/tlg-random32-20/runs/lg_lacam_fork_suo/random-32-32-20/random-32-32-20-random-1_a100_s0_r0,2615,0.461,"{""agents"": ""100"", ""comp_time"": ""461"", ""makespan"": ""51"", ""makespan_lb"": ""48"", ""map_file"": ""random-32-32-20.map"", ""seed"": ""0"", ""soc"": ""2615"", ""soc_lb"": ""2253"", ""solved"": ""1"", ""solver"": ""planner"", ""sum_of_loss"": ""2546"", ""sum_of_loss_lb"": ""2253""}"
lg_lacam_fork:suo,LaCAM3 = SUO (first solution),random-32-32-20,random-32-32-20-random-1,100,1,60.0,solved,0.764647,0.301,2682,53,2529,2253,48,1.190413,0,,/home/carsten/Projects/MAPF/MAPF Evaluator/results/tlg-random32-20/runs/lg_lacam_fork_suo/random-32-32-20/random-32-32-20-random-1_a100_s1_r0,2682,0.301,"{""agents"": ""100"", ""comp_time"": ""301"", ""makespan"": ""53"", ""makespan_lb"": ""48"", ""map_file"": ""random-32-32-20.map"", ""seed"": ""1"", ""soc"": ""2682"", ""soc_lb"": ""2253"", ""solved"": ""1"", ""solver"": ""planner"", ""sum_of_loss"": ""2556"", ""sum_of_loss_lb"": ""2253""}"
lg_lacam_fork:lg,"LG-LaCAM (window 20, first solution)",random-32-32-20,random-32-32-20-random-1,100,0,60.0,solved,1.044943,0.658,2533,50,2423,2253,48,1.124279,0,,/home/carsten/Projects/MAPF/MAPF Evaluator/results/tlg-random32-20/runs/lg_lacam_fork_lg/random-32-32-20/random-32-32-20-random-1_a100_s0_r0,2533,0.658,"{""agents"": ""100"", ""comp_time"": ""658"", ""makespan"": ""50"", ""makespan_lb"": ""48"", ""map_file"": ""random-32-32-20.map"", ""seed"": ""0"", ""soc"": ""2533"", ""soc_lb"": ""2253"", ""solved"": ""1"", ""solver"": ""planner"", ""sum_of_loss"": ""2434"", ""sum_of_loss_lb"": ""2253""}"
lg_lacam_fork:lg,"LG-LaCAM (window 20, first solution)",random-32-32-20,random-32-32-20-random-1,100,1,60.0,solved,3.065742,2.559,2540,50,2438,2253,48,1.127386,0,,/home/carsten/Projects/MAPF/MAPF Evaluator/results/tlg-random32-20/runs/lg_lacam_fork_lg/random-32-32-20/random-32-32-20-random-1_a100_s1_r0,2540,2.559,"{""agents"": ""100"", ""comp_time"": ""2559"", ""makespan"": ""50"", ""makespan_lb"": ""48"", ""map_file"": ""random-32-32-20.map"", ""seed"": ""1"", ""soc"": ""2540"", ""soc_lb"": ""2253"", ""solved"": ""1"", ""solver"": ""planner"", ""sum_of_loss"": ""2454"", ""sum_of_loss_lb"": ""2253""}"
traffic_load_lacam:vanilla,py-LaCAM (vanilla),random-32-32-20,random-32-32-20-random-1,100,0,60.0,solved,3.551927,,3155,50,2795,2253,48,1.400355,0,,/home/carsten/Projects/MAPF/MAPF Evaluator/results/tlg-random32-20/runs/traffic_load_lacam_vanilla/random-32-32-20/random-32-32-20-random-1_a100_s0_r0,,,
traffic_load_lacam:vanilla,py-LaCAM (vanilla),random-32-32-20,random-32-32-20-random-1,100,1,60.0,solved,1.045024,,3346,65,2908,2253,48,1.485131,0,,/home/carsten/Projects/MAPF/MAPF Evaluator/results/tlg-random32-20/runs/traffic_load_lacam_vanilla/random-32-32-20/random-32-32-20-random-1_a100_s1_r0,,,
traffic_load_lacam:tb_step,"py-LaCAM + load (tiebreak, per step)",random-32-32-20,random-32-32-20-random-1,100,0,60.0,solved,1.077136,,3376,73,2880,2253,48,1.498447,0,,/home/carsten/Projects/MAPF/MAPF Evaluator/results/tlg-random32-20/runs/traffic_load_lacam_tb_step/random-32-32-20/random-32-32-20-random-1_a100_s0_r0,,,
traffic_load_lacam:tb_step,"py-LaCAM + load (tiebreak, per step)",random-32-32-20,random-32-32-20-random-1,100,1,60.0,solved,4.617036,,3381,77,2870,2253,48,1.500666,0,,/home/carsten/Projects/MAPF/MAPF Evaluator/results/tlg-random32-20/runs/traffic_load_lacam_tb_step/random-32-32-20/random-32-32-20-random-1_a100_s1_r0,,,
traffic_load_lacam:pen01_step,"py-LaCAM + load (penalty 0.1, per step)",random-32-32-20,random-32-32-20-random-1,100,0,60.0,solved,1.762533,,3351,73,2883,2253,48,1.48735,0,,/home/carsten/Projects/MAPF/MAPF Evaluator/results/tlg-random32-20/runs/traffic_load_lacam_pen01_step/random-32-32-20/random-32-32-20-random-1_a100_s0_r0,,,
traffic_load_lacam:pen01_step,"py-LaCAM + load (penalty 0.1, per step)",random-32-32-20,random-32-32-20-random-1,100,1,60.0,solved,0.715002,,3376,77,2866,2253,48,1.498447,0,,/home/carsten/Projects/MAPF/MAPF Evaluator/results/tlg-random32-20/runs/traffic_load_lacam_pen01_step/random-32-32-20/random-32-32-20-random-1_a100_s1_r0,,,
lg_lacam_fork:lacam,"LaCAM (no guidance, first solution)",random-32-32-20,random-32-32-20-random-1,150,0,60.0,solved,0.015582,0.004,5634,62,4939,3485,48,1.616643,0,,/home/carsten/Projects/MAPF/MAPF Evaluator/results/tlg-random32-20/runs/lg_lacam_fork_lacam/random-32-32-20/random-32-32-20-random-1_a150_s0_r0,5634,0.004,"{""agents"": ""150"", ""comp_time"": ""4"", ""makespan"": ""62"", ""makespan_lb"": ""48"", ""map_file"": ""random-32-32-20.map"", ""seed"": ""0"", ""soc"": ""5634"", ""soc_lb"": ""3485"", ""solved"": ""1"", ""solver"": ""planner"", ""sum_of_loss"": ""5092"", ""sum_of_loss_lb"": ""3485""}"
lg_lacam_fork:lacam,"LaCAM (no guidance, first solution)",random-32-32-20,random-32-32-20-random-1,150,1,60.0,solved,0.015582,0.004,5703,57,4980,3485,48,1.636442,0,,/home/carsten/Projects/MAPF/MAPF Evaluator/results/tlg-random32-20/runs/lg_lacam_fork_lacam/random-32-32-20/random-32-32-20-random-1_a150_s1_r0,5703,0.004,"{""agents"": ""150"", ""comp_time"": ""4"", ""makespan"": ""57"", ""makespan_lb"": ""48"", ""map_file"": ""random-32-32-20.map"", ""seed"": ""1"", ""soc"": ""5703"", ""soc_lb"": ""3485"", ""solved"": ""1"", ""solver"": ""planner"", ""sum_of_loss"": ""5121"", ""sum_of_loss_lb"": ""3485""}"
lg_lacam_fork:lacam_noswap,"LaCAM (no guidance, no PIBT swap)",random-32-32-20,random-32-32-20-random-1,150,0,60.0,solved,0.015576,0.004,5678,54,4925,3485,48,1.629268,0,,/home/carsten/Projects/MAPF/MAPF Evaluator/results/tlg-random32-20/runs/lg_lacam_fork_lacam_noswap/random-32-32-20/random-32-32-20-random-1_a150_s0_r0,5678,0.004,"{""agents"": ""150"", ""comp_time"": ""4"", ""makespan"": ""54"", ""makespan_lb"": ""48"", ""map_file"": ""random-32-32-20.map"", ""seed"": ""0"", ""soc"": ""5678"", ""soc_lb"": ""3485"", ""solved"": ""1"", ""solver"": ""planner"", ""sum_of_loss"": ""5085"", ""sum_of_loss_lb"": ""3485""}"
lg_lacam_fork:lacam_noswap,"LaCAM (no guidance, no PIBT swap)",random-32-32-20,random-32-32-20-random-1,150,1,60.0,solved,0.015519,0.004,5758,56,5024,3485,48,1.652224,0,,/home/carsten/Projects/MAPF/MAPF Evaluator/results/tlg-random32-20/runs/lg_lacam_fork_lacam_noswap/random-32-32-20/random-32-32-20-random-1_a150_s1_r0,5758,0.004,"{""agents"": ""150"", ""comp_time"": ""4"", ""makespan"": ""56"", ""makespan_lb"": ""48"", ""map_file"": ""random-32-32-20.map"", ""seed"": ""1"", ""soc"": ""5758"", ""soc_lb"": ""3485"", ""solved"": ""1"", ""solver"": ""planner"", ""sum_of_loss"": ""5170"", ""sum_of_loss_lb"": ""3485""}"
lg_lacam_fork:suo,LaCAM3 = SUO (first solution),random-32-32-20,random-32-32-20-random-1,150,0,60.0,solved,0.06983,0.018,4674,62,4234,3485,48,1.341176,0,,/home/carsten/Projects/MAPF/MAPF Evaluator/results/tlg-random32-20/runs/lg_lacam_fork_suo/random-32-32-20/random-32-32-20-random-1_a150_s0_r0,4674,0.018,"{""agents"": ""150"", ""comp_time"": ""18"", ""makespan"": ""62"", ""makespan_lb"": ""48"", ""map_file"": ""random-32-32-20.map"", ""seed"": ""0"", ""soc"": ""4674"", ""soc_lb"": ""3485"", ""solved"": ""1"", ""solver"": ""planner"", ""sum_of_loss"": ""4296"", ""sum_of_loss_lb"": ""3485""}"
lg_lacam_fork:suo,LaCAM3 = SUO (first solution),random-32-32-20,random-32-32-20-random-1,150,1,60.0,solved,0.03163,0.012,4793,57,4212,3485,48,1.375323,0,,/home/carsten/Projects/MAPF/MAPF Evaluator/results/tlg-random32-20/runs/lg_lacam_fork_suo/random-32-32-20/random-32-32-20-random-1_a150_s1_r0,4793,0.012,"{""agents"": ""150"", ""comp_time"": ""12"", ""makespan"": ""57"", ""makespan_lb"": ""48"", ""map_file"": ""random-32-32-20.map"", ""seed"": ""1"", ""soc"": ""4793"", ""soc_lb"": ""3485"", ""solved"": ""1"", ""solver"": ""planner"", ""sum_of_loss"": ""4264"", ""sum_of_loss_lb"": ""3485""}"
lg_lacam_fork:lg,"LG-LaCAM (window 20, first solution)",random-32-32-20,random-32-32-20-random-1,150,0,60.0,solved,0.228538,0.103,4155,51,3898,3485,48,1.192253,0,,/home/carsten/Projects/MAPF/MAPF Evaluator/results/tlg-random32-20/runs/lg_lacam_fork_lg/random-32-32-20/random-32-32-20-random-1_a150_s0_r0,4155,0.103,"{""agents"": ""150"", ""comp_time"": ""103"", ""makespan"": ""51"", ""makespan_lb"": ""48"", ""map_file"": ""random-32-32-20.map"", ""seed"": ""0"", ""soc"": ""4155"", ""soc_lb"": ""3485"", ""solved"": ""1"", ""solver"": ""planner"", ""sum_of_loss"": ""3933"", ""sum_of_loss_lb"": ""3485""}"
lg_lacam_fork:lg,"LG-LaCAM (window 20, first solution)",random-32-32-20,random-32-32-20-random-1,150,1,60.0,solved,1.548213,1.195,4319,51,4026,3485,48,1.239311,0,,/home/carsten/Projects/MAPF/MAPF Evaluator/results/tlg-random32-20/runs/lg_lacam_fork_lg/random-32-32-20/random-32-32-20-random-1_a150_s1_r0,4319,1.195,"{""agents"": ""150"", ""comp_time"": ""1195"", ""makespan"": ""51"", ""makespan_lb"": ""48"", ""map_file"": ""random-32-32-20.map"", ""seed"": ""1"", ""soc"": ""4319"", ""soc_lb"": ""3485"", ""solved"": ""1"", ""solver"": ""planner"", ""sum_of_loss"": ""4070"", ""sum_of_loss_lb"": ""3485""}"
traffic_load_lacam:vanilla,py-LaCAM (vanilla),random-32-32-20,random-32-32-20-random-1,150,0,60.0,solved,2.398112,,5599,53,4885,3485,48,1.6066,0,,/home/carsten/Projects/MAPF/MAPF Evaluator/results/tlg-random32-20/runs/traffic_load_lacam_vanilla/random-32-32-20/random-32-32-20-random-1_a150_s0_r0,,,
traffic_load_lacam:vanilla,py-LaCAM (vanilla),random-32-32-20,random-32-32-20-random-1,150,1,60.0,solved,0.994894,,6305,88,5268,3485,48,1.809182,0,,/home/carsten/Projects/MAPF/MAPF Evaluator/results/tlg-random32-20/runs/traffic_load_lacam_vanilla/random-32-32-20/random-32-32-20-random-1_a150_s1_r0,,,
traffic_load_lacam:tb_step,"py-LaCAM + load (tiebreak, per step)",random-32-32-20,random-32-32-20-random-1,150,0,60.0,solved,1.739435,,5131,63,4505,3485,48,1.47231,0,,/home/carsten/Projects/MAPF/MAPF Evaluator/results/tlg-random32-20/runs/traffic_load_lacam_tb_step/random-32-32-20/random-32-32-20-random-1_a150_s0_r0,,,
traffic_load_lacam:tb_step,"py-LaCAM + load (tiebreak, per step)",random-32-32-20,random-32-32-20-random-1,150,1,60.0,solved,40.285983,,6493,129,5319,3485,48,1.863128,0,,/home/carsten/Projects/MAPF/MAPF Evaluator/results/tlg-random32-20/runs/traffic_load_lacam_tb_step/random-32-32-20/random-32-32-20-random-1_a150_s1_r0,,,
traffic_load_lacam:pen01_step,"py-LaCAM + load (penalty 0.1, per step)",random-32-32-20,random-32-32-20-random-1,150,0,60.0,solved,6.631735,,5140,63,4510,3485,48,1.474892,0,,/home/carsten/Projects/MAPF/MAPF Evaluator/results/tlg-random32-20/runs/traffic_load_lacam_pen01_step/random-32-32-20/random-32-32-20-random-1_a150_s0_r0,,,
traffic_load_lacam:pen01_step,"py-LaCAM + load (penalty 0.1, per step)",random-32-32-20,random-32-32-20-random-1,150,1,60.0,unsolved,61.480639,,,,,3485,48,,1,"solver gave up (matched 'invalid solution, empty')",/home/carsten/Projects/MAPF/MAPF Evaluator/results/tlg-random32-20/runs/traffic_load_lacam_pen01_step/random-32-32-20/random-32-32-20-random-1_a150_s1_r0,,,
lg_lacam_fork:lacam,"LaCAM (no guidance, first solution)",random-32-32-20,random-32-32-20-random-2,50,0,60.0,solved,0.007527,0.001,1387,51,1247,1099,51,1.262056,0,,/home/carsten/Projects/MAPF/MAPF Evaluator/results/tlg-random32-20/runs/lg_lacam_fork_lacam/random-32-32-20/random-32-32-20-random-2_a50_s0_r0,1387,0.001,"{""agents"": ""50"", ""comp_time"": ""1"", ""makespan"": ""51"", ""makespan_lb"": ""51"", ""map_file"": ""random-32-32-20.map"", ""seed"": ""0"", ""soc"": ""1387"", ""soc_lb"": ""1099"", ""solved"": ""1"", ""solver"": ""planner"", ""sum_of_loss"": ""1265"", ""sum_of_loss_lb"": ""1099""}"
lg_lacam_fork:lacam,"LaCAM (no guidance, first solution)",random-32-32-20,random-32-32-20-random-2,50,1,60.0,solved,0.007415,0.001,1321,51,1216,1099,51,1.202002,0,,/home/carsten/Projects/MAPF/MAPF Evaluator/results/tlg-random32-20/runs/lg_lacam_fork_lacam/random-32-32-20/random-32-32-20-random-2_a50_s1_r0,1321,0.001,"{""agents"": ""50"", ""comp_time"": ""1"", ""makespan"": ""51"", ""makespan_lb"": ""51"", ""map_file"": ""random-32-32-20.map"", ""seed"": ""1"", ""soc"": ""1321"", ""soc_lb"": ""1099"", ""solved"": ""1"", ""solver"": ""planner"", ""sum_of_loss"": ""1229"", ""sum_of_loss_lb"": ""1099""}"
lg_lacam_fork:lacam_noswap,"LaCAM (no guidance, no PIBT swap)",random-32-32-20,random-32-32-20-random-2,50,0,60.0,solved,0.007521,0.001,1297,51,1212,1099,51,1.180164,0,,/home/carsten/Projects/MAPF/MAPF Evaluator/results/tlg-random32-20/runs/lg_lacam_fork_lacam_noswap/random-32-32-20/random-32-32-20-random-2_a50_s0_r0,1297,0.001,"{""agents"": ""50"", ""comp_time"": ""1"", ""makespan"": ""51"", ""makespan_lb"": ""51"", ""map_file"": ""random-32-32-20.map"", ""seed"": ""0"", ""soc"": ""1297"", ""soc_lb"": ""1099"", ""solved"": ""1"", ""solver"": ""planner"", ""sum_of_loss"": ""1225"", ""sum_of_loss_lb"": ""1099""}"
lg_lacam_fork:lacam_noswap,"LaCAM (no guidance, no PIBT swap)",random-32-32-20,random-32-32-20-random-2,50,1,60.0,solved,0.017633,0.009,1321,51,1216,1099,51,1.202002,0,,/home/carsten/Projects/MAPF/MAPF Evaluator/results/tlg-random32-20/runs/lg_lacam_fork_lacam_noswap/random-32-32-20/random-32-32-20-random-2_a50_s1_r0,1321,0.009,"{""agents"": ""50"", ""comp_time"": ""9"", ""makespan"": ""51"", ""makespan_lb"": ""51"", ""map_file"": ""random-32-32-20.map"", ""seed"": ""1"", ""soc"": ""1321"", ""soc_lb"": ""1099"", ""solved"": ""1"", ""solver"": ""planner"", ""sum_of_loss"": ""1229"", ""sum_of_loss_lb"": ""1099""}"
lg_lacam_fork:suo,LaCAM3 = SUO (first solution),random-32-32-20,random-32-32-20-random-2,50,0,60.0,solved,0.032627,0.006,1150,53,1140,1099,51,1.046406,0,,/home/carsten/Projects/MAPF/MAPF Evaluator/results/tlg-random32-20/runs/lg_lacam_fork_suo/random-32-32-20/random-32-32-20-random-2_a50_s0_r0,1150,0.006,"{""agents"": ""50"", ""comp_time"": ""6"", ""makespan"": ""53"", ""makespan_lb"": ""51"", ""map_file"": ""random-32-32-20.map"", ""seed"": ""0"", ""soc"": ""1150"", ""soc_lb"": ""1099"", ""solved"": ""1"", ""solver"": ""planner"", ""sum_of_loss"": ""1141"", ""sum_of_loss_lb"": ""1099""}"
lg_lacam_fork:suo,LaCAM3 = SUO (first solution),random-32-32-20,random-32-32-20-random-2,50,1,60.0,solved,0.01609,0.005,1141,53,1141,1099,51,1.038217,0,,/home/carsten/Projects/MAPF/MAPF Evaluator/results/tlg-random32-20/runs/lg_lacam_fork_suo/random-32-32-20/random-32-32-20-random-2_a50_s1_r0,1141,0.005,"{""agents"": ""50"", ""comp_time"": ""5"", ""makespan"": ""53"", ""makespan_lb"": ""51"", ""map_file"": ""random-32-32-20.map"", ""seed"": ""1"", ""soc"": ""1141"", ""soc_lb"": ""1099"", ""solved"": ""1"", ""solver"": ""planner"", ""sum_of_loss"": ""1141"", ""sum_of_loss_lb"": ""1099""}"
lg_lacam_fork:lg,"LG-LaCAM (window 20, first solution)",random-32-32-20,random-32-32-20-random-2,50,0,60.0,solved,0.017923,0.008,1139,53,1123,1099,51,1.036397,0,,/home/carsten/Projects/MAPF/MAPF Evaluator/results/tlg-random32-20/runs/lg_lacam_fork_lg/random-32-32-20/random-32-32-20-random-2_a50_s0_r0,1139,0.008,"{""agents"": ""50"", ""comp_time"": ""8"", ""makespan"": ""53"", ""makespan_lb"": ""51"", ""map_file"": ""random-32-32-20.map"", ""seed"": ""0"", ""soc"": ""1139"", ""soc_lb"": ""1099"", ""solved"": ""1"", ""solver"": ""planner"", ""sum_of_loss"": ""1125"", ""sum_of_loss_lb"": ""1099""}"
lg_lacam_fork:lg,"LG-LaCAM (window 20, first solution)",random-32-32-20,random-32-32-20-random-2,50,1,60.0,solved,0.034745,0.01,1131,51,1121,1099,51,1.029117,0,,/home/carsten/Projects/MAPF/MAPF Evaluator/results/tlg-random32-20/runs/lg_lacam_fork_lg/random-32-32-20/random-32-32-20-random-2_a50_s1_r0,1131,0.01,"{""agents"": ""50"", ""comp_time"": ""10"", ""makespan"": ""51"", ""makespan_lb"": ""51"", ""map_file"": ""random-32-32-20.map"", ""seed"": ""1"", ""soc"": ""1131"", ""soc_lb"": ""1099"", ""solved"": ""1"", ""solver"": ""planner"", ""sum_of_loss"": ""1122"", ""sum_of_loss_lb"": ""1099""}"
traffic_load_lacam:vanilla,py-LaCAM (vanilla),random-32-32-20,random-32-32-20-random-2,50,0,60.0,solved,0.166041,,1314,51,1211,1099,51,1.195632,0,,/home/carsten/Projects/MAPF/MAPF Evaluator/results/tlg-random32-20/runs/traffic_load_lacam_vanilla/random-32-32-20/random-32-32-20-random-2_a50_s0_r0,,,
traffic_load_lacam:vanilla,py-LaCAM (vanilla),random-32-32-20,random-32-32-20-random-2,50,1,60.0,solved,0.165681,,1367,51,1237,1099,51,1.243858,0,,/home/carsten/Projects/MAPF/MAPF Evaluator/results/tlg-random32-20/runs/traffic_load_lacam_vanilla/random-32-32-20/random-32-32-20-random-2_a50_s1_r0,,,
traffic_load_lacam:tb_step,"py-LaCAM + load (tiebreak, per step)",random-32-32-20,random-32-32-20-random-2,50,0,60.0,solved,0.364266,,1247,51,1200,1099,51,1.134668,0,,/home/carsten/Projects/MAPF/MAPF Evaluator/results/tlg-random32-20/runs/traffic_load_lacam_tb_step/random-32-32-20/random-32-32-20-random-2_a50_s0_r0,,,
traffic_load_lacam:tb_step,"py-LaCAM + load (tiebreak, per step)",random-32-32-20,random-32-32-20-random-2,50,1,60.0,solved,0.364151,,1213,51,1184,1099,51,1.103731,0,,/home/carsten/Projects/MAPF/MAPF Evaluator/results/tlg-random32-20/runs/traffic_load_lacam_tb_step/random-32-32-20/random-32-32-20-random-2_a50_s1_r0,,,
traffic_load_lacam:pen01_step,"py-LaCAM + load (penalty 0.1, per step)",random-32-32-20,random-32-32-20-random-2,50,0,60.0,solved,0.366718,,1247,51,1200,1099,51,1.134668,0,,/home/carsten/Projects/MAPF/MAPF Evaluator/results/tlg-random32-20/runs/traffic_load_lacam_pen01_step/random-32-32-20/random-32-32-20-random-2_a50_s0_r0,,,
traffic_load_lacam:pen01_step,"py-LaCAM + load (penalty 0.1, per step)",random-32-32-20,random-32-32-20-random-2,50,1,60.0,solved,0.366865,,1213,51,1184,1099,51,1.103731,0,,/home/carsten/Projects/MAPF/MAPF Evaluator/results/tlg-random32-20/runs/traffic_load_lacam_pen01_step/random-32-32-20/random-32-32-20-random-2_a50_s1_r0,,,
lg_lacam_fork:lacam,"LaCAM (no guidance, first solution)",random-32-32-20,random-32-32-20-random-2,100,0,60.0,solved,0.007478,0.002,3254,53,2810,2232,51,1.457885,0,,/home/carsten/Projects/MAPF/MAPF Evaluator/results/tlg-random32-20/runs/lg_lacam_fork_lacam/random-32-32-20/random-32-32-20-random-2_a100_s0_r0,3254,0.002,"{""agents"": ""100"", ""comp_time"": ""2"", ""makespan"": ""53"", ""makespan_lb"": ""51"", ""map_file"": ""random-32-32-20.map"", ""seed"": ""0"", ""soc"": ""3254"", ""soc_lb"": ""2232"", ""solved"": ""1"", ""solver"": ""planner"", ""sum_of_loss"": ""2883"", ""sum_of_loss_lb"": ""2232""}"
lg_lacam_fork:lacam,"LaCAM (no guidance, first solution)",random-32-32-20,random-32-32-20-random-2,100,1,60.0,solved,0.015483,0.002,3142,51,2767,2232,51,1.407706,0,,/home/carsten/Projects/MAPF/MAPF Evaluator/results/tlg-random32-20/runs/lg_lacam_fork_lacam/random-32-32-20/random-32-32-20-random-2_a100_s1_r0,3142,0.002,"{""agents"": ""100"", ""comp_time"": ""2"", ""makespan"": ""51"", ""makespan_lb"": ""51"", ""map_file"": ""random-32-32-20.map"", ""seed"": ""1"", ""soc"": ""3142"", ""soc_lb"": ""2232"", ""solved"": ""1"", ""solver"": ""planner"", ""sum_of_loss"": ""2829"", ""sum_of_loss_lb"": ""2232""}"
lg_lacam_fork:lacam_noswap,"LaCAM (no guidance, no PIBT swap)",random-32-32-20,random-32-32-20-random-2,100,0,60.0,solved,0.007455,0.002,3254,53,2810,2232,51,1.457885,0,,/home/carsten/Projects/MAPF/MAPF Evaluator/results/tlg-random32-20/runs/lg_lacam_fork_lacam_noswap/random-32-32-20/random-32-32-20-random-2_a100_s0_r0,3254,0.002,"{""agents"": ""100"", ""comp_time"": ""2"", ""makespan"": ""53"", ""makespan_lb"": ""51"", ""map_file"": ""random-32-32-20.map"", ""seed"": ""0"", ""soc"": ""3254"", ""soc_lb"": ""2232"", ""solved"": ""1"", ""solver"": ""planner"", ""sum_of_loss"": ""2883"", ""sum_of_loss_lb"": ""2232""}"
lg_lacam_fork:lacam_noswap,"LaCAM (no guidance, no PIBT swap)",random-32-32-20,random-32-32-20-random-2,100,1,60.0,solved,0.007502,0.002,3153,55,2772,2232,51,1.412634,0,,/home/carsten/Projects/MAPF/MAPF Evaluator/results/tlg-random32-20/runs/lg_lacam_fork_lacam_noswap/random-32-32-20/random-32-32-20-random-2_a100_s1_r0,3153,0.002,"{""agents"": ""100"", ""comp_time"": ""2"", ""makespan"": ""55"", ""makespan_lb"": ""51"", ""map_file"": ""random-32-32-20.map"", ""seed"": ""1"", ""soc"": ""3153"", ""soc_lb"": ""2232"", ""solved"": ""1"", ""solver"": ""planner"", ""sum_of_loss"": ""2835"", ""sum_of_loss_lb"": ""2232""}"
lg_lacam_fork:suo,LaCAM3 = SUO (first solution),random-32-32-20,random-32-32-20-random-2,100,0,60.0,solved,0.015525,0.006,2618,57,2462,2232,51,1.172939,0,,/home/carsten/Projects/MAPF/MAPF Evaluator/results/tlg-random32-20/runs/lg_lacam_fork_suo/random-32-32-20/random-32-32-20-random-2_a100_s0_r0,2618,0.006,"{""agents"": ""100"", ""comp_time"": ""6"", ""makespan"": ""57"", ""makespan_lb"": ""51"", ""map_file"": ""random-32-32-20.map"", ""seed"": ""0"", ""soc"": ""2618"", ""soc_lb"": ""2232"", ""solved"": ""1"", ""solver"": ""planner"", ""sum_of_loss"": ""2477"", ""sum_of_loss_lb"": ""2232""}"
lg_lacam_fork:suo,LaCAM3 = SUO (first solution),random-32-32-20,random-32-32-20-random-2,100,1,60.0,solved,0.015501,0.006,2700,59,2496,2232,51,1.209677,0,,/home/carsten/Projects/MAPF/MAPF Evaluator/results/tlg-random32-20/runs/lg_lacam_fork_suo/random-32-32-20/random-32-32-20-random-2_a100_s1_r0,2700,0.006,"{""agents"": ""100"", ""comp_time"": ""6"", ""makespan"": ""59"", ""makespan_lb"": ""51"", ""map_file"": ""random-32-32-20.map"", ""seed"": ""1"", ""soc"": ""2700"", ""soc_lb"": ""2232"", ""solved"": ""1"", ""solver"": ""planner"", ""sum_of_loss"": ""2512"", ""sum_of_loss_lb"": ""2232""}"
lg_lacam_fork:lg,"LG-LaCAM (window 20, first solution)",random-32-32-20,random-32-32-20-random-2,100,0,60.0,solved,0.03162,0.011,2475,53,2368,2232,51,1.108871,0,,/home/carsten/Projects/MAPF/MAPF Evaluator/results/tlg-random32-20/runs/lg_lacam_fork_lg/random-32-32-20/random-32-32-20-random-2_a100_s0_r0,2475,0.011,"{""agents"": ""100"", ""comp_time"": ""11"", ""makespan"": ""53"", ""makespan_lb"": ""51"", ""map_file"": ""random-32-32-20.map"", ""seed"": ""0"", ""soc"": ""2475"", ""soc_lb"": ""2232"", ""solved"": ""1"", ""solver"": ""planner"", ""sum_of_loss"": ""2388"", ""sum_of_loss_lb"": ""2232""}"
lg_lacam_fork:lg,"LG-LaCAM (window 20, first solution)",random-32-32-20,random-32-32-20-random-2,100,1,60.0,solved,0.031594,0.011,2486,51,2334,2232,51,1.113799,0,,/home/carsten/Projects/MAPF/MAPF Evaluator/results/tlg-random32-20/runs/lg_lacam_fork_lg/random-32-32-20/random-32-32-20-random-2_a100_s1_r0,2486,0.011,"{""agents"": ""100"", ""comp_time"": ""11"", ""makespan"": ""51"", ""makespan_lb"": ""51"", ""map_file"": ""random-32-32-20.map"", ""seed"": ""1"", ""soc"": ""2486"", ""soc_lb"": ""2232"", ""solved"": ""1"", ""solver"": ""planner"", ""sum_of_loss"": ""2350"", ""sum_of_loss_lb"": ""2232""}"
traffic_load_lacam:vanilla,py-LaCAM (vanilla),random-32-32-20,random-32-32-20-random-2,100,0,60.0,solved,0.215716,,3253,63,2929,2232,51,1.457437,0,,/home/carsten/Projects/MAPF/MAPF Evaluator/results/tlg-random32-20/runs/traffic_load_lacam_vanilla/random-32-32-20/random-32-32-20-random-2_a100_s0_r0,,,
traffic_load_lacam:vanilla,py-LaCAM (vanilla),random-32-32-20,random-32-32-20-random-2,100,1,60.0,solved,0.216142,,3339,58,2922,2232,51,1.495968,0,,/home/carsten/Projects/MAPF/MAPF Evaluator/results/tlg-random32-20/runs/traffic_load_lacam_vanilla/random-32-32-20/random-32-32-20-random-2_a100_s1_r0,,,
traffic_load_lacam:tb_step,"py-LaCAM + load (tiebreak, per step)",random-32-32-20,random-32-32-20-random-2,100,0,60.0,solved,6.73881,,3171,65,2766,2232,51,1.420699,0,,/home/carsten/Projects/MAPF/MAPF Evaluator/results/tlg-random32-20/runs/traffic_load_lacam_tb_step/random-32-32-20/random-32-32-20-random-2_a100_s0_r0,,,
traffic_load_lacam:tb_step,"py-LaCAM + load (tiebreak, per step)",random-32-32-20,random-32-32-20-random-2,100,1,60.0,solved,8.123858,,2959,64,2659,2232,51,1.325717,0,,/home/carsten/Projects/MAPF/MAPF Evaluator/results/tlg-random32-20/runs/traffic_load_lacam_tb_step/random-32-32-20/random-32-32-20-random-2_a100_s1_r0,,,
traffic_load_lacam:pen01_step,"py-LaCAM + load (penalty 0.1, per step)",random-32-32-20,random-32-32-20-random-2,100,0,60.0,solved,7.688924,,3171,65,2766,2232,51,1.420699,0,,/home/carsten/Projects/MAPF/MAPF Evaluator/results/tlg-random32-20/runs/traffic_load_lacam_pen01_step/random-32-32-20/random-32-32-20-random-2_a100_s0_r0,,,
traffic_load_lacam:pen01_step,"py-LaCAM + load (penalty 0.1, per step)",random-32-32-20,random-32-32-20-random-2,100,1,60.0,solved,0.877416,,2962,64,2660,2232,51,1.327061,0,,/home/carsten/Projects/MAPF/MAPF Evaluator/results/tlg-random32-20/runs/traffic_load_lacam_pen01_step/random-32-32-20/random-32-32-20-random-2_a100_s1_r0,,,
lg_lacam_fork:lacam,"LaCAM (no guidance, first solution)",random-32-32-20,random-32-32-20-random-2,150,0,60.0,solved,0.015545,0.004,5277,54,4540,3322,51,1.588501,0,,/home/carsten/Projects/MAPF/MAPF Evaluator/results/tlg-random32-20/runs/lg_lacam_fork_lacam/random-32-32-20/random-32-32-20-random-2_a150_s0_r0,5277,0.004,"{""agents"": ""150"", ""comp_time"": ""4"", ""makespan"": ""54"", ""makespan_lb"": ""51"", ""map_file"": ""random-32-32-20.map"", ""seed"": ""0"", ""soc"": ""5277"", ""soc_lb"": ""3322"", ""solved"": ""1"", ""solver"": ""planner"", ""sum_of_loss"": ""4693"", ""sum_of_loss_lb"": ""3322""}"
lg_lacam_fork:lacam,"LaCAM (no guidance, first solution)",random-32-32-20,random-32-32-20-random-2,150,1,60.0,solved,0.015538,0.005,5456,54,4639,3322,51,1.642384,0,,/home/carsten/Projects/MAPF/MAPF Evaluator/results/tlg-random32-20/runs/lg_lacam_fork_lacam/random-32-32-20/random-32-32-20-random-2_a150_s1_r0,5456,0.005,"{""agents"": ""150"", ""comp_time"": ""5"", ""makespan"": ""54"", ""makespan_lb"": ""51"", ""map_file"": ""random-32-32-20.map"", ""seed"": ""1"", ""soc"": ""5456"", ""soc_lb"": ""3322"", ""solved"": ""1"", ""solver"": ""planner"", ""sum_of_loss"": ""4779"", ""sum_of_loss_lb"": ""3322""}"
lg_lacam_fork:lacam_noswap,"LaCAM (no guidance, no PIBT swap)",random-32-32-20,random-32-32-20-random-2,150,0,60.0,solved,0.015539,0.004,5120,57,4477,3322,51,1.54124,0,,/home/carsten/Projects/MAPF/MAPF Evaluator/results/tlg-random32-20/runs/lg_lacam_fork_lacam_noswap/random-32-32-20/random-32-32-20-random-2_a150_s0_r0,5120,0.004,"{""agents"": ""150"", ""comp_time"": ""4"", ""makespan"": ""57"", ""makespan_lb"": ""51"", ""map_file"": ""random-32-32-20.map"", ""seed"": ""0"", ""soc"": ""5120"", ""soc_lb"": ""3322"", ""solved"": ""1"", ""solver"": ""planner"", ""sum_of_loss"": ""4609"", ""sum_of_loss_lb"": ""3322""}"
lg_lacam_fork:lacam_noswap,"LaCAM (no guidance, no PIBT swap)",random-32-32-20,random-32-32-20-random-2,150,1,60.0,solved,0.165611,0.014,5407,59,4588,3322,51,1.627634,0,,/home/carsten/Projects/MAPF/MAPF Evaluator/results/tlg-random32-20/runs/lg_lacam_fork_lacam_noswap/random-32-32-20/random-32-32-20-random-2_a150_s1_r0,5407,0.014,"{""agents"": ""150"", ""comp_time"": ""14"", ""makespan"": ""59"", ""makespan_lb"": ""51"", ""map_file"": ""random-32-32-20.map"", ""seed"": ""1"", ""soc"": ""5407"", ""soc_lb"": ""3322"", ""solved"": ""1"", ""solver"": ""planner"", ""sum_of_loss"": ""4742"", ""sum_of_loss_lb"": ""3322""}"
lg_lacam_fork:suo,LaCAM3 = SUO (first solution),random-32-32-20,random-32-32-20-random-2,150,0,60.0,solved,0.301253,0.074,4040,53,3800,3322,51,1.216135,0,,/home/carsten/Projects/MAPF/MAPF Evaluator/results/tlg-random32-20/runs/lg_lacam_fork_suo/random-32-32-20/random-32-32-20-random-2_a150_s0_r0,4040,0.074,"{""agents"": ""150"", ""comp_time"": ""74"", ""makespan"": ""53"", ""makespan_lb"": ""51"", ""map_file"": ""random-32-32-20.map"", ""seed"": ""0"", ""soc"": ""4040"", ""soc_lb"": ""3322"", ""solved"": ""1"", ""solver"": ""planner"", ""sum_of_loss"": ""3826"", ""sum_of_loss_lb"": ""3322""}"
lg_lacam_fork:suo,LaCAM3 = SUO (first solution),random-32-32-20,random-32-32-20-random-2,150,1,60.0,solved,0.439098,0.159,4247,55,3899,3322,51,1.278447,0,,/home/carsten/Projects/MAPF/MAPF Evaluator/results/tlg-random32-20/runs/lg_lacam_fork_suo/random-32-32-20/random-32-32-20-random-2_a150_s1_r0,4247,0.159,"{""agents"": ""150"", ""comp_time"": ""159"", ""makespan"": ""55"", ""makespan_lb"": ""51"", ""map_file"": ""random-32-32-20.map"", ""seed"": ""1"", ""soc"": ""4247"", ""soc_lb"": ""3322"", ""solved"": ""1"", ""solver"": ""planner"", ""sum_of_loss"": ""3936"", ""sum_of_loss_lb"": ""3322""}"
lg_lacam_fork:lg,"LG-LaCAM (window 20, first solution)",random-32-32-20,random-32-32-20-random-2,150,0,60.0,solved,1.92941,1.284,3912,53,3618,3322,51,1.177604,0,,/home/carsten/Projects/MAPF/MAPF Evaluator/results/tlg-random32-20/runs/lg_lacam_fork_lg/random-32-32-20/random-32-32-20-random-2_a150_s0_r0,3912,1.284,"{""agents"": ""150"", ""comp_time"": ""1284"", ""makespan"": ""53"", ""makespan_lb"": ""51"", ""map_file"": ""random-32-32-20.map"", ""seed"": ""0"", ""soc"": ""3912"", ""soc_lb"": ""3322"", ""solved"": ""1"", ""solver"": ""planner"", ""sum_of_loss"": ""3653"", ""sum_of_loss_lb"": ""3322""}"
lg_lacam_fork:lg,"LG-LaCAM (window 20, first solution)",random-32-32-20,random-32-32-20-random-2,150,1,60.0,solved,2.265879,1.934,3845,51,3655,3322,51,1.157435,0,,/home/carsten/Projects/MAPF/MAPF Evaluator/results/tlg-random32-20/runs/lg_lacam_fork_lg/random-32-32-20/random-32-32-20-random-2_a150_s1_r0,3845,1.934,"{""agents"": ""150"", ""comp_time"": ""1934"", ""makespan"": ""51"", ""makespan_lb"": ""51"", ""map_file"": ""random-32-32-20.map"", ""seed"": ""1"", ""soc"": ""3845"", ""soc_lb"": ""3322"", ""solved"": ""1"", ""solver"": ""planner"", ""sum_of_loss"": ""3689"", ""sum_of_loss_lb"": ""3322""}"
traffic_load_lacam:vanilla,py-LaCAM (vanilla),random-32-32-20,random-32-32-20-random-2,150,0,60.0,solved,9.690111,,5968,90,5093,3322,51,1.796508,0,,/home/carsten/Projects/MAPF/MAPF Evaluator/results/tlg-random32-20/runs/traffic_load_lacam_vanilla/random-32-32-20/random-32-32-20-random-2_a150_s0_r0,,,
traffic_load_lacam:vanilla,py-LaCAM (vanilla),random-32-32-20,random-32-32-20-random-2,150,1,60.0,solved,6.729532,,5384,58,4688,3322,51,1.62071,0,,/home/carsten/Projects/MAPF/MAPF Evaluator/results/tlg-random32-20/runs/traffic_load_lacam_vanilla/random-32-32-20/random-32-32-20-random-2_a150_s1_r0,,,
traffic_load_lacam:tb_step,"py-LaCAM + load (tiebreak, per step)",random-32-32-20,random-32-32-20-random-2,150,0,60.0,solved,2.504616,,4865,76,4364,3322,51,1.464479,0,,/home/carsten/Projects/MAPF/MAPF Evaluator/results/tlg-random32-20/runs/traffic_load_lacam_tb_step/random-32-32-20/random-32-32-20-random-2_a150_s0_r0,,,
traffic_load_lacam:tb_step,"py-LaCAM + load (tiebreak, per step)",random-32-32-20,random-32-32-20-random-2,150,1,60.0,solved,3.381962,,5033,84,4438,3322,51,1.515051,0,,/home/carsten/Projects/MAPF/MAPF Evaluator/results/tlg-random32-20/runs/traffic_load_lacam_tb_step/random-32-32-20/random-32-32-20-random-2_a150_s1_r0,,,
traffic_load_lacam:pen01_step,"py-LaCAM + load (penalty 0.1, per step)",random-32-32-20,random-32-32-20-random-2,150,0,60.0,solved,7.904916,,4865,76,4364,3322,51,1.464479,0,,/home/carsten/Projects/MAPF/MAPF Evaluator/results/tlg-random32-20/runs/traffic_load_lacam_pen01_step/random-32-32-20/random-32-32-20-random-2_a150_s0_r0,,,
traffic_load_lacam:pen01_step,"py-LaCAM + load (penalty 0.1, per step)",random-32-32-20,random-32-32-20-random-2,150,1,60.0,solved,4.00701,,4979,82,4412,3322,51,1.498796,0,,/home/carsten/Projects/MAPF/MAPF Evaluator/results/tlg-random32-20/runs/traffic_load_lacam_pen01_step/random-32-32-20/random-32-32-20-random-2_a150_s1_r0,,,
lg_lacam_fork:lacam,"LaCAM (no guidance, first solution)",random-32-32-20,random-32-32-20-random-3,50,0,60.0,solved,0.36736,0.044,1215,43,1103,1007,42,1.206554,0,,/home/carsten/Projects/MAPF/MAPF Evaluator/results/tlg-random32-20/runs/lg_lacam_fork_lacam/random-32-32-20/random-32-32-20-random-3_a50_s0_r0,1215,0.044,"{""agents"": ""50"", ""comp_time"": ""44"", ""makespan"": ""43"", ""makespan_lb"": ""42"", ""map_file"": ""random-32-32-20.map"", ""seed"": ""0"", ""soc"": ""1215"", ""soc_lb"": ""1007"", ""solved"": ""1"", ""solver"": ""planner"", ""sum_of_loss"": ""1124"", ""sum_of_loss_lb"": ""1007""}"
lg_lacam_fork:lacam,"LaCAM (no guidance, first solution)",random-32-32-20,random-32-32-20-random-3,50,1,60.0,solved,0.266953,0.087,1245,43,1098,1007,42,1.236346,0,,/home/carsten/Projects/MAPF/MAPF Evaluator/results/tlg-random32-20/runs/lg_lacam_fork_lacam/random-32-32-20/random-32-32-20-random-3_a50_s1_r0,1245,0.087,"{""agents"": ""50"", ""comp_time"": ""87"", ""makespan"": ""43"", ""makespan_lb"": ""42"", ""map_file"": ""random-32-32-20.map"", ""seed"": ""1"", ""soc"": ""1245"", ""soc_lb"": ""1007"", ""solved"": ""1"", ""solver"": ""planner"", ""sum_of_loss"": ""1118"", ""sum_of_loss_lb"": ""1007""}"
lg_lacam_fork:lacam_noswap,"LaCAM (no guidance, no PIBT swap)",random-32-32-20,random-32-32-20-random-3,50,0,60.0,solved,0.481447,0.104,1215,43,1103,1007,42,1.206554,0,,/home/carsten/Projects/MAPF/MAPF Evaluator/results/tlg-random32-20/runs/lg_lacam_fork_lacam_noswap/random-32-32-20/random-32-32-20-random-3_a50_s0_r0,1215,0.104,"{""agents"": ""50"", ""comp_time"": ""104"", ""makespan"": ""43"", ""makespan_lb"": ""42"", ""map_file"": ""random-32-32-20.map"", ""seed"": ""0"", ""soc"": ""1215"", ""soc_lb"": ""1007"", ""solved"": ""1"", ""solver"": ""planner"", ""sum_of_loss"": ""1124"", ""sum_of_loss_lb"": ""1007""}"
lg_lacam_fork:lacam_noswap,"LaCAM (no guidance, no PIBT swap)",random-32-32-20,random-32-32-20-random-3,50,1,60.0,solved,0.286759,0.096,1245,43,1098,1007,42,1.236346,0,,/home/carsten/Projects/MAPF/MAPF Evaluator/results/tlg-random32-20/runs/lg_lacam_fork_lacam_noswap/random-32-32-20/random-32-32-20-random-3_a50_s1_r0,1245,0.096,"{""agents"": ""50"", ""comp_time"": ""96"", ""makespan"": ""43"", ""makespan_lb"": ""42"", ""map_file"": ""random-32-32-20.map"", ""seed"": ""1"", ""soc"": ""1245"", ""soc_lb"": ""1007"", ""solved"": ""1"", ""solver"": ""planner"", ""sum_of_loss"": ""1118"", ""sum_of_loss_lb"": ""1007""}"
lg_lacam_fork:suo,LaCAM3 = SUO (first solution),random-32-32-20,random-32-32-20-random-3,50,0,60.0,solved,0.351115,0.068,1051,47,1051,1007,42,1.043694,0,,/home/carsten/Projects/MAPF/MAPF Evaluator/results/tlg-random32-20/runs/lg_lacam_fork_suo/random-32-32-20/random-32-32-20-random-3_a50_s0_r0,1051,0.068,"{""agents"": ""50"", ""comp_time"": ""68"", ""makespan"": ""47"", ""makespan_lb"": ""42"", ""map_file"": ""random-32-32-20.map"", ""seed"": ""0"", ""soc"": ""1051"", ""soc_lb"": ""1007"", ""solved"": ""1"", ""solver"": ""planner"", ""sum_of_loss"": ""1051"", ""sum_of_loss_lb"": ""1007""}"
lg_lacam_fork:suo,LaCAM3 = SUO (first solution),random-32-32-20,random-32-32-20-random-3,50,1,60.0,solved,0.468717,0.129,1051,43,1051,1007,42,1.043694,0,,/home/carsten/Projects/MAPF/MAPF Evaluator/results/tlg-random32-20/runs/lg_lacam_fork_suo/random-32-32-20/random-32-32-20-random-3_a50_s1_r0,1051,0.129,"{""agents"": ""50"", ""comp_time"": ""129"", ""makespan"": ""43"", ""makespan_lb"": ""42"", ""map_file"": ""random-32-32-20.map"", ""seed"": ""1"", ""soc"": ""1051"", ""soc_lb"": ""1007"", ""solved"": ""1"", ""solver"": ""planner"", ""sum_of_loss"": ""1051"", ""sum_of_loss_lb"": ""1007""}"
lg_lacam_fork:lg,"LG-LaCAM (window 20, first solution)",random-32-32-20,random-32-32-20-random-3,50,0,60.0,solved,0.614959,0.428,1031,43,1031,1007,42,1.023833,0,,/home/carsten/Projects/MAPF/MAPF Evaluator/results/tlg-random32-20/runs/lg_lacam_fork_lg/random-32-32-20/random-32-32-20-random-3_a50_s0_r0,1031,0.428,"{""agents"": ""50"", ""comp_time"": ""428"", ""makespan"": ""43"", ""makespan_lb"": ""42"", ""map_file"": ""random-32-32-20.map"", ""seed"": ""0"", ""soc"": ""1031"", ""soc_lb"": ""1007"", ""solved"": ""1"", ""solver"": ""planner"", ""sum_of_loss"": ""1031"", ""sum_of_loss_lb"": ""1007""}"
lg_lacam_fork:lg,"LG-LaCAM (window 20, first solution)",random-32-32-20,random-32-32-20-random-3,50,1,60.0,solved,0.37031,0.12,1044,43,1034,1007,42,1.036743,0,,/home/carsten/Projects/MAPF/MAPF Evaluator/results/tlg-random32-20/runs/lg_lacam_fork_lg/random-32-32-20/random-32-32-20-random-3_a50_s1_r0,1044,0.12,"{""agents"": ""50"", ""comp_time"": ""120"", ""makespan"": ""43"", ""makespan_lb"": ""42"", ""map_file"": ""random-32-32-20.map"", ""seed"": ""1"", ""soc"": ""1044"", ""soc_lb"": ""1007"", ""solved"": ""1"", ""solver"": ""planner"", ""sum_of_loss"": ""1036"", ""sum_of_loss_lb"": ""1007""}"
traffic_load_lacam:vanilla,py-LaCAM (vanilla),random-32-32-20,random-32-32-20-random-3,50,0,60.0,solved,0.775868,,1296,47,1152,1007,42,1.286991,0,,/home/carsten/Projects/MAPF/MAPF Evaluator/results/tlg-random32-20/runs/traffic_load_lacam_vanilla/random-32-32-20/random-32-32-20-random-3_a50_s0_r0,,,
traffic_load_lacam:vanilla,py-LaCAM (vanilla),random-32-32-20,random-32-32-20-random-3,50,1,60.0,solved,0.214757,,1235,46,1124,1007,42,1.226415,0,,/home/carsten/Projects/MAPF/MAPF Evaluator/results/tlg-random32-20/runs/traffic_load_lacam_vanilla/random-32-32-20/random-32-32-20-random-3_a50_s1_r0,,,
traffic_load_lacam:tb_step,"py-LaCAM + load (tiebreak, per step)",random-32-32-20,random-32-32-20-random-3,50,0,60.0,solved,0.317684,,1192,43,1094,1007,42,1.183714,0,,/home/carsten/Projects/MAPF/MAPF Evaluator/results/tlg-random32-20/runs/traffic_load_lacam_tb_step/random-32-32-20/random-32-32-20-random-3_a50_s0_r0,,,
traffic_load_lacam:tb_step,"py-LaCAM + load (tiebreak, per step)",random-32-32-20,random-32-32-20-random-3,50,1,60.0,solved,2.134223,,1222,46,1105,1007,42,1.213505,0,,/home/carsten/Projects/MAPF/MAPF Evaluator/results/tlg-random32-20/runs/traffic_load_lacam_tb_step/random-32-32-20/random-32-32-20-random-3_a50_s1_r0,,,
traffic_load_lacam:pen01_step,"py-LaCAM + load (penalty 0.1, per step)",random-32-32-20,random-32-32-20-random-3,50,0,60.0,solved,1.13664,,1183,42,1094,1007,42,1.174777,0,,/home/carsten/Projects/MAPF/MAPF Evaluator/results/tlg-random32-20/runs/traffic_load_lacam_pen01_step/random-32-32-20/random-32-32-20-random-3_a50_s0_r0,,,
traffic_load_lacam:pen01_step,"py-LaCAM + load (penalty 0.1, per step)",random-32-32-20,random-32-32-20-random-3,50,1,60.0,solved,0.869201,,1222,46,1105,1007,42,1.213505,0,,/home/carsten/Projects/MAPF/MAPF Evaluator/results/tlg-random32-20/runs/traffic_load_lacam_pen01_step/random-32-32-20/random-32-32-20-random-3_a50_s1_r0,,,
lg_lacam_fork:lacam,"LaCAM (no guidance, first solution)",random-32-32-20,random-32-32-20-random-3,100,0,60.0,solved,0.652367,0.272,3045,50,2590,2083,42,1.461834,0,,/home/carsten/Projects/MAPF/MAPF Evaluator/results/tlg-random32-20/runs/lg_lacam_fork_lacam/random-32-32-20/random-32-32-20-random-3_a100_s0_r0,3045,0.272,"{""agents"": ""100"", ""comp_time"": ""272"", ""makespan"": ""50"", ""makespan_lb"": ""42"", ""map_file"": ""random-32-32-20.map"", ""seed"": ""0"", ""soc"": ""3045"", ""soc_lb"": ""2083"", ""solved"": ""1"", ""solver"": ""planner"", ""sum_of_loss"": ""2666"", ""sum_of_loss_lb"": ""2083""}"
lg_lacam_fork:lacam,"LaCAM (no guidance, first solution)",random-32-32-20,random-32-32-20-random-3,100,1,60.0,solved,0.291449,0.057,3021,53,2643,2083,42,1.450312,0,,/home/carsten/Projects/MAPF/MAPF Evaluator/results/tlg-random32-20/runs/lg_lacam_fork_lacam/random-32-32-20/random-32-32-20-random-3_a100_s1_r0,3021,0.057,"{""agents"": ""100"", ""comp_time"": ""57"", ""makespan"": ""53"", ""makespan_lb"": ""42"", ""map_file"": ""random-32-32-20.map"", ""seed"": ""1"", ""soc"": ""3021"", ""soc_lb"": ""2083"", ""solved"": ""1"", ""solver"": ""planner"", ""sum_of_loss"": ""2709"", ""sum_of_loss_lb"": ""2083""}"
lg_lacam_fork:lacam_noswap,"LaCAM (no guidance, no PIBT swap)",random-32-32-20,random-32-32-20-random-3,100,0,60.0,solved,0.810197,0.14,3039,50,2586,2083,42,1.458953,0,,/home/carsten/Projects/MAPF/MAPF Evaluator/results/tlg-random32-20/runs/lg_lacam_fork_lacam_noswap/random-32-32-20/random-32-32-20-random-3_a100_s0_r0,3039,0.14,"{""agents"": ""100"", ""comp_time"": ""140"", ""makespan"": ""50"", ""makespan_lb"": ""42"", ""map_file"": ""random-32-32-20.map"", ""seed"": ""0"", ""soc"": ""3039"", ""soc_lb"": ""2083"", ""solved"": ""1"", ""solver"": ""planner"", ""sum_of_loss"": ""2662"", ""sum_of_loss_lb"": ""2083""}"
lg_lacam_fork:lacam_noswap,"LaCAM (no guidance, no PIBT swap)",random-32-32-20,random-32-32-20-random-3,100,1,60.0,solved,0.531323,0.073,2880,44,2572,2083,42,1.382621,0,,/home/carsten/Projects/MAPF/MAPF Evaluator/results/tlg-random32-20/runs/lg_lacam_fork_lacam_noswap/random-32-32-20/random-32-32-20-random-3_a100_s1_r0,2880,0.073,"{""agents"": ""100"", ""comp_time"": ""73"", ""makespan"": ""44"", ""makespan_lb"": ""42"", ""map_file"": ""random-32-32-20.map"", ""seed"": ""1"", ""soc"": ""2880"", ""soc_lb"": ""2083"", ""solved"": ""1"", ""solver"": ""planner"", ""sum_of_loss"": ""2631"", ""sum_of_loss_lb"": ""2083""}"
lg_lacam_fork:suo,LaCAM3 = SUO (first solution),random-32-32-20,random-32-32-20-random-3,100,0,60.0,solved,0.476054,0.276,2283,50,2262,2083,42,1.096015,0,,/home/carsten/Projects/MAPF/MAPF Evaluator/results/tlg-random32-20/runs/lg_lacam_fork_suo/random-32-32-20/random-32-32-20-random-3_a100_s0_r0,2283,0.276,"{""agents"": ""100"", ""comp_time"": ""276"", ""makespan"": ""50"", ""makespan_lb"": ""42"", ""map_file"": ""random-32-32-20.map"", ""seed"": ""0"", ""soc"": ""2283"", ""soc_lb"": ""2083"", ""solved"": ""1"", ""solver"": ""planner"", ""sum_of_loss"": ""2266"", ""sum_of_loss_lb"": ""2083""}"
lg_lacam_fork:suo,LaCAM3 = SUO (first solution),random-32-32-20,random-32-32-20-random-3,100,1,60.0,solved,0.380814,0.147,2410,52,2342,2083,42,1.156985,0,,/home/carsten/Projects/MAPF/MAPF Evaluator/results/tlg-random32-20/runs/lg_lacam_fork_suo/random-32-32-20/random-32-32-20-random-3_a100_s1_r0,2410,0.147,"{""agents"": ""100"", ""comp_time"": ""147"", ""makespan"": ""52"", ""makespan_lb"": ""42"", ""map_file"": ""random-32-32-20.map"", ""seed"": ""1"", ""soc"": ""2410"", ""soc_lb"": ""2083"", ""solved"": ""1"", ""solver"": ""planner"", ""sum_of_loss"": ""2357"", ""sum_of_loss_lb"": ""2083""}"
lg_lacam_fork:lg,"LG-LaCAM (window 20, first solution)",random-32-32-20,random-32-32-20-random-3,100,0,60.0,solved,1.224793,0.92,2368,49,2258,2083,42,1.136822,0,,/home/carsten/Projects/MAPF/MAPF Evaluator/results/tlg-random32-20/runs/lg_lacam_fork_lg/random-32-32-20/random-32-32-20-random-3_a100_s0_r0,2368,0.92,"{""agents"": ""100"", ""comp_time"": ""920"", ""makespan"": ""49"", ""makespan_lb"": ""42"", ""map_file"": ""random-32-32-20.map"", ""seed"": ""0"", ""soc"": ""2368"", ""soc_lb"": ""2083"", ""solved"": ""1"", ""solver"": ""planner"", ""sum_of_loss"": ""2273"", ""sum_of_loss_lb"": ""2083""}"
lg_lacam_fork:lg,"LG-LaCAM (window 20, first solution)",random-32-32-20,random-32-32-20-random-3,100,1,60.0,solved,0.353401,0.132,2443,43,2218,2083,42,1.172828,0,,/home/carsten/Projects/MAPF/MAPF Evaluator/results/tlg-random32-20/runs/lg_lacam_fork_lg/random-32-32-20/random-32-32-20-random-3_a100_s1_r0,2443,0.132,"{""agents"": ""100"", ""comp_time"": ""132"", ""makespan"": ""43"", ""makespan_lb"": ""42"", ""map_file"": ""random-32-32-20.map"", ""seed"": ""1"", ""soc"": ""2443"", ""soc_lb"": ""2083"", ""solved"": ""1"", ""solver"": ""planner"", ""sum_of_loss"": ""2237"", ""sum_of_loss_lb"": ""2083""}"
traffic_load_lacam:vanilla,py-LaCAM (vanilla),random-32-32-20,random-32-32-20-random-3,100,0,60.0,solved,0.487385,,3033,46,2612,2083,42,1.456073,0,,/home/carsten/Projects/MAPF/MAPF Evaluator/results/tlg-random32-20/runs/traffic_load_lacam_vanilla/random-32-32-20/random-32-32-20-random-3_a100_s0_r0,,,
traffic_load_lacam:vanilla,py-LaCAM (vanilla),random-32-32-20,random-32-32-20-random-3,100,1,60.0,solved,1.11218,,3182,67,2806,2083,42,1.527604,0,,/home/carsten/Projects/MAPF/MAPF Evaluator/results/tlg-random32-20/runs/traffic_load_lacam_vanilla/random-32-32-20/random-32-32-20-random-3_a100_s1_r0,,,
traffic_load_lacam:tb_step,"py-LaCAM + load (tiebreak, per step)",random-32-32-20,random-32-32-20-random-3,100,0,60.0,solved,7.357361,,2733,45,2439,2083,42,1.31205,0,,/home/carsten/Projects/MAPF/MAPF Evaluator/results/tlg-random32-20/runs/traffic_load_lacam_tb_step/random-32-32-20/random-32-32-20-random-3_a100_s0_r0,,,
traffic_load_lacam:tb_step,"py-LaCAM + load (tiebreak, per step)",random-32-32-20,random-32-32-20-random-3,100,1,60.0,solved,0.95052,,3016,59,2518,2083,42,1.447912,0,,/home/carsten/Projects/MAPF/MAPF Evaluator/results/tlg-random32-20/runs/traffic_load_lacam_tb_step/random-32-32-20/random-32-32-20-random-3_a100_s1_r0,,,
traffic_load_lacam:pen01_step,"py-LaCAM + load (penalty 0.1, per step)",random-32-32-20,random-32-32-20-random-3,100,0,60.0,solved,0.665305,,2788,47,2454,2083,42,1.338454,0,,/home/carsten/Projects/MAPF/MAPF Evaluator/results/tlg-random32-20/runs/traffic_load_lacam_pen01_step/random-32-32-20/random-32-32-20-random-3_a100_s0_r0,,,
traffic_load_lacam:pen01_step,"py-LaCAM + load (penalty 0.1, per step)",random-32-32-20,random-32-32-20-random-3,100,1,60.0,solved,0.919682,,2880,54,2482,2083,42,1.382621,0,,/home/carsten/Projects/MAPF/MAPF Evaluator/results/tlg-random32-20/runs/traffic_load_lacam_pen01_step/random-32-32-20/random-32-32-20-random-3_a100_s1_r0,,,
lg_lacam_fork:lacam,"LaCAM (no guidance, first solution)",random-32-32-20,random-32-32-20-random-3,150,0,60.0,solved,0.31848,0.081,5129,56,4454,3203,42,1.601311,0,,/home/carsten/Projects/MAPF/MAPF Evaluator/results/tlg-random32-20/runs/lg_lacam_fork_lacam/random-32-32-20/random-32-32-20-random-3_a150_s0_r0,5129,0.081,"{""agents"": ""150"", ""comp_time"": ""81"", ""makespan"": ""56"", ""makespan_lb"": ""42"", ""map_file"": ""random-32-32-20.map"", ""seed"": ""0"", ""soc"": ""5129"", ""soc_lb"": ""3203"", ""solved"": ""1"", ""solver"": ""planner"", ""sum_of_loss"": ""4586"", ""sum_of_loss_lb"": ""3203""}"
lg_lacam_fork:lacam,"LaCAM (no guidance, first solution)",random-32-32-20,random-32-32-20-random-3,150,1,60.0,solved,0.332835,0.078,5102,54,4335,3203,42,1.592882,0,,/home/carsten/Projects/MAPF/MAPF Evaluator/results/tlg-random32-20/runs/lg_lacam_fork_lacam/random-32-32-20/random-32-32-20-random-3_a150_s1_r0,5102,0.078,"{""agents"": ""150"", ""comp_time"": ""78"", ""makespan"": ""54"", ""makespan_lb"": ""42"", ""map_file"": ""random-32-32-20.map"", ""seed"": ""1"", ""soc"": ""5102"", ""soc_lb"": ""3203"", ""solved"": ""1"", ""solver"": ""planner"", ""sum_of_loss"": ""4486"", ""sum_of_loss_lb"": ""3203""}"
lg_lacam_fork:lacam_noswap,"LaCAM (no guidance, no PIBT swap)",random-32-32-20,random-32-32-20-random-3,150,0,60.0,solved,0.803502,0.403,5158,59,4502,3203,42,1.610365,0,,/home/carsten/Projects/MAPF/MAPF Evaluator/results/tlg-random32-20/runs/lg_lacam_fork_lacam_noswap/random-32-32-20/random-32-32-20-random-3_a150_s0_r0,5158,0.403,"{""agents"": ""150"", ""comp_time"": ""403"", ""makespan"": ""59"", ""makespan_lb"": ""42"", ""map_file"": ""random-32-32-20.map"", ""seed"": ""0"", ""soc"": ""5158"", ""soc_lb"": ""3203"", ""solved"": ""1"", ""solver"": ""planner"", ""sum_of_loss"": ""4645"", ""sum_of_loss_lb"": ""3203""}"
lg_lacam_fork:lacam_noswap,"LaCAM (no guidance, no PIBT swap)",random-32-32-20,random-32-32-20-random-3,150,1,60.0,solved,0.704725,0.223,5209,65,4391,3203,42,1.626288,0,,/home/carsten/Projects/MAPF/MAPF Evaluator/results/tlg-random32-20/runs/lg_lacam_fork_lacam_noswap/random-32-32-20/random-32-32-20-random-3_a150_s1_r0,5209,0.223,"{""agents"": ""150"", ""comp_time"": ""223"", ""makespan"": ""65"", ""makespan_lb"": ""42"", ""map_file"": ""random-32-32-20.map"", ""seed"": ""1"", ""soc"": ""5209"", ""soc_lb"": ""3203"", ""solved"": ""1"", ""solver"": ""planner"", ""sum_of_loss"": ""4547"", ""sum_of_loss_lb"": ""3203""}"
lg_lacam_fork:suo,LaCAM3 = SUO (first solution),random-32-32-20,random-32-32-20-random-3,150,0,60.0,solved,1.223252,0.838,3856,52,3691,3203,42,1.203871,0,,/home/carsten/Projects/MAPF/MAPF Evaluator/results/tlg-random32-20/runs/lg_lacam_fork_suo/random-32-32-20/random-32-32-20-random-3_a150_s0_r0,3856,0.838,"{""agents"": ""150"", ""comp_time"": ""838"", ""makespan"": ""52"", ""makespan_lb"": ""42"", ""map_file"": ""random-32-32-20.map"", ""seed"": ""0"", ""soc"": ""3856"", ""soc_lb"": ""3203"", ""solved"": ""1"", ""solver"": ""planner"", ""sum_of_loss"": ""3715"", ""sum_of_loss_lb"": ""3203""}"
lg_lacam_fork:suo,LaCAM3 = SUO (first solution),random-32-32-20,random-32-32-20-random-3,150,1,60.0,solved,0.820072,0.339,4003,50,3845,3203,42,1.249766,0,,/home/carsten/Projects/MAPF/MAPF Evaluator/results/tlg-random32-20/runs/lg_lacam_fork_suo/random-32-32-20/random-32-32-20-random-3_a150_s1_r0,4003,0.339,"{""agents"": ""150"", ""comp_time"": ""339"", ""makespan"": ""50"", ""makespan_lb"": ""42"", ""map_file"": ""random-32-32-20.map"", ""seed"": ""1"", ""soc"": ""4003"", ""soc_lb"": ""3203"", ""solved"": ""1"", ""solver"": ""planner"", ""sum_of_loss"": ""3877"", ""sum_of_loss_lb"": ""3203""}"
lg_lacam_fork:lg,"LG-LaCAM (window 20, first solution)",random-32-32-20,random-32-32-20-random-3,150,0,60.0,solved,1.633004,1.196,3876,45,3550,3203,42,1.210116,0,,/home/carsten/Projects/MAPF/MAPF Evaluator/results/tlg-random32-20/runs/lg_lacam_fork_lg/random-32-32-20/random-32-32-20-random-3_a150_s0_r0,3876,1.196,"{""agents"": ""150"", ""comp_time"": ""1196"", ""makespan"": ""45"", ""makespan_lb"": ""42"", ""map_file"": ""random-32-32-20.map"", ""seed"": ""0"", ""soc"": ""3876"", ""soc_lb"": ""3203"", ""solved"": ""1"", ""solver"": ""planner"", ""sum_of_loss"": ""3583"", ""sum_of_loss_lb"": ""3203""}"
lg_lacam_fork:lg,"LG-LaCAM (window 20, first solution)",random-32-32-20,random-32-32-20-random-3,150,1,60.0,solved,2.087555,1.898,3984,45,3587,3203,42,1.243834,0,,/home/carsten/Projects/MAPF/MAPF Evaluator/results/tlg-random32-20/runs/lg_lacam_fork_lg/random-32-32-20/random-32-32-20-random-3_a150_s1_r0,3984,1.898,"{""agents"": ""150"", ""comp_time"": ""1898"", ""makespan"": ""45"", ""makespan_lb"": ""42"", ""map_file"": ""random-32-32-20.map"", ""seed"": ""1"", ""soc"": ""3984"", ""soc_lb"": ""3203"", ""solved"": ""1"", ""solver"": ""planner"", ""sum_of_loss"": ""3626"", ""sum_of_loss_lb"": ""3203""}"
traffic_load_lacam:vanilla,py-LaCAM (vanilla),random-32-32-20,random-32-32-20-random-3,150,0,60.0,solved,7.251256,,5885,83,4882,3203,42,1.83734,0,,/home/carsten/Projects/MAPF/MAPF Evaluator/results/tlg-random32-20/runs/traffic_load_lacam_vanilla/random-32-32-20/random-32-32-20-random-3_a150_s0_r0,,,
traffic_load_lacam:vanilla,py-LaCAM (vanilla),random-32-32-20,random-32-32-20-random-3,150,1,60.0,solved,1.818839,,5439,65,4647,3203,42,1.698096,0,,/home/carsten/Projects/MAPF/MAPF Evaluator/results/tlg-random32-20/runs/traffic_load_lacam_vanilla/random-32-32-20/random-32-32-20-random-3_a150_s1_r0,,,
traffic_load_lacam:tb_step,"py-LaCAM + load (tiebreak, per step)",random-32-32-20,random-32-32-20-random-3,150,0,60.0,solved,1.203575,,4845,63,4224,3203,42,1.512644,0,,/home/carsten/Projects/MAPF/MAPF Evaluator/results/tlg-random32-20/runs/traffic_load_lacam_tb_step/random-32-32-20/random-32-32-20-random-3_a150_s0_r0,,,
traffic_load_lacam:tb_step,"py-LaCAM + load (tiebreak, per step)",random-32-32-20,random-32-32-20-random-3,150,1,60.0,solved,5.593246,,5402,73,4445,3203,42,1.686544,0,,/home/carsten/Projects/MAPF/MAPF Evaluator/results/tlg-random32-20/runs/traffic_load_lacam_tb_step/random-32-32-20/random-32-32-20-random-3_a150_s1_r0,,,
traffic_load_lacam:pen01_step,"py-LaCAM + load (penalty 0.1, per step)",random-32-32-20,random-32-32-20-random-3,150,0,60.0,solved,3.09633,,5091,68,4374,3203,42,1.589447,0,,/home/carsten/Projects/MAPF/MAPF Evaluator/results/tlg-random32-20/runs/traffic_load_lacam_pen01_step/random-32-32-20/random-32-32-20-random-3_a150_s0_r0,,,
traffic_load_lacam:pen01_step,"py-LaCAM + load (penalty 0.1, per step)",random-32-32-20,random-32-32-20-random-3,150,1,60.0,solved,6.500588,,5305,67,4402,3203,42,1.65626,0,,/home/carsten/Projects/MAPF/MAPF Evaluator/results/tlg-random32-20/runs/traffic_load_lacam_pen01_step/random-32-32-20/random-32-32-20-random-3_a150_s1_r0,,,
lg_lacam_fork:lacam,"LaCAM (no guidance, first solution)",random-32-32-20,random-32-32-20-random-4,50,0,60.0,solved,0.32681,0.122,1319,46,1156,1035,46,1.274396,0,,/home/carsten/Projects/MAPF/MAPF Evaluator/results/tlg-random32-20/runs/lg_lacam_fork_lacam/random-32-32-20/random-32-32-20-random-4_a50_s0_r0,1319,0.122,"{""agents"": ""50"", ""comp_time"": ""122"", ""makespan"": ""46"", ""makespan_lb"": ""46"", ""map_file"": ""random-32-32-20.map"", ""seed"": ""0"", ""soc"": ""1319"", ""soc_lb"": ""1035"", ""solved"": ""1"", ""solver"": ""planner"", ""sum_of_loss"": ""1179"", ""sum_of_loss_lb"": ""1035""}"
lg_lacam_fork:lacam,"LaCAM (no guidance, first solution)",random-32-32-20,random-32-32-20-random-4,50,1,60.0,solved,0.24958,0.03,1398,46,1167,1035,46,1.350725,0,,/home/carsten/Projects/MAPF/MAPF Evaluator/results/tlg-random32-20/runs/lg_lacam_fork_lacam/random-32-32-20/random-32-32-20-random-4_a50_s1_r0,1398,0.03,"{""agents"": ""50"", ""comp_time"": ""30"", ""makespan"": ""46"", ""makespan_lb"": ""46"", ""map_file"": ""random-32-32-20.map"", ""seed"": ""1"", ""soc"": ""1398"", ""soc_lb"": ""1035"", ""solved"": ""1"", ""solver"": ""planner"", ""sum_of_loss"": ""1193"", ""sum_of_loss_lb"": ""1035""}"
lg_lacam_fork:lacam_noswap,"LaCAM (no guidance, no PIBT swap)",random-32-32-20,random-32-32-20-random-4,50,0,60.0,solved,0.272826,0.071,1294,46,1152,1035,46,1.250242,0,,/home/carsten/Projects/MAPF/MAPF Evaluator/results/tlg-random32-20/runs/lg_lacam_fork_lacam_noswap/random-32-32-20/random-32-32-20-random-4_a50_s0_r0,1294,0.071,"{""agents"": ""50"", ""comp_time"": ""71"", ""makespan"": ""46"", ""makespan_lb"": ""46"", ""map_file"": ""random-32-32-20.map"", ""seed"": ""0"", ""soc"": ""1294"", ""soc_lb"": ""1035"", ""solved"": ""1"", ""solver"": ""planner"", ""sum_of_loss"": ""1173"", ""sum_of_loss_lb"": ""1035""}"
lg_lacam_fork:lacam_noswap,"LaCAM (no guidance, no PIBT swap)",random-32-32-20,random-32-32-20-random-4,50,1,60.0,solved,0.224454,0.099,1398,46,1167,1035,46,1.350725,0,,/home/carsten/Projects/MAPF/MAPF Evaluator/results/tlg-random32-20/runs/lg_lacam_fork_lacam_noswap/random-32-32-20/random-32-32-20-random-4_a50_s1_r0,1398,0.099,"{""agents"": ""50"", ""comp_time"": ""99"", ""makespan"": ""46"", ""makespan_lb"": ""46"", ""map_file"": ""random-32-32-20.map"", ""seed"": ""1"", ""soc"": ""1398"", ""soc_lb"": ""1035"", ""solved"": ""1"", ""solver"": ""planner"", ""sum_of_loss"": ""1193"", ""sum_of_loss_lb"": ""1035""}"
lg_lacam_fork:suo,LaCAM3 = SUO (first solution),random-32-32-20,random-32-32-20-random-4,50,0,60.0,solved,0.168658,0.019,1086,52,1086,1035,46,1.049275,0,,/home/carsten/Projects/MAPF/MAPF Evaluator/results/tlg-random32-20/runs/lg_lacam_fork_suo/random-32-32-20/random-32-32-20-random-4_a50_s0_r0,1086,0.019,"{""agents"": ""50"", ""comp_time"": ""19"", ""makespan"": ""52"", ""makespan_lb"": ""46"", ""map_file"": ""random-32-32-20.map"", ""seed"": ""0"", ""soc"": ""1086"", ""soc_lb"": ""1035"", ""solved"": ""1"", ""solver"": ""planner"", ""sum_of_loss"": ""1086"", ""sum_of_loss_lb"": ""1035""}"
lg_lacam_fork:suo,LaCAM3 = SUO (first solution),random-32-32-20,random-32-32-20-random-4,50,1,60.0,solved,0.405147,0.248,1078,52,1078,1035,46,1.041546,0,,/home/carsten/Projects/MAPF/MAPF Evaluator/results/tlg-random32-20/runs/lg_lacam_fork_suo/random-32-32-20/random-32-32-20-random-4_a50_s1_r0,1078,0.248,"{""agents"": ""50"", ""comp_time"": ""248"", ""makespan"": ""52"", ""makespan_lb"": ""46"", ""map_file"": ""random-32-32-20.map"", ""seed"": ""1"", ""soc"": ""1078"", ""soc_lb"": ""1035"", ""solved"": ""1"", ""solver"": ""planner"", ""sum_of_loss"": ""1078"", ""sum_of_loss_lb"": ""1035""}"
lg_lacam_fork:lg,"LG-LaCAM (window 20, first solution)",random-32-32-20,random-32-32-20-random-4,50,0,60.0,solved,0.385115,0.178,1072,48,1063,1035,46,1.035749,0,,/home/carsten/Projects/MAPF/MAPF Evaluator/results/tlg-random32-20/runs/lg_lacam_fork_lg/random-32-32-20/random-32-32-20-random-4_a50_s0_r0,1072,0.178,"{""agents"": ""50"", ""comp_time"": ""178"", ""makespan"": ""48"", ""makespan_lb"": ""46"", ""map_file"": ""random-32-32-20.map"", ""seed"": ""0"", ""soc"": ""1072"", ""soc_lb"": ""1035"", ""solved"": ""1"", ""solver"": ""planner"", ""sum_of_loss"": ""1065"", ""sum_of_loss_lb"": ""1035""}"
lg_lacam_fork:lg,"LG-LaCAM (window 20, first solution)",random-32-32-20,random-32-32-20-random-4,50,1,60.0,solved,0.434585,0.198,1069,46,1061,1035,46,1.03285,0,,/home/carsten/Projects/MAPF/MAPF Evaluator/results/tlg-random32-20/runs/lg_lacam_fork_lg/random-32-32-20/random-32-32-20-random-4_a50_s1_r0,1069,0.198,"{""agents"": ""50"", ""comp_time"": ""198"", ""makespan"": ""46"", ""makespan_lb"": ""46"", ""map_file"": ""random-32-32-20.map"", ""seed"": ""1"", ""soc"": ""1069"", ""soc_lb"": ""1035"", ""solved"": ""1"", ""solver"": ""planner"", ""sum_of_loss"": ""1062"", ""sum_of_loss_lb"": ""1035""}"
traffic_load_lacam:vanilla,py-LaCAM (vanilla),random-32-32-20,random-32-32-20-random-4,50,0,60.0,solved,1.407618,,1325,48,1179,1035,46,1.280193,0,,/home/carsten/Projects/MAPF/MAPF Evaluator/results/tlg-random32-20/runs/traffic_load_lacam_vanilla/random-32-32-20/random-32-32-20-random-4_a50_s0_r0,,,
traffic_load_lacam:vanilla,py-LaCAM (vanilla),random-32-32-20,random-32-32-20-random-4,50,1,60.0,solved,0.488574,,1435,48,1169,1035,46,1.386473,0,,/home/carsten/Projects/MAPF/MAPF Evaluator/results/tlg-random32-20/runs/traffic_load_lacam_vanilla/random-32-32-20/random-32-32-20-random-4_a50_s1_r0,,,
traffic_load_lacam:tb_step,"py-LaCAM + load (tiebreak, per step)",random-32-32-20,random-32-32-20-random-4,50,0,60.0,solved,0.441193,,1247,46,1091,1035,46,1.204831,0,,/home/carsten/Projects/MAPF/MAPF Evaluator/results/tlg-random32-20/runs/traffic_load_lacam_tb_step/random-32-32-20/random-32-32-20-random-4_a50_s0_r0,,,
traffic_load_lacam:tb_step,"py-LaCAM + load (tiebreak, per step)",random-32-32-20,random-32-32-20-random-4,50,1,60.0,solved,0.598743,,1240,46,1090,1035,46,1.198068,0,,/home/carsten/Projects/MAPF/MAPF Evaluator/results/tlg-random32-20/runs/traffic_load_lacam_tb_step/random-32-32-20/random-32-32-20-random-4_a50_s1_r0,,,
traffic_load_lacam:pen01_step,"py-LaCAM + load (penalty 0.1, per step)",random-32-32-20,random-32-32-20-random-4,50,0,60.0,solved,0.562569,,1265,46,1099,1035,46,1.222222,0,,/home/carsten/Projects/MAPF/MAPF Evaluator/results/tlg-random32-20/runs/traffic_load_lacam_pen01_step/random-32-32-20/random-32-32-20-random-4_a50_s0_r0,,,
traffic_load_lacam:pen01_step,"py-LaCAM + load (penalty 0.1, per step)",random-32-32-20,random-32-32-20-random-4,50,1,60.0,solved,0.365225,,1240,46,1090,1035,46,1.198068,0,,/home/carsten/Projects/MAPF/MAPF Evaluator/results/tlg-random32-20/runs/traffic_load_lacam_pen01_step/random-32-32-20/random-32-32-20-random-4_a50_s1_r0,,,
lg_lacam_fork:lacam,"LaCAM (no guidance, first solution)",random-32-32-20,random-32-32-20-random-4,100,0,60.0,solved,0.015621,0.003,3201,54,2577,2094,54,1.528653,0,,/home/carsten/Projects/MAPF/MAPF Evaluator/results/tlg-random32-20/runs/lg_lacam_fork_lacam/random-32-32-20/random-32-32-20-random-4_a100_s0_r0,3201,0.003,"{""agents"": ""100"", ""comp_time"": ""3"", ""makespan"": ""54"", ""makespan_lb"": ""54"", ""map_file"": ""random-32-32-20.map"", ""seed"": ""0"", ""soc"": ""3201"", ""soc_lb"": ""2094"", ""solved"": ""1"", ""solver"": ""planner"", ""sum_of_loss"": ""2657"", ""sum_of_loss_lb"": ""2094""}"
lg_lacam_fork:lacam,"LaCAM (no guidance, first solution)",random-32-32-20,random-32-32-20-random-4,100,1,60.0,solved,0.015652,0.003,3097,54,2583,2094,54,1.478988,0,,/home/carsten/Projects/MAPF/MAPF Evaluator/results/tlg-random32-20/runs/lg_lacam_fork_lacam/random-32-32-20/random-32-32-20-random-4_a100_s1_r0,3097,0.003,"{""agents"": ""100"", ""comp_time"": ""3"", ""makespan"": ""54"", ""makespan_lb"": ""54"", ""map_file"": ""random-32-32-20.map"", ""seed"": ""1"", ""soc"": ""3097"", ""soc_lb"": ""2094"", ""solved"": ""1"", ""solver"": ""planner"", ""sum_of_loss"": ""2649"", ""sum_of_loss_lb"": ""2094""}"
lg_lacam_fork:lacam_noswap,"LaCAM (no guidance, no PIBT swap)",random-32-32-20,random-32-32-20-random-4,100,0,60.0,solved,0.015657,0.003,3201,54,2577,2094,54,1.528653,0,,/home/carsten/Projects/MAPF/MAPF Evaluator/results/tlg-random32-20/runs/lg_lacam_fork_lacam_noswap/random-32-32-20/random-32-32-20-random-4_a100_s0_r0,3201,0.003,"{""agents"": ""100"", ""comp_time"": ""3"", ""makespan"": ""54"", ""makespan_lb"": ""54"", ""map_file"": ""random-32-32-20.map"", ""seed"": ""0"", ""soc"": ""3201"", ""soc_lb"": ""2094"", ""solved"": ""1"", ""solver"": ""planner"", ""sum_of_loss"": ""2657"", ""sum_of_loss_lb"": ""2094""}"
lg_lacam_fork:lacam_noswap,"LaCAM (no guidance, no PIBT swap)",random-32-32-20,random-32-32-20-random-4,100,1,60.0,solved,0.015614,0.003,3097,54,2583,2094,54,1.478988,0,,/home/carsten/Projects/MAPF/MAPF Evaluator/results/tlg-random32-20/runs/lg_lacam_fork_lacam_noswap/random-32-32-20/random-32-32-20-random-4_a100_s1_r0,3097,0.003,"{""agents"": ""100"", ""comp_time"": ""3"", ""makespan"": ""54"", ""makespan_lb"": ""54"", ""map_file"": ""random-32-32-20.map"", ""seed"": ""1"", ""soc"": ""3097"", ""soc_lb"": ""2094"", ""solved"": ""1"", ""solver"": ""planner"", ""sum_of_loss"": ""2649"", ""sum_of_loss_lb"": ""2094""}"
lg_lacam_fork:suo,LaCAM3 = SUO (first solution),random-32-32-20,random-32-32-20-random-4,100,0,60.0,solved,0.015627,0.005,2419,57,2330,2094,54,1.155205,0,,/home/carsten/Projects/MAPF/MAPF Evaluator/results/tlg-random32-20/runs/lg_lacam_fork_suo/random-32-32-20/random-32-32-20-random-4_a100_s0_r0,2419,0.005,"{""agents"": ""100"", ""comp_time"": ""5"", ""makespan"": ""57"", ""makespan_lb"": ""54"", ""map_file"": ""random-32-32-20.map"", ""seed"": ""0"", ""soc"": ""2419"", ""soc_lb"": ""2094"", ""solved"": ""1"", ""solver"": ""planner"", ""sum_of_loss"": ""2340"", ""sum_of_loss_lb"": ""2094""}"
lg_lacam_fork:suo,LaCAM3 = SUO (first solution),random-32-32-20,random-32-32-20-random-4,100,1,60.0,solved,0.033712,0.018,2296,57,2296,2094,54,1.096466,0,,/home/carsten/Projects/MAPF/MAPF Evaluator/results/tlg-random32-20/runs/lg_lacam_fork_suo/random-32-32-20/random-32-32-20-random-4_a100_s1_r0,2296,0.018,"{""agents"": ""100"", ""comp_time"": ""18"", ""makespan"": ""57"", ""makespan_lb"": ""54"", ""map_file"": ""random-32-32-20.map"", ""seed"": ""1"", ""soc"": ""2296"", ""soc_lb"": ""2094"", ""solved"": ""1"", ""solver"": ""planner"", ""sum_of_loss"": ""2296"", ""sum_of_loss_lb"": ""2094""}"
lg_lacam_fork:lg,"LG-LaCAM (window 20, first solution)",random-32-32-20,random-32-32-20-random-4,100,0,60.0,solved,0.032822,0.022,2321,56,2230,2094,54,1.108405,0,,/home/carsten/Projects/MAPF/MAPF Evaluator/results/tlg-random32-20/runs/lg_lacam_fork_lg/random-32-32-20/random-32-32-20-random-4_a100_s0_r0,2321,0.022,"{""agents"": ""100"", ""comp_time"": ""22"", ""makespan"": ""56"", ""makespan_lb"": ""54"", ""map_file"": ""random-32-32-20.map"", ""seed"": ""0"", ""soc"": ""2321"", ""soc_lb"": ""2094"", ""solved"": ""1"", ""solver"": ""planner"", ""sum_of_loss"": ""2243"", ""sum_of_loss_lb"": ""2094""}"
lg_lacam_fork:lg,"LG-LaCAM (window 20, first solution)",random-32-32-20,random-32-32-20-random-4,100,1,60.0,solved,0.031677,0.011,2285,56,2239,2094,54,1.091213,0,,/home/carsten/Projects/MAPF/MAPF Evaluator/results/tlg-random32-20/runs/lg_lacam_fork_lg/random-32-32-20/random-32-32-20-random-4_a100_s1_r0,2285,0.011,"{""agents"": ""100"", ""comp_time"": ""11"", ""makespan"": ""56"", ""makespan_lb"": ""54"", ""map_file"": ""random-32-32-20.map"", ""seed"": ""1"", ""soc"": ""2285"", ""soc_lb"": ""2094"", ""solved"": ""1"", ""solver"": ""planner"", ""sum_of_loss"": ""2251"", ""sum_of_loss_lb"": ""2094""}"
traffic_load_lacam:vanilla,py-LaCAM (vanilla),random-32-32-20,random-32-32-20-random-4,100,0,60.0,solved,0.42327,,2997,54,2527,2094,54,1.431232,0,,/home/carsten/Projects/MAPF/MAPF Evaluator/results/tlg-random32-20/runs/traffic_load_lacam_vanilla/random-32-32-20/random-32-32-20-random-4_a100_s0_r0,,,
traffic_load_lacam:vanilla,py-LaCAM (vanilla),random-32-32-20,random-32-32-20-random-4,100,1,60.0,solved,2.214321,,3299,57,2721,2094,54,1.575454,0,,/home/carsten/Projects/MAPF/MAPF Evaluator/results/tlg-random32-20/runs/traffic_load_lacam_vanilla/random-32-32-20/random-32-32-20-random-4_a100_s1_r0,,,
traffic_load_lacam:tb_step,"py-LaCAM + load (tiebreak, per step)",random-32-32-20,random-32-32-20-random-4,100,0,60.0,solved,6.211243,,2890,54,2449,2094,54,1.380134,0,,/home/carsten/Projects/MAPF/MAPF Evaluator/results/tlg-random32-20/runs/traffic_load_lacam_tb_step/random-32-32-20/random-32-32-20-random-4_a100_s0_r0,,,
traffic_load_lacam:tb_step,"py-LaCAM + load (tiebreak, per step)",random-32-32-20,random-32-32-20-random-4,100,1,60.0,solved,3.202773,,2879,54,2441,2094,54,1.374881,0,,/home/carsten/Projects/MAPF/MAPF Evaluator/results/tlg-random32-20/runs/traffic_load_lacam_tb_step/random-32-32-20/random-32-32-20-random-4_a100_s1_r0,,,
traffic_load_lacam:pen01_step,"py-LaCAM + load (penalty 0.1, per step)",random-32-32-20,random-32-32-20-random-4,100,0,60.0,solved,2.418138,,2890,54,2449,2094,54,1.380134,0,,/home/carsten/Projects/MAPF/MAPF Evaluator/results/tlg-random32-20/runs/traffic_load_lacam_pen01_step/random-32-32-20/random-32-32-20-random-4_a100_s0_r0,,,
traffic_load_lacam:pen01_step,"py-LaCAM + load (penalty 0.1, per step)",random-32-32-20,random-32-32-20-random-4,100,1,60.0,solved,4.611676,,2924,54,2447,2094,54,1.396371,0,,/home/carsten/Projects/MAPF/MAPF Evaluator/results/tlg-random32-20/runs/traffic_load_lacam_pen01_step/random-32-32-20/random-32-32-20-random-4_a100_s1_r0,,,
lg_lacam_fork:lacam,"LaCAM (no guidance, first solution)",random-32-32-20,random-32-32-20-random-4,150,0,60.0,solved,0.677509,0.251,5612,56,4527,3273,54,1.714635,0,,/home/carsten/Projects/MAPF/MAPF Evaluator/results/tlg-random32-20/runs/lg_lacam_fork_lacam/random-32-32-20/random-32-32-20-random-4_a150_s0_r0,5612,0.251,"{""agents"": ""150"", ""comp_time"": ""251"", ""makespan"": ""56"", ""makespan_lb"": ""54"", ""map_file"": ""random-32-32-20.map"", ""seed"": ""0"", ""soc"": ""5612"", ""soc_lb"": ""3273"", ""solved"": ""1"", ""solver"": ""planner"", ""sum_of_loss"": ""4683"", ""sum_of_loss_lb"": ""3273""}"
lg_lacam_fork:lacam,"LaCAM (no guidance, first solution)",random-32-32-20,random-32-32-20-random-4,150,1,60.0,solved,0.547782,0.207,5438,63,4429,3273,54,1.661473,0,,/home/carsten/Projects/MAPF/MAPF Evaluator/results/tlg-random32-20/runs/lg_lacam_fork_lacam/random-32-32-20/random-32-32-20-random-4_a150_s1_r0,5438,0.207,"{""agents"": ""150"", ""comp_time"": ""207"", ""makespan"": ""63"", ""makespan_lb"": ""54"", ""map_file"": ""random-32-32-20.map"", ""seed"": ""1"", ""soc"": ""5438"", ""soc_lb"": ""3273"", ""solved"": ""1"", ""solver"": ""planner"", ""sum_of_loss"": ""4580"", ""sum_of_loss_lb"": ""3273""}"
lg_lacam_fork:lacam_noswap,"LaCAM (no guidance, no PIBT swap)",random-32-32-20,random-32-32-20-random-4,150,0,60.0,solved,0.168886,0.087,5517,58,4524,3273,54,1.68561,0,,/home/carsten/Projects/MAPF/MAPF Evaluator/results/tlg-random32-20/runs/lg_lacam_fork_lacam_noswap/random-32-32-20/random-32-32-20-random-4_a150_s0_r0,5517,0.087,"{""agents"": ""150"", ""comp_time"": ""87"", ""makespan"": ""58"", ""makespan_lb"": ""54"", ""map_file"": ""random-32-32-20.map"", ""seed"": ""0"", ""soc"": ""5517"", ""soc_lb"": ""3273"", ""solved"": ""1"", ""solver"": ""planner"", ""sum_of_loss"": ""4681"", ""sum_of_loss_lb"": ""3273""}"
lg_lacam_fork:lacam_noswap,"LaCAM (no guidance, no PIBT swap)",random-32-32-20,random-32-32-20-random-4,150,1,60.0,solved,0.015566,0.004,5410,56,4519,3273,54,1.652918,0,,/home/carsten/Projects/MAPF/MAPF Evaluator/results/tlg-random32-20/runs/lg_lacam_fork_lacam_noswap/random-32-32-20/random-32-32-20-random-4_a150_s1_r0,5410,0.004,"{""agents"": ""150"", ""comp_time"": ""4"", ""makespan"": ""56"", ""makespan_lb"": ""54"", ""map_file"": ""random-32-32-20.map"", ""seed"": ""1"", ""soc"": ""5410"", ""soc_lb"": ""3273"", ""solved"": ""1"", ""solver"": ""planner"", ""sum_of_loss"": ""4675"", ""sum_of_loss_lb"": ""3273""}"
lg_lacam_fork:suo,LaCAM3 = SUO (first solution),random-32-32-20,random-32-32-20-random-4,150,0,60.0,solved,0.238746,0.089,4378,60,3951,3273,54,1.337611,0,,/home/carsten/Projects/MAPF/MAPF Evaluator/results/tlg-random32-20/runs/lg_lacam_fork_suo/random-32-32-20/random-32-32-20-random-4_a150_s0_r0,4378,0.089,"{""agents"": ""150"", ""comp_time"": ""89"", ""makespan"": ""60"", ""makespan_lb"": ""54"", ""map_file"": ""random-32-32-20.map"", ""seed"": ""0"", ""soc"": ""4378"", ""soc_lb"": ""3273"", ""solved"": ""1"", ""solver"": ""planner"", ""sum_of_loss"": ""4002"", ""sum_of_loss_lb"": ""3273""}"
lg_lacam_fork:suo,LaCAM3 = SUO (first solution),random-32-32-20,random-32-32-20-random-4,150,1,60.0,solved,0.125274,0.049,4343,60,3950,3273,54,1.326917,0,,/home/carsten/Projects/MAPF/MAPF Evaluator/results/tlg-random32-20/runs/lg_lacam_fork_suo/random-32-32-20/random-32-32-20-random-4_a150_s1_r0,4343,0.049,"{""agents"": ""150"", ""comp_time"": ""49"", ""makespan"": ""60"", ""makespan_lb"": ""54"", ""map_file"": ""random-32-32-20.map"", ""seed"": ""1"", ""soc"": ""4343"", ""soc_lb"": ""3273"", ""solved"": ""1"", ""solver"": ""planner"", ""sum_of_loss"": ""3993"", ""sum_of_loss_lb"": ""3273""}"
lg_lacam_fork:lg,"LG-LaCAM (window 20, first solution)",random-32-32-20,random-32-32-20-random-4,150,0,60.0,solved,0.266957,0.043,3972,58,3616,3273,54,1.213566,0,,/home/carsten/Projects/MAPF/MAPF Evaluator/results/tlg-random32-20/runs/lg_lacam_fork_lg/random-32-32-20/random-32-32-20-random-4_a150_s0_r0,3972,0.043,"{""agents"": ""150"", ""comp_time"": ""43"", ""makespan"": ""58"", ""makespan_lb"": ""54"", ""map_file"": ""random-32-32-20.map"", ""seed"": ""0"", ""soc"": ""3972"", ""soc_lb"": ""3273"", ""solved"": ""1"", ""solver"": ""planner"", ""sum_of_loss"": ""3667"", ""sum_of_loss_lb"": ""3273""}"
lg_lacam_fork:lg,"LG-LaCAM (window 20, first solution)",random-32-32-20,random-32-32-20-random-4,150,1,60.0,solved,1.631225,0.901,3959,56,3635,3273,54,1.209594,0,,/home/carsten/Projects/MAPF/MAPF Evaluator/results/tlg-random32-20/runs/lg_lacam_fork_lg/random-32-32-20/random-32-32-20-random-4_a150_s1_r0,3959,0.901,"{""agents"": ""150"", ""comp_time"": ""901"", ""makespan"": ""56"", ""makespan_lb"": ""54"", ""map_file"": ""random-32-32-20.map"", ""seed"": ""1"", ""soc"": ""3959"", ""soc_lb"": ""3273"", ""solved"": ""1"", ""solver"": ""planner"", ""sum_of_loss"": ""3680"", ""sum_of_loss_lb"": ""3273""}"
traffic_load_lacam:vanilla,py-LaCAM (vanilla),random-32-32-20,random-32-32-20-random-4,150,0,60.0,solved,13.223558,,5602,75,4589,3273,54,1.71158,0,,/home/carsten/Projects/MAPF/MAPF Evaluator/results/tlg-random32-20/runs/traffic_load_lacam_vanilla/random-32-32-20/random-32-32-20-random-4_a150_s0_r0,,,
traffic_load_lacam:vanilla,py-LaCAM (vanilla),random-32-32-20,random-32-32-20-random-4,150,1,60.0,solved,20.608655,,5991,107,4864,3273,54,1.830431,0,,/home/carsten/Projects/MAPF/MAPF Evaluator/results/tlg-random32-20/runs/traffic_load_lacam_vanilla/random-32-32-20/random-32-32-20-random-4_a150_s1_r0,,,
traffic_load_lacam:tb_step,"py-LaCAM + load (tiebreak, per step)",random-32-32-20,random-32-32-20-random-4,150,0,60.0,solved,5.405507,,5498,95,4448,3273,54,1.679804,0,,/home/carsten/Projects/MAPF/MAPF Evaluator/results/tlg-random32-20/runs/traffic_load_lacam_tb_step/random-32-32-20/random-32-32-20-random-4_a150_s0_r0,,,
traffic_load_lacam:tb_step,"py-LaCAM + load (tiebreak, per step)",random-32-32-20,random-32-32-20-random-4,150,1,60.0,solved,2.418489,,5309,79,4330,3273,54,1.622059,0,,/home/carsten/Projects/MAPF/MAPF Evaluator/results/tlg-random32-20/runs/traffic_load_lacam_tb_step/random-32-32-20/random-32-32-20-random-4_a150_s1_r0,,,
traffic_load_lacam:pen01_step,"py-LaCAM + load (penalty 0.1, per step)",random-32-32-20,random-32-32-20-random-4,150,0,60.0,solved,3.407176,,4880,54,4073,3273,54,1.490987,0,,/home/carsten/Projects/MAPF/MAPF Evaluator/results/tlg-random32-20/runs/traffic_load_lacam_pen01_step/random-32-32-20/random-32-32-20-random-4_a150_s0_r0,,,
traffic_load_lacam:pen01_step,"py-LaCAM + load (penalty 0.1, per step)",random-32-32-20,random-32-32-20-random-4,150,1,60.0,solved,3.539985,,4856,54,4079,3273,54,1.483654,0,,/home/carsten/Projects/MAPF/MAPF Evaluator/results/tlg-random32-20/runs/traffic_load_lacam_pen01_step/random-32-32-20/random-32-32-20-random-4_a150_s1_r0,,,
lg_lacam_fork:lacam,"LaCAM (no guidance, first solution)",random-32-32-20,random-32-32-20-random-5,50,0,60.0,solved,0.286558,0.08,1426,48,1346,1216,48,1.172697,0,,/home/carsten/Projects/MAPF/MAPF Evaluator/results/tlg-random32-20/runs/lg_lacam_fork_lacam/random-32-32-20/random-32-32-20-random-5_a50_s0_r0,1426,0.08,"{""agents"": ""50"", ""comp_time"": ""80"", ""makespan"": ""48"", ""makespan_lb"": ""48"", ""map_file"": ""random-32-32-20.map"", ""seed"": ""0"", ""soc"": ""1426"", ""soc_lb"": ""1216"", ""solved"": ""1"", ""solver"": ""planner"", ""sum_of_loss"": ""1361"", ""sum_of_loss_lb"": ""1216""}"
lg_lacam_fork:lacam,"LaCAM (no guidance, first solution)",random-32-32-20,random-32-32-20-random-5,50,1,60.0,solved,0.358266,0.085,1392,48,1321,1216,48,1.144737,0,,/home/carsten/Projects/MAPF/MAPF Evaluator/results/tlg-random32-20/runs/lg_lacam_fork_lacam/random-32-32-20/random-32-32-20-random-5_a50_s1_r0,1392,0.085,"{""agents"": ""50"", ""comp_time"": ""85"", ""makespan"": ""48"", ""makespan_lb"": ""48"", ""map_file"": ""random-32-32-20.map"", ""seed"": ""1"", ""soc"": ""1392"", ""soc_lb"": ""1216"", ""solved"": ""1"", ""solver"": ""planner"", ""sum_of_loss"": ""1333"", ""sum_of_loss_lb"": ""1216""}"
lg_lacam_fork:lacam_noswap,"LaCAM (no guidance, no PIBT swap)",random-32-32-20,random-32-32-20-random-5,50,0,60.0,solved,0.497825,0.186,1413,48,1341,1216,48,1.162007,0,,/home/carsten/Projects/MAPF/MAPF Evaluator/results/tlg-random32-20/runs/lg_lacam_fork_lacam_noswap/random-32-32-20/random-32-32-20-random-5_a50_s0_r0,1413,0.186,"{""agents"": ""50"", ""comp_time"": ""186"", ""makespan"": ""48"", ""makespan_lb"": ""48"", ""map_file"": ""random-32-32-20.map"", ""seed"": ""0"", ""soc"": ""1413"", ""soc_lb"": ""1216"", ""solved"": ""1"", ""solver"": ""planner"", ""sum_of_loss"": ""1353"", ""sum_of_loss_lb"": ""1216""}"
lg_lacam_fork:lacam_noswap,"LaCAM (no guidance, no PIBT swap)",random-32-32-20,random-32-32-20-random-5,50,1,60.0,solved,0.44118,0.063,1392,48,1321,1216,48,1.144737,0,,/home/carsten/Projects/MAPF/MAPF Evaluator/results/tlg-random32-20/runs/lg_lacam_fork_lacam_noswap/random-32-32-20/random-32-32-20-random-5_a50_s1_r0,1392,0.063,"{""agents"": ""50"", ""comp_time"": ""63"", ""makespan"": ""48"", ""makespan_lb"": ""48"", ""map_file"": ""random-32-32-20.map"", ""seed"": ""1"", ""soc"": ""1392"", ""soc_lb"": ""1216"", ""solved"": ""1"", ""solver"": ""planner"", ""sum_of_loss"": ""1333"", ""sum_of_loss_lb"": ""1216""}"
lg_lacam_fork:suo,LaCAM3 = SUO (first solution),random-32-32-20,random-32-32-20-random-5,50,0,60.0,solved,0.24163,0.119,1276,50,1266,1216,48,1.049342,0,,/home/carsten/Projects/MAPF/MAPF Evaluator/results/tlg-random32-20/runs/lg_lacam_fork_suo/random-32-32-20/random-32-32-20-random-5_a50_s0_r0,1276,0.119,"{""agents"": ""50"", ""comp_time"": ""119"", ""makespan"": ""50"", ""makespan_lb"": ""48"", ""map_file"": ""random-32-32-20.map"", ""seed"": ""0"", ""soc"": ""1276"", ""soc_lb"": ""1216"", ""solved"": ""1"", ""solver"": ""planner"", ""sum_of_loss"": ""1268"", ""sum_of_loss_lb"": ""1216""}"
lg_lacam_fork:suo,LaCAM3 = SUO (first solution),random-32-32-20,random-32-32-20-random-5,50,1,60.0,solved,0.316286,0.193,1285,50,1285,1216,48,1.056743,0,,/home/carsten/Projects/MAPF/MAPF Evaluator/results/tlg-random32-20/runs/lg_lacam_fork_suo/random-32-32-20/random-32-32-20-random-5_a50_s1_r0,1285,0.193,"{""agents"": ""50"", ""comp_time"": ""193"", ""makespan"": ""50"", ""makespan_lb"": ""48"", ""map_file"": ""random-32-32-20.map"", ""seed"": ""1"", ""soc"": ""1285"", ""soc_lb"": ""1216"", ""solved"": ""1"", ""solver"": ""planner"", ""sum_of_loss"": ""1285"", ""sum_of_loss_lb"": ""1216""}"
lg_lacam_fork:lg,"LG-LaCAM (window 20, first solution)",random-32-32-20,random-32-32-20-random-5,50,0,60.0,solved,0.491799,0.244,1257,48,1254,1216,48,1.033717,0,,/home/carsten/Projects/MAPF/MAPF Evaluator/results/tlg-random32-20/runs/lg_lacam_fork_lg/random-32-32-20/random-32-32-20-random-5_a50_s0_r0,1257,0.244,"{""agents"": ""50"", ""comp_time"": ""244"", ""makespan"": ""48"", ""makespan_lb"": ""48"", ""map_file"": ""random-32-32-20.map"", ""seed"": ""0"", ""soc"": ""1257"", ""soc_lb"": ""1216"", ""solved"": ""1"", ""solver"": ""planner"", ""sum_of_loss"": ""1256"", ""sum_of_loss_lb"": ""1216""}"
lg_lacam_fork:lg,"LG-LaCAM (window 20, first solution)",random-32-32-20,random-32-32-20-random-5,50,1,60.0,solved,0.255669,0.06,1251,48,1249,1216,48,1.028783,0,,/home/carsten/Projects/MAPF/MAPF Evaluator/results/tlg-random32-20/runs/lg_lacam_fork_lg/random-32-32-20/random-32-32-20-random-5_a50_s1_r0,1251,0.06,"{""agents"": ""50"", ""comp_time"": ""60"", ""makespan"": ""48"", ""makespan_lb"": ""48"", ""map_file"": ""random-32-32-20.map"", ""seed"": ""1"", ""soc"": ""1251"", ""soc_lb"": ""1216"", ""solved"": ""1"", ""solver"": ""planner"", ""sum_of_loss"": ""1250"", ""sum_of_loss_lb"": ""1216""}"
traffic_load_lacam:vanilla,py-LaCAM (vanilla),random-32-32-20,random-32-32-20-random-5,50,0,60.0,solved,0.746133,,1437,48,1377,1216,48,1.181743,0,,/home/carsten/Projects/MAPF/MAPF Evaluator/results/tlg-random32-20/runs/traffic_load_lacam_vanilla/random-32-32-20/random-32-32-20-random-5_a50_s0_r0,,,
traffic_load_lacam:vanilla,py-LaCAM (vanilla),random-32-32-20,random-32-32-20-random-5,50,1,60.0,solved,0.684109,,1407,48,1340,1216,48,1.157072,0,,/home/carsten/Projects/MAPF/MAPF Evaluator/results/tlg-random32-20/runs/traffic_load_lacam_vanilla/random-32-32-20/random-32-32-20-random-5_a50_s1_r0,,,
traffic_load_lacam:tb_step,"py-LaCAM + load (tiebreak, per step)",random-32-32-20,random-32-32-20-random-5,50,0,60.0,solved,2.275248,,1450,65,1373,1216,48,1.192434,0,,/home/carsten/Projects/MAPF/MAPF Evaluator/results/tlg-random32-20/runs/traffic_load_lacam_tb_step/random-32-32-20/random-32-32-20-random-5_a50_s0_r0,,,
traffic_load_lacam:tb_step,"py-LaCAM + load (tiebreak, per step)",random-32-32-20,random-32-32-20-random-5,50,1,60.0,solved,2.129238,,1449,65,1367,1216,48,1.191612,0,,/home/carsten/Projects/MAPF/MAPF Evaluator/results/tlg-random32-20/runs/traffic_load_lacam_tb_step/random-32-32-20/random-32-32-20-random-5_a50_s1_r0,,,
traffic_load_lacam:pen01_step,"py-LaCAM + load (penalty 0.1, per step)",random-32-32-20,random-32-32-20-random-5,50,0,60.0,solved,1.988823,,1442,65,1369,1216,48,1.185855,0,,/home/carsten/Projects/MAPF/MAPF Evaluator/results/tlg-random32-20/runs/traffic_load_lacam_pen01_step/random-32-32-20/random-32-32-20-random-5_a50_s0_r0,,,
traffic_load_lacam:pen01_step,"py-LaCAM + load (penalty 0.1, per step)",random-32-32-20,random-32-32-20-random-5,50,1,60.0,solved,3.652173,,1449,65,1367,1216,48,1.191612,0,,/home/carsten/Projects/MAPF/MAPF Evaluator/results/tlg-random32-20/runs/traffic_load_lacam_pen01_step/random-32-32-20/random-32-32-20-random-5_a50_s1_r0,,,
lg_lacam_fork:lacam,"LaCAM (no guidance, first solution)",random-32-32-20,random-32-32-20-random-5,100,0,60.0,solved,0.278362,0.066,3294,48,2986,2306,48,1.428448,0,,/home/carsten/Projects/MAPF/MAPF Evaluator/results/tlg-random32-20/runs/lg_lacam_fork_lacam/random-32-32-20/random-32-32-20-random-5_a100_s0_r0,3294,0.066,"{""agents"": ""100"", ""comp_time"": ""66"", ""makespan"": ""48"", ""makespan_lb"": ""48"", ""map_file"": ""random-32-32-20.map"", ""seed"": ""0"", ""soc"": ""3294"", ""soc_lb"": ""2306"", ""solved"": ""1"", ""solver"": ""planner"", ""sum_of_loss"": ""3056"", ""sum_of_loss_lb"": ""2306""}"
lg_lacam_fork:lacam,"LaCAM (no guidance, first solution)",random-32-32-20,random-32-32-20-random-5,100,1,60.0,solved,0.390519,0.083,3194,48,2897,2306,48,1.385082,0,,/home/carsten/Projects/MAPF/MAPF Evaluator/results/tlg-random32-20/runs/lg_lacam_fork_lacam/random-32-32-20/random-32-32-20-random-5_a100_s1_r0,3194,0.083,"{""agents"": ""100"", ""comp_time"": ""83"", ""makespan"": ""48"", ""makespan_lb"": ""48"", ""map_file"": ""random-32-32-20.map"", ""seed"": ""1"", ""soc"": ""3194"", ""soc_lb"": ""2306"", ""solved"": ""1"", ""solver"": ""planner"", ""sum_of_loss"": ""2968"", ""sum_of_loss_lb"": ""2306""}"
lg_lacam_fork:lacam_noswap,"LaCAM (no guidance, no PIBT swap)",random-32-32-20,random-32-32-20-random-5,100,0,60.0,solved,0.358357,0.097,3367,49,3013,2306,48,1.460104,0,,/home/carsten/Projects/MAPF/MAPF Evaluator/results/tlg-random32-20/runs/lg_lacam_fork_lacam_noswap/random-32-32-20/random-32-32-20-random-5_a100_s0_r0,3367,0.097,"{""agents"": ""100"", ""comp_time"": ""97"", ""makespan"": ""49"", ""makespan_lb"": ""48"", ""map_file"": ""random-32-32-20.map"", ""seed"": ""0"", ""soc"": ""3367"", ""soc_lb"": ""2306"", ""solved"": ""1"", ""solver"": ""planner"", ""sum_of_loss"": ""3093"", ""sum_of_loss_lb"": ""2306""}"
lg_lacam_fork:lacam_noswap,"LaCAM (no guidance, no PIBT swap)",random-32-32-20,random-32-32-20-random-5,100,1,60.0,solved,0.346929,0.06,3270,48,2951,2306,48,1.41804,0,,/home/carsten/Projects/MAPF/MAPF Evaluator/results/tlg-random32-20/runs/lg_lacam_fork_lacam_noswap/random-32-32-20/random-32-32-20-random-5_a100_s1_r0,3270,0.06,"{""agents"": ""100"", ""comp_time"": ""60"", ""makespan"": ""48"", ""makespan_lb"": ""48"", ""map_file"": ""random-32-32-20.map"", ""seed"": ""1"", ""soc"": ""3270"", ""soc_lb"": ""2306"", ""solved"": ""1"", ""solver"": ""planner"", ""sum_of_loss"": ""3023"", ""sum_of_loss_lb"": ""2306""}"
lg_lacam_fork:suo,LaCAM3 = SUO (first solution),random-32-32-20,random-32-32-20-random-5,100,0,60.0,solved,0.336389,0.1,2687,52,2601,2306,48,1.165221,0,,/home/carsten/Projects/MAPF/MAPF Evaluator/results/tlg-random32-20/runs/lg_lacam_fork_suo/random-32-32-20/random-32-32-20-random-5_a100_s0_r0,2687,0.1,"{""agents"": ""100"", ""comp_time"": ""100"", ""makespan"": ""52"", ""makespan_lb"": ""48"", ""map_file"": ""random-32-32-20.map"", ""seed"": ""0"", ""soc"": ""2687"", ""soc_lb"": ""2306"", ""solved"": ""1"", ""solver"": ""planner"", ""sum_of_loss"": ""2618"", ""sum_of_loss_lb"": ""2306""}"
lg_lacam_fork:suo,LaCAM3 = SUO (first solution),random-32-32-20,random-32-32-20-random-5,100,1,60.0,solved,0.453337,0.256,2656,58,2606,2306,48,1.151778,0,,/home/carsten/Projects/MAPF/MAPF Evaluator/results/tlg-random32-20/runs/lg_lacam_fork_suo/random-32-32-20/random-32-32-20-random-5_a100_s1_r0,2656,0.256,"{""agents"": ""100"", ""comp_time"": ""256"", ""makespan"": ""58"", ""makespan_lb"": ""48"", ""map_file"": ""random-32-32-20.map"", ""seed"": ""1"", ""soc"": ""2656"", ""soc_lb"": ""2306"", ""solved"": ""1"", ""solver"": ""planner"", ""sum_of_loss"": ""2615"", ""sum_of_loss_lb"": ""2306""}"
lg_lacam_fork:lg,"LG-LaCAM (window 20, first solution)",random-32-32-20,random-32-32-20-random-5,100,0,60.0,solved,0.694852,0.538,2601,48,2490,2306,48,1.127927,0,,/home/carsten/Projects/MAPF/MAPF Evaluator/results/tlg-random32-20/runs/lg_lacam_fork_lg/random-32-32-20/random-32-32-20-random-5_a100_s0_r0,2601,0.538,"{""agents"": ""100"", ""comp_time"": ""538"", ""makespan"": ""48"", ""makespan_lb"": ""48"", ""map_file"": ""random-32-32-20.map"", ""seed"": ""0"", ""soc"": ""2601"", ""soc_lb"": ""2306"", ""solved"": ""1"", ""solver"": ""planner"", ""sum_of_loss"": ""2509"", ""sum_of_loss_lb"": ""2306""}"
lg_lacam_fork:lg,"LG-LaCAM (window 20, first solution)",random-32-32-20,random-32-32-20-random-5,100,1,60.0,solved,0.475827,0.159,2636,50,2501,2306,48,1.143105,0,,/home/carsten/Projects/MAPF/MAPF Evaluator/results/tlg-random32-20/runs/lg_lacam_fork_lg/random-32-32-20/random-32-32-20-random-5_a100_s1_r0,2636,0.159,"{""agents"": ""100"", ""comp_time"": ""159"", ""makespan"": ""50"", ""makespan_lb"": ""48"", ""map_file"": ""random-32-32-20.map"", ""seed"": ""1"", ""soc"": ""2636"", ""soc_lb"": ""2306"", ""solved"": ""1"", ""solver"": ""planner"", ""sum_of_loss"": ""2526"", ""sum_of_loss_lb"": ""2306""}"
traffic_load_lacam:vanilla,py-LaCAM (vanilla),random-32-32-20,random-32-32-20-random-5,100,0,60.0,solved,1.076334,,3890,93,3461,2306,48,1.686904,0,,/home/carsten/Projects/MAPF/MAPF Evaluator/results/tlg-random32-20/runs/traffic_load_lacam_vanilla/random-32-32-20/random-32-32-20-random-5_a100_s0_r0,,,
traffic_load_lacam:vanilla,py-LaCAM (vanilla),random-32-32-20,random-32-32-20-random-5,100,1,60.0,solved,0.499846,,3896,89,3259,2306,48,1.689506,0,,/home/carsten/Projects/MAPF/MAPF Evaluator/results/tlg-random32-20/runs/traffic_load_lacam_vanilla/random-32-32-20/random-32-32-20-random-5_a100_s1_r0,,,
traffic_load_lacam:tb_step,"py-LaCAM + load (tiebreak, per step)",random-32-32-20,random-32-32-20-random-5,100,0,60.0,solved,4.358397,,4074,97,3623,2306,48,1.766696,0,,/home/carsten/Projects/MAPF/MAPF Evaluator/results/tlg-random32-20/runs/traffic_load_lacam_tb_step/random-32-32-20/random-32-32-20-random-5_a100_s0_r0,,,
traffic_load_lacam:tb_step,"py-LaCAM + load (tiebreak, per step)",random-32-32-20,random-32-32-20-random-5,100,1,60.0,solved,5.67612,,3811,75,3283,2306,48,1.652645,0,,/home/carsten/Projects/MAPF/MAPF Evaluator/results/tlg-random32-20/runs/traffic_load_lacam_tb_step/random-32-32-20/random-32-32-20-random-5_a100_s1_r0,,,
traffic_load_lacam:pen01_step,"py-LaCAM + load (penalty 0.1, per step)",random-32-32-20,random-32-32-20-random-5,100,0,60.0,solved,3.589052,,4277,111,3818,2306,48,1.854727,0,,/home/carsten/Projects/MAPF/MAPF Evaluator/results/tlg-random32-20/runs/traffic_load_lacam_pen01_step/random-32-32-20/random-32-32-20-random-5_a100_s0_r0,,,
traffic_load_lacam:pen01_step,"py-LaCAM + load (penalty 0.1, per step)",random-32-32-20,random-32-32-20-random-5,100,1,60.0,solved,4.635994,,3811,75,3283,2306,48,1.652645,0,,/home/carsten/Projects/MAPF/MAPF Evaluator/results/tlg-random32-20/runs/traffic_load_lacam_pen01_step/random-32-32-20/random-32-32-20-random-5_a100_s1_r0,,,
lg_lacam_fork:lacam,"LaCAM (no guidance, first solution)",random-32-32-20,random-32-32-20-random-5,150,0,60.0,solved,0.500032,0.187,5767,66,4959,3412,58,1.690211,0,,/home/carsten/Projects/MAPF/MAPF Evaluator/results/tlg-random32-20/runs/lg_lacam_fork_lacam/random-32-32-20/random-32-32-20-random-5_a150_s0_r0,5767,0.187,"{""agents"": ""150"", ""comp_time"": ""187"", ""makespan"": ""66"", ""makespan_lb"": ""58"", ""map_file"": ""random-32-32-20.map"", ""seed"": ""0"", ""soc"": ""5767"", ""soc_lb"": ""3412"", ""solved"": ""1"", ""solver"": ""planner"", ""sum_of_loss"": ""5109"", ""sum_of_loss_lb"": ""3412""}"
lg_lacam_fork:lacam,"LaCAM (no guidance, first solution)",random-32-32-20,random-32-32-20-random-5,150,1,60.0,solved,0.44197,0.156,5609,63,4790,3412,58,1.643904,0,,/home/carsten/Projects/MAPF/MAPF Evaluator/results/tlg-random32-20/runs/lg_lacam_fork_lacam/random-32-32-20/random-32-32-20-random-5_a150_s1_r0,5609,0.156,"{""agents"": ""150"", ""comp_time"": ""156"", ""makespan"": ""63"", ""makespan_lb"": ""58"", ""map_file"": ""random-32-32-20.map"", ""seed"": ""1"", ""soc"": ""5609"", ""soc_lb"": ""3412"", ""solved"": ""1"", ""solver"": ""planner"", ""sum_of_loss"": ""4937"", ""sum_of_loss_lb"": ""3412""}"
lg_lacam_fork:lacam_noswap,"LaCAM (no guidance, no PIBT swap)",random-32-32-20,random-32-32-20-random-5,150,0,60.0,solved,0.424889,0.138,5893,65,5035,3412,58,1.72714,0,,/home/carsten/Projects/MAPF/MAPF Evaluator/results/tlg-random32-20/runs/lg_lacam_fork_lacam_noswap/random-32-32-20/random-32-32-20-random-5_a150_s0_r0,5893,0.138,"{""agents"": ""150"", ""comp_time"": ""138"", ""makespan"": ""65"", ""makespan_lb"": ""58"", ""map_file"": ""random-32-32-20.map"", ""seed"": ""0"", ""soc"": ""5893"", ""soc_lb"": ""3412"", ""solved"": ""1"", ""solver"": ""planner"", ""sum_of_loss"": ""5210"", ""sum_of_loss_lb"": ""3412""}"
lg_lacam_fork:lacam_noswap,"LaCAM (no guidance, no PIBT swap)",random-32-32-20,random-32-32-20-random-5,150,1,60.0,solved,0.278918,0.055,5736,61,4890,3412,58,1.681125,0,,/home/carsten/Projects/MAPF/MAPF Evaluator/results/tlg-random32-20/runs/lg_lacam_fork_lacam_noswap/random-32-32-20/random-32-32-20-random-5_a150_s1_r0,5736,0.055,"{""agents"": ""150"", ""comp_time"": ""55"", ""makespan"": ""61"", ""makespan_lb"": ""58"", ""map_file"": ""random-32-32-20.map"", ""seed"": ""1"", ""soc"": ""5736"", ""soc_lb"": ""3412"", ""solved"": ""1"", ""solver"": ""planner"", ""sum_of_loss"": ""5050"", ""sum_of_loss_lb"": ""3412""}"
lg_lacam_fork:suo,LaCAM3 = SUO (first solution),random-32-32-20,random-32-32-20-random-5,150,0,60.0,solved,0.919807,0.538,4578,62,4187,3412,58,1.341735,0,,/home/carsten/Projects/MAPF/MAPF Evaluator/results/tlg-random32-20/runs/lg_lacam_fork_suo/random-32-32-20/random-32-32-20-random-5_a150_s0_r0,4578,0.538,"{""agents"": ""150"", ""comp_time"": ""538"", ""makespan"": ""62"", ""makespan_lb"": ""58"", ""map_file"": ""random-32-32-20.map"", ""seed"": ""0"", ""soc"": ""4578"", ""soc_lb"": ""3412"", ""solved"": ""1"", ""solver"": ""planner"", ""sum_of_loss"": ""4252"", ""sum_of_loss_lb"": ""3412""}"
lg_lacam_fork:suo,LaCAM3 = SUO (first solution),random-32-32-20,random-32-32-20-random-5,150,1,60.0,solved,0.566619,0.234,4609,62,4189,3412,58,1.350821,0,,/home/carsten/Projects/MAPF/MAPF Evaluator/results/tlg-random32-20/runs/lg_lacam_fork_suo/random-32-32-20/random-32-32-20-random-5_a150_s1_r0,4609,0.234,"{""agents"": ""150"", ""comp_time"": ""234"", ""makespan"": ""62"", ""makespan_lb"": ""58"", ""map_file"": ""random-32-32-20.map"", ""seed"": ""1"", ""soc"": ""4609"", ""soc_lb"": ""3412"", ""solved"": ""1"", ""solver"": ""planner"", ""sum_of_loss"": ""4252"", ""sum_of_loss_lb"": ""3412""}"
lg_lacam_fork:lg,"LG-LaCAM (window 20, first solution)",random-32-32-20,random-32-32-20-random-5,150,0,60.0,solved,0.613189,0.442,4208,60,3911,3412,58,1.233294,0,,/home/carsten/Projects/MAPF/MAPF Evaluator/results/tlg-random32-20/runs/lg_lacam_fork_lg/random-32-32-20/random-32-32-20-random-5_a150_s0_r0,4208,0.442,"{""agents"": ""150"", ""comp_time"": ""442"", ""makespan"": ""60"", ""makespan_lb"": ""58"", ""map_file"": ""random-32-32-20.map"", ""seed"": ""0"", ""soc"": ""4208"", ""soc_lb"": ""3412"", ""solved"": ""1"", ""solver"": ""planner"", ""sum_of_loss"": ""3972"", ""sum_of_loss_lb"": ""3412""}"
lg_lacam_fork:lg,"LG-LaCAM (window 20, first solution)",random-32-32-20,random-32-32-20-random-5,150,1,60.0,solved,0.746994,0.467,4200,58,3897,3412,58,1.23095,0,,/home/carsten/Projects/MAPF/MAPF Evaluator/results/tlg-random32-20/runs/lg_lacam_fork_lg/random-32-32-20/random-32-32-20-random-5_a150_s1_r0,4200,0.467,"{""agents"": ""150"", ""comp_time"": ""467"", ""makespan"": ""58"", ""makespan_lb"": ""58"", ""map_file"": ""random-32-32-20.map"", ""seed"": ""1"", ""soc"": ""4200"", ""soc_lb"": ""3412"", ""solved"": ""1"", ""solver"": ""planner"", ""sum_of_loss"": ""3959"", ""sum_of_loss_lb"": ""3412""}"
traffic_load_lacam:vanilla,py-LaCAM (vanilla),random-32-32-20,random-32-32-20-random-5,150,0,60.0,solved,2.58261,,6054,85,5165,3412,58,1.774326,0,,/home/carsten/Projects/MAPF/MAPF Evaluator/results/tlg-random32-20/runs/traffic_load_lacam_vanilla/random-32-32-20/random-32-32-20-random-5_a150_s0_r0,,,
traffic_load_lacam:vanilla,py-LaCAM (vanilla),random-32-32-20,random-32-32-20-random-5,150,1,60.0,solved,1.103051,,6514,95,5497,3412,58,1.909144,0,,/home/carsten/Projects/MAPF/MAPF Evaluator/results/tlg-random32-20/runs/traffic_load_lacam_vanilla/random-32-32-20/random-32-32-20-random-5_a150_s1_r0,,,
traffic_load_lacam:tb_step,"py-LaCAM + load (tiebreak, per step)",random-32-32-20,random-32-32-20-random-5,150,0,60.0,solved,6.555743,,5431,80,4628,3412,58,1.591735,0,,/home/carsten/Projects/MAPF/MAPF Evaluator/results/tlg-random32-20/runs/traffic_load_lacam_tb_step/random-32-32-20/random-32-32-20-random-5_a150_s0_r0,,,
traffic_load_lacam:tb_step,"py-LaCAM + load (tiebreak, per step)",random-32-32-20,random-32-32-20-random-5,150,1,60.0,unsolved,69.317657,,,,,3412,58,,1,"solver gave up (matched 'invalid solution, empty')",/home/carsten/Projects/MAPF/MAPF Evaluator/results/tlg-random32-20/runs/traffic_load_lacam_tb_step/random-32-32-20/random-32-32-20-random-5_a150_s1_r0,,,
traffic_load_lacam:pen01_step,"py-LaCAM + load (penalty 0.1, per step)",random-32-32-20,random-32-32-20-random-5,150,0,60.0,solved,14.256397,,6423,101,5143,3412,58,1.882474,0,,/home/carsten/Projects/MAPF/MAPF Evaluator/results/tlg-random32-20/runs/traffic_load_lacam_pen01_step/random-32-32-20/random-32-32-20-random-5_a150_s0_r0,,,
traffic_load_lacam:pen01_step,"py-LaCAM + load (penalty 0.1, per step)",random-32-32-20,random-32-32-20-random-5,150,1,60.0,unsolved,60.404119,,,,,3412,58,,1,"solver gave up (matched 'invalid solution, empty')",/home/carsten/Projects/MAPF/MAPF Evaluator/results/tlg-random32-20/runs/traffic_load_lacam_pen01_step/random-32-32-20/random-32-32-20-random-5_a150_s1_r0,,,
