solver_id,solver_label,map,scen,agents,seed,timeout,status,wallclock_s,solver_time_s,soc,makespan,sum_of_loss,soc_lb,makespan_lb,soc_ratio,exit_code,error,run_dir,first_soc,first_time_s,solver_stats
lg_lacam_fork:lacam,"LaCAM (no guidance, first solution)",den312d,den312d-random-1,50,0,30.0,solved,0.053586,0.015,3010,103,2723,2612,103,1.152374,0,,/home/carsten/Projects/MAPF/MAPF Evaluator/results/tlcpp-den312d/runs/lg_lacam_fork_lacam/den312d/den312d-random-1_a50_s0_r0,3010,0.015,"{""agents"": ""50"", ""comp_time"": ""15"", ""makespan"": ""103"", ""makespan_lb"": ""103"", ""map_file"": ""den312d.map"", ""seed"": ""0"", ""soc"": ""3010"", ""soc_lb"": ""2612"", ""solved"": ""1"", ""solver"": ""planner"", ""sum_of_loss"": ""2736"", ""sum_of_loss_lb"": ""2612""}"
lg_lacam_fork:lacam,"LaCAM (no guidance, first solution)",den312d,den312d-random-1,50,1,30.0,solved,0.022164,0.008,2958,103,2721,2612,103,1.132466,0,,/home/carsten/Projects/MAPF/MAPF Evaluator/results/tlcpp-den312d/runs/lg_lacam_fork_lacam/den312d/den312d-random-1_a50_s1_r0,2958,0.008,"{""agents"": ""50"", ""comp_time"": ""8"", ""makespan"": ""103"", ""makespan_lb"": ""103"", ""map_file"": ""den312d.map"", ""seed"": ""1"", ""soc"": ""2958"", ""soc_lb"": ""2612"", ""solved"": ""1"", ""solver"": ""planner"", ""sum_of_loss"": ""2728"", ""sum_of_loss_lb"": ""2612""}"
lg_lacam_fork:lacam,"LaCAM (no guidance, first solution)",den312d,den312d-random-1,50,2,30.0,solved,0.037488,0.008,3042,103,2754,2612,103,1.164625,0,,/home/carsten/Projects/MAPF/MAPF Evaluator/results/tlcpp-den312d/runs/lg_lacam_fork_lacam/den312d/den312d-random-1_a50_s2_r0,3042,0.008,"{""agents"": ""50"", ""comp_time"": ""8"", ""makespan"": ""103"", ""makespan_lb"": ""103"", ""map_file"": ""den312d.map"", ""seed"": ""2"", ""soc"": ""3042"", ""soc_lb"": ""2612"", ""solved"": ""1"", ""solver"": ""planner"", ""sum_of_loss"": ""2765"", ""sum_of_loss_lb"": ""2612""}"
lg_lacam_fork:tl,"LaCAM + traffic load (tie-break, per config)",den312d,den312d-random-1,50,0,30.0,solved,0.031861,0.015,2791,103,2659,2612,103,1.06853,0,,/home/carsten/Projects/MAPF/MAPF Evaluator/results/tlcpp-den312d/runs/lg_lacam_fork_tl/den312d/den312d-random-1_a50_s0_r0,2791,0.015,"{""agents"": ""50"", ""comp_time"": ""15"", ""makespan"": ""103"", ""makespan_lb"": ""103"", ""map_file"": ""den312d.map"", ""seed"": ""0"", ""soc"": ""2791"", ""soc_lb"": ""2612"", ""solved"": ""1"", ""solver"": ""planner"", ""sum_of_loss"": ""2665"", ""sum_of_loss_lb"": ""2612""}"
lg_lacam_fork:tl,"LaCAM + traffic load (tie-break, per config)",den312d,den312d-random-1,50,1,30.0,solved,0.066722,0.032,2816,103,2659,2612,103,1.078101,0,,/home/carsten/Projects/MAPF/MAPF Evaluator/results/tlcpp-den312d/runs/lg_lacam_fork_tl/den312d/den312d-random-1_a50_s1_r0,2816,0.032,"{""agents"": ""50"", ""comp_time"": ""32"", ""makespan"": ""103"", ""makespan_lb"": ""103"", ""map_file"": ""den312d.map"", ""seed"": ""1"", ""soc"": ""2816"", ""soc_lb"": ""2612"", ""solved"": ""1"", ""solver"": ""planner"", ""sum_of_loss"": ""2666"", ""sum_of_loss_lb"": ""2612""}"
lg_lacam_fork:tl,"LaCAM + traffic load (tie-break, per config)",den312d,den312d-random-1,50,2,30.0,solved,0.047201,0.02,2819,103,2660,2612,103,1.07925,0,,/home/carsten/Projects/MAPF/MAPF Evaluator/results/tlcpp-den312d/runs/lg_lacam_fork_tl/den312d/den312d-random-1_a50_s2_r0,2819,0.02,"{""agents"": ""50"", ""comp_time"": ""20"", ""makespan"": ""103"", ""makespan_lb"": ""103"", ""map_file"": ""den312d.map"", ""seed"": ""2"", ""soc"": ""2819"", ""soc_lb"": ""2612"", ""solved"": ""1"", ""solver"": ""planner"", ""sum_of_loss"": ""2667"", ""sum_of_loss_lb"": ""2612""}"
lg_lacam_fork:tl_agent,"LaCAM + traffic load (tie-break, per agent)",den312d,den312d-random-1,50,0,30.0,solved,0.088998,0.031,2816,103,2657,2612,103,1.078101,0,,/home/carsten/Projects/MAPF/MAPF Evaluator/results/tlcpp-den312d/runs/lg_lacam_fork_tl_agent/den312d/den312d-random-1_a50_s0_r0,2816,0.031,"{""agents"": ""50"", ""comp_time"": ""31"", ""makespan"": ""103"", ""makespan_lb"": ""103"", ""map_file"": ""den312d.map"", ""seed"": ""0"", ""soc"": ""2816"", ""soc_lb"": ""2612"", ""solved"": ""1"", ""solver"": ""planner"", ""sum_of_loss"": ""2664"", ""sum_of_loss_lb"": ""2612""}"
lg_lacam_fork:tl_agent,"LaCAM + traffic load (tie-break, per agent)",den312d,den312d-random-1,50,1,30.0,solved,0.220238,0.101,2735,103,2654,2612,103,1.04709,0,,/home/carsten/Projects/MAPF/MAPF Evaluator/results/tlcpp-den312d/runs/lg_lacam_fork_tl_agent/den312d/den312d-random-1_a50_s1_r0,2735,0.101,"{""agents"": ""50"", ""comp_time"": ""101"", ""makespan"": ""103"", ""makespan_lb"": ""103"", ""map_file"": ""den312d.map"", ""seed"": ""1"", ""soc"": ""2735"", ""soc_lb"": ""2612"", ""solved"": ""1"", ""solver"": ""planner"", ""sum_of_loss"": ""2658"", ""sum_of_loss_lb"": ""2612""}"
lg_lacam_fork:tl_agent,"LaCAM + traffic load (tie-break, per agent)",den312d,den312d-random-1,50,2,30.0,solved,0.066051,0.023,2755,103,2658,2612,103,1.054747,0,,/home/carsten/Projects/MAPF/MAPF Evaluator/results/tlcpp-den312d/runs/lg_lacam_fork_tl_agent/den312d/den312d-random-1_a50_s2_r0,2755,0.023,"{""agents"": ""50"", ""comp_time"": ""23"", ""makespan"": ""103"", ""makespan_lb"": ""103"", ""map_file"": ""den312d.map"", ""seed"": ""2"", ""soc"": ""2755"", ""soc_lb"": ""2612"", ""solved"": ""1"", ""solver"": ""planner"", ""sum_of_loss"": ""2663"", ""sum_of_loss_lb"": ""2612""}"
lg_lacam_fork:tl_static,LaCAM + traffic load (static map from starts),den312d,den312d-random-1,50,0,30.0,solved,0.083895,0.013,2931,103,2779,2612,103,1.122129,0,,/home/carsten/Projects/MAPF/MAPF Evaluator/results/tlcpp-den312d/runs/lg_lacam_fork_tl_static/den312d/den312d-random-1_a50_s0_r0,2931,0.013,"{""agents"": ""50"", ""comp_time"": ""13"", ""makespan"": ""103"", ""makespan_lb"": ""103"", ""map_file"": ""den312d.map"", ""seed"": ""0"", ""soc"": ""2931"", ""soc_lb"": ""2612"", ""solved"": ""1"", ""solver"": ""planner"", ""sum_of_loss"": ""2787"", ""sum_of_loss_lb"": ""2612""}"
lg_lacam_fork:tl_static,LaCAM + traffic load (static map from starts),den312d,den312d-random-1,50,1,30.0,solved,0.062857,0.04,2865,103,2801,2612,103,1.096861,0,,/home/carsten/Projects/MAPF/MAPF Evaluator/results/tlcpp-den312d/runs/lg_lacam_fork_tl_static/den312d/den312d-random-1_a50_s1_r0,2865,0.04,"{""agents"": ""50"", ""comp_time"": ""40"", ""makespan"": ""103"", ""makespan_lb"": ""103"", ""map_file"": ""den312d.map"", ""seed"": ""1"", ""soc"": ""2865"", ""soc_lb"": ""2612"", ""solved"": ""1"", ""solver"": ""planner"", ""sum_of_loss"": ""2807"", ""sum_of_loss_lb"": ""2612""}"
lg_lacam_fork:tl_static,LaCAM + traffic load (static map from starts),den312d,den312d-random-1,50,2,30.0,solved,0.108592,0.026,2871,103,2771,2612,103,1.099158,0,,/home/carsten/Projects/MAPF/MAPF Evaluator/results/tlcpp-den312d/runs/lg_lacam_fork_tl_static/den312d/den312d-random-1_a50_s2_r0,2871,0.026,"{""agents"": ""50"", ""comp_time"": ""26"", ""makespan"": ""103"", ""makespan_lb"": ""103"", ""map_file"": ""den312d.map"", ""seed"": ""2"", ""soc"": ""2871"", ""soc_lb"": ""2612"", ""solved"": ""1"", ""solver"": ""planner"", ""sum_of_loss"": ""2780"", ""sum_of_loss_lb"": ""2612""}"
lg_lacam_fork:suo,LaCAM3 = SUO (first solution),den312d,den312d-random-1,50,0,30.0,solved,0.079474,0.012,2650,105,2650,2612,103,1.014548,0,,/home/carsten/Projects/MAPF/MAPF Evaluator/results/tlcpp-den312d/runs/lg_lacam_fork_suo/den312d/den312d-random-1_a50_s0_r0,2650,0.012,"{""agents"": ""50"", ""comp_time"": ""12"", ""makespan"": ""105"", ""makespan_lb"": ""103"", ""map_file"": ""den312d.map"", ""seed"": ""0"", ""soc"": ""2650"", ""soc_lb"": ""2612"", ""solved"": ""1"", ""solver"": ""planner"", ""sum_of_loss"": ""2650"", ""sum_of_loss_lb"": ""2612""}"
lg_lacam_fork:suo,LaCAM3 = SUO (first solution),den312d,den312d-random-1,50,1,30.0,solved,0.110866,0.036,2644,105,2644,2612,103,1.012251,0,,/home/carsten/Projects/MAPF/MAPF Evaluator/results/tlcpp-den312d/runs/lg_lacam_fork_suo/den312d/den312d-random-1_a50_s1_r0,2644,0.036,"{""agents"": ""50"", ""comp_time"": ""36"", ""makespan"": ""105"", ""makespan_lb"": ""103"", ""map_file"": ""den312d.map"", ""seed"": ""1"", ""soc"": ""2644"", ""soc_lb"": ""2612"", ""solved"": ""1"", ""solver"": ""planner"", ""sum_of_loss"": ""2644"", ""sum_of_loss_lb"": ""2612""}"
lg_lacam_fork:suo,LaCAM3 = SUO (first solution),den312d,den312d-random-1,50,2,30.0,solved,0.141845,0.03,2645,103,2645,2612,103,1.012634,0,,/home/carsten/Projects/MAPF/MAPF Evaluator/results/tlcpp-den312d/runs/lg_lacam_fork_suo/den312d/den312d-random-1_a50_s2_r0,2645,0.03,"{""agents"": ""50"", ""comp_time"": ""30"", ""makespan"": ""103"", ""makespan_lb"": ""103"", ""map_file"": ""den312d.map"", ""seed"": ""2"", ""soc"": ""2645"", ""soc_lb"": ""2612"", ""solved"": ""1"", ""solver"": ""planner"", ""sum_of_loss"": ""2645"", ""sum_of_loss_lb"": ""2612""}"
lg_lacam_fork:suo_tl,SUO + traffic load,den312d,den312d-random-1,50,1,30.0,solved,0.079992,0.049,2640,105,2640,2612,103,1.01072,0,,/home/carsten/Projects/MAPF/MAPF Evaluator/results/tlcpp-den312d/runs/lg_lacam_fork_suo_tl/den312d/den312d-random-1_a50_s1_r0,2640,0.049,"{""agents"": ""50"", ""comp_time"": ""49"", ""makespan"": ""105"", ""makespan_lb"": ""103"", ""map_file"": ""den312d.map"", ""seed"": ""1"", ""soc"": ""2640"", ""soc_lb"": ""2612"", ""solved"": ""1"", ""solver"": ""planner"", ""sum_of_loss"": ""2640"", ""sum_of_loss_lb"": ""2612""}"
lg_lacam_fork:suo_tl,SUO + traffic load,den312d,den312d-random-1,50,0,30.0,solved,0.204524,0.129,2651,105,2651,2612,103,1.014931,0,,/home/carsten/Projects/MAPF/MAPF Evaluator/results/tlcpp-den312d/runs/lg_lacam_fork_suo_tl/den312d/den312d-random-1_a50_s0_r0,2651,0.129,"{""agents"": ""50"", ""comp_time"": ""129"", ""makespan"": ""105"", ""makespan_lb"": ""103"", ""map_file"": ""den312d.map"", ""seed"": ""0"", ""soc"": ""2651"", ""soc_lb"": ""2612"", ""solved"": ""1"", ""solver"": ""planner"", ""sum_of_loss"": ""2651"", ""sum_of_loss_lb"": ""2612""}"
lg_lacam_fork:suo_tl,SUO + traffic load,den312d,den312d-random-1,50,2,30.0,solved,0.12123,0.049,2644,103,2644,2612,103,1.012251,0,,/home/carsten/Projects/MAPF/MAPF Evaluator/results/tlcpp-den312d/runs/lg_lacam_fork_suo_tl/den312d/den312d-random-1_a50_s2_r0,2644,0.049,"{""agents"": ""50"", ""comp_time"": ""49"", ""makespan"": ""103"", ""makespan_lb"": ""103"", ""map_file"": ""den312d.map"", ""seed"": ""2"", ""soc"": ""2644"", ""soc_lb"": ""2612"", ""solved"": ""1"", ""solver"": ""planner"", ""sum_of_loss"": ""2644"", ""sum_of_loss_lb"": ""2612""}"
lg_lacam_fork:lg,"LG-LaCAM (window 20, first solution)",den312d,den312d-random-1,50,0,30.0,solved,0.140713,0.094,2632,103,2632,2612,103,1.007657,0,,/home/carsten/Projects/MAPF/MAPF Evaluator/results/tlcpp-den312d/runs/lg_lacam_fork_lg/den312d/den312d-random-1_a50_s0_r0,2632,0.094,"{""agents"": ""50"", ""comp_time"": ""94"", ""makespan"": ""103"", ""makespan_lb"": ""103"", ""map_file"": ""den312d.map"", ""seed"": ""0"", ""soc"": ""2632"", ""soc_lb"": ""2612"", ""solved"": ""1"", ""solver"": ""planner"", ""sum_of_loss"": ""2632"", ""sum_of_loss_lb"": ""2612""}"
lg_lacam_fork:lg,"LG-LaCAM (window 20, first solution)",den312d,den312d-random-1,50,1,30.0,solved,0.115149,0.037,2630,103,2630,2612,103,1.006891,0,,/home/carsten/Projects/MAPF/MAPF Evaluator/results/tlcpp-den312d/runs/lg_lacam_fork_lg/den312d/den312d-random-1_a50_s1_r0,2630,0.037,"{""agents"": ""50"", ""comp_time"": ""37"", ""makespan"": ""103"", ""makespan_lb"": ""103"", ""map_file"": ""den312d.map"", ""seed"": ""1"", ""soc"": ""2630"", ""soc_lb"": ""2612"", ""solved"": ""1"", ""solver"": ""planner"", ""sum_of_loss"": ""2630"", ""sum_of_loss_lb"": ""2612""}"
lg_lacam_fork:lg,"LG-LaCAM (window 20, first solution)",den312d,den312d-random-1,50,2,30.0,solved,0.197553,0.081,2632,103,2632,2612,103,1.007657,0,,/home/carsten/Projects/MAPF/MAPF Evaluator/results/tlcpp-den312d/runs/lg_lacam_fork_lg/den312d/den312d-random-1_a50_s2_r0,2632,0.081,"{""agents"": ""50"", ""comp_time"": ""81"", ""makespan"": ""103"", ""makespan_lb"": ""103"", ""map_file"": ""den312d.map"", ""seed"": ""2"", ""soc"": ""2632"", ""soc_lb"": ""2612"", ""solved"": ""1"", ""solver"": ""planner"", ""sum_of_loss"": ""2632"", ""sum_of_loss_lb"": ""2612""}"
lg_lacam_fork:lg_tl,LG-LaCAM (window 20) + traffic load,den312d,den312d-random-1,50,0,30.0,solved,0.474122,0.414,2632,103,2632,2612,103,1.007657,0,,/home/carsten/Projects/MAPF/MAPF Evaluator/results/tlcpp-den312d/runs/lg_lacam_fork_lg_tl/den312d/den312d-random-1_a50_s0_r0,2632,0.414,"{""agents"": ""50"", ""comp_time"": ""414"", ""makespan"": ""103"", ""makespan_lb"": ""103"", ""map_file"": ""den312d.map"", ""seed"": ""0"", ""soc"": ""2632"", ""soc_lb"": ""2612"", ""solved"": ""1"", ""solver"": ""planner"", ""sum_of_loss"": ""2632"", ""sum_of_loss_lb"": ""2612""}"
lg_lacam_fork:lg_tl,LG-LaCAM (window 20) + traffic load,den312d,den312d-random-1,50,1,30.0,solved,0.189207,0.093,2630,103,2630,2612,103,1.006891,0,,/home/carsten/Projects/MAPF/MAPF Evaluator/results/tlcpp-den312d/runs/lg_lacam_fork_lg_tl/den312d/den312d-random-1_a50_s1_r0,2630,0.093,"{""agents"": ""50"", ""comp_time"": ""93"", ""makespan"": ""103"", ""makespan_lb"": ""103"", ""map_file"": ""den312d.map"", ""seed"": ""1"", ""soc"": ""2630"", ""soc_lb"": ""2612"", ""solved"": ""1"", ""solver"": ""planner"", ""sum_of_loss"": ""2630"", ""sum_of_loss_lb"": ""2612""}"
lg_lacam_fork:lg_tl,LG-LaCAM (window 20) + traffic load,den312d,den312d-random-1,50,2,30.0,solved,0.161115,0.118,2632,103,2632,2612,103,1.007657,0,,/home/carsten/Projects/MAPF/MAPF Evaluator/results/tlcpp-den312d/runs/lg_lacam_fork_lg_tl/den312d/den312d-random-1_a50_s2_r0,2632,0.118,"{""agents"": ""50"", ""comp_time"": ""118"", ""makespan"": ""103"", ""makespan_lb"": ""103"", ""map_file"": ""den312d.map"", ""seed"": ""2"", ""soc"": ""2632"", ""soc_lb"": ""2612"", ""solved"": ""1"", ""solver"": ""planner"", ""sum_of_loss"": ""2632"", ""sum_of_loss_lb"": ""2612""}"
lg_lacam_fork:lg_suo,LG-LaCAM (window 20) + SUO,den312d,den312d-random-1,50,1,30.0,solved,0.114182,0.063,2639,105,2639,2612,103,1.010337,0,,/home/carsten/Projects/MAPF/MAPF Evaluator/results/tlcpp-den312d/runs/lg_lacam_fork_lg_suo/den312d/den312d-random-1_a50_s1_r0,2639,0.063,"{""agents"": ""50"", ""comp_time"": ""63"", ""makespan"": ""105"", ""makespan_lb"": ""103"", ""map_file"": ""den312d.map"", ""seed"": ""1"", ""soc"": ""2639"", ""soc_lb"": ""2612"", ""solved"": ""1"", ""solver"": ""planner"", ""sum_of_loss"": ""2639"", ""sum_of_loss_lb"": ""2612""}"
lg_lacam_fork:lg_suo,LG-LaCAM (window 20) + SUO,den312d,den312d-random-1,50,0,30.0,solved,0.147827,0.105,2629,103,2629,2612,103,1.006508,0,,/home/carsten/Projects/MAPF/MAPF Evaluator/results/tlcpp-den312d/runs/lg_lacam_fork_lg_suo/den312d/den312d-random-1_a50_s0_r0,2629,0.105,"{""agents"": ""50"", ""comp_time"": ""105"", ""makespan"": ""103"", ""makespan_lb"": ""103"", ""map_file"": ""den312d.map"", ""seed"": ""0"", ""soc"": ""2629"", ""soc_lb"": ""2612"", ""solved"": ""1"", ""solver"": ""planner"", ""sum_of_loss"": ""2629"", ""sum_of_loss_lb"": ""2612""}"
lg_lacam_fork:lg_suo,LG-LaCAM (window 20) + SUO,den312d,den312d-random-1,50,2,30.0,solved,0.194399,0.092,2628,103,2628,2612,103,1.006126,0,,/home/carsten/Projects/MAPF/MAPF Evaluator/results/tlcpp-den312d/runs/lg_lacam_fork_lg_suo/den312d/den312d-random-1_a50_s2_r0,2628,0.092,"{""agents"": ""50"", ""comp_time"": ""92"", ""makespan"": ""103"", ""makespan_lb"": ""103"", ""map_file"": ""den312d.map"", ""seed"": ""2"", ""soc"": ""2628"", ""soc_lb"": ""2612"", ""solved"": ""1"", ""solver"": ""planner"", ""sum_of_loss"": ""2628"", ""sum_of_loss_lb"": ""2612""}"
lg_lacam_fork:lg_suo_tl,LG-LaCAM (window 20) + SUO + traffic load,den312d,den312d-random-1,50,0,30.0,solved,0.150308,0.056,2629,103,2629,2612,103,1.006508,0,,/home/carsten/Projects/MAPF/MAPF Evaluator/results/tlcpp-den312d/runs/lg_lacam_fork_lg_suo_tl/den312d/den312d-random-1_a50_s0_r0,2629,0.056,"{""agents"": ""50"", ""comp_time"": ""56"", ""makespan"": ""103"", ""makespan_lb"": ""103"", ""map_file"": ""den312d.map"", ""seed"": ""0"", ""soc"": ""2629"", ""soc_lb"": ""2612"", ""solved"": ""1"", ""solver"": ""planner"", ""sum_of_loss"": ""2629"", ""sum_of_loss_lb"": ""2612""}"
lg_lacam_fork:lg_suo_tl,LG-LaCAM (window 20) + SUO + traffic load,den312d,den312d-random-1,50,2,30.0,solved,0.157248,0.083,2628,103,2628,2612,103,1.006126,0,,/home/carsten/Projects/MAPF/MAPF Evaluator/results/tlcpp-den312d/runs/lg_lacam_fork_lg_suo_tl/den312d/den312d-random-1_a50_s2_r0,2628,0.083,"{""agents"": ""50"", ""comp_time"": ""83"", ""makespan"": ""103"", ""makespan_lb"": ""103"", ""map_file"": ""den312d.map"", ""seed"": ""2"", ""soc"": ""2628"", ""soc_lb"": ""2612"", ""solved"": ""1"", ""solver"": ""planner"", ""sum_of_loss"": ""2628"", ""sum_of_loss_lb"": ""2612""}"
lg_lacam_fork:lg_suo_tl,LG-LaCAM (window 20) + SUO + traffic load,den312d,den312d-random-1,50,1,30.0,solved,0.283441,0.207,2639,105,2639,2612,103,1.010337,0,,/home/carsten/Projects/MAPF/MAPF Evaluator/results/tlcpp-den312d/runs/lg_lacam_fork_lg_suo_tl/den312d/den312d-random-1_a50_s1_r0,2639,0.207,"{""agents"": ""50"", ""comp_time"": ""207"", ""makespan"": ""105"", ""makespan_lb"": ""103"", ""map_file"": ""den312d.map"", ""seed"": ""1"", ""soc"": ""2639"", ""soc_lb"": ""2612"", ""solved"": ""1"", ""solver"": ""planner"", ""sum_of_loss"": ""2639"", ""sum_of_loss_lb"": ""2612""}"
lg_lacam_fork:lacam,"LaCAM (no guidance, first solution)",den312d,den312d-random-1,100,0,30.0,solved,0.073245,0.023,6843,121,5912,5313,121,1.287973,0,,/home/carsten/Projects/MAPF/MAPF Evaluator/results/tlcpp-den312d/runs/lg_lacam_fork_lacam/den312d/den312d-random-1_a100_s0_r0,6843,0.023,"{""agents"": ""100"", ""comp_time"": ""23"", ""makespan"": ""121"", ""makespan_lb"": ""121"", ""map_file"": ""den312d.map"", ""seed"": ""0"", ""soc"": ""6843"", ""soc_lb"": ""5313"", ""solved"": ""1"", ""solver"": ""planner"", ""sum_of_loss"": ""5956"", ""sum_of_loss_lb"": ""5313""}"
lg_lacam_fork:lacam,"LaCAM (no guidance, first solution)",den312d,den312d-random-1,100,1,30.0,solved,0.137207,0.035,6737,121,6001,5313,121,1.268022,0,,/home/carsten/Projects/MAPF/MAPF Evaluator/results/tlcpp-den312d/runs/lg_lacam_fork_lacam/den312d/den312d-random-1_a100_s1_r0,6737,0.035,"{""agents"": ""100"", ""comp_time"": ""35"", ""makespan"": ""121"", ""makespan_lb"": ""121"", ""map_file"": ""den312d.map"", ""seed"": ""1"", ""soc"": ""6737"", ""soc_lb"": ""5313"", ""solved"": ""1"", ""solver"": ""planner"", ""sum_of_loss"": ""6049"", ""sum_of_loss_lb"": ""5313""}"
lg_lacam_fork:lacam,"LaCAM (no guidance, first solution)",den312d,den312d-random-1,100,2,30.0,solved,0.068641,0.007,6459,121,5848,5313,121,1.215697,0,,/home/carsten/Projects/MAPF/MAPF Evaluator/results/tlcpp-den312d/runs/lg_lacam_fork_lacam/den312d/den312d-random-1_a100_s2_r0,6459,0.007,"{""agents"": ""100"", ""comp_time"": ""7"", ""makespan"": ""121"", ""makespan_lb"": ""121"", ""map_file"": ""den312d.map"", ""seed"": ""2"", ""soc"": ""6459"", ""soc_lb"": ""5313"", ""solved"": ""1"", ""solver"": ""planner"", ""sum_of_loss"": ""5887"", ""sum_of_loss_lb"": ""5313""}"
lg_lacam_fork:tl,"LaCAM + traffic load (tie-break, per config)",den312d,den312d-random-1,100,0,30.0,solved,0.090079,0.025,6215,121,5634,5313,121,1.169772,0,,/home/carsten/Projects/MAPF/MAPF Evaluator/results/tlcpp-den312d/runs/lg_lacam_fork_tl/den312d/den312d-random-1_a100_s0_r0,6215,0.025,"{""agents"": ""100"", ""comp_time"": ""25"", ""makespan"": ""121"", ""makespan_lb"": ""121"", ""map_file"": ""den312d.map"", ""seed"": ""0"", ""soc"": ""6215"", ""soc_lb"": ""5313"", ""solved"": ""1"", ""solver"": ""planner"", ""sum_of_loss"": ""5664"", ""sum_of_loss_lb"": ""5313""}"
lg_lacam_fork:tl,"LaCAM + traffic load (tie-break, per config)",den312d,den312d-random-1,100,1,30.0,solved,0.136363,0.016,6181,121,5654,5313,121,1.163373,0,,/home/carsten/Projects/MAPF/MAPF Evaluator/results/tlcpp-den312d/runs/lg_lacam_fork_tl/den312d/den312d-random-1_a100_s1_r0,6181,0.016,"{""agents"": ""100"", ""comp_time"": ""16"", ""makespan"": ""121"", ""makespan_lb"": ""121"", ""map_file"": ""den312d.map"", ""seed"": ""1"", ""soc"": ""6181"", ""soc_lb"": ""5313"", ""solved"": ""1"", ""solver"": ""planner"", ""sum_of_loss"": ""5687"", ""sum_of_loss_lb"": ""5313""}"
lg_lacam_fork:tl,"LaCAM + traffic load (tie-break, per config)",den312d,den312d-random-1,100,2,30.0,solved,0.068782,0.028,6306,121,5640,5313,121,1.1869,0,,/home/carsten/Projects/MAPF/MAPF Evaluator/results/tlcpp-den312d/runs/lg_lacam_fork_tl/den312d/den312d-random-1_a100_s2_r0,6306,0.028,"{""agents"": ""100"", ""comp_time"": ""28"", ""makespan"": ""121"", ""makespan_lb"": ""121"", ""map_file"": ""den312d.map"", ""seed"": ""2"", ""soc"": ""6306"", ""soc_lb"": ""5313"", ""solved"": ""1"", ""solver"": ""planner"", ""sum_of_loss"": ""5673"", ""sum_of_loss_lb"": ""5313""}"
lg_lacam_fork:tl_agent,"LaCAM + traffic load (tie-break, per agent)",den312d,den312d-random-1,100,1,30.0,solved,0.120608,0.06,6262,121,5635,5313,121,1.178618,0,,/home/carsten/Projects/MAPF/MAPF Evaluator/results/tlcpp-den312d/runs/lg_lacam_fork_tl_agent/den312d/den312d-random-1_a100_s1_r0,6262,0.06,"{""agents"": ""100"", ""comp_time"": ""60"", ""makespan"": ""121"", ""makespan_lb"": ""121"", ""map_file"": ""den312d.map"", ""seed"": ""1"", ""soc"": ""6262"", ""soc_lb"": ""5313"", ""solved"": ""1"", ""solver"": ""planner"", ""sum_of_loss"": ""5667"", ""sum_of_loss_lb"": ""5313""}"
lg_lacam_fork:tl_agent,"LaCAM + traffic load (tie-break, per agent)",den312d,den312d-random-1,100,0,30.0,solved,0.111751,0.055,6321,121,5637,5313,121,1.189723,0,,/home/carsten/Projects/MAPF/MAPF Evaluator/results/tlcpp-den312d/runs/lg_lacam_fork_tl_agent/den312d/den312d-random-1_a100_s0_r0,6321,0.055,"{""agents"": ""100"", ""comp_time"": ""55"", ""makespan"": ""121"", ""makespan_lb"": ""121"", ""map_file"": ""den312d.map"", ""seed"": ""0"", ""soc"": ""6321"", ""soc_lb"": ""5313"", ""solved"": ""1"", ""solver"": ""planner"", ""sum_of_loss"": ""5670"", ""sum_of_loss_lb"": ""5313""}"
lg_lacam_fork:tl_agent,"LaCAM + traffic load (tie-break, per agent)",den312d,den312d-random-1,100,2,30.0,solved,0.130816,0.081,6239,121,5637,5313,121,1.174289,0,,/home/carsten/Projects/MAPF/MAPF Evaluator/results/tlcpp-den312d/runs/lg_lacam_fork_tl_agent/den312d/den312d-random-1_a100_s2_r0,6239,0.081,"{""agents"": ""100"", ""comp_time"": ""81"", ""makespan"": ""121"", ""makespan_lb"": ""121"", ""map_file"": ""den312d.map"", ""seed"": ""2"", ""soc"": ""6239"", ""soc_lb"": ""5313"", ""solved"": ""1"", ""solver"": ""planner"", ""sum_of_loss"": ""5668"", ""sum_of_loss_lb"": ""5313""}"
lg_lacam_fork:tl_static,LaCAM + traffic load (static map from starts),den312d,den312d-random-1,100,0,30.0,solved,0.154454,0.085,6664,121,5991,5313,121,1.254282,0,,/home/carsten/Projects/MAPF/MAPF Evaluator/results/tlcpp-den312d/runs/lg_lacam_fork_tl_static/den312d/den312d-random-1_a100_s0_r0,6664,0.085,"{""agents"": ""100"", ""comp_time"": ""85"", ""makespan"": ""121"", ""makespan_lb"": ""121"", ""map_file"": ""den312d.map"", ""seed"": ""0"", ""soc"": ""6664"", ""soc_lb"": ""5313"", ""solved"": ""1"", ""solver"": ""planner"", ""sum_of_loss"": ""6030"", ""sum_of_loss_lb"": ""5313""}"
lg_lacam_fork:tl_static,LaCAM + traffic load (static map from starts),den312d,den312d-random-1,100,1,30.0,solved,0.09505,0.064,6637,121,5950,5313,121,1.2492,0,,/home/carsten/Projects/MAPF/MAPF Evaluator/results/tlcpp-den312d/runs/lg_lacam_fork_tl_static/den312d/den312d-random-1_a100_s1_r0,6637,0.064,"{""agents"": ""100"", ""comp_time"": ""64"", ""makespan"": ""121"", ""makespan_lb"": ""121"", ""map_file"": ""den312d.map"", ""seed"": ""1"", ""soc"": ""6637"", ""soc_lb"": ""5313"", ""solved"": ""1"", ""solver"": ""planner"", ""sum_of_loss"": ""5983"", ""sum_of_loss_lb"": ""5313""}"
lg_lacam_fork:tl_static,LaCAM + traffic load (static map from starts),den312d,den312d-random-1,100,2,30.0,solved,0.092931,0.056,6690,121,6035,5313,121,1.259176,0,,/home/carsten/Projects/MAPF/MAPF Evaluator/results/tlcpp-den312d/runs/lg_lacam_fork_tl_static/den312d/den312d-random-1_a100_s2_r0,6690,0.056,"{""agents"": ""100"", ""comp_time"": ""56"", ""makespan"": ""121"", ""makespan_lb"": ""121"", ""map_file"": ""den312d.map"", ""seed"": ""2"", ""soc"": ""6690"", ""soc_lb"": ""5313"", ""solved"": ""1"", ""solver"": ""planner"", ""sum_of_loss"": ""6075"", ""sum_of_loss_lb"": ""5313""}"
lg_lacam_fork:suo,LaCAM3 = SUO (first solution),den312d,den312d-random-1,100,0,30.0,solved,0.200479,0.106,5595,125,5503,5313,121,1.053077,0,,/home/carsten/Projects/MAPF/MAPF Evaluator/results/tlcpp-den312d/runs/lg_lacam_fork_suo/den312d/den312d-random-1_a100_s0_r0,5595,0.106,"{""agents"": ""100"", ""comp_time"": ""106"", ""makespan"": ""125"", ""makespan_lb"": ""121"", ""map_file"": ""den312d.map"", ""seed"": ""0"", ""soc"": ""5595"", ""soc_lb"": ""5313"", ""solved"": ""1"", ""solver"": ""planner"", ""sum_of_loss"": ""5507"", ""sum_of_loss_lb"": ""5313""}"
lg_lacam_fork:suo,LaCAM3 = SUO (first solution),den312d,den312d-random-1,100,1,30.0,solved,0.398832,0.187,5491,121,5491,5313,121,1.033503,0,,/home/carsten/Projects/MAPF/MAPF Evaluator/results/tlcpp-den312d/runs/lg_lacam_fork_suo/den312d/den312d-random-1_a100_s1_r0,5491,0.187,"{""agents"": ""100"", ""comp_time"": ""187"", ""makespan"": ""121"", ""makespan_lb"": ""121"", ""map_file"": ""den312d.map"", ""seed"": ""1"", ""soc"": ""5491"", ""soc_lb"": ""5313"", ""solved"": ""1"", ""solver"": ""planner"", ""sum_of_loss"": ""5491"", ""sum_of_loss_lb"": ""5313""}"
lg_lacam_fork:suo_tl,SUO + traffic load,den312d,den312d-random-1,100,0,30.0,solved,0.185872,0.082,5511,125,5504,5313,121,1.037267,0,,/home/carsten/Projects/MAPF/MAPF Evaluator/results/tlcpp-den312d/runs/lg_lacam_fork_suo_tl/den312d/den312d-random-1_a100_s0_r0,5511,0.082,"{""agents"": ""100"", ""comp_time"": ""82"", ""makespan"": ""125"", ""makespan_lb"": ""121"", ""map_file"": ""den312d.map"", ""seed"": ""0"", ""soc"": ""5511"", ""soc_lb"": ""5313"", ""solved"": ""1"", ""solver"": ""planner"", ""sum_of_loss"": ""5505"", ""sum_of_loss_lb"": ""5313""}"
lg_lacam_fork:suo,LaCAM3 = SUO (first solution),den312d,den312d-random-1,100,2,30.0,solved,0.405064,0.268,5591,123,5552,5313,121,1.052324,0,,/home/carsten/Projects/MAPF/MAPF Evaluator/results/tlcpp-den312d/runs/lg_lacam_fork_suo/den312d/den312d-random-1_a100_s2_r0,5591,0.268,"{""agents"": ""100"", ""comp_time"": ""268"", ""makespan"": ""123"", ""makespan_lb"": ""121"", ""map_file"": ""den312d.map"", ""seed"": ""2"", ""soc"": ""5591"", ""soc_lb"": ""5313"", ""solved"": ""1"", ""solver"": ""planner"", ""sum_of_loss"": ""5555"", ""sum_of_loss_lb"": ""5313""}"
lg_lacam_fork:suo_tl,SUO + traffic load,den312d,den312d-random-1,100,1,30.0,solved,0.226362,0.082,5453,121,5453,5313,121,1.02635,0,,/home/carsten/Projects/MAPF/MAPF Evaluator/results/tlcpp-den312d/runs/lg_lacam_fork_suo_tl/den312d/den312d-random-1_a100_s1_r0,5453,0.082,"{""agents"": ""100"", ""comp_time"": ""82"", ""makespan"": ""121"", ""makespan_lb"": ""121"", ""map_file"": ""den312d.map"", ""seed"": ""1"", ""soc"": ""5453"", ""soc_lb"": ""5313"", ""solved"": ""1"", ""solver"": ""planner"", ""sum_of_loss"": ""5453"", ""sum_of_loss_lb"": ""5313""}"
lg_lacam_fork:suo_tl,SUO + traffic load,den312d,den312d-random-1,100,2,30.0,solved,0.132835,0.071,5601,123,5513,5313,121,1.054207,0,,/home/carsten/Projects/MAPF/MAPF Evaluator/results/tlcpp-den312d/runs/lg_lacam_fork_suo_tl/den312d/den312d-random-1_a100_s2_r0,5601,0.071,"{""agents"": ""100"", ""comp_time"": ""71"", ""makespan"": ""123"", ""makespan_lb"": ""121"", ""map_file"": ""den312d.map"", ""seed"": ""2"", ""soc"": ""5601"", ""soc_lb"": ""5313"", ""solved"": ""1"", ""solver"": ""planner"", ""sum_of_loss"": ""5516"", ""sum_of_loss_lb"": ""5313""}"
lg_lacam_fork:lg,"LG-LaCAM (window 20, first solution)",den312d,den312d-random-1,100,1,30.0,solved,0.161964,0.083,5426,123,5407,5313,121,1.021269,0,,/home/carsten/Projects/MAPF/MAPF Evaluator/results/tlcpp-den312d/runs/lg_lacam_fork_lg/den312d/den312d-random-1_a100_s1_r0,5426,0.083,"{""agents"": ""100"", ""comp_time"": ""83"", ""makespan"": ""123"", ""makespan_lb"": ""121"", ""map_file"": ""den312d.map"", ""seed"": ""1"", ""soc"": ""5426"", ""soc_lb"": ""5313"", ""solved"": ""1"", ""solver"": ""planner"", ""sum_of_loss"": ""5408"", ""sum_of_loss_lb"": ""5313""}"
lg_lacam_fork:lg,"LG-LaCAM (window 20, first solution)",den312d,den312d-random-1,100,0,30.0,solved,0.167676,0.111,5425,123,5406,5313,121,1.02108,0,,/home/carsten/Projects/MAPF/MAPF Evaluator/results/tlcpp-den312d/runs/lg_lacam_fork_lg/den312d/den312d-random-1_a100_s0_r0,5425,0.111,"{""agents"": ""100"", ""comp_time"": ""111"", ""makespan"": ""123"", ""makespan_lb"": ""121"", ""map_file"": ""den312d.map"", ""seed"": ""0"", ""soc"": ""5425"", ""soc_lb"": ""5313"", ""solved"": ""1"", ""solver"": ""planner"", ""sum_of_loss"": ""5407"", ""sum_of_loss_lb"": ""5313""}"
lg_lacam_fork:lg,"LG-LaCAM (window 20, first solution)",den312d,den312d-random-1,100,2,30.0,solved,0.130264,0.077,5433,123,5414,5313,121,1.022586,0,,/home/carsten/Projects/MAPF/MAPF Evaluator/results/tlcpp-den312d/runs/lg_lacam_fork_lg/den312d/den312d-random-1_a100_s2_r0,5433,0.077,"{""agents"": ""100"", ""comp_time"": ""77"", ""makespan"": ""123"", ""makespan_lb"": ""121"", ""map_file"": ""den312d.map"", ""seed"": ""2"", ""soc"": ""5433"", ""soc_lb"": ""5313"", ""solved"": ""1"", ""solver"": ""planner"", ""sum_of_loss"": ""5415"", ""sum_of_loss_lb"": ""5313""}"
lg_lacam_fork:lg_tl,LG-LaCAM (window 20) + traffic load,den312d,den312d-random-1,100,0,30.0,solved,0.209912,0.138,5425,123,5406,5313,121,1.02108,0,,/home/carsten/Projects/MAPF/MAPF Evaluator/results/tlcpp-den312d/runs/lg_lacam_fork_lg_tl/den312d/den312d-random-1_a100_s0_r0,5425,0.138,"{""agents"": ""100"", ""comp_time"": ""138"", ""makespan"": ""123"", ""makespan_lb"": ""121"", ""map_file"": ""den312d.map"", ""seed"": ""0"", ""soc"": ""5425"", ""soc_lb"": ""5313"", ""solved"": ""1"", ""solver"": ""planner"", ""sum_of_loss"": ""5407"", ""sum_of_loss_lb"": ""5313""}"
lg_lacam_fork:lg_tl,LG-LaCAM (window 20) + traffic load,den312d,den312d-random-1,100,2,30.0,solved,0.304211,0.196,5439,123,5420,5313,121,1.023715,0,,/home/carsten/Projects/MAPF/MAPF Evaluator/results/tlcpp-den312d/runs/lg_lacam_fork_lg_tl/den312d/den312d-random-1_a100_s2_r0,5439,0.196,"{""agents"": ""100"", ""comp_time"": ""196"", ""makespan"": ""123"", ""makespan_lb"": ""121"", ""map_file"": ""den312d.map"", ""seed"": ""2"", ""soc"": ""5439"", ""soc_lb"": ""5313"", ""solved"": ""1"", ""solver"": ""planner"", ""sum_of_loss"": ""5421"", ""sum_of_loss_lb"": ""5313""}"
lg_lacam_fork:lg_suo,LG-LaCAM (window 20) + SUO,den312d,den312d-random-1,100,0,30.0,solved,0.217811,0.136,5427,123,5420,5313,121,1.021457,0,,/home/carsten/Projects/MAPF/MAPF Evaluator/results/tlcpp-den312d/runs/lg_lacam_fork_lg_suo/den312d/den312d-random-1_a100_s0_r0,5427,0.136,"{""agents"": ""100"", ""comp_time"": ""136"", ""makespan"": ""123"", ""makespan_lb"": ""121"", ""map_file"": ""den312d.map"", ""seed"": ""0"", ""soc"": ""5427"", ""soc_lb"": ""5313"", ""solved"": ""1"", ""solver"": ""planner"", ""sum_of_loss"": ""5421"", ""sum_of_loss_lb"": ""5313""}"
lg_lacam_fork:lg_tl,LG-LaCAM (window 20) + traffic load,den312d,den312d-random-1,100,1,30.0,solved,0.246869,0.113,5426,123,5407,5313,121,1.021269,0,,/home/carsten/Projects/MAPF/MAPF Evaluator/results/tlcpp-den312d/runs/lg_lacam_fork_lg_tl/den312d/den312d-random-1_a100_s1_r0,5426,0.113,"{""agents"": ""100"", ""comp_time"": ""113"", ""makespan"": ""123"", ""makespan_lb"": ""121"", ""map_file"": ""den312d.map"", ""seed"": ""1"", ""soc"": ""5426"", ""soc_lb"": ""5313"", ""solved"": ""1"", ""solver"": ""planner"", ""sum_of_loss"": ""5408"", ""sum_of_loss_lb"": ""5313""}"
lg_lacam_fork:lg_suo,LG-LaCAM (window 20) + SUO,den312d,den312d-random-1,100,1,30.0,solved,0.467665,0.339,5430,123,5430,5313,121,1.022021,0,,/home/carsten/Projects/MAPF/MAPF Evaluator/results/tlcpp-den312d/runs/lg_lacam_fork_lg_suo/den312d/den312d-random-1_a100_s1_r0,5430,0.339,"{""agents"": ""100"", ""comp_time"": ""339"", ""makespan"": ""123"", ""makespan_lb"": ""121"", ""map_file"": ""den312d.map"", ""seed"": ""1"", ""soc"": ""5430"", ""soc_lb"": ""5313"", ""solved"": ""1"", ""solver"": ""planner"", ""sum_of_loss"": ""5430"", ""sum_of_loss_lb"": ""5313""}"
lg_lacam_fork:lg_suo_tl,LG-LaCAM (window 20) + SUO + traffic load,den312d,den312d-random-1,100,1,30.0,solved,0.161237,0.086,5437,123,5437,5313,121,1.023339,0,,/home/carsten/Projects/MAPF/MAPF Evaluator/results/tlcpp-den312d/runs/lg_lacam_fork_lg_suo_tl/den312d/den312d-random-1_a100_s1_r0,5437,0.086,"{""agents"": ""100"", ""comp_time"": ""86"", ""makespan"": ""123"", ""makespan_lb"": ""121"", ""map_file"": ""den312d.map"", ""seed"": ""1"", ""soc"": ""5437"", ""soc_lb"": ""5313"", ""solved"": ""1"", ""solver"": ""planner"", ""sum_of_loss"": ""5437"", ""sum_of_loss_lb"": ""5313""}"
lg_lacam_fork:lg_suo,LG-LaCAM (window 20) + SUO,den312d,den312d-random-1,100,2,30.0,solved,0.236764,0.097,5419,123,5419,5313,121,1.019951,0,,/home/carsten/Projects/MAPF/MAPF Evaluator/results/tlcpp-den312d/runs/lg_lacam_fork_lg_suo/den312d/den312d-random-1_a100_s2_r0,5419,0.097,"{""agents"": ""100"", ""comp_time"": ""97"", ""makespan"": ""123"", ""makespan_lb"": ""121"", ""map_file"": ""den312d.map"", ""seed"": ""2"", ""soc"": ""5419"", ""soc_lb"": ""5313"", ""solved"": ""1"", ""solver"": ""planner"", ""sum_of_loss"": ""5419"", ""sum_of_loss_lb"": ""5313""}"
lg_lacam_fork:lg_suo_tl,LG-LaCAM (window 20) + SUO + traffic load,den312d,den312d-random-1,100,2,30.0,solved,0.320184,0.206,5419,123,5419,5313,121,1.019951,0,,/home/carsten/Projects/MAPF/MAPF Evaluator/results/tlcpp-den312d/runs/lg_lacam_fork_lg_suo_tl/den312d/den312d-random-1_a100_s2_r0,5419,0.206,"{""agents"": ""100"", ""comp_time"": ""206"", ""makespan"": ""123"", ""makespan_lb"": ""121"", ""map_file"": ""den312d.map"", ""seed"": ""2"", ""soc"": ""5419"", ""soc_lb"": ""5313"", ""solved"": ""1"", ""solver"": ""planner"", ""sum_of_loss"": ""5419"", ""sum_of_loss_lb"": ""5313""}"
lg_lacam_fork:lg_suo_tl,LG-LaCAM (window 20) + SUO + traffic load,den312d,den312d-random-1,100,0,30.0,solved,0.854121,0.704,5431,123,5424,5313,121,1.02221,0,,/home/carsten/Projects/MAPF/MAPF Evaluator/results/tlcpp-den312d/runs/lg_lacam_fork_lg_suo_tl/den312d/den312d-random-1_a100_s0_r0,5431,0.704,"{""agents"": ""100"", ""comp_time"": ""704"", ""makespan"": ""123"", ""makespan_lb"": ""121"", ""map_file"": ""den312d.map"", ""seed"": ""0"", ""soc"": ""5431"", ""soc_lb"": ""5313"", ""solved"": ""1"", ""solver"": ""planner"", ""sum_of_loss"": ""5425"", ""sum_of_loss_lb"": ""5313""}"
lg_lacam_fork:lacam,"LaCAM (no guidance, first solution)",den312d,den312d-random-1,150,0,30.0,solved,0.133873,0.029,10853,121,9148,7801,121,1.391232,0,,/home/carsten/Projects/MAPF/MAPF Evaluator/results/tlcpp-den312d/runs/lg_lacam_fork_lacam/den312d/den312d-random-1_a150_s0_r0,10853,0.029,"{""agents"": ""150"", ""comp_time"": ""29"", ""makespan"": ""121"", ""makespan_lb"": ""121"", ""map_file"": ""den312d.map"", ""seed"": ""0"", ""soc"": ""10853"", ""soc_lb"": ""7801"", ""solved"": ""1"", ""solver"": ""planner"", ""sum_of_loss"": ""9265"", ""sum_of_loss_lb"": ""7801""}"
lg_lacam_fork:lacam,"LaCAM (no guidance, first solution)",den312d,den312d-random-1,150,1,30.0,solved,0.213791,0.036,10822,121,9241,7801,121,1.387258,0,,/home/carsten/Projects/MAPF/MAPF Evaluator/results/tlcpp-den312d/runs/lg_lacam_fork_lacam/den312d/den312d-random-1_a150_s1_r0,10822,0.036,"{""agents"": ""150"", ""comp_time"": ""36"", ""makespan"": ""121"", ""makespan_lb"": ""121"", ""map_file"": ""den312d.map"", ""seed"": ""1"", ""soc"": ""10822"", ""soc_lb"": ""7801"", ""solved"": ""1"", ""solver"": ""planner"", ""sum_of_loss"": ""9367"", ""sum_of_loss_lb"": ""7801""}"
lg_lacam_fork:lacam,"LaCAM (no guidance, first solution)",den312d,den312d-random-1,150,2,30.0,solved,0.258792,0.09,10745,121,9145,7801,121,1.377388,0,,/home/carsten/Projects/MAPF/MAPF Evaluator/results/tlcpp-den312d/runs/lg_lacam_fork_lacam/den312d/den312d-random-1_a150_s2_r0,10745,0.09,"{""agents"": ""150"", ""comp_time"": ""90"", ""makespan"": ""121"", ""makespan_lb"": ""121"", ""map_file"": ""den312d.map"", ""seed"": ""2"", ""soc"": ""10745"", ""soc_lb"": ""7801"", ""solved"": ""1"", ""solver"": ""planner"", ""sum_of_loss"": ""9253"", ""sum_of_loss_lb"": ""7801""}"
lg_lacam_fork:tl,"LaCAM + traffic load (tie-break, per config)",den312d,den312d-random-1,150,0,30.0,solved,0.119099,0.069,9888,121,8595,7801,121,1.26753,0,,/home/carsten/Projects/MAPF/MAPF Evaluator/results/tlcpp-den312d/runs/lg_lacam_fork_tl/den312d/den312d-random-1_a150_s0_r0,9888,0.069,"{""agents"": ""150"", ""comp_time"": ""69"", ""makespan"": ""121"", ""makespan_lb"": ""121"", ""map_file"": ""den312d.map"", ""seed"": ""0"", ""soc"": ""9888"", ""soc_lb"": ""7801"", ""solved"": ""1"", ""solver"": ""planner"", ""sum_of_loss"": ""8701"", ""sum_of_loss_lb"": ""7801""}"
lg_lacam_fork:tl,"LaCAM + traffic load (tie-break, per config)",den312d,den312d-random-1,150,1,30.0,solved,0.162481,0.089,9793,121,8598,7801,121,1.255352,0,,/home/carsten/Projects/MAPF/MAPF Evaluator/results/tlcpp-den312d/runs/lg_lacam_fork_tl/den312d/den312d-random-1_a150_s1_r0,9793,0.089,"{""agents"": ""150"", ""comp_time"": ""89"", ""makespan"": ""121"", ""makespan_lb"": ""121"", ""map_file"": ""den312d.map"", ""seed"": ""1"", ""soc"": ""9793"", ""soc_lb"": ""7801"", ""solved"": ""1"", ""solver"": ""planner"", ""sum_of_loss"": ""8690"", ""sum_of_loss_lb"": ""7801""}"
lg_lacam_fork:tl,"LaCAM + traffic load (tie-break, per config)",den312d,den312d-random-1,150,2,30.0,solved,0.26513,0.131,9860,121,8615,7801,121,1.263941,0,,/home/carsten/Projects/MAPF/MAPF Evaluator/results/tlcpp-den312d/runs/lg_lacam_fork_tl/den312d/den312d-random-1_a150_s2_r0,9860,0.131,"{""agents"": ""150"", ""comp_time"": ""131"", ""makespan"": ""121"", ""makespan_lb"": ""121"", ""map_file"": ""den312d.map"", ""seed"": ""2"", ""soc"": ""9860"", ""soc_lb"": ""7801"", ""solved"": ""1"", ""solver"": ""planner"", ""sum_of_loss"": ""8708"", ""sum_of_loss_lb"": ""7801""}"
lg_lacam_fork:tl_agent,"LaCAM + traffic load (tie-break, per agent)",den312d,den312d-random-1,150,0,30.0,solved,0.176667,0.084,10010,121,8696,7801,121,1.283169,0,,/home/carsten/Projects/MAPF/MAPF Evaluator/results/tlcpp-den312d/runs/lg_lacam_fork_tl_agent/den312d/den312d-random-1_a150_s0_r0,10010,0.084,"{""agents"": ""150"", ""comp_time"": ""84"", ""makespan"": ""121"", ""makespan_lb"": ""121"", ""map_file"": ""den312d.map"", ""seed"": ""0"", ""soc"": ""10010"", ""soc_lb"": ""7801"", ""solved"": ""1"", ""solver"": ""planner"", ""sum_of_loss"": ""8795"", ""sum_of_loss_lb"": ""7801""}"
lg_lacam_fork:tl_agent,"LaCAM + traffic load (tie-break, per agent)",den312d,den312d-random-1,150,1,30.0,solved,0.186621,0.102,9769,121,8673,7801,121,1.252275,0,,/home/carsten/Projects/MAPF/MAPF Evaluator/results/tlcpp-den312d/runs/lg_lacam_fork_tl_agent/den312d/den312d-random-1_a150_s1_r0,9769,0.102,"{""agents"": ""150"", ""comp_time"": ""102"", ""makespan"": ""121"", ""makespan_lb"": ""121"", ""map_file"": ""den312d.map"", ""seed"": ""1"", ""soc"": ""9769"", ""soc_lb"": ""7801"", ""solved"": ""1"", ""solver"": ""planner"", ""sum_of_loss"": ""8769"", ""sum_of_loss_lb"": ""7801""}"
lg_lacam_fork:tl_agent,"LaCAM + traffic load (tie-break, per agent)",den312d,den312d-random-1,150,2,30.0,solved,0.173082,0.073,10115,121,8691,7801,121,1.296629,0,,/home/carsten/Projects/MAPF/MAPF Evaluator/results/tlcpp-den312d/runs/lg_lacam_fork_tl_agent/den312d/den312d-random-1_a150_s2_r0,10115,0.073,"{""agents"": ""150"", ""comp_time"": ""73"", ""makespan"": ""121"", ""makespan_lb"": ""121"", ""map_file"": ""den312d.map"", ""seed"": ""2"", ""soc"": ""10115"", ""soc_lb"": ""7801"", ""solved"": ""1"", ""solver"": ""planner"", ""sum_of_loss"": ""8792"", ""sum_of_loss_lb"": ""7801""}"
lg_lacam_fork:tl_static,LaCAM + traffic load (static map from starts),den312d,den312d-random-1,150,0,30.0,solved,0.275106,0.141,10927,124,9430,7801,121,1.400718,0,,/home/carsten/Projects/MAPF/MAPF Evaluator/results/tlcpp-den312d/runs/lg_lacam_fork_tl_static/den312d/den312d-random-1_a150_s0_r0,10927,0.141,"{""agents"": ""150"", ""comp_time"": ""141"", ""makespan"": ""124"", ""makespan_lb"": ""121"", ""map_file"": ""den312d.map"", ""seed"": ""0"", ""soc"": ""10927"", ""soc_lb"": ""7801"", ""solved"": ""1"", ""solver"": ""planner"", ""sum_of_loss"": ""9530"", ""sum_of_loss_lb"": ""7801""}"
lg_lacam_fork:tl_static,LaCAM + traffic load (static map from starts),den312d,den312d-random-1,150,1,30.0,solved,0.172657,0.074,10938,124,9412,7801,121,1.402128,0,,/home/carsten/Projects/MAPF/MAPF Evaluator/results/tlcpp-den312d/runs/lg_lacam_fork_tl_static/den312d/den312d-random-1_a150_s1_r0,10938,0.074,"{""agents"": ""150"", ""comp_time"": ""74"", ""makespan"": ""124"", ""makespan_lb"": ""121"", ""map_file"": ""den312d.map"", ""seed"": ""1"", ""soc"": ""10938"", ""soc_lb"": ""7801"", ""solved"": ""1"", ""solver"": ""planner"", ""sum_of_loss"": ""9510"", ""sum_of_loss_lb"": ""7801""}"
lg_lacam_fork:tl_static,LaCAM + traffic load (static map from starts),den312d,den312d-random-1,150,2,30.0,solved,0.159028,0.088,11021,124,9399,7801,121,1.412768,0,,/home/carsten/Projects/MAPF/MAPF Evaluator/results/tlcpp-den312d/runs/lg_lacam_fork_tl_static/den312d/den312d-random-1_a150_s2_r0,11021,0.088,"{""agents"": ""150"", ""comp_time"": ""88"", ""makespan"": ""124"", ""makespan_lb"": ""121"", ""map_file"": ""den312d.map"", ""seed"": ""2"", ""soc"": ""11021"", ""soc_lb"": ""7801"", ""solved"": ""1"", ""solver"": ""planner"", ""sum_of_loss"": ""9501"", ""sum_of_loss_lb"": ""7801""}"
lg_lacam_fork:suo,LaCAM3 = SUO (first solution),den312d,den312d-random-1,150,0,30.0,solved,0.183727,0.113,8505,125,8366,7801,121,1.090245,0,,/home/carsten/Projects/MAPF/MAPF Evaluator/results/tlcpp-den312d/runs/lg_lacam_fork_suo/den312d/den312d-random-1_a150_s0_r0,8505,0.113,"{""agents"": ""150"", ""comp_time"": ""113"", ""makespan"": ""125"", ""makespan_lb"": ""121"", ""map_file"": ""den312d.map"", ""seed"": ""0"", ""soc"": ""8505"", ""soc_lb"": ""7801"", ""solved"": ""1"", ""solver"": ""planner"", ""sum_of_loss"": ""8383"", ""sum_of_loss_lb"": ""7801""}"
lg_lacam_fork:suo,LaCAM3 = SUO (first solution),den312d,den312d-random-1,150,1,30.0,solved,0.375317,0.213,8953,129,8532,7801,121,1.147673,0,,/home/carsten/Projects/MAPF/MAPF Evaluator/results/tlcpp-den312d/runs/lg_lacam_fork_suo/den312d/den312d-random-1_a150_s1_r0,8953,0.213,"{""agents"": ""150"", ""comp_time"": ""213"", ""makespan"": ""129"", ""makespan_lb"": ""121"", ""map_file"": ""den312d.map"", ""seed"": ""1"", ""soc"": ""8953"", ""soc_lb"": ""7801"", ""solved"": ""1"", ""solver"": ""planner"", ""sum_of_loss"": ""8568"", ""sum_of_loss_lb"": ""7801""}"
lg_lacam_fork:suo,LaCAM3 = SUO (first solution),den312d,den312d-random-1,150,2,30.0,solved,0.427541,0.264,8395,125,8248,7801,121,1.076144,0,,/home/carsten/Projects/MAPF/MAPF Evaluator/results/tlcpp-den312d/runs/lg_lacam_fork_suo/den312d/den312d-random-1_a150_s2_r0,8395,0.264,"{""agents"": ""150"", ""comp_time"": ""264"", ""makespan"": ""125"", ""makespan_lb"": ""121"", ""map_file"": ""den312d.map"", ""seed"": ""2"", ""soc"": ""8395"", ""soc_lb"": ""7801"", ""solved"": ""1"", ""solver"": ""planner"", ""sum_of_loss"": ""8267"", ""sum_of_loss_lb"": ""7801""}"
lg_lacam_fork:suo_tl,SUO + traffic load,den312d,den312d-random-1,150,0,30.0,solved,0.27229,0.23,8344,125,8264,7801,121,1.069606,0,,/home/carsten/Projects/MAPF/MAPF Evaluator/results/tlcpp-den312d/runs/lg_lacam_fork_suo_tl/den312d/den312d-random-1_a150_s0_r0,8344,0.23,"{""agents"": ""150"", ""comp_time"": ""230"", ""makespan"": ""125"", ""makespan_lb"": ""121"", ""map_file"": ""den312d.map"", ""seed"": ""0"", ""soc"": ""8344"", ""soc_lb"": ""7801"", ""solved"": ""1"", ""solver"": ""planner"", ""sum_of_loss"": ""8282"", ""sum_of_loss_lb"": ""7801""}"
lg_lacam_fork:suo_tl,SUO + traffic load,den312d,den312d-random-1,150,1,30.0,solved,0.097948,0.068,8435,129,8266,7801,121,1.081272,0,,/home/carsten/Projects/MAPF/MAPF Evaluator/results/tlcpp-den312d/runs/lg_lacam_fork_suo_tl/den312d/den312d-random-1_a150_s1_r0,8435,0.068,"{""agents"": ""150"", ""comp_time"": ""68"", ""makespan"": ""129"", ""makespan_lb"": ""121"", ""map_file"": ""den312d.map"", ""seed"": ""1"", ""soc"": ""8435"", ""soc_lb"": ""7801"", ""solved"": ""1"", ""solver"": ""planner"", ""sum_of_loss"": ""8286"", ""sum_of_loss_lb"": ""7801""}"
lg_lacam_fork:suo_tl,SUO + traffic load,den312d,den312d-random-1,150,2,30.0,solved,0.199175,0.113,8389,125,8232,7801,121,1.075375,0,,/home/carsten/Projects/MAPF/MAPF Evaluator/results/tlcpp-den312d/runs/lg_lacam_fork_suo_tl/den312d/den312d-random-1_a150_s2_r0,8389,0.113,"{""agents"": ""150"", ""comp_time"": ""113"", ""makespan"": ""125"", ""makespan_lb"": ""121"", ""map_file"": ""den312d.map"", ""seed"": ""2"", ""soc"": ""8389"", ""soc_lb"": ""7801"", ""solved"": ""1"", ""solver"": ""planner"", ""sum_of_loss"": ""8253"", ""sum_of_loss_lb"": ""7801""}"
lg_lacam_fork:lg,"LG-LaCAM (window 20, first solution)",den312d,den312d-random-1,150,1,30.0,solved,0.374076,0.115,8150,127,8081,7801,121,1.044738,0,,/home/carsten/Projects/MAPF/MAPF Evaluator/results/tlcpp-den312d/runs/lg_lacam_fork_lg/den312d/den312d-random-1_a150_s1_r0,8150,0.115,"{""agents"": ""150"", ""comp_time"": ""115"", ""makespan"": ""127"", ""makespan_lb"": ""121"", ""map_file"": ""den312d.map"", ""seed"": ""1"", ""soc"": ""8150"", ""soc_lb"": ""7801"", ""solved"": ""1"", ""solver"": ""planner"", ""sum_of_loss"": ""8086"", ""sum_of_loss_lb"": ""7801""}"
lg_lacam_fork:lg,"LG-LaCAM (window 20, first solution)",den312d,den312d-random-1,150,0,30.0,solved,0.771121,0.572,8149,125,8065,7801,121,1.04461,0,,/home/carsten/Projects/MAPF/MAPF Evaluator/results/tlcpp-den312d/runs/lg_lacam_fork_lg/den312d/den312d-random-1_a150_s0_r0,8149,0.572,"{""agents"": ""150"", ""comp_time"": ""572"", ""makespan"": ""125"", ""makespan_lb"": ""121"", ""map_file"": ""den312d.map"", ""seed"": ""0"", ""soc"": ""8149"", ""soc_lb"": ""7801"", ""solved"": ""1"", ""solver"": ""planner"", ""sum_of_loss"": ""8076"", ""sum_of_loss_lb"": ""7801""}"
lg_lacam_fork:lg,"LG-LaCAM (window 20, first solution)",den312d,den312d-random-1,150,2,30.0,solved,0.610853,0.463,8133,129,8058,7801,121,1.042559,0,,/home/carsten/Projects/MAPF/MAPF Evaluator/results/tlcpp-den312d/runs/lg_lacam_fork_lg/den312d/den312d-random-1_a150_s2_r0,8133,0.463,"{""agents"": ""150"", ""comp_time"": ""463"", ""makespan"": ""129"", ""makespan_lb"": ""121"", ""map_file"": ""den312d.map"", ""seed"": ""2"", ""soc"": ""8133"", ""soc_lb"": ""7801"", ""solved"": ""1"", ""solver"": ""planner"", ""sum_of_loss"": ""8068"", ""sum_of_loss_lb"": ""7801""}"
lg_lacam_fork:lg_tl,LG-LaCAM (window 20) + traffic load,den312d,den312d-random-1,150,0,30.0,solved,0.76094,0.54,8153,125,8075,7801,121,1.045122,0,,/home/carsten/Projects/MAPF/MAPF Evaluator/results/tlcpp-den312d/runs/lg_lacam_fork_lg_tl/den312d/den312d-random-1_a150_s0_r0,8153,0.54,"{""agents"": ""150"", ""comp_time"": ""540"", ""makespan"": ""125"", ""makespan_lb"": ""121"", ""map_file"": ""den312d.map"", ""seed"": ""0"", ""soc"": ""8153"", ""soc_lb"": ""7801"", ""solved"": ""1"", ""solver"": ""planner"", ""sum_of_loss"": ""8090"", ""sum_of_loss_lb"": ""7801""}"
lg_lacam_fork:lg_tl,LG-LaCAM (window 20) + traffic load,den312d,den312d-random-1,150,1,30.0,solved,0.176383,0.115,8142,129,8059,7801,121,1.043712,0,,/home/carsten/Projects/MAPF/MAPF Evaluator/results/tlcpp-den312d/runs/lg_lacam_fork_lg_tl/den312d/den312d-random-1_a150_s1_r0,8142,0.115,"{""agents"": ""150"", ""comp_time"": ""115"", ""makespan"": ""129"", ""makespan_lb"": ""121"", ""map_file"": ""den312d.map"", ""seed"": ""1"", ""soc"": ""8142"", ""soc_lb"": ""7801"", ""solved"": ""1"", ""solver"": ""planner"", ""sum_of_loss"": ""8070"", ""sum_of_loss_lb"": ""7801""}"
lg_lacam_fork:lg_tl,LG-LaCAM (window 20) + traffic load,den312d,den312d-random-1,150,2,30.0,solved,0.316455,0.199,8121,127,8053,7801,121,1.04102,0,,/home/carsten/Projects/MAPF/MAPF Evaluator/results/tlcpp-den312d/runs/lg_lacam_fork_lg_tl/den312d/den312d-random-1_a150_s2_r0,8121,0.199,"{""agents"": ""150"", ""comp_time"": ""199"", ""makespan"": ""127"", ""makespan_lb"": ""121"", ""map_file"": ""den312d.map"", ""seed"": ""2"", ""soc"": ""8121"", ""soc_lb"": ""7801"", ""solved"": ""1"", ""solver"": ""planner"", ""sum_of_loss"": ""8065"", ""sum_of_loss_lb"": ""7801""}"
lg_lacam_fork:lg_suo,LG-LaCAM (window 20) + SUO,den312d,den312d-random-1,150,0,30.0,solved,0.709278,0.527,8109,125,8032,7801,121,1.039482,0,,/home/carsten/Projects/MAPF/MAPF Evaluator/results/tlcpp-den312d/runs/lg_lacam_fork_lg_suo/den312d/den312d-random-1_a150_s0_r0,8109,0.527,"{""agents"": ""150"", ""comp_time"": ""527"", ""makespan"": ""125"", ""makespan_lb"": ""121"", ""map_file"": ""den312d.map"", ""seed"": ""0"", ""soc"": ""8109"", ""soc_lb"": ""7801"", ""solved"": ""1"", ""solver"": ""planner"", ""sum_of_loss"": ""8044"", ""sum_of_loss_lb"": ""7801""}"
lg_lacam_fork:lg_suo,LG-LaCAM (window 20) + SUO,den312d,den312d-random-1,150,1,30.0,solved,0.195922,0.121,8130,125,8063,7801,121,1.042174,0,,/home/carsten/Projects/MAPF/MAPF Evaluator/results/tlcpp-den312d/runs/lg_lacam_fork_lg_suo/den312d/den312d-random-1_a150_s1_r0,8130,0.121,"{""agents"": ""150"", ""comp_time"": ""121"", ""makespan"": ""125"", ""makespan_lb"": ""121"", ""map_file"": ""den312d.map"", ""seed"": ""1"", ""soc"": ""8130"", ""soc_lb"": ""7801"", ""solved"": ""1"", ""solver"": ""planner"", ""sum_of_loss"": ""8071"", ""sum_of_loss_lb"": ""7801""}"
lg_lacam_fork:lg_suo_tl,LG-LaCAM (window 20) + SUO + traffic load,den312d,den312d-random-1,150,0,30.0,solved,0.272562,0.193,8102,125,8030,7801,121,1.038585,0,,/home/carsten/Projects/MAPF/MAPF Evaluator/results/tlcpp-den312d/runs/lg_lacam_fork_lg_suo_tl/den312d/den312d-random-1_a150_s0_r0,8102,0.193,"{""agents"": ""150"", ""comp_time"": ""193"", ""makespan"": ""125"", ""makespan_lb"": ""121"", ""map_file"": ""den312d.map"", ""seed"": ""0"", ""soc"": ""8102"", ""soc_lb"": ""7801"", ""solved"": ""1"", ""solver"": ""planner"", ""sum_of_loss"": ""8043"", ""sum_of_loss_lb"": ""7801""}"
lg_lacam_fork:lg_suo,LG-LaCAM (window 20) + SUO,den312d,den312d-random-1,150,2,30.0,solved,0.371567,0.291,8134,125,8048,7801,121,1.042687,0,,/home/carsten/Projects/MAPF/MAPF Evaluator/results/tlcpp-den312d/runs/lg_lacam_fork_lg_suo/den312d/den312d-random-1_a150_s2_r0,8134,0.291,"{""agents"": ""150"", ""comp_time"": ""291"", ""makespan"": ""125"", ""makespan_lb"": ""121"", ""map_file"": ""den312d.map"", ""seed"": ""2"", ""soc"": ""8134"", ""soc_lb"": ""7801"", ""solved"": ""1"", ""solver"": ""planner"", ""sum_of_loss"": ""8062"", ""sum_of_loss_lb"": ""7801""}"
lg_lacam_fork:lg_suo_tl,LG-LaCAM (window 20) + SUO + traffic load,den312d,den312d-random-1,150,1,30.0,solved,0.398722,0.288,8119,123,8055,7801,121,1.040764,0,,/home/carsten/Projects/MAPF/MAPF Evaluator/results/tlcpp-den312d/runs/lg_lacam_fork_lg_suo_tl/den312d/den312d-random-1_a150_s1_r0,8119,0.288,"{""agents"": ""150"", ""comp_time"": ""288"", ""makespan"": ""123"", ""makespan_lb"": ""121"", ""map_file"": ""den312d.map"", ""seed"": ""1"", ""soc"": ""8119"", ""soc_lb"": ""7801"", ""solved"": ""1"", ""solver"": ""planner"", ""sum_of_loss"": ""8063"", ""sum_of_loss_lb"": ""7801""}"
lg_lacam_fork:lg_suo_tl,LG-LaCAM (window 20) + SUO + traffic load,den312d,den312d-random-1,150,2,30.0,solved,0.503258,0.353,8118,125,8031,7801,121,1.040636,0,,/home/carsten/Projects/MAPF/MAPF Evaluator/results/tlcpp-den312d/runs/lg_lacam_fork_lg_suo_tl/den312d/den312d-random-1_a150_s2_r0,8118,0.353,"{""agents"": ""150"", ""comp_time"": ""353"", ""makespan"": ""125"", ""makespan_lb"": ""121"", ""map_file"": ""den312d.map"", ""seed"": ""2"", ""soc"": ""8118"", ""soc_lb"": ""7801"", ""solved"": ""1"", ""solver"": ""planner"", ""sum_of_loss"": ""8045"", ""sum_of_loss_lb"": ""7801""}"
lg_lacam_fork:lacam,"LaCAM (no guidance, first solution)",den312d,den312d-random-1,200,0,30.0,solved,0.201612,0.069,15393,121,12862,10370,121,1.484378,0,,/home/carsten/Projects/MAPF/MAPF Evaluator/results/tlcpp-den312d/runs/lg_lacam_fork_lacam/den312d/den312d-random-1_a200_s0_r0,15393,0.069,"{""agents"": ""200"", ""comp_time"": ""69"", ""makespan"": ""121"", ""makespan_lb"": ""121"", ""map_file"": ""den312d.map"", ""seed"": ""0"", ""soc"": ""15393"", ""soc_lb"": ""10370"", ""solved"": ""1"", ""solver"": ""planner"", ""sum_of_loss"": ""13054"", ""sum_of_loss_lb"": ""10370""}"
lg_lacam_fork:lacam,"LaCAM (no guidance, first solution)",den312d,den312d-random-1,200,1,30.0,solved,0.170366,0.058,15438,121,12845,10370,121,1.488717,0,,/home/carsten/Projects/MAPF/MAPF Evaluator/results/tlcpp-den312d/runs/lg_lacam_fork_lacam/den312d/den312d-random-1_a200_s1_r0,15438,0.058,"{""agents"": ""200"", ""comp_time"": ""58"", ""makespan"": ""121"", ""makespan_lb"": ""121"", ""map_file"": ""den312d.map"", ""seed"": ""1"", ""soc"": ""15438"", ""soc_lb"": ""10370"", ""solved"": ""1"", ""solver"": ""planner"", ""sum_of_loss"": ""13043"", ""sum_of_loss_lb"": ""10370""}"
lg_lacam_fork:lacam,"LaCAM (no guidance, first solution)",den312d,den312d-random-1,200,2,30.0,solved,0.237828,0.066,15454,121,13046,10370,121,1.49026,0,,/home/carsten/Projects/MAPF/MAPF Evaluator/results/tlcpp-den312d/runs/lg_lacam_fork_lacam/den312d/den312d-random-1_a200_s2_r0,15454,0.066,"{""agents"": ""200"", ""comp_time"": ""66"", ""makespan"": ""121"", ""makespan_lb"": ""121"", ""map_file"": ""den312d.map"", ""seed"": ""2"", ""soc"": ""15454"", ""soc_lb"": ""10370"", ""solved"": ""1"", ""solver"": ""planner"", ""sum_of_loss"": ""13240"", ""sum_of_loss_lb"": ""10370""}"
lg_lacam_fork:tl,"LaCAM + traffic load (tie-break, per config)",den312d,den312d-random-1,200,0,30.0,solved,0.153566,0.096,13867,121,11750,10370,121,1.337223,0,,/home/carsten/Projects/MAPF/MAPF Evaluator/results/tlcpp-den312d/runs/lg_lacam_fork_tl/den312d/den312d-random-1_a200_s0_r0,13867,0.096,"{""agents"": ""200"", ""comp_time"": ""96"", ""makespan"": ""121"", ""makespan_lb"": ""121"", ""map_file"": ""den312d.map"", ""seed"": ""0"", ""soc"": ""13867"", ""soc_lb"": ""10370"", ""solved"": ""1"", ""solver"": ""planner"", ""sum_of_loss"": ""11913"", ""sum_of_loss_lb"": ""10370""}"
lg_lacam_fork:tl,"LaCAM + traffic load (tie-break, per config)",den312d,den312d-random-1,200,1,30.0,solved,0.36439,0.145,13557,121,11785,10370,121,1.307329,0,,/home/carsten/Projects/MAPF/MAPF Evaluator/results/tlcpp-den312d/runs/lg_lacam_fork_tl/den312d/den312d-random-1_a200_s1_r0,13557,0.145,"{""agents"": ""200"", ""comp_time"": ""145"", ""makespan"": ""121"", ""makespan_lb"": ""121"", ""map_file"": ""den312d.map"", ""seed"": ""1"", ""soc"": ""13557"", ""soc_lb"": ""10370"", ""solved"": ""1"", ""solver"": ""planner"", ""sum_of_loss"": ""11948"", ""sum_of_loss_lb"": ""10370""}"
lg_lacam_fork:tl,"LaCAM + traffic load (tie-break, per config)",den312d,den312d-random-1,200,2,30.0,solved,0.189045,0.086,13498,121,11822,10370,121,1.301639,0,,/home/carsten/Projects/MAPF/MAPF Evaluator/results/tlcpp-den312d/runs/lg_lacam_fork_tl/den312d/den312d-random-1_a200_s2_r0,13498,0.086,"{""agents"": ""200"", ""comp_time"": ""86"", ""makespan"": ""121"", ""makespan_lb"": ""121"", ""map_file"": ""den312d.map"", ""seed"": ""2"", ""soc"": ""13498"", ""soc_lb"": ""10370"", ""solved"": ""1"", ""solver"": ""planner"", ""sum_of_loss"": ""11971"", ""sum_of_loss_lb"": ""10370""}"
lg_lacam_fork:tl_agent,"LaCAM + traffic load (tie-break, per agent)",den312d,den312d-random-1,200,0,30.0,solved,0.39422,0.239,13544,121,11762,10370,121,1.306075,0,,/home/carsten/Projects/MAPF/MAPF Evaluator/results/tlcpp-den312d/runs/lg_lacam_fork_tl_agent/den312d/den312d-random-1_a200_s0_r0,13544,0.239,"{""agents"": ""200"", ""comp_time"": ""239"", ""makespan"": ""121"", ""makespan_lb"": ""121"", ""map_file"": ""den312d.map"", ""seed"": ""0"", ""soc"": ""13544"", ""soc_lb"": ""10370"", ""solved"": ""1"", ""solver"": ""planner"", ""sum_of_loss"": ""11914"", ""sum_of_loss_lb"": ""10370""}"
lg_lacam_fork:tl_agent,"LaCAM + traffic load (tie-break, per agent)",den312d,den312d-random-1,200,1,30.0,solved,0.227111,0.089,13721,121,11746,10370,121,1.323144,0,,/home/carsten/Projects/MAPF/MAPF Evaluator/results/tlcpp-den312d/runs/lg_lacam_fork_tl_agent/den312d/den312d-random-1_a200_s1_r0,13721,0.089,"{""agents"": ""200"", ""comp_time"": ""89"", ""makespan"": ""121"", ""makespan_lb"": ""121"", ""map_file"": ""den312d.map"", ""seed"": ""1"", ""soc"": ""13721"", ""soc_lb"": ""10370"", ""solved"": ""1"", ""solver"": ""planner"", ""sum_of_loss"": ""11901"", ""sum_of_loss_lb"": ""10370""}"
lg_lacam_fork:tl_agent,"LaCAM + traffic load (tie-break, per agent)",den312d,den312d-random-1,200,2,30.0,solved,0.31981,0.17,13715,121,11707,10370,121,1.322565,0,,/home/carsten/Projects/MAPF/MAPF Evaluator/results/tlcpp-den312d/runs/lg_lacam_fork_tl_agent/den312d/den312d-random-1_a200_s2_r0,13715,0.17,"{""agents"": ""200"", ""comp_time"": ""170"", ""makespan"": ""121"", ""makespan_lb"": ""121"", ""map_file"": ""den312d.map"", ""seed"": ""2"", ""soc"": ""13715"", ""soc_lb"": ""10370"", ""solved"": ""1"", ""solver"": ""planner"", ""sum_of_loss"": ""11870"", ""sum_of_loss_lb"": ""10370""}"
lg_lacam_fork:tl_static,LaCAM + traffic load (static map from starts),den312d,den312d-random-1,200,0,30.0,solved,0.169028,0.088,15387,125,13181,10370,121,1.483799,0,,/home/carsten/Projects/MAPF/MAPF Evaluator/results/tlcpp-den312d/runs/lg_lacam_fork_tl_static/den312d/den312d-random-1_a200_s0_r0,15387,0.088,"{""agents"": ""200"", ""comp_time"": ""88"", ""makespan"": ""125"", ""makespan_lb"": ""121"", ""map_file"": ""den312d.map"", ""seed"": ""0"", ""soc"": ""15387"", ""soc_lb"": ""10370"", ""solved"": ""1"", ""solver"": ""planner"", ""sum_of_loss"": ""13346"", ""sum_of_loss_lb"": ""10370""}"
lg_lacam_fork:tl_static,LaCAM + traffic load (static map from starts),den312d,den312d-random-1,200,2,30.0,solved,0.305976,0.167,14962,125,12964,10370,121,1.442816,0,,/home/carsten/Projects/MAPF/MAPF Evaluator/results/tlcpp-den312d/runs/lg_lacam_fork_tl_static/den312d/den312d-random-1_a200_s2_r0,14962,0.167,"{""agents"": ""200"", ""comp_time"": ""167"", ""makespan"": ""125"", ""makespan_lb"": ""121"", ""map_file"": ""den312d.map"", ""seed"": ""2"", ""soc"": ""14962"", ""soc_lb"": ""10370"", ""solved"": ""1"", ""solver"": ""planner"", ""sum_of_loss"": ""13131"", ""sum_of_loss_lb"": ""10370""}"
lg_lacam_fork:tl_static,LaCAM + traffic load (static map from starts),den312d,den312d-random-1,200,1,30.0,solved,0.210499,0.097,15429,125,13185,10370,121,1.48785,0,,/home/carsten/Projects/MAPF/MAPF Evaluator/results/tlcpp-den312d/runs/lg_lacam_fork_tl_static/den312d/den312d-random-1_a200_s1_r0,15429,0.097,"{""agents"": ""200"", ""comp_time"": ""97"", ""makespan"": ""125"", ""makespan_lb"": ""121"", ""map_file"": ""den312d.map"", ""seed"": ""1"", ""soc"": ""15429"", ""soc_lb"": ""10370"", ""solved"": ""1"", ""solver"": ""planner"", ""sum_of_loss"": ""13352"", ""sum_of_loss_lb"": ""10370""}"
lg_lacam_fork:suo,LaCAM3 = SUO (first solution),den312d,den312d-random-1,200,0,30.0,solved,0.285586,0.193,12027,129,11425,10370,121,1.159788,0,,/home/carsten/Projects/MAPF/MAPF Evaluator/results/tlcpp-den312d/runs/lg_lacam_fork_suo/den312d/den312d-random-1_a200_s0_r0,12027,0.193,"{""agents"": ""200"", ""comp_time"": ""193"", ""makespan"": ""129"", ""makespan_lb"": ""121"", ""map_file"": ""den312d.map"", ""seed"": ""0"", ""soc"": ""12027"", ""soc_lb"": ""10370"", ""solved"": ""1"", ""solver"": ""planner"", ""sum_of_loss"": ""11468"", ""sum_of_loss_lb"": ""10370""}"
lg_lacam_fork:suo,LaCAM3 = SUO (first solution),den312d,den312d-random-1,200,1,30.0,solved,0.210231,0.122,12342,127,11759,10370,121,1.190164,0,,/home/carsten/Projects/MAPF/MAPF Evaluator/results/tlcpp-den312d/runs/lg_lacam_fork_suo/den312d/den312d-random-1_a200_s1_r0,12342,0.122,"{""agents"": ""200"", ""comp_time"": ""122"", ""makespan"": ""127"", ""makespan_lb"": ""121"", ""map_file"": ""den312d.map"", ""seed"": ""1"", ""soc"": ""12342"", ""soc_lb"": ""10370"", ""solved"": ""1"", ""solver"": ""planner"", ""sum_of_loss"": ""11800"", ""sum_of_loss_lb"": ""10370""}"
lg_lacam_fork:suo,LaCAM3 = SUO (first solution),den312d,den312d-random-1,200,2,30.0,solved,0.375785,0.202,12385,129,11803,10370,121,1.194311,0,,/home/carsten/Projects/MAPF/MAPF Evaluator/results/tlcpp-den312d/runs/lg_lacam_fork_suo/den312d/den312d-random-1_a200_s2_r0,12385,0.202,"{""agents"": ""200"", ""comp_time"": ""202"", ""makespan"": ""129"", ""makespan_lb"": ""121"", ""map_file"": ""den312d.map"", ""seed"": ""2"", ""soc"": ""12385"", ""soc_lb"": ""10370"", ""solved"": ""1"", ""solver"": ""planner"", ""sum_of_loss"": ""11834"", ""sum_of_loss_lb"": ""10370""}"
lg_lacam_fork:suo_tl,SUO + traffic load,den312d,den312d-random-1,200,0,30.0,solved,0.494581,0.296,11535,129,11303,10370,121,1.112343,0,,/home/carsten/Projects/MAPF/MAPF Evaluator/results/tlcpp-den312d/runs/lg_lacam_fork_suo_tl/den312d/den312d-random-1_a200_s0_r0,11535,0.296,"{""agents"": ""200"", ""comp_time"": ""296"", ""makespan"": ""129"", ""makespan_lb"": ""121"", ""map_file"": ""den312d.map"", ""seed"": ""0"", ""soc"": ""11535"", ""soc_lb"": ""10370"", ""solved"": ""1"", ""solver"": ""planner"", ""sum_of_loss"": ""11333"", ""sum_of_loss_lb"": ""10370""}"
lg_lacam_fork:suo_tl,SUO + traffic load,den312d,den312d-random-1,200,1,30.0,solved,0.374661,0.267,11891,127,11464,10370,121,1.146673,0,,/home/carsten/Projects/MAPF/MAPF Evaluator/results/tlcpp-den312d/runs/lg_lacam_fork_suo_tl/den312d/den312d-random-1_a200_s1_r0,11891,0.267,"{""agents"": ""200"", ""comp_time"": ""267"", ""makespan"": ""127"", ""makespan_lb"": ""121"", ""map_file"": ""den312d.map"", ""seed"": ""1"", ""soc"": ""11891"", ""soc_lb"": ""10370"", ""solved"": ""1"", ""solver"": ""planner"", ""sum_of_loss"": ""11488"", ""sum_of_loss_lb"": ""10370""}"
lg_lacam_fork:suo_tl,SUO + traffic load,den312d,den312d-random-1,200,2,30.0,solved,0.398459,0.268,11875,129,11453,10370,121,1.14513,0,,/home/carsten/Projects/MAPF/MAPF Evaluator/results/tlcpp-den312d/runs/lg_lacam_fork_suo_tl/den312d/den312d-random-1_a200_s2_r0,11875,0.268,"{""agents"": ""200"", ""comp_time"": ""268"", ""makespan"": ""129"", ""makespan_lb"": ""121"", ""map_file"": ""den312d.map"", ""seed"": ""2"", ""soc"": ""11875"", ""soc_lb"": ""10370"", ""solved"": ""1"", ""solver"": ""planner"", ""sum_of_loss"": ""11491"", ""sum_of_loss_lb"": ""10370""}"
lg_lacam_fork:lg,"LG-LaCAM (window 20, first solution)",den312d,den312d-random-1,200,0,30.0,solved,0.991242,0.753,10918,126,10834,10370,121,1.052845,0,,/home/carsten/Projects/MAPF/MAPF Evaluator/results/tlcpp-den312d/runs/lg_lacam_fork_lg/den312d/den312d-random-1_a200_s0_r0,10918,0.753,"{""agents"": ""200"", ""comp_time"": ""753"", ""makespan"": ""126"", ""makespan_lb"": ""121"", ""map_file"": ""den312d.map"", ""seed"": ""0"", ""soc"": ""10918"", ""soc_lb"": ""10370"", ""solved"": ""1"", ""solver"": ""planner"", ""sum_of_loss"": ""10847"", ""sum_of_loss_lb"": ""10370""}"
lg_lacam_fork:lg,"LG-LaCAM (window 20, first solution)",den312d,den312d-random-1,200,1,30.0,solved,0.582755,0.365,11034,127,10907,10370,121,1.064031,0,,/home/carsten/Projects/MAPF/MAPF Evaluator/results/tlcpp-den312d/runs/lg_lacam_fork_lg/den312d/den312d-random-1_a200_s1_r0,11034,0.365,"{""agents"": ""200"", ""comp_time"": ""365"", ""makespan"": ""127"", ""makespan_lb"": ""121"", ""map_file"": ""den312d.map"", ""seed"": ""1"", ""soc"": ""11034"", ""soc_lb"": ""10370"", ""solved"": ""1"", ""solver"": ""planner"", ""sum_of_loss"": ""10926"", ""sum_of_loss_lb"": ""10370""}"
lg_lacam_fork:lg,"LG-LaCAM (window 20, first solution)",den312d,den312d-random-1,200,2,30.0,solved,0.302079,0.159,10963,124,10856,10370,121,1.057184,0,,/home/carsten/Projects/MAPF/MAPF Evaluator/results/tlcpp-den312d/runs/lg_lacam_fork_lg/den312d/den312d-random-1_a200_s2_r0,10963,0.159,"{""agents"": ""200"", ""comp_time"": ""159"", ""makespan"": ""124"", ""makespan_lb"": ""121"", ""map_file"": ""den312d.map"", ""seed"": ""2"", ""soc"": ""10963"", ""soc_lb"": ""10370"", ""solved"": ""1"", ""solver"": ""planner"", ""sum_of_loss"": ""10872"", ""sum_of_loss_lb"": ""10370""}"
lg_lacam_fork:lg_tl,LG-LaCAM (window 20) + traffic load,den312d,den312d-random-1,200,0,30.0,solved,0.816923,0.594,10901,126,10816,10370,121,1.051205,0,,/home/carsten/Projects/MAPF/MAPF Evaluator/results/tlcpp-den312d/runs/lg_lacam_fork_lg_tl/den312d/den312d-random-1_a200_s0_r0,10901,0.594,"{""agents"": ""200"", ""comp_time"": ""594"", ""makespan"": ""126"", ""makespan_lb"": ""121"", ""map_file"": ""den312d.map"", ""seed"": ""0"", ""soc"": ""10901"", ""soc_lb"": ""10370"", ""solved"": ""1"", ""solver"": ""planner"", ""sum_of_loss"": ""10831"", ""sum_of_loss_lb"": ""10370""}"
lg_lacam_fork:lg_tl,LG-LaCAM (window 20) + traffic load,den312d,den312d-random-1,200,2,30.0,solved,0.411618,0.355,11024,127,10930,10370,121,1.063067,0,,/home/carsten/Projects/MAPF/MAPF Evaluator/results/tlcpp-den312d/runs/lg_lacam_fork_lg_tl/den312d/den312d-random-1_a200_s2_r0,11024,0.355,"{""agents"": ""200"", ""comp_time"": ""355"", ""makespan"": ""127"", ""makespan_lb"": ""121"", ""map_file"": ""den312d.map"", ""seed"": ""2"", ""soc"": ""11024"", ""soc_lb"": ""10370"", ""solved"": ""1"", ""solver"": ""planner"", ""sum_of_loss"": ""10948"", ""sum_of_loss_lb"": ""10370""}"
lg_lacam_fork:lg_tl,LG-LaCAM (window 20) + traffic load,den312d,den312d-random-1,200,1,30.0,solved,0.490332,0.35,11010,127,10861,10370,121,1.061716,0,,/home/carsten/Projects/MAPF/MAPF Evaluator/results/tlcpp-den312d/runs/lg_lacam_fork_lg_tl/den312d/den312d-random-1_a200_s1_r0,11010,0.35,"{""agents"": ""200"", ""comp_time"": ""350"", ""makespan"": ""127"", ""makespan_lb"": ""121"", ""map_file"": ""den312d.map"", ""seed"": ""1"", ""soc"": ""11010"", ""soc_lb"": ""10370"", ""solved"": ""1"", ""solver"": ""planner"", ""sum_of_loss"": ""10882"", ""sum_of_loss_lb"": ""10370""}"
lg_lacam_fork:lg_suo,LG-LaCAM (window 20) + SUO,den312d,den312d-random-1,200,0,30.0,solved,0.51771,0.406,11027,125,10920,10370,121,1.063356,0,,/home/carsten/Projects/MAPF/MAPF Evaluator/results/tlcpp-den312d/runs/lg_lacam_fork_lg_suo/den312d/den312d-random-1_a200_s0_r0,11027,0.406,"{""agents"": ""200"", ""comp_time"": ""406"", ""makespan"": ""125"", ""makespan_lb"": ""121"", ""map_file"": ""den312d.map"", ""seed"": ""0"", ""soc"": ""11027"", ""soc_lb"": ""10370"", ""solved"": ""1"", ""solver"": ""planner"", ""sum_of_loss"": ""10940"", ""sum_of_loss_lb"": ""10370""}"
lg_lacam_fork:lg_suo,LG-LaCAM (window 20) + SUO,den312d,den312d-random-1,200,1,30.0,solved,0.643898,0.474,10944,126,10832,10370,121,1.055352,0,,/home/carsten/Projects/MAPF/MAPF Evaluator/results/tlcpp-den312d/runs/lg_lacam_fork_lg_suo/den312d/den312d-random-1_a200_s1_r0,10944,0.474,"{""agents"": ""200"", ""comp_time"": ""474"", ""makespan"": ""126"", ""makespan_lb"": ""121"", ""map_file"": ""den312d.map"", ""seed"": ""1"", ""soc"": ""10944"", ""soc_lb"": ""10370"", ""solved"": ""1"", ""solver"": ""planner"", ""sum_of_loss"": ""10852"", ""sum_of_loss_lb"": ""10370""}"
lg_lacam_fork:lg_suo_tl,LG-LaCAM (window 20) + SUO + traffic load,den312d,den312d-random-1,200,0,30.0,solved,0.486624,0.375,11091,127,11001,10370,121,1.069527,0,,/home/carsten/Projects/MAPF/MAPF Evaluator/results/tlcpp-den312d/runs/lg_lacam_fork_lg_suo_tl/den312d/den312d-random-1_a200_s0_r0,11091,0.375,"{""agents"": ""200"", ""comp_time"": ""375"", ""makespan"": ""127"", ""makespan_lb"": ""121"", ""map_file"": ""den312d.map"", ""seed"": ""0"", ""soc"": ""11091"", ""soc_lb"": ""10370"", ""solved"": ""1"", ""solver"": ""planner"", ""sum_of_loss"": ""11018"", ""sum_of_loss_lb"": ""10370""}"
lg_lacam_fork:lg_suo,LG-LaCAM (window 20) + SUO,den312d,den312d-random-1,200,2,30.0,solved,0.752503,0.679,11014,126,10940,10370,121,1.062102,0,,/home/carsten/Projects/MAPF/MAPF Evaluator/results/tlcpp-den312d/runs/lg_lacam_fork_lg_suo/den312d/den312d-random-1_a200_s2_r0,11014,0.679,"{""agents"": ""200"", ""comp_time"": ""679"", ""makespan"": ""126"", ""makespan_lb"": ""121"", ""map_file"": ""den312d.map"", ""seed"": ""2"", ""soc"": ""11014"", ""soc_lb"": ""10370"", ""solved"": ""1"", ""solver"": ""planner"", ""sum_of_loss"": ""10955"", ""sum_of_loss_lb"": ""10370""}"
lg_lacam_fork:lacam,"LaCAM (no guidance, first solution)",den312d,den312d-random-2,50,0,30.0,solved,0.074786,0.029,3381,121,3114,2918,121,1.15867,0,,/home/carsten/Projects/MAPF/MAPF Evaluator/results/tlcpp-den312d/runs/lg_lacam_fork_lacam/den312d/den312d-random-2_a50_s0_r0,3381,0.029,"{""agents"": ""50"", ""comp_time"": ""29"", ""makespan"": ""121"", ""makespan_lb"": ""121"", ""map_file"": ""den312d.map"", ""seed"": ""0"", ""soc"": ""3381"", ""soc_lb"": ""2918"", ""solved"": ""1"", ""solver"": ""planner"", ""sum_of_loss"": ""3132"", ""sum_of_loss_lb"": ""2918""}"
lg_lacam_fork:lg_suo_tl,LG-LaCAM (window 20) + SUO + traffic load,den312d,den312d-random-1,200,1,30.0,solved,0.744477,0.619,10941,125,10849,10370,121,1.055063,0,,/home/carsten/Projects/MAPF/MAPF Evaluator/results/tlcpp-den312d/runs/lg_lacam_fork_lg_suo_tl/den312d/den312d-random-1_a200_s1_r0,10941,0.619,"{""agents"": ""200"", ""comp_time"": ""619"", ""makespan"": ""125"", ""makespan_lb"": ""121"", ""map_file"": ""den312d.map"", ""seed"": ""1"", ""soc"": ""10941"", ""soc_lb"": ""10370"", ""solved"": ""1"", ""solver"": ""planner"", ""sum_of_loss"": ""10869"", ""sum_of_loss_lb"": ""10370""}"
lg_lacam_fork:lacam,"LaCAM (no guidance, first solution)",den312d,den312d-random-2,50,1,30.0,solved,0.031515,0.012,3502,121,3104,2918,121,1.200137,0,,/home/carsten/Projects/MAPF/MAPF Evaluator/results/tlcpp-den312d/runs/lg_lacam_fork_lacam/den312d/den312d-random-2_a50_s1_r0,3502,0.012,"{""agents"": ""50"", ""comp_time"": ""12"", ""makespan"": ""121"", ""makespan_lb"": ""121"", ""map_file"": ""den312d.map"", ""seed"": ""1"", ""soc"": ""3502"", ""soc_lb"": ""2918"", ""solved"": ""1"", ""solver"": ""planner"", ""sum_of_loss"": ""3120"", ""sum_of_loss_lb"": ""2918""}"
lg_lacam_fork:lg_suo_tl,LG-LaCAM (window 20) + SUO + traffic load,den312d,den312d-random-1,200,2,30.0,solved,0.397999,0.297,10940,125,10857,10370,121,1.054966,0,,/home/carsten/Projects/MAPF/MAPF Evaluator/results/tlcpp-den312d/runs/lg_lacam_fork_lg_suo_tl/den312d/den312d-random-1_a200_s2_r0,10940,0.297,"{""agents"": ""200"", ""comp_time"": ""297"", ""makespan"": ""125"", ""makespan_lb"": ""121"", ""map_file"": ""den312d.map"", ""seed"": ""2"", ""soc"": ""10940"", ""soc_lb"": ""10370"", ""solved"": ""1"", ""solver"": ""planner"", ""sum_of_loss"": ""10872"", ""sum_of_loss_lb"": ""10370""}"
lg_lacam_fork:lacam,"LaCAM (no guidance, first solution)",den312d,den312d-random-2,50,2,30.0,solved,0.035861,0.016,3281,121,3057,2918,121,1.1244,0,,/home/carsten/Projects/MAPF/MAPF Evaluator/results/tlcpp-den312d/runs/lg_lacam_fork_lacam/den312d/den312d-random-2_a50_s2_r0,3281,0.016,"{""agents"": ""50"", ""comp_time"": ""16"", ""makespan"": ""121"", ""makespan_lb"": ""121"", ""map_file"": ""den312d.map"", ""seed"": ""2"", ""soc"": ""3281"", ""soc_lb"": ""2918"", ""solved"": ""1"", ""solver"": ""planner"", ""sum_of_loss"": ""3071"", ""sum_of_loss_lb"": ""2918""}"
lg_lacam_fork:tl,"LaCAM + traffic load (tie-break, per config)",den312d,den312d-random-2,50,1,30.0,solved,0.039727,0.008,3234,121,2984,2918,121,1.108293,0,,/home/carsten/Projects/MAPF/MAPF Evaluator/results/tlcpp-den312d/runs/lg_lacam_fork_tl/den312d/den312d-random-2_a50_s1_r0,3234,0.008,"{""agents"": ""50"", ""comp_time"": ""8"", ""makespan"": ""121"", ""makespan_lb"": ""121"", ""map_file"": ""den312d.map"", ""seed"": ""1"", ""soc"": ""3234"", ""soc_lb"": ""2918"", ""solved"": ""1"", ""solver"": ""planner"", ""sum_of_loss"": ""2994"", ""sum_of_loss_lb"": ""2918""}"
lg_lacam_fork:tl,"LaCAM + traffic load (tie-break, per config)",den312d,den312d-random-2,50,2,30.0,solved,0.01589,0.009,3271,121,2988,2918,121,1.120973,0,,/home/carsten/Projects/MAPF/MAPF Evaluator/results/tlcpp-den312d/runs/lg_lacam_fork_tl/den312d/den312d-random-2_a50_s2_r0,3271,0.009,"{""agents"": ""50"", ""comp_time"": ""9"", ""makespan"": ""121"", ""makespan_lb"": ""121"", ""map_file"": ""den312d.map"", ""seed"": ""2"", ""soc"": ""3271"", ""soc_lb"": ""2918"", ""solved"": ""1"", ""solver"": ""planner"", ""sum_of_loss"": ""3000"", ""sum_of_loss_lb"": ""2918""}"
lg_lacam_fork:tl_agent,"LaCAM + traffic load (tie-break, per agent)",den312d,den312d-random-2,50,0,30.0,solved,0.045329,0.011,3170,121,2979,2918,121,1.086361,0,,/home/carsten/Projects/MAPF/MAPF Evaluator/results/tlcpp-den312d/runs/lg_lacam_fork_tl_agent/den312d/den312d-random-2_a50_s0_r0,3170,0.011,"{""agents"": ""50"", ""comp_time"": ""11"", ""makespan"": ""121"", ""makespan_lb"": ""121"", ""map_file"": ""den312d.map"", ""seed"": ""0"", ""soc"": ""3170"", ""soc_lb"": ""2918"", ""solved"": ""1"", ""solver"": ""planner"", ""sum_of_loss"": ""2989"", ""sum_of_loss_lb"": ""2918""}"
lg_lacam_fork:tl,"LaCAM + traffic load (tie-break, per config)",den312d,den312d-random-2,50,0,30.0,solved,0.056911,0.01,3159,121,2980,2918,121,1.082591,0,,/home/carsten/Projects/MAPF/MAPF Evaluator/results/tlcpp-den312d/runs/lg_lacam_fork_tl/den312d/den312d-random-2_a50_s0_r0,3159,0.01,"{""agents"": ""50"", ""comp_time"": ""10"", ""makespan"": ""121"", ""makespan_lb"": ""121"", ""map_file"": ""den312d.map"", ""seed"": ""0"", ""soc"": ""3159"", ""soc_lb"": ""2918"", ""solved"": ""1"", ""solver"": ""planner"", ""sum_of_loss"": ""2989"", ""sum_of_loss_lb"": ""2918""}"
lg_lacam_fork:tl_static,LaCAM + traffic load (static map from starts),den312d,den312d-random-2,50,0,30.0,solved,0.056141,0.016,3485,121,3154,2918,121,1.194311,0,,/home/carsten/Projects/MAPF/MAPF Evaluator/results/tlcpp-den312d/runs/lg_lacam_fork_tl_static/den312d/den312d-random-2_a50_s0_r0,3485,0.016,"{""agents"": ""50"", ""comp_time"": ""16"", ""makespan"": ""121"", ""makespan_lb"": ""121"", ""map_file"": ""den312d.map"", ""seed"": ""0"", ""soc"": ""3485"", ""soc_lb"": ""2918"", ""solved"": ""1"", ""solver"": ""planner"", ""sum_of_loss"": ""3172"", ""sum_of_loss_lb"": ""2918""}"
lg_lacam_fork:tl_static,LaCAM + traffic load (static map from starts),den312d,den312d-random-2,50,1,30.0,solved,0.097286,0.031,3414,121,3134,2918,121,1.169979,0,,/home/carsten/Projects/MAPF/MAPF Evaluator/results/tlcpp-den312d/runs/lg_lacam_fork_tl_static/den312d/den312d-random-2_a50_s1_r0,3414,0.031,"{""agents"": ""50"", ""comp_time"": ""31"", ""makespan"": ""121"", ""makespan_lb"": ""121"", ""map_file"": ""den312d.map"", ""seed"": ""1"", ""soc"": ""3414"", ""soc_lb"": ""2918"", ""solved"": ""1"", ""solver"": ""planner"", ""sum_of_loss"": ""3150"", ""sum_of_loss_lb"": ""2918""}"
lg_lacam_fork:tl_agent,"LaCAM + traffic load (tie-break, per agent)",den312d,den312d-random-2,50,2,30.0,solved,0.042851,0.018,3238,121,2990,2918,121,1.109664,0,,/home/carsten/Projects/MAPF/MAPF Evaluator/results/tlcpp-den312d/runs/lg_lacam_fork_tl_agent/den312d/den312d-random-2_a50_s2_r0,3238,0.018,"{""agents"": ""50"", ""comp_time"": ""18"", ""makespan"": ""121"", ""makespan_lb"": ""121"", ""map_file"": ""den312d.map"", ""seed"": ""2"", ""soc"": ""3238"", ""soc_lb"": ""2918"", ""solved"": ""1"", ""solver"": ""planner"", ""sum_of_loss"": ""3002"", ""sum_of_loss_lb"": ""2918""}"
lg_lacam_fork:tl_agent,"LaCAM + traffic load (tie-break, per agent)",den312d,den312d-random-2,50,1,30.0,solved,0.187913,0.02,3245,121,2983,2918,121,1.112063,0,,/home/carsten/Projects/MAPF/MAPF Evaluator/results/tlcpp-den312d/runs/lg_lacam_fork_tl_agent/den312d/den312d-random-2_a50_s1_r0,3245,0.02,"{""agents"": ""50"", ""comp_time"": ""20"", ""makespan"": ""121"", ""makespan_lb"": ""121"", ""map_file"": ""den312d.map"", ""seed"": ""1"", ""soc"": ""3245"", ""soc_lb"": ""2918"", ""solved"": ""1"", ""solver"": ""planner"", ""sum_of_loss"": ""2993"", ""sum_of_loss_lb"": ""2918""}"
lg_lacam_fork:suo,LaCAM3 = SUO (first solution),den312d,den312d-random-2,50,0,30.0,solved,0.062891,0.03,2981,121,2981,2918,121,1.02159,0,,/home/carsten/Projects/MAPF/MAPF Evaluator/results/tlcpp-den312d/runs/lg_lacam_fork_suo/den312d/den312d-random-2_a50_s0_r0,2981,0.03,"{""agents"": ""50"", ""comp_time"": ""30"", ""makespan"": ""121"", ""makespan_lb"": ""121"", ""map_file"": ""den312d.map"", ""seed"": ""0"", ""soc"": ""2981"", ""soc_lb"": ""2918"", ""solved"": ""1"", ""solver"": ""planner"", ""sum_of_loss"": ""2981"", ""sum_of_loss_lb"": ""2918""}"
lg_lacam_fork:tl_static,LaCAM + traffic load (static map from starts),den312d,den312d-random-2,50,2,30.0,solved,0.157426,0.058,3530,121,3212,2918,121,1.209733,0,,/home/carsten/Projects/MAPF/MAPF Evaluator/results/tlcpp-den312d/runs/lg_lacam_fork_tl_static/den312d/den312d-random-2_a50_s2_r0,3530,0.058,"{""agents"": ""50"", ""comp_time"": ""58"", ""makespan"": ""121"", ""makespan_lb"": ""121"", ""map_file"": ""den312d.map"", ""seed"": ""2"", ""soc"": ""3530"", ""soc_lb"": ""2918"", ""solved"": ""1"", ""solver"": ""planner"", ""sum_of_loss"": ""3229"", ""sum_of_loss_lb"": ""2918""}"
lg_lacam_fork:suo,LaCAM3 = SUO (first solution),den312d,den312d-random-2,50,1,30.0,solved,0.04607,0.017,3013,125,3007,2918,121,1.032557,0,,/home/carsten/Projects/MAPF/MAPF Evaluator/results/tlcpp-den312d/runs/lg_lacam_fork_suo/den312d/den312d-random-2_a50_s1_r0,3013,0.017,"{""agents"": ""50"", ""comp_time"": ""17"", ""makespan"": ""125"", ""makespan_lb"": ""121"", ""map_file"": ""den312d.map"", ""seed"": ""1"", ""soc"": ""3013"", ""soc_lb"": ""2918"", ""solved"": ""1"", ""solver"": ""planner"", ""sum_of_loss"": ""3008"", ""sum_of_loss_lb"": ""2918""}"
lg_lacam_fork:suo,LaCAM3 = SUO (first solution),den312d,den312d-random-2,50,2,30.0,solved,0.096833,0.019,2970,121,2970,2918,121,1.01782,0,,/home/carsten/Projects/MAPF/MAPF Evaluator/results/tlcpp-den312d/runs/lg_lacam_fork_suo/den312d/den312d-random-2_a50_s2_r0,2970,0.019,"{""agents"": ""50"", ""comp_time"": ""19"", ""makespan"": ""121"", ""makespan_lb"": ""121"", ""map_file"": ""den312d.map"", ""seed"": ""2"", ""soc"": ""2970"", ""soc_lb"": ""2918"", ""solved"": ""1"", ""solver"": ""planner"", ""sum_of_loss"": ""2970"", ""sum_of_loss_lb"": ""2918""}"
lg_lacam_fork:suo_tl,SUO + traffic load,den312d,den312d-random-2,50,0,30.0,solved,0.082446,0.035,2968,121,2968,2918,121,1.017135,0,,/home/carsten/Projects/MAPF/MAPF Evaluator/results/tlcpp-den312d/runs/lg_lacam_fork_suo_tl/den312d/den312d-random-2_a50_s0_r0,2968,0.035,"{""agents"": ""50"", ""comp_time"": ""35"", ""makespan"": ""121"", ""makespan_lb"": ""121"", ""map_file"": ""den312d.map"", ""seed"": ""0"", ""soc"": ""2968"", ""soc_lb"": ""2918"", ""solved"": ""1"", ""solver"": ""planner"", ""sum_of_loss"": ""2968"", ""sum_of_loss_lb"": ""2918""}"
lg_lacam_fork:suo_tl,SUO + traffic load,den312d,den312d-random-2,50,2,30.0,solved,0.097476,0.054,2972,121,2972,2918,121,1.018506,0,,/home/carsten/Projects/MAPF/MAPF Evaluator/results/tlcpp-den312d/runs/lg_lacam_fork_suo_tl/den312d/den312d-random-2_a50_s2_r0,2972,0.054,"{""agents"": ""50"", ""comp_time"": ""54"", ""makespan"": ""121"", ""makespan_lb"": ""121"", ""map_file"": ""den312d.map"", ""seed"": ""2"", ""soc"": ""2972"", ""soc_lb"": ""2918"", ""solved"": ""1"", ""solver"": ""planner"", ""sum_of_loss"": ""2972"", ""sum_of_loss_lb"": ""2918""}"
lg_lacam_fork:suo_tl,SUO + traffic load,den312d,den312d-random-2,50,1,30.0,solved,0.084584,0.046,2968,125,2968,2918,121,1.017135,0,,/home/carsten/Projects/MAPF/MAPF Evaluator/results/tlcpp-den312d/runs/lg_lacam_fork_suo_tl/den312d/den312d-random-2_a50_s1_r0,2968,0.046,"{""agents"": ""50"", ""comp_time"": ""46"", ""makespan"": ""125"", ""makespan_lb"": ""121"", ""map_file"": ""den312d.map"", ""seed"": ""1"", ""soc"": ""2968"", ""soc_lb"": ""2918"", ""solved"": ""1"", ""solver"": ""planner"", ""sum_of_loss"": ""2968"", ""sum_of_loss_lb"": ""2918""}"
lg_lacam_fork:lg,"LG-LaCAM (window 20, first solution)",den312d,den312d-random-2,50,0,30.0,solved,0.114897,0.053,2960,121,2960,2918,121,1.014393,0,,/home/carsten/Projects/MAPF/MAPF Evaluator/results/tlcpp-den312d/runs/lg_lacam_fork_lg/den312d/den312d-random-2_a50_s0_r0,2960,0.053,"{""agents"": ""50"", ""comp_time"": ""53"", ""makespan"": ""121"", ""makespan_lb"": ""121"", ""map_file"": ""den312d.map"", ""seed"": ""0"", ""soc"": ""2960"", ""soc_lb"": ""2918"", ""solved"": ""1"", ""solver"": ""planner"", ""sum_of_loss"": ""2960"", ""sum_of_loss_lb"": ""2918""}"
lg_lacam_fork:lg,"LG-LaCAM (window 20, first solution)",den312d,den312d-random-2,50,1,30.0,solved,0.060195,0.033,2957,121,2957,2918,121,1.013365,0,,/home/carsten/Projects/MAPF/MAPF Evaluator/results/tlcpp-den312d/runs/lg_lacam_fork_lg/den312d/den312d-random-2_a50_s1_r0,2957,0.033,"{""agents"": ""50"", ""comp_time"": ""33"", ""makespan"": ""121"", ""makespan_lb"": ""121"", ""map_file"": ""den312d.map"", ""seed"": ""1"", ""soc"": ""2957"", ""soc_lb"": ""2918"", ""solved"": ""1"", ""solver"": ""planner"", ""sum_of_loss"": ""2957"", ""sum_of_loss_lb"": ""2918""}"
lg_lacam_fork:lg,"LG-LaCAM (window 20, first solution)",den312d,den312d-random-2,50,2,30.0,solved,0.345816,0.226,2955,121,2955,2918,121,1.01268,0,,/home/carsten/Projects/MAPF/MAPF Evaluator/results/tlcpp-den312d/runs/lg_lacam_fork_lg/den312d/den312d-random-2_a50_s2_r0,2955,0.226,"{""agents"": ""50"", ""comp_time"": ""226"", ""makespan"": ""121"", ""makespan_lb"": ""121"", ""map_file"": ""den312d.map"", ""seed"": ""2"", ""soc"": ""2955"", ""soc_lb"": ""2918"", ""solved"": ""1"", ""solver"": ""planner"", ""sum_of_loss"": ""2955"", ""sum_of_loss_lb"": ""2918""}"
lg_lacam_fork:lg_tl,LG-LaCAM (window 20) + traffic load,den312d,den312d-random-2,50,1,30.0,solved,0.244148,0.058,2957,121,2957,2918,121,1.013365,0,,/home/carsten/Projects/MAPF/MAPF Evaluator/results/tlcpp-den312d/runs/lg_lacam_fork_lg_tl/den312d/den312d-random-2_a50_s1_r0,2957,0.058,"{""agents"": ""50"", ""comp_time"": ""58"", ""makespan"": ""121"", ""makespan_lb"": ""121"", ""map_file"": ""den312d.map"", ""seed"": ""1"", ""soc"": ""2957"", ""soc_lb"": ""2918"", ""solved"": ""1"", ""solver"": ""planner"", ""sum_of_loss"": ""2957"", ""sum_of_loss_lb"": ""2918""}"
lg_lacam_fork:lg_tl,LG-LaCAM (window 20) + traffic load,den312d,den312d-random-2,50,2,30.0,solved,0.228833,0.18,2955,121,2955,2918,121,1.01268,0,,/home/carsten/Projects/MAPF/MAPF Evaluator/results/tlcpp-den312d/runs/lg_lacam_fork_lg_tl/den312d/den312d-random-2_a50_s2_r0,2955,0.18,"{""agents"": ""50"", ""comp_time"": ""180"", ""makespan"": ""121"", ""makespan_lb"": ""121"", ""map_file"": ""den312d.map"", ""seed"": ""2"", ""soc"": ""2955"", ""soc_lb"": ""2918"", ""solved"": ""1"", ""solver"": ""planner"", ""sum_of_loss"": ""2955"", ""sum_of_loss_lb"": ""2918""}"
lg_lacam_fork:lg_tl,LG-LaCAM (window 20) + traffic load,den312d,den312d-random-2,50,0,30.0,solved,0.502932,0.309,2960,121,2960,2918,121,1.014393,0,,/home/carsten/Projects/MAPF/MAPF Evaluator/results/tlcpp-den312d/runs/lg_lacam_fork_lg_tl/den312d/den312d-random-2_a50_s0_r0,2960,0.309,"{""agents"": ""50"", ""comp_time"": ""309"", ""makespan"": ""121"", ""makespan_lb"": ""121"", ""map_file"": ""den312d.map"", ""seed"": ""0"", ""soc"": ""2960"", ""soc_lb"": ""2918"", ""solved"": ""1"", ""solver"": ""planner"", ""sum_of_loss"": ""2960"", ""sum_of_loss_lb"": ""2918""}"
lg_lacam_fork:lg_suo,LG-LaCAM (window 20) + SUO,den312d,den312d-random-2,50,1,30.0,solved,0.075791,0.033,2956,121,2956,2918,121,1.013023,0,,/home/carsten/Projects/MAPF/MAPF Evaluator/results/tlcpp-den312d/runs/lg_lacam_fork_lg_suo/den312d/den312d-random-2_a50_s1_r0,2956,0.033,"{""agents"": ""50"", ""comp_time"": ""33"", ""makespan"": ""121"", ""makespan_lb"": ""121"", ""map_file"": ""den312d.map"", ""seed"": ""1"", ""soc"": ""2956"", ""soc_lb"": ""2918"", ""solved"": ""1"", ""solver"": ""planner"", ""sum_of_loss"": ""2956"", ""sum_of_loss_lb"": ""2918""}"
lg_lacam_fork:lg_suo,LG-LaCAM (window 20) + SUO,den312d,den312d-random-2,50,2,30.0,solved,0.144377,0.063,2960,121,2960,2918,121,1.014393,0,,/home/carsten/Projects/MAPF/MAPF Evaluator/results/tlcpp-den312d/runs/lg_lacam_fork_lg_suo/den312d/den312d-random-2_a50_s2_r0,2960,0.063,"{""agents"": ""50"", ""comp_time"": ""63"", ""makespan"": ""121"", ""makespan_lb"": ""121"", ""map_file"": ""den312d.map"", ""seed"": ""2"", ""soc"": ""2960"", ""soc_lb"": ""2918"", ""solved"": ""1"", ""solver"": ""planner"", ""sum_of_loss"": ""2960"", ""sum_of_loss_lb"": ""2918""}"
lg_lacam_fork:lg_suo,LG-LaCAM (window 20) + SUO,den312d,den312d-random-2,50,0,30.0,solved,0.421907,0.307,2957,121,2957,2918,121,1.013365,0,,/home/carsten/Projects/MAPF/MAPF Evaluator/results/tlcpp-den312d/runs/lg_lacam_fork_lg_suo/den312d/den312d-random-2_a50_s0_r0,2957,0.307,"{""agents"": ""50"", ""comp_time"": ""307"", ""makespan"": ""121"", ""makespan_lb"": ""121"", ""map_file"": ""den312d.map"", ""seed"": ""0"", ""soc"": ""2957"", ""soc_lb"": ""2918"", ""solved"": ""1"", ""solver"": ""planner"", ""sum_of_loss"": ""2957"", ""sum_of_loss_lb"": ""2918""}"
lg_lacam_fork:lg_suo_tl,LG-LaCAM (window 20) + SUO + traffic load,den312d,den312d-random-2,50,0,30.0,solved,0.26411,0.159,2957,121,2957,2918,121,1.013365,0,,/home/carsten/Projects/MAPF/MAPF Evaluator/results/tlcpp-den312d/runs/lg_lacam_fork_lg_suo_tl/den312d/den312d-random-2_a50_s0_r0,2957,0.159,"{""agents"": ""50"", ""comp_time"": ""159"", ""makespan"": ""121"", ""makespan_lb"": ""121"", ""map_file"": ""den312d.map"", ""seed"": ""0"", ""soc"": ""2957"", ""soc_lb"": ""2918"", ""solved"": ""1"", ""solver"": ""planner"", ""sum_of_loss"": ""2957"", ""sum_of_loss_lb"": ""2918""}"
lg_lacam_fork:lg_suo_tl,LG-LaCAM (window 20) + SUO + traffic load,den312d,den312d-random-2,50,1,30.0,solved,0.118973,0.078,2956,121,2956,2918,121,1.013023,0,,/home/carsten/Projects/MAPF/MAPF Evaluator/results/tlcpp-den312d/runs/lg_lacam_fork_lg_suo_tl/den312d/den312d-random-2_a50_s1_r0,2956,0.078,"{""agents"": ""50"", ""comp_time"": ""78"", ""makespan"": ""121"", ""makespan_lb"": ""121"", ""map_file"": ""den312d.map"", ""seed"": ""1"", ""soc"": ""2956"", ""soc_lb"": ""2918"", ""solved"": ""1"", ""solver"": ""planner"", ""sum_of_loss"": ""2956"", ""sum_of_loss_lb"": ""2918""}"
lg_lacam_fork:lg_suo_tl,LG-LaCAM (window 20) + SUO + traffic load,den312d,den312d-random-2,50,2,30.0,solved,0.201063,0.088,2960,121,2960,2918,121,1.014393,0,,/home/carsten/Projects/MAPF/MAPF Evaluator/results/tlcpp-den312d/runs/lg_lacam_fork_lg_suo_tl/den312d/den312d-random-2_a50_s2_r0,2960,0.088,"{""agents"": ""50"", ""comp_time"": ""88"", ""makespan"": ""121"", ""makespan_lb"": ""121"", ""map_file"": ""den312d.map"", ""seed"": ""2"", ""soc"": ""2960"", ""soc_lb"": ""2918"", ""solved"": ""1"", ""solver"": ""planner"", ""sum_of_loss"": ""2960"", ""sum_of_loss_lb"": ""2918""}"
lg_lacam_fork:lacam,"LaCAM (no guidance, first solution)",den312d,den312d-random-2,100,0,30.0,solved,0.114295,0.041,7487,124,6452,5809,122,1.288862,0,,/home/carsten/Projects/MAPF/MAPF Evaluator/results/tlcpp-den312d/runs/lg_lacam_fork_lacam/den312d/den312d-random-2_a100_s0_r0,7487,0.041,"{""agents"": ""100"", ""comp_time"": ""41"", ""makespan"": ""124"", ""makespan_lb"": ""122"", ""map_file"": ""den312d.map"", ""seed"": ""0"", ""soc"": ""7487"", ""soc_lb"": ""5809"", ""solved"": ""1"", ""solver"": ""planner"", ""sum_of_loss"": ""6517"", ""sum_of_loss_lb"": ""5809""}"
lg_lacam_fork:lacam,"LaCAM (no guidance, first solution)",den312d,den312d-random-2,100,1,30.0,solved,0.093402,0.014,7481,124,6462,5809,122,1.287829,0,,/home/carsten/Projects/MAPF/MAPF Evaluator/results/tlcpp-den312d/runs/lg_lacam_fork_lacam/den312d/den312d-random-2_a100_s1_r0,7481,0.014,"{""agents"": ""100"", ""comp_time"": ""14"", ""makespan"": ""124"", ""makespan_lb"": ""122"", ""map_file"": ""den312d.map"", ""seed"": ""1"", ""soc"": ""7481"", ""soc_lb"": ""5809"", ""solved"": ""1"", ""solver"": ""planner"", ""sum_of_loss"": ""6542"", ""sum_of_loss_lb"": ""5809""}"
lg_lacam_fork:lacam,"LaCAM (no guidance, first solution)",den312d,den312d-random-2,100,2,30.0,solved,0.083079,0.026,7425,125,6539,5809,122,1.278189,0,,/home/carsten/Projects/MAPF/MAPF Evaluator/results/tlcpp-den312d/runs/lg_lacam_fork_lacam/den312d/den312d-random-2_a100_s2_r0,7425,0.026,"{""agents"": ""100"", ""comp_time"": ""26"", ""makespan"": ""125"", ""makespan_lb"": ""122"", ""map_file"": ""den312d.map"", ""seed"": ""2"", ""soc"": ""7425"", ""soc_lb"": ""5809"", ""solved"": ""1"", ""solver"": ""planner"", ""sum_of_loss"": ""6605"", ""sum_of_loss_lb"": ""5809""}"
lg_lacam_fork:tl,"LaCAM + traffic load (tie-break, per config)",den312d,den312d-random-2,100,0,30.0,solved,0.1758,0.082,6783,124,6087,5809,122,1.167671,0,,/home/carsten/Projects/MAPF/MAPF Evaluator/results/tlcpp-den312d/runs/lg_lacam_fork_tl/den312d/den312d-random-2_a100_s0_r0,6783,0.082,"{""agents"": ""100"", ""comp_time"": ""82"", ""makespan"": ""124"", ""makespan_lb"": ""122"", ""map_file"": ""den312d.map"", ""seed"": ""0"", ""soc"": ""6783"", ""soc_lb"": ""5809"", ""solved"": ""1"", ""solver"": ""planner"", ""sum_of_loss"": ""6140"", ""sum_of_loss_lb"": ""5809""}"
lg_lacam_fork:tl,"LaCAM + traffic load (tie-break, per config)",den312d,den312d-random-2,100,1,30.0,solved,0.148912,0.072,6900,124,6102,5809,122,1.187812,0,,/home/carsten/Projects/MAPF/MAPF Evaluator/results/tlcpp-den312d/runs/lg_lacam_fork_tl/den312d/den312d-random-2_a100_s1_r0,6900,0.072,"{""agents"": ""100"", ""comp_time"": ""72"", ""makespan"": ""124"", ""makespan_lb"": ""122"", ""map_file"": ""den312d.map"", ""seed"": ""1"", ""soc"": ""6900"", ""soc_lb"": ""5809"", ""solved"": ""1"", ""solver"": ""planner"", ""sum_of_loss"": ""6160"", ""sum_of_loss_lb"": ""5809""}"
lg_lacam_fork:tl,"LaCAM + traffic load (tie-break, per config)",den312d,den312d-random-2,100,2,30.0,solved,0.121142,0.096,6750,124,6074,5809,122,1.16199,0,,/home/carsten/Projects/MAPF/MAPF Evaluator/results/tlcpp-den312d/runs/lg_lacam_fork_tl/den312d/den312d-random-2_a100_s2_r0,6750,0.096,"{""agents"": ""100"", ""comp_time"": ""96"", ""makespan"": ""124"", ""makespan_lb"": ""122"", ""map_file"": ""den312d.map"", ""seed"": ""2"", ""soc"": ""6750"", ""soc_lb"": ""5809"", ""solved"": ""1"", ""solver"": ""planner"", ""sum_of_loss"": ""6128"", ""sum_of_loss_lb"": ""5809""}"
lg_lacam_fork:tl_agent,"LaCAM + traffic load (tie-break, per agent)",den312d,den312d-random-2,100,0,30.0,solved,0.138417,0.05,6872,124,6088,5809,122,1.182992,0,,/home/carsten/Projects/MAPF/MAPF Evaluator/results/tlcpp-den312d/runs/lg_lacam_fork_tl_agent/den312d/den312d-random-2_a100_s0_r0,6872,0.05,"{""agents"": ""100"", ""comp_time"": ""50"", ""makespan"": ""124"", ""makespan_lb"": ""122"", ""map_file"": ""den312d.map"", ""seed"": ""0"", ""soc"": ""6872"", ""soc_lb"": ""5809"", ""solved"": ""1"", ""solver"": ""planner"", ""sum_of_loss"": ""6139"", ""sum_of_loss_lb"": ""5809""}"
lg_lacam_fork:tl_agent,"LaCAM + traffic load (tie-break, per agent)",den312d,den312d-random-2,100,1,30.0,solved,0.106765,0.057,6927,124,6105,5809,122,1.19246,0,,/home/carsten/Projects/MAPF/MAPF Evaluator/results/tlcpp-den312d/runs/lg_lacam_fork_tl_agent/den312d/den312d-random-2_a100_s1_r0,6927,0.057,"{""agents"": ""100"", ""comp_time"": ""57"", ""makespan"": ""124"", ""makespan_lb"": ""122"", ""map_file"": ""den312d.map"", ""seed"": ""1"", ""soc"": ""6927"", ""soc_lb"": ""5809"", ""solved"": ""1"", ""solver"": ""planner"", ""sum_of_loss"": ""6162"", ""sum_of_loss_lb"": ""5809""}"
lg_lacam_fork:tl_agent,"LaCAM + traffic load (tie-break, per agent)",den312d,den312d-random-2,100,2,30.0,solved,0.097927,0.061,6936,124,6112,5809,122,1.194009,0,,/home/carsten/Projects/MAPF/MAPF Evaluator/results/tlcpp-den312d/runs/lg_lacam_fork_tl_agent/den312d/den312d-random-2_a100_s2_r0,6936,0.061,"{""agents"": ""100"", ""comp_time"": ""61"", ""makespan"": ""124"", ""makespan_lb"": ""122"", ""map_file"": ""den312d.map"", ""seed"": ""2"", ""soc"": ""6936"", ""soc_lb"": ""5809"", ""solved"": ""1"", ""solver"": ""planner"", ""sum_of_loss"": ""6174"", ""sum_of_loss_lb"": ""5809""}"
lg_lacam_fork:tl_static,LaCAM + traffic load (static map from starts),den312d,den312d-random-2,100,0,30.0,solved,0.161273,0.057,8070,135,6953,5809,122,1.389224,0,,/home/carsten/Projects/MAPF/MAPF Evaluator/results/tlcpp-den312d/runs/lg_lacam_fork_tl_static/den312d/den312d-random-2_a100_s0_r0,8070,0.057,"{""agents"": ""100"", ""comp_time"": ""57"", ""makespan"": ""135"", ""makespan_lb"": ""122"", ""map_file"": ""den312d.map"", ""seed"": ""0"", ""soc"": ""8070"", ""soc_lb"": ""5809"", ""solved"": ""1"", ""solver"": ""planner"", ""sum_of_loss"": ""7027"", ""sum_of_loss_lb"": ""5809""}"
lg_lacam_fork:tl_static,LaCAM + traffic load (static map from starts),den312d,den312d-random-2,100,1,30.0,solved,0.200819,0.068,8203,141,7074,5809,122,1.412119,0,,/home/carsten/Projects/MAPF/MAPF Evaluator/results/tlcpp-den312d/runs/lg_lacam_fork_tl_static/den312d/den312d-random-2_a100_s1_r0,8203,0.068,"{""agents"": ""100"", ""comp_time"": ""68"", ""makespan"": ""141"", ""makespan_lb"": ""122"", ""map_file"": ""den312d.map"", ""seed"": ""1"", ""soc"": ""8203"", ""soc_lb"": ""5809"", ""solved"": ""1"", ""solver"": ""planner"", ""sum_of_loss"": ""7158"", ""sum_of_loss_lb"": ""5809""}"
lg_lacam_fork:tl_static,LaCAM + traffic load (static map from starts),den312d,den312d-random-2,100,2,30.0,solved,0.167852,0.084,8026,140,6966,5809,122,1.381649,0,,/home/carsten/Projects/MAPF/MAPF Evaluator/results/tlcpp-den312d/runs/lg_lacam_fork_tl_static/den312d/den312d-random-2_a100_s2_r0,8026,0.084,"{""agents"": ""100"", ""comp_time"": ""84"", ""makespan"": ""140"", ""makespan_lb"": ""122"", ""map_file"": ""den312d.map"", ""seed"": ""2"", ""soc"": ""8026"", ""soc_lb"": ""5809"", ""solved"": ""1"", ""solver"": ""planner"", ""sum_of_loss"": ""7036"", ""sum_of_loss_lb"": ""5809""}"
lg_lacam_fork:suo,LaCAM3 = SUO (first solution),den312d,den312d-random-2,100,0,30.0,solved,0.151583,0.084,6151,126,6019,5809,122,1.058874,0,,/home/carsten/Projects/MAPF/MAPF Evaluator/results/tlcpp-den312d/runs/lg_lacam_fork_suo/den312d/den312d-random-2_a100_s0_r0,6151,0.084,"{""agents"": ""100"", ""comp_time"": ""84"", ""makespan"": ""126"", ""makespan_lb"": ""122"", ""map_file"": ""den312d.map"", ""seed"": ""0"", ""soc"": ""6151"", ""soc_lb"": ""5809"", ""solved"": ""1"", ""solver"": ""planner"", ""sum_of_loss"": ""6025"", ""sum_of_loss_lb"": ""5809""}"
lg_lacam_fork:suo,LaCAM3 = SUO (first solution),den312d,den312d-random-2,100,1,30.0,solved,0.243902,0.068,6090,127,6026,5809,122,1.048373,0,,/home/carsten/Projects/MAPF/MAPF Evaluator/results/tlcpp-den312d/runs/lg_lacam_fork_suo/den312d/den312d-random-2_a100_s1_r0,6090,0.068,"{""agents"": ""100"", ""comp_time"": ""68"", ""makespan"": ""127"", ""makespan_lb"": ""122"", ""map_file"": ""den312d.map"", ""seed"": ""1"", ""soc"": ""6090"", ""soc_lb"": ""5809"", ""solved"": ""1"", ""solver"": ""planner"", ""sum_of_loss"": ""6032"", ""sum_of_loss_lb"": ""5809""}"
lg_lacam_fork:suo_tl,SUO + traffic load,den312d,den312d-random-2,100,0,30.0,solved,0.106815,0.075,6095,127,6000,5809,122,1.049234,0,,/home/carsten/Projects/MAPF/MAPF Evaluator/results/tlcpp-den312d/runs/lg_lacam_fork_suo_tl/den312d/den312d-random-2_a100_s0_r0,6095,0.075,"{""agents"": ""100"", ""comp_time"": ""75"", ""makespan"": ""127"", ""makespan_lb"": ""122"", ""map_file"": ""den312d.map"", ""seed"": ""0"", ""soc"": ""6095"", ""soc_lb"": ""5809"", ""solved"": ""1"", ""solver"": ""planner"", ""sum_of_loss"": ""6003"", ""sum_of_loss_lb"": ""5809""}"
lg_lacam_fork:suo,LaCAM3 = SUO (first solution),den312d,den312d-random-2,100,2,30.0,solved,0.100005,0.044,6168,127,6077,5809,122,1.061801,0,,/home/carsten/Projects/MAPF/MAPF Evaluator/results/tlcpp-den312d/runs/lg_lacam_fork_suo/den312d/den312d-random-2_a100_s2_r0,6168,0.044,"{""agents"": ""100"", ""comp_time"": ""44"", ""makespan"": ""127"", ""makespan_lb"": ""122"", ""map_file"": ""den312d.map"", ""seed"": ""2"", ""soc"": ""6168"", ""soc_lb"": ""5809"", ""solved"": ""1"", ""solver"": ""planner"", ""sum_of_loss"": ""6082"", ""sum_of_loss_lb"": ""5809""}"
lg_lacam_fork:suo_tl,SUO + traffic load,den312d,den312d-random-2,100,1,30.0,solved,0.178984,0.117,5987,127,5957,5809,122,1.030642,0,,/home/carsten/Projects/MAPF/MAPF Evaluator/results/tlcpp-den312d/runs/lg_lacam_fork_suo_tl/den312d/den312d-random-2_a100_s1_r0,5987,0.117,"{""agents"": ""100"", ""comp_time"": ""117"", ""makespan"": ""127"", ""makespan_lb"": ""122"", ""map_file"": ""den312d.map"", ""seed"": ""1"", ""soc"": ""5987"", ""soc_lb"": ""5809"", ""solved"": ""1"", ""solver"": ""planner"", ""sum_of_loss"": ""5959"", ""sum_of_loss_lb"": ""5809""}"
lg_lacam_fork:lg,"LG-LaCAM (window 20, first solution)",den312d,den312d-random-2,100,0,30.0,solved,0.146862,0.087,5971,124,5941,5809,122,1.027888,0,,/home/carsten/Projects/MAPF/MAPF Evaluator/results/tlcpp-den312d/runs/lg_lacam_fork_lg/den312d/den312d-random-2_a100_s0_r0,5971,0.087,"{""agents"": ""100"", ""comp_time"": ""87"", ""makespan"": ""124"", ""makespan_lb"": ""122"", ""map_file"": ""den312d.map"", ""seed"": ""0"", ""soc"": ""5971"", ""soc_lb"": ""5809"", ""solved"": ""1"", ""solver"": ""planner"", ""sum_of_loss"": ""5942"", ""sum_of_loss_lb"": ""5809""}"
lg_lacam_fork:suo_tl,SUO + traffic load,den312d,den312d-random-2,100,2,30.0,solved,0.341949,0.246,6116,129,6014,5809,122,1.052849,0,,/home/carsten/Projects/MAPF/MAPF Evaluator/results/tlcpp-den312d/runs/lg_lacam_fork_suo_tl/den312d/den312d-random-2_a100_s2_r0,6116,0.246,"{""agents"": ""100"", ""comp_time"": ""246"", ""makespan"": ""129"", ""makespan_lb"": ""122"", ""map_file"": ""den312d.map"", ""seed"": ""2"", ""soc"": ""6116"", ""soc_lb"": ""5809"", ""solved"": ""1"", ""solver"": ""planner"", ""sum_of_loss"": ""6017"", ""sum_of_loss_lb"": ""5809""}"
lg_lacam_fork:lg,"LG-LaCAM (window 20, first solution)",den312d,den312d-random-2,100,2,30.0,solved,0.216087,0.133,5959,124,5943,5809,122,1.025822,0,,/home/carsten/Projects/MAPF/MAPF Evaluator/results/tlcpp-den312d/runs/lg_lacam_fork_lg/den312d/den312d-random-2_a100_s2_r0,5959,0.133,"{""agents"": ""100"", ""comp_time"": ""133"", ""makespan"": ""124"", ""makespan_lb"": ""122"", ""map_file"": ""den312d.map"", ""seed"": ""2"", ""soc"": ""5959"", ""soc_lb"": ""5809"", ""solved"": ""1"", ""solver"": ""planner"", ""sum_of_loss"": ""5945"", ""sum_of_loss_lb"": ""5809""}"
lg_lacam_fork:lg,"LG-LaCAM (window 20, first solution)",den312d,den312d-random-2,100,1,30.0,solved,0.55235,0.387,5991,125,5943,5809,122,1.031331,0,,/home/carsten/Projects/MAPF/MAPF Evaluator/results/tlcpp-den312d/runs/lg_lacam_fork_lg/den312d/den312d-random-2_a100_s1_r0,5991,0.387,"{""agents"": ""100"", ""comp_time"": ""387"", ""makespan"": ""125"", ""makespan_lb"": ""122"", ""map_file"": ""den312d.map"", ""seed"": ""1"", ""soc"": ""5991"", ""soc_lb"": ""5809"", ""solved"": ""1"", ""solver"": ""planner"", ""sum_of_loss"": ""5945"", ""sum_of_loss_lb"": ""5809""}"
lg_lacam_fork:lg_tl,LG-LaCAM (window 20) + traffic load,den312d,den312d-random-2,100,0,30.0,solved,0.218052,0.155,5972,124,5942,5809,122,1.02806,0,,/home/carsten/Projects/MAPF/MAPF Evaluator/results/tlcpp-den312d/runs/lg_lacam_fork_lg_tl/den312d/den312d-random-2_a100_s0_r0,5972,0.155,"{""agents"": ""100"", ""comp_time"": ""155"", ""makespan"": ""124"", ""makespan_lb"": ""122"", ""map_file"": ""den312d.map"", ""seed"": ""0"", ""soc"": ""5972"", ""soc_lb"": ""5809"", ""solved"": ""1"", ""solver"": ""planner"", ""sum_of_loss"": ""5943"", ""sum_of_loss_lb"": ""5809""}"
lg_lacam_fork:lg_suo,LG-LaCAM (window 20) + SUO,den312d,den312d-random-2,100,0,30.0,solved,0.162164,0.127,5961,127,5938,5809,122,1.026166,0,,/home/carsten/Projects/MAPF/MAPF Evaluator/results/tlcpp-den312d/runs/lg_lacam_fork_lg_suo/den312d/den312d-random-2_a100_s0_r0,5961,0.127,"{""agents"": ""100"", ""comp_time"": ""127"", ""makespan"": ""127"", ""makespan_lb"": ""122"", ""map_file"": ""den312d.map"", ""seed"": ""0"", ""soc"": ""5961"", ""soc_lb"": ""5809"", ""solved"": ""1"", ""solver"": ""planner"", ""sum_of_loss"": ""5941"", ""sum_of_loss_lb"": ""5809""}"
lg_lacam_fork:lg_tl,LG-LaCAM (window 20) + traffic load,den312d,den312d-random-2,100,2,30.0,solved,0.399233,0.352,5959,124,5943,5809,122,1.025822,0,,/home/carsten/Projects/MAPF/MAPF Evaluator/results/tlcpp-den312d/runs/lg_lacam_fork_lg_tl/den312d/den312d-random-2_a100_s2_r0,5959,0.352,"{""agents"": ""100"", ""comp_time"": ""352"", ""makespan"": ""124"", ""makespan_lb"": ""122"", ""map_file"": ""den312d.map"", ""seed"": ""2"", ""soc"": ""5959"", ""soc_lb"": ""5809"", ""solved"": ""1"", ""solver"": ""planner"", ""sum_of_loss"": ""5945"", ""sum_of_loss_lb"": ""5809""}"
lg_lacam_fork:lg_tl,LG-LaCAM (window 20) + traffic load,den312d,den312d-random-2,100,1,30.0,solved,0.762602,0.633,6001,125,5942,5809,122,1.033052,0,,/home/carsten/Projects/MAPF/MAPF Evaluator/results/tlcpp-den312d/runs/lg_lacam_fork_lg_tl/den312d/den312d-random-2_a100_s1_r0,6001,0.633,"{""agents"": ""100"", ""comp_time"": ""633"", ""makespan"": ""125"", ""makespan_lb"": ""122"", ""map_file"": ""den312d.map"", ""seed"": ""1"", ""soc"": ""6001"", ""soc_lb"": ""5809"", ""solved"": ""1"", ""solver"": ""planner"", ""sum_of_loss"": ""5946"", ""sum_of_loss_lb"": ""5809""}"
lg_lacam_fork:lg_suo,LG-LaCAM (window 20) + SUO,den312d,den312d-random-2,100,1,30.0,solved,0.671617,0.606,5955,125,5933,5809,122,1.025133,0,,/home/carsten/Projects/MAPF/MAPF Evaluator/results/tlcpp-den312d/runs/lg_lacam_fork_lg_suo/den312d/den312d-random-2_a100_s1_r0,5955,0.606,"{""agents"": ""100"", ""comp_time"": ""606"", ""makespan"": ""125"", ""makespan_lb"": ""122"", ""map_file"": ""den312d.map"", ""seed"": ""1"", ""soc"": ""5955"", ""soc_lb"": ""5809"", ""solved"": ""1"", ""solver"": ""planner"", ""sum_of_loss"": ""5935"", ""sum_of_loss_lb"": ""5809""}"
lg_lacam_fork:lg_suo,LG-LaCAM (window 20) + SUO,den312d,den312d-random-2,100,2,30.0,solved,0.387524,0.319,5945,125,5945,5809,122,1.023412,0,,/home/carsten/Projects/MAPF/MAPF Evaluator/results/tlcpp-den312d/runs/lg_lacam_fork_lg_suo/den312d/den312d-random-2_a100_s2_r0,5945,0.319,"{""agents"": ""100"", ""comp_time"": ""319"", ""makespan"": ""125"", ""makespan_lb"": ""122"", ""map_file"": ""den312d.map"", ""seed"": ""2"", ""soc"": ""5945"", ""soc_lb"": ""5809"", ""solved"": ""1"", ""solver"": ""planner"", ""sum_of_loss"": ""5945"", ""sum_of_loss_lb"": ""5809""}"
lg_lacam_fork:lg_suo_tl,LG-LaCAM (window 20) + SUO + traffic load,den312d,den312d-random-2,100,1,30.0,solved,0.2497,0.167,5953,125,5931,5809,122,1.024789,0,,/home/carsten/Projects/MAPF/MAPF Evaluator/results/tlcpp-den312d/runs/lg_lacam_fork_lg_suo_tl/den312d/den312d-random-2_a100_s1_r0,5953,0.167,"{""agents"": ""100"", ""comp_time"": ""167"", ""makespan"": ""125"", ""makespan_lb"": ""122"", ""map_file"": ""den312d.map"", ""seed"": ""1"", ""soc"": ""5953"", ""soc_lb"": ""5809"", ""solved"": ""1"", ""solver"": ""planner"", ""sum_of_loss"": ""5933"", ""sum_of_loss_lb"": ""5809""}"
lg_lacam_fork:lg_suo_tl,LG-LaCAM (window 20) + SUO + traffic load,den312d,den312d-random-2,100,0,30.0,solved,0.641837,0.54,5961,127,5939,5809,122,1.026166,0,,/home/carsten/Projects/MAPF/MAPF Evaluator/results/tlcpp-den312d/runs/lg_lacam_fork_lg_suo_tl/den312d/den312d-random-2_a100_s0_r0,5961,0.54,"{""agents"": ""100"", ""comp_time"": ""540"", ""makespan"": ""127"", ""makespan_lb"": ""122"", ""map_file"": ""den312d.map"", ""seed"": ""0"", ""soc"": ""5961"", ""soc_lb"": ""5809"", ""solved"": ""1"", ""solver"": ""planner"", ""sum_of_loss"": ""5943"", ""sum_of_loss_lb"": ""5809""}"
lg_lacam_fork:lacam,"LaCAM (no guidance, first solution)",den312d,den312d-random-2,150,0,30.0,solved,0.117914,0.044,11530,128,9882,8483,122,1.359189,0,,/home/carsten/Projects/MAPF/MAPF Evaluator/results/tlcpp-den312d/runs/lg_lacam_fork_lacam/den312d/den312d-random-2_a150_s0_r0,11530,0.044,"{""agents"": ""150"", ""comp_time"": ""44"", ""makespan"": ""128"", ""makespan_lb"": ""122"", ""map_file"": ""den312d.map"", ""seed"": ""0"", ""soc"": ""11530"", ""soc_lb"": ""8483"", ""solved"": ""1"", ""solver"": ""planner"", ""sum_of_loss"": ""10036"", ""sum_of_loss_lb"": ""8483""}"
lg_lacam_fork:lg_suo_tl,LG-LaCAM (window 20) + SUO + traffic load,den312d,den312d-random-2,100,2,30.0,solved,0.371869,0.316,5945,125,5945,5809,122,1.023412,0,,/home/carsten/Projects/MAPF/MAPF Evaluator/results/tlcpp-den312d/runs/lg_lacam_fork_lg_suo_tl/den312d/den312d-random-2_a100_s2_r0,5945,0.316,"{""agents"": ""100"", ""comp_time"": ""316"", ""makespan"": ""125"", ""makespan_lb"": ""122"", ""map_file"": ""den312d.map"", ""seed"": ""2"", ""soc"": ""5945"", ""soc_lb"": ""5809"", ""solved"": ""1"", ""solver"": ""planner"", ""sum_of_loss"": ""5945"", ""sum_of_loss_lb"": ""5809""}"
lg_lacam_fork:lacam,"LaCAM (no guidance, first solution)",den312d,den312d-random-2,150,1,30.0,solved,0.1221,0.038,11368,125,9932,8483,122,1.340092,0,,/home/carsten/Projects/MAPF/MAPF Evaluator/results/tlcpp-den312d/runs/lg_lacam_fork_lacam/den312d/den312d-random-2_a150_s1_r0,11368,0.038,"{""agents"": ""150"", ""comp_time"": ""38"", ""makespan"": ""125"", ""makespan_lb"": ""122"", ""map_file"": ""den312d.map"", ""seed"": ""1"", ""soc"": ""11368"", ""soc_lb"": ""8483"", ""solved"": ""1"", ""solver"": ""planner"", ""sum_of_loss"": ""10089"", ""sum_of_loss_lb"": ""8483""}"
lg_lacam_fork:lacam,"LaCAM (no guidance, first solution)",den312d,den312d-random-2,150,2,30.0,solved,0.141629,0.053,11594,127,9971,8483,122,1.366733,0,,/home/carsten/Projects/MAPF/MAPF Evaluator/results/tlcpp-den312d/runs/lg_lacam_fork_lacam/den312d/den312d-random-2_a150_s2_r0,11594,0.053,"{""agents"": ""150"", ""comp_time"": ""53"", ""makespan"": ""127"", ""makespan_lb"": ""122"", ""map_file"": ""den312d.map"", ""seed"": ""2"", ""soc"": ""11594"", ""soc_lb"": ""8483"", ""solved"": ""1"", ""solver"": ""planner"", ""sum_of_loss"": ""10110"", ""sum_of_loss_lb"": ""8483""}"
lg_lacam_fork:tl,"LaCAM + traffic load (tie-break, per config)",den312d,den312d-random-2,150,0,30.0,solved,0.165909,0.071,10325,124,9161,8483,122,1.21714,0,,/home/carsten/Projects/MAPF/MAPF Evaluator/results/tlcpp-den312d/runs/lg_lacam_fork_tl/den312d/den312d-random-2_a150_s0_r0,10325,0.071,"{""agents"": ""150"", ""comp_time"": ""71"", ""makespan"": ""124"", ""makespan_lb"": ""122"", ""map_file"": ""den312d.map"", ""seed"": ""0"", ""soc"": ""10325"", ""soc_lb"": ""8483"", ""solved"": ""1"", ""solver"": ""planner"", ""sum_of_loss"": ""9283"", ""sum_of_loss_lb"": ""8483""}"
lg_lacam_fork:tl,"LaCAM + traffic load (tie-break, per config)",den312d,den312d-random-2,150,1,30.0,solved,0.235951,0.074,10327,124,9136,8483,122,1.217376,0,,/home/carsten/Projects/MAPF/MAPF Evaluator/results/tlcpp-den312d/runs/lg_lacam_fork_tl/den312d/den312d-random-2_a150_s1_r0,10327,0.074,"{""agents"": ""150"", ""comp_time"": ""74"", ""makespan"": ""124"", ""makespan_lb"": ""122"", ""map_file"": ""den312d.map"", ""seed"": ""1"", ""soc"": ""10327"", ""soc_lb"": ""8483"", ""solved"": ""1"", ""solver"": ""planner"", ""sum_of_loss"": ""9258"", ""sum_of_loss_lb"": ""8483""}"
lg_lacam_fork:tl,"LaCAM + traffic load (tie-break, per config)",den312d,den312d-random-2,150,2,30.0,solved,0.170694,0.069,10476,124,9189,8483,122,1.23494,0,,/home/carsten/Projects/MAPF/MAPF Evaluator/results/tlcpp-den312d/runs/lg_lacam_fork_tl/den312d/den312d-random-2_a150_s2_r0,10476,0.069,"{""agents"": ""150"", ""comp_time"": ""69"", ""makespan"": ""124"", ""makespan_lb"": ""122"", ""map_file"": ""den312d.map"", ""seed"": ""2"", ""soc"": ""10476"", ""soc_lb"": ""8483"", ""solved"": ""1"", ""solver"": ""planner"", ""sum_of_loss"": ""9320"", ""sum_of_loss_lb"": ""8483""}"
lg_lacam_fork:tl_agent,"LaCAM + traffic load (tie-break, per agent)",den312d,den312d-random-2,150,0,30.0,solved,0.28189,0.151,10397,124,9165,8483,122,1.225628,0,,/home/carsten/Projects/MAPF/MAPF Evaluator/results/tlcpp-den312d/runs/lg_lacam_fork_tl_agent/den312d/den312d-random-2_a150_s0_r0,10397,0.151,"{""agents"": ""150"", ""comp_time"": ""151"", ""makespan"": ""124"", ""makespan_lb"": ""122"", ""map_file"": ""den312d.map"", ""seed"": ""0"", ""soc"": ""10397"", ""soc_lb"": ""8483"", ""solved"": ""1"", ""solver"": ""planner"", ""sum_of_loss"": ""9280"", ""sum_of_loss_lb"": ""8483""}"
lg_lacam_fork:tl_agent,"LaCAM + traffic load (tie-break, per agent)",den312d,den312d-random-2,150,2,30.0,solved,0.10933,0.048,10308,124,9145,8483,122,1.215136,0,,/home/carsten/Projects/MAPF/MAPF Evaluator/results/tlcpp-den312d/runs/lg_lacam_fork_tl_agent/den312d/den312d-random-2_a150_s2_r0,10308,0.048,"{""agents"": ""150"", ""comp_time"": ""48"", ""makespan"": ""124"", ""makespan_lb"": ""122"", ""map_file"": ""den312d.map"", ""seed"": ""2"", ""soc"": ""10308"", ""soc_lb"": ""8483"", ""solved"": ""1"", ""solver"": ""planner"", ""sum_of_loss"": ""9257"", ""sum_of_loss_lb"": ""8483""}"
lg_lacam_fork:tl_agent,"LaCAM + traffic load (tie-break, per agent)",den312d,den312d-random-2,150,1,30.0,solved,0.139818,0.08,10391,124,9199,8483,122,1.22492,0,,/home/carsten/Projects/MAPF/MAPF Evaluator/results/tlcpp-den312d/runs/lg_lacam_fork_tl_agent/den312d/den312d-random-2_a150_s1_r0,10391,0.08,"{""agents"": ""150"", ""comp_time"": ""80"", ""makespan"": ""124"", ""makespan_lb"": ""122"", ""map_file"": ""den312d.map"", ""seed"": ""1"", ""soc"": ""10391"", ""soc_lb"": ""8483"", ""solved"": ""1"", ""solver"": ""planner"", ""sum_of_loss"": ""9304"", ""sum_of_loss_lb"": ""8483""}"
lg_lacam_fork:tl_static,LaCAM + traffic load (static map from starts),den312d,den312d-random-2,150,1,30.0,solved,0.124267,0.07,11715,142,10255,8483,122,1.380997,0,,/home/carsten/Projects/MAPF/MAPF Evaluator/results/tlcpp-den312d/runs/lg_lacam_fork_tl_static/den312d/den312d-random-2_a150_s1_r0,11715,0.07,"{""agents"": ""150"", ""comp_time"": ""70"", ""makespan"": ""142"", ""makespan_lb"": ""122"", ""map_file"": ""den312d.map"", ""seed"": ""1"", ""soc"": ""11715"", ""soc_lb"": ""8483"", ""solved"": ""1"", ""solver"": ""planner"", ""sum_of_loss"": ""10454"", ""sum_of_loss_lb"": ""8483""}"
lg_lacam_fork:tl_static,LaCAM + traffic load (static map from starts),den312d,den312d-random-2,150,0,30.0,solved,0.194068,0.115,11476,131,10066,8483,122,1.352823,0,,/home/carsten/Projects/MAPF/MAPF Evaluator/results/tlcpp-den312d/runs/lg_lacam_fork_tl_static/den312d/den312d-random-2_a150_s0_r0,11476,0.115,"{""agents"": ""150"", ""comp_time"": ""115"", ""makespan"": ""131"", ""makespan_lb"": ""122"", ""map_file"": ""den312d.map"", ""seed"": ""0"", ""soc"": ""11476"", ""soc_lb"": ""8483"", ""solved"": ""1"", ""solver"": ""planner"", ""sum_of_loss"": ""10239"", ""sum_of_loss_lb"": ""8483""}"
lg_lacam_fork:suo,LaCAM3 = SUO (first solution),den312d,den312d-random-2,150,2,30.0,solved,0.180312,0.109,9923,131,9266,8483,122,1.169751,0,,/home/carsten/Projects/MAPF/MAPF Evaluator/results/tlcpp-den312d/runs/lg_lacam_fork_suo/den312d/den312d-random-2_a150_s2_r0,9923,0.109,"{""agents"": ""150"", ""comp_time"": ""109"", ""makespan"": ""131"", ""makespan_lb"": ""122"", ""map_file"": ""den312d.map"", ""seed"": ""2"", ""soc"": ""9923"", ""soc_lb"": ""8483"", ""solved"": ""1"", ""solver"": ""planner"", ""sum_of_loss"": ""9313"", ""sum_of_loss_lb"": ""8483""}"
lg_lacam_fork:suo,LaCAM3 = SUO (first solution),den312d,den312d-random-2,150,0,30.0,solved,0.318591,0.126,9553,129,9201,8483,122,1.126135,0,,/home/carsten/Projects/MAPF/MAPF Evaluator/results/tlcpp-den312d/runs/lg_lacam_fork_suo/den312d/den312d-random-2_a150_s0_r0,9553,0.126,"{""agents"": ""150"", ""comp_time"": ""126"", ""makespan"": ""129"", ""makespan_lb"": ""122"", ""map_file"": ""den312d.map"", ""seed"": ""0"", ""soc"": ""9553"", ""soc_lb"": ""8483"", ""solved"": ""1"", ""solver"": ""planner"", ""sum_of_loss"": ""9230"", ""sum_of_loss_lb"": ""8483""}"
lg_lacam_fork:tl_static,LaCAM + traffic load (static map from starts),den312d,den312d-random-2,150,2,30.0,solved,0.545528,0.316,11714,154,10324,8483,122,1.380879,0,,/home/carsten/Projects/MAPF/MAPF Evaluator/results/tlcpp-den312d/runs/lg_lacam_fork_tl_static/den312d/den312d-random-2_a150_s2_r0,11714,0.316,"{""agents"": ""150"", ""comp_time"": ""316"", ""makespan"": ""154"", ""makespan_lb"": ""122"", ""map_file"": ""den312d.map"", ""seed"": ""2"", ""soc"": ""11714"", ""soc_lb"": ""8483"", ""solved"": ""1"", ""solver"": ""planner"", ""sum_of_loss"": ""10544"", ""sum_of_loss_lb"": ""8483""}"
lg_lacam_fork:suo,LaCAM3 = SUO (first solution),den312d,den312d-random-2,150,1,30.0,solved,0.33195,0.074,9674,126,9167,8483,122,1.140398,0,,/home/carsten/Projects/MAPF/MAPF Evaluator/results/tlcpp-den312d/runs/lg_lacam_fork_suo/den312d/den312d-random-2_a150_s1_r0,9674,0.074,"{""agents"": ""150"", ""comp_time"": ""74"", ""makespan"": ""126"", ""makespan_lb"": ""122"", ""map_file"": ""den312d.map"", ""seed"": ""1"", ""soc"": ""9674"", ""soc_lb"": ""8483"", ""solved"": ""1"", ""solver"": ""planner"", ""sum_of_loss"": ""9215"", ""sum_of_loss_lb"": ""8483""}"
lg_lacam_fork:suo_tl,SUO + traffic load,den312d,den312d-random-2,150,1,30.0,solved,0.299006,0.218,9445,126,9009,8483,122,1.113403,0,,/home/carsten/Projects/MAPF/MAPF Evaluator/results/tlcpp-den312d/runs/lg_lacam_fork_suo_tl/den312d/den312d-random-2_a150_s1_r0,9445,0.218,"{""agents"": ""150"", ""comp_time"": ""218"", ""makespan"": ""126"", ""makespan_lb"": ""122"", ""map_file"": ""den312d.map"", ""seed"": ""1"", ""soc"": ""9445"", ""soc_lb"": ""8483"", ""solved"": ""1"", ""solver"": ""planner"", ""sum_of_loss"": ""9038"", ""sum_of_loss_lb"": ""8483""}"
lg_lacam_fork:suo_tl,SUO + traffic load,den312d,den312d-random-2,150,2,30.0,solved,0.626851,0.313,9417,134,9011,8483,122,1.110103,0,,/home/carsten/Projects/MAPF/MAPF Evaluator/results/tlcpp-den312d/runs/lg_lacam_fork_suo_tl/den312d/den312d-random-2_a150_s2_r0,9417,0.313,"{""agents"": ""150"", ""comp_time"": ""313"", ""makespan"": ""134"", ""makespan_lb"": ""122"", ""map_file"": ""den312d.map"", ""seed"": ""2"", ""soc"": ""9417"", ""soc_lb"": ""8483"", ""solved"": ""1"", ""solver"": ""planner"", ""sum_of_loss"": ""9031"", ""sum_of_loss_lb"": ""8483""}"
lg_lacam_fork:suo_tl,SUO + traffic load,den312d,den312d-random-2,150,0,30.0,solved,0.648947,0.508,9345,129,9023,8483,122,1.101615,0,,/home/carsten/Projects/MAPF/MAPF Evaluator/results/tlcpp-den312d/runs/lg_lacam_fork_suo_tl/den312d/den312d-random-2_a150_s0_r0,9345,0.508,"{""agents"": ""150"", ""comp_time"": ""508"", ""makespan"": ""129"", ""makespan_lb"": ""122"", ""map_file"": ""den312d.map"", ""seed"": ""0"", ""soc"": ""9345"", ""soc_lb"": ""8483"", ""solved"": ""1"", ""solver"": ""planner"", ""sum_of_loss"": ""9046"", ""sum_of_loss_lb"": ""8483""}"
lg_lacam_fork:lg,"LG-LaCAM (window 20, first solution)",den312d,den312d-random-2,150,0,30.0,solved,0.509083,0.316,8901,126,8845,8483,122,1.049275,0,,/home/carsten/Projects/MAPF/MAPF Evaluator/results/tlcpp-den312d/runs/lg_lacam_fork_lg/den312d/den312d-random-2_a150_s0_r0,8901,0.316,"{""agents"": ""150"", ""comp_time"": ""316"", ""makespan"": ""126"", ""makespan_lb"": ""122"", ""map_file"": ""den312d.map"", ""seed"": ""0"", ""soc"": ""8901"", ""soc_lb"": ""8483"", ""solved"": ""1"", ""solver"": ""planner"", ""sum_of_loss"": ""8848"", ""sum_of_loss_lb"": ""8483""}"
lg_lacam_fork:lg_tl,LG-LaCAM (window 20) + traffic load,den312d,den312d-random-2,150,1,30.0,solved,0.388831,0.27,8822,127,8807,8483,122,1.039962,0,,/home/carsten/Projects/MAPF/MAPF Evaluator/results/tlcpp-den312d/runs/lg_lacam_fork_lg_tl/den312d/den312d-random-2_a150_s1_r0,8822,0.27,"{""agents"": ""150"", ""comp_time"": ""270"", ""makespan"": ""127"", ""makespan_lb"": ""122"", ""map_file"": ""den312d.map"", ""seed"": ""1"", ""soc"": ""8822"", ""soc_lb"": ""8483"", ""solved"": ""1"", ""solver"": ""planner"", ""sum_of_loss"": ""8809"", ""sum_of_loss_lb"": ""8483""}"
lg_lacam_fork:lg,"LG-LaCAM (window 20, first solution)",den312d,den312d-random-2,150,1,30.0,solved,0.74265,0.517,8810,126,8798,8483,122,1.038548,0,,/home/carsten/Projects/MAPF/MAPF Evaluator/results/tlcpp-den312d/runs/lg_lacam_fork_lg/den312d/den312d-random-2_a150_s1_r0,8810,0.517,"{""agents"": ""150"", ""comp_time"": ""517"", ""makespan"": ""126"", ""makespan_lb"": ""122"", ""map_file"": ""den312d.map"", ""seed"": ""1"", ""soc"": ""8810"", ""soc_lb"": ""8483"", ""solved"": ""1"", ""solver"": ""planner"", ""sum_of_loss"": ""8799"", ""sum_of_loss_lb"": ""8483""}"
lg_lacam_fork:lg_tl,LG-LaCAM (window 20) + traffic load,den312d,den312d-random-2,150,0,30.0,solved,0.741296,0.432,8906,128,8845,8483,122,1.049864,0,,/home/carsten/Projects/MAPF/MAPF Evaluator/results/tlcpp-den312d/runs/lg_lacam_fork_lg_tl/den312d/den312d-random-2_a150_s0_r0,8906,0.432,"{""agents"": ""150"", ""comp_time"": ""432"", ""makespan"": ""128"", ""makespan_lb"": ""122"", ""map_file"": ""den312d.map"", ""seed"": ""0"", ""soc"": ""8906"", ""soc_lb"": ""8483"", ""solved"": ""1"", ""solver"": ""planner"", ""sum_of_loss"": ""8848"", ""sum_of_loss_lb"": ""8483""}"
lg_lacam_fork:lg,"LG-LaCAM (window 20, first solution)",den312d,den312d-random-2,150,2,30.0,solved,0.916555,0.737,8844,127,8825,8483,122,1.042556,0,,/home/carsten/Projects/MAPF/MAPF Evaluator/results/tlcpp-den312d/runs/lg_lacam_fork_lg/den312d/den312d-random-2_a150_s2_r0,8844,0.737,"{""agents"": ""150"", ""comp_time"": ""737"", ""makespan"": ""127"", ""makespan_lb"": ""122"", ""map_file"": ""den312d.map"", ""seed"": ""2"", ""soc"": ""8844"", ""soc_lb"": ""8483"", ""solved"": ""1"", ""solver"": ""planner"", ""sum_of_loss"": ""8827"", ""sum_of_loss_lb"": ""8483""}"
lg_lacam_fork:lg_suo,LG-LaCAM (window 20) + SUO,den312d,den312d-random-2,150,1,30.0,solved,0.277429,0.165,8826,126,8774,8483,122,1.040434,0,,/home/carsten/Projects/MAPF/MAPF Evaluator/results/tlcpp-den312d/runs/lg_lacam_fork_lg_suo/den312d/den312d-random-2_a150_s1_r0,8826,0.165,"{""agents"": ""150"", ""comp_time"": ""165"", ""makespan"": ""126"", ""makespan_lb"": ""122"", ""map_file"": ""den312d.map"", ""seed"": ""1"", ""soc"": ""8826"", ""soc_lb"": ""8483"", ""solved"": ""1"", ""solver"": ""planner"", ""sum_of_loss"": ""8778"", ""sum_of_loss_lb"": ""8483""}"
lg_lacam_fork:lg_tl,LG-LaCAM (window 20) + traffic load,den312d,den312d-random-2,150,2,30.0,solved,0.303194,0.185,8871,127,8823,8483,122,1.045739,0,,/home/carsten/Projects/MAPF/MAPF Evaluator/results/tlcpp-den312d/runs/lg_lacam_fork_lg_tl/den312d/den312d-random-2_a150_s2_r0,8871,0.185,"{""agents"": ""150"", ""comp_time"": ""185"", ""makespan"": ""127"", ""makespan_lb"": ""122"", ""map_file"": ""den312d.map"", ""seed"": ""2"", ""soc"": ""8871"", ""soc_lb"": ""8483"", ""solved"": ""1"", ""solver"": ""planner"", ""sum_of_loss"": ""8826"", ""sum_of_loss_lb"": ""8483""}"
lg_lacam_fork:lg_suo,LG-LaCAM (window 20) + SUO,den312d,den312d-random-2,150,0,30.0,solved,0.572687,0.48,8832,127,8786,8483,122,1.041141,0,,/home/carsten/Projects/MAPF/MAPF Evaluator/results/tlcpp-den312d/runs/lg_lacam_fork_lg_suo/den312d/den312d-random-2_a150_s0_r0,8832,0.48,"{""agents"": ""150"", ""comp_time"": ""480"", ""makespan"": ""127"", ""makespan_lb"": ""122"", ""map_file"": ""den312d.map"", ""seed"": ""0"", ""soc"": ""8832"", ""soc_lb"": ""8483"", ""solved"": ""1"", ""solver"": ""planner"", ""sum_of_loss"": ""8792"", ""sum_of_loss_lb"": ""8483""}"
lg_lacam_fork:lg_suo,LG-LaCAM (window 20) + SUO,den312d,den312d-random-2,150,2,30.0,solved,0.618842,0.533,8873,128,8820,8483,122,1.045974,0,,/home/carsten/Projects/MAPF/MAPF Evaluator/results/tlcpp-den312d/runs/lg_lacam_fork_lg_suo/den312d/den312d-random-2_a150_s2_r0,8873,0.533,"{""agents"": ""150"", ""comp_time"": ""533"", ""makespan"": ""128"", ""makespan_lb"": ""122"", ""map_file"": ""den312d.map"", ""seed"": ""2"", ""soc"": ""8873"", ""soc_lb"": ""8483"", ""solved"": ""1"", ""solver"": ""planner"", ""sum_of_loss"": ""8823"", ""sum_of_loss_lb"": ""8483""}"
lg_lacam_fork:lg_suo_tl,LG-LaCAM (window 20) + SUO + traffic load,den312d,den312d-random-2,150,0,30.0,solved,0.846991,0.626,8847,127,8801,8483,122,1.042909,0,,/home/carsten/Projects/MAPF/MAPF Evaluator/results/tlcpp-den312d/runs/lg_lacam_fork_lg_suo_tl/den312d/den312d-random-2_a150_s0_r0,8847,0.626,"{""agents"": ""150"", ""comp_time"": ""626"", ""makespan"": ""127"", ""makespan_lb"": ""122"", ""map_file"": ""den312d.map"", ""seed"": ""0"", ""soc"": ""8847"", ""soc_lb"": ""8483"", ""solved"": ""1"", ""solver"": ""planner"", ""sum_of_loss"": ""8805"", ""sum_of_loss_lb"": ""8483""}"
lg_lacam_fork:lg_suo_tl,LG-LaCAM (window 20) + SUO + traffic load,den312d,den312d-random-2,150,1,30.0,solved,0.819077,0.724,8824,126,8772,8483,122,1.040198,0,,/home/carsten/Projects/MAPF/MAPF Evaluator/results/tlcpp-den312d/runs/lg_lacam_fork_lg_suo_tl/den312d/den312d-random-2_a150_s1_r0,8824,0.724,"{""agents"": ""150"", ""comp_time"": ""724"", ""makespan"": ""126"", ""makespan_lb"": ""122"", ""map_file"": ""den312d.map"", ""seed"": ""1"", ""soc"": ""8824"", ""soc_lb"": ""8483"", ""solved"": ""1"", ""solver"": ""planner"", ""sum_of_loss"": ""8776"", ""sum_of_loss_lb"": ""8483""}"
lg_lacam_fork:lacam,"LaCAM (no guidance, first solution)",den312d,den312d-random-2,200,0,30.0,solved,0.167818,0.041,16223,132,13758,11145,126,1.45563,0,,/home/carsten/Projects/MAPF/MAPF Evaluator/results/tlcpp-den312d/runs/lg_lacam_fork_lacam/den312d/den312d-random-2_a200_s0_r0,16223,0.041,"{""agents"": ""200"", ""comp_time"": ""41"", ""makespan"": ""132"", ""makespan_lb"": ""126"", ""map_file"": ""den312d.map"", ""seed"": ""0"", ""soc"": ""16223"", ""soc_lb"": ""11145"", ""solved"": ""1"", ""solver"": ""planner"", ""sum_of_loss"": ""14014"", ""sum_of_loss_lb"": ""11145""}"
lg_lacam_fork:lg_suo_tl,LG-LaCAM (window 20) + SUO + traffic load,den312d,den312d-random-2,150,2,30.0,solved,0.819803,0.622,8881,127,8812,8483,122,1.046917,0,,/home/carsten/Projects/MAPF/MAPF Evaluator/results/tlcpp-den312d/runs/lg_lacam_fork_lg_suo_tl/den312d/den312d-random-2_a150_s2_r0,8881,0.622,"{""agents"": ""150"", ""comp_time"": ""622"", ""makespan"": ""127"", ""makespan_lb"": ""122"", ""map_file"": ""den312d.map"", ""seed"": ""2"", ""soc"": ""8881"", ""soc_lb"": ""8483"", ""solved"": ""1"", ""solver"": ""planner"", ""sum_of_loss"": ""8818"", ""sum_of_loss_lb"": ""8483""}"
lg_lacam_fork:lacam,"LaCAM (no guidance, first solution)",den312d,den312d-random-2,200,1,30.0,solved,0.195649,0.045,16502,132,14040,11145,126,1.480664,0,,/home/carsten/Projects/MAPF/MAPF Evaluator/results/tlcpp-den312d/runs/lg_lacam_fork_lacam/den312d/den312d-random-2_a200_s1_r0,16502,0.045,"{""agents"": ""200"", ""comp_time"": ""45"", ""makespan"": ""132"", ""makespan_lb"": ""126"", ""map_file"": ""den312d.map"", ""seed"": ""1"", ""soc"": ""16502"", ""soc_lb"": ""11145"", ""solved"": ""1"", ""solver"": ""planner"", ""sum_of_loss"": ""14282"", ""sum_of_loss_lb"": ""11145""}"
lg_lacam_fork:lacam,"LaCAM (no guidance, first solution)",den312d,den312d-random-2,200,2,30.0,solved,0.159651,0.043,16808,140,14196,11145,126,1.50812,0,,/home/carsten/Projects/MAPF/MAPF Evaluator/results/tlcpp-den312d/runs/lg_lacam_fork_lacam/den312d/den312d-random-2_a200_s2_r0,16808,0.043,"{""agents"": ""200"", ""comp_time"": ""43"", ""makespan"": ""140"", ""makespan_lb"": ""126"", ""map_file"": ""den312d.map"", ""seed"": ""2"", ""soc"": ""16808"", ""soc_lb"": ""11145"", ""solved"": ""1"", ""solver"": ""planner"", ""sum_of_loss"": ""14436"", ""sum_of_loss_lb"": ""11145""}"
lg_lacam_fork:tl,"LaCAM + traffic load (tie-break, per config)",den312d,den312d-random-2,200,0,30.0,solved,0.225454,0.102,14883,130,12840,11145,126,1.335397,0,,/home/carsten/Projects/MAPF/MAPF Evaluator/results/tlcpp-den312d/runs/lg_lacam_fork_tl/den312d/den312d-random-2_a200_s0_r0,14883,0.102,"{""agents"": ""200"", ""comp_time"": ""102"", ""makespan"": ""130"", ""makespan_lb"": ""126"", ""map_file"": ""den312d.map"", ""seed"": ""0"", ""soc"": ""14883"", ""soc_lb"": ""11145"", ""solved"": ""1"", ""solver"": ""planner"", ""sum_of_loss"": ""13034"", ""sum_of_loss_lb"": ""11145""}"
lg_lacam_fork:tl,"LaCAM + traffic load (tie-break, per config)",den312d,den312d-random-2,200,1,30.0,solved,0.247509,0.173,15294,126,12775,11145,126,1.372275,0,,/home/carsten/Projects/MAPF/MAPF Evaluator/results/tlcpp-den312d/runs/lg_lacam_fork_tl/den312d/den312d-random-2_a200_s1_r0,15294,0.173,"{""agents"": ""200"", ""comp_time"": ""173"", ""makespan"": ""126"", ""makespan_lb"": ""126"", ""map_file"": ""den312d.map"", ""seed"": ""1"", ""soc"": ""15294"", ""soc_lb"": ""11145"", ""solved"": ""1"", ""solver"": ""planner"", ""sum_of_loss"": ""12983"", ""sum_of_loss_lb"": ""11145""}"
lg_lacam_fork:tl_agent,"LaCAM + traffic load (tie-break, per agent)",den312d,den312d-random-2,200,1,30.0,solved,0.1498,0.081,15029,130,12817,11145,126,1.348497,0,,/home/carsten/Projects/MAPF/MAPF Evaluator/results/tlcpp-den312d/runs/lg_lacam_fork_tl_agent/den312d/den312d-random-2_a200_s1_r0,15029,0.081,"{""agents"": ""200"", ""comp_time"": ""81"", ""makespan"": ""130"", ""makespan_lb"": ""126"", ""map_file"": ""den312d.map"", ""seed"": ""1"", ""soc"": ""15029"", ""soc_lb"": ""11145"", ""solved"": ""1"", ""solver"": ""planner"", ""sum_of_loss"": ""13021"", ""sum_of_loss_lb"": ""11145""}"
lg_lacam_fork:tl_agent,"LaCAM + traffic load (tie-break, per agent)",den312d,den312d-random-2,200,2,30.0,solved,0.405817,0.216,15143,130,12801,11145,126,1.358726,0,,/home/carsten/Projects/MAPF/MAPF Evaluator/results/tlcpp-den312d/runs/lg_lacam_fork_tl_agent/den312d/den312d-random-2_a200_s2_r0,15143,0.216,"{""agents"": ""200"", ""comp_time"": ""216"", ""makespan"": ""130"", ""makespan_lb"": ""126"", ""map_file"": ""den312d.map"", ""seed"": ""2"", ""soc"": ""15143"", ""soc_lb"": ""11145"", ""solved"": ""1"", ""solver"": ""planner"", ""sum_of_loss"": ""13011"", ""sum_of_loss_lb"": ""11145""}"
lg_lacam_fork:tl,"LaCAM + traffic load (tie-break, per config)",den312d,den312d-random-2,200,2,30.0,solved,0.424778,0.221,15174,126,12734,11145,126,1.361507,0,,/home/carsten/Projects/MAPF/MAPF Evaluator/results/tlcpp-den312d/runs/lg_lacam_fork_tl/den312d/den312d-random-2_a200_s2_r0,15174,0.221,"{""agents"": ""200"", ""comp_time"": ""221"", ""makespan"": ""126"", ""makespan_lb"": ""126"", ""map_file"": ""den312d.map"", ""seed"": ""2"", ""soc"": ""15174"", ""soc_lb"": ""11145"", ""solved"": ""1"", ""solver"": ""planner"", ""sum_of_loss"": ""12943"", ""sum_of_loss_lb"": ""11145""}"
lg_lacam_fork:tl_agent,"LaCAM + traffic load (tie-break, per agent)",den312d,den312d-random-2,200,0,30.0,error,1.186479,,,,,11145,126,,-6,exit code -6: terminate called after throwing an instance of 'std::system_error' what(): Resource temporarily unavailable,/home/carsten/Projects/MAPF/MAPF Evaluator/results/tlcpp-den312d/runs/lg_lacam_fork_tl_agent/den312d/den312d-random-2_a200_s0_r0,,,
lg_lacam_fork:tl_static,LaCAM + traffic load (static map from starts),den312d,den312d-random-2,200,0,30.0,solved,0.331582,0.16,17260,168,14976,11145,126,1.548677,0,,/home/carsten/Projects/MAPF/MAPF Evaluator/results/tlcpp-den312d/runs/lg_lacam_fork_tl_static/den312d/den312d-random-2_a200_s0_r0,17260,0.16,"{""agents"": ""200"", ""comp_time"": ""160"", ""makespan"": ""168"", ""makespan_lb"": ""126"", ""map_file"": ""den312d.map"", ""seed"": ""0"", ""soc"": ""17260"", ""soc_lb"": ""11145"", ""solved"": ""1"", ""solver"": ""planner"", ""sum_of_loss"": ""15416"", ""sum_of_loss_lb"": ""11145""}"
lg_lacam_fork:tl_static,LaCAM + traffic load (static map from starts),den312d,den312d-random-2,200,1,30.0,solved,0.334282,0.105,17212,169,14787,11145,126,1.54437,0,,/home/carsten/Projects/MAPF/MAPF Evaluator/results/tlcpp-den312d/runs/lg_lacam_fork_tl_static/den312d/den312d-random-2_a200_s1_r0,17212,0.105,"{""agents"": ""200"", ""comp_time"": ""105"", ""makespan"": ""169"", ""makespan_lb"": ""126"", ""map_file"": ""den312d.map"", ""seed"": ""1"", ""soc"": ""17212"", ""soc_lb"": ""11145"", ""solved"": ""1"", ""solver"": ""planner"", ""sum_of_loss"": ""15203"", ""sum_of_loss_lb"": ""11145""}"
lg_lacam_fork:tl_static,LaCAM + traffic load (static map from starts),den312d,den312d-random-2,200,2,30.0,solved,0.677561,0.497,17640,208,15186,11145,126,1.582773,0,,/home/carsten/Projects/MAPF/MAPF Evaluator/results/tlcpp-den312d/runs/lg_lacam_fork_tl_static/den312d/den312d-random-2_a200_s2_r0,17640,0.497,"{""agents"": ""200"", ""comp_time"": ""497"", ""makespan"": ""208"", ""makespan_lb"": ""126"", ""map_file"": ""den312d.map"", ""seed"": ""2"", ""soc"": ""17640"", ""soc_lb"": ""11145"", ""solved"": ""1"", ""solver"": ""planner"", ""sum_of_loss"": ""15613"", ""sum_of_loss_lb"": ""11145""}"
lg_lacam_fork:suo,LaCAM3 = SUO (first solution),den312d,den312d-random-2,200,0,30.0,solved,0.567893,0.385,14102,136,13030,11145,126,1.265321,0,,/home/carsten/Projects/MAPF/MAPF Evaluator/results/tlcpp-den312d/runs/lg_lacam_fork_suo/den312d/den312d-random-2_a200_s0_r0,14102,0.385,"{""agents"": ""200"", ""comp_time"": ""385"", ""makespan"": ""136"", ""makespan_lb"": ""126"", ""map_file"": ""den312d.map"", ""seed"": ""0"", ""soc"": ""14102"", ""soc_lb"": ""11145"", ""solved"": ""1"", ""solver"": ""planner"", ""sum_of_loss"": ""13125"", ""sum_of_loss_lb"": ""11145""}"
lg_lacam_fork:suo,LaCAM3 = SUO (first solution),den312d,den312d-random-2,200,1,30.0,solved,0.756868,0.612,13660,138,12820,11145,126,1.225662,0,,/home/carsten/Projects/MAPF/MAPF Evaluator/results/tlcpp-den312d/runs/lg_lacam_fork_suo/den312d/den312d-random-2_a200_s1_r0,13660,0.612,"{""agents"": ""200"", ""comp_time"": ""612"", ""makespan"": ""138"", ""makespan_lb"": ""126"", ""map_file"": ""den312d.map"", ""seed"": ""1"", ""soc"": ""13660"", ""soc_lb"": ""11145"", ""solved"": ""1"", ""solver"": ""planner"", ""sum_of_loss"": ""12892"", ""sum_of_loss_lb"": ""11145""}"
lg_lacam_fork:suo_tl,SUO + traffic load,den312d,den312d-random-2,200,0,30.0,solved,0.642071,0.502,13001,136,12381,11145,126,1.166532,0,,/home/carsten/Projects/MAPF/MAPF Evaluator/results/tlcpp-den312d/runs/lg_lacam_fork_suo_tl/den312d/den312d-random-2_a200_s0_r0,13001,0.502,"{""agents"": ""200"", ""comp_time"": ""502"", ""makespan"": ""136"", ""makespan_lb"": ""126"", ""map_file"": ""den312d.map"", ""seed"": ""0"", ""soc"": ""13001"", ""soc_lb"": ""11145"", ""solved"": ""1"", ""solver"": ""planner"", ""sum_of_loss"": ""12436"", ""sum_of_loss_lb"": ""11145""}"
lg_lacam_fork:suo,LaCAM3 = SUO (first solution),den312d,den312d-random-2,200,2,30.0,solved,0.86339,0.632,13600,136,12956,11145,126,1.220278,0,,/home/carsten/Projects/MAPF/MAPF Evaluator/results/tlcpp-den312d/runs/lg_lacam_fork_suo/den312d/den312d-random-2_a200_s2_r0,13600,0.632,"{""agents"": ""200"", ""comp_time"": ""632"", ""makespan"": ""136"", ""makespan_lb"": ""126"", ""map_file"": ""den312d.map"", ""seed"": ""2"", ""soc"": ""13600"", ""soc_lb"": ""11145"", ""solved"": ""1"", ""solver"": ""planner"", ""sum_of_loss"": ""13039"", ""sum_of_loss_lb"": ""11145""}"
lg_lacam_fork:suo_tl,SUO + traffic load,den312d,den312d-random-2,200,1,30.0,solved,0.822415,0.656,13519,138,12622,11145,126,1.21301,0,,/home/carsten/Projects/MAPF/MAPF Evaluator/results/tlcpp-den312d/runs/lg_lacam_fork_suo_tl/den312d/den312d-random-2_a200_s1_r0,13519,0.656,"{""agents"": ""200"", ""comp_time"": ""656"", ""makespan"": ""138"", ""makespan_lb"": ""126"", ""map_file"": ""den312d.map"", ""seed"": ""1"", ""soc"": ""13519"", ""soc_lb"": ""11145"", ""solved"": ""1"", ""solver"": ""planner"", ""sum_of_loss"": ""12684"", ""sum_of_loss_lb"": ""11145""}"
lg_lacam_fork:suo_tl,SUO + traffic load,den312d,den312d-random-2,200,2,30.0,solved,0.810851,0.633,12954,136,12278,11145,126,1.162315,0,,/home/carsten/Projects/MAPF/MAPF Evaluator/results/tlcpp-den312d/runs/lg_lacam_fork_suo_tl/den312d/den312d-random-2_a200_s2_r0,12954,0.633,"{""agents"": ""200"", ""comp_time"": ""633"", ""makespan"": ""136"", ""makespan_lb"": ""126"", ""map_file"": ""den312d.map"", ""seed"": ""2"", ""soc"": ""12954"", ""soc_lb"": ""11145"", ""solved"": ""1"", ""solver"": ""planner"", ""sum_of_loss"": ""12331"", ""sum_of_loss_lb"": ""11145""}"
lg_lacam_fork:lg,"LG-LaCAM (window 20, first solution)",den312d,den312d-random-2,200,0,30.0,solved,0.673435,0.569,11990,135,11782,11145,126,1.075819,0,,/home/carsten/Projects/MAPF/MAPF Evaluator/results/tlcpp-den312d/runs/lg_lacam_fork_lg/den312d/den312d-random-2_a200_s0_r0,11990,0.569,"{""agents"": ""200"", ""comp_time"": ""569"", ""makespan"": ""135"", ""makespan_lb"": ""126"", ""map_file"": ""den312d.map"", ""seed"": ""0"", ""soc"": ""11990"", ""soc_lb"": ""11145"", ""solved"": ""1"", ""solver"": ""planner"", ""sum_of_loss"": ""11804"", ""sum_of_loss_lb"": ""11145""}"
lg_lacam_fork:lg,"LG-LaCAM (window 20, first solution)",den312d,den312d-random-2,200,1,30.0,solved,0.411939,0.311,11959,136,11715,11145,126,1.073037,0,,/home/carsten/Projects/MAPF/MAPF Evaluator/results/tlcpp-den312d/runs/lg_lacam_fork_lg/den312d/den312d-random-2_a200_s1_r0,11959,0.311,"{""agents"": ""200"", ""comp_time"": ""311"", ""makespan"": ""136"", ""makespan_lb"": ""126"", ""map_file"": ""den312d.map"", ""seed"": ""1"", ""soc"": ""11959"", ""soc_lb"": ""11145"", ""solved"": ""1"", ""solver"": ""planner"", ""sum_of_loss"": ""11732"", ""sum_of_loss_lb"": ""11145""}"
lg_lacam_fork:lg,"LG-LaCAM (window 20, first solution)",den312d,den312d-random-2,200,2,30.0,solved,0.499647,0.237,12049,140,11786,11145,126,1.081113,0,,/home/carsten/Projects/MAPF/MAPF Evaluator/results/tlcpp-den312d/runs/lg_lacam_fork_lg/den312d/den312d-random-2_a200_s2_r0,12049,0.237,"{""agents"": ""200"", ""comp_time"": ""237"", ""makespan"": ""140"", ""makespan_lb"": ""126"", ""map_file"": ""den312d.map"", ""seed"": ""2"", ""soc"": ""12049"", ""soc_lb"": ""11145"", ""solved"": ""1"", ""solver"": ""planner"", ""sum_of_loss"": ""11806"", ""sum_of_loss_lb"": ""11145""}"
lg_lacam_fork:lg_tl,LG-LaCAM (window 20) + traffic load,den312d,den312d-random-2,200,1,30.0,solved,0.266655,0.164,11964,138,11719,11145,126,1.073486,0,,/home/carsten/Projects/MAPF/MAPF Evaluator/results/tlcpp-den312d/runs/lg_lacam_fork_lg_tl/den312d/den312d-random-2_a200_s1_r0,11964,0.164,"{""agents"": ""200"", ""comp_time"": ""164"", ""makespan"": ""138"", ""makespan_lb"": ""126"", ""map_file"": ""den312d.map"", ""seed"": ""1"", ""soc"": ""11964"", ""soc_lb"": ""11145"", ""solved"": ""1"", ""solver"": ""planner"", ""sum_of_loss"": ""11739"", ""sum_of_loss_lb"": ""11145""}"
lg_lacam_fork:lg_tl,LG-LaCAM (window 20) + traffic load,den312d,den312d-random-2,200,2,30.0,solved,0.38116,0.323,11969,134,11772,11145,126,1.073934,0,,/home/carsten/Projects/MAPF/MAPF Evaluator/results/tlcpp-den312d/runs/lg_lacam_fork_lg_tl/den312d/den312d-random-2_a200_s2_r0,11969,0.323,"{""agents"": ""200"", ""comp_time"": ""323"", ""makespan"": ""134"", ""makespan_lb"": ""126"", ""map_file"": ""den312d.map"", ""seed"": ""2"", ""soc"": ""11969"", ""soc_lb"": ""11145"", ""solved"": ""1"", ""solver"": ""planner"", ""sum_of_loss"": ""11787"", ""sum_of_loss_lb"": ""11145""}"
lg_lacam_fork:lg_suo,LG-LaCAM (window 20) + SUO,den312d,den312d-random-2,200,0,30.0,solved,1.024034,0.892,12063,136,11885,11145,126,1.082369,0,,/home/carsten/Projects/MAPF/MAPF Evaluator/results/tlcpp-den312d/runs/lg_lacam_fork_lg_suo/den312d/den312d-random-2_a200_s0_r0,12063,0.892,"{""agents"": ""200"", ""comp_time"": ""892"", ""makespan"": ""136"", ""makespan_lb"": ""126"", ""map_file"": ""den312d.map"", ""seed"": ""0"", ""soc"": ""12063"", ""soc_lb"": ""11145"", ""solved"": ""1"", ""solver"": ""planner"", ""sum_of_loss"": ""11897"", ""sum_of_loss_lb"": ""11145""}"
lg_lacam_fork:lg_tl,LG-LaCAM (window 20) + traffic load,den312d,den312d-random-2,200,0,30.0,solved,2.29643,2.06,12124,137,11874,11145,126,1.087842,0,,/home/carsten/Projects/MAPF/MAPF Evaluator/results/tlcpp-den312d/runs/lg_lacam_fork_lg_tl/den312d/den312d-random-2_a200_s0_r0,12124,2.06,"{""agents"": ""200"", ""comp_time"": ""2060"", ""makespan"": ""137"", ""makespan_lb"": ""126"", ""map_file"": ""den312d.map"", ""seed"": ""0"", ""soc"": ""12124"", ""soc_lb"": ""11145"", ""solved"": ""1"", ""solver"": ""planner"", ""sum_of_loss"": ""11889"", ""sum_of_loss_lb"": ""11145""}"
lg_lacam_fork:lg_suo,LG-LaCAM (window 20) + SUO,den312d,den312d-random-2,200,2,30.0,solved,0.526368,0.314,12078,136,11905,11145,126,1.083715,0,,/home/carsten/Projects/MAPF/MAPF Evaluator/results/tlcpp-den312d/runs/lg_lacam_fork_lg_suo/den312d/den312d-random-2_a200_s2_r0,12078,0.314,"{""agents"": ""200"", ""comp_time"": ""314"", ""makespan"": ""136"", ""makespan_lb"": ""126"", ""map_file"": ""den312d.map"", ""seed"": ""2"", ""soc"": ""12078"", ""soc_lb"": ""11145"", ""solved"": ""1"", ""solver"": ""planner"", ""sum_of_loss"": ""11922"", ""sum_of_loss_lb"": ""11145""}"
lg_lacam_fork:lg_suo_tl,LG-LaCAM (window 20) + SUO + traffic load,den312d,den312d-random-2,200,0,30.0,solved,0.72544,0.599,12143,135,11972,11145,126,1.089547,0,,/home/carsten/Projects/MAPF/MAPF Evaluator/results/tlcpp-den312d/runs/lg_lacam_fork_lg_suo_tl/den312d/den312d-random-2_a200_s0_r0,12143,0.599,"{""agents"": ""200"", ""comp_time"": ""599"", ""makespan"": ""135"", ""makespan_lb"": ""126"", ""map_file"": ""den312d.map"", ""seed"": ""0"", ""soc"": ""12143"", ""soc_lb"": ""11145"", ""solved"": ""1"", ""solver"": ""planner"", ""sum_of_loss"": ""11987"", ""sum_of_loss_lb"": ""11145""}"
lg_lacam_fork:lacam,"LaCAM (no guidance, first solution)",den312d,den312d-random-3,50,0,30.0,solved,0.113864,0.014,2857,118,2493,2339,118,1.221462,0,,/home/carsten/Projects/MAPF/MAPF Evaluator/results/tlcpp-den312d/runs/lg_lacam_fork_lacam/den312d/den312d-random-3_a50_s0_r0,2857,0.014,"{""agents"": ""50"", ""comp_time"": ""14"", ""makespan"": ""118"", ""makespan_lb"": ""118"", ""map_file"": ""den312d.map"", ""seed"": ""0"", ""soc"": ""2857"", ""soc_lb"": ""2339"", ""solved"": ""1"", ""solver"": ""planner"", ""sum_of_loss"": ""2509"", ""sum_of_loss_lb"": ""2339""}"
lg_lacam_fork:lacam,"LaCAM (no guidance, first solution)",den312d,den312d-random-3,50,1,30.0,solved,0.164308,0.057,2753,118,2456,2339,118,1.176999,0,,/home/carsten/Projects/MAPF/MAPF Evaluator/results/tlcpp-den312d/runs/lg_lacam_fork_lacam/den312d/den312d-random-3_a50_s1_r0,2753,0.057,"{""agents"": ""50"", ""comp_time"": ""57"", ""makespan"": ""118"", ""makespan_lb"": ""118"", ""map_file"": ""den312d.map"", ""seed"": ""1"", ""soc"": ""2753"", ""soc_lb"": ""2339"", ""solved"": ""1"", ""solver"": ""planner"", ""sum_of_loss"": ""2470"", ""sum_of_loss_lb"": ""2339""}"
lg_lacam_fork:lg_suo,LG-LaCAM (window 20) + SUO,den312d,den312d-random-2,200,1,30.0,solved,2.055842,1.886,11964,136,11869,11145,126,1.073486,0,,/home/carsten/Projects/MAPF/MAPF Evaluator/results/tlcpp-den312d/runs/lg_lacam_fork_lg_suo/den312d/den312d-random-2_a200_s1_r0,11964,1.886,"{""agents"": ""200"", ""comp_time"": ""1886"", ""makespan"": ""136"", ""makespan_lb"": ""126"", ""map_file"": ""den312d.map"", ""seed"": ""1"", ""soc"": ""11964"", ""soc_lb"": ""11145"", ""solved"": ""1"", ""solver"": ""planner"", ""sum_of_loss"": ""11887"", ""sum_of_loss_lb"": ""11145""}"
lg_lacam_fork:lg_suo_tl,LG-LaCAM (window 20) + SUO + traffic load,den312d,den312d-random-2,200,2,30.0,solved,0.533139,0.392,11816,142,11703,11145,126,1.060206,0,,/home/carsten/Projects/MAPF/MAPF Evaluator/results/tlcpp-den312d/runs/lg_lacam_fork_lg_suo_tl/den312d/den312d-random-2_a200_s2_r0,11816,0.392,"{""agents"": ""200"", ""comp_time"": ""392"", ""makespan"": ""142"", ""makespan_lb"": ""126"", ""map_file"": ""den312d.map"", ""seed"": ""2"", ""soc"": ""11816"", ""soc_lb"": ""11145"", ""solved"": ""1"", ""solver"": ""planner"", ""sum_of_loss"": ""11716"", ""sum_of_loss_lb"": ""11145""}"
lg_lacam_fork:lacam,"LaCAM (no guidance, first solution)",den312d,den312d-random-3,50,2,30.0,solved,0.16517,0.043,2733,118,2493,2339,118,1.168448,0,,/home/carsten/Projects/MAPF/MAPF Evaluator/results/tlcpp-den312d/runs/lg_lacam_fork_lacam/den312d/den312d-random-3_a50_s2_r0,2733,0.043,"{""agents"": ""50"", ""comp_time"": ""43"", ""makespan"": ""118"", ""makespan_lb"": ""118"", ""map_file"": ""den312d.map"", ""seed"": ""2"", ""soc"": ""2733"", ""soc_lb"": ""2339"", ""solved"": ""1"", ""solver"": ""planner"", ""sum_of_loss"": ""2509"", ""sum_of_loss_lb"": ""2339""}"
lg_lacam_fork:tl,"LaCAM + traffic load (tie-break, per config)",den312d,den312d-random-3,50,0,30.0,solved,0.280781,0.114,2693,118,2409,2339,118,1.151347,0,,/home/carsten/Projects/MAPF/MAPF Evaluator/results/tlcpp-den312d/runs/lg_lacam_fork_tl/den312d/den312d-random-3_a50_s0_r0,2693,0.114,"{""agents"": ""50"", ""comp_time"": ""114"", ""makespan"": ""118"", ""makespan_lb"": ""118"", ""map_file"": ""den312d.map"", ""seed"": ""0"", ""soc"": ""2693"", ""soc_lb"": ""2339"", ""solved"": ""1"", ""solver"": ""planner"", ""sum_of_loss"": ""2422"", ""sum_of_loss_lb"": ""2339""}"
lg_lacam_fork:tl,"LaCAM + traffic load (tie-break, per config)",den312d,den312d-random-3,50,2,30.0,solved,0.093318,0.054,2698,118,2408,2339,118,1.153484,0,,/home/carsten/Projects/MAPF/MAPF Evaluator/results/tlcpp-den312d/runs/lg_lacam_fork_tl/den312d/den312d-random-3_a50_s2_r0,2698,0.054,"{""agents"": ""50"", ""comp_time"": ""54"", ""makespan"": ""118"", ""makespan_lb"": ""118"", ""map_file"": ""den312d.map"", ""seed"": ""2"", ""soc"": ""2698"", ""soc_lb"": ""2339"", ""solved"": ""1"", ""solver"": ""planner"", ""sum_of_loss"": ""2422"", ""sum_of_loss_lb"": ""2339""}"
lg_lacam_fork:tl,"LaCAM + traffic load (tie-break, per config)",den312d,den312d-random-3,50,1,30.0,solved,0.080174,0.022,2670,118,2407,2339,118,1.141513,0,,/home/carsten/Projects/MAPF/MAPF Evaluator/results/tlcpp-den312d/runs/lg_lacam_fork_tl/den312d/den312d-random-3_a50_s1_r0,2670,0.022,"{""agents"": ""50"", ""comp_time"": ""22"", ""makespan"": ""118"", ""makespan_lb"": ""118"", ""map_file"": ""den312d.map"", ""seed"": ""1"", ""soc"": ""2670"", ""soc_lb"": ""2339"", ""solved"": ""1"", ""solver"": ""planner"", ""sum_of_loss"": ""2420"", ""sum_of_loss_lb"": ""2339""}"
lg_lacam_fork:tl_agent,"LaCAM + traffic load (tie-break, per agent)",den312d,den312d-random-3,50,1,30.0,solved,0.070679,0.044,2561,118,2407,2339,118,1.094912,0,,/home/carsten/Projects/MAPF/MAPF Evaluator/results/tlcpp-den312d/runs/lg_lacam_fork_tl_agent/den312d/den312d-random-3_a50_s1_r0,2561,0.044,"{""agents"": ""50"", ""comp_time"": ""44"", ""makespan"": ""118"", ""makespan_lb"": ""118"", ""map_file"": ""den312d.map"", ""seed"": ""1"", ""soc"": ""2561"", ""soc_lb"": ""2339"", ""solved"": ""1"", ""solver"": ""planner"", ""sum_of_loss"": ""2415"", ""sum_of_loss_lb"": ""2339""}"
lg_lacam_fork:lg_suo_tl,LG-LaCAM (window 20) + SUO + traffic load,den312d,den312d-random-2,200,1,30.0,solved,1.298383,1.175,11808,136,11725,11145,126,1.059489,0,,/home/carsten/Projects/MAPF/MAPF Evaluator/results/tlcpp-den312d/runs/lg_lacam_fork_lg_suo_tl/den312d/den312d-random-2_a200_s1_r0,11808,1.175,"{""agents"": ""200"", ""comp_time"": ""1175"", ""makespan"": ""136"", ""makespan_lb"": ""126"", ""map_file"": ""den312d.map"", ""seed"": ""1"", ""soc"": ""11808"", ""soc_lb"": ""11145"", ""solved"": ""1"", ""solver"": ""planner"", ""sum_of_loss"": ""11734"", ""sum_of_loss_lb"": ""11145""}"
lg_lacam_fork:tl_agent,"LaCAM + traffic load (tie-break, per agent)",den312d,den312d-random-3,50,2,30.0,solved,0.141864,0.061,2635,118,2410,2339,118,1.12655,0,,/home/carsten/Projects/MAPF/MAPF Evaluator/results/tlcpp-den312d/runs/lg_lacam_fork_tl_agent/den312d/den312d-random-3_a50_s2_r0,2635,0.061,"{""agents"": ""50"", ""comp_time"": ""61"", ""makespan"": ""118"", ""makespan_lb"": ""118"", ""map_file"": ""den312d.map"", ""seed"": ""2"", ""soc"": ""2635"", ""soc_lb"": ""2339"", ""solved"": ""1"", ""solver"": ""planner"", ""sum_of_loss"": ""2422"", ""sum_of_loss_lb"": ""2339""}"
lg_lacam_fork:tl_agent,"LaCAM + traffic load (tie-break, per agent)",den312d,den312d-random-3,50,0,30.0,solved,0.16774,0.046,2603,118,2407,2339,118,1.112869,0,,/home/carsten/Projects/MAPF/MAPF Evaluator/results/tlcpp-den312d/runs/lg_lacam_fork_tl_agent/den312d/den312d-random-3_a50_s0_r0,2603,0.046,"{""agents"": ""50"", ""comp_time"": ""46"", ""makespan"": ""118"", ""makespan_lb"": ""118"", ""map_file"": ""den312d.map"", ""seed"": ""0"", ""soc"": ""2603"", ""soc_lb"": ""2339"", ""solved"": ""1"", ""solver"": ""planner"", ""sum_of_loss"": ""2418"", ""sum_of_loss_lb"": ""2339""}"
lg_lacam_fork:tl_static,LaCAM + traffic load (static map from starts),den312d,den312d-random-3,50,0,30.0,solved,0.041951,0.019,2750,118,2481,2339,118,1.175716,0,,/home/carsten/Projects/MAPF/MAPF Evaluator/results/tlcpp-den312d/runs/lg_lacam_fork_tl_static/den312d/den312d-random-3_a50_s0_r0,2750,0.019,"{""agents"": ""50"", ""comp_time"": ""19"", ""makespan"": ""118"", ""makespan_lb"": ""118"", ""map_file"": ""den312d.map"", ""seed"": ""0"", ""soc"": ""2750"", ""soc_lb"": ""2339"", ""solved"": ""1"", ""solver"": ""planner"", ""sum_of_loss"": ""2495"", ""sum_of_loss_lb"": ""2339""}"
lg_lacam_fork:tl_static,LaCAM + traffic load (static map from starts),den312d,den312d-random-3,50,1,30.0,solved,0.034124,0.015,2710,118,2477,2339,118,1.158615,0,,/home/carsten/Projects/MAPF/MAPF Evaluator/results/tlcpp-den312d/runs/lg_lacam_fork_tl_static/den312d/den312d-random-3_a50_s1_r0,2710,0.015,"{""agents"": ""50"", ""comp_time"": ""15"", ""makespan"": ""118"", ""makespan_lb"": ""118"", ""map_file"": ""den312d.map"", ""seed"": ""1"", ""soc"": ""2710"", ""soc_lb"": ""2339"", ""solved"": ""1"", ""solver"": ""planner"", ""sum_of_loss"": ""2490"", ""sum_of_loss_lb"": ""2339""}"
lg_lacam_fork:suo,LaCAM3 = SUO (first solution),den312d,den312d-random-3,50,0,30.0,solved,0.047806,0.026,2392,120,2392,2339,118,1.022659,0,,/home/carsten/Projects/MAPF/MAPF Evaluator/results/tlcpp-den312d/runs/lg_lacam_fork_suo/den312d/den312d-random-3_a50_s0_r0,2392,0.026,"{""agents"": ""50"", ""comp_time"": ""26"", ""makespan"": ""120"", ""makespan_lb"": ""118"", ""map_file"": ""den312d.map"", ""seed"": ""0"", ""soc"": ""2392"", ""soc_lb"": ""2339"", ""solved"": ""1"", ""solver"": ""planner"", ""sum_of_loss"": ""2392"", ""sum_of_loss_lb"": ""2339""}"
lg_lacam_fork:tl_static,LaCAM + traffic load (static map from starts),den312d,den312d-random-3,50,2,30.0,solved,0.0789,0.021,2712,118,2454,2339,118,1.15947,0,,/home/carsten/Projects/MAPF/MAPF Evaluator/results/tlcpp-den312d/runs/lg_lacam_fork_tl_static/den312d/den312d-random-3_a50_s2_r0,2712,0.021,"{""agents"": ""50"", ""comp_time"": ""21"", ""makespan"": ""118"", ""makespan_lb"": ""118"", ""map_file"": ""den312d.map"", ""seed"": ""2"", ""soc"": ""2712"", ""soc_lb"": ""2339"", ""solved"": ""1"", ""solver"": ""planner"", ""sum_of_loss"": ""2466"", ""sum_of_loss_lb"": ""2339""}"
lg_lacam_fork:suo,LaCAM3 = SUO (first solution),den312d,den312d-random-3,50,1,30.0,solved,0.063606,0.015,2379,122,2379,2339,118,1.017101,0,,/home/carsten/Projects/MAPF/MAPF Evaluator/results/tlcpp-den312d/runs/lg_lacam_fork_suo/den312d/den312d-random-3_a50_s1_r0,2379,0.015,"{""agents"": ""50"", ""comp_time"": ""15"", ""makespan"": ""122"", ""makespan_lb"": ""118"", ""map_file"": ""den312d.map"", ""seed"": ""1"", ""soc"": ""2379"", ""soc_lb"": ""2339"", ""solved"": ""1"", ""solver"": ""planner"", ""sum_of_loss"": ""2379"", ""sum_of_loss_lb"": ""2339""}"
lg_lacam_fork:suo_tl,SUO + traffic load,den312d,den312d-random-3,50,1,30.0,solved,0.039263,0.022,2379,122,2379,2339,118,1.017101,0,,/home/carsten/Projects/MAPF/MAPF Evaluator/results/tlcpp-den312d/runs/lg_lacam_fork_suo_tl/den312d/den312d-random-3_a50_s1_r0,2379,0.022,"{""agents"": ""50"", ""comp_time"": ""22"", ""makespan"": ""122"", ""makespan_lb"": ""118"", ""map_file"": ""den312d.map"", ""seed"": ""1"", ""soc"": ""2379"", ""soc_lb"": ""2339"", ""solved"": ""1"", ""solver"": ""planner"", ""sum_of_loss"": ""2379"", ""sum_of_loss_lb"": ""2339""}"
lg_lacam_fork:suo,LaCAM3 = SUO (first solution),den312d,den312d-random-3,50,2,30.0,solved,0.07669,0.019,2385,120,2385,2339,118,1.019667,0,,/home/carsten/Projects/MAPF/MAPF Evaluator/results/tlcpp-den312d/runs/lg_lacam_fork_suo/den312d/den312d-random-3_a50_s2_r0,2385,0.019,"{""agents"": ""50"", ""comp_time"": ""19"", ""makespan"": ""120"", ""makespan_lb"": ""118"", ""map_file"": ""den312d.map"", ""seed"": ""2"", ""soc"": ""2385"", ""soc_lb"": ""2339"", ""solved"": ""1"", ""solver"": ""planner"", ""sum_of_loss"": ""2385"", ""sum_of_loss_lb"": ""2339""}"
lg_lacam_fork:suo_tl,SUO + traffic load,den312d,den312d-random-3,50,0,30.0,solved,0.225221,0.079,2387,120,2387,2339,118,1.020522,0,,/home/carsten/Projects/MAPF/MAPF Evaluator/results/tlcpp-den312d/runs/lg_lacam_fork_suo_tl/den312d/den312d-random-3_a50_s0_r0,2387,0.079,"{""agents"": ""50"", ""comp_time"": ""79"", ""makespan"": ""120"", ""makespan_lb"": ""118"", ""map_file"": ""den312d.map"", ""seed"": ""0"", ""soc"": ""2387"", ""soc_lb"": ""2339"", ""solved"": ""1"", ""solver"": ""planner"", ""sum_of_loss"": ""2387"", ""sum_of_loss_lb"": ""2339""}"
lg_lacam_fork:suo_tl,SUO + traffic load,den312d,den312d-random-3,50,2,30.0,solved,0.171914,0.085,2385,120,2385,2339,118,1.019667,0,,/home/carsten/Projects/MAPF/MAPF Evaluator/results/tlcpp-den312d/runs/lg_lacam_fork_suo_tl/den312d/den312d-random-3_a50_s2_r0,2385,0.085,"{""agents"": ""50"", ""comp_time"": ""85"", ""makespan"": ""120"", ""makespan_lb"": ""118"", ""map_file"": ""den312d.map"", ""seed"": ""2"", ""soc"": ""2385"", ""soc_lb"": ""2339"", ""solved"": ""1"", ""solver"": ""planner"", ""sum_of_loss"": ""2385"", ""sum_of_loss_lb"": ""2339""}"
lg_lacam_fork:lg,"LG-LaCAM (window 20, first solution)",den312d,den312d-random-3,50,0,30.0,solved,0.087188,0.042,2407,120,2367,2339,118,1.029072,0,,/home/carsten/Projects/MAPF/MAPF Evaluator/results/tlcpp-den312d/runs/lg_lacam_fork_lg/den312d/den312d-random-3_a50_s0_r0,2407,0.042,"{""agents"": ""50"", ""comp_time"": ""42"", ""makespan"": ""120"", ""makespan_lb"": ""118"", ""map_file"": ""den312d.map"", ""seed"": ""0"", ""soc"": ""2407"", ""soc_lb"": ""2339"", ""solved"": ""1"", ""solver"": ""planner"", ""sum_of_loss"": ""2369"", ""sum_of_loss_lb"": ""2339""}"
lg_lacam_fork:lg,"LG-LaCAM (window 20, first solution)",den312d,den312d-random-3,50,1,30.0,solved,0.082451,0.055,2403,118,2364,2339,118,1.027362,0,,/home/carsten/Projects/MAPF/MAPF Evaluator/results/tlcpp-den312d/runs/lg_lacam_fork_lg/den312d/den312d-random-3_a50_s1_r0,2403,0.055,"{""agents"": ""50"", ""comp_time"": ""55"", ""makespan"": ""118"", ""makespan_lb"": ""118"", ""map_file"": ""den312d.map"", ""seed"": ""1"", ""soc"": ""2403"", ""soc_lb"": ""2339"", ""solved"": ""1"", ""solver"": ""planner"", ""sum_of_loss"": ""2366"", ""sum_of_loss_lb"": ""2339""}"
lg_lacam_fork:lg,"LG-LaCAM (window 20, first solution)",den312d,den312d-random-3,50,2,30.0,solved,0.207371,0.066,2401,118,2362,2339,118,1.026507,0,,/home/carsten/Projects/MAPF/MAPF Evaluator/results/tlcpp-den312d/runs/lg_lacam_fork_lg/den312d/den312d-random-3_a50_s2_r0,2401,0.066,"{""agents"": ""50"", ""comp_time"": ""66"", ""makespan"": ""118"", ""makespan_lb"": ""118"", ""map_file"": ""den312d.map"", ""seed"": ""2"", ""soc"": ""2401"", ""soc_lb"": ""2339"", ""solved"": ""1"", ""solver"": ""planner"", ""sum_of_loss"": ""2364"", ""sum_of_loss_lb"": ""2339""}"
lg_lacam_fork:lg_tl,LG-LaCAM (window 20) + traffic load,den312d,den312d-random-3,50,0,30.0,solved,0.159909,0.106,2376,120,2365,2339,118,1.015819,0,,/home/carsten/Projects/MAPF/MAPF Evaluator/results/tlcpp-den312d/runs/lg_lacam_fork_lg_tl/den312d/den312d-random-3_a50_s0_r0,2376,0.106,"{""agents"": ""50"", ""comp_time"": ""106"", ""makespan"": ""120"", ""makespan_lb"": ""118"", ""map_file"": ""den312d.map"", ""seed"": ""0"", ""soc"": ""2376"", ""soc_lb"": ""2339"", ""solved"": ""1"", ""solver"": ""planner"", ""sum_of_loss"": ""2366"", ""sum_of_loss_lb"": ""2339""}"
lg_lacam_fork:lg_tl,LG-LaCAM (window 20) + traffic load,den312d,den312d-random-3,50,2,30.0,solved,0.075536,0.04,2373,118,2362,2339,118,1.014536,0,,/home/carsten/Projects/MAPF/MAPF Evaluator/results/tlcpp-den312d/runs/lg_lacam_fork_lg_tl/den312d/den312d-random-3_a50_s2_r0,2373,0.04,"{""agents"": ""50"", ""comp_time"": ""40"", ""makespan"": ""118"", ""makespan_lb"": ""118"", ""map_file"": ""den312d.map"", ""seed"": ""2"", ""soc"": ""2373"", ""soc_lb"": ""2339"", ""solved"": ""1"", ""solver"": ""planner"", ""sum_of_loss"": ""2363"", ""sum_of_loss_lb"": ""2339""}"
lg_lacam_fork:lg_tl,LG-LaCAM (window 20) + traffic load,den312d,den312d-random-3,50,1,30.0,solved,0.154037,0.069,2374,118,2363,2339,118,1.014964,0,,/home/carsten/Projects/MAPF/MAPF Evaluator/results/tlcpp-den312d/runs/lg_lacam_fork_lg_tl/den312d/den312d-random-3_a50_s1_r0,2374,0.069,"{""agents"": ""50"", ""comp_time"": ""69"", ""makespan"": ""118"", ""makespan_lb"": ""118"", ""map_file"": ""den312d.map"", ""seed"": ""1"", ""soc"": ""2374"", ""soc_lb"": ""2339"", ""solved"": ""1"", ""solver"": ""planner"", ""sum_of_loss"": ""2364"", ""sum_of_loss_lb"": ""2339""}"
lg_lacam_fork:lg_suo,LG-LaCAM (window 20) + SUO,den312d,den312d-random-3,50,0,30.0,solved,0.054562,0.026,2380,119,2369,2339,118,1.017529,0,,/home/carsten/Projects/MAPF/MAPF Evaluator/results/tlcpp-den312d/runs/lg_lacam_fork_lg_suo/den312d/den312d-random-3_a50_s0_r0,2380,0.026,"{""agents"": ""50"", ""comp_time"": ""26"", ""makespan"": ""119"", ""makespan_lb"": ""118"", ""map_file"": ""den312d.map"", ""seed"": ""0"", ""soc"": ""2380"", ""soc_lb"": ""2339"", ""solved"": ""1"", ""solver"": ""planner"", ""sum_of_loss"": ""2370"", ""sum_of_loss_lb"": ""2339""}"
lg_lacam_fork:lg_suo,LG-LaCAM (window 20) + SUO,den312d,den312d-random-3,50,1,30.0,solved,0.150817,0.081,2384,120,2367,2339,118,1.019239,0,,/home/carsten/Projects/MAPF/MAPF Evaluator/results/tlcpp-den312d/runs/lg_lacam_fork_lg_suo/den312d/den312d-random-3_a50_s1_r0,2384,0.081,"{""agents"": ""50"", ""comp_time"": ""81"", ""makespan"": ""120"", ""makespan_lb"": ""118"", ""map_file"": ""den312d.map"", ""seed"": ""1"", ""soc"": ""2384"", ""soc_lb"": ""2339"", ""solved"": ""1"", ""solver"": ""planner"", ""sum_of_loss"": ""2369"", ""sum_of_loss_lb"": ""2339""}"
lg_lacam_fork:lg_suo,LG-LaCAM (window 20) + SUO,den312d,den312d-random-3,50,2,30.0,solved,0.096997,0.06,2374,118,2363,2339,118,1.014964,0,,/home/carsten/Projects/MAPF/MAPF Evaluator/results/tlcpp-den312d/runs/lg_lacam_fork_lg_suo/den312d/den312d-random-3_a50_s2_r0,2374,0.06,"{""agents"": ""50"", ""comp_time"": ""60"", ""makespan"": ""118"", ""makespan_lb"": ""118"", ""map_file"": ""den312d.map"", ""seed"": ""2"", ""soc"": ""2374"", ""soc_lb"": ""2339"", ""solved"": ""1"", ""solver"": ""planner"", ""sum_of_loss"": ""2364"", ""sum_of_loss_lb"": ""2339""}"
lg_lacam_fork:lg_suo_tl,LG-LaCAM (window 20) + SUO + traffic load,den312d,den312d-random-3,50,0,30.0,solved,0.196244,0.106,2407,119,2368,2339,118,1.029072,0,,/home/carsten/Projects/MAPF/MAPF Evaluator/results/tlcpp-den312d/runs/lg_lacam_fork_lg_suo_tl/den312d/den312d-random-3_a50_s0_r0,2407,0.106,"{""agents"": ""50"", ""comp_time"": ""106"", ""makespan"": ""119"", ""makespan_lb"": ""118"", ""map_file"": ""den312d.map"", ""seed"": ""0"", ""soc"": ""2407"", ""soc_lb"": ""2339"", ""solved"": ""1"", ""solver"": ""planner"", ""sum_of_loss"": ""2370"", ""sum_of_loss_lb"": ""2339""}"
lg_lacam_fork:lg_suo_tl,LG-LaCAM (window 20) + SUO + traffic load,den312d,den312d-random-3,50,1,30.0,solved,0.057842,0.041,2412,120,2366,2339,118,1.03121,0,,/home/carsten/Projects/MAPF/MAPF Evaluator/results/tlcpp-den312d/runs/lg_lacam_fork_lg_suo_tl/den312d/den312d-random-3_a50_s1_r0,2412,0.041,"{""agents"": ""50"", ""comp_time"": ""41"", ""makespan"": ""120"", ""makespan_lb"": ""118"", ""map_file"": ""den312d.map"", ""seed"": ""1"", ""soc"": ""2412"", ""soc_lb"": ""2339"", ""solved"": ""1"", ""solver"": ""planner"", ""sum_of_loss"": ""2369"", ""sum_of_loss_lb"": ""2339""}"
lg_lacam_fork:lg_suo_tl,LG-LaCAM (window 20) + SUO + traffic load,den312d,den312d-random-3,50,2,30.0,solved,0.195581,0.108,2402,118,2362,2339,118,1.026935,0,,/home/carsten/Projects/MAPF/MAPF Evaluator/results/tlcpp-den312d/runs/lg_lacam_fork_lg_suo_tl/den312d/den312d-random-3_a50_s2_r0,2402,0.108,"{""agents"": ""50"", ""comp_time"": ""108"", ""makespan"": ""118"", ""makespan_lb"": ""118"", ""map_file"": ""den312d.map"", ""seed"": ""2"", ""soc"": ""2402"", ""soc_lb"": ""2339"", ""solved"": ""1"", ""solver"": ""planner"", ""sum_of_loss"": ""2364"", ""sum_of_loss_lb"": ""2339""}"
lg_lacam_fork:lacam,"LaCAM (no guidance, first solution)",den312d,den312d-random-3,100,0,30.0,solved,0.047668,0.015,6484,120,5787,5301,118,1.223165,0,,/home/carsten/Projects/MAPF/MAPF Evaluator/results/tlcpp-den312d/runs/lg_lacam_fork_lacam/den312d/den312d-random-3_a100_s0_r0,6484,0.015,"{""agents"": ""100"", ""comp_time"": ""15"", ""makespan"": ""120"", ""makespan_lb"": ""118"", ""map_file"": ""den312d.map"", ""seed"": ""0"", ""soc"": ""6484"", ""soc_lb"": ""5301"", ""solved"": ""1"", ""solver"": ""planner"", ""sum_of_loss"": ""5838"", ""sum_of_loss_lb"": ""5301""}"
lg_lacam_fork:lacam,"LaCAM (no guidance, first solution)",den312d,den312d-random-3,100,1,30.0,solved,0.056545,0.019,6564,118,5814,5301,118,1.238257,0,,/home/carsten/Projects/MAPF/MAPF Evaluator/results/tlcpp-den312d/runs/lg_lacam_fork_lacam/den312d/den312d-random-3_a100_s1_r0,6564,0.019,"{""agents"": ""100"", ""comp_time"": ""19"", ""makespan"": ""118"", ""makespan_lb"": ""118"", ""map_file"": ""den312d.map"", ""seed"": ""1"", ""soc"": ""6564"", ""soc_lb"": ""5301"", ""solved"": ""1"", ""solver"": ""planner"", ""sum_of_loss"": ""5871"", ""sum_of_loss_lb"": ""5301""}"
lg_lacam_fork:lacam,"LaCAM (no guidance, first solution)",den312d,den312d-random-3,100,2,30.0,solved,0.114859,0.041,6469,124,5775,5301,118,1.220336,0,,/home/carsten/Projects/MAPF/MAPF Evaluator/results/tlcpp-den312d/runs/lg_lacam_fork_lacam/den312d/den312d-random-3_a100_s2_r0,6469,0.041,"{""agents"": ""100"", ""comp_time"": ""41"", ""makespan"": ""124"", ""makespan_lb"": ""118"", ""map_file"": ""den312d.map"", ""seed"": ""2"", ""soc"": ""6469"", ""soc_lb"": ""5301"", ""solved"": ""1"", ""solver"": ""planner"", ""sum_of_loss"": ""5827"", ""sum_of_loss_lb"": ""5301""}"
lg_lacam_fork:tl,"LaCAM + traffic load (tie-break, per config)",den312d,den312d-random-3,100,0,30.0,solved,0.115877,0.043,6125,118,5533,5301,118,1.155442,0,,/home/carsten/Projects/MAPF/MAPF Evaluator/results/tlcpp-den312d/runs/lg_lacam_fork_tl/den312d/den312d-random-3_a100_s0_r0,6125,0.043,"{""agents"": ""100"", ""comp_time"": ""43"", ""makespan"": ""118"", ""makespan_lb"": ""118"", ""map_file"": ""den312d.map"", ""seed"": ""0"", ""soc"": ""6125"", ""soc_lb"": ""5301"", ""solved"": ""1"", ""solver"": ""planner"", ""sum_of_loss"": ""5581"", ""sum_of_loss_lb"": ""5301""}"
lg_lacam_fork:tl,"LaCAM + traffic load (tie-break, per config)",den312d,den312d-random-3,100,1,30.0,solved,0.051361,0.027,6082,118,5531,5301,118,1.147331,0,,/home/carsten/Projects/MAPF/MAPF Evaluator/results/tlcpp-den312d/runs/lg_lacam_fork_tl/den312d/den312d-random-3_a100_s1_r0,6082,0.027,"{""agents"": ""100"", ""comp_time"": ""27"", ""makespan"": ""118"", ""makespan_lb"": ""118"", ""map_file"": ""den312d.map"", ""seed"": ""1"", ""soc"": ""6082"", ""soc_lb"": ""5301"", ""solved"": ""1"", ""solver"": ""planner"", ""sum_of_loss"": ""5577"", ""sum_of_loss_lb"": ""5301""}"
lg_lacam_fork:tl,"LaCAM + traffic load (tie-break, per config)",den312d,den312d-random-3,100,2,30.0,solved,0.142388,0.057,6172,118,5521,5301,118,1.164309,0,,/home/carsten/Projects/MAPF/MAPF Evaluator/results/tlcpp-den312d/runs/lg_lacam_fork_tl/den312d/den312d-random-3_a100_s2_r0,6172,0.057,"{""agents"": ""100"", ""comp_time"": ""57"", ""makespan"": ""118"", ""makespan_lb"": ""118"", ""map_file"": ""den312d.map"", ""seed"": ""2"", ""soc"": ""6172"", ""soc_lb"": ""5301"", ""solved"": ""1"", ""solver"": ""planner"", ""sum_of_loss"": ""5565"", ""sum_of_loss_lb"": ""5301""}"
lg_lacam_fork:tl_agent,"LaCAM + traffic load (tie-break, per agent)",den312d,den312d-random-3,100,0,30.0,solved,0.113734,0.029,6064,118,5551,5301,118,1.143935,0,,/home/carsten/Projects/MAPF/MAPF Evaluator/results/tlcpp-den312d/runs/lg_lacam_fork_tl_agent/den312d/den312d-random-3_a100_s0_r0,6064,0.029,"{""agents"": ""100"", ""comp_time"": ""29"", ""makespan"": ""118"", ""makespan_lb"": ""118"", ""map_file"": ""den312d.map"", ""seed"": ""0"", ""soc"": ""6064"", ""soc_lb"": ""5301"", ""solved"": ""1"", ""solver"": ""planner"", ""sum_of_loss"": ""5589"", ""sum_of_loss_lb"": ""5301""}"
lg_lacam_fork:tl_agent,"LaCAM + traffic load (tie-break, per agent)",den312d,den312d-random-3,100,1,30.0,solved,0.191881,0.084,6048,118,5529,5301,118,1.140917,0,,/home/carsten/Projects/MAPF/MAPF Evaluator/results/tlcpp-den312d/runs/lg_lacam_fork_tl_agent/den312d/den312d-random-3_a100_s1_r0,6048,0.084,"{""agents"": ""100"", ""comp_time"": ""84"", ""makespan"": ""118"", ""makespan_lb"": ""118"", ""map_file"": ""den312d.map"", ""seed"": ""1"", ""soc"": ""6048"", ""soc_lb"": ""5301"", ""solved"": ""1"", ""solver"": ""planner"", ""sum_of_loss"": ""5567"", ""sum_of_loss_lb"": ""5301""}"
lg_lacam_fork:tl_static,LaCAM + traffic load (static map from starts),den312d,den312d-random-3,100,0,30.0,solved,0.060485,0.033,6499,122,5891,5301,118,1.225995,0,,/home/carsten/Projects/MAPF/MAPF Evaluator/results/tlcpp-den312d/runs/lg_lacam_fork_tl_static/den312d/den312d-random-3_a100_s0_r0,6499,0.033,"{""agents"": ""100"", ""comp_time"": ""33"", ""makespan"": ""122"", ""makespan_lb"": ""118"", ""map_file"": ""den312d.map"", ""seed"": ""0"", ""soc"": ""6499"", ""soc_lb"": ""5301"", ""solved"": ""1"", ""solver"": ""planner"", ""sum_of_loss"": ""5938"", ""sum_of_loss_lb"": ""5301""}"
lg_lacam_fork:tl_agent,"LaCAM + traffic load (tie-break, per agent)",den312d,den312d-random-3,100,2,30.0,solved,0.083744,0.054,6029,118,5525,5301,118,1.137333,0,,/home/carsten/Projects/MAPF/MAPF Evaluator/results/tlcpp-den312d/runs/lg_lacam_fork_tl_agent/den312d/den312d-random-3_a100_s2_r0,6029,0.054,"{""agents"": ""100"", ""comp_time"": ""54"", ""makespan"": ""118"", ""makespan_lb"": ""118"", ""map_file"": ""den312d.map"", ""seed"": ""2"", ""soc"": ""6029"", ""soc_lb"": ""5301"", ""solved"": ""1"", ""solver"": ""planner"", ""sum_of_loss"": ""5563"", ""sum_of_loss_lb"": ""5301""}"
lg_lacam_fork:tl_static,LaCAM + traffic load (static map from starts),den312d,den312d-random-3,100,1,30.0,solved,0.065328,0.031,6608,149,5945,5301,118,1.246557,0,,/home/carsten/Projects/MAPF/MAPF Evaluator/results/tlcpp-den312d/runs/lg_lacam_fork_tl_static/den312d/den312d-random-3_a100_s1_r0,6608,0.031,"{""agents"": ""100"", ""comp_time"": ""31"", ""makespan"": ""149"", ""makespan_lb"": ""118"", ""map_file"": ""den312d.map"", ""seed"": ""1"", ""soc"": ""6608"", ""soc_lb"": ""5301"", ""solved"": ""1"", ""solver"": ""planner"", ""sum_of_loss"": ""5989"", ""sum_of_loss_lb"": ""5301""}"
lg_lacam_fork:tl_static,LaCAM + traffic load (static map from starts),den312d,den312d-random-3,100,2,30.0,solved,0.05987,0.033,6651,126,5952,5301,118,1.254669,0,,/home/carsten/Projects/MAPF/MAPF Evaluator/results/tlcpp-den312d/runs/lg_lacam_fork_tl_static/den312d/den312d-random-3_a100_s2_r0,6651,0.033,"{""agents"": ""100"", ""comp_time"": ""33"", ""makespan"": ""126"", ""makespan_lb"": ""118"", ""map_file"": ""den312d.map"", ""seed"": ""2"", ""soc"": ""6651"", ""soc_lb"": ""5301"", ""solved"": ""1"", ""solver"": ""planner"", ""sum_of_loss"": ""6000"", ""sum_of_loss_lb"": ""5301""}"
lg_lacam_fork:suo,LaCAM3 = SUO (first solution),den312d,den312d-random-3,100,0,30.0,solved,0.114723,0.048,5637,120,5576,5301,118,1.063384,0,,/home/carsten/Projects/MAPF/MAPF Evaluator/results/tlcpp-den312d/runs/lg_lacam_fork_suo/den312d/den312d-random-3_a100_s0_r0,5637,0.048,"{""agents"": ""100"", ""comp_time"": ""48"", ""makespan"": ""120"", ""makespan_lb"": ""118"", ""map_file"": ""den312d.map"", ""seed"": ""0"", ""soc"": ""5637"", ""soc_lb"": ""5301"", ""solved"": ""1"", ""solver"": ""planner"", ""sum_of_loss"": ""5580"", ""sum_of_loss_lb"": ""5301""}"
lg_lacam_fork:suo,LaCAM3 = SUO (first solution),den312d,den312d-random-3,100,1,30.0,solved,0.138616,0.093,5450,118,5450,5301,118,1.028108,0,,/home/carsten/Projects/MAPF/MAPF Evaluator/results/tlcpp-den312d/runs/lg_lacam_fork_suo/den312d/den312d-random-3_a100_s1_r0,5450,0.093,"{""agents"": ""100"", ""comp_time"": ""93"", ""makespan"": ""118"", ""makespan_lb"": ""118"", ""map_file"": ""den312d.map"", ""seed"": ""1"", ""soc"": ""5450"", ""soc_lb"": ""5301"", ""solved"": ""1"", ""solver"": ""planner"", ""sum_of_loss"": ""5450"", ""sum_of_loss_lb"": ""5301""}"
lg_lacam_fork:suo,LaCAM3 = SUO (first solution),den312d,den312d-random-3,100,2,30.0,solved,0.145575,0.085,5464,120,5461,5301,118,1.030749,0,,/home/carsten/Projects/MAPF/MAPF Evaluator/results/tlcpp-den312d/runs/lg_lacam_fork_suo/den312d/den312d-random-3_a100_s2_r0,5464,0.085,"{""agents"": ""100"", ""comp_time"": ""85"", ""makespan"": ""120"", ""makespan_lb"": ""118"", ""map_file"": ""den312d.map"", ""seed"": ""2"", ""soc"": ""5464"", ""soc_lb"": ""5301"", ""solved"": ""1"", ""solver"": ""planner"", ""sum_of_loss"": ""5462"", ""sum_of_loss_lb"": ""5301""}"
lg_lacam_fork:suo_tl,SUO + traffic load,den312d,den312d-random-3,100,0,30.0,solved,0.148902,0.077,5481,120,5481,5301,118,1.033956,0,,/home/carsten/Projects/MAPF/MAPF Evaluator/results/tlcpp-den312d/runs/lg_lacam_fork_suo_tl/den312d/den312d-random-3_a100_s0_r0,5481,0.077,"{""agents"": ""100"", ""comp_time"": ""77"", ""makespan"": ""120"", ""makespan_lb"": ""118"", ""map_file"": ""den312d.map"", ""seed"": ""0"", ""soc"": ""5481"", ""soc_lb"": ""5301"", ""solved"": ""1"", ""solver"": ""planner"", ""sum_of_loss"": ""5481"", ""sum_of_loss_lb"": ""5301""}"
lg_lacam_fork:suo_tl,SUO + traffic load,den312d,den312d-random-3,100,1,30.0,solved,0.173098,0.055,5437,118,5437,5301,118,1.025656,0,,/home/carsten/Projects/MAPF/MAPF Evaluator/results/tlcpp-den312d/runs/lg_lacam_fork_suo_tl/den312d/den312d-random-3_a100_s1_r0,5437,0.055,"{""agents"": ""100"", ""comp_time"": ""55"", ""makespan"": ""118"", ""makespan_lb"": ""118"", ""map_file"": ""den312d.map"", ""seed"": ""1"", ""soc"": ""5437"", ""soc_lb"": ""5301"", ""solved"": ""1"", ""solver"": ""planner"", ""sum_of_loss"": ""5437"", ""sum_of_loss_lb"": ""5301""}"
lg_lacam_fork:suo_tl,SUO + traffic load,den312d,den312d-random-3,100,2,30.0,solved,0.228792,0.132,5447,120,5447,5301,118,1.027542,0,,/home/carsten/Projects/MAPF/MAPF Evaluator/results/tlcpp-den312d/runs/lg_lacam_fork_suo_tl/den312d/den312d-random-3_a100_s2_r0,5447,0.132,"{""agents"": ""100"", ""comp_time"": ""132"", ""makespan"": ""120"", ""makespan_lb"": ""118"", ""map_file"": ""den312d.map"", ""seed"": ""2"", ""soc"": ""5447"", ""soc_lb"": ""5301"", ""solved"": ""1"", ""solver"": ""planner"", ""sum_of_loss"": ""5447"", ""sum_of_loss_lb"": ""5301""}"
lg_lacam_fork:lg,"LG-LaCAM (window 20, first solution)",den312d,den312d-random-3,100,1,30.0,solved,0.135466,0.091,5416,120,5405,5301,118,1.021694,0,,/home/carsten/Projects/MAPF/MAPF Evaluator/results/tlcpp-den312d/runs/lg_lacam_fork_lg/den312d/den312d-random-3_a100_s1_r0,5416,0.091,"{""agents"": ""100"", ""comp_time"": ""91"", ""makespan"": ""120"", ""makespan_lb"": ""118"", ""map_file"": ""den312d.map"", ""seed"": ""1"", ""soc"": ""5416"", ""soc_lb"": ""5301"", ""solved"": ""1"", ""solver"": ""planner"", ""sum_of_loss"": ""5406"", ""sum_of_loss_lb"": ""5301""}"
lg_lacam_fork:lg,"LG-LaCAM (window 20, first solution)",den312d,den312d-random-3,100,0,30.0,solved,0.338551,0.167,5438,120,5399,5301,118,1.025844,0,,/home/carsten/Projects/MAPF/MAPF Evaluator/results/tlcpp-den312d/runs/lg_lacam_fork_lg/den312d/den312d-random-3_a100_s0_r0,5438,0.167,"{""agents"": ""100"", ""comp_time"": ""167"", ""makespan"": ""120"", ""makespan_lb"": ""118"", ""map_file"": ""den312d.map"", ""seed"": ""0"", ""soc"": ""5438"", ""soc_lb"": ""5301"", ""solved"": ""1"", ""solver"": ""planner"", ""sum_of_loss"": ""5401"", ""sum_of_loss_lb"": ""5301""}"
lg_lacam_fork:lg,"LG-LaCAM (window 20, first solution)",den312d,den312d-random-3,100,2,30.0,solved,0.218071,0.101,5422,120,5411,5301,118,1.022826,0,,/home/carsten/Projects/MAPF/MAPF Evaluator/results/tlcpp-den312d/runs/lg_lacam_fork_lg/den312d/den312d-random-3_a100_s2_r0,5422,0.101,"{""agents"": ""100"", ""comp_time"": ""101"", ""makespan"": ""120"", ""makespan_lb"": ""118"", ""map_file"": ""den312d.map"", ""seed"": ""2"", ""soc"": ""5422"", ""soc_lb"": ""5301"", ""solved"": ""1"", ""solver"": ""planner"", ""sum_of_loss"": ""5412"", ""sum_of_loss_lb"": ""5301""}"
lg_lacam_fork:lg_tl,LG-LaCAM (window 20) + traffic load,den312d,den312d-random-3,100,0,30.0,solved,0.301639,0.228,5403,120,5392,5301,118,1.019242,0,,/home/carsten/Projects/MAPF/MAPF Evaluator/results/tlcpp-den312d/runs/lg_lacam_fork_lg_tl/den312d/den312d-random-3_a100_s0_r0,5403,0.228,"{""agents"": ""100"", ""comp_time"": ""228"", ""makespan"": ""120"", ""makespan_lb"": ""118"", ""map_file"": ""den312d.map"", ""seed"": ""0"", ""soc"": ""5403"", ""soc_lb"": ""5301"", ""solved"": ""1"", ""solver"": ""planner"", ""sum_of_loss"": ""5393"", ""sum_of_loss_lb"": ""5301""}"
lg_lacam_fork:lg_tl,LG-LaCAM (window 20) + traffic load,den312d,den312d-random-3,100,1,30.0,solved,0.431434,0.225,5416,120,5405,5301,118,1.021694,0,,/home/carsten/Projects/MAPF/MAPF Evaluator/results/tlcpp-den312d/runs/lg_lacam_fork_lg_tl/den312d/den312d-random-3_a100_s1_r0,5416,0.225,"{""agents"": ""100"", ""comp_time"": ""225"", ""makespan"": ""120"", ""makespan_lb"": ""118"", ""map_file"": ""den312d.map"", ""seed"": ""1"", ""soc"": ""5416"", ""soc_lb"": ""5301"", ""solved"": ""1"", ""solver"": ""planner"", ""sum_of_loss"": ""5406"", ""sum_of_loss_lb"": ""5301""}"
lg_lacam_fork:lg_tl,LG-LaCAM (window 20) + traffic load,den312d,den312d-random-3,100,2,30.0,solved,0.167908,0.094,5412,120,5401,5301,118,1.020939,0,,/home/carsten/Projects/MAPF/MAPF Evaluator/results/tlcpp-den312d/runs/lg_lacam_fork_lg_tl/den312d/den312d-random-3_a100_s2_r0,5412,0.094,"{""agents"": ""100"", ""comp_time"": ""94"", ""makespan"": ""120"", ""makespan_lb"": ""118"", ""map_file"": ""den312d.map"", ""seed"": ""2"", ""soc"": ""5412"", ""soc_lb"": ""5301"", ""solved"": ""1"", ""solver"": ""planner"", ""sum_of_loss"": ""5402"", ""sum_of_loss_lb"": ""5301""}"
lg_lacam_fork:lg_suo,LG-LaCAM (window 20) + SUO,den312d,den312d-random-3,100,0,30.0,solved,0.231464,0.186,5459,120,5414,5301,118,1.029806,0,,/home/carsten/Projects/MAPF/MAPF Evaluator/results/tlcpp-den312d/runs/lg_lacam_fork_lg_suo/den312d/den312d-random-3_a100_s0_r0,5459,0.186,"{""agents"": ""100"", ""comp_time"": ""186"", ""makespan"": ""120"", ""makespan_lb"": ""118"", ""map_file"": ""den312d.map"", ""seed"": ""0"", ""soc"": ""5459"", ""soc_lb"": ""5301"", ""solved"": ""1"", ""solver"": ""planner"", ""sum_of_loss"": ""5417"", ""sum_of_loss_lb"": ""5301""}"
lg_lacam_fork:lg_suo,LG-LaCAM (window 20) + SUO,den312d,den312d-random-3,100,1,30.0,solved,0.246455,0.138,5450,120,5387,5301,118,1.028108,0,,/home/carsten/Projects/MAPF/MAPF Evaluator/results/tlcpp-den312d/runs/lg_lacam_fork_lg_suo/den312d/den312d-random-3_a100_s1_r0,5450,0.138,"{""agents"": ""100"", ""comp_time"": ""138"", ""makespan"": ""120"", ""makespan_lb"": ""118"", ""map_file"": ""den312d.map"", ""seed"": ""1"", ""soc"": ""5450"", ""soc_lb"": ""5301"", ""solved"": ""1"", ""solver"": ""planner"", ""sum_of_loss"": ""5392"", ""sum_of_loss_lb"": ""5301""}"
lg_lacam_fork:lg_suo,LG-LaCAM (window 20) + SUO,den312d,den312d-random-3,100,2,30.0,solved,0.197377,0.14,5443,120,5396,5301,118,1.026787,0,,/home/carsten/Projects/MAPF/MAPF Evaluator/results/tlcpp-den312d/runs/lg_lacam_fork_lg_suo/den312d/den312d-random-3_a100_s2_r0,5443,0.14,"{""agents"": ""100"", ""comp_time"": ""140"", ""makespan"": ""120"", ""makespan_lb"": ""118"", ""map_file"": ""den312d.map"", ""seed"": ""2"", ""soc"": ""5443"", ""soc_lb"": ""5301"", ""solved"": ""1"", ""solver"": ""planner"", ""sum_of_loss"": ""5399"", ""sum_of_loss_lb"": ""5301""}"
lg_lacam_fork:lg_suo_tl,LG-LaCAM (window 20) + SUO + traffic load,den312d,den312d-random-3,100,1,30.0,solved,0.209824,0.128,5450,120,5387,5301,118,1.028108,0,,/home/carsten/Projects/MAPF/MAPF Evaluator/results/tlcpp-den312d/runs/lg_lacam_fork_lg_suo_tl/den312d/den312d-random-3_a100_s1_r0,5450,0.128,"{""agents"": ""100"", ""comp_time"": ""128"", ""makespan"": ""120"", ""makespan_lb"": ""118"", ""map_file"": ""den312d.map"", ""seed"": ""1"", ""soc"": ""5450"", ""soc_lb"": ""5301"", ""solved"": ""1"", ""solver"": ""planner"", ""sum_of_loss"": ""5392"", ""sum_of_loss_lb"": ""5301""}"
lg_lacam_fork:lg_suo_tl,LG-LaCAM (window 20) + SUO + traffic load,den312d,den312d-random-3,100,0,30.0,solved,0.43131,0.27,5459,120,5414,5301,118,1.029806,0,,/home/carsten/Projects/MAPF/MAPF Evaluator/results/tlcpp-den312d/runs/lg_lacam_fork_lg_suo_tl/den312d/den312d-random-3_a100_s0_r0,5459,0.27,"{""agents"": ""100"", ""comp_time"": ""270"", ""makespan"": ""120"", ""makespan_lb"": ""118"", ""map_file"": ""den312d.map"", ""seed"": ""0"", ""soc"": ""5459"", ""soc_lb"": ""5301"", ""solved"": ""1"", ""solver"": ""planner"", ""sum_of_loss"": ""5417"", ""sum_of_loss_lb"": ""5301""}"
lg_lacam_fork:lg_suo_tl,LG-LaCAM (window 20) + SUO + traffic load,den312d,den312d-random-3,100,2,30.0,solved,0.202911,0.128,5443,120,5396,5301,118,1.026787,0,,/home/carsten/Projects/MAPF/MAPF Evaluator/results/tlcpp-den312d/runs/lg_lacam_fork_lg_suo_tl/den312d/den312d-random-3_a100_s2_r0,5443,0.128,"{""agents"": ""100"", ""comp_time"": ""128"", ""makespan"": ""120"", ""makespan_lb"": ""118"", ""map_file"": ""den312d.map"", ""seed"": ""2"", ""soc"": ""5443"", ""soc_lb"": ""5301"", ""solved"": ""1"", ""solver"": ""planner"", ""sum_of_loss"": ""5399"", ""sum_of_loss_lb"": ""5301""}"
lg_lacam_fork:lacam,"LaCAM (no guidance, first solution)",den312d,den312d-random-3,150,0,30.0,solved,0.189895,0.024,10411,133,8900,7745,133,1.344222,0,,/home/carsten/Projects/MAPF/MAPF Evaluator/results/tlcpp-den312d/runs/lg_lacam_fork_lacam/den312d/den312d-random-3_a150_s0_r0,10411,0.024,"{""agents"": ""150"", ""comp_time"": ""24"", ""makespan"": ""133"", ""makespan_lb"": ""133"", ""map_file"": ""den312d.map"", ""seed"": ""0"", ""soc"": ""10411"", ""soc_lb"": ""7745"", ""solved"": ""1"", ""solver"": ""planner"", ""sum_of_loss"": ""9032"", ""sum_of_loss_lb"": ""7745""}"
lg_lacam_fork:lacam,"LaCAM (no guidance, first solution)",den312d,den312d-random-3,150,2,30.0,solved,0.228592,0.063,10609,133,8985,7745,133,1.369787,0,,/home/carsten/Projects/MAPF/MAPF Evaluator/results/tlcpp-den312d/runs/lg_lacam_fork_lacam/den312d/den312d-random-3_a150_s2_r0,10609,0.063,"{""agents"": ""150"", ""comp_time"": ""63"", ""makespan"": ""133"", ""makespan_lb"": ""133"", ""map_file"": ""den312d.map"", ""seed"": ""2"", ""soc"": ""10609"", ""soc_lb"": ""7745"", ""solved"": ""1"", ""solver"": ""planner"", ""sum_of_loss"": ""9123"", ""sum_of_loss_lb"": ""7745""}"
lg_lacam_fork:tl,"LaCAM + traffic load (tie-break, per config)",den312d,den312d-random-3,150,0,30.0,solved,0.139891,0.047,9817,133,8316,7745,133,1.267527,0,,/home/carsten/Projects/MAPF/MAPF Evaluator/results/tlcpp-den312d/runs/lg_lacam_fork_tl/den312d/den312d-random-3_a150_s0_r0,9817,0.047,"{""agents"": ""150"", ""comp_time"": ""47"", ""makespan"": ""133"", ""makespan_lb"": ""133"", ""map_file"": ""den312d.map"", ""seed"": ""0"", ""soc"": ""9817"", ""soc_lb"": ""7745"", ""solved"": ""1"", ""solver"": ""planner"", ""sum_of_loss"": ""8428"", ""sum_of_loss_lb"": ""7745""}"
lg_lacam_fork:lacam,"LaCAM (no guidance, first solution)",den312d,den312d-random-3,150,1,30.0,solved,0.323623,0.088,10300,133,8901,7745,133,1.32989,0,,/home/carsten/Projects/MAPF/MAPF Evaluator/results/tlcpp-den312d/runs/lg_lacam_fork_lacam/den312d/den312d-random-3_a150_s1_r0,10300,0.088,"{""agents"": ""150"", ""comp_time"": ""88"", ""makespan"": ""133"", ""makespan_lb"": ""133"", ""map_file"": ""den312d.map"", ""seed"": ""1"", ""soc"": ""10300"", ""soc_lb"": ""7745"", ""solved"": ""1"", ""solver"": ""planner"", ""sum_of_loss"": ""9022"", ""sum_of_loss_lb"": ""7745""}"
lg_lacam_fork:tl,"LaCAM + traffic load (tie-break, per config)",den312d,den312d-random-3,150,1,30.0,solved,0.26548,0.173,9787,133,8325,7745,133,1.263654,0,,/home/carsten/Projects/MAPF/MAPF Evaluator/results/tlcpp-den312d/runs/lg_lacam_fork_tl/den312d/den312d-random-3_a150_s1_r0,9787,0.173,"{""agents"": ""150"", ""comp_time"": ""173"", ""makespan"": ""133"", ""makespan_lb"": ""133"", ""map_file"": ""den312d.map"", ""seed"": ""1"", ""soc"": ""9787"", ""soc_lb"": ""7745"", ""solved"": ""1"", ""solver"": ""planner"", ""sum_of_loss"": ""8436"", ""sum_of_loss_lb"": ""7745""}"
lg_lacam_fork:tl,"LaCAM + traffic load (tie-break, per config)",den312d,den312d-random-3,150,2,30.0,solved,0.17099,0.109,9803,133,8363,7745,133,1.26572,0,,/home/carsten/Projects/MAPF/MAPF Evaluator/results/tlcpp-den312d/runs/lg_lacam_fork_tl/den312d/den312d-random-3_a150_s2_r0,9803,0.109,"{""agents"": ""150"", ""comp_time"": ""109"", ""makespan"": ""133"", ""makespan_lb"": ""133"", ""map_file"": ""den312d.map"", ""seed"": ""2"", ""soc"": ""9803"", ""soc_lb"": ""7745"", ""solved"": ""1"", ""solver"": ""planner"", ""sum_of_loss"": ""8463"", ""sum_of_loss_lb"": ""7745""}"
lg_lacam_fork:tl_agent,"LaCAM + traffic load (tie-break, per agent)",den312d,den312d-random-3,150,0,30.0,solved,0.135353,0.068,9951,133,8353,7745,133,1.284829,0,,/home/carsten/Projects/MAPF/MAPF Evaluator/results/tlcpp-den312d/runs/lg_lacam_fork_tl_agent/den312d/den312d-random-3_a150_s0_r0,9951,0.068,"{""agents"": ""150"", ""comp_time"": ""68"", ""makespan"": ""133"", ""makespan_lb"": ""133"", ""map_file"": ""den312d.map"", ""seed"": ""0"", ""soc"": ""9951"", ""soc_lb"": ""7745"", ""solved"": ""1"", ""solver"": ""planner"", ""sum_of_loss"": ""8465"", ""sum_of_loss_lb"": ""7745""}"
lg_lacam_fork:tl_agent,"LaCAM + traffic load (tie-break, per agent)",den312d,den312d-random-3,150,1,30.0,solved,0.155109,0.093,9765,133,8330,7745,133,1.260813,0,,/home/carsten/Projects/MAPF/MAPF Evaluator/results/tlcpp-den312d/runs/lg_lacam_fork_tl_agent/den312d/den312d-random-3_a150_s1_r0,9765,0.093,"{""agents"": ""150"", ""comp_time"": ""93"", ""makespan"": ""133"", ""makespan_lb"": ""133"", ""map_file"": ""den312d.map"", ""seed"": ""1"", ""soc"": ""9765"", ""soc_lb"": ""7745"", ""solved"": ""1"", ""solver"": ""planner"", ""sum_of_loss"": ""8436"", ""sum_of_loss_lb"": ""7745""}"
lg_lacam_fork:tl_agent,"LaCAM + traffic load (tie-break, per agent)",den312d,den312d-random-3,150,2,30.0,solved,0.200938,0.104,9900,133,8342,7745,133,1.278244,0,,/home/carsten/Projects/MAPF/MAPF Evaluator/results/tlcpp-den312d/runs/lg_lacam_fork_tl_agent/den312d/den312d-random-3_a150_s2_r0,9900,0.104,"{""agents"": ""150"", ""comp_time"": ""104"", ""makespan"": ""133"", ""makespan_lb"": ""133"", ""map_file"": ""den312d.map"", ""seed"": ""2"", ""soc"": ""9900"", ""soc_lb"": ""7745"", ""solved"": ""1"", ""solver"": ""planner"", ""sum_of_loss"": ""8454"", ""sum_of_loss_lb"": ""7745""}"
lg_lacam_fork:tl_static,LaCAM + traffic load (static map from starts),den312d,den312d-random-3,150,0,30.0,solved,0.131042,0.05,10754,145,9363,7745,133,1.388509,0,,/home/carsten/Projects/MAPF/MAPF Evaluator/results/tlcpp-den312d/runs/lg_lacam_fork_tl_static/den312d/den312d-random-3_a150_s0_r0,10754,0.05,"{""agents"": ""150"", ""comp_time"": ""50"", ""makespan"": ""145"", ""makespan_lb"": ""133"", ""map_file"": ""den312d.map"", ""seed"": ""0"", ""soc"": ""10754"", ""soc_lb"": ""7745"", ""solved"": ""1"", ""solver"": ""planner"", ""sum_of_loss"": ""9517"", ""sum_of_loss_lb"": ""7745""}"
lg_lacam_fork:tl_static,LaCAM + traffic load (static map from starts),den312d,den312d-random-3,150,1,30.0,solved,0.085378,0.036,10593,141,9248,7745,133,1.367721,0,,/home/carsten/Projects/MAPF/MAPF Evaluator/results/tlcpp-den312d/runs/lg_lacam_fork_tl_static/den312d/den312d-random-3_a150_s1_r0,10593,0.036,"{""agents"": ""150"", ""comp_time"": ""36"", ""makespan"": ""141"", ""makespan_lb"": ""133"", ""map_file"": ""den312d.map"", ""seed"": ""1"", ""soc"": ""10593"", ""soc_lb"": ""7745"", ""solved"": ""1"", ""solver"": ""planner"", ""sum_of_loss"": ""9399"", ""sum_of_loss_lb"": ""7745""}"
lg_lacam_fork:tl_static,LaCAM + traffic load (static map from starts),den312d,den312d-random-3,150,2,30.0,solved,0.066157,0.035,10616,141,9277,7745,133,1.370691,0,,/home/carsten/Projects/MAPF/MAPF Evaluator/results/tlcpp-den312d/runs/lg_lacam_fork_tl_static/den312d/den312d-random-3_a150_s2_r0,10616,0.035,"{""agents"": ""150"", ""comp_time"": ""35"", ""makespan"": ""141"", ""makespan_lb"": ""133"", ""map_file"": ""den312d.map"", ""seed"": ""2"", ""soc"": ""10616"", ""soc_lb"": ""7745"", ""solved"": ""1"", ""solver"": ""planner"", ""sum_of_loss"": ""9423"", ""sum_of_loss_lb"": ""7745""}"
lg_lacam_fork:suo,LaCAM3 = SUO (first solution),den312d,den312d-random-3,150,0,30.0,solved,0.216378,0.127,8684,135,8308,7745,133,1.12124,0,,/home/carsten/Projects/MAPF/MAPF Evaluator/results/tlcpp-den312d/runs/lg_lacam_fork_suo/den312d/den312d-random-3_a150_s0_r0,8684,0.127,"{""agents"": ""150"", ""comp_time"": ""127"", ""makespan"": ""135"", ""makespan_lb"": ""133"", ""map_file"": ""den312d.map"", ""seed"": ""0"", ""soc"": ""8684"", ""soc_lb"": ""7745"", ""solved"": ""1"", ""solver"": ""planner"", ""sum_of_loss"": ""8328"", ""sum_of_loss_lb"": ""7745""}"
lg_lacam_fork:suo,LaCAM3 = SUO (first solution),den312d,den312d-random-3,150,2,30.0,solved,0.285661,0.101,8450,137,8150,7745,133,1.091026,0,,/home/carsten/Projects/MAPF/MAPF Evaluator/results/tlcpp-den312d/runs/lg_lacam_fork_suo/den312d/den312d-random-3_a150_s2_r0,8450,0.101,"{""agents"": ""150"", ""comp_time"": ""101"", ""makespan"": ""137"", ""makespan_lb"": ""133"", ""map_file"": ""den312d.map"", ""seed"": ""2"", ""soc"": ""8450"", ""soc_lb"": ""7745"", ""solved"": ""1"", ""solver"": ""planner"", ""sum_of_loss"": ""8164"", ""sum_of_loss_lb"": ""7745""}"
lg_lacam_fork:suo,LaCAM3 = SUO (first solution),den312d,den312d-random-3,150,1,30.0,solved,0.412263,0.177,8431,135,8129,7745,133,1.088573,0,,/home/carsten/Projects/MAPF/MAPF Evaluator/results/tlcpp-den312d/runs/lg_lacam_fork_suo/den312d/den312d-random-3_a150_s1_r0,8431,0.177,"{""agents"": ""150"", ""comp_time"": ""177"", ""makespan"": ""135"", ""makespan_lb"": ""133"", ""map_file"": ""den312d.map"", ""seed"": ""1"", ""soc"": ""8431"", ""soc_lb"": ""7745"", ""solved"": ""1"", ""solver"": ""planner"", ""sum_of_loss"": ""8142"", ""sum_of_loss_lb"": ""7745""}"
lg_lacam_fork:suo_tl,SUO + traffic load,den312d,den312d-random-3,150,0,30.0,solved,0.370538,0.224,8090,135,8053,7745,133,1.044545,0,,/home/carsten/Projects/MAPF/MAPF Evaluator/results/tlcpp-den312d/runs/lg_lacam_fork_suo_tl/den312d/den312d-random-3_a150_s0_r0,8090,0.224,"{""agents"": ""150"", ""comp_time"": ""224"", ""makespan"": ""135"", ""makespan_lb"": ""133"", ""map_file"": ""den312d.map"", ""seed"": ""0"", ""soc"": ""8090"", ""soc_lb"": ""7745"", ""solved"": ""1"", ""solver"": ""planner"", ""sum_of_loss"": ""8056"", ""sum_of_loss_lb"": ""7745""}"
lg_lacam_fork:suo_tl,SUO + traffic load,den312d,den312d-random-3,150,1,30.0,solved,0.363748,0.235,8426,135,8127,7745,133,1.087928,0,,/home/carsten/Projects/MAPF/MAPF Evaluator/results/tlcpp-den312d/runs/lg_lacam_fork_suo_tl/den312d/den312d-random-3_a150_s1_r0,8426,0.235,"{""agents"": ""150"", ""comp_time"": ""235"", ""makespan"": ""135"", ""makespan_lb"": ""133"", ""map_file"": ""den312d.map"", ""seed"": ""1"", ""soc"": ""8426"", ""soc_lb"": ""7745"", ""solved"": ""1"", ""solver"": ""planner"", ""sum_of_loss"": ""8141"", ""sum_of_loss_lb"": ""7745""}"
lg_lacam_fork:lg,"LG-LaCAM (window 20, first solution)",den312d,den312d-random-3,150,0,30.0,solved,0.237154,0.127,8043,135,7980,7745,133,1.038476,0,,/home/carsten/Projects/MAPF/MAPF Evaluator/results/tlcpp-den312d/runs/lg_lacam_fork_lg/den312d/den312d-random-3_a150_s0_r0,8043,0.127,"{""agents"": ""150"", ""comp_time"": ""127"", ""makespan"": ""135"", ""makespan_lb"": ""133"", ""map_file"": ""den312d.map"", ""seed"": ""0"", ""soc"": ""8043"", ""soc_lb"": ""7745"", ""solved"": ""1"", ""solver"": ""planner"", ""sum_of_loss"": ""7986"", ""sum_of_loss_lb"": ""7745""}"
lg_lacam_fork:suo_tl,SUO + traffic load,den312d,den312d-random-3,150,2,30.0,solved,0.253897,0.155,8234,137,8087,7745,133,1.063138,0,,/home/carsten/Projects/MAPF/MAPF Evaluator/results/tlcpp-den312d/runs/lg_lacam_fork_suo_tl/den312d/den312d-random-3_a150_s2_r0,8234,0.155,"{""agents"": ""150"", ""comp_time"": ""155"", ""makespan"": ""137"", ""makespan_lb"": ""133"", ""map_file"": ""den312d.map"", ""seed"": ""2"", ""soc"": ""8234"", ""soc_lb"": ""7745"", ""solved"": ""1"", ""solver"": ""planner"", ""sum_of_loss"": ""8095"", ""sum_of_loss_lb"": ""7745""}"
lg_lacam_fork:lg,"LG-LaCAM (window 20, first solution)",den312d,den312d-random-3,150,1,30.0,solved,0.187057,0.118,8027,135,7968,7745,133,1.036411,0,,/home/carsten/Projects/MAPF/MAPF Evaluator/results/tlcpp-den312d/runs/lg_lacam_fork_lg/den312d/den312d-random-3_a150_s1_r0,8027,0.118,"{""agents"": ""150"", ""comp_time"": ""118"", ""makespan"": ""135"", ""makespan_lb"": ""133"", ""map_file"": ""den312d.map"", ""seed"": ""1"", ""soc"": ""8027"", ""soc_lb"": ""7745"", ""solved"": ""1"", ""solver"": ""planner"", ""sum_of_loss"": ""7971"", ""sum_of_loss_lb"": ""7745""}"
lg_lacam_fork:lg_tl,LG-LaCAM (window 20) + traffic load,den312d,den312d-random-3,150,0,30.0,solved,0.167089,0.079,8006,135,7971,7745,133,1.033699,0,,/home/carsten/Projects/MAPF/MAPF Evaluator/results/tlcpp-den312d/runs/lg_lacam_fork_lg_tl/den312d/den312d-random-3_a150_s0_r0,8006,0.079,"{""agents"": ""150"", ""comp_time"": ""79"", ""makespan"": ""135"", ""makespan_lb"": ""133"", ""map_file"": ""den312d.map"", ""seed"": ""0"", ""soc"": ""8006"", ""soc_lb"": ""7745"", ""solved"": ""1"", ""solver"": ""planner"", ""sum_of_loss"": ""7975"", ""sum_of_loss_lb"": ""7745""}"
lg_lacam_fork:lg,"LG-LaCAM (window 20, first solution)",den312d,den312d-random-3,150,2,30.0,solved,0.230477,0.047,8025,135,7968,7745,133,1.036152,0,,/home/carsten/Projects/MAPF/MAPF Evaluator/results/tlcpp-den312d/runs/lg_lacam_fork_lg/den312d/den312d-random-3_a150_s2_r0,8025,0.047,"{""agents"": ""150"", ""comp_time"": ""47"", ""makespan"": ""135"", ""makespan_lb"": ""133"", ""map_file"": ""den312d.map"", ""seed"": ""2"", ""soc"": ""8025"", ""soc_lb"": ""7745"", ""solved"": ""1"", ""solver"": ""planner"", ""sum_of_loss"": ""7972"", ""sum_of_loss_lb"": ""7745""}"
lg_lacam_fork:lg_tl,LG-LaCAM (window 20) + traffic load,den312d,den312d-random-3,150,2,30.0,solved,0.111005,0.062,8068,135,7971,7745,133,1.041704,0,,/home/carsten/Projects/MAPF/MAPF Evaluator/results/tlcpp-den312d/runs/lg_lacam_fork_lg_tl/den312d/den312d-random-3_a150_s2_r0,8068,0.062,"{""agents"": ""150"", ""comp_time"": ""62"", ""makespan"": ""135"", ""makespan_lb"": ""133"", ""map_file"": ""den312d.map"", ""seed"": ""2"", ""soc"": ""8068"", ""soc_lb"": ""7745"", ""solved"": ""1"", ""solver"": ""planner"", ""sum_of_loss"": ""7976"", ""sum_of_loss_lb"": ""7745""}"
lg_lacam_fork:lg_tl,LG-LaCAM (window 20) + traffic load,den312d,den312d-random-3,150,1,30.0,solved,0.126557,0.059,7987,135,7968,7745,133,1.031246,0,,/home/carsten/Projects/MAPF/MAPF Evaluator/results/tlcpp-den312d/runs/lg_lacam_fork_lg_tl/den312d/den312d-random-3_a150_s1_r0,7987,0.059,"{""agents"": ""150"", ""comp_time"": ""59"", ""makespan"": ""135"", ""makespan_lb"": ""133"", ""map_file"": ""den312d.map"", ""seed"": ""1"", ""soc"": ""7987"", ""soc_lb"": ""7745"", ""solved"": ""1"", ""solver"": ""planner"", ""sum_of_loss"": ""7970"", ""sum_of_loss_lb"": ""7745""}"
lg_lacam_fork:lg_suo,LG-LaCAM (window 20) + SUO,den312d,den312d-random-3,150,0,30.0,solved,0.569983,0.36,8044,135,7983,7745,133,1.038606,0,,/home/carsten/Projects/MAPF/MAPF Evaluator/results/tlcpp-den312d/runs/lg_lacam_fork_lg_suo/den312d/den312d-random-3_a150_s0_r0,8044,0.36,"{""agents"": ""150"", ""comp_time"": ""360"", ""makespan"": ""135"", ""makespan_lb"": ""133"", ""map_file"": ""den312d.map"", ""seed"": ""0"", ""soc"": ""8044"", ""soc_lb"": ""7745"", ""solved"": ""1"", ""solver"": ""planner"", ""sum_of_loss"": ""7988"", ""sum_of_loss_lb"": ""7745""}"
lg_lacam_fork:lg_suo,LG-LaCAM (window 20) + SUO,den312d,den312d-random-3,150,1,30.0,solved,0.459815,0.362,8008,135,7956,7745,133,1.033957,0,,/home/carsten/Projects/MAPF/MAPF Evaluator/results/tlcpp-den312d/runs/lg_lacam_fork_lg_suo/den312d/den312d-random-3_a150_s1_r0,8008,0.362,"{""agents"": ""150"", ""comp_time"": ""362"", ""makespan"": ""135"", ""makespan_lb"": ""133"", ""map_file"": ""den312d.map"", ""seed"": ""1"", ""soc"": ""8008"", ""soc_lb"": ""7745"", ""solved"": ""1"", ""solver"": ""planner"", ""sum_of_loss"": ""7960"", ""sum_of_loss_lb"": ""7745""}"
lg_lacam_fork:lg_suo,LG-LaCAM (window 20) + SUO,den312d,den312d-random-3,150,2,30.0,solved,0.440787,0.259,8037,135,7964,7745,133,1.037702,0,,/home/carsten/Projects/MAPF/MAPF Evaluator/results/tlcpp-den312d/runs/lg_lacam_fork_lg_suo/den312d/den312d-random-3_a150_s2_r0,8037,0.259,"{""agents"": ""150"", ""comp_time"": ""259"", ""makespan"": ""135"", ""makespan_lb"": ""133"", ""map_file"": ""den312d.map"", ""seed"": ""2"", ""soc"": ""8037"", ""soc_lb"": ""7745"", ""solved"": ""1"", ""solver"": ""planner"", ""sum_of_loss"": ""7969"", ""sum_of_loss_lb"": ""7745""}"
lg_lacam_fork:lg_suo_tl,LG-LaCAM (window 20) + SUO + traffic load,den312d,den312d-random-3,150,0,30.0,solved,0.599102,0.503,8035,135,7982,7745,133,1.037444,0,,/home/carsten/Projects/MAPF/MAPF Evaluator/results/tlcpp-den312d/runs/lg_lacam_fork_lg_suo_tl/den312d/den312d-random-3_a150_s0_r0,8035,0.503,"{""agents"": ""150"", ""comp_time"": ""503"", ""makespan"": ""135"", ""makespan_lb"": ""133"", ""map_file"": ""den312d.map"", ""seed"": ""0"", ""soc"": ""8035"", ""soc_lb"": ""7745"", ""solved"": ""1"", ""solver"": ""planner"", ""sum_of_loss"": ""7986"", ""sum_of_loss_lb"": ""7745""}"
lg_lacam_fork:lg_suo_tl,LG-LaCAM (window 20) + SUO + traffic load,den312d,den312d-random-3,150,1,30.0,solved,0.359684,0.271,8018,135,7966,7745,133,1.035249,0,,/home/carsten/Projects/MAPF/MAPF Evaluator/results/tlcpp-den312d/runs/lg_lacam_fork_lg_suo_tl/den312d/den312d-random-3_a150_s1_r0,8018,0.271,"{""agents"": ""150"", ""comp_time"": ""271"", ""makespan"": ""135"", ""makespan_lb"": ""133"", ""map_file"": ""den312d.map"", ""seed"": ""1"", ""soc"": ""8018"", ""soc_lb"": ""7745"", ""solved"": ""1"", ""solver"": ""planner"", ""sum_of_loss"": ""7970"", ""sum_of_loss_lb"": ""7745""}"
lg_lacam_fork:lg_suo_tl,LG-LaCAM (window 20) + SUO + traffic load,den312d,den312d-random-3,150,2,30.0,solved,0.689508,0.576,8028,135,7964,7745,133,1.03654,0,,/home/carsten/Projects/MAPF/MAPF Evaluator/results/tlcpp-den312d/runs/lg_lacam_fork_lg_suo_tl/den312d/den312d-random-3_a150_s2_r0,8028,0.576,"{""agents"": ""150"", ""comp_time"": ""576"", ""makespan"": ""135"", ""makespan_lb"": ""133"", ""map_file"": ""den312d.map"", ""seed"": ""2"", ""soc"": ""8028"", ""soc_lb"": ""7745"", ""solved"": ""1"", ""solver"": ""planner"", ""sum_of_loss"": ""7969"", ""sum_of_loss_lb"": ""7745""}"
lg_lacam_fork:lacam,"LaCAM (no guidance, first solution)",den312d,den312d-random-3,200,0,30.0,solved,0.224605,0.109,14475,133,12199,10440,133,1.386494,0,,/home/carsten/Projects/MAPF/MAPF Evaluator/results/tlcpp-den312d/runs/lg_lacam_fork_lacam/den312d/den312d-random-3_a200_s0_r0,14475,0.109,"{""agents"": ""200"", ""comp_time"": ""109"", ""makespan"": ""133"", ""makespan_lb"": ""133"", ""map_file"": ""den312d.map"", ""seed"": ""0"", ""soc"": ""14475"", ""soc_lb"": ""10440"", ""solved"": ""1"", ""solver"": ""planner"", ""sum_of_loss"": ""12397"", ""sum_of_loss_lb"": ""10440""}"
lg_lacam_fork:lacam,"LaCAM (no guidance, first solution)",den312d,den312d-random-3,200,1,30.0,solved,0.16359,0.045,14920,133,12404,10440,133,1.429119,0,,/home/carsten/Projects/MAPF/MAPF Evaluator/results/tlcpp-den312d/runs/lg_lacam_fork_lacam/den312d/den312d-random-3_a200_s1_r0,14920,0.045,"{""agents"": ""200"", ""comp_time"": ""45"", ""makespan"": ""133"", ""makespan_lb"": ""133"", ""map_file"": ""den312d.map"", ""seed"": ""1"", ""soc"": ""14920"", ""soc_lb"": ""10440"", ""solved"": ""1"", ""solver"": ""planner"", ""sum_of_loss"": ""12619"", ""sum_of_loss_lb"": ""10440""}"
lg_lacam_fork:lacam,"LaCAM (no guidance, first solution)",den312d,den312d-random-3,200,2,30.0,solved,0.672833,0.131,14703,133,12427,10440,133,1.408333,0,,/home/carsten/Projects/MAPF/MAPF Evaluator/results/tlcpp-den312d/runs/lg_lacam_fork_lacam/den312d/den312d-random-3_a200_s2_r0,14703,0.131,"{""agents"": ""200"", ""comp_time"": ""131"", ""makespan"": ""133"", ""makespan_lb"": ""133"", ""map_file"": ""den312d.map"", ""seed"": ""2"", ""soc"": ""14703"", ""soc_lb"": ""10440"", ""solved"": ""1"", ""solver"": ""planner"", ""sum_of_loss"": ""12646"", ""sum_of_loss_lb"": ""10440""}"
lg_lacam_fork:tl,"LaCAM + traffic load (tie-break, per config)",den312d,den312d-random-3,200,0,30.0,solved,0.437697,0.143,13774,133,11659,10440,133,1.319349,0,,/home/carsten/Projects/MAPF/MAPF Evaluator/results/tlcpp-den312d/runs/lg_lacam_fork_tl/den312d/den312d-random-3_a200_s0_r0,13774,0.143,"{""agents"": ""200"", ""comp_time"": ""143"", ""makespan"": ""133"", ""makespan_lb"": ""133"", ""map_file"": ""den312d.map"", ""seed"": ""0"", ""soc"": ""13774"", ""soc_lb"": ""10440"", ""solved"": ""1"", ""solver"": ""planner"", ""sum_of_loss"": ""11841"", ""sum_of_loss_lb"": ""10440""}"
lg_lacam_fork:tl,"LaCAM + traffic load (tie-break, per config)",den312d,den312d-random-3,200,1,30.0,solved,0.26212,0.055,13707,133,11596,10440,133,1.312931,0,,/home/carsten/Projects/MAPF/MAPF Evaluator/results/tlcpp-den312d/runs/lg_lacam_fork_tl/den312d/den312d-random-3_a200_s1_r0,13707,0.055,"{""agents"": ""200"", ""comp_time"": ""55"", ""makespan"": ""133"", ""makespan_lb"": ""133"", ""map_file"": ""den312d.map"", ""seed"": ""1"", ""soc"": ""13707"", ""soc_lb"": ""10440"", ""solved"": ""1"", ""solver"": ""planner"", ""sum_of_loss"": ""11773"", ""sum_of_loss_lb"": ""10440""}"
lg_lacam_fork:tl,"LaCAM + traffic load (tie-break, per config)",den312d,den312d-random-3,200,2,30.0,solved,0.246366,0.118,13750,133,11676,10440,133,1.31705,0,,/home/carsten/Projects/MAPF/MAPF Evaluator/results/tlcpp-den312d/runs/lg_lacam_fork_tl/den312d/den312d-random-3_a200_s2_r0,13750,0.118,"{""agents"": ""200"", ""comp_time"": ""118"", ""makespan"": ""133"", ""makespan_lb"": ""133"", ""map_file"": ""den312d.map"", ""seed"": ""2"", ""soc"": ""13750"", ""soc_lb"": ""10440"", ""solved"": ""1"", ""solver"": ""planner"", ""sum_of_loss"": ""11855"", ""sum_of_loss_lb"": ""10440""}"
lg_lacam_fork:tl_agent,"LaCAM + traffic load (tie-break, per agent)",den312d,den312d-random-3,200,2,30.0,solved,0.420177,0.222,13602,133,11669,10440,133,1.302874,0,,/home/carsten/Projects/MAPF/MAPF Evaluator/results/tlcpp-den312d/runs/lg_lacam_fork_tl_agent/den312d/den312d-random-3_a200_s2_r0,13602,0.222,"{""agents"": ""200"", ""comp_time"": ""222"", ""makespan"": ""133"", ""makespan_lb"": ""133"", ""map_file"": ""den312d.map"", ""seed"": ""2"", ""soc"": ""13602"", ""soc_lb"": ""10440"", ""solved"": ""1"", ""solver"": ""planner"", ""sum_of_loss"": ""11843"", ""sum_of_loss_lb"": ""10440""}"
lg_lacam_fork:tl_agent,"LaCAM + traffic load (tie-break, per agent)",den312d,den312d-random-3,200,1,30.0,solved,0.607997,0.415,13561,133,11688,10440,133,1.298946,0,,/home/carsten/Projects/MAPF/MAPF Evaluator/results/tlcpp-den312d/runs/lg_lacam_fork_tl_agent/den312d/den312d-random-3_a200_s1_r0,13561,0.415,"{""agents"": ""200"", ""comp_time"": ""415"", ""makespan"": ""133"", ""makespan_lb"": ""133"", ""map_file"": ""den312d.map"", ""seed"": ""1"", ""soc"": ""13561"", ""soc_lb"": ""10440"", ""solved"": ""1"", ""solver"": ""planner"", ""sum_of_loss"": ""11859"", ""sum_of_loss_lb"": ""10440""}"
lg_lacam_fork:tl_static,LaCAM + traffic load (static map from starts),den312d,den312d-random-3,200,0,30.0,solved,0.384297,0.183,15457,164,13192,10440,133,1.480556,0,,/home/carsten/Projects/MAPF/MAPF Evaluator/results/tlcpp-den312d/runs/lg_lacam_fork_tl_static/den312d/den312d-random-3_a200_s0_r0,15457,0.183,"{""agents"": ""200"", ""comp_time"": ""183"", ""makespan"": ""164"", ""makespan_lb"": ""133"", ""map_file"": ""den312d.map"", ""seed"": ""0"", ""soc"": ""15457"", ""soc_lb"": ""10440"", ""solved"": ""1"", ""solver"": ""planner"", ""sum_of_loss"": ""13487"", ""sum_of_loss_lb"": ""10440""}"
lg_lacam_fork:tl_agent,"LaCAM + traffic load (tie-break, per agent)",den312d,den312d-random-3,200,0,30.0,error,2.101769,,,,,10440,133,,-6,exit code -6: terminate called after throwing an instance of 'std::system_error' what(): Resource temporarily unavailable,/home/carsten/Projects/MAPF/MAPF Evaluator/results/tlcpp-den312d/runs/lg_lacam_fork_tl_agent/den312d/den312d-random-3_a200_s0_r0,,,
lg_lacam_fork:tl_static,LaCAM + traffic load (static map from starts),den312d,den312d-random-3,200,1,30.0,solved,0.390929,0.173,15624,168,13304,10440,133,1.496552,0,,/home/carsten/Projects/MAPF/MAPF Evaluator/results/tlcpp-den312d/runs/lg_lacam_fork_tl_static/den312d/den312d-random-3_a200_s1_r0,15624,0.173,"{""agents"": ""200"", ""comp_time"": ""173"", ""makespan"": ""168"", ""makespan_lb"": ""133"", ""map_file"": ""den312d.map"", ""seed"": ""1"", ""soc"": ""15624"", ""soc_lb"": ""10440"", ""solved"": ""1"", ""solver"": ""planner"", ""sum_of_loss"": ""13589"", ""sum_of_loss_lb"": ""10440""}"
lg_lacam_fork:tl_static,LaCAM + traffic load (static map from starts),den312d,den312d-random-3,200,2,30.0,solved,0.359503,0.191,15607,172,13373,10440,133,1.494923,0,,/home/carsten/Projects/MAPF/MAPF Evaluator/results/tlcpp-den312d/runs/lg_lacam_fork_tl_static/den312d/den312d-random-3_a200_s2_r0,15607,0.191,"{""agents"": ""200"", ""comp_time"": ""191"", ""makespan"": ""172"", ""makespan_lb"": ""133"", ""map_file"": ""den312d.map"", ""seed"": ""2"", ""soc"": ""15607"", ""soc_lb"": ""10440"", ""solved"": ""1"", ""solver"": ""planner"", ""sum_of_loss"": ""13698"", ""sum_of_loss_lb"": ""10440""}"
lg_lacam_fork:suo,LaCAM3 = SUO (first solution),den312d,den312d-random-3,200,0,30.0,solved,0.550568,0.276,12058,135,11401,10440,133,1.154981,0,,/home/carsten/Projects/MAPF/MAPF Evaluator/results/tlcpp-den312d/runs/lg_lacam_fork_suo/den312d/den312d-random-3_a200_s0_r0,12058,0.276,"{""agents"": ""200"", ""comp_time"": ""276"", ""makespan"": ""135"", ""makespan_lb"": ""133"", ""map_file"": ""den312d.map"", ""seed"": ""0"", ""soc"": ""12058"", ""soc_lb"": ""10440"", ""solved"": ""1"", ""solver"": ""planner"", ""sum_of_loss"": ""11452"", ""sum_of_loss_lb"": ""10440""}"
lg_lacam_fork:suo,LaCAM3 = SUO (first solution),den312d,den312d-random-3,200,1,30.0,solved,0.30203,0.132,12476,137,11764,10440,133,1.195019,0,,/home/carsten/Projects/MAPF/MAPF Evaluator/results/tlcpp-den312d/runs/lg_lacam_fork_suo/den312d/den312d-random-3_a200_s1_r0,12476,0.132,"{""agents"": ""200"", ""comp_time"": ""132"", ""makespan"": ""137"", ""makespan_lb"": ""133"", ""map_file"": ""den312d.map"", ""seed"": ""1"", ""soc"": ""12476"", ""soc_lb"": ""10440"", ""solved"": ""1"", ""solver"": ""planner"", ""sum_of_loss"": ""11823"", ""sum_of_loss_lb"": ""10440""}"
lg_lacam_fork:suo,LaCAM3 = SUO (first solution),den312d,den312d-random-3,200,2,30.0,solved,0.329446,0.155,12314,137,11637,10440,133,1.179502,0,,/home/carsten/Projects/MAPF/MAPF Evaluator/results/tlcpp-den312d/runs/lg_lacam_fork_suo/den312d/den312d-random-3_a200_s2_r0,12314,0.155,"{""agents"": ""200"", ""comp_time"": ""155"", ""makespan"": ""137"", ""makespan_lb"": ""133"", ""map_file"": ""den312d.map"", ""seed"": ""2"", ""soc"": ""12314"", ""soc_lb"": ""10440"", ""solved"": ""1"", ""solver"": ""planner"", ""sum_of_loss"": ""11694"", ""sum_of_loss_lb"": ""10440""}"
lg_lacam_fork:suo_tl,SUO + traffic load,den312d,den312d-random-3,200,1,30.0,solved,0.285452,0.168,11839,137,11311,10440,133,1.134004,0,,/home/carsten/Projects/MAPF/MAPF Evaluator/results/tlcpp-den312d/runs/lg_lacam_fork_suo_tl/den312d/den312d-random-3_a200_s1_r0,11839,0.168,"{""agents"": ""200"", ""comp_time"": ""168"", ""makespan"": ""137"", ""makespan_lb"": ""133"", ""map_file"": ""den312d.map"", ""seed"": ""1"", ""soc"": ""11839"", ""soc_lb"": ""10440"", ""solved"": ""1"", ""solver"": ""planner"", ""sum_of_loss"": ""11352"", ""sum_of_loss_lb"": ""10440""}"
lg_lacam_fork:suo_tl,SUO + traffic load,den312d,den312d-random-3,200,0,30.0,solved,0.416625,0.244,11793,135,11233,10440,133,1.129598,0,,/home/carsten/Projects/MAPF/MAPF Evaluator/results/tlcpp-den312d/runs/lg_lacam_fork_suo_tl/den312d/den312d-random-3_a200_s0_r0,11793,0.244,"{""agents"": ""200"", ""comp_time"": ""244"", ""makespan"": ""135"", ""makespan_lb"": ""133"", ""map_file"": ""den312d.map"", ""seed"": ""0"", ""soc"": ""11793"", ""soc_lb"": ""10440"", ""solved"": ""1"", ""solver"": ""planner"", ""sum_of_loss"": ""11275"", ""sum_of_loss_lb"": ""10440""}"
lg_lacam_fork:suo_tl,SUO + traffic load,den312d,den312d-random-3,200,2,30.0,solved,0.377605,0.261,11660,137,11275,10440,133,1.116858,0,,/home/carsten/Projects/MAPF/MAPF Evaluator/results/tlcpp-den312d/runs/lg_lacam_fork_suo_tl/den312d/den312d-random-3_a200_s2_r0,11660,0.261,"{""agents"": ""200"", ""comp_time"": ""261"", ""makespan"": ""137"", ""makespan_lb"": ""133"", ""map_file"": ""den312d.map"", ""seed"": ""2"", ""soc"": ""11660"", ""soc_lb"": ""10440"", ""solved"": ""1"", ""solver"": ""planner"", ""sum_of_loss"": ""11322"", ""sum_of_loss_lb"": ""10440""}"
lg_lacam_fork:lg,"LG-LaCAM (window 20, first solution)",den312d,den312d-random-3,200,0,30.0,solved,0.31086,0.189,11062,140,10873,10440,133,1.059579,0,,/home/carsten/Projects/MAPF/MAPF Evaluator/results/tlcpp-den312d/runs/lg_lacam_fork_lg/den312d/den312d-random-3_a200_s0_r0,11062,0.189,"{""agents"": ""200"", ""comp_time"": ""189"", ""makespan"": ""140"", ""makespan_lb"": ""133"", ""map_file"": ""den312d.map"", ""seed"": ""0"", ""soc"": ""11062"", ""soc_lb"": ""10440"", ""solved"": ""1"", ""solver"": ""planner"", ""sum_of_loss"": ""10885"", ""sum_of_loss_lb"": ""10440""}"
lg_lacam_fork:lg,"LG-LaCAM (window 20, first solution)",den312d,den312d-random-3,200,1,30.0,solved,0.792417,0.599,11130,139,10866,10440,133,1.066092,0,,/home/carsten/Projects/MAPF/MAPF Evaluator/results/tlcpp-den312d/runs/lg_lacam_fork_lg/den312d/den312d-random-3_a200_s1_r0,11130,0.599,"{""agents"": ""200"", ""comp_time"": ""599"", ""makespan"": ""139"", ""makespan_lb"": ""133"", ""map_file"": ""den312d.map"", ""seed"": ""1"", ""soc"": ""11130"", ""soc_lb"": ""10440"", ""solved"": ""1"", ""solver"": ""planner"", ""sum_of_loss"": ""10884"", ""sum_of_loss_lb"": ""10440""}"
lg_lacam_fork:lg,"LG-LaCAM (window 20, first solution)",den312d,den312d-random-3,200,2,30.0,solved,0.432758,0.316,11141,136,10907,10440,133,1.067146,0,,/home/carsten/Projects/MAPF/MAPF Evaluator/results/tlcpp-den312d/runs/lg_lacam_fork_lg/den312d/den312d-random-3_a200_s2_r0,11141,0.316,"{""agents"": ""200"", ""comp_time"": ""316"", ""makespan"": ""136"", ""makespan_lb"": ""133"", ""map_file"": ""den312d.map"", ""seed"": ""2"", ""soc"": ""11141"", ""soc_lb"": ""10440"", ""solved"": ""1"", ""solver"": ""planner"", ""sum_of_loss"": ""10923"", ""sum_of_loss_lb"": ""10440""}"
lg_lacam_fork:lg_tl,LG-LaCAM (window 20) + traffic load,den312d,den312d-random-3,200,0,30.0,solved,0.868298,0.711,11099,138,10889,10440,133,1.063123,0,,/home/carsten/Projects/MAPF/MAPF Evaluator/results/tlcpp-den312d/runs/lg_lacam_fork_lg_tl/den312d/den312d-random-3_a200_s0_r0,11099,0.711,"{""agents"": ""200"", ""comp_time"": ""711"", ""makespan"": ""138"", ""makespan_lb"": ""133"", ""map_file"": ""den312d.map"", ""seed"": ""0"", ""soc"": ""11099"", ""soc_lb"": ""10440"", ""solved"": ""1"", ""solver"": ""planner"", ""sum_of_loss"": ""10905"", ""sum_of_loss_lb"": ""10440""}"
lg_lacam_fork:lg_tl,LG-LaCAM (window 20) + traffic load,den312d,den312d-random-3,200,1,30.0,solved,0.409823,0.329,11115,137,10874,10440,133,1.064655,0,,/home/carsten/Projects/MAPF/MAPF Evaluator/results/tlcpp-den312d/runs/lg_lacam_fork_lg_tl/den312d/den312d-random-3_a200_s1_r0,11115,0.329,"{""agents"": ""200"", ""comp_time"": ""329"", ""makespan"": ""137"", ""makespan_lb"": ""133"", ""map_file"": ""den312d.map"", ""seed"": ""1"", ""soc"": ""11115"", ""soc_lb"": ""10440"", ""solved"": ""1"", ""solver"": ""planner"", ""sum_of_loss"": ""10887"", ""sum_of_loss_lb"": ""10440""}"
lg_lacam_fork:lg_tl,LG-LaCAM (window 20) + traffic load,den312d,den312d-random-3,200,2,30.0,solved,0.570915,0.393,11109,138,10904,10440,133,1.06408,0,,/home/carsten/Projects/MAPF/MAPF Evaluator/results/tlcpp-den312d/runs/lg_lacam_fork_lg_tl/den312d/den312d-random-3_a200_s2_r0,11109,0.393,"{""agents"": ""200"", ""comp_time"": ""393"", ""makespan"": ""138"", ""makespan_lb"": ""133"", ""map_file"": ""den312d.map"", ""seed"": ""2"", ""soc"": ""11109"", ""soc_lb"": ""10440"", ""solved"": ""1"", ""solver"": ""planner"", ""sum_of_loss"": ""10915"", ""sum_of_loss_lb"": ""10440""}"
lg_lacam_fork:lg_suo,LG-LaCAM (window 20) + SUO,den312d,den312d-random-3,200,0,30.0,solved,0.400773,0.305,11032,134,10862,10440,133,1.056705,0,,/home/carsten/Projects/MAPF/MAPF Evaluator/results/tlcpp-den312d/runs/lg_lacam_fork_lg_suo/den312d/den312d-random-3_a200_s0_r0,11032,0.305,"{""agents"": ""200"", ""comp_time"": ""305"", ""makespan"": ""134"", ""makespan_lb"": ""133"", ""map_file"": ""den312d.map"", ""seed"": ""0"", ""soc"": ""11032"", ""soc_lb"": ""10440"", ""solved"": ""1"", ""solver"": ""planner"", ""sum_of_loss"": ""10873"", ""sum_of_loss_lb"": ""10440""}"
lg_lacam_fork:lg_suo,LG-LaCAM (window 20) + SUO,den312d,den312d-random-3,200,1,30.0,solved,0.355984,0.236,11105,138,10883,10440,133,1.063697,0,,/home/carsten/Projects/MAPF/MAPF Evaluator/results/tlcpp-den312d/runs/lg_lacam_fork_lg_suo/den312d/den312d-random-3_a200_s1_r0,11105,0.236,"{""agents"": ""200"", ""comp_time"": ""236"", ""makespan"": ""138"", ""makespan_lb"": ""133"", ""map_file"": ""den312d.map"", ""seed"": ""1"", ""soc"": ""11105"", ""soc_lb"": ""10440"", ""solved"": ""1"", ""solver"": ""planner"", ""sum_of_loss"": ""10898"", ""sum_of_loss_lb"": ""10440""}"
lg_lacam_fork:lg_suo,LG-LaCAM (window 20) + SUO,den312d,den312d-random-3,200,2,30.0,solved,0.372532,0.269,11013,137,10878,10440,133,1.054885,0,,/home/carsten/Projects/MAPF/MAPF Evaluator/results/tlcpp-den312d/runs/lg_lacam_fork_lg_suo/den312d/den312d-random-3_a200_s2_r0,11013,0.269,"{""agents"": ""200"", ""comp_time"": ""269"", ""makespan"": ""137"", ""makespan_lb"": ""133"", ""map_file"": ""den312d.map"", ""seed"": ""2"", ""soc"": ""11013"", ""soc_lb"": ""10440"", ""solved"": ""1"", ""solver"": ""planner"", ""sum_of_loss"": ""10889"", ""sum_of_loss_lb"": ""10440""}"
lg_lacam_fork:lacam,"LaCAM (no guidance, first solution)",den312d,den312d-random-4,50,0,30.0,solved,0.056581,0.018,2865,126,2691,2550,126,1.123529,0,,/home/carsten/Projects/MAPF/MAPF Evaluator/results/tlcpp-den312d/runs/lg_lacam_fork_lacam/den312d/den312d-random-4_a50_s0_r0,2865,0.018,"{""agents"": ""50"", ""comp_time"": ""18"", ""makespan"": ""126"", ""makespan_lb"": ""126"", ""map_file"": ""den312d.map"", ""seed"": ""0"", ""soc"": ""2865"", ""soc_lb"": ""2550"", ""solved"": ""1"", ""solver"": ""planner"", ""sum_of_loss"": ""2708"", ""sum_of_loss_lb"": ""2550""}"
lg_lacam_fork:lacam,"LaCAM (no guidance, first solution)",den312d,den312d-random-4,50,1,30.0,solved,0.077305,0.017,2875,126,2734,2550,126,1.127451,0,,/home/carsten/Projects/MAPF/MAPF Evaluator/results/tlcpp-den312d/runs/lg_lacam_fork_lacam/den312d/den312d-random-4_a50_s1_r0,2875,0.017,"{""agents"": ""50"", ""comp_time"": ""17"", ""makespan"": ""126"", ""makespan_lb"": ""126"", ""map_file"": ""den312d.map"", ""seed"": ""1"", ""soc"": ""2875"", ""soc_lb"": ""2550"", ""solved"": ""1"", ""solver"": ""planner"", ""sum_of_loss"": ""2755"", ""sum_of_loss_lb"": ""2550""}"
lg_lacam_fork:lacam,"LaCAM (no guidance, first solution)",den312d,den312d-random-4,50,2,30.0,solved,0.069432,0.014,2909,126,2709,2550,126,1.140784,0,,/home/carsten/Projects/MAPF/MAPF Evaluator/results/tlcpp-den312d/runs/lg_lacam_fork_lacam/den312d/den312d-random-4_a50_s2_r0,2909,0.014,"{""agents"": ""50"", ""comp_time"": ""14"", ""makespan"": ""126"", ""makespan_lb"": ""126"", ""map_file"": ""den312d.map"", ""seed"": ""2"", ""soc"": ""2909"", ""soc_lb"": ""2550"", ""solved"": ""1"", ""solver"": ""planner"", ""sum_of_loss"": ""2729"", ""sum_of_loss_lb"": ""2550""}"
lg_lacam_fork:lg_suo_tl,LG-LaCAM (window 20) + SUO + traffic load,den312d,den312d-random-3,200,1,30.0,solved,0.959791,0.781,11087,138,10935,10440,133,1.061973,0,,/home/carsten/Projects/MAPF/MAPF Evaluator/results/tlcpp-den312d/runs/lg_lacam_fork_lg_suo_tl/den312d/den312d-random-3_a200_s1_r0,11087,0.781,"{""agents"": ""200"", ""comp_time"": ""781"", ""makespan"": ""138"", ""makespan_lb"": ""133"", ""map_file"": ""den312d.map"", ""seed"": ""1"", ""soc"": ""11087"", ""soc_lb"": ""10440"", ""solved"": ""1"", ""solver"": ""planner"", ""sum_of_loss"": ""10947"", ""sum_of_loss_lb"": ""10440""}"
lg_lacam_fork:tl,"LaCAM + traffic load (tie-break, per config)",den312d,den312d-random-4,50,0,30.0,solved,0.031059,0.008,2777,126,2609,2550,126,1.08902,0,,/home/carsten/Projects/MAPF/MAPF Evaluator/results/tlcpp-den312d/runs/lg_lacam_fork_tl/den312d/den312d-random-4_a50_s0_r0,2777,0.008,"{""agents"": ""50"", ""comp_time"": ""8"", ""makespan"": ""126"", ""makespan_lb"": ""126"", ""map_file"": ""den312d.map"", ""seed"": ""0"", ""soc"": ""2777"", ""soc_lb"": ""2550"", ""solved"": ""1"", ""solver"": ""planner"", ""sum_of_loss"": ""2625"", ""sum_of_loss_lb"": ""2550""}"
lg_lacam_fork:lg_suo_tl,LG-LaCAM (window 20) + SUO + traffic load,den312d,den312d-random-3,200,0,30.0,solved,1.616558,1.525,11034,135,10881,10440,133,1.056897,0,,/home/carsten/Projects/MAPF/MAPF Evaluator/results/tlcpp-den312d/runs/lg_lacam_fork_lg_suo_tl/den312d/den312d-random-3_a200_s0_r0,11034,1.525,"{""agents"": ""200"", ""comp_time"": ""1525"", ""makespan"": ""135"", ""makespan_lb"": ""133"", ""map_file"": ""den312d.map"", ""seed"": ""0"", ""soc"": ""11034"", ""soc_lb"": ""10440"", ""solved"": ""1"", ""solver"": ""planner"", ""sum_of_loss"": ""10891"", ""sum_of_loss_lb"": ""10440""}"
lg_lacam_fork:lg_suo_tl,LG-LaCAM (window 20) + SUO + traffic load,den312d,den312d-random-3,200,2,30.0,solved,0.995989,0.909,10980,137,10856,10440,133,1.051724,0,,/home/carsten/Projects/MAPF/MAPF Evaluator/results/tlcpp-den312d/runs/lg_lacam_fork_lg_suo_tl/den312d/den312d-random-3_a200_s2_r0,10980,0.909,"{""agents"": ""200"", ""comp_time"": ""909"", ""makespan"": ""137"", ""makespan_lb"": ""133"", ""map_file"": ""den312d.map"", ""seed"": ""2"", ""soc"": ""10980"", ""soc_lb"": ""10440"", ""solved"": ""1"", ""solver"": ""planner"", ""sum_of_loss"": ""10865"", ""sum_of_loss_lb"": ""10440""}"
lg_lacam_fork:tl,"LaCAM + traffic load (tie-break, per config)",den312d,den312d-random-4,50,1,30.0,solved,0.097139,0.006,2814,126,2619,2550,126,1.103529,0,,/home/carsten/Projects/MAPF/MAPF Evaluator/results/tlcpp-den312d/runs/lg_lacam_fork_tl/den312d/den312d-random-4_a50_s1_r0,2814,0.006,"{""agents"": ""50"", ""comp_time"": ""6"", ""makespan"": ""126"", ""makespan_lb"": ""126"", ""map_file"": ""den312d.map"", ""seed"": ""1"", ""soc"": ""2814"", ""soc_lb"": ""2550"", ""solved"": ""1"", ""solver"": ""planner"", ""sum_of_loss"": ""2636"", ""sum_of_loss_lb"": ""2550""}"
lg_lacam_fork:tl,"LaCAM + traffic load (tie-break, per config)",den312d,den312d-random-4,50,2,30.0,solved,0.110425,0.029,2796,126,2623,2550,126,1.096471,0,,/home/carsten/Projects/MAPF/MAPF Evaluator/results/tlcpp-den312d/runs/lg_lacam_fork_tl/den312d/den312d-random-4_a50_s2_r0,2796,0.029,"{""agents"": ""50"", ""comp_time"": ""29"", ""makespan"": ""126"", ""makespan_lb"": ""126"", ""map_file"": ""den312d.map"", ""seed"": ""2"", ""soc"": ""2796"", ""soc_lb"": ""2550"", ""solved"": ""1"", ""solver"": ""planner"", ""sum_of_loss"": ""2639"", ""sum_of_loss_lb"": ""2550""}"
lg_lacam_fork:tl_agent,"LaCAM + traffic load (tie-break, per agent)",den312d,den312d-random-4,50,0,30.0,solved,0.110395,0.058,2786,126,2611,2550,126,1.092549,0,,/home/carsten/Projects/MAPF/MAPF Evaluator/results/tlcpp-den312d/runs/lg_lacam_fork_tl_agent/den312d/den312d-random-4_a50_s0_r0,2786,0.058,"{""agents"": ""50"", ""comp_time"": ""58"", ""makespan"": ""126"", ""makespan_lb"": ""126"", ""map_file"": ""den312d.map"", ""seed"": ""0"", ""soc"": ""2786"", ""soc_lb"": ""2550"", ""solved"": ""1"", ""solver"": ""planner"", ""sum_of_loss"": ""2627"", ""sum_of_loss_lb"": ""2550""}"
lg_lacam_fork:tl_agent,"LaCAM + traffic load (tie-break, per agent)",den312d,den312d-random-4,50,1,30.0,solved,0.044213,0.02,2769,126,2625,2550,126,1.085882,0,,/home/carsten/Projects/MAPF/MAPF Evaluator/results/tlcpp-den312d/runs/lg_lacam_fork_tl_agent/den312d/den312d-random-4_a50_s1_r0,2769,0.02,"{""agents"": ""50"", ""comp_time"": ""20"", ""makespan"": ""126"", ""makespan_lb"": ""126"", ""map_file"": ""den312d.map"", ""seed"": ""1"", ""soc"": ""2769"", ""soc_lb"": ""2550"", ""solved"": ""1"", ""solver"": ""planner"", ""sum_of_loss"": ""2639"", ""sum_of_loss_lb"": ""2550""}"
lg_lacam_fork:tl_agent,"LaCAM + traffic load (tie-break, per agent)",den312d,den312d-random-4,50,2,30.0,solved,0.065607,0.028,2777,126,2631,2550,126,1.08902,0,,/home/carsten/Projects/MAPF/MAPF Evaluator/results/tlcpp-den312d/runs/lg_lacam_fork_tl_agent/den312d/den312d-random-4_a50_s2_r0,2777,0.028,"{""agents"": ""50"", ""comp_time"": ""28"", ""makespan"": ""126"", ""makespan_lb"": ""126"", ""map_file"": ""den312d.map"", ""seed"": ""2"", ""soc"": ""2777"", ""soc_lb"": ""2550"", ""solved"": ""1"", ""solver"": ""planner"", ""sum_of_loss"": ""2646"", ""sum_of_loss_lb"": ""2550""}"
lg_lacam_fork:tl_static,LaCAM + traffic load (static map from starts),den312d,den312d-random-4,50,0,30.0,solved,0.206355,0.081,2886,126,2684,2550,126,1.131765,0,,/home/carsten/Projects/MAPF/MAPF Evaluator/results/tlcpp-den312d/runs/lg_lacam_fork_tl_static/den312d/den312d-random-4_a50_s0_r0,2886,0.081,"{""agents"": ""50"", ""comp_time"": ""81"", ""makespan"": ""126"", ""makespan_lb"": ""126"", ""map_file"": ""den312d.map"", ""seed"": ""0"", ""soc"": ""2886"", ""soc_lb"": ""2550"", ""solved"": ""1"", ""solver"": ""planner"", ""sum_of_loss"": ""2700"", ""sum_of_loss_lb"": ""2550""}"
lg_lacam_fork:tl_static,LaCAM + traffic load (static map from starts),den312d,den312d-random-4,50,1,30.0,solved,0.102988,0.04,2861,126,2677,2550,126,1.121961,0,,/home/carsten/Projects/MAPF/MAPF Evaluator/results/tlcpp-den312d/runs/lg_lacam_fork_tl_static/den312d/den312d-random-4_a50_s1_r0,2861,0.04,"{""agents"": ""50"", ""comp_time"": ""40"", ""makespan"": ""126"", ""makespan_lb"": ""126"", ""map_file"": ""den312d.map"", ""seed"": ""1"", ""soc"": ""2861"", ""soc_lb"": ""2550"", ""solved"": ""1"", ""solver"": ""planner"", ""sum_of_loss"": ""2693"", ""sum_of_loss_lb"": ""2550""}"
lg_lacam_fork:tl_static,LaCAM + traffic load (static map from starts),den312d,den312d-random-4,50,2,30.0,solved,0.10426,0.048,2854,126,2686,2550,126,1.119216,0,,/home/carsten/Projects/MAPF/MAPF Evaluator/results/tlcpp-den312d/runs/lg_lacam_fork_tl_static/den312d/den312d-random-4_a50_s2_r0,2854,0.048,"{""agents"": ""50"", ""comp_time"": ""48"", ""makespan"": ""126"", ""makespan_lb"": ""126"", ""map_file"": ""den312d.map"", ""seed"": ""2"", ""soc"": ""2854"", ""soc_lb"": ""2550"", ""solved"": ""1"", ""solver"": ""planner"", ""sum_of_loss"": ""2703"", ""sum_of_loss_lb"": ""2550""}"
lg_lacam_fork:suo,LaCAM3 = SUO (first solution),den312d,den312d-random-4,50,0,30.0,solved,0.067523,0.039,2580,128,2580,2550,126,1.011765,0,,/home/carsten/Projects/MAPF/MAPF Evaluator/results/tlcpp-den312d/runs/lg_lacam_fork_suo/den312d/den312d-random-4_a50_s0_r0,2580,0.039,"{""agents"": ""50"", ""comp_time"": ""39"", ""makespan"": ""128"", ""makespan_lb"": ""126"", ""map_file"": ""den312d.map"", ""seed"": ""0"", ""soc"": ""2580"", ""soc_lb"": ""2550"", ""solved"": ""1"", ""solver"": ""planner"", ""sum_of_loss"": ""2580"", ""sum_of_loss_lb"": ""2550""}"
lg_lacam_fork:suo,LaCAM3 = SUO (first solution),den312d,den312d-random-4,50,1,30.0,solved,0.08615,0.021,2580,132,2580,2550,126,1.011765,0,,/home/carsten/Projects/MAPF/MAPF Evaluator/results/tlcpp-den312d/runs/lg_lacam_fork_suo/den312d/den312d-random-4_a50_s1_r0,2580,0.021,"{""agents"": ""50"", ""comp_time"": ""21"", ""makespan"": ""132"", ""makespan_lb"": ""126"", ""map_file"": ""den312d.map"", ""seed"": ""1"", ""soc"": ""2580"", ""soc_lb"": ""2550"", ""solved"": ""1"", ""solver"": ""planner"", ""sum_of_loss"": ""2580"", ""sum_of_loss_lb"": ""2550""}"
lg_lacam_fork:suo,LaCAM3 = SUO (first solution),den312d,den312d-random-4,50,2,30.0,solved,0.161335,0.054,2584,130,2584,2550,126,1.013333,0,,/home/carsten/Projects/MAPF/MAPF Evaluator/results/tlcpp-den312d/runs/lg_lacam_fork_suo/den312d/den312d-random-4_a50_s2_r0,2584,0.054,"{""agents"": ""50"", ""comp_time"": ""54"", ""makespan"": ""130"", ""makespan_lb"": ""126"", ""map_file"": ""den312d.map"", ""seed"": ""2"", ""soc"": ""2584"", ""soc_lb"": ""2550"", ""solved"": ""1"", ""solver"": ""planner"", ""sum_of_loss"": ""2584"", ""sum_of_loss_lb"": ""2550""}"
lg_lacam_fork:suo_tl,SUO + traffic load,den312d,den312d-random-4,50,0,30.0,solved,0.087458,0.06,2580,128,2580,2550,126,1.011765,0,,/home/carsten/Projects/MAPF/MAPF Evaluator/results/tlcpp-den312d/runs/lg_lacam_fork_suo_tl/den312d/den312d-random-4_a50_s0_r0,2580,0.06,"{""agents"": ""50"", ""comp_time"": ""60"", ""makespan"": ""128"", ""makespan_lb"": ""126"", ""map_file"": ""den312d.map"", ""seed"": ""0"", ""soc"": ""2580"", ""soc_lb"": ""2550"", ""solved"": ""1"", ""solver"": ""planner"", ""sum_of_loss"": ""2580"", ""sum_of_loss_lb"": ""2550""}"
lg_lacam_fork:suo_tl,SUO + traffic load,den312d,den312d-random-4,50,1,30.0,solved,0.163326,0.103,2580,132,2580,2550,126,1.011765,0,,/home/carsten/Projects/MAPF/MAPF Evaluator/results/tlcpp-den312d/runs/lg_lacam_fork_suo_tl/den312d/den312d-random-4_a50_s1_r0,2580,0.103,"{""agents"": ""50"", ""comp_time"": ""103"", ""makespan"": ""132"", ""makespan_lb"": ""126"", ""map_file"": ""den312d.map"", ""seed"": ""1"", ""soc"": ""2580"", ""soc_lb"": ""2550"", ""solved"": ""1"", ""solver"": ""planner"", ""sum_of_loss"": ""2580"", ""sum_of_loss_lb"": ""2550""}"
lg_lacam_fork:suo_tl,SUO + traffic load,den312d,den312d-random-4,50,2,30.0,solved,0.190346,0.083,2588,130,2588,2550,126,1.014902,0,,/home/carsten/Projects/MAPF/MAPF Evaluator/results/tlcpp-den312d/runs/lg_lacam_fork_suo_tl/den312d/den312d-random-4_a50_s2_r0,2588,0.083,"{""agents"": ""50"", ""comp_time"": ""83"", ""makespan"": ""130"", ""makespan_lb"": ""126"", ""map_file"": ""den312d.map"", ""seed"": ""2"", ""soc"": ""2588"", ""soc_lb"": ""2550"", ""solved"": ""1"", ""solver"": ""planner"", ""sum_of_loss"": ""2588"", ""sum_of_loss_lb"": ""2550""}"
lg_lacam_fork:lg,"LG-LaCAM (window 20, first solution)",den312d,den312d-random-4,50,0,30.0,solved,0.109585,0.037,2573,128,2573,2550,126,1.00902,0,,/home/carsten/Projects/MAPF/MAPF Evaluator/results/tlcpp-den312d/runs/lg_lacam_fork_lg/den312d/den312d-random-4_a50_s0_r0,2573,0.037,"{""agents"": ""50"", ""comp_time"": ""37"", ""makespan"": ""128"", ""makespan_lb"": ""126"", ""map_file"": ""den312d.map"", ""seed"": ""0"", ""soc"": ""2573"", ""soc_lb"": ""2550"", ""solved"": ""1"", ""solver"": ""planner"", ""sum_of_loss"": ""2573"", ""sum_of_loss_lb"": ""2550""}"
lg_lacam_fork:lg,"LG-LaCAM (window 20, first solution)",den312d,den312d-random-4,50,1,30.0,solved,0.180554,0.082,2577,128,2577,2550,126,1.010588,0,,/home/carsten/Projects/MAPF/MAPF Evaluator/results/tlcpp-den312d/runs/lg_lacam_fork_lg/den312d/den312d-random-4_a50_s1_r0,2577,0.082,"{""agents"": ""50"", ""comp_time"": ""82"", ""makespan"": ""128"", ""makespan_lb"": ""126"", ""map_file"": ""den312d.map"", ""seed"": ""1"", ""soc"": ""2577"", ""soc_lb"": ""2550"", ""solved"": ""1"", ""solver"": ""planner"", ""sum_of_loss"": ""2577"", ""sum_of_loss_lb"": ""2550""}"
lg_lacam_fork:lg,"LG-LaCAM (window 20, first solution)",den312d,den312d-random-4,50,2,30.0,solved,0.088558,0.045,2578,128,2578,2550,126,1.01098,0,,/home/carsten/Projects/MAPF/MAPF Evaluator/results/tlcpp-den312d/runs/lg_lacam_fork_lg/den312d/den312d-random-4_a50_s2_r0,2578,0.045,"{""agents"": ""50"", ""comp_time"": ""45"", ""makespan"": ""128"", ""makespan_lb"": ""126"", ""map_file"": ""den312d.map"", ""seed"": ""2"", ""soc"": ""2578"", ""soc_lb"": ""2550"", ""solved"": ""1"", ""solver"": ""planner"", ""sum_of_loss"": ""2578"", ""sum_of_loss_lb"": ""2550""}"
lg_lacam_fork:lg_tl,LG-LaCAM (window 20) + traffic load,den312d,den312d-random-4,50,0,30.0,solved,0.179875,0.07,2573,128,2573,2550,126,1.00902,0,,/home/carsten/Projects/MAPF/MAPF Evaluator/results/tlcpp-den312d/runs/lg_lacam_fork_lg_tl/den312d/den312d-random-4_a50_s0_r0,2573,0.07,"{""agents"": ""50"", ""comp_time"": ""70"", ""makespan"": ""128"", ""makespan_lb"": ""126"", ""map_file"": ""den312d.map"", ""seed"": ""0"", ""soc"": ""2573"", ""soc_lb"": ""2550"", ""solved"": ""1"", ""solver"": ""planner"", ""sum_of_loss"": ""2573"", ""sum_of_loss_lb"": ""2550""}"
lg_lacam_fork:lg_tl,LG-LaCAM (window 20) + traffic load,den312d,den312d-random-4,50,1,30.0,solved,0.171644,0.071,2577,128,2577,2550,126,1.010588,0,,/home/carsten/Projects/MAPF/MAPF Evaluator/results/tlcpp-den312d/runs/lg_lacam_fork_lg_tl/den312d/den312d-random-4_a50_s1_r0,2577,0.071,"{""agents"": ""50"", ""comp_time"": ""71"", ""makespan"": ""128"", ""makespan_lb"": ""126"", ""map_file"": ""den312d.map"", ""seed"": ""1"", ""soc"": ""2577"", ""soc_lb"": ""2550"", ""solved"": ""1"", ""solver"": ""planner"", ""sum_of_loss"": ""2577"", ""sum_of_loss_lb"": ""2550""}"
lg_lacam_fork:lg_tl,LG-LaCAM (window 20) + traffic load,den312d,den312d-random-4,50,2,30.0,solved,0.085178,0.032,2578,128,2578,2550,126,1.01098,0,,/home/carsten/Projects/MAPF/MAPF Evaluator/results/tlcpp-den312d/runs/lg_lacam_fork_lg_tl/den312d/den312d-random-4_a50_s2_r0,2578,0.032,"{""agents"": ""50"", ""comp_time"": ""32"", ""makespan"": ""128"", ""makespan_lb"": ""126"", ""map_file"": ""den312d.map"", ""seed"": ""2"", ""soc"": ""2578"", ""soc_lb"": ""2550"", ""solved"": ""1"", ""solver"": ""planner"", ""sum_of_loss"": ""2578"", ""sum_of_loss_lb"": ""2550""}"
lg_lacam_fork:lg_suo,LG-LaCAM (window 20) + SUO,den312d,den312d-random-4,50,0,30.0,solved,0.130599,0.095,2581,128,2581,2550,126,1.012157,0,,/home/carsten/Projects/MAPF/MAPF Evaluator/results/tlcpp-den312d/runs/lg_lacam_fork_lg_suo/den312d/den312d-random-4_a50_s0_r0,2581,0.095,"{""agents"": ""50"", ""comp_time"": ""95"", ""makespan"": ""128"", ""makespan_lb"": ""126"", ""map_file"": ""den312d.map"", ""seed"": ""0"", ""soc"": ""2581"", ""soc_lb"": ""2550"", ""solved"": ""1"", ""solver"": ""planner"", ""sum_of_loss"": ""2581"", ""sum_of_loss_lb"": ""2550""}"
lg_lacam_fork:lg_suo,LG-LaCAM (window 20) + SUO,den312d,den312d-random-4,50,2,30.0,solved,0.101675,0.059,2578,128,2578,2550,126,1.01098,0,,/home/carsten/Projects/MAPF/MAPF Evaluator/results/tlcpp-den312d/runs/lg_lacam_fork_lg_suo/den312d/den312d-random-4_a50_s2_r0,2578,0.059,"{""agents"": ""50"", ""comp_time"": ""59"", ""makespan"": ""128"", ""makespan_lb"": ""126"", ""map_file"": ""den312d.map"", ""seed"": ""2"", ""soc"": ""2578"", ""soc_lb"": ""2550"", ""solved"": ""1"", ""solver"": ""planner"", ""sum_of_loss"": ""2578"", ""sum_of_loss_lb"": ""2550""}"
lg_lacam_fork:lg_suo,LG-LaCAM (window 20) + SUO,den312d,den312d-random-4,50,1,30.0,solved,0.144777,0.088,2573,128,2573,2550,126,1.00902,0,,/home/carsten/Projects/MAPF/MAPF Evaluator/results/tlcpp-den312d/runs/lg_lacam_fork_lg_suo/den312d/den312d-random-4_a50_s1_r0,2573,0.088,"{""agents"": ""50"", ""comp_time"": ""88"", ""makespan"": ""128"", ""makespan_lb"": ""126"", ""map_file"": ""den312d.map"", ""seed"": ""1"", ""soc"": ""2573"", ""soc_lb"": ""2550"", ""solved"": ""1"", ""solver"": ""planner"", ""sum_of_loss"": ""2573"", ""sum_of_loss_lb"": ""2550""}"
lg_lacam_fork:lg_suo_tl,LG-LaCAM (window 20) + SUO + traffic load,den312d,den312d-random-4,50,1,30.0,solved,0.155312,0.067,2573,128,2573,2550,126,1.00902,0,,/home/carsten/Projects/MAPF/MAPF Evaluator/results/tlcpp-den312d/runs/lg_lacam_fork_lg_suo_tl/den312d/den312d-random-4_a50_s1_r0,2573,0.067,"{""agents"": ""50"", ""comp_time"": ""67"", ""makespan"": ""128"", ""makespan_lb"": ""126"", ""map_file"": ""den312d.map"", ""seed"": ""1"", ""soc"": ""2573"", ""soc_lb"": ""2550"", ""solved"": ""1"", ""solver"": ""planner"", ""sum_of_loss"": ""2573"", ""sum_of_loss_lb"": ""2550""}"
lg_lacam_fork:lg_suo_tl,LG-LaCAM (window 20) + SUO + traffic load,den312d,den312d-random-4,50,0,30.0,solved,0.17621,0.133,2581,128,2581,2550,126,1.012157,0,,/home/carsten/Projects/MAPF/MAPF Evaluator/results/tlcpp-den312d/runs/lg_lacam_fork_lg_suo_tl/den312d/den312d-random-4_a50_s0_r0,2581,0.133,"{""agents"": ""50"", ""comp_time"": ""133"", ""makespan"": ""128"", ""makespan_lb"": ""126"", ""map_file"": ""den312d.map"", ""seed"": ""0"", ""soc"": ""2581"", ""soc_lb"": ""2550"", ""solved"": ""1"", ""solver"": ""planner"", ""sum_of_loss"": ""2581"", ""sum_of_loss_lb"": ""2550""}"
lg_lacam_fork:lg_suo_tl,LG-LaCAM (window 20) + SUO + traffic load,den312d,den312d-random-4,50,2,30.0,solved,0.191754,0.116,2578,128,2578,2550,126,1.01098,0,,/home/carsten/Projects/MAPF/MAPF Evaluator/results/tlcpp-den312d/runs/lg_lacam_fork_lg_suo_tl/den312d/den312d-random-4_a50_s2_r0,2578,0.116,"{""agents"": ""50"", ""comp_time"": ""116"", ""makespan"": ""128"", ""makespan_lb"": ""126"", ""map_file"": ""den312d.map"", ""seed"": ""2"", ""soc"": ""2578"", ""soc_lb"": ""2550"", ""solved"": ""1"", ""solver"": ""planner"", ""sum_of_loss"": ""2578"", ""sum_of_loss_lb"": ""2550""}"
lg_lacam_fork:lacam,"LaCAM (no guidance, first solution)",den312d,den312d-random-4,100,0,30.0,solved,0.089925,0.031,6542,132,5912,5314,130,1.231088,0,,/home/carsten/Projects/MAPF/MAPF Evaluator/results/tlcpp-den312d/runs/lg_lacam_fork_lacam/den312d/den312d-random-4_a100_s0_r0,6542,0.031,"{""agents"": ""100"", ""comp_time"": ""31"", ""makespan"": ""132"", ""makespan_lb"": ""130"", ""map_file"": ""den312d.map"", ""seed"": ""0"", ""soc"": ""6542"", ""soc_lb"": ""5314"", ""solved"": ""1"", ""solver"": ""planner"", ""sum_of_loss"": ""5973"", ""sum_of_loss_lb"": ""5314""}"
lg_lacam_fork:lacam,"LaCAM (no guidance, first solution)",den312d,den312d-random-4,100,1,30.0,solved,0.062383,0.02,6529,130,5939,5314,130,1.228641,0,,/home/carsten/Projects/MAPF/MAPF Evaluator/results/tlcpp-den312d/runs/lg_lacam_fork_lacam/den312d/den312d-random-4_a100_s1_r0,6529,0.02,"{""agents"": ""100"", ""comp_time"": ""20"", ""makespan"": ""130"", ""makespan_lb"": ""130"", ""map_file"": ""den312d.map"", ""seed"": ""1"", ""soc"": ""6529"", ""soc_lb"": ""5314"", ""solved"": ""1"", ""solver"": ""planner"", ""sum_of_loss"": ""6000"", ""sum_of_loss_lb"": ""5314""}"
lg_lacam_fork:lacam,"LaCAM (no guidance, first solution)",den312d,den312d-random-4,100,2,30.0,solved,0.071851,0.026,6691,130,5964,5314,130,1.259127,0,,/home/carsten/Projects/MAPF/MAPF Evaluator/results/tlcpp-den312d/runs/lg_lacam_fork_lacam/den312d/den312d-random-4_a100_s2_r0,6691,0.026,"{""agents"": ""100"", ""comp_time"": ""26"", ""makespan"": ""130"", ""makespan_lb"": ""130"", ""map_file"": ""den312d.map"", ""seed"": ""2"", ""soc"": ""6691"", ""soc_lb"": ""5314"", ""solved"": ""1"", ""solver"": ""planner"", ""sum_of_loss"": ""6030"", ""sum_of_loss_lb"": ""5314""}"
lg_lacam_fork:tl,"LaCAM + traffic load (tie-break, per config)",den312d,den312d-random-4,100,0,30.0,solved,0.095742,0.045,6269,130,5669,5314,130,1.179714,0,,/home/carsten/Projects/MAPF/MAPF Evaluator/results/tlcpp-den312d/runs/lg_lacam_fork_tl/den312d/den312d-random-4_a100_s0_r0,6269,0.045,"{""agents"": ""100"", ""comp_time"": ""45"", ""makespan"": ""130"", ""makespan_lb"": ""130"", ""map_file"": ""den312d.map"", ""seed"": ""0"", ""soc"": ""6269"", ""soc_lb"": ""5314"", ""solved"": ""1"", ""solver"": ""planner"", ""sum_of_loss"": ""5725"", ""sum_of_loss_lb"": ""5314""}"
lg_lacam_fork:tl,"LaCAM + traffic load (tie-break, per config)",den312d,den312d-random-4,100,1,30.0,solved,0.110005,0.058,6217,130,5680,5314,130,1.169928,0,,/home/carsten/Projects/MAPF/MAPF Evaluator/results/tlcpp-den312d/runs/lg_lacam_fork_tl/den312d/den312d-random-4_a100_s1_r0,6217,0.058,"{""agents"": ""100"", ""comp_time"": ""58"", ""makespan"": ""130"", ""makespan_lb"": ""130"", ""map_file"": ""den312d.map"", ""seed"": ""1"", ""soc"": ""6217"", ""soc_lb"": ""5314"", ""solved"": ""1"", ""solver"": ""planner"", ""sum_of_loss"": ""5735"", ""sum_of_loss_lb"": ""5314""}"
lg_lacam_fork:tl_agent,"LaCAM + traffic load (tie-break, per agent)",den312d,den312d-random-4,100,0,30.0,solved,0.266174,0.165,6232,130,5650,5314,130,1.172751,0,,/home/carsten/Projects/MAPF/MAPF Evaluator/results/tlcpp-den312d/runs/lg_lacam_fork_tl_agent/den312d/den312d-random-4_a100_s0_r0,6232,0.165,"{""agents"": ""100"", ""comp_time"": ""165"", ""makespan"": ""130"", ""makespan_lb"": ""130"", ""map_file"": ""den312d.map"", ""seed"": ""0"", ""soc"": ""6232"", ""soc_lb"": ""5314"", ""solved"": ""1"", ""solver"": ""planner"", ""sum_of_loss"": ""5703"", ""sum_of_loss_lb"": ""5314""}"
lg_lacam_fork:tl_agent,"LaCAM + traffic load (tie-break, per agent)",den312d,den312d-random-4,100,1,30.0,solved,0.15568,0.1,6229,130,5662,5314,130,1.172187,0,,/home/carsten/Projects/MAPF/MAPF Evaluator/results/tlcpp-den312d/runs/lg_lacam_fork_tl_agent/den312d/den312d-random-4_a100_s1_r0,6229,0.1,"{""agents"": ""100"", ""comp_time"": ""100"", ""makespan"": ""130"", ""makespan_lb"": ""130"", ""map_file"": ""den312d.map"", ""seed"": ""1"", ""soc"": ""6229"", ""soc_lb"": ""5314"", ""solved"": ""1"", ""solver"": ""planner"", ""sum_of_loss"": ""5717"", ""sum_of_loss_lb"": ""5314""}"
lg_lacam_fork:tl,"LaCAM + traffic load (tie-break, per config)",den312d,den312d-random-4,100,2,30.0,solved,0.226428,0.087,6259,130,5671,5314,130,1.177832,0,,/home/carsten/Projects/MAPF/MAPF Evaluator/results/tlcpp-den312d/runs/lg_lacam_fork_tl/den312d/den312d-random-4_a100_s2_r0,6259,0.087,"{""agents"": ""100"", ""comp_time"": ""87"", ""makespan"": ""130"", ""makespan_lb"": ""130"", ""map_file"": ""den312d.map"", ""seed"": ""2"", ""soc"": ""6259"", ""soc_lb"": ""5314"", ""solved"": ""1"", ""solver"": ""planner"", ""sum_of_loss"": ""5722"", ""sum_of_loss_lb"": ""5314""}"
lg_lacam_fork:tl_agent,"LaCAM + traffic load (tie-break, per agent)",den312d,den312d-random-4,100,2,30.0,solved,0.075031,0.04,6121,130,5640,5314,130,1.151863,0,,/home/carsten/Projects/MAPF/MAPF Evaluator/results/tlcpp-den312d/runs/lg_lacam_fork_tl_agent/den312d/den312d-random-4_a100_s2_r0,6121,0.04,"{""agents"": ""100"", ""comp_time"": ""40"", ""makespan"": ""130"", ""makespan_lb"": ""130"", ""map_file"": ""den312d.map"", ""seed"": ""2"", ""soc"": ""6121"", ""soc_lb"": ""5314"", ""solved"": ""1"", ""solver"": ""planner"", ""sum_of_loss"": ""5684"", ""sum_of_loss_lb"": ""5314""}"
lg_lacam_fork:tl_static,LaCAM + traffic load (static map from starts),den312d,den312d-random-4,100,0,30.0,solved,0.18566,0.101,6548,130,5905,5314,130,1.232217,0,,/home/carsten/Projects/MAPF/MAPF Evaluator/results/tlcpp-den312d/runs/lg_lacam_fork_tl_static/den312d/den312d-random-4_a100_s0_r0,6548,0.101,"{""agents"": ""100"", ""comp_time"": ""101"", ""makespan"": ""130"", ""makespan_lb"": ""130"", ""map_file"": ""den312d.map"", ""seed"": ""0"", ""soc"": ""6548"", ""soc_lb"": ""5314"", ""solved"": ""1"", ""solver"": ""planner"", ""sum_of_loss"": ""5956"", ""sum_of_loss_lb"": ""5314""}"
lg_lacam_fork:tl_static,LaCAM + traffic load (static map from starts),den312d,den312d-random-4,100,2,30.0,solved,0.122522,0.048,6440,130,5881,5314,130,1.211893,0,,/home/carsten/Projects/MAPF/MAPF Evaluator/results/tlcpp-den312d/runs/lg_lacam_fork_tl_static/den312d/den312d-random-4_a100_s2_r0,6440,0.048,"{""agents"": ""100"", ""comp_time"": ""48"", ""makespan"": ""130"", ""makespan_lb"": ""130"", ""map_file"": ""den312d.map"", ""seed"": ""2"", ""soc"": ""6440"", ""soc_lb"": ""5314"", ""solved"": ""1"", ""solver"": ""planner"", ""sum_of_loss"": ""5930"", ""sum_of_loss_lb"": ""5314""}"
lg_lacam_fork:tl_static,LaCAM + traffic load (static map from starts),den312d,den312d-random-4,100,1,30.0,solved,0.107368,0.045,6462,130,5871,5314,130,1.216033,0,,/home/carsten/Projects/MAPF/MAPF Evaluator/results/tlcpp-den312d/runs/lg_lacam_fork_tl_static/den312d/den312d-random-4_a100_s1_r0,6462,0.045,"{""agents"": ""100"", ""comp_time"": ""45"", ""makespan"": ""130"", ""makespan_lb"": ""130"", ""map_file"": ""den312d.map"", ""seed"": ""1"", ""soc"": ""6462"", ""soc_lb"": ""5314"", ""solved"": ""1"", ""solver"": ""planner"", ""sum_of_loss"": ""5919"", ""sum_of_loss_lb"": ""5314""}"
lg_lacam_fork:suo,LaCAM3 = SUO (first solution),den312d,den312d-random-4,100,0,30.0,solved,0.120363,0.079,5497,134,5467,5314,130,1.034437,0,,/home/carsten/Projects/MAPF/MAPF Evaluator/results/tlcpp-den312d/runs/lg_lacam_fork_suo/den312d/den312d-random-4_a100_s0_r0,5497,0.079,"{""agents"": ""100"", ""comp_time"": ""79"", ""makespan"": ""134"", ""makespan_lb"": ""130"", ""map_file"": ""den312d.map"", ""seed"": ""0"", ""soc"": ""5497"", ""soc_lb"": ""5314"", ""solved"": ""1"", ""solver"": ""planner"", ""sum_of_loss"": ""5470"", ""sum_of_loss_lb"": ""5314""}"
lg_lacam_fork:suo,LaCAM3 = SUO (first solution),den312d,den312d-random-4,100,1,30.0,solved,0.106936,0.064,5666,134,5576,5314,130,1.06624,0,,/home/carsten/Projects/MAPF/MAPF Evaluator/results/tlcpp-den312d/runs/lg_lacam_fork_suo/den312d/den312d-random-4_a100_s1_r0,5666,0.064,"{""agents"": ""100"", ""comp_time"": ""64"", ""makespan"": ""134"", ""makespan_lb"": ""130"", ""map_file"": ""den312d.map"", ""seed"": ""1"", ""soc"": ""5666"", ""soc_lb"": ""5314"", ""solved"": ""1"", ""solver"": ""planner"", ""sum_of_loss"": ""5583"", ""sum_of_loss_lb"": ""5314""}"
lg_lacam_fork:suo,LaCAM3 = SUO (first solution),den312d,den312d-random-4,100,2,30.0,solved,0.093526,0.048,5711,134,5542,5314,130,1.074708,0,,/home/carsten/Projects/MAPF/MAPF Evaluator/results/tlcpp-den312d/runs/lg_lacam_fork_suo/den312d/den312d-random-4_a100_s2_r0,5711,0.048,"{""agents"": ""100"", ""comp_time"": ""48"", ""makespan"": ""134"", ""makespan_lb"": ""130"", ""map_file"": ""den312d.map"", ""seed"": ""2"", ""soc"": ""5711"", ""soc_lb"": ""5314"", ""solved"": ""1"", ""solver"": ""planner"", ""sum_of_loss"": ""5554"", ""sum_of_loss_lb"": ""5314""}"
lg_lacam_fork:suo_tl,SUO + traffic load,den312d,den312d-random-4,100,0,30.0,solved,0.249615,0.126,5485,134,5475,5314,130,1.032179,0,,/home/carsten/Projects/MAPF/MAPF Evaluator/results/tlcpp-den312d/runs/lg_lacam_fork_suo_tl/den312d/den312d-random-4_a100_s0_r0,5485,0.126,"{""agents"": ""100"", ""comp_time"": ""126"", ""makespan"": ""134"", ""makespan_lb"": ""130"", ""map_file"": ""den312d.map"", ""seed"": ""0"", ""soc"": ""5485"", ""soc_lb"": ""5314"", ""solved"": ""1"", ""solver"": ""planner"", ""sum_of_loss"": ""5478"", ""sum_of_loss_lb"": ""5314""}"
lg_lacam_fork:suo_tl,SUO + traffic load,den312d,den312d-random-4,100,1,30.0,solved,0.168197,0.077,5474,134,5474,5314,130,1.030109,0,,/home/carsten/Projects/MAPF/MAPF Evaluator/results/tlcpp-den312d/runs/lg_lacam_fork_suo_tl/den312d/den312d-random-4_a100_s1_r0,5474,0.077,"{""agents"": ""100"", ""comp_time"": ""77"", ""makespan"": ""134"", ""makespan_lb"": ""130"", ""map_file"": ""den312d.map"", ""seed"": ""1"", ""soc"": ""5474"", ""soc_lb"": ""5314"", ""solved"": ""1"", ""solver"": ""planner"", ""sum_of_loss"": ""5474"", ""sum_of_loss_lb"": ""5314""}"
lg_lacam_fork:suo_tl,SUO + traffic load,den312d,den312d-random-4,100,2,30.0,solved,0.152208,0.068,5624,134,5513,5314,130,1.058336,0,,/home/carsten/Projects/MAPF/MAPF Evaluator/results/tlcpp-den312d/runs/lg_lacam_fork_suo_tl/den312d/den312d-random-4_a100_s2_r0,5624,0.068,"{""agents"": ""100"", ""comp_time"": ""68"", ""makespan"": ""134"", ""makespan_lb"": ""130"", ""map_file"": ""den312d.map"", ""seed"": ""2"", ""soc"": ""5624"", ""soc_lb"": ""5314"", ""solved"": ""1"", ""solver"": ""planner"", ""sum_of_loss"": ""5521"", ""sum_of_loss_lb"": ""5314""}"
lg_lacam_fork:lg,"LG-LaCAM (window 20, first solution)",den312d,den312d-random-4,100,0,30.0,solved,0.202671,0.148,5471,132,5436,5314,130,1.029545,0,,/home/carsten/Projects/MAPF/MAPF Evaluator/results/tlcpp-den312d/runs/lg_lacam_fork_lg/den312d/den312d-random-4_a100_s0_r0,5471,0.148,"{""agents"": ""100"", ""comp_time"": ""148"", ""makespan"": ""132"", ""makespan_lb"": ""130"", ""map_file"": ""den312d.map"", ""seed"": ""0"", ""soc"": ""5471"", ""soc_lb"": ""5314"", ""solved"": ""1"", ""solver"": ""planner"", ""sum_of_loss"": ""5440"", ""sum_of_loss_lb"": ""5314""}"
lg_lacam_fork:lg,"LG-LaCAM (window 20, first solution)",den312d,den312d-random-4,100,1,30.0,solved,0.241867,0.147,5486,134,5453,5314,130,1.032367,0,,/home/carsten/Projects/MAPF/MAPF Evaluator/results/tlcpp-den312d/runs/lg_lacam_fork_lg/den312d/den312d-random-4_a100_s1_r0,5486,0.147,"{""agents"": ""100"", ""comp_time"": ""147"", ""makespan"": ""134"", ""makespan_lb"": ""130"", ""map_file"": ""den312d.map"", ""seed"": ""1"", ""soc"": ""5486"", ""soc_lb"": ""5314"", ""solved"": ""1"", ""solver"": ""planner"", ""sum_of_loss"": ""5457"", ""sum_of_loss_lb"": ""5314""}"
lg_lacam_fork:lg,"LG-LaCAM (window 20, first solution)",den312d,den312d-random-4,100,2,30.0,solved,0.217706,0.109,5489,134,5445,5314,130,1.032932,0,,/home/carsten/Projects/MAPF/MAPF Evaluator/results/tlcpp-den312d/runs/lg_lacam_fork_lg/den312d/den312d-random-4_a100_s2_r0,5489,0.109,"{""agents"": ""100"", ""comp_time"": ""109"", ""makespan"": ""134"", ""makespan_lb"": ""130"", ""map_file"": ""den312d.map"", ""seed"": ""2"", ""soc"": ""5489"", ""soc_lb"": ""5314"", ""solved"": ""1"", ""solver"": ""planner"", ""sum_of_loss"": ""5450"", ""sum_of_loss_lb"": ""5314""}"
lg_lacam_fork:lg_tl,LG-LaCAM (window 20) + traffic load,den312d,den312d-random-4,100,1,30.0,solved,0.369289,0.309,5479,136,5442,5314,130,1.03105,0,,/home/carsten/Projects/MAPF/MAPF Evaluator/results/tlcpp-den312d/runs/lg_lacam_fork_lg_tl/den312d/den312d-random-4_a100_s1_r0,5479,0.309,"{""agents"": ""100"", ""comp_time"": ""309"", ""makespan"": ""136"", ""makespan_lb"": ""130"", ""map_file"": ""den312d.map"", ""seed"": ""1"", ""soc"": ""5479"", ""soc_lb"": ""5314"", ""solved"": ""1"", ""solver"": ""planner"", ""sum_of_loss"": ""5446"", ""sum_of_loss_lb"": ""5314""}"
lg_lacam_fork:lg_tl,LG-LaCAM (window 20) + traffic load,den312d,den312d-random-4,100,0,30.0,solved,0.3519,0.16,5468,132,5431,5314,130,1.02898,0,,/home/carsten/Projects/MAPF/MAPF Evaluator/results/tlcpp-den312d/runs/lg_lacam_fork_lg_tl/den312d/den312d-random-4_a100_s0_r0,5468,0.16,"{""agents"": ""100"", ""comp_time"": ""160"", ""makespan"": ""132"", ""makespan_lb"": ""130"", ""map_file"": ""den312d.map"", ""seed"": ""0"", ""soc"": ""5468"", ""soc_lb"": ""5314"", ""solved"": ""1"", ""solver"": ""planner"", ""sum_of_loss"": ""5435"", ""sum_of_loss_lb"": ""5314""}"
lg_lacam_fork:lg_tl,LG-LaCAM (window 20) + traffic load,den312d,den312d-random-4,100,2,30.0,solved,0.35432,0.293,5469,134,5434,5314,130,1.029168,0,,/home/carsten/Projects/MAPF/MAPF Evaluator/results/tlcpp-den312d/runs/lg_lacam_fork_lg_tl/den312d/den312d-random-4_a100_s2_r0,5469,0.293,"{""agents"": ""100"", ""comp_time"": ""293"", ""makespan"": ""134"", ""makespan_lb"": ""130"", ""map_file"": ""den312d.map"", ""seed"": ""2"", ""soc"": ""5469"", ""soc_lb"": ""5314"", ""solved"": ""1"", ""solver"": ""planner"", ""sum_of_loss"": ""5438"", ""sum_of_loss_lb"": ""5314""}"
lg_lacam_fork:lg_suo,LG-LaCAM (window 20) + SUO,den312d,den312d-random-4,100,0,30.0,solved,0.227767,0.165,5461,134,5438,5314,130,1.027663,0,,/home/carsten/Projects/MAPF/MAPF Evaluator/results/tlcpp-den312d/runs/lg_lacam_fork_lg_suo/den312d/den312d-random-4_a100_s0_r0,5461,0.165,"{""agents"": ""100"", ""comp_time"": ""165"", ""makespan"": ""134"", ""makespan_lb"": ""130"", ""map_file"": ""den312d.map"", ""seed"": ""0"", ""soc"": ""5461"", ""soc_lb"": ""5314"", ""solved"": ""1"", ""solver"": ""planner"", ""sum_of_loss"": ""5439"", ""sum_of_loss_lb"": ""5314""}"
lg_lacam_fork:lg_suo,LG-LaCAM (window 20) + SUO,den312d,den312d-random-4,100,1,30.0,solved,0.40086,0.263,5476,134,5445,5314,130,1.030486,0,,/home/carsten/Projects/MAPF/MAPF Evaluator/results/tlcpp-den312d/runs/lg_lacam_fork_lg_suo/den312d/den312d-random-4_a100_s1_r0,5476,0.263,"{""agents"": ""100"", ""comp_time"": ""263"", ""makespan"": ""134"", ""makespan_lb"": ""130"", ""map_file"": ""den312d.map"", ""seed"": ""1"", ""soc"": ""5476"", ""soc_lb"": ""5314"", ""solved"": ""1"", ""solver"": ""planner"", ""sum_of_loss"": ""5449"", ""sum_of_loss_lb"": ""5314""}"
lg_lacam_fork:lg_suo,LG-LaCAM (window 20) + SUO,den312d,den312d-random-4,100,2,30.0,solved,0.249888,0.14,5462,134,5446,5314,130,1.027851,0,,/home/carsten/Projects/MAPF/MAPF Evaluator/results/tlcpp-den312d/runs/lg_lacam_fork_lg_suo/den312d/den312d-random-4_a100_s2_r0,5462,0.14,"{""agents"": ""100"", ""comp_time"": ""140"", ""makespan"": ""134"", ""makespan_lb"": ""130"", ""map_file"": ""den312d.map"", ""seed"": ""2"", ""soc"": ""5462"", ""soc_lb"": ""5314"", ""solved"": ""1"", ""solver"": ""planner"", ""sum_of_loss"": ""5448"", ""sum_of_loss_lb"": ""5314""}"
lg_lacam_fork:lg_suo_tl,LG-LaCAM (window 20) + SUO + traffic load,den312d,den312d-random-4,100,0,30.0,solved,0.547578,0.467,5459,134,5436,5314,130,1.027286,0,,/home/carsten/Projects/MAPF/MAPF Evaluator/results/tlcpp-den312d/runs/lg_lacam_fork_lg_suo_tl/den312d/den312d-random-4_a100_s0_r0,5459,0.467,"{""agents"": ""100"", ""comp_time"": ""467"", ""makespan"": ""134"", ""makespan_lb"": ""130"", ""map_file"": ""den312d.map"", ""seed"": ""0"", ""soc"": ""5459"", ""soc_lb"": ""5314"", ""solved"": ""1"", ""solver"": ""planner"", ""sum_of_loss"": ""5437"", ""sum_of_loss_lb"": ""5314""}"
lg_lacam_fork:lg_suo_tl,LG-LaCAM (window 20) + SUO + traffic load,den312d,den312d-random-4,100,1,30.0,solved,0.183481,0.117,5464,134,5442,5314,130,1.028227,0,,/home/carsten/Projects/MAPF/MAPF Evaluator/results/tlcpp-den312d/runs/lg_lacam_fork_lg_suo_tl/den312d/den312d-random-4_a100_s1_r0,5464,0.117,"{""agents"": ""100"", ""comp_time"": ""117"", ""makespan"": ""134"", ""makespan_lb"": ""130"", ""map_file"": ""den312d.map"", ""seed"": ""1"", ""soc"": ""5464"", ""soc_lb"": ""5314"", ""solved"": ""1"", ""solver"": ""planner"", ""sum_of_loss"": ""5445"", ""sum_of_loss_lb"": ""5314""}"
lg_lacam_fork:lg_suo_tl,LG-LaCAM (window 20) + SUO + traffic load,den312d,den312d-random-4,100,2,30.0,solved,0.192714,0.113,5465,134,5443,5314,130,1.028416,0,,/home/carsten/Projects/MAPF/MAPF Evaluator/results/tlcpp-den312d/runs/lg_lacam_fork_lg_suo_tl/den312d/den312d-random-4_a100_s2_r0,5465,0.113,"{""agents"": ""100"", ""comp_time"": ""113"", ""makespan"": ""134"", ""makespan_lb"": ""130"", ""map_file"": ""den312d.map"", ""seed"": ""2"", ""soc"": ""5465"", ""soc_lb"": ""5314"", ""solved"": ""1"", ""solver"": ""planner"", ""sum_of_loss"": ""5445"", ""sum_of_loss_lb"": ""5314""}"
lg_lacam_fork:lacam,"LaCAM (no guidance, first solution)",den312d,den312d-random-4,150,0,30.0,solved,0.166891,0.039,10680,130,9233,7898,130,1.352241,0,,/home/carsten/Projects/MAPF/MAPF Evaluator/results/tlcpp-den312d/runs/lg_lacam_fork_lacam/den312d/den312d-random-4_a150_s0_r0,10680,0.039,"{""agents"": ""150"", ""comp_time"": ""39"", ""makespan"": ""130"", ""makespan_lb"": ""130"", ""map_file"": ""den312d.map"", ""seed"": ""0"", ""soc"": ""10680"", ""soc_lb"": ""7898"", ""solved"": ""1"", ""solver"": ""planner"", ""sum_of_loss"": ""9363"", ""sum_of_loss_lb"": ""7898""}"
lg_lacam_fork:lacam,"LaCAM (no guidance, first solution)",den312d,den312d-random-4,150,1,30.0,solved,0.294957,0.054,10582,133,9288,7898,130,1.339833,0,,/home/carsten/Projects/MAPF/MAPF Evaluator/results/tlcpp-den312d/runs/lg_lacam_fork_lacam/den312d/den312d-random-4_a150_s1_r0,10582,0.054,"{""agents"": ""150"", ""comp_time"": ""54"", ""makespan"": ""133"", ""makespan_lb"": ""130"", ""map_file"": ""den312d.map"", ""seed"": ""1"", ""soc"": ""10582"", ""soc_lb"": ""7898"", ""solved"": ""1"", ""solver"": ""planner"", ""sum_of_loss"": ""9412"", ""sum_of_loss_lb"": ""7898""}"
lg_lacam_fork:lacam,"LaCAM (no guidance, first solution)",den312d,den312d-random-4,150,2,30.0,solved,0.139222,0.044,10781,131,9292,7898,130,1.365029,0,,/home/carsten/Projects/MAPF/MAPF Evaluator/results/tlcpp-den312d/runs/lg_lacam_fork_lacam/den312d/den312d-random-4_a150_s2_r0,10781,0.044,"{""agents"": ""150"", ""comp_time"": ""44"", ""makespan"": ""131"", ""makespan_lb"": ""130"", ""map_file"": ""den312d.map"", ""seed"": ""2"", ""soc"": ""10781"", ""soc_lb"": ""7898"", ""solved"": ""1"", ""solver"": ""planner"", ""sum_of_loss"": ""9427"", ""sum_of_loss_lb"": ""7898""}"
lg_lacam_fork:tl,"LaCAM + traffic load (tie-break, per config)",den312d,den312d-random-4,150,0,30.0,solved,0.189823,0.088,9966,130,8697,7898,130,1.261838,0,,/home/carsten/Projects/MAPF/MAPF Evaluator/results/tlcpp-den312d/runs/lg_lacam_fork_tl/den312d/den312d-random-4_a150_s0_r0,9966,0.088,"{""agents"": ""150"", ""comp_time"": ""88"", ""makespan"": ""130"", ""makespan_lb"": ""130"", ""map_file"": ""den312d.map"", ""seed"": ""0"", ""soc"": ""9966"", ""soc_lb"": ""7898"", ""solved"": ""1"", ""solver"": ""planner"", ""sum_of_loss"": ""8801"", ""sum_of_loss_lb"": ""7898""}"
lg_lacam_fork:tl,"LaCAM + traffic load (tie-break, per config)",den312d,den312d-random-4,150,1,30.0,solved,0.194806,0.093,9897,130,8671,7898,130,1.253102,0,,/home/carsten/Projects/MAPF/MAPF Evaluator/results/tlcpp-den312d/runs/lg_lacam_fork_tl/den312d/den312d-random-4_a150_s1_r0,9897,0.093,"{""agents"": ""150"", ""comp_time"": ""93"", ""makespan"": ""130"", ""makespan_lb"": ""130"", ""map_file"": ""den312d.map"", ""seed"": ""1"", ""soc"": ""9897"", ""soc_lb"": ""7898"", ""solved"": ""1"", ""solver"": ""planner"", ""sum_of_loss"": ""8775"", ""sum_of_loss_lb"": ""7898""}"
lg_lacam_fork:tl,"LaCAM + traffic load (tie-break, per config)",den312d,den312d-random-4,150,2,30.0,solved,0.196023,0.103,9995,130,8613,7898,130,1.26551,0,,/home/carsten/Projects/MAPF/MAPF Evaluator/results/tlcpp-den312d/runs/lg_lacam_fork_tl/den312d/den312d-random-4_a150_s2_r0,9995,0.103,"{""agents"": ""150"", ""comp_time"": ""103"", ""makespan"": ""130"", ""makespan_lb"": ""130"", ""map_file"": ""den312d.map"", ""seed"": ""2"", ""soc"": ""9995"", ""soc_lb"": ""7898"", ""solved"": ""1"", ""solver"": ""planner"", ""sum_of_loss"": ""8717"", ""sum_of_loss_lb"": ""7898""}"
lg_lacam_fork:tl_agent,"LaCAM + traffic load (tie-break, per agent)",den312d,den312d-random-4,150,0,30.0,solved,0.163253,0.101,10166,130,8684,7898,130,1.287161,0,,/home/carsten/Projects/MAPF/MAPF Evaluator/results/tlcpp-den312d/runs/lg_lacam_fork_tl_agent/den312d/den312d-random-4_a150_s0_r0,10166,0.101,"{""agents"": ""150"", ""comp_time"": ""101"", ""makespan"": ""130"", ""makespan_lb"": ""130"", ""map_file"": ""den312d.map"", ""seed"": ""0"", ""soc"": ""10166"", ""soc_lb"": ""7898"", ""solved"": ""1"", ""solver"": ""planner"", ""sum_of_loss"": ""8802"", ""sum_of_loss_lb"": ""7898""}"
lg_lacam_fork:tl_static,LaCAM + traffic load (static map from starts),den312d,den312d-random-4,150,0,30.0,solved,0.291985,0.149,10666,140,9488,7898,130,1.350468,0,,/home/carsten/Projects/MAPF/MAPF Evaluator/results/tlcpp-den312d/runs/lg_lacam_fork_tl_static/den312d/den312d-random-4_a150_s0_r0,10666,0.149,"{""agents"": ""150"", ""comp_time"": ""149"", ""makespan"": ""140"", ""makespan_lb"": ""130"", ""map_file"": ""den312d.map"", ""seed"": ""0"", ""soc"": ""10666"", ""soc_lb"": ""7898"", ""solved"": ""1"", ""solver"": ""planner"", ""sum_of_loss"": ""9607"", ""sum_of_loss_lb"": ""7898""}"
lg_lacam_fork:tl_agent,"LaCAM + traffic load (tie-break, per agent)",den312d,den312d-random-4,150,1,30.0,solved,0.50972,0.269,10043,130,8692,7898,130,1.271588,0,,/home/carsten/Projects/MAPF/MAPF Evaluator/results/tlcpp-den312d/runs/lg_lacam_fork_tl_agent/den312d/den312d-random-4_a150_s1_r0,10043,0.269,"{""agents"": ""150"", ""comp_time"": ""269"", ""makespan"": ""130"", ""makespan_lb"": ""130"", ""map_file"": ""den312d.map"", ""seed"": ""1"", ""soc"": ""10043"", ""soc_lb"": ""7898"", ""solved"": ""1"", ""solver"": ""planner"", ""sum_of_loss"": ""8801"", ""sum_of_loss_lb"": ""7898""}"
lg_lacam_fork:tl_agent,"LaCAM + traffic load (tie-break, per agent)",den312d,den312d-random-4,150,2,30.0,solved,0.414481,0.243,9917,130,8649,7898,130,1.255634,0,,/home/carsten/Projects/MAPF/MAPF Evaluator/results/tlcpp-den312d/runs/lg_lacam_fork_tl_agent/den312d/den312d-random-4_a150_s2_r0,9917,0.243,"{""agents"": ""150"", ""comp_time"": ""243"", ""makespan"": ""130"", ""makespan_lb"": ""130"", ""map_file"": ""den312d.map"", ""seed"": ""2"", ""soc"": ""9917"", ""soc_lb"": ""7898"", ""solved"": ""1"", ""solver"": ""planner"", ""sum_of_loss"": ""8760"", ""sum_of_loss_lb"": ""7898""}"
lg_lacam_fork:tl_static,LaCAM + traffic load (static map from starts),den312d,den312d-random-4,150,1,30.0,solved,0.178906,0.052,10657,143,9532,7898,130,1.349329,0,,/home/carsten/Projects/MAPF/MAPF Evaluator/results/tlcpp-den312d/runs/lg_lacam_fork_tl_static/den312d/den312d-random-4_a150_s1_r0,10657,0.052,"{""agents"": ""150"", ""comp_time"": ""52"", ""makespan"": ""143"", ""makespan_lb"": ""130"", ""map_file"": ""den312d.map"", ""seed"": ""1"", ""soc"": ""10657"", ""soc_lb"": ""7898"", ""solved"": ""1"", ""solver"": ""planner"", ""sum_of_loss"": ""9646"", ""sum_of_loss_lb"": ""7898""}"
lg_lacam_fork:suo,LaCAM3 = SUO (first solution),den312d,den312d-random-4,150,1,30.0,solved,0.322894,0.2,9027,140,8702,7898,130,1.142948,0,,/home/carsten/Projects/MAPF/MAPF Evaluator/results/tlcpp-den312d/runs/lg_lacam_fork_suo/den312d/den312d-random-4_a150_s1_r0,9027,0.2,"{""agents"": ""150"", ""comp_time"": ""200"", ""makespan"": ""140"", ""makespan_lb"": ""130"", ""map_file"": ""den312d.map"", ""seed"": ""1"", ""soc"": ""9027"", ""soc_lb"": ""7898"", ""solved"": ""1"", ""solver"": ""planner"", ""sum_of_loss"": ""8724"", ""sum_of_loss_lb"": ""7898""}"
lg_lacam_fork:tl_static,LaCAM + traffic load (static map from starts),den312d,den312d-random-4,150,2,30.0,solved,0.220949,0.099,10644,138,9550,7898,130,1.347683,0,,/home/carsten/Projects/MAPF/MAPF Evaluator/results/tlcpp-den312d/runs/lg_lacam_fork_tl_static/den312d/den312d-random-4_a150_s2_r0,10644,0.099,"{""agents"": ""150"", ""comp_time"": ""99"", ""makespan"": ""138"", ""makespan_lb"": ""130"", ""map_file"": ""den312d.map"", ""seed"": ""2"", ""soc"": ""10644"", ""soc_lb"": ""7898"", ""solved"": ""1"", ""solver"": ""planner"", ""sum_of_loss"": ""9662"", ""sum_of_loss_lb"": ""7898""}"
lg_lacam_fork:suo,LaCAM3 = SUO (first solution),den312d,den312d-random-4,150,0,30.0,solved,0.431444,0.178,8601,136,8415,7898,130,1.08901,0,,/home/carsten/Projects/MAPF/MAPF Evaluator/results/tlcpp-den312d/runs/lg_lacam_fork_suo/den312d/den312d-random-4_a150_s0_r0,8601,0.178,"{""agents"": ""150"", ""comp_time"": ""178"", ""makespan"": ""136"", ""makespan_lb"": ""130"", ""map_file"": ""den312d.map"", ""seed"": ""0"", ""soc"": ""8601"", ""soc_lb"": ""7898"", ""solved"": ""1"", ""solver"": ""planner"", ""sum_of_loss"": ""8432"", ""sum_of_loss_lb"": ""7898""}"
lg_lacam_fork:suo,LaCAM3 = SUO (first solution),den312d,den312d-random-4,150,2,30.0,solved,0.392414,0.218,8617,138,8450,7898,130,1.091036,0,,/home/carsten/Projects/MAPF/MAPF Evaluator/results/tlcpp-den312d/runs/lg_lacam_fork_suo/den312d/den312d-random-4_a150_s2_r0,8617,0.218,"{""agents"": ""150"", ""comp_time"": ""218"", ""makespan"": ""138"", ""makespan_lb"": ""130"", ""map_file"": ""den312d.map"", ""seed"": ""2"", ""soc"": ""8617"", ""soc_lb"": ""7898"", ""solved"": ""1"", ""solver"": ""planner"", ""sum_of_loss"": ""8462"", ""sum_of_loss_lb"": ""7898""}"
lg_lacam_fork:suo_tl,SUO + traffic load,den312d,den312d-random-4,150,0,30.0,solved,0.324036,0.263,8391,136,8367,7898,130,1.062421,0,,/home/carsten/Projects/MAPF/MAPF Evaluator/results/tlcpp-den312d/runs/lg_lacam_fork_suo_tl/den312d/den312d-random-4_a150_s0_r0,8391,0.263,"{""agents"": ""150"", ""comp_time"": ""263"", ""makespan"": ""136"", ""makespan_lb"": ""130"", ""map_file"": ""den312d.map"", ""seed"": ""0"", ""soc"": ""8391"", ""soc_lb"": ""7898"", ""solved"": ""1"", ""solver"": ""planner"", ""sum_of_loss"": ""8369"", ""sum_of_loss_lb"": ""7898""}"
lg_lacam_fork:suo_tl,SUO + traffic load,den312d,den312d-random-4,150,1,30.0,solved,0.272382,0.211,8431,132,8352,7898,130,1.067485,0,,/home/carsten/Projects/MAPF/MAPF Evaluator/results/tlcpp-den312d/runs/lg_lacam_fork_suo_tl/den312d/den312d-random-4_a150_s1_r0,8431,0.211,"{""agents"": ""150"", ""comp_time"": ""211"", ""makespan"": ""132"", ""makespan_lb"": ""130"", ""map_file"": ""den312d.map"", ""seed"": ""1"", ""soc"": ""8431"", ""soc_lb"": ""7898"", ""solved"": ""1"", ""solver"": ""planner"", ""sum_of_loss"": ""8357"", ""sum_of_loss_lb"": ""7898""}"
lg_lacam_fork:suo_tl,SUO + traffic load,den312d,den312d-random-4,150,2,30.0,solved,0.509668,0.286,8459,138,8343,7898,130,1.071031,0,,/home/carsten/Projects/MAPF/MAPF Evaluator/results/tlcpp-den312d/runs/lg_lacam_fork_suo_tl/den312d/den312d-random-4_a150_s2_r0,8459,0.286,"{""agents"": ""150"", ""comp_time"": ""286"", ""makespan"": ""138"", ""makespan_lb"": ""130"", ""map_file"": ""den312d.map"", ""seed"": ""2"", ""soc"": ""8459"", ""soc_lb"": ""7898"", ""solved"": ""1"", ""solver"": ""planner"", ""sum_of_loss"": ""8347"", ""sum_of_loss_lb"": ""7898""}"
lg_lacam_fork:lg,"LG-LaCAM (window 20, first solution)",den312d,den312d-random-4,150,0,30.0,solved,0.536102,0.321,8245,134,8177,7898,130,1.043935,0,,/home/carsten/Projects/MAPF/MAPF Evaluator/results/tlcpp-den312d/runs/lg_lacam_fork_lg/den312d/den312d-random-4_a150_s0_r0,8245,0.321,"{""agents"": ""150"", ""comp_time"": ""321"", ""makespan"": ""134"", ""makespan_lb"": ""130"", ""map_file"": ""den312d.map"", ""seed"": ""0"", ""soc"": ""8245"", ""soc_lb"": ""7898"", ""solved"": ""1"", ""solver"": ""planner"", ""sum_of_loss"": ""8185"", ""sum_of_loss_lb"": ""7898""}"
lg_lacam_fork:lg,"LG-LaCAM (window 20, first solution)",den312d,den312d-random-4,150,2,30.0,solved,0.233788,0.134,8254,138,8181,7898,130,1.045075,0,,/home/carsten/Projects/MAPF/MAPF Evaluator/results/tlcpp-den312d/runs/lg_lacam_fork_lg/den312d/den312d-random-4_a150_s2_r0,8254,0.134,"{""agents"": ""150"", ""comp_time"": ""134"", ""makespan"": ""138"", ""makespan_lb"": ""130"", ""map_file"": ""den312d.map"", ""seed"": ""2"", ""soc"": ""8254"", ""soc_lb"": ""7898"", ""solved"": ""1"", ""solver"": ""planner"", ""sum_of_loss"": ""8189"", ""sum_of_loss_lb"": ""7898""}"
lg_lacam_fork:lg,"LG-LaCAM (window 20, first solution)",den312d,den312d-random-4,150,1,30.0,solved,0.604235,0.421,8212,134,8145,7898,130,1.039757,0,,/home/carsten/Projects/MAPF/MAPF Evaluator/results/tlcpp-den312d/runs/lg_lacam_fork_lg/den312d/den312d-random-4_a150_s1_r0,8212,0.421,"{""agents"": ""150"", ""comp_time"": ""421"", ""makespan"": ""134"", ""makespan_lb"": ""130"", ""map_file"": ""den312d.map"", ""seed"": ""1"", ""soc"": ""8212"", ""soc_lb"": ""7898"", ""solved"": ""1"", ""solver"": ""planner"", ""sum_of_loss"": ""8155"", ""sum_of_loss_lb"": ""7898""}"
lg_lacam_fork:lg_tl,LG-LaCAM (window 20) + traffic load,den312d,den312d-random-4,150,1,30.0,solved,0.377788,0.258,8167,134,8134,7898,130,1.034059,0,,/home/carsten/Projects/MAPF/MAPF Evaluator/results/tlcpp-den312d/runs/lg_lacam_fork_lg_tl/den312d/den312d-random-4_a150_s1_r0,8167,0.258,"{""agents"": ""150"", ""comp_time"": ""258"", ""makespan"": ""134"", ""makespan_lb"": ""130"", ""map_file"": ""den312d.map"", ""seed"": ""1"", ""soc"": ""8167"", ""soc_lb"": ""7898"", ""solved"": ""1"", ""solver"": ""planner"", ""sum_of_loss"": ""8140"", ""sum_of_loss_lb"": ""7898""}"
lg_lacam_fork:lg_tl,LG-LaCAM (window 20) + traffic load,den312d,den312d-random-4,150,0,30.0,solved,0.766582,0.49,8238,133,8193,7898,130,1.043049,0,,/home/carsten/Projects/MAPF/MAPF Evaluator/results/tlcpp-den312d/runs/lg_lacam_fork_lg_tl/den312d/den312d-random-4_a150_s0_r0,8238,0.49,"{""agents"": ""150"", ""comp_time"": ""490"", ""makespan"": ""133"", ""makespan_lb"": ""130"", ""map_file"": ""den312d.map"", ""seed"": ""0"", ""soc"": ""8238"", ""soc_lb"": ""7898"", ""solved"": ""1"", ""solver"": ""planner"", ""sum_of_loss"": ""8200"", ""sum_of_loss_lb"": ""7898""}"
lg_lacam_fork:lg_tl,LG-LaCAM (window 20) + traffic load,den312d,den312d-random-4,150,2,30.0,solved,0.24265,0.191,8196,136,8155,7898,130,1.037731,0,,/home/carsten/Projects/MAPF/MAPF Evaluator/results/tlcpp-den312d/runs/lg_lacam_fork_lg_tl/den312d/den312d-random-4_a150_s2_r0,8196,0.191,"{""agents"": ""150"", ""comp_time"": ""191"", ""makespan"": ""136"", ""makespan_lb"": ""130"", ""map_file"": ""den312d.map"", ""seed"": ""2"", ""soc"": ""8196"", ""soc_lb"": ""7898"", ""solved"": ""1"", ""solver"": ""planner"", ""sum_of_loss"": ""8159"", ""sum_of_loss_lb"": ""7898""}"
lg_lacam_fork:lg_suo,LG-LaCAM (window 20) + SUO,den312d,den312d-random-4,150,0,30.0,solved,0.263668,0.187,8194,137,8156,7898,130,1.037478,0,,/home/carsten/Projects/MAPF/MAPF Evaluator/results/tlcpp-den312d/runs/lg_lacam_fork_lg_suo/den312d/den312d-random-4_a150_s0_r0,8194,0.187,"{""agents"": ""150"", ""comp_time"": ""187"", ""makespan"": ""137"", ""makespan_lb"": ""130"", ""map_file"": ""den312d.map"", ""seed"": ""0"", ""soc"": ""8194"", ""soc_lb"": ""7898"", ""solved"": ""1"", ""solver"": ""planner"", ""sum_of_loss"": ""8162"", ""sum_of_loss_lb"": ""7898""}"
lg_lacam_fork:lg_suo,LG-LaCAM (window 20) + SUO,den312d,den312d-random-4,150,1,30.0,solved,0.314957,0.181,8189,136,8154,7898,130,1.036845,0,,/home/carsten/Projects/MAPF/MAPF Evaluator/results/tlcpp-den312d/runs/lg_lacam_fork_lg_suo/den312d/den312d-random-4_a150_s1_r0,8189,0.181,"{""agents"": ""150"", ""comp_time"": ""181"", ""makespan"": ""136"", ""makespan_lb"": ""130"", ""map_file"": ""den312d.map"", ""seed"": ""1"", ""soc"": ""8189"", ""soc_lb"": ""7898"", ""solved"": ""1"", ""solver"": ""planner"", ""sum_of_loss"": ""8159"", ""sum_of_loss_lb"": ""7898""}"
lg_lacam_fork:lg_suo,LG-LaCAM (window 20) + SUO,den312d,den312d-random-4,150,2,30.0,solved,0.419873,0.261,8202,136,8176,7898,130,1.038491,0,,/home/carsten/Projects/MAPF/MAPF Evaluator/results/tlcpp-den312d/runs/lg_lacam_fork_lg_suo/den312d/den312d-random-4_a150_s2_r0,8202,0.261,"{""agents"": ""150"", ""comp_time"": ""261"", ""makespan"": ""136"", ""makespan_lb"": ""130"", ""map_file"": ""den312d.map"", ""seed"": ""2"", ""soc"": ""8202"", ""soc_lb"": ""7898"", ""solved"": ""1"", ""solver"": ""planner"", ""sum_of_loss"": ""8181"", ""sum_of_loss_lb"": ""7898""}"
lg_lacam_fork:lg_suo_tl,LG-LaCAM (window 20) + SUO + traffic load,den312d,den312d-random-4,150,1,30.0,solved,0.643406,0.345,8176,136,8151,7898,130,1.035199,0,,/home/carsten/Projects/MAPF/MAPF Evaluator/results/tlcpp-den312d/runs/lg_lacam_fork_lg_suo_tl/den312d/den312d-random-4_a150_s1_r0,8176,0.345,"{""agents"": ""150"", ""comp_time"": ""345"", ""makespan"": ""136"", ""makespan_lb"": ""130"", ""map_file"": ""den312d.map"", ""seed"": ""1"", ""soc"": ""8176"", ""soc_lb"": ""7898"", ""solved"": ""1"", ""solver"": ""planner"", ""sum_of_loss"": ""8155"", ""sum_of_loss_lb"": ""7898""}"
lg_lacam_fork:lg_suo_tl,LG-LaCAM (window 20) + SUO + traffic load,den312d,den312d-random-4,150,0,30.0,solved,1.154167,0.786,8186,136,8144,7898,130,1.036465,0,,/home/carsten/Projects/MAPF/MAPF Evaluator/results/tlcpp-den312d/runs/lg_lacam_fork_lg_suo_tl/den312d/den312d-random-4_a150_s0_r0,8186,0.786,"{""agents"": ""150"", ""comp_time"": ""786"", ""makespan"": ""136"", ""makespan_lb"": ""130"", ""map_file"": ""den312d.map"", ""seed"": ""0"", ""soc"": ""8186"", ""soc_lb"": ""7898"", ""solved"": ""1"", ""solver"": ""planner"", ""sum_of_loss"": ""8148"", ""sum_of_loss_lb"": ""7898""}"
lg_lacam_fork:lg_suo_tl,LG-LaCAM (window 20) + SUO + traffic load,den312d,den312d-random-4,150,2,30.0,solved,0.910918,0.779,8200,136,8172,7898,130,1.038238,0,,/home/carsten/Projects/MAPF/MAPF Evaluator/results/tlcpp-den312d/runs/lg_lacam_fork_lg_suo_tl/den312d/den312d-random-4_a150_s2_r0,8200,0.779,"{""agents"": ""150"", ""comp_time"": ""779"", ""makespan"": ""136"", ""makespan_lb"": ""130"", ""map_file"": ""den312d.map"", ""seed"": ""2"", ""soc"": ""8200"", ""soc_lb"": ""7898"", ""solved"": ""1"", ""solver"": ""planner"", ""sum_of_loss"": ""8177"", ""sum_of_loss_lb"": ""7898""}"
lg_lacam_fork:lacam,"LaCAM (no guidance, first solution)",den312d,den312d-random-4,200,0,30.0,solved,0.345433,0.217,16339,142,13617,10597,130,1.541851,0,,/home/carsten/Projects/MAPF/MAPF Evaluator/results/tlcpp-den312d/runs/lg_lacam_fork_lacam/den312d/den312d-random-4_a200_s0_r0,16339,0.217,"{""agents"": ""200"", ""comp_time"": ""217"", ""makespan"": ""142"", ""makespan_lb"": ""130"", ""map_file"": ""den312d.map"", ""seed"": ""0"", ""soc"": ""16339"", ""soc_lb"": ""10597"", ""solved"": ""1"", ""solver"": ""planner"", ""sum_of_loss"": ""13848"", ""sum_of_loss_lb"": ""10597""}"
lg_lacam_fork:lacam,"LaCAM (no guidance, first solution)",den312d,den312d-random-4,200,1,30.0,solved,0.280063,0.041,16224,144,13430,10597,130,1.530999,0,,/home/carsten/Projects/MAPF/MAPF Evaluator/results/tlcpp-den312d/runs/lg_lacam_fork_lacam/den312d/den312d-random-4_a200_s1_r0,16224,0.041,"{""agents"": ""200"", ""comp_time"": ""41"", ""makespan"": ""144"", ""makespan_lb"": ""130"", ""map_file"": ""den312d.map"", ""seed"": ""1"", ""soc"": ""16224"", ""soc_lb"": ""10597"", ""solved"": ""1"", ""solver"": ""planner"", ""sum_of_loss"": ""13671"", ""sum_of_loss_lb"": ""10597""}"
lg_lacam_fork:lacam,"LaCAM (no guidance, first solution)",den312d,den312d-random-4,200,2,30.0,solved,0.267484,0.07,15655,132,13278,10597,130,1.477305,0,,/home/carsten/Projects/MAPF/MAPF Evaluator/results/tlcpp-den312d/runs/lg_lacam_fork_lacam/den312d/den312d-random-4_a200_s2_r0,15655,0.07,"{""agents"": ""200"", ""comp_time"": ""70"", ""makespan"": ""132"", ""makespan_lb"": ""130"", ""map_file"": ""den312d.map"", ""seed"": ""2"", ""soc"": ""15655"", ""soc_lb"": ""10597"", ""solved"": ""1"", ""solver"": ""planner"", ""sum_of_loss"": ""13506"", ""sum_of_loss_lb"": ""10597""}"
lg_lacam_fork:tl,"LaCAM + traffic load (tie-break, per config)",den312d,den312d-random-4,200,0,30.0,solved,0.258169,0.134,14362,130,12189,10597,130,1.355289,0,,/home/carsten/Projects/MAPF/MAPF Evaluator/results/tlcpp-den312d/runs/lg_lacam_fork_tl/den312d/den312d-random-4_a200_s0_r0,14362,0.134,"{""agents"": ""200"", ""comp_time"": ""134"", ""makespan"": ""130"", ""makespan_lb"": ""130"", ""map_file"": ""den312d.map"", ""seed"": ""0"", ""soc"": ""14362"", ""soc_lb"": ""10597"", ""solved"": ""1"", ""solver"": ""planner"", ""sum_of_loss"": ""12380"", ""sum_of_loss_lb"": ""10597""}"
lg_lacam_fork:tl,"LaCAM + traffic load (tie-break, per config)",den312d,den312d-random-4,200,1,30.0,solved,0.249566,0.139,14491,131,12175,10597,130,1.367462,0,,/home/carsten/Projects/MAPF/MAPF Evaluator/results/tlcpp-den312d/runs/lg_lacam_fork_tl/den312d/den312d-random-4_a200_s1_r0,14491,0.139,"{""agents"": ""200"", ""comp_time"": ""139"", ""makespan"": ""131"", ""makespan_lb"": ""130"", ""map_file"": ""den312d.map"", ""seed"": ""1"", ""soc"": ""14491"", ""soc_lb"": ""10597"", ""solved"": ""1"", ""solver"": ""planner"", ""sum_of_loss"": ""12371"", ""sum_of_loss_lb"": ""10597""}"
lg_lacam_fork:tl,"LaCAM + traffic load (tie-break, per config)",den312d,den312d-random-4,200,2,30.0,solved,0.205561,0.116,14273,133,12209,10597,130,1.346891,0,,/home/carsten/Projects/MAPF/MAPF Evaluator/results/tlcpp-den312d/runs/lg_lacam_fork_tl/den312d/den312d-random-4_a200_s2_r0,14273,0.116,"{""agents"": ""200"", ""comp_time"": ""116"", ""makespan"": ""133"", ""makespan_lb"": ""130"", ""map_file"": ""den312d.map"", ""seed"": ""2"", ""soc"": ""14273"", ""soc_lb"": ""10597"", ""solved"": ""1"", ""solver"": ""planner"", ""sum_of_loss"": ""12406"", ""sum_of_loss_lb"": ""10597""}"
lg_lacam_fork:tl_agent,"LaCAM + traffic load (tie-break, per agent)",den312d,den312d-random-4,200,0,30.0,solved,0.259963,0.11,14462,132,12131,10597,130,1.364726,0,,/home/carsten/Projects/MAPF/MAPF Evaluator/results/tlcpp-den312d/runs/lg_lacam_fork_tl_agent/den312d/den312d-random-4_a200_s0_r0,14462,0.11,"{""agents"": ""200"", ""comp_time"": ""110"", ""makespan"": ""132"", ""makespan_lb"": ""130"", ""map_file"": ""den312d.map"", ""seed"": ""0"", ""soc"": ""14462"", ""soc_lb"": ""10597"", ""solved"": ""1"", ""solver"": ""planner"", ""sum_of_loss"": ""12321"", ""sum_of_loss_lb"": ""10597""}"
lg_lacam_fork:tl_agent,"LaCAM + traffic load (tie-break, per agent)",den312d,den312d-random-4,200,2,30.0,solved,0.229245,0.074,14353,131,12117,10597,130,1.35444,0,,/home/carsten/Projects/MAPF/MAPF Evaluator/results/tlcpp-den312d/runs/lg_lacam_fork_tl_agent/den312d/den312d-random-4_a200_s2_r0,14353,0.074,"{""agents"": ""200"", ""comp_time"": ""74"", ""makespan"": ""131"", ""makespan_lb"": ""130"", ""map_file"": ""den312d.map"", ""seed"": ""2"", ""soc"": ""14353"", ""soc_lb"": ""10597"", ""solved"": ""1"", ""solver"": ""planner"", ""sum_of_loss"": ""12310"", ""sum_of_loss_lb"": ""10597""}"
lg_lacam_fork:tl_agent,"LaCAM + traffic load (tie-break, per agent)",den312d,den312d-random-4,200,1,30.0,solved,0.541057,0.427,14347,133,12142,10597,130,1.353874,0,,/home/carsten/Projects/MAPF/MAPF Evaluator/results/tlcpp-den312d/runs/lg_lacam_fork_tl_agent/den312d/den312d-random-4_a200_s1_r0,14347,0.427,"{""agents"": ""200"", ""comp_time"": ""427"", ""makespan"": ""133"", ""makespan_lb"": ""130"", ""map_file"": ""den312d.map"", ""seed"": ""1"", ""soc"": ""14347"", ""soc_lb"": ""10597"", ""solved"": ""1"", ""solver"": ""planner"", ""sum_of_loss"": ""12326"", ""sum_of_loss_lb"": ""10597""}"
lg_lacam_fork:tl_static,LaCAM + traffic load (static map from starts),den312d,den312d-random-4,200,2,30.0,solved,0.188261,0.064,14928,134,12852,10597,130,1.408701,0,,/home/carsten/Projects/MAPF/MAPF Evaluator/results/tlcpp-den312d/runs/lg_lacam_fork_tl_static/den312d/den312d-random-4_a200_s2_r0,14928,0.064,"{""agents"": ""200"", ""comp_time"": ""64"", ""makespan"": ""134"", ""makespan_lb"": ""130"", ""map_file"": ""den312d.map"", ""seed"": ""2"", ""soc"": ""14928"", ""soc_lb"": ""10597"", ""solved"": ""1"", ""solver"": ""planner"", ""sum_of_loss"": ""13036"", ""sum_of_loss_lb"": ""10597""}"
lg_lacam_fork:tl_static,LaCAM + traffic load (static map from starts),den312d,den312d-random-4,200,0,30.0,solved,0.630138,0.301,15187,141,12971,10597,130,1.433141,0,,/home/carsten/Projects/MAPF/MAPF Evaluator/results/tlcpp-den312d/runs/lg_lacam_fork_tl_static/den312d/den312d-random-4_a200_s0_r0,15187,0.301,"{""agents"": ""200"", ""comp_time"": ""301"", ""makespan"": ""141"", ""makespan_lb"": ""130"", ""map_file"": ""den312d.map"", ""seed"": ""0"", ""soc"": ""15187"", ""soc_lb"": ""10597"", ""solved"": ""1"", ""solver"": ""planner"", ""sum_of_loss"": ""13165"", ""sum_of_loss_lb"": ""10597""}"
lg_lacam_fork:tl_static,LaCAM + traffic load (static map from starts),den312d,den312d-random-4,200,1,30.0,solved,0.55993,0.441,15269,134,12979,10597,130,1.440879,0,,/home/carsten/Projects/MAPF/MAPF Evaluator/results/tlcpp-den312d/runs/lg_lacam_fork_tl_static/den312d/den312d-random-4_a200_s1_r0,15269,0.441,"{""agents"": ""200"", ""comp_time"": ""441"", ""makespan"": ""134"", ""makespan_lb"": ""130"", ""map_file"": ""den312d.map"", ""seed"": ""1"", ""soc"": ""15269"", ""soc_lb"": ""10597"", ""solved"": ""1"", ""solver"": ""planner"", ""sum_of_loss"": ""13170"", ""sum_of_loss_lb"": ""10597""}"
lg_lacam_fork:suo,LaCAM3 = SUO (first solution),den312d,den312d-random-4,200,0,30.0,solved,0.475726,0.308,13718,136,12469,10597,130,1.294517,0,,/home/carsten/Projects/MAPF/MAPF Evaluator/results/tlcpp-den312d/runs/lg_lacam_fork_suo/den312d/den312d-random-4_a200_s0_r0,13718,0.308,"{""agents"": ""200"", ""comp_time"": ""308"", ""makespan"": ""136"", ""makespan_lb"": ""130"", ""map_file"": ""den312d.map"", ""seed"": ""0"", ""soc"": ""13718"", ""soc_lb"": ""10597"", ""solved"": ""1"", ""solver"": ""planner"", ""sum_of_loss"": ""12540"", ""sum_of_loss_lb"": ""10597""}"
lg_lacam_fork:suo,LaCAM3 = SUO (first solution),den312d,den312d-random-4,200,1,30.0,solved,0.1569,0.115,12959,136,12027,10597,130,1.222893,0,,/home/carsten/Projects/MAPF/MAPF Evaluator/results/tlcpp-den312d/runs/lg_lacam_fork_suo/den312d/den312d-random-4_a200_s1_r0,12959,0.115,"{""agents"": ""200"", ""comp_time"": ""115"", ""makespan"": ""136"", ""makespan_lb"": ""130"", ""map_file"": ""den312d.map"", ""seed"": ""1"", ""soc"": ""12959"", ""soc_lb"": ""10597"", ""solved"": ""1"", ""solver"": ""planner"", ""sum_of_loss"": ""12093"", ""sum_of_loss_lb"": ""10597""}"
lg_lacam_fork:suo,LaCAM3 = SUO (first solution),den312d,den312d-random-4,200,2,30.0,solved,0.287718,0.089,13375,138,12181,10597,130,1.26215,0,,/home/carsten/Projects/MAPF/MAPF Evaluator/results/tlcpp-den312d/runs/lg_lacam_fork_suo/den312d/den312d-random-4_a200_s2_r0,13375,0.089,"{""agents"": ""200"", ""comp_time"": ""89"", ""makespan"": ""138"", ""makespan_lb"": ""130"", ""map_file"": ""den312d.map"", ""seed"": ""2"", ""soc"": ""13375"", ""soc_lb"": ""10597"", ""solved"": ""1"", ""solver"": ""planner"", ""sum_of_loss"": ""12258"", ""sum_of_loss_lb"": ""10597""}"
lg_lacam_fork:suo_tl,SUO + traffic load,den312d,den312d-random-4,200,0,30.0,solved,0.183509,0.108,13239,137,12017,10597,130,1.249316,0,,/home/carsten/Projects/MAPF/MAPF Evaluator/results/tlcpp-den312d/runs/lg_lacam_fork_suo_tl/den312d/den312d-random-4_a200_s0_r0,13239,0.108,"{""agents"": ""200"", ""comp_time"": ""108"", ""makespan"": ""137"", ""makespan_lb"": ""130"", ""map_file"": ""den312d.map"", ""seed"": ""0"", ""soc"": ""13239"", ""soc_lb"": ""10597"", ""solved"": ""1"", ""solver"": ""planner"", ""sum_of_loss"": ""12072"", ""sum_of_loss_lb"": ""10597""}"
lg_lacam_fork:suo_tl,SUO + traffic load,den312d,den312d-random-4,200,1,30.0,solved,0.271237,0.168,12336,135,11539,10597,130,1.164103,0,,/home/carsten/Projects/MAPF/MAPF Evaluator/results/tlcpp-den312d/runs/lg_lacam_fork_suo_tl/den312d/den312d-random-4_a200_s1_r0,12336,0.168,"{""agents"": ""200"", ""comp_time"": ""168"", ""makespan"": ""135"", ""makespan_lb"": ""130"", ""map_file"": ""den312d.map"", ""seed"": ""1"", ""soc"": ""12336"", ""soc_lb"": ""10597"", ""solved"": ""1"", ""solver"": ""planner"", ""sum_of_loss"": ""11572"", ""sum_of_loss_lb"": ""10597""}"
lg_lacam_fork:suo_tl,SUO + traffic load,den312d,den312d-random-4,200,2,30.0,solved,0.326767,0.203,13599,138,12221,10597,130,1.283288,0,,/home/carsten/Projects/MAPF/MAPF Evaluator/results/tlcpp-den312d/runs/lg_lacam_fork_suo_tl/den312d/den312d-random-4_a200_s2_r0,13599,0.203,"{""agents"": ""200"", ""comp_time"": ""203"", ""makespan"": ""138"", ""makespan_lb"": ""130"", ""map_file"": ""den312d.map"", ""seed"": ""2"", ""soc"": ""13599"", ""soc_lb"": ""10597"", ""solved"": ""1"", ""solver"": ""planner"", ""sum_of_loss"": ""12279"", ""sum_of_loss_lb"": ""10597""}"
lg_lacam_fork:lg,"LG-LaCAM (window 20, first solution)",den312d,den312d-random-4,200,0,30.0,solved,0.606389,0.437,11488,140,11361,10597,130,1.08408,0,,/home/carsten/Projects/MAPF/MAPF Evaluator/results/tlcpp-den312d/runs/lg_lacam_fork_lg/den312d/den312d-random-4_a200_s0_r0,11488,0.437,"{""agents"": ""200"", ""comp_time"": ""437"", ""makespan"": ""140"", ""makespan_lb"": ""130"", ""map_file"": ""den312d.map"", ""seed"": ""0"", ""soc"": ""11488"", ""soc_lb"": ""10597"", ""solved"": ""1"", ""solver"": ""planner"", ""sum_of_loss"": ""11379"", ""sum_of_loss_lb"": ""10597""}"
lg_lacam_fork:lg,"LG-LaCAM (window 20, first solution)",den312d,den312d-random-4,200,2,30.0,solved,0.373928,0.229,11532,138,11282,10597,130,1.088233,0,,/home/carsten/Projects/MAPF/MAPF Evaluator/results/tlcpp-den312d/runs/lg_lacam_fork_lg/den312d/den312d-random-4_a200_s2_r0,11532,0.229,"{""agents"": ""200"", ""comp_time"": ""229"", ""makespan"": ""138"", ""makespan_lb"": ""130"", ""map_file"": ""den312d.map"", ""seed"": ""2"", ""soc"": ""11532"", ""soc_lb"": ""10597"", ""solved"": ""1"", ""solver"": ""planner"", ""sum_of_loss"": ""11301"", ""sum_of_loss_lb"": ""10597""}"
lg_lacam_fork:lg,"LG-LaCAM (window 20, first solution)",den312d,den312d-random-4,200,1,30.0,solved,0.9335,0.775,11412,141,11243,10597,130,1.076909,0,,/home/carsten/Projects/MAPF/MAPF Evaluator/results/tlcpp-den312d/runs/lg_lacam_fork_lg/den312d/den312d-random-4_a200_s1_r0,11412,0.775,"{""agents"": ""200"", ""comp_time"": ""775"", ""makespan"": ""141"", ""makespan_lb"": ""130"", ""map_file"": ""den312d.map"", ""seed"": ""1"", ""soc"": ""11412"", ""soc_lb"": ""10597"", ""solved"": ""1"", ""solver"": ""planner"", ""sum_of_loss"": ""11259"", ""sum_of_loss_lb"": ""10597""}"
lg_lacam_fork:lg_tl,LG-LaCAM (window 20) + traffic load,den312d,den312d-random-4,200,0,30.0,solved,0.365461,0.259,11439,138,11225,10597,130,1.079456,0,,/home/carsten/Projects/MAPF/MAPF Evaluator/results/tlcpp-den312d/runs/lg_lacam_fork_lg_tl/den312d/den312d-random-4_a200_s0_r0,11439,0.259,"{""agents"": ""200"", ""comp_time"": ""259"", ""makespan"": ""138"", ""makespan_lb"": ""130"", ""map_file"": ""den312d.map"", ""seed"": ""0"", ""soc"": ""11439"", ""soc_lb"": ""10597"", ""solved"": ""1"", ""solver"": ""planner"", ""sum_of_loss"": ""11244"", ""sum_of_loss_lb"": ""10597""}"
lg_lacam_fork:lg_tl,LG-LaCAM (window 20) + traffic load,den312d,den312d-random-4,200,1,30.0,solved,0.312678,0.254,11394,138,11229,10597,130,1.07521,0,,/home/carsten/Projects/MAPF/MAPF Evaluator/results/tlcpp-den312d/runs/lg_lacam_fork_lg_tl/den312d/den312d-random-4_a200_s1_r0,11394,0.254,"{""agents"": ""200"", ""comp_time"": ""254"", ""makespan"": ""138"", ""makespan_lb"": ""130"", ""map_file"": ""den312d.map"", ""seed"": ""1"", ""soc"": ""11394"", ""soc_lb"": ""10597"", ""solved"": ""1"", ""solver"": ""planner"", ""sum_of_loss"": ""11249"", ""sum_of_loss_lb"": ""10597""}"
lg_lacam_fork:lg_tl,LG-LaCAM (window 20) + traffic load,den312d,den312d-random-4,200,2,30.0,solved,0.343566,0.245,11444,138,11246,10597,130,1.079928,0,,/home/carsten/Projects/MAPF/MAPF Evaluator/results/tlcpp-den312d/runs/lg_lacam_fork_lg_tl/den312d/den312d-random-4_a200_s2_r0,11444,0.245,"{""agents"": ""200"", ""comp_time"": ""245"", ""makespan"": ""138"", ""makespan_lb"": ""130"", ""map_file"": ""den312d.map"", ""seed"": ""2"", ""soc"": ""11444"", ""soc_lb"": ""10597"", ""solved"": ""1"", ""solver"": ""planner"", ""sum_of_loss"": ""11263"", ""sum_of_loss_lb"": ""10597""}"
lg_lacam_fork:lg_suo,LG-LaCAM (window 20) + SUO,den312d,den312d-random-4,200,0,30.0,solved,1.219804,0.882,11384,134,11219,10597,130,1.074266,0,,/home/carsten/Projects/MAPF/MAPF Evaluator/results/tlcpp-den312d/runs/lg_lacam_fork_lg_suo/den312d/den312d-random-4_a200_s0_r0,11384,0.882,"{""agents"": ""200"", ""comp_time"": ""882"", ""makespan"": ""134"", ""makespan_lb"": ""130"", ""map_file"": ""den312d.map"", ""seed"": ""0"", ""soc"": ""11384"", ""soc_lb"": ""10597"", ""solved"": ""1"", ""solver"": ""planner"", ""sum_of_loss"": ""11237"", ""sum_of_loss_lb"": ""10597""}"
lg_lacam_fork:lg_suo,LG-LaCAM (window 20) + SUO,den312d,den312d-random-4,200,1,30.0,solved,0.714535,0.635,11358,136,11238,10597,130,1.071813,0,,/home/carsten/Projects/MAPF/MAPF Evaluator/results/tlcpp-den312d/runs/lg_lacam_fork_lg_suo/den312d/den312d-random-4_a200_s1_r0,11358,0.635,"{""agents"": ""200"", ""comp_time"": ""635"", ""makespan"": ""136"", ""makespan_lb"": ""130"", ""map_file"": ""den312d.map"", ""seed"": ""1"", ""soc"": ""11358"", ""soc_lb"": ""10597"", ""solved"": ""1"", ""solver"": ""planner"", ""sum_of_loss"": ""11254"", ""sum_of_loss_lb"": ""10597""}"
lg_lacam_fork:lg_suo,LG-LaCAM (window 20) + SUO,den312d,den312d-random-4,200,2,30.0,solved,0.67291,0.55,11496,137,11348,10597,130,1.084835,0,,/home/carsten/Projects/MAPF/MAPF Evaluator/results/tlcpp-den312d/runs/lg_lacam_fork_lg_suo/den312d/den312d-random-4_a200_s2_r0,11496,0.55,"{""agents"": ""200"", ""comp_time"": ""550"", ""makespan"": ""137"", ""makespan_lb"": ""130"", ""map_file"": ""den312d.map"", ""seed"": ""2"", ""soc"": ""11496"", ""soc_lb"": ""10597"", ""solved"": ""1"", ""solver"": ""planner"", ""sum_of_loss"": ""11363"", ""sum_of_loss_lb"": ""10597""}"
lg_lacam_fork:lg_suo_tl,LG-LaCAM (window 20) + SUO + traffic load,den312d,den312d-random-4,200,0,30.0,solved,0.810235,0.703,11303,134,11216,10597,130,1.066623,0,,/home/carsten/Projects/MAPF/MAPF Evaluator/results/tlcpp-den312d/runs/lg_lacam_fork_lg_suo_tl/den312d/den312d-random-4_a200_s0_r0,11303,0.703,"{""agents"": ""200"", ""comp_time"": ""703"", ""makespan"": ""134"", ""makespan_lb"": ""130"", ""map_file"": ""den312d.map"", ""seed"": ""0"", ""soc"": ""11303"", ""soc_lb"": ""10597"", ""solved"": ""1"", ""solver"": ""planner"", ""sum_of_loss"": ""11232"", ""sum_of_loss_lb"": ""10597""}"
lg_lacam_fork:lacam,"LaCAM (no guidance, first solution)",den312d,den312d-random-5,50,0,30.0,solved,0.033429,0.007,3028,105,2774,2603,105,1.163273,0,,/home/carsten/Projects/MAPF/MAPF Evaluator/results/tlcpp-den312d/runs/lg_lacam_fork_lacam/den312d/den312d-random-5_a50_s0_r0,3028,0.007,"{""agents"": ""50"", ""comp_time"": ""7"", ""makespan"": ""105"", ""makespan_lb"": ""105"", ""map_file"": ""den312d.map"", ""seed"": ""0"", ""soc"": ""3028"", ""soc_lb"": ""2603"", ""solved"": ""1"", ""solver"": ""planner"", ""sum_of_loss"": ""2788"", ""sum_of_loss_lb"": ""2603""}"
lg_lacam_fork:lacam,"LaCAM (no guidance, first solution)",den312d,den312d-random-5,50,1,30.0,solved,0.092883,0.017,2940,105,2742,2603,105,1.129466,0,,/home/carsten/Projects/MAPF/MAPF Evaluator/results/tlcpp-den312d/runs/lg_lacam_fork_lacam/den312d/den312d-random-5_a50_s1_r0,2940,0.017,"{""agents"": ""50"", ""comp_time"": ""17"", ""makespan"": ""105"", ""makespan_lb"": ""105"", ""map_file"": ""den312d.map"", ""seed"": ""1"", ""soc"": ""2940"", ""soc_lb"": ""2603"", ""solved"": ""1"", ""solver"": ""planner"", ""sum_of_loss"": ""2754"", ""sum_of_loss_lb"": ""2603""}"
lg_lacam_fork:lacam,"LaCAM (no guidance, first solution)",den312d,den312d-random-5,50,2,30.0,solved,0.160522,0.077,3050,105,2776,2603,105,1.171725,0,,/home/carsten/Projects/MAPF/MAPF Evaluator/results/tlcpp-den312d/runs/lg_lacam_fork_lacam/den312d/den312d-random-5_a50_s2_r0,3050,0.077,"{""agents"": ""50"", ""comp_time"": ""77"", ""makespan"": ""105"", ""makespan_lb"": ""105"", ""map_file"": ""den312d.map"", ""seed"": ""2"", ""soc"": ""3050"", ""soc_lb"": ""2603"", ""solved"": ""1"", ""solver"": ""planner"", ""sum_of_loss"": ""2787"", ""sum_of_loss_lb"": ""2603""}"
lg_lacam_fork:lg_suo_tl,LG-LaCAM (window 20) + SUO + traffic load,den312d,den312d-random-4,200,1,30.0,solved,0.580389,0.448,11323,136,11215,10597,130,1.06851,0,,/home/carsten/Projects/MAPF/MAPF Evaluator/results/tlcpp-den312d/runs/lg_lacam_fork_lg_suo_tl/den312d/den312d-random-4_a200_s1_r0,11323,0.448,"{""agents"": ""200"", ""comp_time"": ""448"", ""makespan"": ""136"", ""makespan_lb"": ""130"", ""map_file"": ""den312d.map"", ""seed"": ""1"", ""soc"": ""11323"", ""soc_lb"": ""10597"", ""solved"": ""1"", ""solver"": ""planner"", ""sum_of_loss"": ""11231"", ""sum_of_loss_lb"": ""10597""}"
lg_lacam_fork:tl,"LaCAM + traffic load (tie-break, per config)",den312d,den312d-random-5,50,0,30.0,solved,0.070555,0.019,2912,105,2698,2603,105,1.118709,0,,/home/carsten/Projects/MAPF/MAPF Evaluator/results/tlcpp-den312d/runs/lg_lacam_fork_tl/den312d/den312d-random-5_a50_s0_r0,2912,0.019,"{""agents"": ""50"", ""comp_time"": ""19"", ""makespan"": ""105"", ""makespan_lb"": ""105"", ""map_file"": ""den312d.map"", ""seed"": ""0"", ""soc"": ""2912"", ""soc_lb"": ""2603"", ""solved"": ""1"", ""solver"": ""planner"", ""sum_of_loss"": ""2708"", ""sum_of_loss_lb"": ""2603""}"
lg_lacam_fork:tl,"LaCAM + traffic load (tie-break, per config)",den312d,den312d-random-5,50,1,30.0,solved,0.080166,0.027,2857,105,2689,2603,105,1.09758,0,,/home/carsten/Projects/MAPF/MAPF Evaluator/results/tlcpp-den312d/runs/lg_lacam_fork_tl/den312d/den312d-random-5_a50_s1_r0,2857,0.027,"{""agents"": ""50"", ""comp_time"": ""27"", ""makespan"": ""105"", ""makespan_lb"": ""105"", ""map_file"": ""den312d.map"", ""seed"": ""1"", ""soc"": ""2857"", ""soc_lb"": ""2603"", ""solved"": ""1"", ""solver"": ""planner"", ""sum_of_loss"": ""2699"", ""sum_of_loss_lb"": ""2603""}"
lg_lacam_fork:lg_suo_tl,LG-LaCAM (window 20) + SUO + traffic load,den312d,den312d-random-4,200,2,30.0,solved,0.807634,0.714,11467,137,11323,10597,130,1.082099,0,,/home/carsten/Projects/MAPF/MAPF Evaluator/results/tlcpp-den312d/runs/lg_lacam_fork_lg_suo_tl/den312d/den312d-random-4_a200_s2_r0,11467,0.714,"{""agents"": ""200"", ""comp_time"": ""714"", ""makespan"": ""137"", ""makespan_lb"": ""130"", ""map_file"": ""den312d.map"", ""seed"": ""2"", ""soc"": ""11467"", ""soc_lb"": ""10597"", ""solved"": ""1"", ""solver"": ""planner"", ""sum_of_loss"": ""11343"", ""sum_of_loss_lb"": ""10597""}"
lg_lacam_fork:tl,"LaCAM + traffic load (tie-break, per config)",den312d,den312d-random-5,50,2,30.0,solved,0.081383,0.047,2899,105,2687,2603,105,1.113715,0,,/home/carsten/Projects/MAPF/MAPF Evaluator/results/tlcpp-den312d/runs/lg_lacam_fork_tl/den312d/den312d-random-5_a50_s2_r0,2899,0.047,"{""agents"": ""50"", ""comp_time"": ""47"", ""makespan"": ""105"", ""makespan_lb"": ""105"", ""map_file"": ""den312d.map"", ""seed"": ""2"", ""soc"": ""2899"", ""soc_lb"": ""2603"", ""solved"": ""1"", ""solver"": ""planner"", ""sum_of_loss"": ""2698"", ""sum_of_loss_lb"": ""2603""}"
lg_lacam_fork:tl_agent,"LaCAM + traffic load (tie-break, per agent)",den312d,den312d-random-5,50,0,30.0,solved,0.065981,0.029,2854,105,2692,2603,105,1.096427,0,,/home/carsten/Projects/MAPF/MAPF Evaluator/results/tlcpp-den312d/runs/lg_lacam_fork_tl_agent/den312d/den312d-random-5_a50_s0_r0,2854,0.029,"{""agents"": ""50"", ""comp_time"": ""29"", ""makespan"": ""105"", ""makespan_lb"": ""105"", ""map_file"": ""den312d.map"", ""seed"": ""0"", ""soc"": ""2854"", ""soc_lb"": ""2603"", ""solved"": ""1"", ""solver"": ""planner"", ""sum_of_loss"": ""2701"", ""sum_of_loss_lb"": ""2603""}"
lg_lacam_fork:tl_agent,"LaCAM + traffic load (tie-break, per agent)",den312d,den312d-random-5,50,2,30.0,solved,0.058034,0.014,2892,105,2698,2603,105,1.111026,0,,/home/carsten/Projects/MAPF/MAPF Evaluator/results/tlcpp-den312d/runs/lg_lacam_fork_tl_agent/den312d/den312d-random-5_a50_s2_r0,2892,0.014,"{""agents"": ""50"", ""comp_time"": ""14"", ""makespan"": ""105"", ""makespan_lb"": ""105"", ""map_file"": ""den312d.map"", ""seed"": ""2"", ""soc"": ""2892"", ""soc_lb"": ""2603"", ""solved"": ""1"", ""solver"": ""planner"", ""sum_of_loss"": ""2709"", ""sum_of_loss_lb"": ""2603""}"
lg_lacam_fork:tl_agent,"LaCAM + traffic load (tie-break, per agent)",den312d,den312d-random-5,50,1,30.0,solved,0.06631,0.021,2852,105,2686,2603,105,1.095659,0,,/home/carsten/Projects/MAPF/MAPF Evaluator/results/tlcpp-den312d/runs/lg_lacam_fork_tl_agent/den312d/den312d-random-5_a50_s1_r0,2852,0.021,"{""agents"": ""50"", ""comp_time"": ""21"", ""makespan"": ""105"", ""makespan_lb"": ""105"", ""map_file"": ""den312d.map"", ""seed"": ""1"", ""soc"": ""2852"", ""soc_lb"": ""2603"", ""solved"": ""1"", ""solver"": ""planner"", ""sum_of_loss"": ""2695"", ""sum_of_loss_lb"": ""2603""}"
lg_lacam_fork:tl_static,LaCAM + traffic load (static map from starts),den312d,den312d-random-5,50,0,30.0,solved,0.035656,0.01,3066,105,2791,2603,105,1.177872,0,,/home/carsten/Projects/MAPF/MAPF Evaluator/results/tlcpp-den312d/runs/lg_lacam_fork_tl_static/den312d/den312d-random-5_a50_s0_r0,3066,0.01,"{""agents"": ""50"", ""comp_time"": ""10"", ""makespan"": ""105"", ""makespan_lb"": ""105"", ""map_file"": ""den312d.map"", ""seed"": ""0"", ""soc"": ""3066"", ""soc_lb"": ""2603"", ""solved"": ""1"", ""solver"": ""planner"", ""sum_of_loss"": ""2804"", ""sum_of_loss_lb"": ""2603""}"
lg_lacam_fork:tl_static,LaCAM + traffic load (static map from starts),den312d,den312d-random-5,50,1,30.0,solved,0.059243,0.028,3107,105,2803,2603,105,1.193623,0,,/home/carsten/Projects/MAPF/MAPF Evaluator/results/tlcpp-den312d/runs/lg_lacam_fork_tl_static/den312d/den312d-random-5_a50_s1_r0,3107,0.028,"{""agents"": ""50"", ""comp_time"": ""28"", ""makespan"": ""105"", ""makespan_lb"": ""105"", ""map_file"": ""den312d.map"", ""seed"": ""1"", ""soc"": ""3107"", ""soc_lb"": ""2603"", ""solved"": ""1"", ""solver"": ""planner"", ""sum_of_loss"": ""2818"", ""sum_of_loss_lb"": ""2603""}"
lg_lacam_fork:suo,LaCAM3 = SUO (first solution),den312d,den312d-random-5,50,0,30.0,solved,0.075486,0.028,2649,105,2649,2603,105,1.017672,0,,/home/carsten/Projects/MAPF/MAPF Evaluator/results/tlcpp-den312d/runs/lg_lacam_fork_suo/den312d/den312d-random-5_a50_s0_r0,2649,0.028,"{""agents"": ""50"", ""comp_time"": ""28"", ""makespan"": ""105"", ""makespan_lb"": ""105"", ""map_file"": ""den312d.map"", ""seed"": ""0"", ""soc"": ""2649"", ""soc_lb"": ""2603"", ""solved"": ""1"", ""solver"": ""planner"", ""sum_of_loss"": ""2649"", ""sum_of_loss_lb"": ""2603""}"
lg_lacam_fork:tl_static,LaCAM + traffic load (static map from starts),den312d,den312d-random-5,50,2,30.0,solved,0.048284,0.021,3089,105,2798,2603,105,1.186708,0,,/home/carsten/Projects/MAPF/MAPF Evaluator/results/tlcpp-den312d/runs/lg_lacam_fork_tl_static/den312d/den312d-random-5_a50_s2_r0,3089,0.021,"{""agents"": ""50"", ""comp_time"": ""21"", ""makespan"": ""105"", ""makespan_lb"": ""105"", ""map_file"": ""den312d.map"", ""seed"": ""2"", ""soc"": ""3089"", ""soc_lb"": ""2603"", ""solved"": ""1"", ""solver"": ""planner"", ""sum_of_loss"": ""2814"", ""sum_of_loss_lb"": ""2603""}"
lg_lacam_fork:suo,LaCAM3 = SUO (first solution),den312d,den312d-random-5,50,1,30.0,solved,0.13874,0.072,2654,109,2654,2603,105,1.019593,0,,/home/carsten/Projects/MAPF/MAPF Evaluator/results/tlcpp-den312d/runs/lg_lacam_fork_suo/den312d/den312d-random-5_a50_s1_r0,2654,0.072,"{""agents"": ""50"", ""comp_time"": ""72"", ""makespan"": ""109"", ""makespan_lb"": ""105"", ""map_file"": ""den312d.map"", ""seed"": ""1"", ""soc"": ""2654"", ""soc_lb"": ""2603"", ""solved"": ""1"", ""solver"": ""planner"", ""sum_of_loss"": ""2654"", ""sum_of_loss_lb"": ""2603""}"
lg_lacam_fork:suo_tl,SUO + traffic load,den312d,den312d-random-5,50,0,30.0,solved,0.085138,0.06,2650,105,2650,2603,105,1.018056,0,,/home/carsten/Projects/MAPF/MAPF Evaluator/results/tlcpp-den312d/runs/lg_lacam_fork_suo_tl/den312d/den312d-random-5_a50_s0_r0,2650,0.06,"{""agents"": ""50"", ""comp_time"": ""60"", ""makespan"": ""105"", ""makespan_lb"": ""105"", ""map_file"": ""den312d.map"", ""seed"": ""0"", ""soc"": ""2650"", ""soc_lb"": ""2603"", ""solved"": ""1"", ""solver"": ""planner"", ""sum_of_loss"": ""2650"", ""sum_of_loss_lb"": ""2603""}"
lg_lacam_fork:suo,LaCAM3 = SUO (first solution),den312d,den312d-random-5,50,2,30.0,solved,0.065859,0.024,2649,105,2649,2603,105,1.017672,0,,/home/carsten/Projects/MAPF/MAPF Evaluator/results/tlcpp-den312d/runs/lg_lacam_fork_suo/den312d/den312d-random-5_a50_s2_r0,2649,0.024,"{""agents"": ""50"", ""comp_time"": ""24"", ""makespan"": ""105"", ""makespan_lb"": ""105"", ""map_file"": ""den312d.map"", ""seed"": ""2"", ""soc"": ""2649"", ""soc_lb"": ""2603"", ""solved"": ""1"", ""solver"": ""planner"", ""sum_of_loss"": ""2649"", ""sum_of_loss_lb"": ""2603""}"
lg_lacam_fork:suo_tl,SUO + traffic load,den312d,den312d-random-5,50,1,30.0,solved,0.139162,0.024,2647,109,2647,2603,105,1.016904,0,,/home/carsten/Projects/MAPF/MAPF Evaluator/results/tlcpp-den312d/runs/lg_lacam_fork_suo_tl/den312d/den312d-random-5_a50_s1_r0,2647,0.024,"{""agents"": ""50"", ""comp_time"": ""24"", ""makespan"": ""109"", ""makespan_lb"": ""105"", ""map_file"": ""den312d.map"", ""seed"": ""1"", ""soc"": ""2647"", ""soc_lb"": ""2603"", ""solved"": ""1"", ""solver"": ""planner"", ""sum_of_loss"": ""2647"", ""sum_of_loss_lb"": ""2603""}"
lg_lacam_fork:suo_tl,SUO + traffic load,den312d,den312d-random-5,50,2,30.0,solved,0.061035,0.023,2645,107,2645,2603,105,1.016135,0,,/home/carsten/Projects/MAPF/MAPF Evaluator/results/tlcpp-den312d/runs/lg_lacam_fork_suo_tl/den312d/den312d-random-5_a50_s2_r0,2645,0.023,"{""agents"": ""50"", ""comp_time"": ""23"", ""makespan"": ""107"", ""makespan_lb"": ""105"", ""map_file"": ""den312d.map"", ""seed"": ""2"", ""soc"": ""2645"", ""soc_lb"": ""2603"", ""solved"": ""1"", ""solver"": ""planner"", ""sum_of_loss"": ""2645"", ""sum_of_loss_lb"": ""2603""}"
lg_lacam_fork:lg,"LG-LaCAM (window 20, first solution)",den312d,den312d-random-5,50,1,30.0,solved,0.05789,0.034,2647,109,2647,2603,105,1.016904,0,,/home/carsten/Projects/MAPF/MAPF Evaluator/results/tlcpp-den312d/runs/lg_lacam_fork_lg/den312d/den312d-random-5_a50_s1_r0,2647,0.034,"{""agents"": ""50"", ""comp_time"": ""34"", ""makespan"": ""109"", ""makespan_lb"": ""105"", ""map_file"": ""den312d.map"", ""seed"": ""1"", ""soc"": ""2647"", ""soc_lb"": ""2603"", ""solved"": ""1"", ""solver"": ""planner"", ""sum_of_loss"": ""2647"", ""sum_of_loss_lb"": ""2603""}"
lg_lacam_fork:lg,"LG-LaCAM (window 20, first solution)",den312d,den312d-random-5,50,0,30.0,solved,0.107627,0.054,2662,109,2648,2603,105,1.022666,0,,/home/carsten/Projects/MAPF/MAPF Evaluator/results/tlcpp-den312d/runs/lg_lacam_fork_lg/den312d/den312d-random-5_a50_s0_r0,2662,0.054,"{""agents"": ""50"", ""comp_time"": ""54"", ""makespan"": ""109"", ""makespan_lb"": ""105"", ""map_file"": ""den312d.map"", ""seed"": ""0"", ""soc"": ""2662"", ""soc_lb"": ""2603"", ""solved"": ""1"", ""solver"": ""planner"", ""sum_of_loss"": ""2649"", ""sum_of_loss_lb"": ""2603""}"
lg_lacam_fork:lg,"LG-LaCAM (window 20, first solution)",den312d,den312d-random-5,50,2,30.0,solved,0.139614,0.067,2645,109,2645,2603,105,1.016135,0,,/home/carsten/Projects/MAPF/MAPF Evaluator/results/tlcpp-den312d/runs/lg_lacam_fork_lg/den312d/den312d-random-5_a50_s2_r0,2645,0.067,"{""agents"": ""50"", ""comp_time"": ""67"", ""makespan"": ""109"", ""makespan_lb"": ""105"", ""map_file"": ""den312d.map"", ""seed"": ""2"", ""soc"": ""2645"", ""soc_lb"": ""2603"", ""solved"": ""1"", ""solver"": ""planner"", ""sum_of_loss"": ""2645"", ""sum_of_loss_lb"": ""2603""}"
lg_lacam_fork:lg_tl,LG-LaCAM (window 20) + traffic load,den312d,den312d-random-5,50,0,30.0,solved,0.086604,0.055,2662,109,2648,2603,105,1.022666,0,,/home/carsten/Projects/MAPF/MAPF Evaluator/results/tlcpp-den312d/runs/lg_lacam_fork_lg_tl/den312d/den312d-random-5_a50_s0_r0,2662,0.055,"{""agents"": ""50"", ""comp_time"": ""55"", ""makespan"": ""109"", ""makespan_lb"": ""105"", ""map_file"": ""den312d.map"", ""seed"": ""0"", ""soc"": ""2662"", ""soc_lb"": ""2603"", ""solved"": ""1"", ""solver"": ""planner"", ""sum_of_loss"": ""2649"", ""sum_of_loss_lb"": ""2603""}"
lg_lacam_fork:lg_tl,LG-LaCAM (window 20) + traffic load,den312d,den312d-random-5,50,1,30.0,solved,0.100014,0.076,2647,109,2647,2603,105,1.016904,0,,/home/carsten/Projects/MAPF/MAPF Evaluator/results/tlcpp-den312d/runs/lg_lacam_fork_lg_tl/den312d/den312d-random-5_a50_s1_r0,2647,0.076,"{""agents"": ""50"", ""comp_time"": ""76"", ""makespan"": ""109"", ""makespan_lb"": ""105"", ""map_file"": ""den312d.map"", ""seed"": ""1"", ""soc"": ""2647"", ""soc_lb"": ""2603"", ""solved"": ""1"", ""solver"": ""planner"", ""sum_of_loss"": ""2647"", ""sum_of_loss_lb"": ""2603""}"
lg_lacam_fork:lg_suo,LG-LaCAM (window 20) + SUO,den312d,den312d-random-5,50,0,30.0,solved,0.117756,0.053,2633,107,2633,2603,105,1.011525,0,,/home/carsten/Projects/MAPF/MAPF Evaluator/results/tlcpp-den312d/runs/lg_lacam_fork_lg_suo/den312d/den312d-random-5_a50_s0_r0,2633,0.053,"{""agents"": ""50"", ""comp_time"": ""53"", ""makespan"": ""107"", ""makespan_lb"": ""105"", ""map_file"": ""den312d.map"", ""seed"": ""0"", ""soc"": ""2633"", ""soc_lb"": ""2603"", ""solved"": ""1"", ""solver"": ""planner"", ""sum_of_loss"": ""2633"", ""sum_of_loss_lb"": ""2603""}"
lg_lacam_fork:lg_suo,LG-LaCAM (window 20) + SUO,den312d,den312d-random-5,50,2,30.0,solved,0.083975,0.04,2645,105,2631,2603,105,1.016135,0,,/home/carsten/Projects/MAPF/MAPF Evaluator/results/tlcpp-den312d/runs/lg_lacam_fork_lg_suo/den312d/den312d-random-5_a50_s2_r0,2645,0.04,"{""agents"": ""50"", ""comp_time"": ""40"", ""makespan"": ""105"", ""makespan_lb"": ""105"", ""map_file"": ""den312d.map"", ""seed"": ""2"", ""soc"": ""2645"", ""soc_lb"": ""2603"", ""solved"": ""1"", ""solver"": ""planner"", ""sum_of_loss"": ""2632"", ""sum_of_loss_lb"": ""2603""}"
lg_lacam_fork:lg_tl,LG-LaCAM (window 20) + traffic load,den312d,den312d-random-5,50,2,30.0,solved,0.341663,0.279,2645,109,2645,2603,105,1.016135,0,,/home/carsten/Projects/MAPF/MAPF Evaluator/results/tlcpp-den312d/runs/lg_lacam_fork_lg_tl/den312d/den312d-random-5_a50_s2_r0,2645,0.279,"{""agents"": ""50"", ""comp_time"": ""279"", ""makespan"": ""109"", ""makespan_lb"": ""105"", ""map_file"": ""den312d.map"", ""seed"": ""2"", ""soc"": ""2645"", ""soc_lb"": ""2603"", ""solved"": ""1"", ""solver"": ""planner"", ""sum_of_loss"": ""2645"", ""sum_of_loss_lb"": ""2603""}"
lg_lacam_fork:lg_suo,LG-LaCAM (window 20) + SUO,den312d,den312d-random-5,50,1,30.0,solved,0.334179,0.235,2639,107,2639,2603,105,1.01383,0,,/home/carsten/Projects/MAPF/MAPF Evaluator/results/tlcpp-den312d/runs/lg_lacam_fork_lg_suo/den312d/den312d-random-5_a50_s1_r0,2639,0.235,"{""agents"": ""50"", ""comp_time"": ""235"", ""makespan"": ""107"", ""makespan_lb"": ""105"", ""map_file"": ""den312d.map"", ""seed"": ""1"", ""soc"": ""2639"", ""soc_lb"": ""2603"", ""solved"": ""1"", ""solver"": ""planner"", ""sum_of_loss"": ""2639"", ""sum_of_loss_lb"": ""2603""}"
lg_lacam_fork:lg_suo_tl,LG-LaCAM (window 20) + SUO + traffic load,den312d,den312d-random-5,50,1,30.0,solved,0.094821,0.062,2639,107,2639,2603,105,1.01383,0,,/home/carsten/Projects/MAPF/MAPF Evaluator/results/tlcpp-den312d/runs/lg_lacam_fork_lg_suo_tl/den312d/den312d-random-5_a50_s1_r0,2639,0.062,"{""agents"": ""50"", ""comp_time"": ""62"", ""makespan"": ""107"", ""makespan_lb"": ""105"", ""map_file"": ""den312d.map"", ""seed"": ""1"", ""soc"": ""2639"", ""soc_lb"": ""2603"", ""solved"": ""1"", ""solver"": ""planner"", ""sum_of_loss"": ""2639"", ""sum_of_loss_lb"": ""2603""}"
lg_lacam_fork:lg_suo_tl,LG-LaCAM (window 20) + SUO + traffic load,den312d,den312d-random-5,50,0,30.0,solved,0.273749,0.15,2633,107,2633,2603,105,1.011525,0,,/home/carsten/Projects/MAPF/MAPF Evaluator/results/tlcpp-den312d/runs/lg_lacam_fork_lg_suo_tl/den312d/den312d-random-5_a50_s0_r0,2633,0.15,"{""agents"": ""50"", ""comp_time"": ""150"", ""makespan"": ""107"", ""makespan_lb"": ""105"", ""map_file"": ""den312d.map"", ""seed"": ""0"", ""soc"": ""2633"", ""soc_lb"": ""2603"", ""solved"": ""1"", ""solver"": ""planner"", ""sum_of_loss"": ""2633"", ""sum_of_loss_lb"": ""2603""}"
lg_lacam_fork:lg_suo_tl,LG-LaCAM (window 20) + SUO + traffic load,den312d,den312d-random-5,50,2,30.0,solved,0.108753,0.057,2643,105,2629,2603,105,1.015367,0,,/home/carsten/Projects/MAPF/MAPF Evaluator/results/tlcpp-den312d/runs/lg_lacam_fork_lg_suo_tl/den312d/den312d-random-5_a50_s2_r0,2643,0.057,"{""agents"": ""50"", ""comp_time"": ""57"", ""makespan"": ""105"", ""makespan_lb"": ""105"", ""map_file"": ""den312d.map"", ""seed"": ""2"", ""soc"": ""2643"", ""soc_lb"": ""2603"", ""solved"": ""1"", ""solver"": ""planner"", ""sum_of_loss"": ""2630"", ""sum_of_loss_lb"": ""2603""}"
lg_lacam_fork:lacam,"LaCAM (no guidance, first solution)",den312d,den312d-random-5,100,0,30.0,solved,0.137062,0.026,6959,111,6080,5396,108,1.289659,0,,/home/carsten/Projects/MAPF/MAPF Evaluator/results/tlcpp-den312d/runs/lg_lacam_fork_lacam/den312d/den312d-random-5_a100_s0_r0,6959,0.026,"{""agents"": ""100"", ""comp_time"": ""26"", ""makespan"": ""111"", ""makespan_lb"": ""108"", ""map_file"": ""den312d.map"", ""seed"": ""0"", ""soc"": ""6959"", ""soc_lb"": ""5396"", ""solved"": ""1"", ""solver"": ""planner"", ""sum_of_loss"": ""6138"", ""sum_of_loss_lb"": ""5396""}"
lg_lacam_fork:lacam,"LaCAM (no guidance, first solution)",den312d,den312d-random-5,100,2,30.0,solved,0.126171,0.019,6793,108,6046,5396,108,1.258895,0,,/home/carsten/Projects/MAPF/MAPF Evaluator/results/tlcpp-den312d/runs/lg_lacam_fork_lacam/den312d/den312d-random-5_a100_s2_r0,6793,0.019,"{""agents"": ""100"", ""comp_time"": ""19"", ""makespan"": ""108"", ""makespan_lb"": ""108"", ""map_file"": ""den312d.map"", ""seed"": ""2"", ""soc"": ""6793"", ""soc_lb"": ""5396"", ""solved"": ""1"", ""solver"": ""planner"", ""sum_of_loss"": ""6101"", ""sum_of_loss_lb"": ""5396""}"
lg_lacam_fork:lacam,"LaCAM (no guidance, first solution)",den312d,den312d-random-5,100,1,30.0,solved,0.105771,0.024,6816,111,6055,5396,108,1.263158,0,,/home/carsten/Projects/MAPF/MAPF Evaluator/results/tlcpp-den312d/runs/lg_lacam_fork_lacam/den312d/den312d-random-5_a100_s1_r0,6816,0.024,"{""agents"": ""100"", ""comp_time"": ""24"", ""makespan"": ""111"", ""makespan_lb"": ""108"", ""map_file"": ""den312d.map"", ""seed"": ""1"", ""soc"": ""6816"", ""soc_lb"": ""5396"", ""solved"": ""1"", ""solver"": ""planner"", ""sum_of_loss"": ""6109"", ""sum_of_loss_lb"": ""5396""}"
lg_lacam_fork:tl,"LaCAM + traffic load (tie-break, per config)",den312d,den312d-random-5,100,0,30.0,solved,0.125435,0.078,6411,108,5692,5396,108,1.188102,0,,/home/carsten/Projects/MAPF/MAPF Evaluator/results/tlcpp-den312d/runs/lg_lacam_fork_tl/den312d/den312d-random-5_a100_s0_r0,6411,0.078,"{""agents"": ""100"", ""comp_time"": ""78"", ""makespan"": ""108"", ""makespan_lb"": ""108"", ""map_file"": ""den312d.map"", ""seed"": ""0"", ""soc"": ""6411"", ""soc_lb"": ""5396"", ""solved"": ""1"", ""solver"": ""planner"", ""sum_of_loss"": ""5743"", ""sum_of_loss_lb"": ""5396""}"
lg_lacam_fork:tl,"LaCAM + traffic load (tie-break, per config)",den312d,den312d-random-5,100,1,30.0,solved,0.068888,0.044,6460,108,5699,5396,108,1.197183,0,,/home/carsten/Projects/MAPF/MAPF Evaluator/results/tlcpp-den312d/runs/lg_lacam_fork_tl/den312d/den312d-random-5_a100_s1_r0,6460,0.044,"{""agents"": ""100"", ""comp_time"": ""44"", ""makespan"": ""108"", ""makespan_lb"": ""108"", ""map_file"": ""den312d.map"", ""seed"": ""1"", ""soc"": ""6460"", ""soc_lb"": ""5396"", ""solved"": ""1"", ""solver"": ""planner"", ""sum_of_loss"": ""5754"", ""sum_of_loss_lb"": ""5396""}"
lg_lacam_fork:tl,"LaCAM + traffic load (tie-break, per config)",den312d,den312d-random-5,100,2,30.0,solved,0.123813,0.054,6373,108,5700,5396,108,1.18106,0,,/home/carsten/Projects/MAPF/MAPF Evaluator/results/tlcpp-den312d/runs/lg_lacam_fork_tl/den312d/den312d-random-5_a100_s2_r0,6373,0.054,"{""agents"": ""100"", ""comp_time"": ""54"", ""makespan"": ""108"", ""makespan_lb"": ""108"", ""map_file"": ""den312d.map"", ""seed"": ""2"", ""soc"": ""6373"", ""soc_lb"": ""5396"", ""solved"": ""1"", ""solver"": ""planner"", ""sum_of_loss"": ""5751"", ""sum_of_loss_lb"": ""5396""}"
lg_lacam_fork:tl_agent,"LaCAM + traffic load (tie-break, per agent)",den312d,den312d-random-5,100,0,30.0,solved,0.195644,0.133,6395,108,5704,5396,108,1.185137,0,,/home/carsten/Projects/MAPF/MAPF Evaluator/results/tlcpp-den312d/runs/lg_lacam_fork_tl_agent/den312d/den312d-random-5_a100_s0_r0,6395,0.133,"{""agents"": ""100"", ""comp_time"": ""133"", ""makespan"": ""108"", ""makespan_lb"": ""108"", ""map_file"": ""den312d.map"", ""seed"": ""0"", ""soc"": ""6395"", ""soc_lb"": ""5396"", ""solved"": ""1"", ""solver"": ""planner"", ""sum_of_loss"": ""5757"", ""sum_of_loss_lb"": ""5396""}"
lg_lacam_fork:tl_agent,"LaCAM + traffic load (tie-break, per agent)",den312d,den312d-random-5,100,1,30.0,solved,0.198393,0.066,6379,108,5689,5396,108,1.182172,0,,/home/carsten/Projects/MAPF/MAPF Evaluator/results/tlcpp-den312d/runs/lg_lacam_fork_tl_agent/den312d/den312d-random-5_a100_s1_r0,6379,0.066,"{""agents"": ""100"", ""comp_time"": ""66"", ""makespan"": ""108"", ""makespan_lb"": ""108"", ""map_file"": ""den312d.map"", ""seed"": ""1"", ""soc"": ""6379"", ""soc_lb"": ""5396"", ""solved"": ""1"", ""solver"": ""planner"", ""sum_of_loss"": ""5742"", ""sum_of_loss_lb"": ""5396""}"
lg_lacam_fork:tl_agent,"LaCAM + traffic load (tie-break, per agent)",den312d,den312d-random-5,100,2,30.0,solved,0.118661,0.068,6419,108,5711,5396,108,1.189585,0,,/home/carsten/Projects/MAPF/MAPF Evaluator/results/tlcpp-den312d/runs/lg_lacam_fork_tl_agent/den312d/den312d-random-5_a100_s2_r0,6419,0.068,"{""agents"": ""100"", ""comp_time"": ""68"", ""makespan"": ""108"", ""makespan_lb"": ""108"", ""map_file"": ""den312d.map"", ""seed"": ""2"", ""soc"": ""6419"", ""soc_lb"": ""5396"", ""solved"": ""1"", ""solver"": ""planner"", ""sum_of_loss"": ""5763"", ""sum_of_loss_lb"": ""5396""}"
lg_lacam_fork:tl_static,LaCAM + traffic load (static map from starts),den312d,den312d-random-5,100,0,30.0,solved,0.063357,0.029,7075,109,6159,5396,108,1.311156,0,,/home/carsten/Projects/MAPF/MAPF Evaluator/results/tlcpp-den312d/runs/lg_lacam_fork_tl_static/den312d/den312d-random-5_a100_s0_r0,7075,0.029,"{""agents"": ""100"", ""comp_time"": ""29"", ""makespan"": ""109"", ""makespan_lb"": ""108"", ""map_file"": ""den312d.map"", ""seed"": ""0"", ""soc"": ""7075"", ""soc_lb"": ""5396"", ""solved"": ""1"", ""solver"": ""planner"", ""sum_of_loss"": ""6221"", ""sum_of_loss_lb"": ""5396""}"
lg_lacam_fork:tl_static,LaCAM + traffic load (static map from starts),den312d,den312d-random-5,100,1,30.0,solved,0.091951,0.051,7102,113,6158,5396,108,1.31616,0,,/home/carsten/Projects/MAPF/MAPF Evaluator/results/tlcpp-den312d/runs/lg_lacam_fork_tl_static/den312d/den312d-random-5_a100_s1_r0,7102,0.051,"{""agents"": ""100"", ""comp_time"": ""51"", ""makespan"": ""113"", ""makespan_lb"": ""108"", ""map_file"": ""den312d.map"", ""seed"": ""1"", ""soc"": ""7102"", ""soc_lb"": ""5396"", ""solved"": ""1"", ""solver"": ""planner"", ""sum_of_loss"": ""6223"", ""sum_of_loss_lb"": ""5396""}"
lg_lacam_fork:tl_static,LaCAM + traffic load (static map from starts),den312d,den312d-random-5,100,2,30.0,solved,0.126099,0.071,7153,113,6152,5396,108,1.325612,0,,/home/carsten/Projects/MAPF/MAPF Evaluator/results/tlcpp-den312d/runs/lg_lacam_fork_tl_static/den312d/den312d-random-5_a100_s2_r0,7153,0.071,"{""agents"": ""100"", ""comp_time"": ""71"", ""makespan"": ""113"", ""makespan_lb"": ""108"", ""map_file"": ""den312d.map"", ""seed"": ""2"", ""soc"": ""7153"", ""soc_lb"": ""5396"", ""solved"": ""1"", ""solver"": ""planner"", ""sum_of_loss"": ""6223"", ""sum_of_loss_lb"": ""5396""}"
lg_lacam_fork:suo,LaCAM3 = SUO (first solution),den312d,den312d-random-5,100,1,30.0,solved,0.132904,0.081,5792,110,5650,5396,108,1.073388,0,,/home/carsten/Projects/MAPF/MAPF Evaluator/results/tlcpp-den312d/runs/lg_lacam_fork_suo/den312d/den312d-random-5_a100_s1_r0,5792,0.081,"{""agents"": ""100"", ""comp_time"": ""81"", ""makespan"": ""110"", ""makespan_lb"": ""108"", ""map_file"": ""den312d.map"", ""seed"": ""1"", ""soc"": ""5792"", ""soc_lb"": ""5396"", ""solved"": ""1"", ""solver"": ""planner"", ""sum_of_loss"": ""5656"", ""sum_of_loss_lb"": ""5396""}"
lg_lacam_fork:suo,LaCAM3 = SUO (first solution),den312d,den312d-random-5,100,0,30.0,solved,0.072535,0.039,5588,108,5587,5396,108,1.035582,0,,/home/carsten/Projects/MAPF/MAPF Evaluator/results/tlcpp-den312d/runs/lg_lacam_fork_suo/den312d/den312d-random-5_a100_s0_r0,5588,0.039,"{""agents"": ""100"", ""comp_time"": ""39"", ""makespan"": ""108"", ""makespan_lb"": ""108"", ""map_file"": ""den312d.map"", ""seed"": ""0"", ""soc"": ""5588"", ""soc_lb"": ""5396"", ""solved"": ""1"", ""solver"": ""planner"", ""sum_of_loss"": ""5588"", ""sum_of_loss_lb"": ""5396""}"
lg_lacam_fork:suo,LaCAM3 = SUO (first solution),den312d,den312d-random-5,100,2,30.0,solved,0.134866,0.062,5788,110,5669,5396,108,1.072646,0,,/home/carsten/Projects/MAPF/MAPF Evaluator/results/tlcpp-den312d/runs/lg_lacam_fork_suo/den312d/den312d-random-5_a100_s2_r0,5788,0.062,"{""agents"": ""100"", ""comp_time"": ""62"", ""makespan"": ""110"", ""makespan_lb"": ""108"", ""map_file"": ""den312d.map"", ""seed"": ""2"", ""soc"": ""5788"", ""soc_lb"": ""5396"", ""solved"": ""1"", ""solver"": ""planner"", ""sum_of_loss"": ""5678"", ""sum_of_loss_lb"": ""5396""}"
lg_lacam_fork:suo_tl,SUO + traffic load,den312d,den312d-random-5,100,0,30.0,solved,0.298965,0.212,5564,110,5564,5396,108,1.031134,0,,/home/carsten/Projects/MAPF/MAPF Evaluator/results/tlcpp-den312d/runs/lg_lacam_fork_suo_tl/den312d/den312d-random-5_a100_s0_r0,5564,0.212,"{""agents"": ""100"", ""comp_time"": ""212"", ""makespan"": ""110"", ""makespan_lb"": ""108"", ""map_file"": ""den312d.map"", ""seed"": ""0"", ""soc"": ""5564"", ""soc_lb"": ""5396"", ""solved"": ""1"", ""solver"": ""planner"", ""sum_of_loss"": ""5564"", ""sum_of_loss_lb"": ""5396""}"
lg_lacam_fork:suo_tl,SUO + traffic load,den312d,den312d-random-5,100,1,30.0,solved,0.11945,0.074,5679,110,5615,5396,108,1.052446,0,,/home/carsten/Projects/MAPF/MAPF Evaluator/results/tlcpp-den312d/runs/lg_lacam_fork_suo_tl/den312d/den312d-random-5_a100_s1_r0,5679,0.074,"{""agents"": ""100"", ""comp_time"": ""74"", ""makespan"": ""110"", ""makespan_lb"": ""108"", ""map_file"": ""den312d.map"", ""seed"": ""1"", ""soc"": ""5679"", ""soc_lb"": ""5396"", ""solved"": ""1"", ""solver"": ""planner"", ""sum_of_loss"": ""5619"", ""sum_of_loss_lb"": ""5396""}"
lg_lacam_fork:suo_tl,SUO + traffic load,den312d,den312d-random-5,100,2,30.0,solved,0.127558,0.065,5586,112,5579,5396,108,1.035211,0,,/home/carsten/Projects/MAPF/MAPF Evaluator/results/tlcpp-den312d/runs/lg_lacam_fork_suo_tl/den312d/den312d-random-5_a100_s2_r0,5586,0.065,"{""agents"": ""100"", ""comp_time"": ""65"", ""makespan"": ""112"", ""makespan_lb"": ""108"", ""map_file"": ""den312d.map"", ""seed"": ""2"", ""soc"": ""5586"", ""soc_lb"": ""5396"", ""solved"": ""1"", ""solver"": ""planner"", ""sum_of_loss"": ""5580"", ""sum_of_loss_lb"": ""5396""}"
lg_lacam_fork:lg,"LG-LaCAM (window 20, first solution)",den312d,den312d-random-5,100,0,30.0,solved,0.113668,0.08,5531,109,5517,5396,108,1.025019,0,,/home/carsten/Projects/MAPF/MAPF Evaluator/results/tlcpp-den312d/runs/lg_lacam_fork_lg/den312d/den312d-random-5_a100_s0_r0,5531,0.08,"{""agents"": ""100"", ""comp_time"": ""80"", ""makespan"": ""109"", ""makespan_lb"": ""108"", ""map_file"": ""den312d.map"", ""seed"": ""0"", ""soc"": ""5531"", ""soc_lb"": ""5396"", ""solved"": ""1"", ""solver"": ""planner"", ""sum_of_loss"": ""5518"", ""sum_of_loss_lb"": ""5396""}"
lg_lacam_fork:lg,"LG-LaCAM (window 20, first solution)",den312d,den312d-random-5,100,1,30.0,solved,0.197865,0.12,5526,108,5505,5396,108,1.024092,0,,/home/carsten/Projects/MAPF/MAPF Evaluator/results/tlcpp-den312d/runs/lg_lacam_fork_lg/den312d/den312d-random-5_a100_s1_r0,5526,0.12,"{""agents"": ""100"", ""comp_time"": ""120"", ""makespan"": ""108"", ""makespan_lb"": ""108"", ""map_file"": ""den312d.map"", ""seed"": ""1"", ""soc"": ""5526"", ""soc_lb"": ""5396"", ""solved"": ""1"", ""solver"": ""planner"", ""sum_of_loss"": ""5509"", ""sum_of_loss_lb"": ""5396""}"
lg_lacam_fork:lg,"LG-LaCAM (window 20, first solution)",den312d,den312d-random-5,100,2,30.0,solved,0.093484,0.068,5551,111,5520,5396,108,1.028725,0,,/home/carsten/Projects/MAPF/MAPF Evaluator/results/tlcpp-den312d/runs/lg_lacam_fork_lg/den312d/den312d-random-5_a100_s2_r0,5551,0.068,"{""agents"": ""100"", ""comp_time"": ""68"", ""makespan"": ""111"", ""makespan_lb"": ""108"", ""map_file"": ""den312d.map"", ""seed"": ""2"", ""soc"": ""5551"", ""soc_lb"": ""5396"", ""solved"": ""1"", ""solver"": ""planner"", ""sum_of_loss"": ""5523"", ""sum_of_loss_lb"": ""5396""}"
lg_lacam_fork:lg_tl,LG-LaCAM (window 20) + traffic load,den312d,den312d-random-5,100,0,30.0,solved,0.227275,0.112,5540,111,5526,5396,108,1.026686,0,,/home/carsten/Projects/MAPF/MAPF Evaluator/results/tlcpp-den312d/runs/lg_lacam_fork_lg_tl/den312d/den312d-random-5_a100_s0_r0,5540,0.112,"{""agents"": ""100"", ""comp_time"": ""112"", ""makespan"": ""111"", ""makespan_lb"": ""108"", ""map_file"": ""den312d.map"", ""seed"": ""0"", ""soc"": ""5540"", ""soc_lb"": ""5396"", ""solved"": ""1"", ""solver"": ""planner"", ""sum_of_loss"": ""5527"", ""sum_of_loss_lb"": ""5396""}"
lg_lacam_fork:lg_tl,LG-LaCAM (window 20) + traffic load,den312d,den312d-random-5,100,1,30.0,solved,0.134282,0.087,5526,108,5505,5396,108,1.024092,0,,/home/carsten/Projects/MAPF/MAPF Evaluator/results/tlcpp-den312d/runs/lg_lacam_fork_lg_tl/den312d/den312d-random-5_a100_s1_r0,5526,0.087,"{""agents"": ""100"", ""comp_time"": ""87"", ""makespan"": ""108"", ""makespan_lb"": ""108"", ""map_file"": ""den312d.map"", ""seed"": ""1"", ""soc"": ""5526"", ""soc_lb"": ""5396"", ""solved"": ""1"", ""solver"": ""planner"", ""sum_of_loss"": ""5509"", ""sum_of_loss_lb"": ""5396""}"
lg_lacam_fork:lg_tl,LG-LaCAM (window 20) + traffic load,den312d,den312d-random-5,100,2,30.0,solved,0.107359,0.063,5547,111,5526,5396,108,1.027984,0,,/home/carsten/Projects/MAPF/MAPF Evaluator/results/tlcpp-den312d/runs/lg_lacam_fork_lg_tl/den312d/den312d-random-5_a100_s2_r0,5547,0.063,"{""agents"": ""100"", ""comp_time"": ""63"", ""makespan"": ""111"", ""makespan_lb"": ""108"", ""map_file"": ""den312d.map"", ""seed"": ""2"", ""soc"": ""5547"", ""soc_lb"": ""5396"", ""solved"": ""1"", ""solver"": ""planner"", ""sum_of_loss"": ""5529"", ""sum_of_loss_lb"": ""5396""}"
lg_lacam_fork:lg_suo,LG-LaCAM (window 20) + SUO,den312d,den312d-random-5,100,0,30.0,solved,0.267096,0.133,5531,108,5519,5396,108,1.025019,0,,/home/carsten/Projects/MAPF/MAPF Evaluator/results/tlcpp-den312d/runs/lg_lacam_fork_lg_suo/den312d/den312d-random-5_a100_s0_r0,5531,0.133,"{""agents"": ""100"", ""comp_time"": ""133"", ""makespan"": ""108"", ""makespan_lb"": ""108"", ""map_file"": ""den312d.map"", ""seed"": ""0"", ""soc"": ""5531"", ""soc_lb"": ""5396"", ""solved"": ""1"", ""solver"": ""planner"", ""sum_of_loss"": ""5521"", ""sum_of_loss_lb"": ""5396""}"
lg_lacam_fork:lg_suo,LG-LaCAM (window 20) + SUO,den312d,den312d-random-5,100,1,30.0,solved,0.254039,0.144,5524,109,5511,5396,108,1.023721,0,,/home/carsten/Projects/MAPF/MAPF Evaluator/results/tlcpp-den312d/runs/lg_lacam_fork_lg_suo/den312d/den312d-random-5_a100_s1_r0,5524,0.144,"{""agents"": ""100"", ""comp_time"": ""144"", ""makespan"": ""109"", ""makespan_lb"": ""108"", ""map_file"": ""den312d.map"", ""seed"": ""1"", ""soc"": ""5524"", ""soc_lb"": ""5396"", ""solved"": ""1"", ""solver"": ""planner"", ""sum_of_loss"": ""5514"", ""sum_of_loss_lb"": ""5396""}"
lg_lacam_fork:lg_suo,LG-LaCAM (window 20) + SUO,den312d,den312d-random-5,100,2,30.0,solved,0.201798,0.096,5531,109,5518,5396,108,1.025019,0,,/home/carsten/Projects/MAPF/MAPF Evaluator/results/tlcpp-den312d/runs/lg_lacam_fork_lg_suo/den312d/den312d-random-5_a100_s2_r0,5531,0.096,"{""agents"": ""100"", ""comp_time"": ""96"", ""makespan"": ""109"", ""makespan_lb"": ""108"", ""map_file"": ""den312d.map"", ""seed"": ""2"", ""soc"": ""5531"", ""soc_lb"": ""5396"", ""solved"": ""1"", ""solver"": ""planner"", ""sum_of_loss"": ""5520"", ""sum_of_loss_lb"": ""5396""}"
lg_lacam_fork:lg_suo_tl,LG-LaCAM (window 20) + SUO + traffic load,den312d,den312d-random-5,100,0,30.0,solved,0.11452,0.075,5538,109,5524,5396,108,1.026316,0,,/home/carsten/Projects/MAPF/MAPF Evaluator/results/tlcpp-den312d/runs/lg_lacam_fork_lg_suo_tl/den312d/den312d-random-5_a100_s0_r0,5538,0.075,"{""agents"": ""100"", ""comp_time"": ""75"", ""makespan"": ""109"", ""makespan_lb"": ""108"", ""map_file"": ""den312d.map"", ""seed"": ""0"", ""soc"": ""5538"", ""soc_lb"": ""5396"", ""solved"": ""1"", ""solver"": ""planner"", ""sum_of_loss"": ""5526"", ""sum_of_loss_lb"": ""5396""}"
lg_lacam_fork:lg_suo_tl,LG-LaCAM (window 20) + SUO + traffic load,den312d,den312d-random-5,100,1,30.0,solved,0.301751,0.2,5528,109,5513,5396,108,1.024463,0,,/home/carsten/Projects/MAPF/MAPF Evaluator/results/tlcpp-den312d/runs/lg_lacam_fork_lg_suo_tl/den312d/den312d-random-5_a100_s1_r0,5528,0.2,"{""agents"": ""100"", ""comp_time"": ""200"", ""makespan"": ""109"", ""makespan_lb"": ""108"", ""map_file"": ""den312d.map"", ""seed"": ""1"", ""soc"": ""5528"", ""soc_lb"": ""5396"", ""solved"": ""1"", ""solver"": ""planner"", ""sum_of_loss"": ""5516"", ""sum_of_loss_lb"": ""5396""}"
lg_lacam_fork:lg_suo_tl,LG-LaCAM (window 20) + SUO + traffic load,den312d,den312d-random-5,100,2,30.0,solved,0.342845,0.124,5529,109,5516,5396,108,1.024648,0,,/home/carsten/Projects/MAPF/MAPF Evaluator/results/tlcpp-den312d/runs/lg_lacam_fork_lg_suo_tl/den312d/den312d-random-5_a100_s2_r0,5529,0.124,"{""agents"": ""100"", ""comp_time"": ""124"", ""makespan"": ""109"", ""makespan_lb"": ""108"", ""map_file"": ""den312d.map"", ""seed"": ""2"", ""soc"": ""5529"", ""soc_lb"": ""5396"", ""solved"": ""1"", ""solver"": ""planner"", ""sum_of_loss"": ""5518"", ""sum_of_loss_lb"": ""5396""}"
lg_lacam_fork:lacam,"LaCAM (no guidance, first solution)",den312d,den312d-random-5,150,0,30.0,solved,0.065934,0.017,11158,119,9559,8171,116,1.365561,0,,/home/carsten/Projects/MAPF/MAPF Evaluator/results/tlcpp-den312d/runs/lg_lacam_fork_lacam/den312d/den312d-random-5_a150_s0_r0,11158,0.017,"{""agents"": ""150"", ""comp_time"": ""17"", ""makespan"": ""119"", ""makespan_lb"": ""116"", ""map_file"": ""den312d.map"", ""seed"": ""0"", ""soc"": ""11158"", ""soc_lb"": ""8171"", ""solved"": ""1"", ""solver"": ""planner"", ""sum_of_loss"": ""9682"", ""sum_of_loss_lb"": ""8171""}"
lg_lacam_fork:lacam,"LaCAM (no guidance, first solution)",den312d,den312d-random-5,150,1,30.0,solved,0.078842,0.021,11109,116,9520,8171,116,1.359564,0,,/home/carsten/Projects/MAPF/MAPF Evaluator/results/tlcpp-den312d/runs/lg_lacam_fork_lacam/den312d/den312d-random-5_a150_s1_r0,11109,0.021,"{""agents"": ""150"", ""comp_time"": ""21"", ""makespan"": ""116"", ""makespan_lb"": ""116"", ""map_file"": ""den312d.map"", ""seed"": ""1"", ""soc"": ""11109"", ""soc_lb"": ""8171"", ""solved"": ""1"", ""solver"": ""planner"", ""sum_of_loss"": ""9628"", ""sum_of_loss_lb"": ""8171""}"
lg_lacam_fork:lacam,"LaCAM (no guidance, first solution)",den312d,den312d-random-5,150,2,30.0,solved,0.227819,0.069,10926,123,9439,8171,116,1.337168,0,,/home/carsten/Projects/MAPF/MAPF Evaluator/results/tlcpp-den312d/runs/lg_lacam_fork_lacam/den312d/den312d-random-5_a150_s2_r0,10926,0.069,"{""agents"": ""150"", ""comp_time"": ""69"", ""makespan"": ""123"", ""makespan_lb"": ""116"", ""map_file"": ""den312d.map"", ""seed"": ""2"", ""soc"": ""10926"", ""soc_lb"": ""8171"", ""solved"": ""1"", ""solver"": ""planner"", ""sum_of_loss"": ""9554"", ""sum_of_loss_lb"": ""8171""}"
lg_lacam_fork:tl,"LaCAM + traffic load (tie-break, per config)",den312d,den312d-random-5,150,0,30.0,solved,0.106282,0.064,10141,116,8826,8171,116,1.241097,0,,/home/carsten/Projects/MAPF/MAPF Evaluator/results/tlcpp-den312d/runs/lg_lacam_fork_tl/den312d/den312d-random-5_a150_s0_r0,10141,0.064,"{""agents"": ""150"", ""comp_time"": ""64"", ""makespan"": ""116"", ""makespan_lb"": ""116"", ""map_file"": ""den312d.map"", ""seed"": ""0"", ""soc"": ""10141"", ""soc_lb"": ""8171"", ""solved"": ""1"", ""solver"": ""planner"", ""sum_of_loss"": ""8933"", ""sum_of_loss_lb"": ""8171""}"
lg_lacam_fork:tl,"LaCAM + traffic load (tie-break, per config)",den312d,den312d-random-5,150,1,30.0,solved,0.14771,0.069,10222,116,8827,8171,116,1.25101,0,,/home/carsten/Projects/MAPF/MAPF Evaluator/results/tlcpp-den312d/runs/lg_lacam_fork_tl/den312d/den312d-random-5_a150_s1_r0,10222,0.069,"{""agents"": ""150"", ""comp_time"": ""69"", ""makespan"": ""116"", ""makespan_lb"": ""116"", ""map_file"": ""den312d.map"", ""seed"": ""1"", ""soc"": ""10222"", ""soc_lb"": ""8171"", ""solved"": ""1"", ""solver"": ""planner"", ""sum_of_loss"": ""8936"", ""sum_of_loss_lb"": ""8171""}"
lg_lacam_fork:tl,"LaCAM + traffic load (tie-break, per config)",den312d,den312d-random-5,150,2,30.0,solved,0.123805,0.055,10211,116,8881,8171,116,1.249663,0,,/home/carsten/Projects/MAPF/MAPF Evaluator/results/tlcpp-den312d/runs/lg_lacam_fork_tl/den312d/den312d-random-5_a150_s2_r0,10211,0.055,"{""agents"": ""150"", ""comp_time"": ""55"", ""makespan"": ""116"", ""makespan_lb"": ""116"", ""map_file"": ""den312d.map"", ""seed"": ""2"", ""soc"": ""10211"", ""soc_lb"": ""8171"", ""solved"": ""1"", ""solver"": ""planner"", ""sum_of_loss"": ""8995"", ""sum_of_loss_lb"": ""8171""}"
lg_lacam_fork:tl_agent,"LaCAM + traffic load (tie-break, per agent)",den312d,den312d-random-5,150,0,30.0,solved,0.266458,0.097,10157,116,8809,8171,116,1.243055,0,,/home/carsten/Projects/MAPF/MAPF Evaluator/results/tlcpp-den312d/runs/lg_lacam_fork_tl_agent/den312d/den312d-random-5_a150_s0_r0,10157,0.097,"{""agents"": ""150"", ""comp_time"": ""97"", ""makespan"": ""116"", ""makespan_lb"": ""116"", ""map_file"": ""den312d.map"", ""seed"": ""0"", ""soc"": ""10157"", ""soc_lb"": ""8171"", ""solved"": ""1"", ""solver"": ""planner"", ""sum_of_loss"": ""8911"", ""sum_of_loss_lb"": ""8171""}"
lg_lacam_fork:tl_agent,"LaCAM + traffic load (tie-break, per agent)",den312d,den312d-random-5,150,1,30.0,solved,0.356844,0.218,10200,116,8808,8171,116,1.248317,0,,/home/carsten/Projects/MAPF/MAPF Evaluator/results/tlcpp-den312d/runs/lg_lacam_fork_tl_agent/den312d/den312d-random-5_a150_s1_r0,10200,0.218,"{""agents"": ""150"", ""comp_time"": ""218"", ""makespan"": ""116"", ""makespan_lb"": ""116"", ""map_file"": ""den312d.map"", ""seed"": ""1"", ""soc"": ""10200"", ""soc_lb"": ""8171"", ""solved"": ""1"", ""solver"": ""planner"", ""sum_of_loss"": ""8909"", ""sum_of_loss_lb"": ""8171""}"
lg_lacam_fork:tl_agent,"LaCAM + traffic load (tie-break, per agent)",den312d,den312d-random-5,150,2,30.0,solved,0.175003,0.084,10254,118,8888,8171,116,1.254926,0,,/home/carsten/Projects/MAPF/MAPF Evaluator/results/tlcpp-den312d/runs/lg_lacam_fork_tl_agent/den312d/den312d-random-5_a150_s2_r0,10254,0.084,"{""agents"": ""150"", ""comp_time"": ""84"", ""makespan"": ""118"", ""makespan_lb"": ""116"", ""map_file"": ""den312d.map"", ""seed"": ""2"", ""soc"": ""10254"", ""soc_lb"": ""8171"", ""solved"": ""1"", ""solver"": ""planner"", ""sum_of_loss"": ""8991"", ""sum_of_loss_lb"": ""8171""}"
lg_lacam_fork:tl_static,LaCAM + traffic load (static map from starts),den312d,den312d-random-5,150,0,30.0,solved,0.143345,0.052,11433,130,9861,8171,116,1.399217,0,,/home/carsten/Projects/MAPF/MAPF Evaluator/results/tlcpp-den312d/runs/lg_lacam_fork_tl_static/den312d/den312d-random-5_a150_s0_r0,11433,0.052,"{""agents"": ""150"", ""comp_time"": ""52"", ""makespan"": ""130"", ""makespan_lb"": ""116"", ""map_file"": ""den312d.map"", ""seed"": ""0"", ""soc"": ""11433"", ""soc_lb"": ""8171"", ""solved"": ""1"", ""solver"": ""planner"", ""sum_of_loss"": ""10027"", ""sum_of_loss_lb"": ""8171""}"
lg_lacam_fork:tl_static,LaCAM + traffic load (static map from starts),den312d,den312d-random-5,150,1,30.0,solved,0.121573,0.069,11311,132,9839,8171,116,1.384286,0,,/home/carsten/Projects/MAPF/MAPF Evaluator/results/tlcpp-den312d/runs/lg_lacam_fork_tl_static/den312d/den312d-random-5_a150_s1_r0,11311,0.069,"{""agents"": ""150"", ""comp_time"": ""69"", ""makespan"": ""132"", ""makespan_lb"": ""116"", ""map_file"": ""den312d.map"", ""seed"": ""1"", ""soc"": ""11311"", ""soc_lb"": ""8171"", ""solved"": ""1"", ""solver"": ""planner"", ""sum_of_loss"": ""9995"", ""sum_of_loss_lb"": ""8171""}"
lg_lacam_fork:tl_static,LaCAM + traffic load (static map from starts),den312d,den312d-random-5,150,2,30.0,solved,0.242734,0.11,11309,132,9851,8171,116,1.384041,0,,/home/carsten/Projects/MAPF/MAPF Evaluator/results/tlcpp-den312d/runs/lg_lacam_fork_tl_static/den312d/den312d-random-5_a150_s2_r0,11309,0.11,"{""agents"": ""150"", ""comp_time"": ""110"", ""makespan"": ""132"", ""makespan_lb"": ""116"", ""map_file"": ""den312d.map"", ""seed"": ""2"", ""soc"": ""11309"", ""soc_lb"": ""8171"", ""solved"": ""1"", ""solver"": ""planner"", ""sum_of_loss"": ""10003"", ""sum_of_loss_lb"": ""8171""}"
lg_lacam_fork:suo,LaCAM3 = SUO (first solution),den312d,den312d-random-5,150,0,30.0,solved,0.148809,0.078,8908,121,8743,8171,116,1.090197,0,,/home/carsten/Projects/MAPF/MAPF Evaluator/results/tlcpp-den312d/runs/lg_lacam_fork_suo/den312d/den312d-random-5_a150_s0_r0,8908,0.078,"{""agents"": ""150"", ""comp_time"": ""78"", ""makespan"": ""121"", ""makespan_lb"": ""116"", ""map_file"": ""den312d.map"", ""seed"": ""0"", ""soc"": ""8908"", ""soc_lb"": ""8171"", ""solved"": ""1"", ""solver"": ""planner"", ""sum_of_loss"": ""8756"", ""sum_of_loss_lb"": ""8171""}"
lg_lacam_fork:suo,LaCAM3 = SUO (first solution),den312d,den312d-random-5,150,1,30.0,solved,0.143031,0.065,9600,121,9112,8171,116,1.174887,0,,/home/carsten/Projects/MAPF/MAPF Evaluator/results/tlcpp-den312d/runs/lg_lacam_fork_suo/den312d/den312d-random-5_a150_s1_r0,9600,0.065,"{""agents"": ""150"", ""comp_time"": ""65"", ""makespan"": ""121"", ""makespan_lb"": ""116"", ""map_file"": ""den312d.map"", ""seed"": ""1"", ""soc"": ""9600"", ""soc_lb"": ""8171"", ""solved"": ""1"", ""solver"": ""planner"", ""sum_of_loss"": ""9135"", ""sum_of_loss_lb"": ""8171""}"
lg_lacam_fork:suo,LaCAM3 = SUO (first solution),den312d,den312d-random-5,150,2,30.0,solved,0.123886,0.063,9095,121,8842,8171,116,1.113083,0,,/home/carsten/Projects/MAPF/MAPF Evaluator/results/tlcpp-den312d/runs/lg_lacam_fork_suo/den312d/den312d-random-5_a150_s2_r0,9095,0.063,"{""agents"": ""150"", ""comp_time"": ""63"", ""makespan"": ""121"", ""makespan_lb"": ""116"", ""map_file"": ""den312d.map"", ""seed"": ""2"", ""soc"": ""9095"", ""soc_lb"": ""8171"", ""solved"": ""1"", ""solver"": ""planner"", ""sum_of_loss"": ""8853"", ""sum_of_loss_lb"": ""8171""}"
lg_lacam_fork:suo_tl,SUO + traffic load,den312d,den312d-random-5,150,0,30.0,solved,0.145989,0.068,8808,120,8646,8171,116,1.077959,0,,/home/carsten/Projects/MAPF/MAPF Evaluator/results/tlcpp-den312d/runs/lg_lacam_fork_suo_tl/den312d/den312d-random-5_a150_s0_r0,8808,0.068,"{""agents"": ""150"", ""comp_time"": ""68"", ""makespan"": ""120"", ""makespan_lb"": ""116"", ""map_file"": ""den312d.map"", ""seed"": ""0"", ""soc"": ""8808"", ""soc_lb"": ""8171"", ""solved"": ""1"", ""solver"": ""planner"", ""sum_of_loss"": ""8654"", ""sum_of_loss_lb"": ""8171""}"
lg_lacam_fork:suo_tl,SUO + traffic load,den312d,den312d-random-5,150,2,30.0,solved,0.184104,0.099,8965,121,8766,8171,116,1.097173,0,,/home/carsten/Projects/MAPF/MAPF Evaluator/results/tlcpp-den312d/runs/lg_lacam_fork_suo_tl/den312d/den312d-random-5_a150_s2_r0,8965,0.099,"{""agents"": ""150"", ""comp_time"": ""99"", ""makespan"": ""121"", ""makespan_lb"": ""116"", ""map_file"": ""den312d.map"", ""seed"": ""2"", ""soc"": ""8965"", ""soc_lb"": ""8171"", ""solved"": ""1"", ""solver"": ""planner"", ""sum_of_loss"": ""8783"", ""sum_of_loss_lb"": ""8171""}"
lg_lacam_fork:suo_tl,SUO + traffic load,den312d,den312d-random-5,150,1,30.0,solved,0.326599,0.2,9160,121,8850,8171,116,1.121038,0,,/home/carsten/Projects/MAPF/MAPF Evaluator/results/tlcpp-den312d/runs/lg_lacam_fork_suo_tl/den312d/den312d-random-5_a150_s1_r0,9160,0.2,"{""agents"": ""150"", ""comp_time"": ""200"", ""makespan"": ""121"", ""makespan_lb"": ""116"", ""map_file"": ""den312d.map"", ""seed"": ""1"", ""soc"": ""9160"", ""soc_lb"": ""8171"", ""solved"": ""1"", ""solver"": ""planner"", ""sum_of_loss"": ""8861"", ""sum_of_loss_lb"": ""8171""}"
lg_lacam_fork:lg,"LG-LaCAM (window 20, first solution)",den312d,den312d-random-5,150,0,30.0,solved,0.517332,0.43,8500,120,8448,8171,116,1.040264,0,,/home/carsten/Projects/MAPF/MAPF Evaluator/results/tlcpp-den312d/runs/lg_lacam_fork_lg/den312d/den312d-random-5_a150_s0_r0,8500,0.43,"{""agents"": ""150"", ""comp_time"": ""430"", ""makespan"": ""120"", ""makespan_lb"": ""116"", ""map_file"": ""den312d.map"", ""seed"": ""0"", ""soc"": ""8500"", ""soc_lb"": ""8171"", ""solved"": ""1"", ""solver"": ""planner"", ""sum_of_loss"": ""8454"", ""sum_of_loss_lb"": ""8171""}"
lg_lacam_fork:lg,"LG-LaCAM (window 20, first solution)",den312d,den312d-random-5,150,1,30.0,solved,0.330024,0.254,8678,123,8549,8171,116,1.062049,0,,/home/carsten/Projects/MAPF/MAPF Evaluator/results/tlcpp-den312d/runs/lg_lacam_fork_lg/den312d/den312d-random-5_a150_s1_r0,8678,0.254,"{""agents"": ""150"", ""comp_time"": ""254"", ""makespan"": ""123"", ""makespan_lb"": ""116"", ""map_file"": ""den312d.map"", ""seed"": ""1"", ""soc"": ""8678"", ""soc_lb"": ""8171"", ""solved"": ""1"", ""solver"": ""planner"", ""sum_of_loss"": ""8559"", ""sum_of_loss_lb"": ""8171""}"
lg_lacam_fork:lg,"LG-LaCAM (window 20, first solution)",den312d,den312d-random-5,150,2,30.0,solved,0.332421,0.202,8572,120,8485,8171,116,1.049076,0,,/home/carsten/Projects/MAPF/MAPF Evaluator/results/tlcpp-den312d/runs/lg_lacam_fork_lg/den312d/den312d-random-5_a150_s2_r0,8572,0.202,"{""agents"": ""150"", ""comp_time"": ""202"", ""makespan"": ""120"", ""makespan_lb"": ""116"", ""map_file"": ""den312d.map"", ""seed"": ""2"", ""soc"": ""8572"", ""soc_lb"": ""8171"", ""solved"": ""1"", ""solver"": ""planner"", ""sum_of_loss"": ""8492"", ""sum_of_loss_lb"": ""8171""}"
lg_lacam_fork:lg_tl,LG-LaCAM (window 20) + traffic load,den312d,den312d-random-5,150,0,30.0,solved,0.196401,0.102,8538,122,8473,8171,116,1.044915,0,,/home/carsten/Projects/MAPF/MAPF Evaluator/results/tlcpp-den312d/runs/lg_lacam_fork_lg_tl/den312d/den312d-random-5_a150_s0_r0,8538,0.102,"{""agents"": ""150"", ""comp_time"": ""102"", ""makespan"": ""122"", ""makespan_lb"": ""116"", ""map_file"": ""den312d.map"", ""seed"": ""0"", ""soc"": ""8538"", ""soc_lb"": ""8171"", ""solved"": ""1"", ""solver"": ""planner"", ""sum_of_loss"": ""8481"", ""sum_of_loss_lb"": ""8171""}"
lg_lacam_fork:lg_tl,LG-LaCAM (window 20) + traffic load,den312d,den312d-random-5,150,2,30.0,solved,0.196841,0.096,8555,124,8467,8171,116,1.046995,0,,/home/carsten/Projects/MAPF/MAPF Evaluator/results/tlcpp-den312d/runs/lg_lacam_fork_lg_tl/den312d/den312d-random-5_a150_s2_r0,8555,0.096,"{""agents"": ""150"", ""comp_time"": ""96"", ""makespan"": ""124"", ""makespan_lb"": ""116"", ""map_file"": ""den312d.map"", ""seed"": ""2"", ""soc"": ""8555"", ""soc_lb"": ""8171"", ""solved"": ""1"", ""solver"": ""planner"", ""sum_of_loss"": ""8475"", ""sum_of_loss_lb"": ""8171""}"
lg_lacam_fork:lg_tl,LG-LaCAM (window 20) + traffic load,den312d,den312d-random-5,150,1,30.0,solved,0.258126,0.131,8596,122,8486,8171,116,1.052013,0,,/home/carsten/Projects/MAPF/MAPF Evaluator/results/tlcpp-den312d/runs/lg_lacam_fork_lg_tl/den312d/den312d-random-5_a150_s1_r0,8596,0.131,"{""agents"": ""150"", ""comp_time"": ""131"", ""makespan"": ""122"", ""makespan_lb"": ""116"", ""map_file"": ""den312d.map"", ""seed"": ""1"", ""soc"": ""8596"", ""soc_lb"": ""8171"", ""solved"": ""1"", ""solver"": ""planner"", ""sum_of_loss"": ""8494"", ""sum_of_loss_lb"": ""8171""}"
lg_lacam_fork:lg_suo,LG-LaCAM (window 20) + SUO,den312d,den312d-random-5,150,0,30.0,solved,0.373593,0.091,8593,124,8514,8171,116,1.051646,0,,/home/carsten/Projects/MAPF/MAPF Evaluator/results/tlcpp-den312d/runs/lg_lacam_fork_lg_suo/den312d/den312d-random-5_a150_s0_r0,8593,0.091,"{""agents"": ""150"", ""comp_time"": ""91"", ""makespan"": ""124"", ""makespan_lb"": ""116"", ""map_file"": ""den312d.map"", ""seed"": ""0"", ""soc"": ""8593"", ""soc_lb"": ""8171"", ""solved"": ""1"", ""solver"": ""planner"", ""sum_of_loss"": ""8520"", ""sum_of_loss_lb"": ""8171""}"
lg_lacam_fork:lg_suo,LG-LaCAM (window 20) + SUO,den312d,den312d-random-5,150,1,30.0,solved,0.306942,0.088,8614,123,8553,8171,116,1.054216,0,,/home/carsten/Projects/MAPF/MAPF Evaluator/results/tlcpp-den312d/runs/lg_lacam_fork_lg_suo/den312d/den312d-random-5_a150_s1_r0,8614,0.088,"{""agents"": ""150"", ""comp_time"": ""88"", ""makespan"": ""123"", ""makespan_lb"": ""116"", ""map_file"": ""den312d.map"", ""seed"": ""1"", ""soc"": ""8614"", ""soc_lb"": ""8171"", ""solved"": ""1"", ""solver"": ""planner"", ""sum_of_loss"": ""8559"", ""sum_of_loss_lb"": ""8171""}"
lg_lacam_fork:lg_suo,LG-LaCAM (window 20) + SUO,den312d,den312d-random-5,150,2,30.0,solved,0.148246,0.087,8623,122,8553,8171,116,1.055318,0,,/home/carsten/Projects/MAPF/MAPF Evaluator/results/tlcpp-den312d/runs/lg_lacam_fork_lg_suo/den312d/den312d-random-5_a150_s2_r0,8623,0.087,"{""agents"": ""150"", ""comp_time"": ""87"", ""makespan"": ""122"", ""makespan_lb"": ""116"", ""map_file"": ""den312d.map"", ""seed"": ""2"", ""soc"": ""8623"", ""soc_lb"": ""8171"", ""solved"": ""1"", ""solver"": ""planner"", ""sum_of_loss"": ""8562"", ""sum_of_loss_lb"": ""8171""}"
lg_lacam_fork:lg_suo_tl,LG-LaCAM (window 20) + SUO + traffic load,den312d,den312d-random-5,150,0,30.0,solved,0.174066,0.122,8569,124,8517,8171,116,1.048709,0,,/home/carsten/Projects/MAPF/MAPF Evaluator/results/tlcpp-den312d/runs/lg_lacam_fork_lg_suo_tl/den312d/den312d-random-5_a150_s0_r0,8569,0.122,"{""agents"": ""150"", ""comp_time"": ""122"", ""makespan"": ""124"", ""makespan_lb"": ""116"", ""map_file"": ""den312d.map"", ""seed"": ""0"", ""soc"": ""8569"", ""soc_lb"": ""8171"", ""solved"": ""1"", ""solver"": ""planner"", ""sum_of_loss"": ""8522"", ""sum_of_loss_lb"": ""8171""}"
lg_lacam_fork:lg_suo_tl,LG-LaCAM (window 20) + SUO + traffic load,den312d,den312d-random-5,150,1,30.0,solved,0.310971,0.235,8583,123,8533,8171,116,1.050422,0,,/home/carsten/Projects/MAPF/MAPF Evaluator/results/tlcpp-den312d/runs/lg_lacam_fork_lg_suo_tl/den312d/den312d-random-5_a150_s1_r0,8583,0.235,"{""agents"": ""150"", ""comp_time"": ""235"", ""makespan"": ""123"", ""makespan_lb"": ""116"", ""map_file"": ""den312d.map"", ""seed"": ""1"", ""soc"": ""8583"", ""soc_lb"": ""8171"", ""solved"": ""1"", ""solver"": ""planner"", ""sum_of_loss"": ""8538"", ""sum_of_loss_lb"": ""8171""}"
lg_lacam_fork:lg_suo_tl,LG-LaCAM (window 20) + SUO + traffic load,den312d,den312d-random-5,150,2,30.0,solved,0.407003,0.306,8566,123,8512,8171,116,1.048342,0,,/home/carsten/Projects/MAPF/MAPF Evaluator/results/tlcpp-den312d/runs/lg_lacam_fork_lg_suo_tl/den312d/den312d-random-5_a150_s2_r0,8566,0.306,"{""agents"": ""150"", ""comp_time"": ""306"", ""makespan"": ""123"", ""makespan_lb"": ""116"", ""map_file"": ""den312d.map"", ""seed"": ""2"", ""soc"": ""8566"", ""soc_lb"": ""8171"", ""solved"": ""1"", ""solver"": ""planner"", ""sum_of_loss"": ""8518"", ""sum_of_loss_lb"": ""8171""}"
lg_lacam_fork:lacam,"LaCAM (no guidance, first solution)",den312d,den312d-random-5,200,0,30.0,solved,0.088611,0.025,16069,125,13552,10949,116,1.467623,0,,/home/carsten/Projects/MAPF/MAPF Evaluator/results/tlcpp-den312d/runs/lg_lacam_fork_lacam/den312d/den312d-random-5_a200_s0_r0,16069,0.025,"{""agents"": ""200"", ""comp_time"": ""25"", ""makespan"": ""125"", ""makespan_lb"": ""116"", ""map_file"": ""den312d.map"", ""seed"": ""0"", ""soc"": ""16069"", ""soc_lb"": ""10949"", ""solved"": ""1"", ""solver"": ""planner"", ""sum_of_loss"": ""13737"", ""sum_of_loss_lb"": ""10949""}"
lg_lacam_fork:lacam,"LaCAM (no guidance, first solution)",den312d,den312d-random-5,200,1,30.0,solved,0.126677,0.034,15583,126,13145,10949,116,1.423235,0,,/home/carsten/Projects/MAPF/MAPF Evaluator/results/tlcpp-den312d/runs/lg_lacam_fork_lacam/den312d/den312d-random-5_a200_s1_r0,15583,0.034,"{""agents"": ""200"", ""comp_time"": ""34"", ""makespan"": ""126"", ""makespan_lb"": ""116"", ""map_file"": ""den312d.map"", ""seed"": ""1"", ""soc"": ""15583"", ""soc_lb"": ""10949"", ""solved"": ""1"", ""solver"": ""planner"", ""sum_of_loss"": ""13357"", ""sum_of_loss_lb"": ""10949""}"
lg_lacam_fork:lacam,"LaCAM (no guidance, first solution)",den312d,den312d-random-5,200,2,30.0,solved,0.109096,0.036,16457,126,13814,10949,116,1.50306,0,,/home/carsten/Projects/MAPF/MAPF Evaluator/results/tlcpp-den312d/runs/lg_lacam_fork_lacam/den312d/den312d-random-5_a200_s2_r0,16457,0.036,"{""agents"": ""200"", ""comp_time"": ""36"", ""makespan"": ""126"", ""makespan_lb"": ""116"", ""map_file"": ""den312d.map"", ""seed"": ""2"", ""soc"": ""16457"", ""soc_lb"": ""10949"", ""solved"": ""1"", ""solver"": ""planner"", ""sum_of_loss"": ""14024"", ""sum_of_loss_lb"": ""10949""}"
lg_lacam_fork:tl,"LaCAM + traffic load (tie-break, per config)",den312d,den312d-random-5,200,1,30.0,solved,0.328667,0.14,14693,116,12358,10949,116,1.341949,0,,/home/carsten/Projects/MAPF/MAPF Evaluator/results/tlcpp-den312d/runs/lg_lacam_fork_tl/den312d/den312d-random-5_a200_s1_r0,14693,0.14,"{""agents"": ""200"", ""comp_time"": ""140"", ""makespan"": ""116"", ""makespan_lb"": ""116"", ""map_file"": ""den312d.map"", ""seed"": ""1"", ""soc"": ""14693"", ""soc_lb"": ""10949"", ""solved"": ""1"", ""solver"": ""planner"", ""sum_of_loss"": ""12555"", ""sum_of_loss_lb"": ""10949""}"
lg_lacam_fork:tl,"LaCAM + traffic load (tie-break, per config)",den312d,den312d-random-5,200,0,30.0,solved,0.176294,0.1,14708,116,12320,10949,116,1.343319,0,,/home/carsten/Projects/MAPF/MAPF Evaluator/results/tlcpp-den312d/runs/lg_lacam_fork_tl/den312d/den312d-random-5_a200_s0_r0,14708,0.1,"{""agents"": ""200"", ""comp_time"": ""100"", ""makespan"": ""116"", ""makespan_lb"": ""116"", ""map_file"": ""den312d.map"", ""seed"": ""0"", ""soc"": ""14708"", ""soc_lb"": ""10949"", ""solved"": ""1"", ""solver"": ""planner"", ""sum_of_loss"": ""12515"", ""sum_of_loss_lb"": ""10949""}"
lg_lacam_fork:tl,"LaCAM + traffic load (tie-break, per config)",den312d,den312d-random-5,200,2,30.0,solved,0.341977,0.168,14487,116,12295,10949,116,1.323135,0,,/home/carsten/Projects/MAPF/MAPF Evaluator/results/tlcpp-den312d/runs/lg_lacam_fork_tl/den312d/den312d-random-5_a200_s2_r0,14487,0.168,"{""agents"": ""200"", ""comp_time"": ""168"", ""makespan"": ""116"", ""makespan_lb"": ""116"", ""map_file"": ""den312d.map"", ""seed"": ""2"", ""soc"": ""14487"", ""soc_lb"": ""10949"", ""solved"": ""1"", ""solver"": ""planner"", ""sum_of_loss"": ""12491"", ""sum_of_loss_lb"": ""10949""}"
lg_lacam_fork:tl_agent,"LaCAM + traffic load (tie-break, per agent)",den312d,den312d-random-5,200,0,30.0,solved,0.251631,0.114,14495,116,12335,10949,116,1.323865,0,,/home/carsten/Projects/MAPF/MAPF Evaluator/results/tlcpp-den312d/runs/lg_lacam_fork_tl_agent/den312d/den312d-random-5_a200_s0_r0,14495,0.114,"{""agents"": ""200"", ""comp_time"": ""114"", ""makespan"": ""116"", ""makespan_lb"": ""116"", ""map_file"": ""den312d.map"", ""seed"": ""0"", ""soc"": ""14495"", ""soc_lb"": ""10949"", ""solved"": ""1"", ""solver"": ""planner"", ""sum_of_loss"": ""12522"", ""sum_of_loss_lb"": ""10949""}"
lg_lacam_fork:tl_agent,"LaCAM + traffic load (tie-break, per agent)",den312d,den312d-random-5,200,1,30.0,solved,0.497418,0.263,14528,116,12370,10949,116,1.326879,0,,/home/carsten/Projects/MAPF/MAPF Evaluator/results/tlcpp-den312d/runs/lg_lacam_fork_tl_agent/den312d/den312d-random-5_a200_s1_r0,14528,0.263,"{""agents"": ""200"", ""comp_time"": ""263"", ""makespan"": ""116"", ""makespan_lb"": ""116"", ""map_file"": ""den312d.map"", ""seed"": ""1"", ""soc"": ""14528"", ""soc_lb"": ""10949"", ""solved"": ""1"", ""solver"": ""planner"", ""sum_of_loss"": ""12560"", ""sum_of_loss_lb"": ""10949""}"
lg_lacam_fork:tl_agent,"LaCAM + traffic load (tie-break, per agent)",den312d,den312d-random-5,200,2,30.0,solved,0.442218,0.333,14736,116,12382,10949,116,1.345876,0,,/home/carsten/Projects/MAPF/MAPF Evaluator/results/tlcpp-den312d/runs/lg_lacam_fork_tl_agent/den312d/den312d-random-5_a200_s2_r0,14736,0.333,"{""agents"": ""200"", ""comp_time"": ""333"", ""makespan"": ""116"", ""makespan_lb"": ""116"", ""map_file"": ""den312d.map"", ""seed"": ""2"", ""soc"": ""14736"", ""soc_lb"": ""10949"", ""solved"": ""1"", ""solver"": ""planner"", ""sum_of_loss"": ""12574"", ""sum_of_loss_lb"": ""10949""}"
lg_lacam_fork:tl_static,LaCAM + traffic load (static map from starts),den312d,den312d-random-5,200,0,30.0,solved,0.611134,0.401,17872,248,14849,10949,116,1.632295,0,,/home/carsten/Projects/MAPF/MAPF Evaluator/results/tlcpp-den312d/runs/lg_lacam_fork_tl_static/den312d/den312d-random-5_a200_s0_r0,17872,0.401,"{""agents"": ""200"", ""comp_time"": ""401"", ""makespan"": ""248"", ""makespan_lb"": ""116"", ""map_file"": ""den312d.map"", ""seed"": ""0"", ""soc"": ""17872"", ""soc_lb"": ""10949"", ""solved"": ""1"", ""solver"": ""planner"", ""sum_of_loss"": ""15393"", ""sum_of_loss_lb"": ""10949""}"
lg_lacam_fork:tl_static,LaCAM + traffic load (static map from starts),den312d,den312d-random-5,200,1,30.0,solved,0.20459,0.118,17618,240,14711,10949,116,1.609097,0,,/home/carsten/Projects/MAPF/MAPF Evaluator/results/tlcpp-den312d/runs/lg_lacam_fork_tl_static/den312d/den312d-random-5_a200_s1_r0,17618,0.118,"{""agents"": ""200"", ""comp_time"": ""118"", ""makespan"": ""240"", ""makespan_lb"": ""116"", ""map_file"": ""den312d.map"", ""seed"": ""1"", ""soc"": ""17618"", ""soc_lb"": ""10949"", ""solved"": ""1"", ""solver"": ""planner"", ""sum_of_loss"": ""15231"", ""sum_of_loss_lb"": ""10949""}"
lg_lacam_fork:tl_static,LaCAM + traffic load (static map from starts),den312d,den312d-random-5,200,2,30.0,solved,0.226188,0.129,16296,150,13580,10949,116,1.488355,0,,/home/carsten/Projects/MAPF/MAPF Evaluator/results/tlcpp-den312d/runs/lg_lacam_fork_tl_static/den312d/den312d-random-5_a200_s2_r0,16296,0.129,"{""agents"": ""200"", ""comp_time"": ""129"", ""makespan"": ""150"", ""makespan_lb"": ""116"", ""map_file"": ""den312d.map"", ""seed"": ""2"", ""soc"": ""16296"", ""soc_lb"": ""10949"", ""solved"": ""1"", ""solver"": ""planner"", ""sum_of_loss"": ""13918"", ""sum_of_loss_lb"": ""10949""}"
lg_lacam_fork:suo,LaCAM3 = SUO (first solution),den312d,den312d-random-5,200,0,30.0,solved,0.287763,0.182,13632,122,12560,10949,116,1.245045,0,,/home/carsten/Projects/MAPF/MAPF Evaluator/results/tlcpp-den312d/runs/lg_lacam_fork_suo/den312d/den312d-random-5_a200_s0_r0,13632,0.182,"{""agents"": ""200"", ""comp_time"": ""182"", ""makespan"": ""122"", ""makespan_lb"": ""116"", ""map_file"": ""den312d.map"", ""seed"": ""0"", ""soc"": ""13632"", ""soc_lb"": ""10949"", ""solved"": ""1"", ""solver"": ""planner"", ""sum_of_loss"": ""12626"", ""sum_of_loss_lb"": ""10949""}"
lg_lacam_fork:suo,LaCAM3 = SUO (first solution),den312d,den312d-random-5,200,1,30.0,solved,0.26093,0.151,13711,126,12810,10949,116,1.25226,0,,/home/carsten/Projects/MAPF/MAPF Evaluator/results/tlcpp-den312d/runs/lg_lacam_fork_suo/den312d/den312d-random-5_a200_s1_r0,13711,0.151,"{""agents"": ""200"", ""comp_time"": ""151"", ""makespan"": ""126"", ""makespan_lb"": ""116"", ""map_file"": ""den312d.map"", ""seed"": ""1"", ""soc"": ""13711"", ""soc_lb"": ""10949"", ""solved"": ""1"", ""solver"": ""planner"", ""sum_of_loss"": ""12860"", ""sum_of_loss_lb"": ""10949""}"
lg_lacam_fork:suo,LaCAM3 = SUO (first solution),den312d,den312d-random-5,200,2,30.0,solved,0.230186,0.13,13584,128,12913,10949,116,1.240661,0,,/home/carsten/Projects/MAPF/MAPF Evaluator/results/tlcpp-den312d/runs/lg_lacam_fork_suo/den312d/den312d-random-5_a200_s2_r0,13584,0.13,"{""agents"": ""200"", ""comp_time"": ""130"", ""makespan"": ""128"", ""makespan_lb"": ""116"", ""map_file"": ""den312d.map"", ""seed"": ""2"", ""soc"": ""13584"", ""soc_lb"": ""10949"", ""solved"": ""1"", ""solver"": ""planner"", ""sum_of_loss"": ""12967"", ""sum_of_loss_lb"": ""10949""}"
lg_lacam_fork:suo_tl,SUO + traffic load,den312d,den312d-random-5,200,0,30.0,solved,0.253696,0.155,13086,123,12343,10949,116,1.195178,0,,/home/carsten/Projects/MAPF/MAPF Evaluator/results/tlcpp-den312d/runs/lg_lacam_fork_suo_tl/den312d/den312d-random-5_a200_s0_r0,13086,0.155,"{""agents"": ""200"", ""comp_time"": ""155"", ""makespan"": ""123"", ""makespan_lb"": ""116"", ""map_file"": ""den312d.map"", ""seed"": ""0"", ""soc"": ""13086"", ""soc_lb"": ""10949"", ""solved"": ""1"", ""solver"": ""planner"", ""sum_of_loss"": ""12393"", ""sum_of_loss_lb"": ""10949""}"
lg_lacam_fork:suo_tl,SUO + traffic load,den312d,den312d-random-5,200,1,30.0,solved,0.239956,0.156,12972,126,12060,10949,116,1.184766,0,,/home/carsten/Projects/MAPF/MAPF Evaluator/results/tlcpp-den312d/runs/lg_lacam_fork_suo_tl/den312d/den312d-random-5_a200_s1_r0,12972,0.156,"{""agents"": ""200"", ""comp_time"": ""156"", ""makespan"": ""126"", ""makespan_lb"": ""116"", ""map_file"": ""den312d.map"", ""seed"": ""1"", ""soc"": ""12972"", ""soc_lb"": ""10949"", ""solved"": ""1"", ""solver"": ""planner"", ""sum_of_loss"": ""12096"", ""sum_of_loss_lb"": ""10949""}"
lg_lacam_fork:suo_tl,SUO + traffic load,den312d,den312d-random-5,200,2,30.0,solved,0.311094,0.201,13288,128,12449,10949,116,1.213627,0,,/home/carsten/Projects/MAPF/MAPF Evaluator/results/tlcpp-den312d/runs/lg_lacam_fork_suo_tl/den312d/den312d-random-5_a200_s2_r0,13288,0.201,"{""agents"": ""200"", ""comp_time"": ""201"", ""makespan"": ""128"", ""makespan_lb"": ""116"", ""map_file"": ""den312d.map"", ""seed"": ""2"", ""soc"": ""13288"", ""soc_lb"": ""10949"", ""solved"": ""1"", ""solver"": ""planner"", ""sum_of_loss"": ""12500"", ""sum_of_loss_lb"": ""10949""}"
lg_lacam_fork:lg,"LG-LaCAM (window 20, first solution)",den312d,den312d-random-5,200,0,30.0,solved,0.278067,0.19,11738,122,11505,10949,116,1.072061,0,,/home/carsten/Projects/MAPF/MAPF Evaluator/results/tlcpp-den312d/runs/lg_lacam_fork_lg/den312d/den312d-random-5_a200_s0_r0,11738,0.19,"{""agents"": ""200"", ""comp_time"": ""190"", ""makespan"": ""122"", ""makespan_lb"": ""116"", ""map_file"": ""den312d.map"", ""seed"": ""0"", ""soc"": ""11738"", ""soc_lb"": ""10949"", ""solved"": ""1"", ""solver"": ""planner"", ""sum_of_loss"": ""11522"", ""sum_of_loss_lb"": ""10949""}"
lg_lacam_fork:lg,"LG-LaCAM (window 20, first solution)",den312d,den312d-random-5,200,1,30.0,solved,0.342845,0.223,11829,122,11569,10949,116,1.080373,0,,/home/carsten/Projects/MAPF/MAPF Evaluator/results/tlcpp-den312d/runs/lg_lacam_fork_lg/den312d/den312d-random-5_a200_s1_r0,11829,0.223,"{""agents"": ""200"", ""comp_time"": ""223"", ""makespan"": ""122"", ""makespan_lb"": ""116"", ""map_file"": ""den312d.map"", ""seed"": ""1"", ""soc"": ""11829"", ""soc_lb"": ""10949"", ""solved"": ""1"", ""solver"": ""planner"", ""sum_of_loss"": ""11585"", ""sum_of_loss_lb"": ""10949""}"
lg_lacam_fork:lg,"LG-LaCAM (window 20, first solution)",den312d,den312d-random-5,200,2,30.0,solved,0.325609,0.205,11922,121,11580,10949,116,1.088867,0,,/home/carsten/Projects/MAPF/MAPF Evaluator/results/tlcpp-den312d/runs/lg_lacam_fork_lg/den312d/den312d-random-5_a200_s2_r0,11922,0.205,"{""agents"": ""200"", ""comp_time"": ""205"", ""makespan"": ""121"", ""makespan_lb"": ""116"", ""map_file"": ""den312d.map"", ""seed"": ""2"", ""soc"": ""11922"", ""soc_lb"": ""10949"", ""solved"": ""1"", ""solver"": ""planner"", ""sum_of_loss"": ""11610"", ""sum_of_loss_lb"": ""10949""}"
lg_lacam_fork:lg_tl,LG-LaCAM (window 20) + traffic load,den312d,den312d-random-5,200,0,30.0,solved,0.270623,0.176,11723,126,11491,10949,116,1.070691,0,,/home/carsten/Projects/MAPF/MAPF Evaluator/results/tlcpp-den312d/runs/lg_lacam_fork_lg_tl/den312d/den312d-random-5_a200_s0_r0,11723,0.176,"{""agents"": ""200"", ""comp_time"": ""176"", ""makespan"": ""126"", ""makespan_lb"": ""116"", ""map_file"": ""den312d.map"", ""seed"": ""0"", ""soc"": ""11723"", ""soc_lb"": ""10949"", ""solved"": ""1"", ""solver"": ""planner"", ""sum_of_loss"": ""11503"", ""sum_of_loss_lb"": ""10949""}"
lg_lacam_fork:lg_tl,LG-LaCAM (window 20) + traffic load,den312d,den312d-random-5,200,1,30.0,solved,0.302092,0.187,11726,124,11497,10949,116,1.070965,0,,/home/carsten/Projects/MAPF/MAPF Evaluator/results/tlcpp-den312d/runs/lg_lacam_fork_lg_tl/den312d/den312d-random-5_a200_s1_r0,11726,0.187,"{""agents"": ""200"", ""comp_time"": ""187"", ""makespan"": ""124"", ""makespan_lb"": ""116"", ""map_file"": ""den312d.map"", ""seed"": ""1"", ""soc"": ""11726"", ""soc_lb"": ""10949"", ""solved"": ""1"", ""solver"": ""planner"", ""sum_of_loss"": ""11515"", ""sum_of_loss_lb"": ""10949""}"
lg_lacam_fork:lg_tl,LG-LaCAM (window 20) + traffic load,den312d,den312d-random-5,200,2,30.0,solved,0.328442,0.218,11897,120,11614,10949,116,1.086583,0,,/home/carsten/Projects/MAPF/MAPF Evaluator/results/tlcpp-den312d/runs/lg_lacam_fork_lg_tl/den312d/den312d-random-5_a200_s2_r0,11897,0.218,"{""agents"": ""200"", ""comp_time"": ""218"", ""makespan"": ""120"", ""makespan_lb"": ""116"", ""map_file"": ""den312d.map"", ""seed"": ""2"", ""soc"": ""11897"", ""soc_lb"": ""10949"", ""solved"": ""1"", ""solver"": ""planner"", ""sum_of_loss"": ""11632"", ""sum_of_loss_lb"": ""10949""}"
lg_lacam_fork:lg_suo,LG-LaCAM (window 20) + SUO,den312d,den312d-random-5,200,0,30.0,solved,0.617222,0.425,11816,124,11544,10949,116,1.079185,0,,/home/carsten/Projects/MAPF/MAPF Evaluator/results/tlcpp-den312d/runs/lg_lacam_fork_lg_suo/den312d/den312d-random-5_a200_s0_r0,11816,0.425,"{""agents"": ""200"", ""comp_time"": ""425"", ""makespan"": ""124"", ""makespan_lb"": ""116"", ""map_file"": ""den312d.map"", ""seed"": ""0"", ""soc"": ""11816"", ""soc_lb"": ""10949"", ""solved"": ""1"", ""solver"": ""planner"", ""sum_of_loss"": ""11563"", ""sum_of_loss_lb"": ""10949""}"
lg_lacam_fork:lg_suo,LG-LaCAM (window 20) + SUO,den312d,den312d-random-5,200,2,30.0,solved,1.04259,0.868,11985,122,11726,10949,116,1.094621,0,,/home/carsten/Projects/MAPF/MAPF Evaluator/results/tlcpp-den312d/runs/lg_lacam_fork_lg_suo/den312d/den312d-random-5_a200_s2_r0,11985,0.868,"{""agents"": ""200"", ""comp_time"": ""868"", ""makespan"": ""122"", ""makespan_lb"": ""116"", ""map_file"": ""den312d.map"", ""seed"": ""2"", ""soc"": ""11985"", ""soc_lb"": ""10949"", ""solved"": ""1"", ""solver"": ""planner"", ""sum_of_loss"": ""11740"", ""sum_of_loss_lb"": ""10949""}"
lg_lacam_fork:lg_suo,LG-LaCAM (window 20) + SUO,den312d,den312d-random-5,200,1,30.0,solved,1.262136,1.146,11849,124,11669,10949,116,1.082199,0,,/home/carsten/Projects/MAPF/MAPF Evaluator/results/tlcpp-den312d/runs/lg_lacam_fork_lg_suo/den312d/den312d-random-5_a200_s1_r0,11849,1.146,"{""agents"": ""200"", ""comp_time"": ""1146"", ""makespan"": ""124"", ""makespan_lb"": ""116"", ""map_file"": ""den312d.map"", ""seed"": ""1"", ""soc"": ""11849"", ""soc_lb"": ""10949"", ""solved"": ""1"", ""solver"": ""planner"", ""sum_of_loss"": ""11683"", ""sum_of_loss_lb"": ""10949""}"
lg_lacam_fork:lg_suo_tl,LG-LaCAM (window 20) + SUO + traffic load,den312d,den312d-random-5,200,0,30.0,solved,1.117178,0.973,11674,124,11469,10949,116,1.066216,0,,/home/carsten/Projects/MAPF/MAPF Evaluator/results/tlcpp-den312d/runs/lg_lacam_fork_lg_suo_tl/den312d/den312d-random-5_a200_s0_r0,11674,0.973,"{""agents"": ""200"", ""comp_time"": ""973"", ""makespan"": ""124"", ""makespan_lb"": ""116"", ""map_file"": ""den312d.map"", ""seed"": ""0"", ""soc"": ""11674"", ""soc_lb"": ""10949"", ""solved"": ""1"", ""solver"": ""planner"", ""sum_of_loss"": ""11483"", ""sum_of_loss_lb"": ""10949""}"
lg_lacam_fork:lg_suo_tl,LG-LaCAM (window 20) + SUO + traffic load,den312d,den312d-random-5,200,1,30.0,solved,0.487344,0.423,11773,123,11557,10949,116,1.075258,0,,/home/carsten/Projects/MAPF/MAPF Evaluator/results/tlcpp-den312d/runs/lg_lacam_fork_lg_suo_tl/den312d/den312d-random-5_a200_s1_r0,11773,0.423,"{""agents"": ""200"", ""comp_time"": ""423"", ""makespan"": ""123"", ""makespan_lb"": ""116"", ""map_file"": ""den312d.map"", ""seed"": ""1"", ""soc"": ""11773"", ""soc_lb"": ""10949"", ""solved"": ""1"", ""solver"": ""planner"", ""sum_of_loss"": ""11574"", ""sum_of_loss_lb"": ""10949""}"
lg_lacam_fork:lg_suo_tl,LG-LaCAM (window 20) + SUO + traffic load,den312d,den312d-random-5,200,2,30.0,solved,0.435145,0.324,12032,123,11681,10949,116,1.098913,0,,/home/carsten/Projects/MAPF/MAPF Evaluator/results/tlcpp-den312d/runs/lg_lacam_fork_lg_suo_tl/den312d/den312d-random-5_a200_s2_r0,12032,0.324,"{""agents"": ""200"", ""comp_time"": ""324"", ""makespan"": ""123"", ""makespan_lb"": ""116"", ""map_file"": ""den312d.map"", ""seed"": ""2"", ""soc"": ""12032"", ""soc_lb"": ""10949"", ""solved"": ""1"", ""solver"": ""planner"", ""sum_of_loss"": ""11703"", ""sum_of_loss_lb"": ""10949""}"
