solver_id,solver_label,map,scen,agents,seed,timeout,status,wallclock_s,solver_time_s,soc,makespan,sum_of_loss,soc_lb,makespan_lb,soc_ratio,exit_code,error,run_dir,first_soc,first_time_s,solver_stats
pp_guided_tl:shortest,PP-guided (shortest first),empty-32-32,empty-32-32-random-1,50,1,30.0,solved,0.020769,0.003,963,43,963,961,43,1.002081,0,,/home/carsten/Projects/MAPF/MAPF Evaluator/results/pptl-empty32/runs/pp_guided_tl_shortest/empty-32-32/empty-32-32-random-1_a50_s1_r0,,,"{""agents"": ""50"", ""comp_time"": ""3"", ""first_ms"": ""2.3"", ""makespan"": ""43"", ""makespan_lb"": ""43"", ""map_file"": ""empty-32-32.map"", ""pp_demote_rounds"": ""0"", ""pp_failed"": ""0"", ""pp_order"": ""shortest"", ""pp_plan_ms"": ""0.9"", ""pp_plan_soc"": ""963"", ""pp_tl"": ""0"", ""pp_used"": ""1"", ""seed"": ""1"", ""soc"": ""963"", ""soc_lb"": ""961"", ""solved"": ""1"", ""solver"": ""planner"", ""sum_of_loss"": ""963"", ""sum_of_loss_lb"": ""961""}"
pp_guided_tl:shortest,PP-guided (shortest first),empty-32-32,empty-32-32-random-1,50,0,30.0,solved,0.020602,0.002,963,43,963,961,43,1.002081,0,,/home/carsten/Projects/MAPF/MAPF Evaluator/results/pptl-empty32/runs/pp_guided_tl_shortest/empty-32-32/empty-32-32-random-1_a50_s0_r0,,,"{""agents"": ""50"", ""comp_time"": ""2"", ""first_ms"": ""2.2"", ""makespan"": ""43"", ""makespan_lb"": ""43"", ""map_file"": ""empty-32-32.map"", ""pp_demote_rounds"": ""0"", ""pp_failed"": ""0"", ""pp_order"": ""shortest"", ""pp_plan_ms"": ""0.9"", ""pp_plan_soc"": ""963"", ""pp_tl"": ""0"", ""pp_used"": ""1"", ""seed"": ""0"", ""soc"": ""963"", ""soc_lb"": ""961"", ""solved"": ""1"", ""solver"": ""planner"", ""sum_of_loss"": ""963"", ""sum_of_loss_lb"": ""961""}"
pp_guided_tl:shortest,PP-guided (shortest first),empty-32-32,empty-32-32-random-1,50,2,30.0,solved,0.023178,0.003,963,43,963,961,43,1.002081,0,,/home/carsten/Projects/MAPF/MAPF Evaluator/results/pptl-empty32/runs/pp_guided_tl_shortest/empty-32-32/empty-32-32-random-1_a50_s2_r0,,,"{""agents"": ""50"", ""comp_time"": ""3"", ""first_ms"": ""2.2"", ""makespan"": ""43"", ""makespan_lb"": ""43"", ""map_file"": ""empty-32-32.map"", ""pp_demote_rounds"": ""0"", ""pp_failed"": ""0"", ""pp_order"": ""shortest"", ""pp_plan_ms"": ""0.9"", ""pp_plan_soc"": ""963"", ""pp_tl"": ""0"", ""pp_used"": ""1"", ""seed"": ""2"", ""soc"": ""963"", ""soc_lb"": ""961"", ""solved"": ""1"", ""solver"": ""planner"", ""sum_of_loss"": ""963"", ""sum_of_loss_lb"": ""961""}"
pp_guided_tl:shortest_tl,PP-guided (shortest first) + traffic load in SIPP,empty-32-32,empty-32-32-random-1,50,0,30.0,solved,0.06647,0.003,962,43,962,961,43,1.001041,0,,/home/carsten/Projects/MAPF/MAPF Evaluator/results/pptl-empty32/runs/pp_guided_tl_shortest_tl/empty-32-32/empty-32-32-random-1_a50_s0_r0,,,"{""agents"": ""50"", ""comp_time"": ""3"", ""first_ms"": ""3.1"", ""makespan"": ""43"", ""makespan_lb"": ""43"", ""map_file"": ""empty-32-32.map"", ""pp_demote_rounds"": ""0"", ""pp_failed"": ""0"", ""pp_order"": ""shortest"", ""pp_plan_ms"": ""1.9"", ""pp_plan_soc"": ""962"", ""pp_tl"": ""1"", ""pp_used"": ""1"", ""seed"": ""0"", ""soc"": ""962"", ""soc_lb"": ""961"", ""solved"": ""1"", ""solver"": ""planner"", ""sum_of_loss"": ""962"", ""sum_of_loss_lb"": ""961""}"
pp_guided_tl:shortest_tl,PP-guided (shortest first) + traffic load in SIPP,empty-32-32,empty-32-32-random-1,50,1,30.0,solved,0.022987,0.003,962,43,962,961,43,1.001041,0,,/home/carsten/Projects/MAPF/MAPF Evaluator/results/pptl-empty32/runs/pp_guided_tl_shortest_tl/empty-32-32/empty-32-32-random-1_a50_s1_r0,,,"{""agents"": ""50"", ""comp_time"": ""3"", ""first_ms"": ""3.1"", ""makespan"": ""43"", ""makespan_lb"": ""43"", ""map_file"": ""empty-32-32.map"", ""pp_demote_rounds"": ""0"", ""pp_failed"": ""0"", ""pp_order"": ""shortest"", ""pp_plan_ms"": ""2.0"", ""pp_plan_soc"": ""962"", ""pp_tl"": ""1"", ""pp_used"": ""1"", ""seed"": ""1"", ""soc"": ""962"", ""soc_lb"": ""961"", ""solved"": ""1"", ""solver"": ""planner"", ""sum_of_loss"": ""962"", ""sum_of_loss_lb"": ""961""}"
pp_guided_tl:shortest_tl,PP-guided (shortest first) + traffic load in SIPP,empty-32-32,empty-32-32-random-1,50,2,30.0,solved,0.045515,0.003,962,43,962,961,43,1.001041,0,,/home/carsten/Projects/MAPF/MAPF Evaluator/results/pptl-empty32/runs/pp_guided_tl_shortest_tl/empty-32-32/empty-32-32-random-1_a50_s2_r0,,,"{""agents"": ""50"", ""comp_time"": ""3"", ""first_ms"": ""3.1"", ""makespan"": ""43"", ""makespan_lb"": ""43"", ""map_file"": ""empty-32-32.map"", ""pp_demote_rounds"": ""0"", ""pp_failed"": ""0"", ""pp_order"": ""shortest"", ""pp_plan_ms"": ""1.9"", ""pp_plan_soc"": ""962"", ""pp_tl"": ""1"", ""pp_used"": ""1"", ""seed"": ""2"", ""soc"": ""962"", ""soc_lb"": ""961"", ""solved"": ""1"", ""solver"": ""planner"", ""sum_of_loss"": ""962"", ""sum_of_loss_lb"": ""961""}"
pp_guided_tl:traffic,PP-guided (traffic-last),empty-32-32,empty-32-32-random-1,50,2,30.0,solved,0.011629,0.003,1069,43,985,961,43,1.112383,0,,/home/carsten/Projects/MAPF/MAPF Evaluator/results/pptl-empty32/runs/pp_guided_tl_traffic/empty-32-32/empty-32-32-random-1_a50_s2_r0,,,"{""agents"": ""50"", ""comp_time"": ""3"", ""first_ms"": ""2.2"", ""makespan"": ""43"", ""makespan_lb"": ""43"", ""map_file"": ""empty-32-32.map"", ""pp_demote_rounds"": ""0"", ""pp_failed"": ""0"", ""pp_order"": ""traffic-last"", ""pp_plan_ms"": ""1.1"", ""pp_plan_soc"": ""1069"", ""pp_tl"": ""0"", ""pp_used"": ""1"", ""seed"": ""2"", ""soc"": ""1069"", ""soc_lb"": ""961"", ""solved"": ""1"", ""solver"": ""planner"", ""sum_of_loss"": ""996"", ""sum_of_loss_lb"": ""961""}"
pp_guided_tl:traffic,PP-guided (traffic-last),empty-32-32,empty-32-32-random-1,50,0,30.0,solved,0.056594,0.002,1069,43,985,961,43,1.112383,0,,/home/carsten/Projects/MAPF/MAPF Evaluator/results/pptl-empty32/runs/pp_guided_tl_traffic/empty-32-32/empty-32-32-random-1_a50_s0_r0,,,"{""agents"": ""50"", ""comp_time"": ""2"", ""first_ms"": ""2.1"", ""makespan"": ""43"", ""makespan_lb"": ""43"", ""map_file"": ""empty-32-32.map"", ""pp_demote_rounds"": ""0"", ""pp_failed"": ""0"", ""pp_order"": ""traffic-last"", ""pp_plan_ms"": ""1.1"", ""pp_plan_soc"": ""1069"", ""pp_tl"": ""0"", ""pp_used"": ""1"", ""seed"": ""0"", ""soc"": ""1069"", ""soc_lb"": ""961"", ""solved"": ""1"", ""solver"": ""planner"", ""sum_of_loss"": ""996"", ""sum_of_loss_lb"": ""961""}"
pp_guided_tl:traffic,PP-guided (traffic-last),empty-32-32,empty-32-32-random-1,50,1,30.0,solved,0.021906,0.003,1069,43,985,961,43,1.112383,0,,/home/carsten/Projects/MAPF/MAPF Evaluator/results/pptl-empty32/runs/pp_guided_tl_traffic/empty-32-32/empty-32-32-random-1_a50_s1_r0,,,"{""agents"": ""50"", ""comp_time"": ""3"", ""first_ms"": ""2.2"", ""makespan"": ""43"", ""makespan_lb"": ""43"", ""map_file"": ""empty-32-32.map"", ""pp_demote_rounds"": ""0"", ""pp_failed"": ""0"", ""pp_order"": ""traffic-last"", ""pp_plan_ms"": ""1.1"", ""pp_plan_soc"": ""1069"", ""pp_tl"": ""0"", ""pp_used"": ""1"", ""seed"": ""1"", ""soc"": ""1069"", ""soc_lb"": ""961"", ""solved"": ""1"", ""solver"": ""planner"", ""sum_of_loss"": ""996"", ""sum_of_loss_lb"": ""961""}"
pp_guided_tl:traffic_tl,PP-guided (traffic-last) + traffic load in SIPP,empty-32-32,empty-32-32-random-1,50,2,30.0,solved,0.03811,0.004,1087,43,1035,961,43,1.131113,0,,/home/carsten/Projects/MAPF/MAPF Evaluator/results/pptl-empty32/runs/pp_guided_tl_traffic_tl/empty-32-32/empty-32-32-random-1_a50_s2_r0,,,"{""agents"": ""50"", ""comp_time"": ""4"", ""first_ms"": ""4.2"", ""makespan"": ""43"", ""makespan_lb"": ""43"", ""map_file"": ""empty-32-32.map"", ""pp_demote_rounds"": ""0"", ""pp_failed"": ""0"", ""pp_order"": ""traffic-last"", ""pp_plan_ms"": ""2.7"", ""pp_plan_soc"": ""1087"", ""pp_tl"": ""1"", ""pp_used"": ""1"", ""seed"": ""2"", ""soc"": ""1087"", ""soc_lb"": ""961"", ""solved"": ""1"", ""solver"": ""planner"", ""sum_of_loss"": ""1042"", ""sum_of_loss_lb"": ""961""}"
pp_guided_tl:traffic_tl,PP-guided (traffic-last) + traffic load in SIPP,empty-32-32,empty-32-32-random-1,50,0,30.0,solved,0.077503,0.004,1087,43,1035,961,43,1.131113,0,,/home/carsten/Projects/MAPF/MAPF Evaluator/results/pptl-empty32/runs/pp_guided_tl_traffic_tl/empty-32-32/empty-32-32-random-1_a50_s0_r0,,,"{""agents"": ""50"", ""comp_time"": ""4"", ""first_ms"": ""4.1"", ""makespan"": ""43"", ""makespan_lb"": ""43"", ""map_file"": ""empty-32-32.map"", ""pp_demote_rounds"": ""0"", ""pp_failed"": ""0"", ""pp_order"": ""traffic-last"", ""pp_plan_ms"": ""2.7"", ""pp_plan_soc"": ""1087"", ""pp_tl"": ""1"", ""pp_used"": ""1"", ""seed"": ""0"", ""soc"": ""1087"", ""soc_lb"": ""961"", ""solved"": ""1"", ""solver"": ""planner"", ""sum_of_loss"": ""1042"", ""sum_of_loss_lb"": ""961""}"
pp_guided_tl:traffic_tl,PP-guided (traffic-last) + traffic load in SIPP,empty-32-32,empty-32-32-random-1,50,1,30.0,solved,0.04271,0.004,1087,43,1035,961,43,1.131113,0,,/home/carsten/Projects/MAPF/MAPF Evaluator/results/pptl-empty32/runs/pp_guided_tl_traffic_tl/empty-32-32/empty-32-32-random-1_a50_s1_r0,,,"{""agents"": ""50"", ""comp_time"": ""4"", ""first_ms"": ""4.1"", ""makespan"": ""43"", ""makespan_lb"": ""43"", ""map_file"": ""empty-32-32.map"", ""pp_demote_rounds"": ""0"", ""pp_failed"": ""0"", ""pp_order"": ""traffic-last"", ""pp_plan_ms"": ""2.7"", ""pp_plan_soc"": ""1087"", ""pp_tl"": ""1"", ""pp_used"": ""1"", ""seed"": ""1"", ""soc"": ""1087"", ""soc_lb"": ""961"", ""solved"": ""1"", ""solver"": ""planner"", ""sum_of_loss"": ""1042"", ""sum_of_loss_lb"": ""961""}"
pp_guided_tl:shortest,PP-guided (shortest first),empty-32-32,empty-32-32-random-1,100,0,30.0,solved,0.058227,0.005,2149,48,2149,2128,48,1.009868,0,,/home/carsten/Projects/MAPF/MAPF Evaluator/results/pptl-empty32/runs/pp_guided_tl_shortest/empty-32-32/empty-32-32-random-1_a100_s0_r0,,,"{""agents"": ""100"", ""comp_time"": ""5"", ""first_ms"": ""5.1"", ""makespan"": ""48"", ""makespan_lb"": ""48"", ""map_file"": ""empty-32-32.map"", ""pp_demote_rounds"": ""0"", ""pp_failed"": ""0"", ""pp_order"": ""shortest"", ""pp_plan_ms"": ""2.1"", ""pp_plan_soc"": ""2149"", ""pp_tl"": ""0"", ""pp_used"": ""1"", ""seed"": ""0"", ""soc"": ""2149"", ""soc_lb"": ""2128"", ""solved"": ""1"", ""solver"": ""planner"", ""sum_of_loss"": ""2149"", ""sum_of_loss_lb"": ""2128""}"
pp_guided_tl:shortest,PP-guided (shortest first),empty-32-32,empty-32-32-random-1,100,1,30.0,solved,0.039547,0.005,2149,48,2149,2128,48,1.009868,0,,/home/carsten/Projects/MAPF/MAPF Evaluator/results/pptl-empty32/runs/pp_guided_tl_shortest/empty-32-32/empty-32-32-random-1_a100_s1_r0,,,"{""agents"": ""100"", ""comp_time"": ""5"", ""first_ms"": ""5.1"", ""makespan"": ""48"", ""makespan_lb"": ""48"", ""map_file"": ""empty-32-32.map"", ""pp_demote_rounds"": ""0"", ""pp_failed"": ""0"", ""pp_order"": ""shortest"", ""pp_plan_ms"": ""2.1"", ""pp_plan_soc"": ""2149"", ""pp_tl"": ""0"", ""pp_used"": ""1"", ""seed"": ""1"", ""soc"": ""2149"", ""soc_lb"": ""2128"", ""solved"": ""1"", ""solver"": ""planner"", ""sum_of_loss"": ""2149"", ""sum_of_loss_lb"": ""2128""}"
pp_guided_tl:shortest,PP-guided (shortest first),empty-32-32,empty-32-32-random-1,100,2,30.0,solved,0.087234,0.005,2149,48,2149,2128,48,1.009868,0,,/home/carsten/Projects/MAPF/MAPF Evaluator/results/pptl-empty32/runs/pp_guided_tl_shortest/empty-32-32/empty-32-32-random-1_a100_s2_r0,,,"{""agents"": ""100"", ""comp_time"": ""5"", ""first_ms"": ""4.1"", ""makespan"": ""48"", ""makespan_lb"": ""48"", ""map_file"": ""empty-32-32.map"", ""pp_demote_rounds"": ""0"", ""pp_failed"": ""0"", ""pp_order"": ""shortest"", ""pp_plan_ms"": ""2.1"", ""pp_plan_soc"": ""2149"", ""pp_tl"": ""0"", ""pp_used"": ""1"", ""seed"": ""2"", ""soc"": ""2149"", ""soc_lb"": ""2128"", ""solved"": ""1"", ""solver"": ""planner"", ""sum_of_loss"": ""2149"", ""sum_of_loss_lb"": ""2128""}"
pp_guided_tl:shortest_tl,PP-guided (shortest first) + traffic load in SIPP,empty-32-32,empty-32-32-random-1,100,0,30.0,solved,0.042131,0.009,2143,48,2143,2128,48,1.007049,0,,/home/carsten/Projects/MAPF/MAPF Evaluator/results/pptl-empty32/runs/pp_guided_tl_shortest_tl/empty-32-32/empty-32-32-random-1_a100_s0_r0,,,"{""agents"": ""100"", ""comp_time"": ""9"", ""first_ms"": ""9.1"", ""makespan"": ""48"", ""makespan_lb"": ""48"", ""map_file"": ""empty-32-32.map"", ""pp_demote_rounds"": ""0"", ""pp_failed"": ""0"", ""pp_order"": ""shortest"", ""pp_plan_ms"": ""5.4"", ""pp_plan_soc"": ""2143"", ""pp_tl"": ""1"", ""pp_used"": ""1"", ""seed"": ""0"", ""soc"": ""2143"", ""soc_lb"": ""2128"", ""solved"": ""1"", ""solver"": ""planner"", ""sum_of_loss"": ""2143"", ""sum_of_loss_lb"": ""2128""}"
pp_guided_tl:shortest_tl,PP-guided (shortest first) + traffic load in SIPP,empty-32-32,empty-32-32-random-1,100,1,30.0,solved,0.062078,0.009,2143,48,2143,2128,48,1.007049,0,,/home/carsten/Projects/MAPF/MAPF Evaluator/results/pptl-empty32/runs/pp_guided_tl_shortest_tl/empty-32-32/empty-32-32-random-1_a100_s1_r0,,,"{""agents"": ""100"", ""comp_time"": ""9"", ""first_ms"": ""9.1"", ""makespan"": ""48"", ""makespan_lb"": ""48"", ""map_file"": ""empty-32-32.map"", ""pp_demote_rounds"": ""0"", ""pp_failed"": ""0"", ""pp_order"": ""shortest"", ""pp_plan_ms"": ""5.4"", ""pp_plan_soc"": ""2143"", ""pp_tl"": ""1"", ""pp_used"": ""1"", ""seed"": ""1"", ""soc"": ""2143"", ""soc_lb"": ""2128"", ""solved"": ""1"", ""solver"": ""planner"", ""sum_of_loss"": ""2143"", ""sum_of_loss_lb"": ""2128""}"
pp_guided_tl:shortest_tl,PP-guided (shortest first) + traffic load in SIPP,empty-32-32,empty-32-32-random-1,100,2,30.0,solved,0.053229,0.009,2143,48,2143,2128,48,1.007049,0,,/home/carsten/Projects/MAPF/MAPF Evaluator/results/pptl-empty32/runs/pp_guided_tl_shortest_tl/empty-32-32/empty-32-32-random-1_a100_s2_r0,,,"{""agents"": ""100"", ""comp_time"": ""9"", ""first_ms"": ""9.2"", ""makespan"": ""48"", ""makespan_lb"": ""48"", ""map_file"": ""empty-32-32.map"", ""pp_demote_rounds"": ""0"", ""pp_failed"": ""0"", ""pp_order"": ""shortest"", ""pp_plan_ms"": ""5.4"", ""pp_plan_soc"": ""2143"", ""pp_tl"": ""1"", ""pp_used"": ""1"", ""seed"": ""2"", ""soc"": ""2143"", ""soc_lb"": ""2128"", ""solved"": ""1"", ""solver"": ""planner"", ""sum_of_loss"": ""2143"", ""sum_of_loss_lb"": ""2128""}"
pp_guided_tl:traffic,PP-guided (traffic-last),empty-32-32,empty-32-32-random-1,100,0,30.0,solved,0.080731,0.007,2539,48,2244,2128,48,1.193139,0,,/home/carsten/Projects/MAPF/MAPF Evaluator/results/pptl-empty32/runs/pp_guided_tl_traffic/empty-32-32/empty-32-32-random-1_a100_s0_r0,,,"{""agents"": ""100"", ""comp_time"": ""7"", ""first_ms"": ""7.2"", ""makespan"": ""48"", ""makespan_lb"": ""48"", ""map_file"": ""empty-32-32.map"", ""pp_demote_rounds"": ""0"", ""pp_failed"": ""0"", ""pp_order"": ""traffic-last"", ""pp_plan_ms"": ""3.9"", ""pp_plan_soc"": ""2539"", ""pp_tl"": ""0"", ""pp_used"": ""1"", ""seed"": ""0"", ""soc"": ""2539"", ""soc_lb"": ""2128"", ""solved"": ""1"", ""solver"": ""planner"", ""sum_of_loss"": ""2285"", ""sum_of_loss_lb"": ""2128""}"
pp_guided_tl:traffic,PP-guided (traffic-last),empty-32-32,empty-32-32-random-1,100,1,30.0,solved,0.053997,0.007,2539,48,2244,2128,48,1.193139,0,,/home/carsten/Projects/MAPF/MAPF Evaluator/results/pptl-empty32/runs/pp_guided_tl_traffic/empty-32-32/empty-32-32-random-1_a100_s1_r0,,,"{""agents"": ""100"", ""comp_time"": ""7"", ""first_ms"": ""7.2"", ""makespan"": ""48"", ""makespan_lb"": ""48"", ""map_file"": ""empty-32-32.map"", ""pp_demote_rounds"": ""0"", ""pp_failed"": ""0"", ""pp_order"": ""traffic-last"", ""pp_plan_ms"": ""3.8"", ""pp_plan_soc"": ""2539"", ""pp_tl"": ""0"", ""pp_used"": ""1"", ""seed"": ""1"", ""soc"": ""2539"", ""soc_lb"": ""2128"", ""solved"": ""1"", ""solver"": ""planner"", ""sum_of_loss"": ""2285"", ""sum_of_loss_lb"": ""2128""}"
pp_guided_tl:traffic,PP-guided (traffic-last),empty-32-32,empty-32-32-random-1,100,2,30.0,solved,0.076301,0.007,2539,48,2244,2128,48,1.193139,0,,/home/carsten/Projects/MAPF/MAPF Evaluator/results/pptl-empty32/runs/pp_guided_tl_traffic/empty-32-32/empty-32-32-random-1_a100_s2_r0,,,"{""agents"": ""100"", ""comp_time"": ""7"", ""first_ms"": ""7.2"", ""makespan"": ""48"", ""makespan_lb"": ""48"", ""map_file"": ""empty-32-32.map"", ""pp_demote_rounds"": ""0"", ""pp_failed"": ""0"", ""pp_order"": ""traffic-last"", ""pp_plan_ms"": ""3.8"", ""pp_plan_soc"": ""2539"", ""pp_tl"": ""0"", ""pp_used"": ""1"", ""seed"": ""2"", ""soc"": ""2539"", ""soc_lb"": ""2128"", ""solved"": ""1"", ""solver"": ""planner"", ""sum_of_loss"": ""2285"", ""sum_of_loss_lb"": ""2128""}"
pp_guided_tl:traffic_tl,PP-guided (traffic-last) + traffic load in SIPP,empty-32-32,empty-32-32-random-1,100,2,30.0,solved,0.071145,0.012,2526,48,2330,2128,48,1.18703,0,,/home/carsten/Projects/MAPF/MAPF Evaluator/results/pptl-empty32/runs/pp_guided_tl_traffic_tl/empty-32-32/empty-32-32-random-1_a100_s2_r0,,,"{""agents"": ""100"", ""comp_time"": ""12"", ""first_ms"": ""12.0"", ""makespan"": ""48"", ""makespan_lb"": ""48"", ""map_file"": ""empty-32-32.map"", ""pp_demote_rounds"": ""0"", ""pp_failed"": ""0"", ""pp_order"": ""traffic-last"", ""pp_plan_ms"": ""8.3"", ""pp_plan_soc"": ""2526"", ""pp_tl"": ""1"", ""pp_used"": ""1"", ""seed"": ""2"", ""soc"": ""2526"", ""soc_lb"": ""2128"", ""solved"": ""1"", ""solver"": ""planner"", ""sum_of_loss"": ""2350"", ""sum_of_loss_lb"": ""2128""}"
pp_guided_tl:traffic_tl,PP-guided (traffic-last) + traffic load in SIPP,empty-32-32,empty-32-32-random-1,100,1,30.0,solved,0.024286,0.012,2526,48,2330,2128,48,1.18703,0,,/home/carsten/Projects/MAPF/MAPF Evaluator/results/pptl-empty32/runs/pp_guided_tl_traffic_tl/empty-32-32/empty-32-32-random-1_a100_s1_r0,,,"{""agents"": ""100"", ""comp_time"": ""12"", ""first_ms"": ""12.2"", ""makespan"": ""48"", ""makespan_lb"": ""48"", ""map_file"": ""empty-32-32.map"", ""pp_demote_rounds"": ""0"", ""pp_failed"": ""0"", ""pp_order"": ""traffic-last"", ""pp_plan_ms"": ""7.9"", ""pp_plan_soc"": ""2526"", ""pp_tl"": ""1"", ""pp_used"": ""1"", ""seed"": ""1"", ""soc"": ""2526"", ""soc_lb"": ""2128"", ""solved"": ""1"", ""solver"": ""planner"", ""sum_of_loss"": ""2350"", ""sum_of_loss_lb"": ""2128""}"
pp_guided_tl:traffic_tl,PP-guided (traffic-last) + traffic load in SIPP,empty-32-32,empty-32-32-random-1,100,0,30.0,solved,0.142071,0.012,2526,48,2330,2128,48,1.18703,0,,/home/carsten/Projects/MAPF/MAPF Evaluator/results/pptl-empty32/runs/pp_guided_tl_traffic_tl/empty-32-32/empty-32-32-random-1_a100_s0_r0,,,"{""agents"": ""100"", ""comp_time"": ""12"", ""first_ms"": ""12.2"", ""makespan"": ""48"", ""makespan_lb"": ""48"", ""map_file"": ""empty-32-32.map"", ""pp_demote_rounds"": ""0"", ""pp_failed"": ""0"", ""pp_order"": ""traffic-last"", ""pp_plan_ms"": ""8.0"", ""pp_plan_soc"": ""2526"", ""pp_tl"": ""1"", ""pp_used"": ""1"", ""seed"": ""0"", ""soc"": ""2526"", ""soc_lb"": ""2128"", ""solved"": ""1"", ""solver"": ""planner"", ""sum_of_loss"": ""2350"", ""sum_of_loss_lb"": ""2128""}"
pp_guided_tl:shortest,PP-guided (shortest first),empty-32-32,empty-32-32-random-1,150,0,30.0,solved,0.115506,0.008,3291,52,3291,3231,52,1.01857,0,,/home/carsten/Projects/MAPF/MAPF Evaluator/results/pptl-empty32/runs/pp_guided_tl_shortest/empty-32-32/empty-32-32-random-1_a150_s0_r0,,,"{""agents"": ""150"", ""comp_time"": ""8"", ""first_ms"": ""8.1"", ""makespan"": ""52"", ""makespan_lb"": ""52"", ""map_file"": ""empty-32-32.map"", ""pp_demote_rounds"": ""0"", ""pp_failed"": ""0"", ""pp_order"": ""shortest"", ""pp_plan_ms"": ""4.0"", ""pp_plan_soc"": ""3291"", ""pp_tl"": ""0"", ""pp_used"": ""1"", ""seed"": ""0"", ""soc"": ""3291"", ""soc_lb"": ""3231"", ""solved"": ""1"", ""solver"": ""planner"", ""sum_of_loss"": ""3291"", ""sum_of_loss_lb"": ""3231""}"
pp_guided_tl:shortest,PP-guided (shortest first),empty-32-32,empty-32-32-random-1,150,1,30.0,solved,0.046298,0.008,3291,52,3291,3231,52,1.01857,0,,/home/carsten/Projects/MAPF/MAPF Evaluator/results/pptl-empty32/runs/pp_guided_tl_shortest/empty-32-32/empty-32-32-random-1_a150_s1_r0,,,"{""agents"": ""150"", ""comp_time"": ""8"", ""first_ms"": ""8.3"", ""makespan"": ""52"", ""makespan_lb"": ""52"", ""map_file"": ""empty-32-32.map"", ""pp_demote_rounds"": ""0"", ""pp_failed"": ""0"", ""pp_order"": ""shortest"", ""pp_plan_ms"": ""4.0"", ""pp_plan_soc"": ""3291"", ""pp_tl"": ""0"", ""pp_used"": ""1"", ""seed"": ""1"", ""soc"": ""3291"", ""soc_lb"": ""3231"", ""solved"": ""1"", ""solver"": ""planner"", ""sum_of_loss"": ""3291"", ""sum_of_loss_lb"": ""3231""}"
pp_guided_tl:shortest_tl,PP-guided (shortest first) + traffic load in SIPP,empty-32-32,empty-32-32-random-1,150,0,30.0,solved,0.066633,0.014,3288,52,3288,3231,52,1.017642,0,,/home/carsten/Projects/MAPF/MAPF Evaluator/results/pptl-empty32/runs/pp_guided_tl_shortest_tl/empty-32-32/empty-32-32-random-1_a150_s0_r0,,,"{""agents"": ""150"", ""comp_time"": ""14"", ""first_ms"": ""14.6"", ""makespan"": ""52"", ""makespan_lb"": ""52"", ""map_file"": ""empty-32-32.map"", ""pp_demote_rounds"": ""0"", ""pp_failed"": ""0"", ""pp_order"": ""shortest"", ""pp_plan_ms"": ""8.3"", ""pp_plan_soc"": ""3288"", ""pp_tl"": ""1"", ""pp_used"": ""1"", ""seed"": ""0"", ""soc"": ""3288"", ""soc_lb"": ""3231"", ""solved"": ""1"", ""solver"": ""planner"", ""sum_of_loss"": ""3288"", ""sum_of_loss_lb"": ""3231""}"
pp_guided_tl:shortest,PP-guided (shortest first),empty-32-32,empty-32-32-random-1,150,2,30.0,solved,0.051388,0.009,3291,52,3291,3231,52,1.01857,0,,/home/carsten/Projects/MAPF/MAPF Evaluator/results/pptl-empty32/runs/pp_guided_tl_shortest/empty-32-32/empty-32-32-random-1_a150_s2_r0,,,"{""agents"": ""150"", ""comp_time"": ""9"", ""first_ms"": ""8.5"", ""makespan"": ""52"", ""makespan_lb"": ""52"", ""map_file"": ""empty-32-32.map"", ""pp_demote_rounds"": ""0"", ""pp_failed"": ""0"", ""pp_order"": ""shortest"", ""pp_plan_ms"": ""4.0"", ""pp_plan_soc"": ""3291"", ""pp_tl"": ""0"", ""pp_used"": ""1"", ""seed"": ""2"", ""soc"": ""3291"", ""soc_lb"": ""3231"", ""solved"": ""1"", ""solver"": ""planner"", ""sum_of_loss"": ""3291"", ""sum_of_loss_lb"": ""3231""}"
pp_guided_tl:shortest_tl,PP-guided (shortest first) + traffic load in SIPP,empty-32-32,empty-32-32-random-1,150,1,30.0,solved,0.195802,0.013,3288,52,3288,3231,52,1.017642,0,,/home/carsten/Projects/MAPF/MAPF Evaluator/results/pptl-empty32/runs/pp_guided_tl_shortest_tl/empty-32-32/empty-32-32-random-1_a150_s1_r0,,,"{""agents"": ""150"", ""comp_time"": ""13"", ""first_ms"": ""13.1"", ""makespan"": ""52"", ""makespan_lb"": ""52"", ""map_file"": ""empty-32-32.map"", ""pp_demote_rounds"": ""0"", ""pp_failed"": ""0"", ""pp_order"": ""shortest"", ""pp_plan_ms"": ""8.1"", ""pp_plan_soc"": ""3288"", ""pp_tl"": ""1"", ""pp_used"": ""1"", ""seed"": ""1"", ""soc"": ""3288"", ""soc_lb"": ""3231"", ""solved"": ""1"", ""solver"": ""planner"", ""sum_of_loss"": ""3288"", ""sum_of_loss_lb"": ""3231""}"
pp_guided_tl:traffic,PP-guided (traffic-last),empty-32-32,empty-32-32-random-1,150,0,30.0,solved,0.029961,0.014,4160,52,3574,3231,52,1.287527,0,,/home/carsten/Projects/MAPF/MAPF Evaluator/results/pptl-empty32/runs/pp_guided_tl_traffic/empty-32-32/empty-32-32-random-1_a150_s0_r0,,,"{""agents"": ""150"", ""comp_time"": ""14"", ""first_ms"": ""14.6"", ""makespan"": ""52"", ""makespan_lb"": ""52"", ""map_file"": ""empty-32-32.map"", ""pp_demote_rounds"": ""0"", ""pp_failed"": ""0"", ""pp_order"": ""traffic-last"", ""pp_plan_ms"": ""9.3"", ""pp_plan_soc"": ""4160"", ""pp_tl"": ""0"", ""pp_used"": ""1"", ""seed"": ""0"", ""soc"": ""4160"", ""soc_lb"": ""3231"", ""solved"": ""1"", ""solver"": ""planner"", ""sum_of_loss"": ""3658"", ""sum_of_loss_lb"": ""3231""}"
pp_guided_tl:shortest_tl,PP-guided (shortest first) + traffic load in SIPP,empty-32-32,empty-32-32-random-1,150,2,30.0,solved,0.052445,0.013,3288,52,3288,3231,52,1.017642,0,,/home/carsten/Projects/MAPF/MAPF Evaluator/results/pptl-empty32/runs/pp_guided_tl_shortest_tl/empty-32-32/empty-32-32-random-1_a150_s2_r0,,,"{""agents"": ""150"", ""comp_time"": ""13"", ""first_ms"": ""13.1"", ""makespan"": ""52"", ""makespan_lb"": ""52"", ""map_file"": ""empty-32-32.map"", ""pp_demote_rounds"": ""0"", ""pp_failed"": ""0"", ""pp_order"": ""shortest"", ""pp_plan_ms"": ""8.2"", ""pp_plan_soc"": ""3288"", ""pp_tl"": ""1"", ""pp_used"": ""1"", ""seed"": ""2"", ""soc"": ""3288"", ""soc_lb"": ""3231"", ""solved"": ""1"", ""solver"": ""planner"", ""sum_of_loss"": ""3288"", ""sum_of_loss_lb"": ""3231""}"
pp_guided_tl:traffic,PP-guided (traffic-last),empty-32-32,empty-32-32-random-1,150,1,30.0,solved,0.050427,0.015,4160,52,3574,3231,52,1.287527,0,,/home/carsten/Projects/MAPF/MAPF Evaluator/results/pptl-empty32/runs/pp_guided_tl_traffic/empty-32-32/empty-32-32-random-1_a150_s1_r0,,,"{""agents"": ""150"", ""comp_time"": ""15"", ""first_ms"": ""14.3"", ""makespan"": ""52"", ""makespan_lb"": ""52"", ""map_file"": ""empty-32-32.map"", ""pp_demote_rounds"": ""0"", ""pp_failed"": ""0"", ""pp_order"": ""traffic-last"", ""pp_plan_ms"": ""9.4"", ""pp_plan_soc"": ""4160"", ""pp_tl"": ""0"", ""pp_used"": ""1"", ""seed"": ""1"", ""soc"": ""4160"", ""soc_lb"": ""3231"", ""solved"": ""1"", ""solver"": ""planner"", ""sum_of_loss"": ""3658"", ""sum_of_loss_lb"": ""3231""}"
pp_guided_tl:traffic,PP-guided (traffic-last),empty-32-32,empty-32-32-random-1,150,2,30.0,solved,0.11573,0.014,4160,52,3574,3231,52,1.287527,0,,/home/carsten/Projects/MAPF/MAPF Evaluator/results/pptl-empty32/runs/pp_guided_tl_traffic/empty-32-32/empty-32-32-random-1_a150_s2_r0,,,"{""agents"": ""150"", ""comp_time"": ""14"", ""first_ms"": ""14.1"", ""makespan"": ""52"", ""makespan_lb"": ""52"", ""map_file"": ""empty-32-32.map"", ""pp_demote_rounds"": ""0"", ""pp_failed"": ""0"", ""pp_order"": ""traffic-last"", ""pp_plan_ms"": ""9.2"", ""pp_plan_soc"": ""4160"", ""pp_tl"": ""0"", ""pp_used"": ""1"", ""seed"": ""2"", ""soc"": ""4160"", ""soc_lb"": ""3231"", ""solved"": ""1"", ""solver"": ""planner"", ""sum_of_loss"": ""3658"", ""sum_of_loss_lb"": ""3231""}"
pp_guided_tl:traffic_tl,PP-guided (traffic-last) + traffic load in SIPP,empty-32-32,empty-32-32-random-1,150,1,30.0,solved,0.063089,0.018,4081,52,3512,3231,52,1.263076,0,,/home/carsten/Projects/MAPF/MAPF Evaluator/results/pptl-empty32/runs/pp_guided_tl_traffic_tl/empty-32-32/empty-32-32-random-1_a150_s1_r0,,,"{""agents"": ""150"", ""comp_time"": ""18"", ""first_ms"": ""18.2"", ""makespan"": ""52"", ""makespan_lb"": ""52"", ""map_file"": ""empty-32-32.map"", ""pp_demote_rounds"": ""0"", ""pp_failed"": ""0"", ""pp_order"": ""traffic-last"", ""pp_plan_ms"": ""12.5"", ""pp_plan_soc"": ""4081"", ""pp_tl"": ""1"", ""pp_used"": ""1"", ""seed"": ""1"", ""soc"": ""4081"", ""soc_lb"": ""3231"", ""solved"": ""1"", ""solver"": ""planner"", ""sum_of_loss"": ""3580"", ""sum_of_loss_lb"": ""3231""}"
pp_guided_tl:traffic_tl,PP-guided (traffic-last) + traffic load in SIPP,empty-32-32,empty-32-32-random-1,150,2,30.0,solved,0.061428,0.019,4081,52,3512,3231,52,1.263076,0,,/home/carsten/Projects/MAPF/MAPF Evaluator/results/pptl-empty32/runs/pp_guided_tl_traffic_tl/empty-32-32/empty-32-32-random-1_a150_s2_r0,,,"{""agents"": ""150"", ""comp_time"": ""19"", ""first_ms"": ""18.6"", ""makespan"": ""52"", ""makespan_lb"": ""52"", ""map_file"": ""empty-32-32.map"", ""pp_demote_rounds"": ""0"", ""pp_failed"": ""0"", ""pp_order"": ""traffic-last"", ""pp_plan_ms"": ""12.4"", ""pp_plan_soc"": ""4081"", ""pp_tl"": ""1"", ""pp_used"": ""1"", ""seed"": ""2"", ""soc"": ""4081"", ""soc_lb"": ""3231"", ""solved"": ""1"", ""solver"": ""planner"", ""sum_of_loss"": ""3580"", ""sum_of_loss_lb"": ""3231""}"
pp_guided_tl:traffic_tl,PP-guided (traffic-last) + traffic load in SIPP,empty-32-32,empty-32-32-random-1,150,0,30.0,solved,0.133774,0.019,4081,52,3512,3231,52,1.263076,0,,/home/carsten/Projects/MAPF/MAPF Evaluator/results/pptl-empty32/runs/pp_guided_tl_traffic_tl/empty-32-32/empty-32-32-random-1_a150_s0_r0,,,"{""agents"": ""150"", ""comp_time"": ""19"", ""first_ms"": ""19.2"", ""makespan"": ""52"", ""makespan_lb"": ""52"", ""map_file"": ""empty-32-32.map"", ""pp_demote_rounds"": ""0"", ""pp_failed"": ""0"", ""pp_order"": ""traffic-last"", ""pp_plan_ms"": ""12.7"", ""pp_plan_soc"": ""4081"", ""pp_tl"": ""1"", ""pp_used"": ""1"", ""seed"": ""0"", ""soc"": ""4081"", ""soc_lb"": ""3231"", ""solved"": ""1"", ""solver"": ""planner"", ""sum_of_loss"": ""3580"", ""sum_of_loss_lb"": ""3231""}"
pp_guided_tl:shortest,PP-guided (shortest first),empty-32-32,empty-32-32-random-1,200,0,30.0,solved,0.2534,0.019,4407,53,4398,4211,52,1.046545,0,,/home/carsten/Projects/MAPF/MAPF Evaluator/results/pptl-empty32/runs/pp_guided_tl_shortest/empty-32-32/empty-32-32-random-1_a200_s0_r0,,,"{""agents"": ""200"", ""comp_time"": ""19"", ""first_ms"": ""18.4"", ""makespan"": ""53"", ""makespan_lb"": ""52"", ""map_file"": ""empty-32-32.map"", ""pp_demote_rounds"": ""1"", ""pp_failed"": ""0"", ""pp_order"": ""shortest"", ""pp_plan_ms"": ""12.8"", ""pp_plan_soc"": ""4407"", ""pp_tl"": ""0"", ""pp_used"": ""1"", ""seed"": ""0"", ""soc"": ""4407"", ""soc_lb"": ""4211"", ""solved"": ""1"", ""solver"": ""planner"", ""sum_of_loss"": ""4400"", ""sum_of_loss_lb"": ""4211""}"
pp_guided_tl:shortest,PP-guided (shortest first),empty-32-32,empty-32-32-random-1,200,1,30.0,solved,0.094379,0.019,4407,53,4398,4211,52,1.046545,0,,/home/carsten/Projects/MAPF/MAPF Evaluator/results/pptl-empty32/runs/pp_guided_tl_shortest/empty-32-32/empty-32-32-random-1_a200_s1_r0,,,"{""agents"": ""200"", ""comp_time"": ""19"", ""first_ms"": ""18.4"", ""makespan"": ""53"", ""makespan_lb"": ""52"", ""map_file"": ""empty-32-32.map"", ""pp_demote_rounds"": ""1"", ""pp_failed"": ""0"", ""pp_order"": ""shortest"", ""pp_plan_ms"": ""12.9"", ""pp_plan_soc"": ""4407"", ""pp_tl"": ""0"", ""pp_used"": ""1"", ""seed"": ""1"", ""soc"": ""4407"", ""soc_lb"": ""4211"", ""solved"": ""1"", ""solver"": ""planner"", ""sum_of_loss"": ""4400"", ""sum_of_loss_lb"": ""4211""}"
pp_guided_tl:shortest,PP-guided (shortest first),empty-32-32,empty-32-32-random-1,200,2,30.0,solved,0.051961,0.02,4407,53,4398,4211,52,1.046545,0,,/home/carsten/Projects/MAPF/MAPF Evaluator/results/pptl-empty32/runs/pp_guided_tl_shortest/empty-32-32/empty-32-32-random-1_a200_s2_r0,,,"{""agents"": ""200"", ""comp_time"": ""20"", ""first_ms"": ""19.8"", ""makespan"": ""53"", ""makespan_lb"": ""52"", ""map_file"": ""empty-32-32.map"", ""pp_demote_rounds"": ""1"", ""pp_failed"": ""0"", ""pp_order"": ""shortest"", ""pp_plan_ms"": ""13.0"", ""pp_plan_soc"": ""4407"", ""pp_tl"": ""0"", ""pp_used"": ""1"", ""seed"": ""2"", ""soc"": ""4407"", ""soc_lb"": ""4211"", ""solved"": ""1"", ""solver"": ""planner"", ""sum_of_loss"": ""4400"", ""sum_of_loss_lb"": ""4211""}"
pp_guided_tl:shortest_tl,PP-guided (shortest first) + traffic load in SIPP,empty-32-32,empty-32-32-random-1,200,0,30.0,solved,0.062039,0.026,4376,54,4371,4211,52,1.039183,0,,/home/carsten/Projects/MAPF/MAPF Evaluator/results/pptl-empty32/runs/pp_guided_tl_shortest_tl/empty-32-32/empty-32-32-random-1_a200_s0_r0,,,"{""agents"": ""200"", ""comp_time"": ""26"", ""first_ms"": ""26.0"", ""makespan"": ""54"", ""makespan_lb"": ""52"", ""map_file"": ""empty-32-32.map"", ""pp_demote_rounds"": ""1"", ""pp_failed"": ""0"", ""pp_order"": ""shortest"", ""pp_plan_ms"": ""19.2"", ""pp_plan_soc"": ""4376"", ""pp_tl"": ""1"", ""pp_used"": ""1"", ""seed"": ""0"", ""soc"": ""4376"", ""soc_lb"": ""4211"", ""solved"": ""1"", ""solver"": ""planner"", ""sum_of_loss"": ""4372"", ""sum_of_loss_lb"": ""4211""}"
pp_guided_tl:shortest_tl,PP-guided (shortest first) + traffic load in SIPP,empty-32-32,empty-32-32-random-1,200,1,30.0,solved,0.222216,0.026,4376,54,4371,4211,52,1.039183,0,,/home/carsten/Projects/MAPF/MAPF Evaluator/results/pptl-empty32/runs/pp_guided_tl_shortest_tl/empty-32-32/empty-32-32-random-1_a200_s1_r0,,,"{""agents"": ""200"", ""comp_time"": ""26"", ""first_ms"": ""26.1"", ""makespan"": ""54"", ""makespan_lb"": ""52"", ""map_file"": ""empty-32-32.map"", ""pp_demote_rounds"": ""1"", ""pp_failed"": ""0"", ""pp_order"": ""shortest"", ""pp_plan_ms"": ""19.0"", ""pp_plan_soc"": ""4376"", ""pp_tl"": ""1"", ""pp_used"": ""1"", ""seed"": ""1"", ""soc"": ""4376"", ""soc_lb"": ""4211"", ""solved"": ""1"", ""solver"": ""planner"", ""sum_of_loss"": ""4372"", ""sum_of_loss_lb"": ""4211""}"
pp_guided_tl:traffic,PP-guided (traffic-last),empty-32-32,empty-32-32-random-1,200,1,30.0,solved,0.047087,0.022,5840,52,4760,4211,52,1.386844,0,,/home/carsten/Projects/MAPF/MAPF Evaluator/results/pptl-empty32/runs/pp_guided_tl_traffic/empty-32-32/empty-32-32-random-1_a200_s1_r0,,,"{""agents"": ""200"", ""comp_time"": ""22"", ""first_ms"": ""21.5"", ""makespan"": ""52"", ""makespan_lb"": ""52"", ""map_file"": ""empty-32-32.map"", ""pp_demote_rounds"": ""0"", ""pp_failed"": ""0"", ""pp_order"": ""traffic-last"", ""pp_plan_ms"": ""15.0"", ""pp_plan_soc"": ""5840"", ""pp_tl"": ""0"", ""pp_used"": ""1"", ""seed"": ""1"", ""soc"": ""5840"", ""soc_lb"": ""4211"", ""solved"": ""1"", ""solver"": ""planner"", ""sum_of_loss"": ""4913"", ""sum_of_loss_lb"": ""4211""}"
pp_guided_tl:traffic,PP-guided (traffic-last),empty-32-32,empty-32-32-random-1,200,0,30.0,solved,0.057277,0.022,5840,52,4760,4211,52,1.386844,0,,/home/carsten/Projects/MAPF/MAPF Evaluator/results/pptl-empty32/runs/pp_guided_tl_traffic/empty-32-32/empty-32-32-random-1_a200_s0_r0,,,"{""agents"": ""200"", ""comp_time"": ""22"", ""first_ms"": ""21.2"", ""makespan"": ""52"", ""makespan_lb"": ""52"", ""map_file"": ""empty-32-32.map"", ""pp_demote_rounds"": ""0"", ""pp_failed"": ""0"", ""pp_order"": ""traffic-last"", ""pp_plan_ms"": ""15.1"", ""pp_plan_soc"": ""5840"", ""pp_tl"": ""0"", ""pp_used"": ""1"", ""seed"": ""0"", ""soc"": ""5840"", ""soc_lb"": ""4211"", ""solved"": ""1"", ""solver"": ""planner"", ""sum_of_loss"": ""4913"", ""sum_of_loss_lb"": ""4211""}"
pp_guided_tl:shortest_tl,PP-guided (shortest first) + traffic load in SIPP,empty-32-32,empty-32-32-random-1,200,2,30.0,solved,0.092317,0.026,4376,54,4371,4211,52,1.039183,0,,/home/carsten/Projects/MAPF/MAPF Evaluator/results/pptl-empty32/runs/pp_guided_tl_shortest_tl/empty-32-32/empty-32-32-random-1_a200_s2_r0,,,"{""agents"": ""200"", ""comp_time"": ""26"", ""first_ms"": ""26.1"", ""makespan"": ""54"", ""makespan_lb"": ""52"", ""map_file"": ""empty-32-32.map"", ""pp_demote_rounds"": ""1"", ""pp_failed"": ""0"", ""pp_order"": ""shortest"", ""pp_plan_ms"": ""19.2"", ""pp_plan_soc"": ""4376"", ""pp_tl"": ""1"", ""pp_used"": ""1"", ""seed"": ""2"", ""soc"": ""4376"", ""soc_lb"": ""4211"", ""solved"": ""1"", ""solver"": ""planner"", ""sum_of_loss"": ""4372"", ""sum_of_loss_lb"": ""4211""}"
pp_guided_tl:traffic,PP-guided (traffic-last),empty-32-32,empty-32-32-random-1,200,2,30.0,solved,0.164492,0.022,5840,52,4760,4211,52,1.386844,0,,/home/carsten/Projects/MAPF/MAPF Evaluator/results/pptl-empty32/runs/pp_guided_tl_traffic/empty-32-32/empty-32-32-random-1_a200_s2_r0,,,"{""agents"": ""200"", ""comp_time"": ""22"", ""first_ms"": ""21.3"", ""makespan"": ""52"", ""makespan_lb"": ""52"", ""map_file"": ""empty-32-32.map"", ""pp_demote_rounds"": ""0"", ""pp_failed"": ""0"", ""pp_order"": ""traffic-last"", ""pp_plan_ms"": ""15.0"", ""pp_plan_soc"": ""5840"", ""pp_tl"": ""0"", ""pp_used"": ""1"", ""seed"": ""2"", ""soc"": ""5840"", ""soc_lb"": ""4211"", ""solved"": ""1"", ""solver"": ""planner"", ""sum_of_loss"": ""4913"", ""sum_of_loss_lb"": ""4211""}"
pp_guided_tl:traffic_tl,PP-guided (traffic-last) + traffic load in SIPP,empty-32-32,empty-32-32-random-1,200,0,30.0,solved,0.053767,0.029,5563,52,4732,4211,52,1.321064,0,,/home/carsten/Projects/MAPF/MAPF Evaluator/results/pptl-empty32/runs/pp_guided_tl_traffic_tl/empty-32-32/empty-32-32-random-1_a200_s0_r0,,,"{""agents"": ""200"", ""comp_time"": ""29"", ""first_ms"": ""29.2"", ""makespan"": ""52"", ""makespan_lb"": ""52"", ""map_file"": ""empty-32-32.map"", ""pp_demote_rounds"": ""0"", ""pp_failed"": ""0"", ""pp_order"": ""traffic-last"", ""pp_plan_ms"": ""20.8"", ""pp_plan_soc"": ""5563"", ""pp_tl"": ""1"", ""pp_used"": ""1"", ""seed"": ""0"", ""soc"": ""5563"", ""soc_lb"": ""4211"", ""solved"": ""1"", ""solver"": ""planner"", ""sum_of_loss"": ""4841"", ""sum_of_loss_lb"": ""4211""}"
pp_guided_tl:shortest,PP-guided (shortest first),empty-32-32,empty-32-32-random-2,50,0,30.0,solved,0.028334,0.003,1184,47,1184,1174,47,1.008518,0,,/home/carsten/Projects/MAPF/MAPF Evaluator/results/pptl-empty32/runs/pp_guided_tl_shortest/empty-32-32/empty-32-32-random-2_a50_s0_r0,,,"{""agents"": ""50"", ""comp_time"": ""3"", ""first_ms"": ""2.2"", ""makespan"": ""47"", ""makespan_lb"": ""47"", ""map_file"": ""empty-32-32.map"", ""pp_demote_rounds"": ""0"", ""pp_failed"": ""0"", ""pp_order"": ""shortest"", ""pp_plan_ms"": ""1.3"", ""pp_plan_soc"": ""1184"", ""pp_tl"": ""0"", ""pp_used"": ""1"", ""seed"": ""0"", ""soc"": ""1184"", ""soc_lb"": ""1174"", ""solved"": ""1"", ""solver"": ""planner"", ""sum_of_loss"": ""1184"", ""sum_of_loss_lb"": ""1174""}"
pp_guided_tl:traffic_tl,PP-guided (traffic-last) + traffic load in SIPP,empty-32-32,empty-32-32-random-1,200,1,30.0,solved,0.059053,0.028,5563,52,4732,4211,52,1.321064,0,,/home/carsten/Projects/MAPF/MAPF Evaluator/results/pptl-empty32/runs/pp_guided_tl_traffic_tl/empty-32-32/empty-32-32-random-1_a200_s1_r0,,,"{""agents"": ""200"", ""comp_time"": ""28"", ""first_ms"": ""27.3"", ""makespan"": ""52"", ""makespan_lb"": ""52"", ""map_file"": ""empty-32-32.map"", ""pp_demote_rounds"": ""0"", ""pp_failed"": ""0"", ""pp_order"": ""traffic-last"", ""pp_plan_ms"": ""19.5"", ""pp_plan_soc"": ""5563"", ""pp_tl"": ""1"", ""pp_used"": ""1"", ""seed"": ""1"", ""soc"": ""5563"", ""soc_lb"": ""4211"", ""solved"": ""1"", ""solver"": ""planner"", ""sum_of_loss"": ""4841"", ""sum_of_loss_lb"": ""4211""}"
pp_guided_tl:traffic_tl,PP-guided (traffic-last) + traffic load in SIPP,empty-32-32,empty-32-32-random-1,200,2,30.0,solved,0.058158,0.027,5563,52,4732,4211,52,1.321064,0,,/home/carsten/Projects/MAPF/MAPF Evaluator/results/pptl-empty32/runs/pp_guided_tl_traffic_tl/empty-32-32/empty-32-32-random-1_a200_s2_r0,,,"{""agents"": ""200"", ""comp_time"": ""27"", ""first_ms"": ""27.3"", ""makespan"": ""52"", ""makespan_lb"": ""52"", ""map_file"": ""empty-32-32.map"", ""pp_demote_rounds"": ""0"", ""pp_failed"": ""0"", ""pp_order"": ""traffic-last"", ""pp_plan_ms"": ""19.2"", ""pp_plan_soc"": ""5563"", ""pp_tl"": ""1"", ""pp_used"": ""1"", ""seed"": ""2"", ""soc"": ""5563"", ""soc_lb"": ""4211"", ""solved"": ""1"", ""solver"": ""planner"", ""sum_of_loss"": ""4841"", ""sum_of_loss_lb"": ""4211""}"
pp_guided_tl:shortest,PP-guided (shortest first),empty-32-32,empty-32-32-random-2,50,1,30.0,solved,0.055451,0.002,1184,47,1184,1174,47,1.008518,0,,/home/carsten/Projects/MAPF/MAPF Evaluator/results/pptl-empty32/runs/pp_guided_tl_shortest/empty-32-32/empty-32-32-random-2_a50_s1_r0,,,"{""agents"": ""50"", ""comp_time"": ""2"", ""first_ms"": ""2.1"", ""makespan"": ""47"", ""makespan_lb"": ""47"", ""map_file"": ""empty-32-32.map"", ""pp_demote_rounds"": ""0"", ""pp_failed"": ""0"", ""pp_order"": ""shortest"", ""pp_plan_ms"": ""1.3"", ""pp_plan_soc"": ""1184"", ""pp_tl"": ""0"", ""pp_used"": ""1"", ""seed"": ""1"", ""soc"": ""1184"", ""soc_lb"": ""1174"", ""solved"": ""1"", ""solver"": ""planner"", ""sum_of_loss"": ""1184"", ""sum_of_loss_lb"": ""1174""}"
pp_guided_tl:shortest_tl,PP-guided (shortest first) + traffic load in SIPP,empty-32-32,empty-32-32-random-2,50,1,30.0,solved,0.024469,0.005,1176,47,1176,1174,47,1.001704,0,,/home/carsten/Projects/MAPF/MAPF Evaluator/results/pptl-empty32/runs/pp_guided_tl_shortest_tl/empty-32-32/empty-32-32-random-2_a50_s1_r0,,,"{""agents"": ""50"", ""comp_time"": ""5"", ""first_ms"": ""4.2"", ""makespan"": ""47"", ""makespan_lb"": ""47"", ""map_file"": ""empty-32-32.map"", ""pp_demote_rounds"": ""0"", ""pp_failed"": ""0"", ""pp_order"": ""shortest"", ""pp_plan_ms"": ""2.9"", ""pp_plan_soc"": ""1176"", ""pp_tl"": ""1"", ""pp_used"": ""1"", ""seed"": ""1"", ""soc"": ""1176"", ""soc_lb"": ""1174"", ""solved"": ""1"", ""solver"": ""planner"", ""sum_of_loss"": ""1176"", ""sum_of_loss_lb"": ""1174""}"
pp_guided_tl:shortest_tl,PP-guided (shortest first) + traffic load in SIPP,empty-32-32,empty-32-32-random-2,50,0,30.0,solved,0.01698,0.005,1176,47,1176,1174,47,1.001704,0,,/home/carsten/Projects/MAPF/MAPF Evaluator/results/pptl-empty32/runs/pp_guided_tl_shortest_tl/empty-32-32/empty-32-32-random-2_a50_s0_r0,,,"{""agents"": ""50"", ""comp_time"": ""5"", ""first_ms"": ""4.2"", ""makespan"": ""47"", ""makespan_lb"": ""47"", ""map_file"": ""empty-32-32.map"", ""pp_demote_rounds"": ""0"", ""pp_failed"": ""0"", ""pp_order"": ""shortest"", ""pp_plan_ms"": ""2.9"", ""pp_plan_soc"": ""1176"", ""pp_tl"": ""1"", ""pp_used"": ""1"", ""seed"": ""0"", ""soc"": ""1176"", ""soc_lb"": ""1174"", ""solved"": ""1"", ""solver"": ""planner"", ""sum_of_loss"": ""1176"", ""sum_of_loss_lb"": ""1174""}"
pp_guided_tl:shortest,PP-guided (shortest first),empty-32-32,empty-32-32-random-2,50,2,30.0,solved,0.037103,0.003,1184,47,1184,1174,47,1.008518,0,,/home/carsten/Projects/MAPF/MAPF Evaluator/results/pptl-empty32/runs/pp_guided_tl_shortest/empty-32-32/empty-32-32-random-2_a50_s2_r0,,,"{""agents"": ""50"", ""comp_time"": ""3"", ""first_ms"": ""2.2"", ""makespan"": ""47"", ""makespan_lb"": ""47"", ""map_file"": ""empty-32-32.map"", ""pp_demote_rounds"": ""0"", ""pp_failed"": ""0"", ""pp_order"": ""shortest"", ""pp_plan_ms"": ""1.3"", ""pp_plan_soc"": ""1184"", ""pp_tl"": ""0"", ""pp_used"": ""1"", ""seed"": ""2"", ""soc"": ""1184"", ""soc_lb"": ""1174"", ""solved"": ""1"", ""solver"": ""planner"", ""sum_of_loss"": ""1184"", ""sum_of_loss_lb"": ""1174""}"
pp_guided_tl:shortest_tl,PP-guided (shortest first) + traffic load in SIPP,empty-32-32,empty-32-32-random-2,50,2,30.0,solved,0.046983,0.004,1176,47,1176,1174,47,1.001704,0,,/home/carsten/Projects/MAPF/MAPF Evaluator/results/pptl-empty32/runs/pp_guided_tl_shortest_tl/empty-32-32/empty-32-32-random-2_a50_s2_r0,,,"{""agents"": ""50"", ""comp_time"": ""4"", ""first_ms"": ""4.1"", ""makespan"": ""47"", ""makespan_lb"": ""47"", ""map_file"": ""empty-32-32.map"", ""pp_demote_rounds"": ""0"", ""pp_failed"": ""0"", ""pp_order"": ""shortest"", ""pp_plan_ms"": ""2.8"", ""pp_plan_soc"": ""1176"", ""pp_tl"": ""1"", ""pp_used"": ""1"", ""seed"": ""2"", ""soc"": ""1176"", ""soc_lb"": ""1174"", ""solved"": ""1"", ""solver"": ""planner"", ""sum_of_loss"": ""1176"", ""sum_of_loss_lb"": ""1174""}"
pp_guided_tl:traffic,PP-guided (traffic-last),empty-32-32,empty-32-32-random-2,50,0,30.0,solved,0.04906,0.003,1356,47,1195,1174,47,1.155026,0,,/home/carsten/Projects/MAPF/MAPF Evaluator/results/pptl-empty32/runs/pp_guided_tl_traffic/empty-32-32/empty-32-32-random-2_a50_s0_r0,,,"{""agents"": ""50"", ""comp_time"": ""3"", ""first_ms"": ""3.1"", ""makespan"": ""47"", ""makespan_lb"": ""47"", ""map_file"": ""empty-32-32.map"", ""pp_demote_rounds"": ""0"", ""pp_failed"": ""0"", ""pp_order"": ""traffic-last"", ""pp_plan_ms"": ""1.5"", ""pp_plan_soc"": ""1356"", ""pp_tl"": ""0"", ""pp_used"": ""1"", ""seed"": ""0"", ""soc"": ""1356"", ""soc_lb"": ""1174"", ""solved"": ""1"", ""solver"": ""planner"", ""sum_of_loss"": ""1208"", ""sum_of_loss_lb"": ""1174""}"
pp_guided_tl:traffic,PP-guided (traffic-last),empty-32-32,empty-32-32-random-2,50,1,30.0,solved,0.031441,0.003,1356,47,1195,1174,47,1.155026,0,,/home/carsten/Projects/MAPF/MAPF Evaluator/results/pptl-empty32/runs/pp_guided_tl_traffic/empty-32-32/empty-32-32-random-2_a50_s1_r0,,,"{""agents"": ""50"", ""comp_time"": ""3"", ""first_ms"": ""3.1"", ""makespan"": ""47"", ""makespan_lb"": ""47"", ""map_file"": ""empty-32-32.map"", ""pp_demote_rounds"": ""0"", ""pp_failed"": ""0"", ""pp_order"": ""traffic-last"", ""pp_plan_ms"": ""1.5"", ""pp_plan_soc"": ""1356"", ""pp_tl"": ""0"", ""pp_used"": ""1"", ""seed"": ""1"", ""soc"": ""1356"", ""soc_lb"": ""1174"", ""solved"": ""1"", ""solver"": ""planner"", ""sum_of_loss"": ""1208"", ""sum_of_loss_lb"": ""1174""}"
pp_guided_tl:traffic,PP-guided (traffic-last),empty-32-32,empty-32-32-random-2,50,2,30.0,solved,0.029463,0.003,1356,47,1195,1174,47,1.155026,0,,/home/carsten/Projects/MAPF/MAPF Evaluator/results/pptl-empty32/runs/pp_guided_tl_traffic/empty-32-32/empty-32-32-random-2_a50_s2_r0,,,"{""agents"": ""50"", ""comp_time"": ""3"", ""first_ms"": ""3.3"", ""makespan"": ""47"", ""makespan_lb"": ""47"", ""map_file"": ""empty-32-32.map"", ""pp_demote_rounds"": ""0"", ""pp_failed"": ""0"", ""pp_order"": ""traffic-last"", ""pp_plan_ms"": ""1.5"", ""pp_plan_soc"": ""1356"", ""pp_tl"": ""0"", ""pp_used"": ""1"", ""seed"": ""2"", ""soc"": ""1356"", ""soc_lb"": ""1174"", ""solved"": ""1"", ""solver"": ""planner"", ""sum_of_loss"": ""1208"", ""sum_of_loss_lb"": ""1174""}"
pp_guided_tl:traffic_tl,PP-guided (traffic-last) + traffic load in SIPP,empty-32-32,empty-32-32-random-2,50,0,30.0,solved,0.02526,0.005,1304,47,1210,1174,47,1.110733,0,,/home/carsten/Projects/MAPF/MAPF Evaluator/results/pptl-empty32/runs/pp_guided_tl_traffic_tl/empty-32-32/empty-32-32-random-2_a50_s0_r0,,,"{""agents"": ""50"", ""comp_time"": ""5"", ""first_ms"": ""5.1"", ""makespan"": ""47"", ""makespan_lb"": ""47"", ""map_file"": ""empty-32-32.map"", ""pp_demote_rounds"": ""0"", ""pp_failed"": ""0"", ""pp_order"": ""traffic-last"", ""pp_plan_ms"": ""3.1"", ""pp_plan_soc"": ""1304"", ""pp_tl"": ""1"", ""pp_used"": ""1"", ""seed"": ""0"", ""soc"": ""1304"", ""soc_lb"": ""1174"", ""solved"": ""1"", ""solver"": ""planner"", ""sum_of_loss"": ""1217"", ""sum_of_loss_lb"": ""1174""}"
pp_guided_tl:traffic_tl,PP-guided (traffic-last) + traffic load in SIPP,empty-32-32,empty-32-32-random-2,50,1,30.0,solved,0.110623,0.005,1304,47,1210,1174,47,1.110733,0,,/home/carsten/Projects/MAPF/MAPF Evaluator/results/pptl-empty32/runs/pp_guided_tl_traffic_tl/empty-32-32/empty-32-32-random-2_a50_s1_r0,,,"{""agents"": ""50"", ""comp_time"": ""5"", ""first_ms"": ""5.1"", ""makespan"": ""47"", ""makespan_lb"": ""47"", ""map_file"": ""empty-32-32.map"", ""pp_demote_rounds"": ""0"", ""pp_failed"": ""0"", ""pp_order"": ""traffic-last"", ""pp_plan_ms"": ""3.1"", ""pp_plan_soc"": ""1304"", ""pp_tl"": ""1"", ""pp_used"": ""1"", ""seed"": ""1"", ""soc"": ""1304"", ""soc_lb"": ""1174"", ""solved"": ""1"", ""solver"": ""planner"", ""sum_of_loss"": ""1217"", ""sum_of_loss_lb"": ""1174""}"
pp_guided_tl:traffic_tl,PP-guided (traffic-last) + traffic load in SIPP,empty-32-32,empty-32-32-random-2,50,2,30.0,solved,0.108509,0.005,1304,47,1210,1174,47,1.110733,0,,/home/carsten/Projects/MAPF/MAPF Evaluator/results/pptl-empty32/runs/pp_guided_tl_traffic_tl/empty-32-32/empty-32-32-random-2_a50_s2_r0,,,"{""agents"": ""50"", ""comp_time"": ""5"", ""first_ms"": ""5.3"", ""makespan"": ""47"", ""makespan_lb"": ""47"", ""map_file"": ""empty-32-32.map"", ""pp_demote_rounds"": ""0"", ""pp_failed"": ""0"", ""pp_order"": ""traffic-last"", ""pp_plan_ms"": ""3.1"", ""pp_plan_soc"": ""1304"", ""pp_tl"": ""1"", ""pp_used"": ""1"", ""seed"": ""2"", ""soc"": ""1304"", ""soc_lb"": ""1174"", ""solved"": ""1"", ""solver"": ""planner"", ""sum_of_loss"": ""1217"", ""sum_of_loss_lb"": ""1174""}"
pp_guided_tl:shortest,PP-guided (shortest first),empty-32-32,empty-32-32-random-2,100,0,30.0,solved,0.039977,0.006,2232,47,2232,2207,47,1.011328,0,,/home/carsten/Projects/MAPF/MAPF Evaluator/results/pptl-empty32/runs/pp_guided_tl_shortest/empty-32-32/empty-32-32-random-2_a100_s0_r0,,,"{""agents"": ""100"", ""comp_time"": ""6"", ""first_ms"": ""5.4"", ""makespan"": ""47"", ""makespan_lb"": ""47"", ""map_file"": ""empty-32-32.map"", ""pp_demote_rounds"": ""0"", ""pp_failed"": ""0"", ""pp_order"": ""shortest"", ""pp_plan_ms"": ""2.7"", ""pp_plan_soc"": ""2232"", ""pp_tl"": ""0"", ""pp_used"": ""1"", ""seed"": ""0"", ""soc"": ""2232"", ""soc_lb"": ""2207"", ""solved"": ""1"", ""solver"": ""planner"", ""sum_of_loss"": ""2232"", ""sum_of_loss_lb"": ""2207""}"
pp_guided_tl:shortest,PP-guided (shortest first),empty-32-32,empty-32-32-random-2,100,1,30.0,solved,0.051682,0.006,2232,47,2232,2207,47,1.011328,0,,/home/carsten/Projects/MAPF/MAPF Evaluator/results/pptl-empty32/runs/pp_guided_tl_shortest/empty-32-32/empty-32-32-random-2_a100_s1_r0,,,"{""agents"": ""100"", ""comp_time"": ""6"", ""first_ms"": ""5.3"", ""makespan"": ""47"", ""makespan_lb"": ""47"", ""map_file"": ""empty-32-32.map"", ""pp_demote_rounds"": ""0"", ""pp_failed"": ""0"", ""pp_order"": ""shortest"", ""pp_plan_ms"": ""2.7"", ""pp_plan_soc"": ""2232"", ""pp_tl"": ""0"", ""pp_used"": ""1"", ""seed"": ""1"", ""soc"": ""2232"", ""soc_lb"": ""2207"", ""solved"": ""1"", ""solver"": ""planner"", ""sum_of_loss"": ""2232"", ""sum_of_loss_lb"": ""2207""}"
pp_guided_tl:shortest,PP-guided (shortest first),empty-32-32,empty-32-32-random-2,100,2,30.0,solved,0.066084,0.005,2232,47,2232,2207,47,1.011328,0,,/home/carsten/Projects/MAPF/MAPF Evaluator/results/pptl-empty32/runs/pp_guided_tl_shortest/empty-32-32/empty-32-32-random-2_a100_s2_r0,,,"{""agents"": ""100"", ""comp_time"": ""5"", ""first_ms"": ""5.0"", ""makespan"": ""47"", ""makespan_lb"": ""47"", ""map_file"": ""empty-32-32.map"", ""pp_demote_rounds"": ""0"", ""pp_failed"": ""0"", ""pp_order"": ""shortest"", ""pp_plan_ms"": ""2.6"", ""pp_plan_soc"": ""2232"", ""pp_tl"": ""0"", ""pp_used"": ""1"", ""seed"": ""2"", ""soc"": ""2232"", ""soc_lb"": ""2207"", ""solved"": ""1"", ""solver"": ""planner"", ""sum_of_loss"": ""2232"", ""sum_of_loss_lb"": ""2207""}"
pp_guided_tl:shortest_tl,PP-guided (shortest first) + traffic load in SIPP,empty-32-32,empty-32-32-random-2,100,2,30.0,solved,0.041947,0.01,2226,47,2226,2207,47,1.008609,0,,/home/carsten/Projects/MAPF/MAPF Evaluator/results/pptl-empty32/runs/pp_guided_tl_shortest_tl/empty-32-32/empty-32-32-random-2_a100_s2_r0,,,"{""agents"": ""100"", ""comp_time"": ""10"", ""first_ms"": ""9.2"", ""makespan"": ""47"", ""makespan_lb"": ""47"", ""map_file"": ""empty-32-32.map"", ""pp_demote_rounds"": ""0"", ""pp_failed"": ""0"", ""pp_order"": ""shortest"", ""pp_plan_ms"": ""5.9"", ""pp_plan_soc"": ""2226"", ""pp_tl"": ""1"", ""pp_used"": ""1"", ""seed"": ""2"", ""soc"": ""2226"", ""soc_lb"": ""2207"", ""solved"": ""1"", ""solver"": ""planner"", ""sum_of_loss"": ""2226"", ""sum_of_loss_lb"": ""2207""}"
pp_guided_tl:shortest_tl,PP-guided (shortest first) + traffic load in SIPP,empty-32-32,empty-32-32-random-2,100,1,30.0,solved,0.027011,0.009,2226,47,2226,2207,47,1.008609,0,,/home/carsten/Projects/MAPF/MAPF Evaluator/results/pptl-empty32/runs/pp_guided_tl_shortest_tl/empty-32-32/empty-32-32-random-2_a100_s1_r0,,,"{""agents"": ""100"", ""comp_time"": ""9"", ""first_ms"": ""9.0"", ""makespan"": ""47"", ""makespan_lb"": ""47"", ""map_file"": ""empty-32-32.map"", ""pp_demote_rounds"": ""0"", ""pp_failed"": ""0"", ""pp_order"": ""shortest"", ""pp_plan_ms"": ""5.9"", ""pp_plan_soc"": ""2226"", ""pp_tl"": ""1"", ""pp_used"": ""1"", ""seed"": ""1"", ""soc"": ""2226"", ""soc_lb"": ""2207"", ""solved"": ""1"", ""solver"": ""planner"", ""sum_of_loss"": ""2226"", ""sum_of_loss_lb"": ""2207""}"
pp_guided_tl:shortest_tl,PP-guided (shortest first) + traffic load in SIPP,empty-32-32,empty-32-32-random-2,100,0,30.0,solved,0.045944,0.01,2226,47,2226,2207,47,1.008609,0,,/home/carsten/Projects/MAPF/MAPF Evaluator/results/pptl-empty32/runs/pp_guided_tl_shortest_tl/empty-32-32/empty-32-32-random-2_a100_s0_r0,,,"{""agents"": ""100"", ""comp_time"": ""10"", ""first_ms"": ""9.2"", ""makespan"": ""47"", ""makespan_lb"": ""47"", ""map_file"": ""empty-32-32.map"", ""pp_demote_rounds"": ""0"", ""pp_failed"": ""0"", ""pp_order"": ""shortest"", ""pp_plan_ms"": ""5.9"", ""pp_plan_soc"": ""2226"", ""pp_tl"": ""1"", ""pp_used"": ""1"", ""seed"": ""0"", ""soc"": ""2226"", ""soc_lb"": ""2207"", ""solved"": ""1"", ""solver"": ""planner"", ""sum_of_loss"": ""2226"", ""sum_of_loss_lb"": ""2207""}"
pp_guided_tl:traffic,PP-guided (traffic-last),empty-32-32,empty-32-32-random-2,100,0,30.0,solved,0.139687,0.008,2689,47,2425,2207,47,1.218396,0,,/home/carsten/Projects/MAPF/MAPF Evaluator/results/pptl-empty32/runs/pp_guided_tl_traffic/empty-32-32/empty-32-32-random-2_a100_s0_r0,,,"{""agents"": ""100"", ""comp_time"": ""8"", ""first_ms"": ""8.0"", ""makespan"": ""47"", ""makespan_lb"": ""47"", ""map_file"": ""empty-32-32.map"", ""pp_demote_rounds"": ""0"", ""pp_failed"": ""0"", ""pp_order"": ""traffic-last"", ""pp_plan_ms"": ""4.9"", ""pp_plan_soc"": ""2689"", ""pp_tl"": ""0"", ""pp_used"": ""1"", ""seed"": ""0"", ""soc"": ""2689"", ""soc_lb"": ""2207"", ""solved"": ""1"", ""solver"": ""planner"", ""sum_of_loss"": ""2459"", ""sum_of_loss_lb"": ""2207""}"
pp_guided_tl:traffic,PP-guided (traffic-last),empty-32-32,empty-32-32-random-2,100,1,30.0,solved,0.056718,0.008,2689,47,2425,2207,47,1.218396,0,,/home/carsten/Projects/MAPF/MAPF Evaluator/results/pptl-empty32/runs/pp_guided_tl_traffic/empty-32-32/empty-32-32-random-2_a100_s1_r0,,,"{""agents"": ""100"", ""comp_time"": ""8"", ""first_ms"": ""8.2"", ""makespan"": ""47"", ""makespan_lb"": ""47"", ""map_file"": ""empty-32-32.map"", ""pp_demote_rounds"": ""0"", ""pp_failed"": ""0"", ""pp_order"": ""traffic-last"", ""pp_plan_ms"": ""4.9"", ""pp_plan_soc"": ""2689"", ""pp_tl"": ""0"", ""pp_used"": ""1"", ""seed"": ""1"", ""soc"": ""2689"", ""soc_lb"": ""2207"", ""solved"": ""1"", ""solver"": ""planner"", ""sum_of_loss"": ""2459"", ""sum_of_loss_lb"": ""2207""}"
pp_guided_tl:traffic_tl,PP-guided (traffic-last) + traffic load in SIPP,empty-32-32,empty-32-32-random-2,100,0,30.0,solved,0.048313,0.012,2637,47,2417,2207,47,1.194835,0,,/home/carsten/Projects/MAPF/MAPF Evaluator/results/pptl-empty32/runs/pp_guided_tl_traffic_tl/empty-32-32/empty-32-32-random-2_a100_s0_r0,,,"{""agents"": ""100"", ""comp_time"": ""12"", ""first_ms"": ""12.1"", ""makespan"": ""47"", ""makespan_lb"": ""47"", ""map_file"": ""empty-32-32.map"", ""pp_demote_rounds"": ""0"", ""pp_failed"": ""0"", ""pp_order"": ""traffic-last"", ""pp_plan_ms"": ""8.2"", ""pp_plan_soc"": ""2637"", ""pp_tl"": ""1"", ""pp_used"": ""1"", ""seed"": ""0"", ""soc"": ""2637"", ""soc_lb"": ""2207"", ""solved"": ""1"", ""solver"": ""planner"", ""sum_of_loss"": ""2440"", ""sum_of_loss_lb"": ""2207""}"
pp_guided_tl:traffic,PP-guided (traffic-last),empty-32-32,empty-32-32-random-2,100,2,30.0,solved,0.06764,0.008,2689,47,2425,2207,47,1.218396,0,,/home/carsten/Projects/MAPF/MAPF Evaluator/results/pptl-empty32/runs/pp_guided_tl_traffic/empty-32-32/empty-32-32-random-2_a100_s2_r0,,,"{""agents"": ""100"", ""comp_time"": ""8"", ""first_ms"": ""8.2"", ""makespan"": ""47"", ""makespan_lb"": ""47"", ""map_file"": ""empty-32-32.map"", ""pp_demote_rounds"": ""0"", ""pp_failed"": ""0"", ""pp_order"": ""traffic-last"", ""pp_plan_ms"": ""5.0"", ""pp_plan_soc"": ""2689"", ""pp_tl"": ""0"", ""pp_used"": ""1"", ""seed"": ""2"", ""soc"": ""2689"", ""soc_lb"": ""2207"", ""solved"": ""1"", ""solver"": ""planner"", ""sum_of_loss"": ""2459"", ""sum_of_loss_lb"": ""2207""}"
pp_guided_tl:traffic_tl,PP-guided (traffic-last) + traffic load in SIPP,empty-32-32,empty-32-32-random-2,100,1,30.0,solved,0.048951,0.012,2637,47,2417,2207,47,1.194835,0,,/home/carsten/Projects/MAPF/MAPF Evaluator/results/pptl-empty32/runs/pp_guided_tl_traffic_tl/empty-32-32/empty-32-32-random-2_a100_s1_r0,,,"{""agents"": ""100"", ""comp_time"": ""12"", ""first_ms"": ""12.0"", ""makespan"": ""47"", ""makespan_lb"": ""47"", ""map_file"": ""empty-32-32.map"", ""pp_demote_rounds"": ""0"", ""pp_failed"": ""0"", ""pp_order"": ""traffic-last"", ""pp_plan_ms"": ""8.2"", ""pp_plan_soc"": ""2637"", ""pp_tl"": ""1"", ""pp_used"": ""1"", ""seed"": ""1"", ""soc"": ""2637"", ""soc_lb"": ""2207"", ""solved"": ""1"", ""solver"": ""planner"", ""sum_of_loss"": ""2440"", ""sum_of_loss_lb"": ""2207""}"
pp_guided_tl:traffic_tl,PP-guided (traffic-last) + traffic load in SIPP,empty-32-32,empty-32-32-random-2,100,2,30.0,solved,0.08673,0.012,2637,47,2417,2207,47,1.194835,0,,/home/carsten/Projects/MAPF/MAPF Evaluator/results/pptl-empty32/runs/pp_guided_tl_traffic_tl/empty-32-32/empty-32-32-random-2_a100_s2_r0,,,"{""agents"": ""100"", ""comp_time"": ""12"", ""first_ms"": ""12.0"", ""makespan"": ""47"", ""makespan_lb"": ""47"", ""map_file"": ""empty-32-32.map"", ""pp_demote_rounds"": ""0"", ""pp_failed"": ""0"", ""pp_order"": ""traffic-last"", ""pp_plan_ms"": ""8.2"", ""pp_plan_soc"": ""2637"", ""pp_tl"": ""1"", ""pp_used"": ""1"", ""seed"": ""2"", ""soc"": ""2637"", ""soc_lb"": ""2207"", ""solved"": ""1"", ""solver"": ""planner"", ""sum_of_loss"": ""2440"", ""sum_of_loss_lb"": ""2207""}"
pp_guided_tl:shortest,PP-guided (shortest first),empty-32-32,empty-32-32-random-2,150,1,30.0,solved,0.08522,0.009,3406,49,3406,3350,49,1.016716,0,,/home/carsten/Projects/MAPF/MAPF Evaluator/results/pptl-empty32/runs/pp_guided_tl_shortest/empty-32-32/empty-32-32-random-2_a150_s1_r0,,,"{""agents"": ""150"", ""comp_time"": ""9"", ""first_ms"": ""8.2"", ""makespan"": ""49"", ""makespan_lb"": ""49"", ""map_file"": ""empty-32-32.map"", ""pp_demote_rounds"": ""0"", ""pp_failed"": ""0"", ""pp_order"": ""shortest"", ""pp_plan_ms"": ""4.3"", ""pp_plan_soc"": ""3406"", ""pp_tl"": ""0"", ""pp_used"": ""1"", ""seed"": ""1"", ""soc"": ""3406"", ""soc_lb"": ""3350"", ""solved"": ""1"", ""solver"": ""planner"", ""sum_of_loss"": ""3406"", ""sum_of_loss_lb"": ""3350""}"
pp_guided_tl:shortest,PP-guided (shortest first),empty-32-32,empty-32-32-random-2,150,0,30.0,solved,0.101914,0.008,3406,49,3406,3350,49,1.016716,0,,/home/carsten/Projects/MAPF/MAPF Evaluator/results/pptl-empty32/runs/pp_guided_tl_shortest/empty-32-32/empty-32-32-random-2_a150_s0_r0,,,"{""agents"": ""150"", ""comp_time"": ""8"", ""first_ms"": ""8.1"", ""makespan"": ""49"", ""makespan_lb"": ""49"", ""map_file"": ""empty-32-32.map"", ""pp_demote_rounds"": ""0"", ""pp_failed"": ""0"", ""pp_order"": ""shortest"", ""pp_plan_ms"": ""4.2"", ""pp_plan_soc"": ""3406"", ""pp_tl"": ""0"", ""pp_used"": ""1"", ""seed"": ""0"", ""soc"": ""3406"", ""soc_lb"": ""3350"", ""solved"": ""1"", ""solver"": ""planner"", ""sum_of_loss"": ""3406"", ""sum_of_loss_lb"": ""3350""}"
pp_guided_tl:shortest,PP-guided (shortest first),empty-32-32,empty-32-32-random-2,150,2,30.0,solved,0.065386,0.008,3406,49,3406,3350,49,1.016716,0,,/home/carsten/Projects/MAPF/MAPF Evaluator/results/pptl-empty32/runs/pp_guided_tl_shortest/empty-32-32/empty-32-32-random-2_a150_s2_r0,,,"{""agents"": ""150"", ""comp_time"": ""8"", ""first_ms"": ""7.9"", ""makespan"": ""49"", ""makespan_lb"": ""49"", ""map_file"": ""empty-32-32.map"", ""pp_demote_rounds"": ""0"", ""pp_failed"": ""0"", ""pp_order"": ""shortest"", ""pp_plan_ms"": ""4.2"", ""pp_plan_soc"": ""3406"", ""pp_tl"": ""0"", ""pp_used"": ""1"", ""seed"": ""2"", ""soc"": ""3406"", ""soc_lb"": ""3350"", ""solved"": ""1"", ""solver"": ""planner"", ""sum_of_loss"": ""3406"", ""sum_of_loss_lb"": ""3350""}"
pp_guided_tl:shortest_tl,PP-guided (shortest first) + traffic load in SIPP,empty-32-32,empty-32-32-random-2,150,0,30.0,solved,0.093708,0.014,3397,49,3397,3350,49,1.01403,0,,/home/carsten/Projects/MAPF/MAPF Evaluator/results/pptl-empty32/runs/pp_guided_tl_shortest_tl/empty-32-32/empty-32-32-random-2_a150_s0_r0,,,"{""agents"": ""150"", ""comp_time"": ""14"", ""first_ms"": ""13.8"", ""makespan"": ""49"", ""makespan_lb"": ""49"", ""map_file"": ""empty-32-32.map"", ""pp_demote_rounds"": ""0"", ""pp_failed"": ""0"", ""pp_order"": ""shortest"", ""pp_plan_ms"": ""8.9"", ""pp_plan_soc"": ""3397"", ""pp_tl"": ""1"", ""pp_used"": ""1"", ""seed"": ""0"", ""soc"": ""3397"", ""soc_lb"": ""3350"", ""solved"": ""1"", ""solver"": ""planner"", ""sum_of_loss"": ""3397"", ""sum_of_loss_lb"": ""3350""}"
pp_guided_tl:shortest_tl,PP-guided (shortest first) + traffic load in SIPP,empty-32-32,empty-32-32-random-2,150,2,30.0,solved,0.126984,0.014,3397,49,3397,3350,49,1.01403,0,,/home/carsten/Projects/MAPF/MAPF Evaluator/results/pptl-empty32/runs/pp_guided_tl_shortest_tl/empty-32-32/empty-32-32-random-2_a150_s2_r0,,,"{""agents"": ""150"", ""comp_time"": ""14"", ""first_ms"": ""14.3"", ""makespan"": ""49"", ""makespan_lb"": ""49"", ""map_file"": ""empty-32-32.map"", ""pp_demote_rounds"": ""0"", ""pp_failed"": ""0"", ""pp_order"": ""shortest"", ""pp_plan_ms"": ""8.8"", ""pp_plan_soc"": ""3397"", ""pp_tl"": ""1"", ""pp_used"": ""1"", ""seed"": ""2"", ""soc"": ""3397"", ""soc_lb"": ""3350"", ""solved"": ""1"", ""solver"": ""planner"", ""sum_of_loss"": ""3397"", ""sum_of_loss_lb"": ""3350""}"
pp_guided_tl:shortest_tl,PP-guided (shortest first) + traffic load in SIPP,empty-32-32,empty-32-32-random-2,150,1,30.0,solved,0.13086,0.014,3397,49,3397,3350,49,1.01403,0,,/home/carsten/Projects/MAPF/MAPF Evaluator/results/pptl-empty32/runs/pp_guided_tl_shortest_tl/empty-32-32/empty-32-32-random-2_a150_s1_r0,,,"{""agents"": ""150"", ""comp_time"": ""14"", ""first_ms"": ""13.9"", ""makespan"": ""49"", ""makespan_lb"": ""49"", ""map_file"": ""empty-32-32.map"", ""pp_demote_rounds"": ""0"", ""pp_failed"": ""0"", ""pp_order"": ""shortest"", ""pp_plan_ms"": ""9.1"", ""pp_plan_soc"": ""3397"", ""pp_tl"": ""1"", ""pp_used"": ""1"", ""seed"": ""1"", ""soc"": ""3397"", ""soc_lb"": ""3350"", ""solved"": ""1"", ""solver"": ""planner"", ""sum_of_loss"": ""3397"", ""sum_of_loss_lb"": ""3350""}"
pp_guided_tl:traffic,PP-guided (traffic-last),empty-32-32,empty-32-32-random-2,150,0,30.0,solved,0.058575,0.014,4293,49,3659,3350,49,1.281493,0,,/home/carsten/Projects/MAPF/MAPF Evaluator/results/pptl-empty32/runs/pp_guided_tl_traffic/empty-32-32/empty-32-32-random-2_a150_s0_r0,,,"{""agents"": ""150"", ""comp_time"": ""14"", ""first_ms"": ""14.2"", ""makespan"": ""49"", ""makespan_lb"": ""49"", ""map_file"": ""empty-32-32.map"", ""pp_demote_rounds"": ""0"", ""pp_failed"": ""0"", ""pp_order"": ""traffic-last"", ""pp_plan_ms"": ""9.6"", ""pp_plan_soc"": ""4293"", ""pp_tl"": ""0"", ""pp_used"": ""1"", ""seed"": ""0"", ""soc"": ""4293"", ""soc_lb"": ""3350"", ""solved"": ""1"", ""solver"": ""planner"", ""sum_of_loss"": ""3742"", ""sum_of_loss_lb"": ""3350""}"
pp_guided_tl:traffic,PP-guided (traffic-last),empty-32-32,empty-32-32-random-2,150,1,30.0,solved,0.069077,0.015,4293,49,3659,3350,49,1.281493,0,,/home/carsten/Projects/MAPF/MAPF Evaluator/results/pptl-empty32/runs/pp_guided_tl_traffic/empty-32-32/empty-32-32-random-2_a150_s1_r0,,,"{""agents"": ""150"", ""comp_time"": ""15"", ""first_ms"": ""14.4"", ""makespan"": ""49"", ""makespan_lb"": ""49"", ""map_file"": ""empty-32-32.map"", ""pp_demote_rounds"": ""0"", ""pp_failed"": ""0"", ""pp_order"": ""traffic-last"", ""pp_plan_ms"": ""9.4"", ""pp_plan_soc"": ""4293"", ""pp_tl"": ""0"", ""pp_used"": ""1"", ""seed"": ""1"", ""soc"": ""4293"", ""soc_lb"": ""3350"", ""solved"": ""1"", ""solver"": ""planner"", ""sum_of_loss"": ""3742"", ""sum_of_loss_lb"": ""3350""}"
pp_guided_tl:traffic,PP-guided (traffic-last),empty-32-32,empty-32-32-random-2,150,2,30.0,solved,0.086408,0.014,4293,49,3659,3350,49,1.281493,0,,/home/carsten/Projects/MAPF/MAPF Evaluator/results/pptl-empty32/runs/pp_guided_tl_traffic/empty-32-32/empty-32-32-random-2_a150_s2_r0,,,"{""agents"": ""150"", ""comp_time"": ""14"", ""first_ms"": ""14.1"", ""makespan"": ""49"", ""makespan_lb"": ""49"", ""map_file"": ""empty-32-32.map"", ""pp_demote_rounds"": ""0"", ""pp_failed"": ""0"", ""pp_order"": ""traffic-last"", ""pp_plan_ms"": ""9.2"", ""pp_plan_soc"": ""4293"", ""pp_tl"": ""0"", ""pp_used"": ""1"", ""seed"": ""2"", ""soc"": ""4293"", ""soc_lb"": ""3350"", ""solved"": ""1"", ""solver"": ""planner"", ""sum_of_loss"": ""3742"", ""sum_of_loss_lb"": ""3350""}"
pp_guided_tl:traffic_tl,PP-guided (traffic-last) + traffic load in SIPP,empty-32-32,empty-32-32-random-2,150,0,30.0,solved,0.061976,0.021,4081,49,3680,3350,49,1.218209,0,,/home/carsten/Projects/MAPF/MAPF Evaluator/results/pptl-empty32/runs/pp_guided_tl_traffic_tl/empty-32-32/empty-32-32-random-2_a150_s0_r0,,,"{""agents"": ""150"", ""comp_time"": ""21"", ""first_ms"": ""20.2"", ""makespan"": ""49"", ""makespan_lb"": ""49"", ""map_file"": ""empty-32-32.map"", ""pp_demote_rounds"": ""0"", ""pp_failed"": ""0"", ""pp_order"": ""traffic-last"", ""pp_plan_ms"": ""14.4"", ""pp_plan_soc"": ""4081"", ""pp_tl"": ""1"", ""pp_used"": ""1"", ""seed"": ""0"", ""soc"": ""4081"", ""soc_lb"": ""3350"", ""solved"": ""1"", ""solver"": ""planner"", ""sum_of_loss"": ""3723"", ""sum_of_loss_lb"": ""3350""}"
pp_guided_tl:traffic_tl,PP-guided (traffic-last) + traffic load in SIPP,empty-32-32,empty-32-32-random-2,150,2,30.0,solved,0.051139,0.021,4081,49,3680,3350,49,1.218209,0,,/home/carsten/Projects/MAPF/MAPF Evaluator/results/pptl-empty32/runs/pp_guided_tl_traffic_tl/empty-32-32/empty-32-32-random-2_a150_s2_r0,,,"{""agents"": ""150"", ""comp_time"": ""21"", ""first_ms"": ""20.9"", ""makespan"": ""49"", ""makespan_lb"": ""49"", ""map_file"": ""empty-32-32.map"", ""pp_demote_rounds"": ""0"", ""pp_failed"": ""0"", ""pp_order"": ""traffic-last"", ""pp_plan_ms"": ""14.6"", ""pp_plan_soc"": ""4081"", ""pp_tl"": ""1"", ""pp_used"": ""1"", ""seed"": ""2"", ""soc"": ""4081"", ""soc_lb"": ""3350"", ""solved"": ""1"", ""solver"": ""planner"", ""sum_of_loss"": ""3723"", ""sum_of_loss_lb"": ""3350""}"
pp_guided_tl:traffic_tl,PP-guided (traffic-last) + traffic load in SIPP,empty-32-32,empty-32-32-random-2,150,1,30.0,solved,0.063235,0.02,4081,49,3680,3350,49,1.218209,0,,/home/carsten/Projects/MAPF/MAPF Evaluator/results/pptl-empty32/runs/pp_guided_tl_traffic_tl/empty-32-32/empty-32-32-random-2_a150_s1_r0,,,"{""agents"": ""150"", ""comp_time"": ""20"", ""first_ms"": ""20.4"", ""makespan"": ""49"", ""makespan_lb"": ""49"", ""map_file"": ""empty-32-32.map"", ""pp_demote_rounds"": ""0"", ""pp_failed"": ""0"", ""pp_order"": ""traffic-last"", ""pp_plan_ms"": ""14.4"", ""pp_plan_soc"": ""4081"", ""pp_tl"": ""1"", ""pp_used"": ""1"", ""seed"": ""1"", ""soc"": ""4081"", ""soc_lb"": ""3350"", ""solved"": ""1"", ""solver"": ""planner"", ""sum_of_loss"": ""3723"", ""sum_of_loss_lb"": ""3350""}"
pp_guided_tl:shortest,PP-guided (shortest first),empty-32-32,empty-32-32-random-2,200,0,30.0,solved,0.132815,0.012,4523,49,4523,4390,49,1.030296,0,,/home/carsten/Projects/MAPF/MAPF Evaluator/results/pptl-empty32/runs/pp_guided_tl_shortest/empty-32-32/empty-32-32-random-2_a200_s0_r0,,,"{""agents"": ""200"", ""comp_time"": ""12"", ""first_ms"": ""11.9"", ""makespan"": ""49"", ""makespan_lb"": ""49"", ""map_file"": ""empty-32-32.map"", ""pp_demote_rounds"": ""0"", ""pp_failed"": ""0"", ""pp_order"": ""shortest"", ""pp_plan_ms"": ""6.9"", ""pp_plan_soc"": ""4523"", ""pp_tl"": ""0"", ""pp_used"": ""1"", ""seed"": ""0"", ""soc"": ""4523"", ""soc_lb"": ""4390"", ""solved"": ""1"", ""solver"": ""planner"", ""sum_of_loss"": ""4523"", ""sum_of_loss_lb"": ""4390""}"
pp_guided_tl:shortest,PP-guided (shortest first),empty-32-32,empty-32-32-random-2,200,1,30.0,solved,0.078485,0.012,4523,49,4523,4390,49,1.030296,0,,/home/carsten/Projects/MAPF/MAPF Evaluator/results/pptl-empty32/runs/pp_guided_tl_shortest/empty-32-32/empty-32-32-random-2_a200_s1_r0,,,"{""agents"": ""200"", ""comp_time"": ""12"", ""first_ms"": ""11.9"", ""makespan"": ""49"", ""makespan_lb"": ""49"", ""map_file"": ""empty-32-32.map"", ""pp_demote_rounds"": ""0"", ""pp_failed"": ""0"", ""pp_order"": ""shortest"", ""pp_plan_ms"": ""6.9"", ""pp_plan_soc"": ""4523"", ""pp_tl"": ""0"", ""pp_used"": ""1"", ""seed"": ""1"", ""soc"": ""4523"", ""soc_lb"": ""4390"", ""solved"": ""1"", ""solver"": ""planner"", ""sum_of_loss"": ""4523"", ""sum_of_loss_lb"": ""4390""}"
pp_guided_tl:shortest_tl,PP-guided (shortest first) + traffic load in SIPP,empty-32-32,empty-32-32-random-2,200,0,30.0,solved,0.073777,0.02,4512,49,4512,4390,49,1.02779,0,,/home/carsten/Projects/MAPF/MAPF Evaluator/results/pptl-empty32/runs/pp_guided_tl_shortest_tl/empty-32-32/empty-32-32-random-2_a200_s0_r0,,,"{""agents"": ""200"", ""comp_time"": ""20"", ""first_ms"": ""19.9"", ""makespan"": ""49"", ""makespan_lb"": ""49"", ""map_file"": ""empty-32-32.map"", ""pp_demote_rounds"": ""0"", ""pp_failed"": ""0"", ""pp_order"": ""shortest"", ""pp_plan_ms"": ""12.1"", ""pp_plan_soc"": ""4512"", ""pp_tl"": ""1"", ""pp_used"": ""1"", ""seed"": ""0"", ""soc"": ""4512"", ""soc_lb"": ""4390"", ""solved"": ""1"", ""solver"": ""planner"", ""sum_of_loss"": ""4512"", ""sum_of_loss_lb"": ""4390""}"
pp_guided_tl:shortest,PP-guided (shortest first),empty-32-32,empty-32-32-random-2,200,2,30.0,solved,0.119575,0.012,4523,49,4523,4390,49,1.030296,0,,/home/carsten/Projects/MAPF/MAPF Evaluator/results/pptl-empty32/runs/pp_guided_tl_shortest/empty-32-32/empty-32-32-random-2_a200_s2_r0,,,"{""agents"": ""200"", ""comp_time"": ""12"", ""first_ms"": ""12.0"", ""makespan"": ""49"", ""makespan_lb"": ""49"", ""map_file"": ""empty-32-32.map"", ""pp_demote_rounds"": ""0"", ""pp_failed"": ""0"", ""pp_order"": ""shortest"", ""pp_plan_ms"": ""7.0"", ""pp_plan_soc"": ""4523"", ""pp_tl"": ""0"", ""pp_used"": ""1"", ""seed"": ""2"", ""soc"": ""4523"", ""soc_lb"": ""4390"", ""solved"": ""1"", ""solver"": ""planner"", ""sum_of_loss"": ""4523"", ""sum_of_loss_lb"": ""4390""}"
pp_guided_tl:shortest_tl,PP-guided (shortest first) + traffic load in SIPP,empty-32-32,empty-32-32-random-2,200,2,30.0,solved,0.061178,0.019,4512,49,4512,4390,49,1.02779,0,,/home/carsten/Projects/MAPF/MAPF Evaluator/results/pptl-empty32/runs/pp_guided_tl_shortest_tl/empty-32-32/empty-32-32-random-2_a200_s2_r0,,,"{""agents"": ""200"", ""comp_time"": ""19"", ""first_ms"": ""19.2"", ""makespan"": ""49"", ""makespan_lb"": ""49"", ""map_file"": ""empty-32-32.map"", ""pp_demote_rounds"": ""0"", ""pp_failed"": ""0"", ""pp_order"": ""shortest"", ""pp_plan_ms"": ""12.2"", ""pp_plan_soc"": ""4512"", ""pp_tl"": ""1"", ""pp_used"": ""1"", ""seed"": ""2"", ""soc"": ""4512"", ""soc_lb"": ""4390"", ""solved"": ""1"", ""solver"": ""planner"", ""sum_of_loss"": ""4512"", ""sum_of_loss_lb"": ""4390""}"
pp_guided_tl:shortest_tl,PP-guided (shortest first) + traffic load in SIPP,empty-32-32,empty-32-32-random-2,200,1,30.0,solved,0.10702,0.02,4512,49,4512,4390,49,1.02779,0,,/home/carsten/Projects/MAPF/MAPF Evaluator/results/pptl-empty32/runs/pp_guided_tl_shortest_tl/empty-32-32/empty-32-32-random-2_a200_s1_r0,,,"{""agents"": ""200"", ""comp_time"": ""20"", ""first_ms"": ""19.1"", ""makespan"": ""49"", ""makespan_lb"": ""49"", ""map_file"": ""empty-32-32.map"", ""pp_demote_rounds"": ""0"", ""pp_failed"": ""0"", ""pp_order"": ""shortest"", ""pp_plan_ms"": ""12.4"", ""pp_plan_soc"": ""4512"", ""pp_tl"": ""1"", ""pp_used"": ""1"", ""seed"": ""1"", ""soc"": ""4512"", ""soc_lb"": ""4390"", ""solved"": ""1"", ""solver"": ""planner"", ""sum_of_loss"": ""4512"", ""sum_of_loss_lb"": ""4390""}"
pp_guided_tl:traffic,PP-guided (traffic-last),empty-32-32,empty-32-32-random-2,200,0,30.0,solved,0.108642,0.023,5989,49,4965,4390,49,1.364237,0,,/home/carsten/Projects/MAPF/MAPF Evaluator/results/pptl-empty32/runs/pp_guided_tl_traffic/empty-32-32/empty-32-32-random-2_a200_s0_r0,,,"{""agents"": ""200"", ""comp_time"": ""23"", ""first_ms"": ""23.5"", ""makespan"": ""49"", ""makespan_lb"": ""49"", ""map_file"": ""empty-32-32.map"", ""pp_demote_rounds"": ""0"", ""pp_failed"": ""0"", ""pp_order"": ""traffic-last"", ""pp_plan_ms"": ""16.5"", ""pp_plan_soc"": ""5989"", ""pp_tl"": ""0"", ""pp_used"": ""1"", ""seed"": ""0"", ""soc"": ""5989"", ""soc_lb"": ""4390"", ""solved"": ""1"", ""solver"": ""planner"", ""sum_of_loss"": ""5108"", ""sum_of_loss_lb"": ""4390""}"
pp_guided_tl:traffic,PP-guided (traffic-last),empty-32-32,empty-32-32-random-2,200,1,30.0,solved,0.219263,0.023,5989,49,4965,4390,49,1.364237,0,,/home/carsten/Projects/MAPF/MAPF Evaluator/results/pptl-empty32/runs/pp_guided_tl_traffic/empty-32-32/empty-32-32-random-2_a200_s1_r0,,,"{""agents"": ""200"", ""comp_time"": ""23"", ""first_ms"": ""23.2"", ""makespan"": ""49"", ""makespan_lb"": ""49"", ""map_file"": ""empty-32-32.map"", ""pp_demote_rounds"": ""0"", ""pp_failed"": ""0"", ""pp_order"": ""traffic-last"", ""pp_plan_ms"": ""16.4"", ""pp_plan_soc"": ""5989"", ""pp_tl"": ""0"", ""pp_used"": ""1"", ""seed"": ""1"", ""soc"": ""5989"", ""soc_lb"": ""4390"", ""solved"": ""1"", ""solver"": ""planner"", ""sum_of_loss"": ""5108"", ""sum_of_loss_lb"": ""4390""}"
pp_guided_tl:traffic,PP-guided (traffic-last),empty-32-32,empty-32-32-random-2,200,2,30.0,solved,0.052506,0.025,5989,49,4965,4390,49,1.364237,0,,/home/carsten/Projects/MAPF/MAPF Evaluator/results/pptl-empty32/runs/pp_guided_tl_traffic/empty-32-32/empty-32-32-random-2_a200_s2_r0,,,"{""agents"": ""200"", ""comp_time"": ""25"", ""first_ms"": ""24.4"", ""makespan"": ""49"", ""makespan_lb"": ""49"", ""map_file"": ""empty-32-32.map"", ""pp_demote_rounds"": ""0"", ""pp_failed"": ""0"", ""pp_order"": ""traffic-last"", ""pp_plan_ms"": ""17.1"", ""pp_plan_soc"": ""5989"", ""pp_tl"": ""0"", ""pp_used"": ""1"", ""seed"": ""2"", ""soc"": ""5989"", ""soc_lb"": ""4390"", ""solved"": ""1"", ""solver"": ""planner"", ""sum_of_loss"": ""5108"", ""sum_of_loss_lb"": ""4390""}"
pp_guided_tl:traffic_tl,PP-guided (traffic-last) + traffic load in SIPP,empty-32-32,empty-32-32-random-2,200,0,30.0,solved,0.083087,0.031,5600,49,4989,4390,49,1.275626,0,,/home/carsten/Projects/MAPF/MAPF Evaluator/results/pptl-empty32/runs/pp_guided_tl_traffic_tl/empty-32-32/empty-32-32-random-2_a200_s0_r0,,,"{""agents"": ""200"", ""comp_time"": ""31"", ""first_ms"": ""31.8"", ""makespan"": ""49"", ""makespan_lb"": ""49"", ""map_file"": ""empty-32-32.map"", ""pp_demote_rounds"": ""0"", ""pp_failed"": ""0"", ""pp_order"": ""traffic-last"", ""pp_plan_ms"": ""21.9"", ""pp_plan_soc"": ""5600"", ""pp_tl"": ""1"", ""pp_used"": ""1"", ""seed"": ""0"", ""soc"": ""5600"", ""soc_lb"": ""4390"", ""solved"": ""1"", ""solver"": ""planner"", ""sum_of_loss"": ""5066"", ""sum_of_loss_lb"": ""4390""}"
pp_guided_tl:traffic_tl,PP-guided (traffic-last) + traffic load in SIPP,empty-32-32,empty-32-32-random-2,200,1,30.0,solved,0.087863,0.031,5600,49,4989,4390,49,1.275626,0,,/home/carsten/Projects/MAPF/MAPF Evaluator/results/pptl-empty32/runs/pp_guided_tl_traffic_tl/empty-32-32/empty-32-32-random-2_a200_s1_r0,,,"{""agents"": ""200"", ""comp_time"": ""31"", ""first_ms"": ""30.7"", ""makespan"": ""49"", ""makespan_lb"": ""49"", ""map_file"": ""empty-32-32.map"", ""pp_demote_rounds"": ""0"", ""pp_failed"": ""0"", ""pp_order"": ""traffic-last"", ""pp_plan_ms"": ""21.8"", ""pp_plan_soc"": ""5600"", ""pp_tl"": ""1"", ""pp_used"": ""1"", ""seed"": ""1"", ""soc"": ""5600"", ""soc_lb"": ""4390"", ""solved"": ""1"", ""solver"": ""planner"", ""sum_of_loss"": ""5066"", ""sum_of_loss_lb"": ""4390""}"
pp_guided_tl:shortest,PP-guided (shortest first),empty-32-32,empty-32-32-random-3,50,0,30.0,solved,0.071531,0.003,1087,57,1087,1080,57,1.006481,0,,/home/carsten/Projects/MAPF/MAPF Evaluator/results/pptl-empty32/runs/pp_guided_tl_shortest/empty-32-32/empty-32-32-random-3_a50_s0_r0,,,"{""agents"": ""50"", ""comp_time"": ""3"", ""first_ms"": ""2.4"", ""makespan"": ""57"", ""makespan_lb"": ""57"", ""map_file"": ""empty-32-32.map"", ""pp_demote_rounds"": ""0"", ""pp_failed"": ""0"", ""pp_order"": ""shortest"", ""pp_plan_ms"": ""1.0"", ""pp_plan_soc"": ""1087"", ""pp_tl"": ""0"", ""pp_used"": ""1"", ""seed"": ""0"", ""soc"": ""1087"", ""soc_lb"": ""1080"", ""solved"": ""1"", ""solver"": ""planner"", ""sum_of_loss"": ""1087"", ""sum_of_loss_lb"": ""1080""}"
pp_guided_tl:shortest,PP-guided (shortest first),empty-32-32,empty-32-32-random-3,50,2,30.0,solved,0.009738,0.003,1087,57,1087,1080,57,1.006481,0,,/home/carsten/Projects/MAPF/MAPF Evaluator/results/pptl-empty32/runs/pp_guided_tl_shortest/empty-32-32/empty-32-32-random-3_a50_s2_r0,,,"{""agents"": ""50"", ""comp_time"": ""3"", ""first_ms"": ""2.5"", ""makespan"": ""57"", ""makespan_lb"": ""57"", ""map_file"": ""empty-32-32.map"", ""pp_demote_rounds"": ""0"", ""pp_failed"": ""0"", ""pp_order"": ""shortest"", ""pp_plan_ms"": ""1.0"", ""pp_plan_soc"": ""1087"", ""pp_tl"": ""0"", ""pp_used"": ""1"", ""seed"": ""2"", ""soc"": ""1087"", ""soc_lb"": ""1080"", ""solved"": ""1"", ""solver"": ""planner"", ""sum_of_loss"": ""1087"", ""sum_of_loss_lb"": ""1080""}"
pp_guided_tl:shortest,PP-guided (shortest first),empty-32-32,empty-32-32-random-3,50,1,30.0,solved,0.014691,0.003,1087,57,1087,1080,57,1.006481,0,,/home/carsten/Projects/MAPF/MAPF Evaluator/results/pptl-empty32/runs/pp_guided_tl_shortest/empty-32-32/empty-32-32-random-3_a50_s1_r0,,,"{""agents"": ""50"", ""comp_time"": ""3"", ""first_ms"": ""2.5"", ""makespan"": ""57"", ""makespan_lb"": ""57"", ""map_file"": ""empty-32-32.map"", ""pp_demote_rounds"": ""0"", ""pp_failed"": ""0"", ""pp_order"": ""shortest"", ""pp_plan_ms"": ""1.0"", ""pp_plan_soc"": ""1087"", ""pp_tl"": ""0"", ""pp_used"": ""1"", ""seed"": ""1"", ""soc"": ""1087"", ""soc_lb"": ""1080"", ""solved"": ""1"", ""solver"": ""planner"", ""sum_of_loss"": ""1087"", ""sum_of_loss_lb"": ""1080""}"
pp_guided_tl:traffic_tl,PP-guided (traffic-last) + traffic load in SIPP,empty-32-32,empty-32-32-random-2,200,2,30.0,solved,0.047491,0.03,5600,49,4989,4390,49,1.275626,0,,/home/carsten/Projects/MAPF/MAPF Evaluator/results/pptl-empty32/runs/pp_guided_tl_traffic_tl/empty-32-32/empty-32-32-random-2_a200_s2_r0,,,"{""agents"": ""200"", ""comp_time"": ""30"", ""first_ms"": ""30.3"", ""makespan"": ""49"", ""makespan_lb"": ""49"", ""map_file"": ""empty-32-32.map"", ""pp_demote_rounds"": ""0"", ""pp_failed"": ""0"", ""pp_order"": ""traffic-last"", ""pp_plan_ms"": ""22.0"", ""pp_plan_soc"": ""5600"", ""pp_tl"": ""1"", ""pp_used"": ""1"", ""seed"": ""2"", ""soc"": ""5600"", ""soc_lb"": ""4390"", ""solved"": ""1"", ""solver"": ""planner"", ""sum_of_loss"": ""5066"", ""sum_of_loss_lb"": ""4390""}"
pp_guided_tl:shortest_tl,PP-guided (shortest first) + traffic load in SIPP,empty-32-32,empty-32-32-random-3,50,0,30.0,solved,0.046185,0.005,1087,57,1087,1080,57,1.006481,0,,/home/carsten/Projects/MAPF/MAPF Evaluator/results/pptl-empty32/runs/pp_guided_tl_shortest_tl/empty-32-32/empty-32-32-random-3_a50_s0_r0,,,"{""agents"": ""50"", ""comp_time"": ""5"", ""first_ms"": ""4.3"", ""makespan"": ""57"", ""makespan_lb"": ""57"", ""map_file"": ""empty-32-32.map"", ""pp_demote_rounds"": ""0"", ""pp_failed"": ""0"", ""pp_order"": ""shortest"", ""pp_plan_ms"": ""3.0"", ""pp_plan_soc"": ""1087"", ""pp_tl"": ""1"", ""pp_used"": ""1"", ""seed"": ""0"", ""soc"": ""1087"", ""soc_lb"": ""1080"", ""solved"": ""1"", ""solver"": ""planner"", ""sum_of_loss"": ""1087"", ""sum_of_loss_lb"": ""1080""}"
pp_guided_tl:shortest_tl,PP-guided (shortest first) + traffic load in SIPP,empty-32-32,empty-32-32-random-3,50,1,30.0,solved,0.02727,0.005,1087,57,1087,1080,57,1.006481,0,,/home/carsten/Projects/MAPF/MAPF Evaluator/results/pptl-empty32/runs/pp_guided_tl_shortest_tl/empty-32-32/empty-32-32-random-3_a50_s1_r0,,,"{""agents"": ""50"", ""comp_time"": ""5"", ""first_ms"": ""4.3"", ""makespan"": ""57"", ""makespan_lb"": ""57"", ""map_file"": ""empty-32-32.map"", ""pp_demote_rounds"": ""0"", ""pp_failed"": ""0"", ""pp_order"": ""shortest"", ""pp_plan_ms"": ""2.9"", ""pp_plan_soc"": ""1087"", ""pp_tl"": ""1"", ""pp_used"": ""1"", ""seed"": ""1"", ""soc"": ""1087"", ""soc_lb"": ""1080"", ""solved"": ""1"", ""solver"": ""planner"", ""sum_of_loss"": ""1087"", ""sum_of_loss_lb"": ""1080""}"
pp_guided_tl:shortest_tl,PP-guided (shortest first) + traffic load in SIPP,empty-32-32,empty-32-32-random-3,50,2,30.0,solved,0.050429,0.005,1087,57,1087,1080,57,1.006481,0,,/home/carsten/Projects/MAPF/MAPF Evaluator/results/pptl-empty32/runs/pp_guided_tl_shortest_tl/empty-32-32/empty-32-32-random-3_a50_s2_r0,,,"{""agents"": ""50"", ""comp_time"": ""5"", ""first_ms"": ""4.2"", ""makespan"": ""57"", ""makespan_lb"": ""57"", ""map_file"": ""empty-32-32.map"", ""pp_demote_rounds"": ""0"", ""pp_failed"": ""0"", ""pp_order"": ""shortest"", ""pp_plan_ms"": ""2.8"", ""pp_plan_soc"": ""1087"", ""pp_tl"": ""1"", ""pp_used"": ""1"", ""seed"": ""2"", ""soc"": ""1087"", ""soc_lb"": ""1080"", ""solved"": ""1"", ""solver"": ""planner"", ""sum_of_loss"": ""1087"", ""sum_of_loss_lb"": ""1080""}"
pp_guided_tl:traffic,PP-guided (traffic-last),empty-32-32,empty-32-32-random-3,50,0,30.0,solved,0.047423,0.003,1195,57,1102,1080,57,1.106481,0,,/home/carsten/Projects/MAPF/MAPF Evaluator/results/pptl-empty32/runs/pp_guided_tl_traffic/empty-32-32/empty-32-32-random-3_a50_s0_r0,,,"{""agents"": ""50"", ""comp_time"": ""3"", ""first_ms"": ""3.2"", ""makespan"": ""57"", ""makespan_lb"": ""57"", ""map_file"": ""empty-32-32.map"", ""pp_demote_rounds"": ""0"", ""pp_failed"": ""0"", ""pp_order"": ""traffic-last"", ""pp_plan_ms"": ""1.4"", ""pp_plan_soc"": ""1195"", ""pp_tl"": ""0"", ""pp_used"": ""1"", ""seed"": ""0"", ""soc"": ""1195"", ""soc_lb"": ""1080"", ""solved"": ""1"", ""solver"": ""planner"", ""sum_of_loss"": ""1110"", ""sum_of_loss_lb"": ""1080""}"
pp_guided_tl:traffic,PP-guided (traffic-last),empty-32-32,empty-32-32-random-3,50,2,30.0,solved,0.024518,0.003,1195,57,1102,1080,57,1.106481,0,,/home/carsten/Projects/MAPF/MAPF Evaluator/results/pptl-empty32/runs/pp_guided_tl_traffic/empty-32-32/empty-32-32-random-3_a50_s2_r0,,,"{""agents"": ""50"", ""comp_time"": ""3"", ""first_ms"": ""3.4"", ""makespan"": ""57"", ""makespan_lb"": ""57"", ""map_file"": ""empty-32-32.map"", ""pp_demote_rounds"": ""0"", ""pp_failed"": ""0"", ""pp_order"": ""traffic-last"", ""pp_plan_ms"": ""1.4"", ""pp_plan_soc"": ""1195"", ""pp_tl"": ""0"", ""pp_used"": ""1"", ""seed"": ""2"", ""soc"": ""1195"", ""soc_lb"": ""1080"", ""solved"": ""1"", ""solver"": ""planner"", ""sum_of_loss"": ""1110"", ""sum_of_loss_lb"": ""1080""}"
pp_guided_tl:traffic,PP-guided (traffic-last),empty-32-32,empty-32-32-random-3,50,1,30.0,solved,0.047433,0.004,1195,57,1102,1080,57,1.106481,0,,/home/carsten/Projects/MAPF/MAPF Evaluator/results/pptl-empty32/runs/pp_guided_tl_traffic/empty-32-32/empty-32-32-random-3_a50_s1_r0,,,"{""agents"": ""50"", ""comp_time"": ""4"", ""first_ms"": ""3.4"", ""makespan"": ""57"", ""makespan_lb"": ""57"", ""map_file"": ""empty-32-32.map"", ""pp_demote_rounds"": ""0"", ""pp_failed"": ""0"", ""pp_order"": ""traffic-last"", ""pp_plan_ms"": ""1.4"", ""pp_plan_soc"": ""1195"", ""pp_tl"": ""0"", ""pp_used"": ""1"", ""seed"": ""1"", ""soc"": ""1195"", ""soc_lb"": ""1080"", ""solved"": ""1"", ""solver"": ""planner"", ""sum_of_loss"": ""1110"", ""sum_of_loss_lb"": ""1080""}"
pp_guided_tl:traffic_tl,PP-guided (traffic-last) + traffic load in SIPP,empty-32-32,empty-32-32-random-3,50,0,30.0,solved,0.04603,0.005,1201,57,1128,1080,57,1.112037,0,,/home/carsten/Projects/MAPF/MAPF Evaluator/results/pptl-empty32/runs/pp_guided_tl_traffic_tl/empty-32-32/empty-32-32-random-3_a50_s0_r0,,,"{""agents"": ""50"", ""comp_time"": ""5"", ""first_ms"": ""5.2"", ""makespan"": ""57"", ""makespan_lb"": ""57"", ""map_file"": ""empty-32-32.map"", ""pp_demote_rounds"": ""0"", ""pp_failed"": ""0"", ""pp_order"": ""traffic-last"", ""pp_plan_ms"": ""3.0"", ""pp_plan_soc"": ""1201"", ""pp_tl"": ""1"", ""pp_used"": ""1"", ""seed"": ""0"", ""soc"": ""1201"", ""soc_lb"": ""1080"", ""solved"": ""1"", ""solver"": ""planner"", ""sum_of_loss"": ""1135"", ""sum_of_loss_lb"": ""1080""}"
pp_guided_tl:traffic_tl,PP-guided (traffic-last) + traffic load in SIPP,empty-32-32,empty-32-32-random-3,50,2,30.0,solved,0.030646,0.005,1201,57,1128,1080,57,1.112037,0,,/home/carsten/Projects/MAPF/MAPF Evaluator/results/pptl-empty32/runs/pp_guided_tl_traffic_tl/empty-32-32/empty-32-32-random-3_a50_s2_r0,,,"{""agents"": ""50"", ""comp_time"": ""5"", ""first_ms"": ""4.2"", ""makespan"": ""57"", ""makespan_lb"": ""57"", ""map_file"": ""empty-32-32.map"", ""pp_demote_rounds"": ""0"", ""pp_failed"": ""0"", ""pp_order"": ""traffic-last"", ""pp_plan_ms"": ""2.8"", ""pp_plan_soc"": ""1201"", ""pp_tl"": ""1"", ""pp_used"": ""1"", ""seed"": ""2"", ""soc"": ""1201"", ""soc_lb"": ""1080"", ""solved"": ""1"", ""solver"": ""planner"", ""sum_of_loss"": ""1135"", ""sum_of_loss_lb"": ""1080""}"
pp_guided_tl:traffic_tl,PP-guided (traffic-last) + traffic load in SIPP,empty-32-32,empty-32-32-random-3,50,1,30.0,solved,0.055287,0.005,1201,57,1128,1080,57,1.112037,0,,/home/carsten/Projects/MAPF/MAPF Evaluator/results/pptl-empty32/runs/pp_guided_tl_traffic_tl/empty-32-32/empty-32-32-random-3_a50_s1_r0,,,"{""agents"": ""50"", ""comp_time"": ""5"", ""first_ms"": ""5.2"", ""makespan"": ""57"", ""makespan_lb"": ""57"", ""map_file"": ""empty-32-32.map"", ""pp_demote_rounds"": ""0"", ""pp_failed"": ""0"", ""pp_order"": ""traffic-last"", ""pp_plan_ms"": ""2.9"", ""pp_plan_soc"": ""1201"", ""pp_tl"": ""1"", ""pp_used"": ""1"", ""seed"": ""1"", ""soc"": ""1201"", ""soc_lb"": ""1080"", ""solved"": ""1"", ""solver"": ""planner"", ""sum_of_loss"": ""1135"", ""sum_of_loss_lb"": ""1080""}"
pp_guided_tl:shortest,PP-guided (shortest first),empty-32-32,empty-32-32-random-3,100,0,30.0,solved,0.059422,0.005,2161,57,2161,2137,57,1.011231,0,,/home/carsten/Projects/MAPF/MAPF Evaluator/results/pptl-empty32/runs/pp_guided_tl_shortest/empty-32-32/empty-32-32-random-3_a100_s0_r0,,,"{""agents"": ""100"", ""comp_time"": ""5"", ""first_ms"": ""5.2"", ""makespan"": ""57"", ""makespan_lb"": ""57"", ""map_file"": ""empty-32-32.map"", ""pp_demote_rounds"": ""0"", ""pp_failed"": ""0"", ""pp_order"": ""shortest"", ""pp_plan_ms"": ""2.2"", ""pp_plan_soc"": ""2161"", ""pp_tl"": ""0"", ""pp_used"": ""1"", ""seed"": ""0"", ""soc"": ""2161"", ""soc_lb"": ""2137"", ""solved"": ""1"", ""solver"": ""planner"", ""sum_of_loss"": ""2161"", ""sum_of_loss_lb"": ""2137""}"
pp_guided_tl:shortest,PP-guided (shortest first),empty-32-32,empty-32-32-random-3,100,1,30.0,solved,0.124103,0.005,2161,57,2161,2137,57,1.011231,0,,/home/carsten/Projects/MAPF/MAPF Evaluator/results/pptl-empty32/runs/pp_guided_tl_shortest/empty-32-32/empty-32-32-random-3_a100_s1_r0,,,"{""agents"": ""100"", ""comp_time"": ""5"", ""first_ms"": ""5.2"", ""makespan"": ""57"", ""makespan_lb"": ""57"", ""map_file"": ""empty-32-32.map"", ""pp_demote_rounds"": ""0"", ""pp_failed"": ""0"", ""pp_order"": ""shortest"", ""pp_plan_ms"": ""2.2"", ""pp_plan_soc"": ""2161"", ""pp_tl"": ""0"", ""pp_used"": ""1"", ""seed"": ""1"", ""soc"": ""2161"", ""soc_lb"": ""2137"", ""solved"": ""1"", ""solver"": ""planner"", ""sum_of_loss"": ""2161"", ""sum_of_loss_lb"": ""2137""}"
pp_guided_tl:shortest,PP-guided (shortest first),empty-32-32,empty-32-32-random-3,100,2,30.0,solved,0.045847,0.005,2161,57,2161,2137,57,1.011231,0,,/home/carsten/Projects/MAPF/MAPF Evaluator/results/pptl-empty32/runs/pp_guided_tl_shortest/empty-32-32/empty-32-32-random-3_a100_s2_r0,,,"{""agents"": ""100"", ""comp_time"": ""5"", ""first_ms"": ""5.7"", ""makespan"": ""57"", ""makespan_lb"": ""57"", ""map_file"": ""empty-32-32.map"", ""pp_demote_rounds"": ""0"", ""pp_failed"": ""0"", ""pp_order"": ""shortest"", ""pp_plan_ms"": ""2.2"", ""pp_plan_soc"": ""2161"", ""pp_tl"": ""0"", ""pp_used"": ""1"", ""seed"": ""2"", ""soc"": ""2161"", ""soc_lb"": ""2137"", ""solved"": ""1"", ""solver"": ""planner"", ""sum_of_loss"": ""2161"", ""sum_of_loss_lb"": ""2137""}"
pp_guided_tl:shortest_tl,PP-guided (shortest first) + traffic load in SIPP,empty-32-32,empty-32-32-random-3,100,0,30.0,solved,0.031674,0.009,2155,57,2155,2137,57,1.008423,0,,/home/carsten/Projects/MAPF/MAPF Evaluator/results/pptl-empty32/runs/pp_guided_tl_shortest_tl/empty-32-32/empty-32-32-random-3_a100_s0_r0,,,"{""agents"": ""100"", ""comp_time"": ""9"", ""first_ms"": ""9.3"", ""makespan"": ""57"", ""makespan_lb"": ""57"", ""map_file"": ""empty-32-32.map"", ""pp_demote_rounds"": ""0"", ""pp_failed"": ""0"", ""pp_order"": ""shortest"", ""pp_plan_ms"": ""5.8"", ""pp_plan_soc"": ""2155"", ""pp_tl"": ""1"", ""pp_used"": ""1"", ""seed"": ""0"", ""soc"": ""2155"", ""soc_lb"": ""2137"", ""solved"": ""1"", ""solver"": ""planner"", ""sum_of_loss"": ""2155"", ""sum_of_loss_lb"": ""2137""}"
pp_guided_tl:shortest_tl,PP-guided (shortest first) + traffic load in SIPP,empty-32-32,empty-32-32-random-3,100,1,30.0,solved,0.092047,0.01,2155,57,2155,2137,57,1.008423,0,,/home/carsten/Projects/MAPF/MAPF Evaluator/results/pptl-empty32/runs/pp_guided_tl_shortest_tl/empty-32-32/empty-32-32-random-3_a100_s1_r0,,,"{""agents"": ""100"", ""comp_time"": ""10"", ""first_ms"": ""9.5"", ""makespan"": ""57"", ""makespan_lb"": ""57"", ""map_file"": ""empty-32-32.map"", ""pp_demote_rounds"": ""0"", ""pp_failed"": ""0"", ""pp_order"": ""shortest"", ""pp_plan_ms"": ""5.8"", ""pp_plan_soc"": ""2155"", ""pp_tl"": ""1"", ""pp_used"": ""1"", ""seed"": ""1"", ""soc"": ""2155"", ""soc_lb"": ""2137"", ""solved"": ""1"", ""solver"": ""planner"", ""sum_of_loss"": ""2155"", ""sum_of_loss_lb"": ""2137""}"
pp_guided_tl:shortest_tl,PP-guided (shortest first) + traffic load in SIPP,empty-32-32,empty-32-32-random-3,100,2,30.0,solved,0.044567,0.009,2155,57,2155,2137,57,1.008423,0,,/home/carsten/Projects/MAPF/MAPF Evaluator/results/pptl-empty32/runs/pp_guided_tl_shortest_tl/empty-32-32/empty-32-32-random-3_a100_s2_r0,,,"{""agents"": ""100"", ""comp_time"": ""9"", ""first_ms"": ""9.2"", ""makespan"": ""57"", ""makespan_lb"": ""57"", ""map_file"": ""empty-32-32.map"", ""pp_demote_rounds"": ""0"", ""pp_failed"": ""0"", ""pp_order"": ""shortest"", ""pp_plan_ms"": ""5.8"", ""pp_plan_soc"": ""2155"", ""pp_tl"": ""1"", ""pp_used"": ""1"", ""seed"": ""2"", ""soc"": ""2155"", ""soc_lb"": ""2137"", ""solved"": ""1"", ""solver"": ""planner"", ""sum_of_loss"": ""2155"", ""sum_of_loss_lb"": ""2137""}"
pp_guided_tl:traffic,PP-guided (traffic-last),empty-32-32,empty-32-32-random-3,100,1,30.0,solved,0.058254,0.008,2625,57,2286,2137,57,1.228358,0,,/home/carsten/Projects/MAPF/MAPF Evaluator/results/pptl-empty32/runs/pp_guided_tl_traffic/empty-32-32/empty-32-32-random-3_a100_s1_r0,,,"{""agents"": ""100"", ""comp_time"": ""8"", ""first_ms"": ""8.2"", ""makespan"": ""57"", ""makespan_lb"": ""57"", ""map_file"": ""empty-32-32.map"", ""pp_demote_rounds"": ""0"", ""pp_failed"": ""0"", ""pp_order"": ""traffic-last"", ""pp_plan_ms"": ""5.3"", ""pp_plan_soc"": ""2625"", ""pp_tl"": ""0"", ""pp_used"": ""1"", ""seed"": ""1"", ""soc"": ""2625"", ""soc_lb"": ""2137"", ""solved"": ""1"", ""solver"": ""planner"", ""sum_of_loss"": ""2322"", ""sum_of_loss_lb"": ""2137""}"
pp_guided_tl:traffic,PP-guided (traffic-last),empty-32-32,empty-32-32-random-3,100,0,30.0,solved,0.078646,0.009,2625,57,2286,2137,57,1.228358,0,,/home/carsten/Projects/MAPF/MAPF Evaluator/results/pptl-empty32/runs/pp_guided_tl_traffic/empty-32-32/empty-32-32-random-3_a100_s0_r0,,,"{""agents"": ""100"", ""comp_time"": ""9"", ""first_ms"": ""9.2"", ""makespan"": ""57"", ""makespan_lb"": ""57"", ""map_file"": ""empty-32-32.map"", ""pp_demote_rounds"": ""0"", ""pp_failed"": ""0"", ""pp_order"": ""traffic-last"", ""pp_plan_ms"": ""5.4"", ""pp_plan_soc"": ""2625"", ""pp_tl"": ""0"", ""pp_used"": ""1"", ""seed"": ""0"", ""soc"": ""2625"", ""soc_lb"": ""2137"", ""solved"": ""1"", ""solver"": ""planner"", ""sum_of_loss"": ""2322"", ""sum_of_loss_lb"": ""2137""}"
pp_guided_tl:traffic,PP-guided (traffic-last),empty-32-32,empty-32-32-random-3,100,2,30.0,solved,0.132728,0.009,2625,57,2286,2137,57,1.228358,0,,/home/carsten/Projects/MAPF/MAPF Evaluator/results/pptl-empty32/runs/pp_guided_tl_traffic/empty-32-32/empty-32-32-random-3_a100_s2_r0,,,"{""agents"": ""100"", ""comp_time"": ""9"", ""first_ms"": ""8.4"", ""makespan"": ""57"", ""makespan_lb"": ""57"", ""map_file"": ""empty-32-32.map"", ""pp_demote_rounds"": ""0"", ""pp_failed"": ""0"", ""pp_order"": ""traffic-last"", ""pp_plan_ms"": ""5.3"", ""pp_plan_soc"": ""2625"", ""pp_tl"": ""0"", ""pp_used"": ""1"", ""seed"": ""2"", ""soc"": ""2625"", ""soc_lb"": ""2137"", ""solved"": ""1"", ""solver"": ""planner"", ""sum_of_loss"": ""2322"", ""sum_of_loss_lb"": ""2137""}"
pp_guided_tl:traffic_tl,PP-guided (traffic-last) + traffic load in SIPP,empty-32-32,empty-32-32-random-3,100,0,30.0,solved,0.066135,0.012,2526,57,2306,2137,57,1.182031,0,,/home/carsten/Projects/MAPF/MAPF Evaluator/results/pptl-empty32/runs/pp_guided_tl_traffic_tl/empty-32-32/empty-32-32-random-3_a100_s0_r0,,,"{""agents"": ""100"", ""comp_time"": ""12"", ""first_ms"": ""12.2"", ""makespan"": ""57"", ""makespan_lb"": ""57"", ""map_file"": ""empty-32-32.map"", ""pp_demote_rounds"": ""0"", ""pp_failed"": ""0"", ""pp_order"": ""traffic-last"", ""pp_plan_ms"": ""8.2"", ""pp_plan_soc"": ""2526"", ""pp_tl"": ""1"", ""pp_used"": ""1"", ""seed"": ""0"", ""soc"": ""2526"", ""soc_lb"": ""2137"", ""solved"": ""1"", ""solver"": ""planner"", ""sum_of_loss"": ""2327"", ""sum_of_loss_lb"": ""2137""}"
pp_guided_tl:traffic_tl,PP-guided (traffic-last) + traffic load in SIPP,empty-32-32,empty-32-32-random-3,100,2,30.0,solved,0.046608,0.012,2526,57,2306,2137,57,1.182031,0,,/home/carsten/Projects/MAPF/MAPF Evaluator/results/pptl-empty32/runs/pp_guided_tl_traffic_tl/empty-32-32/empty-32-32-random-3_a100_s2_r0,,,"{""agents"": ""100"", ""comp_time"": ""12"", ""first_ms"": ""12.3"", ""makespan"": ""57"", ""makespan_lb"": ""57"", ""map_file"": ""empty-32-32.map"", ""pp_demote_rounds"": ""0"", ""pp_failed"": ""0"", ""pp_order"": ""traffic-last"", ""pp_plan_ms"": ""8.2"", ""pp_plan_soc"": ""2526"", ""pp_tl"": ""1"", ""pp_used"": ""1"", ""seed"": ""2"", ""soc"": ""2526"", ""soc_lb"": ""2137"", ""solved"": ""1"", ""solver"": ""planner"", ""sum_of_loss"": ""2327"", ""sum_of_loss_lb"": ""2137""}"
pp_guided_tl:traffic_tl,PP-guided (traffic-last) + traffic load in SIPP,empty-32-32,empty-32-32-random-3,100,1,30.0,solved,0.05186,0.012,2526,57,2306,2137,57,1.182031,0,,/home/carsten/Projects/MAPF/MAPF Evaluator/results/pptl-empty32/runs/pp_guided_tl_traffic_tl/empty-32-32/empty-32-32-random-3_a100_s1_r0,,,"{""agents"": ""100"", ""comp_time"": ""12"", ""first_ms"": ""12.3"", ""makespan"": ""57"", ""makespan_lb"": ""57"", ""map_file"": ""empty-32-32.map"", ""pp_demote_rounds"": ""0"", ""pp_failed"": ""0"", ""pp_order"": ""traffic-last"", ""pp_plan_ms"": ""8.1"", ""pp_plan_soc"": ""2526"", ""pp_tl"": ""1"", ""pp_used"": ""1"", ""seed"": ""1"", ""soc"": ""2526"", ""soc_lb"": ""2137"", ""solved"": ""1"", ""solver"": ""planner"", ""sum_of_loss"": ""2327"", ""sum_of_loss_lb"": ""2137""}"
pp_guided_tl:shortest,PP-guided (shortest first),empty-32-32,empty-32-32-random-3,150,0,30.0,solved,0.044213,0.008,3182,57,3182,3135,57,1.014992,0,,/home/carsten/Projects/MAPF/MAPF Evaluator/results/pptl-empty32/runs/pp_guided_tl_shortest/empty-32-32/empty-32-32-random-3_a150_s0_r0,,,"{""agents"": ""150"", ""comp_time"": ""8"", ""first_ms"": ""8.5"", ""makespan"": ""57"", ""makespan_lb"": ""57"", ""map_file"": ""empty-32-32.map"", ""pp_demote_rounds"": ""0"", ""pp_failed"": ""0"", ""pp_order"": ""shortest"", ""pp_plan_ms"": ""3.8"", ""pp_plan_soc"": ""3182"", ""pp_tl"": ""0"", ""pp_used"": ""1"", ""seed"": ""0"", ""soc"": ""3182"", ""soc_lb"": ""3135"", ""solved"": ""1"", ""solver"": ""planner"", ""sum_of_loss"": ""3182"", ""sum_of_loss_lb"": ""3135""}"
pp_guided_tl:shortest,PP-guided (shortest first),empty-32-32,empty-32-32-random-3,150,1,30.0,solved,0.118085,0.008,3182,57,3182,3135,57,1.014992,0,,/home/carsten/Projects/MAPF/MAPF Evaluator/results/pptl-empty32/runs/pp_guided_tl_shortest/empty-32-32/empty-32-32-random-3_a150_s1_r0,,,"{""agents"": ""150"", ""comp_time"": ""8"", ""first_ms"": ""8.4"", ""makespan"": ""57"", ""makespan_lb"": ""57"", ""map_file"": ""empty-32-32.map"", ""pp_demote_rounds"": ""0"", ""pp_failed"": ""0"", ""pp_order"": ""shortest"", ""pp_plan_ms"": ""3.9"", ""pp_plan_soc"": ""3182"", ""pp_tl"": ""0"", ""pp_used"": ""1"", ""seed"": ""1"", ""soc"": ""3182"", ""soc_lb"": ""3135"", ""solved"": ""1"", ""solver"": ""planner"", ""sum_of_loss"": ""3182"", ""sum_of_loss_lb"": ""3135""}"
pp_guided_tl:shortest_tl,PP-guided (shortest first) + traffic load in SIPP,empty-32-32,empty-32-32-random-3,150,0,30.0,solved,0.099686,0.013,3169,57,3169,3135,57,1.010845,0,,/home/carsten/Projects/MAPF/MAPF Evaluator/results/pptl-empty32/runs/pp_guided_tl_shortest_tl/empty-32-32/empty-32-32-random-3_a150_s0_r0,,,"{""agents"": ""150"", ""comp_time"": ""13"", ""first_ms"": ""13.3"", ""makespan"": ""57"", ""makespan_lb"": ""57"", ""map_file"": ""empty-32-32.map"", ""pp_demote_rounds"": ""0"", ""pp_failed"": ""0"", ""pp_order"": ""shortest"", ""pp_plan_ms"": ""7.9"", ""pp_plan_soc"": ""3169"", ""pp_tl"": ""1"", ""pp_used"": ""1"", ""seed"": ""0"", ""soc"": ""3169"", ""soc_lb"": ""3135"", ""solved"": ""1"", ""solver"": ""planner"", ""sum_of_loss"": ""3169"", ""sum_of_loss_lb"": ""3135""}"
pp_guided_tl:shortest,PP-guided (shortest first),empty-32-32,empty-32-32-random-3,150,2,30.0,solved,0.060312,0.008,3182,57,3182,3135,57,1.014992,0,,/home/carsten/Projects/MAPF/MAPF Evaluator/results/pptl-empty32/runs/pp_guided_tl_shortest/empty-32-32/empty-32-32-random-3_a150_s2_r0,,,"{""agents"": ""150"", ""comp_time"": ""8"", ""first_ms"": ""8.3"", ""makespan"": ""57"", ""makespan_lb"": ""57"", ""map_file"": ""empty-32-32.map"", ""pp_demote_rounds"": ""0"", ""pp_failed"": ""0"", ""pp_order"": ""shortest"", ""pp_plan_ms"": ""3.8"", ""pp_plan_soc"": ""3182"", ""pp_tl"": ""0"", ""pp_used"": ""1"", ""seed"": ""2"", ""soc"": ""3182"", ""soc_lb"": ""3135"", ""solved"": ""1"", ""solver"": ""planner"", ""sum_of_loss"": ""3182"", ""sum_of_loss_lb"": ""3135""}"
pp_guided_tl:shortest_tl,PP-guided (shortest first) + traffic load in SIPP,empty-32-32,empty-32-32-random-3,150,1,30.0,solved,0.078034,0.014,3169,57,3169,3135,57,1.010845,0,,/home/carsten/Projects/MAPF/MAPF Evaluator/results/pptl-empty32/runs/pp_guided_tl_shortest_tl/empty-32-32/empty-32-32-random-3_a150_s1_r0,,,"{""agents"": ""150"", ""comp_time"": ""14"", ""first_ms"": ""13.4"", ""makespan"": ""57"", ""makespan_lb"": ""57"", ""map_file"": ""empty-32-32.map"", ""pp_demote_rounds"": ""0"", ""pp_failed"": ""0"", ""pp_order"": ""shortest"", ""pp_plan_ms"": ""8.0"", ""pp_plan_soc"": ""3169"", ""pp_tl"": ""1"", ""pp_used"": ""1"", ""seed"": ""1"", ""soc"": ""3169"", ""soc_lb"": ""3135"", ""solved"": ""1"", ""solver"": ""planner"", ""sum_of_loss"": ""3169"", ""sum_of_loss_lb"": ""3135""}"
pp_guided_tl:shortest_tl,PP-guided (shortest first) + traffic load in SIPP,empty-32-32,empty-32-32-random-3,150,2,30.0,solved,0.065327,0.013,3169,57,3169,3135,57,1.010845,0,,/home/carsten/Projects/MAPF/MAPF Evaluator/results/pptl-empty32/runs/pp_guided_tl_shortest_tl/empty-32-32/empty-32-32-random-3_a150_s2_r0,,,"{""agents"": ""150"", ""comp_time"": ""13"", ""first_ms"": ""13.3"", ""makespan"": ""57"", ""makespan_lb"": ""57"", ""map_file"": ""empty-32-32.map"", ""pp_demote_rounds"": ""0"", ""pp_failed"": ""0"", ""pp_order"": ""shortest"", ""pp_plan_ms"": ""8.0"", ""pp_plan_soc"": ""3169"", ""pp_tl"": ""1"", ""pp_used"": ""1"", ""seed"": ""2"", ""soc"": ""3169"", ""soc_lb"": ""3135"", ""solved"": ""1"", ""solver"": ""planner"", ""sum_of_loss"": ""3169"", ""sum_of_loss_lb"": ""3135""}"
pp_guided_tl:traffic,PP-guided (traffic-last),empty-32-32,empty-32-32-random-3,150,0,30.0,solved,0.148331,0.014,4058,57,3437,3135,57,1.294418,0,,/home/carsten/Projects/MAPF/MAPF Evaluator/results/pptl-empty32/runs/pp_guided_tl_traffic/empty-32-32/empty-32-32-random-3_a150_s0_r0,,,"{""agents"": ""150"", ""comp_time"": ""14"", ""first_ms"": ""13.2"", ""makespan"": ""57"", ""makespan_lb"": ""57"", ""map_file"": ""empty-32-32.map"", ""pp_demote_rounds"": ""0"", ""pp_failed"": ""0"", ""pp_order"": ""traffic-last"", ""pp_plan_ms"": ""8.8"", ""pp_plan_soc"": ""4058"", ""pp_tl"": ""0"", ""pp_used"": ""1"", ""seed"": ""0"", ""soc"": ""4058"", ""soc_lb"": ""3135"", ""solved"": ""1"", ""solver"": ""planner"", ""sum_of_loss"": ""3519"", ""sum_of_loss_lb"": ""3135""}"
pp_guided_tl:traffic,PP-guided (traffic-last),empty-32-32,empty-32-32-random-3,150,1,30.0,solved,0.076195,0.014,4058,57,3437,3135,57,1.294418,0,,/home/carsten/Projects/MAPF/MAPF Evaluator/results/pptl-empty32/runs/pp_guided_tl_traffic/empty-32-32/empty-32-32-random-3_a150_s1_r0,,,"{""agents"": ""150"", ""comp_time"": ""14"", ""first_ms"": ""14.3"", ""makespan"": ""57"", ""makespan_lb"": ""57"", ""map_file"": ""empty-32-32.map"", ""pp_demote_rounds"": ""0"", ""pp_failed"": ""0"", ""pp_order"": ""traffic-last"", ""pp_plan_ms"": ""8.9"", ""pp_plan_soc"": ""4058"", ""pp_tl"": ""0"", ""pp_used"": ""1"", ""seed"": ""1"", ""soc"": ""4058"", ""soc_lb"": ""3135"", ""solved"": ""1"", ""solver"": ""planner"", ""sum_of_loss"": ""3519"", ""sum_of_loss_lb"": ""3135""}"
pp_guided_tl:traffic_tl,PP-guided (traffic-last) + traffic load in SIPP,empty-32-32,empty-32-32-random-3,150,0,30.0,solved,0.044471,0.019,3935,57,3474,3135,57,1.255183,0,,/home/carsten/Projects/MAPF/MAPF Evaluator/results/pptl-empty32/runs/pp_guided_tl_traffic_tl/empty-32-32/empty-32-32-random-3_a150_s0_r0,,,"{""agents"": ""150"", ""comp_time"": ""19"", ""first_ms"": ""18.2"", ""makespan"": ""57"", ""makespan_lb"": ""57"", ""map_file"": ""empty-32-32.map"", ""pp_demote_rounds"": ""0"", ""pp_failed"": ""0"", ""pp_order"": ""traffic-last"", ""pp_plan_ms"": ""12.7"", ""pp_plan_soc"": ""3935"", ""pp_tl"": ""1"", ""pp_used"": ""1"", ""seed"": ""0"", ""soc"": ""3935"", ""soc_lb"": ""3135"", ""solved"": ""1"", ""solver"": ""planner"", ""sum_of_loss"": ""3517"", ""sum_of_loss_lb"": ""3135""}"
pp_guided_tl:traffic,PP-guided (traffic-last),empty-32-32,empty-32-32-random-3,150,2,30.0,solved,0.124343,0.014,4058,57,3437,3135,57,1.294418,0,,/home/carsten/Projects/MAPF/MAPF Evaluator/results/pptl-empty32/runs/pp_guided_tl_traffic/empty-32-32/empty-32-32-random-3_a150_s2_r0,,,"{""agents"": ""150"", ""comp_time"": ""14"", ""first_ms"": ""14.3"", ""makespan"": ""57"", ""makespan_lb"": ""57"", ""map_file"": ""empty-32-32.map"", ""pp_demote_rounds"": ""0"", ""pp_failed"": ""0"", ""pp_order"": ""traffic-last"", ""pp_plan_ms"": ""9.0"", ""pp_plan_soc"": ""4058"", ""pp_tl"": ""0"", ""pp_used"": ""1"", ""seed"": ""2"", ""soc"": ""4058"", ""soc_lb"": ""3135"", ""solved"": ""1"", ""solver"": ""planner"", ""sum_of_loss"": ""3519"", ""sum_of_loss_lb"": ""3135""}"
pp_guided_tl:traffic_tl,PP-guided (traffic-last) + traffic load in SIPP,empty-32-32,empty-32-32-random-3,150,2,30.0,solved,0.064077,0.019,3935,57,3474,3135,57,1.255183,0,,/home/carsten/Projects/MAPF/MAPF Evaluator/results/pptl-empty32/runs/pp_guided_tl_traffic_tl/empty-32-32/empty-32-32-random-3_a150_s2_r0,,,"{""agents"": ""150"", ""comp_time"": ""19"", ""first_ms"": ""18.3"", ""makespan"": ""57"", ""makespan_lb"": ""57"", ""map_file"": ""empty-32-32.map"", ""pp_demote_rounds"": ""0"", ""pp_failed"": ""0"", ""pp_order"": ""traffic-last"", ""pp_plan_ms"": ""12.7"", ""pp_plan_soc"": ""3935"", ""pp_tl"": ""1"", ""pp_used"": ""1"", ""seed"": ""2"", ""soc"": ""3935"", ""soc_lb"": ""3135"", ""solved"": ""1"", ""solver"": ""planner"", ""sum_of_loss"": ""3517"", ""sum_of_loss_lb"": ""3135""}"
pp_guided_tl:traffic_tl,PP-guided (traffic-last) + traffic load in SIPP,empty-32-32,empty-32-32-random-3,150,1,30.0,solved,0.070644,0.019,3935,57,3474,3135,57,1.255183,0,,/home/carsten/Projects/MAPF/MAPF Evaluator/results/pptl-empty32/runs/pp_guided_tl_traffic_tl/empty-32-32/empty-32-32-random-3_a150_s1_r0,,,"{""agents"": ""150"", ""comp_time"": ""19"", ""first_ms"": ""18.3"", ""makespan"": ""57"", ""makespan_lb"": ""57"", ""map_file"": ""empty-32-32.map"", ""pp_demote_rounds"": ""0"", ""pp_failed"": ""0"", ""pp_order"": ""traffic-last"", ""pp_plan_ms"": ""12.7"", ""pp_plan_soc"": ""3935"", ""pp_tl"": ""1"", ""pp_used"": ""1"", ""seed"": ""1"", ""soc"": ""3935"", ""soc_lb"": ""3135"", ""solved"": ""1"", ""solver"": ""planner"", ""sum_of_loss"": ""3517"", ""sum_of_loss_lb"": ""3135""}"
pp_guided_tl:shortest,PP-guided (shortest first),empty-32-32,empty-32-32-random-3,200,0,30.0,solved,0.068472,0.012,4355,57,4355,4251,57,1.024465,0,,/home/carsten/Projects/MAPF/MAPF Evaluator/results/pptl-empty32/runs/pp_guided_tl_shortest/empty-32-32/empty-32-32-random-3_a200_s0_r0,,,"{""agents"": ""200"", ""comp_time"": ""12"", ""first_ms"": ""12.5"", ""makespan"": ""57"", ""makespan_lb"": ""57"", ""map_file"": ""empty-32-32.map"", ""pp_demote_rounds"": ""0"", ""pp_failed"": ""0"", ""pp_order"": ""shortest"", ""pp_plan_ms"": ""6.4"", ""pp_plan_soc"": ""4355"", ""pp_tl"": ""0"", ""pp_used"": ""1"", ""seed"": ""0"", ""soc"": ""4355"", ""soc_lb"": ""4251"", ""solved"": ""1"", ""solver"": ""planner"", ""sum_of_loss"": ""4355"", ""sum_of_loss_lb"": ""4251""}"
pp_guided_tl:shortest,PP-guided (shortest first),empty-32-32,empty-32-32-random-3,200,1,30.0,solved,0.095593,0.012,4355,57,4355,4251,57,1.024465,0,,/home/carsten/Projects/MAPF/MAPF Evaluator/results/pptl-empty32/runs/pp_guided_tl_shortest/empty-32-32/empty-32-32-random-3_a200_s1_r0,,,"{""agents"": ""200"", ""comp_time"": ""12"", ""first_ms"": ""12.3"", ""makespan"": ""57"", ""makespan_lb"": ""57"", ""map_file"": ""empty-32-32.map"", ""pp_demote_rounds"": ""0"", ""pp_failed"": ""0"", ""pp_order"": ""shortest"", ""pp_plan_ms"": ""6.3"", ""pp_plan_soc"": ""4355"", ""pp_tl"": ""0"", ""pp_used"": ""1"", ""seed"": ""1"", ""soc"": ""4355"", ""soc_lb"": ""4251"", ""solved"": ""1"", ""solver"": ""planner"", ""sum_of_loss"": ""4355"", ""sum_of_loss_lb"": ""4251""}"
pp_guided_tl:shortest,PP-guided (shortest first),empty-32-32,empty-32-32-random-3,200,2,30.0,solved,0.13249,0.012,4355,57,4355,4251,57,1.024465,0,,/home/carsten/Projects/MAPF/MAPF Evaluator/results/pptl-empty32/runs/pp_guided_tl_shortest/empty-32-32/empty-32-32-random-3_a200_s2_r0,,,"{""agents"": ""200"", ""comp_time"": ""12"", ""first_ms"": ""12.3"", ""makespan"": ""57"", ""makespan_lb"": ""57"", ""map_file"": ""empty-32-32.map"", ""pp_demote_rounds"": ""0"", ""pp_failed"": ""0"", ""pp_order"": ""shortest"", ""pp_plan_ms"": ""6.6"", ""pp_plan_soc"": ""4355"", ""pp_tl"": ""0"", ""pp_used"": ""1"", ""seed"": ""2"", ""soc"": ""4355"", ""soc_lb"": ""4251"", ""solved"": ""1"", ""solver"": ""planner"", ""sum_of_loss"": ""4355"", ""sum_of_loss_lb"": ""4251""}"
pp_guided_tl:shortest_tl,PP-guided (shortest first) + traffic load in SIPP,empty-32-32,empty-32-32-random-3,200,0,30.0,solved,0.194646,0.019,4339,57,4339,4251,57,1.020701,0,,/home/carsten/Projects/MAPF/MAPF Evaluator/results/pptl-empty32/runs/pp_guided_tl_shortest_tl/empty-32-32/empty-32-32-random-3_a200_s0_r0,,,"{""agents"": ""200"", ""comp_time"": ""19"", ""first_ms"": ""19.2"", ""makespan"": ""57"", ""makespan_lb"": ""57"", ""map_file"": ""empty-32-32.map"", ""pp_demote_rounds"": ""0"", ""pp_failed"": ""0"", ""pp_order"": ""shortest"", ""pp_plan_ms"": ""11.8"", ""pp_plan_soc"": ""4339"", ""pp_tl"": ""1"", ""pp_used"": ""1"", ""seed"": ""0"", ""soc"": ""4339"", ""soc_lb"": ""4251"", ""solved"": ""1"", ""solver"": ""planner"", ""sum_of_loss"": ""4339"", ""sum_of_loss_lb"": ""4251""}"
pp_guided_tl:shortest_tl,PP-guided (shortest first) + traffic load in SIPP,empty-32-32,empty-32-32-random-3,200,1,30.0,solved,0.087413,0.019,4339,57,4339,4251,57,1.020701,0,,/home/carsten/Projects/MAPF/MAPF Evaluator/results/pptl-empty32/runs/pp_guided_tl_shortest_tl/empty-32-32/empty-32-32-random-3_a200_s1_r0,,,"{""agents"": ""200"", ""comp_time"": ""19"", ""first_ms"": ""19.4"", ""makespan"": ""57"", ""makespan_lb"": ""57"", ""map_file"": ""empty-32-32.map"", ""pp_demote_rounds"": ""0"", ""pp_failed"": ""0"", ""pp_order"": ""shortest"", ""pp_plan_ms"": ""11.6"", ""pp_plan_soc"": ""4339"", ""pp_tl"": ""1"", ""pp_used"": ""1"", ""seed"": ""1"", ""soc"": ""4339"", ""soc_lb"": ""4251"", ""solved"": ""1"", ""solver"": ""planner"", ""sum_of_loss"": ""4339"", ""sum_of_loss_lb"": ""4251""}"
pp_guided_tl:shortest_tl,PP-guided (shortest first) + traffic load in SIPP,empty-32-32,empty-32-32-random-3,200,2,30.0,solved,0.072148,0.019,4339,57,4339,4251,57,1.020701,0,,/home/carsten/Projects/MAPF/MAPF Evaluator/results/pptl-empty32/runs/pp_guided_tl_shortest_tl/empty-32-32/empty-32-32-random-3_a200_s2_r0,,,"{""agents"": ""200"", ""comp_time"": ""19"", ""first_ms"": ""19.4"", ""makespan"": ""57"", ""makespan_lb"": ""57"", ""map_file"": ""empty-32-32.map"", ""pp_demote_rounds"": ""0"", ""pp_failed"": ""0"", ""pp_order"": ""shortest"", ""pp_plan_ms"": ""11.6"", ""pp_plan_soc"": ""4339"", ""pp_tl"": ""1"", ""pp_used"": ""1"", ""seed"": ""2"", ""soc"": ""4339"", ""soc_lb"": ""4251"", ""solved"": ""1"", ""solver"": ""planner"", ""sum_of_loss"": ""4339"", ""sum_of_loss_lb"": ""4251""}"
pp_guided_tl:traffic,PP-guided (traffic-last),empty-32-32,empty-32-32-random-3,200,1,30.0,solved,0.072211,0.025,5690,57,4842,4251,57,1.338509,0,,/home/carsten/Projects/MAPF/MAPF Evaluator/results/pptl-empty32/runs/pp_guided_tl_traffic/empty-32-32/empty-32-32-random-3_a200_s1_r0,,,"{""agents"": ""200"", ""comp_time"": ""25"", ""first_ms"": ""25.4"", ""makespan"": ""57"", ""makespan_lb"": ""57"", ""map_file"": ""empty-32-32.map"", ""pp_demote_rounds"": ""0"", ""pp_failed"": ""0"", ""pp_order"": ""traffic-last"", ""pp_plan_ms"": ""17.3"", ""pp_plan_soc"": ""5690"", ""pp_tl"": ""0"", ""pp_used"": ""1"", ""seed"": ""1"", ""soc"": ""5690"", ""soc_lb"": ""4251"", ""solved"": ""1"", ""solver"": ""planner"", ""sum_of_loss"": ""4970"", ""sum_of_loss_lb"": ""4251""}"
pp_guided_tl:traffic,PP-guided (traffic-last),empty-32-32,empty-32-32-random-3,200,0,30.0,solved,0.179069,0.023,5690,57,4842,4251,57,1.338509,0,,/home/carsten/Projects/MAPF/MAPF Evaluator/results/pptl-empty32/runs/pp_guided_tl_traffic/empty-32-32/empty-32-32-random-3_a200_s0_r0,,,"{""agents"": ""200"", ""comp_time"": ""23"", ""first_ms"": ""23.4"", ""makespan"": ""57"", ""makespan_lb"": ""57"", ""map_file"": ""empty-32-32.map"", ""pp_demote_rounds"": ""0"", ""pp_failed"": ""0"", ""pp_order"": ""traffic-last"", ""pp_plan_ms"": ""16.7"", ""pp_plan_soc"": ""5690"", ""pp_tl"": ""0"", ""pp_used"": ""1"", ""seed"": ""0"", ""soc"": ""5690"", ""soc_lb"": ""4251"", ""solved"": ""1"", ""solver"": ""planner"", ""sum_of_loss"": ""4970"", ""sum_of_loss_lb"": ""4251""}"
pp_guided_tl:traffic_tl,PP-guided (traffic-last) + traffic load in SIPP,empty-32-32,empty-32-32-random-3,200,0,30.0,solved,0.070205,0.027,5431,57,4780,4251,57,1.277582,0,,/home/carsten/Projects/MAPF/MAPF Evaluator/results/pptl-empty32/runs/pp_guided_tl_traffic_tl/empty-32-32/empty-32-32-random-3_a200_s0_r0,,,"{""agents"": ""200"", ""comp_time"": ""27"", ""first_ms"": ""26.3"", ""makespan"": ""57"", ""makespan_lb"": ""57"", ""map_file"": ""empty-32-32.map"", ""pp_demote_rounds"": ""0"", ""pp_failed"": ""0"", ""pp_order"": ""traffic-last"", ""pp_plan_ms"": ""18.9"", ""pp_plan_soc"": ""5431"", ""pp_tl"": ""1"", ""pp_used"": ""1"", ""seed"": ""0"", ""soc"": ""5431"", ""soc_lb"": ""4251"", ""solved"": ""1"", ""solver"": ""planner"", ""sum_of_loss"": ""4861"", ""sum_of_loss_lb"": ""4251""}"
pp_guided_tl:traffic,PP-guided (traffic-last),empty-32-32,empty-32-32-random-3,200,2,30.0,solved,0.124854,0.023,5690,57,4842,4251,57,1.338509,0,,/home/carsten/Projects/MAPF/MAPF Evaluator/results/pptl-empty32/runs/pp_guided_tl_traffic/empty-32-32/empty-32-32-random-3_a200_s2_r0,,,"{""agents"": ""200"", ""comp_time"": ""23"", ""first_ms"": ""23.2"", ""makespan"": ""57"", ""makespan_lb"": ""57"", ""map_file"": ""empty-32-32.map"", ""pp_demote_rounds"": ""0"", ""pp_failed"": ""0"", ""pp_order"": ""traffic-last"", ""pp_plan_ms"": ""16.8"", ""pp_plan_soc"": ""5690"", ""pp_tl"": ""0"", ""pp_used"": ""1"", ""seed"": ""2"", ""soc"": ""5690"", ""soc_lb"": ""4251"", ""solved"": ""1"", ""solver"": ""planner"", ""sum_of_loss"": ""4970"", ""sum_of_loss_lb"": ""4251""}"
pp_guided_tl:shortest,PP-guided (shortest first),empty-32-32,empty-32-32-random-4,50,0,30.0,solved,0.014694,0.002,982,44,982,981,44,1.001019,0,,/home/carsten/Projects/MAPF/MAPF Evaluator/results/pptl-empty32/runs/pp_guided_tl_shortest/empty-32-32/empty-32-32-random-4_a50_s0_r0,,,"{""agents"": ""50"", ""comp_time"": ""2"", ""first_ms"": ""2.4"", ""makespan"": ""44"", ""makespan_lb"": ""44"", ""map_file"": ""empty-32-32.map"", ""pp_demote_rounds"": ""0"", ""pp_failed"": ""0"", ""pp_order"": ""shortest"", ""pp_plan_ms"": ""0.8"", ""pp_plan_soc"": ""982"", ""pp_tl"": ""0"", ""pp_used"": ""1"", ""seed"": ""0"", ""soc"": ""982"", ""soc_lb"": ""981"", ""solved"": ""1"", ""solver"": ""planner"", ""sum_of_loss"": ""982"", ""sum_of_loss_lb"": ""981""}"
pp_guided_tl:shortest,PP-guided (shortest first),empty-32-32,empty-32-32-random-4,50,1,30.0,solved,0.009239,0.002,982,44,982,981,44,1.001019,0,,/home/carsten/Projects/MAPF/MAPF Evaluator/results/pptl-empty32/runs/pp_guided_tl_shortest/empty-32-32/empty-32-32-random-4_a50_s1_r0,,,"{""agents"": ""50"", ""comp_time"": ""2"", ""first_ms"": ""2.4"", ""makespan"": ""44"", ""makespan_lb"": ""44"", ""map_file"": ""empty-32-32.map"", ""pp_demote_rounds"": ""0"", ""pp_failed"": ""0"", ""pp_order"": ""shortest"", ""pp_plan_ms"": ""0.8"", ""pp_plan_soc"": ""982"", ""pp_tl"": ""0"", ""pp_used"": ""1"", ""seed"": ""1"", ""soc"": ""982"", ""soc_lb"": ""981"", ""solved"": ""1"", ""solver"": ""planner"", ""sum_of_loss"": ""982"", ""sum_of_loss_lb"": ""981""}"
pp_guided_tl:traffic_tl,PP-guided (traffic-last) + traffic load in SIPP,empty-32-32,empty-32-32-random-3,200,1,30.0,solved,0.088799,0.028,5431,57,4780,4251,57,1.277582,0,,/home/carsten/Projects/MAPF/MAPF Evaluator/results/pptl-empty32/runs/pp_guided_tl_traffic_tl/empty-32-32/empty-32-32-random-3_a200_s1_r0,,,"{""agents"": ""200"", ""comp_time"": ""28"", ""first_ms"": ""27.4"", ""makespan"": ""57"", ""makespan_lb"": ""57"", ""map_file"": ""empty-32-32.map"", ""pp_demote_rounds"": ""0"", ""pp_failed"": ""0"", ""pp_order"": ""traffic-last"", ""pp_plan_ms"": ""19.0"", ""pp_plan_soc"": ""5431"", ""pp_tl"": ""1"", ""pp_used"": ""1"", ""seed"": ""1"", ""soc"": ""5431"", ""soc_lb"": ""4251"", ""solved"": ""1"", ""solver"": ""planner"", ""sum_of_loss"": ""4861"", ""sum_of_loss_lb"": ""4251""}"
pp_guided_tl:traffic_tl,PP-guided (traffic-last) + traffic load in SIPP,empty-32-32,empty-32-32-random-3,200,2,30.0,solved,0.066609,0.029,5431,57,4780,4251,57,1.277582,0,,/home/carsten/Projects/MAPF/MAPF Evaluator/results/pptl-empty32/runs/pp_guided_tl_traffic_tl/empty-32-32/empty-32-32-random-3_a200_s2_r0,,,"{""agents"": ""200"", ""comp_time"": ""29"", ""first_ms"": ""28.5"", ""makespan"": ""57"", ""makespan_lb"": ""57"", ""map_file"": ""empty-32-32.map"", ""pp_demote_rounds"": ""0"", ""pp_failed"": ""0"", ""pp_order"": ""traffic-last"", ""pp_plan_ms"": ""19.9"", ""pp_plan_soc"": ""5431"", ""pp_tl"": ""1"", ""pp_used"": ""1"", ""seed"": ""2"", ""soc"": ""5431"", ""soc_lb"": ""4251"", ""solved"": ""1"", ""solver"": ""planner"", ""sum_of_loss"": ""4861"", ""sum_of_loss_lb"": ""4251""}"
pp_guided_tl:shortest,PP-guided (shortest first),empty-32-32,empty-32-32-random-4,50,2,30.0,solved,0.05267,0.002,982,44,982,981,44,1.001019,0,,/home/carsten/Projects/MAPF/MAPF Evaluator/results/pptl-empty32/runs/pp_guided_tl_shortest/empty-32-32/empty-32-32-random-4_a50_s2_r0,,,"{""agents"": ""50"", ""comp_time"": ""2"", ""first_ms"": ""2.1"", ""makespan"": ""44"", ""makespan_lb"": ""44"", ""map_file"": ""empty-32-32.map"", ""pp_demote_rounds"": ""0"", ""pp_failed"": ""0"", ""pp_order"": ""shortest"", ""pp_plan_ms"": ""0.8"", ""pp_plan_soc"": ""982"", ""pp_tl"": ""0"", ""pp_used"": ""1"", ""seed"": ""2"", ""soc"": ""982"", ""soc_lb"": ""981"", ""solved"": ""1"", ""solver"": ""planner"", ""sum_of_loss"": ""982"", ""sum_of_loss_lb"": ""981""}"
pp_guided_tl:shortest_tl,PP-guided (shortest first) + traffic load in SIPP,empty-32-32,empty-32-32-random-4,50,2,30.0,solved,0.023926,0.004,981,44,981,981,44,1.0,0,,/home/carsten/Projects/MAPF/MAPF Evaluator/results/pptl-empty32/runs/pp_guided_tl_shortest_tl/empty-32-32/empty-32-32-random-4_a50_s2_r0,,,"{""agents"": ""50"", ""comp_time"": ""4"", ""first_ms"": ""4.1"", ""makespan"": ""44"", ""makespan_lb"": ""44"", ""map_file"": ""empty-32-32.map"", ""pp_demote_rounds"": ""0"", ""pp_failed"": ""0"", ""pp_order"": ""shortest"", ""pp_plan_ms"": ""2.2"", ""pp_plan_soc"": ""981"", ""pp_tl"": ""1"", ""pp_used"": ""1"", ""seed"": ""2"", ""soc"": ""981"", ""soc_lb"": ""981"", ""solved"": ""1"", ""solver"": ""planner"", ""sum_of_loss"": ""981"", ""sum_of_loss_lb"": ""981""}"
pp_guided_tl:shortest_tl,PP-guided (shortest first) + traffic load in SIPP,empty-32-32,empty-32-32-random-4,50,0,30.0,solved,0.068845,0.004,981,44,981,981,44,1.0,0,,/home/carsten/Projects/MAPF/MAPF Evaluator/results/pptl-empty32/runs/pp_guided_tl_shortest_tl/empty-32-32/empty-32-32-random-4_a50_s0_r0,,,"{""agents"": ""50"", ""comp_time"": ""4"", ""first_ms"": ""4.1"", ""makespan"": ""44"", ""makespan_lb"": ""44"", ""map_file"": ""empty-32-32.map"", ""pp_demote_rounds"": ""0"", ""pp_failed"": ""0"", ""pp_order"": ""shortest"", ""pp_plan_ms"": ""2.2"", ""pp_plan_soc"": ""981"", ""pp_tl"": ""1"", ""pp_used"": ""1"", ""seed"": ""0"", ""soc"": ""981"", ""soc_lb"": ""981"", ""solved"": ""1"", ""solver"": ""planner"", ""sum_of_loss"": ""981"", ""sum_of_loss_lb"": ""981""}"
pp_guided_tl:shortest_tl,PP-guided (shortest first) + traffic load in SIPP,empty-32-32,empty-32-32-random-4,50,1,30.0,solved,0.024041,0.004,981,44,981,981,44,1.0,0,,/home/carsten/Projects/MAPF/MAPF Evaluator/results/pptl-empty32/runs/pp_guided_tl_shortest_tl/empty-32-32/empty-32-32-random-4_a50_s1_r0,,,"{""agents"": ""50"", ""comp_time"": ""4"", ""first_ms"": ""4.1"", ""makespan"": ""44"", ""makespan_lb"": ""44"", ""map_file"": ""empty-32-32.map"", ""pp_demote_rounds"": ""0"", ""pp_failed"": ""0"", ""pp_order"": ""shortest"", ""pp_plan_ms"": ""2.3"", ""pp_plan_soc"": ""981"", ""pp_tl"": ""1"", ""pp_used"": ""1"", ""seed"": ""1"", ""soc"": ""981"", ""soc_lb"": ""981"", ""solved"": ""1"", ""solver"": ""planner"", ""sum_of_loss"": ""981"", ""sum_of_loss_lb"": ""981""}"
pp_guided_tl:traffic,PP-guided (traffic-last),empty-32-32,empty-32-32-random-4,50,0,30.0,solved,0.046467,0.003,1110,44,1015,981,44,1.131498,0,,/home/carsten/Projects/MAPF/MAPF Evaluator/results/pptl-empty32/runs/pp_guided_tl_traffic/empty-32-32/empty-32-32-random-4_a50_s0_r0,,,"{""agents"": ""50"", ""comp_time"": ""3"", ""first_ms"": ""2.1"", ""makespan"": ""44"", ""makespan_lb"": ""44"", ""map_file"": ""empty-32-32.map"", ""pp_demote_rounds"": ""0"", ""pp_failed"": ""0"", ""pp_order"": ""traffic-last"", ""pp_plan_ms"": ""1.2"", ""pp_plan_soc"": ""1110"", ""pp_tl"": ""0"", ""pp_used"": ""1"", ""seed"": ""0"", ""soc"": ""1110"", ""soc_lb"": ""981"", ""solved"": ""1"", ""solver"": ""planner"", ""sum_of_loss"": ""1023"", ""sum_of_loss_lb"": ""981""}"
pp_guided_tl:traffic,PP-guided (traffic-last),empty-32-32,empty-32-32-random-4,50,1,30.0,solved,0.024009,0.003,1110,44,1015,981,44,1.131498,0,,/home/carsten/Projects/MAPF/MAPF Evaluator/results/pptl-empty32/runs/pp_guided_tl_traffic/empty-32-32/empty-32-32-random-4_a50_s1_r0,,,"{""agents"": ""50"", ""comp_time"": ""3"", ""first_ms"": ""2.1"", ""makespan"": ""44"", ""makespan_lb"": ""44"", ""map_file"": ""empty-32-32.map"", ""pp_demote_rounds"": ""0"", ""pp_failed"": ""0"", ""pp_order"": ""traffic-last"", ""pp_plan_ms"": ""1.3"", ""pp_plan_soc"": ""1110"", ""pp_tl"": ""0"", ""pp_used"": ""1"", ""seed"": ""1"", ""soc"": ""1110"", ""soc_lb"": ""981"", ""solved"": ""1"", ""solver"": ""planner"", ""sum_of_loss"": ""1023"", ""sum_of_loss_lb"": ""981""}"
pp_guided_tl:traffic_tl,PP-guided (traffic-last) + traffic load in SIPP,empty-32-32,empty-32-32-random-4,50,0,30.0,solved,0.021274,0.005,1068,44,1058,981,44,1.088685,0,,/home/carsten/Projects/MAPF/MAPF Evaluator/results/pptl-empty32/runs/pp_guided_tl_traffic_tl/empty-32-32/empty-32-32-random-4_a50_s0_r0,,,"{""agents"": ""50"", ""comp_time"": ""5"", ""first_ms"": ""4.1"", ""makespan"": ""44"", ""makespan_lb"": ""44"", ""map_file"": ""empty-32-32.map"", ""pp_demote_rounds"": ""0"", ""pp_failed"": ""0"", ""pp_order"": ""traffic-last"", ""pp_plan_ms"": ""2.9"", ""pp_plan_soc"": ""1068"", ""pp_tl"": ""1"", ""pp_used"": ""1"", ""seed"": ""0"", ""soc"": ""1068"", ""soc_lb"": ""981"", ""solved"": ""1"", ""solver"": ""planner"", ""sum_of_loss"": ""1061"", ""sum_of_loss_lb"": ""981""}"
pp_guided_tl:traffic,PP-guided (traffic-last),empty-32-32,empty-32-32-random-4,50,2,30.0,solved,0.030943,0.003,1110,44,1015,981,44,1.131498,0,,/home/carsten/Projects/MAPF/MAPF Evaluator/results/pptl-empty32/runs/pp_guided_tl_traffic/empty-32-32/empty-32-32-random-4_a50_s2_r0,,,"{""agents"": ""50"", ""comp_time"": ""3"", ""first_ms"": ""2.1"", ""makespan"": ""44"", ""makespan_lb"": ""44"", ""map_file"": ""empty-32-32.map"", ""pp_demote_rounds"": ""0"", ""pp_failed"": ""0"", ""pp_order"": ""traffic-last"", ""pp_plan_ms"": ""1.2"", ""pp_plan_soc"": ""1110"", ""pp_tl"": ""0"", ""pp_used"": ""1"", ""seed"": ""2"", ""soc"": ""1110"", ""soc_lb"": ""981"", ""solved"": ""1"", ""solver"": ""planner"", ""sum_of_loss"": ""1023"", ""sum_of_loss_lb"": ""981""}"
pp_guided_tl:traffic_tl,PP-guided (traffic-last) + traffic load in SIPP,empty-32-32,empty-32-32-random-4,50,1,30.0,solved,0.03382,0.005,1068,44,1058,981,44,1.088685,0,,/home/carsten/Projects/MAPF/MAPF Evaluator/results/pptl-empty32/runs/pp_guided_tl_traffic_tl/empty-32-32/empty-32-32-random-4_a50_s1_r0,,,"{""agents"": ""50"", ""comp_time"": ""5"", ""first_ms"": ""5.1"", ""makespan"": ""44"", ""makespan_lb"": ""44"", ""map_file"": ""empty-32-32.map"", ""pp_demote_rounds"": ""0"", ""pp_failed"": ""0"", ""pp_order"": ""traffic-last"", ""pp_plan_ms"": ""3.1"", ""pp_plan_soc"": ""1068"", ""pp_tl"": ""1"", ""pp_used"": ""1"", ""seed"": ""1"", ""soc"": ""1068"", ""soc_lb"": ""981"", ""solved"": ""1"", ""solver"": ""planner"", ""sum_of_loss"": ""1061"", ""sum_of_loss_lb"": ""981""}"
pp_guided_tl:traffic_tl,PP-guided (traffic-last) + traffic load in SIPP,empty-32-32,empty-32-32-random-4,50,2,30.0,solved,0.04205,0.004,1068,44,1058,981,44,1.088685,0,,/home/carsten/Projects/MAPF/MAPF Evaluator/results/pptl-empty32/runs/pp_guided_tl_traffic_tl/empty-32-32/empty-32-32-random-4_a50_s2_r0,,,"{""agents"": ""50"", ""comp_time"": ""4"", ""first_ms"": ""4.1"", ""makespan"": ""44"", ""makespan_lb"": ""44"", ""map_file"": ""empty-32-32.map"", ""pp_demote_rounds"": ""0"", ""pp_failed"": ""0"", ""pp_order"": ""traffic-last"", ""pp_plan_ms"": ""2.8"", ""pp_plan_soc"": ""1068"", ""pp_tl"": ""1"", ""pp_used"": ""1"", ""seed"": ""2"", ""soc"": ""1068"", ""soc_lb"": ""981"", ""solved"": ""1"", ""solver"": ""planner"", ""sum_of_loss"": ""1061"", ""sum_of_loss_lb"": ""981""}"
pp_guided_tl:shortest,PP-guided (shortest first),empty-32-32,empty-32-32-random-4,100,1,30.0,solved,0.068948,0.004,2083,45,2083,2062,45,1.010184,0,,/home/carsten/Projects/MAPF/MAPF Evaluator/results/pptl-empty32/runs/pp_guided_tl_shortest/empty-32-32/empty-32-32-random-4_a100_s1_r0,,,"{""agents"": ""100"", ""comp_time"": ""4"", ""first_ms"": ""3.9"", ""makespan"": ""45"", ""makespan_lb"": ""45"", ""map_file"": ""empty-32-32.map"", ""pp_demote_rounds"": ""0"", ""pp_failed"": ""0"", ""pp_order"": ""shortest"", ""pp_plan_ms"": ""2.1"", ""pp_plan_soc"": ""2083"", ""pp_tl"": ""0"", ""pp_used"": ""1"", ""seed"": ""1"", ""soc"": ""2083"", ""soc_lb"": ""2062"", ""solved"": ""1"", ""solver"": ""planner"", ""sum_of_loss"": ""2083"", ""sum_of_loss_lb"": ""2062""}"
pp_guided_tl:shortest,PP-guided (shortest first),empty-32-32,empty-32-32-random-4,100,2,30.0,solved,0.029389,0.005,2083,45,2083,2062,45,1.010184,0,,/home/carsten/Projects/MAPF/MAPF Evaluator/results/pptl-empty32/runs/pp_guided_tl_shortest/empty-32-32/empty-32-32-random-4_a100_s2_r0,,,"{""agents"": ""100"", ""comp_time"": ""5"", ""first_ms"": ""5.1"", ""makespan"": ""45"", ""makespan_lb"": ""45"", ""map_file"": ""empty-32-32.map"", ""pp_demote_rounds"": ""0"", ""pp_failed"": ""0"", ""pp_order"": ""shortest"", ""pp_plan_ms"": ""2.2"", ""pp_plan_soc"": ""2083"", ""pp_tl"": ""0"", ""pp_used"": ""1"", ""seed"": ""2"", ""soc"": ""2083"", ""soc_lb"": ""2062"", ""solved"": ""1"", ""solver"": ""planner"", ""sum_of_loss"": ""2083"", ""sum_of_loss_lb"": ""2062""}"
pp_guided_tl:shortest,PP-guided (shortest first),empty-32-32,empty-32-32-random-4,100,0,30.0,solved,0.100599,0.004,2083,45,2083,2062,45,1.010184,0,,/home/carsten/Projects/MAPF/MAPF Evaluator/results/pptl-empty32/runs/pp_guided_tl_shortest/empty-32-32/empty-32-32-random-4_a100_s0_r0,,,"{""agents"": ""100"", ""comp_time"": ""4"", ""first_ms"": ""5.0"", ""makespan"": ""45"", ""makespan_lb"": ""45"", ""map_file"": ""empty-32-32.map"", ""pp_demote_rounds"": ""0"", ""pp_failed"": ""0"", ""pp_order"": ""shortest"", ""pp_plan_ms"": ""2.1"", ""pp_plan_soc"": ""2083"", ""pp_tl"": ""0"", ""pp_used"": ""1"", ""seed"": ""0"", ""soc"": ""2083"", ""soc_lb"": ""2062"", ""solved"": ""1"", ""solver"": ""planner"", ""sum_of_loss"": ""2083"", ""sum_of_loss_lb"": ""2062""}"
pp_guided_tl:shortest_tl,PP-guided (shortest first) + traffic load in SIPP,empty-32-32,empty-32-32-random-4,100,0,30.0,solved,0.113978,0.008,2073,45,2073,2062,45,1.005335,0,,/home/carsten/Projects/MAPF/MAPF Evaluator/results/pptl-empty32/runs/pp_guided_tl_shortest_tl/empty-32-32/empty-32-32-random-4_a100_s0_r0,,,"{""agents"": ""100"", ""comp_time"": ""8"", ""first_ms"": ""7.9"", ""makespan"": ""45"", ""makespan_lb"": ""45"", ""map_file"": ""empty-32-32.map"", ""pp_demote_rounds"": ""0"", ""pp_failed"": ""0"", ""pp_order"": ""shortest"", ""pp_plan_ms"": ""4.7"", ""pp_plan_soc"": ""2073"", ""pp_tl"": ""1"", ""pp_used"": ""1"", ""seed"": ""0"", ""soc"": ""2073"", ""soc_lb"": ""2062"", ""solved"": ""1"", ""solver"": ""planner"", ""sum_of_loss"": ""2073"", ""sum_of_loss_lb"": ""2062""}"
pp_guided_tl:shortest_tl,PP-guided (shortest first) + traffic load in SIPP,empty-32-32,empty-32-32-random-4,100,2,30.0,solved,0.05944,0.008,2073,45,2073,2062,45,1.005335,0,,/home/carsten/Projects/MAPF/MAPF Evaluator/results/pptl-empty32/runs/pp_guided_tl_shortest_tl/empty-32-32/empty-32-32-random-4_a100_s2_r0,,,"{""agents"": ""100"", ""comp_time"": ""8"", ""first_ms"": ""8.1"", ""makespan"": ""45"", ""makespan_lb"": ""45"", ""map_file"": ""empty-32-32.map"", ""pp_demote_rounds"": ""0"", ""pp_failed"": ""0"", ""pp_order"": ""shortest"", ""pp_plan_ms"": ""4.7"", ""pp_plan_soc"": ""2073"", ""pp_tl"": ""1"", ""pp_used"": ""1"", ""seed"": ""2"", ""soc"": ""2073"", ""soc_lb"": ""2062"", ""solved"": ""1"", ""solver"": ""planner"", ""sum_of_loss"": ""2073"", ""sum_of_loss_lb"": ""2062""}"
pp_guided_tl:traffic,PP-guided (traffic-last),empty-32-32,empty-32-32-random-4,100,0,30.0,solved,0.045283,0.006,2411,45,2156,2062,45,1.169253,0,,/home/carsten/Projects/MAPF/MAPF Evaluator/results/pptl-empty32/runs/pp_guided_tl_traffic/empty-32-32/empty-32-32-random-4_a100_s0_r0,,,"{""agents"": ""100"", ""comp_time"": ""6"", ""first_ms"": ""6.2"", ""makespan"": ""45"", ""makespan_lb"": ""45"", ""map_file"": ""empty-32-32.map"", ""pp_demote_rounds"": ""0"", ""pp_failed"": ""0"", ""pp_order"": ""traffic-last"", ""pp_plan_ms"": ""3.4"", ""pp_plan_soc"": ""2411"", ""pp_tl"": ""0"", ""pp_used"": ""1"", ""seed"": ""0"", ""soc"": ""2411"", ""soc_lb"": ""2062"", ""solved"": ""1"", ""solver"": ""planner"", ""sum_of_loss"": ""2189"", ""sum_of_loss_lb"": ""2062""}"
pp_guided_tl:shortest_tl,PP-guided (shortest first) + traffic load in SIPP,empty-32-32,empty-32-32-random-4,100,1,30.0,solved,0.055681,0.008,2073,45,2073,2062,45,1.005335,0,,/home/carsten/Projects/MAPF/MAPF Evaluator/results/pptl-empty32/runs/pp_guided_tl_shortest_tl/empty-32-32/empty-32-32-random-4_a100_s1_r0,,,"{""agents"": ""100"", ""comp_time"": ""8"", ""first_ms"": ""8.1"", ""makespan"": ""45"", ""makespan_lb"": ""45"", ""map_file"": ""empty-32-32.map"", ""pp_demote_rounds"": ""0"", ""pp_failed"": ""0"", ""pp_order"": ""shortest"", ""pp_plan_ms"": ""4.7"", ""pp_plan_soc"": ""2073"", ""pp_tl"": ""1"", ""pp_used"": ""1"", ""seed"": ""1"", ""soc"": ""2073"", ""soc_lb"": ""2062"", ""solved"": ""1"", ""solver"": ""planner"", ""sum_of_loss"": ""2073"", ""sum_of_loss_lb"": ""2062""}"
pp_guided_tl:traffic,PP-guided (traffic-last),empty-32-32,empty-32-32-random-4,100,1,30.0,solved,0.028397,0.007,2411,45,2156,2062,45,1.169253,0,,/home/carsten/Projects/MAPF/MAPF Evaluator/results/pptl-empty32/runs/pp_guided_tl_traffic/empty-32-32/empty-32-32-random-4_a100_s1_r0,,,"{""agents"": ""100"", ""comp_time"": ""7"", ""first_ms"": ""7.3"", ""makespan"": ""45"", ""makespan_lb"": ""45"", ""map_file"": ""empty-32-32.map"", ""pp_demote_rounds"": ""0"", ""pp_failed"": ""0"", ""pp_order"": ""traffic-last"", ""pp_plan_ms"": ""3.4"", ""pp_plan_soc"": ""2411"", ""pp_tl"": ""0"", ""pp_used"": ""1"", ""seed"": ""1"", ""soc"": ""2411"", ""soc_lb"": ""2062"", ""solved"": ""1"", ""solver"": ""planner"", ""sum_of_loss"": ""2189"", ""sum_of_loss_lb"": ""2062""}"
pp_guided_tl:traffic,PP-guided (traffic-last),empty-32-32,empty-32-32-random-4,100,2,30.0,solved,0.120495,0.006,2411,45,2156,2062,45,1.169253,0,,/home/carsten/Projects/MAPF/MAPF Evaluator/results/pptl-empty32/runs/pp_guided_tl_traffic/empty-32-32/empty-32-32-random-4_a100_s2_r0,,,"{""agents"": ""100"", ""comp_time"": ""6"", ""first_ms"": ""6.1"", ""makespan"": ""45"", ""makespan_lb"": ""45"", ""map_file"": ""empty-32-32.map"", ""pp_demote_rounds"": ""0"", ""pp_failed"": ""0"", ""pp_order"": ""traffic-last"", ""pp_plan_ms"": ""3.3"", ""pp_plan_soc"": ""2411"", ""pp_tl"": ""0"", ""pp_used"": ""1"", ""seed"": ""2"", ""soc"": ""2411"", ""soc_lb"": ""2062"", ""solved"": ""1"", ""solver"": ""planner"", ""sum_of_loss"": ""2189"", ""sum_of_loss_lb"": ""2062""}"
pp_guided_tl:traffic_tl,PP-guided (traffic-last) + traffic load in SIPP,empty-32-32,empty-32-32-random-4,100,1,30.0,solved,0.049421,0.01,2351,45,2177,2062,45,1.140155,0,,/home/carsten/Projects/MAPF/MAPF Evaluator/results/pptl-empty32/runs/pp_guided_tl_traffic_tl/empty-32-32/empty-32-32-random-4_a100_s1_r0,,,"{""agents"": ""100"", ""comp_time"": ""10"", ""first_ms"": ""10.2"", ""makespan"": ""45"", ""makespan_lb"": ""45"", ""map_file"": ""empty-32-32.map"", ""pp_demote_rounds"": ""0"", ""pp_failed"": ""0"", ""pp_order"": ""traffic-last"", ""pp_plan_ms"": ""6.0"", ""pp_plan_soc"": ""2351"", ""pp_tl"": ""1"", ""pp_used"": ""1"", ""seed"": ""1"", ""soc"": ""2351"", ""soc_lb"": ""2062"", ""solved"": ""1"", ""solver"": ""planner"", ""sum_of_loss"": ""2194"", ""sum_of_loss_lb"": ""2062""}"
pp_guided_tl:traffic_tl,PP-guided (traffic-last) + traffic load in SIPP,empty-32-32,empty-32-32-random-4,100,2,30.0,solved,0.041972,0.01,2351,45,2177,2062,45,1.140155,0,,/home/carsten/Projects/MAPF/MAPF Evaluator/results/pptl-empty32/runs/pp_guided_tl_traffic_tl/empty-32-32/empty-32-32-random-4_a100_s2_r0,,,"{""agents"": ""100"", ""comp_time"": ""10"", ""first_ms"": ""10.1"", ""makespan"": ""45"", ""makespan_lb"": ""45"", ""map_file"": ""empty-32-32.map"", ""pp_demote_rounds"": ""0"", ""pp_failed"": ""0"", ""pp_order"": ""traffic-last"", ""pp_plan_ms"": ""6.0"", ""pp_plan_soc"": ""2351"", ""pp_tl"": ""1"", ""pp_used"": ""1"", ""seed"": ""2"", ""soc"": ""2351"", ""soc_lb"": ""2062"", ""solved"": ""1"", ""solver"": ""planner"", ""sum_of_loss"": ""2194"", ""sum_of_loss_lb"": ""2062""}"
pp_guided_tl:traffic_tl,PP-guided (traffic-last) + traffic load in SIPP,empty-32-32,empty-32-32-random-4,100,0,30.0,solved,0.060507,0.01,2351,45,2177,2062,45,1.140155,0,,/home/carsten/Projects/MAPF/MAPF Evaluator/results/pptl-empty32/runs/pp_guided_tl_traffic_tl/empty-32-32/empty-32-32-random-4_a100_s0_r0,,,"{""agents"": ""100"", ""comp_time"": ""10"", ""first_ms"": ""10.1"", ""makespan"": ""45"", ""makespan_lb"": ""45"", ""map_file"": ""empty-32-32.map"", ""pp_demote_rounds"": ""0"", ""pp_failed"": ""0"", ""pp_order"": ""traffic-last"", ""pp_plan_ms"": ""6.1"", ""pp_plan_soc"": ""2351"", ""pp_tl"": ""1"", ""pp_used"": ""1"", ""seed"": ""0"", ""soc"": ""2351"", ""soc_lb"": ""2062"", ""solved"": ""1"", ""solver"": ""planner"", ""sum_of_loss"": ""2194"", ""sum_of_loss_lb"": ""2062""}"
pp_guided_tl:shortest,PP-guided (shortest first),empty-32-32,empty-32-32-random-4,150,0,30.0,solved,0.071611,0.008,3172,49,3172,3107,47,1.020921,0,,/home/carsten/Projects/MAPF/MAPF Evaluator/results/pptl-empty32/runs/pp_guided_tl_shortest/empty-32-32/empty-32-32-random-4_a150_s0_r0,,,"{""agents"": ""150"", ""comp_time"": ""8"", ""first_ms"": ""7.1"", ""makespan"": ""49"", ""makespan_lb"": ""47"", ""map_file"": ""empty-32-32.map"", ""pp_demote_rounds"": ""0"", ""pp_failed"": ""0"", ""pp_order"": ""shortest"", ""pp_plan_ms"": ""3.7"", ""pp_plan_soc"": ""3172"", ""pp_tl"": ""0"", ""pp_used"": ""1"", ""seed"": ""0"", ""soc"": ""3172"", ""soc_lb"": ""3107"", ""solved"": ""1"", ""solver"": ""planner"", ""sum_of_loss"": ""3172"", ""sum_of_loss_lb"": ""3107""}"
pp_guided_tl:shortest,PP-guided (shortest first),empty-32-32,empty-32-32-random-4,150,2,30.0,solved,0.067947,0.008,3172,49,3172,3107,47,1.020921,0,,/home/carsten/Projects/MAPF/MAPF Evaluator/results/pptl-empty32/runs/pp_guided_tl_shortest/empty-32-32/empty-32-32-random-4_a150_s2_r0,,,"{""agents"": ""150"", ""comp_time"": ""8"", ""first_ms"": ""8.1"", ""makespan"": ""49"", ""makespan_lb"": ""47"", ""map_file"": ""empty-32-32.map"", ""pp_demote_rounds"": ""0"", ""pp_failed"": ""0"", ""pp_order"": ""shortest"", ""pp_plan_ms"": ""3.7"", ""pp_plan_soc"": ""3172"", ""pp_tl"": ""0"", ""pp_used"": ""1"", ""seed"": ""2"", ""soc"": ""3172"", ""soc_lb"": ""3107"", ""solved"": ""1"", ""solver"": ""planner"", ""sum_of_loss"": ""3172"", ""sum_of_loss_lb"": ""3107""}"
pp_guided_tl:shortest,PP-guided (shortest first),empty-32-32,empty-32-32-random-4,150,1,30.0,solved,0.035777,0.008,3172,49,3172,3107,47,1.020921,0,,/home/carsten/Projects/MAPF/MAPF Evaluator/results/pptl-empty32/runs/pp_guided_tl_shortest/empty-32-32/empty-32-32-random-4_a150_s1_r0,,,"{""agents"": ""150"", ""comp_time"": ""8"", ""first_ms"": ""8.2"", ""makespan"": ""49"", ""makespan_lb"": ""47"", ""map_file"": ""empty-32-32.map"", ""pp_demote_rounds"": ""0"", ""pp_failed"": ""0"", ""pp_order"": ""shortest"", ""pp_plan_ms"": ""3.8"", ""pp_plan_soc"": ""3172"", ""pp_tl"": ""0"", ""pp_used"": ""1"", ""seed"": ""1"", ""soc"": ""3172"", ""soc_lb"": ""3107"", ""solved"": ""1"", ""solver"": ""planner"", ""sum_of_loss"": ""3172"", ""sum_of_loss_lb"": ""3107""}"
pp_guided_tl:shortest_tl,PP-guided (shortest first) + traffic load in SIPP,empty-32-32,empty-32-32-random-4,150,1,30.0,solved,0.040845,0.014,3156,47,3156,3107,47,1.015771,0,,/home/carsten/Projects/MAPF/MAPF Evaluator/results/pptl-empty32/runs/pp_guided_tl_shortest_tl/empty-32-32/empty-32-32-random-4_a150_s1_r0,,,"{""agents"": ""150"", ""comp_time"": ""14"", ""first_ms"": ""14.4"", ""makespan"": ""47"", ""makespan_lb"": ""47"", ""map_file"": ""empty-32-32.map"", ""pp_demote_rounds"": ""0"", ""pp_failed"": ""0"", ""pp_order"": ""shortest"", ""pp_plan_ms"": ""8.1"", ""pp_plan_soc"": ""3156"", ""pp_tl"": ""1"", ""pp_used"": ""1"", ""seed"": ""1"", ""soc"": ""3156"", ""soc_lb"": ""3107"", ""solved"": ""1"", ""solver"": ""planner"", ""sum_of_loss"": ""3156"", ""sum_of_loss_lb"": ""3107""}"
pp_guided_tl:shortest_tl,PP-guided (shortest first) + traffic load in SIPP,empty-32-32,empty-32-32-random-4,150,0,30.0,solved,0.042209,0.014,3156,47,3156,3107,47,1.015771,0,,/home/carsten/Projects/MAPF/MAPF Evaluator/results/pptl-empty32/runs/pp_guided_tl_shortest_tl/empty-32-32/empty-32-32-random-4_a150_s0_r0,,,"{""agents"": ""150"", ""comp_time"": ""14"", ""first_ms"": ""13.5"", ""makespan"": ""47"", ""makespan_lb"": ""47"", ""map_file"": ""empty-32-32.map"", ""pp_demote_rounds"": ""0"", ""pp_failed"": ""0"", ""pp_order"": ""shortest"", ""pp_plan_ms"": ""8.0"", ""pp_plan_soc"": ""3156"", ""pp_tl"": ""1"", ""pp_used"": ""1"", ""seed"": ""0"", ""soc"": ""3156"", ""soc_lb"": ""3107"", ""solved"": ""1"", ""solver"": ""planner"", ""sum_of_loss"": ""3156"", ""sum_of_loss_lb"": ""3107""}"
pp_guided_tl:shortest_tl,PP-guided (shortest first) + traffic load in SIPP,empty-32-32,empty-32-32-random-4,150,2,30.0,solved,0.07615,0.013,3156,47,3156,3107,47,1.015771,0,,/home/carsten/Projects/MAPF/MAPF Evaluator/results/pptl-empty32/runs/pp_guided_tl_shortest_tl/empty-32-32/empty-32-32-random-4_a150_s2_r0,,,"{""agents"": ""150"", ""comp_time"": ""13"", ""first_ms"": ""13.0"", ""makespan"": ""47"", ""makespan_lb"": ""47"", ""map_file"": ""empty-32-32.map"", ""pp_demote_rounds"": ""0"", ""pp_failed"": ""0"", ""pp_order"": ""shortest"", ""pp_plan_ms"": ""7.8"", ""pp_plan_soc"": ""3156"", ""pp_tl"": ""1"", ""pp_used"": ""1"", ""seed"": ""2"", ""soc"": ""3156"", ""soc_lb"": ""3107"", ""solved"": ""1"", ""solver"": ""planner"", ""sum_of_loss"": ""3156"", ""sum_of_loss_lb"": ""3107""}"
pp_guided_tl:traffic,PP-guided (traffic-last),empty-32-32,empty-32-32-random-4,150,1,30.0,solved,0.050382,0.013,3895,47,3360,3107,47,1.253621,0,,/home/carsten/Projects/MAPF/MAPF Evaluator/results/pptl-empty32/runs/pp_guided_tl_traffic/empty-32-32/empty-32-32-random-4_a150_s1_r0,,,"{""agents"": ""150"", ""comp_time"": ""13"", ""first_ms"": ""13.1"", ""makespan"": ""47"", ""makespan_lb"": ""47"", ""map_file"": ""empty-32-32.map"", ""pp_demote_rounds"": ""0"", ""pp_failed"": ""0"", ""pp_order"": ""traffic-last"", ""pp_plan_ms"": ""7.9"", ""pp_plan_soc"": ""3895"", ""pp_tl"": ""0"", ""pp_used"": ""1"", ""seed"": ""1"", ""soc"": ""3895"", ""soc_lb"": ""3107"", ""solved"": ""1"", ""solver"": ""planner"", ""sum_of_loss"": ""3422"", ""sum_of_loss_lb"": ""3107""}"
pp_guided_tl:traffic,PP-guided (traffic-last),empty-32-32,empty-32-32-random-4,150,0,30.0,solved,0.075705,0.013,3895,47,3360,3107,47,1.253621,0,,/home/carsten/Projects/MAPF/MAPF Evaluator/results/pptl-empty32/runs/pp_guided_tl_traffic/empty-32-32/empty-32-32-random-4_a150_s0_r0,,,"{""agents"": ""150"", ""comp_time"": ""13"", ""first_ms"": ""13.3"", ""makespan"": ""47"", ""makespan_lb"": ""47"", ""map_file"": ""empty-32-32.map"", ""pp_demote_rounds"": ""0"", ""pp_failed"": ""0"", ""pp_order"": ""traffic-last"", ""pp_plan_ms"": ""8.1"", ""pp_plan_soc"": ""3895"", ""pp_tl"": ""0"", ""pp_used"": ""1"", ""seed"": ""0"", ""soc"": ""3895"", ""soc_lb"": ""3107"", ""solved"": ""1"", ""solver"": ""planner"", ""sum_of_loss"": ""3422"", ""sum_of_loss_lb"": ""3107""}"
pp_guided_tl:traffic,PP-guided (traffic-last),empty-32-32,empty-32-32-random-4,150,2,30.0,solved,0.055235,0.013,3895,47,3360,3107,47,1.253621,0,,/home/carsten/Projects/MAPF/MAPF Evaluator/results/pptl-empty32/runs/pp_guided_tl_traffic/empty-32-32/empty-32-32-random-4_a150_s2_r0,,,"{""agents"": ""150"", ""comp_time"": ""13"", ""first_ms"": ""13.2"", ""makespan"": ""47"", ""makespan_lb"": ""47"", ""map_file"": ""empty-32-32.map"", ""pp_demote_rounds"": ""0"", ""pp_failed"": ""0"", ""pp_order"": ""traffic-last"", ""pp_plan_ms"": ""8.1"", ""pp_plan_soc"": ""3895"", ""pp_tl"": ""0"", ""pp_used"": ""1"", ""seed"": ""2"", ""soc"": ""3895"", ""soc_lb"": ""3107"", ""solved"": ""1"", ""solver"": ""planner"", ""sum_of_loss"": ""3422"", ""sum_of_loss_lb"": ""3107""}"
pp_guided_tl:traffic_tl,PP-guided (traffic-last) + traffic load in SIPP,empty-32-32,empty-32-32-random-4,150,0,30.0,solved,0.066015,0.019,3808,47,3434,3107,47,1.22562,0,,/home/carsten/Projects/MAPF/MAPF Evaluator/results/pptl-empty32/runs/pp_guided_tl_traffic_tl/empty-32-32/empty-32-32-random-4_a150_s0_r0,,,"{""agents"": ""150"", ""comp_time"": ""19"", ""first_ms"": ""18.1"", ""makespan"": ""47"", ""makespan_lb"": ""47"", ""map_file"": ""empty-32-32.map"", ""pp_demote_rounds"": ""0"", ""pp_failed"": ""0"", ""pp_order"": ""traffic-last"", ""pp_plan_ms"": ""12.4"", ""pp_plan_soc"": ""3808"", ""pp_tl"": ""1"", ""pp_used"": ""1"", ""seed"": ""0"", ""soc"": ""3808"", ""soc_lb"": ""3107"", ""solved"": ""1"", ""solver"": ""planner"", ""sum_of_loss"": ""3481"", ""sum_of_loss_lb"": ""3107""}"
pp_guided_tl:traffic_tl,PP-guided (traffic-last) + traffic load in SIPP,empty-32-32,empty-32-32-random-4,150,1,30.0,solved,0.096104,0.018,3808,47,3434,3107,47,1.22562,0,,/home/carsten/Projects/MAPF/MAPF Evaluator/results/pptl-empty32/runs/pp_guided_tl_traffic_tl/empty-32-32/empty-32-32-random-4_a150_s1_r0,,,"{""agents"": ""150"", ""comp_time"": ""18"", ""first_ms"": ""18.1"", ""makespan"": ""47"", ""makespan_lb"": ""47"", ""map_file"": ""empty-32-32.map"", ""pp_demote_rounds"": ""0"", ""pp_failed"": ""0"", ""pp_order"": ""traffic-last"", ""pp_plan_ms"": ""12.3"", ""pp_plan_soc"": ""3808"", ""pp_tl"": ""1"", ""pp_used"": ""1"", ""seed"": ""1"", ""soc"": ""3808"", ""soc_lb"": ""3107"", ""solved"": ""1"", ""solver"": ""planner"", ""sum_of_loss"": ""3481"", ""sum_of_loss_lb"": ""3107""}"
pp_guided_tl:traffic_tl,PP-guided (traffic-last) + traffic load in SIPP,empty-32-32,empty-32-32-random-4,150,2,30.0,solved,0.162006,0.018,3808,47,3434,3107,47,1.22562,0,,/home/carsten/Projects/MAPF/MAPF Evaluator/results/pptl-empty32/runs/pp_guided_tl_traffic_tl/empty-32-32/empty-32-32-random-4_a150_s2_r0,,,"{""agents"": ""150"", ""comp_time"": ""18"", ""first_ms"": ""18.2"", ""makespan"": ""47"", ""makespan_lb"": ""47"", ""map_file"": ""empty-32-32.map"", ""pp_demote_rounds"": ""0"", ""pp_failed"": ""0"", ""pp_order"": ""traffic-last"", ""pp_plan_ms"": ""12.3"", ""pp_plan_soc"": ""3808"", ""pp_tl"": ""1"", ""pp_used"": ""1"", ""seed"": ""2"", ""soc"": ""3808"", ""soc_lb"": ""3107"", ""solved"": ""1"", ""solver"": ""planner"", ""sum_of_loss"": ""3481"", ""sum_of_loss_lb"": ""3107""}"
pp_guided_tl:shortest,PP-guided (shortest first),empty-32-32,empty-32-32-random-4,200,0,30.0,solved,0.081213,0.013,4333,53,4333,4184,53,1.035612,0,,/home/carsten/Projects/MAPF/MAPF Evaluator/results/pptl-empty32/runs/pp_guided_tl_shortest/empty-32-32/empty-32-32-random-4_a200_s0_r0,,,"{""agents"": ""200"", ""comp_time"": ""13"", ""first_ms"": ""12.4"", ""makespan"": ""53"", ""makespan_lb"": ""53"", ""map_file"": ""empty-32-32.map"", ""pp_demote_rounds"": ""0"", ""pp_failed"": ""0"", ""pp_order"": ""shortest"", ""pp_plan_ms"": ""6.8"", ""pp_plan_soc"": ""4333"", ""pp_tl"": ""0"", ""pp_used"": ""1"", ""seed"": ""0"", ""soc"": ""4333"", ""soc_lb"": ""4184"", ""solved"": ""1"", ""solver"": ""planner"", ""sum_of_loss"": ""4333"", ""sum_of_loss_lb"": ""4184""}"
pp_guided_tl:shortest,PP-guided (shortest first),empty-32-32,empty-32-32-random-4,200,1,30.0,solved,0.118812,0.012,4333,53,4333,4184,53,1.035612,0,,/home/carsten/Projects/MAPF/MAPF Evaluator/results/pptl-empty32/runs/pp_guided_tl_shortest/empty-32-32/empty-32-32-random-4_a200_s1_r0,,,"{""agents"": ""200"", ""comp_time"": ""12"", ""first_ms"": ""12.1"", ""makespan"": ""53"", ""makespan_lb"": ""53"", ""map_file"": ""empty-32-32.map"", ""pp_demote_rounds"": ""0"", ""pp_failed"": ""0"", ""pp_order"": ""shortest"", ""pp_plan_ms"": ""6.8"", ""pp_plan_soc"": ""4333"", ""pp_tl"": ""0"", ""pp_used"": ""1"", ""seed"": ""1"", ""soc"": ""4333"", ""soc_lb"": ""4184"", ""solved"": ""1"", ""solver"": ""planner"", ""sum_of_loss"": ""4333"", ""sum_of_loss_lb"": ""4184""}"
pp_guided_tl:shortest,PP-guided (shortest first),empty-32-32,empty-32-32-random-4,200,2,30.0,solved,0.09893,0.012,4333,53,4333,4184,53,1.035612,0,,/home/carsten/Projects/MAPF/MAPF Evaluator/results/pptl-empty32/runs/pp_guided_tl_shortest/empty-32-32/empty-32-32-random-4_a200_s2_r0,,,"{""agents"": ""200"", ""comp_time"": ""12"", ""first_ms"": ""12.2"", ""makespan"": ""53"", ""makespan_lb"": ""53"", ""map_file"": ""empty-32-32.map"", ""pp_demote_rounds"": ""0"", ""pp_failed"": ""0"", ""pp_order"": ""shortest"", ""pp_plan_ms"": ""6.7"", ""pp_plan_soc"": ""4333"", ""pp_tl"": ""0"", ""pp_used"": ""1"", ""seed"": ""2"", ""soc"": ""4333"", ""soc_lb"": ""4184"", ""solved"": ""1"", ""solver"": ""planner"", ""sum_of_loss"": ""4333"", ""sum_of_loss_lb"": ""4184""}"
pp_guided_tl:shortest_tl,PP-guided (shortest first) + traffic load in SIPP,empty-32-32,empty-32-32-random-4,200,0,30.0,solved,0.118743,0.018,4313,53,4313,4184,53,1.030832,0,,/home/carsten/Projects/MAPF/MAPF Evaluator/results/pptl-empty32/runs/pp_guided_tl_shortest_tl/empty-32-32/empty-32-32-random-4_a200_s0_r0,,,"{""agents"": ""200"", ""comp_time"": ""18"", ""first_ms"": ""18.2"", ""makespan"": ""53"", ""makespan_lb"": ""53"", ""map_file"": ""empty-32-32.map"", ""pp_demote_rounds"": ""0"", ""pp_failed"": ""0"", ""pp_order"": ""shortest"", ""pp_plan_ms"": ""11.2"", ""pp_plan_soc"": ""4313"", ""pp_tl"": ""1"", ""pp_used"": ""1"", ""seed"": ""0"", ""soc"": ""4313"", ""soc_lb"": ""4184"", ""solved"": ""1"", ""solver"": ""planner"", ""sum_of_loss"": ""4313"", ""sum_of_loss_lb"": ""4184""}"
pp_guided_tl:shortest_tl,PP-guided (shortest first) + traffic load in SIPP,empty-32-32,empty-32-32-random-4,200,2,30.0,solved,0.069114,0.019,4313,53,4313,4184,53,1.030832,0,,/home/carsten/Projects/MAPF/MAPF Evaluator/results/pptl-empty32/runs/pp_guided_tl_shortest_tl/empty-32-32/empty-32-32-random-4_a200_s2_r0,,,"{""agents"": ""200"", ""comp_time"": ""19"", ""first_ms"": ""18.3"", ""makespan"": ""53"", ""makespan_lb"": ""53"", ""map_file"": ""empty-32-32.map"", ""pp_demote_rounds"": ""0"", ""pp_failed"": ""0"", ""pp_order"": ""shortest"", ""pp_plan_ms"": ""11.1"", ""pp_plan_soc"": ""4313"", ""pp_tl"": ""1"", ""pp_used"": ""1"", ""seed"": ""2"", ""soc"": ""4313"", ""soc_lb"": ""4184"", ""solved"": ""1"", ""solver"": ""planner"", ""sum_of_loss"": ""4313"", ""sum_of_loss_lb"": ""4184""}"
pp_guided_tl:shortest_tl,PP-guided (shortest first) + traffic load in SIPP,empty-32-32,empty-32-32-random-4,200,1,30.0,solved,0.089589,0.018,4313,53,4313,4184,53,1.030832,0,,/home/carsten/Projects/MAPF/MAPF Evaluator/results/pptl-empty32/runs/pp_guided_tl_shortest_tl/empty-32-32/empty-32-32-random-4_a200_s1_r0,,,"{""agents"": ""200"", ""comp_time"": ""18"", ""first_ms"": ""18.3"", ""makespan"": ""53"", ""makespan_lb"": ""53"", ""map_file"": ""empty-32-32.map"", ""pp_demote_rounds"": ""0"", ""pp_failed"": ""0"", ""pp_order"": ""shortest"", ""pp_plan_ms"": ""11.1"", ""pp_plan_soc"": ""4313"", ""pp_tl"": ""1"", ""pp_used"": ""1"", ""seed"": ""1"", ""soc"": ""4313"", ""soc_lb"": ""4184"", ""solved"": ""1"", ""solver"": ""planner"", ""sum_of_loss"": ""4313"", ""sum_of_loss_lb"": ""4184""}"
pp_guided_tl:traffic,PP-guided (traffic-last),empty-32-32,empty-32-32-random-4,200,0,30.0,solved,0.075494,0.021,5733,53,4785,4184,53,1.37022,0,,/home/carsten/Projects/MAPF/MAPF Evaluator/results/pptl-empty32/runs/pp_guided_tl_traffic/empty-32-32/empty-32-32-random-4_a200_s0_r0,,,"{""agents"": ""200"", ""comp_time"": ""21"", ""first_ms"": ""21.2"", ""makespan"": ""53"", ""makespan_lb"": ""53"", ""map_file"": ""empty-32-32.map"", ""pp_demote_rounds"": ""0"", ""pp_failed"": ""0"", ""pp_order"": ""traffic-last"", ""pp_plan_ms"": ""14.9"", ""pp_plan_soc"": ""5733"", ""pp_tl"": ""0"", ""pp_used"": ""1"", ""seed"": ""0"", ""soc"": ""5733"", ""soc_lb"": ""4184"", ""solved"": ""1"", ""solver"": ""planner"", ""sum_of_loss"": ""4918"", ""sum_of_loss_lb"": ""4184""}"
pp_guided_tl:traffic,PP-guided (traffic-last),empty-32-32,empty-32-32-random-4,200,1,30.0,solved,0.160052,0.022,5733,53,4785,4184,53,1.37022,0,,/home/carsten/Projects/MAPF/MAPF Evaluator/results/pptl-empty32/runs/pp_guided_tl_traffic/empty-32-32/empty-32-32-random-4_a200_s1_r0,,,"{""agents"": ""200"", ""comp_time"": ""22"", ""first_ms"": ""21.6"", ""makespan"": ""53"", ""makespan_lb"": ""53"", ""map_file"": ""empty-32-32.map"", ""pp_demote_rounds"": ""0"", ""pp_failed"": ""0"", ""pp_order"": ""traffic-last"", ""pp_plan_ms"": ""14.9"", ""pp_plan_soc"": ""5733"", ""pp_tl"": ""0"", ""pp_used"": ""1"", ""seed"": ""1"", ""soc"": ""5733"", ""soc_lb"": ""4184"", ""solved"": ""1"", ""solver"": ""planner"", ""sum_of_loss"": ""4918"", ""sum_of_loss_lb"": ""4184""}"
pp_guided_tl:traffic_tl,PP-guided (traffic-last) + traffic load in SIPP,empty-32-32,empty-32-32-random-4,200,0,30.0,solved,0.085376,0.03,5478,53,4805,4184,53,1.309273,0,,/home/carsten/Projects/MAPF/MAPF Evaluator/results/pptl-empty32/runs/pp_guided_tl_traffic_tl/empty-32-32/empty-32-32-random-4_a200_s0_r0,,,"{""agents"": ""200"", ""comp_time"": ""30"", ""first_ms"": ""29.5"", ""makespan"": ""53"", ""makespan_lb"": ""53"", ""map_file"": ""empty-32-32.map"", ""pp_demote_rounds"": ""0"", ""pp_failed"": ""0"", ""pp_order"": ""traffic-last"", ""pp_plan_ms"": ""21.5"", ""pp_plan_soc"": ""5478"", ""pp_tl"": ""1"", ""pp_used"": ""1"", ""seed"": ""0"", ""soc"": ""5478"", ""soc_lb"": ""4184"", ""solved"": ""1"", ""solver"": ""planner"", ""sum_of_loss"": ""4891"", ""sum_of_loss_lb"": ""4184""}"
pp_guided_tl:traffic,PP-guided (traffic-last),empty-32-32,empty-32-32-random-4,200,2,30.0,solved,0.145162,0.022,5733,53,4785,4184,53,1.37022,0,,/home/carsten/Projects/MAPF/MAPF Evaluator/results/pptl-empty32/runs/pp_guided_tl_traffic/empty-32-32/empty-32-32-random-4_a200_s2_r0,,,"{""agents"": ""200"", ""comp_time"": ""22"", ""first_ms"": ""21.3"", ""makespan"": ""53"", ""makespan_lb"": ""53"", ""map_file"": ""empty-32-32.map"", ""pp_demote_rounds"": ""0"", ""pp_failed"": ""0"", ""pp_order"": ""traffic-last"", ""pp_plan_ms"": ""15.0"", ""pp_plan_soc"": ""5733"", ""pp_tl"": ""0"", ""pp_used"": ""1"", ""seed"": ""2"", ""soc"": ""5733"", ""soc_lb"": ""4184"", ""solved"": ""1"", ""solver"": ""planner"", ""sum_of_loss"": ""4918"", ""sum_of_loss_lb"": ""4184""}"
pp_guided_tl:traffic_tl,PP-guided (traffic-last) + traffic load in SIPP,empty-32-32,empty-32-32-random-4,200,1,30.0,solved,0.065039,0.029,5478,53,4805,4184,53,1.309273,0,,/home/carsten/Projects/MAPF/MAPF Evaluator/results/pptl-empty32/runs/pp_guided_tl_traffic_tl/empty-32-32/empty-32-32-random-4_a200_s1_r0,,,"{""agents"": ""200"", ""comp_time"": ""29"", ""first_ms"": ""29.2"", ""makespan"": ""53"", ""makespan_lb"": ""53"", ""map_file"": ""empty-32-32.map"", ""pp_demote_rounds"": ""0"", ""pp_failed"": ""0"", ""pp_order"": ""traffic-last"", ""pp_plan_ms"": ""21.3"", ""pp_plan_soc"": ""5478"", ""pp_tl"": ""1"", ""pp_used"": ""1"", ""seed"": ""1"", ""soc"": ""5478"", ""soc_lb"": ""4184"", ""solved"": ""1"", ""solver"": ""planner"", ""sum_of_loss"": ""4891"", ""sum_of_loss_lb"": ""4184""}"
pp_guided_tl:shortest,PP-guided (shortest first),empty-32-32,empty-32-32-random-5,50,0,30.0,solved,0.018193,0.002,1168,53,1168,1160,53,1.006897,0,,/home/carsten/Projects/MAPF/MAPF Evaluator/results/pptl-empty32/runs/pp_guided_tl_shortest/empty-32-32/empty-32-32-random-5_a50_s0_r0,,,"{""agents"": ""50"", ""comp_time"": ""2"", ""first_ms"": ""2.3"", ""makespan"": ""53"", ""makespan_lb"": ""53"", ""map_file"": ""empty-32-32.map"", ""pp_demote_rounds"": ""0"", ""pp_failed"": ""0"", ""pp_order"": ""shortest"", ""pp_plan_ms"": ""1.2"", ""pp_plan_soc"": ""1168"", ""pp_tl"": ""0"", ""pp_used"": ""1"", ""seed"": ""0"", ""soc"": ""1168"", ""soc_lb"": ""1160"", ""solved"": ""1"", ""solver"": ""planner"", ""sum_of_loss"": ""1168"", ""sum_of_loss_lb"": ""1160""}"
pp_guided_tl:shortest,PP-guided (shortest first),empty-32-32,empty-32-32-random-5,50,1,30.0,solved,0.030103,0.002,1168,53,1168,1160,53,1.006897,0,,/home/carsten/Projects/MAPF/MAPF Evaluator/results/pptl-empty32/runs/pp_guided_tl_shortest/empty-32-32/empty-32-32-random-5_a50_s1_r0,,,"{""agents"": ""50"", ""comp_time"": ""2"", ""first_ms"": ""2.2"", ""makespan"": ""53"", ""makespan_lb"": ""53"", ""map_file"": ""empty-32-32.map"", ""pp_demote_rounds"": ""0"", ""pp_failed"": ""0"", ""pp_order"": ""shortest"", ""pp_plan_ms"": ""1.2"", ""pp_plan_soc"": ""1168"", ""pp_tl"": ""0"", ""pp_used"": ""1"", ""seed"": ""1"", ""soc"": ""1168"", ""soc_lb"": ""1160"", ""solved"": ""1"", ""solver"": ""planner"", ""sum_of_loss"": ""1168"", ""sum_of_loss_lb"": ""1160""}"
pp_guided_tl:traffic_tl,PP-guided (traffic-last) + traffic load in SIPP,empty-32-32,empty-32-32-random-4,200,2,30.0,solved,0.075669,0.029,5478,53,4805,4184,53,1.309273,0,,/home/carsten/Projects/MAPF/MAPF Evaluator/results/pptl-empty32/runs/pp_guided_tl_traffic_tl/empty-32-32/empty-32-32-random-4_a200_s2_r0,,,"{""agents"": ""200"", ""comp_time"": ""29"", ""first_ms"": ""29.2"", ""makespan"": ""53"", ""makespan_lb"": ""53"", ""map_file"": ""empty-32-32.map"", ""pp_demote_rounds"": ""0"", ""pp_failed"": ""0"", ""pp_order"": ""traffic-last"", ""pp_plan_ms"": ""21.3"", ""pp_plan_soc"": ""5478"", ""pp_tl"": ""1"", ""pp_used"": ""1"", ""seed"": ""2"", ""soc"": ""5478"", ""soc_lb"": ""4184"", ""solved"": ""1"", ""solver"": ""planner"", ""sum_of_loss"": ""4891"", ""sum_of_loss_lb"": ""4184""}"
pp_guided_tl:shortest,PP-guided (shortest first),empty-32-32,empty-32-32-random-5,50,2,30.0,solved,0.029362,0.002,1168,53,1168,1160,53,1.006897,0,,/home/carsten/Projects/MAPF/MAPF Evaluator/results/pptl-empty32/runs/pp_guided_tl_shortest/empty-32-32/empty-32-32-random-5_a50_s2_r0,,,"{""agents"": ""50"", ""comp_time"": ""2"", ""first_ms"": ""2.2"", ""makespan"": ""53"", ""makespan_lb"": ""53"", ""map_file"": ""empty-32-32.map"", ""pp_demote_rounds"": ""0"", ""pp_failed"": ""0"", ""pp_order"": ""shortest"", ""pp_plan_ms"": ""1.2"", ""pp_plan_soc"": ""1168"", ""pp_tl"": ""0"", ""pp_used"": ""1"", ""seed"": ""2"", ""soc"": ""1168"", ""soc_lb"": ""1160"", ""solved"": ""1"", ""solver"": ""planner"", ""sum_of_loss"": ""1168"", ""sum_of_loss_lb"": ""1160""}"
pp_guided_tl:shortest_tl,PP-guided (shortest first) + traffic load in SIPP,empty-32-32,empty-32-32-random-5,50,0,30.0,solved,0.045559,0.005,1167,53,1167,1160,53,1.006034,0,,/home/carsten/Projects/MAPF/MAPF Evaluator/results/pptl-empty32/runs/pp_guided_tl_shortest_tl/empty-32-32/empty-32-32-random-5_a50_s0_r0,,,"{""agents"": ""50"", ""comp_time"": ""5"", ""first_ms"": ""5.2"", ""makespan"": ""53"", ""makespan_lb"": ""53"", ""map_file"": ""empty-32-32.map"", ""pp_demote_rounds"": ""0"", ""pp_failed"": ""0"", ""pp_order"": ""shortest"", ""pp_plan_ms"": ""3.1"", ""pp_plan_soc"": ""1167"", ""pp_tl"": ""1"", ""pp_used"": ""1"", ""seed"": ""0"", ""soc"": ""1167"", ""soc_lb"": ""1160"", ""solved"": ""1"", ""solver"": ""planner"", ""sum_of_loss"": ""1167"", ""sum_of_loss_lb"": ""1160""}"
pp_guided_tl:traffic,PP-guided (traffic-last),empty-32-32,empty-32-32-random-5,50,0,30.0,solved,0.02408,0.003,1414,53,1199,1160,53,1.218966,0,,/home/carsten/Projects/MAPF/MAPF Evaluator/results/pptl-empty32/runs/pp_guided_tl_traffic/empty-32-32/empty-32-32-random-5_a50_s0_r0,,,"{""agents"": ""50"", ""comp_time"": ""3"", ""first_ms"": ""3.3"", ""makespan"": ""53"", ""makespan_lb"": ""53"", ""map_file"": ""empty-32-32.map"", ""pp_demote_rounds"": ""0"", ""pp_failed"": ""0"", ""pp_order"": ""traffic-last"", ""pp_plan_ms"": ""1.7"", ""pp_plan_soc"": ""1414"", ""pp_tl"": ""0"", ""pp_used"": ""1"", ""seed"": ""0"", ""soc"": ""1414"", ""soc_lb"": ""1160"", ""solved"": ""1"", ""solver"": ""planner"", ""sum_of_loss"": ""1216"", ""sum_of_loss_lb"": ""1160""}"
pp_guided_tl:shortest_tl,PP-guided (shortest first) + traffic load in SIPP,empty-32-32,empty-32-32-random-5,50,2,30.0,solved,0.024159,0.005,1167,53,1167,1160,53,1.006034,0,,/home/carsten/Projects/MAPF/MAPF Evaluator/results/pptl-empty32/runs/pp_guided_tl_shortest_tl/empty-32-32/empty-32-32-random-5_a50_s2_r0,,,"{""agents"": ""50"", ""comp_time"": ""5"", ""first_ms"": ""5.1"", ""makespan"": ""53"", ""makespan_lb"": ""53"", ""map_file"": ""empty-32-32.map"", ""pp_demote_rounds"": ""0"", ""pp_failed"": ""0"", ""pp_order"": ""shortest"", ""pp_plan_ms"": ""3.1"", ""pp_plan_soc"": ""1167"", ""pp_tl"": ""1"", ""pp_used"": ""1"", ""seed"": ""2"", ""soc"": ""1167"", ""soc_lb"": ""1160"", ""solved"": ""1"", ""solver"": ""planner"", ""sum_of_loss"": ""1167"", ""sum_of_loss_lb"": ""1160""}"
pp_guided_tl:shortest_tl,PP-guided (shortest first) + traffic load in SIPP,empty-32-32,empty-32-32-random-5,50,1,30.0,solved,0.041354,0.005,1167,53,1167,1160,53,1.006034,0,,/home/carsten/Projects/MAPF/MAPF Evaluator/results/pptl-empty32/runs/pp_guided_tl_shortest_tl/empty-32-32/empty-32-32-random-5_a50_s1_r0,,,"{""agents"": ""50"", ""comp_time"": ""5"", ""first_ms"": ""5.3"", ""makespan"": ""53"", ""makespan_lb"": ""53"", ""map_file"": ""empty-32-32.map"", ""pp_demote_rounds"": ""0"", ""pp_failed"": ""0"", ""pp_order"": ""shortest"", ""pp_plan_ms"": ""3.1"", ""pp_plan_soc"": ""1167"", ""pp_tl"": ""1"", ""pp_used"": ""1"", ""seed"": ""1"", ""soc"": ""1167"", ""soc_lb"": ""1160"", ""solved"": ""1"", ""solver"": ""planner"", ""sum_of_loss"": ""1167"", ""sum_of_loss_lb"": ""1160""}"
pp_guided_tl:traffic,PP-guided (traffic-last),empty-32-32,empty-32-32-random-5,50,1,30.0,solved,0.024774,0.003,1414,53,1199,1160,53,1.218966,0,,/home/carsten/Projects/MAPF/MAPF Evaluator/results/pptl-empty32/runs/pp_guided_tl_traffic/empty-32-32/empty-32-32-random-5_a50_s1_r0,,,"{""agents"": ""50"", ""comp_time"": ""3"", ""first_ms"": ""3.2"", ""makespan"": ""53"", ""makespan_lb"": ""53"", ""map_file"": ""empty-32-32.map"", ""pp_demote_rounds"": ""0"", ""pp_failed"": ""0"", ""pp_order"": ""traffic-last"", ""pp_plan_ms"": ""1.6"", ""pp_plan_soc"": ""1414"", ""pp_tl"": ""0"", ""pp_used"": ""1"", ""seed"": ""1"", ""soc"": ""1414"", ""soc_lb"": ""1160"", ""solved"": ""1"", ""solver"": ""planner"", ""sum_of_loss"": ""1216"", ""sum_of_loss_lb"": ""1160""}"
pp_guided_tl:traffic,PP-guided (traffic-last),empty-32-32,empty-32-32-random-5,50,2,30.0,solved,0.022399,0.003,1414,53,1199,1160,53,1.218966,0,,/home/carsten/Projects/MAPF/MAPF Evaluator/results/pptl-empty32/runs/pp_guided_tl_traffic/empty-32-32/empty-32-32-random-5_a50_s2_r0,,,"{""agents"": ""50"", ""comp_time"": ""3"", ""first_ms"": ""3.2"", ""makespan"": ""53"", ""makespan_lb"": ""53"", ""map_file"": ""empty-32-32.map"", ""pp_demote_rounds"": ""0"", ""pp_failed"": ""0"", ""pp_order"": ""traffic-last"", ""pp_plan_ms"": ""1.6"", ""pp_plan_soc"": ""1414"", ""pp_tl"": ""0"", ""pp_used"": ""1"", ""seed"": ""2"", ""soc"": ""1414"", ""soc_lb"": ""1160"", ""solved"": ""1"", ""solver"": ""planner"", ""sum_of_loss"": ""1216"", ""sum_of_loss_lb"": ""1160""}"
pp_guided_tl:traffic_tl,PP-guided (traffic-last) + traffic load in SIPP,empty-32-32,empty-32-32-random-5,50,0,30.0,solved,0.024082,0.006,1347,53,1235,1160,53,1.161207,0,,/home/carsten/Projects/MAPF/MAPF Evaluator/results/pptl-empty32/runs/pp_guided_tl_traffic_tl/empty-32-32/empty-32-32-random-5_a50_s0_r0,,,"{""agents"": ""50"", ""comp_time"": ""6"", ""first_ms"": ""6.2"", ""makespan"": ""53"", ""makespan_lb"": ""53"", ""map_file"": ""empty-32-32.map"", ""pp_demote_rounds"": ""0"", ""pp_failed"": ""0"", ""pp_order"": ""traffic-last"", ""pp_plan_ms"": ""4.1"", ""pp_plan_soc"": ""1347"", ""pp_tl"": ""1"", ""pp_used"": ""1"", ""seed"": ""0"", ""soc"": ""1347"", ""soc_lb"": ""1160"", ""solved"": ""1"", ""solver"": ""planner"", ""sum_of_loss"": ""1244"", ""sum_of_loss_lb"": ""1160""}"
pp_guided_tl:traffic_tl,PP-guided (traffic-last) + traffic load in SIPP,empty-32-32,empty-32-32-random-5,50,1,30.0,solved,0.02416,0.006,1347,53,1235,1160,53,1.161207,0,,/home/carsten/Projects/MAPF/MAPF Evaluator/results/pptl-empty32/runs/pp_guided_tl_traffic_tl/empty-32-32/empty-32-32-random-5_a50_s1_r0,,,"{""agents"": ""50"", ""comp_time"": ""6"", ""first_ms"": ""6.3"", ""makespan"": ""53"", ""makespan_lb"": ""53"", ""map_file"": ""empty-32-32.map"", ""pp_demote_rounds"": ""0"", ""pp_failed"": ""0"", ""pp_order"": ""traffic-last"", ""pp_plan_ms"": ""4.2"", ""pp_plan_soc"": ""1347"", ""pp_tl"": ""1"", ""pp_used"": ""1"", ""seed"": ""1"", ""soc"": ""1347"", ""soc_lb"": ""1160"", ""solved"": ""1"", ""solver"": ""planner"", ""sum_of_loss"": ""1244"", ""sum_of_loss_lb"": ""1160""}"
pp_guided_tl:traffic_tl,PP-guided (traffic-last) + traffic load in SIPP,empty-32-32,empty-32-32-random-5,50,2,30.0,solved,0.060173,0.006,1347,53,1235,1160,53,1.161207,0,,/home/carsten/Projects/MAPF/MAPF Evaluator/results/pptl-empty32/runs/pp_guided_tl_traffic_tl/empty-32-32/empty-32-32-random-5_a50_s2_r0,,,"{""agents"": ""50"", ""comp_time"": ""6"", ""first_ms"": ""6.2"", ""makespan"": ""53"", ""makespan_lb"": ""53"", ""map_file"": ""empty-32-32.map"", ""pp_demote_rounds"": ""0"", ""pp_failed"": ""0"", ""pp_order"": ""traffic-last"", ""pp_plan_ms"": ""4.2"", ""pp_plan_soc"": ""1347"", ""pp_tl"": ""1"", ""pp_used"": ""1"", ""seed"": ""2"", ""soc"": ""1347"", ""soc_lb"": ""1160"", ""solved"": ""1"", ""solver"": ""planner"", ""sum_of_loss"": ""1244"", ""sum_of_loss_lb"": ""1160""}"
pp_guided_tl:shortest,PP-guided (shortest first),empty-32-32,empty-32-32-random-5,100,2,30.0,solved,0.03726,0.005,2166,53,2166,2134,53,1.014995,0,,/home/carsten/Projects/MAPF/MAPF Evaluator/results/pptl-empty32/runs/pp_guided_tl_shortest/empty-32-32/empty-32-32-random-5_a100_s2_r0,,,"{""agents"": ""100"", ""comp_time"": ""5"", ""first_ms"": ""5.1"", ""makespan"": ""53"", ""makespan_lb"": ""53"", ""map_file"": ""empty-32-32.map"", ""pp_demote_rounds"": ""0"", ""pp_failed"": ""0"", ""pp_order"": ""shortest"", ""pp_plan_ms"": ""2.4"", ""pp_plan_soc"": ""2166"", ""pp_tl"": ""0"", ""pp_used"": ""1"", ""seed"": ""2"", ""soc"": ""2166"", ""soc_lb"": ""2134"", ""solved"": ""1"", ""solver"": ""planner"", ""sum_of_loss"": ""2166"", ""sum_of_loss_lb"": ""2134""}"
pp_guided_tl:shortest,PP-guided (shortest first),empty-32-32,empty-32-32-random-5,100,0,30.0,solved,0.04031,0.005,2166,53,2166,2134,53,1.014995,0,,/home/carsten/Projects/MAPF/MAPF Evaluator/results/pptl-empty32/runs/pp_guided_tl_shortest/empty-32-32/empty-32-32-random-5_a100_s0_r0,,,"{""agents"": ""100"", ""comp_time"": ""5"", ""first_ms"": ""5.5"", ""makespan"": ""53"", ""makespan_lb"": ""53"", ""map_file"": ""empty-32-32.map"", ""pp_demote_rounds"": ""0"", ""pp_failed"": ""0"", ""pp_order"": ""shortest"", ""pp_plan_ms"": ""2.5"", ""pp_plan_soc"": ""2166"", ""pp_tl"": ""0"", ""pp_used"": ""1"", ""seed"": ""0"", ""soc"": ""2166"", ""soc_lb"": ""2134"", ""solved"": ""1"", ""solver"": ""planner"", ""sum_of_loss"": ""2166"", ""sum_of_loss_lb"": ""2134""}"
pp_guided_tl:shortest,PP-guided (shortest first),empty-32-32,empty-32-32-random-5,100,1,30.0,solved,0.076113,0.006,2166,53,2166,2134,53,1.014995,0,,/home/carsten/Projects/MAPF/MAPF Evaluator/results/pptl-empty32/runs/pp_guided_tl_shortest/empty-32-32/empty-32-32-random-5_a100_s1_r0,,,"{""agents"": ""100"", ""comp_time"": ""6"", ""first_ms"": ""5.5"", ""makespan"": ""53"", ""makespan_lb"": ""53"", ""map_file"": ""empty-32-32.map"", ""pp_demote_rounds"": ""0"", ""pp_failed"": ""0"", ""pp_order"": ""shortest"", ""pp_plan_ms"": ""2.4"", ""pp_plan_soc"": ""2166"", ""pp_tl"": ""0"", ""pp_used"": ""1"", ""seed"": ""1"", ""soc"": ""2166"", ""soc_lb"": ""2134"", ""solved"": ""1"", ""solver"": ""planner"", ""sum_of_loss"": ""2166"", ""sum_of_loss_lb"": ""2134""}"
pp_guided_tl:shortest_tl,PP-guided (shortest first) + traffic load in SIPP,empty-32-32,empty-32-32-random-5,100,0,30.0,solved,0.043,0.009,2158,53,2158,2134,53,1.011246,0,,/home/carsten/Projects/MAPF/MAPF Evaluator/results/pptl-empty32/runs/pp_guided_tl_shortest_tl/empty-32-32/empty-32-32-random-5_a100_s0_r0,,,"{""agents"": ""100"", ""comp_time"": ""9"", ""first_ms"": ""9.1"", ""makespan"": ""53"", ""makespan_lb"": ""53"", ""map_file"": ""empty-32-32.map"", ""pp_demote_rounds"": ""0"", ""pp_failed"": ""0"", ""pp_order"": ""shortest"", ""pp_plan_ms"": ""5.7"", ""pp_plan_soc"": ""2158"", ""pp_tl"": ""1"", ""pp_used"": ""1"", ""seed"": ""0"", ""soc"": ""2158"", ""soc_lb"": ""2134"", ""solved"": ""1"", ""solver"": ""planner"", ""sum_of_loss"": ""2158"", ""sum_of_loss_lb"": ""2134""}"
pp_guided_tl:shortest_tl,PP-guided (shortest first) + traffic load in SIPP,empty-32-32,empty-32-32-random-5,100,1,30.0,solved,0.092751,0.009,2158,53,2158,2134,53,1.011246,0,,/home/carsten/Projects/MAPF/MAPF Evaluator/results/pptl-empty32/runs/pp_guided_tl_shortest_tl/empty-32-32/empty-32-32-random-5_a100_s1_r0,,,"{""agents"": ""100"", ""comp_time"": ""9"", ""first_ms"": ""9.2"", ""makespan"": ""53"", ""makespan_lb"": ""53"", ""map_file"": ""empty-32-32.map"", ""pp_demote_rounds"": ""0"", ""pp_failed"": ""0"", ""pp_order"": ""shortest"", ""pp_plan_ms"": ""5.8"", ""pp_plan_soc"": ""2158"", ""pp_tl"": ""1"", ""pp_used"": ""1"", ""seed"": ""1"", ""soc"": ""2158"", ""soc_lb"": ""2134"", ""solved"": ""1"", ""solver"": ""planner"", ""sum_of_loss"": ""2158"", ""sum_of_loss_lb"": ""2134""}"
pp_guided_tl:traffic,PP-guided (traffic-last),empty-32-32,empty-32-32-random-5,100,0,30.0,solved,0.048894,0.007,2712,53,2259,2134,53,1.270853,0,,/home/carsten/Projects/MAPF/MAPF Evaluator/results/pptl-empty32/runs/pp_guided_tl_traffic/empty-32-32/empty-32-32-random-5_a100_s0_r0,,,"{""agents"": ""100"", ""comp_time"": ""7"", ""first_ms"": ""7.3"", ""makespan"": ""53"", ""makespan_lb"": ""53"", ""map_file"": ""empty-32-32.map"", ""pp_demote_rounds"": ""0"", ""pp_failed"": ""0"", ""pp_order"": ""traffic-last"", ""pp_plan_ms"": ""4.3"", ""pp_plan_soc"": ""2712"", ""pp_tl"": ""0"", ""pp_used"": ""1"", ""seed"": ""0"", ""soc"": ""2712"", ""soc_lb"": ""2134"", ""solved"": ""1"", ""solver"": ""planner"", ""sum_of_loss"": ""2309"", ""sum_of_loss_lb"": ""2134""}"
pp_guided_tl:shortest_tl,PP-guided (shortest first) + traffic load in SIPP,empty-32-32,empty-32-32-random-5,100,2,30.0,solved,0.055991,0.009,2158,53,2158,2134,53,1.011246,0,,/home/carsten/Projects/MAPF/MAPF Evaluator/results/pptl-empty32/runs/pp_guided_tl_shortest_tl/empty-32-32/empty-32-32-random-5_a100_s2_r0,,,"{""agents"": ""100"", ""comp_time"": ""9"", ""first_ms"": ""9.0"", ""makespan"": ""53"", ""makespan_lb"": ""53"", ""map_file"": ""empty-32-32.map"", ""pp_demote_rounds"": ""0"", ""pp_failed"": ""0"", ""pp_order"": ""shortest"", ""pp_plan_ms"": ""5.9"", ""pp_plan_soc"": ""2158"", ""pp_tl"": ""1"", ""pp_used"": ""1"", ""seed"": ""2"", ""soc"": ""2158"", ""soc_lb"": ""2134"", ""solved"": ""1"", ""solver"": ""planner"", ""sum_of_loss"": ""2158"", ""sum_of_loss_lb"": ""2134""}"
pp_guided_tl:traffic,PP-guided (traffic-last),empty-32-32,empty-32-32-random-5,100,1,30.0,solved,0.066425,0.007,2712,53,2259,2134,53,1.270853,0,,/home/carsten/Projects/MAPF/MAPF Evaluator/results/pptl-empty32/runs/pp_guided_tl_traffic/empty-32-32/empty-32-32-random-5_a100_s1_r0,,,"{""agents"": ""100"", ""comp_time"": ""7"", ""first_ms"": ""7.1"", ""makespan"": ""53"", ""makespan_lb"": ""53"", ""map_file"": ""empty-32-32.map"", ""pp_demote_rounds"": ""0"", ""pp_failed"": ""0"", ""pp_order"": ""traffic-last"", ""pp_plan_ms"": ""4.2"", ""pp_plan_soc"": ""2712"", ""pp_tl"": ""0"", ""pp_used"": ""1"", ""seed"": ""1"", ""soc"": ""2712"", ""soc_lb"": ""2134"", ""solved"": ""1"", ""solver"": ""planner"", ""sum_of_loss"": ""2309"", ""sum_of_loss_lb"": ""2134""}"
pp_guided_tl:traffic,PP-guided (traffic-last),empty-32-32,empty-32-32-random-5,100,2,30.0,solved,0.077754,0.008,2712,53,2259,2134,53,1.270853,0,,/home/carsten/Projects/MAPF/MAPF Evaluator/results/pptl-empty32/runs/pp_guided_tl_traffic/empty-32-32/empty-32-32-random-5_a100_s2_r0,,,"{""agents"": ""100"", ""comp_time"": ""8"", ""first_ms"": ""7.7"", ""makespan"": ""53"", ""makespan_lb"": ""53"", ""map_file"": ""empty-32-32.map"", ""pp_demote_rounds"": ""0"", ""pp_failed"": ""0"", ""pp_order"": ""traffic-last"", ""pp_plan_ms"": ""4.4"", ""pp_plan_soc"": ""2712"", ""pp_tl"": ""0"", ""pp_used"": ""1"", ""seed"": ""2"", ""soc"": ""2712"", ""soc_lb"": ""2134"", ""solved"": ""1"", ""solver"": ""planner"", ""sum_of_loss"": ""2309"", ""sum_of_loss_lb"": ""2134""}"
pp_guided_tl:traffic_tl,PP-guided (traffic-last) + traffic load in SIPP,empty-32-32,empty-32-32-random-5,100,0,30.0,solved,0.049478,0.014,2644,53,2424,2134,53,1.238988,0,,/home/carsten/Projects/MAPF/MAPF Evaluator/results/pptl-empty32/runs/pp_guided_tl_traffic_tl/empty-32-32/empty-32-32-random-5_a100_s0_r0,,,"{""agents"": ""100"", ""comp_time"": ""14"", ""first_ms"": ""14.2"", ""makespan"": ""53"", ""makespan_lb"": ""53"", ""map_file"": ""empty-32-32.map"", ""pp_demote_rounds"": ""0"", ""pp_failed"": ""0"", ""pp_order"": ""traffic-last"", ""pp_plan_ms"": ""9.9"", ""pp_plan_soc"": ""2644"", ""pp_tl"": ""1"", ""pp_used"": ""1"", ""seed"": ""0"", ""soc"": ""2644"", ""soc_lb"": ""2134"", ""solved"": ""1"", ""solver"": ""planner"", ""sum_of_loss"": ""2449"", ""sum_of_loss_lb"": ""2134""}"
pp_guided_tl:traffic_tl,PP-guided (traffic-last) + traffic load in SIPP,empty-32-32,empty-32-32-random-5,100,2,30.0,solved,0.043713,0.014,2644,53,2424,2134,53,1.238988,0,,/home/carsten/Projects/MAPF/MAPF Evaluator/results/pptl-empty32/runs/pp_guided_tl_traffic_tl/empty-32-32/empty-32-32-random-5_a100_s2_r0,,,"{""agents"": ""100"", ""comp_time"": ""14"", ""first_ms"": ""14.0"", ""makespan"": ""53"", ""makespan_lb"": ""53"", ""map_file"": ""empty-32-32.map"", ""pp_demote_rounds"": ""0"", ""pp_failed"": ""0"", ""pp_order"": ""traffic-last"", ""pp_plan_ms"": ""10.0"", ""pp_plan_soc"": ""2644"", ""pp_tl"": ""1"", ""pp_used"": ""1"", ""seed"": ""2"", ""soc"": ""2644"", ""soc_lb"": ""2134"", ""solved"": ""1"", ""solver"": ""planner"", ""sum_of_loss"": ""2449"", ""sum_of_loss_lb"": ""2134""}"
pp_guided_tl:traffic_tl,PP-guided (traffic-last) + traffic load in SIPP,empty-32-32,empty-32-32-random-5,100,1,30.0,solved,0.083216,0.013,2644,53,2424,2134,53,1.238988,0,,/home/carsten/Projects/MAPF/MAPF Evaluator/results/pptl-empty32/runs/pp_guided_tl_traffic_tl/empty-32-32/empty-32-32-random-5_a100_s1_r0,,,"{""agents"": ""100"", ""comp_time"": ""13"", ""first_ms"": ""13.1"", ""makespan"": ""53"", ""makespan_lb"": ""53"", ""map_file"": ""empty-32-32.map"", ""pp_demote_rounds"": ""0"", ""pp_failed"": ""0"", ""pp_order"": ""traffic-last"", ""pp_plan_ms"": ""9.8"", ""pp_plan_soc"": ""2644"", ""pp_tl"": ""1"", ""pp_used"": ""1"", ""seed"": ""1"", ""soc"": ""2644"", ""soc_lb"": ""2134"", ""solved"": ""1"", ""solver"": ""planner"", ""sum_of_loss"": ""2449"", ""sum_of_loss_lb"": ""2134""}"
pp_guided_tl:shortest,PP-guided (shortest first),empty-32-32,empty-32-32-random-5,150,0,30.0,solved,0.091163,0.008,3121,53,3121,3053,53,1.022273,0,,/home/carsten/Projects/MAPF/MAPF Evaluator/results/pptl-empty32/runs/pp_guided_tl_shortest/empty-32-32/empty-32-32-random-5_a150_s0_r0,,,"{""agents"": ""150"", ""comp_time"": ""8"", ""first_ms"": ""8.2"", ""makespan"": ""53"", ""makespan_lb"": ""53"", ""map_file"": ""empty-32-32.map"", ""pp_demote_rounds"": ""0"", ""pp_failed"": ""0"", ""pp_order"": ""shortest"", ""pp_plan_ms"": ""4.0"", ""pp_plan_soc"": ""3121"", ""pp_tl"": ""0"", ""pp_used"": ""1"", ""seed"": ""0"", ""soc"": ""3121"", ""soc_lb"": ""3053"", ""solved"": ""1"", ""solver"": ""planner"", ""sum_of_loss"": ""3121"", ""sum_of_loss_lb"": ""3053""}"
pp_guided_tl:shortest,PP-guided (shortest first),empty-32-32,empty-32-32-random-5,150,1,30.0,solved,0.11565,0.008,3121,53,3121,3053,53,1.022273,0,,/home/carsten/Projects/MAPF/MAPF Evaluator/results/pptl-empty32/runs/pp_guided_tl_shortest/empty-32-32/empty-32-32-random-5_a150_s1_r0,,,"{""agents"": ""150"", ""comp_time"": ""8"", ""first_ms"": ""8.1"", ""makespan"": ""53"", ""makespan_lb"": ""53"", ""map_file"": ""empty-32-32.map"", ""pp_demote_rounds"": ""0"", ""pp_failed"": ""0"", ""pp_order"": ""shortest"", ""pp_plan_ms"": ""4.1"", ""pp_plan_soc"": ""3121"", ""pp_tl"": ""0"", ""pp_used"": ""1"", ""seed"": ""1"", ""soc"": ""3121"", ""soc_lb"": ""3053"", ""solved"": ""1"", ""solver"": ""planner"", ""sum_of_loss"": ""3121"", ""sum_of_loss_lb"": ""3053""}"
pp_guided_tl:shortest,PP-guided (shortest first),empty-32-32,empty-32-32-random-5,150,2,30.0,solved,0.074635,0.008,3121,53,3121,3053,53,1.022273,0,,/home/carsten/Projects/MAPF/MAPF Evaluator/results/pptl-empty32/runs/pp_guided_tl_shortest/empty-32-32/empty-32-32-random-5_a150_s2_r0,,,"{""agents"": ""150"", ""comp_time"": ""8"", ""first_ms"": ""8.0"", ""makespan"": ""53"", ""makespan_lb"": ""53"", ""map_file"": ""empty-32-32.map"", ""pp_demote_rounds"": ""0"", ""pp_failed"": ""0"", ""pp_order"": ""shortest"", ""pp_plan_ms"": ""4.1"", ""pp_plan_soc"": ""3121"", ""pp_tl"": ""0"", ""pp_used"": ""1"", ""seed"": ""2"", ""soc"": ""3121"", ""soc_lb"": ""3053"", ""solved"": ""1"", ""solver"": ""planner"", ""sum_of_loss"": ""3121"", ""sum_of_loss_lb"": ""3053""}"
pp_guided_tl:shortest_tl,PP-guided (shortest first) + traffic load in SIPP,empty-32-32,empty-32-32-random-5,150,1,30.0,solved,0.050862,0.013,3110,53,3110,3053,53,1.01867,0,,/home/carsten/Projects/MAPF/MAPF Evaluator/results/pptl-empty32/runs/pp_guided_tl_shortest_tl/empty-32-32/empty-32-32-random-5_a150_s1_r0,,,"{""agents"": ""150"", ""comp_time"": ""13"", ""first_ms"": ""13.1"", ""makespan"": ""53"", ""makespan_lb"": ""53"", ""map_file"": ""empty-32-32.map"", ""pp_demote_rounds"": ""0"", ""pp_failed"": ""0"", ""pp_order"": ""shortest"", ""pp_plan_ms"": ""8.1"", ""pp_plan_soc"": ""3110"", ""pp_tl"": ""1"", ""pp_used"": ""1"", ""seed"": ""1"", ""soc"": ""3110"", ""soc_lb"": ""3053"", ""solved"": ""1"", ""solver"": ""planner"", ""sum_of_loss"": ""3110"", ""sum_of_loss_lb"": ""3053""}"
pp_guided_tl:shortest_tl,PP-guided (shortest first) + traffic load in SIPP,empty-32-32,empty-32-32-random-5,150,0,30.0,solved,0.06969,0.013,3110,53,3110,3053,53,1.01867,0,,/home/carsten/Projects/MAPF/MAPF Evaluator/results/pptl-empty32/runs/pp_guided_tl_shortest_tl/empty-32-32/empty-32-32-random-5_a150_s0_r0,,,"{""agents"": ""150"", ""comp_time"": ""13"", ""first_ms"": ""13.2"", ""makespan"": ""53"", ""makespan_lb"": ""53"", ""map_file"": ""empty-32-32.map"", ""pp_demote_rounds"": ""0"", ""pp_failed"": ""0"", ""pp_order"": ""shortest"", ""pp_plan_ms"": ""8.0"", ""pp_plan_soc"": ""3110"", ""pp_tl"": ""1"", ""pp_used"": ""1"", ""seed"": ""0"", ""soc"": ""3110"", ""soc_lb"": ""3053"", ""solved"": ""1"", ""solver"": ""planner"", ""sum_of_loss"": ""3110"", ""sum_of_loss_lb"": ""3053""}"
pp_guided_tl:shortest_tl,PP-guided (shortest first) + traffic load in SIPP,empty-32-32,empty-32-32-random-5,150,2,30.0,solved,0.157333,0.013,3110,53,3110,3053,53,1.01867,0,,/home/carsten/Projects/MAPF/MAPF Evaluator/results/pptl-empty32/runs/pp_guided_tl_shortest_tl/empty-32-32/empty-32-32-random-5_a150_s2_r0,,,"{""agents"": ""150"", ""comp_time"": ""13"", ""first_ms"": ""13.0"", ""makespan"": ""53"", ""makespan_lb"": ""53"", ""map_file"": ""empty-32-32.map"", ""pp_demote_rounds"": ""0"", ""pp_failed"": ""0"", ""pp_order"": ""shortest"", ""pp_plan_ms"": ""8.0"", ""pp_plan_soc"": ""3110"", ""pp_tl"": ""1"", ""pp_used"": ""1"", ""seed"": ""2"", ""soc"": ""3110"", ""soc_lb"": ""3053"", ""solved"": ""1"", ""solver"": ""planner"", ""sum_of_loss"": ""3110"", ""sum_of_loss_lb"": ""3053""}"
pp_guided_tl:traffic,PP-guided (traffic-last),empty-32-32,empty-32-32-random-5,150,0,30.0,solved,0.076355,0.014,4086,53,3344,3053,53,1.338356,0,,/home/carsten/Projects/MAPF/MAPF Evaluator/results/pptl-empty32/runs/pp_guided_tl_traffic/empty-32-32/empty-32-32-random-5_a150_s0_r0,,,"{""agents"": ""150"", ""comp_time"": ""14"", ""first_ms"": ""13.8"", ""makespan"": ""53"", ""makespan_lb"": ""53"", ""map_file"": ""empty-32-32.map"", ""pp_demote_rounds"": ""0"", ""pp_failed"": ""0"", ""pp_order"": ""traffic-last"", ""pp_plan_ms"": ""8.4"", ""pp_plan_soc"": ""4086"", ""pp_tl"": ""0"", ""pp_used"": ""1"", ""seed"": ""0"", ""soc"": ""4086"", ""soc_lb"": ""3053"", ""solved"": ""1"", ""solver"": ""planner"", ""sum_of_loss"": ""3433"", ""sum_of_loss_lb"": ""3053""}"
pp_guided_tl:traffic,PP-guided (traffic-last),empty-32-32,empty-32-32-random-5,150,2,30.0,solved,0.05092,0.014,4086,53,3344,3053,53,1.338356,0,,/home/carsten/Projects/MAPF/MAPF Evaluator/results/pptl-empty32/runs/pp_guided_tl_traffic/empty-32-32/empty-32-32-random-5_a150_s2_r0,,,"{""agents"": ""150"", ""comp_time"": ""14"", ""first_ms"": ""13.7"", ""makespan"": ""53"", ""makespan_lb"": ""53"", ""map_file"": ""empty-32-32.map"", ""pp_demote_rounds"": ""0"", ""pp_failed"": ""0"", ""pp_order"": ""traffic-last"", ""pp_plan_ms"": ""8.4"", ""pp_plan_soc"": ""4086"", ""pp_tl"": ""0"", ""pp_used"": ""1"", ""seed"": ""2"", ""soc"": ""4086"", ""soc_lb"": ""3053"", ""solved"": ""1"", ""solver"": ""planner"", ""sum_of_loss"": ""3433"", ""sum_of_loss_lb"": ""3053""}"
pp_guided_tl:traffic,PP-guided (traffic-last),empty-32-32,empty-32-32-random-5,150,1,30.0,solved,0.086419,0.013,4086,53,3344,3053,53,1.338356,0,,/home/carsten/Projects/MAPF/MAPF Evaluator/results/pptl-empty32/runs/pp_guided_tl_traffic/empty-32-32/empty-32-32-random-5_a150_s1_r0,,,"{""agents"": ""150"", ""comp_time"": ""13"", ""first_ms"": ""13.3"", ""makespan"": ""53"", ""makespan_lb"": ""53"", ""map_file"": ""empty-32-32.map"", ""pp_demote_rounds"": ""0"", ""pp_failed"": ""0"", ""pp_order"": ""traffic-last"", ""pp_plan_ms"": ""8.4"", ""pp_plan_soc"": ""4086"", ""pp_tl"": ""0"", ""pp_used"": ""1"", ""seed"": ""1"", ""soc"": ""4086"", ""soc_lb"": ""3053"", ""solved"": ""1"", ""solver"": ""planner"", ""sum_of_loss"": ""3433"", ""sum_of_loss_lb"": ""3053""}"
pp_guided_tl:traffic_tl,PP-guided (traffic-last) + traffic load in SIPP,empty-32-32,empty-32-32-random-5,150,0,30.0,solved,0.115551,0.021,3982,53,3539,3053,53,1.304291,0,,/home/carsten/Projects/MAPF/MAPF Evaluator/results/pptl-empty32/runs/pp_guided_tl_traffic_tl/empty-32-32/empty-32-32-random-5_a150_s0_r0,,,"{""agents"": ""150"", ""comp_time"": ""21"", ""first_ms"": ""21.0"", ""makespan"": ""53"", ""makespan_lb"": ""53"", ""map_file"": ""empty-32-32.map"", ""pp_demote_rounds"": ""0"", ""pp_failed"": ""0"", ""pp_order"": ""traffic-last"", ""pp_plan_ms"": ""15.5"", ""pp_plan_soc"": ""3982"", ""pp_tl"": ""1"", ""pp_used"": ""1"", ""seed"": ""0"", ""soc"": ""3982"", ""soc_lb"": ""3053"", ""solved"": ""1"", ""solver"": ""planner"", ""sum_of_loss"": ""3589"", ""sum_of_loss_lb"": ""3053""}"
pp_guided_tl:traffic_tl,PP-guided (traffic-last) + traffic load in SIPP,empty-32-32,empty-32-32-random-5,150,1,30.0,solved,0.151179,0.021,3982,53,3539,3053,53,1.304291,0,,/home/carsten/Projects/MAPF/MAPF Evaluator/results/pptl-empty32/runs/pp_guided_tl_traffic_tl/empty-32-32/empty-32-32-random-5_a150_s1_r0,,,"{""agents"": ""150"", ""comp_time"": ""21"", ""first_ms"": ""21.1"", ""makespan"": ""53"", ""makespan_lb"": ""53"", ""map_file"": ""empty-32-32.map"", ""pp_demote_rounds"": ""0"", ""pp_failed"": ""0"", ""pp_order"": ""traffic-last"", ""pp_plan_ms"": ""15.1"", ""pp_plan_soc"": ""3982"", ""pp_tl"": ""1"", ""pp_used"": ""1"", ""seed"": ""1"", ""soc"": ""3982"", ""soc_lb"": ""3053"", ""solved"": ""1"", ""solver"": ""planner"", ""sum_of_loss"": ""3589"", ""sum_of_loss_lb"": ""3053""}"
pp_guided_tl:traffic_tl,PP-guided (traffic-last) + traffic load in SIPP,empty-32-32,empty-32-32-random-5,150,2,30.0,solved,0.093891,0.021,3982,53,3539,3053,53,1.304291,0,,/home/carsten/Projects/MAPF/MAPF Evaluator/results/pptl-empty32/runs/pp_guided_tl_traffic_tl/empty-32-32/empty-32-32-random-5_a150_s2_r0,,,"{""agents"": ""150"", ""comp_time"": ""21"", ""first_ms"": ""21.3"", ""makespan"": ""53"", ""makespan_lb"": ""53"", ""map_file"": ""empty-32-32.map"", ""pp_demote_rounds"": ""0"", ""pp_failed"": ""0"", ""pp_order"": ""traffic-last"", ""pp_plan_ms"": ""15.1"", ""pp_plan_soc"": ""3982"", ""pp_tl"": ""1"", ""pp_used"": ""1"", ""seed"": ""2"", ""soc"": ""3982"", ""soc_lb"": ""3053"", ""solved"": ""1"", ""solver"": ""planner"", ""sum_of_loss"": ""3589"", ""sum_of_loss_lb"": ""3053""}"
pp_guided_tl:shortest,PP-guided (shortest first),empty-32-32,empty-32-32-random-5,200,0,30.0,solved,0.078374,0.012,4320,53,4320,4181,53,1.033246,0,,/home/carsten/Projects/MAPF/MAPF Evaluator/results/pptl-empty32/runs/pp_guided_tl_shortest/empty-32-32/empty-32-32-random-5_a200_s0_r0,,,"{""agents"": ""200"", ""comp_time"": ""12"", ""first_ms"": ""12.2"", ""makespan"": ""53"", ""makespan_lb"": ""53"", ""map_file"": ""empty-32-32.map"", ""pp_demote_rounds"": ""0"", ""pp_failed"": ""0"", ""pp_order"": ""shortest"", ""pp_plan_ms"": ""6.6"", ""pp_plan_soc"": ""4320"", ""pp_tl"": ""0"", ""pp_used"": ""1"", ""seed"": ""0"", ""soc"": ""4320"", ""soc_lb"": ""4181"", ""solved"": ""1"", ""solver"": ""planner"", ""sum_of_loss"": ""4320"", ""sum_of_loss_lb"": ""4181""}"
pp_guided_tl:shortest,PP-guided (shortest first),empty-32-32,empty-32-32-random-5,200,1,30.0,solved,0.065189,0.012,4320,53,4320,4181,53,1.033246,0,,/home/carsten/Projects/MAPF/MAPF Evaluator/results/pptl-empty32/runs/pp_guided_tl_shortest/empty-32-32/empty-32-32-random-5_a200_s1_r0,,,"{""agents"": ""200"", ""comp_time"": ""12"", ""first_ms"": ""12.2"", ""makespan"": ""53"", ""makespan_lb"": ""53"", ""map_file"": ""empty-32-32.map"", ""pp_demote_rounds"": ""0"", ""pp_failed"": ""0"", ""pp_order"": ""shortest"", ""pp_plan_ms"": ""6.6"", ""pp_plan_soc"": ""4320"", ""pp_tl"": ""0"", ""pp_used"": ""1"", ""seed"": ""1"", ""soc"": ""4320"", ""soc_lb"": ""4181"", ""solved"": ""1"", ""solver"": ""planner"", ""sum_of_loss"": ""4320"", ""sum_of_loss_lb"": ""4181""}"
pp_guided_tl:shortest,PP-guided (shortest first),empty-32-32,empty-32-32-random-5,200,2,30.0,solved,0.130755,0.012,4320,53,4320,4181,53,1.033246,0,,/home/carsten/Projects/MAPF/MAPF Evaluator/results/pptl-empty32/runs/pp_guided_tl_shortest/empty-32-32/empty-32-32-random-5_a200_s2_r0,,,"{""agents"": ""200"", ""comp_time"": ""12"", ""first_ms"": ""12.1"", ""makespan"": ""53"", ""makespan_lb"": ""53"", ""map_file"": ""empty-32-32.map"", ""pp_demote_rounds"": ""0"", ""pp_failed"": ""0"", ""pp_order"": ""shortest"", ""pp_plan_ms"": ""6.4"", ""pp_plan_soc"": ""4320"", ""pp_tl"": ""0"", ""pp_used"": ""1"", ""seed"": ""2"", ""soc"": ""4320"", ""soc_lb"": ""4181"", ""solved"": ""1"", ""solver"": ""planner"", ""sum_of_loss"": ""4320"", ""sum_of_loss_lb"": ""4181""}"
pp_guided_tl:shortest_tl,PP-guided (shortest first) + traffic load in SIPP,empty-32-32,empty-32-32-random-5,200,0,30.0,solved,0.047681,0.02,4305,53,4305,4181,53,1.029658,0,,/home/carsten/Projects/MAPF/MAPF Evaluator/results/pptl-empty32/runs/pp_guided_tl_shortest_tl/empty-32-32/empty-32-32-random-5_a200_s0_r0,,,"{""agents"": ""200"", ""comp_time"": ""20"", ""first_ms"": ""19.8"", ""makespan"": ""53"", ""makespan_lb"": ""53"", ""map_file"": ""empty-32-32.map"", ""pp_demote_rounds"": ""0"", ""pp_failed"": ""0"", ""pp_order"": ""shortest"", ""pp_plan_ms"": ""11.7"", ""pp_plan_soc"": ""4305"", ""pp_tl"": ""1"", ""pp_used"": ""1"", ""seed"": ""0"", ""soc"": ""4305"", ""soc_lb"": ""4181"", ""solved"": ""1"", ""solver"": ""planner"", ""sum_of_loss"": ""4305"", ""sum_of_loss_lb"": ""4181""}"
pp_guided_tl:shortest_tl,PP-guided (shortest first) + traffic load in SIPP,empty-32-32,empty-32-32-random-5,200,1,30.0,solved,0.095859,0.019,4305,53,4305,4181,53,1.029658,0,,/home/carsten/Projects/MAPF/MAPF Evaluator/results/pptl-empty32/runs/pp_guided_tl_shortest_tl/empty-32-32/empty-32-32-random-5_a200_s1_r0,,,"{""agents"": ""200"", ""comp_time"": ""19"", ""first_ms"": ""19.3"", ""makespan"": ""53"", ""makespan_lb"": ""53"", ""map_file"": ""empty-32-32.map"", ""pp_demote_rounds"": ""0"", ""pp_failed"": ""0"", ""pp_order"": ""shortest"", ""pp_plan_ms"": ""11.8"", ""pp_plan_soc"": ""4305"", ""pp_tl"": ""1"", ""pp_used"": ""1"", ""seed"": ""1"", ""soc"": ""4305"", ""soc_lb"": ""4181"", ""solved"": ""1"", ""solver"": ""planner"", ""sum_of_loss"": ""4305"", ""sum_of_loss_lb"": ""4181""}"
pp_guided_tl:shortest_tl,PP-guided (shortest first) + traffic load in SIPP,empty-32-32,empty-32-32-random-5,200,2,30.0,solved,0.06296,0.02,4305,53,4305,4181,53,1.029658,0,,/home/carsten/Projects/MAPF/MAPF Evaluator/results/pptl-empty32/runs/pp_guided_tl_shortest_tl/empty-32-32/empty-32-32-random-5_a200_s2_r0,,,"{""agents"": ""200"", ""comp_time"": ""20"", ""first_ms"": ""19.7"", ""makespan"": ""53"", ""makespan_lb"": ""53"", ""map_file"": ""empty-32-32.map"", ""pp_demote_rounds"": ""0"", ""pp_failed"": ""0"", ""pp_order"": ""shortest"", ""pp_plan_ms"": ""12.0"", ""pp_plan_soc"": ""4305"", ""pp_tl"": ""1"", ""pp_used"": ""1"", ""seed"": ""2"", ""soc"": ""4305"", ""soc_lb"": ""4181"", ""solved"": ""1"", ""solver"": ""planner"", ""sum_of_loss"": ""4305"", ""sum_of_loss_lb"": ""4181""}"
pp_guided_tl:traffic,PP-guided (traffic-last),empty-32-32,empty-32-32-random-5,200,0,30.0,solved,0.136858,0.024,5910,53,4850,4181,53,1.413537,0,,/home/carsten/Projects/MAPF/MAPF Evaluator/results/pptl-empty32/runs/pp_guided_tl_traffic/empty-32-32/empty-32-32-random-5_a200_s0_r0,,,"{""agents"": ""200"", ""comp_time"": ""24"", ""first_ms"": ""24.2"", ""makespan"": ""53"", ""makespan_lb"": ""53"", ""map_file"": ""empty-32-32.map"", ""pp_demote_rounds"": ""0"", ""pp_failed"": ""0"", ""pp_order"": ""traffic-last"", ""pp_plan_ms"": ""17.3"", ""pp_plan_soc"": ""5910"", ""pp_tl"": ""0"", ""pp_used"": ""1"", ""seed"": ""0"", ""soc"": ""5910"", ""soc_lb"": ""4181"", ""solved"": ""1"", ""solver"": ""planner"", ""sum_of_loss"": ""4994"", ""sum_of_loss_lb"": ""4181""}"
pp_guided_tl:traffic,PP-guided (traffic-last),empty-32-32,empty-32-32-random-5,200,2,30.0,solved,0.063793,0.024,5910,53,4850,4181,53,1.413537,0,,/home/carsten/Projects/MAPF/MAPF Evaluator/results/pptl-empty32/runs/pp_guided_tl_traffic/empty-32-32/empty-32-32-random-5_a200_s2_r0,,,"{""agents"": ""200"", ""comp_time"": ""24"", ""first_ms"": ""24.3"", ""makespan"": ""53"", ""makespan_lb"": ""53"", ""map_file"": ""empty-32-32.map"", ""pp_demote_rounds"": ""0"", ""pp_failed"": ""0"", ""pp_order"": ""traffic-last"", ""pp_plan_ms"": ""17.4"", ""pp_plan_soc"": ""5910"", ""pp_tl"": ""0"", ""pp_used"": ""1"", ""seed"": ""2"", ""soc"": ""5910"", ""soc_lb"": ""4181"", ""solved"": ""1"", ""solver"": ""planner"", ""sum_of_loss"": ""4994"", ""sum_of_loss_lb"": ""4181""}"
pp_guided_tl:traffic_tl,PP-guided (traffic-last) + traffic load in SIPP,empty-32-32,empty-32-32-random-5,200,0,30.0,solved,0.069892,0.03,5559,53,4922,4181,53,1.329586,0,,/home/carsten/Projects/MAPF/MAPF Evaluator/results/pptl-empty32/runs/pp_guided_tl_traffic_tl/empty-32-32/empty-32-32-random-5_a200_s0_r0,,,"{""agents"": ""200"", ""comp_time"": ""30"", ""first_ms"": ""29.2"", ""makespan"": ""53"", ""makespan_lb"": ""53"", ""map_file"": ""empty-32-32.map"", ""pp_demote_rounds"": ""0"", ""pp_failed"": ""0"", ""pp_order"": ""traffic-last"", ""pp_plan_ms"": ""21.5"", ""pp_plan_soc"": ""5559"", ""pp_tl"": ""1"", ""pp_used"": ""1"", ""seed"": ""0"", ""soc"": ""5559"", ""soc_lb"": ""4181"", ""solved"": ""1"", ""solver"": ""planner"", ""sum_of_loss"": ""4996"", ""sum_of_loss_lb"": ""4181""}"
pp_guided_tl:traffic,PP-guided (traffic-last),empty-32-32,empty-32-32-random-5,200,1,30.0,solved,0.08127,0.026,5910,53,4850,4181,53,1.413537,0,,/home/carsten/Projects/MAPF/MAPF Evaluator/results/pptl-empty32/runs/pp_guided_tl_traffic/empty-32-32/empty-32-32-random-5_a200_s1_r0,,,"{""agents"": ""200"", ""comp_time"": ""26"", ""first_ms"": ""25.8"", ""makespan"": ""53"", ""makespan_lb"": ""53"", ""map_file"": ""empty-32-32.map"", ""pp_demote_rounds"": ""0"", ""pp_failed"": ""0"", ""pp_order"": ""traffic-last"", ""pp_plan_ms"": ""17.8"", ""pp_plan_soc"": ""5910"", ""pp_tl"": ""0"", ""pp_used"": ""1"", ""seed"": ""1"", ""soc"": ""5910"", ""soc_lb"": ""4181"", ""solved"": ""1"", ""solver"": ""planner"", ""sum_of_loss"": ""4994"", ""sum_of_loss_lb"": ""4181""}"
pp_guided_tl:traffic_tl,PP-guided (traffic-last) + traffic load in SIPP,empty-32-32,empty-32-32-random-5,200,1,30.0,solved,0.078437,0.03,5559,53,4922,4181,53,1.329586,0,,/home/carsten/Projects/MAPF/MAPF Evaluator/results/pptl-empty32/runs/pp_guided_tl_traffic_tl/empty-32-32/empty-32-32-random-5_a200_s1_r0,,,"{""agents"": ""200"", ""comp_time"": ""30"", ""first_ms"": ""29.2"", ""makespan"": ""53"", ""makespan_lb"": ""53"", ""map_file"": ""empty-32-32.map"", ""pp_demote_rounds"": ""0"", ""pp_failed"": ""0"", ""pp_order"": ""traffic-last"", ""pp_plan_ms"": ""21.7"", ""pp_plan_soc"": ""5559"", ""pp_tl"": ""1"", ""pp_used"": ""1"", ""seed"": ""1"", ""soc"": ""5559"", ""soc_lb"": ""4181"", ""solved"": ""1"", ""solver"": ""planner"", ""sum_of_loss"": ""4996"", ""sum_of_loss_lb"": ""4181""}"
pp_guided_tl:traffic_tl,PP-guided (traffic-last) + traffic load in SIPP,empty-32-32,empty-32-32-random-5,200,2,30.0,solved,0.063619,0.029,5559,53,4922,4181,53,1.329586,0,,/home/carsten/Projects/MAPF/MAPF Evaluator/results/pptl-empty32/runs/pp_guided_tl_traffic_tl/empty-32-32/empty-32-32-random-5_a200_s2_r0,,,"{""agents"": ""200"", ""comp_time"": ""29"", ""first_ms"": ""29.0"", ""makespan"": ""53"", ""makespan_lb"": ""53"", ""map_file"": ""empty-32-32.map"", ""pp_demote_rounds"": ""0"", ""pp_failed"": ""0"", ""pp_order"": ""traffic-last"", ""pp_plan_ms"": ""21.4"", ""pp_plan_soc"": ""5559"", ""pp_tl"": ""1"", ""pp_used"": ""1"", ""seed"": ""2"", ""soc"": ""5559"", ""soc_lb"": ""4181"", ""solved"": ""1"", ""solver"": ""planner"", ""sum_of_loss"": ""4996"", ""sum_of_loss_lb"": ""4181""}"
