solver_id,solver_label,map,scen,agents,seed,timeout,status,wallclock_s,solver_time_s,soc,makespan,sum_of_loss,soc_lb,makespan_lb,soc_ratio,exit_code,error,run_dir,first_soc,first_time_s,solver_stats
lg_lacam_fork:lacam,"LaCAM (no guidance, first solution)",empty-32-32,empty-32-32-random-1,50,0,30.0,solved,0.048669,0.029,1182,43,1015,961,43,1.229969,0,,/home/carsten/Projects/MAPF/MAPF Evaluator/results/tlcpp-empty32/runs/lg_lacam_fork_lacam/empty-32-32/empty-32-32-random-1_a50_s0_r0,1182,0.029,"{""agents"": ""50"", ""comp_time"": ""29"", ""makespan"": ""43"", ""makespan_lb"": ""43"", ""map_file"": ""empty-32-32.map"", ""seed"": ""0"", ""soc"": ""1182"", ""soc_lb"": ""961"", ""solved"": ""1"", ""solver"": ""planner"", ""sum_of_loss"": ""1036"", ""sum_of_loss_lb"": ""961""}"
lg_lacam_fork:lacam,"LaCAM (no guidance, first solution)",empty-32-32,empty-32-32-random-1,50,1,30.0,solved,0.049306,0.011,1170,43,1019,961,43,1.217482,0,,/home/carsten/Projects/MAPF/MAPF Evaluator/results/tlcpp-empty32/runs/lg_lacam_fork_lacam/empty-32-32/empty-32-32-random-1_a50_s1_r0,1170,0.011,"{""agents"": ""50"", ""comp_time"": ""11"", ""makespan"": ""43"", ""makespan_lb"": ""43"", ""map_file"": ""empty-32-32.map"", ""seed"": ""1"", ""soc"": ""1170"", ""soc_lb"": ""961"", ""solved"": ""1"", ""solver"": ""planner"", ""sum_of_loss"": ""1038"", ""sum_of_loss_lb"": ""961""}"
lg_lacam_fork:tl,"LaCAM + traffic load (tie-break, per config)",empty-32-32,empty-32-32-random-1,50,0,30.0,solved,0.04094,0.017,1095,43,987,961,43,1.139438,0,,/home/carsten/Projects/MAPF/MAPF Evaluator/results/tlcpp-empty32/runs/lg_lacam_fork_tl/empty-32-32/empty-32-32-random-1_a50_s0_r0,1095,0.017,"{""agents"": ""50"", ""comp_time"": ""17"", ""makespan"": ""43"", ""makespan_lb"": ""43"", ""map_file"": ""empty-32-32.map"", ""seed"": ""0"", ""soc"": ""1095"", ""soc_lb"": ""961"", ""solved"": ""1"", ""solver"": ""planner"", ""sum_of_loss"": ""1002"", ""sum_of_loss_lb"": ""961""}"
lg_lacam_fork:lacam,"LaCAM (no guidance, first solution)",empty-32-32,empty-32-32-random-1,50,2,30.0,solved,0.046369,0.007,1176,43,1023,961,43,1.223725,0,,/home/carsten/Projects/MAPF/MAPF Evaluator/results/tlcpp-empty32/runs/lg_lacam_fork_lacam/empty-32-32/empty-32-32-random-1_a50_s2_r0,1176,0.007,"{""agents"": ""50"", ""comp_time"": ""7"", ""makespan"": ""43"", ""makespan_lb"": ""43"", ""map_file"": ""empty-32-32.map"", ""seed"": ""2"", ""soc"": ""1176"", ""soc_lb"": ""961"", ""solved"": ""1"", ""solver"": ""planner"", ""sum_of_loss"": ""1042"", ""sum_of_loss_lb"": ""961""}"
lg_lacam_fork:tl,"LaCAM + traffic load (tie-break, per config)",empty-32-32,empty-32-32-random-1,50,1,30.0,solved,0.027369,0.008,1117,43,985,961,43,1.162331,0,,/home/carsten/Projects/MAPF/MAPF Evaluator/results/tlcpp-empty32/runs/lg_lacam_fork_tl/empty-32-32/empty-32-32-random-1_a50_s1_r0,1117,0.008,"{""agents"": ""50"", ""comp_time"": ""8"", ""makespan"": ""43"", ""makespan_lb"": ""43"", ""map_file"": ""empty-32-32.map"", ""seed"": ""1"", ""soc"": ""1117"", ""soc_lb"": ""961"", ""solved"": ""1"", ""solver"": ""planner"", ""sum_of_loss"": ""1001"", ""sum_of_loss_lb"": ""961""}"
lg_lacam_fork:tl,"LaCAM + traffic load (tie-break, per config)",empty-32-32,empty-32-32-random-1,50,2,30.0,solved,0.044297,0.009,1117,43,983,961,43,1.162331,0,,/home/carsten/Projects/MAPF/MAPF Evaluator/results/tlcpp-empty32/runs/lg_lacam_fork_tl/empty-32-32/empty-32-32-random-1_a50_s2_r0,1117,0.009,"{""agents"": ""50"", ""comp_time"": ""9"", ""makespan"": ""43"", ""makespan_lb"": ""43"", ""map_file"": ""empty-32-32.map"", ""seed"": ""2"", ""soc"": ""1117"", ""soc_lb"": ""961"", ""solved"": ""1"", ""solver"": ""planner"", ""sum_of_loss"": ""999"", ""sum_of_loss_lb"": ""961""}"
lg_lacam_fork:tl_agent,"LaCAM + traffic load (tie-break, per agent)",empty-32-32,empty-32-32-random-1,50,0,30.0,solved,0.046615,0.012,1074,43,977,961,43,1.117586,0,,/home/carsten/Projects/MAPF/MAPF Evaluator/results/tlcpp-empty32/runs/lg_lacam_fork_tl_agent/empty-32-32/empty-32-32-random-1_a50_s0_r0,1074,0.012,"{""agents"": ""50"", ""comp_time"": ""12"", ""makespan"": ""43"", ""makespan_lb"": ""43"", ""map_file"": ""empty-32-32.map"", ""seed"": ""0"", ""soc"": ""1074"", ""soc_lb"": ""961"", ""solved"": ""1"", ""solver"": ""planner"", ""sum_of_loss"": ""990"", ""sum_of_loss_lb"": ""961""}"
lg_lacam_fork:tl_agent,"LaCAM + traffic load (tie-break, per agent)",empty-32-32,empty-32-32-random-1,50,1,30.0,solved,0.029113,0.017,1115,43,979,961,43,1.16025,0,,/home/carsten/Projects/MAPF/MAPF Evaluator/results/tlcpp-empty32/runs/lg_lacam_fork_tl_agent/empty-32-32/empty-32-32-random-1_a50_s1_r0,1115,0.017,"{""agents"": ""50"", ""comp_time"": ""17"", ""makespan"": ""43"", ""makespan_lb"": ""43"", ""map_file"": ""empty-32-32.map"", ""seed"": ""1"", ""soc"": ""1115"", ""soc_lb"": ""961"", ""solved"": ""1"", ""solver"": ""planner"", ""sum_of_loss"": ""994"", ""sum_of_loss_lb"": ""961""}"
lg_lacam_fork:tl_agent,"LaCAM + traffic load (tie-break, per agent)",empty-32-32,empty-32-32-random-1,50,2,30.0,solved,0.028674,0.01,1075,43,978,961,43,1.118626,0,,/home/carsten/Projects/MAPF/MAPF Evaluator/results/tlcpp-empty32/runs/lg_lacam_fork_tl_agent/empty-32-32/empty-32-32-random-1_a50_s2_r0,1075,0.01,"{""agents"": ""50"", ""comp_time"": ""10"", ""makespan"": ""43"", ""makespan_lb"": ""43"", ""map_file"": ""empty-32-32.map"", ""seed"": ""2"", ""soc"": ""1075"", ""soc_lb"": ""961"", ""solved"": ""1"", ""solver"": ""planner"", ""sum_of_loss"": ""991"", ""sum_of_loss_lb"": ""961""}"
lg_lacam_fork:tl_static,LaCAM + traffic load (static map from starts),empty-32-32,empty-32-32-random-1,50,0,30.0,solved,0.091654,0.015,1149,43,1044,961,43,1.19563,0,,/home/carsten/Projects/MAPF/MAPF Evaluator/results/tlcpp-empty32/runs/lg_lacam_fork_tl_static/empty-32-32/empty-32-32-random-1_a50_s0_r0,1149,0.015,"{""agents"": ""50"", ""comp_time"": ""15"", ""makespan"": ""43"", ""makespan_lb"": ""43"", ""map_file"": ""empty-32-32.map"", ""seed"": ""0"", ""soc"": ""1149"", ""soc_lb"": ""961"", ""solved"": ""1"", ""solver"": ""planner"", ""sum_of_loss"": ""1061"", ""sum_of_loss_lb"": ""961""}"
lg_lacam_fork:suo,LaCAM3 = SUO (first solution),empty-32-32,empty-32-32-random-1,50,0,30.0,solved,0.015848,0.005,969,43,969,961,43,1.008325,0,,/home/carsten/Projects/MAPF/MAPF Evaluator/results/tlcpp-empty32/runs/lg_lacam_fork_suo/empty-32-32/empty-32-32-random-1_a50_s0_r0,969,0.005,"{""agents"": ""50"", ""comp_time"": ""5"", ""makespan"": ""43"", ""makespan_lb"": ""43"", ""map_file"": ""empty-32-32.map"", ""seed"": ""0"", ""soc"": ""969"", ""soc_lb"": ""961"", ""solved"": ""1"", ""solver"": ""planner"", ""sum_of_loss"": ""969"", ""sum_of_loss_lb"": ""961""}"
lg_lacam_fork:tl_static,LaCAM + traffic load (static map from starts),empty-32-32,empty-32-32-random-1,50,1,30.0,solved,0.107398,0.006,1149,43,1044,961,43,1.19563,0,,/home/carsten/Projects/MAPF/MAPF Evaluator/results/tlcpp-empty32/runs/lg_lacam_fork_tl_static/empty-32-32/empty-32-32-random-1_a50_s1_r0,1149,0.006,"{""agents"": ""50"", ""comp_time"": ""6"", ""makespan"": ""43"", ""makespan_lb"": ""43"", ""map_file"": ""empty-32-32.map"", ""seed"": ""1"", ""soc"": ""1149"", ""soc_lb"": ""961"", ""solved"": ""1"", ""solver"": ""planner"", ""sum_of_loss"": ""1061"", ""sum_of_loss_lb"": ""961""}"
lg_lacam_fork:suo,LaCAM3 = SUO (first solution),empty-32-32,empty-32-32-random-1,50,1,30.0,solved,0.031675,0.006,971,43,971,961,43,1.010406,0,,/home/carsten/Projects/MAPF/MAPF Evaluator/results/tlcpp-empty32/runs/lg_lacam_fork_suo/empty-32-32/empty-32-32-random-1_a50_s1_r0,971,0.006,"{""agents"": ""50"", ""comp_time"": ""6"", ""makespan"": ""43"", ""makespan_lb"": ""43"", ""map_file"": ""empty-32-32.map"", ""seed"": ""1"", ""soc"": ""971"", ""soc_lb"": ""961"", ""solved"": ""1"", ""solver"": ""planner"", ""sum_of_loss"": ""971"", ""sum_of_loss_lb"": ""961""}"
lg_lacam_fork:tl_static,LaCAM + traffic load (static map from starts),empty-32-32,empty-32-32-random-1,50,2,30.0,solved,0.040934,0.016,1149,43,1044,961,43,1.19563,0,,/home/carsten/Projects/MAPF/MAPF Evaluator/results/tlcpp-empty32/runs/lg_lacam_fork_tl_static/empty-32-32/empty-32-32-random-1_a50_s2_r0,1149,0.016,"{""agents"": ""50"", ""comp_time"": ""16"", ""makespan"": ""43"", ""makespan_lb"": ""43"", ""map_file"": ""empty-32-32.map"", ""seed"": ""2"", ""soc"": ""1149"", ""soc_lb"": ""961"", ""solved"": ""1"", ""solver"": ""planner"", ""sum_of_loss"": ""1061"", ""sum_of_loss_lb"": ""961""}"
lg_lacam_fork:suo,LaCAM3 = SUO (first solution),empty-32-32,empty-32-32-random-1,50,2,30.0,solved,0.029194,0.007,967,43,967,961,43,1.006243,0,,/home/carsten/Projects/MAPF/MAPF Evaluator/results/tlcpp-empty32/runs/lg_lacam_fork_suo/empty-32-32/empty-32-32-random-1_a50_s2_r0,967,0.007,"{""agents"": ""50"", ""comp_time"": ""7"", ""makespan"": ""43"", ""makespan_lb"": ""43"", ""map_file"": ""empty-32-32.map"", ""seed"": ""2"", ""soc"": ""967"", ""soc_lb"": ""961"", ""solved"": ""1"", ""solver"": ""planner"", ""sum_of_loss"": ""967"", ""sum_of_loss_lb"": ""961""}"
lg_lacam_fork:suo_tl,SUO + traffic load,empty-32-32,empty-32-32-random-1,50,0,30.0,solved,0.081799,0.011,969,43,969,961,43,1.008325,0,,/home/carsten/Projects/MAPF/MAPF Evaluator/results/tlcpp-empty32/runs/lg_lacam_fork_suo_tl/empty-32-32/empty-32-32-random-1_a50_s0_r0,969,0.011,"{""agents"": ""50"", ""comp_time"": ""11"", ""makespan"": ""43"", ""makespan_lb"": ""43"", ""map_file"": ""empty-32-32.map"", ""seed"": ""0"", ""soc"": ""969"", ""soc_lb"": ""961"", ""solved"": ""1"", ""solver"": ""planner"", ""sum_of_loss"": ""969"", ""sum_of_loss_lb"": ""961""}"
lg_lacam_fork:suo_tl,SUO + traffic load,empty-32-32,empty-32-32-random-1,50,2,30.0,solved,0.050465,0.022,967,43,967,961,43,1.006243,0,,/home/carsten/Projects/MAPF/MAPF Evaluator/results/tlcpp-empty32/runs/lg_lacam_fork_suo_tl/empty-32-32/empty-32-32-random-1_a50_s2_r0,967,0.022,"{""agents"": ""50"", ""comp_time"": ""22"", ""makespan"": ""43"", ""makespan_lb"": ""43"", ""map_file"": ""empty-32-32.map"", ""seed"": ""2"", ""soc"": ""967"", ""soc_lb"": ""961"", ""solved"": ""1"", ""solver"": ""planner"", ""sum_of_loss"": ""967"", ""sum_of_loss_lb"": ""961""}"
lg_lacam_fork:suo_tl,SUO + traffic load,empty-32-32,empty-32-32-random-1,50,1,30.0,solved,0.063512,0.033,971,43,971,961,43,1.010406,0,,/home/carsten/Projects/MAPF/MAPF Evaluator/results/tlcpp-empty32/runs/lg_lacam_fork_suo_tl/empty-32-32/empty-32-32-random-1_a50_s1_r0,971,0.033,"{""agents"": ""50"", ""comp_time"": ""33"", ""makespan"": ""43"", ""makespan_lb"": ""43"", ""map_file"": ""empty-32-32.map"", ""seed"": ""1"", ""soc"": ""971"", ""soc_lb"": ""961"", ""solved"": ""1"", ""solver"": ""planner"", ""sum_of_loss"": ""971"", ""sum_of_loss_lb"": ""961""}"
lg_lacam_fork:lg,"LG-LaCAM (window 20, first solution)",empty-32-32,empty-32-32-random-1,50,0,30.0,solved,0.048476,0.015,966,43,966,961,43,1.005203,0,,/home/carsten/Projects/MAPF/MAPF Evaluator/results/tlcpp-empty32/runs/lg_lacam_fork_lg/empty-32-32/empty-32-32-random-1_a50_s0_r0,966,0.015,"{""agents"": ""50"", ""comp_time"": ""15"", ""makespan"": ""43"", ""makespan_lb"": ""43"", ""map_file"": ""empty-32-32.map"", ""seed"": ""0"", ""soc"": ""966"", ""soc_lb"": ""961"", ""solved"": ""1"", ""solver"": ""planner"", ""sum_of_loss"": ""966"", ""sum_of_loss_lb"": ""961""}"
lg_lacam_fork:lg,"LG-LaCAM (window 20, first solution)",empty-32-32,empty-32-32-random-1,50,1,30.0,solved,0.047,0.012,970,43,970,961,43,1.009365,0,,/home/carsten/Projects/MAPF/MAPF Evaluator/results/tlcpp-empty32/runs/lg_lacam_fork_lg/empty-32-32/empty-32-32-random-1_a50_s1_r0,970,0.012,"{""agents"": ""50"", ""comp_time"": ""12"", ""makespan"": ""43"", ""makespan_lb"": ""43"", ""map_file"": ""empty-32-32.map"", ""seed"": ""1"", ""soc"": ""970"", ""soc_lb"": ""961"", ""solved"": ""1"", ""solver"": ""planner"", ""sum_of_loss"": ""970"", ""sum_of_loss_lb"": ""961""}"
lg_lacam_fork:lg_tl,LG-LaCAM (window 20) + traffic load,empty-32-32,empty-32-32-random-1,50,0,30.0,solved,0.0579,0.014,966,43,966,961,43,1.005203,0,,/home/carsten/Projects/MAPF/MAPF Evaluator/results/tlcpp-empty32/runs/lg_lacam_fork_lg_tl/empty-32-32/empty-32-32-random-1_a50_s0_r0,966,0.014,"{""agents"": ""50"", ""comp_time"": ""14"", ""makespan"": ""43"", ""makespan_lb"": ""43"", ""map_file"": ""empty-32-32.map"", ""seed"": ""0"", ""soc"": ""966"", ""soc_lb"": ""961"", ""solved"": ""1"", ""solver"": ""planner"", ""sum_of_loss"": ""966"", ""sum_of_loss_lb"": ""961""}"
lg_lacam_fork:lg,"LG-LaCAM (window 20, first solution)",empty-32-32,empty-32-32-random-1,50,2,30.0,solved,0.077528,0.032,966,43,966,961,43,1.005203,0,,/home/carsten/Projects/MAPF/MAPF Evaluator/results/tlcpp-empty32/runs/lg_lacam_fork_lg/empty-32-32/empty-32-32-random-1_a50_s2_r0,966,0.032,"{""agents"": ""50"", ""comp_time"": ""32"", ""makespan"": ""43"", ""makespan_lb"": ""43"", ""map_file"": ""empty-32-32.map"", ""seed"": ""2"", ""soc"": ""966"", ""soc_lb"": ""961"", ""solved"": ""1"", ""solver"": ""planner"", ""sum_of_loss"": ""966"", ""sum_of_loss_lb"": ""961""}"
lg_lacam_fork:lg_tl,LG-LaCAM (window 20) + traffic load,empty-32-32,empty-32-32-random-1,50,1,30.0,solved,0.056103,0.035,970,43,970,961,43,1.009365,0,,/home/carsten/Projects/MAPF/MAPF Evaluator/results/tlcpp-empty32/runs/lg_lacam_fork_lg_tl/empty-32-32/empty-32-32-random-1_a50_s1_r0,970,0.035,"{""agents"": ""50"", ""comp_time"": ""35"", ""makespan"": ""43"", ""makespan_lb"": ""43"", ""map_file"": ""empty-32-32.map"", ""seed"": ""1"", ""soc"": ""970"", ""soc_lb"": ""961"", ""solved"": ""1"", ""solver"": ""planner"", ""sum_of_loss"": ""970"", ""sum_of_loss_lb"": ""961""}"
lg_lacam_fork:lg_suo,LG-LaCAM (window 20) + SUO,empty-32-32,empty-32-32-random-1,50,0,30.0,solved,0.045516,0.02,965,43,965,961,43,1.004162,0,,/home/carsten/Projects/MAPF/MAPF Evaluator/results/tlcpp-empty32/runs/lg_lacam_fork_lg_suo/empty-32-32/empty-32-32-random-1_a50_s0_r0,965,0.02,"{""agents"": ""50"", ""comp_time"": ""20"", ""makespan"": ""43"", ""makespan_lb"": ""43"", ""map_file"": ""empty-32-32.map"", ""seed"": ""0"", ""soc"": ""965"", ""soc_lb"": ""961"", ""solved"": ""1"", ""solver"": ""planner"", ""sum_of_loss"": ""965"", ""sum_of_loss_lb"": ""961""}"
lg_lacam_fork:lg_tl,LG-LaCAM (window 20) + traffic load,empty-32-32,empty-32-32-random-1,50,2,30.0,solved,0.052473,0.026,966,43,966,961,43,1.005203,0,,/home/carsten/Projects/MAPF/MAPF Evaluator/results/tlcpp-empty32/runs/lg_lacam_fork_lg_tl/empty-32-32/empty-32-32-random-1_a50_s2_r0,966,0.026,"{""agents"": ""50"", ""comp_time"": ""26"", ""makespan"": ""43"", ""makespan_lb"": ""43"", ""map_file"": ""empty-32-32.map"", ""seed"": ""2"", ""soc"": ""966"", ""soc_lb"": ""961"", ""solved"": ""1"", ""solver"": ""planner"", ""sum_of_loss"": ""966"", ""sum_of_loss_lb"": ""961""}"
lg_lacam_fork:lg_suo,LG-LaCAM (window 20) + SUO,empty-32-32,empty-32-32-random-1,50,1,30.0,solved,0.055928,0.008,966,43,966,961,43,1.005203,0,,/home/carsten/Projects/MAPF/MAPF Evaluator/results/tlcpp-empty32/runs/lg_lacam_fork_lg_suo/empty-32-32/empty-32-32-random-1_a50_s1_r0,966,0.008,"{""agents"": ""50"", ""comp_time"": ""8"", ""makespan"": ""43"", ""makespan_lb"": ""43"", ""map_file"": ""empty-32-32.map"", ""seed"": ""1"", ""soc"": ""966"", ""soc_lb"": ""961"", ""solved"": ""1"", ""solver"": ""planner"", ""sum_of_loss"": ""966"", ""sum_of_loss_lb"": ""961""}"
lg_lacam_fork:lg_suo,LG-LaCAM (window 20) + SUO,empty-32-32,empty-32-32-random-1,50,2,30.0,solved,0.087813,0.02,964,43,964,961,43,1.003122,0,,/home/carsten/Projects/MAPF/MAPF Evaluator/results/tlcpp-empty32/runs/lg_lacam_fork_lg_suo/empty-32-32/empty-32-32-random-1_a50_s2_r0,964,0.02,"{""agents"": ""50"", ""comp_time"": ""20"", ""makespan"": ""43"", ""makespan_lb"": ""43"", ""map_file"": ""empty-32-32.map"", ""seed"": ""2"", ""soc"": ""964"", ""soc_lb"": ""961"", ""solved"": ""1"", ""solver"": ""planner"", ""sum_of_loss"": ""964"", ""sum_of_loss_lb"": ""961""}"
lg_lacam_fork:lg_suo_tl,LG-LaCAM (window 20) + SUO + traffic load,empty-32-32,empty-32-32-random-1,50,1,30.0,solved,0.070125,0.026,966,43,966,961,43,1.005203,0,,/home/carsten/Projects/MAPF/MAPF Evaluator/results/tlcpp-empty32/runs/lg_lacam_fork_lg_suo_tl/empty-32-32/empty-32-32-random-1_a50_s1_r0,966,0.026,"{""agents"": ""50"", ""comp_time"": ""26"", ""makespan"": ""43"", ""makespan_lb"": ""43"", ""map_file"": ""empty-32-32.map"", ""seed"": ""1"", ""soc"": ""966"", ""soc_lb"": ""961"", ""solved"": ""1"", ""solver"": ""planner"", ""sum_of_loss"": ""966"", ""sum_of_loss_lb"": ""961""}"
lg_lacam_fork:lg_suo_tl,LG-LaCAM (window 20) + SUO + traffic load,empty-32-32,empty-32-32-random-1,50,0,30.0,solved,0.138551,0.059,965,43,965,961,43,1.004162,0,,/home/carsten/Projects/MAPF/MAPF Evaluator/results/tlcpp-empty32/runs/lg_lacam_fork_lg_suo_tl/empty-32-32/empty-32-32-random-1_a50_s0_r0,965,0.059,"{""agents"": ""50"", ""comp_time"": ""59"", ""makespan"": ""43"", ""makespan_lb"": ""43"", ""map_file"": ""empty-32-32.map"", ""seed"": ""0"", ""soc"": ""965"", ""soc_lb"": ""961"", ""solved"": ""1"", ""solver"": ""planner"", ""sum_of_loss"": ""965"", ""sum_of_loss_lb"": ""961""}"
lg_lacam_fork:lg_suo_tl,LG-LaCAM (window 20) + SUO + traffic load,empty-32-32,empty-32-32-random-1,50,2,30.0,solved,0.099175,0.032,964,43,964,961,43,1.003122,0,,/home/carsten/Projects/MAPF/MAPF Evaluator/results/tlcpp-empty32/runs/lg_lacam_fork_lg_suo_tl/empty-32-32/empty-32-32-random-1_a50_s2_r0,964,0.032,"{""agents"": ""50"", ""comp_time"": ""32"", ""makespan"": ""43"", ""makespan_lb"": ""43"", ""map_file"": ""empty-32-32.map"", ""seed"": ""2"", ""soc"": ""964"", ""soc_lb"": ""961"", ""solved"": ""1"", ""solver"": ""planner"", ""sum_of_loss"": ""964"", ""sum_of_loss_lb"": ""961""}"
lg_lacam_fork:lacam,"LaCAM (no guidance, first solution)",empty-32-32,empty-32-32-random-1,100,0,30.0,solved,0.091723,0.008,2759,48,2367,2128,48,1.296523,0,,/home/carsten/Projects/MAPF/MAPF Evaluator/results/tlcpp-empty32/runs/lg_lacam_fork_lacam/empty-32-32/empty-32-32-random-1_a100_s0_r0,2759,0.008,"{""agents"": ""100"", ""comp_time"": ""8"", ""makespan"": ""48"", ""makespan_lb"": ""48"", ""map_file"": ""empty-32-32.map"", ""seed"": ""0"", ""soc"": ""2759"", ""soc_lb"": ""2128"", ""solved"": ""1"", ""solver"": ""planner"", ""sum_of_loss"": ""2424"", ""sum_of_loss_lb"": ""2128""}"
lg_lacam_fork:lacam,"LaCAM (no guidance, first solution)",empty-32-32,empty-32-32-random-1,100,1,30.0,solved,0.068161,0.018,2851,48,2424,2128,48,1.339756,0,,/home/carsten/Projects/MAPF/MAPF Evaluator/results/tlcpp-empty32/runs/lg_lacam_fork_lacam/empty-32-32/empty-32-32-random-1_a100_s1_r0,2851,0.018,"{""agents"": ""100"", ""comp_time"": ""18"", ""makespan"": ""48"", ""makespan_lb"": ""48"", ""map_file"": ""empty-32-32.map"", ""seed"": ""1"", ""soc"": ""2851"", ""soc_lb"": ""2128"", ""solved"": ""1"", ""solver"": ""planner"", ""sum_of_loss"": ""2497"", ""sum_of_loss_lb"": ""2128""}"
lg_lacam_fork:tl,"LaCAM + traffic load (tie-break, per config)",empty-32-32,empty-32-32-random-1,100,0,30.0,solved,0.11573,0.063,2682,48,2265,2128,48,1.260338,0,,/home/carsten/Projects/MAPF/MAPF Evaluator/results/tlcpp-empty32/runs/lg_lacam_fork_tl/empty-32-32/empty-32-32-random-1_a100_s0_r0,2682,0.063,"{""agents"": ""100"", ""comp_time"": ""63"", ""makespan"": ""48"", ""makespan_lb"": ""48"", ""map_file"": ""empty-32-32.map"", ""seed"": ""0"", ""soc"": ""2682"", ""soc_lb"": ""2128"", ""solved"": ""1"", ""solver"": ""planner"", ""sum_of_loss"": ""2321"", ""sum_of_loss_lb"": ""2128""}"
lg_lacam_fork:tl,"LaCAM + traffic load (tie-break, per config)",empty-32-32,empty-32-32-random-1,100,1,30.0,solved,0.041331,0.018,2635,48,2251,2128,48,1.238252,0,,/home/carsten/Projects/MAPF/MAPF Evaluator/results/tlcpp-empty32/runs/lg_lacam_fork_tl/empty-32-32/empty-32-32-random-1_a100_s1_r0,2635,0.018,"{""agents"": ""100"", ""comp_time"": ""18"", ""makespan"": ""48"", ""makespan_lb"": ""48"", ""map_file"": ""empty-32-32.map"", ""seed"": ""1"", ""soc"": ""2635"", ""soc_lb"": ""2128"", ""solved"": ""1"", ""solver"": ""planner"", ""sum_of_loss"": ""2304"", ""sum_of_loss_lb"": ""2128""}"
lg_lacam_fork:lacam,"LaCAM (no guidance, first solution)",empty-32-32,empty-32-32-random-1,100,2,30.0,solved,0.183102,0.009,2749,48,2342,2128,48,1.291823,0,,/home/carsten/Projects/MAPF/MAPF Evaluator/results/tlcpp-empty32/runs/lg_lacam_fork_lacam/empty-32-32/empty-32-32-random-1_a100_s2_r0,2749,0.009,"{""agents"": ""100"", ""comp_time"": ""9"", ""makespan"": ""48"", ""makespan_lb"": ""48"", ""map_file"": ""empty-32-32.map"", ""seed"": ""2"", ""soc"": ""2749"", ""soc_lb"": ""2128"", ""solved"": ""1"", ""solver"": ""planner"", ""sum_of_loss"": ""2414"", ""sum_of_loss_lb"": ""2128""}"
lg_lacam_fork:tl,"LaCAM + traffic load (tie-break, per config)",empty-32-32,empty-32-32-random-1,100,2,30.0,solved,0.078343,0.024,2705,48,2251,2128,48,1.271147,0,,/home/carsten/Projects/MAPF/MAPF Evaluator/results/tlcpp-empty32/runs/lg_lacam_fork_tl/empty-32-32/empty-32-32-random-1_a100_s2_r0,2705,0.024,"{""agents"": ""100"", ""comp_time"": ""24"", ""makespan"": ""48"", ""makespan_lb"": ""48"", ""map_file"": ""empty-32-32.map"", ""seed"": ""2"", ""soc"": ""2705"", ""soc_lb"": ""2128"", ""solved"": ""1"", ""solver"": ""planner"", ""sum_of_loss"": ""2308"", ""sum_of_loss_lb"": ""2128""}"
lg_lacam_fork:tl_agent,"LaCAM + traffic load (tie-break, per agent)",empty-32-32,empty-32-32-random-1,100,0,30.0,solved,0.068644,0.019,2666,48,2254,2128,48,1.25282,0,,/home/carsten/Projects/MAPF/MAPF Evaluator/results/tlcpp-empty32/runs/lg_lacam_fork_tl_agent/empty-32-32/empty-32-32-random-1_a100_s0_r0,2666,0.019,"{""agents"": ""100"", ""comp_time"": ""19"", ""makespan"": ""48"", ""makespan_lb"": ""48"", ""map_file"": ""empty-32-32.map"", ""seed"": ""0"", ""soc"": ""2666"", ""soc_lb"": ""2128"", ""solved"": ""1"", ""solver"": ""planner"", ""sum_of_loss"": ""2312"", ""sum_of_loss_lb"": ""2128""}"
lg_lacam_fork:tl_agent,"LaCAM + traffic load (tie-break, per agent)",empty-32-32,empty-32-32-random-1,100,2,30.0,solved,0.095914,0.03,2657,48,2258,2128,48,1.24859,0,,/home/carsten/Projects/MAPF/MAPF Evaluator/results/tlcpp-empty32/runs/lg_lacam_fork_tl_agent/empty-32-32/empty-32-32-random-1_a100_s2_r0,2657,0.03,"{""agents"": ""100"", ""comp_time"": ""30"", ""makespan"": ""48"", ""makespan_lb"": ""48"", ""map_file"": ""empty-32-32.map"", ""seed"": ""2"", ""soc"": ""2657"", ""soc_lb"": ""2128"", ""solved"": ""1"", ""solver"": ""planner"", ""sum_of_loss"": ""2315"", ""sum_of_loss_lb"": ""2128""}"
lg_lacam_fork:tl_agent,"LaCAM + traffic load (tie-break, per agent)",empty-32-32,empty-32-32-random-1,100,1,30.0,solved,0.050926,0.024,2633,48,2241,2128,48,1.237312,0,,/home/carsten/Projects/MAPF/MAPF Evaluator/results/tlcpp-empty32/runs/lg_lacam_fork_tl_agent/empty-32-32/empty-32-32-random-1_a100_s1_r0,2633,0.024,"{""agents"": ""100"", ""comp_time"": ""24"", ""makespan"": ""48"", ""makespan_lb"": ""48"", ""map_file"": ""empty-32-32.map"", ""seed"": ""1"", ""soc"": ""2633"", ""soc_lb"": ""2128"", ""solved"": ""1"", ""solver"": ""planner"", ""sum_of_loss"": ""2300"", ""sum_of_loss_lb"": ""2128""}"
lg_lacam_fork:tl_static,LaCAM + traffic load (static map from starts),empty-32-32,empty-32-32-random-1,100,0,30.0,solved,0.049791,0.012,2725,48,2368,2128,48,1.280545,0,,/home/carsten/Projects/MAPF/MAPF Evaluator/results/tlcpp-empty32/runs/lg_lacam_fork_tl_static/empty-32-32/empty-32-32-random-1_a100_s0_r0,2725,0.012,"{""agents"": ""100"", ""comp_time"": ""12"", ""makespan"": ""48"", ""makespan_lb"": ""48"", ""map_file"": ""empty-32-32.map"", ""seed"": ""0"", ""soc"": ""2725"", ""soc_lb"": ""2128"", ""solved"": ""1"", ""solver"": ""planner"", ""sum_of_loss"": ""2422"", ""sum_of_loss_lb"": ""2128""}"
lg_lacam_fork:tl_static,LaCAM + traffic load (static map from starts),empty-32-32,empty-32-32-random-1,100,1,30.0,solved,0.046524,0.012,2725,48,2368,2128,48,1.280545,0,,/home/carsten/Projects/MAPF/MAPF Evaluator/results/tlcpp-empty32/runs/lg_lacam_fork_tl_static/empty-32-32/empty-32-32-random-1_a100_s1_r0,2725,0.012,"{""agents"": ""100"", ""comp_time"": ""12"", ""makespan"": ""48"", ""makespan_lb"": ""48"", ""map_file"": ""empty-32-32.map"", ""seed"": ""1"", ""soc"": ""2725"", ""soc_lb"": ""2128"", ""solved"": ""1"", ""solver"": ""planner"", ""sum_of_loss"": ""2422"", ""sum_of_loss_lb"": ""2128""}"
lg_lacam_fork:suo,LaCAM3 = SUO (first solution),empty-32-32,empty-32-32-random-1,100,0,30.0,solved,0.052754,0.01,2199,48,2179,2128,48,1.033365,0,,/home/carsten/Projects/MAPF/MAPF Evaluator/results/tlcpp-empty32/runs/lg_lacam_fork_suo/empty-32-32/empty-32-32-random-1_a100_s0_r0,2199,0.01,"{""agents"": ""100"", ""comp_time"": ""10"", ""makespan"": ""48"", ""makespan_lb"": ""48"", ""map_file"": ""empty-32-32.map"", ""seed"": ""0"", ""soc"": ""2199"", ""soc_lb"": ""2128"", ""solved"": ""1"", ""solver"": ""planner"", ""sum_of_loss"": ""2180"", ""sum_of_loss_lb"": ""2128""}"
lg_lacam_fork:tl_static,LaCAM + traffic load (static map from starts),empty-32-32,empty-32-32-random-1,100,2,30.0,solved,0.107638,0.017,2725,48,2368,2128,48,1.280545,0,,/home/carsten/Projects/MAPF/MAPF Evaluator/results/tlcpp-empty32/runs/lg_lacam_fork_tl_static/empty-32-32/empty-32-32-random-1_a100_s2_r0,2725,0.017,"{""agents"": ""100"", ""comp_time"": ""17"", ""makespan"": ""48"", ""makespan_lb"": ""48"", ""map_file"": ""empty-32-32.map"", ""seed"": ""2"", ""soc"": ""2725"", ""soc_lb"": ""2128"", ""solved"": ""1"", ""solver"": ""planner"", ""sum_of_loss"": ""2422"", ""sum_of_loss_lb"": ""2128""}"
lg_lacam_fork:suo,LaCAM3 = SUO (first solution),empty-32-32,empty-32-32-random-1,100,1,30.0,solved,0.093227,0.014,2211,48,2198,2128,48,1.039004,0,,/home/carsten/Projects/MAPF/MAPF Evaluator/results/tlcpp-empty32/runs/lg_lacam_fork_suo/empty-32-32/empty-32-32-random-1_a100_s1_r0,2211,0.014,"{""agents"": ""100"", ""comp_time"": ""14"", ""makespan"": ""48"", ""makespan_lb"": ""48"", ""map_file"": ""empty-32-32.map"", ""seed"": ""1"", ""soc"": ""2211"", ""soc_lb"": ""2128"", ""solved"": ""1"", ""solver"": ""planner"", ""sum_of_loss"": ""2199"", ""sum_of_loss_lb"": ""2128""}"
lg_lacam_fork:suo,LaCAM3 = SUO (first solution),empty-32-32,empty-32-32-random-1,100,2,30.0,solved,0.038732,0.018,2267,48,2206,2128,48,1.06532,0,,/home/carsten/Projects/MAPF/MAPF Evaluator/results/tlcpp-empty32/runs/lg_lacam_fork_suo/empty-32-32/empty-32-32-random-1_a100_s2_r0,2267,0.018,"{""agents"": ""100"", ""comp_time"": ""18"", ""makespan"": ""48"", ""makespan_lb"": ""48"", ""map_file"": ""empty-32-32.map"", ""seed"": ""2"", ""soc"": ""2267"", ""soc_lb"": ""2128"", ""solved"": ""1"", ""solver"": ""planner"", ""sum_of_loss"": ""2211"", ""sum_of_loss_lb"": ""2128""}"
lg_lacam_fork:suo_tl,SUO + traffic load,empty-32-32,empty-32-32-random-1,100,2,30.0,solved,0.116865,0.058,2217,48,2191,2128,48,1.041823,0,,/home/carsten/Projects/MAPF/MAPF Evaluator/results/tlcpp-empty32/runs/lg_lacam_fork_suo_tl/empty-32-32/empty-32-32-random-1_a100_s2_r0,2217,0.058,"{""agents"": ""100"", ""comp_time"": ""58"", ""makespan"": ""48"", ""makespan_lb"": ""48"", ""map_file"": ""empty-32-32.map"", ""seed"": ""2"", ""soc"": ""2217"", ""soc_lb"": ""2128"", ""solved"": ""1"", ""solver"": ""planner"", ""sum_of_loss"": ""2194"", ""sum_of_loss_lb"": ""2128""}"
lg_lacam_fork:suo_tl,SUO + traffic load,empty-32-32,empty-32-32-random-1,100,0,30.0,solved,0.144387,0.081,2179,48,2179,2128,48,1.023966,0,,/home/carsten/Projects/MAPF/MAPF Evaluator/results/tlcpp-empty32/runs/lg_lacam_fork_suo_tl/empty-32-32/empty-32-32-random-1_a100_s0_r0,2179,0.081,"{""agents"": ""100"", ""comp_time"": ""81"", ""makespan"": ""48"", ""makespan_lb"": ""48"", ""map_file"": ""empty-32-32.map"", ""seed"": ""0"", ""soc"": ""2179"", ""soc_lb"": ""2128"", ""solved"": ""1"", ""solver"": ""planner"", ""sum_of_loss"": ""2179"", ""sum_of_loss_lb"": ""2128""}"
lg_lacam_fork:suo_tl,SUO + traffic load,empty-32-32,empty-32-32-random-1,100,1,30.0,solved,0.107036,0.03,2216,48,2196,2128,48,1.041353,0,,/home/carsten/Projects/MAPF/MAPF Evaluator/results/tlcpp-empty32/runs/lg_lacam_fork_suo_tl/empty-32-32/empty-32-32-random-1_a100_s1_r0,2216,0.03,"{""agents"": ""100"", ""comp_time"": ""30"", ""makespan"": ""48"", ""makespan_lb"": ""48"", ""map_file"": ""empty-32-32.map"", ""seed"": ""1"", ""soc"": ""2216"", ""soc_lb"": ""2128"", ""solved"": ""1"", ""solver"": ""planner"", ""sum_of_loss"": ""2197"", ""sum_of_loss_lb"": ""2128""}"
lg_lacam_fork:lg,"LG-LaCAM (window 20, first solution)",empty-32-32,empty-32-32-random-1,100,2,30.0,solved,0.039959,0.015,2155,48,2155,2128,48,1.012688,0,,/home/carsten/Projects/MAPF/MAPF Evaluator/results/tlcpp-empty32/runs/lg_lacam_fork_lg/empty-32-32/empty-32-32-random-1_a100_s2_r0,2155,0.015,"{""agents"": ""100"", ""comp_time"": ""15"", ""makespan"": ""48"", ""makespan_lb"": ""48"", ""map_file"": ""empty-32-32.map"", ""seed"": ""2"", ""soc"": ""2155"", ""soc_lb"": ""2128"", ""solved"": ""1"", ""solver"": ""planner"", ""sum_of_loss"": ""2155"", ""sum_of_loss_lb"": ""2128""}"
lg_lacam_fork:lg,"LG-LaCAM (window 20, first solution)",empty-32-32,empty-32-32-random-1,100,0,30.0,solved,0.029812,0.014,2156,48,2156,2128,48,1.013158,0,,/home/carsten/Projects/MAPF/MAPF Evaluator/results/tlcpp-empty32/runs/lg_lacam_fork_lg/empty-32-32/empty-32-32-random-1_a100_s0_r0,2156,0.014,"{""agents"": ""100"", ""comp_time"": ""14"", ""makespan"": ""48"", ""makespan_lb"": ""48"", ""map_file"": ""empty-32-32.map"", ""seed"": ""0"", ""soc"": ""2156"", ""soc_lb"": ""2128"", ""solved"": ""1"", ""solver"": ""planner"", ""sum_of_loss"": ""2156"", ""sum_of_loss_lb"": ""2128""}"
lg_lacam_fork:lg,"LG-LaCAM (window 20, first solution)",empty-32-32,empty-32-32-random-1,100,1,30.0,solved,0.126594,0.014,2162,48,2162,2128,48,1.015977,0,,/home/carsten/Projects/MAPF/MAPF Evaluator/results/tlcpp-empty32/runs/lg_lacam_fork_lg/empty-32-32/empty-32-32-random-1_a100_s1_r0,2162,0.014,"{""agents"": ""100"", ""comp_time"": ""14"", ""makespan"": ""48"", ""makespan_lb"": ""48"", ""map_file"": ""empty-32-32.map"", ""seed"": ""1"", ""soc"": ""2162"", ""soc_lb"": ""2128"", ""solved"": ""1"", ""solver"": ""planner"", ""sum_of_loss"": ""2162"", ""sum_of_loss_lb"": ""2128""}"
lg_lacam_fork:lg_tl,LG-LaCAM (window 20) + traffic load,empty-32-32,empty-32-32-random-1,100,0,30.0,solved,0.056033,0.021,2156,48,2156,2128,48,1.013158,0,,/home/carsten/Projects/MAPF/MAPF Evaluator/results/tlcpp-empty32/runs/lg_lacam_fork_lg_tl/empty-32-32/empty-32-32-random-1_a100_s0_r0,2156,0.021,"{""agents"": ""100"", ""comp_time"": ""21"", ""makespan"": ""48"", ""makespan_lb"": ""48"", ""map_file"": ""empty-32-32.map"", ""seed"": ""0"", ""soc"": ""2156"", ""soc_lb"": ""2128"", ""solved"": ""1"", ""solver"": ""planner"", ""sum_of_loss"": ""2156"", ""sum_of_loss_lb"": ""2128""}"
lg_lacam_fork:lg_tl,LG-LaCAM (window 20) + traffic load,empty-32-32,empty-32-32-random-1,100,1,30.0,solved,0.120335,0.014,2162,48,2162,2128,48,1.015977,0,,/home/carsten/Projects/MAPF/MAPF Evaluator/results/tlcpp-empty32/runs/lg_lacam_fork_lg_tl/empty-32-32/empty-32-32-random-1_a100_s1_r0,2162,0.014,"{""agents"": ""100"", ""comp_time"": ""14"", ""makespan"": ""48"", ""makespan_lb"": ""48"", ""map_file"": ""empty-32-32.map"", ""seed"": ""1"", ""soc"": ""2162"", ""soc_lb"": ""2128"", ""solved"": ""1"", ""solver"": ""planner"", ""sum_of_loss"": ""2162"", ""sum_of_loss_lb"": ""2128""}"
lg_lacam_fork:lg_tl,LG-LaCAM (window 20) + traffic load,empty-32-32,empty-32-32-random-1,100,2,30.0,solved,0.129471,0.013,2155,48,2155,2128,48,1.012688,0,,/home/carsten/Projects/MAPF/MAPF Evaluator/results/tlcpp-empty32/runs/lg_lacam_fork_lg_tl/empty-32-32/empty-32-32-random-1_a100_s2_r0,2155,0.013,"{""agents"": ""100"", ""comp_time"": ""13"", ""makespan"": ""48"", ""makespan_lb"": ""48"", ""map_file"": ""empty-32-32.map"", ""seed"": ""2"", ""soc"": ""2155"", ""soc_lb"": ""2128"", ""solved"": ""1"", ""solver"": ""planner"", ""sum_of_loss"": ""2155"", ""sum_of_loss_lb"": ""2128""}"
lg_lacam_fork:lg_suo,LG-LaCAM (window 20) + SUO,empty-32-32,empty-32-32-random-1,100,1,30.0,solved,0.069751,0.017,2160,48,2160,2128,48,1.015038,0,,/home/carsten/Projects/MAPF/MAPF Evaluator/results/tlcpp-empty32/runs/lg_lacam_fork_lg_suo/empty-32-32/empty-32-32-random-1_a100_s1_r0,2160,0.017,"{""agents"": ""100"", ""comp_time"": ""17"", ""makespan"": ""48"", ""makespan_lb"": ""48"", ""map_file"": ""empty-32-32.map"", ""seed"": ""1"", ""soc"": ""2160"", ""soc_lb"": ""2128"", ""solved"": ""1"", ""solver"": ""planner"", ""sum_of_loss"": ""2160"", ""sum_of_loss_lb"": ""2128""}"
lg_lacam_fork:lg_suo,LG-LaCAM (window 20) + SUO,empty-32-32,empty-32-32-random-1,100,0,30.0,solved,0.064513,0.012,2158,48,2158,2128,48,1.014098,0,,/home/carsten/Projects/MAPF/MAPF Evaluator/results/tlcpp-empty32/runs/lg_lacam_fork_lg_suo/empty-32-32/empty-32-32-random-1_a100_s0_r0,2158,0.012,"{""agents"": ""100"", ""comp_time"": ""12"", ""makespan"": ""48"", ""makespan_lb"": ""48"", ""map_file"": ""empty-32-32.map"", ""seed"": ""0"", ""soc"": ""2158"", ""soc_lb"": ""2128"", ""solved"": ""1"", ""solver"": ""planner"", ""sum_of_loss"": ""2158"", ""sum_of_loss_lb"": ""2128""}"
lg_lacam_fork:lg_suo_tl,LG-LaCAM (window 20) + SUO + traffic load,empty-32-32,empty-32-32-random-1,100,0,30.0,solved,0.076706,0.019,2158,48,2158,2128,48,1.014098,0,,/home/carsten/Projects/MAPF/MAPF Evaluator/results/tlcpp-empty32/runs/lg_lacam_fork_lg_suo_tl/empty-32-32/empty-32-32-random-1_a100_s0_r0,2158,0.019,"{""agents"": ""100"", ""comp_time"": ""19"", ""makespan"": ""48"", ""makespan_lb"": ""48"", ""map_file"": ""empty-32-32.map"", ""seed"": ""0"", ""soc"": ""2158"", ""soc_lb"": ""2128"", ""solved"": ""1"", ""solver"": ""planner"", ""sum_of_loss"": ""2158"", ""sum_of_loss_lb"": ""2128""}"
lg_lacam_fork:lg_suo,LG-LaCAM (window 20) + SUO,empty-32-32,empty-32-32-random-1,100,2,30.0,solved,0.136557,0.014,2155,48,2155,2128,48,1.012688,0,,/home/carsten/Projects/MAPF/MAPF Evaluator/results/tlcpp-empty32/runs/lg_lacam_fork_lg_suo/empty-32-32/empty-32-32-random-1_a100_s2_r0,2155,0.014,"{""agents"": ""100"", ""comp_time"": ""14"", ""makespan"": ""48"", ""makespan_lb"": ""48"", ""map_file"": ""empty-32-32.map"", ""seed"": ""2"", ""soc"": ""2155"", ""soc_lb"": ""2128"", ""solved"": ""1"", ""solver"": ""planner"", ""sum_of_loss"": ""2155"", ""sum_of_loss_lb"": ""2128""}"
lg_lacam_fork:lg_suo_tl,LG-LaCAM (window 20) + SUO + traffic load,empty-32-32,empty-32-32-random-1,100,1,30.0,solved,0.074275,0.018,2160,48,2160,2128,48,1.015038,0,,/home/carsten/Projects/MAPF/MAPF Evaluator/results/tlcpp-empty32/runs/lg_lacam_fork_lg_suo_tl/empty-32-32/empty-32-32-random-1_a100_s1_r0,2160,0.018,"{""agents"": ""100"", ""comp_time"": ""18"", ""makespan"": ""48"", ""makespan_lb"": ""48"", ""map_file"": ""empty-32-32.map"", ""seed"": ""1"", ""soc"": ""2160"", ""soc_lb"": ""2128"", ""solved"": ""1"", ""solver"": ""planner"", ""sum_of_loss"": ""2160"", ""sum_of_loss_lb"": ""2128""}"
lg_lacam_fork:lg_suo_tl,LG-LaCAM (window 20) + SUO + traffic load,empty-32-32,empty-32-32-random-1,100,2,30.0,solved,0.079146,0.016,2155,48,2155,2128,48,1.012688,0,,/home/carsten/Projects/MAPF/MAPF Evaluator/results/tlcpp-empty32/runs/lg_lacam_fork_lg_suo_tl/empty-32-32/empty-32-32-random-1_a100_s2_r0,2155,0.016,"{""agents"": ""100"", ""comp_time"": ""16"", ""makespan"": ""48"", ""makespan_lb"": ""48"", ""map_file"": ""empty-32-32.map"", ""seed"": ""2"", ""soc"": ""2155"", ""soc_lb"": ""2128"", ""solved"": ""1"", ""solver"": ""planner"", ""sum_of_loss"": ""2155"", ""sum_of_loss_lb"": ""2128""}"
lg_lacam_fork:lacam,"LaCAM (no guidance, first solution)",empty-32-32,empty-32-32-random-1,150,0,30.0,solved,0.042753,0.004,4424,52,3803,3231,52,1.369236,0,,/home/carsten/Projects/MAPF/MAPF Evaluator/results/tlcpp-empty32/runs/lg_lacam_fork_lacam/empty-32-32/empty-32-32-random-1_a150_s0_r0,4424,0.004,"{""agents"": ""150"", ""comp_time"": ""4"", ""makespan"": ""52"", ""makespan_lb"": ""52"", ""map_file"": ""empty-32-32.map"", ""seed"": ""0"", ""soc"": ""4424"", ""soc_lb"": ""3231"", ""solved"": ""1"", ""solver"": ""planner"", ""sum_of_loss"": ""3918"", ""sum_of_loss_lb"": ""3231""}"
lg_lacam_fork:lacam,"LaCAM (no guidance, first solution)",empty-32-32,empty-32-32-random-1,150,1,30.0,solved,0.047947,0.005,4644,52,3900,3231,52,1.437326,0,,/home/carsten/Projects/MAPF/MAPF Evaluator/results/tlcpp-empty32/runs/lg_lacam_fork_lacam/empty-32-32/empty-32-32-random-1_a150_s1_r0,4644,0.005,"{""agents"": ""150"", ""comp_time"": ""5"", ""makespan"": ""52"", ""makespan_lb"": ""52"", ""map_file"": ""empty-32-32.map"", ""seed"": ""1"", ""soc"": ""4644"", ""soc_lb"": ""3231"", ""solved"": ""1"", ""solver"": ""planner"", ""sum_of_loss"": ""4047"", ""sum_of_loss_lb"": ""3231""}"
lg_lacam_fork:tl,"LaCAM + traffic load (tie-break, per config)",empty-32-32,empty-32-32-random-1,150,0,30.0,solved,0.103177,0.01,4143,52,3560,3231,52,1.282266,0,,/home/carsten/Projects/MAPF/MAPF Evaluator/results/tlcpp-empty32/runs/lg_lacam_fork_tl/empty-32-32/empty-32-32-random-1_a150_s0_r0,4143,0.01,"{""agents"": ""150"", ""comp_time"": ""10"", ""makespan"": ""52"", ""makespan_lb"": ""52"", ""map_file"": ""empty-32-32.map"", ""seed"": ""0"", ""soc"": ""4143"", ""soc_lb"": ""3231"", ""solved"": ""1"", ""solver"": ""planner"", ""sum_of_loss"": ""3661"", ""sum_of_loss_lb"": ""3231""}"
lg_lacam_fork:lacam,"LaCAM (no guidance, first solution)",empty-32-32,empty-32-32-random-1,150,2,30.0,solved,0.155936,0.005,4527,52,3826,3231,52,1.401114,0,,/home/carsten/Projects/MAPF/MAPF Evaluator/results/tlcpp-empty32/runs/lg_lacam_fork_lacam/empty-32-32/empty-32-32-random-1_a150_s2_r0,4527,0.005,"{""agents"": ""150"", ""comp_time"": ""5"", ""makespan"": ""52"", ""makespan_lb"": ""52"", ""map_file"": ""empty-32-32.map"", ""seed"": ""2"", ""soc"": ""4527"", ""soc_lb"": ""3231"", ""solved"": ""1"", ""solver"": ""planner"", ""sum_of_loss"": ""3976"", ""sum_of_loss_lb"": ""3231""}"
lg_lacam_fork:tl,"LaCAM + traffic load (tie-break, per config)",empty-32-32,empty-32-32-random-1,150,2,30.0,solved,0.072276,0.011,4216,52,3568,3231,52,1.304859,0,,/home/carsten/Projects/MAPF/MAPF Evaluator/results/tlcpp-empty32/runs/lg_lacam_fork_tl/empty-32-32/empty-32-32-random-1_a150_s2_r0,4216,0.011,"{""agents"": ""150"", ""comp_time"": ""11"", ""makespan"": ""52"", ""makespan_lb"": ""52"", ""map_file"": ""empty-32-32.map"", ""seed"": ""2"", ""soc"": ""4216"", ""soc_lb"": ""3231"", ""solved"": ""1"", ""solver"": ""planner"", ""sum_of_loss"": ""3677"", ""sum_of_loss_lb"": ""3231""}"
lg_lacam_fork:tl,"LaCAM + traffic load (tie-break, per config)",empty-32-32,empty-32-32-random-1,150,1,30.0,solved,0.039975,0.009,4166,52,3560,3231,52,1.289384,0,,/home/carsten/Projects/MAPF/MAPF Evaluator/results/tlcpp-empty32/runs/lg_lacam_fork_tl/empty-32-32/empty-32-32-random-1_a150_s1_r0,4166,0.009,"{""agents"": ""150"", ""comp_time"": ""9"", ""makespan"": ""52"", ""makespan_lb"": ""52"", ""map_file"": ""empty-32-32.map"", ""seed"": ""1"", ""soc"": ""4166"", ""soc_lb"": ""3231"", ""solved"": ""1"", ""solver"": ""planner"", ""sum_of_loss"": ""3674"", ""sum_of_loss_lb"": ""3231""}"
lg_lacam_fork:tl_agent,"LaCAM + traffic load (tie-break, per agent)",empty-32-32,empty-32-32-random-1,150,1,30.0,solved,0.073142,0.01,4189,52,3564,3231,52,1.296503,0,,/home/carsten/Projects/MAPF/MAPF Evaluator/results/tlcpp-empty32/runs/lg_lacam_fork_tl_agent/empty-32-32/empty-32-32-random-1_a150_s1_r0,4189,0.01,"{""agents"": ""150"", ""comp_time"": ""10"", ""makespan"": ""52"", ""makespan_lb"": ""52"", ""map_file"": ""empty-32-32.map"", ""seed"": ""1"", ""soc"": ""4189"", ""soc_lb"": ""3231"", ""solved"": ""1"", ""solver"": ""planner"", ""sum_of_loss"": ""3663"", ""sum_of_loss_lb"": ""3231""}"
lg_lacam_fork:tl_agent,"LaCAM + traffic load (tie-break, per agent)",empty-32-32,empty-32-32-random-1,150,0,30.0,solved,0.166774,0.011,4113,52,3529,3231,52,1.272981,0,,/home/carsten/Projects/MAPF/MAPF Evaluator/results/tlcpp-empty32/runs/lg_lacam_fork_tl_agent/empty-32-32/empty-32-32-random-1_a150_s0_r0,4113,0.011,"{""agents"": ""150"", ""comp_time"": ""11"", ""makespan"": ""52"", ""makespan_lb"": ""52"", ""map_file"": ""empty-32-32.map"", ""seed"": ""0"", ""soc"": ""4113"", ""soc_lb"": ""3231"", ""solved"": ""1"", ""solver"": ""planner"", ""sum_of_loss"": ""3625"", ""sum_of_loss_lb"": ""3231""}"
lg_lacam_fork:tl_agent,"LaCAM + traffic load (tie-break, per agent)",empty-32-32,empty-32-32-random-1,150,2,30.0,solved,0.056434,0.011,4138,52,3564,3231,52,1.280718,0,,/home/carsten/Projects/MAPF/MAPF Evaluator/results/tlcpp-empty32/runs/lg_lacam_fork_tl_agent/empty-32-32/empty-32-32-random-1_a150_s2_r0,4138,0.011,"{""agents"": ""150"", ""comp_time"": ""11"", ""makespan"": ""52"", ""makespan_lb"": ""52"", ""map_file"": ""empty-32-32.map"", ""seed"": ""2"", ""soc"": ""4138"", ""soc_lb"": ""3231"", ""solved"": ""1"", ""solver"": ""planner"", ""sum_of_loss"": ""3660"", ""sum_of_loss_lb"": ""3231""}"
lg_lacam_fork:tl_static,LaCAM + traffic load (static map from starts),empty-32-32,empty-32-32-random-1,150,0,30.0,solved,0.103529,0.008,4709,67,3977,3231,52,1.457444,0,,/home/carsten/Projects/MAPF/MAPF Evaluator/results/tlcpp-empty32/runs/lg_lacam_fork_tl_static/empty-32-32/empty-32-32-random-1_a150_s0_r0,4709,0.008,"{""agents"": ""150"", ""comp_time"": ""8"", ""makespan"": ""67"", ""makespan_lb"": ""52"", ""map_file"": ""empty-32-32.map"", ""seed"": ""0"", ""soc"": ""4709"", ""soc_lb"": ""3231"", ""solved"": ""1"", ""solver"": ""planner"", ""sum_of_loss"": ""4133"", ""sum_of_loss_lb"": ""3231""}"
lg_lacam_fork:tl_static,LaCAM + traffic load (static map from starts),empty-32-32,empty-32-32-random-1,150,2,30.0,solved,0.057793,0.008,4748,67,3976,3231,52,1.469514,0,,/home/carsten/Projects/MAPF/MAPF Evaluator/results/tlcpp-empty32/runs/lg_lacam_fork_tl_static/empty-32-32/empty-32-32-random-1_a150_s2_r0,4748,0.008,"{""agents"": ""150"", ""comp_time"": ""8"", ""makespan"": ""67"", ""makespan_lb"": ""52"", ""map_file"": ""empty-32-32.map"", ""seed"": ""2"", ""soc"": ""4748"", ""soc_lb"": ""3231"", ""solved"": ""1"", ""solver"": ""planner"", ""sum_of_loss"": ""4130"", ""sum_of_loss_lb"": ""3231""}"
lg_lacam_fork:tl_static,LaCAM + traffic load (static map from starts),empty-32-32,empty-32-32-random-1,150,1,30.0,solved,0.129212,0.008,4721,63,3977,3231,52,1.461158,0,,/home/carsten/Projects/MAPF/MAPF Evaluator/results/tlcpp-empty32/runs/lg_lacam_fork_tl_static/empty-32-32/empty-32-32-random-1_a150_s1_r0,4721,0.008,"{""agents"": ""150"", ""comp_time"": ""8"", ""makespan"": ""63"", ""makespan_lb"": ""52"", ""map_file"": ""empty-32-32.map"", ""seed"": ""1"", ""soc"": ""4721"", ""soc_lb"": ""3231"", ""solved"": ""1"", ""solver"": ""planner"", ""sum_of_loss"": ""4131"", ""sum_of_loss_lb"": ""3231""}"
lg_lacam_fork:suo,LaCAM3 = SUO (first solution),empty-32-32,empty-32-32-random-1,150,0,30.0,solved,0.087116,0.009,3472,52,3389,3231,52,1.07459,0,,/home/carsten/Projects/MAPF/MAPF Evaluator/results/tlcpp-empty32/runs/lg_lacam_fork_suo/empty-32-32/empty-32-32-random-1_a150_s0_r0,3472,0.009,"{""agents"": ""150"", ""comp_time"": ""9"", ""makespan"": ""52"", ""makespan_lb"": ""52"", ""map_file"": ""empty-32-32.map"", ""seed"": ""0"", ""soc"": ""3472"", ""soc_lb"": ""3231"", ""solved"": ""1"", ""solver"": ""planner"", ""sum_of_loss"": ""3397"", ""sum_of_loss_lb"": ""3231""}"
lg_lacam_fork:suo,LaCAM3 = SUO (first solution),empty-32-32,empty-32-32-random-1,150,1,30.0,solved,0.089196,0.009,3682,52,3493,3231,52,1.139585,0,,/home/carsten/Projects/MAPF/MAPF Evaluator/results/tlcpp-empty32/runs/lg_lacam_fork_suo/empty-32-32/empty-32-32-random-1_a150_s1_r0,3682,0.009,"{""agents"": ""150"", ""comp_time"": ""9"", ""makespan"": ""52"", ""makespan_lb"": ""52"", ""map_file"": ""empty-32-32.map"", ""seed"": ""1"", ""soc"": ""3682"", ""soc_lb"": ""3231"", ""solved"": ""1"", ""solver"": ""planner"", ""sum_of_loss"": ""3528"", ""sum_of_loss_lb"": ""3231""}"
lg_lacam_fork:suo,LaCAM3 = SUO (first solution),empty-32-32,empty-32-32-random-1,150,2,30.0,solved,0.080888,0.009,3554,52,3392,3231,52,1.099969,0,,/home/carsten/Projects/MAPF/MAPF Evaluator/results/tlcpp-empty32/runs/lg_lacam_fork_suo/empty-32-32/empty-32-32-random-1_a150_s2_r0,3554,0.009,"{""agents"": ""150"", ""comp_time"": ""9"", ""makespan"": ""52"", ""makespan_lb"": ""52"", ""map_file"": ""empty-32-32.map"", ""seed"": ""2"", ""soc"": ""3554"", ""soc_lb"": ""3231"", ""solved"": ""1"", ""solver"": ""planner"", ""sum_of_loss"": ""3406"", ""sum_of_loss_lb"": ""3231""}"
lg_lacam_fork:suo_tl,SUO + traffic load,empty-32-32,empty-32-32-random-1,150,0,30.0,solved,0.132396,0.014,3422,52,3391,3231,52,1.059115,0,,/home/carsten/Projects/MAPF/MAPF Evaluator/results/tlcpp-empty32/runs/lg_lacam_fork_suo_tl/empty-32-32/empty-32-32-random-1_a150_s0_r0,3422,0.014,"{""agents"": ""150"", ""comp_time"": ""14"", ""makespan"": ""52"", ""makespan_lb"": ""52"", ""map_file"": ""empty-32-32.map"", ""seed"": ""0"", ""soc"": ""3422"", ""soc_lb"": ""3231"", ""solved"": ""1"", ""solver"": ""planner"", ""sum_of_loss"": ""3395"", ""sum_of_loss_lb"": ""3231""}"
lg_lacam_fork:suo_tl,SUO + traffic load,empty-32-32,empty-32-32-random-1,150,1,30.0,solved,0.066405,0.016,3595,52,3461,3231,52,1.112659,0,,/home/carsten/Projects/MAPF/MAPF Evaluator/results/tlcpp-empty32/runs/lg_lacam_fork_suo_tl/empty-32-32/empty-32-32-random-1_a150_s1_r0,3595,0.016,"{""agents"": ""150"", ""comp_time"": ""16"", ""makespan"": ""52"", ""makespan_lb"": ""52"", ""map_file"": ""empty-32-32.map"", ""seed"": ""1"", ""soc"": ""3595"", ""soc_lb"": ""3231"", ""solved"": ""1"", ""solver"": ""planner"", ""sum_of_loss"": ""3479"", ""sum_of_loss_lb"": ""3231""}"
lg_lacam_fork:suo_tl,SUO + traffic load,empty-32-32,empty-32-32-random-1,150,2,30.0,solved,0.066405,0.017,3363,52,3363,3231,52,1.040854,0,,/home/carsten/Projects/MAPF/MAPF Evaluator/results/tlcpp-empty32/runs/lg_lacam_fork_suo_tl/empty-32-32/empty-32-32-random-1_a150_s2_r0,3363,0.017,"{""agents"": ""150"", ""comp_time"": ""17"", ""makespan"": ""52"", ""makespan_lb"": ""52"", ""map_file"": ""empty-32-32.map"", ""seed"": ""2"", ""soc"": ""3363"", ""soc_lb"": ""3231"", ""solved"": ""1"", ""solver"": ""planner"", ""sum_of_loss"": ""3363"", ""sum_of_loss_lb"": ""3231""}"
lg_lacam_fork:lg,"LG-LaCAM (window 20, first solution)",empty-32-32,empty-32-32-random-1,150,0,30.0,solved,0.156288,0.05,3311,52,3311,3231,52,1.02476,0,,/home/carsten/Projects/MAPF/MAPF Evaluator/results/tlcpp-empty32/runs/lg_lacam_fork_lg/empty-32-32/empty-32-32-random-1_a150_s0_r0,3311,0.05,"{""agents"": ""150"", ""comp_time"": ""50"", ""makespan"": ""52"", ""makespan_lb"": ""52"", ""map_file"": ""empty-32-32.map"", ""seed"": ""0"", ""soc"": ""3311"", ""soc_lb"": ""3231"", ""solved"": ""1"", ""solver"": ""planner"", ""sum_of_loss"": ""3311"", ""sum_of_loss_lb"": ""3231""}"
lg_lacam_fork:lg,"LG-LaCAM (window 20, first solution)",empty-32-32,empty-32-32-random-1,150,1,30.0,solved,0.08305,0.032,3338,52,3307,3231,52,1.033117,0,,/home/carsten/Projects/MAPF/MAPF Evaluator/results/tlcpp-empty32/runs/lg_lacam_fork_lg/empty-32-32/empty-32-32-random-1_a150_s1_r0,3338,0.032,"{""agents"": ""150"", ""comp_time"": ""32"", ""makespan"": ""52"", ""makespan_lb"": ""52"", ""map_file"": ""empty-32-32.map"", ""seed"": ""1"", ""soc"": ""3338"", ""soc_lb"": ""3231"", ""solved"": ""1"", ""solver"": ""planner"", ""sum_of_loss"": ""3311"", ""sum_of_loss_lb"": ""3231""}"
lg_lacam_fork:lg_tl,LG-LaCAM (window 20) + traffic load,empty-32-32,empty-32-32-random-1,150,0,30.0,solved,0.241492,0.139,3311,52,3311,3231,52,1.02476,0,,/home/carsten/Projects/MAPF/MAPF Evaluator/results/tlcpp-empty32/runs/lg_lacam_fork_lg_tl/empty-32-32/empty-32-32-random-1_a150_s0_r0,3311,0.139,"{""agents"": ""150"", ""comp_time"": ""139"", ""makespan"": ""52"", ""makespan_lb"": ""52"", ""map_file"": ""empty-32-32.map"", ""seed"": ""0"", ""soc"": ""3311"", ""soc_lb"": ""3231"", ""solved"": ""1"", ""solver"": ""planner"", ""sum_of_loss"": ""3311"", ""sum_of_loss_lb"": ""3231""}"
lg_lacam_fork:lg,"LG-LaCAM (window 20, first solution)",empty-32-32,empty-32-32-random-1,150,2,30.0,solved,0.459522,0.268,3307,52,3307,3231,52,1.023522,0,,/home/carsten/Projects/MAPF/MAPF Evaluator/results/tlcpp-empty32/runs/lg_lacam_fork_lg/empty-32-32/empty-32-32-random-1_a150_s2_r0,3307,0.268,"{""agents"": ""150"", ""comp_time"": ""268"", ""makespan"": ""52"", ""makespan_lb"": ""52"", ""map_file"": ""empty-32-32.map"", ""seed"": ""2"", ""soc"": ""3307"", ""soc_lb"": ""3231"", ""solved"": ""1"", ""solver"": ""planner"", ""sum_of_loss"": ""3307"", ""sum_of_loss_lb"": ""3231""}"
lg_lacam_fork:lg_tl,LG-LaCAM (window 20) + traffic load,empty-32-32,empty-32-32-random-1,150,2,30.0,solved,0.136882,0.046,3307,52,3307,3231,52,1.023522,0,,/home/carsten/Projects/MAPF/MAPF Evaluator/results/tlcpp-empty32/runs/lg_lacam_fork_lg_tl/empty-32-32/empty-32-32-random-1_a150_s2_r0,3307,0.046,"{""agents"": ""150"", ""comp_time"": ""46"", ""makespan"": ""52"", ""makespan_lb"": ""52"", ""map_file"": ""empty-32-32.map"", ""seed"": ""2"", ""soc"": ""3307"", ""soc_lb"": ""3231"", ""solved"": ""1"", ""solver"": ""planner"", ""sum_of_loss"": ""3307"", ""sum_of_loss_lb"": ""3231""}"
lg_lacam_fork:lg_tl,LG-LaCAM (window 20) + traffic load,empty-32-32,empty-32-32-random-1,150,1,30.0,solved,0.259369,0.122,3354,52,3309,3231,52,1.038069,0,,/home/carsten/Projects/MAPF/MAPF Evaluator/results/tlcpp-empty32/runs/lg_lacam_fork_lg_tl/empty-32-32/empty-32-32-random-1_a150_s1_r0,3354,0.122,"{""agents"": ""150"", ""comp_time"": ""122"", ""makespan"": ""52"", ""makespan_lb"": ""52"", ""map_file"": ""empty-32-32.map"", ""seed"": ""1"", ""soc"": ""3354"", ""soc_lb"": ""3231"", ""solved"": ""1"", ""solver"": ""planner"", ""sum_of_loss"": ""3313"", ""sum_of_loss_lb"": ""3231""}"
lg_lacam_fork:lg_suo,LG-LaCAM (window 20) + SUO,empty-32-32,empty-32-32-random-1,150,1,30.0,solved,0.217153,0.122,3321,52,3321,3231,52,1.027855,0,,/home/carsten/Projects/MAPF/MAPF Evaluator/results/tlcpp-empty32/runs/lg_lacam_fork_lg_suo/empty-32-32/empty-32-32-random-1_a150_s1_r0,3321,0.122,"{""agents"": ""150"", ""comp_time"": ""122"", ""makespan"": ""52"", ""makespan_lb"": ""52"", ""map_file"": ""empty-32-32.map"", ""seed"": ""1"", ""soc"": ""3321"", ""soc_lb"": ""3231"", ""solved"": ""1"", ""solver"": ""planner"", ""sum_of_loss"": ""3321"", ""sum_of_loss_lb"": ""3231""}"
lg_lacam_fork:lg_suo,LG-LaCAM (window 20) + SUO,empty-32-32,empty-32-32-random-1,150,0,30.0,solved,0.397721,0.314,3315,52,3315,3231,52,1.025998,0,,/home/carsten/Projects/MAPF/MAPF Evaluator/results/tlcpp-empty32/runs/lg_lacam_fork_lg_suo/empty-32-32/empty-32-32-random-1_a150_s0_r0,3315,0.314,"{""agents"": ""150"", ""comp_time"": ""314"", ""makespan"": ""52"", ""makespan_lb"": ""52"", ""map_file"": ""empty-32-32.map"", ""seed"": ""0"", ""soc"": ""3315"", ""soc_lb"": ""3231"", ""solved"": ""1"", ""solver"": ""planner"", ""sum_of_loss"": ""3315"", ""sum_of_loss_lb"": ""3231""}"
lg_lacam_fork:lg_suo_tl,LG-LaCAM (window 20) + SUO + traffic load,empty-32-32,empty-32-32-random-1,150,0,30.0,solved,0.166717,0.108,3315,52,3315,3231,52,1.025998,0,,/home/carsten/Projects/MAPF/MAPF Evaluator/results/tlcpp-empty32/runs/lg_lacam_fork_lg_suo_tl/empty-32-32/empty-32-32-random-1_a150_s0_r0,3315,0.108,"{""agents"": ""150"", ""comp_time"": ""108"", ""makespan"": ""52"", ""makespan_lb"": ""52"", ""map_file"": ""empty-32-32.map"", ""seed"": ""0"", ""soc"": ""3315"", ""soc_lb"": ""3231"", ""solved"": ""1"", ""solver"": ""planner"", ""sum_of_loss"": ""3315"", ""sum_of_loss_lb"": ""3231""}"
lg_lacam_fork:lg_suo,LG-LaCAM (window 20) + SUO,empty-32-32,empty-32-32-random-1,150,2,30.0,solved,0.222776,0.085,3316,52,3301,3231,52,1.026308,0,,/home/carsten/Projects/MAPF/MAPF Evaluator/results/tlcpp-empty32/runs/lg_lacam_fork_lg_suo/empty-32-32/empty-32-32-random-1_a150_s2_r0,3316,0.085,"{""agents"": ""150"", ""comp_time"": ""85"", ""makespan"": ""52"", ""makespan_lb"": ""52"", ""map_file"": ""empty-32-32.map"", ""seed"": ""2"", ""soc"": ""3316"", ""soc_lb"": ""3231"", ""solved"": ""1"", ""solver"": ""planner"", ""sum_of_loss"": ""3302"", ""sum_of_loss_lb"": ""3231""}"
lg_lacam_fork:lg_suo_tl,LG-LaCAM (window 20) + SUO + traffic load,empty-32-32,empty-32-32-random-1,150,1,30.0,solved,0.262601,0.09,3321,52,3321,3231,52,1.027855,0,,/home/carsten/Projects/MAPF/MAPF Evaluator/results/tlcpp-empty32/runs/lg_lacam_fork_lg_suo_tl/empty-32-32/empty-32-32-random-1_a150_s1_r0,3321,0.09,"{""agents"": ""150"", ""comp_time"": ""90"", ""makespan"": ""52"", ""makespan_lb"": ""52"", ""map_file"": ""empty-32-32.map"", ""seed"": ""1"", ""soc"": ""3321"", ""soc_lb"": ""3231"", ""solved"": ""1"", ""solver"": ""planner"", ""sum_of_loss"": ""3321"", ""sum_of_loss_lb"": ""3231""}"
lg_lacam_fork:lg_suo_tl,LG-LaCAM (window 20) + SUO + traffic load,empty-32-32,empty-32-32-random-1,150,2,30.0,solved,0.185312,0.1,3316,52,3301,3231,52,1.026308,0,,/home/carsten/Projects/MAPF/MAPF Evaluator/results/tlcpp-empty32/runs/lg_lacam_fork_lg_suo_tl/empty-32-32/empty-32-32-random-1_a150_s2_r0,3316,0.1,"{""agents"": ""150"", ""comp_time"": ""100"", ""makespan"": ""52"", ""makespan_lb"": ""52"", ""map_file"": ""empty-32-32.map"", ""seed"": ""2"", ""soc"": ""3316"", ""soc_lb"": ""3231"", ""solved"": ""1"", ""solver"": ""planner"", ""sum_of_loss"": ""3302"", ""sum_of_loss_lb"": ""3231""}"
lg_lacam_fork:lacam,"LaCAM (no guidance, first solution)",empty-32-32,empty-32-32-random-1,200,0,30.0,solved,0.131305,0.059,6164,52,5243,4211,52,1.463785,0,,/home/carsten/Projects/MAPF/MAPF Evaluator/results/tlcpp-empty32/runs/lg_lacam_fork_lacam/empty-32-32/empty-32-32-random-1_a200_s0_r0,6164,0.059,"{""agents"": ""200"", ""comp_time"": ""59"", ""makespan"": ""52"", ""makespan_lb"": ""52"", ""map_file"": ""empty-32-32.map"", ""seed"": ""0"", ""soc"": ""6164"", ""soc_lb"": ""4211"", ""solved"": ""1"", ""solver"": ""planner"", ""sum_of_loss"": ""5472"", ""sum_of_loss_lb"": ""4211""}"
lg_lacam_fork:lacam,"LaCAM (no guidance, first solution)",empty-32-32,empty-32-32-random-1,200,1,30.0,solved,0.145902,0.029,6377,52,5356,4211,52,1.514367,0,,/home/carsten/Projects/MAPF/MAPF Evaluator/results/tlcpp-empty32/runs/lg_lacam_fork_lacam/empty-32-32/empty-32-32-random-1_a200_s1_r0,6377,0.029,"{""agents"": ""200"", ""comp_time"": ""29"", ""makespan"": ""52"", ""makespan_lb"": ""52"", ""map_file"": ""empty-32-32.map"", ""seed"": ""1"", ""soc"": ""6377"", ""soc_lb"": ""4211"", ""solved"": ""1"", ""solver"": ""planner"", ""sum_of_loss"": ""5564"", ""sum_of_loss_lb"": ""4211""}"
lg_lacam_fork:tl,"LaCAM + traffic load (tie-break, per config)",empty-32-32,empty-32-32-random-1,200,0,30.0,solved,0.109116,0.035,5866,52,4757,4211,52,1.393018,0,,/home/carsten/Projects/MAPF/MAPF Evaluator/results/tlcpp-empty32/runs/lg_lacam_fork_tl/empty-32-32/empty-32-32-random-1_a200_s0_r0,5866,0.035,"{""agents"": ""200"", ""comp_time"": ""35"", ""makespan"": ""52"", ""makespan_lb"": ""52"", ""map_file"": ""empty-32-32.map"", ""seed"": ""0"", ""soc"": ""5866"", ""soc_lb"": ""4211"", ""solved"": ""1"", ""solver"": ""planner"", ""sum_of_loss"": ""4959"", ""sum_of_loss_lb"": ""4211""}"
lg_lacam_fork:lacam,"LaCAM (no guidance, first solution)",empty-32-32,empty-32-32-random-1,200,2,30.0,solved,0.081087,0.024,6213,52,5262,4211,52,1.475422,0,,/home/carsten/Projects/MAPF/MAPF Evaluator/results/tlcpp-empty32/runs/lg_lacam_fork_lacam/empty-32-32/empty-32-32-random-1_a200_s2_r0,6213,0.024,"{""agents"": ""200"", ""comp_time"": ""24"", ""makespan"": ""52"", ""makespan_lb"": ""52"", ""map_file"": ""empty-32-32.map"", ""seed"": ""2"", ""soc"": ""6213"", ""soc_lb"": ""4211"", ""solved"": ""1"", ""solver"": ""planner"", ""sum_of_loss"": ""5475"", ""sum_of_loss_lb"": ""4211""}"
lg_lacam_fork:tl,"LaCAM + traffic load (tie-break, per config)",empty-32-32,empty-32-32-random-1,200,1,30.0,solved,0.117158,0.048,5870,52,4762,4211,52,1.393968,0,,/home/carsten/Projects/MAPF/MAPF Evaluator/results/tlcpp-empty32/runs/lg_lacam_fork_tl/empty-32-32/empty-32-32-random-1_a200_s1_r0,5870,0.048,"{""agents"": ""200"", ""comp_time"": ""48"", ""makespan"": ""52"", ""makespan_lb"": ""52"", ""map_file"": ""empty-32-32.map"", ""seed"": ""1"", ""soc"": ""5870"", ""soc_lb"": ""4211"", ""solved"": ""1"", ""solver"": ""planner"", ""sum_of_loss"": ""4960"", ""sum_of_loss_lb"": ""4211""}"
lg_lacam_fork:tl,"LaCAM + traffic load (tie-break, per config)",empty-32-32,empty-32-32-random-1,200,2,30.0,solved,0.104324,0.023,5855,52,4764,4211,52,1.390406,0,,/home/carsten/Projects/MAPF/MAPF Evaluator/results/tlcpp-empty32/runs/lg_lacam_fork_tl/empty-32-32/empty-32-32-random-1_a200_s2_r0,5855,0.023,"{""agents"": ""200"", ""comp_time"": ""23"", ""makespan"": ""52"", ""makespan_lb"": ""52"", ""map_file"": ""empty-32-32.map"", ""seed"": ""2"", ""soc"": ""5855"", ""soc_lb"": ""4211"", ""solved"": ""1"", ""solver"": ""planner"", ""sum_of_loss"": ""4956"", ""sum_of_loss_lb"": ""4211""}"
lg_lacam_fork:tl_agent,"LaCAM + traffic load (tie-break, per agent)",empty-32-32,empty-32-32-random-1,200,0,30.0,solved,0.115378,0.044,5935,52,4816,4211,52,1.409404,0,,/home/carsten/Projects/MAPF/MAPF Evaluator/results/tlcpp-empty32/runs/lg_lacam_fork_tl_agent/empty-32-32/empty-32-32-random-1_a200_s0_r0,5935,0.044,"{""agents"": ""200"", ""comp_time"": ""44"", ""makespan"": ""52"", ""makespan_lb"": ""52"", ""map_file"": ""empty-32-32.map"", ""seed"": ""0"", ""soc"": ""5935"", ""soc_lb"": ""4211"", ""solved"": ""1"", ""solver"": ""planner"", ""sum_of_loss"": ""5001"", ""sum_of_loss_lb"": ""4211""}"
lg_lacam_fork:tl_agent,"LaCAM + traffic load (tie-break, per agent)",empty-32-32,empty-32-32-random-1,200,1,30.0,solved,0.166414,0.096,5822,52,4774,4211,52,1.382569,0,,/home/carsten/Projects/MAPF/MAPF Evaluator/results/tlcpp-empty32/runs/lg_lacam_fork_tl_agent/empty-32-32/empty-32-32-random-1_a200_s1_r0,5822,0.096,"{""agents"": ""200"", ""comp_time"": ""96"", ""makespan"": ""52"", ""makespan_lb"": ""52"", ""map_file"": ""empty-32-32.map"", ""seed"": ""1"", ""soc"": ""5822"", ""soc_lb"": ""4211"", ""solved"": ""1"", ""solver"": ""planner"", ""sum_of_loss"": ""4958"", ""sum_of_loss_lb"": ""4211""}"
lg_lacam_fork:tl_static,LaCAM + traffic load (static map from starts),empty-32-32,empty-32-32-random-1,200,0,30.0,solved,0.125567,0.034,6708,70,5491,4211,52,1.592971,0,,/home/carsten/Projects/MAPF/MAPF Evaluator/results/tlcpp-empty32/runs/lg_lacam_fork_tl_static/empty-32-32/empty-32-32-random-1_a200_s0_r0,6708,0.034,"{""agents"": ""200"", ""comp_time"": ""34"", ""makespan"": ""70"", ""makespan_lb"": ""52"", ""map_file"": ""empty-32-32.map"", ""seed"": ""0"", ""soc"": ""6708"", ""soc_lb"": ""4211"", ""solved"": ""1"", ""solver"": ""planner"", ""sum_of_loss"": ""5774"", ""sum_of_loss_lb"": ""4211""}"
lg_lacam_fork:tl_agent,"LaCAM + traffic load (tie-break, per agent)",empty-32-32,empty-32-32-random-1,200,2,30.0,solved,0.254863,0.129,5755,52,4780,4211,52,1.366659,0,,/home/carsten/Projects/MAPF/MAPF Evaluator/results/tlcpp-empty32/runs/lg_lacam_fork_tl_agent/empty-32-32/empty-32-32-random-1_a200_s2_r0,5755,0.129,"{""agents"": ""200"", ""comp_time"": ""129"", ""makespan"": ""52"", ""makespan_lb"": ""52"", ""map_file"": ""empty-32-32.map"", ""seed"": ""2"", ""soc"": ""5755"", ""soc_lb"": ""4211"", ""solved"": ""1"", ""solver"": ""planner"", ""sum_of_loss"": ""4959"", ""sum_of_loss_lb"": ""4211""}"
lg_lacam_fork:tl_static,LaCAM + traffic load (static map from starts),empty-32-32,empty-32-32-random-1,200,1,30.0,solved,0.158966,0.072,7551,122,5914,4211,52,1.793161,0,,/home/carsten/Projects/MAPF/MAPF Evaluator/results/tlcpp-empty32/runs/lg_lacam_fork_tl_static/empty-32-32/empty-32-32-random-1_a200_s1_r0,7551,0.072,"{""agents"": ""200"", ""comp_time"": ""72"", ""makespan"": ""122"", ""makespan_lb"": ""52"", ""map_file"": ""empty-32-32.map"", ""seed"": ""1"", ""soc"": ""7551"", ""soc_lb"": ""4211"", ""solved"": ""1"", ""solver"": ""planner"", ""sum_of_loss"": ""6287"", ""sum_of_loss_lb"": ""4211""}"
lg_lacam_fork:tl_static,LaCAM + traffic load (static map from starts),empty-32-32,empty-32-32-random-1,200,2,30.0,solved,0.166908,0.087,7500,114,5871,4211,52,1.78105,0,,/home/carsten/Projects/MAPF/MAPF Evaluator/results/tlcpp-empty32/runs/lg_lacam_fork_tl_static/empty-32-32/empty-32-32-random-1_a200_s2_r0,7500,0.087,"{""agents"": ""200"", ""comp_time"": ""87"", ""makespan"": ""114"", ""makespan_lb"": ""52"", ""map_file"": ""empty-32-32.map"", ""seed"": ""2"", ""soc"": ""7500"", ""soc_lb"": ""4211"", ""solved"": ""1"", ""solver"": ""planner"", ""sum_of_loss"": ""6225"", ""sum_of_loss_lb"": ""4211""}"
lg_lacam_fork:suo,LaCAM3 = SUO (first solution),empty-32-32,empty-32-32-random-1,200,0,30.0,solved,0.41812,0.319,5060,52,4664,4211,52,1.201615,0,,/home/carsten/Projects/MAPF/MAPF Evaluator/results/tlcpp-empty32/runs/lg_lacam_fork_suo/empty-32-32/empty-32-32-random-1_a200_s0_r0,5060,0.319,"{""agents"": ""200"", ""comp_time"": ""319"", ""makespan"": ""52"", ""makespan_lb"": ""52"", ""map_file"": ""empty-32-32.map"", ""seed"": ""0"", ""soc"": ""5060"", ""soc_lb"": ""4211"", ""solved"": ""1"", ""solver"": ""planner"", ""sum_of_loss"": ""4717"", ""sum_of_loss_lb"": ""4211""}"
lg_lacam_fork:suo,LaCAM3 = SUO (first solution),empty-32-32,empty-32-32-random-1,200,1,30.0,solved,0.321288,0.053,4767,52,4584,4211,52,1.132035,0,,/home/carsten/Projects/MAPF/MAPF Evaluator/results/tlcpp-empty32/runs/lg_lacam_fork_suo/empty-32-32/empty-32-32-random-1_a200_s1_r0,4767,0.053,"{""agents"": ""200"", ""comp_time"": ""53"", ""makespan"": ""52"", ""makespan_lb"": ""52"", ""map_file"": ""empty-32-32.map"", ""seed"": ""1"", ""soc"": ""4767"", ""soc_lb"": ""4211"", ""solved"": ""1"", ""solver"": ""planner"", ""sum_of_loss"": ""4609"", ""sum_of_loss_lb"": ""4211""}"
lg_lacam_fork:suo,LaCAM3 = SUO (first solution),empty-32-32,empty-32-32-random-1,200,2,30.0,solved,0.152452,0.088,4890,52,4677,4211,52,1.161244,0,,/home/carsten/Projects/MAPF/MAPF Evaluator/results/tlcpp-empty32/runs/lg_lacam_fork_suo/empty-32-32/empty-32-32-random-1_a200_s2_r0,4890,0.088,"{""agents"": ""200"", ""comp_time"": ""88"", ""makespan"": ""52"", ""makespan_lb"": ""52"", ""map_file"": ""empty-32-32.map"", ""seed"": ""2"", ""soc"": ""4890"", ""soc_lb"": ""4211"", ""solved"": ""1"", ""solver"": ""planner"", ""sum_of_loss"": ""4712"", ""sum_of_loss_lb"": ""4211""}"
lg_lacam_fork:suo_tl,SUO + traffic load,empty-32-32,empty-32-32-random-1,200,0,30.0,solved,0.213955,0.049,4941,52,4601,4211,52,1.173355,0,,/home/carsten/Projects/MAPF/MAPF Evaluator/results/tlcpp-empty32/runs/lg_lacam_fork_suo_tl/empty-32-32/empty-32-32-random-1_a200_s0_r0,4941,0.049,"{""agents"": ""200"", ""comp_time"": ""49"", ""makespan"": ""52"", ""makespan_lb"": ""52"", ""map_file"": ""empty-32-32.map"", ""seed"": ""0"", ""soc"": ""4941"", ""soc_lb"": ""4211"", ""solved"": ""1"", ""solver"": ""planner"", ""sum_of_loss"": ""4643"", ""sum_of_loss_lb"": ""4211""}"
lg_lacam_fork:suo_tl,SUO + traffic load,empty-32-32,empty-32-32-random-1,200,1,30.0,solved,0.29772,0.111,4670,52,4588,4211,52,1.109,0,,/home/carsten/Projects/MAPF/MAPF Evaluator/results/tlcpp-empty32/runs/lg_lacam_fork_suo_tl/empty-32-32/empty-32-32-random-1_a200_s1_r0,4670,0.111,"{""agents"": ""200"", ""comp_time"": ""111"", ""makespan"": ""52"", ""makespan_lb"": ""52"", ""map_file"": ""empty-32-32.map"", ""seed"": ""1"", ""soc"": ""4670"", ""soc_lb"": ""4211"", ""solved"": ""1"", ""solver"": ""planner"", ""sum_of_loss"": ""4600"", ""sum_of_loss_lb"": ""4211""}"
lg_lacam_fork:suo_tl,SUO + traffic load,empty-32-32,empty-32-32-random-1,200,2,30.0,solved,0.228921,0.07,4968,52,4638,4211,52,1.179767,0,,/home/carsten/Projects/MAPF/MAPF Evaluator/results/tlcpp-empty32/runs/lg_lacam_fork_suo_tl/empty-32-32/empty-32-32-random-1_a200_s2_r0,4968,0.07,"{""agents"": ""200"", ""comp_time"": ""70"", ""makespan"": ""52"", ""makespan_lb"": ""52"", ""map_file"": ""empty-32-32.map"", ""seed"": ""2"", ""soc"": ""4968"", ""soc_lb"": ""4211"", ""solved"": ""1"", ""solver"": ""planner"", ""sum_of_loss"": ""4676"", ""sum_of_loss_lb"": ""4211""}"
lg_lacam_fork:lg,"LG-LaCAM (window 20, first solution)",empty-32-32,empty-32-32-random-1,200,1,30.0,solved,0.223763,0.083,4548,54,4388,4211,52,1.080028,0,,/home/carsten/Projects/MAPF/MAPF Evaluator/results/tlcpp-empty32/runs/lg_lacam_fork_lg/empty-32-32/empty-32-32-random-1_a200_s1_r0,4548,0.083,"{""agents"": ""200"", ""comp_time"": ""83"", ""makespan"": ""54"", ""makespan_lb"": ""52"", ""map_file"": ""empty-32-32.map"", ""seed"": ""1"", ""soc"": ""4548"", ""soc_lb"": ""4211"", ""solved"": ""1"", ""solver"": ""planner"", ""sum_of_loss"": ""4404"", ""sum_of_loss_lb"": ""4211""}"
lg_lacam_fork:lg,"LG-LaCAM (window 20, first solution)",empty-32-32,empty-32-32-random-1,200,0,30.0,solved,0.232934,0.106,4533,54,4438,4211,52,1.076466,0,,/home/carsten/Projects/MAPF/MAPF Evaluator/results/tlcpp-empty32/runs/lg_lacam_fork_lg/empty-32-32/empty-32-32-random-1_a200_s0_r0,4533,0.106,"{""agents"": ""200"", ""comp_time"": ""106"", ""makespan"": ""54"", ""makespan_lb"": ""52"", ""map_file"": ""empty-32-32.map"", ""seed"": ""0"", ""soc"": ""4533"", ""soc_lb"": ""4211"", ""solved"": ""1"", ""solver"": ""planner"", ""sum_of_loss"": ""4450"", ""sum_of_loss_lb"": ""4211""}"
lg_lacam_fork:lg,"LG-LaCAM (window 20, first solution)",empty-32-32,empty-32-32-random-1,200,2,30.0,solved,0.102632,0.064,4619,52,4465,4211,52,1.096889,0,,/home/carsten/Projects/MAPF/MAPF Evaluator/results/tlcpp-empty32/runs/lg_lacam_fork_lg/empty-32-32/empty-32-32-random-1_a200_s2_r0,4619,0.064,"{""agents"": ""200"", ""comp_time"": ""64"", ""makespan"": ""52"", ""makespan_lb"": ""52"", ""map_file"": ""empty-32-32.map"", ""seed"": ""2"", ""soc"": ""4619"", ""soc_lb"": ""4211"", ""solved"": ""1"", ""solver"": ""planner"", ""sum_of_loss"": ""4484"", ""sum_of_loss_lb"": ""4211""}"
lg_lacam_fork:lg_tl,LG-LaCAM (window 20) + traffic load,empty-32-32,empty-32-32-random-1,200,0,30.0,solved,0.477734,0.324,4531,52,4396,4211,52,1.075991,0,,/home/carsten/Projects/MAPF/MAPF Evaluator/results/tlcpp-empty32/runs/lg_lacam_fork_lg_tl/empty-32-32/empty-32-32-random-1_a200_s0_r0,4531,0.324,"{""agents"": ""200"", ""comp_time"": ""324"", ""makespan"": ""52"", ""makespan_lb"": ""52"", ""map_file"": ""empty-32-32.map"", ""seed"": ""0"", ""soc"": ""4531"", ""soc_lb"": ""4211"", ""solved"": ""1"", ""solver"": ""planner"", ""sum_of_loss"": ""4407"", ""sum_of_loss_lb"": ""4211""}"
lg_lacam_fork:lg_tl,LG-LaCAM (window 20) + traffic load,empty-32-32,empty-32-32-random-1,200,1,30.0,solved,0.226298,0.128,4532,54,4380,4211,52,1.076229,0,,/home/carsten/Projects/MAPF/MAPF Evaluator/results/tlcpp-empty32/runs/lg_lacam_fork_lg_tl/empty-32-32/empty-32-32-random-1_a200_s1_r0,4532,0.128,"{""agents"": ""200"", ""comp_time"": ""128"", ""makespan"": ""54"", ""makespan_lb"": ""52"", ""map_file"": ""empty-32-32.map"", ""seed"": ""1"", ""soc"": ""4532"", ""soc_lb"": ""4211"", ""solved"": ""1"", ""solver"": ""planner"", ""sum_of_loss"": ""4393"", ""sum_of_loss_lb"": ""4211""}"
lg_lacam_fork:lg_tl,LG-LaCAM (window 20) + traffic load,empty-32-32,empty-32-32-random-1,200,2,30.0,solved,0.200279,0.112,4602,56,4443,4211,52,1.092852,0,,/home/carsten/Projects/MAPF/MAPF Evaluator/results/tlcpp-empty32/runs/lg_lacam_fork_lg_tl/empty-32-32/empty-32-32-random-1_a200_s2_r0,4602,0.112,"{""agents"": ""200"", ""comp_time"": ""112"", ""makespan"": ""56"", ""makespan_lb"": ""52"", ""map_file"": ""empty-32-32.map"", ""seed"": ""2"", ""soc"": ""4602"", ""soc_lb"": ""4211"", ""solved"": ""1"", ""solver"": ""planner"", ""sum_of_loss"": ""4458"", ""sum_of_loss_lb"": ""4211""}"
lg_lacam_fork:lg_suo,LG-LaCAM (window 20) + SUO,empty-32-32,empty-32-32-random-1,200,0,30.0,solved,0.291183,0.194,4544,52,4409,4211,52,1.079079,0,,/home/carsten/Projects/MAPF/MAPF Evaluator/results/tlcpp-empty32/runs/lg_lacam_fork_lg_suo/empty-32-32/empty-32-32-random-1_a200_s0_r0,4544,0.194,"{""agents"": ""200"", ""comp_time"": ""194"", ""makespan"": ""52"", ""makespan_lb"": ""52"", ""map_file"": ""empty-32-32.map"", ""seed"": ""0"", ""soc"": ""4544"", ""soc_lb"": ""4211"", ""solved"": ""1"", ""solver"": ""planner"", ""sum_of_loss"": ""4421"", ""sum_of_loss_lb"": ""4211""}"
lg_lacam_fork:lg_suo,LG-LaCAM (window 20) + SUO,empty-32-32,empty-32-32-random-1,200,1,30.0,solved,0.132496,0.074,4538,52,4425,4211,52,1.077654,0,,/home/carsten/Projects/MAPF/MAPF Evaluator/results/tlcpp-empty32/runs/lg_lacam_fork_lg_suo/empty-32-32/empty-32-32-random-1_a200_s1_r0,4538,0.074,"{""agents"": ""200"", ""comp_time"": ""74"", ""makespan"": ""52"", ""makespan_lb"": ""52"", ""map_file"": ""empty-32-32.map"", ""seed"": ""1"", ""soc"": ""4538"", ""soc_lb"": ""4211"", ""solved"": ""1"", ""solver"": ""planner"", ""sum_of_loss"": ""4434"", ""sum_of_loss_lb"": ""4211""}"
lg_lacam_fork:lg_suo_tl,LG-LaCAM (window 20) + SUO + traffic load,empty-32-32,empty-32-32-random-1,200,0,30.0,solved,0.215202,0.145,4504,52,4393,4211,52,1.06958,0,,/home/carsten/Projects/MAPF/MAPF Evaluator/results/tlcpp-empty32/runs/lg_lacam_fork_lg_suo_tl/empty-32-32/empty-32-32-random-1_a200_s0_r0,4504,0.145,"{""agents"": ""200"", ""comp_time"": ""145"", ""makespan"": ""52"", ""makespan_lb"": ""52"", ""map_file"": ""empty-32-32.map"", ""seed"": ""0"", ""soc"": ""4504"", ""soc_lb"": ""4211"", ""solved"": ""1"", ""solver"": ""planner"", ""sum_of_loss"": ""4403"", ""sum_of_loss_lb"": ""4211""}"
lg_lacam_fork:lacam,"LaCAM (no guidance, first solution)",empty-32-32,empty-32-32-random-2,50,0,30.0,solved,0.065862,0.025,1348,47,1218,1174,47,1.148211,0,,/home/carsten/Projects/MAPF/MAPF Evaluator/results/tlcpp-empty32/runs/lg_lacam_fork_lacam/empty-32-32/empty-32-32-random-2_a50_s0_r0,1348,0.025,"{""agents"": ""50"", ""comp_time"": ""25"", ""makespan"": ""47"", ""makespan_lb"": ""47"", ""map_file"": ""empty-32-32.map"", ""seed"": ""0"", ""soc"": ""1348"", ""soc_lb"": ""1174"", ""solved"": ""1"", ""solver"": ""planner"", ""sum_of_loss"": ""1238"", ""sum_of_loss_lb"": ""1174""}"
lg_lacam_fork:lg_suo_tl,LG-LaCAM (window 20) + SUO + traffic load,empty-32-32,empty-32-32-random-1,200,1,30.0,solved,0.32575,0.234,4514,52,4420,4211,52,1.071954,0,,/home/carsten/Projects/MAPF/MAPF Evaluator/results/tlcpp-empty32/runs/lg_lacam_fork_lg_suo_tl/empty-32-32/empty-32-32-random-1_a200_s1_r0,4514,0.234,"{""agents"": ""200"", ""comp_time"": ""234"", ""makespan"": ""52"", ""makespan_lb"": ""52"", ""map_file"": ""empty-32-32.map"", ""seed"": ""1"", ""soc"": ""4514"", ""soc_lb"": ""4211"", ""solved"": ""1"", ""solver"": ""planner"", ""sum_of_loss"": ""4428"", ""sum_of_loss_lb"": ""4211""}"
lg_lacam_fork:lg_suo,LG-LaCAM (window 20) + SUO,empty-32-32,empty-32-32-random-1,200,2,30.0,solved,0.707836,0.622,4527,52,4411,4211,52,1.075042,0,,/home/carsten/Projects/MAPF/MAPF Evaluator/results/tlcpp-empty32/runs/lg_lacam_fork_lg_suo/empty-32-32/empty-32-32-random-1_a200_s2_r0,4527,0.622,"{""agents"": ""200"", ""comp_time"": ""622"", ""makespan"": ""52"", ""makespan_lb"": ""52"", ""map_file"": ""empty-32-32.map"", ""seed"": ""2"", ""soc"": ""4527"", ""soc_lb"": ""4211"", ""solved"": ""1"", ""solver"": ""planner"", ""sum_of_loss"": ""4419"", ""sum_of_loss_lb"": ""4211""}"
lg_lacam_fork:lacam,"LaCAM (no guidance, first solution)",empty-32-32,empty-32-32-random-2,50,1,30.0,solved,0.08828,0.037,1388,47,1223,1174,47,1.182283,0,,/home/carsten/Projects/MAPF/MAPF Evaluator/results/tlcpp-empty32/runs/lg_lacam_fork_lacam/empty-32-32/empty-32-32-random-2_a50_s1_r0,1388,0.037,"{""agents"": ""50"", ""comp_time"": ""37"", ""makespan"": ""47"", ""makespan_lb"": ""47"", ""map_file"": ""empty-32-32.map"", ""seed"": ""1"", ""soc"": ""1388"", ""soc_lb"": ""1174"", ""solved"": ""1"", ""solver"": ""planner"", ""sum_of_loss"": ""1240"", ""sum_of_loss_lb"": ""1174""}"
lg_lacam_fork:lacam,"LaCAM (no guidance, first solution)",empty-32-32,empty-32-32-random-2,50,2,30.0,solved,0.044928,0.008,1416,47,1229,1174,47,1.206133,0,,/home/carsten/Projects/MAPF/MAPF Evaluator/results/tlcpp-empty32/runs/lg_lacam_fork_lacam/empty-32-32/empty-32-32-random-2_a50_s2_r0,1416,0.008,"{""agents"": ""50"", ""comp_time"": ""8"", ""makespan"": ""47"", ""makespan_lb"": ""47"", ""map_file"": ""empty-32-32.map"", ""seed"": ""2"", ""soc"": ""1416"", ""soc_lb"": ""1174"", ""solved"": ""1"", ""solver"": ""planner"", ""sum_of_loss"": ""1252"", ""sum_of_loss_lb"": ""1174""}"
lg_lacam_fork:lg_suo_tl,LG-LaCAM (window 20) + SUO + traffic load,empty-32-32,empty-32-32-random-1,200,2,30.0,solved,0.579579,0.394,4523,52,4407,4211,52,1.074092,0,,/home/carsten/Projects/MAPF/MAPF Evaluator/results/tlcpp-empty32/runs/lg_lacam_fork_lg_suo_tl/empty-32-32/empty-32-32-random-1_a200_s2_r0,4523,0.394,"{""agents"": ""200"", ""comp_time"": ""394"", ""makespan"": ""52"", ""makespan_lb"": ""52"", ""map_file"": ""empty-32-32.map"", ""seed"": ""2"", ""soc"": ""4523"", ""soc_lb"": ""4211"", ""solved"": ""1"", ""solver"": ""planner"", ""sum_of_loss"": ""4415"", ""sum_of_loss_lb"": ""4211""}"
lg_lacam_fork:tl,"LaCAM + traffic load (tie-break, per config)",empty-32-32,empty-32-32-random-2,50,0,30.0,solved,0.078355,0.024,1331,47,1192,1174,47,1.133731,0,,/home/carsten/Projects/MAPF/MAPF Evaluator/results/tlcpp-empty32/runs/lg_lacam_fork_tl/empty-32-32/empty-32-32-random-2_a50_s0_r0,1331,0.024,"{""agents"": ""50"", ""comp_time"": ""24"", ""makespan"": ""47"", ""makespan_lb"": ""47"", ""map_file"": ""empty-32-32.map"", ""seed"": ""0"", ""soc"": ""1331"", ""soc_lb"": ""1174"", ""solved"": ""1"", ""solver"": ""planner"", ""sum_of_loss"": ""1208"", ""sum_of_loss_lb"": ""1174""}"
lg_lacam_fork:tl,"LaCAM + traffic load (tie-break, per config)",empty-32-32,empty-32-32-random-2,50,1,30.0,solved,0.072812,0.012,1337,47,1193,1174,47,1.138842,0,,/home/carsten/Projects/MAPF/MAPF Evaluator/results/tlcpp-empty32/runs/lg_lacam_fork_tl/empty-32-32/empty-32-32-random-2_a50_s1_r0,1337,0.012,"{""agents"": ""50"", ""comp_time"": ""12"", ""makespan"": ""47"", ""makespan_lb"": ""47"", ""map_file"": ""empty-32-32.map"", ""seed"": ""1"", ""soc"": ""1337"", ""soc_lb"": ""1174"", ""solved"": ""1"", ""solver"": ""planner"", ""sum_of_loss"": ""1210"", ""sum_of_loss_lb"": ""1174""}"
lg_lacam_fork:tl,"LaCAM + traffic load (tie-break, per config)",empty-32-32,empty-32-32-random-2,50,2,30.0,solved,0.089994,0.022,1331,47,1192,1174,47,1.133731,0,,/home/carsten/Projects/MAPF/MAPF Evaluator/results/tlcpp-empty32/runs/lg_lacam_fork_tl/empty-32-32/empty-32-32-random-2_a50_s2_r0,1331,0.022,"{""agents"": ""50"", ""comp_time"": ""22"", ""makespan"": ""47"", ""makespan_lb"": ""47"", ""map_file"": ""empty-32-32.map"", ""seed"": ""2"", ""soc"": ""1331"", ""soc_lb"": ""1174"", ""solved"": ""1"", ""solver"": ""planner"", ""sum_of_loss"": ""1208"", ""sum_of_loss_lb"": ""1174""}"
lg_lacam_fork:tl_agent,"LaCAM + traffic load (tie-break, per agent)",empty-32-32,empty-32-32-random-2,50,2,30.0,solved,0.044963,0.019,1312,47,1189,1174,47,1.117547,0,,/home/carsten/Projects/MAPF/MAPF Evaluator/results/tlcpp-empty32/runs/lg_lacam_fork_tl_agent/empty-32-32/empty-32-32-random-2_a50_s2_r0,1312,0.019,"{""agents"": ""50"", ""comp_time"": ""19"", ""makespan"": ""47"", ""makespan_lb"": ""47"", ""map_file"": ""empty-32-32.map"", ""seed"": ""2"", ""soc"": ""1312"", ""soc_lb"": ""1174"", ""solved"": ""1"", ""solver"": ""planner"", ""sum_of_loss"": ""1201"", ""sum_of_loss_lb"": ""1174""}"
lg_lacam_fork:tl_agent,"LaCAM + traffic load (tie-break, per agent)",empty-32-32,empty-32-32-random-2,50,1,30.0,solved,0.048044,0.025,1315,47,1190,1174,47,1.120102,0,,/home/carsten/Projects/MAPF/MAPF Evaluator/results/tlcpp-empty32/runs/lg_lacam_fork_tl_agent/empty-32-32/empty-32-32-random-2_a50_s1_r0,1315,0.025,"{""agents"": ""50"", ""comp_time"": ""25"", ""makespan"": ""47"", ""makespan_lb"": ""47"", ""map_file"": ""empty-32-32.map"", ""seed"": ""1"", ""soc"": ""1315"", ""soc_lb"": ""1174"", ""solved"": ""1"", ""solver"": ""planner"", ""sum_of_loss"": ""1203"", ""sum_of_loss_lb"": ""1174""}"
lg_lacam_fork:tl_agent,"LaCAM + traffic load (tie-break, per agent)",empty-32-32,empty-32-32-random-2,50,0,30.0,solved,0.043274,0.007,1320,47,1190,1174,47,1.124361,0,,/home/carsten/Projects/MAPF/MAPF Evaluator/results/tlcpp-empty32/runs/lg_lacam_fork_tl_agent/empty-32-32/empty-32-32-random-2_a50_s0_r0,1320,0.007,"{""agents"": ""50"", ""comp_time"": ""7"", ""makespan"": ""47"", ""makespan_lb"": ""47"", ""map_file"": ""empty-32-32.map"", ""seed"": ""0"", ""soc"": ""1320"", ""soc_lb"": ""1174"", ""solved"": ""1"", ""solver"": ""planner"", ""sum_of_loss"": ""1203"", ""sum_of_loss_lb"": ""1174""}"
lg_lacam_fork:tl_static,LaCAM + traffic load (static map from starts),empty-32-32,empty-32-32-random-2,50,0,30.0,solved,0.085164,0.011,1419,47,1279,1174,47,1.208688,0,,/home/carsten/Projects/MAPF/MAPF Evaluator/results/tlcpp-empty32/runs/lg_lacam_fork_tl_static/empty-32-32/empty-32-32-random-2_a50_s0_r0,1419,0.011,"{""agents"": ""50"", ""comp_time"": ""11"", ""makespan"": ""47"", ""makespan_lb"": ""47"", ""map_file"": ""empty-32-32.map"", ""seed"": ""0"", ""soc"": ""1419"", ""soc_lb"": ""1174"", ""solved"": ""1"", ""solver"": ""planner"", ""sum_of_loss"": ""1296"", ""sum_of_loss_lb"": ""1174""}"
lg_lacam_fork:tl_static,LaCAM + traffic load (static map from starts),empty-32-32,empty-32-32-random-2,50,2,30.0,solved,0.046586,0.013,1438,47,1282,1174,47,1.224872,0,,/home/carsten/Projects/MAPF/MAPF Evaluator/results/tlcpp-empty32/runs/lg_lacam_fork_tl_static/empty-32-32/empty-32-32-random-2_a50_s2_r0,1438,0.013,"{""agents"": ""50"", ""comp_time"": ""13"", ""makespan"": ""47"", ""makespan_lb"": ""47"", ""map_file"": ""empty-32-32.map"", ""seed"": ""2"", ""soc"": ""1438"", ""soc_lb"": ""1174"", ""solved"": ""1"", ""solver"": ""planner"", ""sum_of_loss"": ""1302"", ""sum_of_loss_lb"": ""1174""}"
lg_lacam_fork:suo,LaCAM3 = SUO (first solution),empty-32-32,empty-32-32-random-2,50,0,30.0,solved,0.056089,0.026,1182,47,1182,1174,47,1.006814,0,,/home/carsten/Projects/MAPF/MAPF Evaluator/results/tlcpp-empty32/runs/lg_lacam_fork_suo/empty-32-32/empty-32-32-random-2_a50_s0_r0,1182,0.026,"{""agents"": ""50"", ""comp_time"": ""26"", ""makespan"": ""47"", ""makespan_lb"": ""47"", ""map_file"": ""empty-32-32.map"", ""seed"": ""0"", ""soc"": ""1182"", ""soc_lb"": ""1174"", ""solved"": ""1"", ""solver"": ""planner"", ""sum_of_loss"": ""1182"", ""sum_of_loss_lb"": ""1174""}"
lg_lacam_fork:tl_static,LaCAM + traffic load (static map from starts),empty-32-32,empty-32-32-random-2,50,1,30.0,solved,0.029923,0.013,1420,47,1278,1174,47,1.20954,0,,/home/carsten/Projects/MAPF/MAPF Evaluator/results/tlcpp-empty32/runs/lg_lacam_fork_tl_static/empty-32-32/empty-32-32-random-2_a50_s1_r0,1420,0.013,"{""agents"": ""50"", ""comp_time"": ""13"", ""makespan"": ""47"", ""makespan_lb"": ""47"", ""map_file"": ""empty-32-32.map"", ""seed"": ""1"", ""soc"": ""1420"", ""soc_lb"": ""1174"", ""solved"": ""1"", ""solver"": ""planner"", ""sum_of_loss"": ""1296"", ""sum_of_loss_lb"": ""1174""}"
lg_lacam_fork:suo,LaCAM3 = SUO (first solution),empty-32-32,empty-32-32-random-2,50,1,30.0,solved,0.159761,0.039,1182,47,1182,1174,47,1.006814,0,,/home/carsten/Projects/MAPF/MAPF Evaluator/results/tlcpp-empty32/runs/lg_lacam_fork_suo/empty-32-32/empty-32-32-random-2_a50_s1_r0,1182,0.039,"{""agents"": ""50"", ""comp_time"": ""39"", ""makespan"": ""47"", ""makespan_lb"": ""47"", ""map_file"": ""empty-32-32.map"", ""seed"": ""1"", ""soc"": ""1182"", ""soc_lb"": ""1174"", ""solved"": ""1"", ""solver"": ""planner"", ""sum_of_loss"": ""1182"", ""sum_of_loss_lb"": ""1174""}"
lg_lacam_fork:suo,LaCAM3 = SUO (first solution),empty-32-32,empty-32-32-random-2,50,2,30.0,solved,0.038854,0.009,1180,47,1180,1174,47,1.005111,0,,/home/carsten/Projects/MAPF/MAPF Evaluator/results/tlcpp-empty32/runs/lg_lacam_fork_suo/empty-32-32/empty-32-32-random-2_a50_s2_r0,1180,0.009,"{""agents"": ""50"", ""comp_time"": ""9"", ""makespan"": ""47"", ""makespan_lb"": ""47"", ""map_file"": ""empty-32-32.map"", ""seed"": ""2"", ""soc"": ""1180"", ""soc_lb"": ""1174"", ""solved"": ""1"", ""solver"": ""planner"", ""sum_of_loss"": ""1180"", ""sum_of_loss_lb"": ""1174""}"
lg_lacam_fork:suo_tl,SUO + traffic load,empty-32-32,empty-32-32-random-2,50,0,30.0,solved,0.064157,0.014,1182,47,1182,1174,47,1.006814,0,,/home/carsten/Projects/MAPF/MAPF Evaluator/results/tlcpp-empty32/runs/lg_lacam_fork_suo_tl/empty-32-32/empty-32-32-random-2_a50_s0_r0,1182,0.014,"{""agents"": ""50"", ""comp_time"": ""14"", ""makespan"": ""47"", ""makespan_lb"": ""47"", ""map_file"": ""empty-32-32.map"", ""seed"": ""0"", ""soc"": ""1182"", ""soc_lb"": ""1174"", ""solved"": ""1"", ""solver"": ""planner"", ""sum_of_loss"": ""1182"", ""sum_of_loss_lb"": ""1174""}"
lg_lacam_fork:suo_tl,SUO + traffic load,empty-32-32,empty-32-32-random-2,50,1,30.0,solved,0.058177,0.022,1182,47,1182,1174,47,1.006814,0,,/home/carsten/Projects/MAPF/MAPF Evaluator/results/tlcpp-empty32/runs/lg_lacam_fork_suo_tl/empty-32-32/empty-32-32-random-2_a50_s1_r0,1182,0.022,"{""agents"": ""50"", ""comp_time"": ""22"", ""makespan"": ""47"", ""makespan_lb"": ""47"", ""map_file"": ""empty-32-32.map"", ""seed"": ""1"", ""soc"": ""1182"", ""soc_lb"": ""1174"", ""solved"": ""1"", ""solver"": ""planner"", ""sum_of_loss"": ""1182"", ""sum_of_loss_lb"": ""1174""}"
lg_lacam_fork:suo_tl,SUO + traffic load,empty-32-32,empty-32-32-random-2,50,2,30.0,solved,0.096408,0.015,1180,47,1180,1174,47,1.005111,0,,/home/carsten/Projects/MAPF/MAPF Evaluator/results/tlcpp-empty32/runs/lg_lacam_fork_suo_tl/empty-32-32/empty-32-32-random-2_a50_s2_r0,1180,0.015,"{""agents"": ""50"", ""comp_time"": ""15"", ""makespan"": ""47"", ""makespan_lb"": ""47"", ""map_file"": ""empty-32-32.map"", ""seed"": ""2"", ""soc"": ""1180"", ""soc_lb"": ""1174"", ""solved"": ""1"", ""solver"": ""planner"", ""sum_of_loss"": ""1180"", ""sum_of_loss_lb"": ""1174""}"
lg_lacam_fork:lg,"LG-LaCAM (window 20, first solution)",empty-32-32,empty-32-32-random-2,50,2,30.0,solved,0.07576,0.038,1177,47,1177,1174,47,1.002555,0,,/home/carsten/Projects/MAPF/MAPF Evaluator/results/tlcpp-empty32/runs/lg_lacam_fork_lg/empty-32-32/empty-32-32-random-2_a50_s2_r0,1177,0.038,"{""agents"": ""50"", ""comp_time"": ""38"", ""makespan"": ""47"", ""makespan_lb"": ""47"", ""map_file"": ""empty-32-32.map"", ""seed"": ""2"", ""soc"": ""1177"", ""soc_lb"": ""1174"", ""solved"": ""1"", ""solver"": ""planner"", ""sum_of_loss"": ""1177"", ""sum_of_loss_lb"": ""1174""}"
lg_lacam_fork:lg,"LG-LaCAM (window 20, first solution)",empty-32-32,empty-32-32-random-2,50,0,30.0,solved,0.070662,0.01,1175,47,1175,1174,47,1.000852,0,,/home/carsten/Projects/MAPF/MAPF Evaluator/results/tlcpp-empty32/runs/lg_lacam_fork_lg/empty-32-32/empty-32-32-random-2_a50_s0_r0,1175,0.01,"{""agents"": ""50"", ""comp_time"": ""10"", ""makespan"": ""47"", ""makespan_lb"": ""47"", ""map_file"": ""empty-32-32.map"", ""seed"": ""0"", ""soc"": ""1175"", ""soc_lb"": ""1174"", ""solved"": ""1"", ""solver"": ""planner"", ""sum_of_loss"": ""1175"", ""sum_of_loss_lb"": ""1174""}"
lg_lacam_fork:lg,"LG-LaCAM (window 20, first solution)",empty-32-32,empty-32-32-random-2,50,1,30.0,solved,0.041964,0.023,1176,47,1176,1174,47,1.001704,0,,/home/carsten/Projects/MAPF/MAPF Evaluator/results/tlcpp-empty32/runs/lg_lacam_fork_lg/empty-32-32/empty-32-32-random-2_a50_s1_r0,1176,0.023,"{""agents"": ""50"", ""comp_time"": ""23"", ""makespan"": ""47"", ""makespan_lb"": ""47"", ""map_file"": ""empty-32-32.map"", ""seed"": ""1"", ""soc"": ""1176"", ""soc_lb"": ""1174"", ""solved"": ""1"", ""solver"": ""planner"", ""sum_of_loss"": ""1176"", ""sum_of_loss_lb"": ""1174""}"
lg_lacam_fork:lg_tl,LG-LaCAM (window 20) + traffic load,empty-32-32,empty-32-32-random-2,50,0,30.0,solved,0.057411,0.032,1175,47,1175,1174,47,1.000852,0,,/home/carsten/Projects/MAPF/MAPF Evaluator/results/tlcpp-empty32/runs/lg_lacam_fork_lg_tl/empty-32-32/empty-32-32-random-2_a50_s0_r0,1175,0.032,"{""agents"": ""50"", ""comp_time"": ""32"", ""makespan"": ""47"", ""makespan_lb"": ""47"", ""map_file"": ""empty-32-32.map"", ""seed"": ""0"", ""soc"": ""1175"", ""soc_lb"": ""1174"", ""solved"": ""1"", ""solver"": ""planner"", ""sum_of_loss"": ""1175"", ""sum_of_loss_lb"": ""1174""}"
lg_lacam_fork:lg_tl,LG-LaCAM (window 20) + traffic load,empty-32-32,empty-32-32-random-2,50,1,30.0,solved,0.037764,0.017,1176,47,1176,1174,47,1.001704,0,,/home/carsten/Projects/MAPF/MAPF Evaluator/results/tlcpp-empty32/runs/lg_lacam_fork_lg_tl/empty-32-32/empty-32-32-random-2_a50_s1_r0,1176,0.017,"{""agents"": ""50"", ""comp_time"": ""17"", ""makespan"": ""47"", ""makespan_lb"": ""47"", ""map_file"": ""empty-32-32.map"", ""seed"": ""1"", ""soc"": ""1176"", ""soc_lb"": ""1174"", ""solved"": ""1"", ""solver"": ""planner"", ""sum_of_loss"": ""1176"", ""sum_of_loss_lb"": ""1174""}"
lg_lacam_fork:lg_tl,LG-LaCAM (window 20) + traffic load,empty-32-32,empty-32-32-random-2,50,2,30.0,solved,0.077451,0.033,1177,47,1177,1174,47,1.002555,0,,/home/carsten/Projects/MAPF/MAPF Evaluator/results/tlcpp-empty32/runs/lg_lacam_fork_lg_tl/empty-32-32/empty-32-32-random-2_a50_s2_r0,1177,0.033,"{""agents"": ""50"", ""comp_time"": ""33"", ""makespan"": ""47"", ""makespan_lb"": ""47"", ""map_file"": ""empty-32-32.map"", ""seed"": ""2"", ""soc"": ""1177"", ""soc_lb"": ""1174"", ""solved"": ""1"", ""solver"": ""planner"", ""sum_of_loss"": ""1177"", ""sum_of_loss_lb"": ""1174""}"
lg_lacam_fork:lg_suo,LG-LaCAM (window 20) + SUO,empty-32-32,empty-32-32-random-2,50,0,30.0,solved,0.125789,0.056,1176,47,1176,1174,47,1.001704,0,,/home/carsten/Projects/MAPF/MAPF Evaluator/results/tlcpp-empty32/runs/lg_lacam_fork_lg_suo/empty-32-32/empty-32-32-random-2_a50_s0_r0,1176,0.056,"{""agents"": ""50"", ""comp_time"": ""56"", ""makespan"": ""47"", ""makespan_lb"": ""47"", ""map_file"": ""empty-32-32.map"", ""seed"": ""0"", ""soc"": ""1176"", ""soc_lb"": ""1174"", ""solved"": ""1"", ""solver"": ""planner"", ""sum_of_loss"": ""1176"", ""sum_of_loss_lb"": ""1174""}"
lg_lacam_fork:lg_suo_tl,LG-LaCAM (window 20) + SUO + traffic load,empty-32-32,empty-32-32-random-2,50,0,30.0,solved,0.07795,0.027,1176,47,1176,1174,47,1.001704,0,,/home/carsten/Projects/MAPF/MAPF Evaluator/results/tlcpp-empty32/runs/lg_lacam_fork_lg_suo_tl/empty-32-32/empty-32-32-random-2_a50_s0_r0,1176,0.027,"{""agents"": ""50"", ""comp_time"": ""27"", ""makespan"": ""47"", ""makespan_lb"": ""47"", ""map_file"": ""empty-32-32.map"", ""seed"": ""0"", ""soc"": ""1176"", ""soc_lb"": ""1174"", ""solved"": ""1"", ""solver"": ""planner"", ""sum_of_loss"": ""1176"", ""sum_of_loss_lb"": ""1174""}"
lg_lacam_fork:lg_suo,LG-LaCAM (window 20) + SUO,empty-32-32,empty-32-32-random-2,50,1,30.0,solved,0.085823,0.031,1177,47,1177,1174,47,1.002555,0,,/home/carsten/Projects/MAPF/MAPF Evaluator/results/tlcpp-empty32/runs/lg_lacam_fork_lg_suo/empty-32-32/empty-32-32-random-2_a50_s1_r0,1177,0.031,"{""agents"": ""50"", ""comp_time"": ""31"", ""makespan"": ""47"", ""makespan_lb"": ""47"", ""map_file"": ""empty-32-32.map"", ""seed"": ""1"", ""soc"": ""1177"", ""soc_lb"": ""1174"", ""solved"": ""1"", ""solver"": ""planner"", ""sum_of_loss"": ""1177"", ""sum_of_loss_lb"": ""1174""}"
lg_lacam_fork:lg_suo_tl,LG-LaCAM (window 20) + SUO + traffic load,empty-32-32,empty-32-32-random-2,50,1,30.0,solved,0.077563,0.018,1177,47,1177,1174,47,1.002555,0,,/home/carsten/Projects/MAPF/MAPF Evaluator/results/tlcpp-empty32/runs/lg_lacam_fork_lg_suo_tl/empty-32-32/empty-32-32-random-2_a50_s1_r0,1177,0.018,"{""agents"": ""50"", ""comp_time"": ""18"", ""makespan"": ""47"", ""makespan_lb"": ""47"", ""map_file"": ""empty-32-32.map"", ""seed"": ""1"", ""soc"": ""1177"", ""soc_lb"": ""1174"", ""solved"": ""1"", ""solver"": ""planner"", ""sum_of_loss"": ""1177"", ""sum_of_loss_lb"": ""1174""}"
lg_lacam_fork:lg_suo,LG-LaCAM (window 20) + SUO,empty-32-32,empty-32-32-random-2,50,2,30.0,solved,0.099139,0.035,1175,47,1175,1174,47,1.000852,0,,/home/carsten/Projects/MAPF/MAPF Evaluator/results/tlcpp-empty32/runs/lg_lacam_fork_lg_suo/empty-32-32/empty-32-32-random-2_a50_s2_r0,1175,0.035,"{""agents"": ""50"", ""comp_time"": ""35"", ""makespan"": ""47"", ""makespan_lb"": ""47"", ""map_file"": ""empty-32-32.map"", ""seed"": ""2"", ""soc"": ""1175"", ""soc_lb"": ""1174"", ""solved"": ""1"", ""solver"": ""planner"", ""sum_of_loss"": ""1175"", ""sum_of_loss_lb"": ""1174""}"
lg_lacam_fork:lg_suo_tl,LG-LaCAM (window 20) + SUO + traffic load,empty-32-32,empty-32-32-random-2,50,2,30.0,solved,0.133517,0.067,1175,47,1175,1174,47,1.000852,0,,/home/carsten/Projects/MAPF/MAPF Evaluator/results/tlcpp-empty32/runs/lg_lacam_fork_lg_suo_tl/empty-32-32/empty-32-32-random-2_a50_s2_r0,1175,0.067,"{""agents"": ""50"", ""comp_time"": ""67"", ""makespan"": ""47"", ""makespan_lb"": ""47"", ""map_file"": ""empty-32-32.map"", ""seed"": ""2"", ""soc"": ""1175"", ""soc_lb"": ""1174"", ""solved"": ""1"", ""solver"": ""planner"", ""sum_of_loss"": ""1175"", ""sum_of_loss_lb"": ""1174""}"
lg_lacam_fork:lacam,"LaCAM (no guidance, first solution)",empty-32-32,empty-32-32-random-2,100,0,30.0,solved,0.031329,0.011,2772,47,2416,2207,47,1.256004,0,,/home/carsten/Projects/MAPF/MAPF Evaluator/results/tlcpp-empty32/runs/lg_lacam_fork_lacam/empty-32-32/empty-32-32-random-2_a100_s0_r0,2772,0.011,"{""agents"": ""100"", ""comp_time"": ""11"", ""makespan"": ""47"", ""makespan_lb"": ""47"", ""map_file"": ""empty-32-32.map"", ""seed"": ""0"", ""soc"": ""2772"", ""soc_lb"": ""2207"", ""solved"": ""1"", ""solver"": ""planner"", ""sum_of_loss"": ""2470"", ""sum_of_loss_lb"": ""2207""}"
lg_lacam_fork:lacam,"LaCAM (no guidance, first solution)",empty-32-32,empty-32-32-random-2,100,2,30.0,solved,0.07535,0.008,2781,47,2380,2207,47,1.260082,0,,/home/carsten/Projects/MAPF/MAPF Evaluator/results/tlcpp-empty32/runs/lg_lacam_fork_lacam/empty-32-32/empty-32-32-random-2_a100_s2_r0,2781,0.008,"{""agents"": ""100"", ""comp_time"": ""8"", ""makespan"": ""47"", ""makespan_lb"": ""47"", ""map_file"": ""empty-32-32.map"", ""seed"": ""2"", ""soc"": ""2781"", ""soc_lb"": ""2207"", ""solved"": ""1"", ""solver"": ""planner"", ""sum_of_loss"": ""2434"", ""sum_of_loss_lb"": ""2207""}"
lg_lacam_fork:lacam,"LaCAM (no guidance, first solution)",empty-32-32,empty-32-32-random-2,100,1,30.0,solved,0.22085,0.073,2725,51,2405,2207,47,1.234708,0,,/home/carsten/Projects/MAPF/MAPF Evaluator/results/tlcpp-empty32/runs/lg_lacam_fork_lacam/empty-32-32/empty-32-32-random-2_a100_s1_r0,2725,0.073,"{""agents"": ""100"", ""comp_time"": ""73"", ""makespan"": ""51"", ""makespan_lb"": ""47"", ""map_file"": ""empty-32-32.map"", ""seed"": ""1"", ""soc"": ""2725"", ""soc_lb"": ""2207"", ""solved"": ""1"", ""solver"": ""planner"", ""sum_of_loss"": ""2452"", ""sum_of_loss_lb"": ""2207""}"
lg_lacam_fork:tl,"LaCAM + traffic load (tie-break, per config)",empty-32-32,empty-32-32-random-2,100,1,30.0,solved,0.041891,0.021,2692,47,2312,2207,47,1.219755,0,,/home/carsten/Projects/MAPF/MAPF Evaluator/results/tlcpp-empty32/runs/lg_lacam_fork_tl/empty-32-32/empty-32-32-random-2_a100_s1_r0,2692,0.021,"{""agents"": ""100"", ""comp_time"": ""21"", ""makespan"": ""47"", ""makespan_lb"": ""47"", ""map_file"": ""empty-32-32.map"", ""seed"": ""1"", ""soc"": ""2692"", ""soc_lb"": ""2207"", ""solved"": ""1"", ""solver"": ""planner"", ""sum_of_loss"": ""2359"", ""sum_of_loss_lb"": ""2207""}"
lg_lacam_fork:tl,"LaCAM + traffic load (tie-break, per config)",empty-32-32,empty-32-32-random-2,100,0,30.0,solved,0.038766,0.02,2670,47,2310,2207,47,1.209787,0,,/home/carsten/Projects/MAPF/MAPF Evaluator/results/tlcpp-empty32/runs/lg_lacam_fork_tl/empty-32-32/empty-32-32-random-2_a100_s0_r0,2670,0.02,"{""agents"": ""100"", ""comp_time"": ""20"", ""makespan"": ""47"", ""makespan_lb"": ""47"", ""map_file"": ""empty-32-32.map"", ""seed"": ""0"", ""soc"": ""2670"", ""soc_lb"": ""2207"", ""solved"": ""1"", ""solver"": ""planner"", ""sum_of_loss"": ""2355"", ""sum_of_loss_lb"": ""2207""}"
lg_lacam_fork:tl_agent,"LaCAM + traffic load (tie-break, per agent)",empty-32-32,empty-32-32-random-2,100,0,30.0,solved,0.065166,0.026,2695,47,2306,2207,47,1.221115,0,,/home/carsten/Projects/MAPF/MAPF Evaluator/results/tlcpp-empty32/runs/lg_lacam_fork_tl_agent/empty-32-32/empty-32-32-random-2_a100_s0_r0,2695,0.026,"{""agents"": ""100"", ""comp_time"": ""26"", ""makespan"": ""47"", ""makespan_lb"": ""47"", ""map_file"": ""empty-32-32.map"", ""seed"": ""0"", ""soc"": ""2695"", ""soc_lb"": ""2207"", ""solved"": ""1"", ""solver"": ""planner"", ""sum_of_loss"": ""2355"", ""sum_of_loss_lb"": ""2207""}"
lg_lacam_fork:tl,"LaCAM + traffic load (tie-break, per config)",empty-32-32,empty-32-32-random-2,100,2,30.0,solved,0.148485,0.045,2663,47,2312,2207,47,1.206615,0,,/home/carsten/Projects/MAPF/MAPF Evaluator/results/tlcpp-empty32/runs/lg_lacam_fork_tl/empty-32-32/empty-32-32-random-2_a100_s2_r0,2663,0.045,"{""agents"": ""100"", ""comp_time"": ""45"", ""makespan"": ""47"", ""makespan_lb"": ""47"", ""map_file"": ""empty-32-32.map"", ""seed"": ""2"", ""soc"": ""2663"", ""soc_lb"": ""2207"", ""solved"": ""1"", ""solver"": ""planner"", ""sum_of_loss"": ""2358"", ""sum_of_loss_lb"": ""2207""}"
lg_lacam_fork:tl_agent,"LaCAM + traffic load (tie-break, per agent)",empty-32-32,empty-32-32-random-2,100,2,30.0,solved,0.119499,0.057,2662,47,2303,2207,47,1.206162,0,,/home/carsten/Projects/MAPF/MAPF Evaluator/results/tlcpp-empty32/runs/lg_lacam_fork_tl_agent/empty-32-32/empty-32-32-random-2_a100_s2_r0,2662,0.057,"{""agents"": ""100"", ""comp_time"": ""57"", ""makespan"": ""47"", ""makespan_lb"": ""47"", ""map_file"": ""empty-32-32.map"", ""seed"": ""2"", ""soc"": ""2662"", ""soc_lb"": ""2207"", ""solved"": ""1"", ""solver"": ""planner"", ""sum_of_loss"": ""2348"", ""sum_of_loss_lb"": ""2207""}"
lg_lacam_fork:tl_agent,"LaCAM + traffic load (tie-break, per agent)",empty-32-32,empty-32-32-random-2,100,1,30.0,solved,0.233757,0.109,2666,47,2307,2207,47,1.207975,0,,/home/carsten/Projects/MAPF/MAPF Evaluator/results/tlcpp-empty32/runs/lg_lacam_fork_tl_agent/empty-32-32/empty-32-32-random-2_a100_s1_r0,2666,0.109,"{""agents"": ""100"", ""comp_time"": ""109"", ""makespan"": ""47"", ""makespan_lb"": ""47"", ""map_file"": ""empty-32-32.map"", ""seed"": ""1"", ""soc"": ""2666"", ""soc_lb"": ""2207"", ""solved"": ""1"", ""solver"": ""planner"", ""sum_of_loss"": ""2350"", ""sum_of_loss_lb"": ""2207""}"
lg_lacam_fork:tl_static,LaCAM + traffic load (static map from starts),empty-32-32,empty-32-32-random-2,100,1,30.0,solved,0.169232,0.022,2881,54,2484,2207,47,1.305392,0,,/home/carsten/Projects/MAPF/MAPF Evaluator/results/tlcpp-empty32/runs/lg_lacam_fork_tl_static/empty-32-32/empty-32-32-random-2_a100_s1_r0,2881,0.022,"{""agents"": ""100"", ""comp_time"": ""22"", ""makespan"": ""54"", ""makespan_lb"": ""47"", ""map_file"": ""empty-32-32.map"", ""seed"": ""1"", ""soc"": ""2881"", ""soc_lb"": ""2207"", ""solved"": ""1"", ""solver"": ""planner"", ""sum_of_loss"": ""2554"", ""sum_of_loss_lb"": ""2207""}"
lg_lacam_fork:tl_static,LaCAM + traffic load (static map from starts),empty-32-32,empty-32-32-random-2,100,0,30.0,solved,0.159908,0.067,2881,54,2484,2207,47,1.305392,0,,/home/carsten/Projects/MAPF/MAPF Evaluator/results/tlcpp-empty32/runs/lg_lacam_fork_tl_static/empty-32-32/empty-32-32-random-2_a100_s0_r0,2881,0.067,"{""agents"": ""100"", ""comp_time"": ""67"", ""makespan"": ""54"", ""makespan_lb"": ""47"", ""map_file"": ""empty-32-32.map"", ""seed"": ""0"", ""soc"": ""2881"", ""soc_lb"": ""2207"", ""solved"": ""1"", ""solver"": ""planner"", ""sum_of_loss"": ""2554"", ""sum_of_loss_lb"": ""2207""}"
lg_lacam_fork:suo,LaCAM3 = SUO (first solution),empty-32-32,empty-32-32-random-2,100,0,30.0,solved,0.084516,0.038,2255,47,2255,2207,47,1.021749,0,,/home/carsten/Projects/MAPF/MAPF Evaluator/results/tlcpp-empty32/runs/lg_lacam_fork_suo/empty-32-32/empty-32-32-random-2_a100_s0_r0,2255,0.038,"{""agents"": ""100"", ""comp_time"": ""38"", ""makespan"": ""47"", ""makespan_lb"": ""47"", ""map_file"": ""empty-32-32.map"", ""seed"": ""0"", ""soc"": ""2255"", ""soc_lb"": ""2207"", ""solved"": ""1"", ""solver"": ""planner"", ""sum_of_loss"": ""2255"", ""sum_of_loss_lb"": ""2207""}"
lg_lacam_fork:suo,LaCAM3 = SUO (first solution),empty-32-32,empty-32-32-random-2,100,2,30.0,solved,0.142165,0.048,2262,47,2262,2207,47,1.024921,0,,/home/carsten/Projects/MAPF/MAPF Evaluator/results/tlcpp-empty32/runs/lg_lacam_fork_suo/empty-32-32/empty-32-32-random-2_a100_s2_r0,2262,0.048,"{""agents"": ""100"", ""comp_time"": ""48"", ""makespan"": ""47"", ""makespan_lb"": ""47"", ""map_file"": ""empty-32-32.map"", ""seed"": ""2"", ""soc"": ""2262"", ""soc_lb"": ""2207"", ""solved"": ""1"", ""solver"": ""planner"", ""sum_of_loss"": ""2262"", ""sum_of_loss_lb"": ""2207""}"
lg_lacam_fork:tl_static,LaCAM + traffic load (static map from starts),empty-32-32,empty-32-32-random-2,100,2,30.0,solved,0.273136,0.084,2881,54,2484,2207,47,1.305392,0,,/home/carsten/Projects/MAPF/MAPF Evaluator/results/tlcpp-empty32/runs/lg_lacam_fork_tl_static/empty-32-32/empty-32-32-random-2_a100_s2_r0,2881,0.084,"{""agents"": ""100"", ""comp_time"": ""84"", ""makespan"": ""54"", ""makespan_lb"": ""47"", ""map_file"": ""empty-32-32.map"", ""seed"": ""2"", ""soc"": ""2881"", ""soc_lb"": ""2207"", ""solved"": ""1"", ""solver"": ""planner"", ""sum_of_loss"": ""2554"", ""sum_of_loss_lb"": ""2207""}"
lg_lacam_fork:suo,LaCAM3 = SUO (first solution),empty-32-32,empty-32-32-random-2,100,1,30.0,solved,0.15603,0.082,2265,47,2260,2207,47,1.02628,0,,/home/carsten/Projects/MAPF/MAPF Evaluator/results/tlcpp-empty32/runs/lg_lacam_fork_suo/empty-32-32/empty-32-32-random-2_a100_s1_r0,2265,0.082,"{""agents"": ""100"", ""comp_time"": ""82"", ""makespan"": ""47"", ""makespan_lb"": ""47"", ""map_file"": ""empty-32-32.map"", ""seed"": ""1"", ""soc"": ""2265"", ""soc_lb"": ""2207"", ""solved"": ""1"", ""solver"": ""planner"", ""sum_of_loss"": ""2261"", ""sum_of_loss_lb"": ""2207""}"
lg_lacam_fork:suo_tl,SUO + traffic load,empty-32-32,empty-32-32-random-2,100,0,30.0,solved,0.09037,0.022,2255,47,2255,2207,47,1.021749,0,,/home/carsten/Projects/MAPF/MAPF Evaluator/results/tlcpp-empty32/runs/lg_lacam_fork_suo_tl/empty-32-32/empty-32-32-random-2_a100_s0_r0,2255,0.022,"{""agents"": ""100"", ""comp_time"": ""22"", ""makespan"": ""47"", ""makespan_lb"": ""47"", ""map_file"": ""empty-32-32.map"", ""seed"": ""0"", ""soc"": ""2255"", ""soc_lb"": ""2207"", ""solved"": ""1"", ""solver"": ""planner"", ""sum_of_loss"": ""2255"", ""sum_of_loss_lb"": ""2207""}"
lg_lacam_fork:suo_tl,SUO + traffic load,empty-32-32,empty-32-32-random-2,100,1,30.0,solved,0.162568,0.098,2262,47,2257,2207,47,1.024921,0,,/home/carsten/Projects/MAPF/MAPF Evaluator/results/tlcpp-empty32/runs/lg_lacam_fork_suo_tl/empty-32-32/empty-32-32-random-2_a100_s1_r0,2262,0.098,"{""agents"": ""100"", ""comp_time"": ""98"", ""makespan"": ""47"", ""makespan_lb"": ""47"", ""map_file"": ""empty-32-32.map"", ""seed"": ""1"", ""soc"": ""2262"", ""soc_lb"": ""2207"", ""solved"": ""1"", ""solver"": ""planner"", ""sum_of_loss"": ""2258"", ""sum_of_loss_lb"": ""2207""}"
lg_lacam_fork:suo_tl,SUO + traffic load,empty-32-32,empty-32-32-random-2,100,2,30.0,solved,0.138003,0.056,2259,47,2259,2207,47,1.023561,0,,/home/carsten/Projects/MAPF/MAPF Evaluator/results/tlcpp-empty32/runs/lg_lacam_fork_suo_tl/empty-32-32/empty-32-32-random-2_a100_s2_r0,2259,0.056,"{""agents"": ""100"", ""comp_time"": ""56"", ""makespan"": ""47"", ""makespan_lb"": ""47"", ""map_file"": ""empty-32-32.map"", ""seed"": ""2"", ""soc"": ""2259"", ""soc_lb"": ""2207"", ""solved"": ""1"", ""solver"": ""planner"", ""sum_of_loss"": ""2259"", ""sum_of_loss_lb"": ""2207""}"
lg_lacam_fork:lg,"LG-LaCAM (window 20, first solution)",empty-32-32,empty-32-32-random-2,100,0,30.0,solved,0.108626,0.087,2259,47,2240,2207,47,1.023561,0,,/home/carsten/Projects/MAPF/MAPF Evaluator/results/tlcpp-empty32/runs/lg_lacam_fork_lg/empty-32-32/empty-32-32-random-2_a100_s0_r0,2259,0.087,"{""agents"": ""100"", ""comp_time"": ""87"", ""makespan"": ""47"", ""makespan_lb"": ""47"", ""map_file"": ""empty-32-32.map"", ""seed"": ""0"", ""soc"": ""2259"", ""soc_lb"": ""2207"", ""solved"": ""1"", ""solver"": ""planner"", ""sum_of_loss"": ""2241"", ""sum_of_loss_lb"": ""2207""}"
lg_lacam_fork:lg,"LG-LaCAM (window 20, first solution)",empty-32-32,empty-32-32-random-2,100,1,30.0,solved,0.112849,0.035,2230,47,2230,2207,47,1.010421,0,,/home/carsten/Projects/MAPF/MAPF Evaluator/results/tlcpp-empty32/runs/lg_lacam_fork_lg/empty-32-32/empty-32-32-random-2_a100_s1_r0,2230,0.035,"{""agents"": ""100"", ""comp_time"": ""35"", ""makespan"": ""47"", ""makespan_lb"": ""47"", ""map_file"": ""empty-32-32.map"", ""seed"": ""1"", ""soc"": ""2230"", ""soc_lb"": ""2207"", ""solved"": ""1"", ""solver"": ""planner"", ""sum_of_loss"": ""2230"", ""sum_of_loss_lb"": ""2207""}"
lg_lacam_fork:lg,"LG-LaCAM (window 20, first solution)",empty-32-32,empty-32-32-random-2,100,2,30.0,solved,0.100397,0.059,2263,47,2244,2207,47,1.025374,0,,/home/carsten/Projects/MAPF/MAPF Evaluator/results/tlcpp-empty32/runs/lg_lacam_fork_lg/empty-32-32/empty-32-32-random-2_a100_s2_r0,2263,0.059,"{""agents"": ""100"", ""comp_time"": ""59"", ""makespan"": ""47"", ""makespan_lb"": ""47"", ""map_file"": ""empty-32-32.map"", ""seed"": ""2"", ""soc"": ""2263"", ""soc_lb"": ""2207"", ""solved"": ""1"", ""solver"": ""planner"", ""sum_of_loss"": ""2245"", ""sum_of_loss_lb"": ""2207""}"
lg_lacam_fork:lg_tl,LG-LaCAM (window 20) + traffic load,empty-32-32,empty-32-32-random-2,100,1,30.0,solved,0.101413,0.076,2228,47,2228,2207,47,1.009515,0,,/home/carsten/Projects/MAPF/MAPF Evaluator/results/tlcpp-empty32/runs/lg_lacam_fork_lg_tl/empty-32-32/empty-32-32-random-2_a100_s1_r0,2228,0.076,"{""agents"": ""100"", ""comp_time"": ""76"", ""makespan"": ""47"", ""makespan_lb"": ""47"", ""map_file"": ""empty-32-32.map"", ""seed"": ""1"", ""soc"": ""2228"", ""soc_lb"": ""2207"", ""solved"": ""1"", ""solver"": ""planner"", ""sum_of_loss"": ""2228"", ""sum_of_loss_lb"": ""2207""}"
lg_lacam_fork:lg_tl,LG-LaCAM (window 20) + traffic load,empty-32-32,empty-32-32-random-2,100,0,30.0,solved,0.158898,0.097,2257,47,2238,2207,47,1.022655,0,,/home/carsten/Projects/MAPF/MAPF Evaluator/results/tlcpp-empty32/runs/lg_lacam_fork_lg_tl/empty-32-32/empty-32-32-random-2_a100_s0_r0,2257,0.097,"{""agents"": ""100"", ""comp_time"": ""97"", ""makespan"": ""47"", ""makespan_lb"": ""47"", ""map_file"": ""empty-32-32.map"", ""seed"": ""0"", ""soc"": ""2257"", ""soc_lb"": ""2207"", ""solved"": ""1"", ""solver"": ""planner"", ""sum_of_loss"": ""2239"", ""sum_of_loss_lb"": ""2207""}"
lg_lacam_fork:lg_tl,LG-LaCAM (window 20) + traffic load,empty-32-32,empty-32-32-random-2,100,2,30.0,solved,0.153723,0.113,2261,47,2242,2207,47,1.024468,0,,/home/carsten/Projects/MAPF/MAPF Evaluator/results/tlcpp-empty32/runs/lg_lacam_fork_lg_tl/empty-32-32/empty-32-32-random-2_a100_s2_r0,2261,0.113,"{""agents"": ""100"", ""comp_time"": ""113"", ""makespan"": ""47"", ""makespan_lb"": ""47"", ""map_file"": ""empty-32-32.map"", ""seed"": ""2"", ""soc"": ""2261"", ""soc_lb"": ""2207"", ""solved"": ""1"", ""solver"": ""planner"", ""sum_of_loss"": ""2243"", ""sum_of_loss_lb"": ""2207""}"
lg_lacam_fork:lg_suo,LG-LaCAM (window 20) + SUO,empty-32-32,empty-32-32-random-2,100,0,30.0,solved,0.225613,0.125,2235,47,2235,2207,47,1.012687,0,,/home/carsten/Projects/MAPF/MAPF Evaluator/results/tlcpp-empty32/runs/lg_lacam_fork_lg_suo/empty-32-32/empty-32-32-random-2_a100_s0_r0,2235,0.125,"{""agents"": ""100"", ""comp_time"": ""125"", ""makespan"": ""47"", ""makespan_lb"": ""47"", ""map_file"": ""empty-32-32.map"", ""seed"": ""0"", ""soc"": ""2235"", ""soc_lb"": ""2207"", ""solved"": ""1"", ""solver"": ""planner"", ""sum_of_loss"": ""2235"", ""sum_of_loss_lb"": ""2207""}"
lg_lacam_fork:lg_suo,LG-LaCAM (window 20) + SUO,empty-32-32,empty-32-32-random-2,100,1,30.0,solved,0.105138,0.071,2232,47,2232,2207,47,1.011328,0,,/home/carsten/Projects/MAPF/MAPF Evaluator/results/tlcpp-empty32/runs/lg_lacam_fork_lg_suo/empty-32-32/empty-32-32-random-2_a100_s1_r0,2232,0.071,"{""agents"": ""100"", ""comp_time"": ""71"", ""makespan"": ""47"", ""makespan_lb"": ""47"", ""map_file"": ""empty-32-32.map"", ""seed"": ""1"", ""soc"": ""2232"", ""soc_lb"": ""2207"", ""solved"": ""1"", ""solver"": ""planner"", ""sum_of_loss"": ""2232"", ""sum_of_loss_lb"": ""2207""}"
lg_lacam_fork:lg_suo,LG-LaCAM (window 20) + SUO,empty-32-32,empty-32-32-random-2,100,2,30.0,solved,0.075288,0.047,2236,47,2227,2207,47,1.01314,0,,/home/carsten/Projects/MAPF/MAPF Evaluator/results/tlcpp-empty32/runs/lg_lacam_fork_lg_suo/empty-32-32/empty-32-32-random-2_a100_s2_r0,2236,0.047,"{""agents"": ""100"", ""comp_time"": ""47"", ""makespan"": ""47"", ""makespan_lb"": ""47"", ""map_file"": ""empty-32-32.map"", ""seed"": ""2"", ""soc"": ""2236"", ""soc_lb"": ""2207"", ""solved"": ""1"", ""solver"": ""planner"", ""sum_of_loss"": ""2228"", ""sum_of_loss_lb"": ""2207""}"
lg_lacam_fork:lg_suo_tl,LG-LaCAM (window 20) + SUO + traffic load,empty-32-32,empty-32-32-random-2,100,0,30.0,solved,0.094202,0.058,2235,47,2235,2207,47,1.012687,0,,/home/carsten/Projects/MAPF/MAPF Evaluator/results/tlcpp-empty32/runs/lg_lacam_fork_lg_suo_tl/empty-32-32/empty-32-32-random-2_a100_s0_r0,2235,0.058,"{""agents"": ""100"", ""comp_time"": ""58"", ""makespan"": ""47"", ""makespan_lb"": ""47"", ""map_file"": ""empty-32-32.map"", ""seed"": ""0"", ""soc"": ""2235"", ""soc_lb"": ""2207"", ""solved"": ""1"", ""solver"": ""planner"", ""sum_of_loss"": ""2235"", ""sum_of_loss_lb"": ""2207""}"
lg_lacam_fork:lg_suo_tl,LG-LaCAM (window 20) + SUO + traffic load,empty-32-32,empty-32-32-random-2,100,2,30.0,solved,0.054295,0.027,2236,47,2227,2207,47,1.01314,0,,/home/carsten/Projects/MAPF/MAPF Evaluator/results/tlcpp-empty32/runs/lg_lacam_fork_lg_suo_tl/empty-32-32/empty-32-32-random-2_a100_s2_r0,2236,0.027,"{""agents"": ""100"", ""comp_time"": ""27"", ""makespan"": ""47"", ""makespan_lb"": ""47"", ""map_file"": ""empty-32-32.map"", ""seed"": ""2"", ""soc"": ""2236"", ""soc_lb"": ""2207"", ""solved"": ""1"", ""solver"": ""planner"", ""sum_of_loss"": ""2228"", ""sum_of_loss_lb"": ""2207""}"
lg_lacam_fork:lg_suo_tl,LG-LaCAM (window 20) + SUO + traffic load,empty-32-32,empty-32-32-random-2,100,1,30.0,solved,0.148981,0.121,2232,47,2232,2207,47,1.011328,0,,/home/carsten/Projects/MAPF/MAPF Evaluator/results/tlcpp-empty32/runs/lg_lacam_fork_lg_suo_tl/empty-32-32/empty-32-32-random-2_a100_s1_r0,2232,0.121,"{""agents"": ""100"", ""comp_time"": ""121"", ""makespan"": ""47"", ""makespan_lb"": ""47"", ""map_file"": ""empty-32-32.map"", ""seed"": ""1"", ""soc"": ""2232"", ""soc_lb"": ""2207"", ""solved"": ""1"", ""solver"": ""planner"", ""sum_of_loss"": ""2232"", ""sum_of_loss_lb"": ""2207""}"
lg_lacam_fork:lacam,"LaCAM (no guidance, first solution)",empty-32-32,empty-32-32-random-2,150,0,30.0,solved,0.044638,0.014,4450,49,3874,3350,49,1.328358,0,,/home/carsten/Projects/MAPF/MAPF Evaluator/results/tlcpp-empty32/runs/lg_lacam_fork_lacam/empty-32-32/empty-32-32-random-2_a150_s0_r0,4450,0.014,"{""agents"": ""150"", ""comp_time"": ""14"", ""makespan"": ""49"", ""makespan_lb"": ""49"", ""map_file"": ""empty-32-32.map"", ""seed"": ""0"", ""soc"": ""4450"", ""soc_lb"": ""3350"", ""solved"": ""1"", ""solver"": ""planner"", ""sum_of_loss"": ""3984"", ""sum_of_loss_lb"": ""3350""}"
lg_lacam_fork:lacam,"LaCAM (no guidance, first solution)",empty-32-32,empty-32-32-random-2,150,1,30.0,solved,0.069681,0.008,4553,49,3864,3350,49,1.359104,0,,/home/carsten/Projects/MAPF/MAPF Evaluator/results/tlcpp-empty32/runs/lg_lacam_fork_lacam/empty-32-32/empty-32-32-random-2_a150_s1_r0,4553,0.008,"{""agents"": ""150"", ""comp_time"": ""8"", ""makespan"": ""49"", ""makespan_lb"": ""49"", ""map_file"": ""empty-32-32.map"", ""seed"": ""1"", ""soc"": ""4553"", ""soc_lb"": ""3350"", ""solved"": ""1"", ""solver"": ""planner"", ""sum_of_loss"": ""3993"", ""sum_of_loss_lb"": ""3350""}"
lg_lacam_fork:tl,"LaCAM + traffic load (tie-break, per config)",empty-32-32,empty-32-32-random-2,150,0,30.0,solved,0.18669,0.115,4323,49,3649,3350,49,1.290448,0,,/home/carsten/Projects/MAPF/MAPF Evaluator/results/tlcpp-empty32/runs/lg_lacam_fork_tl/empty-32-32/empty-32-32-random-2_a150_s0_r0,4323,0.115,"{""agents"": ""150"", ""comp_time"": ""115"", ""makespan"": ""49"", ""makespan_lb"": ""49"", ""map_file"": ""empty-32-32.map"", ""seed"": ""0"", ""soc"": ""4323"", ""soc_lb"": ""3350"", ""solved"": ""1"", ""solver"": ""planner"", ""sum_of_loss"": ""3752"", ""sum_of_loss_lb"": ""3350""}"
lg_lacam_fork:lacam,"LaCAM (no guidance, first solution)",empty-32-32,empty-32-32-random-2,150,2,30.0,solved,0.105851,0.035,4552,51,3896,3350,49,1.358806,0,,/home/carsten/Projects/MAPF/MAPF Evaluator/results/tlcpp-empty32/runs/lg_lacam_fork_lacam/empty-32-32/empty-32-32-random-2_a150_s2_r0,4552,0.035,"{""agents"": ""150"", ""comp_time"": ""35"", ""makespan"": ""51"", ""makespan_lb"": ""49"", ""map_file"": ""empty-32-32.map"", ""seed"": ""2"", ""soc"": ""4552"", ""soc_lb"": ""3350"", ""solved"": ""1"", ""solver"": ""planner"", ""sum_of_loss"": ""4024"", ""sum_of_loss_lb"": ""3350""}"
lg_lacam_fork:tl,"LaCAM + traffic load (tie-break, per config)",empty-32-32,empty-32-32-random-2,150,2,30.0,solved,0.098825,0.043,4259,49,3669,3350,49,1.271343,0,,/home/carsten/Projects/MAPF/MAPF Evaluator/results/tlcpp-empty32/runs/lg_lacam_fork_tl/empty-32-32/empty-32-32-random-2_a150_s2_r0,4259,0.043,"{""agents"": ""150"", ""comp_time"": ""43"", ""makespan"": ""49"", ""makespan_lb"": ""49"", ""map_file"": ""empty-32-32.map"", ""seed"": ""2"", ""soc"": ""4259"", ""soc_lb"": ""3350"", ""solved"": ""1"", ""solver"": ""planner"", ""sum_of_loss"": ""3769"", ""sum_of_loss_lb"": ""3350""}"
lg_lacam_fork:tl,"LaCAM + traffic load (tie-break, per config)",empty-32-32,empty-32-32-random-2,150,1,30.0,solved,0.100879,0.055,4292,49,3634,3350,49,1.281194,0,,/home/carsten/Projects/MAPF/MAPF Evaluator/results/tlcpp-empty32/runs/lg_lacam_fork_tl/empty-32-32/empty-32-32-random-2_a150_s1_r0,4292,0.055,"{""agents"": ""150"", ""comp_time"": ""55"", ""makespan"": ""49"", ""makespan_lb"": ""49"", ""map_file"": ""empty-32-32.map"", ""seed"": ""1"", ""soc"": ""4292"", ""soc_lb"": ""3350"", ""solved"": ""1"", ""solver"": ""planner"", ""sum_of_loss"": ""3736"", ""sum_of_loss_lb"": ""3350""}"
lg_lacam_fork:tl_agent,"LaCAM + traffic load (tie-break, per agent)",empty-32-32,empty-32-32-random-2,150,1,30.0,solved,0.268752,0.123,4297,49,3627,3350,49,1.282687,0,,/home/carsten/Projects/MAPF/MAPF Evaluator/results/tlcpp-empty32/runs/lg_lacam_fork_tl_agent/empty-32-32/empty-32-32-random-2_a150_s1_r0,4297,0.123,"{""agents"": ""150"", ""comp_time"": ""123"", ""makespan"": ""49"", ""makespan_lb"": ""49"", ""map_file"": ""empty-32-32.map"", ""seed"": ""1"", ""soc"": ""4297"", ""soc_lb"": ""3350"", ""solved"": ""1"", ""solver"": ""planner"", ""sum_of_loss"": ""3729"", ""sum_of_loss_lb"": ""3350""}"
lg_lacam_fork:tl_agent,"LaCAM + traffic load (tie-break, per agent)",empty-32-32,empty-32-32-random-2,150,0,30.0,solved,0.282357,0.207,4239,49,3619,3350,49,1.265373,0,,/home/carsten/Projects/MAPF/MAPF Evaluator/results/tlcpp-empty32/runs/lg_lacam_fork_tl_agent/empty-32-32/empty-32-32-random-2_a150_s0_r0,4239,0.207,"{""agents"": ""150"", ""comp_time"": ""207"", ""makespan"": ""49"", ""makespan_lb"": ""49"", ""map_file"": ""empty-32-32.map"", ""seed"": ""0"", ""soc"": ""4239"", ""soc_lb"": ""3350"", ""solved"": ""1"", ""solver"": ""planner"", ""sum_of_loss"": ""3722"", ""sum_of_loss_lb"": ""3350""}"
lg_lacam_fork:tl_agent,"LaCAM + traffic load (tie-break, per agent)",empty-32-32,empty-32-32-random-2,150,2,30.0,solved,0.21247,0.06,4207,49,3606,3350,49,1.255821,0,,/home/carsten/Projects/MAPF/MAPF Evaluator/results/tlcpp-empty32/runs/lg_lacam_fork_tl_agent/empty-32-32/empty-32-32-random-2_a150_s2_r0,4207,0.06,"{""agents"": ""150"", ""comp_time"": ""60"", ""makespan"": ""49"", ""makespan_lb"": ""49"", ""map_file"": ""empty-32-32.map"", ""seed"": ""2"", ""soc"": ""4207"", ""soc_lb"": ""3350"", ""solved"": ""1"", ""solver"": ""planner"", ""sum_of_loss"": ""3704"", ""sum_of_loss_lb"": ""3350""}"
lg_lacam_fork:tl_static,LaCAM + traffic load (static map from starts),empty-32-32,empty-32-32-random-2,150,0,30.0,solved,0.382588,0.181,4902,80,4135,3350,49,1.463284,0,,/home/carsten/Projects/MAPF/MAPF Evaluator/results/tlcpp-empty32/runs/lg_lacam_fork_tl_static/empty-32-32/empty-32-32-random-2_a150_s0_r0,4902,0.181,"{""agents"": ""150"", ""comp_time"": ""181"", ""makespan"": ""80"", ""makespan_lb"": ""49"", ""map_file"": ""empty-32-32.map"", ""seed"": ""0"", ""soc"": ""4902"", ""soc_lb"": ""3350"", ""solved"": ""1"", ""solver"": ""planner"", ""sum_of_loss"": ""4316"", ""sum_of_loss_lb"": ""3350""}"
lg_lacam_fork:tl_static,LaCAM + traffic load (static map from starts),empty-32-32,empty-32-32-random-2,150,1,30.0,solved,0.190811,0.075,4875,77,4160,3350,49,1.455224,0,,/home/carsten/Projects/MAPF/MAPF Evaluator/results/tlcpp-empty32/runs/lg_lacam_fork_tl_static/empty-32-32/empty-32-32-random-2_a150_s1_r0,4875,0.075,"{""agents"": ""150"", ""comp_time"": ""75"", ""makespan"": ""77"", ""makespan_lb"": ""49"", ""map_file"": ""empty-32-32.map"", ""seed"": ""1"", ""soc"": ""4875"", ""soc_lb"": ""3350"", ""solved"": ""1"", ""solver"": ""planner"", ""sum_of_loss"": ""4334"", ""sum_of_loss_lb"": ""3350""}"
lg_lacam_fork:suo,LaCAM3 = SUO (first solution),empty-32-32,empty-32-32-random-2,150,0,30.0,solved,0.227892,0.138,3527,49,3480,3350,49,1.052836,0,,/home/carsten/Projects/MAPF/MAPF Evaluator/results/tlcpp-empty32/runs/lg_lacam_fork_suo/empty-32-32/empty-32-32-random-2_a150_s0_r0,3527,0.138,"{""agents"": ""150"", ""comp_time"": ""138"", ""makespan"": ""49"", ""makespan_lb"": ""49"", ""map_file"": ""empty-32-32.map"", ""seed"": ""0"", ""soc"": ""3527"", ""soc_lb"": ""3350"", ""solved"": ""1"", ""solver"": ""planner"", ""sum_of_loss"": ""3484"", ""sum_of_loss_lb"": ""3350""}"
lg_lacam_fork:tl_static,LaCAM + traffic load (static map from starts),empty-32-32,empty-32-32-random-2,150,2,30.0,solved,0.210393,0.064,4839,75,4123,3350,49,1.444478,0,,/home/carsten/Projects/MAPF/MAPF Evaluator/results/tlcpp-empty32/runs/lg_lacam_fork_tl_static/empty-32-32/empty-32-32-random-2_a150_s2_r0,4839,0.064,"{""agents"": ""150"", ""comp_time"": ""64"", ""makespan"": ""75"", ""makespan_lb"": ""49"", ""map_file"": ""empty-32-32.map"", ""seed"": ""2"", ""soc"": ""4839"", ""soc_lb"": ""3350"", ""solved"": ""1"", ""solver"": ""planner"", ""sum_of_loss"": ""4299"", ""sum_of_loss_lb"": ""3350""}"
lg_lacam_fork:suo,LaCAM3 = SUO (first solution),empty-32-32,empty-32-32-random-2,150,1,30.0,solved,0.082153,0.035,3480,49,3480,3350,49,1.038806,0,,/home/carsten/Projects/MAPF/MAPF Evaluator/results/tlcpp-empty32/runs/lg_lacam_fork_suo/empty-32-32/empty-32-32-random-2_a150_s1_r0,3480,0.035,"{""agents"": ""150"", ""comp_time"": ""35"", ""makespan"": ""49"", ""makespan_lb"": ""49"", ""map_file"": ""empty-32-32.map"", ""seed"": ""1"", ""soc"": ""3480"", ""soc_lb"": ""3350"", ""solved"": ""1"", ""solver"": ""planner"", ""sum_of_loss"": ""3480"", ""sum_of_loss_lb"": ""3350""}"
lg_lacam_fork:suo,LaCAM3 = SUO (first solution),empty-32-32,empty-32-32-random-2,150,2,30.0,solved,0.061178,0.031,3558,49,3507,3350,49,1.06209,0,,/home/carsten/Projects/MAPF/MAPF Evaluator/results/tlcpp-empty32/runs/lg_lacam_fork_suo/empty-32-32/empty-32-32-random-2_a150_s2_r0,3558,0.031,"{""agents"": ""150"", ""comp_time"": ""31"", ""makespan"": ""49"", ""makespan_lb"": ""49"", ""map_file"": ""empty-32-32.map"", ""seed"": ""2"", ""soc"": ""3558"", ""soc_lb"": ""3350"", ""solved"": ""1"", ""solver"": ""planner"", ""sum_of_loss"": ""3514"", ""sum_of_loss_lb"": ""3350""}"
lg_lacam_fork:suo_tl,SUO + traffic load,empty-32-32,empty-32-32-random-2,150,0,30.0,solved,0.157012,0.103,3482,49,3482,3350,49,1.039403,0,,/home/carsten/Projects/MAPF/MAPF Evaluator/results/tlcpp-empty32/runs/lg_lacam_fork_suo_tl/empty-32-32/empty-32-32-random-2_a150_s0_r0,3482,0.103,"{""agents"": ""150"", ""comp_time"": ""103"", ""makespan"": ""49"", ""makespan_lb"": ""49"", ""map_file"": ""empty-32-32.map"", ""seed"": ""0"", ""soc"": ""3482"", ""soc_lb"": ""3350"", ""solved"": ""1"", ""solver"": ""planner"", ""sum_of_loss"": ""3482"", ""sum_of_loss_lb"": ""3350""}"
lg_lacam_fork:suo_tl,SUO + traffic load,empty-32-32,empty-32-32-random-2,150,1,30.0,solved,0.239575,0.133,3484,49,3484,3350,49,1.04,0,,/home/carsten/Projects/MAPF/MAPF Evaluator/results/tlcpp-empty32/runs/lg_lacam_fork_suo_tl/empty-32-32/empty-32-32-random-2_a150_s1_r0,3484,0.133,"{""agents"": ""150"", ""comp_time"": ""133"", ""makespan"": ""49"", ""makespan_lb"": ""49"", ""map_file"": ""empty-32-32.map"", ""seed"": ""1"", ""soc"": ""3484"", ""soc_lb"": ""3350"", ""solved"": ""1"", ""solver"": ""planner"", ""sum_of_loss"": ""3484"", ""sum_of_loss_lb"": ""3350""}"
lg_lacam_fork:suo_tl,SUO + traffic load,empty-32-32,empty-32-32-random-2,150,2,30.0,solved,0.118347,0.062,3498,49,3496,3350,49,1.044179,0,,/home/carsten/Projects/MAPF/MAPF Evaluator/results/tlcpp-empty32/runs/lg_lacam_fork_suo_tl/empty-32-32/empty-32-32-random-2_a150_s2_r0,3498,0.062,"{""agents"": ""150"", ""comp_time"": ""62"", ""makespan"": ""49"", ""makespan_lb"": ""49"", ""map_file"": ""empty-32-32.map"", ""seed"": ""2"", ""soc"": ""3498"", ""soc_lb"": ""3350"", ""solved"": ""1"", ""solver"": ""planner"", ""sum_of_loss"": ""3497"", ""sum_of_loss_lb"": ""3350""}"
lg_lacam_fork:lg,"LG-LaCAM (window 20, first solution)",empty-32-32,empty-32-32-random-2,150,0,30.0,solved,0.124787,0.041,3438,49,3413,3350,49,1.026269,0,,/home/carsten/Projects/MAPF/MAPF Evaluator/results/tlcpp-empty32/runs/lg_lacam_fork_lg/empty-32-32/empty-32-32-random-2_a150_s0_r0,3438,0.041,"{""agents"": ""150"", ""comp_time"": ""41"", ""makespan"": ""49"", ""makespan_lb"": ""49"", ""map_file"": ""empty-32-32.map"", ""seed"": ""0"", ""soc"": ""3438"", ""soc_lb"": ""3350"", ""solved"": ""1"", ""solver"": ""planner"", ""sum_of_loss"": ""3416"", ""sum_of_loss_lb"": ""3350""}"
lg_lacam_fork:lg,"LG-LaCAM (window 20, first solution)",empty-32-32,empty-32-32-random-2,150,1,30.0,solved,0.229966,0.103,3443,49,3415,3350,49,1.027761,0,,/home/carsten/Projects/MAPF/MAPF Evaluator/results/tlcpp-empty32/runs/lg_lacam_fork_lg/empty-32-32/empty-32-32-random-2_a150_s1_r0,3443,0.103,"{""agents"": ""150"", ""comp_time"": ""103"", ""makespan"": ""49"", ""makespan_lb"": ""49"", ""map_file"": ""empty-32-32.map"", ""seed"": ""1"", ""soc"": ""3443"", ""soc_lb"": ""3350"", ""solved"": ""1"", ""solver"": ""planner"", ""sum_of_loss"": ""3417"", ""sum_of_loss_lb"": ""3350""}"
lg_lacam_fork:lg,"LG-LaCAM (window 20, first solution)",empty-32-32,empty-32-32-random-2,150,2,30.0,solved,0.176799,0.113,3442,50,3414,3350,49,1.027463,0,,/home/carsten/Projects/MAPF/MAPF Evaluator/results/tlcpp-empty32/runs/lg_lacam_fork_lg/empty-32-32/empty-32-32-random-2_a150_s2_r0,3442,0.113,"{""agents"": ""150"", ""comp_time"": ""113"", ""makespan"": ""50"", ""makespan_lb"": ""49"", ""map_file"": ""empty-32-32.map"", ""seed"": ""2"", ""soc"": ""3442"", ""soc_lb"": ""3350"", ""solved"": ""1"", ""solver"": ""planner"", ""sum_of_loss"": ""3416"", ""sum_of_loss_lb"": ""3350""}"
lg_lacam_fork:lg_tl,LG-LaCAM (window 20) + traffic load,empty-32-32,empty-32-32-random-2,150,0,30.0,solved,0.263633,0.179,3437,49,3408,3350,49,1.02597,0,,/home/carsten/Projects/MAPF/MAPF Evaluator/results/tlcpp-empty32/runs/lg_lacam_fork_lg_tl/empty-32-32/empty-32-32-random-2_a150_s0_r0,3437,0.179,"{""agents"": ""150"", ""comp_time"": ""179"", ""makespan"": ""49"", ""makespan_lb"": ""49"", ""map_file"": ""empty-32-32.map"", ""seed"": ""0"", ""soc"": ""3437"", ""soc_lb"": ""3350"", ""solved"": ""1"", ""solver"": ""planner"", ""sum_of_loss"": ""3411"", ""sum_of_loss_lb"": ""3350""}"
lg_lacam_fork:lg_tl,LG-LaCAM (window 20) + traffic load,empty-32-32,empty-32-32-random-2,150,1,30.0,solved,0.288888,0.111,3443,49,3415,3350,49,1.027761,0,,/home/carsten/Projects/MAPF/MAPF Evaluator/results/tlcpp-empty32/runs/lg_lacam_fork_lg_tl/empty-32-32/empty-32-32-random-2_a150_s1_r0,3443,0.111,"{""agents"": ""150"", ""comp_time"": ""111"", ""makespan"": ""49"", ""makespan_lb"": ""49"", ""map_file"": ""empty-32-32.map"", ""seed"": ""1"", ""soc"": ""3443"", ""soc_lb"": ""3350"", ""solved"": ""1"", ""solver"": ""planner"", ""sum_of_loss"": ""3417"", ""sum_of_loss_lb"": ""3350""}"
lg_lacam_fork:lg_tl,LG-LaCAM (window 20) + traffic load,empty-32-32,empty-32-32-random-2,150,2,30.0,solved,0.090667,0.057,3448,49,3418,3350,49,1.029254,0,,/home/carsten/Projects/MAPF/MAPF Evaluator/results/tlcpp-empty32/runs/lg_lacam_fork_lg_tl/empty-32-32/empty-32-32-random-2_a150_s2_r0,3448,0.057,"{""agents"": ""150"", ""comp_time"": ""57"", ""makespan"": ""49"", ""makespan_lb"": ""49"", ""map_file"": ""empty-32-32.map"", ""seed"": ""2"", ""soc"": ""3448"", ""soc_lb"": ""3350"", ""solved"": ""1"", ""solver"": ""planner"", ""sum_of_loss"": ""3420"", ""sum_of_loss_lb"": ""3350""}"
lg_lacam_fork:lg_suo,LG-LaCAM (window 20) + SUO,empty-32-32,empty-32-32-random-2,150,0,30.0,solved,0.154623,0.045,3422,49,3421,3350,49,1.021493,0,,/home/carsten/Projects/MAPF/MAPF Evaluator/results/tlcpp-empty32/runs/lg_lacam_fork_lg_suo/empty-32-32/empty-32-32-random-2_a150_s0_r0,3422,0.045,"{""agents"": ""150"", ""comp_time"": ""45"", ""makespan"": ""49"", ""makespan_lb"": ""49"", ""map_file"": ""empty-32-32.map"", ""seed"": ""0"", ""soc"": ""3422"", ""soc_lb"": ""3350"", ""solved"": ""1"", ""solver"": ""planner"", ""sum_of_loss"": ""3422"", ""sum_of_loss_lb"": ""3350""}"
lg_lacam_fork:lg_suo,LG-LaCAM (window 20) + SUO,empty-32-32,empty-32-32-random-2,150,1,30.0,solved,0.273102,0.124,3432,49,3432,3350,49,1.024478,0,,/home/carsten/Projects/MAPF/MAPF Evaluator/results/tlcpp-empty32/runs/lg_lacam_fork_lg_suo/empty-32-32/empty-32-32-random-2_a150_s1_r0,3432,0.124,"{""agents"": ""150"", ""comp_time"": ""124"", ""makespan"": ""49"", ""makespan_lb"": ""49"", ""map_file"": ""empty-32-32.map"", ""seed"": ""1"", ""soc"": ""3432"", ""soc_lb"": ""3350"", ""solved"": ""1"", ""solver"": ""planner"", ""sum_of_loss"": ""3432"", ""sum_of_loss_lb"": ""3350""}"
lg_lacam_fork:lg_suo,LG-LaCAM (window 20) + SUO,empty-32-32,empty-32-32-random-2,150,2,30.0,solved,0.231496,0.15,3424,49,3413,3350,49,1.02209,0,,/home/carsten/Projects/MAPF/MAPF Evaluator/results/tlcpp-empty32/runs/lg_lacam_fork_lg_suo/empty-32-32/empty-32-32-random-2_a150_s2_r0,3424,0.15,"{""agents"": ""150"", ""comp_time"": ""150"", ""makespan"": ""49"", ""makespan_lb"": ""49"", ""map_file"": ""empty-32-32.map"", ""seed"": ""2"", ""soc"": ""3424"", ""soc_lb"": ""3350"", ""solved"": ""1"", ""solver"": ""planner"", ""sum_of_loss"": ""3415"", ""sum_of_loss_lb"": ""3350""}"
lg_lacam_fork:lg_suo_tl,LG-LaCAM (window 20) + SUO + traffic load,empty-32-32,empty-32-32-random-2,150,0,30.0,solved,0.294026,0.217,3422,49,3421,3350,49,1.021493,0,,/home/carsten/Projects/MAPF/MAPF Evaluator/results/tlcpp-empty32/runs/lg_lacam_fork_lg_suo_tl/empty-32-32/empty-32-32-random-2_a150_s0_r0,3422,0.217,"{""agents"": ""150"", ""comp_time"": ""217"", ""makespan"": ""49"", ""makespan_lb"": ""49"", ""map_file"": ""empty-32-32.map"", ""seed"": ""0"", ""soc"": ""3422"", ""soc_lb"": ""3350"", ""solved"": ""1"", ""solver"": ""planner"", ""sum_of_loss"": ""3422"", ""sum_of_loss_lb"": ""3350""}"
lg_lacam_fork:lg_suo_tl,LG-LaCAM (window 20) + SUO + traffic load,empty-32-32,empty-32-32-random-2,150,2,30.0,solved,0.170052,0.102,3424,49,3413,3350,49,1.02209,0,,/home/carsten/Projects/MAPF/MAPF Evaluator/results/tlcpp-empty32/runs/lg_lacam_fork_lg_suo_tl/empty-32-32/empty-32-32-random-2_a150_s2_r0,3424,0.102,"{""agents"": ""150"", ""comp_time"": ""102"", ""makespan"": ""49"", ""makespan_lb"": ""49"", ""map_file"": ""empty-32-32.map"", ""seed"": ""2"", ""soc"": ""3424"", ""soc_lb"": ""3350"", ""solved"": ""1"", ""solver"": ""planner"", ""sum_of_loss"": ""3415"", ""sum_of_loss_lb"": ""3350""}"
lg_lacam_fork:lg_suo_tl,LG-LaCAM (window 20) + SUO + traffic load,empty-32-32,empty-32-32-random-2,150,1,30.0,solved,0.531219,0.34,3432,49,3432,3350,49,1.024478,0,,/home/carsten/Projects/MAPF/MAPF Evaluator/results/tlcpp-empty32/runs/lg_lacam_fork_lg_suo_tl/empty-32-32/empty-32-32-random-2_a150_s1_r0,3432,0.34,"{""agents"": ""150"", ""comp_time"": ""340"", ""makespan"": ""49"", ""makespan_lb"": ""49"", ""map_file"": ""empty-32-32.map"", ""seed"": ""1"", ""soc"": ""3432"", ""soc_lb"": ""3350"", ""solved"": ""1"", ""solver"": ""planner"", ""sum_of_loss"": ""3432"", ""sum_of_loss_lb"": ""3350""}"
lg_lacam_fork:lacam,"LaCAM (no guidance, first solution)",empty-32-32,empty-32-32-random-2,200,0,30.0,solved,0.056968,0.018,6398,51,5255,4390,49,1.457403,0,,/home/carsten/Projects/MAPF/MAPF Evaluator/results/tlcpp-empty32/runs/lg_lacam_fork_lacam/empty-32-32/empty-32-32-random-2_a200_s0_r0,6398,0.018,"{""agents"": ""200"", ""comp_time"": ""18"", ""makespan"": ""51"", ""makespan_lb"": ""49"", ""map_file"": ""empty-32-32.map"", ""seed"": ""0"", ""soc"": ""6398"", ""soc_lb"": ""4390"", ""solved"": ""1"", ""solver"": ""planner"", ""sum_of_loss"": ""5458"", ""sum_of_loss_lb"": ""4390""}"
lg_lacam_fork:lacam,"LaCAM (no guidance, first solution)",empty-32-32,empty-32-32-random-2,200,1,30.0,solved,0.071224,0.016,6526,54,5372,4390,49,1.48656,0,,/home/carsten/Projects/MAPF/MAPF Evaluator/results/tlcpp-empty32/runs/lg_lacam_fork_lacam/empty-32-32/empty-32-32-random-2_a200_s1_r0,6526,0.016,"{""agents"": ""200"", ""comp_time"": ""16"", ""makespan"": ""54"", ""makespan_lb"": ""49"", ""map_file"": ""empty-32-32.map"", ""seed"": ""1"", ""soc"": ""6526"", ""soc_lb"": ""4390"", ""solved"": ""1"", ""solver"": ""planner"", ""sum_of_loss"": ""5589"", ""sum_of_loss_lb"": ""4390""}"
lg_lacam_fork:lacam,"LaCAM (no guidance, first solution)",empty-32-32,empty-32-32-random-2,200,2,30.0,solved,0.196047,0.031,6381,50,5352,4390,49,1.453531,0,,/home/carsten/Projects/MAPF/MAPF Evaluator/results/tlcpp-empty32/runs/lg_lacam_fork_lacam/empty-32-32/empty-32-32-random-2_a200_s2_r0,6381,0.031,"{""agents"": ""200"", ""comp_time"": ""31"", ""makespan"": ""50"", ""makespan_lb"": ""49"", ""map_file"": ""empty-32-32.map"", ""seed"": ""2"", ""soc"": ""6381"", ""soc_lb"": ""4390"", ""solved"": ""1"", ""solver"": ""planner"", ""sum_of_loss"": ""5563"", ""sum_of_loss_lb"": ""4390""}"
lg_lacam_fork:tl,"LaCAM + traffic load (tie-break, per config)",empty-32-32,empty-32-32-random-2,200,1,30.0,solved,0.118131,0.057,5921,49,4949,4390,49,1.348747,0,,/home/carsten/Projects/MAPF/MAPF Evaluator/results/tlcpp-empty32/runs/lg_lacam_fork_tl/empty-32-32/empty-32-32-random-2_a200_s1_r0,5921,0.057,"{""agents"": ""200"", ""comp_time"": ""57"", ""makespan"": ""49"", ""makespan_lb"": ""49"", ""map_file"": ""empty-32-32.map"", ""seed"": ""1"", ""soc"": ""5921"", ""soc_lb"": ""4390"", ""solved"": ""1"", ""solver"": ""planner"", ""sum_of_loss"": ""5122"", ""sum_of_loss_lb"": ""4390""}"
lg_lacam_fork:tl,"LaCAM + traffic load (tie-break, per config)",empty-32-32,empty-32-32-random-2,200,0,30.0,solved,0.208162,0.1,5849,49,4912,4390,49,1.332346,0,,/home/carsten/Projects/MAPF/MAPF Evaluator/results/tlcpp-empty32/runs/lg_lacam_fork_tl/empty-32-32/empty-32-32-random-2_a200_s0_r0,5849,0.1,"{""agents"": ""200"", ""comp_time"": ""100"", ""makespan"": ""49"", ""makespan_lb"": ""49"", ""map_file"": ""empty-32-32.map"", ""seed"": ""0"", ""soc"": ""5849"", ""soc_lb"": ""4390"", ""solved"": ""1"", ""solver"": ""planner"", ""sum_of_loss"": ""5078"", ""sum_of_loss_lb"": ""4390""}"
lg_lacam_fork:tl,"LaCAM + traffic load (tie-break, per config)",empty-32-32,empty-32-32-random-2,200,2,30.0,solved,0.10607,0.067,5915,49,4923,4390,49,1.34738,0,,/home/carsten/Projects/MAPF/MAPF Evaluator/results/tlcpp-empty32/runs/lg_lacam_fork_tl/empty-32-32/empty-32-32-random-2_a200_s2_r0,5915,0.067,"{""agents"": ""200"", ""comp_time"": ""67"", ""makespan"": ""49"", ""makespan_lb"": ""49"", ""map_file"": ""empty-32-32.map"", ""seed"": ""2"", ""soc"": ""5915"", ""soc_lb"": ""4390"", ""solved"": ""1"", ""solver"": ""planner"", ""sum_of_loss"": ""5094"", ""sum_of_loss_lb"": ""4390""}"
lg_lacam_fork:tl_agent,"LaCAM + traffic load (tie-break, per agent)",empty-32-32,empty-32-32-random-2,200,0,30.0,solved,0.147916,0.052,5834,49,4876,4390,49,1.328929,0,,/home/carsten/Projects/MAPF/MAPF Evaluator/results/tlcpp-empty32/runs/lg_lacam_fork_tl_agent/empty-32-32/empty-32-32-random-2_a200_s0_r0,5834,0.052,"{""agents"": ""200"", ""comp_time"": ""52"", ""makespan"": ""49"", ""makespan_lb"": ""49"", ""map_file"": ""empty-32-32.map"", ""seed"": ""0"", ""soc"": ""5834"", ""soc_lb"": ""4390"", ""solved"": ""1"", ""solver"": ""planner"", ""sum_of_loss"": ""5024"", ""sum_of_loss_lb"": ""4390""}"
lg_lacam_fork:tl_agent,"LaCAM + traffic load (tie-break, per agent)",empty-32-32,empty-32-32-random-2,200,1,30.0,solved,0.127999,0.079,5902,49,4942,4390,49,1.344419,0,,/home/carsten/Projects/MAPF/MAPF Evaluator/results/tlcpp-empty32/runs/lg_lacam_fork_tl_agent/empty-32-32/empty-32-32-random-2_a200_s1_r0,5902,0.079,"{""agents"": ""200"", ""comp_time"": ""79"", ""makespan"": ""49"", ""makespan_lb"": ""49"", ""map_file"": ""empty-32-32.map"", ""seed"": ""1"", ""soc"": ""5902"", ""soc_lb"": ""4390"", ""solved"": ""1"", ""solver"": ""planner"", ""sum_of_loss"": ""5097"", ""sum_of_loss_lb"": ""4390""}"
lg_lacam_fork:tl_agent,"LaCAM + traffic load (tie-break, per agent)",empty-32-32,empty-32-32-random-2,200,2,30.0,solved,0.204937,0.055,5974,49,4919,4390,49,1.36082,0,,/home/carsten/Projects/MAPF/MAPF Evaluator/results/tlcpp-empty32/runs/lg_lacam_fork_tl_agent/empty-32-32/empty-32-32-random-2_a200_s2_r0,5974,0.055,"{""agents"": ""200"", ""comp_time"": ""55"", ""makespan"": ""49"", ""makespan_lb"": ""49"", ""map_file"": ""empty-32-32.map"", ""seed"": ""2"", ""soc"": ""5974"", ""soc_lb"": ""4390"", ""solved"": ""1"", ""solver"": ""planner"", ""sum_of_loss"": ""5080"", ""sum_of_loss_lb"": ""4390""}"
lg_lacam_fork:tl_static,LaCAM + traffic load (static map from starts),empty-32-32,empty-32-32-random-2,200,0,30.0,solved,0.160811,0.066,7348,111,6106,4390,49,1.673804,0,,/home/carsten/Projects/MAPF/MAPF Evaluator/results/tlcpp-empty32/runs/lg_lacam_fork_tl_static/empty-32-32/empty-32-32-random-2_a200_s0_r0,7348,0.066,"{""agents"": ""200"", ""comp_time"": ""66"", ""makespan"": ""111"", ""makespan_lb"": ""49"", ""map_file"": ""empty-32-32.map"", ""seed"": ""0"", ""soc"": ""7348"", ""soc_lb"": ""4390"", ""solved"": ""1"", ""solver"": ""planner"", ""sum_of_loss"": ""6494"", ""sum_of_loss_lb"": ""4390""}"
lg_lacam_fork:tl_static,LaCAM + traffic load (static map from starts),empty-32-32,empty-32-32-random-2,200,1,30.0,solved,0.13215,0.053,7118,96,5957,4390,49,1.621412,0,,/home/carsten/Projects/MAPF/MAPF Evaluator/results/tlcpp-empty32/runs/lg_lacam_fork_tl_static/empty-32-32/empty-32-32-random-2_a200_s1_r0,7118,0.053,"{""agents"": ""200"", ""comp_time"": ""53"", ""makespan"": ""96"", ""makespan_lb"": ""49"", ""map_file"": ""empty-32-32.map"", ""seed"": ""1"", ""soc"": ""7118"", ""soc_lb"": ""4390"", ""solved"": ""1"", ""solver"": ""planner"", ""sum_of_loss"": ""6308"", ""sum_of_loss_lb"": ""4390""}"
lg_lacam_fork:suo,LaCAM3 = SUO (first solution),empty-32-32,empty-32-32-random-2,200,0,30.0,solved,0.12454,0.07,4885,49,4733,4390,49,1.112756,0,,/home/carsten/Projects/MAPF/MAPF Evaluator/results/tlcpp-empty32/runs/lg_lacam_fork_suo/empty-32-32/empty-32-32-random-2_a200_s0_r0,4885,0.07,"{""agents"": ""200"", ""comp_time"": ""70"", ""makespan"": ""49"", ""makespan_lb"": ""49"", ""map_file"": ""empty-32-32.map"", ""seed"": ""0"", ""soc"": ""4885"", ""soc_lb"": ""4390"", ""solved"": ""1"", ""solver"": ""planner"", ""sum_of_loss"": ""4758"", ""sum_of_loss_lb"": ""4390""}"
lg_lacam_fork:tl_static,LaCAM + traffic load (static map from starts),empty-32-32,empty-32-32-random-2,200,2,30.0,solved,0.312678,0.116,7433,118,6228,4390,49,1.693166,0,,/home/carsten/Projects/MAPF/MAPF Evaluator/results/tlcpp-empty32/runs/lg_lacam_fork_tl_static/empty-32-32/empty-32-32-random-2_a200_s2_r0,7433,0.116,"{""agents"": ""200"", ""comp_time"": ""116"", ""makespan"": ""118"", ""makespan_lb"": ""49"", ""map_file"": ""empty-32-32.map"", ""seed"": ""2"", ""soc"": ""7433"", ""soc_lb"": ""4390"", ""solved"": ""1"", ""solver"": ""planner"", ""sum_of_loss"": ""6653"", ""sum_of_loss_lb"": ""4390""}"
lg_lacam_fork:suo,LaCAM3 = SUO (first solution),empty-32-32,empty-32-32-random-2,200,2,30.0,solved,0.149845,0.065,4704,51,4646,4390,49,1.071526,0,,/home/carsten/Projects/MAPF/MAPF Evaluator/results/tlcpp-empty32/runs/lg_lacam_fork_suo/empty-32-32/empty-32-32-random-2_a200_s2_r0,4704,0.065,"{""agents"": ""200"", ""comp_time"": ""65"", ""makespan"": ""51"", ""makespan_lb"": ""49"", ""map_file"": ""empty-32-32.map"", ""seed"": ""2"", ""soc"": ""4704"", ""soc_lb"": ""4390"", ""solved"": ""1"", ""solver"": ""planner"", ""sum_of_loss"": ""4656"", ""sum_of_loss_lb"": ""4390""}"
lg_lacam_fork:suo,LaCAM3 = SUO (first solution),empty-32-32,empty-32-32-random-2,200,1,30.0,solved,0.184015,0.073,4804,49,4642,4390,49,1.094305,0,,/home/carsten/Projects/MAPF/MAPF Evaluator/results/tlcpp-empty32/runs/lg_lacam_fork_suo/empty-32-32/empty-32-32-random-2_a200_s1_r0,4804,0.073,"{""agents"": ""200"", ""comp_time"": ""73"", ""makespan"": ""49"", ""makespan_lb"": ""49"", ""map_file"": ""empty-32-32.map"", ""seed"": ""1"", ""soc"": ""4804"", ""soc_lb"": ""4390"", ""solved"": ""1"", ""solver"": ""planner"", ""sum_of_loss"": ""4656"", ""sum_of_loss_lb"": ""4390""}"
lg_lacam_fork:suo_tl,SUO + traffic load,empty-32-32,empty-32-32-random-2,200,0,30.0,solved,0.185462,0.086,4686,49,4666,4390,49,1.067426,0,,/home/carsten/Projects/MAPF/MAPF Evaluator/results/tlcpp-empty32/runs/lg_lacam_fork_suo_tl/empty-32-32/empty-32-32-random-2_a200_s0_r0,4686,0.086,"{""agents"": ""200"", ""comp_time"": ""86"", ""makespan"": ""49"", ""makespan_lb"": ""49"", ""map_file"": ""empty-32-32.map"", ""seed"": ""0"", ""soc"": ""4686"", ""soc_lb"": ""4390"", ""solved"": ""1"", ""solver"": ""planner"", ""sum_of_loss"": ""4674"", ""sum_of_loss_lb"": ""4390""}"
lg_lacam_fork:suo_tl,SUO + traffic load,empty-32-32,empty-32-32-random-2,200,1,30.0,solved,0.179823,0.115,4660,49,4615,4390,49,1.061503,0,,/home/carsten/Projects/MAPF/MAPF Evaluator/results/tlcpp-empty32/runs/lg_lacam_fork_suo_tl/empty-32-32/empty-32-32-random-2_a200_s1_r0,4660,0.115,"{""agents"": ""200"", ""comp_time"": ""115"", ""makespan"": ""49"", ""makespan_lb"": ""49"", ""map_file"": ""empty-32-32.map"", ""seed"": ""1"", ""soc"": ""4660"", ""soc_lb"": ""4390"", ""solved"": ""1"", ""solver"": ""planner"", ""sum_of_loss"": ""4619"", ""sum_of_loss_lb"": ""4390""}"
lg_lacam_fork:lg,"LG-LaCAM (window 20, first solution)",empty-32-32,empty-32-32-random-2,200,0,30.0,solved,0.340289,0.17,4614,51,4549,4390,49,1.051025,0,,/home/carsten/Projects/MAPF/MAPF Evaluator/results/tlcpp-empty32/runs/lg_lacam_fork_lg/empty-32-32/empty-32-32-random-2_a200_s0_r0,4614,0.17,"{""agents"": ""200"", ""comp_time"": ""170"", ""makespan"": ""51"", ""makespan_lb"": ""49"", ""map_file"": ""empty-32-32.map"", ""seed"": ""0"", ""soc"": ""4614"", ""soc_lb"": ""4390"", ""solved"": ""1"", ""solver"": ""planner"", ""sum_of_loss"": ""4554"", ""sum_of_loss_lb"": ""4390""}"
lg_lacam_fork:suo_tl,SUO + traffic load,empty-32-32,empty-32-32-random-2,200,2,30.0,solved,0.3039,0.19,4667,51,4637,4390,49,1.063098,0,,/home/carsten/Projects/MAPF/MAPF Evaluator/results/tlcpp-empty32/runs/lg_lacam_fork_suo_tl/empty-32-32/empty-32-32-random-2_a200_s2_r0,4667,0.19,"{""agents"": ""200"", ""comp_time"": ""190"", ""makespan"": ""51"", ""makespan_lb"": ""49"", ""map_file"": ""empty-32-32.map"", ""seed"": ""2"", ""soc"": ""4667"", ""soc_lb"": ""4390"", ""solved"": ""1"", ""solver"": ""planner"", ""sum_of_loss"": ""4641"", ""sum_of_loss_lb"": ""4390""}"
lg_lacam_fork:lg,"LG-LaCAM (window 20, first solution)",empty-32-32,empty-32-32-random-2,200,1,30.0,solved,0.155747,0.063,4589,49,4535,4390,49,1.04533,0,,/home/carsten/Projects/MAPF/MAPF Evaluator/results/tlcpp-empty32/runs/lg_lacam_fork_lg/empty-32-32/empty-32-32-random-2_a200_s1_r0,4589,0.063,"{""agents"": ""200"", ""comp_time"": ""63"", ""makespan"": ""49"", ""makespan_lb"": ""49"", ""map_file"": ""empty-32-32.map"", ""seed"": ""1"", ""soc"": ""4589"", ""soc_lb"": ""4390"", ""solved"": ""1"", ""solver"": ""planner"", ""sum_of_loss"": ""4539"", ""sum_of_loss_lb"": ""4390""}"
lg_lacam_fork:lg,"LG-LaCAM (window 20, first solution)",empty-32-32,empty-32-32-random-2,200,2,30.0,solved,0.1943,0.093,4637,49,4548,4390,49,1.056264,0,,/home/carsten/Projects/MAPF/MAPF Evaluator/results/tlcpp-empty32/runs/lg_lacam_fork_lg/empty-32-32/empty-32-32-random-2_a200_s2_r0,4637,0.093,"{""agents"": ""200"", ""comp_time"": ""93"", ""makespan"": ""49"", ""makespan_lb"": ""49"", ""map_file"": ""empty-32-32.map"", ""seed"": ""2"", ""soc"": ""4637"", ""soc_lb"": ""4390"", ""solved"": ""1"", ""solver"": ""planner"", ""sum_of_loss"": ""4556"", ""sum_of_loss_lb"": ""4390""}"
lg_lacam_fork:lg_tl,LG-LaCAM (window 20) + traffic load,empty-32-32,empty-32-32-random-2,200,1,30.0,solved,0.094424,0.048,4585,49,4531,4390,49,1.044419,0,,/home/carsten/Projects/MAPF/MAPF Evaluator/results/tlcpp-empty32/runs/lg_lacam_fork_lg_tl/empty-32-32/empty-32-32-random-2_a200_s1_r0,4585,0.048,"{""agents"": ""200"", ""comp_time"": ""48"", ""makespan"": ""49"", ""makespan_lb"": ""49"", ""map_file"": ""empty-32-32.map"", ""seed"": ""1"", ""soc"": ""4585"", ""soc_lb"": ""4390"", ""solved"": ""1"", ""solver"": ""planner"", ""sum_of_loss"": ""4535"", ""sum_of_loss_lb"": ""4390""}"
lg_lacam_fork:lg_tl,LG-LaCAM (window 20) + traffic load,empty-32-32,empty-32-32-random-2,200,0,30.0,solved,0.123623,0.058,4582,51,4544,4390,49,1.043736,0,,/home/carsten/Projects/MAPF/MAPF Evaluator/results/tlcpp-empty32/runs/lg_lacam_fork_lg_tl/empty-32-32/empty-32-32-random-2_a200_s0_r0,4582,0.058,"{""agents"": ""200"", ""comp_time"": ""58"", ""makespan"": ""51"", ""makespan_lb"": ""49"", ""map_file"": ""empty-32-32.map"", ""seed"": ""0"", ""soc"": ""4582"", ""soc_lb"": ""4390"", ""solved"": ""1"", ""solver"": ""planner"", ""sum_of_loss"": ""4547"", ""sum_of_loss_lb"": ""4390""}"
lg_lacam_fork:lg_tl,LG-LaCAM (window 20) + traffic load,empty-32-32,empty-32-32-random-2,200,2,30.0,solved,0.218687,0.033,4588,49,4546,4390,49,1.045103,0,,/home/carsten/Projects/MAPF/MAPF Evaluator/results/tlcpp-empty32/runs/lg_lacam_fork_lg_tl/empty-32-32/empty-32-32-random-2_a200_s2_r0,4588,0.033,"{""agents"": ""200"", ""comp_time"": ""33"", ""makespan"": ""49"", ""makespan_lb"": ""49"", ""map_file"": ""empty-32-32.map"", ""seed"": ""2"", ""soc"": ""4588"", ""soc_lb"": ""4390"", ""solved"": ""1"", ""solver"": ""planner"", ""sum_of_loss"": ""4552"", ""sum_of_loss_lb"": ""4390""}"
lg_lacam_fork:lg_suo,LG-LaCAM (window 20) + SUO,empty-32-32,empty-32-32-random-2,200,0,30.0,solved,0.097068,0.034,4562,49,4548,4390,49,1.03918,0,,/home/carsten/Projects/MAPF/MAPF Evaluator/results/tlcpp-empty32/runs/lg_lacam_fork_lg_suo/empty-32-32/empty-32-32-random-2_a200_s0_r0,4562,0.034,"{""agents"": ""200"", ""comp_time"": ""34"", ""makespan"": ""49"", ""makespan_lb"": ""49"", ""map_file"": ""empty-32-32.map"", ""seed"": ""0"", ""soc"": ""4562"", ""soc_lb"": ""4390"", ""solved"": ""1"", ""solver"": ""planner"", ""sum_of_loss"": ""4551"", ""sum_of_loss_lb"": ""4390""}"
lg_lacam_fork:lg_suo,LG-LaCAM (window 20) + SUO,empty-32-32,empty-32-32-random-2,200,1,30.0,solved,0.102664,0.042,4589,49,4555,4390,49,1.04533,0,,/home/carsten/Projects/MAPF/MAPF Evaluator/results/tlcpp-empty32/runs/lg_lacam_fork_lg_suo/empty-32-32/empty-32-32-random-2_a200_s1_r0,4589,0.042,"{""agents"": ""200"", ""comp_time"": ""42"", ""makespan"": ""49"", ""makespan_lb"": ""49"", ""map_file"": ""empty-32-32.map"", ""seed"": ""1"", ""soc"": ""4589"", ""soc_lb"": ""4390"", ""solved"": ""1"", ""solver"": ""planner"", ""sum_of_loss"": ""4558"", ""sum_of_loss_lb"": ""4390""}"
lg_lacam_fork:lg_suo,LG-LaCAM (window 20) + SUO,empty-32-32,empty-32-32-random-2,200,2,30.0,solved,0.109213,0.04,4546,49,4535,4390,49,1.035535,0,,/home/carsten/Projects/MAPF/MAPF Evaluator/results/tlcpp-empty32/runs/lg_lacam_fork_lg_suo/empty-32-32/empty-32-32-random-2_a200_s2_r0,4546,0.04,"{""agents"": ""200"", ""comp_time"": ""40"", ""makespan"": ""49"", ""makespan_lb"": ""49"", ""map_file"": ""empty-32-32.map"", ""seed"": ""2"", ""soc"": ""4546"", ""soc_lb"": ""4390"", ""solved"": ""1"", ""solver"": ""planner"", ""sum_of_loss"": ""4537"", ""sum_of_loss_lb"": ""4390""}"
lg_lacam_fork:lg_suo_tl,LG-LaCAM (window 20) + SUO + traffic load,empty-32-32,empty-32-32-random-2,200,0,30.0,solved,0.130772,0.059,4562,49,4548,4390,49,1.03918,0,,/home/carsten/Projects/MAPF/MAPF Evaluator/results/tlcpp-empty32/runs/lg_lacam_fork_lg_suo_tl/empty-32-32/empty-32-32-random-2_a200_s0_r0,4562,0.059,"{""agents"": ""200"", ""comp_time"": ""59"", ""makespan"": ""49"", ""makespan_lb"": ""49"", ""map_file"": ""empty-32-32.map"", ""seed"": ""0"", ""soc"": ""4562"", ""soc_lb"": ""4390"", ""solved"": ""1"", ""solver"": ""planner"", ""sum_of_loss"": ""4551"", ""sum_of_loss_lb"": ""4390""}"
lg_lacam_fork:lacam,"LaCAM (no guidance, first solution)",empty-32-32,empty-32-32-random-3,50,0,30.0,solved,0.110782,0.001,1311,57,1138,1080,57,1.213889,0,,/home/carsten/Projects/MAPF/MAPF Evaluator/results/tlcpp-empty32/runs/lg_lacam_fork_lacam/empty-32-32/empty-32-32-random-3_a50_s0_r0,1311,0.001,"{""agents"": ""50"", ""comp_time"": ""1"", ""makespan"": ""57"", ""makespan_lb"": ""57"", ""map_file"": ""empty-32-32.map"", ""seed"": ""0"", ""soc"": ""1311"", ""soc_lb"": ""1080"", ""solved"": ""1"", ""solver"": ""planner"", ""sum_of_loss"": ""1155"", ""sum_of_loss_lb"": ""1080""}"
lg_lacam_fork:lacam,"LaCAM (no guidance, first solution)",empty-32-32,empty-32-32-random-3,50,1,30.0,solved,0.038967,0.002,1293,57,1145,1080,57,1.197222,0,,/home/carsten/Projects/MAPF/MAPF Evaluator/results/tlcpp-empty32/runs/lg_lacam_fork_lacam/empty-32-32/empty-32-32-random-3_a50_s1_r0,1293,0.002,"{""agents"": ""50"", ""comp_time"": ""2"", ""makespan"": ""57"", ""makespan_lb"": ""57"", ""map_file"": ""empty-32-32.map"", ""seed"": ""1"", ""soc"": ""1293"", ""soc_lb"": ""1080"", ""solved"": ""1"", ""solver"": ""planner"", ""sum_of_loss"": ""1168"", ""sum_of_loss_lb"": ""1080""}"
lg_lacam_fork:lacam,"LaCAM (no guidance, first solution)",empty-32-32,empty-32-32-random-3,50,2,30.0,solved,0.035397,0.002,1274,57,1145,1080,57,1.17963,0,,/home/carsten/Projects/MAPF/MAPF Evaluator/results/tlcpp-empty32/runs/lg_lacam_fork_lacam/empty-32-32/empty-32-32-random-3_a50_s2_r0,1274,0.002,"{""agents"": ""50"", ""comp_time"": ""2"", ""makespan"": ""57"", ""makespan_lb"": ""57"", ""map_file"": ""empty-32-32.map"", ""seed"": ""2"", ""soc"": ""1274"", ""soc_lb"": ""1080"", ""solved"": ""1"", ""solver"": ""planner"", ""sum_of_loss"": ""1161"", ""sum_of_loss_lb"": ""1080""}"
lg_lacam_fork:lg_suo_tl,LG-LaCAM (window 20) + SUO + traffic load,empty-32-32,empty-32-32-random-2,200,1,30.0,solved,0.076132,0.056,4591,49,4547,4390,49,1.045786,0,,/home/carsten/Projects/MAPF/MAPF Evaluator/results/tlcpp-empty32/runs/lg_lacam_fork_lg_suo_tl/empty-32-32/empty-32-32-random-2_a200_s1_r0,4591,0.056,"{""agents"": ""200"", ""comp_time"": ""56"", ""makespan"": ""49"", ""makespan_lb"": ""49"", ""map_file"": ""empty-32-32.map"", ""seed"": ""1"", ""soc"": ""4591"", ""soc_lb"": ""4390"", ""solved"": ""1"", ""solver"": ""planner"", ""sum_of_loss"": ""4551"", ""sum_of_loss_lb"": ""4390""}"
lg_lacam_fork:lg_suo_tl,LG-LaCAM (window 20) + SUO + traffic load,empty-32-32,empty-32-32-random-2,200,2,30.0,solved,0.0656,0.043,4546,49,4535,4390,49,1.035535,0,,/home/carsten/Projects/MAPF/MAPF Evaluator/results/tlcpp-empty32/runs/lg_lacam_fork_lg_suo_tl/empty-32-32/empty-32-32-random-2_a200_s2_r0,4546,0.043,"{""agents"": ""200"", ""comp_time"": ""43"", ""makespan"": ""49"", ""makespan_lb"": ""49"", ""map_file"": ""empty-32-32.map"", ""seed"": ""2"", ""soc"": ""4546"", ""soc_lb"": ""4390"", ""solved"": ""1"", ""solver"": ""planner"", ""sum_of_loss"": ""4537"", ""sum_of_loss_lb"": ""4390""}"
lg_lacam_fork:tl,"LaCAM + traffic load (tie-break, per config)",empty-32-32,empty-32-32-random-3,50,0,30.0,solved,0.08397,0.005,1232,57,1103,1080,57,1.140741,0,,/home/carsten/Projects/MAPF/MAPF Evaluator/results/tlcpp-empty32/runs/lg_lacam_fork_tl/empty-32-32/empty-32-32-random-3_a50_s0_r0,1232,0.005,"{""agents"": ""50"", ""comp_time"": ""5"", ""makespan"": ""57"", ""makespan_lb"": ""57"", ""map_file"": ""empty-32-32.map"", ""seed"": ""0"", ""soc"": ""1232"", ""soc_lb"": ""1080"", ""solved"": ""1"", ""solver"": ""planner"", ""sum_of_loss"": ""1116"", ""sum_of_loss_lb"": ""1080""}"
lg_lacam_fork:tl_agent,"LaCAM + traffic load (tie-break, per agent)",empty-32-32,empty-32-32-random-3,50,0,30.0,solved,0.029292,0.005,1173,57,1093,1080,57,1.086111,0,,/home/carsten/Projects/MAPF/MAPF Evaluator/results/tlcpp-empty32/runs/lg_lacam_fork_tl_agent/empty-32-32/empty-32-32-random-3_a50_s0_r0,1173,0.005,"{""agents"": ""50"", ""comp_time"": ""5"", ""makespan"": ""57"", ""makespan_lb"": ""57"", ""map_file"": ""empty-32-32.map"", ""seed"": ""0"", ""soc"": ""1173"", ""soc_lb"": ""1080"", ""solved"": ""1"", ""solver"": ""planner"", ""sum_of_loss"": ""1103"", ""sum_of_loss_lb"": ""1080""}"
lg_lacam_fork:tl,"LaCAM + traffic load (tie-break, per config)",empty-32-32,empty-32-32-random-3,50,1,30.0,solved,0.049134,0.003,1211,57,1101,1080,57,1.121296,0,,/home/carsten/Projects/MAPF/MAPF Evaluator/results/tlcpp-empty32/runs/lg_lacam_fork_tl/empty-32-32/empty-32-32-random-3_a50_s1_r0,1211,0.003,"{""agents"": ""50"", ""comp_time"": ""3"", ""makespan"": ""57"", ""makespan_lb"": ""57"", ""map_file"": ""empty-32-32.map"", ""seed"": ""1"", ""soc"": ""1211"", ""soc_lb"": ""1080"", ""solved"": ""1"", ""solver"": ""planner"", ""sum_of_loss"": ""1114"", ""sum_of_loss_lb"": ""1080""}"
lg_lacam_fork:tl,"LaCAM + traffic load (tie-break, per config)",empty-32-32,empty-32-32-random-3,50,2,30.0,solved,0.029665,0.004,1247,57,1104,1080,57,1.15463,0,,/home/carsten/Projects/MAPF/MAPF Evaluator/results/tlcpp-empty32/runs/lg_lacam_fork_tl/empty-32-32/empty-32-32-random-3_a50_s2_r0,1247,0.004,"{""agents"": ""50"", ""comp_time"": ""4"", ""makespan"": ""57"", ""makespan_lb"": ""57"", ""map_file"": ""empty-32-32.map"", ""seed"": ""2"", ""soc"": ""1247"", ""soc_lb"": ""1080"", ""solved"": ""1"", ""solver"": ""planner"", ""sum_of_loss"": ""1119"", ""sum_of_loss_lb"": ""1080""}"
lg_lacam_fork:tl_agent,"LaCAM + traffic load (tie-break, per agent)",empty-32-32,empty-32-32-random-3,50,1,30.0,solved,0.020521,0.004,1213,57,1099,1080,57,1.123148,0,,/home/carsten/Projects/MAPF/MAPF Evaluator/results/tlcpp-empty32/runs/lg_lacam_fork_tl_agent/empty-32-32/empty-32-32-random-3_a50_s1_r0,1213,0.004,"{""agents"": ""50"", ""comp_time"": ""4"", ""makespan"": ""57"", ""makespan_lb"": ""57"", ""map_file"": ""empty-32-32.map"", ""seed"": ""1"", ""soc"": ""1213"", ""soc_lb"": ""1080"", ""solved"": ""1"", ""solver"": ""planner"", ""sum_of_loss"": ""1113"", ""sum_of_loss_lb"": ""1080""}"
lg_lacam_fork:tl_static,LaCAM + traffic load (static map from starts),empty-32-32,empty-32-32-random-3,50,1,30.0,solved,0.027699,0.003,1347,57,1148,1080,57,1.247222,0,,/home/carsten/Projects/MAPF/MAPF Evaluator/results/tlcpp-empty32/runs/lg_lacam_fork_tl_static/empty-32-32/empty-32-32-random-3_a50_s1_r0,1347,0.003,"{""agents"": ""50"", ""comp_time"": ""3"", ""makespan"": ""57"", ""makespan_lb"": ""57"", ""map_file"": ""empty-32-32.map"", ""seed"": ""1"", ""soc"": ""1347"", ""soc_lb"": ""1080"", ""solved"": ""1"", ""solver"": ""planner"", ""sum_of_loss"": ""1168"", ""sum_of_loss_lb"": ""1080""}"
lg_lacam_fork:tl_agent,"LaCAM + traffic load (tie-break, per agent)",empty-32-32,empty-32-32-random-3,50,2,30.0,solved,0.056059,0.005,1220,57,1095,1080,57,1.12963,0,,/home/carsten/Projects/MAPF/MAPF Evaluator/results/tlcpp-empty32/runs/lg_lacam_fork_tl_agent/empty-32-32/empty-32-32-random-3_a50_s2_r0,1220,0.005,"{""agents"": ""50"", ""comp_time"": ""5"", ""makespan"": ""57"", ""makespan_lb"": ""57"", ""map_file"": ""empty-32-32.map"", ""seed"": ""2"", ""soc"": ""1220"", ""soc_lb"": ""1080"", ""solved"": ""1"", ""solver"": ""planner"", ""sum_of_loss"": ""1107"", ""sum_of_loss_lb"": ""1080""}"
lg_lacam_fork:tl_static,LaCAM + traffic load (static map from starts),empty-32-32,empty-32-32-random-3,50,0,30.0,solved,0.03071,0.002,1348,57,1157,1080,57,1.248148,0,,/home/carsten/Projects/MAPF/MAPF Evaluator/results/tlcpp-empty32/runs/lg_lacam_fork_tl_static/empty-32-32/empty-32-32-random-3_a50_s0_r0,1348,0.002,"{""agents"": ""50"", ""comp_time"": ""2"", ""makespan"": ""57"", ""makespan_lb"": ""57"", ""map_file"": ""empty-32-32.map"", ""seed"": ""0"", ""soc"": ""1348"", ""soc_lb"": ""1080"", ""solved"": ""1"", ""solver"": ""planner"", ""sum_of_loss"": ""1178"", ""sum_of_loss_lb"": ""1080""}"
lg_lacam_fork:tl_static,LaCAM + traffic load (static map from starts),empty-32-32,empty-32-32-random-3,50,2,30.0,solved,0.050615,0.002,1349,57,1157,1080,57,1.249074,0,,/home/carsten/Projects/MAPF/MAPF Evaluator/results/tlcpp-empty32/runs/lg_lacam_fork_tl_static/empty-32-32/empty-32-32-random-3_a50_s2_r0,1349,0.002,"{""agents"": ""50"", ""comp_time"": ""2"", ""makespan"": ""57"", ""makespan_lb"": ""57"", ""map_file"": ""empty-32-32.map"", ""seed"": ""2"", ""soc"": ""1349"", ""soc_lb"": ""1080"", ""solved"": ""1"", ""solver"": ""planner"", ""sum_of_loss"": ""1178"", ""sum_of_loss_lb"": ""1080""}"
lg_lacam_fork:suo,LaCAM3 = SUO (first solution),empty-32-32,empty-32-32-random-3,50,0,30.0,solved,0.057673,0.003,1094,57,1094,1080,57,1.012963,0,,/home/carsten/Projects/MAPF/MAPF Evaluator/results/tlcpp-empty32/runs/lg_lacam_fork_suo/empty-32-32/empty-32-32-random-3_a50_s0_r0,1094,0.003,"{""agents"": ""50"", ""comp_time"": ""3"", ""makespan"": ""57"", ""makespan_lb"": ""57"", ""map_file"": ""empty-32-32.map"", ""seed"": ""0"", ""soc"": ""1094"", ""soc_lb"": ""1080"", ""solved"": ""1"", ""solver"": ""planner"", ""sum_of_loss"": ""1094"", ""sum_of_loss_lb"": ""1080""}"
lg_lacam_fork:suo,LaCAM3 = SUO (first solution),empty-32-32,empty-32-32-random-3,50,1,30.0,solved,0.034753,0.003,1092,57,1092,1080,57,1.011111,0,,/home/carsten/Projects/MAPF/MAPF Evaluator/results/tlcpp-empty32/runs/lg_lacam_fork_suo/empty-32-32/empty-32-32-random-3_a50_s1_r0,1092,0.003,"{""agents"": ""50"", ""comp_time"": ""3"", ""makespan"": ""57"", ""makespan_lb"": ""57"", ""map_file"": ""empty-32-32.map"", ""seed"": ""1"", ""soc"": ""1092"", ""soc_lb"": ""1080"", ""solved"": ""1"", ""solver"": ""planner"", ""sum_of_loss"": ""1092"", ""sum_of_loss_lb"": ""1080""}"
lg_lacam_fork:suo,LaCAM3 = SUO (first solution),empty-32-32,empty-32-32-random-3,50,2,30.0,solved,0.033634,0.003,1090,57,1090,1080,57,1.009259,0,,/home/carsten/Projects/MAPF/MAPF Evaluator/results/tlcpp-empty32/runs/lg_lacam_fork_suo/empty-32-32/empty-32-32-random-3_a50_s2_r0,1090,0.003,"{""agents"": ""50"", ""comp_time"": ""3"", ""makespan"": ""57"", ""makespan_lb"": ""57"", ""map_file"": ""empty-32-32.map"", ""seed"": ""2"", ""soc"": ""1090"", ""soc_lb"": ""1080"", ""solved"": ""1"", ""solver"": ""planner"", ""sum_of_loss"": ""1090"", ""sum_of_loss_lb"": ""1080""}"
lg_lacam_fork:suo_tl,SUO + traffic load,empty-32-32,empty-32-32-random-3,50,0,30.0,solved,0.037682,0.004,1094,57,1094,1080,57,1.012963,0,,/home/carsten/Projects/MAPF/MAPF Evaluator/results/tlcpp-empty32/runs/lg_lacam_fork_suo_tl/empty-32-32/empty-32-32-random-3_a50_s0_r0,1094,0.004,"{""agents"": ""50"", ""comp_time"": ""4"", ""makespan"": ""57"", ""makespan_lb"": ""57"", ""map_file"": ""empty-32-32.map"", ""seed"": ""0"", ""soc"": ""1094"", ""soc_lb"": ""1080"", ""solved"": ""1"", ""solver"": ""planner"", ""sum_of_loss"": ""1094"", ""sum_of_loss_lb"": ""1080""}"
lg_lacam_fork:suo_tl,SUO + traffic load,empty-32-32,empty-32-32-random-3,50,1,30.0,solved,0.022232,0.004,1092,57,1092,1080,57,1.011111,0,,/home/carsten/Projects/MAPF/MAPF Evaluator/results/tlcpp-empty32/runs/lg_lacam_fork_suo_tl/empty-32-32/empty-32-32-random-3_a50_s1_r0,1092,0.004,"{""agents"": ""50"", ""comp_time"": ""4"", ""makespan"": ""57"", ""makespan_lb"": ""57"", ""map_file"": ""empty-32-32.map"", ""seed"": ""1"", ""soc"": ""1092"", ""soc_lb"": ""1080"", ""solved"": ""1"", ""solver"": ""planner"", ""sum_of_loss"": ""1092"", ""sum_of_loss_lb"": ""1080""}"
lg_lacam_fork:suo_tl,SUO + traffic load,empty-32-32,empty-32-32-random-3,50,2,30.0,solved,0.037715,0.006,1090,57,1090,1080,57,1.009259,0,,/home/carsten/Projects/MAPF/MAPF Evaluator/results/tlcpp-empty32/runs/lg_lacam_fork_suo_tl/empty-32-32/empty-32-32-random-3_a50_s2_r0,1090,0.006,"{""agents"": ""50"", ""comp_time"": ""6"", ""makespan"": ""57"", ""makespan_lb"": ""57"", ""map_file"": ""empty-32-32.map"", ""seed"": ""2"", ""soc"": ""1090"", ""soc_lb"": ""1080"", ""solved"": ""1"", ""solver"": ""planner"", ""sum_of_loss"": ""1090"", ""sum_of_loss_lb"": ""1080""}"
lg_lacam_fork:lg,"LG-LaCAM (window 20, first solution)",empty-32-32,empty-32-32-random-3,50,0,30.0,solved,0.080651,0.006,1086,57,1086,1080,57,1.005556,0,,/home/carsten/Projects/MAPF/MAPF Evaluator/results/tlcpp-empty32/runs/lg_lacam_fork_lg/empty-32-32/empty-32-32-random-3_a50_s0_r0,1086,0.006,"{""agents"": ""50"", ""comp_time"": ""6"", ""makespan"": ""57"", ""makespan_lb"": ""57"", ""map_file"": ""empty-32-32.map"", ""seed"": ""0"", ""soc"": ""1086"", ""soc_lb"": ""1080"", ""solved"": ""1"", ""solver"": ""planner"", ""sum_of_loss"": ""1086"", ""sum_of_loss_lb"": ""1080""}"
lg_lacam_fork:lg,"LG-LaCAM (window 20, first solution)",empty-32-32,empty-32-32-random-3,50,1,30.0,solved,0.056216,0.005,1086,57,1086,1080,57,1.005556,0,,/home/carsten/Projects/MAPF/MAPF Evaluator/results/tlcpp-empty32/runs/lg_lacam_fork_lg/empty-32-32/empty-32-32-random-3_a50_s1_r0,1086,0.005,"{""agents"": ""50"", ""comp_time"": ""5"", ""makespan"": ""57"", ""makespan_lb"": ""57"", ""map_file"": ""empty-32-32.map"", ""seed"": ""1"", ""soc"": ""1086"", ""soc_lb"": ""1080"", ""solved"": ""1"", ""solver"": ""planner"", ""sum_of_loss"": ""1086"", ""sum_of_loss_lb"": ""1080""}"
lg_lacam_fork:lg,"LG-LaCAM (window 20, first solution)",empty-32-32,empty-32-32-random-3,50,2,30.0,solved,0.058503,0.005,1084,57,1084,1080,57,1.003704,0,,/home/carsten/Projects/MAPF/MAPF Evaluator/results/tlcpp-empty32/runs/lg_lacam_fork_lg/empty-32-32/empty-32-32-random-3_a50_s2_r0,1084,0.005,"{""agents"": ""50"", ""comp_time"": ""5"", ""makespan"": ""57"", ""makespan_lb"": ""57"", ""map_file"": ""empty-32-32.map"", ""seed"": ""2"", ""soc"": ""1084"", ""soc_lb"": ""1080"", ""solved"": ""1"", ""solver"": ""planner"", ""sum_of_loss"": ""1084"", ""sum_of_loss_lb"": ""1080""}"
lg_lacam_fork:lg_tl,LG-LaCAM (window 20) + traffic load,empty-32-32,empty-32-32-random-3,50,0,30.0,solved,0.058418,0.006,1086,57,1086,1080,57,1.005556,0,,/home/carsten/Projects/MAPF/MAPF Evaluator/results/tlcpp-empty32/runs/lg_lacam_fork_lg_tl/empty-32-32/empty-32-32-random-3_a50_s0_r0,1086,0.006,"{""agents"": ""50"", ""comp_time"": ""6"", ""makespan"": ""57"", ""makespan_lb"": ""57"", ""map_file"": ""empty-32-32.map"", ""seed"": ""0"", ""soc"": ""1086"", ""soc_lb"": ""1080"", ""solved"": ""1"", ""solver"": ""planner"", ""sum_of_loss"": ""1086"", ""sum_of_loss_lb"": ""1080""}"
lg_lacam_fork:lg_tl,LG-LaCAM (window 20) + traffic load,empty-32-32,empty-32-32-random-3,50,1,30.0,solved,0.030793,0.006,1086,57,1086,1080,57,1.005556,0,,/home/carsten/Projects/MAPF/MAPF Evaluator/results/tlcpp-empty32/runs/lg_lacam_fork_lg_tl/empty-32-32/empty-32-32-random-3_a50_s1_r0,1086,0.006,"{""agents"": ""50"", ""comp_time"": ""6"", ""makespan"": ""57"", ""makespan_lb"": ""57"", ""map_file"": ""empty-32-32.map"", ""seed"": ""1"", ""soc"": ""1086"", ""soc_lb"": ""1080"", ""solved"": ""1"", ""solver"": ""planner"", ""sum_of_loss"": ""1086"", ""sum_of_loss_lb"": ""1080""}"
lg_lacam_fork:lg_tl,LG-LaCAM (window 20) + traffic load,empty-32-32,empty-32-32-random-3,50,2,30.0,solved,0.041524,0.006,1084,57,1084,1080,57,1.003704,0,,/home/carsten/Projects/MAPF/MAPF Evaluator/results/tlcpp-empty32/runs/lg_lacam_fork_lg_tl/empty-32-32/empty-32-32-random-3_a50_s2_r0,1084,0.006,"{""agents"": ""50"", ""comp_time"": ""6"", ""makespan"": ""57"", ""makespan_lb"": ""57"", ""map_file"": ""empty-32-32.map"", ""seed"": ""2"", ""soc"": ""1084"", ""soc_lb"": ""1080"", ""solved"": ""1"", ""solver"": ""planner"", ""sum_of_loss"": ""1084"", ""sum_of_loss_lb"": ""1080""}"
lg_lacam_fork:lg_suo,LG-LaCAM (window 20) + SUO,empty-32-32,empty-32-32-random-3,50,0,30.0,solved,0.061364,0.006,1085,57,1085,1080,57,1.00463,0,,/home/carsten/Projects/MAPF/MAPF Evaluator/results/tlcpp-empty32/runs/lg_lacam_fork_lg_suo/empty-32-32/empty-32-32-random-3_a50_s0_r0,1085,0.006,"{""agents"": ""50"", ""comp_time"": ""6"", ""makespan"": ""57"", ""makespan_lb"": ""57"", ""map_file"": ""empty-32-32.map"", ""seed"": ""0"", ""soc"": ""1085"", ""soc_lb"": ""1080"", ""solved"": ""1"", ""solver"": ""planner"", ""sum_of_loss"": ""1085"", ""sum_of_loss_lb"": ""1080""}"
lg_lacam_fork:lg_suo,LG-LaCAM (window 20) + SUO,empty-32-32,empty-32-32-random-3,50,1,30.0,solved,0.076263,0.006,1084,57,1084,1080,57,1.003704,0,,/home/carsten/Projects/MAPF/MAPF Evaluator/results/tlcpp-empty32/runs/lg_lacam_fork_lg_suo/empty-32-32/empty-32-32-random-3_a50_s1_r0,1084,0.006,"{""agents"": ""50"", ""comp_time"": ""6"", ""makespan"": ""57"", ""makespan_lb"": ""57"", ""map_file"": ""empty-32-32.map"", ""seed"": ""1"", ""soc"": ""1084"", ""soc_lb"": ""1080"", ""solved"": ""1"", ""solver"": ""planner"", ""sum_of_loss"": ""1084"", ""sum_of_loss_lb"": ""1080""}"
lg_lacam_fork:lg_suo_tl,LG-LaCAM (window 20) + SUO + traffic load,empty-32-32,empty-32-32-random-3,50,0,30.0,solved,0.018027,0.009,1085,57,1085,1080,57,1.00463,0,,/home/carsten/Projects/MAPF/MAPF Evaluator/results/tlcpp-empty32/runs/lg_lacam_fork_lg_suo_tl/empty-32-32/empty-32-32-random-3_a50_s0_r0,1085,0.009,"{""agents"": ""50"", ""comp_time"": ""9"", ""makespan"": ""57"", ""makespan_lb"": ""57"", ""map_file"": ""empty-32-32.map"", ""seed"": ""0"", ""soc"": ""1085"", ""soc_lb"": ""1080"", ""solved"": ""1"", ""solver"": ""planner"", ""sum_of_loss"": ""1085"", ""sum_of_loss_lb"": ""1080""}"
lg_lacam_fork:lg_suo,LG-LaCAM (window 20) + SUO,empty-32-32,empty-32-32-random-3,50,2,30.0,solved,0.031384,0.006,1085,57,1085,1080,57,1.00463,0,,/home/carsten/Projects/MAPF/MAPF Evaluator/results/tlcpp-empty32/runs/lg_lacam_fork_lg_suo/empty-32-32/empty-32-32-random-3_a50_s2_r0,1085,0.006,"{""agents"": ""50"", ""comp_time"": ""6"", ""makespan"": ""57"", ""makespan_lb"": ""57"", ""map_file"": ""empty-32-32.map"", ""seed"": ""2"", ""soc"": ""1085"", ""soc_lb"": ""1080"", ""solved"": ""1"", ""solver"": ""planner"", ""sum_of_loss"": ""1085"", ""sum_of_loss_lb"": ""1080""}"
lg_lacam_fork:lg_suo_tl,LG-LaCAM (window 20) + SUO + traffic load,empty-32-32,empty-32-32-random-3,50,1,30.0,solved,0.079338,0.008,1084,57,1084,1080,57,1.003704,0,,/home/carsten/Projects/MAPF/MAPF Evaluator/results/tlcpp-empty32/runs/lg_lacam_fork_lg_suo_tl/empty-32-32/empty-32-32-random-3_a50_s1_r0,1084,0.008,"{""agents"": ""50"", ""comp_time"": ""8"", ""makespan"": ""57"", ""makespan_lb"": ""57"", ""map_file"": ""empty-32-32.map"", ""seed"": ""1"", ""soc"": ""1084"", ""soc_lb"": ""1080"", ""solved"": ""1"", ""solver"": ""planner"", ""sum_of_loss"": ""1084"", ""sum_of_loss_lb"": ""1080""}"
lg_lacam_fork:lg_suo_tl,LG-LaCAM (window 20) + SUO + traffic load,empty-32-32,empty-32-32-random-3,50,2,30.0,solved,0.066995,0.024,1085,57,1085,1080,57,1.00463,0,,/home/carsten/Projects/MAPF/MAPF Evaluator/results/tlcpp-empty32/runs/lg_lacam_fork_lg_suo_tl/empty-32-32/empty-32-32-random-3_a50_s2_r0,1085,0.024,"{""agents"": ""50"", ""comp_time"": ""24"", ""makespan"": ""57"", ""makespan_lb"": ""57"", ""map_file"": ""empty-32-32.map"", ""seed"": ""2"", ""soc"": ""1085"", ""soc_lb"": ""1080"", ""solved"": ""1"", ""solver"": ""planner"", ""sum_of_loss"": ""1085"", ""sum_of_loss_lb"": ""1080""}"
lg_lacam_fork:lacam,"LaCAM (no guidance, first solution)",empty-32-32,empty-32-32-random-3,100,0,30.0,solved,0.04531,0.007,2710,57,2352,2137,57,1.268133,0,,/home/carsten/Projects/MAPF/MAPF Evaluator/results/tlcpp-empty32/runs/lg_lacam_fork_lacam/empty-32-32/empty-32-32-random-3_a100_s0_r0,2710,0.007,"{""agents"": ""100"", ""comp_time"": ""7"", ""makespan"": ""57"", ""makespan_lb"": ""57"", ""map_file"": ""empty-32-32.map"", ""seed"": ""0"", ""soc"": ""2710"", ""soc_lb"": ""2137"", ""solved"": ""1"", ""solver"": ""planner"", ""sum_of_loss"": ""2410"", ""sum_of_loss_lb"": ""2137""}"
lg_lacam_fork:lacam,"LaCAM (no guidance, first solution)",empty-32-32,empty-32-32-random-3,100,1,30.0,solved,0.112741,0.018,2731,57,2369,2137,57,1.27796,0,,/home/carsten/Projects/MAPF/MAPF Evaluator/results/tlcpp-empty32/runs/lg_lacam_fork_lacam/empty-32-32/empty-32-32-random-3_a100_s1_r0,2731,0.018,"{""agents"": ""100"", ""comp_time"": ""18"", ""makespan"": ""57"", ""makespan_lb"": ""57"", ""map_file"": ""empty-32-32.map"", ""seed"": ""1"", ""soc"": ""2731"", ""soc_lb"": ""2137"", ""solved"": ""1"", ""solver"": ""planner"", ""sum_of_loss"": ""2427"", ""sum_of_loss_lb"": ""2137""}"
lg_lacam_fork:tl,"LaCAM + traffic load (tie-break, per config)",empty-32-32,empty-32-32-random-3,100,2,30.0,solved,0.072415,0.021,2610,57,2229,2137,57,1.221338,0,,/home/carsten/Projects/MAPF/MAPF Evaluator/results/tlcpp-empty32/runs/lg_lacam_fork_tl/empty-32-32/empty-32-32-random-3_a100_s2_r0,2610,0.021,"{""agents"": ""100"", ""comp_time"": ""21"", ""makespan"": ""57"", ""makespan_lb"": ""57"", ""map_file"": ""empty-32-32.map"", ""seed"": ""2"", ""soc"": ""2610"", ""soc_lb"": ""2137"", ""solved"": ""1"", ""solver"": ""planner"", ""sum_of_loss"": ""2276"", ""sum_of_loss_lb"": ""2137""}"
lg_lacam_fork:lacam,"LaCAM (no guidance, first solution)",empty-32-32,empty-32-32-random-3,100,2,30.0,solved,0.173566,0.073,2716,57,2315,2137,57,1.270941,0,,/home/carsten/Projects/MAPF/MAPF Evaluator/results/tlcpp-empty32/runs/lg_lacam_fork_lacam/empty-32-32/empty-32-32-random-3_a100_s2_r0,2716,0.073,"{""agents"": ""100"", ""comp_time"": ""73"", ""makespan"": ""57"", ""makespan_lb"": ""57"", ""map_file"": ""empty-32-32.map"", ""seed"": ""2"", ""soc"": ""2716"", ""soc_lb"": ""2137"", ""solved"": ""1"", ""solver"": ""planner"", ""sum_of_loss"": ""2370"", ""sum_of_loss_lb"": ""2137""}"
lg_lacam_fork:tl,"LaCAM + traffic load (tie-break, per config)",empty-32-32,empty-32-32-random-3,100,1,30.0,solved,0.117829,0.032,2547,57,2218,2137,57,1.191858,0,,/home/carsten/Projects/MAPF/MAPF Evaluator/results/tlcpp-empty32/runs/lg_lacam_fork_tl/empty-32-32/empty-32-32-random-3_a100_s1_r0,2547,0.032,"{""agents"": ""100"", ""comp_time"": ""32"", ""makespan"": ""57"", ""makespan_lb"": ""57"", ""map_file"": ""empty-32-32.map"", ""seed"": ""1"", ""soc"": ""2547"", ""soc_lb"": ""2137"", ""solved"": ""1"", ""solver"": ""planner"", ""sum_of_loss"": ""2262"", ""sum_of_loss_lb"": ""2137""}"
lg_lacam_fork:tl,"LaCAM + traffic load (tie-break, per config)",empty-32-32,empty-32-32-random-3,100,0,30.0,solved,0.233968,0.152,2597,57,2223,2137,57,1.215255,0,,/home/carsten/Projects/MAPF/MAPF Evaluator/results/tlcpp-empty32/runs/lg_lacam_fork_tl/empty-32-32/empty-32-32-random-3_a100_s0_r0,2597,0.152,"{""agents"": ""100"", ""comp_time"": ""152"", ""makespan"": ""57"", ""makespan_lb"": ""57"", ""map_file"": ""empty-32-32.map"", ""seed"": ""0"", ""soc"": ""2597"", ""soc_lb"": ""2137"", ""solved"": ""1"", ""solver"": ""planner"", ""sum_of_loss"": ""2267"", ""sum_of_loss_lb"": ""2137""}"
lg_lacam_fork:tl_agent,"LaCAM + traffic load (tie-break, per agent)",empty-32-32,empty-32-32-random-3,100,0,30.0,solved,0.047151,0.019,2631,57,2245,2137,57,1.231165,0,,/home/carsten/Projects/MAPF/MAPF Evaluator/results/tlcpp-empty32/runs/lg_lacam_fork_tl_agent/empty-32-32/empty-32-32-random-3_a100_s0_r0,2631,0.019,"{""agents"": ""100"", ""comp_time"": ""19"", ""makespan"": ""57"", ""makespan_lb"": ""57"", ""map_file"": ""empty-32-32.map"", ""seed"": ""0"", ""soc"": ""2631"", ""soc_lb"": ""2137"", ""solved"": ""1"", ""solver"": ""planner"", ""sum_of_loss"": ""2294"", ""sum_of_loss_lb"": ""2137""}"
lg_lacam_fork:tl_agent,"LaCAM + traffic load (tie-break, per agent)",empty-32-32,empty-32-32-random-3,100,1,30.0,solved,0.061183,0.038,2633,57,2242,2137,57,1.232101,0,,/home/carsten/Projects/MAPF/MAPF Evaluator/results/tlcpp-empty32/runs/lg_lacam_fork_tl_agent/empty-32-32/empty-32-32-random-3_a100_s1_r0,2633,0.038,"{""agents"": ""100"", ""comp_time"": ""38"", ""makespan"": ""57"", ""makespan_lb"": ""57"", ""map_file"": ""empty-32-32.map"", ""seed"": ""1"", ""soc"": ""2633"", ""soc_lb"": ""2137"", ""solved"": ""1"", ""solver"": ""planner"", ""sum_of_loss"": ""2290"", ""sum_of_loss_lb"": ""2137""}"
lg_lacam_fork:tl_agent,"LaCAM + traffic load (tie-break, per agent)",empty-32-32,empty-32-32-random-3,100,2,30.0,solved,0.06412,0.042,2609,57,2236,2137,57,1.22087,0,,/home/carsten/Projects/MAPF/MAPF Evaluator/results/tlcpp-empty32/runs/lg_lacam_fork_tl_agent/empty-32-32/empty-32-32-random-3_a100_s2_r0,2609,0.042,"{""agents"": ""100"", ""comp_time"": ""42"", ""makespan"": ""57"", ""makespan_lb"": ""57"", ""map_file"": ""empty-32-32.map"", ""seed"": ""2"", ""soc"": ""2609"", ""soc_lb"": ""2137"", ""solved"": ""1"", ""solver"": ""planner"", ""sum_of_loss"": ""2282"", ""sum_of_loss_lb"": ""2137""}"
lg_lacam_fork:tl_static,LaCAM + traffic load (static map from starts),empty-32-32,empty-32-32-random-3,100,0,30.0,solved,0.186204,0.078,2762,61,2368,2137,57,1.292466,0,,/home/carsten/Projects/MAPF/MAPF Evaluator/results/tlcpp-empty32/runs/lg_lacam_fork_tl_static/empty-32-32/empty-32-32-random-3_a100_s0_r0,2762,0.078,"{""agents"": ""100"", ""comp_time"": ""78"", ""makespan"": ""61"", ""makespan_lb"": ""57"", ""map_file"": ""empty-32-32.map"", ""seed"": ""0"", ""soc"": ""2762"", ""soc_lb"": ""2137"", ""solved"": ""1"", ""solver"": ""planner"", ""sum_of_loss"": ""2421"", ""sum_of_loss_lb"": ""2137""}"
lg_lacam_fork:tl_static,LaCAM + traffic load (static map from starts),empty-32-32,empty-32-32-random-3,100,2,30.0,solved,0.073167,0.02,2766,63,2373,2137,57,1.294338,0,,/home/carsten/Projects/MAPF/MAPF Evaluator/results/tlcpp-empty32/runs/lg_lacam_fork_tl_static/empty-32-32/empty-32-32-random-3_a100_s2_r0,2766,0.02,"{""agents"": ""100"", ""comp_time"": ""20"", ""makespan"": ""63"", ""makespan_lb"": ""57"", ""map_file"": ""empty-32-32.map"", ""seed"": ""2"", ""soc"": ""2766"", ""soc_lb"": ""2137"", ""solved"": ""1"", ""solver"": ""planner"", ""sum_of_loss"": ""2426"", ""sum_of_loss_lb"": ""2137""}"
lg_lacam_fork:tl_static,LaCAM + traffic load (static map from starts),empty-32-32,empty-32-32-random-3,100,1,30.0,solved,0.098529,0.055,2760,61,2366,2137,57,1.29153,0,,/home/carsten/Projects/MAPF/MAPF Evaluator/results/tlcpp-empty32/runs/lg_lacam_fork_tl_static/empty-32-32/empty-32-32-random-3_a100_s1_r0,2760,0.055,"{""agents"": ""100"", ""comp_time"": ""55"", ""makespan"": ""61"", ""makespan_lb"": ""57"", ""map_file"": ""empty-32-32.map"", ""seed"": ""1"", ""soc"": ""2760"", ""soc_lb"": ""2137"", ""solved"": ""1"", ""solver"": ""planner"", ""sum_of_loss"": ""2419"", ""sum_of_loss_lb"": ""2137""}"
lg_lacam_fork:suo,LaCAM3 = SUO (first solution),empty-32-32,empty-32-32-random-3,100,0,30.0,solved,0.061929,0.03,2175,57,2173,2137,57,1.017782,0,,/home/carsten/Projects/MAPF/MAPF Evaluator/results/tlcpp-empty32/runs/lg_lacam_fork_suo/empty-32-32/empty-32-32-random-3_a100_s0_r0,2175,0.03,"{""agents"": ""100"", ""comp_time"": ""30"", ""makespan"": ""57"", ""makespan_lb"": ""57"", ""map_file"": ""empty-32-32.map"", ""seed"": ""0"", ""soc"": ""2175"", ""soc_lb"": ""2137"", ""solved"": ""1"", ""solver"": ""planner"", ""sum_of_loss"": ""2174"", ""sum_of_loss_lb"": ""2137""}"
lg_lacam_fork:suo,LaCAM3 = SUO (first solution),empty-32-32,empty-32-32-random-3,100,1,30.0,solved,0.077006,0.047,2179,57,2179,2137,57,1.019654,0,,/home/carsten/Projects/MAPF/MAPF Evaluator/results/tlcpp-empty32/runs/lg_lacam_fork_suo/empty-32-32/empty-32-32-random-3_a100_s1_r0,2179,0.047,"{""agents"": ""100"", ""comp_time"": ""47"", ""makespan"": ""57"", ""makespan_lb"": ""57"", ""map_file"": ""empty-32-32.map"", ""seed"": ""1"", ""soc"": ""2179"", ""soc_lb"": ""2137"", ""solved"": ""1"", ""solver"": ""planner"", ""sum_of_loss"": ""2179"", ""sum_of_loss_lb"": ""2137""}"
lg_lacam_fork:suo,LaCAM3 = SUO (first solution),empty-32-32,empty-32-32-random-3,100,2,30.0,solved,0.101822,0.034,2181,57,2181,2137,57,1.02059,0,,/home/carsten/Projects/MAPF/MAPF Evaluator/results/tlcpp-empty32/runs/lg_lacam_fork_suo/empty-32-32/empty-32-32-random-3_a100_s2_r0,2181,0.034,"{""agents"": ""100"", ""comp_time"": ""34"", ""makespan"": ""57"", ""makespan_lb"": ""57"", ""map_file"": ""empty-32-32.map"", ""seed"": ""2"", ""soc"": ""2181"", ""soc_lb"": ""2137"", ""solved"": ""1"", ""solver"": ""planner"", ""sum_of_loss"": ""2181"", ""sum_of_loss_lb"": ""2137""}"
lg_lacam_fork:suo_tl,SUO + traffic load,empty-32-32,empty-32-32-random-3,100,0,30.0,solved,0.107048,0.028,2173,57,2173,2137,57,1.016846,0,,/home/carsten/Projects/MAPF/MAPF Evaluator/results/tlcpp-empty32/runs/lg_lacam_fork_suo_tl/empty-32-32/empty-32-32-random-3_a100_s0_r0,2173,0.028,"{""agents"": ""100"", ""comp_time"": ""28"", ""makespan"": ""57"", ""makespan_lb"": ""57"", ""map_file"": ""empty-32-32.map"", ""seed"": ""0"", ""soc"": ""2173"", ""soc_lb"": ""2137"", ""solved"": ""1"", ""solver"": ""planner"", ""sum_of_loss"": ""2173"", ""sum_of_loss_lb"": ""2137""}"
lg_lacam_fork:suo_tl,SUO + traffic load,empty-32-32,empty-32-32-random-3,100,1,30.0,solved,0.080975,0.044,2194,57,2179,2137,57,1.026673,0,,/home/carsten/Projects/MAPF/MAPF Evaluator/results/tlcpp-empty32/runs/lg_lacam_fork_suo_tl/empty-32-32/empty-32-32-random-3_a100_s1_r0,2194,0.044,"{""agents"": ""100"", ""comp_time"": ""44"", ""makespan"": ""57"", ""makespan_lb"": ""57"", ""map_file"": ""empty-32-32.map"", ""seed"": ""1"", ""soc"": ""2194"", ""soc_lb"": ""2137"", ""solved"": ""1"", ""solver"": ""planner"", ""sum_of_loss"": ""2181"", ""sum_of_loss_lb"": ""2137""}"
lg_lacam_fork:lg,"LG-LaCAM (window 20, first solution)",empty-32-32,empty-32-32-random-3,100,1,30.0,solved,0.073111,0.04,2157,57,2157,2137,57,1.009359,0,,/home/carsten/Projects/MAPF/MAPF Evaluator/results/tlcpp-empty32/runs/lg_lacam_fork_lg/empty-32-32/empty-32-32-random-3_a100_s1_r0,2157,0.04,"{""agents"": ""100"", ""comp_time"": ""40"", ""makespan"": ""57"", ""makespan_lb"": ""57"", ""map_file"": ""empty-32-32.map"", ""seed"": ""1"", ""soc"": ""2157"", ""soc_lb"": ""2137"", ""solved"": ""1"", ""solver"": ""planner"", ""sum_of_loss"": ""2157"", ""sum_of_loss_lb"": ""2137""}"
lg_lacam_fork:lg,"LG-LaCAM (window 20, first solution)",empty-32-32,empty-32-32-random-3,100,2,30.0,solved,0.08888,0.033,2159,57,2159,2137,57,1.010295,0,,/home/carsten/Projects/MAPF/MAPF Evaluator/results/tlcpp-empty32/runs/lg_lacam_fork_lg/empty-32-32/empty-32-32-random-3_a100_s2_r0,2159,0.033,"{""agents"": ""100"", ""comp_time"": ""33"", ""makespan"": ""57"", ""makespan_lb"": ""57"", ""map_file"": ""empty-32-32.map"", ""seed"": ""2"", ""soc"": ""2159"", ""soc_lb"": ""2137"", ""solved"": ""1"", ""solver"": ""planner"", ""sum_of_loss"": ""2159"", ""sum_of_loss_lb"": ""2137""}"
lg_lacam_fork:lg,"LG-LaCAM (window 20, first solution)",empty-32-32,empty-32-32-random-3,100,0,30.0,solved,0.148674,0.072,2160,57,2160,2137,57,1.010763,0,,/home/carsten/Projects/MAPF/MAPF Evaluator/results/tlcpp-empty32/runs/lg_lacam_fork_lg/empty-32-32/empty-32-32-random-3_a100_s0_r0,2160,0.072,"{""agents"": ""100"", ""comp_time"": ""72"", ""makespan"": ""57"", ""makespan_lb"": ""57"", ""map_file"": ""empty-32-32.map"", ""seed"": ""0"", ""soc"": ""2160"", ""soc_lb"": ""2137"", ""solved"": ""1"", ""solver"": ""planner"", ""sum_of_loss"": ""2160"", ""sum_of_loss_lb"": ""2137""}"
lg_lacam_fork:suo_tl,SUO + traffic load,empty-32-32,empty-32-32-random-3,100,2,30.0,solved,0.272754,0.22,2181,57,2181,2137,57,1.02059,0,,/home/carsten/Projects/MAPF/MAPF Evaluator/results/tlcpp-empty32/runs/lg_lacam_fork_suo_tl/empty-32-32/empty-32-32-random-3_a100_s2_r0,2181,0.22,"{""agents"": ""100"", ""comp_time"": ""220"", ""makespan"": ""57"", ""makespan_lb"": ""57"", ""map_file"": ""empty-32-32.map"", ""seed"": ""2"", ""soc"": ""2181"", ""soc_lb"": ""2137"", ""solved"": ""1"", ""solver"": ""planner"", ""sum_of_loss"": ""2181"", ""sum_of_loss_lb"": ""2137""}"
lg_lacam_fork:lg_tl,LG-LaCAM (window 20) + traffic load,empty-32-32,empty-32-32-random-3,100,0,30.0,solved,0.114583,0.061,2160,57,2160,2137,57,1.010763,0,,/home/carsten/Projects/MAPF/MAPF Evaluator/results/tlcpp-empty32/runs/lg_lacam_fork_lg_tl/empty-32-32/empty-32-32-random-3_a100_s0_r0,2160,0.061,"{""agents"": ""100"", ""comp_time"": ""61"", ""makespan"": ""57"", ""makespan_lb"": ""57"", ""map_file"": ""empty-32-32.map"", ""seed"": ""0"", ""soc"": ""2160"", ""soc_lb"": ""2137"", ""solved"": ""1"", ""solver"": ""planner"", ""sum_of_loss"": ""2160"", ""sum_of_loss_lb"": ""2137""}"
lg_lacam_fork:lg_tl,LG-LaCAM (window 20) + traffic load,empty-32-32,empty-32-32-random-3,100,2,30.0,solved,0.090142,0.046,2159,57,2159,2137,57,1.010295,0,,/home/carsten/Projects/MAPF/MAPF Evaluator/results/tlcpp-empty32/runs/lg_lacam_fork_lg_tl/empty-32-32/empty-32-32-random-3_a100_s2_r0,2159,0.046,"{""agents"": ""100"", ""comp_time"": ""46"", ""makespan"": ""57"", ""makespan_lb"": ""57"", ""map_file"": ""empty-32-32.map"", ""seed"": ""2"", ""soc"": ""2159"", ""soc_lb"": ""2137"", ""solved"": ""1"", ""solver"": ""planner"", ""sum_of_loss"": ""2159"", ""sum_of_loss_lb"": ""2137""}"
lg_lacam_fork:lg_suo,LG-LaCAM (window 20) + SUO,empty-32-32,empty-32-32-random-3,100,0,30.0,solved,0.208646,0.062,2160,57,2160,2137,57,1.010763,0,,/home/carsten/Projects/MAPF/MAPF Evaluator/results/tlcpp-empty32/runs/lg_lacam_fork_lg_suo/empty-32-32/empty-32-32-random-3_a100_s0_r0,2160,0.062,"{""agents"": ""100"", ""comp_time"": ""62"", ""makespan"": ""57"", ""makespan_lb"": ""57"", ""map_file"": ""empty-32-32.map"", ""seed"": ""0"", ""soc"": ""2160"", ""soc_lb"": ""2137"", ""solved"": ""1"", ""solver"": ""planner"", ""sum_of_loss"": ""2160"", ""sum_of_loss_lb"": ""2137""}"
lg_lacam_fork:lg_tl,LG-LaCAM (window 20) + traffic load,empty-32-32,empty-32-32-random-3,100,1,30.0,solved,0.356471,0.259,2157,57,2157,2137,57,1.009359,0,,/home/carsten/Projects/MAPF/MAPF Evaluator/results/tlcpp-empty32/runs/lg_lacam_fork_lg_tl/empty-32-32/empty-32-32-random-3_a100_s1_r0,2157,0.259,"{""agents"": ""100"", ""comp_time"": ""259"", ""makespan"": ""57"", ""makespan_lb"": ""57"", ""map_file"": ""empty-32-32.map"", ""seed"": ""1"", ""soc"": ""2157"", ""soc_lb"": ""2137"", ""solved"": ""1"", ""solver"": ""planner"", ""sum_of_loss"": ""2157"", ""sum_of_loss_lb"": ""2137""}"
lg_lacam_fork:lg_suo,LG-LaCAM (window 20) + SUO,empty-32-32,empty-32-32-random-3,100,2,30.0,solved,0.096906,0.059,2163,57,2163,2137,57,1.012167,0,,/home/carsten/Projects/MAPF/MAPF Evaluator/results/tlcpp-empty32/runs/lg_lacam_fork_lg_suo/empty-32-32/empty-32-32-random-3_a100_s2_r0,2163,0.059,"{""agents"": ""100"", ""comp_time"": ""59"", ""makespan"": ""57"", ""makespan_lb"": ""57"", ""map_file"": ""empty-32-32.map"", ""seed"": ""2"", ""soc"": ""2163"", ""soc_lb"": ""2137"", ""solved"": ""1"", ""solver"": ""planner"", ""sum_of_loss"": ""2163"", ""sum_of_loss_lb"": ""2137""}"
lg_lacam_fork:lg_suo,LG-LaCAM (window 20) + SUO,empty-32-32,empty-32-32-random-3,100,1,30.0,solved,0.333267,0.165,2157,57,2157,2137,57,1.009359,0,,/home/carsten/Projects/MAPF/MAPF Evaluator/results/tlcpp-empty32/runs/lg_lacam_fork_lg_suo/empty-32-32/empty-32-32-random-3_a100_s1_r0,2157,0.165,"{""agents"": ""100"", ""comp_time"": ""165"", ""makespan"": ""57"", ""makespan_lb"": ""57"", ""map_file"": ""empty-32-32.map"", ""seed"": ""1"", ""soc"": ""2157"", ""soc_lb"": ""2137"", ""solved"": ""1"", ""solver"": ""planner"", ""sum_of_loss"": ""2157"", ""sum_of_loss_lb"": ""2137""}"
lg_lacam_fork:lg_suo_tl,LG-LaCAM (window 20) + SUO + traffic load,empty-32-32,empty-32-32-random-3,100,1,30.0,solved,0.111612,0.071,2157,57,2157,2137,57,1.009359,0,,/home/carsten/Projects/MAPF/MAPF Evaluator/results/tlcpp-empty32/runs/lg_lacam_fork_lg_suo_tl/empty-32-32/empty-32-32-random-3_a100_s1_r0,2157,0.071,"{""agents"": ""100"", ""comp_time"": ""71"", ""makespan"": ""57"", ""makespan_lb"": ""57"", ""map_file"": ""empty-32-32.map"", ""seed"": ""1"", ""soc"": ""2157"", ""soc_lb"": ""2137"", ""solved"": ""1"", ""solver"": ""planner"", ""sum_of_loss"": ""2157"", ""sum_of_loss_lb"": ""2137""}"
lg_lacam_fork:lg_suo_tl,LG-LaCAM (window 20) + SUO + traffic load,empty-32-32,empty-32-32-random-3,100,2,30.0,solved,0.148537,0.087,2163,57,2163,2137,57,1.012167,0,,/home/carsten/Projects/MAPF/MAPF Evaluator/results/tlcpp-empty32/runs/lg_lacam_fork_lg_suo_tl/empty-32-32/empty-32-32-random-3_a100_s2_r0,2163,0.087,"{""agents"": ""100"", ""comp_time"": ""87"", ""makespan"": ""57"", ""makespan_lb"": ""57"", ""map_file"": ""empty-32-32.map"", ""seed"": ""2"", ""soc"": ""2163"", ""soc_lb"": ""2137"", ""solved"": ""1"", ""solver"": ""planner"", ""sum_of_loss"": ""2163"", ""sum_of_loss_lb"": ""2137""}"
lg_lacam_fork:lg_suo_tl,LG-LaCAM (window 20) + SUO + traffic load,empty-32-32,empty-32-32-random-3,100,0,30.0,solved,0.26834,0.105,2160,57,2160,2137,57,1.010763,0,,/home/carsten/Projects/MAPF/MAPF Evaluator/results/tlcpp-empty32/runs/lg_lacam_fork_lg_suo_tl/empty-32-32/empty-32-32-random-3_a100_s0_r0,2160,0.105,"{""agents"": ""100"", ""comp_time"": ""105"", ""makespan"": ""57"", ""makespan_lb"": ""57"", ""map_file"": ""empty-32-32.map"", ""seed"": ""0"", ""soc"": ""2160"", ""soc_lb"": ""2137"", ""solved"": ""1"", ""solver"": ""planner"", ""sum_of_loss"": ""2160"", ""sum_of_loss_lb"": ""2137""}"
lg_lacam_fork:lacam,"LaCAM (no guidance, first solution)",empty-32-32,empty-32-32-random-3,150,0,30.0,solved,0.117128,0.042,4303,57,3615,3135,57,1.372568,0,,/home/carsten/Projects/MAPF/MAPF Evaluator/results/tlcpp-empty32/runs/lg_lacam_fork_lacam/empty-32-32/empty-32-32-random-3_a150_s0_r0,4303,0.042,"{""agents"": ""150"", ""comp_time"": ""42"", ""makespan"": ""57"", ""makespan_lb"": ""57"", ""map_file"": ""empty-32-32.map"", ""seed"": ""0"", ""soc"": ""4303"", ""soc_lb"": ""3135"", ""solved"": ""1"", ""solver"": ""planner"", ""sum_of_loss"": ""3732"", ""sum_of_loss_lb"": ""3135""}"
lg_lacam_fork:lacam,"LaCAM (no guidance, first solution)",empty-32-32,empty-32-32-random-3,150,1,30.0,solved,0.04232,0.014,4281,57,3597,3135,57,1.36555,0,,/home/carsten/Projects/MAPF/MAPF Evaluator/results/tlcpp-empty32/runs/lg_lacam_fork_lacam/empty-32-32/empty-32-32-random-3_a150_s1_r0,4281,0.014,"{""agents"": ""150"", ""comp_time"": ""14"", ""makespan"": ""57"", ""makespan_lb"": ""57"", ""map_file"": ""empty-32-32.map"", ""seed"": ""1"", ""soc"": ""4281"", ""soc_lb"": ""3135"", ""solved"": ""1"", ""solver"": ""planner"", ""sum_of_loss"": ""3719"", ""sum_of_loss_lb"": ""3135""}"
lg_lacam_fork:tl,"LaCAM + traffic load (tie-break, per config)",empty-32-32,empty-32-32-random-3,150,0,30.0,solved,0.11712,0.029,3966,57,3387,3135,57,1.265072,0,,/home/carsten/Projects/MAPF/MAPF Evaluator/results/tlcpp-empty32/runs/lg_lacam_fork_tl/empty-32-32/empty-32-32-random-3_a150_s0_r0,3966,0.029,"{""agents"": ""150"", ""comp_time"": ""29"", ""makespan"": ""57"", ""makespan_lb"": ""57"", ""map_file"": ""empty-32-32.map"", ""seed"": ""0"", ""soc"": ""3966"", ""soc_lb"": ""3135"", ""solved"": ""1"", ""solver"": ""planner"", ""sum_of_loss"": ""3471"", ""sum_of_loss_lb"": ""3135""}"
lg_lacam_fork:lacam,"LaCAM (no guidance, first solution)",empty-32-32,empty-32-32-random-3,150,2,30.0,solved,0.066322,0.017,4374,57,3626,3135,57,1.395215,0,,/home/carsten/Projects/MAPF/MAPF Evaluator/results/tlcpp-empty32/runs/lg_lacam_fork_lacam/empty-32-32/empty-32-32-random-3_a150_s2_r0,4374,0.017,"{""agents"": ""150"", ""comp_time"": ""17"", ""makespan"": ""57"", ""makespan_lb"": ""57"", ""map_file"": ""empty-32-32.map"", ""seed"": ""2"", ""soc"": ""4374"", ""soc_lb"": ""3135"", ""solved"": ""1"", ""solver"": ""planner"", ""sum_of_loss"": ""3752"", ""sum_of_loss_lb"": ""3135""}"
lg_lacam_fork:tl,"LaCAM + traffic load (tie-break, per config)",empty-32-32,empty-32-32-random-3,150,1,30.0,solved,0.130427,0.046,3984,57,3383,3135,57,1.270813,0,,/home/carsten/Projects/MAPF/MAPF Evaluator/results/tlcpp-empty32/runs/lg_lacam_fork_tl/empty-32-32/empty-32-32-random-3_a150_s1_r0,3984,0.046,"{""agents"": ""150"", ""comp_time"": ""46"", ""makespan"": ""57"", ""makespan_lb"": ""57"", ""map_file"": ""empty-32-32.map"", ""seed"": ""1"", ""soc"": ""3984"", ""soc_lb"": ""3135"", ""solved"": ""1"", ""solver"": ""planner"", ""sum_of_loss"": ""3468"", ""sum_of_loss_lb"": ""3135""}"
lg_lacam_fork:tl,"LaCAM + traffic load (tie-break, per config)",empty-32-32,empty-32-32-random-3,150,2,30.0,solved,0.113832,0.061,3972,57,3384,3135,57,1.266986,0,,/home/carsten/Projects/MAPF/MAPF Evaluator/results/tlcpp-empty32/runs/lg_lacam_fork_tl/empty-32-32/empty-32-32-random-3_a150_s2_r0,3972,0.061,"{""agents"": ""150"", ""comp_time"": ""61"", ""makespan"": ""57"", ""makespan_lb"": ""57"", ""map_file"": ""empty-32-32.map"", ""seed"": ""2"", ""soc"": ""3972"", ""soc_lb"": ""3135"", ""solved"": ""1"", ""solver"": ""planner"", ""sum_of_loss"": ""3470"", ""sum_of_loss_lb"": ""3135""}"
lg_lacam_fork:tl_agent,"LaCAM + traffic load (tie-break, per agent)",empty-32-32,empty-32-32-random-3,150,0,30.0,solved,0.211707,0.074,4068,57,3380,3135,57,1.297608,0,,/home/carsten/Projects/MAPF/MAPF Evaluator/results/tlcpp-empty32/runs/lg_lacam_fork_tl_agent/empty-32-32/empty-32-32-random-3_a150_s0_r0,4068,0.074,"{""agents"": ""150"", ""comp_time"": ""74"", ""makespan"": ""57"", ""makespan_lb"": ""57"", ""map_file"": ""empty-32-32.map"", ""seed"": ""0"", ""soc"": ""4068"", ""soc_lb"": ""3135"", ""solved"": ""1"", ""solver"": ""planner"", ""sum_of_loss"": ""3475"", ""sum_of_loss_lb"": ""3135""}"
lg_lacam_fork:tl_agent,"LaCAM + traffic load (tie-break, per agent)",empty-32-32,empty-32-32-random-3,150,1,30.0,solved,0.222852,0.082,3983,57,3382,3135,57,1.270494,0,,/home/carsten/Projects/MAPF/MAPF Evaluator/results/tlcpp-empty32/runs/lg_lacam_fork_tl_agent/empty-32-32/empty-32-32-random-3_a150_s1_r0,3983,0.082,"{""agents"": ""150"", ""comp_time"": ""82"", ""makespan"": ""57"", ""makespan_lb"": ""57"", ""map_file"": ""empty-32-32.map"", ""seed"": ""1"", ""soc"": ""3983"", ""soc_lb"": ""3135"", ""solved"": ""1"", ""solver"": ""planner"", ""sum_of_loss"": ""3478"", ""sum_of_loss_lb"": ""3135""}"
lg_lacam_fork:tl_agent,"LaCAM + traffic load (tie-break, per agent)",empty-32-32,empty-32-32-random-3,150,2,30.0,solved,0.275452,0.085,4003,57,3373,3135,57,1.276874,0,,/home/carsten/Projects/MAPF/MAPF Evaluator/results/tlcpp-empty32/runs/lg_lacam_fork_tl_agent/empty-32-32/empty-32-32-random-3_a150_s2_r0,4003,0.085,"{""agents"": ""150"", ""comp_time"": ""85"", ""makespan"": ""57"", ""makespan_lb"": ""57"", ""map_file"": ""empty-32-32.map"", ""seed"": ""2"", ""soc"": ""4003"", ""soc_lb"": ""3135"", ""solved"": ""1"", ""solver"": ""planner"", ""sum_of_loss"": ""3470"", ""sum_of_loss_lb"": ""3135""}"
lg_lacam_fork:tl_static,LaCAM + traffic load (static map from starts),empty-32-32,empty-32-32-random-3,150,0,30.0,solved,0.114336,0.056,4380,59,3728,3135,57,1.397129,0,,/home/carsten/Projects/MAPF/MAPF Evaluator/results/tlcpp-empty32/runs/lg_lacam_fork_tl_static/empty-32-32/empty-32-32-random-3_a150_s0_r0,4380,0.056,"{""agents"": ""150"", ""comp_time"": ""56"", ""makespan"": ""59"", ""makespan_lb"": ""57"", ""map_file"": ""empty-32-32.map"", ""seed"": ""0"", ""soc"": ""4380"", ""soc_lb"": ""3135"", ""solved"": ""1"", ""solver"": ""planner"", ""sum_of_loss"": ""3849"", ""sum_of_loss_lb"": ""3135""}"
lg_lacam_fork:tl_static,LaCAM + traffic load (static map from starts),empty-32-32,empty-32-32-random-3,150,2,30.0,solved,0.079839,0.019,4417,64,3730,3135,57,1.408931,0,,/home/carsten/Projects/MAPF/MAPF Evaluator/results/tlcpp-empty32/runs/lg_lacam_fork_tl_static/empty-32-32/empty-32-32-random-3_a150_s2_r0,4417,0.019,"{""agents"": ""150"", ""comp_time"": ""19"", ""makespan"": ""64"", ""makespan_lb"": ""57"", ""map_file"": ""empty-32-32.map"", ""seed"": ""2"", ""soc"": ""4417"", ""soc_lb"": ""3135"", ""solved"": ""1"", ""solver"": ""planner"", ""sum_of_loss"": ""3853"", ""sum_of_loss_lb"": ""3135""}"
lg_lacam_fork:suo,LaCAM3 = SUO (first solution),empty-32-32,empty-32-32-random-3,150,0,30.0,solved,0.207833,0.062,3369,57,3276,3135,57,1.074641,0,,/home/carsten/Projects/MAPF/MAPF Evaluator/results/tlcpp-empty32/runs/lg_lacam_fork_suo/empty-32-32/empty-32-32-random-3_a150_s0_r0,3369,0.062,"{""agents"": ""150"", ""comp_time"": ""62"", ""makespan"": ""57"", ""makespan_lb"": ""57"", ""map_file"": ""empty-32-32.map"", ""seed"": ""0"", ""soc"": ""3369"", ""soc_lb"": ""3135"", ""solved"": ""1"", ""solver"": ""planner"", ""sum_of_loss"": ""3285"", ""sum_of_loss_lb"": ""3135""}"
lg_lacam_fork:tl_static,LaCAM + traffic load (static map from starts),empty-32-32,empty-32-32-random-3,150,1,30.0,solved,0.308079,0.029,4423,64,3735,3135,57,1.410845,0,,/home/carsten/Projects/MAPF/MAPF Evaluator/results/tlcpp-empty32/runs/lg_lacam_fork_tl_static/empty-32-32/empty-32-32-random-3_a150_s1_r0,4423,0.029,"{""agents"": ""150"", ""comp_time"": ""29"", ""makespan"": ""64"", ""makespan_lb"": ""57"", ""map_file"": ""empty-32-32.map"", ""seed"": ""1"", ""soc"": ""4423"", ""soc_lb"": ""3135"", ""solved"": ""1"", ""solver"": ""planner"", ""sum_of_loss"": ""3861"", ""sum_of_loss_lb"": ""3135""}"
lg_lacam_fork:suo,LaCAM3 = SUO (first solution),empty-32-32,empty-32-32-random-3,150,1,30.0,solved,0.132825,0.048,3387,57,3274,3135,57,1.080383,0,,/home/carsten/Projects/MAPF/MAPF Evaluator/results/tlcpp-empty32/runs/lg_lacam_fork_suo/empty-32-32/empty-32-32-random-3_a150_s1_r0,3387,0.048,"{""agents"": ""150"", ""comp_time"": ""48"", ""makespan"": ""57"", ""makespan_lb"": ""57"", ""map_file"": ""empty-32-32.map"", ""seed"": ""1"", ""soc"": ""3387"", ""soc_lb"": ""3135"", ""solved"": ""1"", ""solver"": ""planner"", ""sum_of_loss"": ""3286"", ""sum_of_loss_lb"": ""3135""}"
lg_lacam_fork:suo_tl,SUO + traffic load,empty-32-32,empty-32-32-random-3,150,0,30.0,solved,0.068415,0.041,3357,57,3278,3135,57,1.070813,0,,/home/carsten/Projects/MAPF/MAPF Evaluator/results/tlcpp-empty32/runs/lg_lacam_fork_suo_tl/empty-32-32/empty-32-32-random-3_a150_s0_r0,3357,0.041,"{""agents"": ""150"", ""comp_time"": ""41"", ""makespan"": ""57"", ""makespan_lb"": ""57"", ""map_file"": ""empty-32-32.map"", ""seed"": ""0"", ""soc"": ""3357"", ""soc_lb"": ""3135"", ""solved"": ""1"", ""solver"": ""planner"", ""sum_of_loss"": ""3286"", ""sum_of_loss_lb"": ""3135""}"
lg_lacam_fork:suo,LaCAM3 = SUO (first solution),empty-32-32,empty-32-32-random-3,150,2,30.0,solved,0.067404,0.029,3344,57,3274,3135,57,1.066667,0,,/home/carsten/Projects/MAPF/MAPF Evaluator/results/tlcpp-empty32/runs/lg_lacam_fork_suo/empty-32-32/empty-32-32-random-3_a150_s2_r0,3344,0.029,"{""agents"": ""150"", ""comp_time"": ""29"", ""makespan"": ""57"", ""makespan_lb"": ""57"", ""map_file"": ""empty-32-32.map"", ""seed"": ""2"", ""soc"": ""3344"", ""soc_lb"": ""3135"", ""solved"": ""1"", ""solver"": ""planner"", ""sum_of_loss"": ""3281"", ""sum_of_loss_lb"": ""3135""}"
lg_lacam_fork:suo_tl,SUO + traffic load,empty-32-32,empty-32-32-random-3,150,2,30.0,solved,0.087302,0.034,3261,57,3261,3135,57,1.040191,0,,/home/carsten/Projects/MAPF/MAPF Evaluator/results/tlcpp-empty32/runs/lg_lacam_fork_suo_tl/empty-32-32/empty-32-32-random-3_a150_s2_r0,3261,0.034,"{""agents"": ""150"", ""comp_time"": ""34"", ""makespan"": ""57"", ""makespan_lb"": ""57"", ""map_file"": ""empty-32-32.map"", ""seed"": ""2"", ""soc"": ""3261"", ""soc_lb"": ""3135"", ""solved"": ""1"", ""solver"": ""planner"", ""sum_of_loss"": ""3261"", ""sum_of_loss_lb"": ""3135""}"
lg_lacam_fork:suo_tl,SUO + traffic load,empty-32-32,empty-32-32-random-3,150,1,30.0,solved,0.147481,0.058,3344,57,3255,3135,57,1.066667,0,,/home/carsten/Projects/MAPF/MAPF Evaluator/results/tlcpp-empty32/runs/lg_lacam_fork_suo_tl/empty-32-32/empty-32-32-random-3_a150_s1_r0,3344,0.058,"{""agents"": ""150"", ""comp_time"": ""58"", ""makespan"": ""57"", ""makespan_lb"": ""57"", ""map_file"": ""empty-32-32.map"", ""seed"": ""1"", ""soc"": ""3344"", ""soc_lb"": ""3135"", ""solved"": ""1"", ""solver"": ""planner"", ""sum_of_loss"": ""3262"", ""sum_of_loss_lb"": ""3135""}"
lg_lacam_fork:lg_tl,LG-LaCAM (window 20) + traffic load,empty-32-32,empty-32-32-random-3,150,0,30.0,solved,0.128195,0.082,3171,57,3170,3135,57,1.011483,0,,/home/carsten/Projects/MAPF/MAPF Evaluator/results/tlcpp-empty32/runs/lg_lacam_fork_lg_tl/empty-32-32/empty-32-32-random-3_a150_s0_r0,3171,0.082,"{""agents"": ""150"", ""comp_time"": ""82"", ""makespan"": ""57"", ""makespan_lb"": ""57"", ""map_file"": ""empty-32-32.map"", ""seed"": ""0"", ""soc"": ""3171"", ""soc_lb"": ""3135"", ""solved"": ""1"", ""solver"": ""planner"", ""sum_of_loss"": ""3171"", ""sum_of_loss_lb"": ""3135""}"
lg_lacam_fork:lg,"LG-LaCAM (window 20, first solution)",empty-32-32,empty-32-32-random-3,150,1,30.0,solved,0.331774,0.104,3178,57,3174,3135,57,1.013716,0,,/home/carsten/Projects/MAPF/MAPF Evaluator/results/tlcpp-empty32/runs/lg_lacam_fork_lg/empty-32-32/empty-32-32-random-3_a150_s1_r0,3178,0.104,"{""agents"": ""150"", ""comp_time"": ""104"", ""makespan"": ""57"", ""makespan_lb"": ""57"", ""map_file"": ""empty-32-32.map"", ""seed"": ""1"", ""soc"": ""3178"", ""soc_lb"": ""3135"", ""solved"": ""1"", ""solver"": ""planner"", ""sum_of_loss"": ""3175"", ""sum_of_loss_lb"": ""3135""}"
lg_lacam_fork:lg,"LG-LaCAM (window 20, first solution)",empty-32-32,empty-32-32-random-3,150,2,30.0,solved,0.234624,0.105,3174,57,3173,3135,57,1.01244,0,,/home/carsten/Projects/MAPF/MAPF Evaluator/results/tlcpp-empty32/runs/lg_lacam_fork_lg/empty-32-32/empty-32-32-random-3_a150_s2_r0,3174,0.105,"{""agents"": ""150"", ""comp_time"": ""105"", ""makespan"": ""57"", ""makespan_lb"": ""57"", ""map_file"": ""empty-32-32.map"", ""seed"": ""2"", ""soc"": ""3174"", ""soc_lb"": ""3135"", ""solved"": ""1"", ""solver"": ""planner"", ""sum_of_loss"": ""3174"", ""sum_of_loss_lb"": ""3135""}"
lg_lacam_fork:lg,"LG-LaCAM (window 20, first solution)",empty-32-32,empty-32-32-random-3,150,0,30.0,solved,0.505913,0.115,3171,57,3170,3135,57,1.011483,0,,/home/carsten/Projects/MAPF/MAPF Evaluator/results/tlcpp-empty32/runs/lg_lacam_fork_lg/empty-32-32/empty-32-32-random-3_a150_s0_r0,3171,0.115,"{""agents"": ""150"", ""comp_time"": ""115"", ""makespan"": ""57"", ""makespan_lb"": ""57"", ""map_file"": ""empty-32-32.map"", ""seed"": ""0"", ""soc"": ""3171"", ""soc_lb"": ""3135"", ""solved"": ""1"", ""solver"": ""planner"", ""sum_of_loss"": ""3171"", ""sum_of_loss_lb"": ""3135""}"
lg_lacam_fork:lg_tl,LG-LaCAM (window 20) + traffic load,empty-32-32,empty-32-32-random-3,150,1,30.0,solved,0.106773,0.072,3178,57,3174,3135,57,1.013716,0,,/home/carsten/Projects/MAPF/MAPF Evaluator/results/tlcpp-empty32/runs/lg_lacam_fork_lg_tl/empty-32-32/empty-32-32-random-3_a150_s1_r0,3178,0.072,"{""agents"": ""150"", ""comp_time"": ""72"", ""makespan"": ""57"", ""makespan_lb"": ""57"", ""map_file"": ""empty-32-32.map"", ""seed"": ""1"", ""soc"": ""3178"", ""soc_lb"": ""3135"", ""solved"": ""1"", ""solver"": ""planner"", ""sum_of_loss"": ""3175"", ""sum_of_loss_lb"": ""3135""}"
lg_lacam_fork:lg_tl,LG-LaCAM (window 20) + traffic load,empty-32-32,empty-32-32-random-3,150,2,30.0,solved,0.110032,0.072,3174,57,3173,3135,57,1.01244,0,,/home/carsten/Projects/MAPF/MAPF Evaluator/results/tlcpp-empty32/runs/lg_lacam_fork_lg_tl/empty-32-32/empty-32-32-random-3_a150_s2_r0,3174,0.072,"{""agents"": ""150"", ""comp_time"": ""72"", ""makespan"": ""57"", ""makespan_lb"": ""57"", ""map_file"": ""empty-32-32.map"", ""seed"": ""2"", ""soc"": ""3174"", ""soc_lb"": ""3135"", ""solved"": ""1"", ""solver"": ""planner"", ""sum_of_loss"": ""3174"", ""sum_of_loss_lb"": ""3135""}"
lg_lacam_fork:lg_suo,LG-LaCAM (window 20) + SUO,empty-32-32,empty-32-32-random-3,150,0,30.0,solved,0.239006,0.156,3202,57,3202,3135,57,1.021372,0,,/home/carsten/Projects/MAPF/MAPF Evaluator/results/tlcpp-empty32/runs/lg_lacam_fork_lg_suo/empty-32-32/empty-32-32-random-3_a150_s0_r0,3202,0.156,"{""agents"": ""150"", ""comp_time"": ""156"", ""makespan"": ""57"", ""makespan_lb"": ""57"", ""map_file"": ""empty-32-32.map"", ""seed"": ""0"", ""soc"": ""3202"", ""soc_lb"": ""3135"", ""solved"": ""1"", ""solver"": ""planner"", ""sum_of_loss"": ""3202"", ""sum_of_loss_lb"": ""3135""}"
lg_lacam_fork:lg_suo,LG-LaCAM (window 20) + SUO,empty-32-32,empty-32-32-random-3,150,2,30.0,solved,0.150631,0.074,3194,57,3194,3135,57,1.01882,0,,/home/carsten/Projects/MAPF/MAPF Evaluator/results/tlcpp-empty32/runs/lg_lacam_fork_lg_suo/empty-32-32/empty-32-32-random-3_a150_s2_r0,3194,0.074,"{""agents"": ""150"", ""comp_time"": ""74"", ""makespan"": ""57"", ""makespan_lb"": ""57"", ""map_file"": ""empty-32-32.map"", ""seed"": ""2"", ""soc"": ""3194"", ""soc_lb"": ""3135"", ""solved"": ""1"", ""solver"": ""planner"", ""sum_of_loss"": ""3194"", ""sum_of_loss_lb"": ""3135""}"
lg_lacam_fork:lg_suo,LG-LaCAM (window 20) + SUO,empty-32-32,empty-32-32-random-3,150,1,30.0,solved,0.181259,0.122,3199,57,3193,3135,57,1.020415,0,,/home/carsten/Projects/MAPF/MAPF Evaluator/results/tlcpp-empty32/runs/lg_lacam_fork_lg_suo/empty-32-32/empty-32-32-random-3_a150_s1_r0,3199,0.122,"{""agents"": ""150"", ""comp_time"": ""122"", ""makespan"": ""57"", ""makespan_lb"": ""57"", ""map_file"": ""empty-32-32.map"", ""seed"": ""1"", ""soc"": ""3199"", ""soc_lb"": ""3135"", ""solved"": ""1"", ""solver"": ""planner"", ""sum_of_loss"": ""3194"", ""sum_of_loss_lb"": ""3135""}"
lg_lacam_fork:lg_suo_tl,LG-LaCAM (window 20) + SUO + traffic load,empty-32-32,empty-32-32-random-3,150,0,30.0,solved,0.276,0.139,3202,57,3202,3135,57,1.021372,0,,/home/carsten/Projects/MAPF/MAPF Evaluator/results/tlcpp-empty32/runs/lg_lacam_fork_lg_suo_tl/empty-32-32/empty-32-32-random-3_a150_s0_r0,3202,0.139,"{""agents"": ""150"", ""comp_time"": ""139"", ""makespan"": ""57"", ""makespan_lb"": ""57"", ""map_file"": ""empty-32-32.map"", ""seed"": ""0"", ""soc"": ""3202"", ""soc_lb"": ""3135"", ""solved"": ""1"", ""solver"": ""planner"", ""sum_of_loss"": ""3202"", ""sum_of_loss_lb"": ""3135""}"
lg_lacam_fork:lg_suo_tl,LG-LaCAM (window 20) + SUO + traffic load,empty-32-32,empty-32-32-random-3,150,1,30.0,solved,0.263573,0.103,3199,57,3193,3135,57,1.020415,0,,/home/carsten/Projects/MAPF/MAPF Evaluator/results/tlcpp-empty32/runs/lg_lacam_fork_lg_suo_tl/empty-32-32/empty-32-32-random-3_a150_s1_r0,3199,0.103,"{""agents"": ""150"", ""comp_time"": ""103"", ""makespan"": ""57"", ""makespan_lb"": ""57"", ""map_file"": ""empty-32-32.map"", ""seed"": ""1"", ""soc"": ""3199"", ""soc_lb"": ""3135"", ""solved"": ""1"", ""solver"": ""planner"", ""sum_of_loss"": ""3194"", ""sum_of_loss_lb"": ""3135""}"
lg_lacam_fork:lg_suo_tl,LG-LaCAM (window 20) + SUO + traffic load,empty-32-32,empty-32-32-random-3,150,2,30.0,solved,0.167338,0.086,3194,57,3194,3135,57,1.01882,0,,/home/carsten/Projects/MAPF/MAPF Evaluator/results/tlcpp-empty32/runs/lg_lacam_fork_lg_suo_tl/empty-32-32/empty-32-32-random-3_a150_s2_r0,3194,0.086,"{""agents"": ""150"", ""comp_time"": ""86"", ""makespan"": ""57"", ""makespan_lb"": ""57"", ""map_file"": ""empty-32-32.map"", ""seed"": ""2"", ""soc"": ""3194"", ""soc_lb"": ""3135"", ""solved"": ""1"", ""solver"": ""planner"", ""sum_of_loss"": ""3194"", ""sum_of_loss_lb"": ""3135""}"
lg_lacam_fork:lacam,"LaCAM (no guidance, first solution)",empty-32-32,empty-32-32-random-3,200,0,30.0,solved,0.289353,0.046,6312,58,5220,4251,57,1.484827,0,,/home/carsten/Projects/MAPF/MAPF Evaluator/results/tlcpp-empty32/runs/lg_lacam_fork_lacam/empty-32-32/empty-32-32-random-3_a200_s0_r0,6312,0.046,"{""agents"": ""200"", ""comp_time"": ""46"", ""makespan"": ""58"", ""makespan_lb"": ""57"", ""map_file"": ""empty-32-32.map"", ""seed"": ""0"", ""soc"": ""6312"", ""soc_lb"": ""4251"", ""solved"": ""1"", ""solver"": ""planner"", ""sum_of_loss"": ""5428"", ""sum_of_loss_lb"": ""4251""}"
lg_lacam_fork:lacam,"LaCAM (no guidance, first solution)",empty-32-32,empty-32-32-random-3,200,1,30.0,solved,0.163565,0.047,5993,57,5051,4251,57,1.409786,0,,/home/carsten/Projects/MAPF/MAPF Evaluator/results/tlcpp-empty32/runs/lg_lacam_fork_lacam/empty-32-32/empty-32-32-random-3_a200_s1_r0,5993,0.047,"{""agents"": ""200"", ""comp_time"": ""47"", ""makespan"": ""57"", ""makespan_lb"": ""57"", ""map_file"": ""empty-32-32.map"", ""seed"": ""1"", ""soc"": ""5993"", ""soc_lb"": ""4251"", ""solved"": ""1"", ""solver"": ""planner"", ""sum_of_loss"": ""5239"", ""sum_of_loss_lb"": ""4251""}"
lg_lacam_fork:lacam,"LaCAM (no guidance, first solution)",empty-32-32,empty-32-32-random-3,200,2,30.0,solved,0.086782,0.038,6311,57,5178,4251,57,1.484592,0,,/home/carsten/Projects/MAPF/MAPF Evaluator/results/tlcpp-empty32/runs/lg_lacam_fork_lacam/empty-32-32/empty-32-32-random-3_a200_s2_r0,6311,0.038,"{""agents"": ""200"", ""comp_time"": ""38"", ""makespan"": ""57"", ""makespan_lb"": ""57"", ""map_file"": ""empty-32-32.map"", ""seed"": ""2"", ""soc"": ""6311"", ""soc_lb"": ""4251"", ""solved"": ""1"", ""solver"": ""planner"", ""sum_of_loss"": ""5387"", ""sum_of_loss_lb"": ""4251""}"
lg_lacam_fork:tl,"LaCAM + traffic load (tie-break, per config)",empty-32-32,empty-32-32-random-3,200,0,30.0,solved,0.081855,0.028,5835,57,4755,4251,57,1.372618,0,,/home/carsten/Projects/MAPF/MAPF Evaluator/results/tlcpp-empty32/runs/lg_lacam_fork_tl/empty-32-32/empty-32-32-random-3_a200_s0_r0,5835,0.028,"{""agents"": ""200"", ""comp_time"": ""28"", ""makespan"": ""57"", ""makespan_lb"": ""57"", ""map_file"": ""empty-32-32.map"", ""seed"": ""0"", ""soc"": ""5835"", ""soc_lb"": ""4251"", ""solved"": ""1"", ""solver"": ""planner"", ""sum_of_loss"": ""4920"", ""sum_of_loss_lb"": ""4251""}"
lg_lacam_fork:tl,"LaCAM + traffic load (tie-break, per config)",empty-32-32,empty-32-32-random-3,200,1,30.0,solved,0.110619,0.039,5812,57,4763,4251,57,1.367208,0,,/home/carsten/Projects/MAPF/MAPF Evaluator/results/tlcpp-empty32/runs/lg_lacam_fork_tl/empty-32-32/empty-32-32-random-3_a200_s1_r0,5812,0.039,"{""agents"": ""200"", ""comp_time"": ""39"", ""makespan"": ""57"", ""makespan_lb"": ""57"", ""map_file"": ""empty-32-32.map"", ""seed"": ""1"", ""soc"": ""5812"", ""soc_lb"": ""4251"", ""solved"": ""1"", ""solver"": ""planner"", ""sum_of_loss"": ""4935"", ""sum_of_loss_lb"": ""4251""}"
lg_lacam_fork:tl,"LaCAM + traffic load (tie-break, per config)",empty-32-32,empty-32-32-random-3,200,2,30.0,solved,0.132079,0.043,5875,57,4758,4251,57,1.382028,0,,/home/carsten/Projects/MAPF/MAPF Evaluator/results/tlcpp-empty32/runs/lg_lacam_fork_tl/empty-32-32/empty-32-32-random-3_a200_s2_r0,5875,0.043,"{""agents"": ""200"", ""comp_time"": ""43"", ""makespan"": ""57"", ""makespan_lb"": ""57"", ""map_file"": ""empty-32-32.map"", ""seed"": ""2"", ""soc"": ""5875"", ""soc_lb"": ""4251"", ""solved"": ""1"", ""solver"": ""planner"", ""sum_of_loss"": ""4934"", ""sum_of_loss_lb"": ""4251""}"
lg_lacam_fork:tl_agent,"LaCAM + traffic load (tie-break, per agent)",empty-32-32,empty-32-32-random-3,200,0,30.0,solved,0.170945,0.051,5785,57,4735,4251,57,1.360856,0,,/home/carsten/Projects/MAPF/MAPF Evaluator/results/tlcpp-empty32/runs/lg_lacam_fork_tl_agent/empty-32-32/empty-32-32-random-3_a200_s0_r0,5785,0.051,"{""agents"": ""200"", ""comp_time"": ""51"", ""makespan"": ""57"", ""makespan_lb"": ""57"", ""map_file"": ""empty-32-32.map"", ""seed"": ""0"", ""soc"": ""5785"", ""soc_lb"": ""4251"", ""solved"": ""1"", ""solver"": ""planner"", ""sum_of_loss"": ""4904"", ""sum_of_loss_lb"": ""4251""}"
lg_lacam_fork:tl_agent,"LaCAM + traffic load (tie-break, per agent)",empty-32-32,empty-32-32-random-3,200,1,30.0,solved,0.114271,0.084,5793,57,4743,4251,57,1.362738,0,,/home/carsten/Projects/MAPF/MAPF Evaluator/results/tlcpp-empty32/runs/lg_lacam_fork_tl_agent/empty-32-32/empty-32-32-random-3_a200_s1_r0,5793,0.084,"{""agents"": ""200"", ""comp_time"": ""84"", ""makespan"": ""57"", ""makespan_lb"": ""57"", ""map_file"": ""empty-32-32.map"", ""seed"": ""1"", ""soc"": ""5793"", ""soc_lb"": ""4251"", ""solved"": ""1"", ""solver"": ""planner"", ""sum_of_loss"": ""4919"", ""sum_of_loss_lb"": ""4251""}"
lg_lacam_fork:tl_agent,"LaCAM + traffic load (tie-break, per agent)",empty-32-32,empty-32-32-random-3,200,2,30.0,solved,0.351964,0.256,5740,57,4756,4251,57,1.350271,0,,/home/carsten/Projects/MAPF/MAPF Evaluator/results/tlcpp-empty32/runs/lg_lacam_fork_tl_agent/empty-32-32/empty-32-32-random-3_a200_s2_r0,5740,0.256,"{""agents"": ""200"", ""comp_time"": ""256"", ""makespan"": ""57"", ""makespan_lb"": ""57"", ""map_file"": ""empty-32-32.map"", ""seed"": ""2"", ""soc"": ""5740"", ""soc_lb"": ""4251"", ""solved"": ""1"", ""solver"": ""planner"", ""sum_of_loss"": ""4924"", ""sum_of_loss_lb"": ""4251""}"
lg_lacam_fork:tl_static,LaCAM + traffic load (static map from starts),empty-32-32,empty-32-32-random-3,200,0,30.0,solved,0.167258,0.067,6761,86,5623,4251,57,1.590449,0,,/home/carsten/Projects/MAPF/MAPF Evaluator/results/tlcpp-empty32/runs/lg_lacam_fork_tl_static/empty-32-32/empty-32-32-random-3_a200_s0_r0,6761,0.067,"{""agents"": ""200"", ""comp_time"": ""67"", ""makespan"": ""86"", ""makespan_lb"": ""57"", ""map_file"": ""empty-32-32.map"", ""seed"": ""0"", ""soc"": ""6761"", ""soc_lb"": ""4251"", ""solved"": ""1"", ""solver"": ""planner"", ""sum_of_loss"": ""5909"", ""sum_of_loss_lb"": ""4251""}"
lg_lacam_fork:tl_static,LaCAM + traffic load (static map from starts),empty-32-32,empty-32-32-random-3,200,1,30.0,solved,0.123711,0.051,6795,87,5621,4251,57,1.598447,0,,/home/carsten/Projects/MAPF/MAPF Evaluator/results/tlcpp-empty32/runs/lg_lacam_fork_tl_static/empty-32-32/empty-32-32-random-3_a200_s1_r0,6795,0.051,"{""agents"": ""200"", ""comp_time"": ""51"", ""makespan"": ""87"", ""makespan_lb"": ""57"", ""map_file"": ""empty-32-32.map"", ""seed"": ""1"", ""soc"": ""6795"", ""soc_lb"": ""4251"", ""solved"": ""1"", ""solver"": ""planner"", ""sum_of_loss"": ""5911"", ""sum_of_loss_lb"": ""4251""}"
lg_lacam_fork:tl_static,LaCAM + traffic load (static map from starts),empty-32-32,empty-32-32-random-3,200,2,30.0,solved,0.118973,0.049,6736,81,5572,4251,57,1.584568,0,,/home/carsten/Projects/MAPF/MAPF Evaluator/results/tlcpp-empty32/runs/lg_lacam_fork_tl_static/empty-32-32/empty-32-32-random-3_a200_s2_r0,6736,0.049,"{""agents"": ""200"", ""comp_time"": ""49"", ""makespan"": ""81"", ""makespan_lb"": ""57"", ""map_file"": ""empty-32-32.map"", ""seed"": ""2"", ""soc"": ""6736"", ""soc_lb"": ""4251"", ""solved"": ""1"", ""solver"": ""planner"", ""sum_of_loss"": ""5846"", ""sum_of_loss_lb"": ""4251""}"
lg_lacam_fork:suo,LaCAM3 = SUO (first solution),empty-32-32,empty-32-32-random-3,200,1,30.0,solved,0.105878,0.052,4605,57,4530,4251,57,1.083275,0,,/home/carsten/Projects/MAPF/MAPF Evaluator/results/tlcpp-empty32/runs/lg_lacam_fork_suo/empty-32-32/empty-32-32-random-3_a200_s1_r0,4605,0.052,"{""agents"": ""200"", ""comp_time"": ""52"", ""makespan"": ""57"", ""makespan_lb"": ""57"", ""map_file"": ""empty-32-32.map"", ""seed"": ""1"", ""soc"": ""4605"", ""soc_lb"": ""4251"", ""solved"": ""1"", ""solver"": ""planner"", ""sum_of_loss"": ""4548"", ""sum_of_loss_lb"": ""4251""}"
lg_lacam_fork:suo,LaCAM3 = SUO (first solution),empty-32-32,empty-32-32-random-3,200,0,30.0,solved,0.132268,0.086,4753,57,4557,4251,57,1.11809,0,,/home/carsten/Projects/MAPF/MAPF Evaluator/results/tlcpp-empty32/runs/lg_lacam_fork_suo/empty-32-32/empty-32-32-random-3_a200_s0_r0,4753,0.086,"{""agents"": ""200"", ""comp_time"": ""86"", ""makespan"": ""57"", ""makespan_lb"": ""57"", ""map_file"": ""empty-32-32.map"", ""seed"": ""0"", ""soc"": ""4753"", ""soc_lb"": ""4251"", ""solved"": ""1"", ""solver"": ""planner"", ""sum_of_loss"": ""4585"", ""sum_of_loss_lb"": ""4251""}"
lg_lacam_fork:suo,LaCAM3 = SUO (first solution),empty-32-32,empty-32-32-random-3,200,2,30.0,solved,0.133046,0.072,4661,57,4557,4251,57,1.096448,0,,/home/carsten/Projects/MAPF/MAPF Evaluator/results/tlcpp-empty32/runs/lg_lacam_fork_suo/empty-32-32/empty-32-32-random-3_a200_s2_r0,4661,0.072,"{""agents"": ""200"", ""comp_time"": ""72"", ""makespan"": ""57"", ""makespan_lb"": ""57"", ""map_file"": ""empty-32-32.map"", ""seed"": ""2"", ""soc"": ""4661"", ""soc_lb"": ""4251"", ""solved"": ""1"", ""solver"": ""planner"", ""sum_of_loss"": ""4575"", ""sum_of_loss_lb"": ""4251""}"
lg_lacam_fork:suo_tl,SUO + traffic load,empty-32-32,empty-32-32-random-3,200,1,30.0,solved,0.149835,0.061,4574,57,4522,4251,57,1.075982,0,,/home/carsten/Projects/MAPF/MAPF Evaluator/results/tlcpp-empty32/runs/lg_lacam_fork_suo_tl/empty-32-32/empty-32-32-random-3_a200_s1_r0,4574,0.061,"{""agents"": ""200"", ""comp_time"": ""61"", ""makespan"": ""57"", ""makespan_lb"": ""57"", ""map_file"": ""empty-32-32.map"", ""seed"": ""1"", ""soc"": ""4574"", ""soc_lb"": ""4251"", ""solved"": ""1"", ""solver"": ""planner"", ""sum_of_loss"": ""4533"", ""sum_of_loss_lb"": ""4251""}"
lg_lacam_fork:suo_tl,SUO + traffic load,empty-32-32,empty-32-32-random-3,200,0,30.0,solved,0.364154,0.13,4600,57,4521,4251,57,1.082098,0,,/home/carsten/Projects/MAPF/MAPF Evaluator/results/tlcpp-empty32/runs/lg_lacam_fork_suo_tl/empty-32-32/empty-32-32-random-3_a200_s0_r0,4600,0.13,"{""agents"": ""200"", ""comp_time"": ""130"", ""makespan"": ""57"", ""makespan_lb"": ""57"", ""map_file"": ""empty-32-32.map"", ""seed"": ""0"", ""soc"": ""4600"", ""soc_lb"": ""4251"", ""solved"": ""1"", ""solver"": ""planner"", ""sum_of_loss"": ""4529"", ""sum_of_loss_lb"": ""4251""}"
lg_lacam_fork:suo_tl,SUO + traffic load,empty-32-32,empty-32-32-random-3,200,2,30.0,solved,0.153841,0.063,4510,57,4504,4251,57,1.060927,0,,/home/carsten/Projects/MAPF/MAPF Evaluator/results/tlcpp-empty32/runs/lg_lacam_fork_suo_tl/empty-32-32/empty-32-32-random-3_a200_s2_r0,4510,0.063,"{""agents"": ""200"", ""comp_time"": ""63"", ""makespan"": ""57"", ""makespan_lb"": ""57"", ""map_file"": ""empty-32-32.map"", ""seed"": ""2"", ""soc"": ""4510"", ""soc_lb"": ""4251"", ""solved"": ""1"", ""solver"": ""planner"", ""sum_of_loss"": ""4507"", ""sum_of_loss_lb"": ""4251""}"
lg_lacam_fork:lg,"LG-LaCAM (window 20, first solution)",empty-32-32,empty-32-32-random-3,200,0,30.0,solved,0.246347,0.061,4354,57,4354,4251,57,1.02423,0,,/home/carsten/Projects/MAPF/MAPF Evaluator/results/tlcpp-empty32/runs/lg_lacam_fork_lg/empty-32-32/empty-32-32-random-3_a200_s0_r0,4354,0.061,"{""agents"": ""200"", ""comp_time"": ""61"", ""makespan"": ""57"", ""makespan_lb"": ""57"", ""map_file"": ""empty-32-32.map"", ""seed"": ""0"", ""soc"": ""4354"", ""soc_lb"": ""4251"", ""solved"": ""1"", ""solver"": ""planner"", ""sum_of_loss"": ""4354"", ""sum_of_loss_lb"": ""4251""}"
lg_lacam_fork:lg,"LG-LaCAM (window 20, first solution)",empty-32-32,empty-32-32-random-3,200,1,30.0,solved,0.114937,0.062,4362,57,4354,4251,57,1.026112,0,,/home/carsten/Projects/MAPF/MAPF Evaluator/results/tlcpp-empty32/runs/lg_lacam_fork_lg/empty-32-32/empty-32-32-random-3_a200_s1_r0,4362,0.062,"{""agents"": ""200"", ""comp_time"": ""62"", ""makespan"": ""57"", ""makespan_lb"": ""57"", ""map_file"": ""empty-32-32.map"", ""seed"": ""1"", ""soc"": ""4362"", ""soc_lb"": ""4251"", ""solved"": ""1"", ""solver"": ""planner"", ""sum_of_loss"": ""4355"", ""sum_of_loss_lb"": ""4251""}"
lg_lacam_fork:lg,"LG-LaCAM (window 20, first solution)",empty-32-32,empty-32-32-random-3,200,2,30.0,solved,0.157183,0.093,4346,57,4346,4251,57,1.022348,0,,/home/carsten/Projects/MAPF/MAPF Evaluator/results/tlcpp-empty32/runs/lg_lacam_fork_lg/empty-32-32/empty-32-32-random-3_a200_s2_r0,4346,0.093,"{""agents"": ""200"", ""comp_time"": ""93"", ""makespan"": ""57"", ""makespan_lb"": ""57"", ""map_file"": ""empty-32-32.map"", ""seed"": ""2"", ""soc"": ""4346"", ""soc_lb"": ""4251"", ""solved"": ""1"", ""solver"": ""planner"", ""sum_of_loss"": ""4346"", ""sum_of_loss_lb"": ""4251""}"
lg_lacam_fork:lg_tl,LG-LaCAM (window 20) + traffic load,empty-32-32,empty-32-32-random-3,200,1,30.0,solved,0.145874,0.106,4362,57,4354,4251,57,1.026112,0,,/home/carsten/Projects/MAPF/MAPF Evaluator/results/tlcpp-empty32/runs/lg_lacam_fork_lg_tl/empty-32-32/empty-32-32-random-3_a200_s1_r0,4362,0.106,"{""agents"": ""200"", ""comp_time"": ""106"", ""makespan"": ""57"", ""makespan_lb"": ""57"", ""map_file"": ""empty-32-32.map"", ""seed"": ""1"", ""soc"": ""4362"", ""soc_lb"": ""4251"", ""solved"": ""1"", ""solver"": ""planner"", ""sum_of_loss"": ""4355"", ""sum_of_loss_lb"": ""4251""}"
lg_lacam_fork:lg_tl,LG-LaCAM (window 20) + traffic load,empty-32-32,empty-32-32-random-3,200,0,30.0,solved,0.368645,0.1,4354,57,4354,4251,57,1.02423,0,,/home/carsten/Projects/MAPF/MAPF Evaluator/results/tlcpp-empty32/runs/lg_lacam_fork_lg_tl/empty-32-32/empty-32-32-random-3_a200_s0_r0,4354,0.1,"{""agents"": ""200"", ""comp_time"": ""100"", ""makespan"": ""57"", ""makespan_lb"": ""57"", ""map_file"": ""empty-32-32.map"", ""seed"": ""0"", ""soc"": ""4354"", ""soc_lb"": ""4251"", ""solved"": ""1"", ""solver"": ""planner"", ""sum_of_loss"": ""4354"", ""sum_of_loss_lb"": ""4251""}"
lg_lacam_fork:lg_tl,LG-LaCAM (window 20) + traffic load,empty-32-32,empty-32-32-random-3,200,2,30.0,solved,0.352569,0.203,4346,57,4346,4251,57,1.022348,0,,/home/carsten/Projects/MAPF/MAPF Evaluator/results/tlcpp-empty32/runs/lg_lacam_fork_lg_tl/empty-32-32/empty-32-32-random-3_a200_s2_r0,4346,0.203,"{""agents"": ""200"", ""comp_time"": ""203"", ""makespan"": ""57"", ""makespan_lb"": ""57"", ""map_file"": ""empty-32-32.map"", ""seed"": ""2"", ""soc"": ""4346"", ""soc_lb"": ""4251"", ""solved"": ""1"", ""solver"": ""planner"", ""sum_of_loss"": ""4346"", ""sum_of_loss_lb"": ""4251""}"
lg_lacam_fork:lg_suo,LG-LaCAM (window 20) + SUO,empty-32-32,empty-32-32-random-3,200,0,30.0,solved,0.326793,0.241,4403,57,4391,4251,57,1.035756,0,,/home/carsten/Projects/MAPF/MAPF Evaluator/results/tlcpp-empty32/runs/lg_lacam_fork_lg_suo/empty-32-32/empty-32-32-random-3_a200_s0_r0,4403,0.241,"{""agents"": ""200"", ""comp_time"": ""241"", ""makespan"": ""57"", ""makespan_lb"": ""57"", ""map_file"": ""empty-32-32.map"", ""seed"": ""0"", ""soc"": ""4403"", ""soc_lb"": ""4251"", ""solved"": ""1"", ""solver"": ""planner"", ""sum_of_loss"": ""4393"", ""sum_of_loss_lb"": ""4251""}"
lg_lacam_fork:lg_suo,LG-LaCAM (window 20) + SUO,empty-32-32,empty-32-32-random-3,200,1,30.0,solved,0.224277,0.104,4383,57,4380,4251,57,1.031052,0,,/home/carsten/Projects/MAPF/MAPF Evaluator/results/tlcpp-empty32/runs/lg_lacam_fork_lg_suo/empty-32-32/empty-32-32-random-3_a200_s1_r0,4383,0.104,"{""agents"": ""200"", ""comp_time"": ""104"", ""makespan"": ""57"", ""makespan_lb"": ""57"", ""map_file"": ""empty-32-32.map"", ""seed"": ""1"", ""soc"": ""4383"", ""soc_lb"": ""4251"", ""solved"": ""1"", ""solver"": ""planner"", ""sum_of_loss"": ""4381"", ""sum_of_loss_lb"": ""4251""}"
lg_lacam_fork:lg_suo,LG-LaCAM (window 20) + SUO,empty-32-32,empty-32-32-random-3,200,2,30.0,solved,0.238726,0.129,4396,57,4384,4251,57,1.03411,0,,/home/carsten/Projects/MAPF/MAPF Evaluator/results/tlcpp-empty32/runs/lg_lacam_fork_lg_suo/empty-32-32/empty-32-32-random-3_a200_s2_r0,4396,0.129,"{""agents"": ""200"", ""comp_time"": ""129"", ""makespan"": ""57"", ""makespan_lb"": ""57"", ""map_file"": ""empty-32-32.map"", ""seed"": ""2"", ""soc"": ""4396"", ""soc_lb"": ""4251"", ""solved"": ""1"", ""solver"": ""planner"", ""sum_of_loss"": ""4385"", ""sum_of_loss_lb"": ""4251""}"
lg_lacam_fork:lacam,"LaCAM (no guidance, first solution)",empty-32-32,empty-32-32-random-4,50,0,30.0,solved,0.070569,0.007,1186,45,1042,981,44,1.20897,0,,/home/carsten/Projects/MAPF/MAPF Evaluator/results/tlcpp-empty32/runs/lg_lacam_fork_lacam/empty-32-32/empty-32-32-random-4_a50_s0_r0,1186,0.007,"{""agents"": ""50"", ""comp_time"": ""7"", ""makespan"": ""45"", ""makespan_lb"": ""44"", ""map_file"": ""empty-32-32.map"", ""seed"": ""0"", ""soc"": ""1186"", ""soc_lb"": ""981"", ""solved"": ""1"", ""solver"": ""planner"", ""sum_of_loss"": ""1056"", ""sum_of_loss_lb"": ""981""}"
lg_lacam_fork:lg_suo_tl,LG-LaCAM (window 20) + SUO + traffic load,empty-32-32,empty-32-32-random-3,200,0,30.0,solved,0.214731,0.093,4405,57,4393,4251,57,1.036227,0,,/home/carsten/Projects/MAPF/MAPF Evaluator/results/tlcpp-empty32/runs/lg_lacam_fork_lg_suo_tl/empty-32-32/empty-32-32-random-3_a200_s0_r0,4405,0.093,"{""agents"": ""200"", ""comp_time"": ""93"", ""makespan"": ""57"", ""makespan_lb"": ""57"", ""map_file"": ""empty-32-32.map"", ""seed"": ""0"", ""soc"": ""4405"", ""soc_lb"": ""4251"", ""solved"": ""1"", ""solver"": ""planner"", ""sum_of_loss"": ""4395"", ""sum_of_loss_lb"": ""4251""}"
lg_lacam_fork:lacam,"LaCAM (no guidance, first solution)",empty-32-32,empty-32-32-random-4,50,1,30.0,solved,0.11745,0.01,1188,45,1047,981,44,1.211009,0,,/home/carsten/Projects/MAPF/MAPF Evaluator/results/tlcpp-empty32/runs/lg_lacam_fork_lacam/empty-32-32/empty-32-32-random-4_a50_s1_r0,1188,0.01,"{""agents"": ""50"", ""comp_time"": ""10"", ""makespan"": ""45"", ""makespan_lb"": ""44"", ""map_file"": ""empty-32-32.map"", ""seed"": ""1"", ""soc"": ""1188"", ""soc_lb"": ""981"", ""solved"": ""1"", ""solver"": ""planner"", ""sum_of_loss"": ""1068"", ""sum_of_loss_lb"": ""981""}"
lg_lacam_fork:lacam,"LaCAM (no guidance, first solution)",empty-32-32,empty-32-32-random-4,50,2,30.0,solved,0.032108,0.006,1106,44,1038,981,44,1.127421,0,,/home/carsten/Projects/MAPF/MAPF Evaluator/results/tlcpp-empty32/runs/lg_lacam_fork_lacam/empty-32-32/empty-32-32-random-4_a50_s2_r0,1106,0.006,"{""agents"": ""50"", ""comp_time"": ""6"", ""makespan"": ""44"", ""makespan_lb"": ""44"", ""map_file"": ""empty-32-32.map"", ""seed"": ""2"", ""soc"": ""1106"", ""soc_lb"": ""981"", ""solved"": ""1"", ""solver"": ""planner"", ""sum_of_loss"": ""1047"", ""sum_of_loss_lb"": ""981""}"
lg_lacam_fork:tl,"LaCAM + traffic load (tie-break, per config)",empty-32-32,empty-32-32-random-4,50,0,30.0,solved,0.065205,0.013,1037,44,993,981,44,1.057085,0,,/home/carsten/Projects/MAPF/MAPF Evaluator/results/tlcpp-empty32/runs/lg_lacam_fork_tl/empty-32-32/empty-32-32-random-4_a50_s0_r0,1037,0.013,"{""agents"": ""50"", ""comp_time"": ""13"", ""makespan"": ""44"", ""makespan_lb"": ""44"", ""map_file"": ""empty-32-32.map"", ""seed"": ""0"", ""soc"": ""1037"", ""soc_lb"": ""981"", ""solved"": ""1"", ""solver"": ""planner"", ""sum_of_loss"": ""1000"", ""sum_of_loss_lb"": ""981""}"
lg_lacam_fork:lg_suo_tl,LG-LaCAM (window 20) + SUO + traffic load,empty-32-32,empty-32-32-random-3,200,1,30.0,solved,0.228176,0.13,4383,57,4380,4251,57,1.031052,0,,/home/carsten/Projects/MAPF/MAPF Evaluator/results/tlcpp-empty32/runs/lg_lacam_fork_lg_suo_tl/empty-32-32/empty-32-32-random-3_a200_s1_r0,4383,0.13,"{""agents"": ""200"", ""comp_time"": ""130"", ""makespan"": ""57"", ""makespan_lb"": ""57"", ""map_file"": ""empty-32-32.map"", ""seed"": ""1"", ""soc"": ""4383"", ""soc_lb"": ""4251"", ""solved"": ""1"", ""solver"": ""planner"", ""sum_of_loss"": ""4381"", ""sum_of_loss_lb"": ""4251""}"
lg_lacam_fork:lg_suo_tl,LG-LaCAM (window 20) + SUO + traffic load,empty-32-32,empty-32-32-random-3,200,2,30.0,solved,0.247583,0.172,4394,57,4382,4251,57,1.033639,0,,/home/carsten/Projects/MAPF/MAPF Evaluator/results/tlcpp-empty32/runs/lg_lacam_fork_lg_suo_tl/empty-32-32/empty-32-32-random-3_a200_s2_r0,4394,0.172,"{""agents"": ""200"", ""comp_time"": ""172"", ""makespan"": ""57"", ""makespan_lb"": ""57"", ""map_file"": ""empty-32-32.map"", ""seed"": ""2"", ""soc"": ""4394"", ""soc_lb"": ""4251"", ""solved"": ""1"", ""solver"": ""planner"", ""sum_of_loss"": ""4383"", ""sum_of_loss_lb"": ""4251""}"
lg_lacam_fork:tl,"LaCAM + traffic load (tie-break, per config)",empty-32-32,empty-32-32-random-4,50,1,30.0,solved,0.027519,0.008,1036,44,996,981,44,1.056065,0,,/home/carsten/Projects/MAPF/MAPF Evaluator/results/tlcpp-empty32/runs/lg_lacam_fork_tl/empty-32-32/empty-32-32-random-4_a50_s1_r0,1036,0.008,"{""agents"": ""50"", ""comp_time"": ""8"", ""makespan"": ""44"", ""makespan_lb"": ""44"", ""map_file"": ""empty-32-32.map"", ""seed"": ""1"", ""soc"": ""1036"", ""soc_lb"": ""981"", ""solved"": ""1"", ""solver"": ""planner"", ""sum_of_loss"": ""1001"", ""sum_of_loss_lb"": ""981""}"
lg_lacam_fork:tl,"LaCAM + traffic load (tie-break, per config)",empty-32-32,empty-32-32-random-4,50,2,30.0,solved,0.050026,0.01,1038,44,996,981,44,1.058104,0,,/home/carsten/Projects/MAPF/MAPF Evaluator/results/tlcpp-empty32/runs/lg_lacam_fork_tl/empty-32-32/empty-32-32-random-4_a50_s2_r0,1038,0.01,"{""agents"": ""50"", ""comp_time"": ""10"", ""makespan"": ""44"", ""makespan_lb"": ""44"", ""map_file"": ""empty-32-32.map"", ""seed"": ""2"", ""soc"": ""1038"", ""soc_lb"": ""981"", ""solved"": ""1"", ""solver"": ""planner"", ""sum_of_loss"": ""1002"", ""sum_of_loss_lb"": ""981""}"
lg_lacam_fork:tl_agent,"LaCAM + traffic load (tie-break, per agent)",empty-32-32,empty-32-32-random-4,50,0,30.0,solved,0.03625,0.007,1040,44,994,981,44,1.060143,0,,/home/carsten/Projects/MAPF/MAPF Evaluator/results/tlcpp-empty32/runs/lg_lacam_fork_tl_agent/empty-32-32/empty-32-32-random-4_a50_s0_r0,1040,0.007,"{""agents"": ""50"", ""comp_time"": ""7"", ""makespan"": ""44"", ""makespan_lb"": ""44"", ""map_file"": ""empty-32-32.map"", ""seed"": ""0"", ""soc"": ""1040"", ""soc_lb"": ""981"", ""solved"": ""1"", ""solver"": ""planner"", ""sum_of_loss"": ""1001"", ""sum_of_loss_lb"": ""981""}"
lg_lacam_fork:tl_agent,"LaCAM + traffic load (tie-break, per agent)",empty-32-32,empty-32-32-random-4,50,1,30.0,solved,0.038394,0.012,1044,44,998,981,44,1.06422,0,,/home/carsten/Projects/MAPF/MAPF Evaluator/results/tlcpp-empty32/runs/lg_lacam_fork_tl_agent/empty-32-32/empty-32-32-random-4_a50_s1_r0,1044,0.012,"{""agents"": ""50"", ""comp_time"": ""12"", ""makespan"": ""44"", ""makespan_lb"": ""44"", ""map_file"": ""empty-32-32.map"", ""seed"": ""1"", ""soc"": ""1044"", ""soc_lb"": ""981"", ""solved"": ""1"", ""solver"": ""planner"", ""sum_of_loss"": ""1006"", ""sum_of_loss_lb"": ""981""}"
lg_lacam_fork:tl_static,LaCAM + traffic load (static map from starts),empty-32-32,empty-32-32-random-4,50,0,30.0,solved,0.030351,0.014,1072,45,1021,981,44,1.092762,0,,/home/carsten/Projects/MAPF/MAPF Evaluator/results/tlcpp-empty32/runs/lg_lacam_fork_tl_static/empty-32-32/empty-32-32-random-4_a50_s0_r0,1072,0.014,"{""agents"": ""50"", ""comp_time"": ""14"", ""makespan"": ""45"", ""makespan_lb"": ""44"", ""map_file"": ""empty-32-32.map"", ""seed"": ""0"", ""soc"": ""1072"", ""soc_lb"": ""981"", ""solved"": ""1"", ""solver"": ""planner"", ""sum_of_loss"": ""1027"", ""sum_of_loss_lb"": ""981""}"
lg_lacam_fork:tl_agent,"LaCAM + traffic load (tie-break, per agent)",empty-32-32,empty-32-32-random-4,50,2,30.0,solved,0.048895,0.013,1039,44,994,981,44,1.059123,0,,/home/carsten/Projects/MAPF/MAPF Evaluator/results/tlcpp-empty32/runs/lg_lacam_fork_tl_agent/empty-32-32/empty-32-32-random-4_a50_s2_r0,1039,0.013,"{""agents"": ""50"", ""comp_time"": ""13"", ""makespan"": ""44"", ""makespan_lb"": ""44"", ""map_file"": ""empty-32-32.map"", ""seed"": ""2"", ""soc"": ""1039"", ""soc_lb"": ""981"", ""solved"": ""1"", ""solver"": ""planner"", ""sum_of_loss"": ""1000"", ""sum_of_loss_lb"": ""981""}"
lg_lacam_fork:tl_static,LaCAM + traffic load (static map from starts),empty-32-32,empty-32-32-random-4,50,1,30.0,solved,0.058948,0.014,1076,47,1024,981,44,1.09684,0,,/home/carsten/Projects/MAPF/MAPF Evaluator/results/tlcpp-empty32/runs/lg_lacam_fork_tl_static/empty-32-32/empty-32-32-random-4_a50_s1_r0,1076,0.014,"{""agents"": ""50"", ""comp_time"": ""14"", ""makespan"": ""47"", ""makespan_lb"": ""44"", ""map_file"": ""empty-32-32.map"", ""seed"": ""1"", ""soc"": ""1076"", ""soc_lb"": ""981"", ""solved"": ""1"", ""solver"": ""planner"", ""sum_of_loss"": ""1031"", ""sum_of_loss_lb"": ""981""}"
lg_lacam_fork:tl_static,LaCAM + traffic load (static map from starts),empty-32-32,empty-32-32-random-4,50,2,30.0,solved,0.076241,0.007,1074,47,1023,981,44,1.094801,0,,/home/carsten/Projects/MAPF/MAPF Evaluator/results/tlcpp-empty32/runs/lg_lacam_fork_tl_static/empty-32-32/empty-32-32-random-4_a50_s2_r0,1074,0.007,"{""agents"": ""50"", ""comp_time"": ""7"", ""makespan"": ""47"", ""makespan_lb"": ""44"", ""map_file"": ""empty-32-32.map"", ""seed"": ""2"", ""soc"": ""1074"", ""soc_lb"": ""981"", ""solved"": ""1"", ""solver"": ""planner"", ""sum_of_loss"": ""1029"", ""sum_of_loss_lb"": ""981""}"
lg_lacam_fork:suo,LaCAM3 = SUO (first solution),empty-32-32,empty-32-32-random-4,50,0,30.0,solved,0.031044,0.009,991,44,991,981,44,1.010194,0,,/home/carsten/Projects/MAPF/MAPF Evaluator/results/tlcpp-empty32/runs/lg_lacam_fork_suo/empty-32-32/empty-32-32-random-4_a50_s0_r0,991,0.009,"{""agents"": ""50"", ""comp_time"": ""9"", ""makespan"": ""44"", ""makespan_lb"": ""44"", ""map_file"": ""empty-32-32.map"", ""seed"": ""0"", ""soc"": ""991"", ""soc_lb"": ""981"", ""solved"": ""1"", ""solver"": ""planner"", ""sum_of_loss"": ""991"", ""sum_of_loss_lb"": ""981""}"
lg_lacam_fork:suo,LaCAM3 = SUO (first solution),empty-32-32,empty-32-32-random-4,50,1,30.0,solved,0.093135,0.026,987,44,987,981,44,1.006116,0,,/home/carsten/Projects/MAPF/MAPF Evaluator/results/tlcpp-empty32/runs/lg_lacam_fork_suo/empty-32-32/empty-32-32-random-4_a50_s1_r0,987,0.026,"{""agents"": ""50"", ""comp_time"": ""26"", ""makespan"": ""44"", ""makespan_lb"": ""44"", ""map_file"": ""empty-32-32.map"", ""seed"": ""1"", ""soc"": ""987"", ""soc_lb"": ""981"", ""solved"": ""1"", ""solver"": ""planner"", ""sum_of_loss"": ""987"", ""sum_of_loss_lb"": ""981""}"
lg_lacam_fork:suo,LaCAM3 = SUO (first solution),empty-32-32,empty-32-32-random-4,50,2,30.0,solved,0.033214,0.009,995,44,995,981,44,1.014271,0,,/home/carsten/Projects/MAPF/MAPF Evaluator/results/tlcpp-empty32/runs/lg_lacam_fork_suo/empty-32-32/empty-32-32-random-4_a50_s2_r0,995,0.009,"{""agents"": ""50"", ""comp_time"": ""9"", ""makespan"": ""44"", ""makespan_lb"": ""44"", ""map_file"": ""empty-32-32.map"", ""seed"": ""2"", ""soc"": ""995"", ""soc_lb"": ""981"", ""solved"": ""1"", ""solver"": ""planner"", ""sum_of_loss"": ""995"", ""sum_of_loss_lb"": ""981""}"
lg_lacam_fork:suo_tl,SUO + traffic load,empty-32-32,empty-32-32-random-4,50,2,30.0,solved,0.036026,0.012,995,44,995,981,44,1.014271,0,,/home/carsten/Projects/MAPF/MAPF Evaluator/results/tlcpp-empty32/runs/lg_lacam_fork_suo_tl/empty-32-32/empty-32-32-random-4_a50_s2_r0,995,0.012,"{""agents"": ""50"", ""comp_time"": ""12"", ""makespan"": ""44"", ""makespan_lb"": ""44"", ""map_file"": ""empty-32-32.map"", ""seed"": ""2"", ""soc"": ""995"", ""soc_lb"": ""981"", ""solved"": ""1"", ""solver"": ""planner"", ""sum_of_loss"": ""995"", ""sum_of_loss_lb"": ""981""}"
lg_lacam_fork:lg,"LG-LaCAM (window 20, first solution)",empty-32-32,empty-32-32-random-4,50,0,30.0,solved,0.0391,0.013,985,44,985,981,44,1.004077,0,,/home/carsten/Projects/MAPF/MAPF Evaluator/results/tlcpp-empty32/runs/lg_lacam_fork_lg/empty-32-32/empty-32-32-random-4_a50_s0_r0,985,0.013,"{""agents"": ""50"", ""comp_time"": ""13"", ""makespan"": ""44"", ""makespan_lb"": ""44"", ""map_file"": ""empty-32-32.map"", ""seed"": ""0"", ""soc"": ""985"", ""soc_lb"": ""981"", ""solved"": ""1"", ""solver"": ""planner"", ""sum_of_loss"": ""985"", ""sum_of_loss_lb"": ""981""}"
lg_lacam_fork:suo_tl,SUO + traffic load,empty-32-32,empty-32-32-random-4,50,1,30.0,solved,0.043838,0.013,987,44,987,981,44,1.006116,0,,/home/carsten/Projects/MAPF/MAPF Evaluator/results/tlcpp-empty32/runs/lg_lacam_fork_suo_tl/empty-32-32/empty-32-32-random-4_a50_s1_r0,987,0.013,"{""agents"": ""50"", ""comp_time"": ""13"", ""makespan"": ""44"", ""makespan_lb"": ""44"", ""map_file"": ""empty-32-32.map"", ""seed"": ""1"", ""soc"": ""987"", ""soc_lb"": ""981"", ""solved"": ""1"", ""solver"": ""planner"", ""sum_of_loss"": ""987"", ""sum_of_loss_lb"": ""981""}"
lg_lacam_fork:suo_tl,SUO + traffic load,empty-32-32,empty-32-32-random-4,50,0,30.0,solved,0.176774,0.147,991,44,991,981,44,1.010194,0,,/home/carsten/Projects/MAPF/MAPF Evaluator/results/tlcpp-empty32/runs/lg_lacam_fork_suo_tl/empty-32-32/empty-32-32-random-4_a50_s0_r0,991,0.147,"{""agents"": ""50"", ""comp_time"": ""147"", ""makespan"": ""44"", ""makespan_lb"": ""44"", ""map_file"": ""empty-32-32.map"", ""seed"": ""0"", ""soc"": ""991"", ""soc_lb"": ""981"", ""solved"": ""1"", ""solver"": ""planner"", ""sum_of_loss"": ""991"", ""sum_of_loss_lb"": ""981""}"
lg_lacam_fork:lg,"LG-LaCAM (window 20, first solution)",empty-32-32,empty-32-32-random-4,50,1,30.0,solved,0.0786,0.043,983,44,983,981,44,1.002039,0,,/home/carsten/Projects/MAPF/MAPF Evaluator/results/tlcpp-empty32/runs/lg_lacam_fork_lg/empty-32-32/empty-32-32-random-4_a50_s1_r0,983,0.043,"{""agents"": ""50"", ""comp_time"": ""43"", ""makespan"": ""44"", ""makespan_lb"": ""44"", ""map_file"": ""empty-32-32.map"", ""seed"": ""1"", ""soc"": ""983"", ""soc_lb"": ""981"", ""solved"": ""1"", ""solver"": ""planner"", ""sum_of_loss"": ""983"", ""sum_of_loss_lb"": ""981""}"
lg_lacam_fork:lg_tl,LG-LaCAM (window 20) + traffic load,empty-32-32,empty-32-32-random-4,50,0,30.0,solved,0.130947,0.082,985,44,985,981,44,1.004077,0,,/home/carsten/Projects/MAPF/MAPF Evaluator/results/tlcpp-empty32/runs/lg_lacam_fork_lg_tl/empty-32-32/empty-32-32-random-4_a50_s0_r0,985,0.082,"{""agents"": ""50"", ""comp_time"": ""82"", ""makespan"": ""44"", ""makespan_lb"": ""44"", ""map_file"": ""empty-32-32.map"", ""seed"": ""0"", ""soc"": ""985"", ""soc_lb"": ""981"", ""solved"": ""1"", ""solver"": ""planner"", ""sum_of_loss"": ""985"", ""sum_of_loss_lb"": ""981""}"
lg_lacam_fork:lg_tl,LG-LaCAM (window 20) + traffic load,empty-32-32,empty-32-32-random-4,50,1,30.0,solved,0.133044,0.052,983,44,983,981,44,1.002039,0,,/home/carsten/Projects/MAPF/MAPF Evaluator/results/tlcpp-empty32/runs/lg_lacam_fork_lg_tl/empty-32-32/empty-32-32-random-4_a50_s1_r0,983,0.052,"{""agents"": ""50"", ""comp_time"": ""52"", ""makespan"": ""44"", ""makespan_lb"": ""44"", ""map_file"": ""empty-32-32.map"", ""seed"": ""1"", ""soc"": ""983"", ""soc_lb"": ""981"", ""solved"": ""1"", ""solver"": ""planner"", ""sum_of_loss"": ""983"", ""sum_of_loss_lb"": ""981""}"
lg_lacam_fork:lg,"LG-LaCAM (window 20, first solution)",empty-32-32,empty-32-32-random-4,50,2,30.0,solved,0.153759,0.065,982,44,982,981,44,1.001019,0,,/home/carsten/Projects/MAPF/MAPF Evaluator/results/tlcpp-empty32/runs/lg_lacam_fork_lg/empty-32-32/empty-32-32-random-4_a50_s2_r0,982,0.065,"{""agents"": ""50"", ""comp_time"": ""65"", ""makespan"": ""44"", ""makespan_lb"": ""44"", ""map_file"": ""empty-32-32.map"", ""seed"": ""2"", ""soc"": ""982"", ""soc_lb"": ""981"", ""solved"": ""1"", ""solver"": ""planner"", ""sum_of_loss"": ""982"", ""sum_of_loss_lb"": ""981""}"
lg_lacam_fork:lg_tl,LG-LaCAM (window 20) + traffic load,empty-32-32,empty-32-32-random-4,50,2,30.0,solved,0.097864,0.051,982,44,982,981,44,1.001019,0,,/home/carsten/Projects/MAPF/MAPF Evaluator/results/tlcpp-empty32/runs/lg_lacam_fork_lg_tl/empty-32-32/empty-32-32-random-4_a50_s2_r0,982,0.051,"{""agents"": ""50"", ""comp_time"": ""51"", ""makespan"": ""44"", ""makespan_lb"": ""44"", ""map_file"": ""empty-32-32.map"", ""seed"": ""2"", ""soc"": ""982"", ""soc_lb"": ""981"", ""solved"": ""1"", ""solver"": ""planner"", ""sum_of_loss"": ""982"", ""sum_of_loss_lb"": ""981""}"
lg_lacam_fork:lg_suo,LG-LaCAM (window 20) + SUO,empty-32-32,empty-32-32-random-4,50,0,30.0,solved,0.186499,0.11,984,44,984,981,44,1.003058,0,,/home/carsten/Projects/MAPF/MAPF Evaluator/results/tlcpp-empty32/runs/lg_lacam_fork_lg_suo/empty-32-32/empty-32-32-random-4_a50_s0_r0,984,0.11,"{""agents"": ""50"", ""comp_time"": ""110"", ""makespan"": ""44"", ""makespan_lb"": ""44"", ""map_file"": ""empty-32-32.map"", ""seed"": ""0"", ""soc"": ""984"", ""soc_lb"": ""981"", ""solved"": ""1"", ""solver"": ""planner"", ""sum_of_loss"": ""984"", ""sum_of_loss_lb"": ""981""}"
lg_lacam_fork:lg_suo,LG-LaCAM (window 20) + SUO,empty-32-32,empty-32-32-random-4,50,2,30.0,solved,0.167712,0.042,984,44,984,981,44,1.003058,0,,/home/carsten/Projects/MAPF/MAPF Evaluator/results/tlcpp-empty32/runs/lg_lacam_fork_lg_suo/empty-32-32/empty-32-32-random-4_a50_s2_r0,984,0.042,"{""agents"": ""50"", ""comp_time"": ""42"", ""makespan"": ""44"", ""makespan_lb"": ""44"", ""map_file"": ""empty-32-32.map"", ""seed"": ""2"", ""soc"": ""984"", ""soc_lb"": ""981"", ""solved"": ""1"", ""solver"": ""planner"", ""sum_of_loss"": ""984"", ""sum_of_loss_lb"": ""981""}"
lg_lacam_fork:lg_suo,LG-LaCAM (window 20) + SUO,empty-32-32,empty-32-32-random-4,50,1,30.0,solved,0.165831,0.039,983,44,983,981,44,1.002039,0,,/home/carsten/Projects/MAPF/MAPF Evaluator/results/tlcpp-empty32/runs/lg_lacam_fork_lg_suo/empty-32-32/empty-32-32-random-4_a50_s1_r0,983,0.039,"{""agents"": ""50"", ""comp_time"": ""39"", ""makespan"": ""44"", ""makespan_lb"": ""44"", ""map_file"": ""empty-32-32.map"", ""seed"": ""1"", ""soc"": ""983"", ""soc_lb"": ""981"", ""solved"": ""1"", ""solver"": ""planner"", ""sum_of_loss"": ""983"", ""sum_of_loss_lb"": ""981""}"
lg_lacam_fork:lg_suo_tl,LG-LaCAM (window 20) + SUO + traffic load,empty-32-32,empty-32-32-random-4,50,0,30.0,solved,0.138085,0.064,984,44,984,981,44,1.003058,0,,/home/carsten/Projects/MAPF/MAPF Evaluator/results/tlcpp-empty32/runs/lg_lacam_fork_lg_suo_tl/empty-32-32/empty-32-32-random-4_a50_s0_r0,984,0.064,"{""agents"": ""50"", ""comp_time"": ""64"", ""makespan"": ""44"", ""makespan_lb"": ""44"", ""map_file"": ""empty-32-32.map"", ""seed"": ""0"", ""soc"": ""984"", ""soc_lb"": ""981"", ""solved"": ""1"", ""solver"": ""planner"", ""sum_of_loss"": ""984"", ""sum_of_loss_lb"": ""981""}"
lg_lacam_fork:lg_suo_tl,LG-LaCAM (window 20) + SUO + traffic load,empty-32-32,empty-32-32-random-4,50,1,30.0,solved,0.044672,0.023,983,44,983,981,44,1.002039,0,,/home/carsten/Projects/MAPF/MAPF Evaluator/results/tlcpp-empty32/runs/lg_lacam_fork_lg_suo_tl/empty-32-32/empty-32-32-random-4_a50_s1_r0,983,0.023,"{""agents"": ""50"", ""comp_time"": ""23"", ""makespan"": ""44"", ""makespan_lb"": ""44"", ""map_file"": ""empty-32-32.map"", ""seed"": ""1"", ""soc"": ""983"", ""soc_lb"": ""981"", ""solved"": ""1"", ""solver"": ""planner"", ""sum_of_loss"": ""983"", ""sum_of_loss_lb"": ""981""}"
lg_lacam_fork:lacam,"LaCAM (no guidance, first solution)",empty-32-32,empty-32-32-random-4,100,0,30.0,solved,0.059587,0.012,2578,45,2269,2062,45,1.250242,0,,/home/carsten/Projects/MAPF/MAPF Evaluator/results/tlcpp-empty32/runs/lg_lacam_fork_lacam/empty-32-32/empty-32-32-random-4_a100_s0_r0,2578,0.012,"{""agents"": ""100"", ""comp_time"": ""12"", ""makespan"": ""45"", ""makespan_lb"": ""45"", ""map_file"": ""empty-32-32.map"", ""seed"": ""0"", ""soc"": ""2578"", ""soc_lb"": ""2062"", ""solved"": ""1"", ""solver"": ""planner"", ""sum_of_loss"": ""2322"", ""sum_of_loss_lb"": ""2062""}"
lg_lacam_fork:lacam,"LaCAM (no guidance, first solution)",empty-32-32,empty-32-32-random-4,100,1,30.0,solved,0.100416,0.038,2553,45,2275,2062,45,1.238118,0,,/home/carsten/Projects/MAPF/MAPF Evaluator/results/tlcpp-empty32/runs/lg_lacam_fork_lacam/empty-32-32/empty-32-32-random-4_a100_s1_r0,2553,0.038,"{""agents"": ""100"", ""comp_time"": ""38"", ""makespan"": ""45"", ""makespan_lb"": ""45"", ""map_file"": ""empty-32-32.map"", ""seed"": ""1"", ""soc"": ""2553"", ""soc_lb"": ""2062"", ""solved"": ""1"", ""solver"": ""planner"", ""sum_of_loss"": ""2318"", ""sum_of_loss_lb"": ""2062""}"
lg_lacam_fork:lg_suo_tl,LG-LaCAM (window 20) + SUO + traffic load,empty-32-32,empty-32-32-random-4,50,2,30.0,solved,0.17094,0.095,984,44,984,981,44,1.003058,0,,/home/carsten/Projects/MAPF/MAPF Evaluator/results/tlcpp-empty32/runs/lg_lacam_fork_lg_suo_tl/empty-32-32/empty-32-32-random-4_a50_s2_r0,984,0.095,"{""agents"": ""50"", ""comp_time"": ""95"", ""makespan"": ""44"", ""makespan_lb"": ""44"", ""map_file"": ""empty-32-32.map"", ""seed"": ""2"", ""soc"": ""984"", ""soc_lb"": ""981"", ""solved"": ""1"", ""solver"": ""planner"", ""sum_of_loss"": ""984"", ""sum_of_loss_lb"": ""981""}"
lg_lacam_fork:lacam,"LaCAM (no guidance, first solution)",empty-32-32,empty-32-32-random-4,100,2,30.0,solved,0.103817,0.019,2506,45,2263,2062,45,1.215325,0,,/home/carsten/Projects/MAPF/MAPF Evaluator/results/tlcpp-empty32/runs/lg_lacam_fork_lacam/empty-32-32/empty-32-32-random-4_a100_s2_r0,2506,0.019,"{""agents"": ""100"", ""comp_time"": ""19"", ""makespan"": ""45"", ""makespan_lb"": ""45"", ""map_file"": ""empty-32-32.map"", ""seed"": ""2"", ""soc"": ""2506"", ""soc_lb"": ""2062"", ""solved"": ""1"", ""solver"": ""planner"", ""sum_of_loss"": ""2314"", ""sum_of_loss_lb"": ""2062""}"
lg_lacam_fork:tl,"LaCAM + traffic load (tie-break, per config)",empty-32-32,empty-32-32-random-4,100,0,30.0,solved,0.050752,0.023,2423,45,2168,2062,45,1.175073,0,,/home/carsten/Projects/MAPF/MAPF Evaluator/results/tlcpp-empty32/runs/lg_lacam_fork_tl/empty-32-32/empty-32-32-random-4_a100_s0_r0,2423,0.023,"{""agents"": ""100"", ""comp_time"": ""23"", ""makespan"": ""45"", ""makespan_lb"": ""45"", ""map_file"": ""empty-32-32.map"", ""seed"": ""0"", ""soc"": ""2423"", ""soc_lb"": ""2062"", ""solved"": ""1"", ""solver"": ""planner"", ""sum_of_loss"": ""2206"", ""sum_of_loss_lb"": ""2062""}"
lg_lacam_fork:tl,"LaCAM + traffic load (tie-break, per config)",empty-32-32,empty-32-32-random-4,100,2,30.0,solved,0.046464,0.029,2369,45,2165,2062,45,1.148885,0,,/home/carsten/Projects/MAPF/MAPF Evaluator/results/tlcpp-empty32/runs/lg_lacam_fork_tl/empty-32-32/empty-32-32-random-4_a100_s2_r0,2369,0.029,"{""agents"": ""100"", ""comp_time"": ""29"", ""makespan"": ""45"", ""makespan_lb"": ""45"", ""map_file"": ""empty-32-32.map"", ""seed"": ""2"", ""soc"": ""2369"", ""soc_lb"": ""2062"", ""solved"": ""1"", ""solver"": ""planner"", ""sum_of_loss"": ""2205"", ""sum_of_loss_lb"": ""2062""}"
lg_lacam_fork:tl,"LaCAM + traffic load (tie-break, per config)",empty-32-32,empty-32-32-random-4,100,1,30.0,solved,0.132591,0.044,2375,45,2170,2062,45,1.151794,0,,/home/carsten/Projects/MAPF/MAPF Evaluator/results/tlcpp-empty32/runs/lg_lacam_fork_tl/empty-32-32/empty-32-32-random-4_a100_s1_r0,2375,0.044,"{""agents"": ""100"", ""comp_time"": ""44"", ""makespan"": ""45"", ""makespan_lb"": ""45"", ""map_file"": ""empty-32-32.map"", ""seed"": ""1"", ""soc"": ""2375"", ""soc_lb"": ""2062"", ""solved"": ""1"", ""solver"": ""planner"", ""sum_of_loss"": ""2209"", ""sum_of_loss_lb"": ""2062""}"
lg_lacam_fork:tl_agent,"LaCAM + traffic load (tie-break, per agent)",empty-32-32,empty-32-32-random-4,100,0,30.0,solved,0.098613,0.073,2344,45,2166,2062,45,1.13676,0,,/home/carsten/Projects/MAPF/MAPF Evaluator/results/tlcpp-empty32/runs/lg_lacam_fork_tl_agent/empty-32-32/empty-32-32-random-4_a100_s0_r0,2344,0.073,"{""agents"": ""100"", ""comp_time"": ""73"", ""makespan"": ""45"", ""makespan_lb"": ""45"", ""map_file"": ""empty-32-32.map"", ""seed"": ""0"", ""soc"": ""2344"", ""soc_lb"": ""2062"", ""solved"": ""1"", ""solver"": ""planner"", ""sum_of_loss"": ""2202"", ""sum_of_loss_lb"": ""2062""}"
lg_lacam_fork:tl_agent,"LaCAM + traffic load (tie-break, per agent)",empty-32-32,empty-32-32-random-4,100,2,30.0,solved,0.156253,0.052,2394,45,2169,2062,45,1.161009,0,,/home/carsten/Projects/MAPF/MAPF Evaluator/results/tlcpp-empty32/runs/lg_lacam_fork_tl_agent/empty-32-32/empty-32-32-random-4_a100_s2_r0,2394,0.052,"{""agents"": ""100"", ""comp_time"": ""52"", ""makespan"": ""45"", ""makespan_lb"": ""45"", ""map_file"": ""empty-32-32.map"", ""seed"": ""2"", ""soc"": ""2394"", ""soc_lb"": ""2062"", ""solved"": ""1"", ""solver"": ""planner"", ""sum_of_loss"": ""2204"", ""sum_of_loss_lb"": ""2062""}"
lg_lacam_fork:tl_agent,"LaCAM + traffic load (tie-break, per agent)",empty-32-32,empty-32-32-random-4,100,1,30.0,solved,0.114912,0.037,2398,45,2174,2062,45,1.162949,0,,/home/carsten/Projects/MAPF/MAPF Evaluator/results/tlcpp-empty32/runs/lg_lacam_fork_tl_agent/empty-32-32/empty-32-32-random-4_a100_s1_r0,2398,0.037,"{""agents"": ""100"", ""comp_time"": ""37"", ""makespan"": ""45"", ""makespan_lb"": ""45"", ""map_file"": ""empty-32-32.map"", ""seed"": ""1"", ""soc"": ""2398"", ""soc_lb"": ""2062"", ""solved"": ""1"", ""solver"": ""planner"", ""sum_of_loss"": ""2214"", ""sum_of_loss_lb"": ""2062""}"
lg_lacam_fork:tl_static,LaCAM + traffic load (static map from starts),empty-32-32,empty-32-32-random-4,100,0,30.0,solved,0.245051,0.127,2560,63,2323,2062,45,1.241513,0,,/home/carsten/Projects/MAPF/MAPF Evaluator/results/tlcpp-empty32/runs/lg_lacam_fork_tl_static/empty-32-32/empty-32-32-random-4_a100_s0_r0,2560,0.127,"{""agents"": ""100"", ""comp_time"": ""127"", ""makespan"": ""63"", ""makespan_lb"": ""45"", ""map_file"": ""empty-32-32.map"", ""seed"": ""0"", ""soc"": ""2560"", ""soc_lb"": ""2062"", ""solved"": ""1"", ""solver"": ""planner"", ""sum_of_loss"": ""2373"", ""sum_of_loss_lb"": ""2062""}"
lg_lacam_fork:tl_static,LaCAM + traffic load (static map from starts),empty-32-32,empty-32-32-random-4,100,1,30.0,solved,0.139287,0.065,2541,56,2307,2062,45,1.232299,0,,/home/carsten/Projects/MAPF/MAPF Evaluator/results/tlcpp-empty32/runs/lg_lacam_fork_tl_static/empty-32-32/empty-32-32-random-4_a100_s1_r0,2541,0.065,"{""agents"": ""100"", ""comp_time"": ""65"", ""makespan"": ""56"", ""makespan_lb"": ""45"", ""map_file"": ""empty-32-32.map"", ""seed"": ""1"", ""soc"": ""2541"", ""soc_lb"": ""2062"", ""solved"": ""1"", ""solver"": ""planner"", ""sum_of_loss"": ""2355"", ""sum_of_loss_lb"": ""2062""}"
lg_lacam_fork:tl_static,LaCAM + traffic load (static map from starts),empty-32-32,empty-32-32-random-4,100,2,30.0,solved,0.116718,0.032,2500,45,2270,2062,45,1.212415,0,,/home/carsten/Projects/MAPF/MAPF Evaluator/results/tlcpp-empty32/runs/lg_lacam_fork_tl_static/empty-32-32/empty-32-32-random-4_a100_s2_r0,2500,0.032,"{""agents"": ""100"", ""comp_time"": ""32"", ""makespan"": ""45"", ""makespan_lb"": ""45"", ""map_file"": ""empty-32-32.map"", ""seed"": ""2"", ""soc"": ""2500"", ""soc_lb"": ""2062"", ""solved"": ""1"", ""solver"": ""planner"", ""sum_of_loss"": ""2315"", ""sum_of_loss_lb"": ""2062""}"
lg_lacam_fork:suo,LaCAM3 = SUO (first solution),empty-32-32,empty-32-32-random-4,100,1,30.0,solved,0.075719,0.02,2106,45,2106,2062,45,1.021339,0,,/home/carsten/Projects/MAPF/MAPF Evaluator/results/tlcpp-empty32/runs/lg_lacam_fork_suo/empty-32-32/empty-32-32-random-4_a100_s1_r0,2106,0.02,"{""agents"": ""100"", ""comp_time"": ""20"", ""makespan"": ""45"", ""makespan_lb"": ""45"", ""map_file"": ""empty-32-32.map"", ""seed"": ""1"", ""soc"": ""2106"", ""soc_lb"": ""2062"", ""solved"": ""1"", ""solver"": ""planner"", ""sum_of_loss"": ""2106"", ""sum_of_loss_lb"": ""2062""}"
lg_lacam_fork:suo,LaCAM3 = SUO (first solution),empty-32-32,empty-32-32-random-4,100,0,30.0,solved,0.069797,0.015,2144,45,2123,2062,45,1.039767,0,,/home/carsten/Projects/MAPF/MAPF Evaluator/results/tlcpp-empty32/runs/lg_lacam_fork_suo/empty-32-32/empty-32-32-random-4_a100_s0_r0,2144,0.015,"{""agents"": ""100"", ""comp_time"": ""15"", ""makespan"": ""45"", ""makespan_lb"": ""45"", ""map_file"": ""empty-32-32.map"", ""seed"": ""0"", ""soc"": ""2144"", ""soc_lb"": ""2062"", ""solved"": ""1"", ""solver"": ""planner"", ""sum_of_loss"": ""2129"", ""sum_of_loss_lb"": ""2062""}"
lg_lacam_fork:suo,LaCAM3 = SUO (first solution),empty-32-32,empty-32-32-random-4,100,2,30.0,solved,0.216203,0.074,2126,45,2113,2062,45,1.031038,0,,/home/carsten/Projects/MAPF/MAPF Evaluator/results/tlcpp-empty32/runs/lg_lacam_fork_suo/empty-32-32/empty-32-32-random-4_a100_s2_r0,2126,0.074,"{""agents"": ""100"", ""comp_time"": ""74"", ""makespan"": ""45"", ""makespan_lb"": ""45"", ""map_file"": ""empty-32-32.map"", ""seed"": ""2"", ""soc"": ""2126"", ""soc_lb"": ""2062"", ""solved"": ""1"", ""solver"": ""planner"", ""sum_of_loss"": ""2116"", ""sum_of_loss_lb"": ""2062""}"
lg_lacam_fork:suo_tl,SUO + traffic load,empty-32-32,empty-32-32-random-4,100,0,30.0,solved,0.227764,0.087,2103,45,2103,2062,45,1.019884,0,,/home/carsten/Projects/MAPF/MAPF Evaluator/results/tlcpp-empty32/runs/lg_lacam_fork_suo_tl/empty-32-32/empty-32-32-random-4_a100_s0_r0,2103,0.087,"{""agents"": ""100"", ""comp_time"": ""87"", ""makespan"": ""45"", ""makespan_lb"": ""45"", ""map_file"": ""empty-32-32.map"", ""seed"": ""0"", ""soc"": ""2103"", ""soc_lb"": ""2062"", ""solved"": ""1"", ""solver"": ""planner"", ""sum_of_loss"": ""2103"", ""sum_of_loss_lb"": ""2062""}"
lg_lacam_fork:suo_tl,SUO + traffic load,empty-32-32,empty-32-32-random-4,100,2,30.0,solved,0.304584,0.134,2094,45,2094,2062,45,1.015519,0,,/home/carsten/Projects/MAPF/MAPF Evaluator/results/tlcpp-empty32/runs/lg_lacam_fork_suo_tl/empty-32-32/empty-32-32-random-4_a100_s2_r0,2094,0.134,"{""agents"": ""100"", ""comp_time"": ""134"", ""makespan"": ""45"", ""makespan_lb"": ""45"", ""map_file"": ""empty-32-32.map"", ""seed"": ""2"", ""soc"": ""2094"", ""soc_lb"": ""2062"", ""solved"": ""1"", ""solver"": ""planner"", ""sum_of_loss"": ""2094"", ""sum_of_loss_lb"": ""2062""}"
lg_lacam_fork:suo_tl,SUO + traffic load,empty-32-32,empty-32-32-random-4,100,1,30.0,solved,0.294738,0.223,2106,45,2106,2062,45,1.021339,0,,/home/carsten/Projects/MAPF/MAPF Evaluator/results/tlcpp-empty32/runs/lg_lacam_fork_suo_tl/empty-32-32/empty-32-32-random-4_a100_s1_r0,2106,0.223,"{""agents"": ""100"", ""comp_time"": ""223"", ""makespan"": ""45"", ""makespan_lb"": ""45"", ""map_file"": ""empty-32-32.map"", ""seed"": ""1"", ""soc"": ""2106"", ""soc_lb"": ""2062"", ""solved"": ""1"", ""solver"": ""planner"", ""sum_of_loss"": ""2106"", ""sum_of_loss_lb"": ""2062""}"
lg_lacam_fork:lg,"LG-LaCAM (window 20, first solution)",empty-32-32,empty-32-32-random-4,100,0,30.0,solved,0.229842,0.165,2077,45,2077,2062,45,1.007274,0,,/home/carsten/Projects/MAPF/MAPF Evaluator/results/tlcpp-empty32/runs/lg_lacam_fork_lg/empty-32-32/empty-32-32-random-4_a100_s0_r0,2077,0.165,"{""agents"": ""100"", ""comp_time"": ""165"", ""makespan"": ""45"", ""makespan_lb"": ""45"", ""map_file"": ""empty-32-32.map"", ""seed"": ""0"", ""soc"": ""2077"", ""soc_lb"": ""2062"", ""solved"": ""1"", ""solver"": ""planner"", ""sum_of_loss"": ""2077"", ""sum_of_loss_lb"": ""2062""}"
lg_lacam_fork:lg,"LG-LaCAM (window 20, first solution)",empty-32-32,empty-32-32-random-4,100,1,30.0,solved,0.163133,0.034,2078,45,2078,2062,45,1.007759,0,,/home/carsten/Projects/MAPF/MAPF Evaluator/results/tlcpp-empty32/runs/lg_lacam_fork_lg/empty-32-32/empty-32-32-random-4_a100_s1_r0,2078,0.034,"{""agents"": ""100"", ""comp_time"": ""34"", ""makespan"": ""45"", ""makespan_lb"": ""45"", ""map_file"": ""empty-32-32.map"", ""seed"": ""1"", ""soc"": ""2078"", ""soc_lb"": ""2062"", ""solved"": ""1"", ""solver"": ""planner"", ""sum_of_loss"": ""2078"", ""sum_of_loss_lb"": ""2062""}"
lg_lacam_fork:lg,"LG-LaCAM (window 20, first solution)",empty-32-32,empty-32-32-random-4,100,2,30.0,solved,0.14787,0.038,2075,45,2075,2062,45,1.006305,0,,/home/carsten/Projects/MAPF/MAPF Evaluator/results/tlcpp-empty32/runs/lg_lacam_fork_lg/empty-32-32/empty-32-32-random-4_a100_s2_r0,2075,0.038,"{""agents"": ""100"", ""comp_time"": ""38"", ""makespan"": ""45"", ""makespan_lb"": ""45"", ""map_file"": ""empty-32-32.map"", ""seed"": ""2"", ""soc"": ""2075"", ""soc_lb"": ""2062"", ""solved"": ""1"", ""solver"": ""planner"", ""sum_of_loss"": ""2075"", ""sum_of_loss_lb"": ""2062""}"
lg_lacam_fork:lg_tl,LG-LaCAM (window 20) + traffic load,empty-32-32,empty-32-32-random-4,100,0,30.0,solved,0.159692,0.06,2077,45,2077,2062,45,1.007274,0,,/home/carsten/Projects/MAPF/MAPF Evaluator/results/tlcpp-empty32/runs/lg_lacam_fork_lg_tl/empty-32-32/empty-32-32-random-4_a100_s0_r0,2077,0.06,"{""agents"": ""100"", ""comp_time"": ""60"", ""makespan"": ""45"", ""makespan_lb"": ""45"", ""map_file"": ""empty-32-32.map"", ""seed"": ""0"", ""soc"": ""2077"", ""soc_lb"": ""2062"", ""solved"": ""1"", ""solver"": ""planner"", ""sum_of_loss"": ""2077"", ""sum_of_loss_lb"": ""2062""}"
lg_lacam_fork:lg_tl,LG-LaCAM (window 20) + traffic load,empty-32-32,empty-32-32-random-4,100,1,30.0,solved,0.165684,0.038,2078,45,2078,2062,45,1.007759,0,,/home/carsten/Projects/MAPF/MAPF Evaluator/results/tlcpp-empty32/runs/lg_lacam_fork_lg_tl/empty-32-32/empty-32-32-random-4_a100_s1_r0,2078,0.038,"{""agents"": ""100"", ""comp_time"": ""38"", ""makespan"": ""45"", ""makespan_lb"": ""45"", ""map_file"": ""empty-32-32.map"", ""seed"": ""1"", ""soc"": ""2078"", ""soc_lb"": ""2062"", ""solved"": ""1"", ""solver"": ""planner"", ""sum_of_loss"": ""2078"", ""sum_of_loss_lb"": ""2062""}"
lg_lacam_fork:lg_tl,LG-LaCAM (window 20) + traffic load,empty-32-32,empty-32-32-random-4,100,2,30.0,solved,0.273345,0.137,2075,45,2075,2062,45,1.006305,0,,/home/carsten/Projects/MAPF/MAPF Evaluator/results/tlcpp-empty32/runs/lg_lacam_fork_lg_tl/empty-32-32/empty-32-32-random-4_a100_s2_r0,2075,0.137,"{""agents"": ""100"", ""comp_time"": ""137"", ""makespan"": ""45"", ""makespan_lb"": ""45"", ""map_file"": ""empty-32-32.map"", ""seed"": ""2"", ""soc"": ""2075"", ""soc_lb"": ""2062"", ""solved"": ""1"", ""solver"": ""planner"", ""sum_of_loss"": ""2075"", ""sum_of_loss_lb"": ""2062""}"
lg_lacam_fork:lg_suo,LG-LaCAM (window 20) + SUO,empty-32-32,empty-32-32-random-4,100,0,30.0,solved,0.172331,0.12,2081,45,2081,2062,45,1.009214,0,,/home/carsten/Projects/MAPF/MAPF Evaluator/results/tlcpp-empty32/runs/lg_lacam_fork_lg_suo/empty-32-32/empty-32-32-random-4_a100_s0_r0,2081,0.12,"{""agents"": ""100"", ""comp_time"": ""120"", ""makespan"": ""45"", ""makespan_lb"": ""45"", ""map_file"": ""empty-32-32.map"", ""seed"": ""0"", ""soc"": ""2081"", ""soc_lb"": ""2062"", ""solved"": ""1"", ""solver"": ""planner"", ""sum_of_loss"": ""2081"", ""sum_of_loss_lb"": ""2062""}"
lg_lacam_fork:lg_suo,LG-LaCAM (window 20) + SUO,empty-32-32,empty-32-32-random-4,100,1,30.0,solved,0.213788,0.077,2089,45,2089,2062,45,1.013094,0,,/home/carsten/Projects/MAPF/MAPF Evaluator/results/tlcpp-empty32/runs/lg_lacam_fork_lg_suo/empty-32-32/empty-32-32-random-4_a100_s1_r0,2089,0.077,"{""agents"": ""100"", ""comp_time"": ""77"", ""makespan"": ""45"", ""makespan_lb"": ""45"", ""map_file"": ""empty-32-32.map"", ""seed"": ""1"", ""soc"": ""2089"", ""soc_lb"": ""2062"", ""solved"": ""1"", ""solver"": ""planner"", ""sum_of_loss"": ""2089"", ""sum_of_loss_lb"": ""2062""}"
lg_lacam_fork:lg_suo,LG-LaCAM (window 20) + SUO,empty-32-32,empty-32-32-random-4,100,2,30.0,solved,0.10679,0.055,2084,45,2084,2062,45,1.010669,0,,/home/carsten/Projects/MAPF/MAPF Evaluator/results/tlcpp-empty32/runs/lg_lacam_fork_lg_suo/empty-32-32/empty-32-32-random-4_a100_s2_r0,2084,0.055,"{""agents"": ""100"", ""comp_time"": ""55"", ""makespan"": ""45"", ""makespan_lb"": ""45"", ""map_file"": ""empty-32-32.map"", ""seed"": ""2"", ""soc"": ""2084"", ""soc_lb"": ""2062"", ""solved"": ""1"", ""solver"": ""planner"", ""sum_of_loss"": ""2084"", ""sum_of_loss_lb"": ""2062""}"
lg_lacam_fork:lg_suo_tl,LG-LaCAM (window 20) + SUO + traffic load,empty-32-32,empty-32-32-random-4,100,0,30.0,solved,0.10436,0.052,2081,45,2081,2062,45,1.009214,0,,/home/carsten/Projects/MAPF/MAPF Evaluator/results/tlcpp-empty32/runs/lg_lacam_fork_lg_suo_tl/empty-32-32/empty-32-32-random-4_a100_s0_r0,2081,0.052,"{""agents"": ""100"", ""comp_time"": ""52"", ""makespan"": ""45"", ""makespan_lb"": ""45"", ""map_file"": ""empty-32-32.map"", ""seed"": ""0"", ""soc"": ""2081"", ""soc_lb"": ""2062"", ""solved"": ""1"", ""solver"": ""planner"", ""sum_of_loss"": ""2081"", ""sum_of_loss_lb"": ""2062""}"
lg_lacam_fork:lg_suo_tl,LG-LaCAM (window 20) + SUO + traffic load,empty-32-32,empty-32-32-random-4,100,1,30.0,solved,0.114747,0.088,2085,45,2085,2062,45,1.011154,0,,/home/carsten/Projects/MAPF/MAPF Evaluator/results/tlcpp-empty32/runs/lg_lacam_fork_lg_suo_tl/empty-32-32/empty-32-32-random-4_a100_s1_r0,2085,0.088,"{""agents"": ""100"", ""comp_time"": ""88"", ""makespan"": ""45"", ""makespan_lb"": ""45"", ""map_file"": ""empty-32-32.map"", ""seed"": ""1"", ""soc"": ""2085"", ""soc_lb"": ""2062"", ""solved"": ""1"", ""solver"": ""planner"", ""sum_of_loss"": ""2085"", ""sum_of_loss_lb"": ""2062""}"
lg_lacam_fork:lg_suo_tl,LG-LaCAM (window 20) + SUO + traffic load,empty-32-32,empty-32-32-random-4,100,2,30.0,solved,0.225791,0.139,2084,45,2084,2062,45,1.010669,0,,/home/carsten/Projects/MAPF/MAPF Evaluator/results/tlcpp-empty32/runs/lg_lacam_fork_lg_suo_tl/empty-32-32/empty-32-32-random-4_a100_s2_r0,2084,0.139,"{""agents"": ""100"", ""comp_time"": ""139"", ""makespan"": ""45"", ""makespan_lb"": ""45"", ""map_file"": ""empty-32-32.map"", ""seed"": ""2"", ""soc"": ""2084"", ""soc_lb"": ""2062"", ""solved"": ""1"", ""solver"": ""planner"", ""sum_of_loss"": ""2084"", ""sum_of_loss_lb"": ""2062""}"
lg_lacam_fork:lacam,"LaCAM (no guidance, first solution)",empty-32-32,empty-32-32-random-4,150,1,30.0,solved,0.077482,0.028,4238,48,3653,3107,47,1.364017,0,,/home/carsten/Projects/MAPF/MAPF Evaluator/results/tlcpp-empty32/runs/lg_lacam_fork_lacam/empty-32-32/empty-32-32-random-4_a150_s1_r0,4238,0.028,"{""agents"": ""150"", ""comp_time"": ""28"", ""makespan"": ""48"", ""makespan_lb"": ""47"", ""map_file"": ""empty-32-32.map"", ""seed"": ""1"", ""soc"": ""4238"", ""soc_lb"": ""3107"", ""solved"": ""1"", ""solver"": ""planner"", ""sum_of_loss"": ""3758"", ""sum_of_loss_lb"": ""3107""}"
lg_lacam_fork:lacam,"LaCAM (no guidance, first solution)",empty-32-32,empty-32-32-random-4,150,0,30.0,solved,0.077165,0.025,4321,47,3672,3107,47,1.390731,0,,/home/carsten/Projects/MAPF/MAPF Evaluator/results/tlcpp-empty32/runs/lg_lacam_fork_lacam/empty-32-32/empty-32-32-random-4_a150_s0_r0,4321,0.025,"{""agents"": ""150"", ""comp_time"": ""25"", ""makespan"": ""47"", ""makespan_lb"": ""47"", ""map_file"": ""empty-32-32.map"", ""seed"": ""0"", ""soc"": ""4321"", ""soc_lb"": ""3107"", ""solved"": ""1"", ""solver"": ""planner"", ""sum_of_loss"": ""3785"", ""sum_of_loss_lb"": ""3107""}"
lg_lacam_fork:lacam,"LaCAM (no guidance, first solution)",empty-32-32,empty-32-32-random-4,150,2,30.0,solved,0.114721,0.037,4278,47,3600,3107,47,1.376891,0,,/home/carsten/Projects/MAPF/MAPF Evaluator/results/tlcpp-empty32/runs/lg_lacam_fork_lacam/empty-32-32/empty-32-32-random-4_a150_s2_r0,4278,0.037,"{""agents"": ""150"", ""comp_time"": ""37"", ""makespan"": ""47"", ""makespan_lb"": ""47"", ""map_file"": ""empty-32-32.map"", ""seed"": ""2"", ""soc"": ""4278"", ""soc_lb"": ""3107"", ""solved"": ""1"", ""solver"": ""planner"", ""sum_of_loss"": ""3713"", ""sum_of_loss_lb"": ""3107""}"
lg_lacam_fork:tl,"LaCAM + traffic load (tie-break, per config)",empty-32-32,empty-32-32-random-4,150,0,30.0,solved,0.080778,0.043,3966,47,3389,3107,47,1.276472,0,,/home/carsten/Projects/MAPF/MAPF Evaluator/results/tlcpp-empty32/runs/lg_lacam_fork_tl/empty-32-32/empty-32-32-random-4_a150_s0_r0,3966,0.043,"{""agents"": ""150"", ""comp_time"": ""43"", ""makespan"": ""47"", ""makespan_lb"": ""47"", ""map_file"": ""empty-32-32.map"", ""seed"": ""0"", ""soc"": ""3966"", ""soc_lb"": ""3107"", ""solved"": ""1"", ""solver"": ""planner"", ""sum_of_loss"": ""3482"", ""sum_of_loss_lb"": ""3107""}"
lg_lacam_fork:tl,"LaCAM + traffic load (tie-break, per config)",empty-32-32,empty-32-32-random-4,150,2,30.0,solved,0.193531,0.045,3927,47,3425,3107,47,1.26392,0,,/home/carsten/Projects/MAPF/MAPF Evaluator/results/tlcpp-empty32/runs/lg_lacam_fork_tl/empty-32-32/empty-32-32-random-4_a150_s2_r0,3927,0.045,"{""agents"": ""150"", ""comp_time"": ""45"", ""makespan"": ""47"", ""makespan_lb"": ""47"", ""map_file"": ""empty-32-32.map"", ""seed"": ""2"", ""soc"": ""3927"", ""soc_lb"": ""3107"", ""solved"": ""1"", ""solver"": ""planner"", ""sum_of_loss"": ""3522"", ""sum_of_loss_lb"": ""3107""}"
lg_lacam_fork:tl,"LaCAM + traffic load (tie-break, per config)",empty-32-32,empty-32-32-random-4,150,1,30.0,solved,0.301762,0.116,3943,47,3395,3107,47,1.26907,0,,/home/carsten/Projects/MAPF/MAPF Evaluator/results/tlcpp-empty32/runs/lg_lacam_fork_tl/empty-32-32/empty-32-32-random-4_a150_s1_r0,3943,0.116,"{""agents"": ""150"", ""comp_time"": ""116"", ""makespan"": ""47"", ""makespan_lb"": ""47"", ""map_file"": ""empty-32-32.map"", ""seed"": ""1"", ""soc"": ""3943"", ""soc_lb"": ""3107"", ""solved"": ""1"", ""solver"": ""planner"", ""sum_of_loss"": ""3491"", ""sum_of_loss_lb"": ""3107""}"
lg_lacam_fork:tl_agent,"LaCAM + traffic load (tie-break, per agent)",empty-32-32,empty-32-32-random-4,150,0,30.0,solved,0.264518,0.11,3954,47,3372,3107,47,1.27261,0,,/home/carsten/Projects/MAPF/MAPF Evaluator/results/tlcpp-empty32/runs/lg_lacam_fork_tl_agent/empty-32-32/empty-32-32-random-4_a150_s0_r0,3954,0.11,"{""agents"": ""150"", ""comp_time"": ""110"", ""makespan"": ""47"", ""makespan_lb"": ""47"", ""map_file"": ""empty-32-32.map"", ""seed"": ""0"", ""soc"": ""3954"", ""soc_lb"": ""3107"", ""solved"": ""1"", ""solver"": ""planner"", ""sum_of_loss"": ""3468"", ""sum_of_loss_lb"": ""3107""}"
lg_lacam_fork:tl_agent,"LaCAM + traffic load (tie-break, per agent)",empty-32-32,empty-32-32-random-4,150,1,30.0,solved,0.227085,0.091,3976,47,3397,3107,47,1.279691,0,,/home/carsten/Projects/MAPF/MAPF Evaluator/results/tlcpp-empty32/runs/lg_lacam_fork_tl_agent/empty-32-32/empty-32-32-random-4_a150_s1_r0,3976,0.091,"{""agents"": ""150"", ""comp_time"": ""91"", ""makespan"": ""47"", ""makespan_lb"": ""47"", ""map_file"": ""empty-32-32.map"", ""seed"": ""1"", ""soc"": ""3976"", ""soc_lb"": ""3107"", ""solved"": ""1"", ""solver"": ""planner"", ""sum_of_loss"": ""3495"", ""sum_of_loss_lb"": ""3107""}"
lg_lacam_fork:tl_static,LaCAM + traffic load (static map from starts),empty-32-32,empty-32-32-random-4,150,0,30.0,solved,0.172722,0.072,4408,55,3782,3107,47,1.418732,0,,/home/carsten/Projects/MAPF/MAPF Evaluator/results/tlcpp-empty32/runs/lg_lacam_fork_tl_static/empty-32-32/empty-32-32-random-4_a150_s0_r0,4408,0.072,"{""agents"": ""150"", ""comp_time"": ""72"", ""makespan"": ""55"", ""makespan_lb"": ""47"", ""map_file"": ""empty-32-32.map"", ""seed"": ""0"", ""soc"": ""4408"", ""soc_lb"": ""3107"", ""solved"": ""1"", ""solver"": ""planner"", ""sum_of_loss"": ""3908"", ""sum_of_loss_lb"": ""3107""}"
lg_lacam_fork:tl_agent,"LaCAM + traffic load (tie-break, per agent)",empty-32-32,empty-32-32-random-4,150,2,30.0,solved,0.206589,0.115,3957,47,3389,3107,47,1.273576,0,,/home/carsten/Projects/MAPF/MAPF Evaluator/results/tlcpp-empty32/runs/lg_lacam_fork_tl_agent/empty-32-32/empty-32-32-random-4_a150_s2_r0,3957,0.115,"{""agents"": ""150"", ""comp_time"": ""115"", ""makespan"": ""47"", ""makespan_lb"": ""47"", ""map_file"": ""empty-32-32.map"", ""seed"": ""2"", ""soc"": ""3957"", ""soc_lb"": ""3107"", ""solved"": ""1"", ""solver"": ""planner"", ""sum_of_loss"": ""3481"", ""sum_of_loss_lb"": ""3107""}"
lg_lacam_fork:tl_static,LaCAM + traffic load (static map from starts),empty-32-32,empty-32-32-random-4,150,1,30.0,solved,0.06146,0.025,4369,48,3747,3107,47,1.40618,0,,/home/carsten/Projects/MAPF/MAPF Evaluator/results/tlcpp-empty32/runs/lg_lacam_fork_tl_static/empty-32-32/empty-32-32-random-4_a150_s1_r0,4369,0.025,"{""agents"": ""150"", ""comp_time"": ""25"", ""makespan"": ""48"", ""makespan_lb"": ""47"", ""map_file"": ""empty-32-32.map"", ""seed"": ""1"", ""soc"": ""4369"", ""soc_lb"": ""3107"", ""solved"": ""1"", ""solver"": ""planner"", ""sum_of_loss"": ""3870"", ""sum_of_loss_lb"": ""3107""}"
lg_lacam_fork:tl_static,LaCAM + traffic load (static map from starts),empty-32-32,empty-32-32-random-4,150,2,30.0,solved,0.150989,0.032,4411,58,3784,3107,47,1.419697,0,,/home/carsten/Projects/MAPF/MAPF Evaluator/results/tlcpp-empty32/runs/lg_lacam_fork_tl_static/empty-32-32/empty-32-32-random-4_a150_s2_r0,4411,0.032,"{""agents"": ""150"", ""comp_time"": ""32"", ""makespan"": ""58"", ""makespan_lb"": ""47"", ""map_file"": ""empty-32-32.map"", ""seed"": ""2"", ""soc"": ""4411"", ""soc_lb"": ""3107"", ""solved"": ""1"", ""solver"": ""planner"", ""sum_of_loss"": ""3911"", ""sum_of_loss_lb"": ""3107""}"
lg_lacam_fork:suo,LaCAM3 = SUO (first solution),empty-32-32,empty-32-32-random-4,150,0,30.0,solved,0.127005,0.035,3365,47,3298,3107,47,1.083038,0,,/home/carsten/Projects/MAPF/MAPF Evaluator/results/tlcpp-empty32/runs/lg_lacam_fork_suo/empty-32-32/empty-32-32-random-4_a150_s0_r0,3365,0.035,"{""agents"": ""150"", ""comp_time"": ""35"", ""makespan"": ""47"", ""makespan_lb"": ""47"", ""map_file"": ""empty-32-32.map"", ""seed"": ""0"", ""soc"": ""3365"", ""soc_lb"": ""3107"", ""solved"": ""1"", ""solver"": ""planner"", ""sum_of_loss"": ""3312"", ""sum_of_loss_lb"": ""3107""}"
lg_lacam_fork:suo,LaCAM3 = SUO (first solution),empty-32-32,empty-32-32-random-4,150,1,30.0,solved,0.081043,0.036,3296,47,3264,3107,47,1.06083,0,,/home/carsten/Projects/MAPF/MAPF Evaluator/results/tlcpp-empty32/runs/lg_lacam_fork_suo/empty-32-32/empty-32-32-random-4_a150_s1_r0,3296,0.036,"{""agents"": ""150"", ""comp_time"": ""36"", ""makespan"": ""47"", ""makespan_lb"": ""47"", ""map_file"": ""empty-32-32.map"", ""seed"": ""1"", ""soc"": ""3296"", ""soc_lb"": ""3107"", ""solved"": ""1"", ""solver"": ""planner"", ""sum_of_loss"": ""3268"", ""sum_of_loss_lb"": ""3107""}"
lg_lacam_fork:suo,LaCAM3 = SUO (first solution),empty-32-32,empty-32-32-random-4,150,2,30.0,solved,0.196784,0.109,3248,47,3234,3107,47,1.045381,0,,/home/carsten/Projects/MAPF/MAPF Evaluator/results/tlcpp-empty32/runs/lg_lacam_fork_suo/empty-32-32/empty-32-32-random-4_a150_s2_r0,3248,0.109,"{""agents"": ""150"", ""comp_time"": ""109"", ""makespan"": ""47"", ""makespan_lb"": ""47"", ""map_file"": ""empty-32-32.map"", ""seed"": ""2"", ""soc"": ""3248"", ""soc_lb"": ""3107"", ""solved"": ""1"", ""solver"": ""planner"", ""sum_of_loss"": ""3238"", ""sum_of_loss_lb"": ""3107""}"
lg_lacam_fork:suo_tl,SUO + traffic load,empty-32-32,empty-32-32-random-4,150,0,30.0,solved,0.288673,0.123,3235,47,3235,3107,47,1.041197,0,,/home/carsten/Projects/MAPF/MAPF Evaluator/results/tlcpp-empty32/runs/lg_lacam_fork_suo_tl/empty-32-32/empty-32-32-random-4_a150_s0_r0,3235,0.123,"{""agents"": ""150"", ""comp_time"": ""123"", ""makespan"": ""47"", ""makespan_lb"": ""47"", ""map_file"": ""empty-32-32.map"", ""seed"": ""0"", ""soc"": ""3235"", ""soc_lb"": ""3107"", ""solved"": ""1"", ""solver"": ""planner"", ""sum_of_loss"": ""3235"", ""sum_of_loss_lb"": ""3107""}"
lg_lacam_fork:suo_tl,SUO + traffic load,empty-32-32,empty-32-32-random-4,150,1,30.0,solved,0.181645,0.049,3308,47,3257,3107,47,1.064693,0,,/home/carsten/Projects/MAPF/MAPF Evaluator/results/tlcpp-empty32/runs/lg_lacam_fork_suo_tl/empty-32-32/empty-32-32-random-4_a150_s1_r0,3308,0.049,"{""agents"": ""150"", ""comp_time"": ""49"", ""makespan"": ""47"", ""makespan_lb"": ""47"", ""map_file"": ""empty-32-32.map"", ""seed"": ""1"", ""soc"": ""3308"", ""soc_lb"": ""3107"", ""solved"": ""1"", ""solver"": ""planner"", ""sum_of_loss"": ""3267"", ""sum_of_loss_lb"": ""3107""}"
lg_lacam_fork:lg,"LG-LaCAM (window 20, first solution)",empty-32-32,empty-32-32-random-4,150,0,30.0,solved,0.149071,0.057,3176,47,3170,3107,47,1.022208,0,,/home/carsten/Projects/MAPF/MAPF Evaluator/results/tlcpp-empty32/runs/lg_lacam_fork_lg/empty-32-32/empty-32-32-random-4_a150_s0_r0,3176,0.057,"{""agents"": ""150"", ""comp_time"": ""57"", ""makespan"": ""47"", ""makespan_lb"": ""47"", ""map_file"": ""empty-32-32.map"", ""seed"": ""0"", ""soc"": ""3176"", ""soc_lb"": ""3107"", ""solved"": ""1"", ""solver"": ""planner"", ""sum_of_loss"": ""3172"", ""sum_of_loss_lb"": ""3107""}"
lg_lacam_fork:suo_tl,SUO + traffic load,empty-32-32,empty-32-32-random-4,150,2,30.0,solved,0.202093,0.12,3254,47,3229,3107,47,1.047313,0,,/home/carsten/Projects/MAPF/MAPF Evaluator/results/tlcpp-empty32/runs/lg_lacam_fork_suo_tl/empty-32-32/empty-32-32-random-4_a150_s2_r0,3254,0.12,"{""agents"": ""150"", ""comp_time"": ""120"", ""makespan"": ""47"", ""makespan_lb"": ""47"", ""map_file"": ""empty-32-32.map"", ""seed"": ""2"", ""soc"": ""3254"", ""soc_lb"": ""3107"", ""solved"": ""1"", ""solver"": ""planner"", ""sum_of_loss"": ""3230"", ""sum_of_loss_lb"": ""3107""}"
lg_lacam_fork:lg,"LG-LaCAM (window 20, first solution)",empty-32-32,empty-32-32-random-4,150,1,30.0,solved,0.104955,0.037,3183,47,3177,3107,47,1.024461,0,,/home/carsten/Projects/MAPF/MAPF Evaluator/results/tlcpp-empty32/runs/lg_lacam_fork_lg/empty-32-32/empty-32-32-random-4_a150_s1_r0,3183,0.037,"{""agents"": ""150"", ""comp_time"": ""37"", ""makespan"": ""47"", ""makespan_lb"": ""47"", ""map_file"": ""empty-32-32.map"", ""seed"": ""1"", ""soc"": ""3183"", ""soc_lb"": ""3107"", ""solved"": ""1"", ""solver"": ""planner"", ""sum_of_loss"": ""3178"", ""sum_of_loss_lb"": ""3107""}"
lg_lacam_fork:lg,"LG-LaCAM (window 20, first solution)",empty-32-32,empty-32-32-random-4,150,2,30.0,solved,0.121587,0.069,3180,47,3178,3107,47,1.023495,0,,/home/carsten/Projects/MAPF/MAPF Evaluator/results/tlcpp-empty32/runs/lg_lacam_fork_lg/empty-32-32/empty-32-32-random-4_a150_s2_r0,3180,0.069,"{""agents"": ""150"", ""comp_time"": ""69"", ""makespan"": ""47"", ""makespan_lb"": ""47"", ""map_file"": ""empty-32-32.map"", ""seed"": ""2"", ""soc"": ""3180"", ""soc_lb"": ""3107"", ""solved"": ""1"", ""solver"": ""planner"", ""sum_of_loss"": ""3179"", ""sum_of_loss_lb"": ""3107""}"
lg_lacam_fork:lg_tl,LG-LaCAM (window 20) + traffic load,empty-32-32,empty-32-32-random-4,150,0,30.0,solved,0.213918,0.1,3181,47,3171,3107,47,1.023817,0,,/home/carsten/Projects/MAPF/MAPF Evaluator/results/tlcpp-empty32/runs/lg_lacam_fork_lg_tl/empty-32-32/empty-32-32-random-4_a150_s0_r0,3181,0.1,"{""agents"": ""150"", ""comp_time"": ""100"", ""makespan"": ""47"", ""makespan_lb"": ""47"", ""map_file"": ""empty-32-32.map"", ""seed"": ""0"", ""soc"": ""3181"", ""soc_lb"": ""3107"", ""solved"": ""1"", ""solver"": ""planner"", ""sum_of_loss"": ""3173"", ""sum_of_loss_lb"": ""3107""}"
lg_lacam_fork:lg_tl,LG-LaCAM (window 20) + traffic load,empty-32-32,empty-32-32-random-4,150,1,30.0,solved,0.159205,0.102,3184,47,3174,3107,47,1.024783,0,,/home/carsten/Projects/MAPF/MAPF Evaluator/results/tlcpp-empty32/runs/lg_lacam_fork_lg_tl/empty-32-32/empty-32-32-random-4_a150_s1_r0,3184,0.102,"{""agents"": ""150"", ""comp_time"": ""102"", ""makespan"": ""47"", ""makespan_lb"": ""47"", ""map_file"": ""empty-32-32.map"", ""seed"": ""1"", ""soc"": ""3184"", ""soc_lb"": ""3107"", ""solved"": ""1"", ""solver"": ""planner"", ""sum_of_loss"": ""3176"", ""sum_of_loss_lb"": ""3107""}"
lg_lacam_fork:lg_tl,LG-LaCAM (window 20) + traffic load,empty-32-32,empty-32-32-random-4,150,2,30.0,solved,0.181776,0.11,3191,47,3177,3107,47,1.027036,0,,/home/carsten/Projects/MAPF/MAPF Evaluator/results/tlcpp-empty32/runs/lg_lacam_fork_lg_tl/empty-32-32/empty-32-32-random-4_a150_s2_r0,3191,0.11,"{""agents"": ""150"", ""comp_time"": ""110"", ""makespan"": ""47"", ""makespan_lb"": ""47"", ""map_file"": ""empty-32-32.map"", ""seed"": ""2"", ""soc"": ""3191"", ""soc_lb"": ""3107"", ""solved"": ""1"", ""solver"": ""planner"", ""sum_of_loss"": ""3179"", ""sum_of_loss_lb"": ""3107""}"
lg_lacam_fork:lg_suo,LG-LaCAM (window 20) + SUO,empty-32-32,empty-32-32-random-4,150,0,30.0,solved,0.157171,0.113,3181,47,3181,3107,47,1.023817,0,,/home/carsten/Projects/MAPF/MAPF Evaluator/results/tlcpp-empty32/runs/lg_lacam_fork_lg_suo/empty-32-32/empty-32-32-random-4_a150_s0_r0,3181,0.113,"{""agents"": ""150"", ""comp_time"": ""113"", ""makespan"": ""47"", ""makespan_lb"": ""47"", ""map_file"": ""empty-32-32.map"", ""seed"": ""0"", ""soc"": ""3181"", ""soc_lb"": ""3107"", ""solved"": ""1"", ""solver"": ""planner"", ""sum_of_loss"": ""3181"", ""sum_of_loss_lb"": ""3107""}"
lg_lacam_fork:lg_suo,LG-LaCAM (window 20) + SUO,empty-32-32,empty-32-32-random-4,150,1,30.0,solved,0.199888,0.131,3182,47,3182,3107,47,1.024139,0,,/home/carsten/Projects/MAPF/MAPF Evaluator/results/tlcpp-empty32/runs/lg_lacam_fork_lg_suo/empty-32-32/empty-32-32-random-4_a150_s1_r0,3182,0.131,"{""agents"": ""150"", ""comp_time"": ""131"", ""makespan"": ""47"", ""makespan_lb"": ""47"", ""map_file"": ""empty-32-32.map"", ""seed"": ""1"", ""soc"": ""3182"", ""soc_lb"": ""3107"", ""solved"": ""1"", ""solver"": ""planner"", ""sum_of_loss"": ""3182"", ""sum_of_loss_lb"": ""3107""}"
lg_lacam_fork:lg_suo,LG-LaCAM (window 20) + SUO,empty-32-32,empty-32-32-random-4,150,2,30.0,solved,0.1465,0.084,3184,47,3184,3107,47,1.024783,0,,/home/carsten/Projects/MAPF/MAPF Evaluator/results/tlcpp-empty32/runs/lg_lacam_fork_lg_suo/empty-32-32/empty-32-32-random-4_a150_s2_r0,3184,0.084,"{""agents"": ""150"", ""comp_time"": ""84"", ""makespan"": ""47"", ""makespan_lb"": ""47"", ""map_file"": ""empty-32-32.map"", ""seed"": ""2"", ""soc"": ""3184"", ""soc_lb"": ""3107"", ""solved"": ""1"", ""solver"": ""planner"", ""sum_of_loss"": ""3184"", ""sum_of_loss_lb"": ""3107""}"
lg_lacam_fork:lg_suo_tl,LG-LaCAM (window 20) + SUO + traffic load,empty-32-32,empty-32-32-random-4,150,0,30.0,solved,0.14119,0.062,3181,47,3181,3107,47,1.023817,0,,/home/carsten/Projects/MAPF/MAPF Evaluator/results/tlcpp-empty32/runs/lg_lacam_fork_lg_suo_tl/empty-32-32/empty-32-32-random-4_a150_s0_r0,3181,0.062,"{""agents"": ""150"", ""comp_time"": ""62"", ""makespan"": ""47"", ""makespan_lb"": ""47"", ""map_file"": ""empty-32-32.map"", ""seed"": ""0"", ""soc"": ""3181"", ""soc_lb"": ""3107"", ""solved"": ""1"", ""solver"": ""planner"", ""sum_of_loss"": ""3181"", ""sum_of_loss_lb"": ""3107""}"
lg_lacam_fork:lg_suo_tl,LG-LaCAM (window 20) + SUO + traffic load,empty-32-32,empty-32-32-random-4,150,1,30.0,solved,0.149097,0.082,3184,47,3183,3107,47,1.024783,0,,/home/carsten/Projects/MAPF/MAPF Evaluator/results/tlcpp-empty32/runs/lg_lacam_fork_lg_suo_tl/empty-32-32/empty-32-32-random-4_a150_s1_r0,3184,0.082,"{""agents"": ""150"", ""comp_time"": ""82"", ""makespan"": ""47"", ""makespan_lb"": ""47"", ""map_file"": ""empty-32-32.map"", ""seed"": ""1"", ""soc"": ""3184"", ""soc_lb"": ""3107"", ""solved"": ""1"", ""solver"": ""planner"", ""sum_of_loss"": ""3184"", ""sum_of_loss_lb"": ""3107""}"
lg_lacam_fork:lg_suo_tl,LG-LaCAM (window 20) + SUO + traffic load,empty-32-32,empty-32-32-random-4,150,2,30.0,solved,0.25592,0.18,3184,47,3184,3107,47,1.024783,0,,/home/carsten/Projects/MAPF/MAPF Evaluator/results/tlcpp-empty32/runs/lg_lacam_fork_lg_suo_tl/empty-32-32/empty-32-32-random-4_a150_s2_r0,3184,0.18,"{""agents"": ""150"", ""comp_time"": ""180"", ""makespan"": ""47"", ""makespan_lb"": ""47"", ""map_file"": ""empty-32-32.map"", ""seed"": ""2"", ""soc"": ""3184"", ""soc_lb"": ""3107"", ""solved"": ""1"", ""solver"": ""planner"", ""sum_of_loss"": ""3184"", ""sum_of_loss_lb"": ""3107""}"
lg_lacam_fork:lacam,"LaCAM (no guidance, first solution)",empty-32-32,empty-32-32-random-4,200,0,30.0,solved,0.217274,0.05,6366,53,5290,4184,53,1.521511,0,,/home/carsten/Projects/MAPF/MAPF Evaluator/results/tlcpp-empty32/runs/lg_lacam_fork_lacam/empty-32-32/empty-32-32-random-4_a200_s0_r0,6366,0.05,"{""agents"": ""200"", ""comp_time"": ""50"", ""makespan"": ""53"", ""makespan_lb"": ""53"", ""map_file"": ""empty-32-32.map"", ""seed"": ""0"", ""soc"": ""6366"", ""soc_lb"": ""4184"", ""solved"": ""1"", ""solver"": ""planner"", ""sum_of_loss"": ""5508"", ""sum_of_loss_lb"": ""4184""}"
lg_lacam_fork:lacam,"LaCAM (no guidance, first solution)",empty-32-32,empty-32-32-random-4,200,1,30.0,solved,0.088091,0.036,6137,53,5177,4184,53,1.466778,0,,/home/carsten/Projects/MAPF/MAPF Evaluator/results/tlcpp-empty32/runs/lg_lacam_fork_lacam/empty-32-32/empty-32-32-random-4_a200_s1_r0,6137,0.036,"{""agents"": ""200"", ""comp_time"": ""36"", ""makespan"": ""53"", ""makespan_lb"": ""53"", ""map_file"": ""empty-32-32.map"", ""seed"": ""1"", ""soc"": ""6137"", ""soc_lb"": ""4184"", ""solved"": ""1"", ""solver"": ""planner"", ""sum_of_loss"": ""5377"", ""sum_of_loss_lb"": ""4184""}"
lg_lacam_fork:lacam,"LaCAM (no guidance, first solution)",empty-32-32,empty-32-32-random-4,200,2,30.0,solved,0.060728,0.025,6248,53,5122,4184,53,1.493308,0,,/home/carsten/Projects/MAPF/MAPF Evaluator/results/tlcpp-empty32/runs/lg_lacam_fork_lacam/empty-32-32/empty-32-32-random-4_a200_s2_r0,6248,0.025,"{""agents"": ""200"", ""comp_time"": ""25"", ""makespan"": ""53"", ""makespan_lb"": ""53"", ""map_file"": ""empty-32-32.map"", ""seed"": ""2"", ""soc"": ""6248"", ""soc_lb"": ""4184"", ""solved"": ""1"", ""solver"": ""planner"", ""sum_of_loss"": ""5340"", ""sum_of_loss_lb"": ""4184""}"
lg_lacam_fork:tl,"LaCAM + traffic load (tie-break, per config)",empty-32-32,empty-32-32-random-4,200,0,30.0,solved,0.069017,0.039,5742,53,4787,4184,53,1.372371,0,,/home/carsten/Projects/MAPF/MAPF Evaluator/results/tlcpp-empty32/runs/lg_lacam_fork_tl/empty-32-32/empty-32-32-random-4_a200_s0_r0,5742,0.039,"{""agents"": ""200"", ""comp_time"": ""39"", ""makespan"": ""53"", ""makespan_lb"": ""53"", ""map_file"": ""empty-32-32.map"", ""seed"": ""0"", ""soc"": ""5742"", ""soc_lb"": ""4184"", ""solved"": ""1"", ""solver"": ""planner"", ""sum_of_loss"": ""4967"", ""sum_of_loss_lb"": ""4184""}"
lg_lacam_fork:tl,"LaCAM + traffic load (tie-break, per config)",empty-32-32,empty-32-32-random-4,200,1,30.0,solved,0.188075,0.042,5650,53,4748,4184,53,1.350382,0,,/home/carsten/Projects/MAPF/MAPF Evaluator/results/tlcpp-empty32/runs/lg_lacam_fork_tl/empty-32-32/empty-32-32-random-4_a200_s1_r0,5650,0.042,"{""agents"": ""200"", ""comp_time"": ""42"", ""makespan"": ""53"", ""makespan_lb"": ""53"", ""map_file"": ""empty-32-32.map"", ""seed"": ""1"", ""soc"": ""5650"", ""soc_lb"": ""4184"", ""solved"": ""1"", ""solver"": ""planner"", ""sum_of_loss"": ""4931"", ""sum_of_loss_lb"": ""4184""}"
lg_lacam_fork:tl,"LaCAM + traffic load (tie-break, per config)",empty-32-32,empty-32-32-random-4,200,2,30.0,solved,0.145932,0.063,5671,53,4751,4184,53,1.355402,0,,/home/carsten/Projects/MAPF/MAPF Evaluator/results/tlcpp-empty32/runs/lg_lacam_fork_tl/empty-32-32/empty-32-32-random-4_a200_s2_r0,5671,0.063,"{""agents"": ""200"", ""comp_time"": ""63"", ""makespan"": ""53"", ""makespan_lb"": ""53"", ""map_file"": ""empty-32-32.map"", ""seed"": ""2"", ""soc"": ""5671"", ""soc_lb"": ""4184"", ""solved"": ""1"", ""solver"": ""planner"", ""sum_of_loss"": ""4928"", ""sum_of_loss_lb"": ""4184""}"
lg_lacam_fork:tl_agent,"LaCAM + traffic load (tie-break, per agent)",empty-32-32,empty-32-32-random-4,200,1,30.0,solved,0.111612,0.052,5654,53,4710,4184,53,1.351338,0,,/home/carsten/Projects/MAPF/MAPF Evaluator/results/tlcpp-empty32/runs/lg_lacam_fork_tl_agent/empty-32-32/empty-32-32-random-4_a200_s1_r0,5654,0.052,"{""agents"": ""200"", ""comp_time"": ""52"", ""makespan"": ""53"", ""makespan_lb"": ""53"", ""map_file"": ""empty-32-32.map"", ""seed"": ""1"", ""soc"": ""5654"", ""soc_lb"": ""4184"", ""solved"": ""1"", ""solver"": ""planner"", ""sum_of_loss"": ""4876"", ""sum_of_loss_lb"": ""4184""}"
lg_lacam_fork:tl_agent,"LaCAM + traffic load (tie-break, per agent)",empty-32-32,empty-32-32-random-4,200,0,30.0,solved,0.105993,0.042,5737,53,4723,4184,53,1.371176,0,,/home/carsten/Projects/MAPF/MAPF Evaluator/results/tlcpp-empty32/runs/lg_lacam_fork_tl_agent/empty-32-32/empty-32-32-random-4_a200_s0_r0,5737,0.042,"{""agents"": ""200"", ""comp_time"": ""42"", ""makespan"": ""53"", ""makespan_lb"": ""53"", ""map_file"": ""empty-32-32.map"", ""seed"": ""0"", ""soc"": ""5737"", ""soc_lb"": ""4184"", ""solved"": ""1"", ""solver"": ""planner"", ""sum_of_loss"": ""4896"", ""sum_of_loss_lb"": ""4184""}"
lg_lacam_fork:tl_agent,"LaCAM + traffic load (tie-break, per agent)",empty-32-32,empty-32-32-random-4,200,2,30.0,solved,0.113056,0.057,5759,53,4718,4184,53,1.376434,0,,/home/carsten/Projects/MAPF/MAPF Evaluator/results/tlcpp-empty32/runs/lg_lacam_fork_tl_agent/empty-32-32/empty-32-32-random-4_a200_s2_r0,5759,0.057,"{""agents"": ""200"", ""comp_time"": ""57"", ""makespan"": ""53"", ""makespan_lb"": ""53"", ""map_file"": ""empty-32-32.map"", ""seed"": ""2"", ""soc"": ""5759"", ""soc_lb"": ""4184"", ""solved"": ""1"", ""solver"": ""planner"", ""sum_of_loss"": ""4896"", ""sum_of_loss_lb"": ""4184""}"
lg_lacam_fork:tl_static,LaCAM + traffic load (static map from starts),empty-32-32,empty-32-32-random-4,200,0,30.0,solved,0.125618,0.046,6600,73,5523,4184,53,1.577438,0,,/home/carsten/Projects/MAPF/MAPF Evaluator/results/tlcpp-empty32/runs/lg_lacam_fork_tl_static/empty-32-32/empty-32-32-random-4_a200_s0_r0,6600,0.046,"{""agents"": ""200"", ""comp_time"": ""46"", ""makespan"": ""73"", ""makespan_lb"": ""53"", ""map_file"": ""empty-32-32.map"", ""seed"": ""0"", ""soc"": ""6600"", ""soc_lb"": ""4184"", ""solved"": ""1"", ""solver"": ""planner"", ""sum_of_loss"": ""5778"", ""sum_of_loss_lb"": ""4184""}"
lg_lacam_fork:tl_static,LaCAM + traffic load (static map from starts),empty-32-32,empty-32-32-random-4,200,2,30.0,solved,0.115968,0.05,6581,76,5533,4184,53,1.572897,0,,/home/carsten/Projects/MAPF/MAPF Evaluator/results/tlcpp-empty32/runs/lg_lacam_fork_tl_static/empty-32-32/empty-32-32-random-4_a200_s2_r0,6581,0.05,"{""agents"": ""200"", ""comp_time"": ""50"", ""makespan"": ""76"", ""makespan_lb"": ""53"", ""map_file"": ""empty-32-32.map"", ""seed"": ""2"", ""soc"": ""6581"", ""soc_lb"": ""4184"", ""solved"": ""1"", ""solver"": ""planner"", ""sum_of_loss"": ""5789"", ""sum_of_loss_lb"": ""4184""}"
lg_lacam_fork:tl_static,LaCAM + traffic load (static map from starts),empty-32-32,empty-32-32-random-4,200,1,30.0,solved,0.144152,0.073,6615,76,5531,4184,53,1.581023,0,,/home/carsten/Projects/MAPF/MAPF Evaluator/results/tlcpp-empty32/runs/lg_lacam_fork_tl_static/empty-32-32/empty-32-32-random-4_a200_s1_r0,6615,0.073,"{""agents"": ""200"", ""comp_time"": ""73"", ""makespan"": ""76"", ""makespan_lb"": ""53"", ""map_file"": ""empty-32-32.map"", ""seed"": ""1"", ""soc"": ""6615"", ""soc_lb"": ""4184"", ""solved"": ""1"", ""solver"": ""planner"", ""sum_of_loss"": ""5790"", ""sum_of_loss_lb"": ""4184""}"
lg_lacam_fork:suo,LaCAM3 = SUO (first solution),empty-32-32,empty-32-32-random-4,200,0,30.0,solved,0.250289,0.071,4594,53,4508,4184,53,1.097992,0,,/home/carsten/Projects/MAPF/MAPF Evaluator/results/tlcpp-empty32/runs/lg_lacam_fork_suo/empty-32-32/empty-32-32-random-4_a200_s0_r0,4594,0.071,"{""agents"": ""200"", ""comp_time"": ""71"", ""makespan"": ""53"", ""makespan_lb"": ""53"", ""map_file"": ""empty-32-32.map"", ""seed"": ""0"", ""soc"": ""4594"", ""soc_lb"": ""4184"", ""solved"": ""1"", ""solver"": ""planner"", ""sum_of_loss"": ""4526"", ""sum_of_loss_lb"": ""4184""}"
lg_lacam_fork:suo,LaCAM3 = SUO (first solution),empty-32-32,empty-32-32-random-4,200,1,30.0,solved,0.140026,0.077,4778,55,4592,4184,53,1.141969,0,,/home/carsten/Projects/MAPF/MAPF Evaluator/results/tlcpp-empty32/runs/lg_lacam_fork_suo/empty-32-32/empty-32-32-random-4_a200_s1_r0,4778,0.077,"{""agents"": ""200"", ""comp_time"": ""77"", ""makespan"": ""55"", ""makespan_lb"": ""53"", ""map_file"": ""empty-32-32.map"", ""seed"": ""1"", ""soc"": ""4778"", ""soc_lb"": ""4184"", ""solved"": ""1"", ""solver"": ""planner"", ""sum_of_loss"": ""4625"", ""sum_of_loss_lb"": ""4184""}"
lg_lacam_fork:suo_tl,SUO + traffic load,empty-32-32,empty-32-32-random-4,200,0,30.0,solved,0.148806,0.075,4595,53,4481,4184,53,1.098231,0,,/home/carsten/Projects/MAPF/MAPF Evaluator/results/tlcpp-empty32/runs/lg_lacam_fork_suo_tl/empty-32-32/empty-32-32-random-4_a200_s0_r0,4595,0.075,"{""agents"": ""200"", ""comp_time"": ""75"", ""makespan"": ""53"", ""makespan_lb"": ""53"", ""map_file"": ""empty-32-32.map"", ""seed"": ""0"", ""soc"": ""4595"", ""soc_lb"": ""4184"", ""solved"": ""1"", ""solver"": ""planner"", ""sum_of_loss"": ""4493"", ""sum_of_loss_lb"": ""4184""}"
lg_lacam_fork:suo,LaCAM3 = SUO (first solution),empty-32-32,empty-32-32-random-4,200,2,30.0,solved,0.239022,0.157,4945,53,4639,4184,53,1.181883,0,,/home/carsten/Projects/MAPF/MAPF Evaluator/results/tlcpp-empty32/runs/lg_lacam_fork_suo/empty-32-32/empty-32-32-random-4_a200_s2_r0,4945,0.157,"{""agents"": ""200"", ""comp_time"": ""157"", ""makespan"": ""53"", ""makespan_lb"": ""53"", ""map_file"": ""empty-32-32.map"", ""seed"": ""2"", ""soc"": ""4945"", ""soc_lb"": ""4184"", ""solved"": ""1"", ""solver"": ""planner"", ""sum_of_loss"": ""4686"", ""sum_of_loss_lb"": ""4184""}"
lg_lacam_fork:suo_tl,SUO + traffic load,empty-32-32,empty-32-32-random-4,200,1,30.0,solved,0.362845,0.223,4575,55,4507,4184,53,1.093451,0,,/home/carsten/Projects/MAPF/MAPF Evaluator/results/tlcpp-empty32/runs/lg_lacam_fork_suo_tl/empty-32-32/empty-32-32-random-4_a200_s1_r0,4575,0.223,"{""agents"": ""200"", ""comp_time"": ""223"", ""makespan"": ""55"", ""makespan_lb"": ""53"", ""map_file"": ""empty-32-32.map"", ""seed"": ""1"", ""soc"": ""4575"", ""soc_lb"": ""4184"", ""solved"": ""1"", ""solver"": ""planner"", ""sum_of_loss"": ""4517"", ""sum_of_loss_lb"": ""4184""}"
lg_lacam_fork:suo_tl,SUO + traffic load,empty-32-32,empty-32-32-random-4,200,2,30.0,solved,0.19272,0.118,4820,53,4542,4184,53,1.152008,0,,/home/carsten/Projects/MAPF/MAPF Evaluator/results/tlcpp-empty32/runs/lg_lacam_fork_suo_tl/empty-32-32/empty-32-32-random-4_a200_s2_r0,4820,0.118,"{""agents"": ""200"", ""comp_time"": ""118"", ""makespan"": ""53"", ""makespan_lb"": ""53"", ""map_file"": ""empty-32-32.map"", ""seed"": ""2"", ""soc"": ""4820"", ""soc_lb"": ""4184"", ""solved"": ""1"", ""solver"": ""planner"", ""sum_of_loss"": ""4578"", ""sum_of_loss_lb"": ""4184""}"
lg_lacam_fork:lg,"LG-LaCAM (window 20, first solution)",empty-32-32,empty-32-32-random-4,200,0,30.0,solved,0.196077,0.126,4418,53,4356,4184,53,1.055927,0,,/home/carsten/Projects/MAPF/MAPF Evaluator/results/tlcpp-empty32/runs/lg_lacam_fork_lg/empty-32-32/empty-32-32-random-4_a200_s0_r0,4418,0.126,"{""agents"": ""200"", ""comp_time"": ""126"", ""makespan"": ""53"", ""makespan_lb"": ""53"", ""map_file"": ""empty-32-32.map"", ""seed"": ""0"", ""soc"": ""4418"", ""soc_lb"": ""4184"", ""solved"": ""1"", ""solver"": ""planner"", ""sum_of_loss"": ""4365"", ""sum_of_loss_lb"": ""4184""}"
lg_lacam_fork:lg,"LG-LaCAM (window 20, first solution)",empty-32-32,empty-32-32-random-4,200,1,30.0,solved,0.175854,0.125,4420,53,4340,4184,53,1.056405,0,,/home/carsten/Projects/MAPF/MAPF Evaluator/results/tlcpp-empty32/runs/lg_lacam_fork_lg/empty-32-32/empty-32-32-random-4_a200_s1_r0,4420,0.125,"{""agents"": ""200"", ""comp_time"": ""125"", ""makespan"": ""53"", ""makespan_lb"": ""53"", ""map_file"": ""empty-32-32.map"", ""seed"": ""1"", ""soc"": ""4420"", ""soc_lb"": ""4184"", ""solved"": ""1"", ""solver"": ""planner"", ""sum_of_loss"": ""4349"", ""sum_of_loss_lb"": ""4184""}"
lg_lacam_fork:lg,"LG-LaCAM (window 20, first solution)",empty-32-32,empty-32-32-random-4,200,2,30.0,solved,0.568149,0.344,4382,55,4334,4184,53,1.047323,0,,/home/carsten/Projects/MAPF/MAPF Evaluator/results/tlcpp-empty32/runs/lg_lacam_fork_lg/empty-32-32/empty-32-32-random-4_a200_s2_r0,4382,0.344,"{""agents"": ""200"", ""comp_time"": ""344"", ""makespan"": ""55"", ""makespan_lb"": ""53"", ""map_file"": ""empty-32-32.map"", ""seed"": ""2"", ""soc"": ""4382"", ""soc_lb"": ""4184"", ""solved"": ""1"", ""solver"": ""planner"", ""sum_of_loss"": ""4341"", ""sum_of_loss_lb"": ""4184""}"
lg_lacam_fork:lg_tl,LG-LaCAM (window 20) + traffic load,empty-32-32,empty-32-32-random-4,200,0,30.0,solved,0.755179,0.573,4437,53,4353,4184,53,1.060468,0,,/home/carsten/Projects/MAPF/MAPF Evaluator/results/tlcpp-empty32/runs/lg_lacam_fork_lg_tl/empty-32-32/empty-32-32-random-4_a200_s0_r0,4437,0.573,"{""agents"": ""200"", ""comp_time"": ""573"", ""makespan"": ""53"", ""makespan_lb"": ""53"", ""map_file"": ""empty-32-32.map"", ""seed"": ""0"", ""soc"": ""4437"", ""soc_lb"": ""4184"", ""solved"": ""1"", ""solver"": ""planner"", ""sum_of_loss"": ""4362"", ""sum_of_loss_lb"": ""4184""}"
lg_lacam_fork:lg_tl,LG-LaCAM (window 20) + traffic load,empty-32-32,empty-32-32-random-4,200,2,30.0,solved,0.194689,0.091,4372,53,4327,4184,53,1.044933,0,,/home/carsten/Projects/MAPF/MAPF Evaluator/results/tlcpp-empty32/runs/lg_lacam_fork_lg_tl/empty-32-32/empty-32-32-random-4_a200_s2_r0,4372,0.091,"{""agents"": ""200"", ""comp_time"": ""91"", ""makespan"": ""53"", ""makespan_lb"": ""53"", ""map_file"": ""empty-32-32.map"", ""seed"": ""2"", ""soc"": ""4372"", ""soc_lb"": ""4184"", ""solved"": ""1"", ""solver"": ""planner"", ""sum_of_loss"": ""4334"", ""sum_of_loss_lb"": ""4184""}"
lg_lacam_fork:lg_tl,LG-LaCAM (window 20) + traffic load,empty-32-32,empty-32-32-random-4,200,1,30.0,solved,0.379414,0.237,4410,53,4338,4184,53,1.054015,0,,/home/carsten/Projects/MAPF/MAPF Evaluator/results/tlcpp-empty32/runs/lg_lacam_fork_lg_tl/empty-32-32/empty-32-32-random-4_a200_s1_r0,4410,0.237,"{""agents"": ""200"", ""comp_time"": ""237"", ""makespan"": ""53"", ""makespan_lb"": ""53"", ""map_file"": ""empty-32-32.map"", ""seed"": ""1"", ""soc"": ""4410"", ""soc_lb"": ""4184"", ""solved"": ""1"", ""solver"": ""planner"", ""sum_of_loss"": ""4345"", ""sum_of_loss_lb"": ""4184""}"
lg_lacam_fork:lg_suo,LG-LaCAM (window 20) + SUO,empty-32-32,empty-32-32-random-4,200,0,30.0,solved,0.091996,0.059,4362,53,4355,4184,53,1.042543,0,,/home/carsten/Projects/MAPF/MAPF Evaluator/results/tlcpp-empty32/runs/lg_lacam_fork_lg_suo/empty-32-32/empty-32-32-random-4_a200_s0_r0,4362,0.059,"{""agents"": ""200"", ""comp_time"": ""59"", ""makespan"": ""53"", ""makespan_lb"": ""53"", ""map_file"": ""empty-32-32.map"", ""seed"": ""0"", ""soc"": ""4362"", ""soc_lb"": ""4184"", ""solved"": ""1"", ""solver"": ""planner"", ""sum_of_loss"": ""4357"", ""sum_of_loss_lb"": ""4184""}"
lg_lacam_fork:lg_suo,LG-LaCAM (window 20) + SUO,empty-32-32,empty-32-32-random-4,200,2,30.0,solved,0.137044,0.054,4434,53,4376,4184,53,1.059751,0,,/home/carsten/Projects/MAPF/MAPF Evaluator/results/tlcpp-empty32/runs/lg_lacam_fork_lg_suo/empty-32-32/empty-32-32-random-4_a200_s2_r0,4434,0.054,"{""agents"": ""200"", ""comp_time"": ""54"", ""makespan"": ""53"", ""makespan_lb"": ""53"", ""map_file"": ""empty-32-32.map"", ""seed"": ""2"", ""soc"": ""4434"", ""soc_lb"": ""4184"", ""solved"": ""1"", ""solver"": ""planner"", ""sum_of_loss"": ""4382"", ""sum_of_loss_lb"": ""4184""}"
lg_lacam_fork:lg_suo,LG-LaCAM (window 20) + SUO,empty-32-32,empty-32-32-random-4,200,1,30.0,solved,0.131795,0.048,4414,53,4353,4184,53,1.054971,0,,/home/carsten/Projects/MAPF/MAPF Evaluator/results/tlcpp-empty32/runs/lg_lacam_fork_lg_suo/empty-32-32/empty-32-32-random-4_a200_s1_r0,4414,0.048,"{""agents"": ""200"", ""comp_time"": ""48"", ""makespan"": ""53"", ""makespan_lb"": ""53"", ""map_file"": ""empty-32-32.map"", ""seed"": ""1"", ""soc"": ""4414"", ""soc_lb"": ""4184"", ""solved"": ""1"", ""solver"": ""planner"", ""sum_of_loss"": ""4359"", ""sum_of_loss_lb"": ""4184""}"
lg_lacam_fork:lg_suo_tl,LG-LaCAM (window 20) + SUO + traffic load,empty-32-32,empty-32-32-random-4,200,0,30.0,solved,0.124183,0.046,4362,53,4355,4184,53,1.042543,0,,/home/carsten/Projects/MAPF/MAPF Evaluator/results/tlcpp-empty32/runs/lg_lacam_fork_lg_suo_tl/empty-32-32/empty-32-32-random-4_a200_s0_r0,4362,0.046,"{""agents"": ""200"", ""comp_time"": ""46"", ""makespan"": ""53"", ""makespan_lb"": ""53"", ""map_file"": ""empty-32-32.map"", ""seed"": ""0"", ""soc"": ""4362"", ""soc_lb"": ""4184"", ""solved"": ""1"", ""solver"": ""planner"", ""sum_of_loss"": ""4357"", ""sum_of_loss_lb"": ""4184""}"
lg_lacam_fork:lacam,"LaCAM (no guidance, first solution)",empty-32-32,empty-32-32-random-5,50,0,30.0,solved,0.059198,0.002,1427,53,1261,1160,53,1.230172,0,,/home/carsten/Projects/MAPF/MAPF Evaluator/results/tlcpp-empty32/runs/lg_lacam_fork_lacam/empty-32-32/empty-32-32-random-5_a50_s0_r0,1427,0.002,"{""agents"": ""50"", ""comp_time"": ""2"", ""makespan"": ""53"", ""makespan_lb"": ""53"", ""map_file"": ""empty-32-32.map"", ""seed"": ""0"", ""soc"": ""1427"", ""soc_lb"": ""1160"", ""solved"": ""1"", ""solver"": ""planner"", ""sum_of_loss"": ""1289"", ""sum_of_loss_lb"": ""1160""}"
lg_lacam_fork:lg_suo_tl,LG-LaCAM (window 20) + SUO + traffic load,empty-32-32,empty-32-32-random-4,200,1,30.0,solved,0.1578,0.045,4406,53,4351,4184,53,1.053059,0,,/home/carsten/Projects/MAPF/MAPF Evaluator/results/tlcpp-empty32/runs/lg_lacam_fork_lg_suo_tl/empty-32-32/empty-32-32-random-4_a200_s1_r0,4406,0.045,"{""agents"": ""200"", ""comp_time"": ""45"", ""makespan"": ""53"", ""makespan_lb"": ""53"", ""map_file"": ""empty-32-32.map"", ""seed"": ""1"", ""soc"": ""4406"", ""soc_lb"": ""4184"", ""solved"": ""1"", ""solver"": ""planner"", ""sum_of_loss"": ""4356"", ""sum_of_loss_lb"": ""4184""}"
lg_lacam_fork:lg_suo_tl,LG-LaCAM (window 20) + SUO + traffic load,empty-32-32,empty-32-32-random-4,200,2,30.0,solved,0.093,0.052,4394,53,4359,4184,53,1.050191,0,,/home/carsten/Projects/MAPF/MAPF Evaluator/results/tlcpp-empty32/runs/lg_lacam_fork_lg_suo_tl/empty-32-32/empty-32-32-random-4_a200_s2_r0,4394,0.052,"{""agents"": ""200"", ""comp_time"": ""52"", ""makespan"": ""53"", ""makespan_lb"": ""53"", ""map_file"": ""empty-32-32.map"", ""seed"": ""2"", ""soc"": ""4394"", ""soc_lb"": ""4184"", ""solved"": ""1"", ""solver"": ""planner"", ""sum_of_loss"": ""4363"", ""sum_of_loss_lb"": ""4184""}"
lg_lacam_fork:lacam,"LaCAM (no guidance, first solution)",empty-32-32,empty-32-32-random-5,50,1,30.0,solved,0.020345,0.002,1368,53,1227,1160,53,1.17931,0,,/home/carsten/Projects/MAPF/MAPF Evaluator/results/tlcpp-empty32/runs/lg_lacam_fork_lacam/empty-32-32/empty-32-32-random-5_a50_s1_r0,1368,0.002,"{""agents"": ""50"", ""comp_time"": ""2"", ""makespan"": ""53"", ""makespan_lb"": ""53"", ""map_file"": ""empty-32-32.map"", ""seed"": ""1"", ""soc"": ""1368"", ""soc_lb"": ""1160"", ""solved"": ""1"", ""solver"": ""planner"", ""sum_of_loss"": ""1246"", ""sum_of_loss_lb"": ""1160""}"
lg_lacam_fork:lacam,"LaCAM (no guidance, first solution)",empty-32-32,empty-32-32-random-5,50,2,30.0,solved,0.024795,0.002,1442,53,1228,1160,53,1.243103,0,,/home/carsten/Projects/MAPF/MAPF Evaluator/results/tlcpp-empty32/runs/lg_lacam_fork_lacam/empty-32-32/empty-32-32-random-5_a50_s2_r0,1442,0.002,"{""agents"": ""50"", ""comp_time"": ""2"", ""makespan"": ""53"", ""makespan_lb"": ""53"", ""map_file"": ""empty-32-32.map"", ""seed"": ""2"", ""soc"": ""1442"", ""soc_lb"": ""1160"", ""solved"": ""1"", ""solver"": ""planner"", ""sum_of_loss"": ""1253"", ""sum_of_loss_lb"": ""1160""}"
lg_lacam_fork:tl,"LaCAM + traffic load (tie-break, per config)",empty-32-32,empty-32-32-random-5,50,1,30.0,solved,0.019266,0.003,1393,53,1191,1160,53,1.200862,0,,/home/carsten/Projects/MAPF/MAPF Evaluator/results/tlcpp-empty32/runs/lg_lacam_fork_tl/empty-32-32/empty-32-32-random-5_a50_s1_r0,1393,0.003,"{""agents"": ""50"", ""comp_time"": ""3"", ""makespan"": ""53"", ""makespan_lb"": ""53"", ""map_file"": ""empty-32-32.map"", ""seed"": ""1"", ""soc"": ""1393"", ""soc_lb"": ""1160"", ""solved"": ""1"", ""solver"": ""planner"", ""sum_of_loss"": ""1211"", ""sum_of_loss_lb"": ""1160""}"
lg_lacam_fork:tl,"LaCAM + traffic load (tie-break, per config)",empty-32-32,empty-32-32-random-5,50,2,30.0,solved,0.014016,0.004,1414,53,1194,1160,53,1.218966,0,,/home/carsten/Projects/MAPF/MAPF Evaluator/results/tlcpp-empty32/runs/lg_lacam_fork_tl/empty-32-32/empty-32-32-random-5_a50_s2_r0,1414,0.004,"{""agents"": ""50"", ""comp_time"": ""4"", ""makespan"": ""53"", ""makespan_lb"": ""53"", ""map_file"": ""empty-32-32.map"", ""seed"": ""2"", ""soc"": ""1414"", ""soc_lb"": ""1160"", ""solved"": ""1"", ""solver"": ""planner"", ""sum_of_loss"": ""1215"", ""sum_of_loss_lb"": ""1160""}"
lg_lacam_fork:tl,"LaCAM + traffic load (tie-break, per config)",empty-32-32,empty-32-32-random-5,50,0,30.0,solved,0.033819,0.003,1416,53,1193,1160,53,1.22069,0,,/home/carsten/Projects/MAPF/MAPF Evaluator/results/tlcpp-empty32/runs/lg_lacam_fork_tl/empty-32-32/empty-32-32-random-5_a50_s0_r0,1416,0.003,"{""agents"": ""50"", ""comp_time"": ""3"", ""makespan"": ""53"", ""makespan_lb"": ""53"", ""map_file"": ""empty-32-32.map"", ""seed"": ""0"", ""soc"": ""1416"", ""soc_lb"": ""1160"", ""solved"": ""1"", ""solver"": ""planner"", ""sum_of_loss"": ""1215"", ""sum_of_loss_lb"": ""1160""}"
lg_lacam_fork:tl_agent,"LaCAM + traffic load (tie-break, per agent)",empty-32-32,empty-32-32-random-5,50,0,30.0,solved,0.034257,0.003,1439,53,1198,1160,53,1.240517,0,,/home/carsten/Projects/MAPF/MAPF Evaluator/results/tlcpp-empty32/runs/lg_lacam_fork_tl_agent/empty-32-32/empty-32-32-random-5_a50_s0_r0,1439,0.003,"{""agents"": ""50"", ""comp_time"": ""3"", ""makespan"": ""53"", ""makespan_lb"": ""53"", ""map_file"": ""empty-32-32.map"", ""seed"": ""0"", ""soc"": ""1439"", ""soc_lb"": ""1160"", ""solved"": ""1"", ""solver"": ""planner"", ""sum_of_loss"": ""1221"", ""sum_of_loss_lb"": ""1160""}"
lg_lacam_fork:tl_agent,"LaCAM + traffic load (tie-break, per agent)",empty-32-32,empty-32-32-random-5,50,2,30.0,solved,0.042586,0.003,1395,53,1194,1160,53,1.202586,0,,/home/carsten/Projects/MAPF/MAPF Evaluator/results/tlcpp-empty32/runs/lg_lacam_fork_tl_agent/empty-32-32/empty-32-32-random-5_a50_s2_r0,1395,0.003,"{""agents"": ""50"", ""comp_time"": ""3"", ""makespan"": ""53"", ""makespan_lb"": ""53"", ""map_file"": ""empty-32-32.map"", ""seed"": ""2"", ""soc"": ""1395"", ""soc_lb"": ""1160"", ""solved"": ""1"", ""solver"": ""planner"", ""sum_of_loss"": ""1216"", ""sum_of_loss_lb"": ""1160""}"
lg_lacam_fork:tl_static,LaCAM + traffic load (static map from starts),empty-32-32,empty-32-32-random-5,50,0,30.0,solved,0.026159,0.002,1407,53,1238,1160,53,1.212931,0,,/home/carsten/Projects/MAPF/MAPF Evaluator/results/tlcpp-empty32/runs/lg_lacam_fork_tl_static/empty-32-32/empty-32-32-random-5_a50_s0_r0,1407,0.002,"{""agents"": ""50"", ""comp_time"": ""2"", ""makespan"": ""53"", ""makespan_lb"": ""53"", ""map_file"": ""empty-32-32.map"", ""seed"": ""0"", ""soc"": ""1407"", ""soc_lb"": ""1160"", ""solved"": ""1"", ""solver"": ""planner"", ""sum_of_loss"": ""1256"", ""sum_of_loss_lb"": ""1160""}"
lg_lacam_fork:tl_agent,"LaCAM + traffic load (tie-break, per agent)",empty-32-32,empty-32-32-random-5,50,1,30.0,solved,0.03045,0.003,1448,53,1203,1160,53,1.248276,0,,/home/carsten/Projects/MAPF/MAPF Evaluator/results/tlcpp-empty32/runs/lg_lacam_fork_tl_agent/empty-32-32/empty-32-32-random-5_a50_s1_r0,1448,0.003,"{""agents"": ""50"", ""comp_time"": ""3"", ""makespan"": ""53"", ""makespan_lb"": ""53"", ""map_file"": ""empty-32-32.map"", ""seed"": ""1"", ""soc"": ""1448"", ""soc_lb"": ""1160"", ""solved"": ""1"", ""solver"": ""planner"", ""sum_of_loss"": ""1228"", ""sum_of_loss_lb"": ""1160""}"
lg_lacam_fork:tl_static,LaCAM + traffic load (static map from starts),empty-32-32,empty-32-32-random-5,50,1,30.0,solved,0.089562,0.002,1414,53,1248,1160,53,1.218966,0,,/home/carsten/Projects/MAPF/MAPF Evaluator/results/tlcpp-empty32/runs/lg_lacam_fork_tl_static/empty-32-32/empty-32-32-random-5_a50_s1_r0,1414,0.002,"{""agents"": ""50"", ""comp_time"": ""2"", ""makespan"": ""53"", ""makespan_lb"": ""53"", ""map_file"": ""empty-32-32.map"", ""seed"": ""1"", ""soc"": ""1414"", ""soc_lb"": ""1160"", ""solved"": ""1"", ""solver"": ""planner"", ""sum_of_loss"": ""1266"", ""sum_of_loss_lb"": ""1160""}"
lg_lacam_fork:suo,LaCAM3 = SUO (first solution),empty-32-32,empty-32-32-random-5,50,1,30.0,solved,0.017959,0.003,1200,53,1181,1160,53,1.034483,0,,/home/carsten/Projects/MAPF/MAPF Evaluator/results/tlcpp-empty32/runs/lg_lacam_fork_suo/empty-32-32/empty-32-32-random-5_a50_s1_r0,1200,0.003,"{""agents"": ""50"", ""comp_time"": ""3"", ""makespan"": ""53"", ""makespan_lb"": ""53"", ""map_file"": ""empty-32-32.map"", ""seed"": ""1"", ""soc"": ""1200"", ""soc_lb"": ""1160"", ""solved"": ""1"", ""solver"": ""planner"", ""sum_of_loss"": ""1182"", ""sum_of_loss_lb"": ""1160""}"
lg_lacam_fork:tl_static,LaCAM + traffic load (static map from starts),empty-32-32,empty-32-32-random-5,50,2,30.0,solved,0.057406,0.003,1414,53,1248,1160,53,1.218966,0,,/home/carsten/Projects/MAPF/MAPF Evaluator/results/tlcpp-empty32/runs/lg_lacam_fork_tl_static/empty-32-32/empty-32-32-random-5_a50_s2_r0,1414,0.003,"{""agents"": ""50"", ""comp_time"": ""3"", ""makespan"": ""53"", ""makespan_lb"": ""53"", ""map_file"": ""empty-32-32.map"", ""seed"": ""2"", ""soc"": ""1414"", ""soc_lb"": ""1160"", ""solved"": ""1"", ""solver"": ""planner"", ""sum_of_loss"": ""1266"", ""sum_of_loss_lb"": ""1160""}"
lg_lacam_fork:suo,LaCAM3 = SUO (first solution),empty-32-32,empty-32-32-random-5,50,0,30.0,solved,0.057242,0.004,1182,53,1182,1160,53,1.018966,0,,/home/carsten/Projects/MAPF/MAPF Evaluator/results/tlcpp-empty32/runs/lg_lacam_fork_suo/empty-32-32/empty-32-32-random-5_a50_s0_r0,1182,0.004,"{""agents"": ""50"", ""comp_time"": ""4"", ""makespan"": ""53"", ""makespan_lb"": ""53"", ""map_file"": ""empty-32-32.map"", ""seed"": ""0"", ""soc"": ""1182"", ""soc_lb"": ""1160"", ""solved"": ""1"", ""solver"": ""planner"", ""sum_of_loss"": ""1182"", ""sum_of_loss_lb"": ""1160""}"
lg_lacam_fork:suo,LaCAM3 = SUO (first solution),empty-32-32,empty-32-32-random-5,50,2,30.0,solved,0.069775,0.003,1178,53,1178,1160,53,1.015517,0,,/home/carsten/Projects/MAPF/MAPF Evaluator/results/tlcpp-empty32/runs/lg_lacam_fork_suo/empty-32-32/empty-32-32-random-5_a50_s2_r0,1178,0.003,"{""agents"": ""50"", ""comp_time"": ""3"", ""makespan"": ""53"", ""makespan_lb"": ""53"", ""map_file"": ""empty-32-32.map"", ""seed"": ""2"", ""soc"": ""1178"", ""soc_lb"": ""1160"", ""solved"": ""1"", ""solver"": ""planner"", ""sum_of_loss"": ""1178"", ""sum_of_loss_lb"": ""1160""}"
lg_lacam_fork:suo_tl,SUO + traffic load,empty-32-32,empty-32-32-random-5,50,1,30.0,solved,0.028158,0.006,1178,53,1178,1160,53,1.015517,0,,/home/carsten/Projects/MAPF/MAPF Evaluator/results/tlcpp-empty32/runs/lg_lacam_fork_suo_tl/empty-32-32/empty-32-32-random-5_a50_s1_r0,1178,0.006,"{""agents"": ""50"", ""comp_time"": ""6"", ""makespan"": ""53"", ""makespan_lb"": ""53"", ""map_file"": ""empty-32-32.map"", ""seed"": ""1"", ""soc"": ""1178"", ""soc_lb"": ""1160"", ""solved"": ""1"", ""solver"": ""planner"", ""sum_of_loss"": ""1178"", ""sum_of_loss_lb"": ""1160""}"
lg_lacam_fork:suo_tl,SUO + traffic load,empty-32-32,empty-32-32-random-5,50,0,30.0,solved,0.046808,0.005,1182,53,1182,1160,53,1.018966,0,,/home/carsten/Projects/MAPF/MAPF Evaluator/results/tlcpp-empty32/runs/lg_lacam_fork_suo_tl/empty-32-32/empty-32-32-random-5_a50_s0_r0,1182,0.005,"{""agents"": ""50"", ""comp_time"": ""5"", ""makespan"": ""53"", ""makespan_lb"": ""53"", ""map_file"": ""empty-32-32.map"", ""seed"": ""0"", ""soc"": ""1182"", ""soc_lb"": ""1160"", ""solved"": ""1"", ""solver"": ""planner"", ""sum_of_loss"": ""1182"", ""sum_of_loss_lb"": ""1160""}"
lg_lacam_fork:suo_tl,SUO + traffic load,empty-32-32,empty-32-32-random-5,50,2,30.0,solved,0.031992,0.006,1178,53,1178,1160,53,1.015517,0,,/home/carsten/Projects/MAPF/MAPF Evaluator/results/tlcpp-empty32/runs/lg_lacam_fork_suo_tl/empty-32-32/empty-32-32-random-5_a50_s2_r0,1178,0.006,"{""agents"": ""50"", ""comp_time"": ""6"", ""makespan"": ""53"", ""makespan_lb"": ""53"", ""map_file"": ""empty-32-32.map"", ""seed"": ""2"", ""soc"": ""1178"", ""soc_lb"": ""1160"", ""solved"": ""1"", ""solver"": ""planner"", ""sum_of_loss"": ""1178"", ""sum_of_loss_lb"": ""1160""}"
lg_lacam_fork:lg,"LG-LaCAM (window 20, first solution)",empty-32-32,empty-32-32-random-5,50,0,30.0,solved,0.060299,0.006,1168,53,1168,1160,53,1.006897,0,,/home/carsten/Projects/MAPF/MAPF Evaluator/results/tlcpp-empty32/runs/lg_lacam_fork_lg/empty-32-32/empty-32-32-random-5_a50_s0_r0,1168,0.006,"{""agents"": ""50"", ""comp_time"": ""6"", ""makespan"": ""53"", ""makespan_lb"": ""53"", ""map_file"": ""empty-32-32.map"", ""seed"": ""0"", ""soc"": ""1168"", ""soc_lb"": ""1160"", ""solved"": ""1"", ""solver"": ""planner"", ""sum_of_loss"": ""1168"", ""sum_of_loss_lb"": ""1160""}"
lg_lacam_fork:lg_tl,LG-LaCAM (window 20) + traffic load,empty-32-32,empty-32-32-random-5,50,0,30.0,solved,0.030807,0.007,1168,53,1168,1160,53,1.006897,0,,/home/carsten/Projects/MAPF/MAPF Evaluator/results/tlcpp-empty32/runs/lg_lacam_fork_lg_tl/empty-32-32/empty-32-32-random-5_a50_s0_r0,1168,0.007,"{""agents"": ""50"", ""comp_time"": ""7"", ""makespan"": ""53"", ""makespan_lb"": ""53"", ""map_file"": ""empty-32-32.map"", ""seed"": ""0"", ""soc"": ""1168"", ""soc_lb"": ""1160"", ""solved"": ""1"", ""solver"": ""planner"", ""sum_of_loss"": ""1168"", ""sum_of_loss_lb"": ""1160""}"
lg_lacam_fork:lg,"LG-LaCAM (window 20, first solution)",empty-32-32,empty-32-32-random-5,50,1,30.0,solved,0.031064,0.007,1168,53,1168,1160,53,1.006897,0,,/home/carsten/Projects/MAPF/MAPF Evaluator/results/tlcpp-empty32/runs/lg_lacam_fork_lg/empty-32-32/empty-32-32-random-5_a50_s1_r0,1168,0.007,"{""agents"": ""50"", ""comp_time"": ""7"", ""makespan"": ""53"", ""makespan_lb"": ""53"", ""map_file"": ""empty-32-32.map"", ""seed"": ""1"", ""soc"": ""1168"", ""soc_lb"": ""1160"", ""solved"": ""1"", ""solver"": ""planner"", ""sum_of_loss"": ""1168"", ""sum_of_loss_lb"": ""1160""}"
lg_lacam_fork:lg,"LG-LaCAM (window 20, first solution)",empty-32-32,empty-32-32-random-5,50,2,30.0,solved,0.031311,0.005,1166,53,1166,1160,53,1.005172,0,,/home/carsten/Projects/MAPF/MAPF Evaluator/results/tlcpp-empty32/runs/lg_lacam_fork_lg/empty-32-32/empty-32-32-random-5_a50_s2_r0,1166,0.005,"{""agents"": ""50"", ""comp_time"": ""5"", ""makespan"": ""53"", ""makespan_lb"": ""53"", ""map_file"": ""empty-32-32.map"", ""seed"": ""2"", ""soc"": ""1166"", ""soc_lb"": ""1160"", ""solved"": ""1"", ""solver"": ""planner"", ""sum_of_loss"": ""1166"", ""sum_of_loss_lb"": ""1160""}"
lg_lacam_fork:lg_tl,LG-LaCAM (window 20) + traffic load,empty-32-32,empty-32-32-random-5,50,1,30.0,solved,0.058295,0.007,1168,53,1168,1160,53,1.006897,0,,/home/carsten/Projects/MAPF/MAPF Evaluator/results/tlcpp-empty32/runs/lg_lacam_fork_lg_tl/empty-32-32/empty-32-32-random-5_a50_s1_r0,1168,0.007,"{""agents"": ""50"", ""comp_time"": ""7"", ""makespan"": ""53"", ""makespan_lb"": ""53"", ""map_file"": ""empty-32-32.map"", ""seed"": ""1"", ""soc"": ""1168"", ""soc_lb"": ""1160"", ""solved"": ""1"", ""solver"": ""planner"", ""sum_of_loss"": ""1168"", ""sum_of_loss_lb"": ""1160""}"
lg_lacam_fork:lg_tl,LG-LaCAM (window 20) + traffic load,empty-32-32,empty-32-32-random-5,50,2,30.0,solved,0.050616,0.007,1166,53,1166,1160,53,1.005172,0,,/home/carsten/Projects/MAPF/MAPF Evaluator/results/tlcpp-empty32/runs/lg_lacam_fork_lg_tl/empty-32-32/empty-32-32-random-5_a50_s2_r0,1166,0.007,"{""agents"": ""50"", ""comp_time"": ""7"", ""makespan"": ""53"", ""makespan_lb"": ""53"", ""map_file"": ""empty-32-32.map"", ""seed"": ""2"", ""soc"": ""1166"", ""soc_lb"": ""1160"", ""solved"": ""1"", ""solver"": ""planner"", ""sum_of_loss"": ""1166"", ""sum_of_loss_lb"": ""1160""}"
lg_lacam_fork:lg_suo,LG-LaCAM (window 20) + SUO,empty-32-32,empty-32-32-random-5,50,0,30.0,solved,0.028276,0.006,1167,53,1167,1160,53,1.006034,0,,/home/carsten/Projects/MAPF/MAPF Evaluator/results/tlcpp-empty32/runs/lg_lacam_fork_lg_suo/empty-32-32/empty-32-32-random-5_a50_s0_r0,1167,0.006,"{""agents"": ""50"", ""comp_time"": ""6"", ""makespan"": ""53"", ""makespan_lb"": ""53"", ""map_file"": ""empty-32-32.map"", ""seed"": ""0"", ""soc"": ""1167"", ""soc_lb"": ""1160"", ""solved"": ""1"", ""solver"": ""planner"", ""sum_of_loss"": ""1167"", ""sum_of_loss_lb"": ""1160""}"
lg_lacam_fork:lg_suo,LG-LaCAM (window 20) + SUO,empty-32-32,empty-32-32-random-5,50,1,30.0,solved,0.045539,0.007,1168,53,1168,1160,53,1.006897,0,,/home/carsten/Projects/MAPF/MAPF Evaluator/results/tlcpp-empty32/runs/lg_lacam_fork_lg_suo/empty-32-32/empty-32-32-random-5_a50_s1_r0,1168,0.007,"{""agents"": ""50"", ""comp_time"": ""7"", ""makespan"": ""53"", ""makespan_lb"": ""53"", ""map_file"": ""empty-32-32.map"", ""seed"": ""1"", ""soc"": ""1168"", ""soc_lb"": ""1160"", ""solved"": ""1"", ""solver"": ""planner"", ""sum_of_loss"": ""1168"", ""sum_of_loss_lb"": ""1160""}"
lg_lacam_fork:lg_suo,LG-LaCAM (window 20) + SUO,empty-32-32,empty-32-32-random-5,50,2,30.0,solved,0.049775,0.006,1169,53,1169,1160,53,1.007759,0,,/home/carsten/Projects/MAPF/MAPF Evaluator/results/tlcpp-empty32/runs/lg_lacam_fork_lg_suo/empty-32-32/empty-32-32-random-5_a50_s2_r0,1169,0.006,"{""agents"": ""50"", ""comp_time"": ""6"", ""makespan"": ""53"", ""makespan_lb"": ""53"", ""map_file"": ""empty-32-32.map"", ""seed"": ""2"", ""soc"": ""1169"", ""soc_lb"": ""1160"", ""solved"": ""1"", ""solver"": ""planner"", ""sum_of_loss"": ""1169"", ""sum_of_loss_lb"": ""1160""}"
lg_lacam_fork:lg_suo_tl,LG-LaCAM (window 20) + SUO + traffic load,empty-32-32,empty-32-32-random-5,50,0,30.0,solved,0.032498,0.009,1167,53,1167,1160,53,1.006034,0,,/home/carsten/Projects/MAPF/MAPF Evaluator/results/tlcpp-empty32/runs/lg_lacam_fork_lg_suo_tl/empty-32-32/empty-32-32-random-5_a50_s0_r0,1167,0.009,"{""agents"": ""50"", ""comp_time"": ""9"", ""makespan"": ""53"", ""makespan_lb"": ""53"", ""map_file"": ""empty-32-32.map"", ""seed"": ""0"", ""soc"": ""1167"", ""soc_lb"": ""1160"", ""solved"": ""1"", ""solver"": ""planner"", ""sum_of_loss"": ""1167"", ""sum_of_loss_lb"": ""1160""}"
lg_lacam_fork:lg_suo_tl,LG-LaCAM (window 20) + SUO + traffic load,empty-32-32,empty-32-32-random-5,50,1,30.0,solved,0.056073,0.008,1168,53,1168,1160,53,1.006897,0,,/home/carsten/Projects/MAPF/MAPF Evaluator/results/tlcpp-empty32/runs/lg_lacam_fork_lg_suo_tl/empty-32-32/empty-32-32-random-5_a50_s1_r0,1168,0.008,"{""agents"": ""50"", ""comp_time"": ""8"", ""makespan"": ""53"", ""makespan_lb"": ""53"", ""map_file"": ""empty-32-32.map"", ""seed"": ""1"", ""soc"": ""1168"", ""soc_lb"": ""1160"", ""solved"": ""1"", ""solver"": ""planner"", ""sum_of_loss"": ""1168"", ""sum_of_loss_lb"": ""1160""}"
lg_lacam_fork:lg_suo_tl,LG-LaCAM (window 20) + SUO + traffic load,empty-32-32,empty-32-32-random-5,50,2,30.0,solved,0.055532,0.008,1169,53,1169,1160,53,1.007759,0,,/home/carsten/Projects/MAPF/MAPF Evaluator/results/tlcpp-empty32/runs/lg_lacam_fork_lg_suo_tl/empty-32-32/empty-32-32-random-5_a50_s2_r0,1169,0.008,"{""agents"": ""50"", ""comp_time"": ""8"", ""makespan"": ""53"", ""makespan_lb"": ""53"", ""map_file"": ""empty-32-32.map"", ""seed"": ""2"", ""soc"": ""1169"", ""soc_lb"": ""1160"", ""solved"": ""1"", ""solver"": ""planner"", ""sum_of_loss"": ""1169"", ""sum_of_loss_lb"": ""1160""}"
lg_lacam_fork:lacam,"LaCAM (no guidance, first solution)",empty-32-32,empty-32-32-random-5,100,0,30.0,solved,0.025223,0.003,2908,53,2413,2134,53,1.362699,0,,/home/carsten/Projects/MAPF/MAPF Evaluator/results/tlcpp-empty32/runs/lg_lacam_fork_lacam/empty-32-32/empty-32-32-random-5_a100_s0_r0,2908,0.003,"{""agents"": ""100"", ""comp_time"": ""3"", ""makespan"": ""53"", ""makespan_lb"": ""53"", ""map_file"": ""empty-32-32.map"", ""seed"": ""0"", ""soc"": ""2908"", ""soc_lb"": ""2134"", ""solved"": ""1"", ""solver"": ""planner"", ""sum_of_loss"": ""2490"", ""sum_of_loss_lb"": ""2134""}"
lg_lacam_fork:lacam,"LaCAM (no guidance, first solution)",empty-32-32,empty-32-32-random-5,100,1,30.0,solved,0.076233,0.003,2868,53,2378,2134,53,1.343955,0,,/home/carsten/Projects/MAPF/MAPF Evaluator/results/tlcpp-empty32/runs/lg_lacam_fork_lacam/empty-32-32/empty-32-32-random-5_a100_s1_r0,2868,0.003,"{""agents"": ""100"", ""comp_time"": ""3"", ""makespan"": ""53"", ""makespan_lb"": ""53"", ""map_file"": ""empty-32-32.map"", ""seed"": ""1"", ""soc"": ""2868"", ""soc_lb"": ""2134"", ""solved"": ""1"", ""solver"": ""planner"", ""sum_of_loss"": ""2447"", ""sum_of_loss_lb"": ""2134""}"
lg_lacam_fork:lacam,"LaCAM (no guidance, first solution)",empty-32-32,empty-32-32-random-5,100,2,30.0,solved,0.04314,0.003,2813,53,2351,2134,53,1.318182,0,,/home/carsten/Projects/MAPF/MAPF Evaluator/results/tlcpp-empty32/runs/lg_lacam_fork_lacam/empty-32-32/empty-32-32-random-5_a100_s2_r0,2813,0.003,"{""agents"": ""100"", ""comp_time"": ""3"", ""makespan"": ""53"", ""makespan_lb"": ""53"", ""map_file"": ""empty-32-32.map"", ""seed"": ""2"", ""soc"": ""2813"", ""soc_lb"": ""2134"", ""solved"": ""1"", ""solver"": ""planner"", ""sum_of_loss"": ""2416"", ""sum_of_loss_lb"": ""2134""}"
lg_lacam_fork:tl,"LaCAM + traffic load (tie-break, per config)",empty-32-32,empty-32-32-random-5,100,0,30.0,solved,0.072352,0.006,2724,53,2265,2134,53,1.276476,0,,/home/carsten/Projects/MAPF/MAPF Evaluator/results/tlcpp-empty32/runs/lg_lacam_fork_tl/empty-32-32/empty-32-32-random-5_a100_s0_r0,2724,0.006,"{""agents"": ""100"", ""comp_time"": ""6"", ""makespan"": ""53"", ""makespan_lb"": ""53"", ""map_file"": ""empty-32-32.map"", ""seed"": ""0"", ""soc"": ""2724"", ""soc_lb"": ""2134"", ""solved"": ""1"", ""solver"": ""planner"", ""sum_of_loss"": ""2321"", ""sum_of_loss_lb"": ""2134""}"
lg_lacam_fork:tl,"LaCAM + traffic load (tie-break, per config)",empty-32-32,empty-32-32-random-5,100,2,30.0,solved,0.054409,0.005,2785,53,2272,2134,53,1.305061,0,,/home/carsten/Projects/MAPF/MAPF Evaluator/results/tlcpp-empty32/runs/lg_lacam_fork_tl/empty-32-32/empty-32-32-random-5_a100_s2_r0,2785,0.005,"{""agents"": ""100"", ""comp_time"": ""5"", ""makespan"": ""53"", ""makespan_lb"": ""53"", ""map_file"": ""empty-32-32.map"", ""seed"": ""2"", ""soc"": ""2785"", ""soc_lb"": ""2134"", ""solved"": ""1"", ""solver"": ""planner"", ""sum_of_loss"": ""2332"", ""sum_of_loss_lb"": ""2134""}"
lg_lacam_fork:tl,"LaCAM + traffic load (tie-break, per config)",empty-32-32,empty-32-32-random-5,100,1,30.0,solved,0.066561,0.005,2709,53,2261,2134,53,1.269447,0,,/home/carsten/Projects/MAPF/MAPF Evaluator/results/tlcpp-empty32/runs/lg_lacam_fork_tl/empty-32-32/empty-32-32-random-5_a100_s1_r0,2709,0.005,"{""agents"": ""100"", ""comp_time"": ""5"", ""makespan"": ""53"", ""makespan_lb"": ""53"", ""map_file"": ""empty-32-32.map"", ""seed"": ""1"", ""soc"": ""2709"", ""soc_lb"": ""2134"", ""solved"": ""1"", ""solver"": ""planner"", ""sum_of_loss"": ""2317"", ""sum_of_loss_lb"": ""2134""}"
lg_lacam_fork:tl_agent,"LaCAM + traffic load (tie-break, per agent)",empty-32-32,empty-32-32-random-5,100,0,30.0,solved,0.078577,0.007,2757,53,2266,2134,53,1.29194,0,,/home/carsten/Projects/MAPF/MAPF Evaluator/results/tlcpp-empty32/runs/lg_lacam_fork_tl_agent/empty-32-32/empty-32-32-random-5_a100_s0_r0,2757,0.007,"{""agents"": ""100"", ""comp_time"": ""7"", ""makespan"": ""53"", ""makespan_lb"": ""53"", ""map_file"": ""empty-32-32.map"", ""seed"": ""0"", ""soc"": ""2757"", ""soc_lb"": ""2134"", ""solved"": ""1"", ""solver"": ""planner"", ""sum_of_loss"": ""2330"", ""sum_of_loss_lb"": ""2134""}"
lg_lacam_fork:tl_agent,"LaCAM + traffic load (tie-break, per agent)",empty-32-32,empty-32-32-random-5,100,1,30.0,solved,0.046166,0.007,2834,53,2271,2134,53,1.328022,0,,/home/carsten/Projects/MAPF/MAPF Evaluator/results/tlcpp-empty32/runs/lg_lacam_fork_tl_agent/empty-32-32/empty-32-32-random-5_a100_s1_r0,2834,0.007,"{""agents"": ""100"", ""comp_time"": ""7"", ""makespan"": ""53"", ""makespan_lb"": ""53"", ""map_file"": ""empty-32-32.map"", ""seed"": ""1"", ""soc"": ""2834"", ""soc_lb"": ""2134"", ""solved"": ""1"", ""solver"": ""planner"", ""sum_of_loss"": ""2332"", ""sum_of_loss_lb"": ""2134""}"
lg_lacam_fork:tl_agent,"LaCAM + traffic load (tie-break, per agent)",empty-32-32,empty-32-32-random-5,100,2,30.0,solved,0.059319,0.007,2689,53,2254,2134,53,1.260075,0,,/home/carsten/Projects/MAPF/MAPF Evaluator/results/tlcpp-empty32/runs/lg_lacam_fork_tl_agent/empty-32-32/empty-32-32-random-5_a100_s2_r0,2689,0.007,"{""agents"": ""100"", ""comp_time"": ""7"", ""makespan"": ""53"", ""makespan_lb"": ""53"", ""map_file"": ""empty-32-32.map"", ""seed"": ""2"", ""soc"": ""2689"", ""soc_lb"": ""2134"", ""solved"": ""1"", ""solver"": ""planner"", ""sum_of_loss"": ""2313"", ""sum_of_loss_lb"": ""2134""}"
lg_lacam_fork:tl_static,LaCAM + traffic load (static map from starts),empty-32-32,empty-32-32-random-5,100,0,30.0,solved,0.097628,0.005,2906,56,2425,2134,53,1.361762,0,,/home/carsten/Projects/MAPF/MAPF Evaluator/results/tlcpp-empty32/runs/lg_lacam_fork_tl_static/empty-32-32/empty-32-32-random-5_a100_s0_r0,2906,0.005,"{""agents"": ""100"", ""comp_time"": ""5"", ""makespan"": ""56"", ""makespan_lb"": ""53"", ""map_file"": ""empty-32-32.map"", ""seed"": ""0"", ""soc"": ""2906"", ""soc_lb"": ""2134"", ""solved"": ""1"", ""solver"": ""planner"", ""sum_of_loss"": ""2499"", ""sum_of_loss_lb"": ""2134""}"
lg_lacam_fork:tl_static,LaCAM + traffic load (static map from starts),empty-32-32,empty-32-32-random-5,100,1,30.0,solved,0.055523,0.005,2928,56,2462,2134,53,1.372071,0,,/home/carsten/Projects/MAPF/MAPF Evaluator/results/tlcpp-empty32/runs/lg_lacam_fork_tl_static/empty-32-32/empty-32-32-random-5_a100_s1_r0,2928,0.005,"{""agents"": ""100"", ""comp_time"": ""5"", ""makespan"": ""56"", ""makespan_lb"": ""53"", ""map_file"": ""empty-32-32.map"", ""seed"": ""1"", ""soc"": ""2928"", ""soc_lb"": ""2134"", ""solved"": ""1"", ""solver"": ""planner"", ""sum_of_loss"": ""2538"", ""sum_of_loss_lb"": ""2134""}"
lg_lacam_fork:tl_static,LaCAM + traffic load (static map from starts),empty-32-32,empty-32-32-random-5,100,2,30.0,solved,0.076385,0.005,2906,56,2425,2134,53,1.361762,0,,/home/carsten/Projects/MAPF/MAPF Evaluator/results/tlcpp-empty32/runs/lg_lacam_fork_tl_static/empty-32-32/empty-32-32-random-5_a100_s2_r0,2906,0.005,"{""agents"": ""100"", ""comp_time"": ""5"", ""makespan"": ""56"", ""makespan_lb"": ""53"", ""map_file"": ""empty-32-32.map"", ""seed"": ""2"", ""soc"": ""2906"", ""soc_lb"": ""2134"", ""solved"": ""1"", ""solver"": ""planner"", ""sum_of_loss"": ""2499"", ""sum_of_loss_lb"": ""2134""}"
lg_lacam_fork:suo,LaCAM3 = SUO (first solution),empty-32-32,empty-32-32-random-5,100,0,30.0,solved,0.092392,0.006,2295,53,2213,2134,53,1.075445,0,,/home/carsten/Projects/MAPF/MAPF Evaluator/results/tlcpp-empty32/runs/lg_lacam_fork_suo/empty-32-32/empty-32-32-random-5_a100_s0_r0,2295,0.006,"{""agents"": ""100"", ""comp_time"": ""6"", ""makespan"": ""53"", ""makespan_lb"": ""53"", ""map_file"": ""empty-32-32.map"", ""seed"": ""0"", ""soc"": ""2295"", ""soc_lb"": ""2134"", ""solved"": ""1"", ""solver"": ""planner"", ""sum_of_loss"": ""2221"", ""sum_of_loss_lb"": ""2134""}"
lg_lacam_fork:suo,LaCAM3 = SUO (first solution),empty-32-32,empty-32-32-random-5,100,2,30.0,solved,0.06455,0.014,2197,53,2178,2134,53,1.029522,0,,/home/carsten/Projects/MAPF/MAPF Evaluator/results/tlcpp-empty32/runs/lg_lacam_fork_suo/empty-32-32/empty-32-32-random-5_a100_s2_r0,2197,0.014,"{""agents"": ""100"", ""comp_time"": ""14"", ""makespan"": ""53"", ""makespan_lb"": ""53"", ""map_file"": ""empty-32-32.map"", ""seed"": ""2"", ""soc"": ""2197"", ""soc_lb"": ""2134"", ""solved"": ""1"", ""solver"": ""planner"", ""sum_of_loss"": ""2179"", ""sum_of_loss_lb"": ""2134""}"
lg_lacam_fork:suo,LaCAM3 = SUO (first solution),empty-32-32,empty-32-32-random-5,100,1,30.0,solved,0.15715,0.013,2215,53,2189,2134,53,1.037957,0,,/home/carsten/Projects/MAPF/MAPF Evaluator/results/tlcpp-empty32/runs/lg_lacam_fork_suo/empty-32-32/empty-32-32-random-5_a100_s1_r0,2215,0.013,"{""agents"": ""100"", ""comp_time"": ""13"", ""makespan"": ""53"", ""makespan_lb"": ""53"", ""map_file"": ""empty-32-32.map"", ""seed"": ""1"", ""soc"": ""2215"", ""soc_lb"": ""2134"", ""solved"": ""1"", ""solver"": ""planner"", ""sum_of_loss"": ""2192"", ""sum_of_loss_lb"": ""2134""}"
lg_lacam_fork:suo_tl,SUO + traffic load,empty-32-32,empty-32-32-random-5,100,1,30.0,solved,0.071167,0.046,2186,53,2186,2134,53,1.024367,0,,/home/carsten/Projects/MAPF/MAPF Evaluator/results/tlcpp-empty32/runs/lg_lacam_fork_suo_tl/empty-32-32/empty-32-32-random-5_a100_s1_r0,2186,0.046,"{""agents"": ""100"", ""comp_time"": ""46"", ""makespan"": ""53"", ""makespan_lb"": ""53"", ""map_file"": ""empty-32-32.map"", ""seed"": ""1"", ""soc"": ""2186"", ""soc_lb"": ""2134"", ""solved"": ""1"", ""solver"": ""planner"", ""sum_of_loss"": ""2186"", ""sum_of_loss_lb"": ""2134""}"
lg_lacam_fork:suo_tl,SUO + traffic load,empty-32-32,empty-32-32-random-5,100,0,30.0,solved,0.150859,0.032,2203,53,2190,2134,53,1.032334,0,,/home/carsten/Projects/MAPF/MAPF Evaluator/results/tlcpp-empty32/runs/lg_lacam_fork_suo_tl/empty-32-32/empty-32-32-random-5_a100_s0_r0,2203,0.032,"{""agents"": ""100"", ""comp_time"": ""32"", ""makespan"": ""53"", ""makespan_lb"": ""53"", ""map_file"": ""empty-32-32.map"", ""seed"": ""0"", ""soc"": ""2203"", ""soc_lb"": ""2134"", ""solved"": ""1"", ""solver"": ""planner"", ""sum_of_loss"": ""2191"", ""sum_of_loss_lb"": ""2134""}"
lg_lacam_fork:lg,"LG-LaCAM (window 20, first solution)",empty-32-32,empty-32-32-random-5,100,0,30.0,solved,0.095614,0.036,2162,53,2162,2134,53,1.013121,0,,/home/carsten/Projects/MAPF/MAPF Evaluator/results/tlcpp-empty32/runs/lg_lacam_fork_lg/empty-32-32/empty-32-32-random-5_a100_s0_r0,2162,0.036,"{""agents"": ""100"", ""comp_time"": ""36"", ""makespan"": ""53"", ""makespan_lb"": ""53"", ""map_file"": ""empty-32-32.map"", ""seed"": ""0"", ""soc"": ""2162"", ""soc_lb"": ""2134"", ""solved"": ""1"", ""solver"": ""planner"", ""sum_of_loss"": ""2162"", ""sum_of_loss_lb"": ""2134""}"
lg_lacam_fork:lg,"LG-LaCAM (window 20, first solution)",empty-32-32,empty-32-32-random-5,100,1,30.0,solved,0.063495,0.037,2161,53,2161,2134,53,1.012652,0,,/home/carsten/Projects/MAPF/MAPF Evaluator/results/tlcpp-empty32/runs/lg_lacam_fork_lg/empty-32-32/empty-32-32-random-5_a100_s1_r0,2161,0.037,"{""agents"": ""100"", ""comp_time"": ""37"", ""makespan"": ""53"", ""makespan_lb"": ""53"", ""map_file"": ""empty-32-32.map"", ""seed"": ""1"", ""soc"": ""2161"", ""soc_lb"": ""2134"", ""solved"": ""1"", ""solver"": ""planner"", ""sum_of_loss"": ""2161"", ""sum_of_loss_lb"": ""2134""}"
lg_lacam_fork:suo_tl,SUO + traffic load,empty-32-32,empty-32-32-random-5,100,2,30.0,solved,0.220026,0.167,2197,53,2178,2134,53,1.029522,0,,/home/carsten/Projects/MAPF/MAPF Evaluator/results/tlcpp-empty32/runs/lg_lacam_fork_suo_tl/empty-32-32/empty-32-32-random-5_a100_s2_r0,2197,0.167,"{""agents"": ""100"", ""comp_time"": ""167"", ""makespan"": ""53"", ""makespan_lb"": ""53"", ""map_file"": ""empty-32-32.map"", ""seed"": ""2"", ""soc"": ""2197"", ""soc_lb"": ""2134"", ""solved"": ""1"", ""solver"": ""planner"", ""sum_of_loss"": ""2179"", ""sum_of_loss_lb"": ""2134""}"
lg_lacam_fork:lg,"LG-LaCAM (window 20, first solution)",empty-32-32,empty-32-32-random-5,100,2,30.0,solved,0.151111,0.07,2192,55,2170,2134,53,1.027179,0,,/home/carsten/Projects/MAPF/MAPF Evaluator/results/tlcpp-empty32/runs/lg_lacam_fork_lg/empty-32-32/empty-32-32-random-5_a100_s2_r0,2192,0.07,"{""agents"": ""100"", ""comp_time"": ""70"", ""makespan"": ""55"", ""makespan_lb"": ""53"", ""map_file"": ""empty-32-32.map"", ""seed"": ""2"", ""soc"": ""2192"", ""soc_lb"": ""2134"", ""solved"": ""1"", ""solver"": ""planner"", ""sum_of_loss"": ""2172"", ""sum_of_loss_lb"": ""2134""}"
lg_lacam_fork:lg_tl,LG-LaCAM (window 20) + traffic load,empty-32-32,empty-32-32-random-5,100,0,30.0,solved,0.081735,0.044,2162,53,2162,2134,53,1.013121,0,,/home/carsten/Projects/MAPF/MAPF Evaluator/results/tlcpp-empty32/runs/lg_lacam_fork_lg_tl/empty-32-32/empty-32-32-random-5_a100_s0_r0,2162,0.044,"{""agents"": ""100"", ""comp_time"": ""44"", ""makespan"": ""53"", ""makespan_lb"": ""53"", ""map_file"": ""empty-32-32.map"", ""seed"": ""0"", ""soc"": ""2162"", ""soc_lb"": ""2134"", ""solved"": ""1"", ""solver"": ""planner"", ""sum_of_loss"": ""2162"", ""sum_of_loss_lb"": ""2134""}"
lg_lacam_fork:lg_tl,LG-LaCAM (window 20) + traffic load,empty-32-32,empty-32-32-random-5,100,1,30.0,solved,0.211147,0.099,2161,53,2161,2134,53,1.012652,0,,/home/carsten/Projects/MAPF/MAPF Evaluator/results/tlcpp-empty32/runs/lg_lacam_fork_lg_tl/empty-32-32/empty-32-32-random-5_a100_s1_r0,2161,0.099,"{""agents"": ""100"", ""comp_time"": ""99"", ""makespan"": ""53"", ""makespan_lb"": ""53"", ""map_file"": ""empty-32-32.map"", ""seed"": ""1"", ""soc"": ""2161"", ""soc_lb"": ""2134"", ""solved"": ""1"", ""solver"": ""planner"", ""sum_of_loss"": ""2161"", ""sum_of_loss_lb"": ""2134""}"
lg_lacam_fork:lg_tl,LG-LaCAM (window 20) + traffic load,empty-32-32,empty-32-32-random-5,100,2,30.0,solved,0.225462,0.076,2168,53,2167,2134,53,1.015933,0,,/home/carsten/Projects/MAPF/MAPF Evaluator/results/tlcpp-empty32/runs/lg_lacam_fork_lg_tl/empty-32-32/empty-32-32-random-5_a100_s2_r0,2168,0.076,"{""agents"": ""100"", ""comp_time"": ""76"", ""makespan"": ""53"", ""makespan_lb"": ""53"", ""map_file"": ""empty-32-32.map"", ""seed"": ""2"", ""soc"": ""2168"", ""soc_lb"": ""2134"", ""solved"": ""1"", ""solver"": ""planner"", ""sum_of_loss"": ""2168"", ""sum_of_loss_lb"": ""2134""}"
lg_lacam_fork:lg_suo,LG-LaCAM (window 20) + SUO,empty-32-32,empty-32-32-random-5,100,0,30.0,solved,0.438315,0.137,2168,53,2168,2134,53,1.015933,0,,/home/carsten/Projects/MAPF/MAPF Evaluator/results/tlcpp-empty32/runs/lg_lacam_fork_lg_suo/empty-32-32/empty-32-32-random-5_a100_s0_r0,2168,0.137,"{""agents"": ""100"", ""comp_time"": ""137"", ""makespan"": ""53"", ""makespan_lb"": ""53"", ""map_file"": ""empty-32-32.map"", ""seed"": ""0"", ""soc"": ""2168"", ""soc_lb"": ""2134"", ""solved"": ""1"", ""solver"": ""planner"", ""sum_of_loss"": ""2168"", ""sum_of_loss_lb"": ""2134""}"
lg_lacam_fork:lg_suo_tl,LG-LaCAM (window 20) + SUO + traffic load,empty-32-32,empty-32-32-random-5,100,0,30.0,solved,0.226159,0.16,2168,53,2168,2134,53,1.015933,0,,/home/carsten/Projects/MAPF/MAPF Evaluator/results/tlcpp-empty32/runs/lg_lacam_fork_lg_suo_tl/empty-32-32/empty-32-32-random-5_a100_s0_r0,2168,0.16,"{""agents"": ""100"", ""comp_time"": ""160"", ""makespan"": ""53"", ""makespan_lb"": ""53"", ""map_file"": ""empty-32-32.map"", ""seed"": ""0"", ""soc"": ""2168"", ""soc_lb"": ""2134"", ""solved"": ""1"", ""solver"": ""planner"", ""sum_of_loss"": ""2168"", ""sum_of_loss_lb"": ""2134""}"
lg_lacam_fork:lg_suo,LG-LaCAM (window 20) + SUO,empty-32-32,empty-32-32-random-5,100,2,30.0,solved,0.372767,0.228,2158,53,2158,2134,53,1.011246,0,,/home/carsten/Projects/MAPF/MAPF Evaluator/results/tlcpp-empty32/runs/lg_lacam_fork_lg_suo/empty-32-32/empty-32-32-random-5_a100_s2_r0,2158,0.228,"{""agents"": ""100"", ""comp_time"": ""228"", ""makespan"": ""53"", ""makespan_lb"": ""53"", ""map_file"": ""empty-32-32.map"", ""seed"": ""2"", ""soc"": ""2158"", ""soc_lb"": ""2134"", ""solved"": ""1"", ""solver"": ""planner"", ""sum_of_loss"": ""2158"", ""sum_of_loss_lb"": ""2134""}"
lg_lacam_fork:lg_suo,LG-LaCAM (window 20) + SUO,empty-32-32,empty-32-32-random-5,100,1,30.0,solved,0.449817,0.354,2158,53,2158,2134,53,1.011246,0,,/home/carsten/Projects/MAPF/MAPF Evaluator/results/tlcpp-empty32/runs/lg_lacam_fork_lg_suo/empty-32-32/empty-32-32-random-5_a100_s1_r0,2158,0.354,"{""agents"": ""100"", ""comp_time"": ""354"", ""makespan"": ""53"", ""makespan_lb"": ""53"", ""map_file"": ""empty-32-32.map"", ""seed"": ""1"", ""soc"": ""2158"", ""soc_lb"": ""2134"", ""solved"": ""1"", ""solver"": ""planner"", ""sum_of_loss"": ""2158"", ""sum_of_loss_lb"": ""2134""}"
lg_lacam_fork:lg_suo_tl,LG-LaCAM (window 20) + SUO + traffic load,empty-32-32,empty-32-32-random-5,100,1,30.0,solved,0.091655,0.055,2158,53,2158,2134,53,1.011246,0,,/home/carsten/Projects/MAPF/MAPF Evaluator/results/tlcpp-empty32/runs/lg_lacam_fork_lg_suo_tl/empty-32-32/empty-32-32-random-5_a100_s1_r0,2158,0.055,"{""agents"": ""100"", ""comp_time"": ""55"", ""makespan"": ""53"", ""makespan_lb"": ""53"", ""map_file"": ""empty-32-32.map"", ""seed"": ""1"", ""soc"": ""2158"", ""soc_lb"": ""2134"", ""solved"": ""1"", ""solver"": ""planner"", ""sum_of_loss"": ""2158"", ""sum_of_loss_lb"": ""2134""}"
lg_lacam_fork:lg_suo_tl,LG-LaCAM (window 20) + SUO + traffic load,empty-32-32,empty-32-32-random-5,100,2,30.0,solved,0.156896,0.089,2158,53,2158,2134,53,1.011246,0,,/home/carsten/Projects/MAPF/MAPF Evaluator/results/tlcpp-empty32/runs/lg_lacam_fork_lg_suo_tl/empty-32-32/empty-32-32-random-5_a100_s2_r0,2158,0.089,"{""agents"": ""100"", ""comp_time"": ""89"", ""makespan"": ""53"", ""makespan_lb"": ""53"", ""map_file"": ""empty-32-32.map"", ""seed"": ""2"", ""soc"": ""2158"", ""soc_lb"": ""2134"", ""solved"": ""1"", ""solver"": ""planner"", ""sum_of_loss"": ""2158"", ""sum_of_loss_lb"": ""2134""}"
lg_lacam_fork:lacam,"LaCAM (no guidance, first solution)",empty-32-32,empty-32-32-random-5,150,1,30.0,solved,0.056776,0.013,4586,53,3614,3053,53,1.502129,0,,/home/carsten/Projects/MAPF/MAPF Evaluator/results/tlcpp-empty32/runs/lg_lacam_fork_lacam/empty-32-32/empty-32-32-random-5_a150_s1_r0,4586,0.013,"{""agents"": ""150"", ""comp_time"": ""13"", ""makespan"": ""53"", ""makespan_lb"": ""53"", ""map_file"": ""empty-32-32.map"", ""seed"": ""1"", ""soc"": ""4586"", ""soc_lb"": ""3053"", ""solved"": ""1"", ""solver"": ""planner"", ""sum_of_loss"": ""3748"", ""sum_of_loss_lb"": ""3053""}"
lg_lacam_fork:lacam,"LaCAM (no guidance, first solution)",empty-32-32,empty-32-32-random-5,150,0,30.0,solved,0.063867,0.025,4672,55,3644,3053,53,1.530298,0,,/home/carsten/Projects/MAPF/MAPF Evaluator/results/tlcpp-empty32/runs/lg_lacam_fork_lacam/empty-32-32/empty-32-32-random-5_a150_s0_r0,4672,0.025,"{""agents"": ""150"", ""comp_time"": ""25"", ""makespan"": ""55"", ""makespan_lb"": ""53"", ""map_file"": ""empty-32-32.map"", ""seed"": ""0"", ""soc"": ""4672"", ""soc_lb"": ""3053"", ""solved"": ""1"", ""solver"": ""planner"", ""sum_of_loss"": ""3794"", ""sum_of_loss_lb"": ""3053""}"
lg_lacam_fork:lacam,"LaCAM (no guidance, first solution)",empty-32-32,empty-32-32-random-5,150,2,30.0,solved,0.105066,0.019,4539,55,3603,3053,53,1.486734,0,,/home/carsten/Projects/MAPF/MAPF Evaluator/results/tlcpp-empty32/runs/lg_lacam_fork_lacam/empty-32-32/empty-32-32-random-5_a150_s2_r0,4539,0.019,"{""agents"": ""150"", ""comp_time"": ""19"", ""makespan"": ""55"", ""makespan_lb"": ""53"", ""map_file"": ""empty-32-32.map"", ""seed"": ""2"", ""soc"": ""4539"", ""soc_lb"": ""3053"", ""solved"": ""1"", ""solver"": ""planner"", ""sum_of_loss"": ""3756"", ""sum_of_loss_lb"": ""3053""}"
lg_lacam_fork:tl,"LaCAM + traffic load (tie-break, per config)",empty-32-32,empty-32-32-random-5,150,0,30.0,solved,0.10273,0.033,4251,53,3397,3053,53,1.392401,0,,/home/carsten/Projects/MAPF/MAPF Evaluator/results/tlcpp-empty32/runs/lg_lacam_fork_tl/empty-32-32/empty-32-32-random-5_a150_s0_r0,4251,0.033,"{""agents"": ""150"", ""comp_time"": ""33"", ""makespan"": ""53"", ""makespan_lb"": ""53"", ""map_file"": ""empty-32-32.map"", ""seed"": ""0"", ""soc"": ""4251"", ""soc_lb"": ""3053"", ""solved"": ""1"", ""solver"": ""planner"", ""sum_of_loss"": ""3514"", ""sum_of_loss_lb"": ""3053""}"
lg_lacam_fork:tl,"LaCAM + traffic load (tie-break, per config)",empty-32-32,empty-32-32-random-5,150,2,30.0,solved,0.064327,0.026,4250,53,3402,3053,53,1.392073,0,,/home/carsten/Projects/MAPF/MAPF Evaluator/results/tlcpp-empty32/runs/lg_lacam_fork_tl/empty-32-32/empty-32-32-random-5_a150_s2_r0,4250,0.026,"{""agents"": ""150"", ""comp_time"": ""26"", ""makespan"": ""53"", ""makespan_lb"": ""53"", ""map_file"": ""empty-32-32.map"", ""seed"": ""2"", ""soc"": ""4250"", ""soc_lb"": ""3053"", ""solved"": ""1"", ""solver"": ""planner"", ""sum_of_loss"": ""3515"", ""sum_of_loss_lb"": ""3053""}"
lg_lacam_fork:tl,"LaCAM + traffic load (tie-break, per config)",empty-32-32,empty-32-32-random-5,150,1,30.0,solved,0.062393,0.03,4225,53,3382,3053,53,1.383885,0,,/home/carsten/Projects/MAPF/MAPF Evaluator/results/tlcpp-empty32/runs/lg_lacam_fork_tl/empty-32-32/empty-32-32-random-5_a150_s1_r0,4225,0.03,"{""agents"": ""150"", ""comp_time"": ""30"", ""makespan"": ""53"", ""makespan_lb"": ""53"", ""map_file"": ""empty-32-32.map"", ""seed"": ""1"", ""soc"": ""4225"", ""soc_lb"": ""3053"", ""solved"": ""1"", ""solver"": ""planner"", ""sum_of_loss"": ""3489"", ""sum_of_loss_lb"": ""3053""}"
lg_lacam_fork:tl_agent,"LaCAM + traffic load (tie-break, per agent)",empty-32-32,empty-32-32-random-5,150,0,30.0,solved,0.133383,0.045,4087,53,3333,3053,53,1.338683,0,,/home/carsten/Projects/MAPF/MAPF Evaluator/results/tlcpp-empty32/runs/lg_lacam_fork_tl_agent/empty-32-32/empty-32-32-random-5_a150_s0_r0,4087,0.045,"{""agents"": ""150"", ""comp_time"": ""45"", ""makespan"": ""53"", ""makespan_lb"": ""53"", ""map_file"": ""empty-32-32.map"", ""seed"": ""0"", ""soc"": ""4087"", ""soc_lb"": ""3053"", ""solved"": ""1"", ""solver"": ""planner"", ""sum_of_loss"": ""3441"", ""sum_of_loss_lb"": ""3053""}"
lg_lacam_fork:tl_agent,"LaCAM + traffic load (tie-break, per agent)",empty-32-32,empty-32-32-random-5,150,1,30.0,solved,0.098108,0.046,4256,53,3385,3053,53,1.394039,0,,/home/carsten/Projects/MAPF/MAPF Evaluator/results/tlcpp-empty32/runs/lg_lacam_fork_tl_agent/empty-32-32/empty-32-32-random-5_a150_s1_r0,4256,0.046,"{""agents"": ""150"", ""comp_time"": ""46"", ""makespan"": ""53"", ""makespan_lb"": ""53"", ""map_file"": ""empty-32-32.map"", ""seed"": ""1"", ""soc"": ""4256"", ""soc_lb"": ""3053"", ""solved"": ""1"", ""solver"": ""planner"", ""sum_of_loss"": ""3506"", ""sum_of_loss_lb"": ""3053""}"
lg_lacam_fork:tl_static,LaCAM + traffic load (static map from starts),empty-32-32,empty-32-32-random-5,150,0,30.0,solved,0.089691,0.041,4985,84,4059,3053,53,1.63282,0,,/home/carsten/Projects/MAPF/MAPF Evaluator/results/tlcpp-empty32/runs/lg_lacam_fork_tl_static/empty-32-32/empty-32-32-random-5_a150_s0_r0,4985,0.041,"{""agents"": ""150"", ""comp_time"": ""41"", ""makespan"": ""84"", ""makespan_lb"": ""53"", ""map_file"": ""empty-32-32.map"", ""seed"": ""0"", ""soc"": ""4985"", ""soc_lb"": ""3053"", ""solved"": ""1"", ""solver"": ""planner"", ""sum_of_loss"": ""4283"", ""sum_of_loss_lb"": ""3053""}"
lg_lacam_fork:tl_agent,"LaCAM + traffic load (tie-break, per agent)",empty-32-32,empty-32-32-random-5,150,2,30.0,solved,0.152637,0.102,4264,53,3396,3053,53,1.396659,0,,/home/carsten/Projects/MAPF/MAPF Evaluator/results/tlcpp-empty32/runs/lg_lacam_fork_tl_agent/empty-32-32/empty-32-32-random-5_a150_s2_r0,4264,0.102,"{""agents"": ""150"", ""comp_time"": ""102"", ""makespan"": ""53"", ""makespan_lb"": ""53"", ""map_file"": ""empty-32-32.map"", ""seed"": ""2"", ""soc"": ""4264"", ""soc_lb"": ""3053"", ""solved"": ""1"", ""solver"": ""planner"", ""sum_of_loss"": ""3523"", ""sum_of_loss_lb"": ""3053""}"
lg_lacam_fork:tl_static,LaCAM + traffic load (static map from starts),empty-32-32,empty-32-32-random-5,150,1,30.0,solved,0.106293,0.051,5019,93,4132,3053,53,1.643957,0,,/home/carsten/Projects/MAPF/MAPF Evaluator/results/tlcpp-empty32/runs/lg_lacam_fork_tl_static/empty-32-32/empty-32-32-random-5_a150_s1_r0,5019,0.051,"{""agents"": ""150"", ""comp_time"": ""51"", ""makespan"": ""93"", ""makespan_lb"": ""53"", ""map_file"": ""empty-32-32.map"", ""seed"": ""1"", ""soc"": ""5019"", ""soc_lb"": ""3053"", ""solved"": ""1"", ""solver"": ""planner"", ""sum_of_loss"": ""4373"", ""sum_of_loss_lb"": ""3053""}"
lg_lacam_fork:tl_static,LaCAM + traffic load (static map from starts),empty-32-32,empty-32-32-random-5,150,2,30.0,solved,0.124041,0.047,4969,86,4062,3053,53,1.627579,0,,/home/carsten/Projects/MAPF/MAPF Evaluator/results/tlcpp-empty32/runs/lg_lacam_fork_tl_static/empty-32-32/empty-32-32-random-5_a150_s2_r0,4969,0.047,"{""agents"": ""150"", ""comp_time"": ""47"", ""makespan"": ""86"", ""makespan_lb"": ""53"", ""map_file"": ""empty-32-32.map"", ""seed"": ""2"", ""soc"": ""4969"", ""soc_lb"": ""3053"", ""solved"": ""1"", ""solver"": ""planner"", ""sum_of_loss"": ""4283"", ""sum_of_loss_lb"": ""3053""}"
lg_lacam_fork:suo,LaCAM3 = SUO (first solution),empty-32-32,empty-32-32-random-5,150,0,30.0,solved,0.069795,0.028,3257,53,3221,3053,53,1.06682,0,,/home/carsten/Projects/MAPF/MAPF Evaluator/results/tlcpp-empty32/runs/lg_lacam_fork_suo/empty-32-32/empty-32-32-random-5_a150_s0_r0,3257,0.028,"{""agents"": ""150"", ""comp_time"": ""28"", ""makespan"": ""53"", ""makespan_lb"": ""53"", ""map_file"": ""empty-32-32.map"", ""seed"": ""0"", ""soc"": ""3257"", ""soc_lb"": ""3053"", ""solved"": ""1"", ""solver"": ""planner"", ""sum_of_loss"": ""3225"", ""sum_of_loss_lb"": ""3053""}"
lg_lacam_fork:suo,LaCAM3 = SUO (first solution),empty-32-32,empty-32-32-random-5,150,1,30.0,solved,0.085168,0.025,3559,53,3265,3053,53,1.165739,0,,/home/carsten/Projects/MAPF/MAPF Evaluator/results/tlcpp-empty32/runs/lg_lacam_fork_suo/empty-32-32/empty-32-32-random-5_a150_s1_r0,3559,0.025,"{""agents"": ""150"", ""comp_time"": ""25"", ""makespan"": ""53"", ""makespan_lb"": ""53"", ""map_file"": ""empty-32-32.map"", ""seed"": ""1"", ""soc"": ""3559"", ""soc_lb"": ""3053"", ""solved"": ""1"", ""solver"": ""planner"", ""sum_of_loss"": ""3294"", ""sum_of_loss_lb"": ""3053""}"
lg_lacam_fork:suo_tl,SUO + traffic load,empty-32-32,empty-32-32-random-5,150,1,30.0,solved,0.075546,0.043,3336,53,3219,3053,53,1.092696,0,,/home/carsten/Projects/MAPF/MAPF Evaluator/results/tlcpp-empty32/runs/lg_lacam_fork_suo_tl/empty-32-32/empty-32-32-random-5_a150_s1_r0,3336,0.043,"{""agents"": ""150"", ""comp_time"": ""43"", ""makespan"": ""53"", ""makespan_lb"": ""53"", ""map_file"": ""empty-32-32.map"", ""seed"": ""1"", ""soc"": ""3336"", ""soc_lb"": ""3053"", ""solved"": ""1"", ""solver"": ""planner"", ""sum_of_loss"": ""3229"", ""sum_of_loss_lb"": ""3053""}"
lg_lacam_fork:suo,LaCAM3 = SUO (first solution),empty-32-32,empty-32-32-random-5,150,2,30.0,solved,0.085874,0.026,3380,53,3264,3053,53,1.107108,0,,/home/carsten/Projects/MAPF/MAPF Evaluator/results/tlcpp-empty32/runs/lg_lacam_fork_suo/empty-32-32/empty-32-32-random-5_a150_s2_r0,3380,0.026,"{""agents"": ""150"", ""comp_time"": ""26"", ""makespan"": ""53"", ""makespan_lb"": ""53"", ""map_file"": ""empty-32-32.map"", ""seed"": ""2"", ""soc"": ""3380"", ""soc_lb"": ""3053"", ""solved"": ""1"", ""solver"": ""planner"", ""sum_of_loss"": ""3276"", ""sum_of_loss_lb"": ""3053""}"
lg_lacam_fork:suo_tl,SUO + traffic load,empty-32-32,empty-32-32-random-5,150,2,30.0,solved,0.129396,0.095,3300,53,3234,3053,53,1.080904,0,,/home/carsten/Projects/MAPF/MAPF Evaluator/results/tlcpp-empty32/runs/lg_lacam_fork_suo_tl/empty-32-32/empty-32-32-random-5_a150_s2_r0,3300,0.095,"{""agents"": ""150"", ""comp_time"": ""95"", ""makespan"": ""53"", ""makespan_lb"": ""53"", ""map_file"": ""empty-32-32.map"", ""seed"": ""2"", ""soc"": ""3300"", ""soc_lb"": ""3053"", ""solved"": ""1"", ""solver"": ""planner"", ""sum_of_loss"": ""3241"", ""sum_of_loss_lb"": ""3053""}"
lg_lacam_fork:suo_tl,SUO + traffic load,empty-32-32,empty-32-32-random-5,150,0,30.0,solved,0.212081,0.139,3373,53,3220,3053,53,1.104815,0,,/home/carsten/Projects/MAPF/MAPF Evaluator/results/tlcpp-empty32/runs/lg_lacam_fork_suo_tl/empty-32-32/empty-32-32-random-5_a150_s0_r0,3373,0.139,"{""agents"": ""150"", ""comp_time"": ""139"", ""makespan"": ""53"", ""makespan_lb"": ""53"", ""map_file"": ""empty-32-32.map"", ""seed"": ""0"", ""soc"": ""3373"", ""soc_lb"": ""3053"", ""solved"": ""1"", ""solver"": ""planner"", ""sum_of_loss"": ""3238"", ""sum_of_loss_lb"": ""3053""}"
lg_lacam_fork:lg,"LG-LaCAM (window 20, first solution)",empty-32-32,empty-32-32-random-5,150,0,30.0,solved,0.258203,0.064,3203,53,3130,3053,53,1.049132,0,,/home/carsten/Projects/MAPF/MAPF Evaluator/results/tlcpp-empty32/runs/lg_lacam_fork_lg/empty-32-32/empty-32-32-random-5_a150_s0_r0,3203,0.064,"{""agents"": ""150"", ""comp_time"": ""64"", ""makespan"": ""53"", ""makespan_lb"": ""53"", ""map_file"": ""empty-32-32.map"", ""seed"": ""0"", ""soc"": ""3203"", ""soc_lb"": ""3053"", ""solved"": ""1"", ""solver"": ""planner"", ""sum_of_loss"": ""3136"", ""sum_of_loss_lb"": ""3053""}"
lg_lacam_fork:lg,"LG-LaCAM (window 20, first solution)",empty-32-32,empty-32-32-random-5,150,2,30.0,solved,0.237873,0.06,3167,55,3135,3053,53,1.03734,0,,/home/carsten/Projects/MAPF/MAPF Evaluator/results/tlcpp-empty32/runs/lg_lacam_fork_lg/empty-32-32/empty-32-32-random-5_a150_s2_r0,3167,0.06,"{""agents"": ""150"", ""comp_time"": ""60"", ""makespan"": ""55"", ""makespan_lb"": ""53"", ""map_file"": ""empty-32-32.map"", ""seed"": ""2"", ""soc"": ""3167"", ""soc_lb"": ""3053"", ""solved"": ""1"", ""solver"": ""planner"", ""sum_of_loss"": ""3139"", ""sum_of_loss_lb"": ""3053""}"
lg_lacam_fork:lg_tl,LG-LaCAM (window 20) + traffic load,empty-32-32,empty-32-32-random-5,150,0,30.0,solved,0.220394,0.097,3148,53,3121,3053,53,1.031117,0,,/home/carsten/Projects/MAPF/MAPF Evaluator/results/tlcpp-empty32/runs/lg_lacam_fork_lg_tl/empty-32-32/empty-32-32-random-5_a150_s0_r0,3148,0.097,"{""agents"": ""150"", ""comp_time"": ""97"", ""makespan"": ""53"", ""makespan_lb"": ""53"", ""map_file"": ""empty-32-32.map"", ""seed"": ""0"", ""soc"": ""3148"", ""soc_lb"": ""3053"", ""solved"": ""1"", ""solver"": ""planner"", ""sum_of_loss"": ""3123"", ""sum_of_loss_lb"": ""3053""}"
lg_lacam_fork:lg,"LG-LaCAM (window 20, first solution)",empty-32-32,empty-32-32-random-5,150,1,30.0,solved,0.27596,0.136,3152,53,3126,3053,53,1.032427,0,,/home/carsten/Projects/MAPF/MAPF Evaluator/results/tlcpp-empty32/runs/lg_lacam_fork_lg/empty-32-32/empty-32-32-random-5_a150_s1_r0,3152,0.136,"{""agents"": ""150"", ""comp_time"": ""136"", ""makespan"": ""53"", ""makespan_lb"": ""53"", ""map_file"": ""empty-32-32.map"", ""seed"": ""1"", ""soc"": ""3152"", ""soc_lb"": ""3053"", ""solved"": ""1"", ""solver"": ""planner"", ""sum_of_loss"": ""3129"", ""sum_of_loss_lb"": ""3053""}"
lg_lacam_fork:lg_tl,LG-LaCAM (window 20) + traffic load,empty-32-32,empty-32-32-random-5,150,1,30.0,solved,0.255431,0.117,3140,55,3123,3053,53,1.028497,0,,/home/carsten/Projects/MAPF/MAPF Evaluator/results/tlcpp-empty32/runs/lg_lacam_fork_lg_tl/empty-32-32/empty-32-32-random-5_a150_s1_r0,3140,0.117,"{""agents"": ""150"", ""comp_time"": ""117"", ""makespan"": ""55"", ""makespan_lb"": ""53"", ""map_file"": ""empty-32-32.map"", ""seed"": ""1"", ""soc"": ""3140"", ""soc_lb"": ""3053"", ""solved"": ""1"", ""solver"": ""planner"", ""sum_of_loss"": ""3124"", ""sum_of_loss_lb"": ""3053""}"
lg_lacam_fork:lg_tl,LG-LaCAM (window 20) + traffic load,empty-32-32,empty-32-32-random-5,150,2,30.0,solved,0.469302,0.321,3156,55,3128,3053,53,1.033737,0,,/home/carsten/Projects/MAPF/MAPF Evaluator/results/tlcpp-empty32/runs/lg_lacam_fork_lg_tl/empty-32-32/empty-32-32-random-5_a150_s2_r0,3156,0.321,"{""agents"": ""150"", ""comp_time"": ""321"", ""makespan"": ""55"", ""makespan_lb"": ""53"", ""map_file"": ""empty-32-32.map"", ""seed"": ""2"", ""soc"": ""3156"", ""soc_lb"": ""3053"", ""solved"": ""1"", ""solver"": ""planner"", ""sum_of_loss"": ""3131"", ""sum_of_loss_lb"": ""3053""}"
lg_lacam_fork:lg_suo,LG-LaCAM (window 20) + SUO,empty-32-32,empty-32-32-random-5,150,1,30.0,solved,0.538009,0.45,3174,53,3135,3053,53,1.039633,0,,/home/carsten/Projects/MAPF/MAPF Evaluator/results/tlcpp-empty32/runs/lg_lacam_fork_lg_suo/empty-32-32/empty-32-32-random-5_a150_s1_r0,3174,0.45,"{""agents"": ""150"", ""comp_time"": ""450"", ""makespan"": ""53"", ""makespan_lb"": ""53"", ""map_file"": ""empty-32-32.map"", ""seed"": ""1"", ""soc"": ""3174"", ""soc_lb"": ""3053"", ""solved"": ""1"", ""solver"": ""planner"", ""sum_of_loss"": ""3138"", ""sum_of_loss_lb"": ""3053""}"
lg_lacam_fork:lg_suo,LG-LaCAM (window 20) + SUO,empty-32-32,empty-32-32-random-5,150,0,30.0,solved,0.133652,0.097,3151,53,3141,3053,53,1.0321,0,,/home/carsten/Projects/MAPF/MAPF Evaluator/results/tlcpp-empty32/runs/lg_lacam_fork_lg_suo/empty-32-32/empty-32-32-random-5_a150_s0_r0,3151,0.097,"{""agents"": ""150"", ""comp_time"": ""97"", ""makespan"": ""53"", ""makespan_lb"": ""53"", ""map_file"": ""empty-32-32.map"", ""seed"": ""0"", ""soc"": ""3151"", ""soc_lb"": ""3053"", ""solved"": ""1"", ""solver"": ""planner"", ""sum_of_loss"": ""3143"", ""sum_of_loss_lb"": ""3053""}"
lg_lacam_fork:lg_suo,LG-LaCAM (window 20) + SUO,empty-32-32,empty-32-32-random-5,150,2,30.0,solved,0.185748,0.068,3145,53,3124,3053,53,1.030134,0,,/home/carsten/Projects/MAPF/MAPF Evaluator/results/tlcpp-empty32/runs/lg_lacam_fork_lg_suo/empty-32-32/empty-32-32-random-5_a150_s2_r0,3145,0.068,"{""agents"": ""150"", ""comp_time"": ""68"", ""makespan"": ""53"", ""makespan_lb"": ""53"", ""map_file"": ""empty-32-32.map"", ""seed"": ""2"", ""soc"": ""3145"", ""soc_lb"": ""3053"", ""solved"": ""1"", ""solver"": ""planner"", ""sum_of_loss"": ""3126"", ""sum_of_loss_lb"": ""3053""}"
lg_lacam_fork:lg_suo_tl,LG-LaCAM (window 20) + SUO + traffic load,empty-32-32,empty-32-32-random-5,150,1,30.0,solved,0.13289,0.055,3174,53,3135,3053,53,1.039633,0,,/home/carsten/Projects/MAPF/MAPF Evaluator/results/tlcpp-empty32/runs/lg_lacam_fork_lg_suo_tl/empty-32-32/empty-32-32-random-5_a150_s1_r0,3174,0.055,"{""agents"": ""150"", ""comp_time"": ""55"", ""makespan"": ""53"", ""makespan_lb"": ""53"", ""map_file"": ""empty-32-32.map"", ""seed"": ""1"", ""soc"": ""3174"", ""soc_lb"": ""3053"", ""solved"": ""1"", ""solver"": ""planner"", ""sum_of_loss"": ""3138"", ""sum_of_loss_lb"": ""3053""}"
lg_lacam_fork:lg_suo_tl,LG-LaCAM (window 20) + SUO + traffic load,empty-32-32,empty-32-32-random-5,150,0,30.0,solved,0.383046,0.223,3153,53,3137,3053,53,1.032755,0,,/home/carsten/Projects/MAPF/MAPF Evaluator/results/tlcpp-empty32/runs/lg_lacam_fork_lg_suo_tl/empty-32-32/empty-32-32-random-5_a150_s0_r0,3153,0.223,"{""agents"": ""150"", ""comp_time"": ""223"", ""makespan"": ""53"", ""makespan_lb"": ""53"", ""map_file"": ""empty-32-32.map"", ""seed"": ""0"", ""soc"": ""3153"", ""soc_lb"": ""3053"", ""solved"": ""1"", ""solver"": ""planner"", ""sum_of_loss"": ""3139"", ""sum_of_loss_lb"": ""3053""}"
lg_lacam_fork:lg_suo_tl,LG-LaCAM (window 20) + SUO + traffic load,empty-32-32,empty-32-32-random-5,150,2,30.0,solved,0.493173,0.343,3144,53,3123,3053,53,1.029807,0,,/home/carsten/Projects/MAPF/MAPF Evaluator/results/tlcpp-empty32/runs/lg_lacam_fork_lg_suo_tl/empty-32-32/empty-32-32-random-5_a150_s2_r0,3144,0.343,"{""agents"": ""150"", ""comp_time"": ""343"", ""makespan"": ""53"", ""makespan_lb"": ""53"", ""map_file"": ""empty-32-32.map"", ""seed"": ""2"", ""soc"": ""3144"", ""soc_lb"": ""3053"", ""solved"": ""1"", ""solver"": ""planner"", ""sum_of_loss"": ""3125"", ""sum_of_loss_lb"": ""3053""}"
lg_lacam_fork:lacam,"LaCAM (no guidance, first solution)",empty-32-32,empty-32-32-random-5,200,0,30.0,solved,0.195991,0.037,6354,53,5175,4181,53,1.519732,0,,/home/carsten/Projects/MAPF/MAPF Evaluator/results/tlcpp-empty32/runs/lg_lacam_fork_lacam/empty-32-32/empty-32-32-random-5_a200_s0_r0,6354,0.037,"{""agents"": ""200"", ""comp_time"": ""37"", ""makespan"": ""53"", ""makespan_lb"": ""53"", ""map_file"": ""empty-32-32.map"", ""seed"": ""0"", ""soc"": ""6354"", ""soc_lb"": ""4181"", ""solved"": ""1"", ""solver"": ""planner"", ""sum_of_loss"": ""5402"", ""sum_of_loss_lb"": ""4181""}"
lg_lacam_fork:lacam,"LaCAM (no guidance, first solution)",empty-32-32,empty-32-32-random-5,200,1,30.0,solved,0.094056,0.014,6658,54,5251,4181,53,1.592442,0,,/home/carsten/Projects/MAPF/MAPF Evaluator/results/tlcpp-empty32/runs/lg_lacam_fork_lacam/empty-32-32/empty-32-32-random-5_a200_s1_r0,6658,0.014,"{""agents"": ""200"", ""comp_time"": ""14"", ""makespan"": ""54"", ""makespan_lb"": ""53"", ""map_file"": ""empty-32-32.map"", ""seed"": ""1"", ""soc"": ""6658"", ""soc_lb"": ""4181"", ""solved"": ""1"", ""solver"": ""planner"", ""sum_of_loss"": ""5498"", ""sum_of_loss_lb"": ""4181""}"
lg_lacam_fork:lacam,"LaCAM (no guidance, first solution)",empty-32-32,empty-32-32-random-5,200,2,30.0,solved,0.197623,0.054,6651,55,5263,4181,53,1.590768,0,,/home/carsten/Projects/MAPF/MAPF Evaluator/results/tlcpp-empty32/runs/lg_lacam_fork_lacam/empty-32-32/empty-32-32-random-5_a200_s2_r0,6651,0.054,"{""agents"": ""200"", ""comp_time"": ""54"", ""makespan"": ""55"", ""makespan_lb"": ""53"", ""map_file"": ""empty-32-32.map"", ""seed"": ""2"", ""soc"": ""6651"", ""soc_lb"": ""4181"", ""solved"": ""1"", ""solver"": ""planner"", ""sum_of_loss"": ""5508"", ""sum_of_loss_lb"": ""4181""}"
lg_lacam_fork:tl,"LaCAM + traffic load (tie-break, per config)",empty-32-32,empty-32-32-random-5,200,0,30.0,solved,0.340657,0.062,5967,53,4781,4181,53,1.427171,0,,/home/carsten/Projects/MAPF/MAPF Evaluator/results/tlcpp-empty32/runs/lg_lacam_fork_tl/empty-32-32/empty-32-32-random-5_a200_s0_r0,5967,0.062,"{""agents"": ""200"", ""comp_time"": ""62"", ""makespan"": ""53"", ""makespan_lb"": ""53"", ""map_file"": ""empty-32-32.map"", ""seed"": ""0"", ""soc"": ""5967"", ""soc_lb"": ""4181"", ""solved"": ""1"", ""solver"": ""planner"", ""sum_of_loss"": ""4976"", ""sum_of_loss_lb"": ""4181""}"
lg_lacam_fork:tl,"LaCAM + traffic load (tie-break, per config)",empty-32-32,empty-32-32-random-5,200,1,30.0,solved,0.240783,0.131,6007,53,4754,4181,53,1.436738,0,,/home/carsten/Projects/MAPF/MAPF Evaluator/results/tlcpp-empty32/runs/lg_lacam_fork_tl/empty-32-32/empty-32-32-random-5_a200_s1_r0,6007,0.131,"{""agents"": ""200"", ""comp_time"": ""131"", ""makespan"": ""53"", ""makespan_lb"": ""53"", ""map_file"": ""empty-32-32.map"", ""seed"": ""1"", ""soc"": ""6007"", ""soc_lb"": ""4181"", ""solved"": ""1"", ""solver"": ""planner"", ""sum_of_loss"": ""4944"", ""sum_of_loss_lb"": ""4181""}"
lg_lacam_fork:tl,"LaCAM + traffic load (tie-break, per config)",empty-32-32,empty-32-32-random-5,200,2,30.0,solved,0.111169,0.064,5984,53,4753,4181,53,1.431237,0,,/home/carsten/Projects/MAPF/MAPF Evaluator/results/tlcpp-empty32/runs/lg_lacam_fork_tl/empty-32-32/empty-32-32-random-5_a200_s2_r0,5984,0.064,"{""agents"": ""200"", ""comp_time"": ""64"", ""makespan"": ""53"", ""makespan_lb"": ""53"", ""map_file"": ""empty-32-32.map"", ""seed"": ""2"", ""soc"": ""5984"", ""soc_lb"": ""4181"", ""solved"": ""1"", ""solver"": ""planner"", ""sum_of_loss"": ""4944"", ""sum_of_loss_lb"": ""4181""}"
lg_lacam_fork:tl_agent,"LaCAM + traffic load (tie-break, per agent)",empty-32-32,empty-32-32-random-5,200,1,30.0,solved,0.075706,0.029,6082,53,4772,4181,53,1.454676,0,,/home/carsten/Projects/MAPF/MAPF Evaluator/results/tlcpp-empty32/runs/lg_lacam_fork_tl_agent/empty-32-32/empty-32-32-random-5_a200_s1_r0,6082,0.029,"{""agents"": ""200"", ""comp_time"": ""29"", ""makespan"": ""53"", ""makespan_lb"": ""53"", ""map_file"": ""empty-32-32.map"", ""seed"": ""1"", ""soc"": ""6082"", ""soc_lb"": ""4181"", ""solved"": ""1"", ""solver"": ""planner"", ""sum_of_loss"": ""4978"", ""sum_of_loss_lb"": ""4181""}"
lg_lacam_fork:tl_agent,"LaCAM + traffic load (tie-break, per agent)",empty-32-32,empty-32-32-random-5,200,0,30.0,solved,0.267028,0.178,6019,53,4723,4181,53,1.439608,0,,/home/carsten/Projects/MAPF/MAPF Evaluator/results/tlcpp-empty32/runs/lg_lacam_fork_tl_agent/empty-32-32/empty-32-32-random-5_a200_s0_r0,6019,0.178,"{""agents"": ""200"", ""comp_time"": ""178"", ""makespan"": ""53"", ""makespan_lb"": ""53"", ""map_file"": ""empty-32-32.map"", ""seed"": ""0"", ""soc"": ""6019"", ""soc_lb"": ""4181"", ""solved"": ""1"", ""solver"": ""planner"", ""sum_of_loss"": ""4926"", ""sum_of_loss_lb"": ""4181""}"
lg_lacam_fork:tl_agent,"LaCAM + traffic load (tie-break, per agent)",empty-32-32,empty-32-32-random-5,200,2,30.0,solved,0.203134,0.105,6020,53,4768,4181,53,1.439847,0,,/home/carsten/Projects/MAPF/MAPF Evaluator/results/tlcpp-empty32/runs/lg_lacam_fork_tl_agent/empty-32-32/empty-32-32-random-5_a200_s2_r0,6020,0.105,"{""agents"": ""200"", ""comp_time"": ""105"", ""makespan"": ""53"", ""makespan_lb"": ""53"", ""map_file"": ""empty-32-32.map"", ""seed"": ""2"", ""soc"": ""6020"", ""soc_lb"": ""4181"", ""solved"": ""1"", ""solver"": ""planner"", ""sum_of_loss"": ""4964"", ""sum_of_loss_lb"": ""4181""}"
lg_lacam_fork:tl_static,LaCAM + traffic load (static map from starts),empty-32-32,empty-32-32-random-5,200,0,30.0,solved,0.16255,0.068,6671,74,5517,4181,53,1.595551,0,,/home/carsten/Projects/MAPF/MAPF Evaluator/results/tlcpp-empty32/runs/lg_lacam_fork_tl_static/empty-32-32/empty-32-32-random-5_a200_s0_r0,6671,0.068,"{""agents"": ""200"", ""comp_time"": ""68"", ""makespan"": ""74"", ""makespan_lb"": ""53"", ""map_file"": ""empty-32-32.map"", ""seed"": ""0"", ""soc"": ""6671"", ""soc_lb"": ""4181"", ""solved"": ""1"", ""solver"": ""planner"", ""sum_of_loss"": ""5795"", ""sum_of_loss_lb"": ""4181""}"
lg_lacam_fork:tl_static,LaCAM + traffic load (static map from starts),empty-32-32,empty-32-32-random-5,200,1,30.0,solved,0.207192,0.038,6639,71,5507,4181,53,1.587898,0,,/home/carsten/Projects/MAPF/MAPF Evaluator/results/tlcpp-empty32/runs/lg_lacam_fork_tl_static/empty-32-32/empty-32-32-random-5_a200_s1_r0,6639,0.038,"{""agents"": ""200"", ""comp_time"": ""38"", ""makespan"": ""71"", ""makespan_lb"": ""53"", ""map_file"": ""empty-32-32.map"", ""seed"": ""1"", ""soc"": ""6639"", ""soc_lb"": ""4181"", ""solved"": ""1"", ""solver"": ""planner"", ""sum_of_loss"": ""5783"", ""sum_of_loss_lb"": ""4181""}"
lg_lacam_fork:tl_static,LaCAM + traffic load (static map from starts),empty-32-32,empty-32-32-random-5,200,2,30.0,solved,0.126533,0.048,6678,76,5520,4181,53,1.597226,0,,/home/carsten/Projects/MAPF/MAPF Evaluator/results/tlcpp-empty32/runs/lg_lacam_fork_tl_static/empty-32-32/empty-32-32-random-5_a200_s2_r0,6678,0.048,"{""agents"": ""200"", ""comp_time"": ""48"", ""makespan"": ""76"", ""makespan_lb"": ""53"", ""map_file"": ""empty-32-32.map"", ""seed"": ""2"", ""soc"": ""6678"", ""soc_lb"": ""4181"", ""solved"": ""1"", ""solver"": ""planner"", ""sum_of_loss"": ""5797"", ""sum_of_loss_lb"": ""4181""}"
lg_lacam_fork:suo,LaCAM3 = SUO (first solution),empty-32-32,empty-32-32-random-5,200,0,30.0,solved,0.389464,0.164,4558,53,4489,4181,53,1.09017,0,,/home/carsten/Projects/MAPF/MAPF Evaluator/results/tlcpp-empty32/runs/lg_lacam_fork_suo/empty-32-32/empty-32-32-random-5_a200_s0_r0,4558,0.164,"{""agents"": ""200"", ""comp_time"": ""164"", ""makespan"": ""53"", ""makespan_lb"": ""53"", ""map_file"": ""empty-32-32.map"", ""seed"": ""0"", ""soc"": ""4558"", ""soc_lb"": ""4181"", ""solved"": ""1"", ""solver"": ""planner"", ""sum_of_loss"": ""4502"", ""sum_of_loss_lb"": ""4181""}"
lg_lacam_fork:suo,LaCAM3 = SUO (first solution),empty-32-32,empty-32-32-random-5,200,1,30.0,solved,0.364528,0.062,5020,55,4622,4181,53,1.20067,0,,/home/carsten/Projects/MAPF/MAPF Evaluator/results/tlcpp-empty32/runs/lg_lacam_fork_suo/empty-32-32/empty-32-32-random-5_a200_s1_r0,5020,0.062,"{""agents"": ""200"", ""comp_time"": ""62"", ""makespan"": ""55"", ""makespan_lb"": ""53"", ""map_file"": ""empty-32-32.map"", ""seed"": ""1"", ""soc"": ""5020"", ""soc_lb"": ""4181"", ""solved"": ""1"", ""solver"": ""planner"", ""sum_of_loss"": ""4678"", ""sum_of_loss_lb"": ""4181""}"
lg_lacam_fork:suo,LaCAM3 = SUO (first solution),empty-32-32,empty-32-32-random-5,200,2,30.0,solved,0.202737,0.138,4928,53,4536,4181,53,1.178665,0,,/home/carsten/Projects/MAPF/MAPF Evaluator/results/tlcpp-empty32/runs/lg_lacam_fork_suo/empty-32-32/empty-32-32-random-5_a200_s2_r0,4928,0.138,"{""agents"": ""200"", ""comp_time"": ""138"", ""makespan"": ""53"", ""makespan_lb"": ""53"", ""map_file"": ""empty-32-32.map"", ""seed"": ""2"", ""soc"": ""4928"", ""soc_lb"": ""4181"", ""solved"": ""1"", ""solver"": ""planner"", ""sum_of_loss"": ""4580"", ""sum_of_loss_lb"": ""4181""}"
lg_lacam_fork:suo_tl,SUO + traffic load,empty-32-32,empty-32-32-random-5,200,0,30.0,solved,0.176678,0.072,4487,53,4468,4181,53,1.073188,0,,/home/carsten/Projects/MAPF/MAPF Evaluator/results/tlcpp-empty32/runs/lg_lacam_fork_suo_tl/empty-32-32/empty-32-32-random-5_a200_s0_r0,4487,0.072,"{""agents"": ""200"", ""comp_time"": ""72"", ""makespan"": ""53"", ""makespan_lb"": ""53"", ""map_file"": ""empty-32-32.map"", ""seed"": ""0"", ""soc"": ""4487"", ""soc_lb"": ""4181"", ""solved"": ""1"", ""solver"": ""planner"", ""sum_of_loss"": ""4474"", ""sum_of_loss_lb"": ""4181""}"
lg_lacam_fork:suo_tl,SUO + traffic load,empty-32-32,empty-32-32-random-5,200,1,30.0,solved,0.32858,0.221,4538,55,4501,4181,53,1.085386,0,,/home/carsten/Projects/MAPF/MAPF Evaluator/results/tlcpp-empty32/runs/lg_lacam_fork_suo_tl/empty-32-32/empty-32-32-random-5_a200_s1_r0,4538,0.221,"{""agents"": ""200"", ""comp_time"": ""221"", ""makespan"": ""55"", ""makespan_lb"": ""53"", ""map_file"": ""empty-32-32.map"", ""seed"": ""1"", ""soc"": ""4538"", ""soc_lb"": ""4181"", ""solved"": ""1"", ""solver"": ""planner"", ""sum_of_loss"": ""4511"", ""sum_of_loss_lb"": ""4181""}"
lg_lacam_fork:suo_tl,SUO + traffic load,empty-32-32,empty-32-32-random-5,200,2,30.0,solved,0.244444,0.112,4525,53,4470,4181,53,1.082277,0,,/home/carsten/Projects/MAPF/MAPF Evaluator/results/tlcpp-empty32/runs/lg_lacam_fork_suo_tl/empty-32-32/empty-32-32-random-5_a200_s2_r0,4525,0.112,"{""agents"": ""200"", ""comp_time"": ""112"", ""makespan"": ""53"", ""makespan_lb"": ""53"", ""map_file"": ""empty-32-32.map"", ""seed"": ""2"", ""soc"": ""4525"", ""soc_lb"": ""4181"", ""solved"": ""1"", ""solver"": ""planner"", ""sum_of_loss"": ""4478"", ""sum_of_loss_lb"": ""4181""}"
lg_lacam_fork:lg,"LG-LaCAM (window 20, first solution)",empty-32-32,empty-32-32-random-5,200,0,30.0,solved,0.114764,0.047,4389,53,4319,4181,53,1.049749,0,,/home/carsten/Projects/MAPF/MAPF Evaluator/results/tlcpp-empty32/runs/lg_lacam_fork_lg/empty-32-32/empty-32-32-random-5_a200_s0_r0,4389,0.047,"{""agents"": ""200"", ""comp_time"": ""47"", ""makespan"": ""53"", ""makespan_lb"": ""53"", ""map_file"": ""empty-32-32.map"", ""seed"": ""0"", ""soc"": ""4389"", ""soc_lb"": ""4181"", ""solved"": ""1"", ""solver"": ""planner"", ""sum_of_loss"": ""4331"", ""sum_of_loss_lb"": ""4181""}"
lg_lacam_fork:lg,"LG-LaCAM (window 20, first solution)",empty-32-32,empty-32-32-random-5,200,1,30.0,solved,0.253999,0.137,4434,53,4340,4181,53,1.060512,0,,/home/carsten/Projects/MAPF/MAPF Evaluator/results/tlcpp-empty32/runs/lg_lacam_fork_lg/empty-32-32/empty-32-32-random-5_a200_s1_r0,4434,0.137,"{""agents"": ""200"", ""comp_time"": ""137"", ""makespan"": ""53"", ""makespan_lb"": ""53"", ""map_file"": ""empty-32-32.map"", ""seed"": ""1"", ""soc"": ""4434"", ""soc_lb"": ""4181"", ""solved"": ""1"", ""solver"": ""planner"", ""sum_of_loss"": ""4353"", ""sum_of_loss_lb"": ""4181""}"
lg_lacam_fork:lg,"LG-LaCAM (window 20, first solution)",empty-32-32,empty-32-32-random-5,200,2,30.0,solved,0.386546,0.245,4429,55,4322,4181,53,1.059316,0,,/home/carsten/Projects/MAPF/MAPF Evaluator/results/tlcpp-empty32/runs/lg_lacam_fork_lg/empty-32-32/empty-32-32-random-5_a200_s2_r0,4429,0.245,"{""agents"": ""200"", ""comp_time"": ""245"", ""makespan"": ""55"", ""makespan_lb"": ""53"", ""map_file"": ""empty-32-32.map"", ""seed"": ""2"", ""soc"": ""4429"", ""soc_lb"": ""4181"", ""solved"": ""1"", ""solver"": ""planner"", ""sum_of_loss"": ""4340"", ""sum_of_loss_lb"": ""4181""}"
lg_lacam_fork:lg_tl,LG-LaCAM (window 20) + traffic load,empty-32-32,empty-32-32-random-5,200,0,30.0,solved,0.167567,0.109,4378,53,4310,4181,53,1.047118,0,,/home/carsten/Projects/MAPF/MAPF Evaluator/results/tlcpp-empty32/runs/lg_lacam_fork_lg_tl/empty-32-32/empty-32-32-random-5_a200_s0_r0,4378,0.109,"{""agents"": ""200"", ""comp_time"": ""109"", ""makespan"": ""53"", ""makespan_lb"": ""53"", ""map_file"": ""empty-32-32.map"", ""seed"": ""0"", ""soc"": ""4378"", ""soc_lb"": ""4181"", ""solved"": ""1"", ""solver"": ""planner"", ""sum_of_loss"": ""4319"", ""sum_of_loss_lb"": ""4181""}"
lg_lacam_fork:lg_tl,LG-LaCAM (window 20) + traffic load,empty-32-32,empty-32-32-random-5,200,1,30.0,solved,0.290442,0.163,4382,53,4323,4181,53,1.048075,0,,/home/carsten/Projects/MAPF/MAPF Evaluator/results/tlcpp-empty32/runs/lg_lacam_fork_lg_tl/empty-32-32/empty-32-32-random-5_a200_s1_r0,4382,0.163,"{""agents"": ""200"", ""comp_time"": ""163"", ""makespan"": ""53"", ""makespan_lb"": ""53"", ""map_file"": ""empty-32-32.map"", ""seed"": ""1"", ""soc"": ""4382"", ""soc_lb"": ""4181"", ""solved"": ""1"", ""solver"": ""planner"", ""sum_of_loss"": ""4329"", ""sum_of_loss_lb"": ""4181""}"
lg_lacam_fork:lg_suo,LG-LaCAM (window 20) + SUO,empty-32-32,empty-32-32-random-5,200,0,30.0,solved,0.333216,0.258,4428,53,4335,4181,53,1.059077,0,,/home/carsten/Projects/MAPF/MAPF Evaluator/results/tlcpp-empty32/runs/lg_lacam_fork_lg_suo/empty-32-32/empty-32-32-random-5_a200_s0_r0,4428,0.258,"{""agents"": ""200"", ""comp_time"": ""258"", ""makespan"": ""53"", ""makespan_lb"": ""53"", ""map_file"": ""empty-32-32.map"", ""seed"": ""0"", ""soc"": ""4428"", ""soc_lb"": ""4181"", ""solved"": ""1"", ""solver"": ""planner"", ""sum_of_loss"": ""4344"", ""sum_of_loss_lb"": ""4181""}"
lg_lacam_fork:lg_suo,LG-LaCAM (window 20) + SUO,empty-32-32,empty-32-32-random-5,200,1,30.0,solved,0.170605,0.106,4375,53,4333,4181,53,1.0464,0,,/home/carsten/Projects/MAPF/MAPF Evaluator/results/tlcpp-empty32/runs/lg_lacam_fork_lg_suo/empty-32-32/empty-32-32-random-5_a200_s1_r0,4375,0.106,"{""agents"": ""200"", ""comp_time"": ""106"", ""makespan"": ""53"", ""makespan_lb"": ""53"", ""map_file"": ""empty-32-32.map"", ""seed"": ""1"", ""soc"": ""4375"", ""soc_lb"": ""4181"", ""solved"": ""1"", ""solver"": ""planner"", ""sum_of_loss"": ""4342"", ""sum_of_loss_lb"": ""4181""}"
lg_lacam_fork:lg_tl,LG-LaCAM (window 20) + traffic load,empty-32-32,empty-32-32-random-5,200,2,30.0,solved,0.544614,0.42,4403,55,4311,4181,53,1.053097,0,,/home/carsten/Projects/MAPF/MAPF Evaluator/results/tlcpp-empty32/runs/lg_lacam_fork_lg_tl/empty-32-32/empty-32-32-random-5_a200_s2_r0,4403,0.42,"{""agents"": ""200"", ""comp_time"": ""420"", ""makespan"": ""55"", ""makespan_lb"": ""53"", ""map_file"": ""empty-32-32.map"", ""seed"": ""2"", ""soc"": ""4403"", ""soc_lb"": ""4181"", ""solved"": ""1"", ""solver"": ""planner"", ""sum_of_loss"": ""4320"", ""sum_of_loss_lb"": ""4181""}"
lg_lacam_fork:lg_suo,LG-LaCAM (window 20) + SUO,empty-32-32,empty-32-32-random-5,200,2,30.0,solved,0.170263,0.139,4466,53,4356,4181,53,1.068166,0,,/home/carsten/Projects/MAPF/MAPF Evaluator/results/tlcpp-empty32/runs/lg_lacam_fork_lg_suo/empty-32-32/empty-32-32-random-5_a200_s2_r0,4466,0.139,"{""agents"": ""200"", ""comp_time"": ""139"", ""makespan"": ""53"", ""makespan_lb"": ""53"", ""map_file"": ""empty-32-32.map"", ""seed"": ""2"", ""soc"": ""4466"", ""soc_lb"": ""4181"", ""solved"": ""1"", ""solver"": ""planner"", ""sum_of_loss"": ""4373"", ""sum_of_loss_lb"": ""4181""}"
lg_lacam_fork:lg_suo_tl,LG-LaCAM (window 20) + SUO + traffic load,empty-32-32,empty-32-32-random-5,200,0,30.0,solved,0.332112,0.205,4416,53,4329,4181,53,1.056207,0,,/home/carsten/Projects/MAPF/MAPF Evaluator/results/tlcpp-empty32/runs/lg_lacam_fork_lg_suo_tl/empty-32-32/empty-32-32-random-5_a200_s0_r0,4416,0.205,"{""agents"": ""200"", ""comp_time"": ""205"", ""makespan"": ""53"", ""makespan_lb"": ""53"", ""map_file"": ""empty-32-32.map"", ""seed"": ""0"", ""soc"": ""4416"", ""soc_lb"": ""4181"", ""solved"": ""1"", ""solver"": ""planner"", ""sum_of_loss"": ""4337"", ""sum_of_loss_lb"": ""4181""}"
lg_lacam_fork:lg_suo_tl,LG-LaCAM (window 20) + SUO + traffic load,empty-32-32,empty-32-32-random-5,200,2,30.0,solved,0.437565,0.281,4439,53,4353,4181,53,1.061708,0,,/home/carsten/Projects/MAPF/MAPF Evaluator/results/tlcpp-empty32/runs/lg_lacam_fork_lg_suo_tl/empty-32-32/empty-32-32-random-5_a200_s2_r0,4439,0.281,"{""agents"": ""200"", ""comp_time"": ""281"", ""makespan"": ""53"", ""makespan_lb"": ""53"", ""map_file"": ""empty-32-32.map"", ""seed"": ""2"", ""soc"": ""4439"", ""soc_lb"": ""4181"", ""solved"": ""1"", ""solver"": ""planner"", ""sum_of_loss"": ""4363"", ""sum_of_loss_lb"": ""4181""}"
lg_lacam_fork:lg_suo_tl,LG-LaCAM (window 20) + SUO + traffic load,empty-32-32,empty-32-32-random-5,200,1,30.0,solved,0.321484,0.253,4377,53,4339,4181,53,1.046879,0,,/home/carsten/Projects/MAPF/MAPF Evaluator/results/tlcpp-empty32/runs/lg_lacam_fork_lg_suo_tl/empty-32-32/empty-32-32-random-5_a200_s1_r0,4377,0.253,"{""agents"": ""200"", ""comp_time"": ""253"", ""makespan"": ""53"", ""makespan_lb"": ""53"", ""map_file"": ""empty-32-32.map"", ""seed"": ""1"", ""soc"": ""4377"", ""soc_lb"": ""4181"", ""solved"": ""1"", ""solver"": ""planner"", ""sum_of_loss"": ""4349"", ""sum_of_loss_lb"": ""4181""}"
