solver_id,solver_label,map,scen,agents,seed,timeout,status,wallclock_s,solver_time_s,soc,makespan,sum_of_loss,soc_lb,makespan_lb,soc_ratio,exit_code,error,run_dir,first_soc,first_time_s,solver_stats
lg_lacam_fork:lacam,"LaCAM (no guidance, first solution)",warehouse-10-20-10-2-1,warehouse-10-20-10-2-1-random-1,50,1,30.0,solved,0.086604,0.016,5563,174,4773,4104,174,1.355507,0,,/home/carsten/Projects/MAPF/MAPF Evaluator/results/tlcpp-warehouse-10-20-2-1/runs/lg_lacam_fork_lacam/warehouse-10-20-10-2-1/warehouse-10-20-10-2-1-random-1_a50_s1_r0,5563,0.016,"{""agents"": ""50"", ""comp_time"": ""16"", ""makespan"": ""174"", ""makespan_lb"": ""174"", ""map_file"": ""warehouse-10-20-10-2-1.map"", ""seed"": ""1"", ""soc"": ""5563"", ""soc_lb"": ""4104"", ""solved"": ""1"", ""solver"": ""planner"", ""sum_of_loss"": ""4797"", ""sum_of_loss_lb"": ""4104""}"
lg_lacam_fork:lacam,"LaCAM (no guidance, first solution)",warehouse-10-20-10-2-1,warehouse-10-20-10-2-1-random-1,50,2,30.0,solved,0.047499,0.025,5265,202,4520,4104,174,1.282895,0,,/home/carsten/Projects/MAPF/MAPF Evaluator/results/tlcpp-warehouse-10-20-2-1/runs/lg_lacam_fork_lacam/warehouse-10-20-10-2-1/warehouse-10-20-10-2-1-random-1_a50_s2_r0,5265,0.025,"{""agents"": ""50"", ""comp_time"": ""25"", ""makespan"": ""202"", ""makespan_lb"": ""174"", ""map_file"": ""warehouse-10-20-10-2-1.map"", ""seed"": ""2"", ""soc"": ""5265"", ""soc_lb"": ""4104"", ""solved"": ""1"", ""solver"": ""planner"", ""sum_of_loss"": ""4539"", ""sum_of_loss_lb"": ""4104""}"
lg_lacam_fork:lacam,"LaCAM (no guidance, first solution)",warehouse-10-20-10-2-1,warehouse-10-20-10-2-1-random-1,50,0,30.0,solved,0.054388,0.014,5229,192,4528,4104,174,1.274123,0,,/home/carsten/Projects/MAPF/MAPF Evaluator/results/tlcpp-warehouse-10-20-2-1/runs/lg_lacam_fork_lacam/warehouse-10-20-10-2-1/warehouse-10-20-10-2-1-random-1_a50_s0_r0,5229,0.014,"{""agents"": ""50"", ""comp_time"": ""14"", ""makespan"": ""192"", ""makespan_lb"": ""174"", ""map_file"": ""warehouse-10-20-10-2-1.map"", ""seed"": ""0"", ""soc"": ""5229"", ""soc_lb"": ""4104"", ""solved"": ""1"", ""solver"": ""planner"", ""sum_of_loss"": ""4546"", ""sum_of_loss_lb"": ""4104""}"
lg_lacam_fork:tl,"LaCAM + traffic load (tie-break, per config)",warehouse-10-20-10-2-1,warehouse-10-20-10-2-1-random-1,50,0,30.0,solved,0.181059,0.046,4900,174,4353,4104,174,1.193957,0,,/home/carsten/Projects/MAPF/MAPF Evaluator/results/tlcpp-warehouse-10-20-2-1/runs/lg_lacam_fork_tl/warehouse-10-20-10-2-1/warehouse-10-20-10-2-1-random-1_a50_s0_r0,4900,0.046,"{""agents"": ""50"", ""comp_time"": ""46"", ""makespan"": ""174"", ""makespan_lb"": ""174"", ""map_file"": ""warehouse-10-20-10-2-1.map"", ""seed"": ""0"", ""soc"": ""4900"", ""soc_lb"": ""4104"", ""solved"": ""1"", ""solver"": ""planner"", ""sum_of_loss"": ""4373"", ""sum_of_loss_lb"": ""4104""}"
lg_lacam_fork:tl,"LaCAM + traffic load (tie-break, per config)",warehouse-10-20-10-2-1,warehouse-10-20-10-2-1-random-1,50,1,30.0,solved,0.10719,0.056,5017,174,4404,4104,174,1.222466,0,,/home/carsten/Projects/MAPF/MAPF Evaluator/results/tlcpp-warehouse-10-20-2-1/runs/lg_lacam_fork_tl/warehouse-10-20-10-2-1/warehouse-10-20-10-2-1-random-1_a50_s1_r0,5017,0.056,"{""agents"": ""50"", ""comp_time"": ""56"", ""makespan"": ""174"", ""makespan_lb"": ""174"", ""map_file"": ""warehouse-10-20-10-2-1.map"", ""seed"": ""1"", ""soc"": ""5017"", ""soc_lb"": ""4104"", ""solved"": ""1"", ""solver"": ""planner"", ""sum_of_loss"": ""4427"", ""sum_of_loss_lb"": ""4104""}"
lg_lacam_fork:tl_agent,"LaCAM + traffic load (tie-break, per agent)",warehouse-10-20-10-2-1,warehouse-10-20-10-2-1-random-1,50,1,30.0,solved,0.100845,0.04,5195,174,4428,4104,174,1.265838,0,,/home/carsten/Projects/MAPF/MAPF Evaluator/results/tlcpp-warehouse-10-20-2-1/runs/lg_lacam_fork_tl_agent/warehouse-10-20-10-2-1/warehouse-10-20-10-2-1-random-1_a50_s1_r0,5195,0.04,"{""agents"": ""50"", ""comp_time"": ""40"", ""makespan"": ""174"", ""makespan_lb"": ""174"", ""map_file"": ""warehouse-10-20-10-2-1.map"", ""seed"": ""1"", ""soc"": ""5195"", ""soc_lb"": ""4104"", ""solved"": ""1"", ""solver"": ""planner"", ""sum_of_loss"": ""4453"", ""sum_of_loss_lb"": ""4104""}"
lg_lacam_fork:tl,"LaCAM + traffic load (tie-break, per config)",warehouse-10-20-10-2-1,warehouse-10-20-10-2-1-random-1,50,2,30.0,solved,0.187644,0.108,4937,177,4300,4104,174,1.202973,0,,/home/carsten/Projects/MAPF/MAPF Evaluator/results/tlcpp-warehouse-10-20-2-1/runs/lg_lacam_fork_tl/warehouse-10-20-10-2-1/warehouse-10-20-10-2-1-random-1_a50_s2_r0,4937,0.108,"{""agents"": ""50"", ""comp_time"": ""108"", ""makespan"": ""177"", ""makespan_lb"": ""174"", ""map_file"": ""warehouse-10-20-10-2-1.map"", ""seed"": ""2"", ""soc"": ""4937"", ""soc_lb"": ""4104"", ""solved"": ""1"", ""solver"": ""planner"", ""sum_of_loss"": ""4319"", ""sum_of_loss_lb"": ""4104""}"
lg_lacam_fork:tl_agent,"LaCAM + traffic load (tie-break, per agent)",warehouse-10-20-10-2-1,warehouse-10-20-10-2-1-random-1,50,0,30.0,solved,0.076158,0.046,4903,174,4257,4104,174,1.194688,0,,/home/carsten/Projects/MAPF/MAPF Evaluator/results/tlcpp-warehouse-10-20-2-1/runs/lg_lacam_fork_tl_agent/warehouse-10-20-10-2-1/warehouse-10-20-10-2-1-random-1_a50_s0_r0,4903,0.046,"{""agents"": ""50"", ""comp_time"": ""46"", ""makespan"": ""174"", ""makespan_lb"": ""174"", ""map_file"": ""warehouse-10-20-10-2-1.map"", ""seed"": ""0"", ""soc"": ""4903"", ""soc_lb"": ""4104"", ""solved"": ""1"", ""solver"": ""planner"", ""sum_of_loss"": ""4275"", ""sum_of_loss_lb"": ""4104""}"
lg_lacam_fork:tl_agent,"LaCAM + traffic load (tie-break, per agent)",warehouse-10-20-10-2-1,warehouse-10-20-10-2-1-random-1,50,2,30.0,solved,0.103933,0.041,5091,174,4409,4104,174,1.240497,0,,/home/carsten/Projects/MAPF/MAPF Evaluator/results/tlcpp-warehouse-10-20-2-1/runs/lg_lacam_fork_tl_agent/warehouse-10-20-10-2-1/warehouse-10-20-10-2-1-random-1_a50_s2_r0,5091,0.041,"{""agents"": ""50"", ""comp_time"": ""41"", ""makespan"": ""174"", ""makespan_lb"": ""174"", ""map_file"": ""warehouse-10-20-10-2-1.map"", ""seed"": ""2"", ""soc"": ""5091"", ""soc_lb"": ""4104"", ""solved"": ""1"", ""solver"": ""planner"", ""sum_of_loss"": ""4431"", ""sum_of_loss_lb"": ""4104""}"
lg_lacam_fork:tl_static,LaCAM + traffic load (static map from starts),warehouse-10-20-10-2-1,warehouse-10-20-10-2-1-random-1,50,0,30.0,solved,0.059805,0.037,5592,174,4781,4104,174,1.362573,0,,/home/carsten/Projects/MAPF/MAPF Evaluator/results/tlcpp-warehouse-10-20-2-1/runs/lg_lacam_fork_tl_static/warehouse-10-20-10-2-1/warehouse-10-20-10-2-1-random-1_a50_s0_r0,5592,0.037,"{""agents"": ""50"", ""comp_time"": ""37"", ""makespan"": ""174"", ""makespan_lb"": ""174"", ""map_file"": ""warehouse-10-20-10-2-1.map"", ""seed"": ""0"", ""soc"": ""5592"", ""soc_lb"": ""4104"", ""solved"": ""1"", ""solver"": ""planner"", ""sum_of_loss"": ""4808"", ""sum_of_loss_lb"": ""4104""}"
lg_lacam_fork:tl_static,LaCAM + traffic load (static map from starts),warehouse-10-20-10-2-1,warehouse-10-20-10-2-1-random-1,50,2,30.0,solved,0.043742,0.022,5464,179,4712,4104,174,1.331384,0,,/home/carsten/Projects/MAPF/MAPF Evaluator/results/tlcpp-warehouse-10-20-2-1/runs/lg_lacam_fork_tl_static/warehouse-10-20-10-2-1/warehouse-10-20-10-2-1-random-1_a50_s2_r0,5464,0.022,"{""agents"": ""50"", ""comp_time"": ""22"", ""makespan"": ""179"", ""makespan_lb"": ""174"", ""map_file"": ""warehouse-10-20-10-2-1.map"", ""seed"": ""2"", ""soc"": ""5464"", ""soc_lb"": ""4104"", ""solved"": ""1"", ""solver"": ""planner"", ""sum_of_loss"": ""4731"", ""sum_of_loss_lb"": ""4104""}"
lg_lacam_fork:tl_static,LaCAM + traffic load (static map from starts),warehouse-10-20-10-2-1,warehouse-10-20-10-2-1-random-1,50,1,30.0,solved,0.1203,0.039,5293,174,4554,4104,174,1.289717,0,,/home/carsten/Projects/MAPF/MAPF Evaluator/results/tlcpp-warehouse-10-20-2-1/runs/lg_lacam_fork_tl_static/warehouse-10-20-10-2-1/warehouse-10-20-10-2-1-random-1_a50_s1_r0,5293,0.039,"{""agents"": ""50"", ""comp_time"": ""39"", ""makespan"": ""174"", ""makespan_lb"": ""174"", ""map_file"": ""warehouse-10-20-10-2-1.map"", ""seed"": ""1"", ""soc"": ""5293"", ""soc_lb"": ""4104"", ""solved"": ""1"", ""solver"": ""planner"", ""sum_of_loss"": ""4575"", ""sum_of_loss_lb"": ""4104""}"
lg_lacam_fork:suo,LaCAM3 = SUO (first solution),warehouse-10-20-10-2-1,warehouse-10-20-10-2-1-random-1,50,1,30.0,solved,0.081903,0.04,4121,174,4121,4104,174,1.004142,0,,/home/carsten/Projects/MAPF/MAPF Evaluator/results/tlcpp-warehouse-10-20-2-1/runs/lg_lacam_fork_suo/warehouse-10-20-10-2-1/warehouse-10-20-10-2-1-random-1_a50_s1_r0,4121,0.04,"{""agents"": ""50"", ""comp_time"": ""40"", ""makespan"": ""174"", ""makespan_lb"": ""174"", ""map_file"": ""warehouse-10-20-10-2-1.map"", ""seed"": ""1"", ""soc"": ""4121"", ""soc_lb"": ""4104"", ""solved"": ""1"", ""solver"": ""planner"", ""sum_of_loss"": ""4121"", ""sum_of_loss_lb"": ""4104""}"
lg_lacam_fork:suo,LaCAM3 = SUO (first solution),warehouse-10-20-10-2-1,warehouse-10-20-10-2-1-random-1,50,0,30.0,solved,0.08997,0.049,4124,174,4124,4104,174,1.004873,0,,/home/carsten/Projects/MAPF/MAPF Evaluator/results/tlcpp-warehouse-10-20-2-1/runs/lg_lacam_fork_suo/warehouse-10-20-10-2-1/warehouse-10-20-10-2-1-random-1_a50_s0_r0,4124,0.049,"{""agents"": ""50"", ""comp_time"": ""49"", ""makespan"": ""174"", ""makespan_lb"": ""174"", ""map_file"": ""warehouse-10-20-10-2-1.map"", ""seed"": ""0"", ""soc"": ""4124"", ""soc_lb"": ""4104"", ""solved"": ""1"", ""solver"": ""planner"", ""sum_of_loss"": ""4124"", ""sum_of_loss_lb"": ""4104""}"
lg_lacam_fork:suo,LaCAM3 = SUO (first solution),warehouse-10-20-10-2-1,warehouse-10-20-10-2-1-random-1,50,2,30.0,solved,0.075499,0.048,4116,174,4116,4104,174,1.002924,0,,/home/carsten/Projects/MAPF/MAPF Evaluator/results/tlcpp-warehouse-10-20-2-1/runs/lg_lacam_fork_suo/warehouse-10-20-10-2-1/warehouse-10-20-10-2-1-random-1_a50_s2_r0,4116,0.048,"{""agents"": ""50"", ""comp_time"": ""48"", ""makespan"": ""174"", ""makespan_lb"": ""174"", ""map_file"": ""warehouse-10-20-10-2-1.map"", ""seed"": ""2"", ""soc"": ""4116"", ""soc_lb"": ""4104"", ""solved"": ""1"", ""solver"": ""planner"", ""sum_of_loss"": ""4116"", ""sum_of_loss_lb"": ""4104""}"
lg_lacam_fork:suo_tl,SUO + traffic load,warehouse-10-20-10-2-1,warehouse-10-20-10-2-1-random-1,50,0,30.0,solved,0.171212,0.037,4124,174,4124,4104,174,1.004873,0,,/home/carsten/Projects/MAPF/MAPF Evaluator/results/tlcpp-warehouse-10-20-2-1/runs/lg_lacam_fork_suo_tl/warehouse-10-20-10-2-1/warehouse-10-20-10-2-1-random-1_a50_s0_r0,4124,0.037,"{""agents"": ""50"", ""comp_time"": ""37"", ""makespan"": ""174"", ""makespan_lb"": ""174"", ""map_file"": ""warehouse-10-20-10-2-1.map"", ""seed"": ""0"", ""soc"": ""4124"", ""soc_lb"": ""4104"", ""solved"": ""1"", ""solver"": ""planner"", ""sum_of_loss"": ""4124"", ""sum_of_loss_lb"": ""4104""}"
lg_lacam_fork:suo_tl,SUO + traffic load,warehouse-10-20-10-2-1,warehouse-10-20-10-2-1-random-1,50,1,30.0,solved,0.102046,0.052,4121,174,4121,4104,174,1.004142,0,,/home/carsten/Projects/MAPF/MAPF Evaluator/results/tlcpp-warehouse-10-20-2-1/runs/lg_lacam_fork_suo_tl/warehouse-10-20-10-2-1/warehouse-10-20-10-2-1-random-1_a50_s1_r0,4121,0.052,"{""agents"": ""50"", ""comp_time"": ""52"", ""makespan"": ""174"", ""makespan_lb"": ""174"", ""map_file"": ""warehouse-10-20-10-2-1.map"", ""seed"": ""1"", ""soc"": ""4121"", ""soc_lb"": ""4104"", ""solved"": ""1"", ""solver"": ""planner"", ""sum_of_loss"": ""4121"", ""sum_of_loss_lb"": ""4104""}"
lg_lacam_fork:suo_tl,SUO + traffic load,warehouse-10-20-10-2-1,warehouse-10-20-10-2-1-random-1,50,2,30.0,solved,0.152818,0.072,4116,174,4116,4104,174,1.002924,0,,/home/carsten/Projects/MAPF/MAPF Evaluator/results/tlcpp-warehouse-10-20-2-1/runs/lg_lacam_fork_suo_tl/warehouse-10-20-10-2-1/warehouse-10-20-10-2-1-random-1_a50_s2_r0,4116,0.072,"{""agents"": ""50"", ""comp_time"": ""72"", ""makespan"": ""174"", ""makespan_lb"": ""174"", ""map_file"": ""warehouse-10-20-10-2-1.map"", ""seed"": ""2"", ""soc"": ""4116"", ""soc_lb"": ""4104"", ""solved"": ""1"", ""solver"": ""planner"", ""sum_of_loss"": ""4116"", ""sum_of_loss_lb"": ""4104""}"
lg_lacam_fork:lg,"LG-LaCAM (window 20, first solution)",warehouse-10-20-10-2-1,warehouse-10-20-10-2-1-random-1,50,0,30.0,solved,0.167182,0.105,4673,174,4242,4104,174,1.138645,0,,/home/carsten/Projects/MAPF/MAPF Evaluator/results/tlcpp-warehouse-10-20-2-1/runs/lg_lacam_fork_lg/warehouse-10-20-10-2-1/warehouse-10-20-10-2-1-random-1_a50_s0_r0,4673,0.105,"{""agents"": ""50"", ""comp_time"": ""105"", ""makespan"": ""174"", ""makespan_lb"": ""174"", ""map_file"": ""warehouse-10-20-10-2-1.map"", ""seed"": ""0"", ""soc"": ""4673"", ""soc_lb"": ""4104"", ""solved"": ""1"", ""solver"": ""planner"", ""sum_of_loss"": ""4250"", ""sum_of_loss_lb"": ""4104""}"
lg_lacam_fork:lg,"LG-LaCAM (window 20, first solution)",warehouse-10-20-10-2-1,warehouse-10-20-10-2-1-random-1,50,1,30.0,solved,0.08738,0.052,4749,174,4224,4104,174,1.157164,0,,/home/carsten/Projects/MAPF/MAPF Evaluator/results/tlcpp-warehouse-10-20-2-1/runs/lg_lacam_fork_lg/warehouse-10-20-10-2-1/warehouse-10-20-10-2-1-random-1_a50_s1_r0,4749,0.052,"{""agents"": ""50"", ""comp_time"": ""52"", ""makespan"": ""174"", ""makespan_lb"": ""174"", ""map_file"": ""warehouse-10-20-10-2-1.map"", ""seed"": ""1"", ""soc"": ""4749"", ""soc_lb"": ""4104"", ""solved"": ""1"", ""solver"": ""planner"", ""sum_of_loss"": ""4234"", ""sum_of_loss_lb"": ""4104""}"
lg_lacam_fork:lg,"LG-LaCAM (window 20, first solution)",warehouse-10-20-10-2-1,warehouse-10-20-10-2-1-random-1,50,2,30.0,solved,0.134763,0.071,4683,176,4237,4104,174,1.141082,0,,/home/carsten/Projects/MAPF/MAPF Evaluator/results/tlcpp-warehouse-10-20-2-1/runs/lg_lacam_fork_lg/warehouse-10-20-10-2-1/warehouse-10-20-10-2-1-random-1_a50_s2_r0,4683,0.071,"{""agents"": ""50"", ""comp_time"": ""71"", ""makespan"": ""176"", ""makespan_lb"": ""174"", ""map_file"": ""warehouse-10-20-10-2-1.map"", ""seed"": ""2"", ""soc"": ""4683"", ""soc_lb"": ""4104"", ""solved"": ""1"", ""solver"": ""planner"", ""sum_of_loss"": ""4246"", ""sum_of_loss_lb"": ""4104""}"
lg_lacam_fork:lg_tl,LG-LaCAM (window 20) + traffic load,warehouse-10-20-10-2-1,warehouse-10-20-10-2-1-random-1,50,2,30.0,solved,0.226495,0.115,4683,176,4237,4104,174,1.141082,0,,/home/carsten/Projects/MAPF/MAPF Evaluator/results/tlcpp-warehouse-10-20-2-1/runs/lg_lacam_fork_lg_tl/warehouse-10-20-10-2-1/warehouse-10-20-10-2-1-random-1_a50_s2_r0,4683,0.115,"{""agents"": ""50"", ""comp_time"": ""115"", ""makespan"": ""176"", ""makespan_lb"": ""174"", ""map_file"": ""warehouse-10-20-10-2-1.map"", ""seed"": ""2"", ""soc"": ""4683"", ""soc_lb"": ""4104"", ""solved"": ""1"", ""solver"": ""planner"", ""sum_of_loss"": ""4246"", ""sum_of_loss_lb"": ""4104""}"
lg_lacam_fork:lg_tl,LG-LaCAM (window 20) + traffic load,warehouse-10-20-10-2-1,warehouse-10-20-10-2-1-random-1,50,0,30.0,solved,0.198743,0.101,4722,174,4215,4104,174,1.150585,0,,/home/carsten/Projects/MAPF/MAPF Evaluator/results/tlcpp-warehouse-10-20-2-1/runs/lg_lacam_fork_lg_tl/warehouse-10-20-10-2-1/warehouse-10-20-10-2-1-random-1_a50_s0_r0,4722,0.101,"{""agents"": ""50"", ""comp_time"": ""101"", ""makespan"": ""174"", ""makespan_lb"": ""174"", ""map_file"": ""warehouse-10-20-10-2-1.map"", ""seed"": ""0"", ""soc"": ""4722"", ""soc_lb"": ""4104"", ""solved"": ""1"", ""solver"": ""planner"", ""sum_of_loss"": ""4224"", ""sum_of_loss_lb"": ""4104""}"
lg_lacam_fork:lg_tl,LG-LaCAM (window 20) + traffic load,warehouse-10-20-10-2-1,warehouse-10-20-10-2-1-random-1,50,1,30.0,solved,0.235298,0.126,4749,174,4224,4104,174,1.157164,0,,/home/carsten/Projects/MAPF/MAPF Evaluator/results/tlcpp-warehouse-10-20-2-1/runs/lg_lacam_fork_lg_tl/warehouse-10-20-10-2-1/warehouse-10-20-10-2-1-random-1_a50_s1_r0,4749,0.126,"{""agents"": ""50"", ""comp_time"": ""126"", ""makespan"": ""174"", ""makespan_lb"": ""174"", ""map_file"": ""warehouse-10-20-10-2-1.map"", ""seed"": ""1"", ""soc"": ""4749"", ""soc_lb"": ""4104"", ""solved"": ""1"", ""solver"": ""planner"", ""sum_of_loss"": ""4234"", ""sum_of_loss_lb"": ""4104""}"
lg_lacam_fork:lg_suo,LG-LaCAM (window 20) + SUO,warehouse-10-20-10-2-1,warehouse-10-20-10-2-1-random-1,50,0,30.0,solved,0.106931,0.068,4302,174,4140,4104,174,1.048246,0,,/home/carsten/Projects/MAPF/MAPF Evaluator/results/tlcpp-warehouse-10-20-2-1/runs/lg_lacam_fork_lg_suo/warehouse-10-20-10-2-1/warehouse-10-20-10-2-1-random-1_a50_s0_r0,4302,0.068,"{""agents"": ""50"", ""comp_time"": ""68"", ""makespan"": ""174"", ""makespan_lb"": ""174"", ""map_file"": ""warehouse-10-20-10-2-1.map"", ""seed"": ""0"", ""soc"": ""4302"", ""soc_lb"": ""4104"", ""solved"": ""1"", ""solver"": ""planner"", ""sum_of_loss"": ""4145"", ""sum_of_loss_lb"": ""4104""}"
lg_lacam_fork:lg_suo,LG-LaCAM (window 20) + SUO,warehouse-10-20-10-2-1,warehouse-10-20-10-2-1-random-1,50,2,30.0,solved,0.099991,0.068,4301,174,4139,4104,174,1.048002,0,,/home/carsten/Projects/MAPF/MAPF Evaluator/results/tlcpp-warehouse-10-20-2-1/runs/lg_lacam_fork_lg_suo/warehouse-10-20-10-2-1/warehouse-10-20-10-2-1-random-1_a50_s2_r0,4301,0.068,"{""agents"": ""50"", ""comp_time"": ""68"", ""makespan"": ""174"", ""makespan_lb"": ""174"", ""map_file"": ""warehouse-10-20-10-2-1.map"", ""seed"": ""2"", ""soc"": ""4301"", ""soc_lb"": ""4104"", ""solved"": ""1"", ""solver"": ""planner"", ""sum_of_loss"": ""4144"", ""sum_of_loss_lb"": ""4104""}"
lg_lacam_fork:lg_suo_tl,LG-LaCAM (window 20) + SUO + traffic load,warehouse-10-20-10-2-1,warehouse-10-20-10-2-1-random-1,50,1,30.0,solved,0.161894,0.089,4302,174,4140,4104,174,1.048246,0,,/home/carsten/Projects/MAPF/MAPF Evaluator/results/tlcpp-warehouse-10-20-2-1/runs/lg_lacam_fork_lg_suo_tl/warehouse-10-20-10-2-1/warehouse-10-20-10-2-1-random-1_a50_s1_r0,4302,0.089,"{""agents"": ""50"", ""comp_time"": ""89"", ""makespan"": ""174"", ""makespan_lb"": ""174"", ""map_file"": ""warehouse-10-20-10-2-1.map"", ""seed"": ""1"", ""soc"": ""4302"", ""soc_lb"": ""4104"", ""solved"": ""1"", ""solver"": ""planner"", ""sum_of_loss"": ""4145"", ""sum_of_loss_lb"": ""4104""}"
lg_lacam_fork:lg_suo_tl,LG-LaCAM (window 20) + SUO + traffic load,warehouse-10-20-10-2-1,warehouse-10-20-10-2-1-random-1,50,0,30.0,solved,0.148577,0.085,4302,174,4140,4104,174,1.048246,0,,/home/carsten/Projects/MAPF/MAPF Evaluator/results/tlcpp-warehouse-10-20-2-1/runs/lg_lacam_fork_lg_suo_tl/warehouse-10-20-10-2-1/warehouse-10-20-10-2-1-random-1_a50_s0_r0,4302,0.085,"{""agents"": ""50"", ""comp_time"": ""85"", ""makespan"": ""174"", ""makespan_lb"": ""174"", ""map_file"": ""warehouse-10-20-10-2-1.map"", ""seed"": ""0"", ""soc"": ""4302"", ""soc_lb"": ""4104"", ""solved"": ""1"", ""solver"": ""planner"", ""sum_of_loss"": ""4145"", ""sum_of_loss_lb"": ""4104""}"
lg_lacam_fork:lg_suo,LG-LaCAM (window 20) + SUO,warehouse-10-20-10-2-1,warehouse-10-20-10-2-1-random-1,50,1,30.0,solved,0.229902,0.164,4302,174,4140,4104,174,1.048246,0,,/home/carsten/Projects/MAPF/MAPF Evaluator/results/tlcpp-warehouse-10-20-2-1/runs/lg_lacam_fork_lg_suo/warehouse-10-20-10-2-1/warehouse-10-20-10-2-1-random-1_a50_s1_r0,4302,0.164,"{""agents"": ""50"", ""comp_time"": ""164"", ""makespan"": ""174"", ""makespan_lb"": ""174"", ""map_file"": ""warehouse-10-20-10-2-1.map"", ""seed"": ""1"", ""soc"": ""4302"", ""soc_lb"": ""4104"", ""solved"": ""1"", ""solver"": ""planner"", ""sum_of_loss"": ""4145"", ""sum_of_loss_lb"": ""4104""}"
lg_lacam_fork:lg_suo_tl,LG-LaCAM (window 20) + SUO + traffic load,warehouse-10-20-10-2-1,warehouse-10-20-10-2-1-random-1,50,2,30.0,solved,0.161572,0.114,4301,174,4139,4104,174,1.048002,0,,/home/carsten/Projects/MAPF/MAPF Evaluator/results/tlcpp-warehouse-10-20-2-1/runs/lg_lacam_fork_lg_suo_tl/warehouse-10-20-10-2-1/warehouse-10-20-10-2-1-random-1_a50_s2_r0,4301,0.114,"{""agents"": ""50"", ""comp_time"": ""114"", ""makespan"": ""174"", ""makespan_lb"": ""174"", ""map_file"": ""warehouse-10-20-10-2-1.map"", ""seed"": ""2"", ""soc"": ""4301"", ""soc_lb"": ""4104"", ""solved"": ""1"", ""solver"": ""planner"", ""sum_of_loss"": ""4144"", ""sum_of_loss_lb"": ""4104""}"
lg_lacam_fork:lacam,"LaCAM (no guidance, first solution)",warehouse-10-20-10-2-1,warehouse-10-20-10-2-1-random-1,100,1,30.0,solved,0.205593,0.041,11721,213,10658,8991,198,1.303637,0,,/home/carsten/Projects/MAPF/MAPF Evaluator/results/tlcpp-warehouse-10-20-2-1/runs/lg_lacam_fork_lacam/warehouse-10-20-10-2-1/warehouse-10-20-10-2-1-random-1_a100_s1_r0,11721,0.041,"{""agents"": ""100"", ""comp_time"": ""41"", ""makespan"": ""213"", ""makespan_lb"": ""198"", ""map_file"": ""warehouse-10-20-10-2-1.map"", ""seed"": ""1"", ""soc"": ""11721"", ""soc_lb"": ""8991"", ""solved"": ""1"", ""solver"": ""planner"", ""sum_of_loss"": ""10700"", ""sum_of_loss_lb"": ""8991""}"
lg_lacam_fork:lacam,"LaCAM (no guidance, first solution)",warehouse-10-20-10-2-1,warehouse-10-20-10-2-1-random-1,100,0,30.0,solved,0.11676,0.032,11870,295,10654,8991,198,1.320209,0,,/home/carsten/Projects/MAPF/MAPF Evaluator/results/tlcpp-warehouse-10-20-2-1/runs/lg_lacam_fork_lacam/warehouse-10-20-10-2-1/warehouse-10-20-10-2-1-random-1_a100_s0_r0,11870,0.032,"{""agents"": ""100"", ""comp_time"": ""32"", ""makespan"": ""295"", ""makespan_lb"": ""198"", ""map_file"": ""warehouse-10-20-10-2-1.map"", ""seed"": ""0"", ""soc"": ""11870"", ""soc_lb"": ""8991"", ""solved"": ""1"", ""solver"": ""planner"", ""sum_of_loss"": ""10703"", ""sum_of_loss_lb"": ""8991""}"
lg_lacam_fork:lacam,"LaCAM (no guidance, first solution)",warehouse-10-20-10-2-1,warehouse-10-20-10-2-1-random-1,100,2,30.0,solved,0.284983,0.057,12313,219,10778,8991,198,1.369481,0,,/home/carsten/Projects/MAPF/MAPF Evaluator/results/tlcpp-warehouse-10-20-2-1/runs/lg_lacam_fork_lacam/warehouse-10-20-10-2-1/warehouse-10-20-10-2-1-random-1_a100_s2_r0,12313,0.057,"{""agents"": ""100"", ""comp_time"": ""57"", ""makespan"": ""219"", ""makespan_lb"": ""198"", ""map_file"": ""warehouse-10-20-10-2-1.map"", ""seed"": ""2"", ""soc"": ""12313"", ""soc_lb"": ""8991"", ""solved"": ""1"", ""solver"": ""planner"", ""sum_of_loss"": ""10840"", ""sum_of_loss_lb"": ""8991""}"
lg_lacam_fork:tl,"LaCAM + traffic load (tie-break, per config)",warehouse-10-20-10-2-1,warehouse-10-20-10-2-1-random-1,100,0,30.0,solved,0.22601,0.099,10740,198,9614,8991,198,1.194528,0,,/home/carsten/Projects/MAPF/MAPF Evaluator/results/tlcpp-warehouse-10-20-2-1/runs/lg_lacam_fork_tl/warehouse-10-20-10-2-1/warehouse-10-20-10-2-1-random-1_a100_s0_r0,10740,0.099,"{""agents"": ""100"", ""comp_time"": ""99"", ""makespan"": ""198"", ""makespan_lb"": ""198"", ""map_file"": ""warehouse-10-20-10-2-1.map"", ""seed"": ""0"", ""soc"": ""10740"", ""soc_lb"": ""8991"", ""solved"": ""1"", ""solver"": ""planner"", ""sum_of_loss"": ""9654"", ""sum_of_loss_lb"": ""8991""}"
lg_lacam_fork:tl,"LaCAM + traffic load (tie-break, per config)",warehouse-10-20-10-2-1,warehouse-10-20-10-2-1-random-1,100,1,30.0,solved,0.300607,0.115,11082,198,9811,8991,198,1.232566,0,,/home/carsten/Projects/MAPF/MAPF Evaluator/results/tlcpp-warehouse-10-20-2-1/runs/lg_lacam_fork_tl/warehouse-10-20-10-2-1/warehouse-10-20-10-2-1-random-1_a100_s1_r0,11082,0.115,"{""agents"": ""100"", ""comp_time"": ""115"", ""makespan"": ""198"", ""makespan_lb"": ""198"", ""map_file"": ""warehouse-10-20-10-2-1.map"", ""seed"": ""1"", ""soc"": ""11082"", ""soc_lb"": ""8991"", ""solved"": ""1"", ""solver"": ""planner"", ""sum_of_loss"": ""9857"", ""sum_of_loss_lb"": ""8991""}"
lg_lacam_fork:tl_agent,"LaCAM + traffic load (tie-break, per agent)",warehouse-10-20-10-2-1,warehouse-10-20-10-2-1-random-1,100,0,30.0,solved,0.184429,0.12,11177,198,9844,8991,198,1.243132,0,,/home/carsten/Projects/MAPF/MAPF Evaluator/results/tlcpp-warehouse-10-20-2-1/runs/lg_lacam_fork_tl_agent/warehouse-10-20-10-2-1/warehouse-10-20-10-2-1-random-1_a100_s0_r0,11177,0.12,"{""agents"": ""100"", ""comp_time"": ""120"", ""makespan"": ""198"", ""makespan_lb"": ""198"", ""map_file"": ""warehouse-10-20-10-2-1.map"", ""seed"": ""0"", ""soc"": ""11177"", ""soc_lb"": ""8991"", ""solved"": ""1"", ""solver"": ""planner"", ""sum_of_loss"": ""9894"", ""sum_of_loss_lb"": ""8991""}"
lg_lacam_fork:tl,"LaCAM + traffic load (tie-break, per config)",warehouse-10-20-10-2-1,warehouse-10-20-10-2-1-random-1,100,2,30.0,solved,0.242177,0.193,11039,198,9835,8991,198,1.227783,0,,/home/carsten/Projects/MAPF/MAPF Evaluator/results/tlcpp-warehouse-10-20-2-1/runs/lg_lacam_fork_tl/warehouse-10-20-10-2-1/warehouse-10-20-10-2-1-random-1_a100_s2_r0,11039,0.193,"{""agents"": ""100"", ""comp_time"": ""193"", ""makespan"": ""198"", ""makespan_lb"": ""198"", ""map_file"": ""warehouse-10-20-10-2-1.map"", ""seed"": ""2"", ""soc"": ""11039"", ""soc_lb"": ""8991"", ""solved"": ""1"", ""solver"": ""planner"", ""sum_of_loss"": ""9884"", ""sum_of_loss_lb"": ""8991""}"
lg_lacam_fork:tl_agent,"LaCAM + traffic load (tie-break, per agent)",warehouse-10-20-10-2-1,warehouse-10-20-10-2-1-random-1,100,1,30.0,solved,0.198333,0.082,11014,198,9703,8991,198,1.225003,0,,/home/carsten/Projects/MAPF/MAPF Evaluator/results/tlcpp-warehouse-10-20-2-1/runs/lg_lacam_fork_tl_agent/warehouse-10-20-10-2-1/warehouse-10-20-10-2-1-random-1_a100_s1_r0,11014,0.082,"{""agents"": ""100"", ""comp_time"": ""82"", ""makespan"": ""198"", ""makespan_lb"": ""198"", ""map_file"": ""warehouse-10-20-10-2-1.map"", ""seed"": ""1"", ""soc"": ""11014"", ""soc_lb"": ""8991"", ""solved"": ""1"", ""solver"": ""planner"", ""sum_of_loss"": ""9750"", ""sum_of_loss_lb"": ""8991""}"
lg_lacam_fork:tl_static,LaCAM + traffic load (static map from starts),warehouse-10-20-10-2-1,warehouse-10-20-10-2-1-random-1,100,0,30.0,solved,0.124116,0.046,11737,213,10569,8991,198,1.305417,0,,/home/carsten/Projects/MAPF/MAPF Evaluator/results/tlcpp-warehouse-10-20-2-1/runs/lg_lacam_fork_tl_static/warehouse-10-20-10-2-1/warehouse-10-20-10-2-1-random-1_a100_s0_r0,11737,0.046,"{""agents"": ""100"", ""comp_time"": ""46"", ""makespan"": ""213"", ""makespan_lb"": ""198"", ""map_file"": ""warehouse-10-20-10-2-1.map"", ""seed"": ""0"", ""soc"": ""11737"", ""soc_lb"": ""8991"", ""solved"": ""1"", ""solver"": ""planner"", ""sum_of_loss"": ""10619"", ""sum_of_loss_lb"": ""8991""}"
lg_lacam_fork:tl_static,LaCAM + traffic load (static map from starts),warehouse-10-20-10-2-1,warehouse-10-20-10-2-1-random-1,100,1,30.0,solved,0.18851,0.12,11468,198,10300,8991,198,1.275498,0,,/home/carsten/Projects/MAPF/MAPF Evaluator/results/tlcpp-warehouse-10-20-2-1/runs/lg_lacam_fork_tl_static/warehouse-10-20-10-2-1/warehouse-10-20-10-2-1-random-1_a100_s1_r0,11468,0.12,"{""agents"": ""100"", ""comp_time"": ""120"", ""makespan"": ""198"", ""makespan_lb"": ""198"", ""map_file"": ""warehouse-10-20-10-2-1.map"", ""seed"": ""1"", ""soc"": ""11468"", ""soc_lb"": ""8991"", ""solved"": ""1"", ""solver"": ""planner"", ""sum_of_loss"": ""10349"", ""sum_of_loss_lb"": ""8991""}"
lg_lacam_fork:tl_agent,"LaCAM + traffic load (tie-break, per agent)",warehouse-10-20-10-2-1,warehouse-10-20-10-2-1-random-1,100,2,30.0,solved,0.207169,0.109,10901,198,9735,8991,198,1.212435,0,,/home/carsten/Projects/MAPF/MAPF Evaluator/results/tlcpp-warehouse-10-20-2-1/runs/lg_lacam_fork_tl_agent/warehouse-10-20-10-2-1/warehouse-10-20-10-2-1-random-1_a100_s2_r0,10901,0.109,"{""agents"": ""100"", ""comp_time"": ""109"", ""makespan"": ""198"", ""makespan_lb"": ""198"", ""map_file"": ""warehouse-10-20-10-2-1.map"", ""seed"": ""2"", ""soc"": ""10901"", ""soc_lb"": ""8991"", ""solved"": ""1"", ""solver"": ""planner"", ""sum_of_loss"": ""9780"", ""sum_of_loss_lb"": ""8991""}"
lg_lacam_fork:tl_static,LaCAM + traffic load (static map from starts),warehouse-10-20-10-2-1,warehouse-10-20-10-2-1-random-1,100,2,30.0,solved,0.145165,0.073,12115,198,10738,8991,198,1.347459,0,,/home/carsten/Projects/MAPF/MAPF Evaluator/results/tlcpp-warehouse-10-20-2-1/runs/lg_lacam_fork_tl_static/warehouse-10-20-10-2-1/warehouse-10-20-10-2-1-random-1_a100_s2_r0,12115,0.073,"{""agents"": ""100"", ""comp_time"": ""73"", ""makespan"": ""198"", ""makespan_lb"": ""198"", ""map_file"": ""warehouse-10-20-10-2-1.map"", ""seed"": ""2"", ""soc"": ""12115"", ""soc_lb"": ""8991"", ""solved"": ""1"", ""solver"": ""planner"", ""sum_of_loss"": ""10793"", ""sum_of_loss_lb"": ""8991""}"
lg_lacam_fork:suo,LaCAM3 = SUO (first solution),warehouse-10-20-10-2-1,warehouse-10-20-10-2-1-random-1,100,0,30.0,solved,0.190917,0.105,9051,198,9051,8991,198,1.006673,0,,/home/carsten/Projects/MAPF/MAPF Evaluator/results/tlcpp-warehouse-10-20-2-1/runs/lg_lacam_fork_suo/warehouse-10-20-10-2-1/warehouse-10-20-10-2-1-random-1_a100_s0_r0,9051,0.105,"{""agents"": ""100"", ""comp_time"": ""105"", ""makespan"": ""198"", ""makespan_lb"": ""198"", ""map_file"": ""warehouse-10-20-10-2-1.map"", ""seed"": ""0"", ""soc"": ""9051"", ""soc_lb"": ""8991"", ""solved"": ""1"", ""solver"": ""planner"", ""sum_of_loss"": ""9051"", ""sum_of_loss_lb"": ""8991""}"
lg_lacam_fork:suo,LaCAM3 = SUO (first solution),warehouse-10-20-10-2-1,warehouse-10-20-10-2-1-random-1,100,2,30.0,solved,0.224874,0.134,9087,198,9077,8991,198,1.010677,0,,/home/carsten/Projects/MAPF/MAPF Evaluator/results/tlcpp-warehouse-10-20-2-1/runs/lg_lacam_fork_suo/warehouse-10-20-10-2-1/warehouse-10-20-10-2-1-random-1_a100_s2_r0,9087,0.134,"{""agents"": ""100"", ""comp_time"": ""134"", ""makespan"": ""198"", ""makespan_lb"": ""198"", ""map_file"": ""warehouse-10-20-10-2-1.map"", ""seed"": ""2"", ""soc"": ""9087"", ""soc_lb"": ""8991"", ""solved"": ""1"", ""solver"": ""planner"", ""sum_of_loss"": ""9078"", ""sum_of_loss_lb"": ""8991""}"
lg_lacam_fork:suo,LaCAM3 = SUO (first solution),warehouse-10-20-10-2-1,warehouse-10-20-10-2-1-random-1,100,1,30.0,solved,0.177672,0.092,9066,198,9066,8991,198,1.008342,0,,/home/carsten/Projects/MAPF/MAPF Evaluator/results/tlcpp-warehouse-10-20-2-1/runs/lg_lacam_fork_suo/warehouse-10-20-10-2-1/warehouse-10-20-10-2-1-random-1_a100_s1_r0,9066,0.092,"{""agents"": ""100"", ""comp_time"": ""92"", ""makespan"": ""198"", ""makespan_lb"": ""198"", ""map_file"": ""warehouse-10-20-10-2-1.map"", ""seed"": ""1"", ""soc"": ""9066"", ""soc_lb"": ""8991"", ""solved"": ""1"", ""solver"": ""planner"", ""sum_of_loss"": ""9066"", ""sum_of_loss_lb"": ""8991""}"
lg_lacam_fork:suo_tl,SUO + traffic load,warehouse-10-20-10-2-1,warehouse-10-20-10-2-1-random-1,100,0,30.0,solved,0.183807,0.104,9051,198,9051,8991,198,1.006673,0,,/home/carsten/Projects/MAPF/MAPF Evaluator/results/tlcpp-warehouse-10-20-2-1/runs/lg_lacam_fork_suo_tl/warehouse-10-20-10-2-1/warehouse-10-20-10-2-1-random-1_a100_s0_r0,9051,0.104,"{""agents"": ""100"", ""comp_time"": ""104"", ""makespan"": ""198"", ""makespan_lb"": ""198"", ""map_file"": ""warehouse-10-20-10-2-1.map"", ""seed"": ""0"", ""soc"": ""9051"", ""soc_lb"": ""8991"", ""solved"": ""1"", ""solver"": ""planner"", ""sum_of_loss"": ""9051"", ""sum_of_loss_lb"": ""8991""}"
lg_lacam_fork:lg,"LG-LaCAM (window 20, first solution)",warehouse-10-20-10-2-1,warehouse-10-20-10-2-1-random-1,100,0,30.0,solved,0.264065,0.197,10136,198,9331,8991,198,1.12735,0,,/home/carsten/Projects/MAPF/MAPF Evaluator/results/tlcpp-warehouse-10-20-2-1/runs/lg_lacam_fork_lg/warehouse-10-20-10-2-1/warehouse-10-20-10-2-1-random-1_a100_s0_r0,10136,0.197,"{""agents"": ""100"", ""comp_time"": ""197"", ""makespan"": ""198"", ""makespan_lb"": ""198"", ""map_file"": ""warehouse-10-20-10-2-1.map"", ""seed"": ""0"", ""soc"": ""10136"", ""soc_lb"": ""8991"", ""solved"": ""1"", ""solver"": ""planner"", ""sum_of_loss"": ""9353"", ""sum_of_loss_lb"": ""8991""}"
lg_lacam_fork:suo_tl,SUO + traffic load,warehouse-10-20-10-2-1,warehouse-10-20-10-2-1-random-1,100,2,30.0,solved,0.211924,0.134,9053,198,9053,8991,198,1.006896,0,,/home/carsten/Projects/MAPF/MAPF Evaluator/results/tlcpp-warehouse-10-20-2-1/runs/lg_lacam_fork_suo_tl/warehouse-10-20-10-2-1/warehouse-10-20-10-2-1-random-1_a100_s2_r0,9053,0.134,"{""agents"": ""100"", ""comp_time"": ""134"", ""makespan"": ""198"", ""makespan_lb"": ""198"", ""map_file"": ""warehouse-10-20-10-2-1.map"", ""seed"": ""2"", ""soc"": ""9053"", ""soc_lb"": ""8991"", ""solved"": ""1"", ""solver"": ""planner"", ""sum_of_loss"": ""9053"", ""sum_of_loss_lb"": ""8991""}"
lg_lacam_fork:suo_tl,SUO + traffic load,warehouse-10-20-10-2-1,warehouse-10-20-10-2-1-random-1,100,1,30.0,solved,0.525025,0.383,9067,198,9067,8991,198,1.008453,0,,/home/carsten/Projects/MAPF/MAPF Evaluator/results/tlcpp-warehouse-10-20-2-1/runs/lg_lacam_fork_suo_tl/warehouse-10-20-10-2-1/warehouse-10-20-10-2-1-random-1_a100_s1_r0,9067,0.383,"{""agents"": ""100"", ""comp_time"": ""383"", ""makespan"": ""198"", ""makespan_lb"": ""198"", ""map_file"": ""warehouse-10-20-10-2-1.map"", ""seed"": ""1"", ""soc"": ""9067"", ""soc_lb"": ""8991"", ""solved"": ""1"", ""solver"": ""planner"", ""sum_of_loss"": ""9067"", ""sum_of_loss_lb"": ""8991""}"
lg_lacam_fork:lg,"LG-LaCAM (window 20, first solution)",warehouse-10-20-10-2-1,warehouse-10-20-10-2-1-random-1,100,1,30.0,solved,0.19864,0.081,10147,198,9392,8991,198,1.128573,0,,/home/carsten/Projects/MAPF/MAPF Evaluator/results/tlcpp-warehouse-10-20-2-1/runs/lg_lacam_fork_lg/warehouse-10-20-10-2-1/warehouse-10-20-10-2-1-random-1_a100_s1_r0,10147,0.081,"{""agents"": ""100"", ""comp_time"": ""81"", ""makespan"": ""198"", ""makespan_lb"": ""198"", ""map_file"": ""warehouse-10-20-10-2-1.map"", ""seed"": ""1"", ""soc"": ""10147"", ""soc_lb"": ""8991"", ""solved"": ""1"", ""solver"": ""planner"", ""sum_of_loss"": ""9415"", ""sum_of_loss_lb"": ""8991""}"
lg_lacam_fork:lg,"LG-LaCAM (window 20, first solution)",warehouse-10-20-10-2-1,warehouse-10-20-10-2-1-random-1,100,2,30.0,solved,0.11889,0.061,10257,198,9365,8991,198,1.140807,0,,/home/carsten/Projects/MAPF/MAPF Evaluator/results/tlcpp-warehouse-10-20-2-1/runs/lg_lacam_fork_lg/warehouse-10-20-10-2-1/warehouse-10-20-10-2-1-random-1_a100_s2_r0,10257,0.061,"{""agents"": ""100"", ""comp_time"": ""61"", ""makespan"": ""198"", ""makespan_lb"": ""198"", ""map_file"": ""warehouse-10-20-10-2-1.map"", ""seed"": ""2"", ""soc"": ""10257"", ""soc_lb"": ""8991"", ""solved"": ""1"", ""solver"": ""planner"", ""sum_of_loss"": ""9392"", ""sum_of_loss_lb"": ""8991""}"
lg_lacam_fork:lg_tl,LG-LaCAM (window 20) + traffic load,warehouse-10-20-10-2-1,warehouse-10-20-10-2-1-random-1,100,1,30.0,solved,0.170745,0.1,10083,198,9336,8991,198,1.121455,0,,/home/carsten/Projects/MAPF/MAPF Evaluator/results/tlcpp-warehouse-10-20-2-1/runs/lg_lacam_fork_lg_tl/warehouse-10-20-10-2-1/warehouse-10-20-10-2-1-random-1_a100_s1_r0,10083,0.1,"{""agents"": ""100"", ""comp_time"": ""100"", ""makespan"": ""198"", ""makespan_lb"": ""198"", ""map_file"": ""warehouse-10-20-10-2-1.map"", ""seed"": ""1"", ""soc"": ""10083"", ""soc_lb"": ""8991"", ""solved"": ""1"", ""solver"": ""planner"", ""sum_of_loss"": ""9358"", ""sum_of_loss_lb"": ""8991""}"
lg_lacam_fork:lg_tl,LG-LaCAM (window 20) + traffic load,warehouse-10-20-10-2-1,warehouse-10-20-10-2-1-random-1,100,0,30.0,solved,0.263874,0.11,10148,198,9337,8991,198,1.128684,0,,/home/carsten/Projects/MAPF/MAPF Evaluator/results/tlcpp-warehouse-10-20-2-1/runs/lg_lacam_fork_lg_tl/warehouse-10-20-10-2-1/warehouse-10-20-10-2-1-random-1_a100_s0_r0,10148,0.11,"{""agents"": ""100"", ""comp_time"": ""110"", ""makespan"": ""198"", ""makespan_lb"": ""198"", ""map_file"": ""warehouse-10-20-10-2-1.map"", ""seed"": ""0"", ""soc"": ""10148"", ""soc_lb"": ""8991"", ""solved"": ""1"", ""solver"": ""planner"", ""sum_of_loss"": ""9360"", ""sum_of_loss_lb"": ""8991""}"
lg_lacam_fork:lg_tl,LG-LaCAM (window 20) + traffic load,warehouse-10-20-10-2-1,warehouse-10-20-10-2-1-random-1,100,2,30.0,solved,0.485086,0.061,10127,198,9288,8991,198,1.126349,0,,/home/carsten/Projects/MAPF/MAPF Evaluator/results/tlcpp-warehouse-10-20-2-1/runs/lg_lacam_fork_lg_tl/warehouse-10-20-10-2-1/warehouse-10-20-10-2-1-random-1_a100_s2_r0,10127,0.061,"{""agents"": ""100"", ""comp_time"": ""61"", ""makespan"": ""198"", ""makespan_lb"": ""198"", ""map_file"": ""warehouse-10-20-10-2-1.map"", ""seed"": ""2"", ""soc"": ""10127"", ""soc_lb"": ""8991"", ""solved"": ""1"", ""solver"": ""planner"", ""sum_of_loss"": ""9312"", ""sum_of_loss_lb"": ""8991""}"
lg_lacam_fork:lg_suo,LG-LaCAM (window 20) + SUO,warehouse-10-20-10-2-1,warehouse-10-20-10-2-1-random-1,100,0,30.0,solved,0.212028,0.1,9411,198,9091,8991,198,1.046713,0,,/home/carsten/Projects/MAPF/MAPF Evaluator/results/tlcpp-warehouse-10-20-2-1/runs/lg_lacam_fork_lg_suo/warehouse-10-20-10-2-1/warehouse-10-20-10-2-1-random-1_a100_s0_r0,9411,0.1,"{""agents"": ""100"", ""comp_time"": ""100"", ""makespan"": ""198"", ""makespan_lb"": ""198"", ""map_file"": ""warehouse-10-20-10-2-1.map"", ""seed"": ""0"", ""soc"": ""9411"", ""soc_lb"": ""8991"", ""solved"": ""1"", ""solver"": ""planner"", ""sum_of_loss"": ""9100"", ""sum_of_loss_lb"": ""8991""}"
lg_lacam_fork:lg_suo,LG-LaCAM (window 20) + SUO,warehouse-10-20-10-2-1,warehouse-10-20-10-2-1-random-1,100,1,30.0,solved,0.158685,0.076,9344,198,9052,8991,198,1.039261,0,,/home/carsten/Projects/MAPF/MAPF Evaluator/results/tlcpp-warehouse-10-20-2-1/runs/lg_lacam_fork_lg_suo/warehouse-10-20-10-2-1/warehouse-10-20-10-2-1-random-1_a100_s1_r0,9344,0.076,"{""agents"": ""100"", ""comp_time"": ""76"", ""makespan"": ""198"", ""makespan_lb"": ""198"", ""map_file"": ""warehouse-10-20-10-2-1.map"", ""seed"": ""1"", ""soc"": ""9344"", ""soc_lb"": ""8991"", ""solved"": ""1"", ""solver"": ""planner"", ""sum_of_loss"": ""9059"", ""sum_of_loss_lb"": ""8991""}"
lg_lacam_fork:lg_suo,LG-LaCAM (window 20) + SUO,warehouse-10-20-10-2-1,warehouse-10-20-10-2-1-random-1,100,2,30.0,solved,0.215726,0.099,9434,198,9105,8991,198,1.049271,0,,/home/carsten/Projects/MAPF/MAPF Evaluator/results/tlcpp-warehouse-10-20-2-1/runs/lg_lacam_fork_lg_suo/warehouse-10-20-10-2-1/warehouse-10-20-10-2-1-random-1_a100_s2_r0,9434,0.099,"{""agents"": ""100"", ""comp_time"": ""99"", ""makespan"": ""198"", ""makespan_lb"": ""198"", ""map_file"": ""warehouse-10-20-10-2-1.map"", ""seed"": ""2"", ""soc"": ""9434"", ""soc_lb"": ""8991"", ""solved"": ""1"", ""solver"": ""planner"", ""sum_of_loss"": ""9113"", ""sum_of_loss_lb"": ""8991""}"
lg_lacam_fork:lg_suo_tl,LG-LaCAM (window 20) + SUO + traffic load,warehouse-10-20-10-2-1,warehouse-10-20-10-2-1-random-1,100,0,30.0,solved,0.566373,0.426,9411,198,9091,8991,198,1.046713,0,,/home/carsten/Projects/MAPF/MAPF Evaluator/results/tlcpp-warehouse-10-20-2-1/runs/lg_lacam_fork_lg_suo_tl/warehouse-10-20-10-2-1/warehouse-10-20-10-2-1-random-1_a100_s0_r0,9411,0.426,"{""agents"": ""100"", ""comp_time"": ""426"", ""makespan"": ""198"", ""makespan_lb"": ""198"", ""map_file"": ""warehouse-10-20-10-2-1.map"", ""seed"": ""0"", ""soc"": ""9411"", ""soc_lb"": ""8991"", ""solved"": ""1"", ""solver"": ""planner"", ""sum_of_loss"": ""9100"", ""sum_of_loss_lb"": ""8991""}"
lg_lacam_fork:lg_suo_tl,LG-LaCAM (window 20) + SUO + traffic load,warehouse-10-20-10-2-1,warehouse-10-20-10-2-1-random-1,100,2,30.0,solved,0.324494,0.138,9432,198,9103,8991,198,1.049049,0,,/home/carsten/Projects/MAPF/MAPF Evaluator/results/tlcpp-warehouse-10-20-2-1/runs/lg_lacam_fork_lg_suo_tl/warehouse-10-20-10-2-1/warehouse-10-20-10-2-1-random-1_a100_s2_r0,9432,0.138,"{""agents"": ""100"", ""comp_time"": ""138"", ""makespan"": ""198"", ""makespan_lb"": ""198"", ""map_file"": ""warehouse-10-20-10-2-1.map"", ""seed"": ""2"", ""soc"": ""9432"", ""soc_lb"": ""8991"", ""solved"": ""1"", ""solver"": ""planner"", ""sum_of_loss"": ""9111"", ""sum_of_loss_lb"": ""8991""}"
lg_lacam_fork:lg_suo_tl,LG-LaCAM (window 20) + SUO + traffic load,warehouse-10-20-10-2-1,warehouse-10-20-10-2-1-random-1,100,1,30.0,solved,0.845099,0.656,9344,198,9052,8991,198,1.039261,0,,/home/carsten/Projects/MAPF/MAPF Evaluator/results/tlcpp-warehouse-10-20-2-1/runs/lg_lacam_fork_lg_suo_tl/warehouse-10-20-10-2-1/warehouse-10-20-10-2-1-random-1_a100_s1_r0,9344,0.656,"{""agents"": ""100"", ""comp_time"": ""656"", ""makespan"": ""198"", ""makespan_lb"": ""198"", ""map_file"": ""warehouse-10-20-10-2-1.map"", ""seed"": ""1"", ""soc"": ""9344"", ""soc_lb"": ""8991"", ""solved"": ""1"", ""solver"": ""planner"", ""sum_of_loss"": ""9059"", ""sum_of_loss_lb"": ""8991""}"
lg_lacam_fork:lacam,"LaCAM (no guidance, first solution)",warehouse-10-20-10-2-1,warehouse-10-20-10-2-1-random-1,150,0,30.0,solved,0.222699,0.071,18083,198,15835,12569,198,1.438698,0,,/home/carsten/Projects/MAPF/MAPF Evaluator/results/tlcpp-warehouse-10-20-2-1/runs/lg_lacam_fork_lacam/warehouse-10-20-10-2-1/warehouse-10-20-10-2-1-random-1_a150_s0_r0,18083,0.071,"{""agents"": ""150"", ""comp_time"": ""71"", ""makespan"": ""198"", ""makespan_lb"": ""198"", ""map_file"": ""warehouse-10-20-10-2-1.map"", ""seed"": ""0"", ""soc"": ""18083"", ""soc_lb"": ""12569"", ""solved"": ""1"", ""solver"": ""planner"", ""sum_of_loss"": ""15947"", ""sum_of_loss_lb"": ""12569""}"
lg_lacam_fork:lacam,"LaCAM (no guidance, first solution)",warehouse-10-20-10-2-1,warehouse-10-20-10-2-1-random-1,150,1,30.0,solved,0.228195,0.06,17919,211,15705,12569,198,1.42565,0,,/home/carsten/Projects/MAPF/MAPF Evaluator/results/tlcpp-warehouse-10-20-2-1/runs/lg_lacam_fork_lacam/warehouse-10-20-10-2-1/warehouse-10-20-10-2-1-random-1_a150_s1_r0,17919,0.06,"{""agents"": ""150"", ""comp_time"": ""60"", ""makespan"": ""211"", ""makespan_lb"": ""198"", ""map_file"": ""warehouse-10-20-10-2-1.map"", ""seed"": ""1"", ""soc"": ""17919"", ""soc_lb"": ""12569"", ""solved"": ""1"", ""solver"": ""planner"", ""sum_of_loss"": ""15806"", ""sum_of_loss_lb"": ""12569""}"
lg_lacam_fork:lacam,"LaCAM (no guidance, first solution)",warehouse-10-20-10-2-1,warehouse-10-20-10-2-1-random-1,150,2,30.0,solved,0.314747,0.131,18603,250,16288,12569,198,1.48007,0,,/home/carsten/Projects/MAPF/MAPF Evaluator/results/tlcpp-warehouse-10-20-2-1/runs/lg_lacam_fork_lacam/warehouse-10-20-10-2-1/warehouse-10-20-10-2-1-random-1_a150_s2_r0,18603,0.131,"{""agents"": ""150"", ""comp_time"": ""131"", ""makespan"": ""250"", ""makespan_lb"": ""198"", ""map_file"": ""warehouse-10-20-10-2-1.map"", ""seed"": ""2"", ""soc"": ""18603"", ""soc_lb"": ""12569"", ""solved"": ""1"", ""solver"": ""planner"", ""sum_of_loss"": ""16390"", ""sum_of_loss_lb"": ""12569""}"
lg_lacam_fork:tl,"LaCAM + traffic load (tie-break, per config)",warehouse-10-20-10-2-1,warehouse-10-20-10-2-1-random-1,150,0,30.0,solved,0.243338,0.121,16241,198,14315,12569,198,1.292147,0,,/home/carsten/Projects/MAPF/MAPF Evaluator/results/tlcpp-warehouse-10-20-2-1/runs/lg_lacam_fork_tl/warehouse-10-20-10-2-1/warehouse-10-20-10-2-1-random-1_a150_s0_r0,16241,0.121,"{""agents"": ""150"", ""comp_time"": ""121"", ""makespan"": ""198"", ""makespan_lb"": ""198"", ""map_file"": ""warehouse-10-20-10-2-1.map"", ""seed"": ""0"", ""soc"": ""16241"", ""soc_lb"": ""12569"", ""solved"": ""1"", ""solver"": ""planner"", ""sum_of_loss"": ""14405"", ""sum_of_loss_lb"": ""12569""}"
lg_lacam_fork:tl,"LaCAM + traffic load (tie-break, per config)",warehouse-10-20-10-2-1,warehouse-10-20-10-2-1-random-1,150,1,30.0,solved,0.155216,0.061,16477,198,14451,12569,198,1.310924,0,,/home/carsten/Projects/MAPF/MAPF Evaluator/results/tlcpp-warehouse-10-20-2-1/runs/lg_lacam_fork_tl/warehouse-10-20-10-2-1/warehouse-10-20-10-2-1-random-1_a150_s1_r0,16477,0.061,"{""agents"": ""150"", ""comp_time"": ""61"", ""makespan"": ""198"", ""makespan_lb"": ""198"", ""map_file"": ""warehouse-10-20-10-2-1.map"", ""seed"": ""1"", ""soc"": ""16477"", ""soc_lb"": ""12569"", ""solved"": ""1"", ""solver"": ""planner"", ""sum_of_loss"": ""14544"", ""sum_of_loss_lb"": ""12569""}"
lg_lacam_fork:tl,"LaCAM + traffic load (tie-break, per config)",warehouse-10-20-10-2-1,warehouse-10-20-10-2-1-random-1,150,2,30.0,solved,0.191284,0.104,16420,198,14411,12569,198,1.306389,0,,/home/carsten/Projects/MAPF/MAPF Evaluator/results/tlcpp-warehouse-10-20-2-1/runs/lg_lacam_fork_tl/warehouse-10-20-10-2-1/warehouse-10-20-10-2-1-random-1_a150_s2_r0,16420,0.104,"{""agents"": ""150"", ""comp_time"": ""104"", ""makespan"": ""198"", ""makespan_lb"": ""198"", ""map_file"": ""warehouse-10-20-10-2-1.map"", ""seed"": ""2"", ""soc"": ""16420"", ""soc_lb"": ""12569"", ""solved"": ""1"", ""solver"": ""planner"", ""sum_of_loss"": ""14503"", ""sum_of_loss_lb"": ""12569""}"
lg_lacam_fork:tl_agent,"LaCAM + traffic load (tie-break, per agent)",warehouse-10-20-10-2-1,warehouse-10-20-10-2-1-random-1,150,0,30.0,solved,0.571164,0.329,16060,198,14069,12569,198,1.277747,0,,/home/carsten/Projects/MAPF/MAPF Evaluator/results/tlcpp-warehouse-10-20-2-1/runs/lg_lacam_fork_tl_agent/warehouse-10-20-10-2-1/warehouse-10-20-10-2-1-random-1_a150_s0_r0,16060,0.329,"{""agents"": ""150"", ""comp_time"": ""329"", ""makespan"": ""198"", ""makespan_lb"": ""198"", ""map_file"": ""warehouse-10-20-10-2-1.map"", ""seed"": ""0"", ""soc"": ""16060"", ""soc_lb"": ""12569"", ""solved"": ""1"", ""solver"": ""planner"", ""sum_of_loss"": ""14154"", ""sum_of_loss_lb"": ""12569""}"
lg_lacam_fork:tl_agent,"LaCAM + traffic load (tie-break, per agent)",warehouse-10-20-10-2-1,warehouse-10-20-10-2-1-random-1,150,1,30.0,solved,0.458729,0.213,16404,198,14411,12569,198,1.305116,0,,/home/carsten/Projects/MAPF/MAPF Evaluator/results/tlcpp-warehouse-10-20-2-1/runs/lg_lacam_fork_tl_agent/warehouse-10-20-10-2-1/warehouse-10-20-10-2-1-random-1_a150_s1_r0,16404,0.213,"{""agents"": ""150"", ""comp_time"": ""213"", ""makespan"": ""198"", ""makespan_lb"": ""198"", ""map_file"": ""warehouse-10-20-10-2-1.map"", ""seed"": ""1"", ""soc"": ""16404"", ""soc_lb"": ""12569"", ""solved"": ""1"", ""solver"": ""planner"", ""sum_of_loss"": ""14505"", ""sum_of_loss_lb"": ""12569""}"
lg_lacam_fork:tl_agent,"LaCAM + traffic load (tie-break, per agent)",warehouse-10-20-10-2-1,warehouse-10-20-10-2-1-random-1,150,2,30.0,solved,0.225183,0.107,16143,198,14231,12569,198,1.28435,0,,/home/carsten/Projects/MAPF/MAPF Evaluator/results/tlcpp-warehouse-10-20-2-1/runs/lg_lacam_fork_tl_agent/warehouse-10-20-10-2-1/warehouse-10-20-10-2-1-random-1_a150_s2_r0,16143,0.107,"{""agents"": ""150"", ""comp_time"": ""107"", ""makespan"": ""198"", ""makespan_lb"": ""198"", ""map_file"": ""warehouse-10-20-10-2-1.map"", ""seed"": ""2"", ""soc"": ""16143"", ""soc_lb"": ""12569"", ""solved"": ""1"", ""solver"": ""planner"", ""sum_of_loss"": ""14319"", ""sum_of_loss_lb"": ""12569""}"
lg_lacam_fork:tl_static,LaCAM + traffic load (static map from starts),warehouse-10-20-10-2-1,warehouse-10-20-10-2-1-random-1,150,0,30.0,solved,0.28746,0.122,17203,198,15626,12569,198,1.368685,0,,/home/carsten/Projects/MAPF/MAPF Evaluator/results/tlcpp-warehouse-10-20-2-1/runs/lg_lacam_fork_tl_static/warehouse-10-20-10-2-1/warehouse-10-20-10-2-1-random-1_a150_s0_r0,17203,0.122,"{""agents"": ""150"", ""comp_time"": ""122"", ""makespan"": ""198"", ""makespan_lb"": ""198"", ""map_file"": ""warehouse-10-20-10-2-1.map"", ""seed"": ""0"", ""soc"": ""17203"", ""soc_lb"": ""12569"", ""solved"": ""1"", ""solver"": ""planner"", ""sum_of_loss"": ""15711"", ""sum_of_loss_lb"": ""12569""}"
lg_lacam_fork:tl_static,LaCAM + traffic load (static map from starts),warehouse-10-20-10-2-1,warehouse-10-20-10-2-1-random-1,150,1,30.0,solved,0.265232,0.12,18422,215,16514,12569,198,1.46567,0,,/home/carsten/Projects/MAPF/MAPF Evaluator/results/tlcpp-warehouse-10-20-2-1/runs/lg_lacam_fork_tl_static/warehouse-10-20-10-2-1/warehouse-10-20-10-2-1-random-1_a150_s1_r0,18422,0.12,"{""agents"": ""150"", ""comp_time"": ""120"", ""makespan"": ""215"", ""makespan_lb"": ""198"", ""map_file"": ""warehouse-10-20-10-2-1.map"", ""seed"": ""1"", ""soc"": ""18422"", ""soc_lb"": ""12569"", ""solved"": ""1"", ""solver"": ""planner"", ""sum_of_loss"": ""16633"", ""sum_of_loss_lb"": ""12569""}"
lg_lacam_fork:tl_static,LaCAM + traffic load (static map from starts),warehouse-10-20-10-2-1,warehouse-10-20-10-2-1-random-1,150,2,30.0,solved,0.449715,0.265,18322,304,16760,12569,198,1.457713,0,,/home/carsten/Projects/MAPF/MAPF Evaluator/results/tlcpp-warehouse-10-20-2-1/runs/lg_lacam_fork_tl_static/warehouse-10-20-10-2-1/warehouse-10-20-10-2-1-random-1_a150_s2_r0,18322,0.265,"{""agents"": ""150"", ""comp_time"": ""265"", ""makespan"": ""304"", ""makespan_lb"": ""198"", ""map_file"": ""warehouse-10-20-10-2-1.map"", ""seed"": ""2"", ""soc"": ""18322"", ""soc_lb"": ""12569"", ""solved"": ""1"", ""solver"": ""planner"", ""sum_of_loss"": ""16841"", ""sum_of_loss_lb"": ""12569""}"
lg_lacam_fork:suo,LaCAM3 = SUO (first solution),warehouse-10-20-10-2-1,warehouse-10-20-10-2-1-random-1,150,0,30.0,solved,0.167151,0.116,12985,198,12843,12569,198,1.033097,0,,/home/carsten/Projects/MAPF/MAPF Evaluator/results/tlcpp-warehouse-10-20-2-1/runs/lg_lacam_fork_suo/warehouse-10-20-10-2-1/warehouse-10-20-10-2-1-random-1_a150_s0_r0,12985,0.116,"{""agents"": ""150"", ""comp_time"": ""116"", ""makespan"": ""198"", ""makespan_lb"": ""198"", ""map_file"": ""warehouse-10-20-10-2-1.map"", ""seed"": ""0"", ""soc"": ""12985"", ""soc_lb"": ""12569"", ""solved"": ""1"", ""solver"": ""planner"", ""sum_of_loss"": ""12846"", ""sum_of_loss_lb"": ""12569""}"
lg_lacam_fork:suo,LaCAM3 = SUO (first solution),warehouse-10-20-10-2-1,warehouse-10-20-10-2-1-random-1,150,1,30.0,solved,0.398518,0.149,12922,198,12796,12569,198,1.028085,0,,/home/carsten/Projects/MAPF/MAPF Evaluator/results/tlcpp-warehouse-10-20-2-1/runs/lg_lacam_fork_suo/warehouse-10-20-10-2-1/warehouse-10-20-10-2-1-random-1_a150_s1_r0,12922,0.149,"{""agents"": ""150"", ""comp_time"": ""149"", ""makespan"": ""198"", ""makespan_lb"": ""198"", ""map_file"": ""warehouse-10-20-10-2-1.map"", ""seed"": ""1"", ""soc"": ""12922"", ""soc_lb"": ""12569"", ""solved"": ""1"", ""solver"": ""planner"", ""sum_of_loss"": ""12799"", ""sum_of_loss_lb"": ""12569""}"
lg_lacam_fork:suo,LaCAM3 = SUO (first solution),warehouse-10-20-10-2-1,warehouse-10-20-10-2-1-random-1,150,2,30.0,solved,0.203333,0.132,12867,198,12816,12569,198,1.023709,0,,/home/carsten/Projects/MAPF/MAPF Evaluator/results/tlcpp-warehouse-10-20-2-1/runs/lg_lacam_fork_suo/warehouse-10-20-10-2-1/warehouse-10-20-10-2-1-random-1_a150_s2_r0,12867,0.132,"{""agents"": ""150"", ""comp_time"": ""132"", ""makespan"": ""198"", ""makespan_lb"": ""198"", ""map_file"": ""warehouse-10-20-10-2-1.map"", ""seed"": ""2"", ""soc"": ""12867"", ""soc_lb"": ""12569"", ""solved"": ""1"", ""solver"": ""planner"", ""sum_of_loss"": ""12819"", ""sum_of_loss_lb"": ""12569""}"
lg_lacam_fork:suo_tl,SUO + traffic load,warehouse-10-20-10-2-1,warehouse-10-20-10-2-1-random-1,150,0,30.0,solved,0.403534,0.282,12985,198,12843,12569,198,1.033097,0,,/home/carsten/Projects/MAPF/MAPF Evaluator/results/tlcpp-warehouse-10-20-2-1/runs/lg_lacam_fork_suo_tl/warehouse-10-20-10-2-1/warehouse-10-20-10-2-1-random-1_a150_s0_r0,12985,0.282,"{""agents"": ""150"", ""comp_time"": ""282"", ""makespan"": ""198"", ""makespan_lb"": ""198"", ""map_file"": ""warehouse-10-20-10-2-1.map"", ""seed"": ""0"", ""soc"": ""12985"", ""soc_lb"": ""12569"", ""solved"": ""1"", ""solver"": ""planner"", ""sum_of_loss"": ""12846"", ""sum_of_loss_lb"": ""12569""}"
lg_lacam_fork:suo_tl,SUO + traffic load,warehouse-10-20-10-2-1,warehouse-10-20-10-2-1-random-1,150,1,30.0,solved,0.240994,0.119,12927,198,12816,12569,198,1.028483,0,,/home/carsten/Projects/MAPF/MAPF Evaluator/results/tlcpp-warehouse-10-20-2-1/runs/lg_lacam_fork_suo_tl/warehouse-10-20-10-2-1/warehouse-10-20-10-2-1-random-1_a150_s1_r0,12927,0.119,"{""agents"": ""150"", ""comp_time"": ""119"", ""makespan"": ""198"", ""makespan_lb"": ""198"", ""map_file"": ""warehouse-10-20-10-2-1.map"", ""seed"": ""1"", ""soc"": ""12927"", ""soc_lb"": ""12569"", ""solved"": ""1"", ""solver"": ""planner"", ""sum_of_loss"": ""12819"", ""sum_of_loss_lb"": ""12569""}"
lg_lacam_fork:suo_tl,SUO + traffic load,warehouse-10-20-10-2-1,warehouse-10-20-10-2-1-random-1,150,2,30.0,solved,0.490906,0.328,12845,198,12811,12569,198,1.021959,0,,/home/carsten/Projects/MAPF/MAPF Evaluator/results/tlcpp-warehouse-10-20-2-1/runs/lg_lacam_fork_suo_tl/warehouse-10-20-10-2-1/warehouse-10-20-10-2-1-random-1_a150_s2_r0,12845,0.328,"{""agents"": ""150"", ""comp_time"": ""328"", ""makespan"": ""198"", ""makespan_lb"": ""198"", ""map_file"": ""warehouse-10-20-10-2-1.map"", ""seed"": ""2"", ""soc"": ""12845"", ""soc_lb"": ""12569"", ""solved"": ""1"", ""solver"": ""planner"", ""sum_of_loss"": ""12813"", ""sum_of_loss_lb"": ""12569""}"
lg_lacam_fork:lg,"LG-LaCAM (window 20, first solution)",warehouse-10-20-10-2-1,warehouse-10-20-10-2-1-random-1,150,0,30.0,solved,0.487691,0.261,15222,202,13580,12569,198,1.211075,0,,/home/carsten/Projects/MAPF/MAPF Evaluator/results/tlcpp-warehouse-10-20-2-1/runs/lg_lacam_fork_lg/warehouse-10-20-10-2-1/warehouse-10-20-10-2-1-random-1_a150_s0_r0,15222,0.261,"{""agents"": ""150"", ""comp_time"": ""261"", ""makespan"": ""202"", ""makespan_lb"": ""198"", ""map_file"": ""warehouse-10-20-10-2-1.map"", ""seed"": ""0"", ""soc"": ""15222"", ""soc_lb"": ""12569"", ""solved"": ""1"", ""solver"": ""planner"", ""sum_of_loss"": ""13636"", ""sum_of_loss_lb"": ""12569""}"
lg_lacam_fork:lg,"LG-LaCAM (window 20, first solution)",warehouse-10-20-10-2-1,warehouse-10-20-10-2-1-random-1,150,1,30.0,solved,0.31283,0.169,15333,198,13707,12569,198,1.219906,0,,/home/carsten/Projects/MAPF/MAPF Evaluator/results/tlcpp-warehouse-10-20-2-1/runs/lg_lacam_fork_lg/warehouse-10-20-10-2-1/warehouse-10-20-10-2-1-random-1_a150_s1_r0,15333,0.169,"{""agents"": ""150"", ""comp_time"": ""169"", ""makespan"": ""198"", ""makespan_lb"": ""198"", ""map_file"": ""warehouse-10-20-10-2-1.map"", ""seed"": ""1"", ""soc"": ""15333"", ""soc_lb"": ""12569"", ""solved"": ""1"", ""solver"": ""planner"", ""sum_of_loss"": ""13770"", ""sum_of_loss_lb"": ""12569""}"
lg_lacam_fork:lg,"LG-LaCAM (window 20, first solution)",warehouse-10-20-10-2-1,warehouse-10-20-10-2-1-random-1,150,2,30.0,solved,0.465929,0.207,15197,198,13644,12569,198,1.209086,0,,/home/carsten/Projects/MAPF/MAPF Evaluator/results/tlcpp-warehouse-10-20-2-1/runs/lg_lacam_fork_lg/warehouse-10-20-10-2-1/warehouse-10-20-10-2-1-random-1_a150_s2_r0,15197,0.207,"{""agents"": ""150"", ""comp_time"": ""207"", ""makespan"": ""198"", ""makespan_lb"": ""198"", ""map_file"": ""warehouse-10-20-10-2-1.map"", ""seed"": ""2"", ""soc"": ""15197"", ""soc_lb"": ""12569"", ""solved"": ""1"", ""solver"": ""planner"", ""sum_of_loss"": ""13697"", ""sum_of_loss_lb"": ""12569""}"
lg_lacam_fork:lg_tl,LG-LaCAM (window 20) + traffic load,warehouse-10-20-10-2-1,warehouse-10-20-10-2-1-random-1,150,0,30.0,solved,0.543582,0.419,15032,198,13414,12569,198,1.195958,0,,/home/carsten/Projects/MAPF/MAPF Evaluator/results/tlcpp-warehouse-10-20-2-1/runs/lg_lacam_fork_lg_tl/warehouse-10-20-10-2-1/warehouse-10-20-10-2-1-random-1_a150_s0_r0,15032,0.419,"{""agents"": ""150"", ""comp_time"": ""419"", ""makespan"": ""198"", ""makespan_lb"": ""198"", ""map_file"": ""warehouse-10-20-10-2-1.map"", ""seed"": ""0"", ""soc"": ""15032"", ""soc_lb"": ""12569"", ""solved"": ""1"", ""solver"": ""planner"", ""sum_of_loss"": ""13471"", ""sum_of_loss_lb"": ""12569""}"
lg_lacam_fork:lg_tl,LG-LaCAM (window 20) + traffic load,warehouse-10-20-10-2-1,warehouse-10-20-10-2-1-random-1,150,1,30.0,solved,0.428588,0.255,14953,198,13487,12569,198,1.189673,0,,/home/carsten/Projects/MAPF/MAPF Evaluator/results/tlcpp-warehouse-10-20-2-1/runs/lg_lacam_fork_lg_tl/warehouse-10-20-10-2-1/warehouse-10-20-10-2-1-random-1_a150_s1_r0,14953,0.255,"{""agents"": ""150"", ""comp_time"": ""255"", ""makespan"": ""198"", ""makespan_lb"": ""198"", ""map_file"": ""warehouse-10-20-10-2-1.map"", ""seed"": ""1"", ""soc"": ""14953"", ""soc_lb"": ""12569"", ""solved"": ""1"", ""solver"": ""planner"", ""sum_of_loss"": ""13546"", ""sum_of_loss_lb"": ""12569""}"
lg_lacam_fork:lg_tl,LG-LaCAM (window 20) + traffic load,warehouse-10-20-10-2-1,warehouse-10-20-10-2-1-random-1,150,2,30.0,solved,0.35059,0.18,15031,198,13486,12569,198,1.195879,0,,/home/carsten/Projects/MAPF/MAPF Evaluator/results/tlcpp-warehouse-10-20-2-1/runs/lg_lacam_fork_lg_tl/warehouse-10-20-10-2-1/warehouse-10-20-10-2-1-random-1_a150_s2_r0,15031,0.18,"{""agents"": ""150"", ""comp_time"": ""180"", ""makespan"": ""198"", ""makespan_lb"": ""198"", ""map_file"": ""warehouse-10-20-10-2-1.map"", ""seed"": ""2"", ""soc"": ""15031"", ""soc_lb"": ""12569"", ""solved"": ""1"", ""solver"": ""planner"", ""sum_of_loss"": ""13541"", ""sum_of_loss_lb"": ""12569""}"
lg_lacam_fork:lg_suo,LG-LaCAM (window 20) + SUO,warehouse-10-20-10-2-1,warehouse-10-20-10-2-1-random-1,150,0,30.0,solved,0.232739,0.187,13708,198,12938,12569,198,1.09062,0,,/home/carsten/Projects/MAPF/MAPF Evaluator/results/tlcpp-warehouse-10-20-2-1/runs/lg_lacam_fork_lg_suo/warehouse-10-20-10-2-1/warehouse-10-20-10-2-1-random-1_a150_s0_r0,13708,0.187,"{""agents"": ""150"", ""comp_time"": ""187"", ""makespan"": ""198"", ""makespan_lb"": ""198"", ""map_file"": ""warehouse-10-20-10-2-1.map"", ""seed"": ""0"", ""soc"": ""13708"", ""soc_lb"": ""12569"", ""solved"": ""1"", ""solver"": ""planner"", ""sum_of_loss"": ""12962"", ""sum_of_loss_lb"": ""12569""}"
lg_lacam_fork:lg_suo,LG-LaCAM (window 20) + SUO,warehouse-10-20-10-2-1,warehouse-10-20-10-2-1-random-1,150,1,30.0,solved,0.228537,0.089,13800,198,13038,12569,198,1.097939,0,,/home/carsten/Projects/MAPF/MAPF Evaluator/results/tlcpp-warehouse-10-20-2-1/runs/lg_lacam_fork_lg_suo/warehouse-10-20-10-2-1/warehouse-10-20-10-2-1-random-1_a150_s1_r0,13800,0.089,"{""agents"": ""150"", ""comp_time"": ""89"", ""makespan"": ""198"", ""makespan_lb"": ""198"", ""map_file"": ""warehouse-10-20-10-2-1.map"", ""seed"": ""1"", ""soc"": ""13800"", ""soc_lb"": ""12569"", ""solved"": ""1"", ""solver"": ""planner"", ""sum_of_loss"": ""13067"", ""sum_of_loss_lb"": ""12569""}"
lg_lacam_fork:lg_suo,LG-LaCAM (window 20) + SUO,warehouse-10-20-10-2-1,warehouse-10-20-10-2-1-random-1,150,2,30.0,solved,0.264224,0.097,14157,198,13043,12569,198,1.126343,0,,/home/carsten/Projects/MAPF/MAPF Evaluator/results/tlcpp-warehouse-10-20-2-1/runs/lg_lacam_fork_lg_suo/warehouse-10-20-10-2-1/warehouse-10-20-10-2-1-random-1_a150_s2_r0,14157,0.097,"{""agents"": ""150"", ""comp_time"": ""97"", ""makespan"": ""198"", ""makespan_lb"": ""198"", ""map_file"": ""warehouse-10-20-10-2-1.map"", ""seed"": ""2"", ""soc"": ""14157"", ""soc_lb"": ""12569"", ""solved"": ""1"", ""solver"": ""planner"", ""sum_of_loss"": ""13072"", ""sum_of_loss_lb"": ""12569""}"
lg_lacam_fork:lg_suo_tl,LG-LaCAM (window 20) + SUO + traffic load,warehouse-10-20-10-2-1,warehouse-10-20-10-2-1-random-1,150,0,30.0,solved,0.241044,0.148,13681,198,12922,12569,198,1.088472,0,,/home/carsten/Projects/MAPF/MAPF Evaluator/results/tlcpp-warehouse-10-20-2-1/runs/lg_lacam_fork_lg_suo_tl/warehouse-10-20-10-2-1/warehouse-10-20-10-2-1-random-1_a150_s0_r0,13681,0.148,"{""agents"": ""150"", ""comp_time"": ""148"", ""makespan"": ""198"", ""makespan_lb"": ""198"", ""map_file"": ""warehouse-10-20-10-2-1.map"", ""seed"": ""0"", ""soc"": ""13681"", ""soc_lb"": ""12569"", ""solved"": ""1"", ""solver"": ""planner"", ""sum_of_loss"": ""12945"", ""sum_of_loss_lb"": ""12569""}"
lg_lacam_fork:lg_suo_tl,LG-LaCAM (window 20) + SUO + traffic load,warehouse-10-20-10-2-1,warehouse-10-20-10-2-1-random-1,150,1,30.0,solved,0.183473,0.144,13626,198,12934,12569,198,1.084096,0,,/home/carsten/Projects/MAPF/MAPF Evaluator/results/tlcpp-warehouse-10-20-2-1/runs/lg_lacam_fork_lg_suo_tl/warehouse-10-20-10-2-1/warehouse-10-20-10-2-1-random-1_a150_s1_r0,13626,0.144,"{""agents"": ""150"", ""comp_time"": ""144"", ""makespan"": ""198"", ""makespan_lb"": ""198"", ""map_file"": ""warehouse-10-20-10-2-1.map"", ""seed"": ""1"", ""soc"": ""13626"", ""soc_lb"": ""12569"", ""solved"": ""1"", ""solver"": ""planner"", ""sum_of_loss"": ""12961"", ""sum_of_loss_lb"": ""12569""}"
lg_lacam_fork:lg_suo_tl,LG-LaCAM (window 20) + SUO + traffic load,warehouse-10-20-10-2-1,warehouse-10-20-10-2-1-random-1,150,2,30.0,solved,0.636639,0.474,14107,198,12951,12569,198,1.122365,0,,/home/carsten/Projects/MAPF/MAPF Evaluator/results/tlcpp-warehouse-10-20-2-1/runs/lg_lacam_fork_lg_suo_tl/warehouse-10-20-10-2-1/warehouse-10-20-10-2-1-random-1_a150_s2_r0,14107,0.474,"{""agents"": ""150"", ""comp_time"": ""474"", ""makespan"": ""198"", ""makespan_lb"": ""198"", ""map_file"": ""warehouse-10-20-10-2-1.map"", ""seed"": ""2"", ""soc"": ""14107"", ""soc_lb"": ""12569"", ""solved"": ""1"", ""solver"": ""planner"", ""sum_of_loss"": ""12980"", ""sum_of_loss_lb"": ""12569""}"
lg_lacam_fork:lacam,"LaCAM (no guidance, first solution)",warehouse-10-20-10-2-1,warehouse-10-20-10-2-1-random-1,200,1,30.0,solved,0.165917,0.046,24006,239,20853,16019,198,1.498595,0,,/home/carsten/Projects/MAPF/MAPF Evaluator/results/tlcpp-warehouse-10-20-2-1/runs/lg_lacam_fork_lacam/warehouse-10-20-10-2-1/warehouse-10-20-10-2-1-random-1_a200_s1_r0,24006,0.046,"{""agents"": ""200"", ""comp_time"": ""46"", ""makespan"": ""239"", ""makespan_lb"": ""198"", ""map_file"": ""warehouse-10-20-10-2-1.map"", ""seed"": ""1"", ""soc"": ""24006"", ""soc_lb"": ""16019"", ""solved"": ""1"", ""solver"": ""planner"", ""sum_of_loss"": ""21012"", ""sum_of_loss_lb"": ""16019""}"
lg_lacam_fork:lacam,"LaCAM (no guidance, first solution)",warehouse-10-20-10-2-1,warehouse-10-20-10-2-1-random-1,200,0,30.0,solved,0.348407,0.057,24590,239,21378,16019,198,1.535052,0,,/home/carsten/Projects/MAPF/MAPF Evaluator/results/tlcpp-warehouse-10-20-2-1/runs/lg_lacam_fork_lacam/warehouse-10-20-10-2-1/warehouse-10-20-10-2-1-random-1_a200_s0_r0,24590,0.057,"{""agents"": ""200"", ""comp_time"": ""57"", ""makespan"": ""239"", ""makespan_lb"": ""198"", ""map_file"": ""warehouse-10-20-10-2-1.map"", ""seed"": ""0"", ""soc"": ""24590"", ""soc_lb"": ""16019"", ""solved"": ""1"", ""solver"": ""planner"", ""sum_of_loss"": ""21539"", ""sum_of_loss_lb"": ""16019""}"
lg_lacam_fork:lacam,"LaCAM (no guidance, first solution)",warehouse-10-20-10-2-1,warehouse-10-20-10-2-1-random-1,200,2,30.0,solved,0.212339,0.063,24929,198,21619,16019,198,1.556214,0,,/home/carsten/Projects/MAPF/MAPF Evaluator/results/tlcpp-warehouse-10-20-2-1/runs/lg_lacam_fork_lacam/warehouse-10-20-10-2-1/warehouse-10-20-10-2-1-random-1_a200_s2_r0,24929,0.063,"{""agents"": ""200"", ""comp_time"": ""63"", ""makespan"": ""198"", ""makespan_lb"": ""198"", ""map_file"": ""warehouse-10-20-10-2-1.map"", ""seed"": ""2"", ""soc"": ""24929"", ""soc_lb"": ""16019"", ""solved"": ""1"", ""solver"": ""planner"", ""sum_of_loss"": ""21785"", ""sum_of_loss_lb"": ""16019""}"
lg_lacam_fork:tl,"LaCAM + traffic load (tie-break, per config)",warehouse-10-20-10-2-1,warehouse-10-20-10-2-1-random-1,200,0,30.0,solved,0.771235,0.463,22444,198,19226,16019,198,1.401086,0,,/home/carsten/Projects/MAPF/MAPF Evaluator/results/tlcpp-warehouse-10-20-2-1/runs/lg_lacam_fork_tl/warehouse-10-20-10-2-1/warehouse-10-20-10-2-1-random-1_a200_s0_r0,22444,0.463,"{""agents"": ""200"", ""comp_time"": ""463"", ""makespan"": ""198"", ""makespan_lb"": ""198"", ""map_file"": ""warehouse-10-20-10-2-1.map"", ""seed"": ""0"", ""soc"": ""22444"", ""soc_lb"": ""16019"", ""solved"": ""1"", ""solver"": ""planner"", ""sum_of_loss"": ""19383"", ""sum_of_loss_lb"": ""16019""}"
lg_lacam_fork:tl,"LaCAM + traffic load (tie-break, per config)",warehouse-10-20-10-2-1,warehouse-10-20-10-2-1-random-1,200,2,30.0,solved,0.253313,0.109,21897,198,19134,16019,198,1.366939,0,,/home/carsten/Projects/MAPF/MAPF Evaluator/results/tlcpp-warehouse-10-20-2-1/runs/lg_lacam_fork_tl/warehouse-10-20-10-2-1/warehouse-10-20-10-2-1-random-1_a200_s2_r0,21897,0.109,"{""agents"": ""200"", ""comp_time"": ""109"", ""makespan"": ""198"", ""makespan_lb"": ""198"", ""map_file"": ""warehouse-10-20-10-2-1.map"", ""seed"": ""2"", ""soc"": ""21897"", ""soc_lb"": ""16019"", ""solved"": ""1"", ""solver"": ""planner"", ""sum_of_loss"": ""19273"", ""sum_of_loss_lb"": ""16019""}"
lg_lacam_fork:tl,"LaCAM + traffic load (tie-break, per config)",warehouse-10-20-10-2-1,warehouse-10-20-10-2-1-random-1,200,1,30.0,solved,0.235891,0.095,22425,198,19196,16019,198,1.3999,0,,/home/carsten/Projects/MAPF/MAPF Evaluator/results/tlcpp-warehouse-10-20-2-1/runs/lg_lacam_fork_tl/warehouse-10-20-10-2-1/warehouse-10-20-10-2-1-random-1_a200_s1_r0,22425,0.095,"{""agents"": ""200"", ""comp_time"": ""95"", ""makespan"": ""198"", ""makespan_lb"": ""198"", ""map_file"": ""warehouse-10-20-10-2-1.map"", ""seed"": ""1"", ""soc"": ""22425"", ""soc_lb"": ""16019"", ""solved"": ""1"", ""solver"": ""planner"", ""sum_of_loss"": ""19362"", ""sum_of_loss_lb"": ""16019""}"
lg_lacam_fork:tl_agent,"LaCAM + traffic load (tie-break, per agent)",warehouse-10-20-10-2-1,warehouse-10-20-10-2-1-random-1,200,0,30.0,solved,0.213193,0.087,22557,198,19672,16019,198,1.40814,0,,/home/carsten/Projects/MAPF/MAPF Evaluator/results/tlcpp-warehouse-10-20-2-1/runs/lg_lacam_fork_tl_agent/warehouse-10-20-10-2-1/warehouse-10-20-10-2-1-random-1_a200_s0_r0,22557,0.087,"{""agents"": ""200"", ""comp_time"": ""87"", ""makespan"": ""198"", ""makespan_lb"": ""198"", ""map_file"": ""warehouse-10-20-10-2-1.map"", ""seed"": ""0"", ""soc"": ""22557"", ""soc_lb"": ""16019"", ""solved"": ""1"", ""solver"": ""planner"", ""sum_of_loss"": ""19827"", ""sum_of_loss_lb"": ""16019""}"
lg_lacam_fork:tl_agent,"LaCAM + traffic load (tie-break, per agent)",warehouse-10-20-10-2-1,warehouse-10-20-10-2-1-random-1,200,1,30.0,solved,0.40074,0.236,22213,198,19146,16019,198,1.386666,0,,/home/carsten/Projects/MAPF/MAPF Evaluator/results/tlcpp-warehouse-10-20-2-1/runs/lg_lacam_fork_tl_agent/warehouse-10-20-10-2-1/warehouse-10-20-10-2-1-random-1_a200_s1_r0,22213,0.236,"{""agents"": ""200"", ""comp_time"": ""236"", ""makespan"": ""198"", ""makespan_lb"": ""198"", ""map_file"": ""warehouse-10-20-10-2-1.map"", ""seed"": ""1"", ""soc"": ""22213"", ""soc_lb"": ""16019"", ""solved"": ""1"", ""solver"": ""planner"", ""sum_of_loss"": ""19290"", ""sum_of_loss_lb"": ""16019""}"
lg_lacam_fork:tl_agent,"LaCAM + traffic load (tie-break, per agent)",warehouse-10-20-10-2-1,warehouse-10-20-10-2-1-random-1,200,2,30.0,solved,0.304297,0.162,22316,198,19263,16019,198,1.393096,0,,/home/carsten/Projects/MAPF/MAPF Evaluator/results/tlcpp-warehouse-10-20-2-1/runs/lg_lacam_fork_tl_agent/warehouse-10-20-10-2-1/warehouse-10-20-10-2-1-random-1_a200_s2_r0,22316,0.162,"{""agents"": ""200"", ""comp_time"": ""162"", ""makespan"": ""198"", ""makespan_lb"": ""198"", ""map_file"": ""warehouse-10-20-10-2-1.map"", ""seed"": ""2"", ""soc"": ""22316"", ""soc_lb"": ""16019"", ""solved"": ""1"", ""solver"": ""planner"", ""sum_of_loss"": ""19423"", ""sum_of_loss_lb"": ""16019""}"
lg_lacam_fork:tl_static,LaCAM + traffic load (static map from starts),warehouse-10-20-10-2-1,warehouse-10-20-10-2-1-random-1,200,0,30.0,solved,0.270058,0.135,25307,250,21999,16019,198,1.579811,0,,/home/carsten/Projects/MAPF/MAPF Evaluator/results/tlcpp-warehouse-10-20-2-1/runs/lg_lacam_fork_tl_static/warehouse-10-20-10-2-1/warehouse-10-20-10-2-1-random-1_a200_s0_r0,25307,0.135,"{""agents"": ""200"", ""comp_time"": ""135"", ""makespan"": ""250"", ""makespan_lb"": ""198"", ""map_file"": ""warehouse-10-20-10-2-1.map"", ""seed"": ""0"", ""soc"": ""25307"", ""soc_lb"": ""16019"", ""solved"": ""1"", ""solver"": ""planner"", ""sum_of_loss"": ""22152"", ""sum_of_loss_lb"": ""16019""}"
lg_lacam_fork:tl_static,LaCAM + traffic load (static map from starts),warehouse-10-20-10-2-1,warehouse-10-20-10-2-1-random-1,200,1,30.0,solved,0.33478,0.197,25422,322,21884,16019,198,1.58699,0,,/home/carsten/Projects/MAPF/MAPF Evaluator/results/tlcpp-warehouse-10-20-2-1/runs/lg_lacam_fork_tl_static/warehouse-10-20-10-2-1/warehouse-10-20-10-2-1-random-1_a200_s1_r0,25422,0.197,"{""agents"": ""200"", ""comp_time"": ""197"", ""makespan"": ""322"", ""makespan_lb"": ""198"", ""map_file"": ""warehouse-10-20-10-2-1.map"", ""seed"": ""1"", ""soc"": ""25422"", ""soc_lb"": ""16019"", ""solved"": ""1"", ""solver"": ""planner"", ""sum_of_loss"": ""22084"", ""sum_of_loss_lb"": ""16019""}"
lg_lacam_fork:tl_static,LaCAM + traffic load (static map from starts),warehouse-10-20-10-2-1,warehouse-10-20-10-2-1-random-1,200,2,30.0,solved,0.316778,0.119,24778,238,22113,16019,198,1.546788,0,,/home/carsten/Projects/MAPF/MAPF Evaluator/results/tlcpp-warehouse-10-20-2-1/runs/lg_lacam_fork_tl_static/warehouse-10-20-10-2-1/warehouse-10-20-10-2-1-random-1_a200_s2_r0,24778,0.119,"{""agents"": ""200"", ""comp_time"": ""119"", ""makespan"": ""238"", ""makespan_lb"": ""198"", ""map_file"": ""warehouse-10-20-10-2-1.map"", ""seed"": ""2"", ""soc"": ""24778"", ""soc_lb"": ""16019"", ""solved"": ""1"", ""solver"": ""planner"", ""sum_of_loss"": ""22294"", ""sum_of_loss_lb"": ""16019""}"
lg_lacam_fork:suo,LaCAM3 = SUO (first solution),warehouse-10-20-10-2-1,warehouse-10-20-10-2-1-random-1,200,0,30.0,solved,0.645094,0.427,16737,198,16538,16019,198,1.044822,0,,/home/carsten/Projects/MAPF/MAPF Evaluator/results/tlcpp-warehouse-10-20-2-1/runs/lg_lacam_fork_suo/warehouse-10-20-10-2-1/warehouse-10-20-10-2-1-random-1_a200_s0_r0,16737,0.427,"{""agents"": ""200"", ""comp_time"": ""427"", ""makespan"": ""198"", ""makespan_lb"": ""198"", ""map_file"": ""warehouse-10-20-10-2-1.map"", ""seed"": ""0"", ""soc"": ""16737"", ""soc_lb"": ""16019"", ""solved"": ""1"", ""solver"": ""planner"", ""sum_of_loss"": ""16546"", ""sum_of_loss_lb"": ""16019""}"
lg_lacam_fork:suo,LaCAM3 = SUO (first solution),warehouse-10-20-10-2-1,warehouse-10-20-10-2-1-random-1,200,1,30.0,solved,0.458688,0.332,16727,198,16506,16019,198,1.044198,0,,/home/carsten/Projects/MAPF/MAPF Evaluator/results/tlcpp-warehouse-10-20-2-1/runs/lg_lacam_fork_suo/warehouse-10-20-10-2-1/warehouse-10-20-10-2-1-random-1_a200_s1_r0,16727,0.332,"{""agents"": ""200"", ""comp_time"": ""332"", ""makespan"": ""198"", ""makespan_lb"": ""198"", ""map_file"": ""warehouse-10-20-10-2-1.map"", ""seed"": ""1"", ""soc"": ""16727"", ""soc_lb"": ""16019"", ""solved"": ""1"", ""solver"": ""planner"", ""sum_of_loss"": ""16513"", ""sum_of_loss_lb"": ""16019""}"
lg_lacam_fork:suo,LaCAM3 = SUO (first solution),warehouse-10-20-10-2-1,warehouse-10-20-10-2-1-random-1,200,2,30.0,solved,0.273422,0.135,16905,198,16670,16019,198,1.055309,0,,/home/carsten/Projects/MAPF/MAPF Evaluator/results/tlcpp-warehouse-10-20-2-1/runs/lg_lacam_fork_suo/warehouse-10-20-10-2-1/warehouse-10-20-10-2-1-random-1_a200_s2_r0,16905,0.135,"{""agents"": ""200"", ""comp_time"": ""135"", ""makespan"": ""198"", ""makespan_lb"": ""198"", ""map_file"": ""warehouse-10-20-10-2-1.map"", ""seed"": ""2"", ""soc"": ""16905"", ""soc_lb"": ""16019"", ""solved"": ""1"", ""solver"": ""planner"", ""sum_of_loss"": ""16679"", ""sum_of_loss_lb"": ""16019""}"
lg_lacam_fork:suo_tl,SUO + traffic load,warehouse-10-20-10-2-1,warehouse-10-20-10-2-1-random-1,200,0,30.0,solved,0.395143,0.237,16771,198,16555,16019,198,1.046944,0,,/home/carsten/Projects/MAPF/MAPF Evaluator/results/tlcpp-warehouse-10-20-2-1/runs/lg_lacam_fork_suo_tl/warehouse-10-20-10-2-1/warehouse-10-20-10-2-1-random-1_a200_s0_r0,16771,0.237,"{""agents"": ""200"", ""comp_time"": ""237"", ""makespan"": ""198"", ""makespan_lb"": ""198"", ""map_file"": ""warehouse-10-20-10-2-1.map"", ""seed"": ""0"", ""soc"": ""16771"", ""soc_lb"": ""16019"", ""solved"": ""1"", ""solver"": ""planner"", ""sum_of_loss"": ""16563"", ""sum_of_loss_lb"": ""16019""}"
lg_lacam_fork:suo_tl,SUO + traffic load,warehouse-10-20-10-2-1,warehouse-10-20-10-2-1-random-1,200,2,30.0,solved,0.582067,0.36,16718,198,16527,16019,198,1.043636,0,,/home/carsten/Projects/MAPF/MAPF Evaluator/results/tlcpp-warehouse-10-20-2-1/runs/lg_lacam_fork_suo_tl/warehouse-10-20-10-2-1/warehouse-10-20-10-2-1-random-1_a200_s2_r0,16718,0.36,"{""agents"": ""200"", ""comp_time"": ""360"", ""makespan"": ""198"", ""makespan_lb"": ""198"", ""map_file"": ""warehouse-10-20-10-2-1.map"", ""seed"": ""2"", ""soc"": ""16718"", ""soc_lb"": ""16019"", ""solved"": ""1"", ""solver"": ""planner"", ""sum_of_loss"": ""16534"", ""sum_of_loss_lb"": ""16019""}"
lg_lacam_fork:suo_tl,SUO + traffic load,warehouse-10-20-10-2-1,warehouse-10-20-10-2-1-random-1,200,1,30.0,solved,0.688151,0.475,16579,198,16426,16019,198,1.034958,0,,/home/carsten/Projects/MAPF/MAPF Evaluator/results/tlcpp-warehouse-10-20-2-1/runs/lg_lacam_fork_suo_tl/warehouse-10-20-10-2-1/warehouse-10-20-10-2-1-random-1_a200_s1_r0,16579,0.475,"{""agents"": ""200"", ""comp_time"": ""475"", ""makespan"": ""198"", ""makespan_lb"": ""198"", ""map_file"": ""warehouse-10-20-10-2-1.map"", ""seed"": ""1"", ""soc"": ""16579"", ""soc_lb"": ""16019"", ""solved"": ""1"", ""solver"": ""planner"", ""sum_of_loss"": ""16431"", ""sum_of_loss_lb"": ""16019""}"
lg_lacam_fork:lg,"LG-LaCAM (window 20, first solution)",warehouse-10-20-10-2-1,warehouse-10-20-10-2-1-random-1,200,0,30.0,solved,0.643548,0.441,19773,198,17765,16019,198,1.234347,0,,/home/carsten/Projects/MAPF/MAPF Evaluator/results/tlcpp-warehouse-10-20-2-1/runs/lg_lacam_fork_lg/warehouse-10-20-10-2-1/warehouse-10-20-10-2-1-random-1_a200_s0_r0,19773,0.441,"{""agents"": ""200"", ""comp_time"": ""441"", ""makespan"": ""198"", ""makespan_lb"": ""198"", ""map_file"": ""warehouse-10-20-10-2-1.map"", ""seed"": ""0"", ""soc"": ""19773"", ""soc_lb"": ""16019"", ""solved"": ""1"", ""solver"": ""planner"", ""sum_of_loss"": ""17859"", ""sum_of_loss_lb"": ""16019""}"
lg_lacam_fork:lg,"LG-LaCAM (window 20, first solution)",warehouse-10-20-10-2-1,warehouse-10-20-10-2-1-random-1,200,1,30.0,solved,0.34506,0.193,19285,199,17451,16019,198,1.203883,0,,/home/carsten/Projects/MAPF/MAPF Evaluator/results/tlcpp-warehouse-10-20-2-1/runs/lg_lacam_fork_lg/warehouse-10-20-10-2-1/warehouse-10-20-10-2-1-random-1_a200_s1_r0,19285,0.193,"{""agents"": ""200"", ""comp_time"": ""193"", ""makespan"": ""199"", ""makespan_lb"": ""198"", ""map_file"": ""warehouse-10-20-10-2-1.map"", ""seed"": ""1"", ""soc"": ""19285"", ""soc_lb"": ""16019"", ""solved"": ""1"", ""solver"": ""planner"", ""sum_of_loss"": ""17545"", ""sum_of_loss_lb"": ""16019""}"
lg_lacam_fork:lg,"LG-LaCAM (window 20, first solution)",warehouse-10-20-10-2-1,warehouse-10-20-10-2-1-random-1,200,2,30.0,solved,0.900436,0.705,19531,198,17600,16019,198,1.21924,0,,/home/carsten/Projects/MAPF/MAPF Evaluator/results/tlcpp-warehouse-10-20-2-1/runs/lg_lacam_fork_lg/warehouse-10-20-10-2-1/warehouse-10-20-10-2-1-random-1_a200_s2_r0,19531,0.705,"{""agents"": ""200"", ""comp_time"": ""705"", ""makespan"": ""198"", ""makespan_lb"": ""198"", ""map_file"": ""warehouse-10-20-10-2-1.map"", ""seed"": ""2"", ""soc"": ""19531"", ""soc_lb"": ""16019"", ""solved"": ""1"", ""solver"": ""planner"", ""sum_of_loss"": ""17688"", ""sum_of_loss_lb"": ""16019""}"
lg_lacam_fork:lg_tl,LG-LaCAM (window 20) + traffic load,warehouse-10-20-10-2-1,warehouse-10-20-10-2-1-random-1,200,0,30.0,solved,1.035572,0.876,19674,198,17626,16019,198,1.228167,0,,/home/carsten/Projects/MAPF/MAPF Evaluator/results/tlcpp-warehouse-10-20-2-1/runs/lg_lacam_fork_lg_tl/warehouse-10-20-10-2-1/warehouse-10-20-10-2-1-random-1_a200_s0_r0,19674,0.876,"{""agents"": ""200"", ""comp_time"": ""876"", ""makespan"": ""198"", ""makespan_lb"": ""198"", ""map_file"": ""warehouse-10-20-10-2-1.map"", ""seed"": ""0"", ""soc"": ""19674"", ""soc_lb"": ""16019"", ""solved"": ""1"", ""solver"": ""planner"", ""sum_of_loss"": ""17718"", ""sum_of_loss_lb"": ""16019""}"
lg_lacam_fork:lg_tl,LG-LaCAM (window 20) + traffic load,warehouse-10-20-10-2-1,warehouse-10-20-10-2-1-random-1,200,1,30.0,solved,0.403697,0.208,19354,198,17377,16019,198,1.20819,0,,/home/carsten/Projects/MAPF/MAPF Evaluator/results/tlcpp-warehouse-10-20-2-1/runs/lg_lacam_fork_lg_tl/warehouse-10-20-10-2-1/warehouse-10-20-10-2-1-random-1_a200_s1_r0,19354,0.208,"{""agents"": ""200"", ""comp_time"": ""208"", ""makespan"": ""198"", ""makespan_lb"": ""198"", ""map_file"": ""warehouse-10-20-10-2-1.map"", ""seed"": ""1"", ""soc"": ""19354"", ""soc_lb"": ""16019"", ""solved"": ""1"", ""solver"": ""planner"", ""sum_of_loss"": ""17470"", ""sum_of_loss_lb"": ""16019""}"
lg_lacam_fork:lg_tl,LG-LaCAM (window 20) + traffic load,warehouse-10-20-10-2-1,warehouse-10-20-10-2-1-random-1,200,2,30.0,solved,0.969687,0.704,19551,198,17509,16019,198,1.220488,0,,/home/carsten/Projects/MAPF/MAPF Evaluator/results/tlcpp-warehouse-10-20-2-1/runs/lg_lacam_fork_lg_tl/warehouse-10-20-10-2-1/warehouse-10-20-10-2-1-random-1_a200_s2_r0,19551,0.704,"{""agents"": ""200"", ""comp_time"": ""704"", ""makespan"": ""198"", ""makespan_lb"": ""198"", ""map_file"": ""warehouse-10-20-10-2-1.map"", ""seed"": ""2"", ""soc"": ""19551"", ""soc_lb"": ""16019"", ""solved"": ""1"", ""solver"": ""planner"", ""sum_of_loss"": ""17594"", ""sum_of_loss_lb"": ""16019""}"
lg_lacam_fork:lg_suo,LG-LaCAM (window 20) + SUO,warehouse-10-20-10-2-1,warehouse-10-20-10-2-1-random-1,200,0,30.0,solved,0.544949,0.356,18032,198,16866,16019,198,1.125663,0,,/home/carsten/Projects/MAPF/MAPF Evaluator/results/tlcpp-warehouse-10-20-2-1/runs/lg_lacam_fork_lg_suo/warehouse-10-20-10-2-1/warehouse-10-20-10-2-1-random-1_a200_s0_r0,18032,0.356,"{""agents"": ""200"", ""comp_time"": ""356"", ""makespan"": ""198"", ""makespan_lb"": ""198"", ""map_file"": ""warehouse-10-20-10-2-1.map"", ""seed"": ""0"", ""soc"": ""18032"", ""soc_lb"": ""16019"", ""solved"": ""1"", ""solver"": ""planner"", ""sum_of_loss"": ""16915"", ""sum_of_loss_lb"": ""16019""}"
lg_lacam_fork:lg_suo,LG-LaCAM (window 20) + SUO,warehouse-10-20-10-2-1,warehouse-10-20-10-2-1-random-1,200,1,30.0,solved,0.527128,0.293,17896,198,16782,16019,198,1.117173,0,,/home/carsten/Projects/MAPF/MAPF Evaluator/results/tlcpp-warehouse-10-20-2-1/runs/lg_lacam_fork_lg_suo/warehouse-10-20-10-2-1/warehouse-10-20-10-2-1-random-1_a200_s1_r0,17896,0.293,"{""agents"": ""200"", ""comp_time"": ""293"", ""makespan"": ""198"", ""makespan_lb"": ""198"", ""map_file"": ""warehouse-10-20-10-2-1.map"", ""seed"": ""1"", ""soc"": ""17896"", ""soc_lb"": ""16019"", ""solved"": ""1"", ""solver"": ""planner"", ""sum_of_loss"": ""16823"", ""sum_of_loss_lb"": ""16019""}"
lg_lacam_fork:lg_suo,LG-LaCAM (window 20) + SUO,warehouse-10-20-10-2-1,warehouse-10-20-10-2-1-random-1,200,2,30.0,solved,0.685203,0.484,17922,198,16792,16019,198,1.118796,0,,/home/carsten/Projects/MAPF/MAPF Evaluator/results/tlcpp-warehouse-10-20-2-1/runs/lg_lacam_fork_lg_suo/warehouse-10-20-10-2-1/warehouse-10-20-10-2-1-random-1_a200_s2_r0,17922,0.484,"{""agents"": ""200"", ""comp_time"": ""484"", ""makespan"": ""198"", ""makespan_lb"": ""198"", ""map_file"": ""warehouse-10-20-10-2-1.map"", ""seed"": ""2"", ""soc"": ""17922"", ""soc_lb"": ""16019"", ""solved"": ""1"", ""solver"": ""planner"", ""sum_of_loss"": ""16832"", ""sum_of_loss_lb"": ""16019""}"
lg_lacam_fork:lacam,"LaCAM (no guidance, first solution)",warehouse-10-20-10-2-1,warehouse-10-20-10-2-1-random-2,50,0,30.0,solved,0.094968,0.025,5329,178,4937,4514,178,1.180549,0,,/home/carsten/Projects/MAPF/MAPF Evaluator/results/tlcpp-warehouse-10-20-2-1/runs/lg_lacam_fork_lacam/warehouse-10-20-10-2-1/warehouse-10-20-10-2-1-random-2_a50_s0_r0,5329,0.025,"{""agents"": ""50"", ""comp_time"": ""25"", ""makespan"": ""178"", ""makespan_lb"": ""178"", ""map_file"": ""warehouse-10-20-10-2-1.map"", ""seed"": ""0"", ""soc"": ""5329"", ""soc_lb"": ""4514"", ""solved"": ""1"", ""solver"": ""planner"", ""sum_of_loss"": ""4952"", ""sum_of_loss_lb"": ""4514""}"
lg_lacam_fork:lacam,"LaCAM (no guidance, first solution)",warehouse-10-20-10-2-1,warehouse-10-20-10-2-1-random-2,50,1,30.0,solved,0.091372,0.026,5230,178,4801,4514,178,1.158618,0,,/home/carsten/Projects/MAPF/MAPF Evaluator/results/tlcpp-warehouse-10-20-2-1/runs/lg_lacam_fork_lacam/warehouse-10-20-10-2-1/warehouse-10-20-10-2-1-random-2_a50_s1_r0,5230,0.026,"{""agents"": ""50"", ""comp_time"": ""26"", ""makespan"": ""178"", ""makespan_lb"": ""178"", ""map_file"": ""warehouse-10-20-10-2-1.map"", ""seed"": ""1"", ""soc"": ""5230"", ""soc_lb"": ""4514"", ""solved"": ""1"", ""solver"": ""planner"", ""sum_of_loss"": ""4813"", ""sum_of_loss_lb"": ""4514""}"
lg_lacam_fork:lg_suo_tl,LG-LaCAM (window 20) + SUO + traffic load,warehouse-10-20-10-2-1,warehouse-10-20-10-2-1-random-1,200,0,30.0,solved,0.886724,0.584,18743,198,16999,16019,198,1.170048,0,,/home/carsten/Projects/MAPF/MAPF Evaluator/results/tlcpp-warehouse-10-20-2-1/runs/lg_lacam_fork_lg_suo_tl/warehouse-10-20-10-2-1/warehouse-10-20-10-2-1-random-1_a200_s0_r0,18743,0.584,"{""agents"": ""200"", ""comp_time"": ""584"", ""makespan"": ""198"", ""makespan_lb"": ""198"", ""map_file"": ""warehouse-10-20-10-2-1.map"", ""seed"": ""0"", ""soc"": ""18743"", ""soc_lb"": ""16019"", ""solved"": ""1"", ""solver"": ""planner"", ""sum_of_loss"": ""17054"", ""sum_of_loss_lb"": ""16019""}"
lg_lacam_fork:tl,"LaCAM + traffic load (tie-break, per config)",warehouse-10-20-10-2-1,warehouse-10-20-10-2-1-random-2,50,0,30.0,solved,0.258856,0.098,5053,178,4638,4514,178,1.119406,0,,/home/carsten/Projects/MAPF/MAPF Evaluator/results/tlcpp-warehouse-10-20-2-1/runs/lg_lacam_fork_tl/warehouse-10-20-10-2-1/warehouse-10-20-10-2-1-random-2_a50_s0_r0,5053,0.098,"{""agents"": ""50"", ""comp_time"": ""98"", ""makespan"": ""178"", ""makespan_lb"": ""178"", ""map_file"": ""warehouse-10-20-10-2-1.map"", ""seed"": ""0"", ""soc"": ""5053"", ""soc_lb"": ""4514"", ""solved"": ""1"", ""solver"": ""planner"", ""sum_of_loss"": ""4651"", ""sum_of_loss_lb"": ""4514""}"
lg_lacam_fork:lacam,"LaCAM (no guidance, first solution)",warehouse-10-20-10-2-1,warehouse-10-20-10-2-1-random-2,50,2,30.0,solved,0.174159,0.052,5218,178,4797,4514,178,1.155959,0,,/home/carsten/Projects/MAPF/MAPF Evaluator/results/tlcpp-warehouse-10-20-2-1/runs/lg_lacam_fork_lacam/warehouse-10-20-10-2-1/warehouse-10-20-10-2-1-random-2_a50_s2_r0,5218,0.052,"{""agents"": ""50"", ""comp_time"": ""52"", ""makespan"": ""178"", ""makespan_lb"": ""178"", ""map_file"": ""warehouse-10-20-10-2-1.map"", ""seed"": ""2"", ""soc"": ""5218"", ""soc_lb"": ""4514"", ""solved"": ""1"", ""solver"": ""planner"", ""sum_of_loss"": ""4811"", ""sum_of_loss_lb"": ""4514""}"
lg_lacam_fork:lg_suo_tl,LG-LaCAM (window 20) + SUO + traffic load,warehouse-10-20-10-2-1,warehouse-10-20-10-2-1-random-1,200,2,30.0,solved,0.444455,0.319,17833,198,16704,16019,198,1.113241,0,,/home/carsten/Projects/MAPF/MAPF Evaluator/results/tlcpp-warehouse-10-20-2-1/runs/lg_lacam_fork_lg_suo_tl/warehouse-10-20-10-2-1/warehouse-10-20-10-2-1-random-1_a200_s2_r0,17833,0.319,"{""agents"": ""200"", ""comp_time"": ""319"", ""makespan"": ""198"", ""makespan_lb"": ""198"", ""map_file"": ""warehouse-10-20-10-2-1.map"", ""seed"": ""2"", ""soc"": ""17833"", ""soc_lb"": ""16019"", ""solved"": ""1"", ""solver"": ""planner"", ""sum_of_loss"": ""16746"", ""sum_of_loss_lb"": ""16019""}"
lg_lacam_fork:lg_suo_tl,LG-LaCAM (window 20) + SUO + traffic load,warehouse-10-20-10-2-1,warehouse-10-20-10-2-1-random-1,200,1,30.0,solved,0.853361,0.489,17824,198,16715,16019,198,1.112679,0,,/home/carsten/Projects/MAPF/MAPF Evaluator/results/tlcpp-warehouse-10-20-2-1/runs/lg_lacam_fork_lg_suo_tl/warehouse-10-20-10-2-1/warehouse-10-20-10-2-1-random-1_a200_s1_r0,17824,0.489,"{""agents"": ""200"", ""comp_time"": ""489"", ""makespan"": ""198"", ""makespan_lb"": ""198"", ""map_file"": ""warehouse-10-20-10-2-1.map"", ""seed"": ""1"", ""soc"": ""17824"", ""soc_lb"": ""16019"", ""solved"": ""1"", ""solver"": ""planner"", ""sum_of_loss"": ""16756"", ""sum_of_loss_lb"": ""16019""}"
lg_lacam_fork:tl,"LaCAM + traffic load (tie-break, per config)",warehouse-10-20-10-2-1,warehouse-10-20-10-2-1-random-2,50,2,30.0,solved,0.09602,0.038,4929,178,4613,4514,178,1.091936,0,,/home/carsten/Projects/MAPF/MAPF Evaluator/results/tlcpp-warehouse-10-20-2-1/runs/lg_lacam_fork_tl/warehouse-10-20-10-2-1/warehouse-10-20-10-2-1-random-2_a50_s2_r0,4929,0.038,"{""agents"": ""50"", ""comp_time"": ""38"", ""makespan"": ""178"", ""makespan_lb"": ""178"", ""map_file"": ""warehouse-10-20-10-2-1.map"", ""seed"": ""2"", ""soc"": ""4929"", ""soc_lb"": ""4514"", ""solved"": ""1"", ""solver"": ""planner"", ""sum_of_loss"": ""4622"", ""sum_of_loss_lb"": ""4514""}"
lg_lacam_fork:tl,"LaCAM + traffic load (tie-break, per config)",warehouse-10-20-10-2-1,warehouse-10-20-10-2-1-random-2,50,1,30.0,solved,0.155807,0.058,4982,178,4684,4514,178,1.103677,0,,/home/carsten/Projects/MAPF/MAPF Evaluator/results/tlcpp-warehouse-10-20-2-1/runs/lg_lacam_fork_tl/warehouse-10-20-10-2-1/warehouse-10-20-10-2-1-random-2_a50_s1_r0,4982,0.058,"{""agents"": ""50"", ""comp_time"": ""58"", ""makespan"": ""178"", ""makespan_lb"": ""178"", ""map_file"": ""warehouse-10-20-10-2-1.map"", ""seed"": ""1"", ""soc"": ""4982"", ""soc_lb"": ""4514"", ""solved"": ""1"", ""solver"": ""planner"", ""sum_of_loss"": ""4693"", ""sum_of_loss_lb"": ""4514""}"
lg_lacam_fork:tl_agent,"LaCAM + traffic load (tie-break, per agent)",warehouse-10-20-10-2-1,warehouse-10-20-10-2-1-random-2,50,0,30.0,solved,0.125481,0.08,5046,178,4642,4514,178,1.117856,0,,/home/carsten/Projects/MAPF/MAPF Evaluator/results/tlcpp-warehouse-10-20-2-1/runs/lg_lacam_fork_tl_agent/warehouse-10-20-10-2-1/warehouse-10-20-10-2-1-random-2_a50_s0_r0,5046,0.08,"{""agents"": ""50"", ""comp_time"": ""80"", ""makespan"": ""178"", ""makespan_lb"": ""178"", ""map_file"": ""warehouse-10-20-10-2-1.map"", ""seed"": ""0"", ""soc"": ""5046"", ""soc_lb"": ""4514"", ""solved"": ""1"", ""solver"": ""planner"", ""sum_of_loss"": ""4652"", ""sum_of_loss_lb"": ""4514""}"
lg_lacam_fork:tl_agent,"LaCAM + traffic load (tie-break, per agent)",warehouse-10-20-10-2-1,warehouse-10-20-10-2-1-random-2,50,1,30.0,solved,0.158128,0.055,5045,178,4710,4514,178,1.117634,0,,/home/carsten/Projects/MAPF/MAPF Evaluator/results/tlcpp-warehouse-10-20-2-1/runs/lg_lacam_fork_tl_agent/warehouse-10-20-10-2-1/warehouse-10-20-10-2-1-random-2_a50_s1_r0,5045,0.055,"{""agents"": ""50"", ""comp_time"": ""55"", ""makespan"": ""178"", ""makespan_lb"": ""178"", ""map_file"": ""warehouse-10-20-10-2-1.map"", ""seed"": ""1"", ""soc"": ""5045"", ""soc_lb"": ""4514"", ""solved"": ""1"", ""solver"": ""planner"", ""sum_of_loss"": ""4724"", ""sum_of_loss_lb"": ""4514""}"
lg_lacam_fork:tl_agent,"LaCAM + traffic load (tie-break, per agent)",warehouse-10-20-10-2-1,warehouse-10-20-10-2-1-random-2,50,2,30.0,solved,0.122564,0.086,5029,178,4637,4514,178,1.114089,0,,/home/carsten/Projects/MAPF/MAPF Evaluator/results/tlcpp-warehouse-10-20-2-1/runs/lg_lacam_fork_tl_agent/warehouse-10-20-10-2-1/warehouse-10-20-10-2-1-random-2_a50_s2_r0,5029,0.086,"{""agents"": ""50"", ""comp_time"": ""86"", ""makespan"": ""178"", ""makespan_lb"": ""178"", ""map_file"": ""warehouse-10-20-10-2-1.map"", ""seed"": ""2"", ""soc"": ""5029"", ""soc_lb"": ""4514"", ""solved"": ""1"", ""solver"": ""planner"", ""sum_of_loss"": ""4649"", ""sum_of_loss_lb"": ""4514""}"
lg_lacam_fork:tl_static,LaCAM + traffic load (static map from starts),warehouse-10-20-10-2-1,warehouse-10-20-10-2-1-random-2,50,0,30.0,solved,0.084496,0.044,5129,178,4787,4514,178,1.136243,0,,/home/carsten/Projects/MAPF/MAPF Evaluator/results/tlcpp-warehouse-10-20-2-1/runs/lg_lacam_fork_tl_static/warehouse-10-20-10-2-1/warehouse-10-20-10-2-1-random-2_a50_s0_r0,5129,0.044,"{""agents"": ""50"", ""comp_time"": ""44"", ""makespan"": ""178"", ""makespan_lb"": ""178"", ""map_file"": ""warehouse-10-20-10-2-1.map"", ""seed"": ""0"", ""soc"": ""5129"", ""soc_lb"": ""4514"", ""solved"": ""1"", ""solver"": ""planner"", ""sum_of_loss"": ""4802"", ""sum_of_loss_lb"": ""4514""}"
lg_lacam_fork:tl_static,LaCAM + traffic load (static map from starts),warehouse-10-20-10-2-1,warehouse-10-20-10-2-1-random-2,50,1,30.0,solved,0.112647,0.029,5305,179,4906,4514,178,1.175233,0,,/home/carsten/Projects/MAPF/MAPF Evaluator/results/tlcpp-warehouse-10-20-2-1/runs/lg_lacam_fork_tl_static/warehouse-10-20-10-2-1/warehouse-10-20-10-2-1-random-2_a50_s1_r0,5305,0.029,"{""agents"": ""50"", ""comp_time"": ""29"", ""makespan"": ""179"", ""makespan_lb"": ""178"", ""map_file"": ""warehouse-10-20-10-2-1.map"", ""seed"": ""1"", ""soc"": ""5305"", ""soc_lb"": ""4514"", ""solved"": ""1"", ""solver"": ""planner"", ""sum_of_loss"": ""4921"", ""sum_of_loss_lb"": ""4514""}"
lg_lacam_fork:suo,LaCAM3 = SUO (first solution),warehouse-10-20-10-2-1,warehouse-10-20-10-2-1-random-2,50,0,30.0,solved,0.112874,0.031,4544,178,4544,4514,178,1.006646,0,,/home/carsten/Projects/MAPF/MAPF Evaluator/results/tlcpp-warehouse-10-20-2-1/runs/lg_lacam_fork_suo/warehouse-10-20-10-2-1/warehouse-10-20-10-2-1-random-2_a50_s0_r0,4544,0.031,"{""agents"": ""50"", ""comp_time"": ""31"", ""makespan"": ""178"", ""makespan_lb"": ""178"", ""map_file"": ""warehouse-10-20-10-2-1.map"", ""seed"": ""0"", ""soc"": ""4544"", ""soc_lb"": ""4514"", ""solved"": ""1"", ""solver"": ""planner"", ""sum_of_loss"": ""4544"", ""sum_of_loss_lb"": ""4514""}"
lg_lacam_fork:suo,LaCAM3 = SUO (first solution),warehouse-10-20-10-2-1,warehouse-10-20-10-2-1-random-2,50,1,30.0,solved,0.180228,0.121,4538,178,4538,4514,178,1.005317,0,,/home/carsten/Projects/MAPF/MAPF Evaluator/results/tlcpp-warehouse-10-20-2-1/runs/lg_lacam_fork_suo/warehouse-10-20-10-2-1/warehouse-10-20-10-2-1-random-2_a50_s1_r0,4538,0.121,"{""agents"": ""50"", ""comp_time"": ""121"", ""makespan"": ""178"", ""makespan_lb"": ""178"", ""map_file"": ""warehouse-10-20-10-2-1.map"", ""seed"": ""1"", ""soc"": ""4538"", ""soc_lb"": ""4514"", ""solved"": ""1"", ""solver"": ""planner"", ""sum_of_loss"": ""4538"", ""sum_of_loss_lb"": ""4514""}"
lg_lacam_fork:tl_static,LaCAM + traffic load (static map from starts),warehouse-10-20-10-2-1,warehouse-10-20-10-2-1-random-2,50,2,30.0,solved,0.253416,0.137,5123,181,4847,4514,178,1.134914,0,,/home/carsten/Projects/MAPF/MAPF Evaluator/results/tlcpp-warehouse-10-20-2-1/runs/lg_lacam_fork_tl_static/warehouse-10-20-10-2-1/warehouse-10-20-10-2-1-random-2_a50_s2_r0,5123,0.137,"{""agents"": ""50"", ""comp_time"": ""137"", ""makespan"": ""181"", ""makespan_lb"": ""178"", ""map_file"": ""warehouse-10-20-10-2-1.map"", ""seed"": ""2"", ""soc"": ""5123"", ""soc_lb"": ""4514"", ""solved"": ""1"", ""solver"": ""planner"", ""sum_of_loss"": ""4859"", ""sum_of_loss_lb"": ""4514""}"
lg_lacam_fork:suo,LaCAM3 = SUO (first solution),warehouse-10-20-10-2-1,warehouse-10-20-10-2-1-random-2,50,2,30.0,solved,0.087451,0.015,4555,178,4555,4514,178,1.009083,0,,/home/carsten/Projects/MAPF/MAPF Evaluator/results/tlcpp-warehouse-10-20-2-1/runs/lg_lacam_fork_suo/warehouse-10-20-10-2-1/warehouse-10-20-10-2-1-random-2_a50_s2_r0,4555,0.015,"{""agents"": ""50"", ""comp_time"": ""15"", ""makespan"": ""178"", ""makespan_lb"": ""178"", ""map_file"": ""warehouse-10-20-10-2-1.map"", ""seed"": ""2"", ""soc"": ""4555"", ""soc_lb"": ""4514"", ""solved"": ""1"", ""solver"": ""planner"", ""sum_of_loss"": ""4555"", ""sum_of_loss_lb"": ""4514""}"
lg_lacam_fork:suo_tl,SUO + traffic load,warehouse-10-20-10-2-1,warehouse-10-20-10-2-1-random-2,50,2,30.0,solved,0.090936,0.022,4556,178,4556,4514,178,1.009304,0,,/home/carsten/Projects/MAPF/MAPF Evaluator/results/tlcpp-warehouse-10-20-2-1/runs/lg_lacam_fork_suo_tl/warehouse-10-20-10-2-1/warehouse-10-20-10-2-1-random-2_a50_s2_r0,4556,0.022,"{""agents"": ""50"", ""comp_time"": ""22"", ""makespan"": ""178"", ""makespan_lb"": ""178"", ""map_file"": ""warehouse-10-20-10-2-1.map"", ""seed"": ""2"", ""soc"": ""4556"", ""soc_lb"": ""4514"", ""solved"": ""1"", ""solver"": ""planner"", ""sum_of_loss"": ""4556"", ""sum_of_loss_lb"": ""4514""}"
lg_lacam_fork:suo_tl,SUO + traffic load,warehouse-10-20-10-2-1,warehouse-10-20-10-2-1-random-2,50,0,30.0,solved,0.072251,0.023,4544,178,4544,4514,178,1.006646,0,,/home/carsten/Projects/MAPF/MAPF Evaluator/results/tlcpp-warehouse-10-20-2-1/runs/lg_lacam_fork_suo_tl/warehouse-10-20-10-2-1/warehouse-10-20-10-2-1-random-2_a50_s0_r0,4544,0.023,"{""agents"": ""50"", ""comp_time"": ""23"", ""makespan"": ""178"", ""makespan_lb"": ""178"", ""map_file"": ""warehouse-10-20-10-2-1.map"", ""seed"": ""0"", ""soc"": ""4544"", ""soc_lb"": ""4514"", ""solved"": ""1"", ""solver"": ""planner"", ""sum_of_loss"": ""4544"", ""sum_of_loss_lb"": ""4514""}"
lg_lacam_fork:suo_tl,SUO + traffic load,warehouse-10-20-10-2-1,warehouse-10-20-10-2-1-random-2,50,1,30.0,solved,0.062478,0.018,4538,178,4538,4514,178,1.005317,0,,/home/carsten/Projects/MAPF/MAPF Evaluator/results/tlcpp-warehouse-10-20-2-1/runs/lg_lacam_fork_suo_tl/warehouse-10-20-10-2-1/warehouse-10-20-10-2-1-random-2_a50_s1_r0,4538,0.018,"{""agents"": ""50"", ""comp_time"": ""18"", ""makespan"": ""178"", ""makespan_lb"": ""178"", ""map_file"": ""warehouse-10-20-10-2-1.map"", ""seed"": ""1"", ""soc"": ""4538"", ""soc_lb"": ""4514"", ""solved"": ""1"", ""solver"": ""planner"", ""sum_of_loss"": ""4538"", ""sum_of_loss_lb"": ""4514""}"
lg_lacam_fork:lg,"LG-LaCAM (window 20, first solution)",warehouse-10-20-10-2-1,warehouse-10-20-10-2-1-random-2,50,0,30.0,solved,0.144578,0.019,4699,178,4562,4514,178,1.040984,0,,/home/carsten/Projects/MAPF/MAPF Evaluator/results/tlcpp-warehouse-10-20-2-1/runs/lg_lacam_fork_lg/warehouse-10-20-10-2-1/warehouse-10-20-10-2-1-random-2_a50_s0_r0,4699,0.019,"{""agents"": ""50"", ""comp_time"": ""19"", ""makespan"": ""178"", ""makespan_lb"": ""178"", ""map_file"": ""warehouse-10-20-10-2-1.map"", ""seed"": ""0"", ""soc"": ""4699"", ""soc_lb"": ""4514"", ""solved"": ""1"", ""solver"": ""planner"", ""sum_of_loss"": ""4566"", ""sum_of_loss_lb"": ""4514""}"
lg_lacam_fork:lg,"LG-LaCAM (window 20, first solution)",warehouse-10-20-10-2-1,warehouse-10-20-10-2-1-random-2,50,1,30.0,solved,0.149301,0.081,4706,178,4570,4514,178,1.042534,0,,/home/carsten/Projects/MAPF/MAPF Evaluator/results/tlcpp-warehouse-10-20-2-1/runs/lg_lacam_fork_lg/warehouse-10-20-10-2-1/warehouse-10-20-10-2-1-random-2_a50_s1_r0,4706,0.081,"{""agents"": ""50"", ""comp_time"": ""81"", ""makespan"": ""178"", ""makespan_lb"": ""178"", ""map_file"": ""warehouse-10-20-10-2-1.map"", ""seed"": ""1"", ""soc"": ""4706"", ""soc_lb"": ""4514"", ""solved"": ""1"", ""solver"": ""planner"", ""sum_of_loss"": ""4574"", ""sum_of_loss_lb"": ""4514""}"
lg_lacam_fork:lg,"LG-LaCAM (window 20, first solution)",warehouse-10-20-10-2-1,warehouse-10-20-10-2-1-random-2,50,2,30.0,solved,0.081842,0.034,4826,178,4609,4514,178,1.069118,0,,/home/carsten/Projects/MAPF/MAPF Evaluator/results/tlcpp-warehouse-10-20-2-1/runs/lg_lacam_fork_lg/warehouse-10-20-10-2-1/warehouse-10-20-10-2-1-random-2_a50_s2_r0,4826,0.034,"{""agents"": ""50"", ""comp_time"": ""34"", ""makespan"": ""178"", ""makespan_lb"": ""178"", ""map_file"": ""warehouse-10-20-10-2-1.map"", ""seed"": ""2"", ""soc"": ""4826"", ""soc_lb"": ""4514"", ""solved"": ""1"", ""solver"": ""planner"", ""sum_of_loss"": ""4615"", ""sum_of_loss_lb"": ""4514""}"
lg_lacam_fork:lg_tl,LG-LaCAM (window 20) + traffic load,warehouse-10-20-10-2-1,warehouse-10-20-10-2-1-random-2,50,0,30.0,solved,0.163126,0.106,4768,178,4571,4514,178,1.056269,0,,/home/carsten/Projects/MAPF/MAPF Evaluator/results/tlcpp-warehouse-10-20-2-1/runs/lg_lacam_fork_lg_tl/warehouse-10-20-10-2-1/warehouse-10-20-10-2-1-random-2_a50_s0_r0,4768,0.106,"{""agents"": ""50"", ""comp_time"": ""106"", ""makespan"": ""178"", ""makespan_lb"": ""178"", ""map_file"": ""warehouse-10-20-10-2-1.map"", ""seed"": ""0"", ""soc"": ""4768"", ""soc_lb"": ""4514"", ""solved"": ""1"", ""solver"": ""planner"", ""sum_of_loss"": ""4576"", ""sum_of_loss_lb"": ""4514""}"
lg_lacam_fork:lg_tl,LG-LaCAM (window 20) + traffic load,warehouse-10-20-10-2-1,warehouse-10-20-10-2-1-random-2,50,1,30.0,solved,0.126121,0.064,4706,178,4570,4514,178,1.042534,0,,/home/carsten/Projects/MAPF/MAPF Evaluator/results/tlcpp-warehouse-10-20-2-1/runs/lg_lacam_fork_lg_tl/warehouse-10-20-10-2-1/warehouse-10-20-10-2-1-random-2_a50_s1_r0,4706,0.064,"{""agents"": ""50"", ""comp_time"": ""64"", ""makespan"": ""178"", ""makespan_lb"": ""178"", ""map_file"": ""warehouse-10-20-10-2-1.map"", ""seed"": ""1"", ""soc"": ""4706"", ""soc_lb"": ""4514"", ""solved"": ""1"", ""solver"": ""planner"", ""sum_of_loss"": ""4574"", ""sum_of_loss_lb"": ""4514""}"
lg_lacam_fork:lg_tl,LG-LaCAM (window 20) + traffic load,warehouse-10-20-10-2-1,warehouse-10-20-10-2-1-random-2,50,2,30.0,solved,0.156785,0.098,4804,178,4587,4514,178,1.064245,0,,/home/carsten/Projects/MAPF/MAPF Evaluator/results/tlcpp-warehouse-10-20-2-1/runs/lg_lacam_fork_lg_tl/warehouse-10-20-10-2-1/warehouse-10-20-10-2-1-random-2_a50_s2_r0,4804,0.098,"{""agents"": ""50"", ""comp_time"": ""98"", ""makespan"": ""178"", ""makespan_lb"": ""178"", ""map_file"": ""warehouse-10-20-10-2-1.map"", ""seed"": ""2"", ""soc"": ""4804"", ""soc_lb"": ""4514"", ""solved"": ""1"", ""solver"": ""planner"", ""sum_of_loss"": ""4593"", ""sum_of_loss_lb"": ""4514""}"
lg_lacam_fork:lg_suo,LG-LaCAM (window 20) + SUO,warehouse-10-20-10-2-1,warehouse-10-20-10-2-1-random-2,50,0,30.0,solved,0.133175,0.083,4620,178,4560,4514,178,1.023482,0,,/home/carsten/Projects/MAPF/MAPF Evaluator/results/tlcpp-warehouse-10-20-2-1/runs/lg_lacam_fork_lg_suo/warehouse-10-20-10-2-1/warehouse-10-20-10-2-1-random-2_a50_s0_r0,4620,0.083,"{""agents"": ""50"", ""comp_time"": ""83"", ""makespan"": ""178"", ""makespan_lb"": ""178"", ""map_file"": ""warehouse-10-20-10-2-1.map"", ""seed"": ""0"", ""soc"": ""4620"", ""soc_lb"": ""4514"", ""solved"": ""1"", ""solver"": ""planner"", ""sum_of_loss"": ""4561"", ""sum_of_loss_lb"": ""4514""}"
lg_lacam_fork:lg_suo,LG-LaCAM (window 20) + SUO,warehouse-10-20-10-2-1,warehouse-10-20-10-2-1-random-2,50,1,30.0,solved,0.161405,0.066,4531,178,4531,4514,178,1.003766,0,,/home/carsten/Projects/MAPF/MAPF Evaluator/results/tlcpp-warehouse-10-20-2-1/runs/lg_lacam_fork_lg_suo/warehouse-10-20-10-2-1/warehouse-10-20-10-2-1-random-2_a50_s1_r0,4531,0.066,"{""agents"": ""50"", ""comp_time"": ""66"", ""makespan"": ""178"", ""makespan_lb"": ""178"", ""map_file"": ""warehouse-10-20-10-2-1.map"", ""seed"": ""1"", ""soc"": ""4531"", ""soc_lb"": ""4514"", ""solved"": ""1"", ""solver"": ""planner"", ""sum_of_loss"": ""4531"", ""sum_of_loss_lb"": ""4514""}"
lg_lacam_fork:lg_suo,LG-LaCAM (window 20) + SUO,warehouse-10-20-10-2-1,warehouse-10-20-10-2-1-random-2,50,2,30.0,solved,0.159492,0.061,4632,178,4572,4514,178,1.026141,0,,/home/carsten/Projects/MAPF/MAPF Evaluator/results/tlcpp-warehouse-10-20-2-1/runs/lg_lacam_fork_lg_suo/warehouse-10-20-10-2-1/warehouse-10-20-10-2-1-random-2_a50_s2_r0,4632,0.061,"{""agents"": ""50"", ""comp_time"": ""61"", ""makespan"": ""178"", ""makespan_lb"": ""178"", ""map_file"": ""warehouse-10-20-10-2-1.map"", ""seed"": ""2"", ""soc"": ""4632"", ""soc_lb"": ""4514"", ""solved"": ""1"", ""solver"": ""planner"", ""sum_of_loss"": ""4573"", ""sum_of_loss_lb"": ""4514""}"
lg_lacam_fork:lg_suo_tl,LG-LaCAM (window 20) + SUO + traffic load,warehouse-10-20-10-2-1,warehouse-10-20-10-2-1-random-2,50,0,30.0,solved,0.229217,0.104,4620,178,4560,4514,178,1.023482,0,,/home/carsten/Projects/MAPF/MAPF Evaluator/results/tlcpp-warehouse-10-20-2-1/runs/lg_lacam_fork_lg_suo_tl/warehouse-10-20-10-2-1/warehouse-10-20-10-2-1-random-2_a50_s0_r0,4620,0.104,"{""agents"": ""50"", ""comp_time"": ""104"", ""makespan"": ""178"", ""makespan_lb"": ""178"", ""map_file"": ""warehouse-10-20-10-2-1.map"", ""seed"": ""0"", ""soc"": ""4620"", ""soc_lb"": ""4514"", ""solved"": ""1"", ""solver"": ""planner"", ""sum_of_loss"": ""4561"", ""sum_of_loss_lb"": ""4514""}"
lg_lacam_fork:lg_suo_tl,LG-LaCAM (window 20) + SUO + traffic load,warehouse-10-20-10-2-1,warehouse-10-20-10-2-1-random-2,50,1,30.0,solved,0.312715,0.181,4531,178,4531,4514,178,1.003766,0,,/home/carsten/Projects/MAPF/MAPF Evaluator/results/tlcpp-warehouse-10-20-2-1/runs/lg_lacam_fork_lg_suo_tl/warehouse-10-20-10-2-1/warehouse-10-20-10-2-1-random-2_a50_s1_r0,4531,0.181,"{""agents"": ""50"", ""comp_time"": ""181"", ""makespan"": ""178"", ""makespan_lb"": ""178"", ""map_file"": ""warehouse-10-20-10-2-1.map"", ""seed"": ""1"", ""soc"": ""4531"", ""soc_lb"": ""4514"", ""solved"": ""1"", ""solver"": ""planner"", ""sum_of_loss"": ""4531"", ""sum_of_loss_lb"": ""4514""}"
lg_lacam_fork:lg_suo_tl,LG-LaCAM (window 20) + SUO + traffic load,warehouse-10-20-10-2-1,warehouse-10-20-10-2-1-random-2,50,2,30.0,solved,0.186867,0.112,4632,178,4572,4514,178,1.026141,0,,/home/carsten/Projects/MAPF/MAPF Evaluator/results/tlcpp-warehouse-10-20-2-1/runs/lg_lacam_fork_lg_suo_tl/warehouse-10-20-10-2-1/warehouse-10-20-10-2-1-random-2_a50_s2_r0,4632,0.112,"{""agents"": ""50"", ""comp_time"": ""112"", ""makespan"": ""178"", ""makespan_lb"": ""178"", ""map_file"": ""warehouse-10-20-10-2-1.map"", ""seed"": ""2"", ""soc"": ""4632"", ""soc_lb"": ""4514"", ""solved"": ""1"", ""solver"": ""planner"", ""sum_of_loss"": ""4573"", ""sum_of_loss_lb"": ""4514""}"
lg_lacam_fork:lacam,"LaCAM (no guidance, first solution)",warehouse-10-20-10-2-1,warehouse-10-20-10-2-1-random-2,100,0,30.0,solved,0.124547,0.041,11326,194,10557,8963,194,1.263639,0,,/home/carsten/Projects/MAPF/MAPF Evaluator/results/tlcpp-warehouse-10-20-2-1/runs/lg_lacam_fork_lacam/warehouse-10-20-10-2-1/warehouse-10-20-10-2-1-random-2_a100_s0_r0,11326,0.041,"{""agents"": ""100"", ""comp_time"": ""41"", ""makespan"": ""194"", ""makespan_lb"": ""194"", ""map_file"": ""warehouse-10-20-10-2-1.map"", ""seed"": ""0"", ""soc"": ""11326"", ""soc_lb"": ""8963"", ""solved"": ""1"", ""solver"": ""planner"", ""sum_of_loss"": ""10599"", ""sum_of_loss_lb"": ""8963""}"
lg_lacam_fork:lacam,"LaCAM (no guidance, first solution)",warehouse-10-20-10-2-1,warehouse-10-20-10-2-1-random-2,100,1,30.0,solved,0.361917,0.105,11525,203,10415,8963,194,1.285842,0,,/home/carsten/Projects/MAPF/MAPF Evaluator/results/tlcpp-warehouse-10-20-2-1/runs/lg_lacam_fork_lacam/warehouse-10-20-10-2-1/warehouse-10-20-10-2-1-random-2_a100_s1_r0,11525,0.105,"{""agents"": ""100"", ""comp_time"": ""105"", ""makespan"": ""203"", ""makespan_lb"": ""194"", ""map_file"": ""warehouse-10-20-10-2-1.map"", ""seed"": ""1"", ""soc"": ""11525"", ""soc_lb"": ""8963"", ""solved"": ""1"", ""solver"": ""planner"", ""sum_of_loss"": ""10460"", ""sum_of_loss_lb"": ""8963""}"
lg_lacam_fork:lacam,"LaCAM (no guidance, first solution)",warehouse-10-20-10-2-1,warehouse-10-20-10-2-1-random-2,100,2,30.0,solved,0.285487,0.086,11225,197,10215,8963,194,1.252371,0,,/home/carsten/Projects/MAPF/MAPF Evaluator/results/tlcpp-warehouse-10-20-2-1/runs/lg_lacam_fork_lacam/warehouse-10-20-10-2-1/warehouse-10-20-10-2-1-random-2_a100_s2_r0,11225,0.086,"{""agents"": ""100"", ""comp_time"": ""86"", ""makespan"": ""197"", ""makespan_lb"": ""194"", ""map_file"": ""warehouse-10-20-10-2-1.map"", ""seed"": ""2"", ""soc"": ""11225"", ""soc_lb"": ""8963"", ""solved"": ""1"", ""solver"": ""planner"", ""sum_of_loss"": ""10254"", ""sum_of_loss_lb"": ""8963""}"
lg_lacam_fork:tl,"LaCAM + traffic load (tie-break, per config)",warehouse-10-20-10-2-1,warehouse-10-20-10-2-1-random-2,100,0,30.0,solved,0.187454,0.096,10642,194,9665,8963,194,1.187326,0,,/home/carsten/Projects/MAPF/MAPF Evaluator/results/tlcpp-warehouse-10-20-2-1/runs/lg_lacam_fork_tl/warehouse-10-20-10-2-1/warehouse-10-20-10-2-1-random-2_a100_s0_r0,10642,0.096,"{""agents"": ""100"", ""comp_time"": ""96"", ""makespan"": ""194"", ""makespan_lb"": ""194"", ""map_file"": ""warehouse-10-20-10-2-1.map"", ""seed"": ""0"", ""soc"": ""10642"", ""soc_lb"": ""8963"", ""solved"": ""1"", ""solver"": ""planner"", ""sum_of_loss"": ""9707"", ""sum_of_loss_lb"": ""8963""}"
lg_lacam_fork:tl,"LaCAM + traffic load (tie-break, per config)",warehouse-10-20-10-2-1,warehouse-10-20-10-2-1-random-2,100,1,30.0,solved,0.305822,0.201,10535,194,9713,8963,194,1.175388,0,,/home/carsten/Projects/MAPF/MAPF Evaluator/results/tlcpp-warehouse-10-20-2-1/runs/lg_lacam_fork_tl/warehouse-10-20-10-2-1/warehouse-10-20-10-2-1-random-2_a100_s1_r0,10535,0.201,"{""agents"": ""100"", ""comp_time"": ""201"", ""makespan"": ""194"", ""makespan_lb"": ""194"", ""map_file"": ""warehouse-10-20-10-2-1.map"", ""seed"": ""1"", ""soc"": ""10535"", ""soc_lb"": ""8963"", ""solved"": ""1"", ""solver"": ""planner"", ""sum_of_loss"": ""9755"", ""sum_of_loss_lb"": ""8963""}"
lg_lacam_fork:tl,"LaCAM + traffic load (tie-break, per config)",warehouse-10-20-10-2-1,warehouse-10-20-10-2-1-random-2,100,2,30.0,solved,0.293161,0.109,10894,194,9822,8963,194,1.215441,0,,/home/carsten/Projects/MAPF/MAPF Evaluator/results/tlcpp-warehouse-10-20-2-1/runs/lg_lacam_fork_tl/warehouse-10-20-10-2-1/warehouse-10-20-10-2-1-random-2_a100_s2_r0,10894,0.109,"{""agents"": ""100"", ""comp_time"": ""109"", ""makespan"": ""194"", ""makespan_lb"": ""194"", ""map_file"": ""warehouse-10-20-10-2-1.map"", ""seed"": ""2"", ""soc"": ""10894"", ""soc_lb"": ""8963"", ""solved"": ""1"", ""solver"": ""planner"", ""sum_of_loss"": ""9870"", ""sum_of_loss_lb"": ""8963""}"
lg_lacam_fork:tl_agent,"LaCAM + traffic load (tie-break, per agent)",warehouse-10-20-10-2-1,warehouse-10-20-10-2-1-random-2,100,0,30.0,solved,0.256665,0.132,10680,194,9612,8963,194,1.191565,0,,/home/carsten/Projects/MAPF/MAPF Evaluator/results/tlcpp-warehouse-10-20-2-1/runs/lg_lacam_fork_tl_agent/warehouse-10-20-10-2-1/warehouse-10-20-10-2-1-random-2_a100_s0_r0,10680,0.132,"{""agents"": ""100"", ""comp_time"": ""132"", ""makespan"": ""194"", ""makespan_lb"": ""194"", ""map_file"": ""warehouse-10-20-10-2-1.map"", ""seed"": ""0"", ""soc"": ""10680"", ""soc_lb"": ""8963"", ""solved"": ""1"", ""solver"": ""planner"", ""sum_of_loss"": ""9653"", ""sum_of_loss_lb"": ""8963""}"
lg_lacam_fork:tl_agent,"LaCAM + traffic load (tie-break, per agent)",warehouse-10-20-10-2-1,warehouse-10-20-10-2-1-random-2,100,1,30.0,solved,0.259013,0.143,10797,194,9737,8963,194,1.204619,0,,/home/carsten/Projects/MAPF/MAPF Evaluator/results/tlcpp-warehouse-10-20-2-1/runs/lg_lacam_fork_tl_agent/warehouse-10-20-10-2-1/warehouse-10-20-10-2-1-random-2_a100_s1_r0,10797,0.143,"{""agents"": ""100"", ""comp_time"": ""143"", ""makespan"": ""194"", ""makespan_lb"": ""194"", ""map_file"": ""warehouse-10-20-10-2-1.map"", ""seed"": ""1"", ""soc"": ""10797"", ""soc_lb"": ""8963"", ""solved"": ""1"", ""solver"": ""planner"", ""sum_of_loss"": ""9779"", ""sum_of_loss_lb"": ""8963""}"
lg_lacam_fork:tl_agent,"LaCAM + traffic load (tie-break, per agent)",warehouse-10-20-10-2-1,warehouse-10-20-10-2-1-random-2,100,2,30.0,solved,0.242202,0.192,10682,194,9577,8963,194,1.191788,0,,/home/carsten/Projects/MAPF/MAPF Evaluator/results/tlcpp-warehouse-10-20-2-1/runs/lg_lacam_fork_tl_agent/warehouse-10-20-10-2-1/warehouse-10-20-10-2-1-random-2_a100_s2_r0,10682,0.192,"{""agents"": ""100"", ""comp_time"": ""192"", ""makespan"": ""194"", ""makespan_lb"": ""194"", ""map_file"": ""warehouse-10-20-10-2-1.map"", ""seed"": ""2"", ""soc"": ""10682"", ""soc_lb"": ""8963"", ""solved"": ""1"", ""solver"": ""planner"", ""sum_of_loss"": ""9623"", ""sum_of_loss_lb"": ""8963""}"
lg_lacam_fork:tl_static,LaCAM + traffic load (static map from starts),warehouse-10-20-10-2-1,warehouse-10-20-10-2-1-random-2,100,0,30.0,solved,0.176891,0.068,12061,252,11022,8963,194,1.345643,0,,/home/carsten/Projects/MAPF/MAPF Evaluator/results/tlcpp-warehouse-10-20-2-1/runs/lg_lacam_fork_tl_static/warehouse-10-20-10-2-1/warehouse-10-20-10-2-1-random-2_a100_s0_r0,12061,0.068,"{""agents"": ""100"", ""comp_time"": ""68"", ""makespan"": ""252"", ""makespan_lb"": ""194"", ""map_file"": ""warehouse-10-20-10-2-1.map"", ""seed"": ""0"", ""soc"": ""12061"", ""soc_lb"": ""8963"", ""solved"": ""1"", ""solver"": ""planner"", ""sum_of_loss"": ""11070"", ""sum_of_loss_lb"": ""8963""}"
lg_lacam_fork:tl_static,LaCAM + traffic load (static map from starts),warehouse-10-20-10-2-1,warehouse-10-20-10-2-1-random-2,100,1,30.0,solved,0.096511,0.038,12271,285,11107,8963,194,1.369073,0,,/home/carsten/Projects/MAPF/MAPF Evaluator/results/tlcpp-warehouse-10-20-2-1/runs/lg_lacam_fork_tl_static/warehouse-10-20-10-2-1/warehouse-10-20-10-2-1-random-2_a100_s1_r0,12271,0.038,"{""agents"": ""100"", ""comp_time"": ""38"", ""makespan"": ""285"", ""makespan_lb"": ""194"", ""map_file"": ""warehouse-10-20-10-2-1.map"", ""seed"": ""1"", ""soc"": ""12271"", ""soc_lb"": ""8963"", ""solved"": ""1"", ""solver"": ""planner"", ""sum_of_loss"": ""11152"", ""sum_of_loss_lb"": ""8963""}"
lg_lacam_fork:tl_static,LaCAM + traffic load (static map from starts),warehouse-10-20-10-2-1,warehouse-10-20-10-2-1-random-2,100,2,30.0,solved,0.195641,0.076,12090,287,10932,8963,194,1.348879,0,,/home/carsten/Projects/MAPF/MAPF Evaluator/results/tlcpp-warehouse-10-20-2-1/runs/lg_lacam_fork_tl_static/warehouse-10-20-10-2-1/warehouse-10-20-10-2-1-random-2_a100_s2_r0,12090,0.076,"{""agents"": ""100"", ""comp_time"": ""76"", ""makespan"": ""287"", ""makespan_lb"": ""194"", ""map_file"": ""warehouse-10-20-10-2-1.map"", ""seed"": ""2"", ""soc"": ""12090"", ""soc_lb"": ""8963"", ""solved"": ""1"", ""solver"": ""planner"", ""sum_of_loss"": ""10974"", ""sum_of_loss_lb"": ""8963""}"
lg_lacam_fork:suo,LaCAM3 = SUO (first solution),warehouse-10-20-10-2-1,warehouse-10-20-10-2-1-random-2,100,0,30.0,solved,0.151639,0.079,9037,194,9016,8963,194,1.008256,0,,/home/carsten/Projects/MAPF/MAPF Evaluator/results/tlcpp-warehouse-10-20-2-1/runs/lg_lacam_fork_suo/warehouse-10-20-10-2-1/warehouse-10-20-10-2-1-random-2_a100_s0_r0,9037,0.079,"{""agents"": ""100"", ""comp_time"": ""79"", ""makespan"": ""194"", ""makespan_lb"": ""194"", ""map_file"": ""warehouse-10-20-10-2-1.map"", ""seed"": ""0"", ""soc"": ""9037"", ""soc_lb"": ""8963"", ""solved"": ""1"", ""solver"": ""planner"", ""sum_of_loss"": ""9017"", ""sum_of_loss_lb"": ""8963""}"
lg_lacam_fork:suo,LaCAM3 = SUO (first solution),warehouse-10-20-10-2-1,warehouse-10-20-10-2-1-random-2,100,1,30.0,solved,0.337552,0.191,9069,194,9046,8963,194,1.011826,0,,/home/carsten/Projects/MAPF/MAPF Evaluator/results/tlcpp-warehouse-10-20-2-1/runs/lg_lacam_fork_suo/warehouse-10-20-10-2-1/warehouse-10-20-10-2-1-random-2_a100_s1_r0,9069,0.191,"{""agents"": ""100"", ""comp_time"": ""191"", ""makespan"": ""194"", ""makespan_lb"": ""194"", ""map_file"": ""warehouse-10-20-10-2-1.map"", ""seed"": ""1"", ""soc"": ""9069"", ""soc_lb"": ""8963"", ""solved"": ""1"", ""solver"": ""planner"", ""sum_of_loss"": ""9049"", ""sum_of_loss_lb"": ""8963""}"
lg_lacam_fork:suo,LaCAM3 = SUO (first solution),warehouse-10-20-10-2-1,warehouse-10-20-10-2-1-random-2,100,2,30.0,solved,0.14846,0.063,9033,194,9033,8963,194,1.00781,0,,/home/carsten/Projects/MAPF/MAPF Evaluator/results/tlcpp-warehouse-10-20-2-1/runs/lg_lacam_fork_suo/warehouse-10-20-10-2-1/warehouse-10-20-10-2-1-random-2_a100_s2_r0,9033,0.063,"{""agents"": ""100"", ""comp_time"": ""63"", ""makespan"": ""194"", ""makespan_lb"": ""194"", ""map_file"": ""warehouse-10-20-10-2-1.map"", ""seed"": ""2"", ""soc"": ""9033"", ""soc_lb"": ""8963"", ""solved"": ""1"", ""solver"": ""planner"", ""sum_of_loss"": ""9033"", ""sum_of_loss_lb"": ""8963""}"
lg_lacam_fork:suo_tl,SUO + traffic load,warehouse-10-20-10-2-1,warehouse-10-20-10-2-1-random-2,100,0,30.0,solved,0.411847,0.242,9037,194,9016,8963,194,1.008256,0,,/home/carsten/Projects/MAPF/MAPF Evaluator/results/tlcpp-warehouse-10-20-2-1/runs/lg_lacam_fork_suo_tl/warehouse-10-20-10-2-1/warehouse-10-20-10-2-1-random-2_a100_s0_r0,9037,0.242,"{""agents"": ""100"", ""comp_time"": ""242"", ""makespan"": ""194"", ""makespan_lb"": ""194"", ""map_file"": ""warehouse-10-20-10-2-1.map"", ""seed"": ""0"", ""soc"": ""9037"", ""soc_lb"": ""8963"", ""solved"": ""1"", ""solver"": ""planner"", ""sum_of_loss"": ""9017"", ""sum_of_loss_lb"": ""8963""}"
lg_lacam_fork:suo_tl,SUO + traffic load,warehouse-10-20-10-2-1,warehouse-10-20-10-2-1-random-2,100,1,30.0,solved,0.182752,0.129,9053,194,9032,8963,194,1.010041,0,,/home/carsten/Projects/MAPF/MAPF Evaluator/results/tlcpp-warehouse-10-20-2-1/runs/lg_lacam_fork_suo_tl/warehouse-10-20-10-2-1/warehouse-10-20-10-2-1-random-2_a100_s1_r0,9053,0.129,"{""agents"": ""100"", ""comp_time"": ""129"", ""makespan"": ""194"", ""makespan_lb"": ""194"", ""map_file"": ""warehouse-10-20-10-2-1.map"", ""seed"": ""1"", ""soc"": ""9053"", ""soc_lb"": ""8963"", ""solved"": ""1"", ""solver"": ""planner"", ""sum_of_loss"": ""9033"", ""sum_of_loss_lb"": ""8963""}"
lg_lacam_fork:suo_tl,SUO + traffic load,warehouse-10-20-10-2-1,warehouse-10-20-10-2-1-random-2,100,2,30.0,solved,0.183699,0.131,9033,194,9033,8963,194,1.00781,0,,/home/carsten/Projects/MAPF/MAPF Evaluator/results/tlcpp-warehouse-10-20-2-1/runs/lg_lacam_fork_suo_tl/warehouse-10-20-10-2-1/warehouse-10-20-10-2-1-random-2_a100_s2_r0,9033,0.131,"{""agents"": ""100"", ""comp_time"": ""131"", ""makespan"": ""194"", ""makespan_lb"": ""194"", ""map_file"": ""warehouse-10-20-10-2-1.map"", ""seed"": ""2"", ""soc"": ""9033"", ""soc_lb"": ""8963"", ""solved"": ""1"", ""solver"": ""planner"", ""sum_of_loss"": ""9033"", ""sum_of_loss_lb"": ""8963""}"
lg_lacam_fork:lg,"LG-LaCAM (window 20, first solution)",warehouse-10-20-10-2-1,warehouse-10-20-10-2-1-random-2,100,0,30.0,solved,0.414308,0.261,9575,196,9229,8963,194,1.068281,0,,/home/carsten/Projects/MAPF/MAPF Evaluator/results/tlcpp-warehouse-10-20-2-1/runs/lg_lacam_fork_lg/warehouse-10-20-10-2-1/warehouse-10-20-10-2-1-random-2_a100_s0_r0,9575,0.261,"{""agents"": ""100"", ""comp_time"": ""261"", ""makespan"": ""196"", ""makespan_lb"": ""194"", ""map_file"": ""warehouse-10-20-10-2-1.map"", ""seed"": ""0"", ""soc"": ""9575"", ""soc_lb"": ""8963"", ""solved"": ""1"", ""solver"": ""planner"", ""sum_of_loss"": ""9246"", ""sum_of_loss_lb"": ""8963""}"
lg_lacam_fork:lg,"LG-LaCAM (window 20, first solution)",warehouse-10-20-10-2-1,warehouse-10-20-10-2-1-random-2,100,1,30.0,solved,0.393848,0.18,9927,196,9427,8963,194,1.107553,0,,/home/carsten/Projects/MAPF/MAPF Evaluator/results/tlcpp-warehouse-10-20-2-1/runs/lg_lacam_fork_lg/warehouse-10-20-10-2-1/warehouse-10-20-10-2-1-random-2_a100_s1_r0,9927,0.18,"{""agents"": ""100"", ""comp_time"": ""180"", ""makespan"": ""196"", ""makespan_lb"": ""194"", ""map_file"": ""warehouse-10-20-10-2-1.map"", ""seed"": ""1"", ""soc"": ""9927"", ""soc_lb"": ""8963"", ""solved"": ""1"", ""solver"": ""planner"", ""sum_of_loss"": ""9448"", ""sum_of_loss_lb"": ""8963""}"
lg_lacam_fork:lg,"LG-LaCAM (window 20, first solution)",warehouse-10-20-10-2-1,warehouse-10-20-10-2-1-random-2,100,2,30.0,solved,0.289491,0.205,9675,196,9264,8963,194,1.079438,0,,/home/carsten/Projects/MAPF/MAPF Evaluator/results/tlcpp-warehouse-10-20-2-1/runs/lg_lacam_fork_lg/warehouse-10-20-10-2-1/warehouse-10-20-10-2-1-random-2_a100_s2_r0,9675,0.205,"{""agents"": ""100"", ""comp_time"": ""205"", ""makespan"": ""196"", ""makespan_lb"": ""194"", ""map_file"": ""warehouse-10-20-10-2-1.map"", ""seed"": ""2"", ""soc"": ""9675"", ""soc_lb"": ""8963"", ""solved"": ""1"", ""solver"": ""planner"", ""sum_of_loss"": ""9278"", ""sum_of_loss_lb"": ""8963""}"
lg_lacam_fork:lg_tl,LG-LaCAM (window 20) + traffic load,warehouse-10-20-10-2-1,warehouse-10-20-10-2-1-random-2,100,0,30.0,solved,0.199783,0.115,9832,196,9296,8963,194,1.096954,0,,/home/carsten/Projects/MAPF/MAPF Evaluator/results/tlcpp-warehouse-10-20-2-1/runs/lg_lacam_fork_lg_tl/warehouse-10-20-10-2-1/warehouse-10-20-10-2-1-random-2_a100_s0_r0,9832,0.115,"{""agents"": ""100"", ""comp_time"": ""115"", ""makespan"": ""196"", ""makespan_lb"": ""194"", ""map_file"": ""warehouse-10-20-10-2-1.map"", ""seed"": ""0"", ""soc"": ""9832"", ""soc_lb"": ""8963"", ""solved"": ""1"", ""solver"": ""planner"", ""sum_of_loss"": ""9317"", ""sum_of_loss_lb"": ""8963""}"
lg_lacam_fork:lg_tl,LG-LaCAM (window 20) + traffic load,warehouse-10-20-10-2-1,warehouse-10-20-10-2-1-random-2,100,1,30.0,solved,0.285862,0.13,9681,194,9231,8963,194,1.080107,0,,/home/carsten/Projects/MAPF/MAPF Evaluator/results/tlcpp-warehouse-10-20-2-1/runs/lg_lacam_fork_lg_tl/warehouse-10-20-10-2-1/warehouse-10-20-10-2-1-random-2_a100_s1_r0,9681,0.13,"{""agents"": ""100"", ""comp_time"": ""130"", ""makespan"": ""194"", ""makespan_lb"": ""194"", ""map_file"": ""warehouse-10-20-10-2-1.map"", ""seed"": ""1"", ""soc"": ""9681"", ""soc_lb"": ""8963"", ""solved"": ""1"", ""solver"": ""planner"", ""sum_of_loss"": ""9249"", ""sum_of_loss_lb"": ""8963""}"
lg_lacam_fork:lg_tl,LG-LaCAM (window 20) + traffic load,warehouse-10-20-10-2-1,warehouse-10-20-10-2-1-random-2,100,2,30.0,solved,0.263918,0.138,9617,196,9251,8963,194,1.072967,0,,/home/carsten/Projects/MAPF/MAPF Evaluator/results/tlcpp-warehouse-10-20-2-1/runs/lg_lacam_fork_lg_tl/warehouse-10-20-10-2-1/warehouse-10-20-10-2-1-random-2_a100_s2_r0,9617,0.138,"{""agents"": ""100"", ""comp_time"": ""138"", ""makespan"": ""196"", ""makespan_lb"": ""194"", ""map_file"": ""warehouse-10-20-10-2-1.map"", ""seed"": ""2"", ""soc"": ""9617"", ""soc_lb"": ""8963"", ""solved"": ""1"", ""solver"": ""planner"", ""sum_of_loss"": ""9265"", ""sum_of_loss_lb"": ""8963""}"
lg_lacam_fork:lg_suo,LG-LaCAM (window 20) + SUO,warehouse-10-20-10-2-1,warehouse-10-20-10-2-1-random-2,100,0,30.0,solved,0.228764,0.119,9096,194,9031,8963,194,1.014839,0,,/home/carsten/Projects/MAPF/MAPF Evaluator/results/tlcpp-warehouse-10-20-2-1/runs/lg_lacam_fork_lg_suo/warehouse-10-20-10-2-1/warehouse-10-20-10-2-1-random-2_a100_s0_r0,9096,0.119,"{""agents"": ""100"", ""comp_time"": ""119"", ""makespan"": ""194"", ""makespan_lb"": ""194"", ""map_file"": ""warehouse-10-20-10-2-1.map"", ""seed"": ""0"", ""soc"": ""9096"", ""soc_lb"": ""8963"", ""solved"": ""1"", ""solver"": ""planner"", ""sum_of_loss"": ""9035"", ""sum_of_loss_lb"": ""8963""}"
lg_lacam_fork:lg_suo,LG-LaCAM (window 20) + SUO,warehouse-10-20-10-2-1,warehouse-10-20-10-2-1-random-2,100,1,30.0,solved,0.465516,0.26,9128,194,9042,8963,194,1.018409,0,,/home/carsten/Projects/MAPF/MAPF Evaluator/results/tlcpp-warehouse-10-20-2-1/runs/lg_lacam_fork_lg_suo/warehouse-10-20-10-2-1/warehouse-10-20-10-2-1-random-2_a100_s1_r0,9128,0.26,"{""agents"": ""100"", ""comp_time"": ""260"", ""makespan"": ""194"", ""makespan_lb"": ""194"", ""map_file"": ""warehouse-10-20-10-2-1.map"", ""seed"": ""1"", ""soc"": ""9128"", ""soc_lb"": ""8963"", ""solved"": ""1"", ""solver"": ""planner"", ""sum_of_loss"": ""9048"", ""sum_of_loss_lb"": ""8963""}"
lg_lacam_fork:lg_suo,LG-LaCAM (window 20) + SUO,warehouse-10-20-10-2-1,warehouse-10-20-10-2-1-random-2,100,2,30.0,solved,0.322447,0.181,9129,194,9065,8963,194,1.018521,0,,/home/carsten/Projects/MAPF/MAPF Evaluator/results/tlcpp-warehouse-10-20-2-1/runs/lg_lacam_fork_lg_suo/warehouse-10-20-10-2-1/warehouse-10-20-10-2-1-random-2_a100_s2_r0,9129,0.181,"{""agents"": ""100"", ""comp_time"": ""181"", ""makespan"": ""194"", ""makespan_lb"": ""194"", ""map_file"": ""warehouse-10-20-10-2-1.map"", ""seed"": ""2"", ""soc"": ""9129"", ""soc_lb"": ""8963"", ""solved"": ""1"", ""solver"": ""planner"", ""sum_of_loss"": ""9069"", ""sum_of_loss_lb"": ""8963""}"
lg_lacam_fork:lg_suo_tl,LG-LaCAM (window 20) + SUO + traffic load,warehouse-10-20-10-2-1,warehouse-10-20-10-2-1-random-2,100,0,30.0,solved,0.252949,0.212,9060,194,8999,8963,194,1.010822,0,,/home/carsten/Projects/MAPF/MAPF Evaluator/results/tlcpp-warehouse-10-20-2-1/runs/lg_lacam_fork_lg_suo_tl/warehouse-10-20-10-2-1/warehouse-10-20-10-2-1-random-2_a100_s0_r0,9060,0.212,"{""agents"": ""100"", ""comp_time"": ""212"", ""makespan"": ""194"", ""makespan_lb"": ""194"", ""map_file"": ""warehouse-10-20-10-2-1.map"", ""seed"": ""0"", ""soc"": ""9060"", ""soc_lb"": ""8963"", ""solved"": ""1"", ""solver"": ""planner"", ""sum_of_loss"": ""9002"", ""sum_of_loss_lb"": ""8963""}"
lg_lacam_fork:lg_suo_tl,LG-LaCAM (window 20) + SUO + traffic load,warehouse-10-20-10-2-1,warehouse-10-20-10-2-1-random-2,100,1,30.0,solved,0.387474,0.275,9109,194,9025,8963,194,1.016289,0,,/home/carsten/Projects/MAPF/MAPF Evaluator/results/tlcpp-warehouse-10-20-2-1/runs/lg_lacam_fork_lg_suo_tl/warehouse-10-20-10-2-1/warehouse-10-20-10-2-1-random-2_a100_s1_r0,9109,0.275,"{""agents"": ""100"", ""comp_time"": ""275"", ""makespan"": ""194"", ""makespan_lb"": ""194"", ""map_file"": ""warehouse-10-20-10-2-1.map"", ""seed"": ""1"", ""soc"": ""9109"", ""soc_lb"": ""8963"", ""solved"": ""1"", ""solver"": ""planner"", ""sum_of_loss"": ""9029"", ""sum_of_loss_lb"": ""8963""}"
lg_lacam_fork:lg_suo_tl,LG-LaCAM (window 20) + SUO + traffic load,warehouse-10-20-10-2-1,warehouse-10-20-10-2-1-random-2,100,2,30.0,solved,0.277989,0.2,9129,194,9065,8963,194,1.018521,0,,/home/carsten/Projects/MAPF/MAPF Evaluator/results/tlcpp-warehouse-10-20-2-1/runs/lg_lacam_fork_lg_suo_tl/warehouse-10-20-10-2-1/warehouse-10-20-10-2-1-random-2_a100_s2_r0,9129,0.2,"{""agents"": ""100"", ""comp_time"": ""200"", ""makespan"": ""194"", ""makespan_lb"": ""194"", ""map_file"": ""warehouse-10-20-10-2-1.map"", ""seed"": ""2"", ""soc"": ""9129"", ""soc_lb"": ""8963"", ""solved"": ""1"", ""solver"": ""planner"", ""sum_of_loss"": ""9069"", ""sum_of_loss_lb"": ""8963""}"
lg_lacam_fork:lacam,"LaCAM (no guidance, first solution)",warehouse-10-20-10-2-1,warehouse-10-20-10-2-1-random-2,150,1,30.0,solved,0.263448,0.072,17894,209,15614,12335,194,1.450669,0,,/home/carsten/Projects/MAPF/MAPF Evaluator/results/tlcpp-warehouse-10-20-2-1/runs/lg_lacam_fork_lacam/warehouse-10-20-10-2-1/warehouse-10-20-10-2-1-random-2_a150_s1_r0,17894,0.072,"{""agents"": ""150"", ""comp_time"": ""72"", ""makespan"": ""209"", ""makespan_lb"": ""194"", ""map_file"": ""warehouse-10-20-10-2-1.map"", ""seed"": ""1"", ""soc"": ""17894"", ""soc_lb"": ""12335"", ""solved"": ""1"", ""solver"": ""planner"", ""sum_of_loss"": ""15723"", ""sum_of_loss_lb"": ""12335""}"
lg_lacam_fork:lacam,"LaCAM (no guidance, first solution)",warehouse-10-20-10-2-1,warehouse-10-20-10-2-1-random-2,150,0,30.0,solved,0.478536,0.175,17609,209,15285,12335,194,1.427564,0,,/home/carsten/Projects/MAPF/MAPF Evaluator/results/tlcpp-warehouse-10-20-2-1/runs/lg_lacam_fork_lacam/warehouse-10-20-10-2-1/warehouse-10-20-10-2-1-random-2_a150_s0_r0,17609,0.175,"{""agents"": ""150"", ""comp_time"": ""175"", ""makespan"": ""209"", ""makespan_lb"": ""194"", ""map_file"": ""warehouse-10-20-10-2-1.map"", ""seed"": ""0"", ""soc"": ""17609"", ""soc_lb"": ""12335"", ""solved"": ""1"", ""solver"": ""planner"", ""sum_of_loss"": ""15376"", ""sum_of_loss_lb"": ""12335""}"
lg_lacam_fork:lacam,"LaCAM (no guidance, first solution)",warehouse-10-20-10-2-1,warehouse-10-20-10-2-1-random-2,150,2,30.0,solved,0.237979,0.052,17650,236,15674,12335,194,1.430888,0,,/home/carsten/Projects/MAPF/MAPF Evaluator/results/tlcpp-warehouse-10-20-2-1/runs/lg_lacam_fork_lacam/warehouse-10-20-10-2-1/warehouse-10-20-10-2-1-random-2_a150_s2_r0,17650,0.052,"{""agents"": ""150"", ""comp_time"": ""52"", ""makespan"": ""236"", ""makespan_lb"": ""194"", ""map_file"": ""warehouse-10-20-10-2-1.map"", ""seed"": ""2"", ""soc"": ""17650"", ""soc_lb"": ""12335"", ""solved"": ""1"", ""solver"": ""planner"", ""sum_of_loss"": ""15764"", ""sum_of_loss_lb"": ""12335""}"
lg_lacam_fork:tl,"LaCAM + traffic load (tie-break, per config)",warehouse-10-20-10-2-1,warehouse-10-20-10-2-1-random-2,150,0,30.0,solved,0.383652,0.101,16165,194,14053,12335,194,1.310499,0,,/home/carsten/Projects/MAPF/MAPF Evaluator/results/tlcpp-warehouse-10-20-2-1/runs/lg_lacam_fork_tl/warehouse-10-20-10-2-1/warehouse-10-20-10-2-1-random-2_a150_s0_r0,16165,0.101,"{""agents"": ""150"", ""comp_time"": ""101"", ""makespan"": ""194"", ""makespan_lb"": ""194"", ""map_file"": ""warehouse-10-20-10-2-1.map"", ""seed"": ""0"", ""soc"": ""16165"", ""soc_lb"": ""12335"", ""solved"": ""1"", ""solver"": ""planner"", ""sum_of_loss"": ""14146"", ""sum_of_loss_lb"": ""12335""}"
lg_lacam_fork:tl,"LaCAM + traffic load (tie-break, per config)",warehouse-10-20-10-2-1,warehouse-10-20-10-2-1-random-2,150,1,30.0,solved,0.219604,0.13,16285,194,14248,12335,194,1.320227,0,,/home/carsten/Projects/MAPF/MAPF Evaluator/results/tlcpp-warehouse-10-20-2-1/runs/lg_lacam_fork_tl/warehouse-10-20-10-2-1/warehouse-10-20-10-2-1-random-2_a150_s1_r0,16285,0.13,"{""agents"": ""150"", ""comp_time"": ""130"", ""makespan"": ""194"", ""makespan_lb"": ""194"", ""map_file"": ""warehouse-10-20-10-2-1.map"", ""seed"": ""1"", ""soc"": ""16285"", ""soc_lb"": ""12335"", ""solved"": ""1"", ""solver"": ""planner"", ""sum_of_loss"": ""14339"", ""sum_of_loss_lb"": ""12335""}"
lg_lacam_fork:tl,"LaCAM + traffic load (tie-break, per config)",warehouse-10-20-10-2-1,warehouse-10-20-10-2-1-random-2,150,2,30.0,solved,0.324873,0.098,16353,194,14243,12335,194,1.32574,0,,/home/carsten/Projects/MAPF/MAPF Evaluator/results/tlcpp-warehouse-10-20-2-1/runs/lg_lacam_fork_tl/warehouse-10-20-10-2-1/warehouse-10-20-10-2-1-random-2_a150_s2_r0,16353,0.098,"{""agents"": ""150"", ""comp_time"": ""98"", ""makespan"": ""194"", ""makespan_lb"": ""194"", ""map_file"": ""warehouse-10-20-10-2-1.map"", ""seed"": ""2"", ""soc"": ""16353"", ""soc_lb"": ""12335"", ""solved"": ""1"", ""solver"": ""planner"", ""sum_of_loss"": ""14348"", ""sum_of_loss_lb"": ""12335""}"
lg_lacam_fork:tl_agent,"LaCAM + traffic load (tie-break, per agent)",warehouse-10-20-10-2-1,warehouse-10-20-10-2-1-random-2,150,0,30.0,solved,0.175703,0.063,15948,194,14267,12335,194,1.292906,0,,/home/carsten/Projects/MAPF/MAPF Evaluator/results/tlcpp-warehouse-10-20-2-1/runs/lg_lacam_fork_tl_agent/warehouse-10-20-10-2-1/warehouse-10-20-10-2-1-random-2_a150_s0_r0,15948,0.063,"{""agents"": ""150"", ""comp_time"": ""63"", ""makespan"": ""194"", ""makespan_lb"": ""194"", ""map_file"": ""warehouse-10-20-10-2-1.map"", ""seed"": ""0"", ""soc"": ""15948"", ""soc_lb"": ""12335"", ""solved"": ""1"", ""solver"": ""planner"", ""sum_of_loss"": ""14367"", ""sum_of_loss_lb"": ""12335""}"
lg_lacam_fork:tl_agent,"LaCAM + traffic load (tie-break, per agent)",warehouse-10-20-10-2-1,warehouse-10-20-10-2-1-random-2,150,1,30.0,solved,0.212256,0.036,15673,194,13977,12335,194,1.270612,0,,/home/carsten/Projects/MAPF/MAPF Evaluator/results/tlcpp-warehouse-10-20-2-1/runs/lg_lacam_fork_tl_agent/warehouse-10-20-10-2-1/warehouse-10-20-10-2-1-random-2_a150_s1_r0,15673,0.036,"{""agents"": ""150"", ""comp_time"": ""36"", ""makespan"": ""194"", ""makespan_lb"": ""194"", ""map_file"": ""warehouse-10-20-10-2-1.map"", ""seed"": ""1"", ""soc"": ""15673"", ""soc_lb"": ""12335"", ""solved"": ""1"", ""solver"": ""planner"", ""sum_of_loss"": ""14064"", ""sum_of_loss_lb"": ""12335""}"
lg_lacam_fork:tl_agent,"LaCAM + traffic load (tie-break, per agent)",warehouse-10-20-10-2-1,warehouse-10-20-10-2-1-random-2,150,2,30.0,solved,0.124043,0.036,15927,194,13993,12335,194,1.291204,0,,/home/carsten/Projects/MAPF/MAPF Evaluator/results/tlcpp-warehouse-10-20-2-1/runs/lg_lacam_fork_tl_agent/warehouse-10-20-10-2-1/warehouse-10-20-10-2-1-random-2_a150_s2_r0,15927,0.036,"{""agents"": ""150"", ""comp_time"": ""36"", ""makespan"": ""194"", ""makespan_lb"": ""194"", ""map_file"": ""warehouse-10-20-10-2-1.map"", ""seed"": ""2"", ""soc"": ""15927"", ""soc_lb"": ""12335"", ""solved"": ""1"", ""solver"": ""planner"", ""sum_of_loss"": ""14082"", ""sum_of_loss_lb"": ""12335""}"
lg_lacam_fork:tl_static,LaCAM + traffic load (static map from starts),warehouse-10-20-10-2-1,warehouse-10-20-10-2-1-random-2,150,0,30.0,solved,0.14825,0.057,18943,327,16266,12335,194,1.535711,0,,/home/carsten/Projects/MAPF/MAPF Evaluator/results/tlcpp-warehouse-10-20-2-1/runs/lg_lacam_fork_tl_static/warehouse-10-20-10-2-1/warehouse-10-20-10-2-1-random-2_a150_s0_r0,18943,0.057,"{""agents"": ""150"", ""comp_time"": ""57"", ""makespan"": ""327"", ""makespan_lb"": ""194"", ""map_file"": ""warehouse-10-20-10-2-1.map"", ""seed"": ""0"", ""soc"": ""18943"", ""soc_lb"": ""12335"", ""solved"": ""1"", ""solver"": ""planner"", ""sum_of_loss"": ""16375"", ""sum_of_loss_lb"": ""12335""}"
lg_lacam_fork:tl_static,LaCAM + traffic load (static map from starts),warehouse-10-20-10-2-1,warehouse-10-20-10-2-1-random-2,150,1,30.0,solved,0.250307,0.062,18596,285,16157,12335,194,1.50758,0,,/home/carsten/Projects/MAPF/MAPF Evaluator/results/tlcpp-warehouse-10-20-2-1/runs/lg_lacam_fork_tl_static/warehouse-10-20-10-2-1/warehouse-10-20-10-2-1-random-2_a150_s1_r0,18596,0.062,"{""agents"": ""150"", ""comp_time"": ""62"", ""makespan"": ""285"", ""makespan_lb"": ""194"", ""map_file"": ""warehouse-10-20-10-2-1.map"", ""seed"": ""1"", ""soc"": ""18596"", ""soc_lb"": ""12335"", ""solved"": ""1"", ""solver"": ""planner"", ""sum_of_loss"": ""16243"", ""sum_of_loss_lb"": ""12335""}"
lg_lacam_fork:tl_static,LaCAM + traffic load (static map from starts),warehouse-10-20-10-2-1,warehouse-10-20-10-2-1-random-2,150,2,30.0,solved,0.424918,0.199,18467,261,15960,12335,194,1.497122,0,,/home/carsten/Projects/MAPF/MAPF Evaluator/results/tlcpp-warehouse-10-20-2-1/runs/lg_lacam_fork_tl_static/warehouse-10-20-10-2-1/warehouse-10-20-10-2-1-random-2_a150_s2_r0,18467,0.199,"{""agents"": ""150"", ""comp_time"": ""199"", ""makespan"": ""261"", ""makespan_lb"": ""194"", ""map_file"": ""warehouse-10-20-10-2-1.map"", ""seed"": ""2"", ""soc"": ""18467"", ""soc_lb"": ""12335"", ""solved"": ""1"", ""solver"": ""planner"", ""sum_of_loss"": ""16056"", ""sum_of_loss_lb"": ""12335""}"
lg_lacam_fork:suo,LaCAM3 = SUO (first solution),warehouse-10-20-10-2-1,warehouse-10-20-10-2-1-random-2,150,1,30.0,solved,0.280967,0.117,12545,194,12523,12335,194,1.017025,0,,/home/carsten/Projects/MAPF/MAPF Evaluator/results/tlcpp-warehouse-10-20-2-1/runs/lg_lacam_fork_suo/warehouse-10-20-10-2-1/warehouse-10-20-10-2-1-random-2_a150_s1_r0,12545,0.117,"{""agents"": ""150"", ""comp_time"": ""117"", ""makespan"": ""194"", ""makespan_lb"": ""194"", ""map_file"": ""warehouse-10-20-10-2-1.map"", ""seed"": ""1"", ""soc"": ""12545"", ""soc_lb"": ""12335"", ""solved"": ""1"", ""solver"": ""planner"", ""sum_of_loss"": ""12525"", ""sum_of_loss_lb"": ""12335""}"
lg_lacam_fork:suo,LaCAM3 = SUO (first solution),warehouse-10-20-10-2-1,warehouse-10-20-10-2-1-random-2,150,0,30.0,solved,0.430463,0.243,12644,194,12542,12335,194,1.025051,0,,/home/carsten/Projects/MAPF/MAPF Evaluator/results/tlcpp-warehouse-10-20-2-1/runs/lg_lacam_fork_suo/warehouse-10-20-10-2-1/warehouse-10-20-10-2-1-random-2_a150_s0_r0,12644,0.243,"{""agents"": ""150"", ""comp_time"": ""243"", ""makespan"": ""194"", ""makespan_lb"": ""194"", ""map_file"": ""warehouse-10-20-10-2-1.map"", ""seed"": ""0"", ""soc"": ""12644"", ""soc_lb"": ""12335"", ""solved"": ""1"", ""solver"": ""planner"", ""sum_of_loss"": ""12546"", ""sum_of_loss_lb"": ""12335""}"
lg_lacam_fork:suo,LaCAM3 = SUO (first solution),warehouse-10-20-10-2-1,warehouse-10-20-10-2-1-random-2,150,2,30.0,solved,0.30085,0.138,12554,194,12527,12335,194,1.017754,0,,/home/carsten/Projects/MAPF/MAPF Evaluator/results/tlcpp-warehouse-10-20-2-1/runs/lg_lacam_fork_suo/warehouse-10-20-10-2-1/warehouse-10-20-10-2-1-random-2_a150_s2_r0,12554,0.138,"{""agents"": ""150"", ""comp_time"": ""138"", ""makespan"": ""194"", ""makespan_lb"": ""194"", ""map_file"": ""warehouse-10-20-10-2-1.map"", ""seed"": ""2"", ""soc"": ""12554"", ""soc_lb"": ""12335"", ""solved"": ""1"", ""solver"": ""planner"", ""sum_of_loss"": ""12529"", ""sum_of_loss_lb"": ""12335""}"
lg_lacam_fork:suo_tl,SUO + traffic load,warehouse-10-20-10-2-1,warehouse-10-20-10-2-1-random-2,150,0,30.0,solved,0.712554,0.49,12596,194,12522,12335,194,1.021159,0,,/home/carsten/Projects/MAPF/MAPF Evaluator/results/tlcpp-warehouse-10-20-2-1/runs/lg_lacam_fork_suo_tl/warehouse-10-20-10-2-1/warehouse-10-20-10-2-1-random-2_a150_s0_r0,12596,0.49,"{""agents"": ""150"", ""comp_time"": ""490"", ""makespan"": ""194"", ""makespan_lb"": ""194"", ""map_file"": ""warehouse-10-20-10-2-1.map"", ""seed"": ""0"", ""soc"": ""12596"", ""soc_lb"": ""12335"", ""solved"": ""1"", ""solver"": ""planner"", ""sum_of_loss"": ""12525"", ""sum_of_loss_lb"": ""12335""}"
lg_lacam_fork:suo_tl,SUO + traffic load,warehouse-10-20-10-2-1,warehouse-10-20-10-2-1-random-2,150,1,30.0,solved,0.835658,0.552,12537,194,12516,12335,194,1.016376,0,,/home/carsten/Projects/MAPF/MAPF Evaluator/results/tlcpp-warehouse-10-20-2-1/runs/lg_lacam_fork_suo_tl/warehouse-10-20-10-2-1/warehouse-10-20-10-2-1-random-2_a150_s1_r0,12537,0.552,"{""agents"": ""150"", ""comp_time"": ""552"", ""makespan"": ""194"", ""makespan_lb"": ""194"", ""map_file"": ""warehouse-10-20-10-2-1.map"", ""seed"": ""1"", ""soc"": ""12537"", ""soc_lb"": ""12335"", ""solved"": ""1"", ""solver"": ""planner"", ""sum_of_loss"": ""12517"", ""sum_of_loss_lb"": ""12335""}"
lg_lacam_fork:lg,"LG-LaCAM (window 20, first solution)",warehouse-10-20-10-2-1,warehouse-10-20-10-2-1-random-2,150,0,30.0,solved,0.505149,0.198,14553,196,13173,12335,194,1.179814,0,,/home/carsten/Projects/MAPF/MAPF Evaluator/results/tlcpp-warehouse-10-20-2-1/runs/lg_lacam_fork_lg/warehouse-10-20-10-2-1/warehouse-10-20-10-2-1-random-2_a150_s0_r0,14553,0.198,"{""agents"": ""150"", ""comp_time"": ""198"", ""makespan"": ""196"", ""makespan_lb"": ""194"", ""map_file"": ""warehouse-10-20-10-2-1.map"", ""seed"": ""0"", ""soc"": ""14553"", ""soc_lb"": ""12335"", ""solved"": ""1"", ""solver"": ""planner"", ""sum_of_loss"": ""13219"", ""sum_of_loss_lb"": ""12335""}"
lg_lacam_fork:suo_tl,SUO + traffic load,warehouse-10-20-10-2-1,warehouse-10-20-10-2-1-random-2,150,2,30.0,solved,0.948398,0.776,12555,194,12528,12335,194,1.017835,0,,/home/carsten/Projects/MAPF/MAPF Evaluator/results/tlcpp-warehouse-10-20-2-1/runs/lg_lacam_fork_suo_tl/warehouse-10-20-10-2-1/warehouse-10-20-10-2-1-random-2_a150_s2_r0,12555,0.776,"{""agents"": ""150"", ""comp_time"": ""776"", ""makespan"": ""194"", ""makespan_lb"": ""194"", ""map_file"": ""warehouse-10-20-10-2-1.map"", ""seed"": ""2"", ""soc"": ""12555"", ""soc_lb"": ""12335"", ""solved"": ""1"", ""solver"": ""planner"", ""sum_of_loss"": ""12530"", ""sum_of_loss_lb"": ""12335""}"
lg_lacam_fork:lg,"LG-LaCAM (window 20, first solution)",warehouse-10-20-10-2-1,warehouse-10-20-10-2-1-random-2,150,1,30.0,solved,0.44757,0.327,14393,196,13131,12335,194,1.166842,0,,/home/carsten/Projects/MAPF/MAPF Evaluator/results/tlcpp-warehouse-10-20-2-1/runs/lg_lacam_fork_lg/warehouse-10-20-10-2-1/warehouse-10-20-10-2-1-random-2_a150_s1_r0,14393,0.327,"{""agents"": ""150"", ""comp_time"": ""327"", ""makespan"": ""196"", ""makespan_lb"": ""194"", ""map_file"": ""warehouse-10-20-10-2-1.map"", ""seed"": ""1"", ""soc"": ""14393"", ""soc_lb"": ""12335"", ""solved"": ""1"", ""solver"": ""planner"", ""sum_of_loss"": ""13175"", ""sum_of_loss_lb"": ""12335""}"
lg_lacam_fork:lg,"LG-LaCAM (window 20, first solution)",warehouse-10-20-10-2-1,warehouse-10-20-10-2-1-random-2,150,2,30.0,solved,0.46511,0.307,14523,196,13146,12335,194,1.177381,0,,/home/carsten/Projects/MAPF/MAPF Evaluator/results/tlcpp-warehouse-10-20-2-1/runs/lg_lacam_fork_lg/warehouse-10-20-10-2-1/warehouse-10-20-10-2-1-random-2_a150_s2_r0,14523,0.307,"{""agents"": ""150"", ""comp_time"": ""307"", ""makespan"": ""196"", ""makespan_lb"": ""194"", ""map_file"": ""warehouse-10-20-10-2-1.map"", ""seed"": ""2"", ""soc"": ""14523"", ""soc_lb"": ""12335"", ""solved"": ""1"", ""solver"": ""planner"", ""sum_of_loss"": ""13192"", ""sum_of_loss_lb"": ""12335""}"
lg_lacam_fork:lg_tl,LG-LaCAM (window 20) + traffic load,warehouse-10-20-10-2-1,warehouse-10-20-10-2-1-random-2,150,0,30.0,solved,0.297446,0.2,14381,196,13073,12335,194,1.165869,0,,/home/carsten/Projects/MAPF/MAPF Evaluator/results/tlcpp-warehouse-10-20-2-1/runs/lg_lacam_fork_lg_tl/warehouse-10-20-10-2-1/warehouse-10-20-10-2-1-random-2_a150_s0_r0,14381,0.2,"{""agents"": ""150"", ""comp_time"": ""200"", ""makespan"": ""196"", ""makespan_lb"": ""194"", ""map_file"": ""warehouse-10-20-10-2-1.map"", ""seed"": ""0"", ""soc"": ""14381"", ""soc_lb"": ""12335"", ""solved"": ""1"", ""solver"": ""planner"", ""sum_of_loss"": ""13119"", ""sum_of_loss_lb"": ""12335""}"
lg_lacam_fork:lg_tl,LG-LaCAM (window 20) + traffic load,warehouse-10-20-10-2-1,warehouse-10-20-10-2-1-random-2,150,1,30.0,solved,0.55648,0.469,14431,196,13086,12335,194,1.169923,0,,/home/carsten/Projects/MAPF/MAPF Evaluator/results/tlcpp-warehouse-10-20-2-1/runs/lg_lacam_fork_lg_tl/warehouse-10-20-10-2-1/warehouse-10-20-10-2-1-random-2_a150_s1_r0,14431,0.469,"{""agents"": ""150"", ""comp_time"": ""469"", ""makespan"": ""196"", ""makespan_lb"": ""194"", ""map_file"": ""warehouse-10-20-10-2-1.map"", ""seed"": ""1"", ""soc"": ""14431"", ""soc_lb"": ""12335"", ""solved"": ""1"", ""solver"": ""planner"", ""sum_of_loss"": ""13130"", ""sum_of_loss_lb"": ""12335""}"
lg_lacam_fork:lg_tl,LG-LaCAM (window 20) + traffic load,warehouse-10-20-10-2-1,warehouse-10-20-10-2-1-random-2,150,2,30.0,solved,0.2408,0.152,14598,196,13104,12335,194,1.183462,0,,/home/carsten/Projects/MAPF/MAPF Evaluator/results/tlcpp-warehouse-10-20-2-1/runs/lg_lacam_fork_lg_tl/warehouse-10-20-10-2-1/warehouse-10-20-10-2-1-random-2_a150_s2_r0,14598,0.152,"{""agents"": ""150"", ""comp_time"": ""152"", ""makespan"": ""196"", ""makespan_lb"": ""194"", ""map_file"": ""warehouse-10-20-10-2-1.map"", ""seed"": ""2"", ""soc"": ""14598"", ""soc_lb"": ""12335"", ""solved"": ""1"", ""solver"": ""planner"", ""sum_of_loss"": ""13153"", ""sum_of_loss_lb"": ""12335""}"
lg_lacam_fork:lg_suo,LG-LaCAM (window 20) + SUO,warehouse-10-20-10-2-1,warehouse-10-20-10-2-1-random-2,150,1,30.0,solved,0.266613,0.16,13341,194,12709,12335,194,1.081557,0,,/home/carsten/Projects/MAPF/MAPF Evaluator/results/tlcpp-warehouse-10-20-2-1/runs/lg_lacam_fork_lg_suo/warehouse-10-20-10-2-1/warehouse-10-20-10-2-1-random-2_a150_s1_r0,13341,0.16,"{""agents"": ""150"", ""comp_time"": ""160"", ""makespan"": ""194"", ""makespan_lb"": ""194"", ""map_file"": ""warehouse-10-20-10-2-1.map"", ""seed"": ""1"", ""soc"": ""13341"", ""soc_lb"": ""12335"", ""solved"": ""1"", ""solver"": ""planner"", ""sum_of_loss"": ""12733"", ""sum_of_loss_lb"": ""12335""}"
lg_lacam_fork:lg_suo,LG-LaCAM (window 20) + SUO,warehouse-10-20-10-2-1,warehouse-10-20-10-2-1-random-2,150,0,30.0,solved,0.653474,0.394,13161,194,12612,12335,194,1.066964,0,,/home/carsten/Projects/MAPF/MAPF Evaluator/results/tlcpp-warehouse-10-20-2-1/runs/lg_lacam_fork_lg_suo/warehouse-10-20-10-2-1/warehouse-10-20-10-2-1-random-2_a150_s0_r0,13161,0.394,"{""agents"": ""150"", ""comp_time"": ""394"", ""makespan"": ""194"", ""makespan_lb"": ""194"", ""map_file"": ""warehouse-10-20-10-2-1.map"", ""seed"": ""0"", ""soc"": ""13161"", ""soc_lb"": ""12335"", ""solved"": ""1"", ""solver"": ""planner"", ""sum_of_loss"": ""12632"", ""sum_of_loss_lb"": ""12335""}"
lg_lacam_fork:lg_suo,LG-LaCAM (window 20) + SUO,warehouse-10-20-10-2-1,warehouse-10-20-10-2-1-random-2,150,2,30.0,solved,0.387006,0.227,13483,196,12835,12335,194,1.093069,0,,/home/carsten/Projects/MAPF/MAPF Evaluator/results/tlcpp-warehouse-10-20-2-1/runs/lg_lacam_fork_lg_suo/warehouse-10-20-10-2-1/warehouse-10-20-10-2-1-random-2_a150_s2_r0,13483,0.227,"{""agents"": ""150"", ""comp_time"": ""227"", ""makespan"": ""196"", ""makespan_lb"": ""194"", ""map_file"": ""warehouse-10-20-10-2-1.map"", ""seed"": ""2"", ""soc"": ""13483"", ""soc_lb"": ""12335"", ""solved"": ""1"", ""solver"": ""planner"", ""sum_of_loss"": ""12856"", ""sum_of_loss_lb"": ""12335""}"
lg_lacam_fork:lg_suo_tl,LG-LaCAM (window 20) + SUO + traffic load,warehouse-10-20-10-2-1,warehouse-10-20-10-2-1-random-2,150,0,30.0,solved,0.660037,0.548,13130,194,12578,12335,194,1.064451,0,,/home/carsten/Projects/MAPF/MAPF Evaluator/results/tlcpp-warehouse-10-20-2-1/runs/lg_lacam_fork_lg_suo_tl/warehouse-10-20-10-2-1/warehouse-10-20-10-2-1-random-2_a150_s0_r0,13130,0.548,"{""agents"": ""150"", ""comp_time"": ""548"", ""makespan"": ""194"", ""makespan_lb"": ""194"", ""map_file"": ""warehouse-10-20-10-2-1.map"", ""seed"": ""0"", ""soc"": ""13130"", ""soc_lb"": ""12335"", ""solved"": ""1"", ""solver"": ""planner"", ""sum_of_loss"": ""12597"", ""sum_of_loss_lb"": ""12335""}"
lg_lacam_fork:lg_suo_tl,LG-LaCAM (window 20) + SUO + traffic load,warehouse-10-20-10-2-1,warehouse-10-20-10-2-1-random-2,150,1,30.0,solved,0.350766,0.244,13303,194,12650,12335,194,1.078476,0,,/home/carsten/Projects/MAPF/MAPF Evaluator/results/tlcpp-warehouse-10-20-2-1/runs/lg_lacam_fork_lg_suo_tl/warehouse-10-20-10-2-1/warehouse-10-20-10-2-1-random-2_a150_s1_r0,13303,0.244,"{""agents"": ""150"", ""comp_time"": ""244"", ""makespan"": ""194"", ""makespan_lb"": ""194"", ""map_file"": ""warehouse-10-20-10-2-1.map"", ""seed"": ""1"", ""soc"": ""13303"", ""soc_lb"": ""12335"", ""solved"": ""1"", ""solver"": ""planner"", ""sum_of_loss"": ""12675"", ""sum_of_loss_lb"": ""12335""}"
lg_lacam_fork:lg_suo_tl,LG-LaCAM (window 20) + SUO + traffic load,warehouse-10-20-10-2-1,warehouse-10-20-10-2-1-random-2,150,2,30.0,solved,1.653828,1.422,13317,196,12674,12335,194,1.079611,0,,/home/carsten/Projects/MAPF/MAPF Evaluator/results/tlcpp-warehouse-10-20-2-1/runs/lg_lacam_fork_lg_suo_tl/warehouse-10-20-10-2-1/warehouse-10-20-10-2-1-random-2_a150_s2_r0,13317,1.422,"{""agents"": ""150"", ""comp_time"": ""1422"", ""makespan"": ""196"", ""makespan_lb"": ""194"", ""map_file"": ""warehouse-10-20-10-2-1.map"", ""seed"": ""2"", ""soc"": ""13317"", ""soc_lb"": ""12335"", ""solved"": ""1"", ""solver"": ""planner"", ""sum_of_loss"": ""12694"", ""sum_of_loss_lb"": ""12335""}"
lg_lacam_fork:lacam,"LaCAM (no guidance, first solution)",warehouse-10-20-10-2-1,warehouse-10-20-10-2-1-random-2,200,0,30.0,solved,0.210459,0.073,24764,238,21226,16197,194,1.528925,0,,/home/carsten/Projects/MAPF/MAPF Evaluator/results/tlcpp-warehouse-10-20-2-1/runs/lg_lacam_fork_lacam/warehouse-10-20-10-2-1/warehouse-10-20-10-2-1-random-2_a200_s0_r0,24764,0.073,"{""agents"": ""200"", ""comp_time"": ""73"", ""makespan"": ""238"", ""makespan_lb"": ""194"", ""map_file"": ""warehouse-10-20-10-2-1.map"", ""seed"": ""0"", ""soc"": ""24764"", ""soc_lb"": ""16197"", ""solved"": ""1"", ""solver"": ""planner"", ""sum_of_loss"": ""21379"", ""sum_of_loss_lb"": ""16197""}"
lg_lacam_fork:lacam,"LaCAM (no guidance, first solution)",warehouse-10-20-10-2-1,warehouse-10-20-10-2-1-random-2,200,1,30.0,solved,0.179003,0.083,25186,264,21476,16197,194,1.554979,0,,/home/carsten/Projects/MAPF/MAPF Evaluator/results/tlcpp-warehouse-10-20-2-1/runs/lg_lacam_fork_lacam/warehouse-10-20-10-2-1/warehouse-10-20-10-2-1-random-2_a200_s1_r0,25186,0.083,"{""agents"": ""200"", ""comp_time"": ""83"", ""makespan"": ""264"", ""makespan_lb"": ""194"", ""map_file"": ""warehouse-10-20-10-2-1.map"", ""seed"": ""1"", ""soc"": ""25186"", ""soc_lb"": ""16197"", ""solved"": ""1"", ""solver"": ""planner"", ""sum_of_loss"": ""21639"", ""sum_of_loss_lb"": ""16197""}"
lg_lacam_fork:lacam,"LaCAM (no guidance, first solution)",warehouse-10-20-10-2-1,warehouse-10-20-10-2-1-random-2,200,2,30.0,solved,0.255332,0.054,23918,197,21061,16197,194,1.476693,0,,/home/carsten/Projects/MAPF/MAPF Evaluator/results/tlcpp-warehouse-10-20-2-1/runs/lg_lacam_fork_lacam/warehouse-10-20-10-2-1/warehouse-10-20-10-2-1-random-2_a200_s2_r0,23918,0.054,"{""agents"": ""200"", ""comp_time"": ""54"", ""makespan"": ""197"", ""makespan_lb"": ""194"", ""map_file"": ""warehouse-10-20-10-2-1.map"", ""seed"": ""2"", ""soc"": ""23918"", ""soc_lb"": ""16197"", ""solved"": ""1"", ""solver"": ""planner"", ""sum_of_loss"": ""21205"", ""sum_of_loss_lb"": ""16197""}"
lg_lacam_fork:tl,"LaCAM + traffic load (tie-break, per config)",warehouse-10-20-10-2-1,warehouse-10-20-10-2-1-random-2,200,1,30.0,solved,0.238517,0.112,22568,194,19502,16197,194,1.393344,0,,/home/carsten/Projects/MAPF/MAPF Evaluator/results/tlcpp-warehouse-10-20-2-1/runs/lg_lacam_fork_tl/warehouse-10-20-10-2-1/warehouse-10-20-10-2-1-random-2_a200_s1_r0,22568,0.112,"{""agents"": ""200"", ""comp_time"": ""112"", ""makespan"": ""194"", ""makespan_lb"": ""194"", ""map_file"": ""warehouse-10-20-10-2-1.map"", ""seed"": ""1"", ""soc"": ""22568"", ""soc_lb"": ""16197"", ""solved"": ""1"", ""solver"": ""planner"", ""sum_of_loss"": ""19661"", ""sum_of_loss_lb"": ""16197""}"
lg_lacam_fork:tl,"LaCAM + traffic load (tie-break, per config)",warehouse-10-20-10-2-1,warehouse-10-20-10-2-1-random-2,200,0,30.0,solved,0.205699,0.096,22769,194,19300,16197,194,1.405754,0,,/home/carsten/Projects/MAPF/MAPF Evaluator/results/tlcpp-warehouse-10-20-2-1/runs/lg_lacam_fork_tl/warehouse-10-20-10-2-1/warehouse-10-20-10-2-1-random-2_a200_s0_r0,22769,0.096,"{""agents"": ""200"", ""comp_time"": ""96"", ""makespan"": ""194"", ""makespan_lb"": ""194"", ""map_file"": ""warehouse-10-20-10-2-1.map"", ""seed"": ""0"", ""soc"": ""22769"", ""soc_lb"": ""16197"", ""solved"": ""1"", ""solver"": ""planner"", ""sum_of_loss"": ""19444"", ""sum_of_loss_lb"": ""16197""}"
lg_lacam_fork:tl,"LaCAM + traffic load (tie-break, per config)",warehouse-10-20-10-2-1,warehouse-10-20-10-2-1-random-2,200,2,30.0,solved,0.374296,0.208,22745,202,19648,16197,194,1.404272,0,,/home/carsten/Projects/MAPF/MAPF Evaluator/results/tlcpp-warehouse-10-20-2-1/runs/lg_lacam_fork_tl/warehouse-10-20-10-2-1/warehouse-10-20-10-2-1-random-2_a200_s2_r0,22745,0.208,"{""agents"": ""200"", ""comp_time"": ""208"", ""makespan"": ""202"", ""makespan_lb"": ""194"", ""map_file"": ""warehouse-10-20-10-2-1.map"", ""seed"": ""2"", ""soc"": ""22745"", ""soc_lb"": ""16197"", ""solved"": ""1"", ""solver"": ""planner"", ""sum_of_loss"": ""19796"", ""sum_of_loss_lb"": ""16197""}"
lg_lacam_fork:tl_agent,"LaCAM + traffic load (tie-break, per agent)",warehouse-10-20-10-2-1,warehouse-10-20-10-2-1-random-2,200,0,30.0,solved,0.330822,0.165,22780,194,19616,16197,194,1.406433,0,,/home/carsten/Projects/MAPF/MAPF Evaluator/results/tlcpp-warehouse-10-20-2-1/runs/lg_lacam_fork_tl_agent/warehouse-10-20-10-2-1/warehouse-10-20-10-2-1-random-2_a200_s0_r0,22780,0.165,"{""agents"": ""200"", ""comp_time"": ""165"", ""makespan"": ""194"", ""makespan_lb"": ""194"", ""map_file"": ""warehouse-10-20-10-2-1.map"", ""seed"": ""0"", ""soc"": ""22780"", ""soc_lb"": ""16197"", ""solved"": ""1"", ""solver"": ""planner"", ""sum_of_loss"": ""19773"", ""sum_of_loss_lb"": ""16197""}"
lg_lacam_fork:tl_agent,"LaCAM + traffic load (tie-break, per agent)",warehouse-10-20-10-2-1,warehouse-10-20-10-2-1-random-2,200,1,30.0,solved,0.303253,0.191,22496,194,19407,16197,194,1.388899,0,,/home/carsten/Projects/MAPF/MAPF Evaluator/results/tlcpp-warehouse-10-20-2-1/runs/lg_lacam_fork_tl_agent/warehouse-10-20-10-2-1/warehouse-10-20-10-2-1-random-2_a200_s1_r0,22496,0.191,"{""agents"": ""200"", ""comp_time"": ""191"", ""makespan"": ""194"", ""makespan_lb"": ""194"", ""map_file"": ""warehouse-10-20-10-2-1.map"", ""seed"": ""1"", ""soc"": ""22496"", ""soc_lb"": ""16197"", ""solved"": ""1"", ""solver"": ""planner"", ""sum_of_loss"": ""19538"", ""sum_of_loss_lb"": ""16197""}"
lg_lacam_fork:tl_agent,"LaCAM + traffic load (tie-break, per agent)",warehouse-10-20-10-2-1,warehouse-10-20-10-2-1-random-2,200,2,30.0,solved,0.286936,0.128,22979,194,19452,16197,194,1.41872,0,,/home/carsten/Projects/MAPF/MAPF Evaluator/results/tlcpp-warehouse-10-20-2-1/runs/lg_lacam_fork_tl_agent/warehouse-10-20-10-2-1/warehouse-10-20-10-2-1-random-2_a200_s2_r0,22979,0.128,"{""agents"": ""200"", ""comp_time"": ""128"", ""makespan"": ""194"", ""makespan_lb"": ""194"", ""map_file"": ""warehouse-10-20-10-2-1.map"", ""seed"": ""2"", ""soc"": ""22979"", ""soc_lb"": ""16197"", ""solved"": ""1"", ""solver"": ""planner"", ""sum_of_loss"": ""19602"", ""sum_of_loss_lb"": ""16197""}"
lg_lacam_fork:tl_static,LaCAM + traffic load (static map from starts),warehouse-10-20-10-2-1,warehouse-10-20-10-2-1-random-2,200,0,30.0,solved,0.320162,0.12,26122,288,22263,16197,194,1.612768,0,,/home/carsten/Projects/MAPF/MAPF Evaluator/results/tlcpp-warehouse-10-20-2-1/runs/lg_lacam_fork_tl_static/warehouse-10-20-10-2-1/warehouse-10-20-10-2-1-random-2_a200_s0_r0,26122,0.12,"{""agents"": ""200"", ""comp_time"": ""120"", ""makespan"": ""288"", ""makespan_lb"": ""194"", ""map_file"": ""warehouse-10-20-10-2-1.map"", ""seed"": ""0"", ""soc"": ""26122"", ""soc_lb"": ""16197"", ""solved"": ""1"", ""solver"": ""planner"", ""sum_of_loss"": ""22467"", ""sum_of_loss_lb"": ""16197""}"
lg_lacam_fork:tl_static,LaCAM + traffic load (static map from starts),warehouse-10-20-10-2-1,warehouse-10-20-10-2-1-random-2,200,1,30.0,solved,0.299526,0.165,26189,277,22101,16197,194,1.616904,0,,/home/carsten/Projects/MAPF/MAPF Evaluator/results/tlcpp-warehouse-10-20-2-1/runs/lg_lacam_fork_tl_static/warehouse-10-20-10-2-1/warehouse-10-20-10-2-1-random-2_a200_s1_r0,26189,0.165,"{""agents"": ""200"", ""comp_time"": ""165"", ""makespan"": ""277"", ""makespan_lb"": ""194"", ""map_file"": ""warehouse-10-20-10-2-1.map"", ""seed"": ""1"", ""soc"": ""26189"", ""soc_lb"": ""16197"", ""solved"": ""1"", ""solver"": ""planner"", ""sum_of_loss"": ""22273"", ""sum_of_loss_lb"": ""16197""}"
lg_lacam_fork:tl_static,LaCAM + traffic load (static map from starts),warehouse-10-20-10-2-1,warehouse-10-20-10-2-1-random-2,200,2,30.0,solved,0.338419,0.213,25206,293,21790,16197,194,1.556214,0,,/home/carsten/Projects/MAPF/MAPF Evaluator/results/tlcpp-warehouse-10-20-2-1/runs/lg_lacam_fork_tl_static/warehouse-10-20-10-2-1/warehouse-10-20-10-2-1-random-2_a200_s2_r0,25206,0.213,"{""agents"": ""200"", ""comp_time"": ""213"", ""makespan"": ""293"", ""makespan_lb"": ""194"", ""map_file"": ""warehouse-10-20-10-2-1.map"", ""seed"": ""2"", ""soc"": ""25206"", ""soc_lb"": ""16197"", ""solved"": ""1"", ""solver"": ""planner"", ""sum_of_loss"": ""21916"", ""sum_of_loss_lb"": ""16197""}"
lg_lacam_fork:suo,LaCAM3 = SUO (first solution),warehouse-10-20-10-2-1,warehouse-10-20-10-2-1-random-2,200,0,30.0,solved,0.402475,0.233,17593,194,16765,16197,194,1.086189,0,,/home/carsten/Projects/MAPF/MAPF Evaluator/results/tlcpp-warehouse-10-20-2-1/runs/lg_lacam_fork_suo/warehouse-10-20-10-2-1/warehouse-10-20-10-2-1-random-2_a200_s0_r0,17593,0.233,"{""agents"": ""200"", ""comp_time"": ""233"", ""makespan"": ""194"", ""makespan_lb"": ""194"", ""map_file"": ""warehouse-10-20-10-2-1.map"", ""seed"": ""0"", ""soc"": ""17593"", ""soc_lb"": ""16197"", ""solved"": ""1"", ""solver"": ""planner"", ""sum_of_loss"": ""16786"", ""sum_of_loss_lb"": ""16197""}"
lg_lacam_fork:suo,LaCAM3 = SUO (first solution),warehouse-10-20-10-2-1,warehouse-10-20-10-2-1-random-2,200,1,30.0,solved,0.376541,0.241,17058,194,16548,16197,194,1.053158,0,,/home/carsten/Projects/MAPF/MAPF Evaluator/results/tlcpp-warehouse-10-20-2-1/runs/lg_lacam_fork_suo/warehouse-10-20-10-2-1/warehouse-10-20-10-2-1-random-2_a200_s1_r0,17058,0.241,"{""agents"": ""200"", ""comp_time"": ""241"", ""makespan"": ""194"", ""makespan_lb"": ""194"", ""map_file"": ""warehouse-10-20-10-2-1.map"", ""seed"": ""1"", ""soc"": ""17058"", ""soc_lb"": ""16197"", ""solved"": ""1"", ""solver"": ""planner"", ""sum_of_loss"": ""16559"", ""sum_of_loss_lb"": ""16197""}"
lg_lacam_fork:suo,LaCAM3 = SUO (first solution),warehouse-10-20-10-2-1,warehouse-10-20-10-2-1-random-2,200,2,30.0,solved,0.289866,0.2,17189,194,16624,16197,194,1.061246,0,,/home/carsten/Projects/MAPF/MAPF Evaluator/results/tlcpp-warehouse-10-20-2-1/runs/lg_lacam_fork_suo/warehouse-10-20-10-2-1/warehouse-10-20-10-2-1-random-2_a200_s2_r0,17189,0.2,"{""agents"": ""200"", ""comp_time"": ""200"", ""makespan"": ""194"", ""makespan_lb"": ""194"", ""map_file"": ""warehouse-10-20-10-2-1.map"", ""seed"": ""2"", ""soc"": ""17189"", ""soc_lb"": ""16197"", ""solved"": ""1"", ""solver"": ""planner"", ""sum_of_loss"": ""16643"", ""sum_of_loss_lb"": ""16197""}"
lg_lacam_fork:suo_tl,SUO + traffic load,warehouse-10-20-10-2-1,warehouse-10-20-10-2-1-random-2,200,0,30.0,solved,0.390669,0.187,17050,194,16574,16197,194,1.052664,0,,/home/carsten/Projects/MAPF/MAPF Evaluator/results/tlcpp-warehouse-10-20-2-1/runs/lg_lacam_fork_suo_tl/warehouse-10-20-10-2-1/warehouse-10-20-10-2-1-random-2_a200_s0_r0,17050,0.187,"{""agents"": ""200"", ""comp_time"": ""187"", ""makespan"": ""194"", ""makespan_lb"": ""194"", ""map_file"": ""warehouse-10-20-10-2-1.map"", ""seed"": ""0"", ""soc"": ""17050"", ""soc_lb"": ""16197"", ""solved"": ""1"", ""solver"": ""planner"", ""sum_of_loss"": ""16585"", ""sum_of_loss_lb"": ""16197""}"
lg_lacam_fork:suo_tl,SUO + traffic load,warehouse-10-20-10-2-1,warehouse-10-20-10-2-1-random-2,200,1,30.0,solved,0.529923,0.401,17038,194,16523,16197,194,1.051923,0,,/home/carsten/Projects/MAPF/MAPF Evaluator/results/tlcpp-warehouse-10-20-2-1/runs/lg_lacam_fork_suo_tl/warehouse-10-20-10-2-1/warehouse-10-20-10-2-1-random-2_a200_s1_r0,17038,0.401,"{""agents"": ""200"", ""comp_time"": ""401"", ""makespan"": ""194"", ""makespan_lb"": ""194"", ""map_file"": ""warehouse-10-20-10-2-1.map"", ""seed"": ""1"", ""soc"": ""17038"", ""soc_lb"": ""16197"", ""solved"": ""1"", ""solver"": ""planner"", ""sum_of_loss"": ""16535"", ""sum_of_loss_lb"": ""16197""}"
lg_lacam_fork:lg,"LG-LaCAM (window 20, first solution)",warehouse-10-20-10-2-1,warehouse-10-20-10-2-1-random-2,200,0,30.0,solved,0.209247,0.127,20076,200,17816,16197,194,1.239489,0,,/home/carsten/Projects/MAPF/MAPF Evaluator/results/tlcpp-warehouse-10-20-2-1/runs/lg_lacam_fork_lg/warehouse-10-20-10-2-1/warehouse-10-20-10-2-1-random-2_a200_s0_r0,20076,0.127,"{""agents"": ""200"", ""comp_time"": ""127"", ""makespan"": ""200"", ""makespan_lb"": ""194"", ""map_file"": ""warehouse-10-20-10-2-1.map"", ""seed"": ""0"", ""soc"": ""20076"", ""soc_lb"": ""16197"", ""solved"": ""1"", ""solver"": ""planner"", ""sum_of_loss"": ""17905"", ""sum_of_loss_lb"": ""16197""}"
lg_lacam_fork:suo_tl,SUO + traffic load,warehouse-10-20-10-2-1,warehouse-10-20-10-2-1-random-2,200,2,30.0,solved,0.214353,0.107,17169,194,16586,16197,194,1.060011,0,,/home/carsten/Projects/MAPF/MAPF Evaluator/results/tlcpp-warehouse-10-20-2-1/runs/lg_lacam_fork_suo_tl/warehouse-10-20-10-2-1/warehouse-10-20-10-2-1-random-2_a200_s2_r0,17169,0.107,"{""agents"": ""200"", ""comp_time"": ""107"", ""makespan"": ""194"", ""makespan_lb"": ""194"", ""map_file"": ""warehouse-10-20-10-2-1.map"", ""seed"": ""2"", ""soc"": ""17169"", ""soc_lb"": ""16197"", ""solved"": ""1"", ""solver"": ""planner"", ""sum_of_loss"": ""16603"", ""sum_of_loss_lb"": ""16197""}"
lg_lacam_fork:lg,"LG-LaCAM (window 20, first solution)",warehouse-10-20-10-2-1,warehouse-10-20-10-2-1-random-2,200,1,30.0,solved,0.256572,0.088,20367,196,17644,16197,194,1.257455,0,,/home/carsten/Projects/MAPF/MAPF Evaluator/results/tlcpp-warehouse-10-20-2-1/runs/lg_lacam_fork_lg/warehouse-10-20-10-2-1/warehouse-10-20-10-2-1-random-2_a200_s1_r0,20367,0.088,"{""agents"": ""200"", ""comp_time"": ""88"", ""makespan"": ""196"", ""makespan_lb"": ""194"", ""map_file"": ""warehouse-10-20-10-2-1.map"", ""seed"": ""1"", ""soc"": ""20367"", ""soc_lb"": ""16197"", ""solved"": ""1"", ""solver"": ""planner"", ""sum_of_loss"": ""17747"", ""sum_of_loss_lb"": ""16197""}"
lg_lacam_fork:lg,"LG-LaCAM (window 20, first solution)",warehouse-10-20-10-2-1,warehouse-10-20-10-2-1-random-2,200,2,30.0,solved,0.156335,0.104,19805,198,17554,16197,194,1.222757,0,,/home/carsten/Projects/MAPF/MAPF Evaluator/results/tlcpp-warehouse-10-20-2-1/runs/lg_lacam_fork_lg/warehouse-10-20-10-2-1/warehouse-10-20-10-2-1-random-2_a200_s2_r0,19805,0.104,"{""agents"": ""200"", ""comp_time"": ""104"", ""makespan"": ""198"", ""makespan_lb"": ""194"", ""map_file"": ""warehouse-10-20-10-2-1.map"", ""seed"": ""2"", ""soc"": ""19805"", ""soc_lb"": ""16197"", ""solved"": ""1"", ""solver"": ""planner"", ""sum_of_loss"": ""17640"", ""sum_of_loss_lb"": ""16197""}"
lg_lacam_fork:lg_tl,LG-LaCAM (window 20) + traffic load,warehouse-10-20-10-2-1,warehouse-10-20-10-2-1-random-2,200,1,30.0,solved,0.479031,0.296,19952,196,17423,16197,194,1.231833,0,,/home/carsten/Projects/MAPF/MAPF Evaluator/results/tlcpp-warehouse-10-20-2-1/runs/lg_lacam_fork_lg_tl/warehouse-10-20-10-2-1/warehouse-10-20-10-2-1-random-2_a200_s1_r0,19952,0.296,"{""agents"": ""200"", ""comp_time"": ""296"", ""makespan"": ""196"", ""makespan_lb"": ""194"", ""map_file"": ""warehouse-10-20-10-2-1.map"", ""seed"": ""1"", ""soc"": ""19952"", ""soc_lb"": ""16197"", ""solved"": ""1"", ""solver"": ""planner"", ""sum_of_loss"": ""17513"", ""sum_of_loss_lb"": ""16197""}"
lg_lacam_fork:lg_tl,LG-LaCAM (window 20) + traffic load,warehouse-10-20-10-2-1,warehouse-10-20-10-2-1-random-2,200,0,30.0,solved,0.376338,0.227,19997,198,17487,16197,194,1.234611,0,,/home/carsten/Projects/MAPF/MAPF Evaluator/results/tlcpp-warehouse-10-20-2-1/runs/lg_lacam_fork_lg_tl/warehouse-10-20-10-2-1/warehouse-10-20-10-2-1-random-2_a200_s0_r0,19997,0.227,"{""agents"": ""200"", ""comp_time"": ""227"", ""makespan"": ""198"", ""makespan_lb"": ""194"", ""map_file"": ""warehouse-10-20-10-2-1.map"", ""seed"": ""0"", ""soc"": ""19997"", ""soc_lb"": ""16197"", ""solved"": ""1"", ""solver"": ""planner"", ""sum_of_loss"": ""17581"", ""sum_of_loss_lb"": ""16197""}"
lg_lacam_fork:lg_tl,LG-LaCAM (window 20) + traffic load,warehouse-10-20-10-2-1,warehouse-10-20-10-2-1-random-2,200,2,30.0,solved,0.544286,0.355,20162,197,17570,16197,194,1.244798,0,,/home/carsten/Projects/MAPF/MAPF Evaluator/results/tlcpp-warehouse-10-20-2-1/runs/lg_lacam_fork_lg_tl/warehouse-10-20-10-2-1/warehouse-10-20-10-2-1-random-2_a200_s2_r0,20162,0.355,"{""agents"": ""200"", ""comp_time"": ""355"", ""makespan"": ""197"", ""makespan_lb"": ""194"", ""map_file"": ""warehouse-10-20-10-2-1.map"", ""seed"": ""2"", ""soc"": ""20162"", ""soc_lb"": ""16197"", ""solved"": ""1"", ""solver"": ""planner"", ""sum_of_loss"": ""17656"", ""sum_of_loss_lb"": ""16197""}"
lg_lacam_fork:lg_suo,LG-LaCAM (window 20) + SUO,warehouse-10-20-10-2-1,warehouse-10-20-10-2-1-random-2,200,0,30.0,error,1.935685,,,,,16197,194,,-6,exit code -6: terminate called after throwing an instance of 'std::system_error' what(): Resource temporarily unavailable,/home/carsten/Projects/MAPF/MAPF Evaluator/results/tlcpp-warehouse-10-20-2-1/runs/lg_lacam_fork_lg_suo/warehouse-10-20-10-2-1/warehouse-10-20-10-2-1-random-2_a200_s0_r0,,,
lg_lacam_fork:lg_suo,LG-LaCAM (window 20) + SUO,warehouse-10-20-10-2-1,warehouse-10-20-10-2-1-random-2,200,1,30.0,solved,0.56871,0.355,18803,194,17144,16197,194,1.160894,0,,/home/carsten/Projects/MAPF/MAPF Evaluator/results/tlcpp-warehouse-10-20-2-1/runs/lg_lacam_fork_lg_suo/warehouse-10-20-10-2-1/warehouse-10-20-10-2-1-random-2_a200_s1_r0,18803,0.355,"{""agents"": ""200"", ""comp_time"": ""355"", ""makespan"": ""194"", ""makespan_lb"": ""194"", ""map_file"": ""warehouse-10-20-10-2-1.map"", ""seed"": ""1"", ""soc"": ""18803"", ""soc_lb"": ""16197"", ""solved"": ""1"", ""solver"": ""planner"", ""sum_of_loss"": ""17209"", ""sum_of_loss_lb"": ""16197""}"
lg_lacam_fork:lg_suo,LG-LaCAM (window 20) + SUO,warehouse-10-20-10-2-1,warehouse-10-20-10-2-1-random-2,200,2,30.0,solved,0.387762,0.276,18882,203,17044,16197,194,1.165771,0,,/home/carsten/Projects/MAPF/MAPF Evaluator/results/tlcpp-warehouse-10-20-2-1/runs/lg_lacam_fork_lg_suo/warehouse-10-20-10-2-1/warehouse-10-20-10-2-1-random-2_a200_s2_r0,18882,0.276,"{""agents"": ""200"", ""comp_time"": ""276"", ""makespan"": ""203"", ""makespan_lb"": ""194"", ""map_file"": ""warehouse-10-20-10-2-1.map"", ""seed"": ""2"", ""soc"": ""18882"", ""soc_lb"": ""16197"", ""solved"": ""1"", ""solver"": ""planner"", ""sum_of_loss"": ""17105"", ""sum_of_loss_lb"": ""16197""}"
lg_lacam_fork:lacam,"LaCAM (no guidance, first solution)",warehouse-10-20-10-2-1,warehouse-10-20-10-2-1-random-3,50,0,30.0,solved,0.094473,0.041,5198,167,4749,4317,167,1.204077,0,,/home/carsten/Projects/MAPF/MAPF Evaluator/results/tlcpp-warehouse-10-20-2-1/runs/lg_lacam_fork_lacam/warehouse-10-20-10-2-1/warehouse-10-20-10-2-1-random-3_a50_s0_r0,5198,0.041,"{""agents"": ""50"", ""comp_time"": ""41"", ""makespan"": ""167"", ""makespan_lb"": ""167"", ""map_file"": ""warehouse-10-20-10-2-1.map"", ""seed"": ""0"", ""soc"": ""5198"", ""soc_lb"": ""4317"", ""solved"": ""1"", ""solver"": ""planner"", ""sum_of_loss"": ""4761"", ""sum_of_loss_lb"": ""4317""}"
lg_lacam_fork:lg_suo_tl,LG-LaCAM (window 20) + SUO + traffic load,warehouse-10-20-10-2-1,warehouse-10-20-10-2-1-random-2,200,0,30.0,solved,0.456898,0.313,18536,194,16981,16197,194,1.144409,0,,/home/carsten/Projects/MAPF/MAPF Evaluator/results/tlcpp-warehouse-10-20-2-1/runs/lg_lacam_fork_lg_suo_tl/warehouse-10-20-10-2-1/warehouse-10-20-10-2-1-random-2_a200_s0_r0,18536,0.313,"{""agents"": ""200"", ""comp_time"": ""313"", ""makespan"": ""194"", ""makespan_lb"": ""194"", ""map_file"": ""warehouse-10-20-10-2-1.map"", ""seed"": ""0"", ""soc"": ""18536"", ""soc_lb"": ""16197"", ""solved"": ""1"", ""solver"": ""planner"", ""sum_of_loss"": ""17031"", ""sum_of_loss_lb"": ""16197""}"
lg_lacam_fork:lacam,"LaCAM (no guidance, first solution)",warehouse-10-20-10-2-1,warehouse-10-20-10-2-1-random-3,50,1,30.0,solved,0.068947,0.04,5123,172,4698,4317,167,1.186704,0,,/home/carsten/Projects/MAPF/MAPF Evaluator/results/tlcpp-warehouse-10-20-2-1/runs/lg_lacam_fork_lacam/warehouse-10-20-10-2-1/warehouse-10-20-10-2-1-random-3_a50_s1_r0,5123,0.04,"{""agents"": ""50"", ""comp_time"": ""40"", ""makespan"": ""172"", ""makespan_lb"": ""167"", ""map_file"": ""warehouse-10-20-10-2-1.map"", ""seed"": ""1"", ""soc"": ""5123"", ""soc_lb"": ""4317"", ""solved"": ""1"", ""solver"": ""planner"", ""sum_of_loss"": ""4710"", ""sum_of_loss_lb"": ""4317""}"
lg_lacam_fork:tl,"LaCAM + traffic load (tie-break, per config)",warehouse-10-20-10-2-1,warehouse-10-20-10-2-1-random-3,50,0,30.0,solved,0.089217,0.033,4976,167,4512,4317,167,1.152652,0,,/home/carsten/Projects/MAPF/MAPF Evaluator/results/tlcpp-warehouse-10-20-2-1/runs/lg_lacam_fork_tl/warehouse-10-20-10-2-1/warehouse-10-20-10-2-1-random-3_a50_s0_r0,4976,0.033,"{""agents"": ""50"", ""comp_time"": ""33"", ""makespan"": ""167"", ""makespan_lb"": ""167"", ""map_file"": ""warehouse-10-20-10-2-1.map"", ""seed"": ""0"", ""soc"": ""4976"", ""soc_lb"": ""4317"", ""solved"": ""1"", ""solver"": ""planner"", ""sum_of_loss"": ""4523"", ""sum_of_loss_lb"": ""4317""}"
lg_lacam_fork:lacam,"LaCAM (no guidance, first solution)",warehouse-10-20-10-2-1,warehouse-10-20-10-2-1-random-3,50,2,30.0,solved,0.073422,0.03,5401,201,4811,4317,167,1.2511,0,,/home/carsten/Projects/MAPF/MAPF Evaluator/results/tlcpp-warehouse-10-20-2-1/runs/lg_lacam_fork_lacam/warehouse-10-20-10-2-1/warehouse-10-20-10-2-1-random-3_a50_s2_r0,5401,0.03,"{""agents"": ""50"", ""comp_time"": ""30"", ""makespan"": ""201"", ""makespan_lb"": ""167"", ""map_file"": ""warehouse-10-20-10-2-1.map"", ""seed"": ""2"", ""soc"": ""5401"", ""soc_lb"": ""4317"", ""solved"": ""1"", ""solver"": ""planner"", ""sum_of_loss"": ""4828"", ""sum_of_loss_lb"": ""4317""}"
lg_lacam_fork:lg_suo_tl,LG-LaCAM (window 20) + SUO + traffic load,warehouse-10-20-10-2-1,warehouse-10-20-10-2-1-random-2,200,1,30.0,solved,0.937412,0.743,18658,194,17034,16197,194,1.151942,0,,/home/carsten/Projects/MAPF/MAPF Evaluator/results/tlcpp-warehouse-10-20-2-1/runs/lg_lacam_fork_lg_suo_tl/warehouse-10-20-10-2-1/warehouse-10-20-10-2-1-random-2_a200_s1_r0,18658,0.743,"{""agents"": ""200"", ""comp_time"": ""743"", ""makespan"": ""194"", ""makespan_lb"": ""194"", ""map_file"": ""warehouse-10-20-10-2-1.map"", ""seed"": ""1"", ""soc"": ""18658"", ""soc_lb"": ""16197"", ""solved"": ""1"", ""solver"": ""planner"", ""sum_of_loss"": ""17085"", ""sum_of_loss_lb"": ""16197""}"
lg_lacam_fork:tl,"LaCAM + traffic load (tie-break, per config)",warehouse-10-20-10-2-1,warehouse-10-20-10-2-1-random-3,50,1,30.0,solved,0.067945,0.037,4891,167,4564,4317,167,1.132963,0,,/home/carsten/Projects/MAPF/MAPF Evaluator/results/tlcpp-warehouse-10-20-2-1/runs/lg_lacam_fork_tl/warehouse-10-20-10-2-1/warehouse-10-20-10-2-1-random-3_a50_s1_r0,4891,0.037,"{""agents"": ""50"", ""comp_time"": ""37"", ""makespan"": ""167"", ""makespan_lb"": ""167"", ""map_file"": ""warehouse-10-20-10-2-1.map"", ""seed"": ""1"", ""soc"": ""4891"", ""soc_lb"": ""4317"", ""solved"": ""1"", ""solver"": ""planner"", ""sum_of_loss"": ""4573"", ""sum_of_loss_lb"": ""4317""}"
lg_lacam_fork:lg_suo_tl,LG-LaCAM (window 20) + SUO + traffic load,warehouse-10-20-10-2-1,warehouse-10-20-10-2-1-random-2,200,2,30.0,solved,0.67091,0.517,18803,200,16994,16197,194,1.160894,0,,/home/carsten/Projects/MAPF/MAPF Evaluator/results/tlcpp-warehouse-10-20-2-1/runs/lg_lacam_fork_lg_suo_tl/warehouse-10-20-10-2-1/warehouse-10-20-10-2-1-random-2_a200_s2_r0,18803,0.517,"{""agents"": ""200"", ""comp_time"": ""517"", ""makespan"": ""200"", ""makespan_lb"": ""194"", ""map_file"": ""warehouse-10-20-10-2-1.map"", ""seed"": ""2"", ""soc"": ""18803"", ""soc_lb"": ""16197"", ""solved"": ""1"", ""solver"": ""planner"", ""sum_of_loss"": ""17048"", ""sum_of_loss_lb"": ""16197""}"
lg_lacam_fork:tl,"LaCAM + traffic load (tie-break, per config)",warehouse-10-20-10-2-1,warehouse-10-20-10-2-1-random-3,50,2,30.0,solved,0.236786,0.086,5035,167,4555,4317,167,1.166319,0,,/home/carsten/Projects/MAPF/MAPF Evaluator/results/tlcpp-warehouse-10-20-2-1/runs/lg_lacam_fork_tl/warehouse-10-20-10-2-1/warehouse-10-20-10-2-1-random-3_a50_s2_r0,5035,0.086,"{""agents"": ""50"", ""comp_time"": ""86"", ""makespan"": ""167"", ""makespan_lb"": ""167"", ""map_file"": ""warehouse-10-20-10-2-1.map"", ""seed"": ""2"", ""soc"": ""5035"", ""soc_lb"": ""4317"", ""solved"": ""1"", ""solver"": ""planner"", ""sum_of_loss"": ""4568"", ""sum_of_loss_lb"": ""4317""}"
lg_lacam_fork:tl_agent,"LaCAM + traffic load (tie-break, per agent)",warehouse-10-20-10-2-1,warehouse-10-20-10-2-1-random-3,50,0,30.0,solved,0.062646,0.035,4946,167,4490,4317,167,1.145703,0,,/home/carsten/Projects/MAPF/MAPF Evaluator/results/tlcpp-warehouse-10-20-2-1/runs/lg_lacam_fork_tl_agent/warehouse-10-20-10-2-1/warehouse-10-20-10-2-1-random-3_a50_s0_r0,4946,0.035,"{""agents"": ""50"", ""comp_time"": ""35"", ""makespan"": ""167"", ""makespan_lb"": ""167"", ""map_file"": ""warehouse-10-20-10-2-1.map"", ""seed"": ""0"", ""soc"": ""4946"", ""soc_lb"": ""4317"", ""solved"": ""1"", ""solver"": ""planner"", ""sum_of_loss"": ""4501"", ""sum_of_loss_lb"": ""4317""}"
lg_lacam_fork:tl_agent,"LaCAM + traffic load (tie-break, per agent)",warehouse-10-20-10-2-1,warehouse-10-20-10-2-1-random-3,50,2,30.0,solved,0.098035,0.052,4973,167,4497,4317,167,1.151957,0,,/home/carsten/Projects/MAPF/MAPF Evaluator/results/tlcpp-warehouse-10-20-2-1/runs/lg_lacam_fork_tl_agent/warehouse-10-20-10-2-1/warehouse-10-20-10-2-1-random-3_a50_s2_r0,4973,0.052,"{""agents"": ""50"", ""comp_time"": ""52"", ""makespan"": ""167"", ""makespan_lb"": ""167"", ""map_file"": ""warehouse-10-20-10-2-1.map"", ""seed"": ""2"", ""soc"": ""4973"", ""soc_lb"": ""4317"", ""solved"": ""1"", ""solver"": ""planner"", ""sum_of_loss"": ""4508"", ""sum_of_loss_lb"": ""4317""}"
lg_lacam_fork:tl_agent,"LaCAM + traffic load (tie-break, per agent)",warehouse-10-20-10-2-1,warehouse-10-20-10-2-1-random-3,50,1,30.0,solved,0.160319,0.078,5067,167,4594,4317,167,1.173732,0,,/home/carsten/Projects/MAPF/MAPF Evaluator/results/tlcpp-warehouse-10-20-2-1/runs/lg_lacam_fork_tl_agent/warehouse-10-20-10-2-1/warehouse-10-20-10-2-1-random-3_a50_s1_r0,5067,0.078,"{""agents"": ""50"", ""comp_time"": ""78"", ""makespan"": ""167"", ""makespan_lb"": ""167"", ""map_file"": ""warehouse-10-20-10-2-1.map"", ""seed"": ""1"", ""soc"": ""5067"", ""soc_lb"": ""4317"", ""solved"": ""1"", ""solver"": ""planner"", ""sum_of_loss"": ""4608"", ""sum_of_loss_lb"": ""4317""}"
lg_lacam_fork:tl_static,LaCAM + traffic load (static map from starts),warehouse-10-20-10-2-1,warehouse-10-20-10-2-1-random-3,50,0,30.0,solved,0.124959,0.039,5208,167,4798,4317,167,1.206393,0,,/home/carsten/Projects/MAPF/MAPF Evaluator/results/tlcpp-warehouse-10-20-2-1/runs/lg_lacam_fork_tl_static/warehouse-10-20-10-2-1/warehouse-10-20-10-2-1-random-3_a50_s0_r0,5208,0.039,"{""agents"": ""50"", ""comp_time"": ""39"", ""makespan"": ""167"", ""makespan_lb"": ""167"", ""map_file"": ""warehouse-10-20-10-2-1.map"", ""seed"": ""0"", ""soc"": ""5208"", ""soc_lb"": ""4317"", ""solved"": ""1"", ""solver"": ""planner"", ""sum_of_loss"": ""4810"", ""sum_of_loss_lb"": ""4317""}"
lg_lacam_fork:tl_static,LaCAM + traffic load (static map from starts),warehouse-10-20-10-2-1,warehouse-10-20-10-2-1-random-3,50,1,30.0,solved,0.092631,0.029,5298,167,4858,4317,167,1.227241,0,,/home/carsten/Projects/MAPF/MAPF Evaluator/results/tlcpp-warehouse-10-20-2-1/runs/lg_lacam_fork_tl_static/warehouse-10-20-10-2-1/warehouse-10-20-10-2-1-random-3_a50_s1_r0,5298,0.029,"{""agents"": ""50"", ""comp_time"": ""29"", ""makespan"": ""167"", ""makespan_lb"": ""167"", ""map_file"": ""warehouse-10-20-10-2-1.map"", ""seed"": ""1"", ""soc"": ""5298"", ""soc_lb"": ""4317"", ""solved"": ""1"", ""solver"": ""planner"", ""sum_of_loss"": ""4870"", ""sum_of_loss_lb"": ""4317""}"
lg_lacam_fork:tl_static,LaCAM + traffic load (static map from starts),warehouse-10-20-10-2-1,warehouse-10-20-10-2-1-random-3,50,2,30.0,solved,0.162748,0.055,5534,243,4931,4317,167,1.281909,0,,/home/carsten/Projects/MAPF/MAPF Evaluator/results/tlcpp-warehouse-10-20-2-1/runs/lg_lacam_fork_tl_static/warehouse-10-20-10-2-1/warehouse-10-20-10-2-1-random-3_a50_s2_r0,5534,0.055,"{""agents"": ""50"", ""comp_time"": ""55"", ""makespan"": ""243"", ""makespan_lb"": ""167"", ""map_file"": ""warehouse-10-20-10-2-1.map"", ""seed"": ""2"", ""soc"": ""5534"", ""soc_lb"": ""4317"", ""solved"": ""1"", ""solver"": ""planner"", ""sum_of_loss"": ""4945"", ""sum_of_loss_lb"": ""4317""}"
lg_lacam_fork:suo,LaCAM3 = SUO (first solution),warehouse-10-20-10-2-1,warehouse-10-20-10-2-1-random-3,50,0,30.0,solved,0.085874,0.06,4406,167,4358,4317,167,1.020616,0,,/home/carsten/Projects/MAPF/MAPF Evaluator/results/tlcpp-warehouse-10-20-2-1/runs/lg_lacam_fork_suo/warehouse-10-20-10-2-1/warehouse-10-20-10-2-1-random-3_a50_s0_r0,4406,0.06,"{""agents"": ""50"", ""comp_time"": ""60"", ""makespan"": ""167"", ""makespan_lb"": ""167"", ""map_file"": ""warehouse-10-20-10-2-1.map"", ""seed"": ""0"", ""soc"": ""4406"", ""soc_lb"": ""4317"", ""solved"": ""1"", ""solver"": ""planner"", ""sum_of_loss"": ""4359"", ""sum_of_loss_lb"": ""4317""}"
lg_lacam_fork:suo,LaCAM3 = SUO (first solution),warehouse-10-20-10-2-1,warehouse-10-20-10-2-1-random-3,50,1,30.0,solved,0.093687,0.019,4345,167,4345,4317,167,1.006486,0,,/home/carsten/Projects/MAPF/MAPF Evaluator/results/tlcpp-warehouse-10-20-2-1/runs/lg_lacam_fork_suo/warehouse-10-20-10-2-1/warehouse-10-20-10-2-1-random-3_a50_s1_r0,4345,0.019,"{""agents"": ""50"", ""comp_time"": ""19"", ""makespan"": ""167"", ""makespan_lb"": ""167"", ""map_file"": ""warehouse-10-20-10-2-1.map"", ""seed"": ""1"", ""soc"": ""4345"", ""soc_lb"": ""4317"", ""solved"": ""1"", ""solver"": ""planner"", ""sum_of_loss"": ""4345"", ""sum_of_loss_lb"": ""4317""}"
lg_lacam_fork:suo,LaCAM3 = SUO (first solution),warehouse-10-20-10-2-1,warehouse-10-20-10-2-1-random-3,50,2,30.0,solved,0.133128,0.045,4347,167,4347,4317,167,1.006949,0,,/home/carsten/Projects/MAPF/MAPF Evaluator/results/tlcpp-warehouse-10-20-2-1/runs/lg_lacam_fork_suo/warehouse-10-20-10-2-1/warehouse-10-20-10-2-1-random-3_a50_s2_r0,4347,0.045,"{""agents"": ""50"", ""comp_time"": ""45"", ""makespan"": ""167"", ""makespan_lb"": ""167"", ""map_file"": ""warehouse-10-20-10-2-1.map"", ""seed"": ""2"", ""soc"": ""4347"", ""soc_lb"": ""4317"", ""solved"": ""1"", ""solver"": ""planner"", ""sum_of_loss"": ""4347"", ""sum_of_loss_lb"": ""4317""}"
lg_lacam_fork:suo_tl,SUO + traffic load,warehouse-10-20-10-2-1,warehouse-10-20-10-2-1-random-3,50,0,30.0,solved,0.09541,0.058,4406,167,4358,4317,167,1.020616,0,,/home/carsten/Projects/MAPF/MAPF Evaluator/results/tlcpp-warehouse-10-20-2-1/runs/lg_lacam_fork_suo_tl/warehouse-10-20-10-2-1/warehouse-10-20-10-2-1-random-3_a50_s0_r0,4406,0.058,"{""agents"": ""50"", ""comp_time"": ""58"", ""makespan"": ""167"", ""makespan_lb"": ""167"", ""map_file"": ""warehouse-10-20-10-2-1.map"", ""seed"": ""0"", ""soc"": ""4406"", ""soc_lb"": ""4317"", ""solved"": ""1"", ""solver"": ""planner"", ""sum_of_loss"": ""4359"", ""sum_of_loss_lb"": ""4317""}"
lg_lacam_fork:suo_tl,SUO + traffic load,warehouse-10-20-10-2-1,warehouse-10-20-10-2-1-random-3,50,1,30.0,solved,0.244614,0.087,4344,167,4344,4317,167,1.006254,0,,/home/carsten/Projects/MAPF/MAPF Evaluator/results/tlcpp-warehouse-10-20-2-1/runs/lg_lacam_fork_suo_tl/warehouse-10-20-10-2-1/warehouse-10-20-10-2-1-random-3_a50_s1_r0,4344,0.087,"{""agents"": ""50"", ""comp_time"": ""87"", ""makespan"": ""167"", ""makespan_lb"": ""167"", ""map_file"": ""warehouse-10-20-10-2-1.map"", ""seed"": ""1"", ""soc"": ""4344"", ""soc_lb"": ""4317"", ""solved"": ""1"", ""solver"": ""planner"", ""sum_of_loss"": ""4344"", ""sum_of_loss_lb"": ""4317""}"
lg_lacam_fork:lg,"LG-LaCAM (window 20, first solution)",warehouse-10-20-10-2-1,warehouse-10-20-10-2-1-random-3,50,0,30.0,solved,0.114774,0.079,4675,169,4429,4317,167,1.082928,0,,/home/carsten/Projects/MAPF/MAPF Evaluator/results/tlcpp-warehouse-10-20-2-1/runs/lg_lacam_fork_lg/warehouse-10-20-10-2-1/warehouse-10-20-10-2-1-random-3_a50_s0_r0,4675,0.079,"{""agents"": ""50"", ""comp_time"": ""79"", ""makespan"": ""169"", ""makespan_lb"": ""167"", ""map_file"": ""warehouse-10-20-10-2-1.map"", ""seed"": ""0"", ""soc"": ""4675"", ""soc_lb"": ""4317"", ""solved"": ""1"", ""solver"": ""planner"", ""sum_of_loss"": ""4435"", ""sum_of_loss_lb"": ""4317""}"
lg_lacam_fork:suo_tl,SUO + traffic load,warehouse-10-20-10-2-1,warehouse-10-20-10-2-1-random-3,50,2,30.0,solved,0.176789,0.059,4347,167,4347,4317,167,1.006949,0,,/home/carsten/Projects/MAPF/MAPF Evaluator/results/tlcpp-warehouse-10-20-2-1/runs/lg_lacam_fork_suo_tl/warehouse-10-20-10-2-1/warehouse-10-20-10-2-1-random-3_a50_s2_r0,4347,0.059,"{""agents"": ""50"", ""comp_time"": ""59"", ""makespan"": ""167"", ""makespan_lb"": ""167"", ""map_file"": ""warehouse-10-20-10-2-1.map"", ""seed"": ""2"", ""soc"": ""4347"", ""soc_lb"": ""4317"", ""solved"": ""1"", ""solver"": ""planner"", ""sum_of_loss"": ""4347"", ""sum_of_loss_lb"": ""4317""}"
lg_lacam_fork:lg,"LG-LaCAM (window 20, first solution)",warehouse-10-20-10-2-1,warehouse-10-20-10-2-1-random-3,50,1,30.0,solved,0.143638,0.097,4679,169,4451,4317,167,1.083855,0,,/home/carsten/Projects/MAPF/MAPF Evaluator/results/tlcpp-warehouse-10-20-2-1/runs/lg_lacam_fork_lg/warehouse-10-20-10-2-1/warehouse-10-20-10-2-1-random-3_a50_s1_r0,4679,0.097,"{""agents"": ""50"", ""comp_time"": ""97"", ""makespan"": ""169"", ""makespan_lb"": ""167"", ""map_file"": ""warehouse-10-20-10-2-1.map"", ""seed"": ""1"", ""soc"": ""4679"", ""soc_lb"": ""4317"", ""solved"": ""1"", ""solver"": ""planner"", ""sum_of_loss"": ""4456"", ""sum_of_loss_lb"": ""4317""}"
lg_lacam_fork:lg,"LG-LaCAM (window 20, first solution)",warehouse-10-20-10-2-1,warehouse-10-20-10-2-1-random-3,50,2,30.0,solved,0.120227,0.029,4674,169,4428,4317,167,1.082696,0,,/home/carsten/Projects/MAPF/MAPF Evaluator/results/tlcpp-warehouse-10-20-2-1/runs/lg_lacam_fork_lg/warehouse-10-20-10-2-1/warehouse-10-20-10-2-1-random-3_a50_s2_r0,4674,0.029,"{""agents"": ""50"", ""comp_time"": ""29"", ""makespan"": ""169"", ""makespan_lb"": ""167"", ""map_file"": ""warehouse-10-20-10-2-1.map"", ""seed"": ""2"", ""soc"": ""4674"", ""soc_lb"": ""4317"", ""solved"": ""1"", ""solver"": ""planner"", ""sum_of_loss"": ""4434"", ""sum_of_loss_lb"": ""4317""}"
lg_lacam_fork:lg_tl,LG-LaCAM (window 20) + traffic load,warehouse-10-20-10-2-1,warehouse-10-20-10-2-1-random-3,50,0,30.0,solved,0.157942,0.057,4675,169,4429,4317,167,1.082928,0,,/home/carsten/Projects/MAPF/MAPF Evaluator/results/tlcpp-warehouse-10-20-2-1/runs/lg_lacam_fork_lg_tl/warehouse-10-20-10-2-1/warehouse-10-20-10-2-1-random-3_a50_s0_r0,4675,0.057,"{""agents"": ""50"", ""comp_time"": ""57"", ""makespan"": ""169"", ""makespan_lb"": ""167"", ""map_file"": ""warehouse-10-20-10-2-1.map"", ""seed"": ""0"", ""soc"": ""4675"", ""soc_lb"": ""4317"", ""solved"": ""1"", ""solver"": ""planner"", ""sum_of_loss"": ""4435"", ""sum_of_loss_lb"": ""4317""}"
lg_lacam_fork:lg_tl,LG-LaCAM (window 20) + traffic load,warehouse-10-20-10-2-1,warehouse-10-20-10-2-1-random-3,50,1,30.0,solved,0.2044,0.114,4679,169,4451,4317,167,1.083855,0,,/home/carsten/Projects/MAPF/MAPF Evaluator/results/tlcpp-warehouse-10-20-2-1/runs/lg_lacam_fork_lg_tl/warehouse-10-20-10-2-1/warehouse-10-20-10-2-1-random-3_a50_s1_r0,4679,0.114,"{""agents"": ""50"", ""comp_time"": ""114"", ""makespan"": ""169"", ""makespan_lb"": ""167"", ""map_file"": ""warehouse-10-20-10-2-1.map"", ""seed"": ""1"", ""soc"": ""4679"", ""soc_lb"": ""4317"", ""solved"": ""1"", ""solver"": ""planner"", ""sum_of_loss"": ""4456"", ""sum_of_loss_lb"": ""4317""}"
lg_lacam_fork:lg_tl,LG-LaCAM (window 20) + traffic load,warehouse-10-20-10-2-1,warehouse-10-20-10-2-1-random-3,50,2,30.0,solved,0.137938,0.07,4674,169,4428,4317,167,1.082696,0,,/home/carsten/Projects/MAPF/MAPF Evaluator/results/tlcpp-warehouse-10-20-2-1/runs/lg_lacam_fork_lg_tl/warehouse-10-20-10-2-1/warehouse-10-20-10-2-1-random-3_a50_s2_r0,4674,0.07,"{""agents"": ""50"", ""comp_time"": ""70"", ""makespan"": ""169"", ""makespan_lb"": ""167"", ""map_file"": ""warehouse-10-20-10-2-1.map"", ""seed"": ""2"", ""soc"": ""4674"", ""soc_lb"": ""4317"", ""solved"": ""1"", ""solver"": ""planner"", ""sum_of_loss"": ""4434"", ""sum_of_loss_lb"": ""4317""}"
lg_lacam_fork:lg_suo,LG-LaCAM (window 20) + SUO,warehouse-10-20-10-2-1,warehouse-10-20-10-2-1-random-3,50,0,30.0,solved,0.127628,0.09,4464,167,4371,4317,167,1.034051,0,,/home/carsten/Projects/MAPF/MAPF Evaluator/results/tlcpp-warehouse-10-20-2-1/runs/lg_lacam_fork_lg_suo/warehouse-10-20-10-2-1/warehouse-10-20-10-2-1-random-3_a50_s0_r0,4464,0.09,"{""agents"": ""50"", ""comp_time"": ""90"", ""makespan"": ""167"", ""makespan_lb"": ""167"", ""map_file"": ""warehouse-10-20-10-2-1.map"", ""seed"": ""0"", ""soc"": ""4464"", ""soc_lb"": ""4317"", ""solved"": ""1"", ""solver"": ""planner"", ""sum_of_loss"": ""4374"", ""sum_of_loss_lb"": ""4317""}"
lg_lacam_fork:lg_suo,LG-LaCAM (window 20) + SUO,warehouse-10-20-10-2-1,warehouse-10-20-10-2-1-random-3,50,2,30.0,solved,0.217732,0.072,4461,167,4368,4317,167,1.033356,0,,/home/carsten/Projects/MAPF/MAPF Evaluator/results/tlcpp-warehouse-10-20-2-1/runs/lg_lacam_fork_lg_suo/warehouse-10-20-10-2-1/warehouse-10-20-10-2-1-random-3_a50_s2_r0,4461,0.072,"{""agents"": ""50"", ""comp_time"": ""72"", ""makespan"": ""167"", ""makespan_lb"": ""167"", ""map_file"": ""warehouse-10-20-10-2-1.map"", ""seed"": ""2"", ""soc"": ""4461"", ""soc_lb"": ""4317"", ""solved"": ""1"", ""solver"": ""planner"", ""sum_of_loss"": ""4371"", ""sum_of_loss_lb"": ""4317""}"
lg_lacam_fork:lg_suo,LG-LaCAM (window 20) + SUO,warehouse-10-20-10-2-1,warehouse-10-20-10-2-1-random-3,50,1,30.0,solved,0.150957,0.065,4435,167,4359,4317,167,1.027334,0,,/home/carsten/Projects/MAPF/MAPF Evaluator/results/tlcpp-warehouse-10-20-2-1/runs/lg_lacam_fork_lg_suo/warehouse-10-20-10-2-1/warehouse-10-20-10-2-1-random-3_a50_s1_r0,4435,0.065,"{""agents"": ""50"", ""comp_time"": ""65"", ""makespan"": ""167"", ""makespan_lb"": ""167"", ""map_file"": ""warehouse-10-20-10-2-1.map"", ""seed"": ""1"", ""soc"": ""4435"", ""soc_lb"": ""4317"", ""solved"": ""1"", ""solver"": ""planner"", ""sum_of_loss"": ""4361"", ""sum_of_loss_lb"": ""4317""}"
lg_lacam_fork:lg_suo_tl,LG-LaCAM (window 20) + SUO + traffic load,warehouse-10-20-10-2-1,warehouse-10-20-10-2-1-random-3,50,0,30.0,solved,0.114701,0.083,4464,167,4371,4317,167,1.034051,0,,/home/carsten/Projects/MAPF/MAPF Evaluator/results/tlcpp-warehouse-10-20-2-1/runs/lg_lacam_fork_lg_suo_tl/warehouse-10-20-10-2-1/warehouse-10-20-10-2-1-random-3_a50_s0_r0,4464,0.083,"{""agents"": ""50"", ""comp_time"": ""83"", ""makespan"": ""167"", ""makespan_lb"": ""167"", ""map_file"": ""warehouse-10-20-10-2-1.map"", ""seed"": ""0"", ""soc"": ""4464"", ""soc_lb"": ""4317"", ""solved"": ""1"", ""solver"": ""planner"", ""sum_of_loss"": ""4374"", ""sum_of_loss_lb"": ""4317""}"
lg_lacam_fork:lg_suo_tl,LG-LaCAM (window 20) + SUO + traffic load,warehouse-10-20-10-2-1,warehouse-10-20-10-2-1-random-3,50,1,30.0,solved,0.185159,0.107,4435,167,4359,4317,167,1.027334,0,,/home/carsten/Projects/MAPF/MAPF Evaluator/results/tlcpp-warehouse-10-20-2-1/runs/lg_lacam_fork_lg_suo_tl/warehouse-10-20-10-2-1/warehouse-10-20-10-2-1-random-3_a50_s1_r0,4435,0.107,"{""agents"": ""50"", ""comp_time"": ""107"", ""makespan"": ""167"", ""makespan_lb"": ""167"", ""map_file"": ""warehouse-10-20-10-2-1.map"", ""seed"": ""1"", ""soc"": ""4435"", ""soc_lb"": ""4317"", ""solved"": ""1"", ""solver"": ""planner"", ""sum_of_loss"": ""4361"", ""sum_of_loss_lb"": ""4317""}"
lg_lacam_fork:lg_suo_tl,LG-LaCAM (window 20) + SUO + traffic load,warehouse-10-20-10-2-1,warehouse-10-20-10-2-1-random-3,50,2,30.0,solved,0.176737,0.082,4461,167,4368,4317,167,1.033356,0,,/home/carsten/Projects/MAPF/MAPF Evaluator/results/tlcpp-warehouse-10-20-2-1/runs/lg_lacam_fork_lg_suo_tl/warehouse-10-20-10-2-1/warehouse-10-20-10-2-1-random-3_a50_s2_r0,4461,0.082,"{""agents"": ""50"", ""comp_time"": ""82"", ""makespan"": ""167"", ""makespan_lb"": ""167"", ""map_file"": ""warehouse-10-20-10-2-1.map"", ""seed"": ""2"", ""soc"": ""4461"", ""soc_lb"": ""4317"", ""solved"": ""1"", ""solver"": ""planner"", ""sum_of_loss"": ""4371"", ""sum_of_loss_lb"": ""4317""}"
lg_lacam_fork:lacam,"LaCAM (no guidance, first solution)",warehouse-10-20-10-2-1,warehouse-10-20-10-2-1-random-3,100,0,30.0,solved,0.23111,0.031,11575,187,10439,8969,173,1.290556,0,,/home/carsten/Projects/MAPF/MAPF Evaluator/results/tlcpp-warehouse-10-20-2-1/runs/lg_lacam_fork_lacam/warehouse-10-20-10-2-1/warehouse-10-20-10-2-1-random-3_a100_s0_r0,11575,0.031,"{""agents"": ""100"", ""comp_time"": ""31"", ""makespan"": ""187"", ""makespan_lb"": ""173"", ""map_file"": ""warehouse-10-20-10-2-1.map"", ""seed"": ""0"", ""soc"": ""11575"", ""soc_lb"": ""8969"", ""solved"": ""1"", ""solver"": ""planner"", ""sum_of_loss"": ""10482"", ""sum_of_loss_lb"": ""8969""}"
lg_lacam_fork:lacam,"LaCAM (no guidance, first solution)",warehouse-10-20-10-2-1,warehouse-10-20-10-2-1-random-3,100,1,30.0,solved,0.144108,0.075,11405,175,10262,8969,173,1.271602,0,,/home/carsten/Projects/MAPF/MAPF Evaluator/results/tlcpp-warehouse-10-20-2-1/runs/lg_lacam_fork_lacam/warehouse-10-20-10-2-1/warehouse-10-20-10-2-1-random-3_a100_s1_r0,11405,0.075,"{""agents"": ""100"", ""comp_time"": ""75"", ""makespan"": ""175"", ""makespan_lb"": ""173"", ""map_file"": ""warehouse-10-20-10-2-1.map"", ""seed"": ""1"", ""soc"": ""11405"", ""soc_lb"": ""8969"", ""solved"": ""1"", ""solver"": ""planner"", ""sum_of_loss"": ""10296"", ""sum_of_loss_lb"": ""8969""}"
lg_lacam_fork:lacam,"LaCAM (no guidance, first solution)",warehouse-10-20-10-2-1,warehouse-10-20-10-2-1-random-3,100,2,30.0,solved,0.152941,0.035,11224,193,10203,8969,173,1.251422,0,,/home/carsten/Projects/MAPF/MAPF Evaluator/results/tlcpp-warehouse-10-20-2-1/runs/lg_lacam_fork_lacam/warehouse-10-20-10-2-1/warehouse-10-20-10-2-1-random-3_a100_s2_r0,11224,0.035,"{""agents"": ""100"", ""comp_time"": ""35"", ""makespan"": ""193"", ""makespan_lb"": ""173"", ""map_file"": ""warehouse-10-20-10-2-1.map"", ""seed"": ""2"", ""soc"": ""11224"", ""soc_lb"": ""8969"", ""solved"": ""1"", ""solver"": ""planner"", ""sum_of_loss"": ""10243"", ""sum_of_loss_lb"": ""8969""}"
lg_lacam_fork:tl,"LaCAM + traffic load (tie-break, per config)",warehouse-10-20-10-2-1,warehouse-10-20-10-2-1-random-3,100,0,30.0,solved,0.128616,0.073,10809,178,9811,8969,173,1.205151,0,,/home/carsten/Projects/MAPF/MAPF Evaluator/results/tlcpp-warehouse-10-20-2-1/runs/lg_lacam_fork_tl/warehouse-10-20-10-2-1/warehouse-10-20-10-2-1-random-3_a100_s0_r0,10809,0.073,"{""agents"": ""100"", ""comp_time"": ""73"", ""makespan"": ""178"", ""makespan_lb"": ""173"", ""map_file"": ""warehouse-10-20-10-2-1.map"", ""seed"": ""0"", ""soc"": ""10809"", ""soc_lb"": ""8969"", ""solved"": ""1"", ""solver"": ""planner"", ""sum_of_loss"": ""9852"", ""sum_of_loss_lb"": ""8969""}"
lg_lacam_fork:tl,"LaCAM + traffic load (tie-break, per config)",warehouse-10-20-10-2-1,warehouse-10-20-10-2-1-random-3,100,1,30.0,solved,0.347564,0.157,10671,173,9691,8969,173,1.189765,0,,/home/carsten/Projects/MAPF/MAPF Evaluator/results/tlcpp-warehouse-10-20-2-1/runs/lg_lacam_fork_tl/warehouse-10-20-10-2-1/warehouse-10-20-10-2-1-random-3_a100_s1_r0,10671,0.157,"{""agents"": ""100"", ""comp_time"": ""157"", ""makespan"": ""173"", ""makespan_lb"": ""173"", ""map_file"": ""warehouse-10-20-10-2-1.map"", ""seed"": ""1"", ""soc"": ""10671"", ""soc_lb"": ""8969"", ""solved"": ""1"", ""solver"": ""planner"", ""sum_of_loss"": ""9727"", ""sum_of_loss_lb"": ""8969""}"
lg_lacam_fork:tl,"LaCAM + traffic load (tie-break, per config)",warehouse-10-20-10-2-1,warehouse-10-20-10-2-1-random-3,100,2,30.0,solved,0.180309,0.103,10784,182,9777,8969,173,1.202364,0,,/home/carsten/Projects/MAPF/MAPF Evaluator/results/tlcpp-warehouse-10-20-2-1/runs/lg_lacam_fork_tl/warehouse-10-20-10-2-1/warehouse-10-20-10-2-1-random-3_a100_s2_r0,10784,0.103,"{""agents"": ""100"", ""comp_time"": ""103"", ""makespan"": ""182"", ""makespan_lb"": ""173"", ""map_file"": ""warehouse-10-20-10-2-1.map"", ""seed"": ""2"", ""soc"": ""10784"", ""soc_lb"": ""8969"", ""solved"": ""1"", ""solver"": ""planner"", ""sum_of_loss"": ""9809"", ""sum_of_loss_lb"": ""8969""}"
lg_lacam_fork:tl_agent,"LaCAM + traffic load (tie-break, per agent)",warehouse-10-20-10-2-1,warehouse-10-20-10-2-1-random-3,100,0,30.0,solved,0.232363,0.141,10623,173,9690,8969,173,1.184413,0,,/home/carsten/Projects/MAPF/MAPF Evaluator/results/tlcpp-warehouse-10-20-2-1/runs/lg_lacam_fork_tl_agent/warehouse-10-20-10-2-1/warehouse-10-20-10-2-1-random-3_a100_s0_r0,10623,0.141,"{""agents"": ""100"", ""comp_time"": ""141"", ""makespan"": ""173"", ""makespan_lb"": ""173"", ""map_file"": ""warehouse-10-20-10-2-1.map"", ""seed"": ""0"", ""soc"": ""10623"", ""soc_lb"": ""8969"", ""solved"": ""1"", ""solver"": ""planner"", ""sum_of_loss"": ""9722"", ""sum_of_loss_lb"": ""8969""}"
lg_lacam_fork:tl_agent,"LaCAM + traffic load (tie-break, per agent)",warehouse-10-20-10-2-1,warehouse-10-20-10-2-1-random-3,100,1,30.0,solved,0.151163,0.064,10690,173,9815,8969,173,1.191883,0,,/home/carsten/Projects/MAPF/MAPF Evaluator/results/tlcpp-warehouse-10-20-2-1/runs/lg_lacam_fork_tl_agent/warehouse-10-20-10-2-1/warehouse-10-20-10-2-1-random-3_a100_s1_r0,10690,0.064,"{""agents"": ""100"", ""comp_time"": ""64"", ""makespan"": ""173"", ""makespan_lb"": ""173"", ""map_file"": ""warehouse-10-20-10-2-1.map"", ""seed"": ""1"", ""soc"": ""10690"", ""soc_lb"": ""8969"", ""solved"": ""1"", ""solver"": ""planner"", ""sum_of_loss"": ""9858"", ""sum_of_loss_lb"": ""8969""}"
lg_lacam_fork:tl_agent,"LaCAM + traffic load (tie-break, per agent)",warehouse-10-20-10-2-1,warehouse-10-20-10-2-1-random-3,100,2,30.0,solved,0.163424,0.05,10637,175,9675,8969,173,1.185974,0,,/home/carsten/Projects/MAPF/MAPF Evaluator/results/tlcpp-warehouse-10-20-2-1/runs/lg_lacam_fork_tl_agent/warehouse-10-20-10-2-1/warehouse-10-20-10-2-1-random-3_a100_s2_r0,10637,0.05,"{""agents"": ""100"", ""comp_time"": ""50"", ""makespan"": ""175"", ""makespan_lb"": ""173"", ""map_file"": ""warehouse-10-20-10-2-1.map"", ""seed"": ""2"", ""soc"": ""10637"", ""soc_lb"": ""8969"", ""solved"": ""1"", ""solver"": ""planner"", ""sum_of_loss"": ""9710"", ""sum_of_loss_lb"": ""8969""}"
lg_lacam_fork:tl_static,LaCAM + traffic load (static map from starts),warehouse-10-20-10-2-1,warehouse-10-20-10-2-1-random-3,100,0,30.0,solved,0.115054,0.062,11601,210,10453,8969,173,1.293455,0,,/home/carsten/Projects/MAPF/MAPF Evaluator/results/tlcpp-warehouse-10-20-2-1/runs/lg_lacam_fork_tl_static/warehouse-10-20-10-2-1/warehouse-10-20-10-2-1-random-3_a100_s0_r0,11601,0.062,"{""agents"": ""100"", ""comp_time"": ""62"", ""makespan"": ""210"", ""makespan_lb"": ""173"", ""map_file"": ""warehouse-10-20-10-2-1.map"", ""seed"": ""0"", ""soc"": ""11601"", ""soc_lb"": ""8969"", ""solved"": ""1"", ""solver"": ""planner"", ""sum_of_loss"": ""10527"", ""sum_of_loss_lb"": ""8969""}"
lg_lacam_fork:tl_static,LaCAM + traffic load (static map from starts),warehouse-10-20-10-2-1,warehouse-10-20-10-2-1-random-3,100,1,30.0,solved,0.127004,0.087,11353,211,10527,8969,173,1.265804,0,,/home/carsten/Projects/MAPF/MAPF Evaluator/results/tlcpp-warehouse-10-20-2-1/runs/lg_lacam_fork_tl_static/warehouse-10-20-10-2-1/warehouse-10-20-10-2-1-random-3_a100_s1_r0,11353,0.087,"{""agents"": ""100"", ""comp_time"": ""87"", ""makespan"": ""211"", ""makespan_lb"": ""173"", ""map_file"": ""warehouse-10-20-10-2-1.map"", ""seed"": ""1"", ""soc"": ""11353"", ""soc_lb"": ""8969"", ""solved"": ""1"", ""solver"": ""planner"", ""sum_of_loss"": ""10569"", ""sum_of_loss_lb"": ""8969""}"
lg_lacam_fork:tl_static,LaCAM + traffic load (static map from starts),warehouse-10-20-10-2-1,warehouse-10-20-10-2-1-random-3,100,2,30.0,solved,0.233979,0.113,11729,198,10508,8969,173,1.307727,0,,/home/carsten/Projects/MAPF/MAPF Evaluator/results/tlcpp-warehouse-10-20-2-1/runs/lg_lacam_fork_tl_static/warehouse-10-20-10-2-1/warehouse-10-20-10-2-1-random-3_a100_s2_r0,11729,0.113,"{""agents"": ""100"", ""comp_time"": ""113"", ""makespan"": ""198"", ""makespan_lb"": ""173"", ""map_file"": ""warehouse-10-20-10-2-1.map"", ""seed"": ""2"", ""soc"": ""11729"", ""soc_lb"": ""8969"", ""solved"": ""1"", ""solver"": ""planner"", ""sum_of_loss"": ""10584"", ""sum_of_loss_lb"": ""8969""}"
lg_lacam_fork:suo,LaCAM3 = SUO (first solution),warehouse-10-20-10-2-1,warehouse-10-20-10-2-1-random-3,100,0,30.0,solved,0.152537,0.078,9067,173,9040,8969,173,1.010927,0,,/home/carsten/Projects/MAPF/MAPF Evaluator/results/tlcpp-warehouse-10-20-2-1/runs/lg_lacam_fork_suo/warehouse-10-20-10-2-1/warehouse-10-20-10-2-1-random-3_a100_s0_r0,9067,0.078,"{""agents"": ""100"", ""comp_time"": ""78"", ""makespan"": ""173"", ""makespan_lb"": ""173"", ""map_file"": ""warehouse-10-20-10-2-1.map"", ""seed"": ""0"", ""soc"": ""9067"", ""soc_lb"": ""8969"", ""solved"": ""1"", ""solver"": ""planner"", ""sum_of_loss"": ""9041"", ""sum_of_loss_lb"": ""8969""}"
lg_lacam_fork:suo,LaCAM3 = SUO (first solution),warehouse-10-20-10-2-1,warehouse-10-20-10-2-1-random-3,100,1,30.0,solved,0.133678,0.077,9066,173,9037,8969,173,1.010815,0,,/home/carsten/Projects/MAPF/MAPF Evaluator/results/tlcpp-warehouse-10-20-2-1/runs/lg_lacam_fork_suo/warehouse-10-20-10-2-1/warehouse-10-20-10-2-1-random-3_a100_s1_r0,9066,0.077,"{""agents"": ""100"", ""comp_time"": ""77"", ""makespan"": ""173"", ""makespan_lb"": ""173"", ""map_file"": ""warehouse-10-20-10-2-1.map"", ""seed"": ""1"", ""soc"": ""9066"", ""soc_lb"": ""8969"", ""solved"": ""1"", ""solver"": ""planner"", ""sum_of_loss"": ""9039"", ""sum_of_loss_lb"": ""8969""}"
lg_lacam_fork:suo,LaCAM3 = SUO (first solution),warehouse-10-20-10-2-1,warehouse-10-20-10-2-1-random-3,100,2,30.0,solved,0.247656,0.096,9180,175,9088,8969,173,1.023525,0,,/home/carsten/Projects/MAPF/MAPF Evaluator/results/tlcpp-warehouse-10-20-2-1/runs/lg_lacam_fork_suo/warehouse-10-20-10-2-1/warehouse-10-20-10-2-1-random-3_a100_s2_r0,9180,0.096,"{""agents"": ""100"", ""comp_time"": ""96"", ""makespan"": ""175"", ""makespan_lb"": ""173"", ""map_file"": ""warehouse-10-20-10-2-1.map"", ""seed"": ""2"", ""soc"": ""9180"", ""soc_lb"": ""8969"", ""solved"": ""1"", ""solver"": ""planner"", ""sum_of_loss"": ""9091"", ""sum_of_loss_lb"": ""8969""}"
lg_lacam_fork:suo_tl,SUO + traffic load,warehouse-10-20-10-2-1,warehouse-10-20-10-2-1-random-3,100,0,30.0,solved,0.193341,0.132,9067,173,9040,8969,173,1.010927,0,,/home/carsten/Projects/MAPF/MAPF Evaluator/results/tlcpp-warehouse-10-20-2-1/runs/lg_lacam_fork_suo_tl/warehouse-10-20-10-2-1/warehouse-10-20-10-2-1-random-3_a100_s0_r0,9067,0.132,"{""agents"": ""100"", ""comp_time"": ""132"", ""makespan"": ""173"", ""makespan_lb"": ""173"", ""map_file"": ""warehouse-10-20-10-2-1.map"", ""seed"": ""0"", ""soc"": ""9067"", ""soc_lb"": ""8969"", ""solved"": ""1"", ""solver"": ""planner"", ""sum_of_loss"": ""9041"", ""sum_of_loss_lb"": ""8969""}"
lg_lacam_fork:suo_tl,SUO + traffic load,warehouse-10-20-10-2-1,warehouse-10-20-10-2-1-random-3,100,1,30.0,solved,0.288068,0.174,9068,173,9039,8969,173,1.011038,0,,/home/carsten/Projects/MAPF/MAPF Evaluator/results/tlcpp-warehouse-10-20-2-1/runs/lg_lacam_fork_suo_tl/warehouse-10-20-10-2-1/warehouse-10-20-10-2-1-random-3_a100_s1_r0,9068,0.174,"{""agents"": ""100"", ""comp_time"": ""174"", ""makespan"": ""173"", ""makespan_lb"": ""173"", ""map_file"": ""warehouse-10-20-10-2-1.map"", ""seed"": ""1"", ""soc"": ""9068"", ""soc_lb"": ""8969"", ""solved"": ""1"", ""solver"": ""planner"", ""sum_of_loss"": ""9041"", ""sum_of_loss_lb"": ""8969""}"
lg_lacam_fork:suo_tl,SUO + traffic load,warehouse-10-20-10-2-1,warehouse-10-20-10-2-1-random-3,100,2,30.0,solved,0.213036,0.099,9175,175,9083,8969,173,1.022968,0,,/home/carsten/Projects/MAPF/MAPF Evaluator/results/tlcpp-warehouse-10-20-2-1/runs/lg_lacam_fork_suo_tl/warehouse-10-20-10-2-1/warehouse-10-20-10-2-1-random-3_a100_s2_r0,9175,0.099,"{""agents"": ""100"", ""comp_time"": ""99"", ""makespan"": ""175"", ""makespan_lb"": ""173"", ""map_file"": ""warehouse-10-20-10-2-1.map"", ""seed"": ""2"", ""soc"": ""9175"", ""soc_lb"": ""8969"", ""solved"": ""1"", ""solver"": ""planner"", ""sum_of_loss"": ""9086"", ""sum_of_loss_lb"": ""8969""}"
lg_lacam_fork:lg,"LG-LaCAM (window 20, first solution)",warehouse-10-20-10-2-1,warehouse-10-20-10-2-1-random-3,100,0,30.0,solved,0.149881,0.082,9857,173,9360,8969,173,1.099008,0,,/home/carsten/Projects/MAPF/MAPF Evaluator/results/tlcpp-warehouse-10-20-2-1/runs/lg_lacam_fork_lg/warehouse-10-20-10-2-1/warehouse-10-20-10-2-1-random-3_a100_s0_r0,9857,0.082,"{""agents"": ""100"", ""comp_time"": ""82"", ""makespan"": ""173"", ""makespan_lb"": ""173"", ""map_file"": ""warehouse-10-20-10-2-1.map"", ""seed"": ""0"", ""soc"": ""9857"", ""soc_lb"": ""8969"", ""solved"": ""1"", ""solver"": ""planner"", ""sum_of_loss"": ""9379"", ""sum_of_loss_lb"": ""8969""}"
lg_lacam_fork:lg,"LG-LaCAM (window 20, first solution)",warehouse-10-20-10-2-1,warehouse-10-20-10-2-1-random-3,100,1,30.0,solved,0.286775,0.193,9976,173,9422,8969,173,1.112276,0,,/home/carsten/Projects/MAPF/MAPF Evaluator/results/tlcpp-warehouse-10-20-2-1/runs/lg_lacam_fork_lg/warehouse-10-20-10-2-1/warehouse-10-20-10-2-1-random-3_a100_s1_r0,9976,0.193,"{""agents"": ""100"", ""comp_time"": ""193"", ""makespan"": ""173"", ""makespan_lb"": ""173"", ""map_file"": ""warehouse-10-20-10-2-1.map"", ""seed"": ""1"", ""soc"": ""9976"", ""soc_lb"": ""8969"", ""solved"": ""1"", ""solver"": ""planner"", ""sum_of_loss"": ""9444"", ""sum_of_loss_lb"": ""8969""}"
lg_lacam_fork:lg,"LG-LaCAM (window 20, first solution)",warehouse-10-20-10-2-1,warehouse-10-20-10-2-1-random-3,100,2,30.0,solved,0.248889,0.171,9878,173,9370,8969,173,1.101349,0,,/home/carsten/Projects/MAPF/MAPF Evaluator/results/tlcpp-warehouse-10-20-2-1/runs/lg_lacam_fork_lg/warehouse-10-20-10-2-1/warehouse-10-20-10-2-1-random-3_a100_s2_r0,9878,0.171,"{""agents"": ""100"", ""comp_time"": ""171"", ""makespan"": ""173"", ""makespan_lb"": ""173"", ""map_file"": ""warehouse-10-20-10-2-1.map"", ""seed"": ""2"", ""soc"": ""9878"", ""soc_lb"": ""8969"", ""solved"": ""1"", ""solver"": ""planner"", ""sum_of_loss"": ""9391"", ""sum_of_loss_lb"": ""8969""}"
lg_lacam_fork:lg_tl,LG-LaCAM (window 20) + traffic load,warehouse-10-20-10-2-1,warehouse-10-20-10-2-1-random-3,100,0,30.0,solved,0.505283,0.212,9883,173,9382,8969,173,1.101907,0,,/home/carsten/Projects/MAPF/MAPF Evaluator/results/tlcpp-warehouse-10-20-2-1/runs/lg_lacam_fork_lg_tl/warehouse-10-20-10-2-1/warehouse-10-20-10-2-1-random-3_a100_s0_r0,9883,0.212,"{""agents"": ""100"", ""comp_time"": ""212"", ""makespan"": ""173"", ""makespan_lb"": ""173"", ""map_file"": ""warehouse-10-20-10-2-1.map"", ""seed"": ""0"", ""soc"": ""9883"", ""soc_lb"": ""8969"", ""solved"": ""1"", ""solver"": ""planner"", ""sum_of_loss"": ""9402"", ""sum_of_loss_lb"": ""8969""}"
lg_lacam_fork:lg_tl,LG-LaCAM (window 20) + traffic load,warehouse-10-20-10-2-1,warehouse-10-20-10-2-1-random-3,100,1,30.0,solved,0.344798,0.245,9943,173,9379,8969,173,1.108596,0,,/home/carsten/Projects/MAPF/MAPF Evaluator/results/tlcpp-warehouse-10-20-2-1/runs/lg_lacam_fork_lg_tl/warehouse-10-20-10-2-1/warehouse-10-20-10-2-1-random-3_a100_s1_r0,9943,0.245,"{""agents"": ""100"", ""comp_time"": ""245"", ""makespan"": ""173"", ""makespan_lb"": ""173"", ""map_file"": ""warehouse-10-20-10-2-1.map"", ""seed"": ""1"", ""soc"": ""9943"", ""soc_lb"": ""8969"", ""solved"": ""1"", ""solver"": ""planner"", ""sum_of_loss"": ""9401"", ""sum_of_loss_lb"": ""8969""}"
lg_lacam_fork:lg_tl,LG-LaCAM (window 20) + traffic load,warehouse-10-20-10-2-1,warehouse-10-20-10-2-1-random-3,100,2,30.0,solved,0.184214,0.115,9825,173,9328,8969,173,1.09544,0,,/home/carsten/Projects/MAPF/MAPF Evaluator/results/tlcpp-warehouse-10-20-2-1/runs/lg_lacam_fork_lg_tl/warehouse-10-20-10-2-1/warehouse-10-20-10-2-1-random-3_a100_s2_r0,9825,0.115,"{""agents"": ""100"", ""comp_time"": ""115"", ""makespan"": ""173"", ""makespan_lb"": ""173"", ""map_file"": ""warehouse-10-20-10-2-1.map"", ""seed"": ""2"", ""soc"": ""9825"", ""soc_lb"": ""8969"", ""solved"": ""1"", ""solver"": ""planner"", ""sum_of_loss"": ""9349"", ""sum_of_loss_lb"": ""8969""}"
lg_lacam_fork:lg_suo,LG-LaCAM (window 20) + SUO,warehouse-10-20-10-2-1,warehouse-10-20-10-2-1-random-3,100,0,30.0,solved,0.196923,0.122,9155,173,9063,8969,173,1.020738,0,,/home/carsten/Projects/MAPF/MAPF Evaluator/results/tlcpp-warehouse-10-20-2-1/runs/lg_lacam_fork_lg_suo/warehouse-10-20-10-2-1/warehouse-10-20-10-2-1-random-3_a100_s0_r0,9155,0.122,"{""agents"": ""100"", ""comp_time"": ""122"", ""makespan"": ""173"", ""makespan_lb"": ""173"", ""map_file"": ""warehouse-10-20-10-2-1.map"", ""seed"": ""0"", ""soc"": ""9155"", ""soc_lb"": ""8969"", ""solved"": ""1"", ""solver"": ""planner"", ""sum_of_loss"": ""9070"", ""sum_of_loss_lb"": ""8969""}"
lg_lacam_fork:lg_suo,LG-LaCAM (window 20) + SUO,warehouse-10-20-10-2-1,warehouse-10-20-10-2-1-random-3,100,1,30.0,solved,0.308923,0.182,9588,173,9175,8969,173,1.069015,0,,/home/carsten/Projects/MAPF/MAPF Evaluator/results/tlcpp-warehouse-10-20-2-1/runs/lg_lacam_fork_lg_suo/warehouse-10-20-10-2-1/warehouse-10-20-10-2-1-random-3_a100_s1_r0,9588,0.182,"{""agents"": ""100"", ""comp_time"": ""182"", ""makespan"": ""173"", ""makespan_lb"": ""173"", ""map_file"": ""warehouse-10-20-10-2-1.map"", ""seed"": ""1"", ""soc"": ""9588"", ""soc_lb"": ""8969"", ""solved"": ""1"", ""solver"": ""planner"", ""sum_of_loss"": ""9186"", ""sum_of_loss_lb"": ""8969""}"
lg_lacam_fork:lg_suo,LG-LaCAM (window 20) + SUO,warehouse-10-20-10-2-1,warehouse-10-20-10-2-1-random-3,100,2,30.0,solved,0.284849,0.203,9318,174,9158,8969,173,1.038912,0,,/home/carsten/Projects/MAPF/MAPF Evaluator/results/tlcpp-warehouse-10-20-2-1/runs/lg_lacam_fork_lg_suo/warehouse-10-20-10-2-1/warehouse-10-20-10-2-1-random-3_a100_s2_r0,9318,0.203,"{""agents"": ""100"", ""comp_time"": ""203"", ""makespan"": ""174"", ""makespan_lb"": ""173"", ""map_file"": ""warehouse-10-20-10-2-1.map"", ""seed"": ""2"", ""soc"": ""9318"", ""soc_lb"": ""8969"", ""solved"": ""1"", ""solver"": ""planner"", ""sum_of_loss"": ""9165"", ""sum_of_loss_lb"": ""8969""}"
lg_lacam_fork:lg_suo_tl,LG-LaCAM (window 20) + SUO + traffic load,warehouse-10-20-10-2-1,warehouse-10-20-10-2-1-random-3,100,0,30.0,solved,0.303364,0.195,9155,173,9063,8969,173,1.020738,0,,/home/carsten/Projects/MAPF/MAPF Evaluator/results/tlcpp-warehouse-10-20-2-1/runs/lg_lacam_fork_lg_suo_tl/warehouse-10-20-10-2-1/warehouse-10-20-10-2-1-random-3_a100_s0_r0,9155,0.195,"{""agents"": ""100"", ""comp_time"": ""195"", ""makespan"": ""173"", ""makespan_lb"": ""173"", ""map_file"": ""warehouse-10-20-10-2-1.map"", ""seed"": ""0"", ""soc"": ""9155"", ""soc_lb"": ""8969"", ""solved"": ""1"", ""solver"": ""planner"", ""sum_of_loss"": ""9070"", ""sum_of_loss_lb"": ""8969""}"
lg_lacam_fork:lg_suo_tl,LG-LaCAM (window 20) + SUO + traffic load,warehouse-10-20-10-2-1,warehouse-10-20-10-2-1-random-3,100,1,30.0,solved,0.3616,0.212,9604,173,9191,8969,173,1.070799,0,,/home/carsten/Projects/MAPF/MAPF Evaluator/results/tlcpp-warehouse-10-20-2-1/runs/lg_lacam_fork_lg_suo_tl/warehouse-10-20-10-2-1/warehouse-10-20-10-2-1-random-3_a100_s1_r0,9604,0.212,"{""agents"": ""100"", ""comp_time"": ""212"", ""makespan"": ""173"", ""makespan_lb"": ""173"", ""map_file"": ""warehouse-10-20-10-2-1.map"", ""seed"": ""1"", ""soc"": ""9604"", ""soc_lb"": ""8969"", ""solved"": ""1"", ""solver"": ""planner"", ""sum_of_loss"": ""9202"", ""sum_of_loss_lb"": ""8969""}"
lg_lacam_fork:lg_suo_tl,LG-LaCAM (window 20) + SUO + traffic load,warehouse-10-20-10-2-1,warehouse-10-20-10-2-1-random-3,100,2,30.0,solved,0.305757,0.187,9297,174,9137,8969,173,1.03657,0,,/home/carsten/Projects/MAPF/MAPF Evaluator/results/tlcpp-warehouse-10-20-2-1/runs/lg_lacam_fork_lg_suo_tl/warehouse-10-20-10-2-1/warehouse-10-20-10-2-1-random-3_a100_s2_r0,9297,0.187,"{""agents"": ""100"", ""comp_time"": ""187"", ""makespan"": ""174"", ""makespan_lb"": ""173"", ""map_file"": ""warehouse-10-20-10-2-1.map"", ""seed"": ""2"", ""soc"": ""9297"", ""soc_lb"": ""8969"", ""solved"": ""1"", ""solver"": ""planner"", ""sum_of_loss"": ""9144"", ""sum_of_loss_lb"": ""8969""}"
lg_lacam_fork:lacam,"LaCAM (no guidance, first solution)",warehouse-10-20-10-2-1,warehouse-10-20-10-2-1-random-3,150,0,30.0,solved,0.15696,0.078,17767,225,15284,12458,173,1.426152,0,,/home/carsten/Projects/MAPF/MAPF Evaluator/results/tlcpp-warehouse-10-20-2-1/runs/lg_lacam_fork_lacam/warehouse-10-20-10-2-1/warehouse-10-20-10-2-1-random-3_a150_s0_r0,17767,0.078,"{""agents"": ""150"", ""comp_time"": ""78"", ""makespan"": ""225"", ""makespan_lb"": ""173"", ""map_file"": ""warehouse-10-20-10-2-1.map"", ""seed"": ""0"", ""soc"": ""17767"", ""soc_lb"": ""12458"", ""solved"": ""1"", ""solver"": ""planner"", ""sum_of_loss"": ""15386"", ""sum_of_loss_lb"": ""12458""}"
lg_lacam_fork:lacam,"LaCAM (no guidance, first solution)",warehouse-10-20-10-2-1,warehouse-10-20-10-2-1-random-3,150,1,30.0,solved,0.193112,0.082,17405,191,14987,12458,173,1.397094,0,,/home/carsten/Projects/MAPF/MAPF Evaluator/results/tlcpp-warehouse-10-20-2-1/runs/lg_lacam_fork_lacam/warehouse-10-20-10-2-1/warehouse-10-20-10-2-1-random-3_a150_s1_r0,17405,0.082,"{""agents"": ""150"", ""comp_time"": ""82"", ""makespan"": ""191"", ""makespan_lb"": ""173"", ""map_file"": ""warehouse-10-20-10-2-1.map"", ""seed"": ""1"", ""soc"": ""17405"", ""soc_lb"": ""12458"", ""solved"": ""1"", ""solver"": ""planner"", ""sum_of_loss"": ""15083"", ""sum_of_loss_lb"": ""12458""}"
lg_lacam_fork:lacam,"LaCAM (no guidance, first solution)",warehouse-10-20-10-2-1,warehouse-10-20-10-2-1-random-3,150,2,30.0,solved,0.256774,0.089,18408,242,15900,12458,173,1.477605,0,,/home/carsten/Projects/MAPF/MAPF Evaluator/results/tlcpp-warehouse-10-20-2-1/runs/lg_lacam_fork_lacam/warehouse-10-20-10-2-1/warehouse-10-20-10-2-1-random-3_a150_s2_r0,18408,0.089,"{""agents"": ""150"", ""comp_time"": ""89"", ""makespan"": ""242"", ""makespan_lb"": ""173"", ""map_file"": ""warehouse-10-20-10-2-1.map"", ""seed"": ""2"", ""soc"": ""18408"", ""soc_lb"": ""12458"", ""solved"": ""1"", ""solver"": ""planner"", ""sum_of_loss"": ""15991"", ""sum_of_loss_lb"": ""12458""}"
lg_lacam_fork:tl,"LaCAM + traffic load (tie-break, per config)",warehouse-10-20-10-2-1,warehouse-10-20-10-2-1-random-3,150,0,30.0,solved,0.172692,0.102,16416,173,14332,12458,173,1.317707,0,,/home/carsten/Projects/MAPF/MAPF Evaluator/results/tlcpp-warehouse-10-20-2-1/runs/lg_lacam_fork_tl/warehouse-10-20-10-2-1/warehouse-10-20-10-2-1-random-3_a150_s0_r0,16416,0.102,"{""agents"": ""150"", ""comp_time"": ""102"", ""makespan"": ""173"", ""makespan_lb"": ""173"", ""map_file"": ""warehouse-10-20-10-2-1.map"", ""seed"": ""0"", ""soc"": ""16416"", ""soc_lb"": ""12458"", ""solved"": ""1"", ""solver"": ""planner"", ""sum_of_loss"": ""14418"", ""sum_of_loss_lb"": ""12458""}"
lg_lacam_fork:tl,"LaCAM + traffic load (tie-break, per config)",warehouse-10-20-10-2-1,warehouse-10-20-10-2-1-random-3,150,1,30.0,solved,0.164499,0.092,16451,173,14338,12458,173,1.320517,0,,/home/carsten/Projects/MAPF/MAPF Evaluator/results/tlcpp-warehouse-10-20-2-1/runs/lg_lacam_fork_tl/warehouse-10-20-10-2-1/warehouse-10-20-10-2-1-random-3_a150_s1_r0,16451,0.092,"{""agents"": ""150"", ""comp_time"": ""92"", ""makespan"": ""173"", ""makespan_lb"": ""173"", ""map_file"": ""warehouse-10-20-10-2-1.map"", ""seed"": ""1"", ""soc"": ""16451"", ""soc_lb"": ""12458"", ""solved"": ""1"", ""solver"": ""planner"", ""sum_of_loss"": ""14427"", ""sum_of_loss_lb"": ""12458""}"
lg_lacam_fork:tl,"LaCAM + traffic load (tie-break, per config)",warehouse-10-20-10-2-1,warehouse-10-20-10-2-1-random-3,150,2,30.0,solved,0.268243,0.147,16419,173,14339,12458,173,1.317948,0,,/home/carsten/Projects/MAPF/MAPF Evaluator/results/tlcpp-warehouse-10-20-2-1/runs/lg_lacam_fork_tl/warehouse-10-20-10-2-1/warehouse-10-20-10-2-1-random-3_a150_s2_r0,16419,0.147,"{""agents"": ""150"", ""comp_time"": ""147"", ""makespan"": ""173"", ""makespan_lb"": ""173"", ""map_file"": ""warehouse-10-20-10-2-1.map"", ""seed"": ""2"", ""soc"": ""16419"", ""soc_lb"": ""12458"", ""solved"": ""1"", ""solver"": ""planner"", ""sum_of_loss"": ""14431"", ""sum_of_loss_lb"": ""12458""}"
lg_lacam_fork:tl_agent,"LaCAM + traffic load (tie-break, per agent)",warehouse-10-20-10-2-1,warehouse-10-20-10-2-1-random-3,150,0,30.0,solved,0.312791,0.139,15864,173,14014,12458,173,1.273399,0,,/home/carsten/Projects/MAPF/MAPF Evaluator/results/tlcpp-warehouse-10-20-2-1/runs/lg_lacam_fork_tl_agent/warehouse-10-20-10-2-1/warehouse-10-20-10-2-1-random-3_a150_s0_r0,15864,0.139,"{""agents"": ""150"", ""comp_time"": ""139"", ""makespan"": ""173"", ""makespan_lb"": ""173"", ""map_file"": ""warehouse-10-20-10-2-1.map"", ""seed"": ""0"", ""soc"": ""15864"", ""soc_lb"": ""12458"", ""solved"": ""1"", ""solver"": ""planner"", ""sum_of_loss"": ""14096"", ""sum_of_loss_lb"": ""12458""}"
lg_lacam_fork:tl_agent,"LaCAM + traffic load (tie-break, per agent)",warehouse-10-20-10-2-1,warehouse-10-20-10-2-1-random-3,150,1,30.0,solved,0.181883,0.064,16292,173,14102,12458,173,1.307754,0,,/home/carsten/Projects/MAPF/MAPF Evaluator/results/tlcpp-warehouse-10-20-2-1/runs/lg_lacam_fork_tl_agent/warehouse-10-20-10-2-1/warehouse-10-20-10-2-1-random-3_a150_s1_r0,16292,0.064,"{""agents"": ""150"", ""comp_time"": ""64"", ""makespan"": ""173"", ""makespan_lb"": ""173"", ""map_file"": ""warehouse-10-20-10-2-1.map"", ""seed"": ""1"", ""soc"": ""16292"", ""soc_lb"": ""12458"", ""solved"": ""1"", ""solver"": ""planner"", ""sum_of_loss"": ""14196"", ""sum_of_loss_lb"": ""12458""}"
lg_lacam_fork:tl_agent,"LaCAM + traffic load (tie-break, per agent)",warehouse-10-20-10-2-1,warehouse-10-20-10-2-1-random-3,150,2,30.0,solved,0.139932,0.088,16410,173,14280,12458,173,1.317226,0,,/home/carsten/Projects/MAPF/MAPF Evaluator/results/tlcpp-warehouse-10-20-2-1/runs/lg_lacam_fork_tl_agent/warehouse-10-20-10-2-1/warehouse-10-20-10-2-1-random-3_a150_s2_r0,16410,0.088,"{""agents"": ""150"", ""comp_time"": ""88"", ""makespan"": ""173"", ""makespan_lb"": ""173"", ""map_file"": ""warehouse-10-20-10-2-1.map"", ""seed"": ""2"", ""soc"": ""16410"", ""soc_lb"": ""12458"", ""solved"": ""1"", ""solver"": ""planner"", ""sum_of_loss"": ""14373"", ""sum_of_loss_lb"": ""12458""}"
lg_lacam_fork:tl_static,LaCAM + traffic load (static map from starts),warehouse-10-20-10-2-1,warehouse-10-20-10-2-1-random-3,150,0,30.0,solved,0.300946,0.16,19186,319,16840,12458,173,1.540055,0,,/home/carsten/Projects/MAPF/MAPF Evaluator/results/tlcpp-warehouse-10-20-2-1/runs/lg_lacam_fork_tl_static/warehouse-10-20-10-2-1/warehouse-10-20-10-2-1-random-3_a150_s0_r0,19186,0.16,"{""agents"": ""150"", ""comp_time"": ""160"", ""makespan"": ""319"", ""makespan_lb"": ""173"", ""map_file"": ""warehouse-10-20-10-2-1.map"", ""seed"": ""0"", ""soc"": ""19186"", ""soc_lb"": ""12458"", ""solved"": ""1"", ""solver"": ""planner"", ""sum_of_loss"": ""16993"", ""sum_of_loss_lb"": ""12458""}"
lg_lacam_fork:tl_static,LaCAM + traffic load (static map from starts),warehouse-10-20-10-2-1,warehouse-10-20-10-2-1-random-3,150,1,30.0,solved,0.270608,0.158,19658,411,17395,12458,173,1.577942,0,,/home/carsten/Projects/MAPF/MAPF Evaluator/results/tlcpp-warehouse-10-20-2-1/runs/lg_lacam_fork_tl_static/warehouse-10-20-10-2-1/warehouse-10-20-10-2-1-random-3_a150_s1_r0,19658,0.158,"{""agents"": ""150"", ""comp_time"": ""158"", ""makespan"": ""411"", ""makespan_lb"": ""173"", ""map_file"": ""warehouse-10-20-10-2-1.map"", ""seed"": ""1"", ""soc"": ""19658"", ""soc_lb"": ""12458"", ""solved"": ""1"", ""solver"": ""planner"", ""sum_of_loss"": ""17526"", ""sum_of_loss_lb"": ""12458""}"
lg_lacam_fork:suo,LaCAM3 = SUO (first solution),warehouse-10-20-10-2-1,warehouse-10-20-10-2-1-random-3,150,0,30.0,solved,0.182009,0.129,12883,173,12675,12458,173,1.034115,0,,/home/carsten/Projects/MAPF/MAPF Evaluator/results/tlcpp-warehouse-10-20-2-1/runs/lg_lacam_fork_suo/warehouse-10-20-10-2-1/warehouse-10-20-10-2-1-random-3_a150_s0_r0,12883,0.129,"{""agents"": ""150"", ""comp_time"": ""129"", ""makespan"": ""173"", ""makespan_lb"": ""173"", ""map_file"": ""warehouse-10-20-10-2-1.map"", ""seed"": ""0"", ""soc"": ""12883"", ""soc_lb"": ""12458"", ""solved"": ""1"", ""solver"": ""planner"", ""sum_of_loss"": ""12682"", ""sum_of_loss_lb"": ""12458""}"
lg_lacam_fork:tl_static,LaCAM + traffic load (static map from starts),warehouse-10-20-10-2-1,warehouse-10-20-10-2-1-random-3,150,2,30.0,solved,0.279097,0.147,19870,349,17179,12458,173,1.594959,0,,/home/carsten/Projects/MAPF/MAPF Evaluator/results/tlcpp-warehouse-10-20-2-1/runs/lg_lacam_fork_tl_static/warehouse-10-20-10-2-1/warehouse-10-20-10-2-1-random-3_a150_s2_r0,19870,0.147,"{""agents"": ""150"", ""comp_time"": ""147"", ""makespan"": ""349"", ""makespan_lb"": ""173"", ""map_file"": ""warehouse-10-20-10-2-1.map"", ""seed"": ""2"", ""soc"": ""19870"", ""soc_lb"": ""12458"", ""solved"": ""1"", ""solver"": ""planner"", ""sum_of_loss"": ""17335"", ""sum_of_loss_lb"": ""12458""}"
lg_lacam_fork:suo,LaCAM3 = SUO (first solution),warehouse-10-20-10-2-1,warehouse-10-20-10-2-1-random-3,150,1,30.0,solved,0.189329,0.109,12863,173,12665,12458,173,1.032509,0,,/home/carsten/Projects/MAPF/MAPF Evaluator/results/tlcpp-warehouse-10-20-2-1/runs/lg_lacam_fork_suo/warehouse-10-20-10-2-1/warehouse-10-20-10-2-1-random-3_a150_s1_r0,12863,0.109,"{""agents"": ""150"", ""comp_time"": ""109"", ""makespan"": ""173"", ""makespan_lb"": ""173"", ""map_file"": ""warehouse-10-20-10-2-1.map"", ""seed"": ""1"", ""soc"": ""12863"", ""soc_lb"": ""12458"", ""solved"": ""1"", ""solver"": ""planner"", ""sum_of_loss"": ""12669"", ""sum_of_loss_lb"": ""12458""}"
lg_lacam_fork:suo,LaCAM3 = SUO (first solution),warehouse-10-20-10-2-1,warehouse-10-20-10-2-1-random-3,150,2,30.0,solved,0.324307,0.185,12931,173,12773,12458,173,1.037968,0,,/home/carsten/Projects/MAPF/MAPF Evaluator/results/tlcpp-warehouse-10-20-2-1/runs/lg_lacam_fork_suo/warehouse-10-20-10-2-1/warehouse-10-20-10-2-1-random-3_a150_s2_r0,12931,0.185,"{""agents"": ""150"", ""comp_time"": ""185"", ""makespan"": ""173"", ""makespan_lb"": ""173"", ""map_file"": ""warehouse-10-20-10-2-1.map"", ""seed"": ""2"", ""soc"": ""12931"", ""soc_lb"": ""12458"", ""solved"": ""1"", ""solver"": ""planner"", ""sum_of_loss"": ""12778"", ""sum_of_loss_lb"": ""12458""}"
lg_lacam_fork:suo_tl,SUO + traffic load,warehouse-10-20-10-2-1,warehouse-10-20-10-2-1-random-3,150,0,30.0,solved,0.436242,0.292,12867,173,12670,12458,173,1.03283,0,,/home/carsten/Projects/MAPF/MAPF Evaluator/results/tlcpp-warehouse-10-20-2-1/runs/lg_lacam_fork_suo_tl/warehouse-10-20-10-2-1/warehouse-10-20-10-2-1-random-3_a150_s0_r0,12867,0.292,"{""agents"": ""150"", ""comp_time"": ""292"", ""makespan"": ""173"", ""makespan_lb"": ""173"", ""map_file"": ""warehouse-10-20-10-2-1.map"", ""seed"": ""0"", ""soc"": ""12867"", ""soc_lb"": ""12458"", ""solved"": ""1"", ""solver"": ""planner"", ""sum_of_loss"": ""12676"", ""sum_of_loss_lb"": ""12458""}"
lg_lacam_fork:suo_tl,SUO + traffic load,warehouse-10-20-10-2-1,warehouse-10-20-10-2-1-random-3,150,1,30.0,solved,0.197169,0.121,12863,173,12665,12458,173,1.032509,0,,/home/carsten/Projects/MAPF/MAPF Evaluator/results/tlcpp-warehouse-10-20-2-1/runs/lg_lacam_fork_suo_tl/warehouse-10-20-10-2-1/warehouse-10-20-10-2-1-random-3_a150_s1_r0,12863,0.121,"{""agents"": ""150"", ""comp_time"": ""121"", ""makespan"": ""173"", ""makespan_lb"": ""173"", ""map_file"": ""warehouse-10-20-10-2-1.map"", ""seed"": ""1"", ""soc"": ""12863"", ""soc_lb"": ""12458"", ""solved"": ""1"", ""solver"": ""planner"", ""sum_of_loss"": ""12669"", ""sum_of_loss_lb"": ""12458""}"
lg_lacam_fork:suo_tl,SUO + traffic load,warehouse-10-20-10-2-1,warehouse-10-20-10-2-1-random-3,150,2,30.0,solved,0.320671,0.223,12867,173,12709,12458,173,1.03283,0,,/home/carsten/Projects/MAPF/MAPF Evaluator/results/tlcpp-warehouse-10-20-2-1/runs/lg_lacam_fork_suo_tl/warehouse-10-20-10-2-1/warehouse-10-20-10-2-1-random-3_a150_s2_r0,12867,0.223,"{""agents"": ""150"", ""comp_time"": ""223"", ""makespan"": ""173"", ""makespan_lb"": ""173"", ""map_file"": ""warehouse-10-20-10-2-1.map"", ""seed"": ""2"", ""soc"": ""12867"", ""soc_lb"": ""12458"", ""solved"": ""1"", ""solver"": ""planner"", ""sum_of_loss"": ""12714"", ""sum_of_loss_lb"": ""12458""}"
lg_lacam_fork:lg,"LG-LaCAM (window 20, first solution)",warehouse-10-20-10-2-1,warehouse-10-20-10-2-1-random-3,150,0,30.0,solved,0.241552,0.115,15013,173,13473,12458,173,1.205089,0,,/home/carsten/Projects/MAPF/MAPF Evaluator/results/tlcpp-warehouse-10-20-2-1/runs/lg_lacam_fork_lg/warehouse-10-20-10-2-1/warehouse-10-20-10-2-1-random-3_a150_s0_r0,15013,0.115,"{""agents"": ""150"", ""comp_time"": ""115"", ""makespan"": ""173"", ""makespan_lb"": ""173"", ""map_file"": ""warehouse-10-20-10-2-1.map"", ""seed"": ""0"", ""soc"": ""15013"", ""soc_lb"": ""12458"", ""solved"": ""1"", ""solver"": ""planner"", ""sum_of_loss"": ""13532"", ""sum_of_loss_lb"": ""12458""}"
lg_lacam_fork:lg,"LG-LaCAM (window 20, first solution)",warehouse-10-20-10-2-1,warehouse-10-20-10-2-1-random-3,150,1,30.0,solved,0.464901,0.256,15025,173,13413,12458,173,1.206052,0,,/home/carsten/Projects/MAPF/MAPF Evaluator/results/tlcpp-warehouse-10-20-2-1/runs/lg_lacam_fork_lg/warehouse-10-20-10-2-1/warehouse-10-20-10-2-1-random-3_a150_s1_r0,15025,0.256,"{""agents"": ""150"", ""comp_time"": ""256"", ""makespan"": ""173"", ""makespan_lb"": ""173"", ""map_file"": ""warehouse-10-20-10-2-1.map"", ""seed"": ""1"", ""soc"": ""15025"", ""soc_lb"": ""12458"", ""solved"": ""1"", ""solver"": ""planner"", ""sum_of_loss"": ""13466"", ""sum_of_loss_lb"": ""12458""}"
lg_lacam_fork:lg,"LG-LaCAM (window 20, first solution)",warehouse-10-20-10-2-1,warehouse-10-20-10-2-1-random-3,150,2,30.0,solved,0.204958,0.103,14797,173,13300,12458,173,1.187751,0,,/home/carsten/Projects/MAPF/MAPF Evaluator/results/tlcpp-warehouse-10-20-2-1/runs/lg_lacam_fork_lg/warehouse-10-20-10-2-1/warehouse-10-20-10-2-1-random-3_a150_s2_r0,14797,0.103,"{""agents"": ""150"", ""comp_time"": ""103"", ""makespan"": ""173"", ""makespan_lb"": ""173"", ""map_file"": ""warehouse-10-20-10-2-1.map"", ""seed"": ""2"", ""soc"": ""14797"", ""soc_lb"": ""12458"", ""solved"": ""1"", ""solver"": ""planner"", ""sum_of_loss"": ""13353"", ""sum_of_loss_lb"": ""12458""}"
lg_lacam_fork:lg_tl,LG-LaCAM (window 20) + traffic load,warehouse-10-20-10-2-1,warehouse-10-20-10-2-1-random-3,150,0,30.0,solved,0.461012,0.309,14991,173,13401,12458,173,1.203323,0,,/home/carsten/Projects/MAPF/MAPF Evaluator/results/tlcpp-warehouse-10-20-2-1/runs/lg_lacam_fork_lg_tl/warehouse-10-20-10-2-1/warehouse-10-20-10-2-1-random-3_a150_s0_r0,14991,0.309,"{""agents"": ""150"", ""comp_time"": ""309"", ""makespan"": ""173"", ""makespan_lb"": ""173"", ""map_file"": ""warehouse-10-20-10-2-1.map"", ""seed"": ""0"", ""soc"": ""14991"", ""soc_lb"": ""12458"", ""solved"": ""1"", ""solver"": ""planner"", ""sum_of_loss"": ""13456"", ""sum_of_loss_lb"": ""12458""}"
lg_lacam_fork:lg_tl,LG-LaCAM (window 20) + traffic load,warehouse-10-20-10-2-1,warehouse-10-20-10-2-1-random-3,150,1,30.0,solved,0.260833,0.17,14991,173,13396,12458,173,1.203323,0,,/home/carsten/Projects/MAPF/MAPF Evaluator/results/tlcpp-warehouse-10-20-2-1/runs/lg_lacam_fork_lg_tl/warehouse-10-20-10-2-1/warehouse-10-20-10-2-1-random-3_a150_s1_r0,14991,0.17,"{""agents"": ""150"", ""comp_time"": ""170"", ""makespan"": ""173"", ""makespan_lb"": ""173"", ""map_file"": ""warehouse-10-20-10-2-1.map"", ""seed"": ""1"", ""soc"": ""14991"", ""soc_lb"": ""12458"", ""solved"": ""1"", ""solver"": ""planner"", ""sum_of_loss"": ""13449"", ""sum_of_loss_lb"": ""12458""}"
lg_lacam_fork:lg_tl,LG-LaCAM (window 20) + traffic load,warehouse-10-20-10-2-1,warehouse-10-20-10-2-1-random-3,150,2,30.0,solved,0.426313,0.265,14703,173,13310,12458,173,1.180205,0,,/home/carsten/Projects/MAPF/MAPF Evaluator/results/tlcpp-warehouse-10-20-2-1/runs/lg_lacam_fork_lg_tl/warehouse-10-20-10-2-1/warehouse-10-20-10-2-1-random-3_a150_s2_r0,14703,0.265,"{""agents"": ""150"", ""comp_time"": ""265"", ""makespan"": ""173"", ""makespan_lb"": ""173"", ""map_file"": ""warehouse-10-20-10-2-1.map"", ""seed"": ""2"", ""soc"": ""14703"", ""soc_lb"": ""12458"", ""solved"": ""1"", ""solver"": ""planner"", ""sum_of_loss"": ""13360"", ""sum_of_loss_lb"": ""12458""}"
lg_lacam_fork:lg_suo,LG-LaCAM (window 20) + SUO,warehouse-10-20-10-2-1,warehouse-10-20-10-2-1-random-3,150,0,30.0,solved,0.361943,0.246,13761,173,12902,12458,173,1.104591,0,,/home/carsten/Projects/MAPF/MAPF Evaluator/results/tlcpp-warehouse-10-20-2-1/runs/lg_lacam_fork_lg_suo/warehouse-10-20-10-2-1/warehouse-10-20-10-2-1-random-3_a150_s0_r0,13761,0.246,"{""agents"": ""150"", ""comp_time"": ""246"", ""makespan"": ""173"", ""makespan_lb"": ""173"", ""map_file"": ""warehouse-10-20-10-2-1.map"", ""seed"": ""0"", ""soc"": ""13761"", ""soc_lb"": ""12458"", ""solved"": ""1"", ""solver"": ""planner"", ""sum_of_loss"": ""12926"", ""sum_of_loss_lb"": ""12458""}"
lg_lacam_fork:lg_suo,LG-LaCAM (window 20) + SUO,warehouse-10-20-10-2-1,warehouse-10-20-10-2-1-random-3,150,1,30.0,solved,0.496129,0.23,14048,173,13101,12458,173,1.127629,0,,/home/carsten/Projects/MAPF/MAPF Evaluator/results/tlcpp-warehouse-10-20-2-1/runs/lg_lacam_fork_lg_suo/warehouse-10-20-10-2-1/warehouse-10-20-10-2-1-random-3_a150_s1_r0,14048,0.23,"{""agents"": ""150"", ""comp_time"": ""230"", ""makespan"": ""173"", ""makespan_lb"": ""173"", ""map_file"": ""warehouse-10-20-10-2-1.map"", ""seed"": ""1"", ""soc"": ""14048"", ""soc_lb"": ""12458"", ""solved"": ""1"", ""solver"": ""planner"", ""sum_of_loss"": ""13135"", ""sum_of_loss_lb"": ""12458""}"
lg_lacam_fork:lg_suo,LG-LaCAM (window 20) + SUO,warehouse-10-20-10-2-1,warehouse-10-20-10-2-1-random-3,150,2,30.0,solved,0.377178,0.232,13763,173,12909,12458,173,1.104752,0,,/home/carsten/Projects/MAPF/MAPF Evaluator/results/tlcpp-warehouse-10-20-2-1/runs/lg_lacam_fork_lg_suo/warehouse-10-20-10-2-1/warehouse-10-20-10-2-1-random-3_a150_s2_r0,13763,0.232,"{""agents"": ""150"", ""comp_time"": ""232"", ""makespan"": ""173"", ""makespan_lb"": ""173"", ""map_file"": ""warehouse-10-20-10-2-1.map"", ""seed"": ""2"", ""soc"": ""13763"", ""soc_lb"": ""12458"", ""solved"": ""1"", ""solver"": ""planner"", ""sum_of_loss"": ""12936"", ""sum_of_loss_lb"": ""12458""}"
lg_lacam_fork:lg_suo_tl,LG-LaCAM (window 20) + SUO + traffic load,warehouse-10-20-10-2-1,warehouse-10-20-10-2-1-random-3,150,0,30.0,solved,0.572485,0.411,13695,173,12901,12458,173,1.099294,0,,/home/carsten/Projects/MAPF/MAPF Evaluator/results/tlcpp-warehouse-10-20-2-1/runs/lg_lacam_fork_lg_suo_tl/warehouse-10-20-10-2-1/warehouse-10-20-10-2-1-random-3_a150_s0_r0,13695,0.411,"{""agents"": ""150"", ""comp_time"": ""411"", ""makespan"": ""173"", ""makespan_lb"": ""173"", ""map_file"": ""warehouse-10-20-10-2-1.map"", ""seed"": ""0"", ""soc"": ""13695"", ""soc_lb"": ""12458"", ""solved"": ""1"", ""solver"": ""planner"", ""sum_of_loss"": ""12924"", ""sum_of_loss_lb"": ""12458""}"
lg_lacam_fork:lg_suo_tl,LG-LaCAM (window 20) + SUO + traffic load,warehouse-10-20-10-2-1,warehouse-10-20-10-2-1-random-3,150,1,30.0,solved,0.474782,0.382,13848,174,12994,12458,173,1.111575,0,,/home/carsten/Projects/MAPF/MAPF Evaluator/results/tlcpp-warehouse-10-20-2-1/runs/lg_lacam_fork_lg_suo_tl/warehouse-10-20-10-2-1/warehouse-10-20-10-2-1-random-3_a150_s1_r0,13848,0.382,"{""agents"": ""150"", ""comp_time"": ""382"", ""makespan"": ""174"", ""makespan_lb"": ""173"", ""map_file"": ""warehouse-10-20-10-2-1.map"", ""seed"": ""1"", ""soc"": ""13848"", ""soc_lb"": ""12458"", ""solved"": ""1"", ""solver"": ""planner"", ""sum_of_loss"": ""13022"", ""sum_of_loss_lb"": ""12458""}"
lg_lacam_fork:lg_suo_tl,LG-LaCAM (window 20) + SUO + traffic load,warehouse-10-20-10-2-1,warehouse-10-20-10-2-1-random-3,150,2,30.0,solved,0.557805,0.298,13645,173,12889,12458,173,1.09528,0,,/home/carsten/Projects/MAPF/MAPF Evaluator/results/tlcpp-warehouse-10-20-2-1/runs/lg_lacam_fork_lg_suo_tl/warehouse-10-20-10-2-1/warehouse-10-20-10-2-1-random-3_a150_s2_r0,13645,0.298,"{""agents"": ""150"", ""comp_time"": ""298"", ""makespan"": ""173"", ""makespan_lb"": ""173"", ""map_file"": ""warehouse-10-20-10-2-1.map"", ""seed"": ""2"", ""soc"": ""13645"", ""soc_lb"": ""12458"", ""solved"": ""1"", ""solver"": ""planner"", ""sum_of_loss"": ""12914"", ""sum_of_loss_lb"": ""12458""}"
lg_lacam_fork:lacam,"LaCAM (no guidance, first solution)",warehouse-10-20-10-2-1,warehouse-10-20-10-2-1-random-3,200,0,30.0,solved,0.30785,0.077,26294,224,21852,16393,186,1.603977,0,,/home/carsten/Projects/MAPF/MAPF Evaluator/results/tlcpp-warehouse-10-20-2-1/runs/lg_lacam_fork_lacam/warehouse-10-20-10-2-1/warehouse-10-20-10-2-1-random-3_a200_s0_r0,26294,0.077,"{""agents"": ""200"", ""comp_time"": ""77"", ""makespan"": ""224"", ""makespan_lb"": ""186"", ""map_file"": ""warehouse-10-20-10-2-1.map"", ""seed"": ""0"", ""soc"": ""26294"", ""soc_lb"": ""16393"", ""solved"": ""1"", ""solver"": ""planner"", ""sum_of_loss"": ""22025"", ""sum_of_loss_lb"": ""16393""}"
lg_lacam_fork:lacam,"LaCAM (no guidance, first solution)",warehouse-10-20-10-2-1,warehouse-10-20-10-2-1-random-3,200,2,30.0,solved,0.174635,0.06,25830,216,21692,16393,186,1.575673,0,,/home/carsten/Projects/MAPF/MAPF Evaluator/results/tlcpp-warehouse-10-20-2-1/runs/lg_lacam_fork_lacam/warehouse-10-20-10-2-1/warehouse-10-20-10-2-1-random-3_a200_s2_r0,25830,0.06,"{""agents"": ""200"", ""comp_time"": ""60"", ""makespan"": ""216"", ""makespan_lb"": ""186"", ""map_file"": ""warehouse-10-20-10-2-1.map"", ""seed"": ""2"", ""soc"": ""25830"", ""soc_lb"": ""16393"", ""solved"": ""1"", ""solver"": ""planner"", ""sum_of_loss"": ""21860"", ""sum_of_loss_lb"": ""16393""}"
lg_lacam_fork:lacam,"LaCAM (no guidance, first solution)",warehouse-10-20-10-2-1,warehouse-10-20-10-2-1-random-3,200,1,30.0,solved,0.273468,0.095,26172,241,22153,16393,186,1.596535,0,,/home/carsten/Projects/MAPF/MAPF Evaluator/results/tlcpp-warehouse-10-20-2-1/runs/lg_lacam_fork_lacam/warehouse-10-20-10-2-1/warehouse-10-20-10-2-1-random-3_a200_s1_r0,26172,0.095,"{""agents"": ""200"", ""comp_time"": ""95"", ""makespan"": ""241"", ""makespan_lb"": ""186"", ""map_file"": ""warehouse-10-20-10-2-1.map"", ""seed"": ""1"", ""soc"": ""26172"", ""soc_lb"": ""16393"", ""solved"": ""1"", ""solver"": ""planner"", ""sum_of_loss"": ""22333"", ""sum_of_loss_lb"": ""16393""}"
lg_lacam_fork:tl,"LaCAM + traffic load (tie-break, per config)",warehouse-10-20-10-2-1,warehouse-10-20-10-2-1-random-3,200,0,30.0,solved,0.301987,0.144,22831,186,19355,16393,186,1.392729,0,,/home/carsten/Projects/MAPF/MAPF Evaluator/results/tlcpp-warehouse-10-20-2-1/runs/lg_lacam_fork_tl/warehouse-10-20-10-2-1/warehouse-10-20-10-2-1-random-3_a200_s0_r0,22831,0.144,"{""agents"": ""200"", ""comp_time"": ""144"", ""makespan"": ""186"", ""makespan_lb"": ""186"", ""map_file"": ""warehouse-10-20-10-2-1.map"", ""seed"": ""0"", ""soc"": ""22831"", ""soc_lb"": ""16393"", ""solved"": ""1"", ""solver"": ""planner"", ""sum_of_loss"": ""19498"", ""sum_of_loss_lb"": ""16393""}"
lg_lacam_fork:tl,"LaCAM + traffic load (tie-break, per config)",warehouse-10-20-10-2-1,warehouse-10-20-10-2-1-random-3,200,1,30.0,solved,0.299584,0.107,23359,191,19642,16393,186,1.424937,0,,/home/carsten/Projects/MAPF/MAPF Evaluator/results/tlcpp-warehouse-10-20-2-1/runs/lg_lacam_fork_tl/warehouse-10-20-10-2-1/warehouse-10-20-10-2-1-random-3_a200_s1_r0,23359,0.107,"{""agents"": ""200"", ""comp_time"": ""107"", ""makespan"": ""191"", ""makespan_lb"": ""186"", ""map_file"": ""warehouse-10-20-10-2-1.map"", ""seed"": ""1"", ""soc"": ""23359"", ""soc_lb"": ""16393"", ""solved"": ""1"", ""solver"": ""planner"", ""sum_of_loss"": ""19793"", ""sum_of_loss_lb"": ""16393""}"
lg_lacam_fork:tl,"LaCAM + traffic load (tie-break, per config)",warehouse-10-20-10-2-1,warehouse-10-20-10-2-1-random-3,200,2,30.0,solved,0.248141,0.144,23176,186,19642,16393,186,1.413774,0,,/home/carsten/Projects/MAPF/MAPF Evaluator/results/tlcpp-warehouse-10-20-2-1/runs/lg_lacam_fork_tl/warehouse-10-20-10-2-1/warehouse-10-20-10-2-1-random-3_a200_s2_r0,23176,0.144,"{""agents"": ""200"", ""comp_time"": ""144"", ""makespan"": ""186"", ""makespan_lb"": ""186"", ""map_file"": ""warehouse-10-20-10-2-1.map"", ""seed"": ""2"", ""soc"": ""23176"", ""soc_lb"": ""16393"", ""solved"": ""1"", ""solver"": ""planner"", ""sum_of_loss"": ""19794"", ""sum_of_loss_lb"": ""16393""}"
lg_lacam_fork:tl_agent,"LaCAM + traffic load (tie-break, per agent)",warehouse-10-20-10-2-1,warehouse-10-20-10-2-1-random-3,200,0,30.0,solved,0.259492,0.142,22952,186,19320,16393,186,1.40011,0,,/home/carsten/Projects/MAPF/MAPF Evaluator/results/tlcpp-warehouse-10-20-2-1/runs/lg_lacam_fork_tl_agent/warehouse-10-20-10-2-1/warehouse-10-20-10-2-1-random-3_a200_s0_r0,22952,0.142,"{""agents"": ""200"", ""comp_time"": ""142"", ""makespan"": ""186"", ""makespan_lb"": ""186"", ""map_file"": ""warehouse-10-20-10-2-1.map"", ""seed"": ""0"", ""soc"": ""22952"", ""soc_lb"": ""16393"", ""solved"": ""1"", ""solver"": ""planner"", ""sum_of_loss"": ""19468"", ""sum_of_loss_lb"": ""16393""}"
lg_lacam_fork:tl_agent,"LaCAM + traffic load (tie-break, per agent)",warehouse-10-20-10-2-1,warehouse-10-20-10-2-1-random-3,200,1,30.0,solved,0.315867,0.136,23474,186,19732,16393,186,1.431953,0,,/home/carsten/Projects/MAPF/MAPF Evaluator/results/tlcpp-warehouse-10-20-2-1/runs/lg_lacam_fork_tl_agent/warehouse-10-20-10-2-1/warehouse-10-20-10-2-1-random-3_a200_s1_r0,23474,0.136,"{""agents"": ""200"", ""comp_time"": ""136"", ""makespan"": ""186"", ""makespan_lb"": ""186"", ""map_file"": ""warehouse-10-20-10-2-1.map"", ""seed"": ""1"", ""soc"": ""23474"", ""soc_lb"": ""16393"", ""solved"": ""1"", ""solver"": ""planner"", ""sum_of_loss"": ""19892"", ""sum_of_loss_lb"": ""16393""}"
lg_lacam_fork:tl_agent,"LaCAM + traffic load (tie-break, per agent)",warehouse-10-20-10-2-1,warehouse-10-20-10-2-1-random-3,200,2,30.0,solved,0.276591,0.19,23027,186,19718,16393,186,1.404685,0,,/home/carsten/Projects/MAPF/MAPF Evaluator/results/tlcpp-warehouse-10-20-2-1/runs/lg_lacam_fork_tl_agent/warehouse-10-20-10-2-1/warehouse-10-20-10-2-1-random-3_a200_s2_r0,23027,0.19,"{""agents"": ""200"", ""comp_time"": ""190"", ""makespan"": ""186"", ""makespan_lb"": ""186"", ""map_file"": ""warehouse-10-20-10-2-1.map"", ""seed"": ""2"", ""soc"": ""23027"", ""soc_lb"": ""16393"", ""solved"": ""1"", ""solver"": ""planner"", ""sum_of_loss"": ""19878"", ""sum_of_loss_lb"": ""16393""}"
lg_lacam_fork:tl_static,LaCAM + traffic load (static map from starts),warehouse-10-20-10-2-1,warehouse-10-20-10-2-1-random-3,200,0,30.0,solved,0.581001,0.4,26761,342,23372,16393,186,1.632465,0,,/home/carsten/Projects/MAPF/MAPF Evaluator/results/tlcpp-warehouse-10-20-2-1/runs/lg_lacam_fork_tl_static/warehouse-10-20-10-2-1/warehouse-10-20-10-2-1-random-3_a200_s0_r0,26761,0.4,"{""agents"": ""200"", ""comp_time"": ""400"", ""makespan"": ""342"", ""makespan_lb"": ""186"", ""map_file"": ""warehouse-10-20-10-2-1.map"", ""seed"": ""0"", ""soc"": ""26761"", ""soc_lb"": ""16393"", ""solved"": ""1"", ""solver"": ""planner"", ""sum_of_loss"": ""23543"", ""sum_of_loss_lb"": ""16393""}"
lg_lacam_fork:tl_static,LaCAM + traffic load (static map from starts),warehouse-10-20-10-2-1,warehouse-10-20-10-2-1-random-3,200,1,30.0,solved,0.455262,0.308,29891,456,25492,16393,186,1.8234,0,,/home/carsten/Projects/MAPF/MAPF Evaluator/results/tlcpp-warehouse-10-20-2-1/runs/lg_lacam_fork_tl_static/warehouse-10-20-10-2-1/warehouse-10-20-10-2-1-random-3_a200_s1_r0,29891,0.308,"{""agents"": ""200"", ""comp_time"": ""308"", ""makespan"": ""456"", ""makespan_lb"": ""186"", ""map_file"": ""warehouse-10-20-10-2-1.map"", ""seed"": ""1"", ""soc"": ""29891"", ""soc_lb"": ""16393"", ""solved"": ""1"", ""solver"": ""planner"", ""sum_of_loss"": ""25986"", ""sum_of_loss_lb"": ""16393""}"
lg_lacam_fork:tl_static,LaCAM + traffic load (static map from starts),warehouse-10-20-10-2-1,warehouse-10-20-10-2-1-random-3,200,2,30.0,solved,0.367217,0.216,26982,323,22907,16393,186,1.645946,0,,/home/carsten/Projects/MAPF/MAPF Evaluator/results/tlcpp-warehouse-10-20-2-1/runs/lg_lacam_fork_tl_static/warehouse-10-20-10-2-1/warehouse-10-20-10-2-1-random-3_a200_s2_r0,26982,0.216,"{""agents"": ""200"", ""comp_time"": ""216"", ""makespan"": ""323"", ""makespan_lb"": ""186"", ""map_file"": ""warehouse-10-20-10-2-1.map"", ""seed"": ""2"", ""soc"": ""26982"", ""soc_lb"": ""16393"", ""solved"": ""1"", ""solver"": ""planner"", ""sum_of_loss"": ""23126"", ""sum_of_loss_lb"": ""16393""}"
lg_lacam_fork:suo,LaCAM3 = SUO (first solution),warehouse-10-20-10-2-1,warehouse-10-20-10-2-1-random-3,200,0,30.0,solved,0.35748,0.147,17517,186,17059,16393,186,1.068566,0,,/home/carsten/Projects/MAPF/MAPF Evaluator/results/tlcpp-warehouse-10-20-2-1/runs/lg_lacam_fork_suo/warehouse-10-20-10-2-1/warehouse-10-20-10-2-1-random-3_a200_s0_r0,17517,0.147,"{""agents"": ""200"", ""comp_time"": ""147"", ""makespan"": ""186"", ""makespan_lb"": ""186"", ""map_file"": ""warehouse-10-20-10-2-1.map"", ""seed"": ""0"", ""soc"": ""17517"", ""soc_lb"": ""16393"", ""solved"": ""1"", ""solver"": ""planner"", ""sum_of_loss"": ""17079"", ""sum_of_loss_lb"": ""16393""}"
lg_lacam_fork:suo,LaCAM3 = SUO (first solution),warehouse-10-20-10-2-1,warehouse-10-20-10-2-1-random-3,200,1,30.0,solved,0.269716,0.156,17844,188,17119,16393,186,1.088513,0,,/home/carsten/Projects/MAPF/MAPF Evaluator/results/tlcpp-warehouse-10-20-2-1/runs/lg_lacam_fork_suo/warehouse-10-20-10-2-1/warehouse-10-20-10-2-1-random-3_a200_s1_r0,17844,0.156,"{""agents"": ""200"", ""comp_time"": ""156"", ""makespan"": ""188"", ""makespan_lb"": ""186"", ""map_file"": ""warehouse-10-20-10-2-1.map"", ""seed"": ""1"", ""soc"": ""17844"", ""soc_lb"": ""16393"", ""solved"": ""1"", ""solver"": ""planner"", ""sum_of_loss"": ""17140"", ""sum_of_loss_lb"": ""16393""}"
lg_lacam_fork:suo,LaCAM3 = SUO (first solution),warehouse-10-20-10-2-1,warehouse-10-20-10-2-1-random-3,200,2,30.0,solved,0.30411,0.152,17289,186,16897,16393,186,1.054657,0,,/home/carsten/Projects/MAPF/MAPF Evaluator/results/tlcpp-warehouse-10-20-2-1/runs/lg_lacam_fork_suo/warehouse-10-20-10-2-1/warehouse-10-20-10-2-1-random-3_a200_s2_r0,17289,0.152,"{""agents"": ""200"", ""comp_time"": ""152"", ""makespan"": ""186"", ""makespan_lb"": ""186"", ""map_file"": ""warehouse-10-20-10-2-1.map"", ""seed"": ""2"", ""soc"": ""17289"", ""soc_lb"": ""16393"", ""solved"": ""1"", ""solver"": ""planner"", ""sum_of_loss"": ""16913"", ""sum_of_loss_lb"": ""16393""}"
lg_lacam_fork:suo_tl,SUO + traffic load,warehouse-10-20-10-2-1,warehouse-10-20-10-2-1-random-3,200,1,30.0,solved,0.467692,0.3,17585,188,16971,16393,186,1.072714,0,,/home/carsten/Projects/MAPF/MAPF Evaluator/results/tlcpp-warehouse-10-20-2-1/runs/lg_lacam_fork_suo_tl/warehouse-10-20-10-2-1/warehouse-10-20-10-2-1-random-3_a200_s1_r0,17585,0.3,"{""agents"": ""200"", ""comp_time"": ""300"", ""makespan"": ""188"", ""makespan_lb"": ""186"", ""map_file"": ""warehouse-10-20-10-2-1.map"", ""seed"": ""1"", ""soc"": ""17585"", ""soc_lb"": ""16393"", ""solved"": ""1"", ""solver"": ""planner"", ""sum_of_loss"": ""16990"", ""sum_of_loss_lb"": ""16393""}"
lg_lacam_fork:suo_tl,SUO + traffic load,warehouse-10-20-10-2-1,warehouse-10-20-10-2-1-random-3,200,0,30.0,error,1.429943,,,,,16393,186,,-6,exit code -6: terminate called after throwing an instance of 'std::system_error' what(): Resource temporarily unavailable,/home/carsten/Projects/MAPF/MAPF Evaluator/results/tlcpp-warehouse-10-20-2-1/runs/lg_lacam_fork_suo_tl/warehouse-10-20-10-2-1/warehouse-10-20-10-2-1-random-3_a200_s0_r0,,,
lg_lacam_fork:suo_tl,SUO + traffic load,warehouse-10-20-10-2-1,warehouse-10-20-10-2-1-random-3,200,2,30.0,solved,0.360742,0.236,17243,186,16862,16393,186,1.051851,0,,/home/carsten/Projects/MAPF/MAPF Evaluator/results/tlcpp-warehouse-10-20-2-1/runs/lg_lacam_fork_suo_tl/warehouse-10-20-10-2-1/warehouse-10-20-10-2-1-random-3_a200_s2_r0,17243,0.236,"{""agents"": ""200"", ""comp_time"": ""236"", ""makespan"": ""186"", ""makespan_lb"": ""186"", ""map_file"": ""warehouse-10-20-10-2-1.map"", ""seed"": ""2"", ""soc"": ""17243"", ""soc_lb"": ""16393"", ""solved"": ""1"", ""solver"": ""planner"", ""sum_of_loss"": ""16877"", ""sum_of_loss_lb"": ""16393""}"
lg_lacam_fork:lg,"LG-LaCAM (window 20, first solution)",warehouse-10-20-10-2-1,warehouse-10-20-10-2-1-random-3,200,0,30.0,solved,0.376757,0.187,20280,191,17905,16393,186,1.237113,0,,/home/carsten/Projects/MAPF/MAPF Evaluator/results/tlcpp-warehouse-10-20-2-1/runs/lg_lacam_fork_lg/warehouse-10-20-10-2-1/warehouse-10-20-10-2-1-random-3_a200_s0_r0,20280,0.187,"{""agents"": ""200"", ""comp_time"": ""187"", ""makespan"": ""191"", ""makespan_lb"": ""186"", ""map_file"": ""warehouse-10-20-10-2-1.map"", ""seed"": ""0"", ""soc"": ""20280"", ""soc_lb"": ""16393"", ""solved"": ""1"", ""solver"": ""planner"", ""sum_of_loss"": ""17990"", ""sum_of_loss_lb"": ""16393""}"
lg_lacam_fork:lg,"LG-LaCAM (window 20, first solution)",warehouse-10-20-10-2-1,warehouse-10-20-10-2-1-random-3,200,1,30.0,solved,0.302595,0.192,19979,190,17895,16393,186,1.218752,0,,/home/carsten/Projects/MAPF/MAPF Evaluator/results/tlcpp-warehouse-10-20-2-1/runs/lg_lacam_fork_lg/warehouse-10-20-10-2-1/warehouse-10-20-10-2-1-random-3_a200_s1_r0,19979,0.192,"{""agents"": ""200"", ""comp_time"": ""192"", ""makespan"": ""190"", ""makespan_lb"": ""186"", ""map_file"": ""warehouse-10-20-10-2-1.map"", ""seed"": ""1"", ""soc"": ""19979"", ""soc_lb"": ""16393"", ""solved"": ""1"", ""solver"": ""planner"", ""sum_of_loss"": ""17975"", ""sum_of_loss_lb"": ""16393""}"
lg_lacam_fork:lg,"LG-LaCAM (window 20, first solution)",warehouse-10-20-10-2-1,warehouse-10-20-10-2-1-random-3,200,2,30.0,solved,0.435179,0.295,19925,190,17933,16393,186,1.215458,0,,/home/carsten/Projects/MAPF/MAPF Evaluator/results/tlcpp-warehouse-10-20-2-1/runs/lg_lacam_fork_lg/warehouse-10-20-10-2-1/warehouse-10-20-10-2-1-random-3_a200_s2_r0,19925,0.295,"{""agents"": ""200"", ""comp_time"": ""295"", ""makespan"": ""190"", ""makespan_lb"": ""186"", ""map_file"": ""warehouse-10-20-10-2-1.map"", ""seed"": ""2"", ""soc"": ""19925"", ""soc_lb"": ""16393"", ""solved"": ""1"", ""solver"": ""planner"", ""sum_of_loss"": ""18010"", ""sum_of_loss_lb"": ""16393""}"
lg_lacam_fork:lg_tl,LG-LaCAM (window 20) + traffic load,warehouse-10-20-10-2-1,warehouse-10-20-10-2-1-random-3,200,0,30.0,solved,0.367874,0.224,20236,191,17854,16393,186,1.234429,0,,/home/carsten/Projects/MAPF/MAPF Evaluator/results/tlcpp-warehouse-10-20-2-1/runs/lg_lacam_fork_lg_tl/warehouse-10-20-10-2-1/warehouse-10-20-10-2-1-random-3_a200_s0_r0,20236,0.224,"{""agents"": ""200"", ""comp_time"": ""224"", ""makespan"": ""191"", ""makespan_lb"": ""186"", ""map_file"": ""warehouse-10-20-10-2-1.map"", ""seed"": ""0"", ""soc"": ""20236"", ""soc_lb"": ""16393"", ""solved"": ""1"", ""solver"": ""planner"", ""sum_of_loss"": ""17933"", ""sum_of_loss_lb"": ""16393""}"
lg_lacam_fork:lg_tl,LG-LaCAM (window 20) + traffic load,warehouse-10-20-10-2-1,warehouse-10-20-10-2-1-random-3,200,1,30.0,solved,0.705162,0.467,20046,190,17820,16393,186,1.222839,0,,/home/carsten/Projects/MAPF/MAPF Evaluator/results/tlcpp-warehouse-10-20-2-1/runs/lg_lacam_fork_lg_tl/warehouse-10-20-10-2-1/warehouse-10-20-10-2-1-random-3_a200_s1_r0,20046,0.467,"{""agents"": ""200"", ""comp_time"": ""467"", ""makespan"": ""190"", ""makespan_lb"": ""186"", ""map_file"": ""warehouse-10-20-10-2-1.map"", ""seed"": ""1"", ""soc"": ""20046"", ""soc_lb"": ""16393"", ""solved"": ""1"", ""solver"": ""planner"", ""sum_of_loss"": ""17902"", ""sum_of_loss_lb"": ""16393""}"
lg_lacam_fork:lg_tl,LG-LaCAM (window 20) + traffic load,warehouse-10-20-10-2-1,warehouse-10-20-10-2-1-random-3,200,2,30.0,solved,0.497994,0.308,20189,186,17908,16393,186,1.231562,0,,/home/carsten/Projects/MAPF/MAPF Evaluator/results/tlcpp-warehouse-10-20-2-1/runs/lg_lacam_fork_lg_tl/warehouse-10-20-10-2-1/warehouse-10-20-10-2-1-random-3_a200_s2_r0,20189,0.308,"{""agents"": ""200"", ""comp_time"": ""308"", ""makespan"": ""186"", ""makespan_lb"": ""186"", ""map_file"": ""warehouse-10-20-10-2-1.map"", ""seed"": ""2"", ""soc"": ""20189"", ""soc_lb"": ""16393"", ""solved"": ""1"", ""solver"": ""planner"", ""sum_of_loss"": ""17993"", ""sum_of_loss_lb"": ""16393""}"
lg_lacam_fork:lg_suo,LG-LaCAM (window 20) + SUO,warehouse-10-20-10-2-1,warehouse-10-20-10-2-1-random-3,200,0,30.0,solved,0.606479,0.467,19031,186,17439,16393,186,1.160922,0,,/home/carsten/Projects/MAPF/MAPF Evaluator/results/tlcpp-warehouse-10-20-2-1/runs/lg_lacam_fork_lg_suo/warehouse-10-20-10-2-1/warehouse-10-20-10-2-1-random-3_a200_s0_r0,19031,0.467,"{""agents"": ""200"", ""comp_time"": ""467"", ""makespan"": ""186"", ""makespan_lb"": ""186"", ""map_file"": ""warehouse-10-20-10-2-1.map"", ""seed"": ""0"", ""soc"": ""19031"", ""soc_lb"": ""16393"", ""solved"": ""1"", ""solver"": ""planner"", ""sum_of_loss"": ""17493"", ""sum_of_loss_lb"": ""16393""}"
lg_lacam_fork:lg_suo,LG-LaCAM (window 20) + SUO,warehouse-10-20-10-2-1,warehouse-10-20-10-2-1-random-3,200,1,30.0,solved,0.603838,0.479,18908,186,17403,16393,186,1.153419,0,,/home/carsten/Projects/MAPF/MAPF Evaluator/results/tlcpp-warehouse-10-20-2-1/runs/lg_lacam_fork_lg_suo/warehouse-10-20-10-2-1/warehouse-10-20-10-2-1-random-3_a200_s1_r0,18908,0.479,"{""agents"": ""200"", ""comp_time"": ""479"", ""makespan"": ""186"", ""makespan_lb"": ""186"", ""map_file"": ""warehouse-10-20-10-2-1.map"", ""seed"": ""1"", ""soc"": ""18908"", ""soc_lb"": ""16393"", ""solved"": ""1"", ""solver"": ""planner"", ""sum_of_loss"": ""17454"", ""sum_of_loss_lb"": ""16393""}"
lg_lacam_fork:lg_suo,LG-LaCAM (window 20) + SUO,warehouse-10-20-10-2-1,warehouse-10-20-10-2-1-random-3,200,2,30.0,solved,0.421155,0.266,18572,186,17195,16393,186,1.132923,0,,/home/carsten/Projects/MAPF/MAPF Evaluator/results/tlcpp-warehouse-10-20-2-1/runs/lg_lacam_fork_lg_suo/warehouse-10-20-10-2-1/warehouse-10-20-10-2-1-random-3_a200_s2_r0,18572,0.266,"{""agents"": ""200"", ""comp_time"": ""266"", ""makespan"": ""186"", ""makespan_lb"": ""186"", ""map_file"": ""warehouse-10-20-10-2-1.map"", ""seed"": ""2"", ""soc"": ""18572"", ""soc_lb"": ""16393"", ""solved"": ""1"", ""solver"": ""planner"", ""sum_of_loss"": ""17234"", ""sum_of_loss_lb"": ""16393""}"
lg_lacam_fork:lacam,"LaCAM (no guidance, first solution)",warehouse-10-20-10-2-1,warehouse-10-20-10-2-1-random-4,50,0,30.0,solved,0.102866,0.028,4723,190,4416,4170,190,1.132614,0,,/home/carsten/Projects/MAPF/MAPF Evaluator/results/tlcpp-warehouse-10-20-2-1/runs/lg_lacam_fork_lacam/warehouse-10-20-10-2-1/warehouse-10-20-10-2-1-random-4_a50_s0_r0,4723,0.028,"{""agents"": ""50"", ""comp_time"": ""28"", ""makespan"": ""190"", ""makespan_lb"": ""190"", ""map_file"": ""warehouse-10-20-10-2-1.map"", ""seed"": ""0"", ""soc"": ""4723"", ""soc_lb"": ""4170"", ""solved"": ""1"", ""solver"": ""planner"", ""sum_of_loss"": ""4422"", ""sum_of_loss_lb"": ""4170""}"
lg_lacam_fork:lg_suo_tl,LG-LaCAM (window 20) + SUO + traffic load,warehouse-10-20-10-2-1,warehouse-10-20-10-2-1-random-3,200,0,30.0,error,0.869749,,,,,16393,186,,-6,exit code -6: terminate called after throwing an instance of 'std::system_error' what(): Resource temporarily unavailable,/home/carsten/Projects/MAPF/MAPF Evaluator/results/tlcpp-warehouse-10-20-2-1/runs/lg_lacam_fork_lg_suo_tl/warehouse-10-20-10-2-1/warehouse-10-20-10-2-1-random-3_a200_s0_r0,,,
lg_lacam_fork:lacam,"LaCAM (no guidance, first solution)",warehouse-10-20-10-2-1,warehouse-10-20-10-2-1-random-4,50,1,30.0,solved,0.062533,0.02,4914,190,4616,4170,190,1.178417,0,,/home/carsten/Projects/MAPF/MAPF Evaluator/results/tlcpp-warehouse-10-20-2-1/runs/lg_lacam_fork_lacam/warehouse-10-20-10-2-1/warehouse-10-20-10-2-1-random-4_a50_s1_r0,4914,0.02,"{""agents"": ""50"", ""comp_time"": ""20"", ""makespan"": ""190"", ""makespan_lb"": ""190"", ""map_file"": ""warehouse-10-20-10-2-1.map"", ""seed"": ""1"", ""soc"": ""4914"", ""soc_lb"": ""4170"", ""solved"": ""1"", ""solver"": ""planner"", ""sum_of_loss"": ""4626"", ""sum_of_loss_lb"": ""4170""}"
lg_lacam_fork:lg_suo_tl,LG-LaCAM (window 20) + SUO + traffic load,warehouse-10-20-10-2-1,warehouse-10-20-10-2-1-random-3,200,1,30.0,solved,0.585041,0.438,18731,186,17326,16393,186,1.142622,0,,/home/carsten/Projects/MAPF/MAPF Evaluator/results/tlcpp-warehouse-10-20-2-1/runs/lg_lacam_fork_lg_suo_tl/warehouse-10-20-10-2-1/warehouse-10-20-10-2-1-random-3_a200_s1_r0,18731,0.438,"{""agents"": ""200"", ""comp_time"": ""438"", ""makespan"": ""186"", ""makespan_lb"": ""186"", ""map_file"": ""warehouse-10-20-10-2-1.map"", ""seed"": ""1"", ""soc"": ""18731"", ""soc_lb"": ""16393"", ""solved"": ""1"", ""solver"": ""planner"", ""sum_of_loss"": ""17374"", ""sum_of_loss_lb"": ""16393""}"
lg_lacam_fork:lacam,"LaCAM (no guidance, first solution)",warehouse-10-20-10-2-1,warehouse-10-20-10-2-1-random-4,50,2,30.0,solved,0.142619,0.036,5180,190,4652,4170,190,1.242206,0,,/home/carsten/Projects/MAPF/MAPF Evaluator/results/tlcpp-warehouse-10-20-2-1/runs/lg_lacam_fork_lacam/warehouse-10-20-10-2-1/warehouse-10-20-10-2-1-random-4_a50_s2_r0,5180,0.036,"{""agents"": ""50"", ""comp_time"": ""36"", ""makespan"": ""190"", ""makespan_lb"": ""190"", ""map_file"": ""warehouse-10-20-10-2-1.map"", ""seed"": ""2"", ""soc"": ""5180"", ""soc_lb"": ""4170"", ""solved"": ""1"", ""solver"": ""planner"", ""sum_of_loss"": ""4664"", ""sum_of_loss_lb"": ""4170""}"
lg_lacam_fork:tl,"LaCAM + traffic load (tie-break, per config)",warehouse-10-20-10-2-1,warehouse-10-20-10-2-1-random-4,50,0,30.0,solved,0.104922,0.034,4666,190,4367,4170,190,1.118945,0,,/home/carsten/Projects/MAPF/MAPF Evaluator/results/tlcpp-warehouse-10-20-2-1/runs/lg_lacam_fork_tl/warehouse-10-20-10-2-1/warehouse-10-20-10-2-1-random-4_a50_s0_r0,4666,0.034,"{""agents"": ""50"", ""comp_time"": ""34"", ""makespan"": ""190"", ""makespan_lb"": ""190"", ""map_file"": ""warehouse-10-20-10-2-1.map"", ""seed"": ""0"", ""soc"": ""4666"", ""soc_lb"": ""4170"", ""solved"": ""1"", ""solver"": ""planner"", ""sum_of_loss"": ""4375"", ""sum_of_loss_lb"": ""4170""}"
lg_lacam_fork:tl,"LaCAM + traffic load (tie-break, per config)",warehouse-10-20-10-2-1,warehouse-10-20-10-2-1-random-4,50,1,30.0,solved,0.058899,0.031,4651,190,4312,4170,190,1.115348,0,,/home/carsten/Projects/MAPF/MAPF Evaluator/results/tlcpp-warehouse-10-20-2-1/runs/lg_lacam_fork_tl/warehouse-10-20-10-2-1/warehouse-10-20-10-2-1-random-4_a50_s1_r0,4651,0.031,"{""agents"": ""50"", ""comp_time"": ""31"", ""makespan"": ""190"", ""makespan_lb"": ""190"", ""map_file"": ""warehouse-10-20-10-2-1.map"", ""seed"": ""1"", ""soc"": ""4651"", ""soc_lb"": ""4170"", ""solved"": ""1"", ""solver"": ""planner"", ""sum_of_loss"": ""4320"", ""sum_of_loss_lb"": ""4170""}"
lg_lacam_fork:lg_suo_tl,LG-LaCAM (window 20) + SUO + traffic load,warehouse-10-20-10-2-1,warehouse-10-20-10-2-1-random-3,200,2,30.0,solved,0.93973,0.722,18387,186,17153,16393,186,1.121637,0,,/home/carsten/Projects/MAPF/MAPF Evaluator/results/tlcpp-warehouse-10-20-2-1/runs/lg_lacam_fork_lg_suo_tl/warehouse-10-20-10-2-1/warehouse-10-20-10-2-1-random-3_a200_s2_r0,18387,0.722,"{""agents"": ""200"", ""comp_time"": ""722"", ""makespan"": ""186"", ""makespan_lb"": ""186"", ""map_file"": ""warehouse-10-20-10-2-1.map"", ""seed"": ""2"", ""soc"": ""18387"", ""soc_lb"": ""16393"", ""solved"": ""1"", ""solver"": ""planner"", ""sum_of_loss"": ""17189"", ""sum_of_loss_lb"": ""16393""}"
lg_lacam_fork:tl,"LaCAM + traffic load (tie-break, per config)",warehouse-10-20-10-2-1,warehouse-10-20-10-2-1-random-4,50,2,30.0,solved,0.16392,0.061,4620,190,4327,4170,190,1.107914,0,,/home/carsten/Projects/MAPF/MAPF Evaluator/results/tlcpp-warehouse-10-20-2-1/runs/lg_lacam_fork_tl/warehouse-10-20-10-2-1/warehouse-10-20-10-2-1-random-4_a50_s2_r0,4620,0.061,"{""agents"": ""50"", ""comp_time"": ""61"", ""makespan"": ""190"", ""makespan_lb"": ""190"", ""map_file"": ""warehouse-10-20-10-2-1.map"", ""seed"": ""2"", ""soc"": ""4620"", ""soc_lb"": ""4170"", ""solved"": ""1"", ""solver"": ""planner"", ""sum_of_loss"": ""4336"", ""sum_of_loss_lb"": ""4170""}"
lg_lacam_fork:tl_agent,"LaCAM + traffic load (tie-break, per agent)",warehouse-10-20-10-2-1,warehouse-10-20-10-2-1-random-4,50,0,30.0,solved,0.094733,0.049,4721,190,4310,4170,190,1.132134,0,,/home/carsten/Projects/MAPF/MAPF Evaluator/results/tlcpp-warehouse-10-20-2-1/runs/lg_lacam_fork_tl_agent/warehouse-10-20-10-2-1/warehouse-10-20-10-2-1-random-4_a50_s0_r0,4721,0.049,"{""agents"": ""50"", ""comp_time"": ""49"", ""makespan"": ""190"", ""makespan_lb"": ""190"", ""map_file"": ""warehouse-10-20-10-2-1.map"", ""seed"": ""0"", ""soc"": ""4721"", ""soc_lb"": ""4170"", ""solved"": ""1"", ""solver"": ""planner"", ""sum_of_loss"": ""4318"", ""sum_of_loss_lb"": ""4170""}"
lg_lacam_fork:tl_agent,"LaCAM + traffic load (tie-break, per agent)",warehouse-10-20-10-2-1,warehouse-10-20-10-2-1-random-4,50,1,30.0,solved,0.154874,0.071,4752,190,4360,4170,190,1.139568,0,,/home/carsten/Projects/MAPF/MAPF Evaluator/results/tlcpp-warehouse-10-20-2-1/runs/lg_lacam_fork_tl_agent/warehouse-10-20-10-2-1/warehouse-10-20-10-2-1-random-4_a50_s1_r0,4752,0.071,"{""agents"": ""50"", ""comp_time"": ""71"", ""makespan"": ""190"", ""makespan_lb"": ""190"", ""map_file"": ""warehouse-10-20-10-2-1.map"", ""seed"": ""1"", ""soc"": ""4752"", ""soc_lb"": ""4170"", ""solved"": ""1"", ""solver"": ""planner"", ""sum_of_loss"": ""4371"", ""sum_of_loss_lb"": ""4170""}"
lg_lacam_fork:tl_agent,"LaCAM + traffic load (tie-break, per agent)",warehouse-10-20-10-2-1,warehouse-10-20-10-2-1-random-4,50,2,30.0,solved,0.128916,0.056,4676,190,4342,4170,190,1.121343,0,,/home/carsten/Projects/MAPF/MAPF Evaluator/results/tlcpp-warehouse-10-20-2-1/runs/lg_lacam_fork_tl_agent/warehouse-10-20-10-2-1/warehouse-10-20-10-2-1-random-4_a50_s2_r0,4676,0.056,"{""agents"": ""50"", ""comp_time"": ""56"", ""makespan"": ""190"", ""makespan_lb"": ""190"", ""map_file"": ""warehouse-10-20-10-2-1.map"", ""seed"": ""2"", ""soc"": ""4676"", ""soc_lb"": ""4170"", ""solved"": ""1"", ""solver"": ""planner"", ""sum_of_loss"": ""4350"", ""sum_of_loss_lb"": ""4170""}"
lg_lacam_fork:tl_static,LaCAM + traffic load (static map from starts),warehouse-10-20-10-2-1,warehouse-10-20-10-2-1-random-4,50,0,30.0,solved,0.084635,0.051,4984,190,4598,4170,190,1.195204,0,,/home/carsten/Projects/MAPF/MAPF Evaluator/results/tlcpp-warehouse-10-20-2-1/runs/lg_lacam_fork_tl_static/warehouse-10-20-10-2-1/warehouse-10-20-10-2-1-random-4_a50_s0_r0,4984,0.051,"{""agents"": ""50"", ""comp_time"": ""51"", ""makespan"": ""190"", ""makespan_lb"": ""190"", ""map_file"": ""warehouse-10-20-10-2-1.map"", ""seed"": ""0"", ""soc"": ""4984"", ""soc_lb"": ""4170"", ""solved"": ""1"", ""solver"": ""planner"", ""sum_of_loss"": ""4608"", ""sum_of_loss_lb"": ""4170""}"
lg_lacam_fork:tl_static,LaCAM + traffic load (static map from starts),warehouse-10-20-10-2-1,warehouse-10-20-10-2-1-random-4,50,1,30.0,solved,0.102804,0.024,4955,222,4725,4170,190,1.188249,0,,/home/carsten/Projects/MAPF/MAPF Evaluator/results/tlcpp-warehouse-10-20-2-1/runs/lg_lacam_fork_tl_static/warehouse-10-20-10-2-1/warehouse-10-20-10-2-1-random-4_a50_s1_r0,4955,0.024,"{""agents"": ""50"", ""comp_time"": ""24"", ""makespan"": ""222"", ""makespan_lb"": ""190"", ""map_file"": ""warehouse-10-20-10-2-1.map"", ""seed"": ""1"", ""soc"": ""4955"", ""soc_lb"": ""4170"", ""solved"": ""1"", ""solver"": ""planner"", ""sum_of_loss"": ""4732"", ""sum_of_loss_lb"": ""4170""}"
lg_lacam_fork:tl_static,LaCAM + traffic load (static map from starts),warehouse-10-20-10-2-1,warehouse-10-20-10-2-1-random-4,50,2,30.0,solved,0.094727,0.037,4865,190,4574,4170,190,1.166667,0,,/home/carsten/Projects/MAPF/MAPF Evaluator/results/tlcpp-warehouse-10-20-2-1/runs/lg_lacam_fork_tl_static/warehouse-10-20-10-2-1/warehouse-10-20-10-2-1-random-4_a50_s2_r0,4865,0.037,"{""agents"": ""50"", ""comp_time"": ""37"", ""makespan"": ""190"", ""makespan_lb"": ""190"", ""map_file"": ""warehouse-10-20-10-2-1.map"", ""seed"": ""2"", ""soc"": ""4865"", ""soc_lb"": ""4170"", ""solved"": ""1"", ""solver"": ""planner"", ""sum_of_loss"": ""4582"", ""sum_of_loss_lb"": ""4170""}"
lg_lacam_fork:suo,LaCAM3 = SUO (first solution),warehouse-10-20-10-2-1,warehouse-10-20-10-2-1-random-4,50,0,30.0,solved,0.107947,0.041,4176,190,4176,4170,190,1.001439,0,,/home/carsten/Projects/MAPF/MAPF Evaluator/results/tlcpp-warehouse-10-20-2-1/runs/lg_lacam_fork_suo/warehouse-10-20-10-2-1/warehouse-10-20-10-2-1-random-4_a50_s0_r0,4176,0.041,"{""agents"": ""50"", ""comp_time"": ""41"", ""makespan"": ""190"", ""makespan_lb"": ""190"", ""map_file"": ""warehouse-10-20-10-2-1.map"", ""seed"": ""0"", ""soc"": ""4176"", ""soc_lb"": ""4170"", ""solved"": ""1"", ""solver"": ""planner"", ""sum_of_loss"": ""4176"", ""sum_of_loss_lb"": ""4170""}"
lg_lacam_fork:suo,LaCAM3 = SUO (first solution),warehouse-10-20-10-2-1,warehouse-10-20-10-2-1-random-4,50,1,30.0,solved,0.2093,0.128,4182,190,4182,4170,190,1.002878,0,,/home/carsten/Projects/MAPF/MAPF Evaluator/results/tlcpp-warehouse-10-20-2-1/runs/lg_lacam_fork_suo/warehouse-10-20-10-2-1/warehouse-10-20-10-2-1-random-4_a50_s1_r0,4182,0.128,"{""agents"": ""50"", ""comp_time"": ""128"", ""makespan"": ""190"", ""makespan_lb"": ""190"", ""map_file"": ""warehouse-10-20-10-2-1.map"", ""seed"": ""1"", ""soc"": ""4182"", ""soc_lb"": ""4170"", ""solved"": ""1"", ""solver"": ""planner"", ""sum_of_loss"": ""4182"", ""sum_of_loss_lb"": ""4170""}"
lg_lacam_fork:suo,LaCAM3 = SUO (first solution),warehouse-10-20-10-2-1,warehouse-10-20-10-2-1-random-4,50,2,30.0,solved,0.124389,0.036,4186,190,4186,4170,190,1.003837,0,,/home/carsten/Projects/MAPF/MAPF Evaluator/results/tlcpp-warehouse-10-20-2-1/runs/lg_lacam_fork_suo/warehouse-10-20-10-2-1/warehouse-10-20-10-2-1-random-4_a50_s2_r0,4186,0.036,"{""agents"": ""50"", ""comp_time"": ""36"", ""makespan"": ""190"", ""makespan_lb"": ""190"", ""map_file"": ""warehouse-10-20-10-2-1.map"", ""seed"": ""2"", ""soc"": ""4186"", ""soc_lb"": ""4170"", ""solved"": ""1"", ""solver"": ""planner"", ""sum_of_loss"": ""4186"", ""sum_of_loss_lb"": ""4170""}"
lg_lacam_fork:suo_tl,SUO + traffic load,warehouse-10-20-10-2-1,warehouse-10-20-10-2-1-random-4,50,0,30.0,solved,0.109094,0.06,4176,190,4176,4170,190,1.001439,0,,/home/carsten/Projects/MAPF/MAPF Evaluator/results/tlcpp-warehouse-10-20-2-1/runs/lg_lacam_fork_suo_tl/warehouse-10-20-10-2-1/warehouse-10-20-10-2-1-random-4_a50_s0_r0,4176,0.06,"{""agents"": ""50"", ""comp_time"": ""60"", ""makespan"": ""190"", ""makespan_lb"": ""190"", ""map_file"": ""warehouse-10-20-10-2-1.map"", ""seed"": ""0"", ""soc"": ""4176"", ""soc_lb"": ""4170"", ""solved"": ""1"", ""solver"": ""planner"", ""sum_of_loss"": ""4176"", ""sum_of_loss_lb"": ""4170""}"
lg_lacam_fork:suo_tl,SUO + traffic load,warehouse-10-20-10-2-1,warehouse-10-20-10-2-1-random-4,50,2,30.0,solved,0.091046,0.045,4186,190,4186,4170,190,1.003837,0,,/home/carsten/Projects/MAPF/MAPF Evaluator/results/tlcpp-warehouse-10-20-2-1/runs/lg_lacam_fork_suo_tl/warehouse-10-20-10-2-1/warehouse-10-20-10-2-1-random-4_a50_s2_r0,4186,0.045,"{""agents"": ""50"", ""comp_time"": ""45"", ""makespan"": ""190"", ""makespan_lb"": ""190"", ""map_file"": ""warehouse-10-20-10-2-1.map"", ""seed"": ""2"", ""soc"": ""4186"", ""soc_lb"": ""4170"", ""solved"": ""1"", ""solver"": ""planner"", ""sum_of_loss"": ""4186"", ""sum_of_loss_lb"": ""4170""}"
lg_lacam_fork:suo_tl,SUO + traffic load,warehouse-10-20-10-2-1,warehouse-10-20-10-2-1-random-4,50,1,30.0,solved,0.168385,0.055,4182,190,4182,4170,190,1.002878,0,,/home/carsten/Projects/MAPF/MAPF Evaluator/results/tlcpp-warehouse-10-20-2-1/runs/lg_lacam_fork_suo_tl/warehouse-10-20-10-2-1/warehouse-10-20-10-2-1-random-4_a50_s1_r0,4182,0.055,"{""agents"": ""50"", ""comp_time"": ""55"", ""makespan"": ""190"", ""makespan_lb"": ""190"", ""map_file"": ""warehouse-10-20-10-2-1.map"", ""seed"": ""1"", ""soc"": ""4182"", ""soc_lb"": ""4170"", ""solved"": ""1"", ""solver"": ""planner"", ""sum_of_loss"": ""4182"", ""sum_of_loss_lb"": ""4170""}"
lg_lacam_fork:lg,"LG-LaCAM (window 20, first solution)",warehouse-10-20-10-2-1,warehouse-10-20-10-2-1-random-4,50,0,30.0,solved,0.145489,0.073,4435,190,4227,4170,190,1.063549,0,,/home/carsten/Projects/MAPF/MAPF Evaluator/results/tlcpp-warehouse-10-20-2-1/runs/lg_lacam_fork_lg/warehouse-10-20-10-2-1/warehouse-10-20-10-2-1-random-4_a50_s0_r0,4435,0.073,"{""agents"": ""50"", ""comp_time"": ""73"", ""makespan"": ""190"", ""makespan_lb"": ""190"", ""map_file"": ""warehouse-10-20-10-2-1.map"", ""seed"": ""0"", ""soc"": ""4435"", ""soc_lb"": ""4170"", ""solved"": ""1"", ""solver"": ""planner"", ""sum_of_loss"": ""4232"", ""sum_of_loss_lb"": ""4170""}"
lg_lacam_fork:lg,"LG-LaCAM (window 20, first solution)",warehouse-10-20-10-2-1,warehouse-10-20-10-2-1-random-4,50,1,30.0,solved,0.091917,0.053,4241,190,4198,4170,190,1.017026,0,,/home/carsten/Projects/MAPF/MAPF Evaluator/results/tlcpp-warehouse-10-20-2-1/runs/lg_lacam_fork_lg/warehouse-10-20-10-2-1/warehouse-10-20-10-2-1-random-4_a50_s1_r0,4241,0.053,"{""agents"": ""50"", ""comp_time"": ""53"", ""makespan"": ""190"", ""makespan_lb"": ""190"", ""map_file"": ""warehouse-10-20-10-2-1.map"", ""seed"": ""1"", ""soc"": ""4241"", ""soc_lb"": ""4170"", ""solved"": ""1"", ""solver"": ""planner"", ""sum_of_loss"": ""4200"", ""sum_of_loss_lb"": ""4170""}"
lg_lacam_fork:lg,"LG-LaCAM (window 20, first solution)",warehouse-10-20-10-2-1,warehouse-10-20-10-2-1-random-4,50,2,30.0,solved,0.284701,0.081,4406,190,4219,4170,190,1.056595,0,,/home/carsten/Projects/MAPF/MAPF Evaluator/results/tlcpp-warehouse-10-20-2-1/runs/lg_lacam_fork_lg/warehouse-10-20-10-2-1/warehouse-10-20-10-2-1-random-4_a50_s2_r0,4406,0.081,"{""agents"": ""50"", ""comp_time"": ""81"", ""makespan"": ""190"", ""makespan_lb"": ""190"", ""map_file"": ""warehouse-10-20-10-2-1.map"", ""seed"": ""2"", ""soc"": ""4406"", ""soc_lb"": ""4170"", ""solved"": ""1"", ""solver"": ""planner"", ""sum_of_loss"": ""4223"", ""sum_of_loss_lb"": ""4170""}"
lg_lacam_fork:lg_tl,LG-LaCAM (window 20) + traffic load,warehouse-10-20-10-2-1,warehouse-10-20-10-2-1-random-4,50,1,30.0,solved,0.12101,0.065,4241,190,4198,4170,190,1.017026,0,,/home/carsten/Projects/MAPF/MAPF Evaluator/results/tlcpp-warehouse-10-20-2-1/runs/lg_lacam_fork_lg_tl/warehouse-10-20-10-2-1/warehouse-10-20-10-2-1-random-4_a50_s1_r0,4241,0.065,"{""agents"": ""50"", ""comp_time"": ""65"", ""makespan"": ""190"", ""makespan_lb"": ""190"", ""map_file"": ""warehouse-10-20-10-2-1.map"", ""seed"": ""1"", ""soc"": ""4241"", ""soc_lb"": ""4170"", ""solved"": ""1"", ""solver"": ""planner"", ""sum_of_loss"": ""4200"", ""sum_of_loss_lb"": ""4170""}"
lg_lacam_fork:lg_tl,LG-LaCAM (window 20) + traffic load,warehouse-10-20-10-2-1,warehouse-10-20-10-2-1-random-4,50,0,30.0,solved,0.134862,0.043,4435,190,4227,4170,190,1.063549,0,,/home/carsten/Projects/MAPF/MAPF Evaluator/results/tlcpp-warehouse-10-20-2-1/runs/lg_lacam_fork_lg_tl/warehouse-10-20-10-2-1/warehouse-10-20-10-2-1-random-4_a50_s0_r0,4435,0.043,"{""agents"": ""50"", ""comp_time"": ""43"", ""makespan"": ""190"", ""makespan_lb"": ""190"", ""map_file"": ""warehouse-10-20-10-2-1.map"", ""seed"": ""0"", ""soc"": ""4435"", ""soc_lb"": ""4170"", ""solved"": ""1"", ""solver"": ""planner"", ""sum_of_loss"": ""4232"", ""sum_of_loss_lb"": ""4170""}"
lg_lacam_fork:lg_tl,LG-LaCAM (window 20) + traffic load,warehouse-10-20-10-2-1,warehouse-10-20-10-2-1-random-4,50,2,30.0,solved,0.22594,0.082,4406,190,4219,4170,190,1.056595,0,,/home/carsten/Projects/MAPF/MAPF Evaluator/results/tlcpp-warehouse-10-20-2-1/runs/lg_lacam_fork_lg_tl/warehouse-10-20-10-2-1/warehouse-10-20-10-2-1-random-4_a50_s2_r0,4406,0.082,"{""agents"": ""50"", ""comp_time"": ""82"", ""makespan"": ""190"", ""makespan_lb"": ""190"", ""map_file"": ""warehouse-10-20-10-2-1.map"", ""seed"": ""2"", ""soc"": ""4406"", ""soc_lb"": ""4170"", ""solved"": ""1"", ""solver"": ""planner"", ""sum_of_loss"": ""4223"", ""sum_of_loss_lb"": ""4170""}"
lg_lacam_fork:lg_suo,LG-LaCAM (window 20) + SUO,warehouse-10-20-10-2-1,warehouse-10-20-10-2-1-random-4,50,1,30.0,solved,0.133437,0.078,4175,190,4175,4170,190,1.001199,0,,/home/carsten/Projects/MAPF/MAPF Evaluator/results/tlcpp-warehouse-10-20-2-1/runs/lg_lacam_fork_lg_suo/warehouse-10-20-10-2-1/warehouse-10-20-10-2-1-random-4_a50_s1_r0,4175,0.078,"{""agents"": ""50"", ""comp_time"": ""78"", ""makespan"": ""190"", ""makespan_lb"": ""190"", ""map_file"": ""warehouse-10-20-10-2-1.map"", ""seed"": ""1"", ""soc"": ""4175"", ""soc_lb"": ""4170"", ""solved"": ""1"", ""solver"": ""planner"", ""sum_of_loss"": ""4175"", ""sum_of_loss_lb"": ""4170""}"
lg_lacam_fork:lg_suo,LG-LaCAM (window 20) + SUO,warehouse-10-20-10-2-1,warehouse-10-20-10-2-1-random-4,50,0,30.0,solved,0.198411,0.099,4176,190,4176,4170,190,1.001439,0,,/home/carsten/Projects/MAPF/MAPF Evaluator/results/tlcpp-warehouse-10-20-2-1/runs/lg_lacam_fork_lg_suo/warehouse-10-20-10-2-1/warehouse-10-20-10-2-1-random-4_a50_s0_r0,4176,0.099,"{""agents"": ""50"", ""comp_time"": ""99"", ""makespan"": ""190"", ""makespan_lb"": ""190"", ""map_file"": ""warehouse-10-20-10-2-1.map"", ""seed"": ""0"", ""soc"": ""4176"", ""soc_lb"": ""4170"", ""solved"": ""1"", ""solver"": ""planner"", ""sum_of_loss"": ""4176"", ""sum_of_loss_lb"": ""4170""}"
lg_lacam_fork:lg_suo,LG-LaCAM (window 20) + SUO,warehouse-10-20-10-2-1,warehouse-10-20-10-2-1-random-4,50,2,30.0,solved,0.204811,0.083,4298,190,4230,4170,190,1.030695,0,,/home/carsten/Projects/MAPF/MAPF Evaluator/results/tlcpp-warehouse-10-20-2-1/runs/lg_lacam_fork_lg_suo/warehouse-10-20-10-2-1/warehouse-10-20-10-2-1-random-4_a50_s2_r0,4298,0.083,"{""agents"": ""50"", ""comp_time"": ""83"", ""makespan"": ""190"", ""makespan_lb"": ""190"", ""map_file"": ""warehouse-10-20-10-2-1.map"", ""seed"": ""2"", ""soc"": ""4298"", ""soc_lb"": ""4170"", ""solved"": ""1"", ""solver"": ""planner"", ""sum_of_loss"": ""4233"", ""sum_of_loss_lb"": ""4170""}"
lg_lacam_fork:lg_suo_tl,LG-LaCAM (window 20) + SUO + traffic load,warehouse-10-20-10-2-1,warehouse-10-20-10-2-1-random-4,50,0,30.0,solved,0.205911,0.117,4176,190,4176,4170,190,1.001439,0,,/home/carsten/Projects/MAPF/MAPF Evaluator/results/tlcpp-warehouse-10-20-2-1/runs/lg_lacam_fork_lg_suo_tl/warehouse-10-20-10-2-1/warehouse-10-20-10-2-1-random-4_a50_s0_r0,4176,0.117,"{""agents"": ""50"", ""comp_time"": ""117"", ""makespan"": ""190"", ""makespan_lb"": ""190"", ""map_file"": ""warehouse-10-20-10-2-1.map"", ""seed"": ""0"", ""soc"": ""4176"", ""soc_lb"": ""4170"", ""solved"": ""1"", ""solver"": ""planner"", ""sum_of_loss"": ""4176"", ""sum_of_loss_lb"": ""4170""}"
lg_lacam_fork:lg_suo_tl,LG-LaCAM (window 20) + SUO + traffic load,warehouse-10-20-10-2-1,warehouse-10-20-10-2-1-random-4,50,2,30.0,solved,0.175383,0.098,4298,190,4230,4170,190,1.030695,0,,/home/carsten/Projects/MAPF/MAPF Evaluator/results/tlcpp-warehouse-10-20-2-1/runs/lg_lacam_fork_lg_suo_tl/warehouse-10-20-10-2-1/warehouse-10-20-10-2-1-random-4_a50_s2_r0,4298,0.098,"{""agents"": ""50"", ""comp_time"": ""98"", ""makespan"": ""190"", ""makespan_lb"": ""190"", ""map_file"": ""warehouse-10-20-10-2-1.map"", ""seed"": ""2"", ""soc"": ""4298"", ""soc_lb"": ""4170"", ""solved"": ""1"", ""solver"": ""planner"", ""sum_of_loss"": ""4233"", ""sum_of_loss_lb"": ""4170""}"
lg_lacam_fork:lg_suo_tl,LG-LaCAM (window 20) + SUO + traffic load,warehouse-10-20-10-2-1,warehouse-10-20-10-2-1-random-4,50,1,30.0,solved,0.288116,0.173,4175,190,4175,4170,190,1.001199,0,,/home/carsten/Projects/MAPF/MAPF Evaluator/results/tlcpp-warehouse-10-20-2-1/runs/lg_lacam_fork_lg_suo_tl/warehouse-10-20-10-2-1/warehouse-10-20-10-2-1-random-4_a50_s1_r0,4175,0.173,"{""agents"": ""50"", ""comp_time"": ""173"", ""makespan"": ""190"", ""makespan_lb"": ""190"", ""map_file"": ""warehouse-10-20-10-2-1.map"", ""seed"": ""1"", ""soc"": ""4175"", ""soc_lb"": ""4170"", ""solved"": ""1"", ""solver"": ""planner"", ""sum_of_loss"": ""4175"", ""sum_of_loss_lb"": ""4170""}"
lg_lacam_fork:lacam,"LaCAM (no guidance, first solution)",warehouse-10-20-10-2-1,warehouse-10-20-10-2-1-random-4,100,0,30.0,solved,0.068019,0.028,10396,205,8880,7810,202,1.331114,0,,/home/carsten/Projects/MAPF/MAPF Evaluator/results/tlcpp-warehouse-10-20-2-1/runs/lg_lacam_fork_lacam/warehouse-10-20-10-2-1/warehouse-10-20-10-2-1-random-4_a100_s0_r0,10396,0.028,"{""agents"": ""100"", ""comp_time"": ""28"", ""makespan"": ""205"", ""makespan_lb"": ""202"", ""map_file"": ""warehouse-10-20-10-2-1.map"", ""seed"": ""0"", ""soc"": ""10396"", ""soc_lb"": ""7810"", ""solved"": ""1"", ""solver"": ""planner"", ""sum_of_loss"": ""8917"", ""sum_of_loss_lb"": ""7810""}"
lg_lacam_fork:lacam,"LaCAM (no guidance, first solution)",warehouse-10-20-10-2-1,warehouse-10-20-10-2-1-random-4,100,1,30.0,solved,0.118949,0.047,9269,202,8548,7810,202,1.186812,0,,/home/carsten/Projects/MAPF/MAPF Evaluator/results/tlcpp-warehouse-10-20-2-1/runs/lg_lacam_fork_lacam/warehouse-10-20-10-2-1/warehouse-10-20-10-2-1-random-4_a100_s1_r0,9269,0.047,"{""agents"": ""100"", ""comp_time"": ""47"", ""makespan"": ""202"", ""makespan_lb"": ""202"", ""map_file"": ""warehouse-10-20-10-2-1.map"", ""seed"": ""1"", ""soc"": ""9269"", ""soc_lb"": ""7810"", ""solved"": ""1"", ""solver"": ""planner"", ""sum_of_loss"": ""8571"", ""sum_of_loss_lb"": ""7810""}"
lg_lacam_fork:tl,"LaCAM + traffic load (tie-break, per config)",warehouse-10-20-10-2-1,warehouse-10-20-10-2-1-random-4,100,0,30.0,solved,0.153663,0.089,9018,202,8233,7810,202,1.154673,0,,/home/carsten/Projects/MAPF/MAPF Evaluator/results/tlcpp-warehouse-10-20-2-1/runs/lg_lacam_fork_tl/warehouse-10-20-10-2-1/warehouse-10-20-10-2-1-random-4_a100_s0_r0,9018,0.089,"{""agents"": ""100"", ""comp_time"": ""89"", ""makespan"": ""202"", ""makespan_lb"": ""202"", ""map_file"": ""warehouse-10-20-10-2-1.map"", ""seed"": ""0"", ""soc"": ""9018"", ""soc_lb"": ""7810"", ""solved"": ""1"", ""solver"": ""planner"", ""sum_of_loss"": ""8260"", ""sum_of_loss_lb"": ""7810""}"
lg_lacam_fork:lacam,"LaCAM (no guidance, first solution)",warehouse-10-20-10-2-1,warehouse-10-20-10-2-1-random-4,100,2,30.0,solved,0.156347,0.073,10075,202,9052,7810,202,1.290013,0,,/home/carsten/Projects/MAPF/MAPF Evaluator/results/tlcpp-warehouse-10-20-2-1/runs/lg_lacam_fork_lacam/warehouse-10-20-10-2-1/warehouse-10-20-10-2-1-random-4_a100_s2_r0,10075,0.073,"{""agents"": ""100"", ""comp_time"": ""73"", ""makespan"": ""202"", ""makespan_lb"": ""202"", ""map_file"": ""warehouse-10-20-10-2-1.map"", ""seed"": ""2"", ""soc"": ""10075"", ""soc_lb"": ""7810"", ""solved"": ""1"", ""solver"": ""planner"", ""sum_of_loss"": ""9089"", ""sum_of_loss_lb"": ""7810""}"
lg_lacam_fork:tl,"LaCAM + traffic load (tie-break, per config)",warehouse-10-20-10-2-1,warehouse-10-20-10-2-1-random-4,100,1,30.0,solved,0.231753,0.114,9188,202,8303,7810,202,1.17644,0,,/home/carsten/Projects/MAPF/MAPF Evaluator/results/tlcpp-warehouse-10-20-2-1/runs/lg_lacam_fork_tl/warehouse-10-20-10-2-1/warehouse-10-20-10-2-1-random-4_a100_s1_r0,9188,0.114,"{""agents"": ""100"", ""comp_time"": ""114"", ""makespan"": ""202"", ""makespan_lb"": ""202"", ""map_file"": ""warehouse-10-20-10-2-1.map"", ""seed"": ""1"", ""soc"": ""9188"", ""soc_lb"": ""7810"", ""solved"": ""1"", ""solver"": ""planner"", ""sum_of_loss"": ""8331"", ""sum_of_loss_lb"": ""7810""}"
lg_lacam_fork:tl,"LaCAM + traffic load (tie-break, per config)",warehouse-10-20-10-2-1,warehouse-10-20-10-2-1-random-4,100,2,30.0,solved,0.236452,0.076,9200,202,8288,7810,202,1.177977,0,,/home/carsten/Projects/MAPF/MAPF Evaluator/results/tlcpp-warehouse-10-20-2-1/runs/lg_lacam_fork_tl/warehouse-10-20-10-2-1/warehouse-10-20-10-2-1-random-4_a100_s2_r0,9200,0.076,"{""agents"": ""100"", ""comp_time"": ""76"", ""makespan"": ""202"", ""makespan_lb"": ""202"", ""map_file"": ""warehouse-10-20-10-2-1.map"", ""seed"": ""2"", ""soc"": ""9200"", ""soc_lb"": ""7810"", ""solved"": ""1"", ""solver"": ""planner"", ""sum_of_loss"": ""8319"", ""sum_of_loss_lb"": ""7810""}"
lg_lacam_fork:tl_agent,"LaCAM + traffic load (tie-break, per agent)",warehouse-10-20-10-2-1,warehouse-10-20-10-2-1-random-4,100,1,30.0,solved,0.27057,0.131,9395,202,8336,7810,202,1.202945,0,,/home/carsten/Projects/MAPF/MAPF Evaluator/results/tlcpp-warehouse-10-20-2-1/runs/lg_lacam_fork_tl_agent/warehouse-10-20-10-2-1/warehouse-10-20-10-2-1-random-4_a100_s1_r0,9395,0.131,"{""agents"": ""100"", ""comp_time"": ""131"", ""makespan"": ""202"", ""makespan_lb"": ""202"", ""map_file"": ""warehouse-10-20-10-2-1.map"", ""seed"": ""1"", ""soc"": ""9395"", ""soc_lb"": ""7810"", ""solved"": ""1"", ""solver"": ""planner"", ""sum_of_loss"": ""8364"", ""sum_of_loss_lb"": ""7810""}"
lg_lacam_fork:tl_agent,"LaCAM + traffic load (tie-break, per agent)",warehouse-10-20-10-2-1,warehouse-10-20-10-2-1-random-4,100,0,30.0,solved,0.331007,0.176,9148,202,8290,7810,202,1.171319,0,,/home/carsten/Projects/MAPF/MAPF Evaluator/results/tlcpp-warehouse-10-20-2-1/runs/lg_lacam_fork_tl_agent/warehouse-10-20-10-2-1/warehouse-10-20-10-2-1-random-4_a100_s0_r0,9148,0.176,"{""agents"": ""100"", ""comp_time"": ""176"", ""makespan"": ""202"", ""makespan_lb"": ""202"", ""map_file"": ""warehouse-10-20-10-2-1.map"", ""seed"": ""0"", ""soc"": ""9148"", ""soc_lb"": ""7810"", ""solved"": ""1"", ""solver"": ""planner"", ""sum_of_loss"": ""8322"", ""sum_of_loss_lb"": ""7810""}"
lg_lacam_fork:tl_agent,"LaCAM + traffic load (tie-break, per agent)",warehouse-10-20-10-2-1,warehouse-10-20-10-2-1-random-4,100,2,30.0,solved,0.130925,0.066,9186,202,8255,7810,202,1.176184,0,,/home/carsten/Projects/MAPF/MAPF Evaluator/results/tlcpp-warehouse-10-20-2-1/runs/lg_lacam_fork_tl_agent/warehouse-10-20-10-2-1/warehouse-10-20-10-2-1-random-4_a100_s2_r0,9186,0.066,"{""agents"": ""100"", ""comp_time"": ""66"", ""makespan"": ""202"", ""makespan_lb"": ""202"", ""map_file"": ""warehouse-10-20-10-2-1.map"", ""seed"": ""2"", ""soc"": ""9186"", ""soc_lb"": ""7810"", ""solved"": ""1"", ""solver"": ""planner"", ""sum_of_loss"": ""8281"", ""sum_of_loss_lb"": ""7810""}"
lg_lacam_fork:tl_static,LaCAM + traffic load (static map from starts),warehouse-10-20-10-2-1,warehouse-10-20-10-2-1-random-4,100,0,30.0,solved,0.100882,0.059,9971,207,9074,7810,202,1.276697,0,,/home/carsten/Projects/MAPF/MAPF Evaluator/results/tlcpp-warehouse-10-20-2-1/runs/lg_lacam_fork_tl_static/warehouse-10-20-10-2-1/warehouse-10-20-10-2-1-random-4_a100_s0_r0,9971,0.059,"{""agents"": ""100"", ""comp_time"": ""59"", ""makespan"": ""207"", ""makespan_lb"": ""202"", ""map_file"": ""warehouse-10-20-10-2-1.map"", ""seed"": ""0"", ""soc"": ""9971"", ""soc_lb"": ""7810"", ""solved"": ""1"", ""solver"": ""planner"", ""sum_of_loss"": ""9105"", ""sum_of_loss_lb"": ""7810""}"
lg_lacam_fork:tl_static,LaCAM + traffic load (static map from starts),warehouse-10-20-10-2-1,warehouse-10-20-10-2-1-random-4,100,1,30.0,solved,0.206608,0.099,9766,202,8803,7810,202,1.250448,0,,/home/carsten/Projects/MAPF/MAPF Evaluator/results/tlcpp-warehouse-10-20-2-1/runs/lg_lacam_fork_tl_static/warehouse-10-20-10-2-1/warehouse-10-20-10-2-1-random-4_a100_s1_r0,9766,0.099,"{""agents"": ""100"", ""comp_time"": ""99"", ""makespan"": ""202"", ""makespan_lb"": ""202"", ""map_file"": ""warehouse-10-20-10-2-1.map"", ""seed"": ""1"", ""soc"": ""9766"", ""soc_lb"": ""7810"", ""solved"": ""1"", ""solver"": ""planner"", ""sum_of_loss"": ""8832"", ""sum_of_loss_lb"": ""7810""}"
lg_lacam_fork:tl_static,LaCAM + traffic load (static map from starts),warehouse-10-20-10-2-1,warehouse-10-20-10-2-1-random-4,100,2,30.0,solved,0.186842,0.099,10242,215,8816,7810,202,1.311396,0,,/home/carsten/Projects/MAPF/MAPF Evaluator/results/tlcpp-warehouse-10-20-2-1/runs/lg_lacam_fork_tl_static/warehouse-10-20-10-2-1/warehouse-10-20-10-2-1-random-4_a100_s2_r0,10242,0.099,"{""agents"": ""100"", ""comp_time"": ""99"", ""makespan"": ""215"", ""makespan_lb"": ""202"", ""map_file"": ""warehouse-10-20-10-2-1.map"", ""seed"": ""2"", ""soc"": ""10242"", ""soc_lb"": ""7810"", ""solved"": ""1"", ""solver"": ""planner"", ""sum_of_loss"": ""8849"", ""sum_of_loss_lb"": ""7810""}"
lg_lacam_fork:suo,LaCAM3 = SUO (first solution),warehouse-10-20-10-2-1,warehouse-10-20-10-2-1-random-4,100,0,30.0,solved,0.106788,0.06,7864,202,7864,7810,202,1.006914,0,,/home/carsten/Projects/MAPF/MAPF Evaluator/results/tlcpp-warehouse-10-20-2-1/runs/lg_lacam_fork_suo/warehouse-10-20-10-2-1/warehouse-10-20-10-2-1-random-4_a100_s0_r0,7864,0.06,"{""agents"": ""100"", ""comp_time"": ""60"", ""makespan"": ""202"", ""makespan_lb"": ""202"", ""map_file"": ""warehouse-10-20-10-2-1.map"", ""seed"": ""0"", ""soc"": ""7864"", ""soc_lb"": ""7810"", ""solved"": ""1"", ""solver"": ""planner"", ""sum_of_loss"": ""7864"", ""sum_of_loss_lb"": ""7810""}"
lg_lacam_fork:suo,LaCAM3 = SUO (first solution),warehouse-10-20-10-2-1,warehouse-10-20-10-2-1-random-4,100,1,30.0,solved,0.253138,0.184,7976,202,7869,7810,202,1.021255,0,,/home/carsten/Projects/MAPF/MAPF Evaluator/results/tlcpp-warehouse-10-20-2-1/runs/lg_lacam_fork_suo/warehouse-10-20-10-2-1/warehouse-10-20-10-2-1-random-4_a100_s1_r0,7976,0.184,"{""agents"": ""100"", ""comp_time"": ""184"", ""makespan"": ""202"", ""makespan_lb"": ""202"", ""map_file"": ""warehouse-10-20-10-2-1.map"", ""seed"": ""1"", ""soc"": ""7976"", ""soc_lb"": ""7810"", ""solved"": ""1"", ""solver"": ""planner"", ""sum_of_loss"": ""7870"", ""sum_of_loss_lb"": ""7810""}"
lg_lacam_fork:suo,LaCAM3 = SUO (first solution),warehouse-10-20-10-2-1,warehouse-10-20-10-2-1-random-4,100,2,30.0,solved,0.316723,0.152,7952,202,7845,7810,202,1.018182,0,,/home/carsten/Projects/MAPF/MAPF Evaluator/results/tlcpp-warehouse-10-20-2-1/runs/lg_lacam_fork_suo/warehouse-10-20-10-2-1/warehouse-10-20-10-2-1-random-4_a100_s2_r0,7952,0.152,"{""agents"": ""100"", ""comp_time"": ""152"", ""makespan"": ""202"", ""makespan_lb"": ""202"", ""map_file"": ""warehouse-10-20-10-2-1.map"", ""seed"": ""2"", ""soc"": ""7952"", ""soc_lb"": ""7810"", ""solved"": ""1"", ""solver"": ""planner"", ""sum_of_loss"": ""7846"", ""sum_of_loss_lb"": ""7810""}"
lg_lacam_fork:suo_tl,SUO + traffic load,warehouse-10-20-10-2-1,warehouse-10-20-10-2-1-random-4,100,0,30.0,solved,0.130924,0.083,7864,202,7864,7810,202,1.006914,0,,/home/carsten/Projects/MAPF/MAPF Evaluator/results/tlcpp-warehouse-10-20-2-1/runs/lg_lacam_fork_suo_tl/warehouse-10-20-10-2-1/warehouse-10-20-10-2-1-random-4_a100_s0_r0,7864,0.083,"{""agents"": ""100"", ""comp_time"": ""83"", ""makespan"": ""202"", ""makespan_lb"": ""202"", ""map_file"": ""warehouse-10-20-10-2-1.map"", ""seed"": ""0"", ""soc"": ""7864"", ""soc_lb"": ""7810"", ""solved"": ""1"", ""solver"": ""planner"", ""sum_of_loss"": ""7864"", ""sum_of_loss_lb"": ""7810""}"
lg_lacam_fork:suo_tl,SUO + traffic load,warehouse-10-20-10-2-1,warehouse-10-20-10-2-1-random-4,100,1,30.0,solved,0.199896,0.103,7970,202,7863,7810,202,1.020487,0,,/home/carsten/Projects/MAPF/MAPF Evaluator/results/tlcpp-warehouse-10-20-2-1/runs/lg_lacam_fork_suo_tl/warehouse-10-20-10-2-1/warehouse-10-20-10-2-1-random-4_a100_s1_r0,7970,0.103,"{""agents"": ""100"", ""comp_time"": ""103"", ""makespan"": ""202"", ""makespan_lb"": ""202"", ""map_file"": ""warehouse-10-20-10-2-1.map"", ""seed"": ""1"", ""soc"": ""7970"", ""soc_lb"": ""7810"", ""solved"": ""1"", ""solver"": ""planner"", ""sum_of_loss"": ""7864"", ""sum_of_loss_lb"": ""7810""}"
lg_lacam_fork:suo_tl,SUO + traffic load,warehouse-10-20-10-2-1,warehouse-10-20-10-2-1-random-4,100,2,30.0,solved,0.259568,0.135,7952,202,7845,7810,202,1.018182,0,,/home/carsten/Projects/MAPF/MAPF Evaluator/results/tlcpp-warehouse-10-20-2-1/runs/lg_lacam_fork_suo_tl/warehouse-10-20-10-2-1/warehouse-10-20-10-2-1-random-4_a100_s2_r0,7952,0.135,"{""agents"": ""100"", ""comp_time"": ""135"", ""makespan"": ""202"", ""makespan_lb"": ""202"", ""map_file"": ""warehouse-10-20-10-2-1.map"", ""seed"": ""2"", ""soc"": ""7952"", ""soc_lb"": ""7810"", ""solved"": ""1"", ""solver"": ""planner"", ""sum_of_loss"": ""7846"", ""sum_of_loss_lb"": ""7810""}"
lg_lacam_fork:lg,"LG-LaCAM (window 20, first solution)",warehouse-10-20-10-2-1,warehouse-10-20-10-2-1-random-4,100,0,30.0,solved,0.294061,0.126,8581,204,8041,7810,202,1.09872,0,,/home/carsten/Projects/MAPF/MAPF Evaluator/results/tlcpp-warehouse-10-20-2-1/runs/lg_lacam_fork_lg/warehouse-10-20-10-2-1/warehouse-10-20-10-2-1-random-4_a100_s0_r0,8581,0.126,"{""agents"": ""100"", ""comp_time"": ""126"", ""makespan"": ""204"", ""makespan_lb"": ""202"", ""map_file"": ""warehouse-10-20-10-2-1.map"", ""seed"": ""0"", ""soc"": ""8581"", ""soc_lb"": ""7810"", ""solved"": ""1"", ""solver"": ""planner"", ""sum_of_loss"": ""8055"", ""sum_of_loss_lb"": ""7810""}"
lg_lacam_fork:lg,"LG-LaCAM (window 20, first solution)",warehouse-10-20-10-2-1,warehouse-10-20-10-2-1-random-4,100,1,30.0,solved,0.195996,0.075,8305,202,7928,7810,202,1.06338,0,,/home/carsten/Projects/MAPF/MAPF Evaluator/results/tlcpp-warehouse-10-20-2-1/runs/lg_lacam_fork_lg/warehouse-10-20-10-2-1/warehouse-10-20-10-2-1-random-4_a100_s1_r0,8305,0.075,"{""agents"": ""100"", ""comp_time"": ""75"", ""makespan"": ""202"", ""makespan_lb"": ""202"", ""map_file"": ""warehouse-10-20-10-2-1.map"", ""seed"": ""1"", ""soc"": ""8305"", ""soc_lb"": ""7810"", ""solved"": ""1"", ""solver"": ""planner"", ""sum_of_loss"": ""7938"", ""sum_of_loss_lb"": ""7810""}"
lg_lacam_fork:lg,"LG-LaCAM (window 20, first solution)",warehouse-10-20-10-2-1,warehouse-10-20-10-2-1-random-4,100,2,30.0,solved,0.189938,0.125,8224,202,7932,7810,202,1.053009,0,,/home/carsten/Projects/MAPF/MAPF Evaluator/results/tlcpp-warehouse-10-20-2-1/runs/lg_lacam_fork_lg/warehouse-10-20-10-2-1/warehouse-10-20-10-2-1-random-4_a100_s2_r0,8224,0.125,"{""agents"": ""100"", ""comp_time"": ""125"", ""makespan"": ""202"", ""makespan_lb"": ""202"", ""map_file"": ""warehouse-10-20-10-2-1.map"", ""seed"": ""2"", ""soc"": ""8224"", ""soc_lb"": ""7810"", ""solved"": ""1"", ""solver"": ""planner"", ""sum_of_loss"": ""7941"", ""sum_of_loss_lb"": ""7810""}"
lg_lacam_fork:lg_tl,LG-LaCAM (window 20) + traffic load,warehouse-10-20-10-2-1,warehouse-10-20-10-2-1-random-4,100,1,30.0,solved,0.327484,0.175,8305,202,7928,7810,202,1.06338,0,,/home/carsten/Projects/MAPF/MAPF Evaluator/results/tlcpp-warehouse-10-20-2-1/runs/lg_lacam_fork_lg_tl/warehouse-10-20-10-2-1/warehouse-10-20-10-2-1-random-4_a100_s1_r0,8305,0.175,"{""agents"": ""100"", ""comp_time"": ""175"", ""makespan"": ""202"", ""makespan_lb"": ""202"", ""map_file"": ""warehouse-10-20-10-2-1.map"", ""seed"": ""1"", ""soc"": ""8305"", ""soc_lb"": ""7810"", ""solved"": ""1"", ""solver"": ""planner"", ""sum_of_loss"": ""7938"", ""sum_of_loss_lb"": ""7810""}"
lg_lacam_fork:lg_tl,LG-LaCAM (window 20) + traffic load,warehouse-10-20-10-2-1,warehouse-10-20-10-2-1-random-4,100,0,30.0,solved,0.481137,0.243,8486,204,7978,7810,202,1.086556,0,,/home/carsten/Projects/MAPF/MAPF Evaluator/results/tlcpp-warehouse-10-20-2-1/runs/lg_lacam_fork_lg_tl/warehouse-10-20-10-2-1/warehouse-10-20-10-2-1-random-4_a100_s0_r0,8486,0.243,"{""agents"": ""100"", ""comp_time"": ""243"", ""makespan"": ""204"", ""makespan_lb"": ""202"", ""map_file"": ""warehouse-10-20-10-2-1.map"", ""seed"": ""0"", ""soc"": ""8486"", ""soc_lb"": ""7810"", ""solved"": ""1"", ""solver"": ""planner"", ""sum_of_loss"": ""7990"", ""sum_of_loss_lb"": ""7810""}"
lg_lacam_fork:lg_tl,LG-LaCAM (window 20) + traffic load,warehouse-10-20-10-2-1,warehouse-10-20-10-2-1-random-4,100,2,30.0,solved,0.252451,0.103,8389,204,7947,7810,202,1.074136,0,,/home/carsten/Projects/MAPF/MAPF Evaluator/results/tlcpp-warehouse-10-20-2-1/runs/lg_lacam_fork_lg_tl/warehouse-10-20-10-2-1/warehouse-10-20-10-2-1-random-4_a100_s2_r0,8389,0.103,"{""agents"": ""100"", ""comp_time"": ""103"", ""makespan"": ""204"", ""makespan_lb"": ""202"", ""map_file"": ""warehouse-10-20-10-2-1.map"", ""seed"": ""2"", ""soc"": ""8389"", ""soc_lb"": ""7810"", ""solved"": ""1"", ""solver"": ""planner"", ""sum_of_loss"": ""7958"", ""sum_of_loss_lb"": ""7810""}"
lg_lacam_fork:lg_suo,LG-LaCAM (window 20) + SUO,warehouse-10-20-10-2-1,warehouse-10-20-10-2-1-random-4,100,0,30.0,solved,0.17515,0.125,8168,202,7901,7810,202,1.045839,0,,/home/carsten/Projects/MAPF/MAPF Evaluator/results/tlcpp-warehouse-10-20-2-1/runs/lg_lacam_fork_lg_suo/warehouse-10-20-10-2-1/warehouse-10-20-10-2-1-random-4_a100_s0_r0,8168,0.125,"{""agents"": ""100"", ""comp_time"": ""125"", ""makespan"": ""202"", ""makespan_lb"": ""202"", ""map_file"": ""warehouse-10-20-10-2-1.map"", ""seed"": ""0"", ""soc"": ""8168"", ""soc_lb"": ""7810"", ""solved"": ""1"", ""solver"": ""planner"", ""sum_of_loss"": ""7906"", ""sum_of_loss_lb"": ""7810""}"
lg_lacam_fork:lg_suo,LG-LaCAM (window 20) + SUO,warehouse-10-20-10-2-1,warehouse-10-20-10-2-1-random-4,100,2,30.0,solved,0.16715,0.089,8173,202,7914,7810,202,1.046479,0,,/home/carsten/Projects/MAPF/MAPF Evaluator/results/tlcpp-warehouse-10-20-2-1/runs/lg_lacam_fork_lg_suo/warehouse-10-20-10-2-1/warehouse-10-20-10-2-1-random-4_a100_s2_r0,8173,0.089,"{""agents"": ""100"", ""comp_time"": ""89"", ""makespan"": ""202"", ""makespan_lb"": ""202"", ""map_file"": ""warehouse-10-20-10-2-1.map"", ""seed"": ""2"", ""soc"": ""8173"", ""soc_lb"": ""7810"", ""solved"": ""1"", ""solver"": ""planner"", ""sum_of_loss"": ""7919"", ""sum_of_loss_lb"": ""7810""}"
lg_lacam_fork:lg_suo,LG-LaCAM (window 20) + SUO,warehouse-10-20-10-2-1,warehouse-10-20-10-2-1-random-4,100,1,30.0,solved,0.22019,0.162,8197,202,7896,7810,202,1.049552,0,,/home/carsten/Projects/MAPF/MAPF Evaluator/results/tlcpp-warehouse-10-20-2-1/runs/lg_lacam_fork_lg_suo/warehouse-10-20-10-2-1/warehouse-10-20-10-2-1-random-4_a100_s1_r0,8197,0.162,"{""agents"": ""100"", ""comp_time"": ""162"", ""makespan"": ""202"", ""makespan_lb"": ""202"", ""map_file"": ""warehouse-10-20-10-2-1.map"", ""seed"": ""1"", ""soc"": ""8197"", ""soc_lb"": ""7810"", ""solved"": ""1"", ""solver"": ""planner"", ""sum_of_loss"": ""7900"", ""sum_of_loss_lb"": ""7810""}"
lg_lacam_fork:lg_suo_tl,LG-LaCAM (window 20) + SUO + traffic load,warehouse-10-20-10-2-1,warehouse-10-20-10-2-1-random-4,100,0,30.0,solved,0.342751,0.166,8168,202,7901,7810,202,1.045839,0,,/home/carsten/Projects/MAPF/MAPF Evaluator/results/tlcpp-warehouse-10-20-2-1/runs/lg_lacam_fork_lg_suo_tl/warehouse-10-20-10-2-1/warehouse-10-20-10-2-1-random-4_a100_s0_r0,8168,0.166,"{""agents"": ""100"", ""comp_time"": ""166"", ""makespan"": ""202"", ""makespan_lb"": ""202"", ""map_file"": ""warehouse-10-20-10-2-1.map"", ""seed"": ""0"", ""soc"": ""8168"", ""soc_lb"": ""7810"", ""solved"": ""1"", ""solver"": ""planner"", ""sum_of_loss"": ""7906"", ""sum_of_loss_lb"": ""7810""}"
lg_lacam_fork:lg_suo_tl,LG-LaCAM (window 20) + SUO + traffic load,warehouse-10-20-10-2-1,warehouse-10-20-10-2-1-random-4,100,1,30.0,solved,0.344773,0.255,8191,202,7890,7810,202,1.048784,0,,/home/carsten/Projects/MAPF/MAPF Evaluator/results/tlcpp-warehouse-10-20-2-1/runs/lg_lacam_fork_lg_suo_tl/warehouse-10-20-10-2-1/warehouse-10-20-10-2-1-random-4_a100_s1_r0,8191,0.255,"{""agents"": ""100"", ""comp_time"": ""255"", ""makespan"": ""202"", ""makespan_lb"": ""202"", ""map_file"": ""warehouse-10-20-10-2-1.map"", ""seed"": ""1"", ""soc"": ""8191"", ""soc_lb"": ""7810"", ""solved"": ""1"", ""solver"": ""planner"", ""sum_of_loss"": ""7894"", ""sum_of_loss_lb"": ""7810""}"
lg_lacam_fork:lg_suo_tl,LG-LaCAM (window 20) + SUO + traffic load,warehouse-10-20-10-2-1,warehouse-10-20-10-2-1-random-4,100,2,30.0,solved,0.247494,0.174,8173,202,7914,7810,202,1.046479,0,,/home/carsten/Projects/MAPF/MAPF Evaluator/results/tlcpp-warehouse-10-20-2-1/runs/lg_lacam_fork_lg_suo_tl/warehouse-10-20-10-2-1/warehouse-10-20-10-2-1-random-4_a100_s2_r0,8173,0.174,"{""agents"": ""100"", ""comp_time"": ""174"", ""makespan"": ""202"", ""makespan_lb"": ""202"", ""map_file"": ""warehouse-10-20-10-2-1.map"", ""seed"": ""2"", ""soc"": ""8173"", ""soc_lb"": ""7810"", ""solved"": ""1"", ""solver"": ""planner"", ""sum_of_loss"": ""7919"", ""sum_of_loss_lb"": ""7810""}"
lg_lacam_fork:lacam,"LaCAM (no guidance, first solution)",warehouse-10-20-10-2-1,warehouse-10-20-10-2-1-random-4,150,0,30.0,solved,0.133828,0.034,16508,218,13801,11211,202,1.472482,0,,/home/carsten/Projects/MAPF/MAPF Evaluator/results/tlcpp-warehouse-10-20-2-1/runs/lg_lacam_fork_lacam/warehouse-10-20-10-2-1/warehouse-10-20-10-2-1-random-4_a150_s0_r0,16508,0.034,"{""agents"": ""150"", ""comp_time"": ""34"", ""makespan"": ""218"", ""makespan_lb"": ""202"", ""map_file"": ""warehouse-10-20-10-2-1.map"", ""seed"": ""0"", ""soc"": ""16508"", ""soc_lb"": ""11211"", ""solved"": ""1"", ""solver"": ""planner"", ""sum_of_loss"": ""13888"", ""sum_of_loss_lb"": ""11211""}"
lg_lacam_fork:lacam,"LaCAM (no guidance, first solution)",warehouse-10-20-10-2-1,warehouse-10-20-10-2-1-random-4,150,1,30.0,solved,0.157943,0.044,15863,202,13819,11211,202,1.41495,0,,/home/carsten/Projects/MAPF/MAPF Evaluator/results/tlcpp-warehouse-10-20-2-1/runs/lg_lacam_fork_lacam/warehouse-10-20-10-2-1/warehouse-10-20-10-2-1-random-4_a150_s1_r0,15863,0.044,"{""agents"": ""150"", ""comp_time"": ""44"", ""makespan"": ""202"", ""makespan_lb"": ""202"", ""map_file"": ""warehouse-10-20-10-2-1.map"", ""seed"": ""1"", ""soc"": ""15863"", ""soc_lb"": ""11211"", ""solved"": ""1"", ""solver"": ""planner"", ""sum_of_loss"": ""13909"", ""sum_of_loss_lb"": ""11211""}"
lg_lacam_fork:lacam,"LaCAM (no guidance, first solution)",warehouse-10-20-10-2-1,warehouse-10-20-10-2-1-random-4,150,2,30.0,solved,0.246804,0.103,16410,202,13989,11211,202,1.463741,0,,/home/carsten/Projects/MAPF/MAPF Evaluator/results/tlcpp-warehouse-10-20-2-1/runs/lg_lacam_fork_lacam/warehouse-10-20-10-2-1/warehouse-10-20-10-2-1-random-4_a150_s2_r0,16410,0.103,"{""agents"": ""150"", ""comp_time"": ""103"", ""makespan"": ""202"", ""makespan_lb"": ""202"", ""map_file"": ""warehouse-10-20-10-2-1.map"", ""seed"": ""2"", ""soc"": ""16410"", ""soc_lb"": ""11211"", ""solved"": ""1"", ""solver"": ""planner"", ""sum_of_loss"": ""14076"", ""sum_of_loss_lb"": ""11211""}"
lg_lacam_fork:tl,"LaCAM + traffic load (tie-break, per config)",warehouse-10-20-10-2-1,warehouse-10-20-10-2-1-random-4,150,0,30.0,solved,0.212102,0.102,14161,202,12538,11211,202,1.263134,0,,/home/carsten/Projects/MAPF/MAPF Evaluator/results/tlcpp-warehouse-10-20-2-1/runs/lg_lacam_fork_tl/warehouse-10-20-10-2-1/warehouse-10-20-10-2-1-random-4_a150_s0_r0,14161,0.102,"{""agents"": ""150"", ""comp_time"": ""102"", ""makespan"": ""202"", ""makespan_lb"": ""202"", ""map_file"": ""warehouse-10-20-10-2-1.map"", ""seed"": ""0"", ""soc"": ""14161"", ""soc_lb"": ""11211"", ""solved"": ""1"", ""solver"": ""planner"", ""sum_of_loss"": ""12604"", ""sum_of_loss_lb"": ""11211""}"
lg_lacam_fork:tl,"LaCAM + traffic load (tie-break, per config)",warehouse-10-20-10-2-1,warehouse-10-20-10-2-1-random-4,150,1,30.0,solved,0.183347,0.081,14465,202,12549,11211,202,1.290251,0,,/home/carsten/Projects/MAPF/MAPF Evaluator/results/tlcpp-warehouse-10-20-2-1/runs/lg_lacam_fork_tl/warehouse-10-20-10-2-1/warehouse-10-20-10-2-1-random-4_a150_s1_r0,14465,0.081,"{""agents"": ""150"", ""comp_time"": ""81"", ""makespan"": ""202"", ""makespan_lb"": ""202"", ""map_file"": ""warehouse-10-20-10-2-1.map"", ""seed"": ""1"", ""soc"": ""14465"", ""soc_lb"": ""11211"", ""solved"": ""1"", ""solver"": ""planner"", ""sum_of_loss"": ""12621"", ""sum_of_loss_lb"": ""11211""}"
lg_lacam_fork:tl_agent,"LaCAM + traffic load (tie-break, per agent)",warehouse-10-20-10-2-1,warehouse-10-20-10-2-1-random-4,150,0,30.0,solved,0.286076,0.201,14515,202,12693,11211,202,1.294711,0,,/home/carsten/Projects/MAPF/MAPF Evaluator/results/tlcpp-warehouse-10-20-2-1/runs/lg_lacam_fork_tl_agent/warehouse-10-20-10-2-1/warehouse-10-20-10-2-1-random-4_a150_s0_r0,14515,0.201,"{""agents"": ""150"", ""comp_time"": ""201"", ""makespan"": ""202"", ""makespan_lb"": ""202"", ""map_file"": ""warehouse-10-20-10-2-1.map"", ""seed"": ""0"", ""soc"": ""14515"", ""soc_lb"": ""11211"", ""solved"": ""1"", ""solver"": ""planner"", ""sum_of_loss"": ""12768"", ""sum_of_loss_lb"": ""11211""}"
lg_lacam_fork:tl,"LaCAM + traffic load (tie-break, per config)",warehouse-10-20-10-2-1,warehouse-10-20-10-2-1-random-4,150,2,30.0,solved,0.235918,0.118,14106,202,12407,11211,202,1.258229,0,,/home/carsten/Projects/MAPF/MAPF Evaluator/results/tlcpp-warehouse-10-20-2-1/runs/lg_lacam_fork_tl/warehouse-10-20-10-2-1/warehouse-10-20-10-2-1-random-4_a150_s2_r0,14106,0.118,"{""agents"": ""150"", ""comp_time"": ""118"", ""makespan"": ""202"", ""makespan_lb"": ""202"", ""map_file"": ""warehouse-10-20-10-2-1.map"", ""seed"": ""2"", ""soc"": ""14106"", ""soc_lb"": ""11211"", ""solved"": ""1"", ""solver"": ""planner"", ""sum_of_loss"": ""12472"", ""sum_of_loss_lb"": ""11211""}"
lg_lacam_fork:tl_agent,"LaCAM + traffic load (tie-break, per agent)",warehouse-10-20-10-2-1,warehouse-10-20-10-2-1-random-4,150,1,30.0,solved,0.311863,0.144,14424,202,12418,11211,202,1.286594,0,,/home/carsten/Projects/MAPF/MAPF Evaluator/results/tlcpp-warehouse-10-20-2-1/runs/lg_lacam_fork_tl_agent/warehouse-10-20-10-2-1/warehouse-10-20-10-2-1-random-4_a150_s1_r0,14424,0.144,"{""agents"": ""150"", ""comp_time"": ""144"", ""makespan"": ""202"", ""makespan_lb"": ""202"", ""map_file"": ""warehouse-10-20-10-2-1.map"", ""seed"": ""1"", ""soc"": ""14424"", ""soc_lb"": ""11211"", ""solved"": ""1"", ""solver"": ""planner"", ""sum_of_loss"": ""12492"", ""sum_of_loss_lb"": ""11211""}"
lg_lacam_fork:tl_agent,"LaCAM + traffic load (tie-break, per agent)",warehouse-10-20-10-2-1,warehouse-10-20-10-2-1-random-4,150,2,30.0,solved,0.172543,0.102,14569,202,12570,11211,202,1.299527,0,,/home/carsten/Projects/MAPF/MAPF Evaluator/results/tlcpp-warehouse-10-20-2-1/runs/lg_lacam_fork_tl_agent/warehouse-10-20-10-2-1/warehouse-10-20-10-2-1-random-4_a150_s2_r0,14569,0.102,"{""agents"": ""150"", ""comp_time"": ""102"", ""makespan"": ""202"", ""makespan_lb"": ""202"", ""map_file"": ""warehouse-10-20-10-2-1.map"", ""seed"": ""2"", ""soc"": ""14569"", ""soc_lb"": ""11211"", ""solved"": ""1"", ""solver"": ""planner"", ""sum_of_loss"": ""12640"", ""sum_of_loss_lb"": ""11211""}"
lg_lacam_fork:tl_static,LaCAM + traffic load (static map from starts),warehouse-10-20-10-2-1,warehouse-10-20-10-2-1-random-4,150,1,30.0,solved,0.150304,0.084,16195,208,13970,11211,202,1.444563,0,,/home/carsten/Projects/MAPF/MAPF Evaluator/results/tlcpp-warehouse-10-20-2-1/runs/lg_lacam_fork_tl_static/warehouse-10-20-10-2-1/warehouse-10-20-10-2-1-random-4_a150_s1_r0,16195,0.084,"{""agents"": ""150"", ""comp_time"": ""84"", ""makespan"": ""208"", ""makespan_lb"": ""202"", ""map_file"": ""warehouse-10-20-10-2-1.map"", ""seed"": ""1"", ""soc"": ""16195"", ""soc_lb"": ""11211"", ""solved"": ""1"", ""solver"": ""planner"", ""sum_of_loss"": ""14041"", ""sum_of_loss_lb"": ""11211""}"
lg_lacam_fork:tl_static,LaCAM + traffic load (static map from starts),warehouse-10-20-10-2-1,warehouse-10-20-10-2-1-random-4,150,0,30.0,solved,0.183256,0.078,16777,273,14512,11211,202,1.496477,0,,/home/carsten/Projects/MAPF/MAPF Evaluator/results/tlcpp-warehouse-10-20-2-1/runs/lg_lacam_fork_tl_static/warehouse-10-20-10-2-1/warehouse-10-20-10-2-1-random-4_a150_s0_r0,16777,0.078,"{""agents"": ""150"", ""comp_time"": ""78"", ""makespan"": ""273"", ""makespan_lb"": ""202"", ""map_file"": ""warehouse-10-20-10-2-1.map"", ""seed"": ""0"", ""soc"": ""16777"", ""soc_lb"": ""11211"", ""solved"": ""1"", ""solver"": ""planner"", ""sum_of_loss"": ""14589"", ""sum_of_loss_lb"": ""11211""}"
lg_lacam_fork:tl_static,LaCAM + traffic load (static map from starts),warehouse-10-20-10-2-1,warehouse-10-20-10-2-1-random-4,150,2,30.0,solved,0.229863,0.09,16722,219,14038,11211,202,1.491571,0,,/home/carsten/Projects/MAPF/MAPF Evaluator/results/tlcpp-warehouse-10-20-2-1/runs/lg_lacam_fork_tl_static/warehouse-10-20-10-2-1/warehouse-10-20-10-2-1-random-4_a150_s2_r0,16722,0.09,"{""agents"": ""150"", ""comp_time"": ""90"", ""makespan"": ""219"", ""makespan_lb"": ""202"", ""map_file"": ""warehouse-10-20-10-2-1.map"", ""seed"": ""2"", ""soc"": ""16722"", ""soc_lb"": ""11211"", ""solved"": ""1"", ""solver"": ""planner"", ""sum_of_loss"": ""14122"", ""sum_of_loss_lb"": ""11211""}"
lg_lacam_fork:suo,LaCAM3 = SUO (first solution),warehouse-10-20-10-2-1,warehouse-10-20-10-2-1-random-4,150,0,30.0,solved,0.4252,0.247,11437,202,11388,11211,202,1.020159,0,,/home/carsten/Projects/MAPF/MAPF Evaluator/results/tlcpp-warehouse-10-20-2-1/runs/lg_lacam_fork_suo/warehouse-10-20-10-2-1/warehouse-10-20-10-2-1-random-4_a150_s0_r0,11437,0.247,"{""agents"": ""150"", ""comp_time"": ""247"", ""makespan"": ""202"", ""makespan_lb"": ""202"", ""map_file"": ""warehouse-10-20-10-2-1.map"", ""seed"": ""0"", ""soc"": ""11437"", ""soc_lb"": ""11211"", ""solved"": ""1"", ""solver"": ""planner"", ""sum_of_loss"": ""11389"", ""sum_of_loss_lb"": ""11211""}"
lg_lacam_fork:suo,LaCAM3 = SUO (first solution),warehouse-10-20-10-2-1,warehouse-10-20-10-2-1-random-4,150,2,30.0,solved,0.285831,0.118,11443,202,11388,11211,202,1.020694,0,,/home/carsten/Projects/MAPF/MAPF Evaluator/results/tlcpp-warehouse-10-20-2-1/runs/lg_lacam_fork_suo/warehouse-10-20-10-2-1/warehouse-10-20-10-2-1-random-4_a150_s2_r0,11443,0.118,"{""agents"": ""150"", ""comp_time"": ""118"", ""makespan"": ""202"", ""makespan_lb"": ""202"", ""map_file"": ""warehouse-10-20-10-2-1.map"", ""seed"": ""2"", ""soc"": ""11443"", ""soc_lb"": ""11211"", ""solved"": ""1"", ""solver"": ""planner"", ""sum_of_loss"": ""11389"", ""sum_of_loss_lb"": ""11211""}"
lg_lacam_fork:suo,LaCAM3 = SUO (first solution),warehouse-10-20-10-2-1,warehouse-10-20-10-2-1-random-4,150,1,30.0,solved,0.37751,0.282,11701,202,11511,11211,202,1.043707,0,,/home/carsten/Projects/MAPF/MAPF Evaluator/results/tlcpp-warehouse-10-20-2-1/runs/lg_lacam_fork_suo/warehouse-10-20-10-2-1/warehouse-10-20-10-2-1-random-4_a150_s1_r0,11701,0.282,"{""agents"": ""150"", ""comp_time"": ""282"", ""makespan"": ""202"", ""makespan_lb"": ""202"", ""map_file"": ""warehouse-10-20-10-2-1.map"", ""seed"": ""1"", ""soc"": ""11701"", ""soc_lb"": ""11211"", ""solved"": ""1"", ""solver"": ""planner"", ""sum_of_loss"": ""11516"", ""sum_of_loss_lb"": ""11211""}"
lg_lacam_fork:suo_tl,SUO + traffic load,warehouse-10-20-10-2-1,warehouse-10-20-10-2-1-random-4,150,0,30.0,solved,0.386527,0.146,11436,202,11387,11211,202,1.02007,0,,/home/carsten/Projects/MAPF/MAPF Evaluator/results/tlcpp-warehouse-10-20-2-1/runs/lg_lacam_fork_suo_tl/warehouse-10-20-10-2-1/warehouse-10-20-10-2-1-random-4_a150_s0_r0,11436,0.146,"{""agents"": ""150"", ""comp_time"": ""146"", ""makespan"": ""202"", ""makespan_lb"": ""202"", ""map_file"": ""warehouse-10-20-10-2-1.map"", ""seed"": ""0"", ""soc"": ""11436"", ""soc_lb"": ""11211"", ""solved"": ""1"", ""solver"": ""planner"", ""sum_of_loss"": ""11388"", ""sum_of_loss_lb"": ""11211""}"
lg_lacam_fork:suo_tl,SUO + traffic load,warehouse-10-20-10-2-1,warehouse-10-20-10-2-1-random-4,150,1,30.0,solved,0.207124,0.137,11591,202,11401,11211,202,1.033895,0,,/home/carsten/Projects/MAPF/MAPF Evaluator/results/tlcpp-warehouse-10-20-2-1/runs/lg_lacam_fork_suo_tl/warehouse-10-20-10-2-1/warehouse-10-20-10-2-1-random-4_a150_s1_r0,11591,0.137,"{""agents"": ""150"", ""comp_time"": ""137"", ""makespan"": ""202"", ""makespan_lb"": ""202"", ""map_file"": ""warehouse-10-20-10-2-1.map"", ""seed"": ""1"", ""soc"": ""11591"", ""soc_lb"": ""11211"", ""solved"": ""1"", ""solver"": ""planner"", ""sum_of_loss"": ""11406"", ""sum_of_loss_lb"": ""11211""}"
lg_lacam_fork:suo_tl,SUO + traffic load,warehouse-10-20-10-2-1,warehouse-10-20-10-2-1-random-4,150,2,30.0,solved,0.296067,0.161,11409,202,11354,11211,202,1.017661,0,,/home/carsten/Projects/MAPF/MAPF Evaluator/results/tlcpp-warehouse-10-20-2-1/runs/lg_lacam_fork_suo_tl/warehouse-10-20-10-2-1/warehouse-10-20-10-2-1-random-4_a150_s2_r0,11409,0.161,"{""agents"": ""150"", ""comp_time"": ""161"", ""makespan"": ""202"", ""makespan_lb"": ""202"", ""map_file"": ""warehouse-10-20-10-2-1.map"", ""seed"": ""2"", ""soc"": ""11409"", ""soc_lb"": ""11211"", ""solved"": ""1"", ""solver"": ""planner"", ""sum_of_loss"": ""11355"", ""sum_of_loss_lb"": ""11211""}"
lg_lacam_fork:lg,"LG-LaCAM (window 20, first solution)",warehouse-10-20-10-2-1,warehouse-10-20-10-2-1-random-4,150,0,30.0,solved,0.344308,0.193,12996,202,11731,11211,202,1.159219,0,,/home/carsten/Projects/MAPF/MAPF Evaluator/results/tlcpp-warehouse-10-20-2-1/runs/lg_lacam_fork_lg/warehouse-10-20-10-2-1/warehouse-10-20-10-2-1-random-4_a150_s0_r0,12996,0.193,"{""agents"": ""150"", ""comp_time"": ""193"", ""makespan"": ""202"", ""makespan_lb"": ""202"", ""map_file"": ""warehouse-10-20-10-2-1.map"", ""seed"": ""0"", ""soc"": ""12996"", ""soc_lb"": ""11211"", ""solved"": ""1"", ""solver"": ""planner"", ""sum_of_loss"": ""11764"", ""sum_of_loss_lb"": ""11211""}"
lg_lacam_fork:lg,"LG-LaCAM (window 20, first solution)",warehouse-10-20-10-2-1,warehouse-10-20-10-2-1-random-4,150,1,30.0,solved,0.291168,0.187,13091,204,11793,11211,202,1.167692,0,,/home/carsten/Projects/MAPF/MAPF Evaluator/results/tlcpp-warehouse-10-20-2-1/runs/lg_lacam_fork_lg/warehouse-10-20-10-2-1/warehouse-10-20-10-2-1-random-4_a150_s1_r0,13091,0.187,"{""agents"": ""150"", ""comp_time"": ""187"", ""makespan"": ""204"", ""makespan_lb"": ""202"", ""map_file"": ""warehouse-10-20-10-2-1.map"", ""seed"": ""1"", ""soc"": ""13091"", ""soc_lb"": ""11211"", ""solved"": ""1"", ""solver"": ""planner"", ""sum_of_loss"": ""11829"", ""sum_of_loss_lb"": ""11211""}"
lg_lacam_fork:lg,"LG-LaCAM (window 20, first solution)",warehouse-10-20-10-2-1,warehouse-10-20-10-2-1-random-4,150,2,30.0,solved,0.360827,0.247,13029,204,11733,11211,202,1.162162,0,,/home/carsten/Projects/MAPF/MAPF Evaluator/results/tlcpp-warehouse-10-20-2-1/runs/lg_lacam_fork_lg/warehouse-10-20-10-2-1/warehouse-10-20-10-2-1-random-4_a150_s2_r0,13029,0.247,"{""agents"": ""150"", ""comp_time"": ""247"", ""makespan"": ""204"", ""makespan_lb"": ""202"", ""map_file"": ""warehouse-10-20-10-2-1.map"", ""seed"": ""2"", ""soc"": ""13029"", ""soc_lb"": ""11211"", ""solved"": ""1"", ""solver"": ""planner"", ""sum_of_loss"": ""11767"", ""sum_of_loss_lb"": ""11211""}"
lg_lacam_fork:lg_tl,LG-LaCAM (window 20) + traffic load,warehouse-10-20-10-2-1,warehouse-10-20-10-2-1-random-4,150,0,30.0,solved,0.331657,0.249,13071,204,11656,11211,202,1.165908,0,,/home/carsten/Projects/MAPF/MAPF Evaluator/results/tlcpp-warehouse-10-20-2-1/runs/lg_lacam_fork_lg_tl/warehouse-10-20-10-2-1/warehouse-10-20-10-2-1-random-4_a150_s0_r0,13071,0.249,"{""agents"": ""150"", ""comp_time"": ""249"", ""makespan"": ""204"", ""makespan_lb"": ""202"", ""map_file"": ""warehouse-10-20-10-2-1.map"", ""seed"": ""0"", ""soc"": ""13071"", ""soc_lb"": ""11211"", ""solved"": ""1"", ""solver"": ""planner"", ""sum_of_loss"": ""11691"", ""sum_of_loss_lb"": ""11211""}"
lg_lacam_fork:lg_tl,LG-LaCAM (window 20) + traffic load,warehouse-10-20-10-2-1,warehouse-10-20-10-2-1-random-4,150,1,30.0,solved,0.408818,0.245,12842,202,11671,11211,202,1.145482,0,,/home/carsten/Projects/MAPF/MAPF Evaluator/results/tlcpp-warehouse-10-20-2-1/runs/lg_lacam_fork_lg_tl/warehouse-10-20-10-2-1/warehouse-10-20-10-2-1-random-4_a150_s1_r0,12842,0.245,"{""agents"": ""150"", ""comp_time"": ""245"", ""makespan"": ""202"", ""makespan_lb"": ""202"", ""map_file"": ""warehouse-10-20-10-2-1.map"", ""seed"": ""1"", ""soc"": ""12842"", ""soc_lb"": ""11211"", ""solved"": ""1"", ""solver"": ""planner"", ""sum_of_loss"": ""11702"", ""sum_of_loss_lb"": ""11211""}"
lg_lacam_fork:lg_tl,LG-LaCAM (window 20) + traffic load,warehouse-10-20-10-2-1,warehouse-10-20-10-2-1-random-4,150,2,30.0,solved,0.353464,0.219,13125,204,11746,11211,202,1.170725,0,,/home/carsten/Projects/MAPF/MAPF Evaluator/results/tlcpp-warehouse-10-20-2-1/runs/lg_lacam_fork_lg_tl/warehouse-10-20-10-2-1/warehouse-10-20-10-2-1-random-4_a150_s2_r0,13125,0.219,"{""agents"": ""150"", ""comp_time"": ""219"", ""makespan"": ""204"", ""makespan_lb"": ""202"", ""map_file"": ""warehouse-10-20-10-2-1.map"", ""seed"": ""2"", ""soc"": ""13125"", ""soc_lb"": ""11211"", ""solved"": ""1"", ""solver"": ""planner"", ""sum_of_loss"": ""11785"", ""sum_of_loss_lb"": ""11211""}"
lg_lacam_fork:lg_suo,LG-LaCAM (window 20) + SUO,warehouse-10-20-10-2-1,warehouse-10-20-10-2-1-random-4,150,0,30.0,solved,0.663876,0.495,12311,202,11485,11211,202,1.098118,0,,/home/carsten/Projects/MAPF/MAPF Evaluator/results/tlcpp-warehouse-10-20-2-1/runs/lg_lacam_fork_lg_suo/warehouse-10-20-10-2-1/warehouse-10-20-10-2-1-random-4_a150_s0_r0,12311,0.495,"{""agents"": ""150"", ""comp_time"": ""495"", ""makespan"": ""202"", ""makespan_lb"": ""202"", ""map_file"": ""warehouse-10-20-10-2-1.map"", ""seed"": ""0"", ""soc"": ""12311"", ""soc_lb"": ""11211"", ""solved"": ""1"", ""solver"": ""planner"", ""sum_of_loss"": ""11502"", ""sum_of_loss_lb"": ""11211""}"
lg_lacam_fork:lg_suo,LG-LaCAM (window 20) + SUO,warehouse-10-20-10-2-1,warehouse-10-20-10-2-1-random-4,150,2,30.0,solved,0.357867,0.192,11923,202,11453,11211,202,1.063509,0,,/home/carsten/Projects/MAPF/MAPF Evaluator/results/tlcpp-warehouse-10-20-2-1/runs/lg_lacam_fork_lg_suo/warehouse-10-20-10-2-1/warehouse-10-20-10-2-1-random-4_a150_s2_r0,11923,0.192,"{""agents"": ""150"", ""comp_time"": ""192"", ""makespan"": ""202"", ""makespan_lb"": ""202"", ""map_file"": ""warehouse-10-20-10-2-1.map"", ""seed"": ""2"", ""soc"": ""11923"", ""soc_lb"": ""11211"", ""solved"": ""1"", ""solver"": ""planner"", ""sum_of_loss"": ""11465"", ""sum_of_loss_lb"": ""11211""}"
lg_lacam_fork:lg_suo,LG-LaCAM (window 20) + SUO,warehouse-10-20-10-2-1,warehouse-10-20-10-2-1-random-4,150,1,30.0,solved,0.72481,0.54,12033,202,11454,11211,202,1.073321,0,,/home/carsten/Projects/MAPF/MAPF Evaluator/results/tlcpp-warehouse-10-20-2-1/runs/lg_lacam_fork_lg_suo/warehouse-10-20-10-2-1/warehouse-10-20-10-2-1-random-4_a150_s1_r0,12033,0.54,"{""agents"": ""150"", ""comp_time"": ""540"", ""makespan"": ""202"", ""makespan_lb"": ""202"", ""map_file"": ""warehouse-10-20-10-2-1.map"", ""seed"": ""1"", ""soc"": ""12033"", ""soc_lb"": ""11211"", ""solved"": ""1"", ""solver"": ""planner"", ""sum_of_loss"": ""11467"", ""sum_of_loss_lb"": ""11211""}"
lg_lacam_fork:lg_suo_tl,LG-LaCAM (window 20) + SUO + traffic load,warehouse-10-20-10-2-1,warehouse-10-20-10-2-1-random-4,150,0,30.0,solved,0.330803,0.212,12289,202,11451,11211,202,1.096156,0,,/home/carsten/Projects/MAPF/MAPF Evaluator/results/tlcpp-warehouse-10-20-2-1/runs/lg_lacam_fork_lg_suo_tl/warehouse-10-20-10-2-1/warehouse-10-20-10-2-1-random-4_a150_s0_r0,12289,0.212,"{""agents"": ""150"", ""comp_time"": ""212"", ""makespan"": ""202"", ""makespan_lb"": ""202"", ""map_file"": ""warehouse-10-20-10-2-1.map"", ""seed"": ""0"", ""soc"": ""12289"", ""soc_lb"": ""11211"", ""solved"": ""1"", ""solver"": ""planner"", ""sum_of_loss"": ""11469"", ""sum_of_loss_lb"": ""11211""}"
lg_lacam_fork:lg_suo_tl,LG-LaCAM (window 20) + SUO + traffic load,warehouse-10-20-10-2-1,warehouse-10-20-10-2-1-random-4,150,1,30.0,solved,0.486739,0.304,11982,202,11379,11211,202,1.068772,0,,/home/carsten/Projects/MAPF/MAPF Evaluator/results/tlcpp-warehouse-10-20-2-1/runs/lg_lacam_fork_lg_suo_tl/warehouse-10-20-10-2-1/warehouse-10-20-10-2-1-random-4_a150_s1_r0,11982,0.304,"{""agents"": ""150"", ""comp_time"": ""304"", ""makespan"": ""202"", ""makespan_lb"": ""202"", ""map_file"": ""warehouse-10-20-10-2-1.map"", ""seed"": ""1"", ""soc"": ""11982"", ""soc_lb"": ""11211"", ""solved"": ""1"", ""solver"": ""planner"", ""sum_of_loss"": ""11392"", ""sum_of_loss_lb"": ""11211""}"
lg_lacam_fork:lg_suo_tl,LG-LaCAM (window 20) + SUO + traffic load,warehouse-10-20-10-2-1,warehouse-10-20-10-2-1-random-4,150,2,30.0,solved,0.520942,0.344,11920,202,11445,11211,202,1.063241,0,,/home/carsten/Projects/MAPF/MAPF Evaluator/results/tlcpp-warehouse-10-20-2-1/runs/lg_lacam_fork_lg_suo_tl/warehouse-10-20-10-2-1/warehouse-10-20-10-2-1-random-4_a150_s2_r0,11920,0.344,"{""agents"": ""150"", ""comp_time"": ""344"", ""makespan"": ""202"", ""makespan_lb"": ""202"", ""map_file"": ""warehouse-10-20-10-2-1.map"", ""seed"": ""2"", ""soc"": ""11920"", ""soc_lb"": ""11211"", ""solved"": ""1"", ""solver"": ""planner"", ""sum_of_loss"": ""11457"", ""sum_of_loss_lb"": ""11211""}"
lg_lacam_fork:lacam,"LaCAM (no guidance, first solution)",warehouse-10-20-10-2-1,warehouse-10-20-10-2-1-random-4,200,0,30.0,solved,0.172581,0.067,22393,204,18956,15048,202,1.488105,0,,/home/carsten/Projects/MAPF/MAPF Evaluator/results/tlcpp-warehouse-10-20-2-1/runs/lg_lacam_fork_lacam/warehouse-10-20-10-2-1/warehouse-10-20-10-2-1-random-4_a200_s0_r0,22393,0.067,"{""agents"": ""200"", ""comp_time"": ""67"", ""makespan"": ""204"", ""makespan_lb"": ""202"", ""map_file"": ""warehouse-10-20-10-2-1.map"", ""seed"": ""0"", ""soc"": ""22393"", ""soc_lb"": ""15048"", ""solved"": ""1"", ""solver"": ""planner"", ""sum_of_loss"": ""19092"", ""sum_of_loss_lb"": ""15048""}"
lg_lacam_fork:lacam,"LaCAM (no guidance, first solution)",warehouse-10-20-10-2-1,warehouse-10-20-10-2-1-random-4,200,1,30.0,solved,0.283986,0.09,23257,216,19746,15048,202,1.545521,0,,/home/carsten/Projects/MAPF/MAPF Evaluator/results/tlcpp-warehouse-10-20-2-1/runs/lg_lacam_fork_lacam/warehouse-10-20-10-2-1/warehouse-10-20-10-2-1-random-4_a200_s1_r0,23257,0.09,"{""agents"": ""200"", ""comp_time"": ""90"", ""makespan"": ""216"", ""makespan_lb"": ""202"", ""map_file"": ""warehouse-10-20-10-2-1.map"", ""seed"": ""1"", ""soc"": ""23257"", ""soc_lb"": ""15048"", ""solved"": ""1"", ""solver"": ""planner"", ""sum_of_loss"": ""19874"", ""sum_of_loss_lb"": ""15048""}"
lg_lacam_fork:lacam,"LaCAM (no guidance, first solution)",warehouse-10-20-10-2-1,warehouse-10-20-10-2-1-random-4,200,2,30.0,solved,0.179628,0.075,23210,206,19611,15048,202,1.542398,0,,/home/carsten/Projects/MAPF/MAPF Evaluator/results/tlcpp-warehouse-10-20-2-1/runs/lg_lacam_fork_lacam/warehouse-10-20-10-2-1/warehouse-10-20-10-2-1-random-4_a200_s2_r0,23210,0.075,"{""agents"": ""200"", ""comp_time"": ""75"", ""makespan"": ""206"", ""makespan_lb"": ""202"", ""map_file"": ""warehouse-10-20-10-2-1.map"", ""seed"": ""2"", ""soc"": ""23210"", ""soc_lb"": ""15048"", ""solved"": ""1"", ""solver"": ""planner"", ""sum_of_loss"": ""19746"", ""sum_of_loss_lb"": ""15048""}"
lg_lacam_fork:tl,"LaCAM + traffic load (tie-break, per config)",warehouse-10-20-10-2-1,warehouse-10-20-10-2-1-random-4,200,0,30.0,solved,0.420832,0.196,20529,202,17372,15048,202,1.364234,0,,/home/carsten/Projects/MAPF/MAPF Evaluator/results/tlcpp-warehouse-10-20-2-1/runs/lg_lacam_fork_tl/warehouse-10-20-10-2-1/warehouse-10-20-10-2-1-random-4_a200_s0_r0,20529,0.196,"{""agents"": ""200"", ""comp_time"": ""196"", ""makespan"": ""202"", ""makespan_lb"": ""202"", ""map_file"": ""warehouse-10-20-10-2-1.map"", ""seed"": ""0"", ""soc"": ""20529"", ""soc_lb"": ""15048"", ""solved"": ""1"", ""solver"": ""planner"", ""sum_of_loss"": ""17493"", ""sum_of_loss_lb"": ""15048""}"
lg_lacam_fork:tl,"LaCAM + traffic load (tie-break, per config)",warehouse-10-20-10-2-1,warehouse-10-20-10-2-1-random-4,200,1,30.0,solved,0.381717,0.179,20653,202,17493,15048,202,1.372475,0,,/home/carsten/Projects/MAPF/MAPF Evaluator/results/tlcpp-warehouse-10-20-2-1/runs/lg_lacam_fork_tl/warehouse-10-20-10-2-1/warehouse-10-20-10-2-1-random-4_a200_s1_r0,20653,0.179,"{""agents"": ""200"", ""comp_time"": ""179"", ""makespan"": ""202"", ""makespan_lb"": ""202"", ""map_file"": ""warehouse-10-20-10-2-1.map"", ""seed"": ""1"", ""soc"": ""20653"", ""soc_lb"": ""15048"", ""solved"": ""1"", ""solver"": ""planner"", ""sum_of_loss"": ""17619"", ""sum_of_loss_lb"": ""15048""}"
lg_lacam_fork:tl,"LaCAM + traffic load (tie-break, per config)",warehouse-10-20-10-2-1,warehouse-10-20-10-2-1-random-4,200,2,30.0,solved,0.372062,0.185,20720,202,17649,15048,202,1.376927,0,,/home/carsten/Projects/MAPF/MAPF Evaluator/results/tlcpp-warehouse-10-20-2-1/runs/lg_lacam_fork_tl/warehouse-10-20-10-2-1/warehouse-10-20-10-2-1-random-4_a200_s2_r0,20720,0.185,"{""agents"": ""200"", ""comp_time"": ""185"", ""makespan"": ""202"", ""makespan_lb"": ""202"", ""map_file"": ""warehouse-10-20-10-2-1.map"", ""seed"": ""2"", ""soc"": ""20720"", ""soc_lb"": ""15048"", ""solved"": ""1"", ""solver"": ""planner"", ""sum_of_loss"": ""17758"", ""sum_of_loss_lb"": ""15048""}"
lg_lacam_fork:tl_agent,"LaCAM + traffic load (tie-break, per agent)",warehouse-10-20-10-2-1,warehouse-10-20-10-2-1-random-4,200,0,30.0,solved,0.420111,0.17,20766,202,17526,15048,202,1.379984,0,,/home/carsten/Projects/MAPF/MAPF Evaluator/results/tlcpp-warehouse-10-20-2-1/runs/lg_lacam_fork_tl_agent/warehouse-10-20-10-2-1/warehouse-10-20-10-2-1-random-4_a200_s0_r0,20766,0.17,"{""agents"": ""200"", ""comp_time"": ""170"", ""makespan"": ""202"", ""makespan_lb"": ""202"", ""map_file"": ""warehouse-10-20-10-2-1.map"", ""seed"": ""0"", ""soc"": ""20766"", ""soc_lb"": ""15048"", ""solved"": ""1"", ""solver"": ""planner"", ""sum_of_loss"": ""17657"", ""sum_of_loss_lb"": ""15048""}"
lg_lacam_fork:tl_agent,"LaCAM + traffic load (tie-break, per agent)",warehouse-10-20-10-2-1,warehouse-10-20-10-2-1-random-4,200,1,30.0,solved,0.27258,0.151,20479,202,17560,15048,202,1.360912,0,,/home/carsten/Projects/MAPF/MAPF Evaluator/results/tlcpp-warehouse-10-20-2-1/runs/lg_lacam_fork_tl_agent/warehouse-10-20-10-2-1/warehouse-10-20-10-2-1-random-4_a200_s1_r0,20479,0.151,"{""agents"": ""200"", ""comp_time"": ""151"", ""makespan"": ""202"", ""makespan_lb"": ""202"", ""map_file"": ""warehouse-10-20-10-2-1.map"", ""seed"": ""1"", ""soc"": ""20479"", ""soc_lb"": ""15048"", ""solved"": ""1"", ""solver"": ""planner"", ""sum_of_loss"": ""17673"", ""sum_of_loss_lb"": ""15048""}"
lg_lacam_fork:tl_agent,"LaCAM + traffic load (tie-break, per agent)",warehouse-10-20-10-2-1,warehouse-10-20-10-2-1-random-4,200,2,30.0,solved,0.313529,0.192,20367,202,17417,15048,202,1.353469,0,,/home/carsten/Projects/MAPF/MAPF Evaluator/results/tlcpp-warehouse-10-20-2-1/runs/lg_lacam_fork_tl_agent/warehouse-10-20-10-2-1/warehouse-10-20-10-2-1-random-4_a200_s2_r0,20367,0.192,"{""agents"": ""200"", ""comp_time"": ""192"", ""makespan"": ""202"", ""makespan_lb"": ""202"", ""map_file"": ""warehouse-10-20-10-2-1.map"", ""seed"": ""2"", ""soc"": ""20367"", ""soc_lb"": ""15048"", ""solved"": ""1"", ""solver"": ""planner"", ""sum_of_loss"": ""17535"", ""sum_of_loss_lb"": ""15048""}"
lg_lacam_fork:tl_static,LaCAM + traffic load (static map from starts),warehouse-10-20-10-2-1,warehouse-10-20-10-2-1-random-4,200,0,30.0,solved,0.294985,0.164,23419,253,19756,15048,202,1.556287,0,,/home/carsten/Projects/MAPF/MAPF Evaluator/results/tlcpp-warehouse-10-20-2-1/runs/lg_lacam_fork_tl_static/warehouse-10-20-10-2-1/warehouse-10-20-10-2-1-random-4_a200_s0_r0,23419,0.164,"{""agents"": ""200"", ""comp_time"": ""164"", ""makespan"": ""253"", ""makespan_lb"": ""202"", ""map_file"": ""warehouse-10-20-10-2-1.map"", ""seed"": ""0"", ""soc"": ""23419"", ""soc_lb"": ""15048"", ""solved"": ""1"", ""solver"": ""planner"", ""sum_of_loss"": ""19958"", ""sum_of_loss_lb"": ""15048""}"
lg_lacam_fork:tl_static,LaCAM + traffic load (static map from starts),warehouse-10-20-10-2-1,warehouse-10-20-10-2-1-random-4,200,1,30.0,solved,0.371886,0.174,24275,369,20717,15048,202,1.613171,0,,/home/carsten/Projects/MAPF/MAPF Evaluator/results/tlcpp-warehouse-10-20-2-1/runs/lg_lacam_fork_tl_static/warehouse-10-20-10-2-1/warehouse-10-20-10-2-1-random-4_a200_s1_r0,24275,0.174,"{""agents"": ""200"", ""comp_time"": ""174"", ""makespan"": ""369"", ""makespan_lb"": ""202"", ""map_file"": ""warehouse-10-20-10-2-1.map"", ""seed"": ""1"", ""soc"": ""24275"", ""soc_lb"": ""15048"", ""solved"": ""1"", ""solver"": ""planner"", ""sum_of_loss"": ""20840"", ""sum_of_loss_lb"": ""15048""}"
lg_lacam_fork:tl_static,LaCAM + traffic load (static map from starts),warehouse-10-20-10-2-1,warehouse-10-20-10-2-1-random-4,200,2,30.0,solved,0.41889,0.208,23996,353,20115,15048,202,1.594631,0,,/home/carsten/Projects/MAPF/MAPF Evaluator/results/tlcpp-warehouse-10-20-2-1/runs/lg_lacam_fork_tl_static/warehouse-10-20-10-2-1/warehouse-10-20-10-2-1-random-4_a200_s2_r0,23996,0.208,"{""agents"": ""200"", ""comp_time"": ""208"", ""makespan"": ""353"", ""makespan_lb"": ""202"", ""map_file"": ""warehouse-10-20-10-2-1.map"", ""seed"": ""2"", ""soc"": ""23996"", ""soc_lb"": ""15048"", ""solved"": ""1"", ""solver"": ""planner"", ""sum_of_loss"": ""20264"", ""sum_of_loss_lb"": ""15048""}"
lg_lacam_fork:suo,LaCAM3 = SUO (first solution),warehouse-10-20-10-2-1,warehouse-10-20-10-2-1-random-4,200,0,30.0,solved,0.254464,0.146,15679,202,15448,15048,202,1.041932,0,,/home/carsten/Projects/MAPF/MAPF Evaluator/results/tlcpp-warehouse-10-20-2-1/runs/lg_lacam_fork_suo/warehouse-10-20-10-2-1/warehouse-10-20-10-2-1-random-4_a200_s0_r0,15679,0.146,"{""agents"": ""200"", ""comp_time"": ""146"", ""makespan"": ""202"", ""makespan_lb"": ""202"", ""map_file"": ""warehouse-10-20-10-2-1.map"", ""seed"": ""0"", ""soc"": ""15679"", ""soc_lb"": ""15048"", ""solved"": ""1"", ""solver"": ""planner"", ""sum_of_loss"": ""15453"", ""sum_of_loss_lb"": ""15048""}"
lg_lacam_fork:suo,LaCAM3 = SUO (first solution),warehouse-10-20-10-2-1,warehouse-10-20-10-2-1-random-4,200,1,30.0,error,1.115533,,,,,15048,202,,-6,exit code -6: terminate called after throwing an instance of 'std::system_error' what(): Resource temporarily unavailable,/home/carsten/Projects/MAPF/MAPF Evaluator/results/tlcpp-warehouse-10-20-2-1/runs/lg_lacam_fork_suo/warehouse-10-20-10-2-1/warehouse-10-20-10-2-1-random-4_a200_s1_r0,,,
lg_lacam_fork:suo,LaCAM3 = SUO (first solution),warehouse-10-20-10-2-1,warehouse-10-20-10-2-1-random-4,200,2,30.0,solved,0.369702,0.213,15855,202,15528,15048,202,1.053628,0,,/home/carsten/Projects/MAPF/MAPF Evaluator/results/tlcpp-warehouse-10-20-2-1/runs/lg_lacam_fork_suo/warehouse-10-20-10-2-1/warehouse-10-20-10-2-1-random-4_a200_s2_r0,15855,0.213,"{""agents"": ""200"", ""comp_time"": ""213"", ""makespan"": ""202"", ""makespan_lb"": ""202"", ""map_file"": ""warehouse-10-20-10-2-1.map"", ""seed"": ""2"", ""soc"": ""15855"", ""soc_lb"": ""15048"", ""solved"": ""1"", ""solver"": ""planner"", ""sum_of_loss"": ""15538"", ""sum_of_loss_lb"": ""15048""}"
lg_lacam_fork:suo_tl,SUO + traffic load,warehouse-10-20-10-2-1,warehouse-10-20-10-2-1-random-4,200,0,30.0,solved,0.307017,0.241,15601,202,15370,15048,202,1.036749,0,,/home/carsten/Projects/MAPF/MAPF Evaluator/results/tlcpp-warehouse-10-20-2-1/runs/lg_lacam_fork_suo_tl/warehouse-10-20-10-2-1/warehouse-10-20-10-2-1-random-4_a200_s0_r0,15601,0.241,"{""agents"": ""200"", ""comp_time"": ""241"", ""makespan"": ""202"", ""makespan_lb"": ""202"", ""map_file"": ""warehouse-10-20-10-2-1.map"", ""seed"": ""0"", ""soc"": ""15601"", ""soc_lb"": ""15048"", ""solved"": ""1"", ""solver"": ""planner"", ""sum_of_loss"": ""15375"", ""sum_of_loss_lb"": ""15048""}"
lg_lacam_fork:suo_tl,SUO + traffic load,warehouse-10-20-10-2-1,warehouse-10-20-10-2-1-random-4,200,1,30.0,solved,0.342933,0.227,15674,202,15479,15048,202,1.0416,0,,/home/carsten/Projects/MAPF/MAPF Evaluator/results/tlcpp-warehouse-10-20-2-1/runs/lg_lacam_fork_suo_tl/warehouse-10-20-10-2-1/warehouse-10-20-10-2-1-random-4_a200_s1_r0,15674,0.227,"{""agents"": ""200"", ""comp_time"": ""227"", ""makespan"": ""202"", ""makespan_lb"": ""202"", ""map_file"": ""warehouse-10-20-10-2-1.map"", ""seed"": ""1"", ""soc"": ""15674"", ""soc_lb"": ""15048"", ""solved"": ""1"", ""solver"": ""planner"", ""sum_of_loss"": ""15489"", ""sum_of_loss_lb"": ""15048""}"
lg_lacam_fork:suo_tl,SUO + traffic load,warehouse-10-20-10-2-1,warehouse-10-20-10-2-1-random-4,200,2,30.0,solved,0.605983,0.339,15707,202,15414,15048,202,1.043793,0,,/home/carsten/Projects/MAPF/MAPF Evaluator/results/tlcpp-warehouse-10-20-2-1/runs/lg_lacam_fork_suo_tl/warehouse-10-20-10-2-1/warehouse-10-20-10-2-1-random-4_a200_s2_r0,15707,0.339,"{""agents"": ""200"", ""comp_time"": ""339"", ""makespan"": ""202"", ""makespan_lb"": ""202"", ""map_file"": ""warehouse-10-20-10-2-1.map"", ""seed"": ""2"", ""soc"": ""15707"", ""soc_lb"": ""15048"", ""solved"": ""1"", ""solver"": ""planner"", ""sum_of_loss"": ""15422"", ""sum_of_loss_lb"": ""15048""}"
lg_lacam_fork:lg,"LG-LaCAM (window 20, first solution)",warehouse-10-20-10-2-1,warehouse-10-20-10-2-1-random-4,200,0,30.0,solved,0.558437,0.181,18622,206,16503,15048,202,1.237507,0,,/home/carsten/Projects/MAPF/MAPF Evaluator/results/tlcpp-warehouse-10-20-2-1/runs/lg_lacam_fork_lg/warehouse-10-20-10-2-1/warehouse-10-20-10-2-1-random-4_a200_s0_r0,18622,0.181,"{""agents"": ""200"", ""comp_time"": ""181"", ""makespan"": ""206"", ""makespan_lb"": ""202"", ""map_file"": ""warehouse-10-20-10-2-1.map"", ""seed"": ""0"", ""soc"": ""18622"", ""soc_lb"": ""15048"", ""solved"": ""1"", ""solver"": ""planner"", ""sum_of_loss"": ""16580"", ""sum_of_loss_lb"": ""15048""}"
lg_lacam_fork:lg,"LG-LaCAM (window 20, first solution)",warehouse-10-20-10-2-1,warehouse-10-20-10-2-1-random-4,200,1,30.0,solved,0.348664,0.209,18280,204,16417,15048,202,1.214779,0,,/home/carsten/Projects/MAPF/MAPF Evaluator/results/tlcpp-warehouse-10-20-2-1/runs/lg_lacam_fork_lg/warehouse-10-20-10-2-1/warehouse-10-20-10-2-1-random-4_a200_s1_r0,18280,0.209,"{""agents"": ""200"", ""comp_time"": ""209"", ""makespan"": ""204"", ""makespan_lb"": ""202"", ""map_file"": ""warehouse-10-20-10-2-1.map"", ""seed"": ""1"", ""soc"": ""18280"", ""soc_lb"": ""15048"", ""solved"": ""1"", ""solver"": ""planner"", ""sum_of_loss"": ""16484"", ""sum_of_loss_lb"": ""15048""}"
lg_lacam_fork:lg,"LG-LaCAM (window 20, first solution)",warehouse-10-20-10-2-1,warehouse-10-20-10-2-1-random-4,200,2,30.0,solved,0.406988,0.258,18170,204,16281,15048,202,1.207469,0,,/home/carsten/Projects/MAPF/MAPF Evaluator/results/tlcpp-warehouse-10-20-2-1/runs/lg_lacam_fork_lg/warehouse-10-20-10-2-1/warehouse-10-20-10-2-1-random-4_a200_s2_r0,18170,0.258,"{""agents"": ""200"", ""comp_time"": ""258"", ""makespan"": ""204"", ""makespan_lb"": ""202"", ""map_file"": ""warehouse-10-20-10-2-1.map"", ""seed"": ""2"", ""soc"": ""18170"", ""soc_lb"": ""15048"", ""solved"": ""1"", ""solver"": ""planner"", ""sum_of_loss"": ""16355"", ""sum_of_loss_lb"": ""15048""}"
lg_lacam_fork:lg_tl,LG-LaCAM (window 20) + traffic load,warehouse-10-20-10-2-1,warehouse-10-20-10-2-1-random-4,200,0,30.0,solved,0.376939,0.256,18048,202,16160,15048,202,1.199362,0,,/home/carsten/Projects/MAPF/MAPF Evaluator/results/tlcpp-warehouse-10-20-2-1/runs/lg_lacam_fork_lg_tl/warehouse-10-20-10-2-1/warehouse-10-20-10-2-1-random-4_a200_s0_r0,18048,0.256,"{""agents"": ""200"", ""comp_time"": ""256"", ""makespan"": ""202"", ""makespan_lb"": ""202"", ""map_file"": ""warehouse-10-20-10-2-1.map"", ""seed"": ""0"", ""soc"": ""18048"", ""soc_lb"": ""15048"", ""solved"": ""1"", ""solver"": ""planner"", ""sum_of_loss"": ""16227"", ""sum_of_loss_lb"": ""15048""}"
lg_lacam_fork:lg_tl,LG-LaCAM (window 20) + traffic load,warehouse-10-20-10-2-1,warehouse-10-20-10-2-1-random-4,200,1,30.0,solved,0.411568,0.264,18280,204,16220,15048,202,1.214779,0,,/home/carsten/Projects/MAPF/MAPF Evaluator/results/tlcpp-warehouse-10-20-2-1/runs/lg_lacam_fork_lg_tl/warehouse-10-20-10-2-1/warehouse-10-20-10-2-1-random-4_a200_s1_r0,18280,0.264,"{""agents"": ""200"", ""comp_time"": ""264"", ""makespan"": ""204"", ""makespan_lb"": ""202"", ""map_file"": ""warehouse-10-20-10-2-1.map"", ""seed"": ""1"", ""soc"": ""18280"", ""soc_lb"": ""15048"", ""solved"": ""1"", ""solver"": ""planner"", ""sum_of_loss"": ""16292"", ""sum_of_loss_lb"": ""15048""}"
lg_lacam_fork:lg_tl,LG-LaCAM (window 20) + traffic load,warehouse-10-20-10-2-1,warehouse-10-20-10-2-1-random-4,200,2,30.0,solved,0.538215,0.302,18294,206,16325,15048,202,1.21571,0,,/home/carsten/Projects/MAPF/MAPF Evaluator/results/tlcpp-warehouse-10-20-2-1/runs/lg_lacam_fork_lg_tl/warehouse-10-20-10-2-1/warehouse-10-20-10-2-1-random-4_a200_s2_r0,18294,0.302,"{""agents"": ""200"", ""comp_time"": ""302"", ""makespan"": ""206"", ""makespan_lb"": ""202"", ""map_file"": ""warehouse-10-20-10-2-1.map"", ""seed"": ""2"", ""soc"": ""18294"", ""soc_lb"": ""15048"", ""solved"": ""1"", ""solver"": ""planner"", ""sum_of_loss"": ""16398"", ""sum_of_loss_lb"": ""15048""}"
lg_lacam_fork:lg_suo,LG-LaCAM (window 20) + SUO,warehouse-10-20-10-2-1,warehouse-10-20-10-2-1-random-4,200,0,30.0,solved,0.57564,0.408,16295,202,15493,15048,202,1.082868,0,,/home/carsten/Projects/MAPF/MAPF Evaluator/results/tlcpp-warehouse-10-20-2-1/runs/lg_lacam_fork_lg_suo/warehouse-10-20-10-2-1/warehouse-10-20-10-2-1-random-4_a200_s0_r0,16295,0.408,"{""agents"": ""200"", ""comp_time"": ""408"", ""makespan"": ""202"", ""makespan_lb"": ""202"", ""map_file"": ""warehouse-10-20-10-2-1.map"", ""seed"": ""0"", ""soc"": ""16295"", ""soc_lb"": ""15048"", ""solved"": ""1"", ""solver"": ""planner"", ""sum_of_loss"": ""15522"", ""sum_of_loss_lb"": ""15048""}"
lg_lacam_fork:lg_suo,LG-LaCAM (window 20) + SUO,warehouse-10-20-10-2-1,warehouse-10-20-10-2-1-random-4,200,1,30.0,solved,0.397291,0.28,16348,202,15632,15048,202,1.08639,0,,/home/carsten/Projects/MAPF/MAPF Evaluator/results/tlcpp-warehouse-10-20-2-1/runs/lg_lacam_fork_lg_suo/warehouse-10-20-10-2-1/warehouse-10-20-10-2-1-random-4_a200_s1_r0,16348,0.28,"{""agents"": ""200"", ""comp_time"": ""280"", ""makespan"": ""202"", ""makespan_lb"": ""202"", ""map_file"": ""warehouse-10-20-10-2-1.map"", ""seed"": ""1"", ""soc"": ""16348"", ""soc_lb"": ""15048"", ""solved"": ""1"", ""solver"": ""planner"", ""sum_of_loss"": ""15660"", ""sum_of_loss_lb"": ""15048""}"
lg_lacam_fork:lg_suo,LG-LaCAM (window 20) + SUO,warehouse-10-20-10-2-1,warehouse-10-20-10-2-1-random-4,200,2,30.0,solved,0.381568,0.256,16473,202,15598,15048,202,1.094697,0,,/home/carsten/Projects/MAPF/MAPF Evaluator/results/tlcpp-warehouse-10-20-2-1/runs/lg_lacam_fork_lg_suo/warehouse-10-20-10-2-1/warehouse-10-20-10-2-1-random-4_a200_s2_r0,16473,0.256,"{""agents"": ""200"", ""comp_time"": ""256"", ""makespan"": ""202"", ""makespan_lb"": ""202"", ""map_file"": ""warehouse-10-20-10-2-1.map"", ""seed"": ""2"", ""soc"": ""16473"", ""soc_lb"": ""15048"", ""solved"": ""1"", ""solver"": ""planner"", ""sum_of_loss"": ""15624"", ""sum_of_loss_lb"": ""15048""}"
lg_lacam_fork:lg_suo_tl,LG-LaCAM (window 20) + SUO + traffic load,warehouse-10-20-10-2-1,warehouse-10-20-10-2-1-random-4,200,1,30.0,solved,0.527204,0.375,16294,202,15565,15048,202,1.082802,0,,/home/carsten/Projects/MAPF/MAPF Evaluator/results/tlcpp-warehouse-10-20-2-1/runs/lg_lacam_fork_lg_suo_tl/warehouse-10-20-10-2-1/warehouse-10-20-10-2-1-random-4_a200_s1_r0,16294,0.375,"{""agents"": ""200"", ""comp_time"": ""375"", ""makespan"": ""202"", ""makespan_lb"": ""202"", ""map_file"": ""warehouse-10-20-10-2-1.map"", ""seed"": ""1"", ""soc"": ""16294"", ""soc_lb"": ""15048"", ""solved"": ""1"", ""solver"": ""planner"", ""sum_of_loss"": ""15592"", ""sum_of_loss_lb"": ""15048""}"
lg_lacam_fork:lg_suo_tl,LG-LaCAM (window 20) + SUO + traffic load,warehouse-10-20-10-2-1,warehouse-10-20-10-2-1-random-4,200,0,30.0,solved,0.581231,0.395,16282,202,15477,15048,202,1.082004,0,,/home/carsten/Projects/MAPF/MAPF Evaluator/results/tlcpp-warehouse-10-20-2-1/runs/lg_lacam_fork_lg_suo_tl/warehouse-10-20-10-2-1/warehouse-10-20-10-2-1-random-4_a200_s0_r0,16282,0.395,"{""agents"": ""200"", ""comp_time"": ""395"", ""makespan"": ""202"", ""makespan_lb"": ""202"", ""map_file"": ""warehouse-10-20-10-2-1.map"", ""seed"": ""0"", ""soc"": ""16282"", ""soc_lb"": ""15048"", ""solved"": ""1"", ""solver"": ""planner"", ""sum_of_loss"": ""15504"", ""sum_of_loss_lb"": ""15048""}"
lg_lacam_fork:lacam,"LaCAM (no guidance, first solution)",warehouse-10-20-10-2-1,warehouse-10-20-10-2-1-random-5,50,0,30.0,solved,0.081576,0.014,4824,175,4494,4160,175,1.159615,0,,/home/carsten/Projects/MAPF/MAPF Evaluator/results/tlcpp-warehouse-10-20-2-1/runs/lg_lacam_fork_lacam/warehouse-10-20-10-2-1/warehouse-10-20-10-2-1-random-5_a50_s0_r0,4824,0.014,"{""agents"": ""50"", ""comp_time"": ""14"", ""makespan"": ""175"", ""makespan_lb"": ""175"", ""map_file"": ""warehouse-10-20-10-2-1.map"", ""seed"": ""0"", ""soc"": ""4824"", ""soc_lb"": ""4160"", ""solved"": ""1"", ""solver"": ""planner"", ""sum_of_loss"": ""4503"", ""sum_of_loss_lb"": ""4160""}"
lg_lacam_fork:lacam,"LaCAM (no guidance, first solution)",warehouse-10-20-10-2-1,warehouse-10-20-10-2-1-random-5,50,1,30.0,solved,0.101185,0.04,4898,193,4489,4160,175,1.177404,0,,/home/carsten/Projects/MAPF/MAPF Evaluator/results/tlcpp-warehouse-10-20-2-1/runs/lg_lacam_fork_lacam/warehouse-10-20-10-2-1/warehouse-10-20-10-2-1-random-5_a50_s1_r0,4898,0.04,"{""agents"": ""50"", ""comp_time"": ""40"", ""makespan"": ""193"", ""makespan_lb"": ""175"", ""map_file"": ""warehouse-10-20-10-2-1.map"", ""seed"": ""1"", ""soc"": ""4898"", ""soc_lb"": ""4160"", ""solved"": ""1"", ""solver"": ""planner"", ""sum_of_loss"": ""4499"", ""sum_of_loss_lb"": ""4160""}"
lg_lacam_fork:tl,"LaCAM + traffic load (tie-break, per config)",warehouse-10-20-10-2-1,warehouse-10-20-10-2-1-random-5,50,0,30.0,solved,0.192671,0.084,4626,175,4323,4160,175,1.112019,0,,/home/carsten/Projects/MAPF/MAPF Evaluator/results/tlcpp-warehouse-10-20-2-1/runs/lg_lacam_fork_tl/warehouse-10-20-10-2-1/warehouse-10-20-10-2-1-random-5_a50_s0_r0,4626,0.084,"{""agents"": ""50"", ""comp_time"": ""84"", ""makespan"": ""175"", ""makespan_lb"": ""175"", ""map_file"": ""warehouse-10-20-10-2-1.map"", ""seed"": ""0"", ""soc"": ""4626"", ""soc_lb"": ""4160"", ""solved"": ""1"", ""solver"": ""planner"", ""sum_of_loss"": ""4331"", ""sum_of_loss_lb"": ""4160""}"
lg_lacam_fork:lacam,"LaCAM (no guidance, first solution)",warehouse-10-20-10-2-1,warehouse-10-20-10-2-1-random-5,50,2,30.0,solved,0.132324,0.049,4886,175,4522,4160,175,1.174519,0,,/home/carsten/Projects/MAPF/MAPF Evaluator/results/tlcpp-warehouse-10-20-2-1/runs/lg_lacam_fork_lacam/warehouse-10-20-10-2-1/warehouse-10-20-10-2-1-random-5_a50_s2_r0,4886,0.049,"{""agents"": ""50"", ""comp_time"": ""49"", ""makespan"": ""175"", ""makespan_lb"": ""175"", ""map_file"": ""warehouse-10-20-10-2-1.map"", ""seed"": ""2"", ""soc"": ""4886"", ""soc_lb"": ""4160"", ""solved"": ""1"", ""solver"": ""planner"", ""sum_of_loss"": ""4534"", ""sum_of_loss_lb"": ""4160""}"
lg_lacam_fork:lg_suo_tl,LG-LaCAM (window 20) + SUO + traffic load,warehouse-10-20-10-2-1,warehouse-10-20-10-2-1-random-4,200,2,30.0,solved,0.855674,0.7,16547,202,15555,15048,202,1.099615,0,,/home/carsten/Projects/MAPF/MAPF Evaluator/results/tlcpp-warehouse-10-20-2-1/runs/lg_lacam_fork_lg_suo_tl/warehouse-10-20-10-2-1/warehouse-10-20-10-2-1-random-4_a200_s2_r0,16547,0.7,"{""agents"": ""200"", ""comp_time"": ""700"", ""makespan"": ""202"", ""makespan_lb"": ""202"", ""map_file"": ""warehouse-10-20-10-2-1.map"", ""seed"": ""2"", ""soc"": ""16547"", ""soc_lb"": ""15048"", ""solved"": ""1"", ""solver"": ""planner"", ""sum_of_loss"": ""15585"", ""sum_of_loss_lb"": ""15048""}"
lg_lacam_fork:tl,"LaCAM + traffic load (tie-break, per config)",warehouse-10-20-10-2-1,warehouse-10-20-10-2-1-random-5,50,1,30.0,solved,0.084946,0.044,4861,175,4460,4160,175,1.16851,0,,/home/carsten/Projects/MAPF/MAPF Evaluator/results/tlcpp-warehouse-10-20-2-1/runs/lg_lacam_fork_tl/warehouse-10-20-10-2-1/warehouse-10-20-10-2-1-random-5_a50_s1_r0,4861,0.044,"{""agents"": ""50"", ""comp_time"": ""44"", ""makespan"": ""175"", ""makespan_lb"": ""175"", ""map_file"": ""warehouse-10-20-10-2-1.map"", ""seed"": ""1"", ""soc"": ""4861"", ""soc_lb"": ""4160"", ""solved"": ""1"", ""solver"": ""planner"", ""sum_of_loss"": ""4473"", ""sum_of_loss_lb"": ""4160""}"
lg_lacam_fork:tl,"LaCAM + traffic load (tie-break, per config)",warehouse-10-20-10-2-1,warehouse-10-20-10-2-1-random-5,50,2,30.0,solved,0.158043,0.082,4708,175,4346,4160,175,1.131731,0,,/home/carsten/Projects/MAPF/MAPF Evaluator/results/tlcpp-warehouse-10-20-2-1/runs/lg_lacam_fork_tl/warehouse-10-20-10-2-1/warehouse-10-20-10-2-1-random-5_a50_s2_r0,4708,0.082,"{""agents"": ""50"", ""comp_time"": ""82"", ""makespan"": ""175"", ""makespan_lb"": ""175"", ""map_file"": ""warehouse-10-20-10-2-1.map"", ""seed"": ""2"", ""soc"": ""4708"", ""soc_lb"": ""4160"", ""solved"": ""1"", ""solver"": ""planner"", ""sum_of_loss"": ""4357"", ""sum_of_loss_lb"": ""4160""}"
lg_lacam_fork:tl_agent,"LaCAM + traffic load (tie-break, per agent)",warehouse-10-20-10-2-1,warehouse-10-20-10-2-1-random-5,50,0,30.0,solved,0.208995,0.081,4827,175,4347,4160,175,1.160337,0,,/home/carsten/Projects/MAPF/MAPF Evaluator/results/tlcpp-warehouse-10-20-2-1/runs/lg_lacam_fork_tl_agent/warehouse-10-20-10-2-1/warehouse-10-20-10-2-1-random-5_a50_s0_r0,4827,0.081,"{""agents"": ""50"", ""comp_time"": ""81"", ""makespan"": ""175"", ""makespan_lb"": ""175"", ""map_file"": ""warehouse-10-20-10-2-1.map"", ""seed"": ""0"", ""soc"": ""4827"", ""soc_lb"": ""4160"", ""solved"": ""1"", ""solver"": ""planner"", ""sum_of_loss"": ""4359"", ""sum_of_loss_lb"": ""4160""}"
lg_lacam_fork:tl_agent,"LaCAM + traffic load (tie-break, per agent)",warehouse-10-20-10-2-1,warehouse-10-20-10-2-1-random-5,50,1,30.0,solved,0.13871,0.03,4625,175,4285,4160,175,1.111779,0,,/home/carsten/Projects/MAPF/MAPF Evaluator/results/tlcpp-warehouse-10-20-2-1/runs/lg_lacam_fork_tl_agent/warehouse-10-20-10-2-1/warehouse-10-20-10-2-1-random-5_a50_s1_r0,4625,0.03,"{""agents"": ""50"", ""comp_time"": ""30"", ""makespan"": ""175"", ""makespan_lb"": ""175"", ""map_file"": ""warehouse-10-20-10-2-1.map"", ""seed"": ""1"", ""soc"": ""4625"", ""soc_lb"": ""4160"", ""solved"": ""1"", ""solver"": ""planner"", ""sum_of_loss"": ""4293"", ""sum_of_loss_lb"": ""4160""}"
lg_lacam_fork:tl_agent,"LaCAM + traffic load (tie-break, per agent)",warehouse-10-20-10-2-1,warehouse-10-20-10-2-1-random-5,50,2,30.0,solved,0.147729,0.064,4860,175,4394,4160,175,1.168269,0,,/home/carsten/Projects/MAPF/MAPF Evaluator/results/tlcpp-warehouse-10-20-2-1/runs/lg_lacam_fork_tl_agent/warehouse-10-20-10-2-1/warehouse-10-20-10-2-1-random-5_a50_s2_r0,4860,0.064,"{""agents"": ""50"", ""comp_time"": ""64"", ""makespan"": ""175"", ""makespan_lb"": ""175"", ""map_file"": ""warehouse-10-20-10-2-1.map"", ""seed"": ""2"", ""soc"": ""4860"", ""soc_lb"": ""4160"", ""solved"": ""1"", ""solver"": ""planner"", ""sum_of_loss"": ""4407"", ""sum_of_loss_lb"": ""4160""}"
lg_lacam_fork:tl_static,LaCAM + traffic load (static map from starts),warehouse-10-20-10-2-1,warehouse-10-20-10-2-1-random-5,50,1,30.0,solved,0.099198,0.051,4816,175,4481,4160,175,1.157692,0,,/home/carsten/Projects/MAPF/MAPF Evaluator/results/tlcpp-warehouse-10-20-2-1/runs/lg_lacam_fork_tl_static/warehouse-10-20-10-2-1/warehouse-10-20-10-2-1-random-5_a50_s1_r0,4816,0.051,"{""agents"": ""50"", ""comp_time"": ""51"", ""makespan"": ""175"", ""makespan_lb"": ""175"", ""map_file"": ""warehouse-10-20-10-2-1.map"", ""seed"": ""1"", ""soc"": ""4816"", ""soc_lb"": ""4160"", ""solved"": ""1"", ""solver"": ""planner"", ""sum_of_loss"": ""4491"", ""sum_of_loss_lb"": ""4160""}"
lg_lacam_fork:tl_static,LaCAM + traffic load (static map from starts),warehouse-10-20-10-2-1,warehouse-10-20-10-2-1-random-5,50,0,30.0,solved,0.078759,0.041,4787,175,4492,4160,175,1.150721,0,,/home/carsten/Projects/MAPF/MAPF Evaluator/results/tlcpp-warehouse-10-20-2-1/runs/lg_lacam_fork_tl_static/warehouse-10-20-10-2-1/warehouse-10-20-10-2-1-random-5_a50_s0_r0,4787,0.041,"{""agents"": ""50"", ""comp_time"": ""41"", ""makespan"": ""175"", ""makespan_lb"": ""175"", ""map_file"": ""warehouse-10-20-10-2-1.map"", ""seed"": ""0"", ""soc"": ""4787"", ""soc_lb"": ""4160"", ""solved"": ""1"", ""solver"": ""planner"", ""sum_of_loss"": ""4501"", ""sum_of_loss_lb"": ""4160""}"
lg_lacam_fork:tl_static,LaCAM + traffic load (static map from starts),warehouse-10-20-10-2-1,warehouse-10-20-10-2-1-random-5,50,2,30.0,solved,0.109711,0.031,4886,181,4490,4160,175,1.174519,0,,/home/carsten/Projects/MAPF/MAPF Evaluator/results/tlcpp-warehouse-10-20-2-1/runs/lg_lacam_fork_tl_static/warehouse-10-20-10-2-1/warehouse-10-20-10-2-1-random-5_a50_s2_r0,4886,0.031,"{""agents"": ""50"", ""comp_time"": ""31"", ""makespan"": ""181"", ""makespan_lb"": ""175"", ""map_file"": ""warehouse-10-20-10-2-1.map"", ""seed"": ""2"", ""soc"": ""4886"", ""soc_lb"": ""4160"", ""solved"": ""1"", ""solver"": ""planner"", ""sum_of_loss"": ""4501"", ""sum_of_loss_lb"": ""4160""}"
lg_lacam_fork:suo,LaCAM3 = SUO (first solution),warehouse-10-20-10-2-1,warehouse-10-20-10-2-1-random-5,50,2,30.0,solved,0.053096,0.02,4168,175,4168,4160,175,1.001923,0,,/home/carsten/Projects/MAPF/MAPF Evaluator/results/tlcpp-warehouse-10-20-2-1/runs/lg_lacam_fork_suo/warehouse-10-20-10-2-1/warehouse-10-20-10-2-1-random-5_a50_s2_r0,4168,0.02,"{""agents"": ""50"", ""comp_time"": ""20"", ""makespan"": ""175"", ""makespan_lb"": ""175"", ""map_file"": ""warehouse-10-20-10-2-1.map"", ""seed"": ""2"", ""soc"": ""4168"", ""soc_lb"": ""4160"", ""solved"": ""1"", ""solver"": ""planner"", ""sum_of_loss"": ""4168"", ""sum_of_loss_lb"": ""4160""}"
lg_lacam_fork:suo,LaCAM3 = SUO (first solution),warehouse-10-20-10-2-1,warehouse-10-20-10-2-1-random-5,50,1,30.0,solved,0.088864,0.021,4164,175,4164,4160,175,1.000962,0,,/home/carsten/Projects/MAPF/MAPF Evaluator/results/tlcpp-warehouse-10-20-2-1/runs/lg_lacam_fork_suo/warehouse-10-20-10-2-1/warehouse-10-20-10-2-1-random-5_a50_s1_r0,4164,0.021,"{""agents"": ""50"", ""comp_time"": ""21"", ""makespan"": ""175"", ""makespan_lb"": ""175"", ""map_file"": ""warehouse-10-20-10-2-1.map"", ""seed"": ""1"", ""soc"": ""4164"", ""soc_lb"": ""4160"", ""solved"": ""1"", ""solver"": ""planner"", ""sum_of_loss"": ""4164"", ""sum_of_loss_lb"": ""4160""}"
lg_lacam_fork:suo,LaCAM3 = SUO (first solution),warehouse-10-20-10-2-1,warehouse-10-20-10-2-1-random-5,50,0,30.0,solved,0.063991,0.041,4172,175,4172,4160,175,1.002885,0,,/home/carsten/Projects/MAPF/MAPF Evaluator/results/tlcpp-warehouse-10-20-2-1/runs/lg_lacam_fork_suo/warehouse-10-20-10-2-1/warehouse-10-20-10-2-1-random-5_a50_s0_r0,4172,0.041,"{""agents"": ""50"", ""comp_time"": ""41"", ""makespan"": ""175"", ""makespan_lb"": ""175"", ""map_file"": ""warehouse-10-20-10-2-1.map"", ""seed"": ""0"", ""soc"": ""4172"", ""soc_lb"": ""4160"", ""solved"": ""1"", ""solver"": ""planner"", ""sum_of_loss"": ""4172"", ""sum_of_loss_lb"": ""4160""}"
lg_lacam_fork:suo_tl,SUO + traffic load,warehouse-10-20-10-2-1,warehouse-10-20-10-2-1-random-5,50,0,30.0,solved,0.165662,0.102,4172,175,4172,4160,175,1.002885,0,,/home/carsten/Projects/MAPF/MAPF Evaluator/results/tlcpp-warehouse-10-20-2-1/runs/lg_lacam_fork_suo_tl/warehouse-10-20-10-2-1/warehouse-10-20-10-2-1-random-5_a50_s0_r0,4172,0.102,"{""agents"": ""50"", ""comp_time"": ""102"", ""makespan"": ""175"", ""makespan_lb"": ""175"", ""map_file"": ""warehouse-10-20-10-2-1.map"", ""seed"": ""0"", ""soc"": ""4172"", ""soc_lb"": ""4160"", ""solved"": ""1"", ""solver"": ""planner"", ""sum_of_loss"": ""4172"", ""sum_of_loss_lb"": ""4160""}"
lg_lacam_fork:suo_tl,SUO + traffic load,warehouse-10-20-10-2-1,warehouse-10-20-10-2-1-random-5,50,1,30.0,solved,0.064868,0.042,4164,175,4164,4160,175,1.000962,0,,/home/carsten/Projects/MAPF/MAPF Evaluator/results/tlcpp-warehouse-10-20-2-1/runs/lg_lacam_fork_suo_tl/warehouse-10-20-10-2-1/warehouse-10-20-10-2-1-random-5_a50_s1_r0,4164,0.042,"{""agents"": ""50"", ""comp_time"": ""42"", ""makespan"": ""175"", ""makespan_lb"": ""175"", ""map_file"": ""warehouse-10-20-10-2-1.map"", ""seed"": ""1"", ""soc"": ""4164"", ""soc_lb"": ""4160"", ""solved"": ""1"", ""solver"": ""planner"", ""sum_of_loss"": ""4164"", ""sum_of_loss_lb"": ""4160""}"
lg_lacam_fork:suo_tl,SUO + traffic load,warehouse-10-20-10-2-1,warehouse-10-20-10-2-1-random-5,50,2,30.0,solved,0.091515,0.026,4168,175,4168,4160,175,1.001923,0,,/home/carsten/Projects/MAPF/MAPF Evaluator/results/tlcpp-warehouse-10-20-2-1/runs/lg_lacam_fork_suo_tl/warehouse-10-20-10-2-1/warehouse-10-20-10-2-1-random-5_a50_s2_r0,4168,0.026,"{""agents"": ""50"", ""comp_time"": ""26"", ""makespan"": ""175"", ""makespan_lb"": ""175"", ""map_file"": ""warehouse-10-20-10-2-1.map"", ""seed"": ""2"", ""soc"": ""4168"", ""soc_lb"": ""4160"", ""solved"": ""1"", ""solver"": ""planner"", ""sum_of_loss"": ""4168"", ""sum_of_loss_lb"": ""4160""}"
lg_lacam_fork:lg,"LG-LaCAM (window 20, first solution)",warehouse-10-20-10-2-1,warehouse-10-20-10-2-1-random-5,50,0,30.0,solved,0.109018,0.051,4503,175,4241,4160,175,1.082452,0,,/home/carsten/Projects/MAPF/MAPF Evaluator/results/tlcpp-warehouse-10-20-2-1/runs/lg_lacam_fork_lg/warehouse-10-20-10-2-1/warehouse-10-20-10-2-1-random-5_a50_s0_r0,4503,0.051,"{""agents"": ""50"", ""comp_time"": ""51"", ""makespan"": ""175"", ""makespan_lb"": ""175"", ""map_file"": ""warehouse-10-20-10-2-1.map"", ""seed"": ""0"", ""soc"": ""4503"", ""soc_lb"": ""4160"", ""solved"": ""1"", ""solver"": ""planner"", ""sum_of_loss"": ""4248"", ""sum_of_loss_lb"": ""4160""}"
lg_lacam_fork:lg,"LG-LaCAM (window 20, first solution)",warehouse-10-20-10-2-1,warehouse-10-20-10-2-1-random-5,50,1,30.0,solved,0.153011,0.077,4499,175,4240,4160,175,1.08149,0,,/home/carsten/Projects/MAPF/MAPF Evaluator/results/tlcpp-warehouse-10-20-2-1/runs/lg_lacam_fork_lg/warehouse-10-20-10-2-1/warehouse-10-20-10-2-1-random-5_a50_s1_r0,4499,0.077,"{""agents"": ""50"", ""comp_time"": ""77"", ""makespan"": ""175"", ""makespan_lb"": ""175"", ""map_file"": ""warehouse-10-20-10-2-1.map"", ""seed"": ""1"", ""soc"": ""4499"", ""soc_lb"": ""4160"", ""solved"": ""1"", ""solver"": ""planner"", ""sum_of_loss"": ""4247"", ""sum_of_loss_lb"": ""4160""}"
lg_lacam_fork:lg,"LG-LaCAM (window 20, first solution)",warehouse-10-20-10-2-1,warehouse-10-20-10-2-1-random-5,50,2,30.0,solved,0.208986,0.089,4484,175,4264,4160,175,1.077885,0,,/home/carsten/Projects/MAPF/MAPF Evaluator/results/tlcpp-warehouse-10-20-2-1/runs/lg_lacam_fork_lg/warehouse-10-20-10-2-1/warehouse-10-20-10-2-1-random-5_a50_s2_r0,4484,0.089,"{""agents"": ""50"", ""comp_time"": ""89"", ""makespan"": ""175"", ""makespan_lb"": ""175"", ""map_file"": ""warehouse-10-20-10-2-1.map"", ""seed"": ""2"", ""soc"": ""4484"", ""soc_lb"": ""4160"", ""solved"": ""1"", ""solver"": ""planner"", ""sum_of_loss"": ""4270"", ""sum_of_loss_lb"": ""4160""}"
lg_lacam_fork:lg_tl,LG-LaCAM (window 20) + traffic load,warehouse-10-20-10-2-1,warehouse-10-20-10-2-1-random-5,50,0,30.0,solved,0.122384,0.061,4503,175,4241,4160,175,1.082452,0,,/home/carsten/Projects/MAPF/MAPF Evaluator/results/tlcpp-warehouse-10-20-2-1/runs/lg_lacam_fork_lg_tl/warehouse-10-20-10-2-1/warehouse-10-20-10-2-1-random-5_a50_s0_r0,4503,0.061,"{""agents"": ""50"", ""comp_time"": ""61"", ""makespan"": ""175"", ""makespan_lb"": ""175"", ""map_file"": ""warehouse-10-20-10-2-1.map"", ""seed"": ""0"", ""soc"": ""4503"", ""soc_lb"": ""4160"", ""solved"": ""1"", ""solver"": ""planner"", ""sum_of_loss"": ""4248"", ""sum_of_loss_lb"": ""4160""}"
lg_lacam_fork:lg_tl,LG-LaCAM (window 20) + traffic load,warehouse-10-20-10-2-1,warehouse-10-20-10-2-1-random-5,50,1,30.0,solved,0.242776,0.116,4499,175,4240,4160,175,1.08149,0,,/home/carsten/Projects/MAPF/MAPF Evaluator/results/tlcpp-warehouse-10-20-2-1/runs/lg_lacam_fork_lg_tl/warehouse-10-20-10-2-1/warehouse-10-20-10-2-1-random-5_a50_s1_r0,4499,0.116,"{""agents"": ""50"", ""comp_time"": ""116"", ""makespan"": ""175"", ""makespan_lb"": ""175"", ""map_file"": ""warehouse-10-20-10-2-1.map"", ""seed"": ""1"", ""soc"": ""4499"", ""soc_lb"": ""4160"", ""solved"": ""1"", ""solver"": ""planner"", ""sum_of_loss"": ""4247"", ""sum_of_loss_lb"": ""4160""}"
lg_lacam_fork:lg_tl,LG-LaCAM (window 20) + traffic load,warehouse-10-20-10-2-1,warehouse-10-20-10-2-1-random-5,50,2,30.0,solved,0.114426,0.071,4528,175,4269,4160,175,1.088462,0,,/home/carsten/Projects/MAPF/MAPF Evaluator/results/tlcpp-warehouse-10-20-2-1/runs/lg_lacam_fork_lg_tl/warehouse-10-20-10-2-1/warehouse-10-20-10-2-1-random-5_a50_s2_r0,4528,0.071,"{""agents"": ""50"", ""comp_time"": ""71"", ""makespan"": ""175"", ""makespan_lb"": ""175"", ""map_file"": ""warehouse-10-20-10-2-1.map"", ""seed"": ""2"", ""soc"": ""4528"", ""soc_lb"": ""4160"", ""solved"": ""1"", ""solver"": ""planner"", ""sum_of_loss"": ""4276"", ""sum_of_loss_lb"": ""4160""}"
lg_lacam_fork:lg_suo,LG-LaCAM (window 20) + SUO,warehouse-10-20-10-2-1,warehouse-10-20-10-2-1-random-5,50,0,30.0,solved,0.162597,0.076,4259,175,4164,4160,175,1.023798,0,,/home/carsten/Projects/MAPF/MAPF Evaluator/results/tlcpp-warehouse-10-20-2-1/runs/lg_lacam_fork_lg_suo/warehouse-10-20-10-2-1/warehouse-10-20-10-2-1-random-5_a50_s0_r0,4259,0.076,"{""agents"": ""50"", ""comp_time"": ""76"", ""makespan"": ""175"", ""makespan_lb"": ""175"", ""map_file"": ""warehouse-10-20-10-2-1.map"", ""seed"": ""0"", ""soc"": ""4259"", ""soc_lb"": ""4160"", ""solved"": ""1"", ""solver"": ""planner"", ""sum_of_loss"": ""4165"", ""sum_of_loss_lb"": ""4160""}"
lg_lacam_fork:lg_suo,LG-LaCAM (window 20) + SUO,warehouse-10-20-10-2-1,warehouse-10-20-10-2-1-random-5,50,1,30.0,solved,0.148013,0.098,4161,175,4161,4160,175,1.00024,0,,/home/carsten/Projects/MAPF/MAPF Evaluator/results/tlcpp-warehouse-10-20-2-1/runs/lg_lacam_fork_lg_suo/warehouse-10-20-10-2-1/warehouse-10-20-10-2-1-random-5_a50_s1_r0,4161,0.098,"{""agents"": ""50"", ""comp_time"": ""98"", ""makespan"": ""175"", ""makespan_lb"": ""175"", ""map_file"": ""warehouse-10-20-10-2-1.map"", ""seed"": ""1"", ""soc"": ""4161"", ""soc_lb"": ""4160"", ""solved"": ""1"", ""solver"": ""planner"", ""sum_of_loss"": ""4161"", ""sum_of_loss_lb"": ""4160""}"
lg_lacam_fork:lg_suo,LG-LaCAM (window 20) + SUO,warehouse-10-20-10-2-1,warehouse-10-20-10-2-1-random-5,50,2,30.0,solved,0.161152,0.103,4259,175,4164,4160,175,1.023798,0,,/home/carsten/Projects/MAPF/MAPF Evaluator/results/tlcpp-warehouse-10-20-2-1/runs/lg_lacam_fork_lg_suo/warehouse-10-20-10-2-1/warehouse-10-20-10-2-1-random-5_a50_s2_r0,4259,0.103,"{""agents"": ""50"", ""comp_time"": ""103"", ""makespan"": ""175"", ""makespan_lb"": ""175"", ""map_file"": ""warehouse-10-20-10-2-1.map"", ""seed"": ""2"", ""soc"": ""4259"", ""soc_lb"": ""4160"", ""solved"": ""1"", ""solver"": ""planner"", ""sum_of_loss"": ""4165"", ""sum_of_loss_lb"": ""4160""}"
lg_lacam_fork:lg_suo_tl,LG-LaCAM (window 20) + SUO + traffic load,warehouse-10-20-10-2-1,warehouse-10-20-10-2-1-random-5,50,0,30.0,solved,0.136158,0.064,4259,175,4164,4160,175,1.023798,0,,/home/carsten/Projects/MAPF/MAPF Evaluator/results/tlcpp-warehouse-10-20-2-1/runs/lg_lacam_fork_lg_suo_tl/warehouse-10-20-10-2-1/warehouse-10-20-10-2-1-random-5_a50_s0_r0,4259,0.064,"{""agents"": ""50"", ""comp_time"": ""64"", ""makespan"": ""175"", ""makespan_lb"": ""175"", ""map_file"": ""warehouse-10-20-10-2-1.map"", ""seed"": ""0"", ""soc"": ""4259"", ""soc_lb"": ""4160"", ""solved"": ""1"", ""solver"": ""planner"", ""sum_of_loss"": ""4165"", ""sum_of_loss_lb"": ""4160""}"
lg_lacam_fork:lg_suo_tl,LG-LaCAM (window 20) + SUO + traffic load,warehouse-10-20-10-2-1,warehouse-10-20-10-2-1-random-5,50,1,30.0,solved,0.128699,0.094,4161,175,4161,4160,175,1.00024,0,,/home/carsten/Projects/MAPF/MAPF Evaluator/results/tlcpp-warehouse-10-20-2-1/runs/lg_lacam_fork_lg_suo_tl/warehouse-10-20-10-2-1/warehouse-10-20-10-2-1-random-5_a50_s1_r0,4161,0.094,"{""agents"": ""50"", ""comp_time"": ""94"", ""makespan"": ""175"", ""makespan_lb"": ""175"", ""map_file"": ""warehouse-10-20-10-2-1.map"", ""seed"": ""1"", ""soc"": ""4161"", ""soc_lb"": ""4160"", ""solved"": ""1"", ""solver"": ""planner"", ""sum_of_loss"": ""4161"", ""sum_of_loss_lb"": ""4160""}"
lg_lacam_fork:lg_suo_tl,LG-LaCAM (window 20) + SUO + traffic load,warehouse-10-20-10-2-1,warehouse-10-20-10-2-1-random-5,50,2,30.0,solved,0.215244,0.087,4259,175,4164,4160,175,1.023798,0,,/home/carsten/Projects/MAPF/MAPF Evaluator/results/tlcpp-warehouse-10-20-2-1/runs/lg_lacam_fork_lg_suo_tl/warehouse-10-20-10-2-1/warehouse-10-20-10-2-1-random-5_a50_s2_r0,4259,0.087,"{""agents"": ""50"", ""comp_time"": ""87"", ""makespan"": ""175"", ""makespan_lb"": ""175"", ""map_file"": ""warehouse-10-20-10-2-1.map"", ""seed"": ""2"", ""soc"": ""4259"", ""soc_lb"": ""4160"", ""solved"": ""1"", ""solver"": ""planner"", ""sum_of_loss"": ""4165"", ""sum_of_loss_lb"": ""4160""}"
lg_lacam_fork:lacam,"LaCAM (no guidance, first solution)",warehouse-10-20-10-2-1,warehouse-10-20-10-2-1-random-5,100,0,30.0,solved,0.08333,0.042,10852,179,10062,8536,175,1.271321,0,,/home/carsten/Projects/MAPF/MAPF Evaluator/results/tlcpp-warehouse-10-20-2-1/runs/lg_lacam_fork_lacam/warehouse-10-20-10-2-1/warehouse-10-20-10-2-1-random-5_a100_s0_r0,10852,0.042,"{""agents"": ""100"", ""comp_time"": ""42"", ""makespan"": ""179"", ""makespan_lb"": ""175"", ""map_file"": ""warehouse-10-20-10-2-1.map"", ""seed"": ""0"", ""soc"": ""10852"", ""soc_lb"": ""8536"", ""solved"": ""1"", ""solver"": ""planner"", ""sum_of_loss"": ""10106"", ""sum_of_loss_lb"": ""8536""}"
lg_lacam_fork:lacam,"LaCAM (no guidance, first solution)",warehouse-10-20-10-2-1,warehouse-10-20-10-2-1-random-5,100,1,30.0,solved,0.071577,0.024,10919,193,9956,8536,175,1.279171,0,,/home/carsten/Projects/MAPF/MAPF Evaluator/results/tlcpp-warehouse-10-20-2-1/runs/lg_lacam_fork_lacam/warehouse-10-20-10-2-1/warehouse-10-20-10-2-1-random-5_a100_s1_r0,10919,0.024,"{""agents"": ""100"", ""comp_time"": ""24"", ""makespan"": ""193"", ""makespan_lb"": ""175"", ""map_file"": ""warehouse-10-20-10-2-1.map"", ""seed"": ""1"", ""soc"": ""10919"", ""soc_lb"": ""8536"", ""solved"": ""1"", ""solver"": ""planner"", ""sum_of_loss"": ""9998"", ""sum_of_loss_lb"": ""8536""}"
lg_lacam_fork:lacam,"LaCAM (no guidance, first solution)",warehouse-10-20-10-2-1,warehouse-10-20-10-2-1-random-5,100,2,30.0,solved,0.072775,0.023,11493,271,10017,8536,175,1.346415,0,,/home/carsten/Projects/MAPF/MAPF Evaluator/results/tlcpp-warehouse-10-20-2-1/runs/lg_lacam_fork_lacam/warehouse-10-20-10-2-1/warehouse-10-20-10-2-1-random-5_a100_s2_r0,11493,0.023,"{""agents"": ""100"", ""comp_time"": ""23"", ""makespan"": ""271"", ""makespan_lb"": ""175"", ""map_file"": ""warehouse-10-20-10-2-1.map"", ""seed"": ""2"", ""soc"": ""11493"", ""soc_lb"": ""8536"", ""solved"": ""1"", ""solver"": ""planner"", ""sum_of_loss"": ""10068"", ""sum_of_loss_lb"": ""8536""}"
lg_lacam_fork:tl,"LaCAM + traffic load (tie-break, per config)",warehouse-10-20-10-2-1,warehouse-10-20-10-2-1-random-5,100,0,30.0,solved,0.175181,0.057,10337,183,9249,8536,175,1.210989,0,,/home/carsten/Projects/MAPF/MAPF Evaluator/results/tlcpp-warehouse-10-20-2-1/runs/lg_lacam_fork_tl/warehouse-10-20-10-2-1/warehouse-10-20-10-2-1-random-5_a100_s0_r0,10337,0.057,"{""agents"": ""100"", ""comp_time"": ""57"", ""makespan"": ""183"", ""makespan_lb"": ""175"", ""map_file"": ""warehouse-10-20-10-2-1.map"", ""seed"": ""0"", ""soc"": ""10337"", ""soc_lb"": ""8536"", ""solved"": ""1"", ""solver"": ""planner"", ""sum_of_loss"": ""9291"", ""sum_of_loss_lb"": ""8536""}"
lg_lacam_fork:tl,"LaCAM + traffic load (tie-break, per config)",warehouse-10-20-10-2-1,warehouse-10-20-10-2-1-random-5,100,1,30.0,solved,0.169108,0.043,10392,175,9237,8536,175,1.217432,0,,/home/carsten/Projects/MAPF/MAPF Evaluator/results/tlcpp-warehouse-10-20-2-1/runs/lg_lacam_fork_tl/warehouse-10-20-10-2-1/warehouse-10-20-10-2-1-random-5_a100_s1_r0,10392,0.043,"{""agents"": ""100"", ""comp_time"": ""43"", ""makespan"": ""175"", ""makespan_lb"": ""175"", ""map_file"": ""warehouse-10-20-10-2-1.map"", ""seed"": ""1"", ""soc"": ""10392"", ""soc_lb"": ""8536"", ""solved"": ""1"", ""solver"": ""planner"", ""sum_of_loss"": ""9277"", ""sum_of_loss_lb"": ""8536""}"
lg_lacam_fork:tl,"LaCAM + traffic load (tie-break, per config)",warehouse-10-20-10-2-1,warehouse-10-20-10-2-1-random-5,100,2,30.0,solved,0.098167,0.042,10632,183,9358,8536,175,1.245548,0,,/home/carsten/Projects/MAPF/MAPF Evaluator/results/tlcpp-warehouse-10-20-2-1/runs/lg_lacam_fork_tl/warehouse-10-20-10-2-1/warehouse-10-20-10-2-1-random-5_a100_s2_r0,10632,0.042,"{""agents"": ""100"", ""comp_time"": ""42"", ""makespan"": ""183"", ""makespan_lb"": ""175"", ""map_file"": ""warehouse-10-20-10-2-1.map"", ""seed"": ""2"", ""soc"": ""10632"", ""soc_lb"": ""8536"", ""solved"": ""1"", ""solver"": ""planner"", ""sum_of_loss"": ""9401"", ""sum_of_loss_lb"": ""8536""}"
lg_lacam_fork:tl_agent,"LaCAM + traffic load (tie-break, per agent)",warehouse-10-20-10-2-1,warehouse-10-20-10-2-1-random-5,100,0,30.0,solved,0.161541,0.072,10594,183,9386,8536,175,1.241097,0,,/home/carsten/Projects/MAPF/MAPF Evaluator/results/tlcpp-warehouse-10-20-2-1/runs/lg_lacam_fork_tl_agent/warehouse-10-20-10-2-1/warehouse-10-20-10-2-1-random-5_a100_s0_r0,10594,0.072,"{""agents"": ""100"", ""comp_time"": ""72"", ""makespan"": ""183"", ""makespan_lb"": ""175"", ""map_file"": ""warehouse-10-20-10-2-1.map"", ""seed"": ""0"", ""soc"": ""10594"", ""soc_lb"": ""8536"", ""solved"": ""1"", ""solver"": ""planner"", ""sum_of_loss"": ""9430"", ""sum_of_loss_lb"": ""8536""}"
lg_lacam_fork:tl_agent,"LaCAM + traffic load (tie-break, per agent)",warehouse-10-20-10-2-1,warehouse-10-20-10-2-1-random-5,100,1,30.0,solved,0.203349,0.108,10836,183,9346,8536,175,1.269447,0,,/home/carsten/Projects/MAPF/MAPF Evaluator/results/tlcpp-warehouse-10-20-2-1/runs/lg_lacam_fork_tl_agent/warehouse-10-20-10-2-1/warehouse-10-20-10-2-1-random-5_a100_s1_r0,10836,0.108,"{""agents"": ""100"", ""comp_time"": ""108"", ""makespan"": ""183"", ""makespan_lb"": ""175"", ""map_file"": ""warehouse-10-20-10-2-1.map"", ""seed"": ""1"", ""soc"": ""10836"", ""soc_lb"": ""8536"", ""solved"": ""1"", ""solver"": ""planner"", ""sum_of_loss"": ""9394"", ""sum_of_loss_lb"": ""8536""}"
lg_lacam_fork:tl_static,LaCAM + traffic load (static map from starts),warehouse-10-20-10-2-1,warehouse-10-20-10-2-1-random-5,100,0,30.0,solved,0.132286,0.055,11446,247,10295,8536,175,1.340909,0,,/home/carsten/Projects/MAPF/MAPF Evaluator/results/tlcpp-warehouse-10-20-2-1/runs/lg_lacam_fork_tl_static/warehouse-10-20-10-2-1/warehouse-10-20-10-2-1-random-5_a100_s0_r0,11446,0.055,"{""agents"": ""100"", ""comp_time"": ""55"", ""makespan"": ""247"", ""makespan_lb"": ""175"", ""map_file"": ""warehouse-10-20-10-2-1.map"", ""seed"": ""0"", ""soc"": ""11446"", ""soc_lb"": ""8536"", ""solved"": ""1"", ""solver"": ""planner"", ""sum_of_loss"": ""10338"", ""sum_of_loss_lb"": ""8536""}"
lg_lacam_fork:tl_agent,"LaCAM + traffic load (tie-break, per agent)",warehouse-10-20-10-2-1,warehouse-10-20-10-2-1-random-5,100,2,30.0,solved,0.268987,0.143,10669,183,9371,8536,175,1.249883,0,,/home/carsten/Projects/MAPF/MAPF Evaluator/results/tlcpp-warehouse-10-20-2-1/runs/lg_lacam_fork_tl_agent/warehouse-10-20-10-2-1/warehouse-10-20-10-2-1-random-5_a100_s2_r0,10669,0.143,"{""agents"": ""100"", ""comp_time"": ""143"", ""makespan"": ""183"", ""makespan_lb"": ""175"", ""map_file"": ""warehouse-10-20-10-2-1.map"", ""seed"": ""2"", ""soc"": ""10669"", ""soc_lb"": ""8536"", ""solved"": ""1"", ""solver"": ""planner"", ""sum_of_loss"": ""9422"", ""sum_of_loss_lb"": ""8536""}"
lg_lacam_fork:tl_static,LaCAM + traffic load (static map from starts),warehouse-10-20-10-2-1,warehouse-10-20-10-2-1-random-5,100,1,30.0,solved,0.166776,0.072,11287,260,10080,8536,175,1.322282,0,,/home/carsten/Projects/MAPF/MAPF Evaluator/results/tlcpp-warehouse-10-20-2-1/runs/lg_lacam_fork_tl_static/warehouse-10-20-10-2-1/warehouse-10-20-10-2-1-random-5_a100_s1_r0,11287,0.072,"{""agents"": ""100"", ""comp_time"": ""72"", ""makespan"": ""260"", ""makespan_lb"": ""175"", ""map_file"": ""warehouse-10-20-10-2-1.map"", ""seed"": ""1"", ""soc"": ""11287"", ""soc_lb"": ""8536"", ""solved"": ""1"", ""solver"": ""planner"", ""sum_of_loss"": ""10130"", ""sum_of_loss_lb"": ""8536""}"
lg_lacam_fork:tl_static,LaCAM + traffic load (static map from starts),warehouse-10-20-10-2-1,warehouse-10-20-10-2-1-random-5,100,2,30.0,solved,0.160899,0.089,11710,247,10192,8536,175,1.371837,0,,/home/carsten/Projects/MAPF/MAPF Evaluator/results/tlcpp-warehouse-10-20-2-1/runs/lg_lacam_fork_tl_static/warehouse-10-20-10-2-1/warehouse-10-20-10-2-1-random-5_a100_s2_r0,11710,0.089,"{""agents"": ""100"", ""comp_time"": ""89"", ""makespan"": ""247"", ""makespan_lb"": ""175"", ""map_file"": ""warehouse-10-20-10-2-1.map"", ""seed"": ""2"", ""soc"": ""11710"", ""soc_lb"": ""8536"", ""solved"": ""1"", ""solver"": ""planner"", ""sum_of_loss"": ""10234"", ""sum_of_loss_lb"": ""8536""}"
lg_lacam_fork:suo,LaCAM3 = SUO (first solution),warehouse-10-20-10-2-1,warehouse-10-20-10-2-1-random-5,100,1,30.0,solved,0.153847,0.077,8618,175,8618,8536,175,1.009606,0,,/home/carsten/Projects/MAPF/MAPF Evaluator/results/tlcpp-warehouse-10-20-2-1/runs/lg_lacam_fork_suo/warehouse-10-20-10-2-1/warehouse-10-20-10-2-1-random-5_a100_s1_r0,8618,0.077,"{""agents"": ""100"", ""comp_time"": ""77"", ""makespan"": ""175"", ""makespan_lb"": ""175"", ""map_file"": ""warehouse-10-20-10-2-1.map"", ""seed"": ""1"", ""soc"": ""8618"", ""soc_lb"": ""8536"", ""solved"": ""1"", ""solver"": ""planner"", ""sum_of_loss"": ""8618"", ""sum_of_loss_lb"": ""8536""}"
lg_lacam_fork:suo,LaCAM3 = SUO (first solution),warehouse-10-20-10-2-1,warehouse-10-20-10-2-1-random-5,100,0,30.0,solved,0.113788,0.056,8624,175,8621,8536,175,1.010309,0,,/home/carsten/Projects/MAPF/MAPF Evaluator/results/tlcpp-warehouse-10-20-2-1/runs/lg_lacam_fork_suo/warehouse-10-20-10-2-1/warehouse-10-20-10-2-1-random-5_a100_s0_r0,8624,0.056,"{""agents"": ""100"", ""comp_time"": ""56"", ""makespan"": ""175"", ""makespan_lb"": ""175"", ""map_file"": ""warehouse-10-20-10-2-1.map"", ""seed"": ""0"", ""soc"": ""8624"", ""soc_lb"": ""8536"", ""solved"": ""1"", ""solver"": ""planner"", ""sum_of_loss"": ""8622"", ""sum_of_loss_lb"": ""8536""}"
lg_lacam_fork:suo,LaCAM3 = SUO (first solution),warehouse-10-20-10-2-1,warehouse-10-20-10-2-1-random-5,100,2,30.0,solved,0.107744,0.044,8612,175,8612,8536,175,1.008903,0,,/home/carsten/Projects/MAPF/MAPF Evaluator/results/tlcpp-warehouse-10-20-2-1/runs/lg_lacam_fork_suo/warehouse-10-20-10-2-1/warehouse-10-20-10-2-1-random-5_a100_s2_r0,8612,0.044,"{""agents"": ""100"", ""comp_time"": ""44"", ""makespan"": ""175"", ""makespan_lb"": ""175"", ""map_file"": ""warehouse-10-20-10-2-1.map"", ""seed"": ""2"", ""soc"": ""8612"", ""soc_lb"": ""8536"", ""solved"": ""1"", ""solver"": ""planner"", ""sum_of_loss"": ""8612"", ""sum_of_loss_lb"": ""8536""}"
lg_lacam_fork:suo_tl,SUO + traffic load,warehouse-10-20-10-2-1,warehouse-10-20-10-2-1-random-5,100,0,30.0,solved,0.146094,0.086,8624,175,8621,8536,175,1.010309,0,,/home/carsten/Projects/MAPF/MAPF Evaluator/results/tlcpp-warehouse-10-20-2-1/runs/lg_lacam_fork_suo_tl/warehouse-10-20-10-2-1/warehouse-10-20-10-2-1-random-5_a100_s0_r0,8624,0.086,"{""agents"": ""100"", ""comp_time"": ""86"", ""makespan"": ""175"", ""makespan_lb"": ""175"", ""map_file"": ""warehouse-10-20-10-2-1.map"", ""seed"": ""0"", ""soc"": ""8624"", ""soc_lb"": ""8536"", ""solved"": ""1"", ""solver"": ""planner"", ""sum_of_loss"": ""8622"", ""sum_of_loss_lb"": ""8536""}"
lg_lacam_fork:suo_tl,SUO + traffic load,warehouse-10-20-10-2-1,warehouse-10-20-10-2-1-random-5,100,1,30.0,solved,0.128912,0.063,8618,175,8618,8536,175,1.009606,0,,/home/carsten/Projects/MAPF/MAPF Evaluator/results/tlcpp-warehouse-10-20-2-1/runs/lg_lacam_fork_suo_tl/warehouse-10-20-10-2-1/warehouse-10-20-10-2-1-random-5_a100_s1_r0,8618,0.063,"{""agents"": ""100"", ""comp_time"": ""63"", ""makespan"": ""175"", ""makespan_lb"": ""175"", ""map_file"": ""warehouse-10-20-10-2-1.map"", ""seed"": ""1"", ""soc"": ""8618"", ""soc_lb"": ""8536"", ""solved"": ""1"", ""solver"": ""planner"", ""sum_of_loss"": ""8618"", ""sum_of_loss_lb"": ""8536""}"
lg_lacam_fork:suo_tl,SUO + traffic load,warehouse-10-20-10-2-1,warehouse-10-20-10-2-1-random-5,100,2,30.0,solved,0.143255,0.106,8612,175,8612,8536,175,1.008903,0,,/home/carsten/Projects/MAPF/MAPF Evaluator/results/tlcpp-warehouse-10-20-2-1/runs/lg_lacam_fork_suo_tl/warehouse-10-20-10-2-1/warehouse-10-20-10-2-1-random-5_a100_s2_r0,8612,0.106,"{""agents"": ""100"", ""comp_time"": ""106"", ""makespan"": ""175"", ""makespan_lb"": ""175"", ""map_file"": ""warehouse-10-20-10-2-1.map"", ""seed"": ""2"", ""soc"": ""8612"", ""soc_lb"": ""8536"", ""solved"": ""1"", ""solver"": ""planner"", ""sum_of_loss"": ""8612"", ""sum_of_loss_lb"": ""8536""}"
lg_lacam_fork:lg,"LG-LaCAM (window 20, first solution)",warehouse-10-20-10-2-1,warehouse-10-20-10-2-1-random-5,100,0,30.0,solved,0.168615,0.113,9820,227,9039,8536,175,1.150422,0,,/home/carsten/Projects/MAPF/MAPF Evaluator/results/tlcpp-warehouse-10-20-2-1/runs/lg_lacam_fork_lg/warehouse-10-20-10-2-1/warehouse-10-20-10-2-1-random-5_a100_s0_r0,9820,0.113,"{""agents"": ""100"", ""comp_time"": ""113"", ""makespan"": ""227"", ""makespan_lb"": ""175"", ""map_file"": ""warehouse-10-20-10-2-1.map"", ""seed"": ""0"", ""soc"": ""9820"", ""soc_lb"": ""8536"", ""solved"": ""1"", ""solver"": ""planner"", ""sum_of_loss"": ""9068"", ""sum_of_loss_lb"": ""8536""}"
lg_lacam_fork:lg,"LG-LaCAM (window 20, first solution)",warehouse-10-20-10-2-1,warehouse-10-20-10-2-1-random-5,100,1,30.0,solved,0.235472,0.141,9492,177,8905,8536,175,1.111996,0,,/home/carsten/Projects/MAPF/MAPF Evaluator/results/tlcpp-warehouse-10-20-2-1/runs/lg_lacam_fork_lg/warehouse-10-20-10-2-1/warehouse-10-20-10-2-1-random-5_a100_s1_r0,9492,0.141,"{""agents"": ""100"", ""comp_time"": ""141"", ""makespan"": ""177"", ""makespan_lb"": ""175"", ""map_file"": ""warehouse-10-20-10-2-1.map"", ""seed"": ""1"", ""soc"": ""9492"", ""soc_lb"": ""8536"", ""solved"": ""1"", ""solver"": ""planner"", ""sum_of_loss"": ""8927"", ""sum_of_loss_lb"": ""8536""}"
lg_lacam_fork:lg,"LG-LaCAM (window 20, first solution)",warehouse-10-20-10-2-1,warehouse-10-20-10-2-1-random-5,100,2,30.0,solved,0.180957,0.098,9420,175,8845,8536,175,1.103561,0,,/home/carsten/Projects/MAPF/MAPF Evaluator/results/tlcpp-warehouse-10-20-2-1/runs/lg_lacam_fork_lg/warehouse-10-20-10-2-1/warehouse-10-20-10-2-1-random-5_a100_s2_r0,9420,0.098,"{""agents"": ""100"", ""comp_time"": ""98"", ""makespan"": ""175"", ""makespan_lb"": ""175"", ""map_file"": ""warehouse-10-20-10-2-1.map"", ""seed"": ""2"", ""soc"": ""9420"", ""soc_lb"": ""8536"", ""solved"": ""1"", ""solver"": ""planner"", ""sum_of_loss"": ""8868"", ""sum_of_loss_lb"": ""8536""}"
lg_lacam_fork:lg_tl,LG-LaCAM (window 20) + traffic load,warehouse-10-20-10-2-1,warehouse-10-20-10-2-1-random-5,100,0,30.0,solved,0.423288,0.289,9552,177,8914,8536,175,1.119025,0,,/home/carsten/Projects/MAPF/MAPF Evaluator/results/tlcpp-warehouse-10-20-2-1/runs/lg_lacam_fork_lg_tl/warehouse-10-20-10-2-1/warehouse-10-20-10-2-1-random-5_a100_s0_r0,9552,0.289,"{""agents"": ""100"", ""comp_time"": ""289"", ""makespan"": ""177"", ""makespan_lb"": ""175"", ""map_file"": ""warehouse-10-20-10-2-1.map"", ""seed"": ""0"", ""soc"": ""9552"", ""soc_lb"": ""8536"", ""solved"": ""1"", ""solver"": ""planner"", ""sum_of_loss"": ""8939"", ""sum_of_loss_lb"": ""8536""}"
lg_lacam_fork:lg_tl,LG-LaCAM (window 20) + traffic load,warehouse-10-20-10-2-1,warehouse-10-20-10-2-1-random-5,100,1,30.0,solved,0.31933,0.186,9552,175,8863,8536,175,1.119025,0,,/home/carsten/Projects/MAPF/MAPF Evaluator/results/tlcpp-warehouse-10-20-2-1/runs/lg_lacam_fork_lg_tl/warehouse-10-20-10-2-1/warehouse-10-20-10-2-1-random-5_a100_s1_r0,9552,0.186,"{""agents"": ""100"", ""comp_time"": ""186"", ""makespan"": ""175"", ""makespan_lb"": ""175"", ""map_file"": ""warehouse-10-20-10-2-1.map"", ""seed"": ""1"", ""soc"": ""9552"", ""soc_lb"": ""8536"", ""solved"": ""1"", ""solver"": ""planner"", ""sum_of_loss"": ""8887"", ""sum_of_loss_lb"": ""8536""}"
lg_lacam_fork:lg_tl,LG-LaCAM (window 20) + traffic load,warehouse-10-20-10-2-1,warehouse-10-20-10-2-1-random-5,100,2,30.0,solved,0.379536,0.266,9378,175,8820,8536,175,1.098641,0,,/home/carsten/Projects/MAPF/MAPF Evaluator/results/tlcpp-warehouse-10-20-2-1/runs/lg_lacam_fork_lg_tl/warehouse-10-20-10-2-1/warehouse-10-20-10-2-1-random-5_a100_s2_r0,9378,0.266,"{""agents"": ""100"", ""comp_time"": ""266"", ""makespan"": ""175"", ""makespan_lb"": ""175"", ""map_file"": ""warehouse-10-20-10-2-1.map"", ""seed"": ""2"", ""soc"": ""9378"", ""soc_lb"": ""8536"", ""solved"": ""1"", ""solver"": ""planner"", ""sum_of_loss"": ""8842"", ""sum_of_loss_lb"": ""8536""}"
lg_lacam_fork:lg_suo,LG-LaCAM (window 20) + SUO,warehouse-10-20-10-2-1,warehouse-10-20-10-2-1-random-5,100,0,30.0,solved,0.284782,0.195,8982,175,8638,8536,175,1.052249,0,,/home/carsten/Projects/MAPF/MAPF Evaluator/results/tlcpp-warehouse-10-20-2-1/runs/lg_lacam_fork_lg_suo/warehouse-10-20-10-2-1/warehouse-10-20-10-2-1-random-5_a100_s0_r0,8982,0.195,"{""agents"": ""100"", ""comp_time"": ""195"", ""makespan"": ""175"", ""makespan_lb"": ""175"", ""map_file"": ""warehouse-10-20-10-2-1.map"", ""seed"": ""0"", ""soc"": ""8982"", ""soc_lb"": ""8536"", ""solved"": ""1"", ""solver"": ""planner"", ""sum_of_loss"": ""8647"", ""sum_of_loss_lb"": ""8536""}"
lg_lacam_fork:lg_suo,LG-LaCAM (window 20) + SUO,warehouse-10-20-10-2-1,warehouse-10-20-10-2-1-random-5,100,1,30.0,solved,0.345554,0.219,8886,175,8623,8536,175,1.041003,0,,/home/carsten/Projects/MAPF/MAPF Evaluator/results/tlcpp-warehouse-10-20-2-1/runs/lg_lacam_fork_lg_suo/warehouse-10-20-10-2-1/warehouse-10-20-10-2-1-random-5_a100_s1_r0,8886,0.219,"{""agents"": ""100"", ""comp_time"": ""219"", ""makespan"": ""175"", ""makespan_lb"": ""175"", ""map_file"": ""warehouse-10-20-10-2-1.map"", ""seed"": ""1"", ""soc"": ""8886"", ""soc_lb"": ""8536"", ""solved"": ""1"", ""solver"": ""planner"", ""sum_of_loss"": ""8632"", ""sum_of_loss_lb"": ""8536""}"
lg_lacam_fork:lg_suo,LG-LaCAM (window 20) + SUO,warehouse-10-20-10-2-1,warehouse-10-20-10-2-1-random-5,100,2,30.0,solved,0.289792,0.193,8962,175,8635,8536,175,1.049906,0,,/home/carsten/Projects/MAPF/MAPF Evaluator/results/tlcpp-warehouse-10-20-2-1/runs/lg_lacam_fork_lg_suo/warehouse-10-20-10-2-1/warehouse-10-20-10-2-1-random-5_a100_s2_r0,8962,0.193,"{""agents"": ""100"", ""comp_time"": ""193"", ""makespan"": ""175"", ""makespan_lb"": ""175"", ""map_file"": ""warehouse-10-20-10-2-1.map"", ""seed"": ""2"", ""soc"": ""8962"", ""soc_lb"": ""8536"", ""solved"": ""1"", ""solver"": ""planner"", ""sum_of_loss"": ""8645"", ""sum_of_loss_lb"": ""8536""}"
lg_lacam_fork:lg_suo_tl,LG-LaCAM (window 20) + SUO + traffic load,warehouse-10-20-10-2-1,warehouse-10-20-10-2-1-random-5,100,0,30.0,solved,0.34299,0.219,8982,175,8638,8536,175,1.052249,0,,/home/carsten/Projects/MAPF/MAPF Evaluator/results/tlcpp-warehouse-10-20-2-1/runs/lg_lacam_fork_lg_suo_tl/warehouse-10-20-10-2-1/warehouse-10-20-10-2-1-random-5_a100_s0_r0,8982,0.219,"{""agents"": ""100"", ""comp_time"": ""219"", ""makespan"": ""175"", ""makespan_lb"": ""175"", ""map_file"": ""warehouse-10-20-10-2-1.map"", ""seed"": ""0"", ""soc"": ""8982"", ""soc_lb"": ""8536"", ""solved"": ""1"", ""solver"": ""planner"", ""sum_of_loss"": ""8647"", ""sum_of_loss_lb"": ""8536""}"
lg_lacam_fork:lg_suo_tl,LG-LaCAM (window 20) + SUO + traffic load,warehouse-10-20-10-2-1,warehouse-10-20-10-2-1-random-5,100,1,30.0,solved,0.285622,0.184,8874,175,8615,8536,175,1.039597,0,,/home/carsten/Projects/MAPF/MAPF Evaluator/results/tlcpp-warehouse-10-20-2-1/runs/lg_lacam_fork_lg_suo_tl/warehouse-10-20-10-2-1/warehouse-10-20-10-2-1-random-5_a100_s1_r0,8874,0.184,"{""agents"": ""100"", ""comp_time"": ""184"", ""makespan"": ""175"", ""makespan_lb"": ""175"", ""map_file"": ""warehouse-10-20-10-2-1.map"", ""seed"": ""1"", ""soc"": ""8874"", ""soc_lb"": ""8536"", ""solved"": ""1"", ""solver"": ""planner"", ""sum_of_loss"": ""8622"", ""sum_of_loss_lb"": ""8536""}"
lg_lacam_fork:lg_suo_tl,LG-LaCAM (window 20) + SUO + traffic load,warehouse-10-20-10-2-1,warehouse-10-20-10-2-1-random-5,100,2,30.0,solved,0.243474,0.165,8962,175,8635,8536,175,1.049906,0,,/home/carsten/Projects/MAPF/MAPF Evaluator/results/tlcpp-warehouse-10-20-2-1/runs/lg_lacam_fork_lg_suo_tl/warehouse-10-20-10-2-1/warehouse-10-20-10-2-1-random-5_a100_s2_r0,8962,0.165,"{""agents"": ""100"", ""comp_time"": ""165"", ""makespan"": ""175"", ""makespan_lb"": ""175"", ""map_file"": ""warehouse-10-20-10-2-1.map"", ""seed"": ""2"", ""soc"": ""8962"", ""soc_lb"": ""8536"", ""solved"": ""1"", ""solver"": ""planner"", ""sum_of_loss"": ""8645"", ""sum_of_loss_lb"": ""8536""}"
lg_lacam_fork:lacam,"LaCAM (no guidance, first solution)",warehouse-10-20-10-2-1,warehouse-10-20-10-2-1-random-5,150,0,30.0,solved,0.241717,0.06,16953,206,15077,12204,198,1.389135,0,,/home/carsten/Projects/MAPF/MAPF Evaluator/results/tlcpp-warehouse-10-20-2-1/runs/lg_lacam_fork_lacam/warehouse-10-20-10-2-1/warehouse-10-20-10-2-1-random-5_a150_s0_r0,16953,0.06,"{""agents"": ""150"", ""comp_time"": ""60"", ""makespan"": ""206"", ""makespan_lb"": ""198"", ""map_file"": ""warehouse-10-20-10-2-1.map"", ""seed"": ""0"", ""soc"": ""16953"", ""soc_lb"": ""12204"", ""solved"": ""1"", ""solver"": ""planner"", ""sum_of_loss"": ""15150"", ""sum_of_loss_lb"": ""12204""}"
lg_lacam_fork:lacam,"LaCAM (no guidance, first solution)",warehouse-10-20-10-2-1,warehouse-10-20-10-2-1-random-5,150,1,30.0,solved,0.116299,0.05,17184,198,15310,12204,198,1.408063,0,,/home/carsten/Projects/MAPF/MAPF Evaluator/results/tlcpp-warehouse-10-20-2-1/runs/lg_lacam_fork_lacam/warehouse-10-20-10-2-1/warehouse-10-20-10-2-1-random-5_a150_s1_r0,17184,0.05,"{""agents"": ""150"", ""comp_time"": ""50"", ""makespan"": ""198"", ""makespan_lb"": ""198"", ""map_file"": ""warehouse-10-20-10-2-1.map"", ""seed"": ""1"", ""soc"": ""17184"", ""soc_lb"": ""12204"", ""solved"": ""1"", ""solver"": ""planner"", ""sum_of_loss"": ""15389"", ""sum_of_loss_lb"": ""12204""}"
lg_lacam_fork:lacam,"LaCAM (no guidance, first solution)",warehouse-10-20-10-2-1,warehouse-10-20-10-2-1-random-5,150,2,30.0,solved,0.119638,0.067,16569,211,14677,12204,198,1.35767,0,,/home/carsten/Projects/MAPF/MAPF Evaluator/results/tlcpp-warehouse-10-20-2-1/runs/lg_lacam_fork_lacam/warehouse-10-20-10-2-1/warehouse-10-20-10-2-1-random-5_a150_s2_r0,16569,0.067,"{""agents"": ""150"", ""comp_time"": ""67"", ""makespan"": ""211"", ""makespan_lb"": ""198"", ""map_file"": ""warehouse-10-20-10-2-1.map"", ""seed"": ""2"", ""soc"": ""16569"", ""soc_lb"": ""12204"", ""solved"": ""1"", ""solver"": ""planner"", ""sum_of_loss"": ""14752"", ""sum_of_loss_lb"": ""12204""}"
lg_lacam_fork:tl,"LaCAM + traffic load (tie-break, per config)",warehouse-10-20-10-2-1,warehouse-10-20-10-2-1-random-5,150,0,30.0,solved,0.251895,0.151,15740,198,13740,12204,198,1.289741,0,,/home/carsten/Projects/MAPF/MAPF Evaluator/results/tlcpp-warehouse-10-20-2-1/runs/lg_lacam_fork_tl/warehouse-10-20-10-2-1/warehouse-10-20-10-2-1-random-5_a150_s0_r0,15740,0.151,"{""agents"": ""150"", ""comp_time"": ""151"", ""makespan"": ""198"", ""makespan_lb"": ""198"", ""map_file"": ""warehouse-10-20-10-2-1.map"", ""seed"": ""0"", ""soc"": ""15740"", ""soc_lb"": ""12204"", ""solved"": ""1"", ""solver"": ""planner"", ""sum_of_loss"": ""13822"", ""sum_of_loss_lb"": ""12204""}"
lg_lacam_fork:tl,"LaCAM + traffic load (tie-break, per config)",warehouse-10-20-10-2-1,warehouse-10-20-10-2-1-random-5,150,1,30.0,solved,0.251823,0.132,15794,198,13759,12204,198,1.294166,0,,/home/carsten/Projects/MAPF/MAPF Evaluator/results/tlcpp-warehouse-10-20-2-1/runs/lg_lacam_fork_tl/warehouse-10-20-10-2-1/warehouse-10-20-10-2-1-random-5_a150_s1_r0,15794,0.132,"{""agents"": ""150"", ""comp_time"": ""132"", ""makespan"": ""198"", ""makespan_lb"": ""198"", ""map_file"": ""warehouse-10-20-10-2-1.map"", ""seed"": ""1"", ""soc"": ""15794"", ""soc_lb"": ""12204"", ""solved"": ""1"", ""solver"": ""planner"", ""sum_of_loss"": ""13836"", ""sum_of_loss_lb"": ""12204""}"
lg_lacam_fork:tl,"LaCAM + traffic load (tie-break, per config)",warehouse-10-20-10-2-1,warehouse-10-20-10-2-1-random-5,150,2,30.0,solved,0.235926,0.093,15440,198,13662,12204,198,1.265159,0,,/home/carsten/Projects/MAPF/MAPF Evaluator/results/tlcpp-warehouse-10-20-2-1/runs/lg_lacam_fork_tl/warehouse-10-20-10-2-1/warehouse-10-20-10-2-1-random-5_a150_s2_r0,15440,0.093,"{""agents"": ""150"", ""comp_time"": ""93"", ""makespan"": ""198"", ""makespan_lb"": ""198"", ""map_file"": ""warehouse-10-20-10-2-1.map"", ""seed"": ""2"", ""soc"": ""15440"", ""soc_lb"": ""12204"", ""solved"": ""1"", ""solver"": ""planner"", ""sum_of_loss"": ""13735"", ""sum_of_loss_lb"": ""12204""}"
lg_lacam_fork:tl_agent,"LaCAM + traffic load (tie-break, per agent)",warehouse-10-20-10-2-1,warehouse-10-20-10-2-1-random-5,150,0,30.0,solved,0.254478,0.118,15575,198,13771,12204,198,1.276221,0,,/home/carsten/Projects/MAPF/MAPF Evaluator/results/tlcpp-warehouse-10-20-2-1/runs/lg_lacam_fork_tl_agent/warehouse-10-20-10-2-1/warehouse-10-20-10-2-1-random-5_a150_s0_r0,15575,0.118,"{""agents"": ""150"", ""comp_time"": ""118"", ""makespan"": ""198"", ""makespan_lb"": ""198"", ""map_file"": ""warehouse-10-20-10-2-1.map"", ""seed"": ""0"", ""soc"": ""15575"", ""soc_lb"": ""12204"", ""solved"": ""1"", ""solver"": ""planner"", ""sum_of_loss"": ""13847"", ""sum_of_loss_lb"": ""12204""}"
lg_lacam_fork:tl_agent,"LaCAM + traffic load (tie-break, per agent)",warehouse-10-20-10-2-1,warehouse-10-20-10-2-1-random-5,150,1,30.0,solved,0.220358,0.138,15704,198,13782,12204,198,1.286791,0,,/home/carsten/Projects/MAPF/MAPF Evaluator/results/tlcpp-warehouse-10-20-2-1/runs/lg_lacam_fork_tl_agent/warehouse-10-20-10-2-1/warehouse-10-20-10-2-1-random-5_a150_s1_r0,15704,0.138,"{""agents"": ""150"", ""comp_time"": ""138"", ""makespan"": ""198"", ""makespan_lb"": ""198"", ""map_file"": ""warehouse-10-20-10-2-1.map"", ""seed"": ""1"", ""soc"": ""15704"", ""soc_lb"": ""12204"", ""solved"": ""1"", ""solver"": ""planner"", ""sum_of_loss"": ""13862"", ""sum_of_loss_lb"": ""12204""}"
lg_lacam_fork:tl_agent,"LaCAM + traffic load (tie-break, per agent)",warehouse-10-20-10-2-1,warehouse-10-20-10-2-1-random-5,150,2,30.0,solved,0.199042,0.107,15214,198,13502,12204,198,1.24664,0,,/home/carsten/Projects/MAPF/MAPF Evaluator/results/tlcpp-warehouse-10-20-2-1/runs/lg_lacam_fork_tl_agent/warehouse-10-20-10-2-1/warehouse-10-20-10-2-1-random-5_a150_s2_r0,15214,0.107,"{""agents"": ""150"", ""comp_time"": ""107"", ""makespan"": ""198"", ""makespan_lb"": ""198"", ""map_file"": ""warehouse-10-20-10-2-1.map"", ""seed"": ""2"", ""soc"": ""15214"", ""soc_lb"": ""12204"", ""solved"": ""1"", ""solver"": ""planner"", ""sum_of_loss"": ""13571"", ""sum_of_loss_lb"": ""12204""}"
lg_lacam_fork:tl_static,LaCAM + traffic load (static map from starts),warehouse-10-20-10-2-1,warehouse-10-20-10-2-1-random-5,150,0,30.0,solved,0.245423,0.102,17452,281,15092,12204,198,1.430023,0,,/home/carsten/Projects/MAPF/MAPF Evaluator/results/tlcpp-warehouse-10-20-2-1/runs/lg_lacam_fork_tl_static/warehouse-10-20-10-2-1/warehouse-10-20-10-2-1-random-5_a150_s0_r0,17452,0.102,"{""agents"": ""150"", ""comp_time"": ""102"", ""makespan"": ""281"", ""makespan_lb"": ""198"", ""map_file"": ""warehouse-10-20-10-2-1.map"", ""seed"": ""0"", ""soc"": ""17452"", ""soc_lb"": ""12204"", ""solved"": ""1"", ""solver"": ""planner"", ""sum_of_loss"": ""15180"", ""sum_of_loss_lb"": ""12204""}"
lg_lacam_fork:tl_static,LaCAM + traffic load (static map from starts),warehouse-10-20-10-2-1,warehouse-10-20-10-2-1-random-5,150,1,30.0,solved,0.226329,0.134,17265,261,15281,12204,198,1.4147,0,,/home/carsten/Projects/MAPF/MAPF Evaluator/results/tlcpp-warehouse-10-20-2-1/runs/lg_lacam_fork_tl_static/warehouse-10-20-10-2-1/warehouse-10-20-10-2-1-random-5_a150_s1_r0,17265,0.134,"{""agents"": ""150"", ""comp_time"": ""134"", ""makespan"": ""261"", ""makespan_lb"": ""198"", ""map_file"": ""warehouse-10-20-10-2-1.map"", ""seed"": ""1"", ""soc"": ""17265"", ""soc_lb"": ""12204"", ""solved"": ""1"", ""solver"": ""planner"", ""sum_of_loss"": ""15372"", ""sum_of_loss_lb"": ""12204""}"
lg_lacam_fork:tl_static,LaCAM + traffic load (static map from starts),warehouse-10-20-10-2-1,warehouse-10-20-10-2-1-random-5,150,2,30.0,solved,0.323436,0.136,17010,225,14886,12204,198,1.393805,0,,/home/carsten/Projects/MAPF/MAPF Evaluator/results/tlcpp-warehouse-10-20-2-1/runs/lg_lacam_fork_tl_static/warehouse-10-20-10-2-1/warehouse-10-20-10-2-1-random-5_a150_s2_r0,17010,0.136,"{""agents"": ""150"", ""comp_time"": ""136"", ""makespan"": ""225"", ""makespan_lb"": ""198"", ""map_file"": ""warehouse-10-20-10-2-1.map"", ""seed"": ""2"", ""soc"": ""17010"", ""soc_lb"": ""12204"", ""solved"": ""1"", ""solver"": ""planner"", ""sum_of_loss"": ""14978"", ""sum_of_loss_lb"": ""12204""}"
lg_lacam_fork:suo,LaCAM3 = SUO (first solution),warehouse-10-20-10-2-1,warehouse-10-20-10-2-1-random-5,150,0,30.0,solved,0.218985,0.114,12483,198,12424,12204,198,1.022861,0,,/home/carsten/Projects/MAPF/MAPF Evaluator/results/tlcpp-warehouse-10-20-2-1/runs/lg_lacam_fork_suo/warehouse-10-20-10-2-1/warehouse-10-20-10-2-1-random-5_a150_s0_r0,12483,0.114,"{""agents"": ""150"", ""comp_time"": ""114"", ""makespan"": ""198"", ""makespan_lb"": ""198"", ""map_file"": ""warehouse-10-20-10-2-1.map"", ""seed"": ""0"", ""soc"": ""12483"", ""soc_lb"": ""12204"", ""solved"": ""1"", ""solver"": ""planner"", ""sum_of_loss"": ""12425"", ""sum_of_loss_lb"": ""12204""}"
lg_lacam_fork:suo,LaCAM3 = SUO (first solution),warehouse-10-20-10-2-1,warehouse-10-20-10-2-1-random-5,150,1,30.0,solved,0.180746,0.077,12496,198,12399,12204,198,1.023927,0,,/home/carsten/Projects/MAPF/MAPF Evaluator/results/tlcpp-warehouse-10-20-2-1/runs/lg_lacam_fork_suo/warehouse-10-20-10-2-1/warehouse-10-20-10-2-1-random-5_a150_s1_r0,12496,0.077,"{""agents"": ""150"", ""comp_time"": ""77"", ""makespan"": ""198"", ""makespan_lb"": ""198"", ""map_file"": ""warehouse-10-20-10-2-1.map"", ""seed"": ""1"", ""soc"": ""12496"", ""soc_lb"": ""12204"", ""solved"": ""1"", ""solver"": ""planner"", ""sum_of_loss"": ""12400"", ""sum_of_loss_lb"": ""12204""}"
lg_lacam_fork:suo,LaCAM3 = SUO (first solution),warehouse-10-20-10-2-1,warehouse-10-20-10-2-1-random-5,150,2,30.0,solved,0.130329,0.073,12457,198,12395,12204,198,1.020731,0,,/home/carsten/Projects/MAPF/MAPF Evaluator/results/tlcpp-warehouse-10-20-2-1/runs/lg_lacam_fork_suo/warehouse-10-20-10-2-1/warehouse-10-20-10-2-1-random-5_a150_s2_r0,12457,0.073,"{""agents"": ""150"", ""comp_time"": ""73"", ""makespan"": ""198"", ""makespan_lb"": ""198"", ""map_file"": ""warehouse-10-20-10-2-1.map"", ""seed"": ""2"", ""soc"": ""12457"", ""soc_lb"": ""12204"", ""solved"": ""1"", ""solver"": ""planner"", ""sum_of_loss"": ""12396"", ""sum_of_loss_lb"": ""12204""}"
lg_lacam_fork:suo_tl,SUO + traffic load,warehouse-10-20-10-2-1,warehouse-10-20-10-2-1-random-5,150,0,30.0,solved,0.196924,0.115,12450,198,12391,12204,198,1.020157,0,,/home/carsten/Projects/MAPF/MAPF Evaluator/results/tlcpp-warehouse-10-20-2-1/runs/lg_lacam_fork_suo_tl/warehouse-10-20-10-2-1/warehouse-10-20-10-2-1-random-5_a150_s0_r0,12450,0.115,"{""agents"": ""150"", ""comp_time"": ""115"", ""makespan"": ""198"", ""makespan_lb"": ""198"", ""map_file"": ""warehouse-10-20-10-2-1.map"", ""seed"": ""0"", ""soc"": ""12450"", ""soc_lb"": ""12204"", ""solved"": ""1"", ""solver"": ""planner"", ""sum_of_loss"": ""12392"", ""sum_of_loss_lb"": ""12204""}"
lg_lacam_fork:suo_tl,SUO + traffic load,warehouse-10-20-10-2-1,warehouse-10-20-10-2-1-random-5,150,1,30.0,solved,0.214662,0.117,12496,198,12399,12204,198,1.023927,0,,/home/carsten/Projects/MAPF/MAPF Evaluator/results/tlcpp-warehouse-10-20-2-1/runs/lg_lacam_fork_suo_tl/warehouse-10-20-10-2-1/warehouse-10-20-10-2-1-random-5_a150_s1_r0,12496,0.117,"{""agents"": ""150"", ""comp_time"": ""117"", ""makespan"": ""198"", ""makespan_lb"": ""198"", ""map_file"": ""warehouse-10-20-10-2-1.map"", ""seed"": ""1"", ""soc"": ""12496"", ""soc_lb"": ""12204"", ""solved"": ""1"", ""solver"": ""planner"", ""sum_of_loss"": ""12400"", ""sum_of_loss_lb"": ""12204""}"
lg_lacam_fork:suo_tl,SUO + traffic load,warehouse-10-20-10-2-1,warehouse-10-20-10-2-1-random-5,150,2,30.0,solved,0.172911,0.094,12449,198,12387,12204,198,1.020075,0,,/home/carsten/Projects/MAPF/MAPF Evaluator/results/tlcpp-warehouse-10-20-2-1/runs/lg_lacam_fork_suo_tl/warehouse-10-20-10-2-1/warehouse-10-20-10-2-1-random-5_a150_s2_r0,12449,0.094,"{""agents"": ""150"", ""comp_time"": ""94"", ""makespan"": ""198"", ""makespan_lb"": ""198"", ""map_file"": ""warehouse-10-20-10-2-1.map"", ""seed"": ""2"", ""soc"": ""12449"", ""soc_lb"": ""12204"", ""solved"": ""1"", ""solver"": ""planner"", ""sum_of_loss"": ""12388"", ""sum_of_loss_lb"": ""12204""}"
lg_lacam_fork:lg,"LG-LaCAM (window 20, first solution)",warehouse-10-20-10-2-1,warehouse-10-20-10-2-1-random-5,150,0,30.0,solved,0.198703,0.121,14277,200,13117,12204,198,1.169862,0,,/home/carsten/Projects/MAPF/MAPF Evaluator/results/tlcpp-warehouse-10-20-2-1/runs/lg_lacam_fork_lg/warehouse-10-20-10-2-1/warehouse-10-20-10-2-1-random-5_a150_s0_r0,14277,0.121,"{""agents"": ""150"", ""comp_time"": ""121"", ""makespan"": ""200"", ""makespan_lb"": ""198"", ""map_file"": ""warehouse-10-20-10-2-1.map"", ""seed"": ""0"", ""soc"": ""14277"", ""soc_lb"": ""12204"", ""solved"": ""1"", ""solver"": ""planner"", ""sum_of_loss"": ""13162"", ""sum_of_loss_lb"": ""12204""}"
lg_lacam_fork:lg,"LG-LaCAM (window 20, first solution)",warehouse-10-20-10-2-1,warehouse-10-20-10-2-1-random-5,150,1,30.0,solved,0.240275,0.112,13690,200,12823,12204,198,1.121763,0,,/home/carsten/Projects/MAPF/MAPF Evaluator/results/tlcpp-warehouse-10-20-2-1/runs/lg_lacam_fork_lg/warehouse-10-20-10-2-1/warehouse-10-20-10-2-1-random-5_a150_s1_r0,13690,0.112,"{""agents"": ""150"", ""comp_time"": ""112"", ""makespan"": ""200"", ""makespan_lb"": ""198"", ""map_file"": ""warehouse-10-20-10-2-1.map"", ""seed"": ""1"", ""soc"": ""13690"", ""soc_lb"": ""12204"", ""solved"": ""1"", ""solver"": ""planner"", ""sum_of_loss"": ""12858"", ""sum_of_loss_lb"": ""12204""}"
lg_lacam_fork:lg,"LG-LaCAM (window 20, first solution)",warehouse-10-20-10-2-1,warehouse-10-20-10-2-1-random-5,150,2,30.0,solved,0.208019,0.105,14047,200,13019,12204,198,1.151016,0,,/home/carsten/Projects/MAPF/MAPF Evaluator/results/tlcpp-warehouse-10-20-2-1/runs/lg_lacam_fork_lg/warehouse-10-20-10-2-1/warehouse-10-20-10-2-1-random-5_a150_s2_r0,14047,0.105,"{""agents"": ""150"", ""comp_time"": ""105"", ""makespan"": ""200"", ""makespan_lb"": ""198"", ""map_file"": ""warehouse-10-20-10-2-1.map"", ""seed"": ""2"", ""soc"": ""14047"", ""soc_lb"": ""12204"", ""solved"": ""1"", ""solver"": ""planner"", ""sum_of_loss"": ""13061"", ""sum_of_loss_lb"": ""12204""}"
lg_lacam_fork:lg_tl,LG-LaCAM (window 20) + traffic load,warehouse-10-20-10-2-1,warehouse-10-20-10-2-1-random-5,150,0,30.0,solved,0.224771,0.142,14076,200,13019,12204,198,1.153392,0,,/home/carsten/Projects/MAPF/MAPF Evaluator/results/tlcpp-warehouse-10-20-2-1/runs/lg_lacam_fork_lg_tl/warehouse-10-20-10-2-1/warehouse-10-20-10-2-1-random-5_a150_s0_r0,14076,0.142,"{""agents"": ""150"", ""comp_time"": ""142"", ""makespan"": ""200"", ""makespan_lb"": ""198"", ""map_file"": ""warehouse-10-20-10-2-1.map"", ""seed"": ""0"", ""soc"": ""14076"", ""soc_lb"": ""12204"", ""solved"": ""1"", ""solver"": ""planner"", ""sum_of_loss"": ""13062"", ""sum_of_loss_lb"": ""12204""}"
lg_lacam_fork:lg_tl,LG-LaCAM (window 20) + traffic load,warehouse-10-20-10-2-1,warehouse-10-20-10-2-1-random-5,150,1,30.0,solved,0.229852,0.145,13792,200,12833,12204,198,1.130121,0,,/home/carsten/Projects/MAPF/MAPF Evaluator/results/tlcpp-warehouse-10-20-2-1/runs/lg_lacam_fork_lg_tl/warehouse-10-20-10-2-1/warehouse-10-20-10-2-1-random-5_a150_s1_r0,13792,0.145,"{""agents"": ""150"", ""comp_time"": ""145"", ""makespan"": ""200"", ""makespan_lb"": ""198"", ""map_file"": ""warehouse-10-20-10-2-1.map"", ""seed"": ""1"", ""soc"": ""13792"", ""soc_lb"": ""12204"", ""solved"": ""1"", ""solver"": ""planner"", ""sum_of_loss"": ""12872"", ""sum_of_loss_lb"": ""12204""}"
lg_lacam_fork:lg_tl,LG-LaCAM (window 20) + traffic load,warehouse-10-20-10-2-1,warehouse-10-20-10-2-1-random-5,150,2,30.0,solved,0.326385,0.155,14026,200,12924,12204,198,1.149295,0,,/home/carsten/Projects/MAPF/MAPF Evaluator/results/tlcpp-warehouse-10-20-2-1/runs/lg_lacam_fork_lg_tl/warehouse-10-20-10-2-1/warehouse-10-20-10-2-1-random-5_a150_s2_r0,14026,0.155,"{""agents"": ""150"", ""comp_time"": ""155"", ""makespan"": ""200"", ""makespan_lb"": ""198"", ""map_file"": ""warehouse-10-20-10-2-1.map"", ""seed"": ""2"", ""soc"": ""14026"", ""soc_lb"": ""12204"", ""solved"": ""1"", ""solver"": ""planner"", ""sum_of_loss"": ""12967"", ""sum_of_loss_lb"": ""12204""}"
lg_lacam_fork:lg_suo,LG-LaCAM (window 20) + SUO,warehouse-10-20-10-2-1,warehouse-10-20-10-2-1-random-5,150,0,30.0,solved,0.223397,0.146,13367,198,12635,12204,198,1.095297,0,,/home/carsten/Projects/MAPF/MAPF Evaluator/results/tlcpp-warehouse-10-20-2-1/runs/lg_lacam_fork_lg_suo/warehouse-10-20-10-2-1/warehouse-10-20-10-2-1-random-5_a150_s0_r0,13367,0.146,"{""agents"": ""150"", ""comp_time"": ""146"", ""makespan"": ""198"", ""makespan_lb"": ""198"", ""map_file"": ""warehouse-10-20-10-2-1.map"", ""seed"": ""0"", ""soc"": ""13367"", ""soc_lb"": ""12204"", ""solved"": ""1"", ""solver"": ""planner"", ""sum_of_loss"": ""12661"", ""sum_of_loss_lb"": ""12204""}"
lg_lacam_fork:lg_suo,LG-LaCAM (window 20) + SUO,warehouse-10-20-10-2-1,warehouse-10-20-10-2-1-random-5,150,1,30.0,solved,0.191785,0.126,13237,198,12589,12204,198,1.084644,0,,/home/carsten/Projects/MAPF/MAPF Evaluator/results/tlcpp-warehouse-10-20-2-1/runs/lg_lacam_fork_lg_suo/warehouse-10-20-10-2-1/warehouse-10-20-10-2-1-random-5_a150_s1_r0,13237,0.126,"{""agents"": ""150"", ""comp_time"": ""126"", ""makespan"": ""198"", ""makespan_lb"": ""198"", ""map_file"": ""warehouse-10-20-10-2-1.map"", ""seed"": ""1"", ""soc"": ""13237"", ""soc_lb"": ""12204"", ""solved"": ""1"", ""solver"": ""planner"", ""sum_of_loss"": ""12611"", ""sum_of_loss_lb"": ""12204""}"
lg_lacam_fork:lg_suo,LG-LaCAM (window 20) + SUO,warehouse-10-20-10-2-1,warehouse-10-20-10-2-1-random-5,150,2,30.0,solved,0.288353,0.129,13328,198,12590,12204,198,1.092101,0,,/home/carsten/Projects/MAPF/MAPF Evaluator/results/tlcpp-warehouse-10-20-2-1/runs/lg_lacam_fork_lg_suo/warehouse-10-20-10-2-1/warehouse-10-20-10-2-1-random-5_a150_s2_r0,13328,0.129,"{""agents"": ""150"", ""comp_time"": ""129"", ""makespan"": ""198"", ""makespan_lb"": ""198"", ""map_file"": ""warehouse-10-20-10-2-1.map"", ""seed"": ""2"", ""soc"": ""13328"", ""soc_lb"": ""12204"", ""solved"": ""1"", ""solver"": ""planner"", ""sum_of_loss"": ""12615"", ""sum_of_loss_lb"": ""12204""}"
lg_lacam_fork:lg_suo_tl,LG-LaCAM (window 20) + SUO + traffic load,warehouse-10-20-10-2-1,warehouse-10-20-10-2-1-random-5,150,0,30.0,solved,0.215953,0.111,13367,198,12635,12204,198,1.095297,0,,/home/carsten/Projects/MAPF/MAPF Evaluator/results/tlcpp-warehouse-10-20-2-1/runs/lg_lacam_fork_lg_suo_tl/warehouse-10-20-10-2-1/warehouse-10-20-10-2-1-random-5_a150_s0_r0,13367,0.111,"{""agents"": ""150"", ""comp_time"": ""111"", ""makespan"": ""198"", ""makespan_lb"": ""198"", ""map_file"": ""warehouse-10-20-10-2-1.map"", ""seed"": ""0"", ""soc"": ""13367"", ""soc_lb"": ""12204"", ""solved"": ""1"", ""solver"": ""planner"", ""sum_of_loss"": ""12661"", ""sum_of_loss_lb"": ""12204""}"
lg_lacam_fork:lg_suo_tl,LG-LaCAM (window 20) + SUO + traffic load,warehouse-10-20-10-2-1,warehouse-10-20-10-2-1-random-5,150,1,30.0,solved,0.312288,0.206,13252,198,12577,12204,198,1.085873,0,,/home/carsten/Projects/MAPF/MAPF Evaluator/results/tlcpp-warehouse-10-20-2-1/runs/lg_lacam_fork_lg_suo_tl/warehouse-10-20-10-2-1/warehouse-10-20-10-2-1-random-5_a150_s1_r0,13252,0.206,"{""agents"": ""150"", ""comp_time"": ""206"", ""makespan"": ""198"", ""makespan_lb"": ""198"", ""map_file"": ""warehouse-10-20-10-2-1.map"", ""seed"": ""1"", ""soc"": ""13252"", ""soc_lb"": ""12204"", ""solved"": ""1"", ""solver"": ""planner"", ""sum_of_loss"": ""12600"", ""sum_of_loss_lb"": ""12204""}"
lg_lacam_fork:lg_suo_tl,LG-LaCAM (window 20) + SUO + traffic load,warehouse-10-20-10-2-1,warehouse-10-20-10-2-1-random-5,150,2,30.0,solved,0.312732,0.122,13311,198,12573,12204,198,1.090708,0,,/home/carsten/Projects/MAPF/MAPF Evaluator/results/tlcpp-warehouse-10-20-2-1/runs/lg_lacam_fork_lg_suo_tl/warehouse-10-20-10-2-1/warehouse-10-20-10-2-1-random-5_a150_s2_r0,13311,0.122,"{""agents"": ""150"", ""comp_time"": ""122"", ""makespan"": ""198"", ""makespan_lb"": ""198"", ""map_file"": ""warehouse-10-20-10-2-1.map"", ""seed"": ""2"", ""soc"": ""13311"", ""soc_lb"": ""12204"", ""solved"": ""1"", ""solver"": ""planner"", ""sum_of_loss"": ""12598"", ""sum_of_loss_lb"": ""12204""}"
lg_lacam_fork:lacam,"LaCAM (no guidance, first solution)",warehouse-10-20-10-2-1,warehouse-10-20-10-2-1-random-5,200,2,30.0,solved,0.236306,0.033,23639,199,20218,16004,198,1.477068,0,,/home/carsten/Projects/MAPF/MAPF Evaluator/results/tlcpp-warehouse-10-20-2-1/runs/lg_lacam_fork_lacam/warehouse-10-20-10-2-1/warehouse-10-20-10-2-1-random-5_a200_s2_r0,23639,0.033,"{""agents"": ""200"", ""comp_time"": ""33"", ""makespan"": ""199"", ""makespan_lb"": ""198"", ""map_file"": ""warehouse-10-20-10-2-1.map"", ""seed"": ""2"", ""soc"": ""23639"", ""soc_lb"": ""16004"", ""solved"": ""1"", ""solver"": ""planner"", ""sum_of_loss"": ""20352"", ""sum_of_loss_lb"": ""16004""}"
lg_lacam_fork:lacam,"LaCAM (no guidance, first solution)",warehouse-10-20-10-2-1,warehouse-10-20-10-2-1-random-5,200,1,30.0,solved,0.196385,0.042,24109,215,20502,16004,198,1.506436,0,,/home/carsten/Projects/MAPF/MAPF Evaluator/results/tlcpp-warehouse-10-20-2-1/runs/lg_lacam_fork_lacam/warehouse-10-20-10-2-1/warehouse-10-20-10-2-1-random-5_a200_s1_r0,24109,0.042,"{""agents"": ""200"", ""comp_time"": ""42"", ""makespan"": ""215"", ""makespan_lb"": ""198"", ""map_file"": ""warehouse-10-20-10-2-1.map"", ""seed"": ""1"", ""soc"": ""24109"", ""soc_lb"": ""16004"", ""solved"": ""1"", ""solver"": ""planner"", ""sum_of_loss"": ""20640"", ""sum_of_loss_lb"": ""16004""}"
lg_lacam_fork:lacam,"LaCAM (no guidance, first solution)",warehouse-10-20-10-2-1,warehouse-10-20-10-2-1-random-5,200,0,30.0,solved,0.172512,0.056,23604,225,20513,16004,198,1.474881,0,,/home/carsten/Projects/MAPF/MAPF Evaluator/results/tlcpp-warehouse-10-20-2-1/runs/lg_lacam_fork_lacam/warehouse-10-20-10-2-1/warehouse-10-20-10-2-1-random-5_a200_s0_r0,23604,0.056,"{""agents"": ""200"", ""comp_time"": ""56"", ""makespan"": ""225"", ""makespan_lb"": ""198"", ""map_file"": ""warehouse-10-20-10-2-1.map"", ""seed"": ""0"", ""soc"": ""23604"", ""soc_lb"": ""16004"", ""solved"": ""1"", ""solver"": ""planner"", ""sum_of_loss"": ""20666"", ""sum_of_loss_lb"": ""16004""}"
lg_lacam_fork:tl,"LaCAM + traffic load (tie-break, per config)",warehouse-10-20-10-2-1,warehouse-10-20-10-2-1-random-5,200,0,30.0,solved,0.192437,0.059,22454,198,18563,16004,198,1.403024,0,,/home/carsten/Projects/MAPF/MAPF Evaluator/results/tlcpp-warehouse-10-20-2-1/runs/lg_lacam_fork_tl/warehouse-10-20-10-2-1/warehouse-10-20-10-2-1-random-5_a200_s0_r0,22454,0.059,"{""agents"": ""200"", ""comp_time"": ""59"", ""makespan"": ""198"", ""makespan_lb"": ""198"", ""map_file"": ""warehouse-10-20-10-2-1.map"", ""seed"": ""0"", ""soc"": ""22454"", ""soc_lb"": ""16004"", ""solved"": ""1"", ""solver"": ""planner"", ""sum_of_loss"": ""18703"", ""sum_of_loss_lb"": ""16004""}"
lg_lacam_fork:tl,"LaCAM + traffic load (tie-break, per config)",warehouse-10-20-10-2-1,warehouse-10-20-10-2-1-random-5,200,1,30.0,solved,0.159738,0.075,21617,198,18412,16004,198,1.350725,0,,/home/carsten/Projects/MAPF/MAPF Evaluator/results/tlcpp-warehouse-10-20-2-1/runs/lg_lacam_fork_tl/warehouse-10-20-10-2-1/warehouse-10-20-10-2-1-random-5_a200_s1_r0,21617,0.075,"{""agents"": ""200"", ""comp_time"": ""75"", ""makespan"": ""198"", ""makespan_lb"": ""198"", ""map_file"": ""warehouse-10-20-10-2-1.map"", ""seed"": ""1"", ""soc"": ""21617"", ""soc_lb"": ""16004"", ""solved"": ""1"", ""solver"": ""planner"", ""sum_of_loss"": ""18527"", ""sum_of_loss_lb"": ""16004""}"
lg_lacam_fork:tl,"LaCAM + traffic load (tie-break, per config)",warehouse-10-20-10-2-1,warehouse-10-20-10-2-1-random-5,200,2,30.0,solved,0.122997,0.042,21530,198,18331,16004,198,1.345289,0,,/home/carsten/Projects/MAPF/MAPF Evaluator/results/tlcpp-warehouse-10-20-2-1/runs/lg_lacam_fork_tl/warehouse-10-20-10-2-1/warehouse-10-20-10-2-1-random-5_a200_s2_r0,21530,0.042,"{""agents"": ""200"", ""comp_time"": ""42"", ""makespan"": ""198"", ""makespan_lb"": ""198"", ""map_file"": ""warehouse-10-20-10-2-1.map"", ""seed"": ""2"", ""soc"": ""21530"", ""soc_lb"": ""16004"", ""solved"": ""1"", ""solver"": ""planner"", ""sum_of_loss"": ""18456"", ""sum_of_loss_lb"": ""16004""}"
lg_lacam_fork:tl_agent,"LaCAM + traffic load (tie-break, per agent)",warehouse-10-20-10-2-1,warehouse-10-20-10-2-1-random-5,200,0,30.0,solved,0.136572,0.082,21919,198,18483,16004,198,1.369595,0,,/home/carsten/Projects/MAPF/MAPF Evaluator/results/tlcpp-warehouse-10-20-2-1/runs/lg_lacam_fork_tl_agent/warehouse-10-20-10-2-1/warehouse-10-20-10-2-1-random-5_a200_s0_r0,21919,0.082,"{""agents"": ""200"", ""comp_time"": ""82"", ""makespan"": ""198"", ""makespan_lb"": ""198"", ""map_file"": ""warehouse-10-20-10-2-1.map"", ""seed"": ""0"", ""soc"": ""21919"", ""soc_lb"": ""16004"", ""solved"": ""1"", ""solver"": ""planner"", ""sum_of_loss"": ""18619"", ""sum_of_loss_lb"": ""16004""}"
lg_lacam_fork:tl_agent,"LaCAM + traffic load (tie-break, per agent)",warehouse-10-20-10-2-1,warehouse-10-20-10-2-1-random-5,200,2,30.0,solved,0.145218,0.082,22251,198,18555,16004,198,1.39034,0,,/home/carsten/Projects/MAPF/MAPF Evaluator/results/tlcpp-warehouse-10-20-2-1/runs/lg_lacam_fork_tl_agent/warehouse-10-20-10-2-1/warehouse-10-20-10-2-1-random-5_a200_s2_r0,22251,0.082,"{""agents"": ""200"", ""comp_time"": ""82"", ""makespan"": ""198"", ""makespan_lb"": ""198"", ""map_file"": ""warehouse-10-20-10-2-1.map"", ""seed"": ""2"", ""soc"": ""22251"", ""soc_lb"": ""16004"", ""solved"": ""1"", ""solver"": ""planner"", ""sum_of_loss"": ""18684"", ""sum_of_loss_lb"": ""16004""}"
lg_lacam_fork:tl_agent,"LaCAM + traffic load (tie-break, per agent)",warehouse-10-20-10-2-1,warehouse-10-20-10-2-1-random-5,200,1,30.0,solved,0.175976,0.093,22204,198,18833,16004,198,1.387403,0,,/home/carsten/Projects/MAPF/MAPF Evaluator/results/tlcpp-warehouse-10-20-2-1/runs/lg_lacam_fork_tl_agent/warehouse-10-20-10-2-1/warehouse-10-20-10-2-1-random-5_a200_s1_r0,22204,0.093,"{""agents"": ""200"", ""comp_time"": ""93"", ""makespan"": ""198"", ""makespan_lb"": ""198"", ""map_file"": ""warehouse-10-20-10-2-1.map"", ""seed"": ""1"", ""soc"": ""22204"", ""soc_lb"": ""16004"", ""solved"": ""1"", ""solver"": ""planner"", ""sum_of_loss"": ""18973"", ""sum_of_loss_lb"": ""16004""}"
lg_lacam_fork:tl_static,LaCAM + traffic load (static map from starts),warehouse-10-20-10-2-1,warehouse-10-20-10-2-1-random-5,200,0,30.0,solved,0.137422,0.066,25169,276,21379,16004,198,1.572669,0,,/home/carsten/Projects/MAPF/MAPF Evaluator/results/tlcpp-warehouse-10-20-2-1/runs/lg_lacam_fork_tl_static/warehouse-10-20-10-2-1/warehouse-10-20-10-2-1-random-5_a200_s0_r0,25169,0.066,"{""agents"": ""200"", ""comp_time"": ""66"", ""makespan"": ""276"", ""makespan_lb"": ""198"", ""map_file"": ""warehouse-10-20-10-2-1.map"", ""seed"": ""0"", ""soc"": ""25169"", ""soc_lb"": ""16004"", ""solved"": ""1"", ""solver"": ""planner"", ""sum_of_loss"": ""21597"", ""sum_of_loss_lb"": ""16004""}"
lg_lacam_fork:tl_static,LaCAM + traffic load (static map from starts),warehouse-10-20-10-2-1,warehouse-10-20-10-2-1-random-5,200,1,30.0,solved,0.184286,0.066,25214,252,20920,16004,198,1.575481,0,,/home/carsten/Projects/MAPF/MAPF Evaluator/results/tlcpp-warehouse-10-20-2-1/runs/lg_lacam_fork_tl_static/warehouse-10-20-10-2-1/warehouse-10-20-10-2-1-random-5_a200_s1_r0,25214,0.066,"{""agents"": ""200"", ""comp_time"": ""66"", ""makespan"": ""252"", ""makespan_lb"": ""198"", ""map_file"": ""warehouse-10-20-10-2-1.map"", ""seed"": ""1"", ""soc"": ""25214"", ""soc_lb"": ""16004"", ""solved"": ""1"", ""solver"": ""planner"", ""sum_of_loss"": ""21072"", ""sum_of_loss_lb"": ""16004""}"
lg_lacam_fork:tl_static,LaCAM + traffic load (static map from starts),warehouse-10-20-10-2-1,warehouse-10-20-10-2-1-random-5,200,2,30.0,solved,0.215452,0.056,25417,273,21119,16004,198,1.588165,0,,/home/carsten/Projects/MAPF/MAPF Evaluator/results/tlcpp-warehouse-10-20-2-1/runs/lg_lacam_fork_tl_static/warehouse-10-20-10-2-1/warehouse-10-20-10-2-1-random-5_a200_s2_r0,25417,0.056,"{""agents"": ""200"", ""comp_time"": ""56"", ""makespan"": ""273"", ""makespan_lb"": ""198"", ""map_file"": ""warehouse-10-20-10-2-1.map"", ""seed"": ""2"", ""soc"": ""25417"", ""soc_lb"": ""16004"", ""solved"": ""1"", ""solver"": ""planner"", ""sum_of_loss"": ""21260"", ""sum_of_loss_lb"": ""16004""}"
lg_lacam_fork:suo,LaCAM3 = SUO (first solution),warehouse-10-20-10-2-1,warehouse-10-20-10-2-1-random-5,200,0,30.0,solved,0.184721,0.131,16809,198,16619,16004,198,1.0503,0,,/home/carsten/Projects/MAPF/MAPF Evaluator/results/tlcpp-warehouse-10-20-2-1/runs/lg_lacam_fork_suo/warehouse-10-20-10-2-1/warehouse-10-20-10-2-1-random-5_a200_s0_r0,16809,0.131,"{""agents"": ""200"", ""comp_time"": ""131"", ""makespan"": ""198"", ""makespan_lb"": ""198"", ""map_file"": ""warehouse-10-20-10-2-1.map"", ""seed"": ""0"", ""soc"": ""16809"", ""soc_lb"": ""16004"", ""solved"": ""1"", ""solver"": ""planner"", ""sum_of_loss"": ""16628"", ""sum_of_loss_lb"": ""16004""}"
lg_lacam_fork:suo,LaCAM3 = SUO (first solution),warehouse-10-20-10-2-1,warehouse-10-20-10-2-1-random-5,200,2,30.0,solved,0.197226,0.082,16589,198,16383,16004,198,1.036553,0,,/home/carsten/Projects/MAPF/MAPF Evaluator/results/tlcpp-warehouse-10-20-2-1/runs/lg_lacam_fork_suo/warehouse-10-20-10-2-1/warehouse-10-20-10-2-1-random-5_a200_s2_r0,16589,0.082,"{""agents"": ""200"", ""comp_time"": ""82"", ""makespan"": ""198"", ""makespan_lb"": ""198"", ""map_file"": ""warehouse-10-20-10-2-1.map"", ""seed"": ""2"", ""soc"": ""16589"", ""soc_lb"": ""16004"", ""solved"": ""1"", ""solver"": ""planner"", ""sum_of_loss"": ""16389"", ""sum_of_loss_lb"": ""16004""}"
lg_lacam_fork:suo,LaCAM3 = SUO (first solution),warehouse-10-20-10-2-1,warehouse-10-20-10-2-1-random-5,200,1,30.0,solved,0.237747,0.078,16869,198,16541,16004,198,1.054049,0,,/home/carsten/Projects/MAPF/MAPF Evaluator/results/tlcpp-warehouse-10-20-2-1/runs/lg_lacam_fork_suo/warehouse-10-20-10-2-1/warehouse-10-20-10-2-1-random-5_a200_s1_r0,16869,0.078,"{""agents"": ""200"", ""comp_time"": ""78"", ""makespan"": ""198"", ""makespan_lb"": ""198"", ""map_file"": ""warehouse-10-20-10-2-1.map"", ""seed"": ""1"", ""soc"": ""16869"", ""soc_lb"": ""16004"", ""solved"": ""1"", ""solver"": ""planner"", ""sum_of_loss"": ""16551"", ""sum_of_loss_lb"": ""16004""}"
lg_lacam_fork:suo_tl,SUO + traffic load,warehouse-10-20-10-2-1,warehouse-10-20-10-2-1-random-5,200,1,30.0,solved,0.316971,0.217,16849,198,16567,16004,198,1.052799,0,,/home/carsten/Projects/MAPF/MAPF Evaluator/results/tlcpp-warehouse-10-20-2-1/runs/lg_lacam_fork_suo_tl/warehouse-10-20-10-2-1/warehouse-10-20-10-2-1-random-5_a200_s1_r0,16849,0.217,"{""agents"": ""200"", ""comp_time"": ""217"", ""makespan"": ""198"", ""makespan_lb"": ""198"", ""map_file"": ""warehouse-10-20-10-2-1.map"", ""seed"": ""1"", ""soc"": ""16849"", ""soc_lb"": ""16004"", ""solved"": ""1"", ""solver"": ""planner"", ""sum_of_loss"": ""16577"", ""sum_of_loss_lb"": ""16004""}"
lg_lacam_fork:suo_tl,SUO + traffic load,warehouse-10-20-10-2-1,warehouse-10-20-10-2-1-random-5,200,0,30.0,solved,0.255117,0.146,16647,198,16423,16004,198,1.040177,0,,/home/carsten/Projects/MAPF/MAPF Evaluator/results/tlcpp-warehouse-10-20-2-1/runs/lg_lacam_fork_suo_tl/warehouse-10-20-10-2-1/warehouse-10-20-10-2-1-random-5_a200_s0_r0,16647,0.146,"{""agents"": ""200"", ""comp_time"": ""146"", ""makespan"": ""198"", ""makespan_lb"": ""198"", ""map_file"": ""warehouse-10-20-10-2-1.map"", ""seed"": ""0"", ""soc"": ""16647"", ""soc_lb"": ""16004"", ""solved"": ""1"", ""solver"": ""planner"", ""sum_of_loss"": ""16432"", ""sum_of_loss_lb"": ""16004""}"
lg_lacam_fork:suo_tl,SUO + traffic load,warehouse-10-20-10-2-1,warehouse-10-20-10-2-1-random-5,200,2,30.0,solved,0.274842,0.206,16545,198,16339,16004,198,1.033804,0,,/home/carsten/Projects/MAPF/MAPF Evaluator/results/tlcpp-warehouse-10-20-2-1/runs/lg_lacam_fork_suo_tl/warehouse-10-20-10-2-1/warehouse-10-20-10-2-1-random-5_a200_s2_r0,16545,0.206,"{""agents"": ""200"", ""comp_time"": ""206"", ""makespan"": ""198"", ""makespan_lb"": ""198"", ""map_file"": ""warehouse-10-20-10-2-1.map"", ""seed"": ""2"", ""soc"": ""16545"", ""soc_lb"": ""16004"", ""solved"": ""1"", ""solver"": ""planner"", ""sum_of_loss"": ""16345"", ""sum_of_loss_lb"": ""16004""}"
lg_lacam_fork:lg,"LG-LaCAM (window 20, first solution)",warehouse-10-20-10-2-1,warehouse-10-20-10-2-1-random-5,200,0,30.0,solved,0.341173,0.145,19407,200,17345,16004,198,1.212634,0,,/home/carsten/Projects/MAPF/MAPF Evaluator/results/tlcpp-warehouse-10-20-2-1/runs/lg_lacam_fork_lg/warehouse-10-20-10-2-1/warehouse-10-20-10-2-1-random-5_a200_s0_r0,19407,0.145,"{""agents"": ""200"", ""comp_time"": ""145"", ""makespan"": ""200"", ""makespan_lb"": ""198"", ""map_file"": ""warehouse-10-20-10-2-1.map"", ""seed"": ""0"", ""soc"": ""19407"", ""soc_lb"": ""16004"", ""solved"": ""1"", ""solver"": ""planner"", ""sum_of_loss"": ""17422"", ""sum_of_loss_lb"": ""16004""}"
lg_lacam_fork:lg,"LG-LaCAM (window 20, first solution)",warehouse-10-20-10-2-1,warehouse-10-20-10-2-1-random-5,200,1,30.0,solved,0.236963,0.109,19314,200,17355,16004,198,1.206823,0,,/home/carsten/Projects/MAPF/MAPF Evaluator/results/tlcpp-warehouse-10-20-2-1/runs/lg_lacam_fork_lg/warehouse-10-20-10-2-1/warehouse-10-20-10-2-1-random-5_a200_s1_r0,19314,0.109,"{""agents"": ""200"", ""comp_time"": ""109"", ""makespan"": ""200"", ""makespan_lb"": ""198"", ""map_file"": ""warehouse-10-20-10-2-1.map"", ""seed"": ""1"", ""soc"": ""19314"", ""soc_lb"": ""16004"", ""solved"": ""1"", ""solver"": ""planner"", ""sum_of_loss"": ""17435"", ""sum_of_loss_lb"": ""16004""}"
lg_lacam_fork:lg,"LG-LaCAM (window 20, first solution)",warehouse-10-20-10-2-1,warehouse-10-20-10-2-1-random-5,200,2,30.0,solved,0.283015,0.109,19568,200,17381,16004,198,1.222694,0,,/home/carsten/Projects/MAPF/MAPF Evaluator/results/tlcpp-warehouse-10-20-2-1/runs/lg_lacam_fork_lg/warehouse-10-20-10-2-1/warehouse-10-20-10-2-1-random-5_a200_s2_r0,19568,0.109,"{""agents"": ""200"", ""comp_time"": ""109"", ""makespan"": ""200"", ""makespan_lb"": ""198"", ""map_file"": ""warehouse-10-20-10-2-1.map"", ""seed"": ""2"", ""soc"": ""19568"", ""soc_lb"": ""16004"", ""solved"": ""1"", ""solver"": ""planner"", ""sum_of_loss"": ""17470"", ""sum_of_loss_lb"": ""16004""}"
lg_lacam_fork:lg_tl,LG-LaCAM (window 20) + traffic load,warehouse-10-20-10-2-1,warehouse-10-20-10-2-1-random-5,200,0,30.0,solved,0.327436,0.198,19068,200,17132,16004,198,1.191452,0,,/home/carsten/Projects/MAPF/MAPF Evaluator/results/tlcpp-warehouse-10-20-2-1/runs/lg_lacam_fork_lg_tl/warehouse-10-20-10-2-1/warehouse-10-20-10-2-1-random-5_a200_s0_r0,19068,0.198,"{""agents"": ""200"", ""comp_time"": ""198"", ""makespan"": ""200"", ""makespan_lb"": ""198"", ""map_file"": ""warehouse-10-20-10-2-1.map"", ""seed"": ""0"", ""soc"": ""19068"", ""soc_lb"": ""16004"", ""solved"": ""1"", ""solver"": ""planner"", ""sum_of_loss"": ""17201"", ""sum_of_loss_lb"": ""16004""}"
lg_lacam_fork:lg_tl,LG-LaCAM (window 20) + traffic load,warehouse-10-20-10-2-1,warehouse-10-20-10-2-1-random-5,200,1,30.0,solved,0.303932,0.182,19250,200,17224,16004,198,1.202824,0,,/home/carsten/Projects/MAPF/MAPF Evaluator/results/tlcpp-warehouse-10-20-2-1/runs/lg_lacam_fork_lg_tl/warehouse-10-20-10-2-1/warehouse-10-20-10-2-1-random-5_a200_s1_r0,19250,0.182,"{""agents"": ""200"", ""comp_time"": ""182"", ""makespan"": ""200"", ""makespan_lb"": ""198"", ""map_file"": ""warehouse-10-20-10-2-1.map"", ""seed"": ""1"", ""soc"": ""19250"", ""soc_lb"": ""16004"", ""solved"": ""1"", ""solver"": ""planner"", ""sum_of_loss"": ""17300"", ""sum_of_loss_lb"": ""16004""}"
lg_lacam_fork:lg_tl,LG-LaCAM (window 20) + traffic load,warehouse-10-20-10-2-1,warehouse-10-20-10-2-1-random-5,200,2,30.0,solved,0.280244,0.163,19143,200,17157,16004,198,1.196138,0,,/home/carsten/Projects/MAPF/MAPF Evaluator/results/tlcpp-warehouse-10-20-2-1/runs/lg_lacam_fork_lg_tl/warehouse-10-20-10-2-1/warehouse-10-20-10-2-1-random-5_a200_s2_r0,19143,0.163,"{""agents"": ""200"", ""comp_time"": ""163"", ""makespan"": ""200"", ""makespan_lb"": ""198"", ""map_file"": ""warehouse-10-20-10-2-1.map"", ""seed"": ""2"", ""soc"": ""19143"", ""soc_lb"": ""16004"", ""solved"": ""1"", ""solver"": ""planner"", ""sum_of_loss"": ""17232"", ""sum_of_loss_lb"": ""16004""}"
lg_lacam_fork:lg_suo,LG-LaCAM (window 20) + SUO,warehouse-10-20-10-2-1,warehouse-10-20-10-2-1-random-5,200,0,30.0,solved,0.373708,0.197,18276,198,16866,16004,198,1.141965,0,,/home/carsten/Projects/MAPF/MAPF Evaluator/results/tlcpp-warehouse-10-20-2-1/runs/lg_lacam_fork_lg_suo/warehouse-10-20-10-2-1/warehouse-10-20-10-2-1-random-5_a200_s0_r0,18276,0.197,"{""agents"": ""200"", ""comp_time"": ""197"", ""makespan"": ""198"", ""makespan_lb"": ""198"", ""map_file"": ""warehouse-10-20-10-2-1.map"", ""seed"": ""0"", ""soc"": ""18276"", ""soc_lb"": ""16004"", ""solved"": ""1"", ""solver"": ""planner"", ""sum_of_loss"": ""16918"", ""sum_of_loss_lb"": ""16004""}"
lg_lacam_fork:lg_suo,LG-LaCAM (window 20) + SUO,warehouse-10-20-10-2-1,warehouse-10-20-10-2-1-random-5,200,1,30.0,solved,0.234806,0.188,18167,198,16898,16004,198,1.135154,0,,/home/carsten/Projects/MAPF/MAPF Evaluator/results/tlcpp-warehouse-10-20-2-1/runs/lg_lacam_fork_lg_suo/warehouse-10-20-10-2-1/warehouse-10-20-10-2-1-random-5_a200_s1_r0,18167,0.188,"{""agents"": ""200"", ""comp_time"": ""188"", ""makespan"": ""198"", ""makespan_lb"": ""198"", ""map_file"": ""warehouse-10-20-10-2-1.map"", ""seed"": ""1"", ""soc"": ""18167"", ""soc_lb"": ""16004"", ""solved"": ""1"", ""solver"": ""planner"", ""sum_of_loss"": ""16946"", ""sum_of_loss_lb"": ""16004""}"
lg_lacam_fork:lg_suo,LG-LaCAM (window 20) + SUO,warehouse-10-20-10-2-1,warehouse-10-20-10-2-1-random-5,200,2,30.0,solved,0.334731,0.203,18128,198,16763,16004,198,1.132717,0,,/home/carsten/Projects/MAPF/MAPF Evaluator/results/tlcpp-warehouse-10-20-2-1/runs/lg_lacam_fork_lg_suo/warehouse-10-20-10-2-1/warehouse-10-20-10-2-1-random-5_a200_s2_r0,18128,0.203,"{""agents"": ""200"", ""comp_time"": ""203"", ""makespan"": ""198"", ""makespan_lb"": ""198"", ""map_file"": ""warehouse-10-20-10-2-1.map"", ""seed"": ""2"", ""soc"": ""18128"", ""soc_lb"": ""16004"", ""solved"": ""1"", ""solver"": ""planner"", ""sum_of_loss"": ""16813"", ""sum_of_loss_lb"": ""16004""}"
lg_lacam_fork:lg_suo_tl,LG-LaCAM (window 20) + SUO + traffic load,warehouse-10-20-10-2-1,warehouse-10-20-10-2-1-random-5,200,0,30.0,solved,0.382849,0.291,18252,198,16831,16004,198,1.140465,0,,/home/carsten/Projects/MAPF/MAPF Evaluator/results/tlcpp-warehouse-10-20-2-1/runs/lg_lacam_fork_lg_suo_tl/warehouse-10-20-10-2-1/warehouse-10-20-10-2-1-random-5_a200_s0_r0,18252,0.291,"{""agents"": ""200"", ""comp_time"": ""291"", ""makespan"": ""198"", ""makespan_lb"": ""198"", ""map_file"": ""warehouse-10-20-10-2-1.map"", ""seed"": ""0"", ""soc"": ""18252"", ""soc_lb"": ""16004"", ""solved"": ""1"", ""solver"": ""planner"", ""sum_of_loss"": ""16879"", ""sum_of_loss_lb"": ""16004""}"
lg_lacam_fork:lg_suo_tl,LG-LaCAM (window 20) + SUO + traffic load,warehouse-10-20-10-2-1,warehouse-10-20-10-2-1-random-5,200,1,30.0,solved,0.355659,0.258,18419,198,16758,16004,198,1.1509,0,,/home/carsten/Projects/MAPF/MAPF Evaluator/results/tlcpp-warehouse-10-20-2-1/runs/lg_lacam_fork_lg_suo_tl/warehouse-10-20-10-2-1/warehouse-10-20-10-2-1-random-5_a200_s1_r0,18419,0.258,"{""agents"": ""200"", ""comp_time"": ""258"", ""makespan"": ""198"", ""makespan_lb"": ""198"", ""map_file"": ""warehouse-10-20-10-2-1.map"", ""seed"": ""1"", ""soc"": ""18419"", ""soc_lb"": ""16004"", ""solved"": ""1"", ""solver"": ""planner"", ""sum_of_loss"": ""16806"", ""sum_of_loss_lb"": ""16004""}"
lg_lacam_fork:lg_suo_tl,LG-LaCAM (window 20) + SUO + traffic load,warehouse-10-20-10-2-1,warehouse-10-20-10-2-1-random-5,200,2,30.0,solved,0.32586,0.229,17981,198,16733,16004,198,1.123532,0,,/home/carsten/Projects/MAPF/MAPF Evaluator/results/tlcpp-warehouse-10-20-2-1/runs/lg_lacam_fork_lg_suo_tl/warehouse-10-20-10-2-1/warehouse-10-20-10-2-1-random-5_a200_s2_r0,17981,0.229,"{""agents"": ""200"", ""comp_time"": ""229"", ""makespan"": ""198"", ""makespan_lb"": ""198"", ""map_file"": ""warehouse-10-20-10-2-1.map"", ""seed"": ""2"", ""soc"": ""17981"", ""soc_lb"": ""16004"", ""solved"": ""1"", ""solver"": ""planner"", ""sum_of_loss"": ""16780"", ""sum_of_loss_lb"": ""16004""}"
