solver_id,solver_label,map,scen,agents,seed,timeout,status,wallclock_s,solver_time_s,soc,makespan,sum_of_loss,soc_lb,makespan_lb,soc_ratio,exit_code,error,run_dir,first_soc,first_time_s,solver_stats
pp_guided_tl:shortest,PP-guided (shortest first),warehouse-10-20-10-2-1,warehouse-10-20-10-2-1-random-1,50,2,30.0,solved,0.030146,0.007,4125,174,4125,4104,174,1.005117,0,,/home/carsten/Projects/MAPF/MAPF Evaluator/results/pptl-warehouse-10-20-2-1/runs/pp_guided_tl_shortest/warehouse-10-20-10-2-1/warehouse-10-20-10-2-1-random-1_a50_s2_r0,,,"{""agents"": ""50"", ""comp_time"": ""7"", ""first_ms"": ""7.7"", ""makespan"": ""174"", ""makespan_lb"": ""174"", ""map_file"": ""warehouse-10-20-10-2-1.map"", ""pp_demote_rounds"": ""0"", ""pp_failed"": ""0"", ""pp_order"": ""shortest"", ""pp_plan_ms"": ""4.0"", ""pp_plan_soc"": ""4125"", ""pp_tl"": ""0"", ""pp_used"": ""1"", ""seed"": ""2"", ""soc"": ""4125"", ""soc_lb"": ""4104"", ""solved"": ""1"", ""solver"": ""planner"", ""sum_of_loss"": ""4125"", ""sum_of_loss_lb"": ""4104""}"
pp_guided_tl:shortest,PP-guided (shortest first),warehouse-10-20-10-2-1,warehouse-10-20-10-2-1-random-1,50,1,30.0,solved,0.035094,0.008,4125,174,4125,4104,174,1.005117,0,,/home/carsten/Projects/MAPF/MAPF Evaluator/results/pptl-warehouse-10-20-2-1/runs/pp_guided_tl_shortest/warehouse-10-20-10-2-1/warehouse-10-20-10-2-1-random-1_a50_s1_r0,,,"{""agents"": ""50"", ""comp_time"": ""8"", ""first_ms"": ""7.7"", ""makespan"": ""174"", ""makespan_lb"": ""174"", ""map_file"": ""warehouse-10-20-10-2-1.map"", ""pp_demote_rounds"": ""0"", ""pp_failed"": ""0"", ""pp_order"": ""shortest"", ""pp_plan_ms"": ""4.0"", ""pp_plan_soc"": ""4125"", ""pp_tl"": ""0"", ""pp_used"": ""1"", ""seed"": ""1"", ""soc"": ""4125"", ""soc_lb"": ""4104"", ""solved"": ""1"", ""solver"": ""planner"", ""sum_of_loss"": ""4125"", ""sum_of_loss_lb"": ""4104""}"
pp_guided_tl:shortest,PP-guided (shortest first),warehouse-10-20-10-2-1,warehouse-10-20-10-2-1-random-1,50,0,30.0,solved,0.040381,0.007,4125,174,4125,4104,174,1.005117,0,,/home/carsten/Projects/MAPF/MAPF Evaluator/results/pptl-warehouse-10-20-2-1/runs/pp_guided_tl_shortest/warehouse-10-20-10-2-1/warehouse-10-20-10-2-1-random-1_a50_s0_r0,,,"{""agents"": ""50"", ""comp_time"": ""7"", ""first_ms"": ""7.7"", ""makespan"": ""174"", ""makespan_lb"": ""174"", ""map_file"": ""warehouse-10-20-10-2-1.map"", ""pp_demote_rounds"": ""0"", ""pp_failed"": ""0"", ""pp_order"": ""shortest"", ""pp_plan_ms"": ""4.0"", ""pp_plan_soc"": ""4125"", ""pp_tl"": ""0"", ""pp_used"": ""1"", ""seed"": ""0"", ""soc"": ""4125"", ""soc_lb"": ""4104"", ""solved"": ""1"", ""solver"": ""planner"", ""sum_of_loss"": ""4125"", ""sum_of_loss_lb"": ""4104""}"
pp_guided_tl:shortest_tl,PP-guided (shortest first) + traffic load in SIPP,warehouse-10-20-10-2-1,warehouse-10-20-10-2-1-random-1,50,0,30.0,solved,0.024762,0.013,4119,174,4119,4104,174,1.003655,0,,/home/carsten/Projects/MAPF/MAPF Evaluator/results/pptl-warehouse-10-20-2-1/runs/pp_guided_tl_shortest_tl/warehouse-10-20-10-2-1/warehouse-10-20-10-2-1-random-1_a50_s0_r0,,,"{""agents"": ""50"", ""comp_time"": ""13"", ""first_ms"": ""12.3"", ""makespan"": ""174"", ""makespan_lb"": ""174"", ""map_file"": ""warehouse-10-20-10-2-1.map"", ""pp_demote_rounds"": ""0"", ""pp_failed"": ""0"", ""pp_order"": ""shortest"", ""pp_plan_ms"": ""8.3"", ""pp_plan_soc"": ""4119"", ""pp_tl"": ""1"", ""pp_used"": ""1"", ""seed"": ""0"", ""soc"": ""4119"", ""soc_lb"": ""4104"", ""solved"": ""1"", ""solver"": ""planner"", ""sum_of_loss"": ""4119"", ""sum_of_loss_lb"": ""4104""}"
pp_guided_tl:shortest_tl,PP-guided (shortest first) + traffic load in SIPP,warehouse-10-20-10-2-1,warehouse-10-20-10-2-1-random-1,50,1,30.0,solved,0.123833,0.013,4119,174,4119,4104,174,1.003655,0,,/home/carsten/Projects/MAPF/MAPF Evaluator/results/pptl-warehouse-10-20-2-1/runs/pp_guided_tl_shortest_tl/warehouse-10-20-10-2-1/warehouse-10-20-10-2-1-random-1_a50_s1_r0,,,"{""agents"": ""50"", ""comp_time"": ""13"", ""first_ms"": ""12.3"", ""makespan"": ""174"", ""makespan_lb"": ""174"", ""map_file"": ""warehouse-10-20-10-2-1.map"", ""pp_demote_rounds"": ""0"", ""pp_failed"": ""0"", ""pp_order"": ""shortest"", ""pp_plan_ms"": ""8.4"", ""pp_plan_soc"": ""4119"", ""pp_tl"": ""1"", ""pp_used"": ""1"", ""seed"": ""1"", ""soc"": ""4119"", ""soc_lb"": ""4104"", ""solved"": ""1"", ""solver"": ""planner"", ""sum_of_loss"": ""4119"", ""sum_of_loss_lb"": ""4104""}"
pp_guided_tl:shortest_tl,PP-guided (shortest first) + traffic load in SIPP,warehouse-10-20-10-2-1,warehouse-10-20-10-2-1-random-1,50,2,30.0,solved,0.082402,0.013,4119,174,4119,4104,174,1.003655,0,,/home/carsten/Projects/MAPF/MAPF Evaluator/results/pptl-warehouse-10-20-2-1/runs/pp_guided_tl_shortest_tl/warehouse-10-20-10-2-1/warehouse-10-20-10-2-1-random-1_a50_s2_r0,,,"{""agents"": ""50"", ""comp_time"": ""13"", ""first_ms"": ""12.4"", ""makespan"": ""174"", ""makespan_lb"": ""174"", ""map_file"": ""warehouse-10-20-10-2-1.map"", ""pp_demote_rounds"": ""0"", ""pp_failed"": ""0"", ""pp_order"": ""shortest"", ""pp_plan_ms"": ""8.4"", ""pp_plan_soc"": ""4119"", ""pp_tl"": ""1"", ""pp_used"": ""1"", ""seed"": ""2"", ""soc"": ""4119"", ""soc_lb"": ""4104"", ""solved"": ""1"", ""solver"": ""planner"", ""sum_of_loss"": ""4119"", ""sum_of_loss_lb"": ""4104""}"
pp_guided_tl:traffic,PP-guided (traffic-last),warehouse-10-20-10-2-1,warehouse-10-20-10-2-1-random-1,50,0,30.0,solved,0.066583,0.014,4790,174,4640,4104,174,1.167154,0,,/home/carsten/Projects/MAPF/MAPF Evaluator/results/pptl-warehouse-10-20-2-1/runs/pp_guided_tl_traffic/warehouse-10-20-10-2-1/warehouse-10-20-10-2-1-random-1_a50_s0_r0,,,"{""agents"": ""50"", ""comp_time"": ""14"", ""first_ms"": ""14.3"", ""makespan"": ""174"", ""makespan_lb"": ""174"", ""map_file"": ""warehouse-10-20-10-2-1.map"", ""pp_demote_rounds"": ""0"", ""pp_failed"": ""0"", ""pp_order"": ""traffic-last"", ""pp_plan_ms"": ""11.0"", ""pp_plan_soc"": ""4790"", ""pp_tl"": ""0"", ""pp_used"": ""1"", ""seed"": ""0"", ""soc"": ""4790"", ""soc_lb"": ""4104"", ""solved"": ""1"", ""solver"": ""planner"", ""sum_of_loss"": ""4646"", ""sum_of_loss_lb"": ""4104""}"
pp_guided_tl:traffic,PP-guided (traffic-last),warehouse-10-20-10-2-1,warehouse-10-20-10-2-1-random-1,50,1,30.0,solved,0.060124,0.014,4790,174,4640,4104,174,1.167154,0,,/home/carsten/Projects/MAPF/MAPF Evaluator/results/pptl-warehouse-10-20-2-1/runs/pp_guided_tl_traffic/warehouse-10-20-10-2-1/warehouse-10-20-10-2-1-random-1_a50_s1_r0,,,"{""agents"": ""50"", ""comp_time"": ""14"", ""first_ms"": ""14.2"", ""makespan"": ""174"", ""makespan_lb"": ""174"", ""map_file"": ""warehouse-10-20-10-2-1.map"", ""pp_demote_rounds"": ""0"", ""pp_failed"": ""0"", ""pp_order"": ""traffic-last"", ""pp_plan_ms"": ""10.8"", ""pp_plan_soc"": ""4790"", ""pp_tl"": ""0"", ""pp_used"": ""1"", ""seed"": ""1"", ""soc"": ""4790"", ""soc_lb"": ""4104"", ""solved"": ""1"", ""solver"": ""planner"", ""sum_of_loss"": ""4646"", ""sum_of_loss_lb"": ""4104""}"
pp_guided_tl:traffic,PP-guided (traffic-last),warehouse-10-20-10-2-1,warehouse-10-20-10-2-1-random-1,50,2,30.0,solved,0.062152,0.015,4790,174,4640,4104,174,1.167154,0,,/home/carsten/Projects/MAPF/MAPF Evaluator/results/pptl-warehouse-10-20-2-1/runs/pp_guided_tl_traffic/warehouse-10-20-10-2-1/warehouse-10-20-10-2-1-random-1_a50_s2_r0,,,"{""agents"": ""50"", ""comp_time"": ""15"", ""first_ms"": ""14.6"", ""makespan"": ""174"", ""makespan_lb"": ""174"", ""map_file"": ""warehouse-10-20-10-2-1.map"", ""pp_demote_rounds"": ""0"", ""pp_failed"": ""0"", ""pp_order"": ""traffic-last"", ""pp_plan_ms"": ""11.0"", ""pp_plan_soc"": ""4790"", ""pp_tl"": ""0"", ""pp_used"": ""1"", ""seed"": ""2"", ""soc"": ""4790"", ""soc_lb"": ""4104"", ""solved"": ""1"", ""solver"": ""planner"", ""sum_of_loss"": ""4646"", ""sum_of_loss_lb"": ""4104""}"
pp_guided_tl:traffic_tl,PP-guided (traffic-last) + traffic load in SIPP,warehouse-10-20-10-2-1,warehouse-10-20-10-2-1-random-1,50,2,30.0,solved,0.040467,0.019,4596,174,4388,4104,174,1.119883,0,,/home/carsten/Projects/MAPF/MAPF Evaluator/results/pptl-warehouse-10-20-2-1/runs/pp_guided_tl_traffic_tl/warehouse-10-20-10-2-1/warehouse-10-20-10-2-1-random-1_a50_s2_r0,,,"{""agents"": ""50"", ""comp_time"": ""19"", ""first_ms"": ""18.5"", ""makespan"": ""174"", ""makespan_lb"": ""174"", ""map_file"": ""warehouse-10-20-10-2-1.map"", ""pp_demote_rounds"": ""0"", ""pp_failed"": ""0"", ""pp_order"": ""traffic-last"", ""pp_plan_ms"": ""12.8"", ""pp_plan_soc"": ""4596"", ""pp_tl"": ""1"", ""pp_used"": ""1"", ""seed"": ""2"", ""soc"": ""4596"", ""soc_lb"": ""4104"", ""solved"": ""1"", ""solver"": ""planner"", ""sum_of_loss"": ""4393"", ""sum_of_loss_lb"": ""4104""}"
pp_guided_tl:traffic_tl,PP-guided (traffic-last) + traffic load in SIPP,warehouse-10-20-10-2-1,warehouse-10-20-10-2-1-random-1,50,1,30.0,solved,0.035297,0.018,4596,174,4388,4104,174,1.119883,0,,/home/carsten/Projects/MAPF/MAPF Evaluator/results/pptl-warehouse-10-20-2-1/runs/pp_guided_tl_traffic_tl/warehouse-10-20-10-2-1/warehouse-10-20-10-2-1-random-1_a50_s1_r0,,,"{""agents"": ""50"", ""comp_time"": ""18"", ""first_ms"": ""18.4"", ""makespan"": ""174"", ""makespan_lb"": ""174"", ""map_file"": ""warehouse-10-20-10-2-1.map"", ""pp_demote_rounds"": ""0"", ""pp_failed"": ""0"", ""pp_order"": ""traffic-last"", ""pp_plan_ms"": ""12.8"", ""pp_plan_soc"": ""4596"", ""pp_tl"": ""1"", ""pp_used"": ""1"", ""seed"": ""1"", ""soc"": ""4596"", ""soc_lb"": ""4104"", ""solved"": ""1"", ""solver"": ""planner"", ""sum_of_loss"": ""4393"", ""sum_of_loss_lb"": ""4104""}"
pp_guided_tl:traffic_tl,PP-guided (traffic-last) + traffic load in SIPP,warehouse-10-20-10-2-1,warehouse-10-20-10-2-1-random-1,50,0,30.0,solved,0.100148,0.018,4596,174,4388,4104,174,1.119883,0,,/home/carsten/Projects/MAPF/MAPF Evaluator/results/pptl-warehouse-10-20-2-1/runs/pp_guided_tl_traffic_tl/warehouse-10-20-10-2-1/warehouse-10-20-10-2-1-random-1_a50_s0_r0,,,"{""agents"": ""50"", ""comp_time"": ""18"", ""first_ms"": ""18.4"", ""makespan"": ""174"", ""makespan_lb"": ""174"", ""map_file"": ""warehouse-10-20-10-2-1.map"", ""pp_demote_rounds"": ""0"", ""pp_failed"": ""0"", ""pp_order"": ""traffic-last"", ""pp_plan_ms"": ""12.5"", ""pp_plan_soc"": ""4596"", ""pp_tl"": ""1"", ""pp_used"": ""1"", ""seed"": ""0"", ""soc"": ""4596"", ""soc_lb"": ""4104"", ""solved"": ""1"", ""solver"": ""planner"", ""sum_of_loss"": ""4393"", ""sum_of_loss_lb"": ""4104""}"
pp_guided_tl:shortest_tl,PP-guided (shortest first) + traffic load in SIPP,warehouse-10-20-10-2-1,warehouse-10-20-10-2-1-random-1,100,0,30.0,solved,0.086808,0.036,9023,198,9023,8991,198,1.003559,0,,/home/carsten/Projects/MAPF/MAPF Evaluator/results/pptl-warehouse-10-20-2-1/runs/pp_guided_tl_shortest_tl/warehouse-10-20-10-2-1/warehouse-10-20-10-2-1-random-1_a100_s0_r0,,,"{""agents"": ""100"", ""comp_time"": ""36"", ""first_ms"": ""35.5"", ""makespan"": ""198"", ""makespan_lb"": ""198"", ""map_file"": ""warehouse-10-20-10-2-1.map"", ""pp_demote_rounds"": ""0"", ""pp_failed"": ""0"", ""pp_order"": ""shortest"", ""pp_plan_ms"": ""26.3"", ""pp_plan_soc"": ""9023"", ""pp_tl"": ""1"", ""pp_used"": ""1"", ""seed"": ""0"", ""soc"": ""9023"", ""soc_lb"": ""8991"", ""solved"": ""1"", ""solver"": ""planner"", ""sum_of_loss"": ""9023"", ""sum_of_loss_lb"": ""8991""}"
pp_guided_tl:shortest,PP-guided (shortest first),warehouse-10-20-10-2-1,warehouse-10-20-10-2-1-random-1,100,0,30.0,solved,0.11684,0.017,9041,198,9041,8991,198,1.005561,0,,/home/carsten/Projects/MAPF/MAPF Evaluator/results/pptl-warehouse-10-20-2-1/runs/pp_guided_tl_shortest/warehouse-10-20-10-2-1/warehouse-10-20-10-2-1-random-1_a100_s0_r0,,,"{""agents"": ""100"", ""comp_time"": ""17"", ""first_ms"": ""16.9"", ""makespan"": ""198"", ""makespan_lb"": ""198"", ""map_file"": ""warehouse-10-20-10-2-1.map"", ""pp_demote_rounds"": ""0"", ""pp_failed"": ""0"", ""pp_order"": ""shortest"", ""pp_plan_ms"": ""10.7"", ""pp_plan_soc"": ""9041"", ""pp_tl"": ""0"", ""pp_used"": ""1"", ""seed"": ""0"", ""soc"": ""9041"", ""soc_lb"": ""8991"", ""solved"": ""1"", ""solver"": ""planner"", ""sum_of_loss"": ""9041"", ""sum_of_loss_lb"": ""8991""}"
pp_guided_tl:shortest,PP-guided (shortest first),warehouse-10-20-10-2-1,warehouse-10-20-10-2-1-random-1,100,2,30.0,solved,0.19304,0.017,9041,198,9041,8991,198,1.005561,0,,/home/carsten/Projects/MAPF/MAPF Evaluator/results/pptl-warehouse-10-20-2-1/runs/pp_guided_tl_shortest/warehouse-10-20-10-2-1/warehouse-10-20-10-2-1-random-1_a100_s2_r0,,,"{""agents"": ""100"", ""comp_time"": ""17"", ""first_ms"": ""16.8"", ""makespan"": ""198"", ""makespan_lb"": ""198"", ""map_file"": ""warehouse-10-20-10-2-1.map"", ""pp_demote_rounds"": ""0"", ""pp_failed"": ""0"", ""pp_order"": ""shortest"", ""pp_plan_ms"": ""10.7"", ""pp_plan_soc"": ""9041"", ""pp_tl"": ""0"", ""pp_used"": ""1"", ""seed"": ""2"", ""soc"": ""9041"", ""soc_lb"": ""8991"", ""solved"": ""1"", ""solver"": ""planner"", ""sum_of_loss"": ""9041"", ""sum_of_loss_lb"": ""8991""}"
pp_guided_tl:shortest,PP-guided (shortest first),warehouse-10-20-10-2-1,warehouse-10-20-10-2-1-random-1,100,1,30.0,solved,0.091698,0.017,9041,198,9041,8991,198,1.005561,0,,/home/carsten/Projects/MAPF/MAPF Evaluator/results/pptl-warehouse-10-20-2-1/runs/pp_guided_tl_shortest/warehouse-10-20-10-2-1/warehouse-10-20-10-2-1-random-1_a100_s1_r0,,,"{""agents"": ""100"", ""comp_time"": ""17"", ""first_ms"": ""16.9"", ""makespan"": ""198"", ""makespan_lb"": ""198"", ""map_file"": ""warehouse-10-20-10-2-1.map"", ""pp_demote_rounds"": ""0"", ""pp_failed"": ""0"", ""pp_order"": ""shortest"", ""pp_plan_ms"": ""10.7"", ""pp_plan_soc"": ""9041"", ""pp_tl"": ""0"", ""pp_used"": ""1"", ""seed"": ""1"", ""soc"": ""9041"", ""soc_lb"": ""8991"", ""solved"": ""1"", ""solver"": ""planner"", ""sum_of_loss"": ""9041"", ""sum_of_loss_lb"": ""8991""}"
pp_guided_tl:shortest_tl,PP-guided (shortest first) + traffic load in SIPP,warehouse-10-20-10-2-1,warehouse-10-20-10-2-1-random-1,100,1,30.0,solved,0.13296,0.035,9023,198,9023,8991,198,1.003559,0,,/home/carsten/Projects/MAPF/MAPF Evaluator/results/pptl-warehouse-10-20-2-1/runs/pp_guided_tl_shortest_tl/warehouse-10-20-10-2-1/warehouse-10-20-10-2-1-random-1_a100_s1_r0,,,"{""agents"": ""100"", ""comp_time"": ""35"", ""first_ms"": ""35.5"", ""makespan"": ""198"", ""makespan_lb"": ""198"", ""map_file"": ""warehouse-10-20-10-2-1.map"", ""pp_demote_rounds"": ""0"", ""pp_failed"": ""0"", ""pp_order"": ""shortest"", ""pp_plan_ms"": ""25.9"", ""pp_plan_soc"": ""9023"", ""pp_tl"": ""1"", ""pp_used"": ""1"", ""seed"": ""1"", ""soc"": ""9023"", ""soc_lb"": ""8991"", ""solved"": ""1"", ""solver"": ""planner"", ""sum_of_loss"": ""9023"", ""sum_of_loss_lb"": ""8991""}"
pp_guided_tl:shortest_tl,PP-guided (shortest first) + traffic load in SIPP,warehouse-10-20-10-2-1,warehouse-10-20-10-2-1-random-1,100,2,30.0,solved,0.167869,0.036,9023,198,9023,8991,198,1.003559,0,,/home/carsten/Projects/MAPF/MAPF Evaluator/results/pptl-warehouse-10-20-2-1/runs/pp_guided_tl_shortest_tl/warehouse-10-20-10-2-1/warehouse-10-20-10-2-1-random-1_a100_s2_r0,,,"{""agents"": ""100"", ""comp_time"": ""36"", ""first_ms"": ""35.5"", ""makespan"": ""198"", ""makespan_lb"": ""198"", ""map_file"": ""warehouse-10-20-10-2-1.map"", ""pp_demote_rounds"": ""0"", ""pp_failed"": ""0"", ""pp_order"": ""shortest"", ""pp_plan_ms"": ""26.3"", ""pp_plan_soc"": ""9023"", ""pp_tl"": ""1"", ""pp_used"": ""1"", ""seed"": ""2"", ""soc"": ""9023"", ""soc_lb"": ""8991"", ""solved"": ""1"", ""solver"": ""planner"", ""sum_of_loss"": ""9023"", ""sum_of_loss_lb"": ""8991""}"
pp_guided_tl:traffic,PP-guided (traffic-last),warehouse-10-20-10-2-1,warehouse-10-20-10-2-1-random-1,100,0,30.0,solved,0.112503,0.036,10735,198,9839,8991,198,1.193972,0,,/home/carsten/Projects/MAPF/MAPF Evaluator/results/pptl-warehouse-10-20-2-1/runs/pp_guided_tl_traffic/warehouse-10-20-10-2-1/warehouse-10-20-10-2-1-random-1_a100_s0_r0,,,"{""agents"": ""100"", ""comp_time"": ""36"", ""first_ms"": ""35.9"", ""makespan"": ""198"", ""makespan_lb"": ""198"", ""map_file"": ""warehouse-10-20-10-2-1.map"", ""pp_demote_rounds"": ""0"", ""pp_failed"": ""0"", ""pp_order"": ""traffic-last"", ""pp_plan_ms"": ""28.3"", ""pp_plan_soc"": ""10735"", ""pp_tl"": ""0"", ""pp_used"": ""1"", ""seed"": ""0"", ""soc"": ""10735"", ""soc_lb"": ""8991"", ""solved"": ""1"", ""solver"": ""planner"", ""sum_of_loss"": ""9862"", ""sum_of_loss_lb"": ""8991""}"
pp_guided_tl:traffic,PP-guided (traffic-last),warehouse-10-20-10-2-1,warehouse-10-20-10-2-1-random-1,100,1,30.0,solved,0.422199,0.035,10735,198,9839,8991,198,1.193972,0,,/home/carsten/Projects/MAPF/MAPF Evaluator/results/pptl-warehouse-10-20-2-1/runs/pp_guided_tl_traffic/warehouse-10-20-10-2-1/warehouse-10-20-10-2-1-random-1_a100_s1_r0,,,"{""agents"": ""100"", ""comp_time"": ""35"", ""first_ms"": ""34.9"", ""makespan"": ""198"", ""makespan_lb"": ""198"", ""map_file"": ""warehouse-10-20-10-2-1.map"", ""pp_demote_rounds"": ""0"", ""pp_failed"": ""0"", ""pp_order"": ""traffic-last"", ""pp_plan_ms"": ""27.6"", ""pp_plan_soc"": ""10735"", ""pp_tl"": ""0"", ""pp_used"": ""1"", ""seed"": ""1"", ""soc"": ""10735"", ""soc_lb"": ""8991"", ""solved"": ""1"", ""solver"": ""planner"", ""sum_of_loss"": ""9862"", ""sum_of_loss_lb"": ""8991""}"
pp_guided_tl:traffic,PP-guided (traffic-last),warehouse-10-20-10-2-1,warehouse-10-20-10-2-1-random-1,100,2,30.0,solved,0.17012,0.035,10735,198,9839,8991,198,1.193972,0,,/home/carsten/Projects/MAPF/MAPF Evaluator/results/pptl-warehouse-10-20-2-1/runs/pp_guided_tl_traffic/warehouse-10-20-10-2-1/warehouse-10-20-10-2-1-random-1_a100_s2_r0,,,"{""agents"": ""100"", ""comp_time"": ""35"", ""first_ms"": ""35.6"", ""makespan"": ""198"", ""makespan_lb"": ""198"", ""map_file"": ""warehouse-10-20-10-2-1.map"", ""pp_demote_rounds"": ""0"", ""pp_failed"": ""0"", ""pp_order"": ""traffic-last"", ""pp_plan_ms"": ""27.9"", ""pp_plan_soc"": ""10735"", ""pp_tl"": ""0"", ""pp_used"": ""1"", ""seed"": ""2"", ""soc"": ""10735"", ""soc_lb"": ""8991"", ""solved"": ""1"", ""solver"": ""planner"", ""sum_of_loss"": ""9862"", ""sum_of_loss_lb"": ""8991""}"
pp_guided_tl:traffic_tl,PP-guided (traffic-last) + traffic load in SIPP,warehouse-10-20-10-2-1,warehouse-10-20-10-2-1-random-1,100,1,30.0,solved,0.149591,0.047,10140,198,9548,8991,198,1.127794,0,,/home/carsten/Projects/MAPF/MAPF Evaluator/results/pptl-warehouse-10-20-2-1/runs/pp_guided_tl_traffic_tl/warehouse-10-20-10-2-1/warehouse-10-20-10-2-1-random-1_a100_s1_r0,,,"{""agents"": ""100"", ""comp_time"": ""47"", ""first_ms"": ""46.6"", ""makespan"": ""198"", ""makespan_lb"": ""198"", ""map_file"": ""warehouse-10-20-10-2-1.map"", ""pp_demote_rounds"": ""0"", ""pp_failed"": ""0"", ""pp_order"": ""traffic-last"", ""pp_plan_ms"": ""35.7"", ""pp_plan_soc"": ""10140"", ""pp_tl"": ""1"", ""pp_used"": ""1"", ""seed"": ""1"", ""soc"": ""10140"", ""soc_lb"": ""8991"", ""solved"": ""1"", ""solver"": ""planner"", ""sum_of_loss"": ""9564"", ""sum_of_loss_lb"": ""8991""}"
pp_guided_tl:traffic_tl,PP-guided (traffic-last) + traffic load in SIPP,warehouse-10-20-10-2-1,warehouse-10-20-10-2-1-random-1,100,0,30.0,solved,0.144305,0.048,10140,198,9548,8991,198,1.127794,0,,/home/carsten/Projects/MAPF/MAPF Evaluator/results/pptl-warehouse-10-20-2-1/runs/pp_guided_tl_traffic_tl/warehouse-10-20-10-2-1/warehouse-10-20-10-2-1-random-1_a100_s0_r0,,,"{""agents"": ""100"", ""comp_time"": ""48"", ""first_ms"": ""47.6"", ""makespan"": ""198"", ""makespan_lb"": ""198"", ""map_file"": ""warehouse-10-20-10-2-1.map"", ""pp_demote_rounds"": ""0"", ""pp_failed"": ""0"", ""pp_order"": ""traffic-last"", ""pp_plan_ms"": ""36.2"", ""pp_plan_soc"": ""10140"", ""pp_tl"": ""1"", ""pp_used"": ""1"", ""seed"": ""0"", ""soc"": ""10140"", ""soc_lb"": ""8991"", ""solved"": ""1"", ""solver"": ""planner"", ""sum_of_loss"": ""9564"", ""sum_of_loss_lb"": ""8991""}"
pp_guided_tl:traffic_tl,PP-guided (traffic-last) + traffic load in SIPP,warehouse-10-20-10-2-1,warehouse-10-20-10-2-1-random-1,100,2,30.0,solved,0.125682,0.046,10140,198,9548,8991,198,1.127794,0,,/home/carsten/Projects/MAPF/MAPF Evaluator/results/pptl-warehouse-10-20-2-1/runs/pp_guided_tl_traffic_tl/warehouse-10-20-10-2-1/warehouse-10-20-10-2-1-random-1_a100_s2_r0,,,"{""agents"": ""100"", ""comp_time"": ""46"", ""first_ms"": ""45.5"", ""makespan"": ""198"", ""makespan_lb"": ""198"", ""map_file"": ""warehouse-10-20-10-2-1.map"", ""pp_demote_rounds"": ""0"", ""pp_failed"": ""0"", ""pp_order"": ""traffic-last"", ""pp_plan_ms"": ""35.0"", ""pp_plan_soc"": ""10140"", ""pp_tl"": ""1"", ""pp_used"": ""1"", ""seed"": ""2"", ""soc"": ""10140"", ""soc_lb"": ""8991"", ""solved"": ""1"", ""solver"": ""planner"", ""sum_of_loss"": ""9564"", ""sum_of_loss_lb"": ""8991""}"
pp_guided_tl:shortest,PP-guided (shortest first),warehouse-10-20-10-2-1,warehouse-10-20-10-2-1-random-1,150,0,30.0,solved,0.111104,0.028,12761,198,12761,12569,198,1.015276,0,,/home/carsten/Projects/MAPF/MAPF Evaluator/results/pptl-warehouse-10-20-2-1/runs/pp_guided_tl_shortest/warehouse-10-20-10-2-1/warehouse-10-20-10-2-1-random-1_a150_s0_r0,,,"{""agents"": ""150"", ""comp_time"": ""28"", ""first_ms"": ""28.3"", ""makespan"": ""198"", ""makespan_lb"": ""198"", ""map_file"": ""warehouse-10-20-10-2-1.map"", ""pp_demote_rounds"": ""0"", ""pp_failed"": ""0"", ""pp_order"": ""shortest"", ""pp_plan_ms"": ""19.0"", ""pp_plan_soc"": ""12761"", ""pp_tl"": ""0"", ""pp_used"": ""1"", ""seed"": ""0"", ""soc"": ""12761"", ""soc_lb"": ""12569"", ""solved"": ""1"", ""solver"": ""planner"", ""sum_of_loss"": ""12761"", ""sum_of_loss_lb"": ""12569""}"
pp_guided_tl:shortest,PP-guided (shortest first),warehouse-10-20-10-2-1,warehouse-10-20-10-2-1-random-1,150,2,30.0,solved,0.287009,0.028,12761,198,12761,12569,198,1.015276,0,,/home/carsten/Projects/MAPF/MAPF Evaluator/results/pptl-warehouse-10-20-2-1/runs/pp_guided_tl_shortest/warehouse-10-20-10-2-1/warehouse-10-20-10-2-1-random-1_a150_s2_r0,,,"{""agents"": ""150"", ""comp_time"": ""28"", ""first_ms"": ""28.2"", ""makespan"": ""198"", ""makespan_lb"": ""198"", ""map_file"": ""warehouse-10-20-10-2-1.map"", ""pp_demote_rounds"": ""0"", ""pp_failed"": ""0"", ""pp_order"": ""shortest"", ""pp_plan_ms"": ""19.2"", ""pp_plan_soc"": ""12761"", ""pp_tl"": ""0"", ""pp_used"": ""1"", ""seed"": ""2"", ""soc"": ""12761"", ""soc_lb"": ""12569"", ""solved"": ""1"", ""solver"": ""planner"", ""sum_of_loss"": ""12761"", ""sum_of_loss_lb"": ""12569""}"
pp_guided_tl:shortest,PP-guided (shortest first),warehouse-10-20-10-2-1,warehouse-10-20-10-2-1-random-1,150,1,30.0,solved,0.089579,0.028,12761,198,12761,12569,198,1.015276,0,,/home/carsten/Projects/MAPF/MAPF Evaluator/results/pptl-warehouse-10-20-2-1/runs/pp_guided_tl_shortest/warehouse-10-20-10-2-1/warehouse-10-20-10-2-1-random-1_a150_s1_r0,,,"{""agents"": ""150"", ""comp_time"": ""28"", ""first_ms"": ""28.4"", ""makespan"": ""198"", ""makespan_lb"": ""198"", ""map_file"": ""warehouse-10-20-10-2-1.map"", ""pp_demote_rounds"": ""0"", ""pp_failed"": ""0"", ""pp_order"": ""shortest"", ""pp_plan_ms"": ""18.8"", ""pp_plan_soc"": ""12761"", ""pp_tl"": ""0"", ""pp_used"": ""1"", ""seed"": ""1"", ""soc"": ""12761"", ""soc_lb"": ""12569"", ""solved"": ""1"", ""solver"": ""planner"", ""sum_of_loss"": ""12761"", ""sum_of_loss_lb"": ""12569""}"
pp_guided_tl:shortest_tl,PP-guided (shortest first) + traffic load in SIPP,warehouse-10-20-10-2-1,warehouse-10-20-10-2-1-random-1,150,1,30.0,solved,0.175597,0.05,12728,198,12728,12569,198,1.01265,0,,/home/carsten/Projects/MAPF/MAPF Evaluator/results/pptl-warehouse-10-20-2-1/runs/pp_guided_tl_shortest_tl/warehouse-10-20-10-2-1/warehouse-10-20-10-2-1-random-1_a150_s1_r0,,,"{""agents"": ""150"", ""comp_time"": ""50"", ""first_ms"": ""50.1"", ""makespan"": ""198"", ""makespan_lb"": ""198"", ""map_file"": ""warehouse-10-20-10-2-1.map"", ""pp_demote_rounds"": ""0"", ""pp_failed"": ""0"", ""pp_order"": ""shortest"", ""pp_plan_ms"": ""35.8"", ""pp_plan_soc"": ""12728"", ""pp_tl"": ""1"", ""pp_used"": ""1"", ""seed"": ""1"", ""soc"": ""12728"", ""soc_lb"": ""12569"", ""solved"": ""1"", ""solver"": ""planner"", ""sum_of_loss"": ""12728"", ""sum_of_loss_lb"": ""12569""}"
pp_guided_tl:shortest_tl,PP-guided (shortest first) + traffic load in SIPP,warehouse-10-20-10-2-1,warehouse-10-20-10-2-1-random-1,150,0,30.0,solved,0.175648,0.051,12728,198,12728,12569,198,1.01265,0,,/home/carsten/Projects/MAPF/MAPF Evaluator/results/pptl-warehouse-10-20-2-1/runs/pp_guided_tl_shortest_tl/warehouse-10-20-10-2-1/warehouse-10-20-10-2-1-random-1_a150_s0_r0,,,"{""agents"": ""150"", ""comp_time"": ""51"", ""first_ms"": ""51.4"", ""makespan"": ""198"", ""makespan_lb"": ""198"", ""map_file"": ""warehouse-10-20-10-2-1.map"", ""pp_demote_rounds"": ""0"", ""pp_failed"": ""0"", ""pp_order"": ""shortest"", ""pp_plan_ms"": ""37.0"", ""pp_plan_soc"": ""12728"", ""pp_tl"": ""1"", ""pp_used"": ""1"", ""seed"": ""0"", ""soc"": ""12728"", ""soc_lb"": ""12569"", ""solved"": ""1"", ""solver"": ""planner"", ""sum_of_loss"": ""12728"", ""sum_of_loss_lb"": ""12569""}"
pp_guided_tl:shortest_tl,PP-guided (shortest first) + traffic load in SIPP,warehouse-10-20-10-2-1,warehouse-10-20-10-2-1-random-1,150,2,30.0,solved,0.345947,0.051,12728,198,12728,12569,198,1.01265,0,,/home/carsten/Projects/MAPF/MAPF Evaluator/results/pptl-warehouse-10-20-2-1/runs/pp_guided_tl_shortest_tl/warehouse-10-20-10-2-1/warehouse-10-20-10-2-1-random-1_a150_s2_r0,,,"{""agents"": ""150"", ""comp_time"": ""51"", ""first_ms"": ""51.1"", ""makespan"": ""198"", ""makespan_lb"": ""198"", ""map_file"": ""warehouse-10-20-10-2-1.map"", ""pp_demote_rounds"": ""0"", ""pp_failed"": ""0"", ""pp_order"": ""shortest"", ""pp_plan_ms"": ""36.9"", ""pp_plan_soc"": ""12728"", ""pp_tl"": ""1"", ""pp_used"": ""1"", ""seed"": ""2"", ""soc"": ""12728"", ""soc_lb"": ""12569"", ""solved"": ""1"", ""solver"": ""planner"", ""sum_of_loss"": ""12728"", ""sum_of_loss_lb"": ""12569""}"
pp_guided_tl:traffic,PP-guided (traffic-last),warehouse-10-20-10-2-1,warehouse-10-20-10-2-1-random-1,150,0,30.0,solved,0.196848,0.061,15611,198,14174,12569,198,1.242024,0,,/home/carsten/Projects/MAPF/MAPF Evaluator/results/pptl-warehouse-10-20-2-1/runs/pp_guided_tl_traffic/warehouse-10-20-10-2-1/warehouse-10-20-10-2-1-random-1_a150_s0_r0,,,"{""agents"": ""150"", ""comp_time"": ""61"", ""first_ms"": ""60.8"", ""makespan"": ""198"", ""makespan_lb"": ""198"", ""map_file"": ""warehouse-10-20-10-2-1.map"", ""pp_demote_rounds"": ""0"", ""pp_failed"": ""0"", ""pp_order"": ""traffic-last"", ""pp_plan_ms"": ""48.9"", ""pp_plan_soc"": ""15611"", ""pp_tl"": ""0"", ""pp_used"": ""1"", ""seed"": ""0"", ""soc"": ""15611"", ""soc_lb"": ""12569"", ""solved"": ""1"", ""solver"": ""planner"", ""sum_of_loss"": ""14214"", ""sum_of_loss_lb"": ""12569""}"
pp_guided_tl:traffic,PP-guided (traffic-last),warehouse-10-20-10-2-1,warehouse-10-20-10-2-1-random-1,150,1,30.0,solved,0.125095,0.061,15611,198,14174,12569,198,1.242024,0,,/home/carsten/Projects/MAPF/MAPF Evaluator/results/pptl-warehouse-10-20-2-1/runs/pp_guided_tl_traffic/warehouse-10-20-10-2-1/warehouse-10-20-10-2-1-random-1_a150_s1_r0,,,"{""agents"": ""150"", ""comp_time"": ""61"", ""first_ms"": ""60.6"", ""makespan"": ""198"", ""makespan_lb"": ""198"", ""map_file"": ""warehouse-10-20-10-2-1.map"", ""pp_demote_rounds"": ""0"", ""pp_failed"": ""0"", ""pp_order"": ""traffic-last"", ""pp_plan_ms"": ""49.2"", ""pp_plan_soc"": ""15611"", ""pp_tl"": ""0"", ""pp_used"": ""1"", ""seed"": ""1"", ""soc"": ""15611"", ""soc_lb"": ""12569"", ""solved"": ""1"", ""solver"": ""planner"", ""sum_of_loss"": ""14214"", ""sum_of_loss_lb"": ""12569""}"
pp_guided_tl:traffic,PP-guided (traffic-last),warehouse-10-20-10-2-1,warehouse-10-20-10-2-1-random-1,150,2,30.0,solved,0.135344,0.061,15611,198,14174,12569,198,1.242024,0,,/home/carsten/Projects/MAPF/MAPF Evaluator/results/pptl-warehouse-10-20-2-1/runs/pp_guided_tl_traffic/warehouse-10-20-10-2-1/warehouse-10-20-10-2-1-random-1_a150_s2_r0,,,"{""agents"": ""150"", ""comp_time"": ""61"", ""first_ms"": ""61.7"", ""makespan"": ""198"", ""makespan_lb"": ""198"", ""map_file"": ""warehouse-10-20-10-2-1.map"", ""pp_demote_rounds"": ""0"", ""pp_failed"": ""0"", ""pp_order"": ""traffic-last"", ""pp_plan_ms"": ""49.6"", ""pp_plan_soc"": ""15611"", ""pp_tl"": ""0"", ""pp_used"": ""1"", ""seed"": ""2"", ""soc"": ""15611"", ""soc_lb"": ""12569"", ""solved"": ""1"", ""solver"": ""planner"", ""sum_of_loss"": ""14214"", ""sum_of_loss_lb"": ""12569""}"
pp_guided_tl:traffic_tl,PP-guided (traffic-last) + traffic load in SIPP,warehouse-10-20-10-2-1,warehouse-10-20-10-2-1-random-1,150,0,30.0,solved,0.323378,0.067,14350,198,13415,12569,198,1.141698,0,,/home/carsten/Projects/MAPF/MAPF Evaluator/results/pptl-warehouse-10-20-2-1/runs/pp_guided_tl_traffic_tl/warehouse-10-20-10-2-1/warehouse-10-20-10-2-1-random-1_a150_s0_r0,,,"{""agents"": ""150"", ""comp_time"": ""67"", ""first_ms"": ""66.6"", ""makespan"": ""198"", ""makespan_lb"": ""198"", ""map_file"": ""warehouse-10-20-10-2-1.map"", ""pp_demote_rounds"": ""0"", ""pp_failed"": ""0"", ""pp_order"": ""traffic-last"", ""pp_plan_ms"": ""50.2"", ""pp_plan_soc"": ""14350"", ""pp_tl"": ""1"", ""pp_used"": ""1"", ""seed"": ""0"", ""soc"": ""14350"", ""soc_lb"": ""12569"", ""solved"": ""1"", ""solver"": ""planner"", ""sum_of_loss"": ""13440"", ""sum_of_loss_lb"": ""12569""}"
pp_guided_tl:traffic_tl,PP-guided (traffic-last) + traffic load in SIPP,warehouse-10-20-10-2-1,warehouse-10-20-10-2-1-random-1,150,1,30.0,solved,0.177048,0.067,14350,198,13415,12569,198,1.141698,0,,/home/carsten/Projects/MAPF/MAPF Evaluator/results/pptl-warehouse-10-20-2-1/runs/pp_guided_tl_traffic_tl/warehouse-10-20-10-2-1/warehouse-10-20-10-2-1-random-1_a150_s1_r0,,,"{""agents"": ""150"", ""comp_time"": ""67"", ""first_ms"": ""66.2"", ""makespan"": ""198"", ""makespan_lb"": ""198"", ""map_file"": ""warehouse-10-20-10-2-1.map"", ""pp_demote_rounds"": ""0"", ""pp_failed"": ""0"", ""pp_order"": ""traffic-last"", ""pp_plan_ms"": ""50.4"", ""pp_plan_soc"": ""14350"", ""pp_tl"": ""1"", ""pp_used"": ""1"", ""seed"": ""1"", ""soc"": ""14350"", ""soc_lb"": ""12569"", ""solved"": ""1"", ""solver"": ""planner"", ""sum_of_loss"": ""13440"", ""sum_of_loss_lb"": ""12569""}"
pp_guided_tl:traffic_tl,PP-guided (traffic-last) + traffic load in SIPP,warehouse-10-20-10-2-1,warehouse-10-20-10-2-1-random-1,150,2,30.0,solved,0.171743,0.067,14350,198,13415,12569,198,1.141698,0,,/home/carsten/Projects/MAPF/MAPF Evaluator/results/pptl-warehouse-10-20-2-1/runs/pp_guided_tl_traffic_tl/warehouse-10-20-10-2-1/warehouse-10-20-10-2-1-random-1_a150_s2_r0,,,"{""agents"": ""150"", ""comp_time"": ""67"", ""first_ms"": ""67.2"", ""makespan"": ""198"", ""makespan_lb"": ""198"", ""map_file"": ""warehouse-10-20-10-2-1.map"", ""pp_demote_rounds"": ""0"", ""pp_failed"": ""0"", ""pp_order"": ""traffic-last"", ""pp_plan_ms"": ""50.5"", ""pp_plan_soc"": ""14350"", ""pp_tl"": ""1"", ""pp_used"": ""1"", ""seed"": ""2"", ""soc"": ""14350"", ""soc_lb"": ""12569"", ""solved"": ""1"", ""solver"": ""planner"", ""sum_of_loss"": ""13440"", ""sum_of_loss_lb"": ""12569""}"
pp_guided_tl:shortest,PP-guided (shortest first),warehouse-10-20-10-2-1,warehouse-10-20-10-2-1-random-1,200,0,30.0,solved,0.667041,0.061,16379,198,16379,16019,198,1.022473,0,,/home/carsten/Projects/MAPF/MAPF Evaluator/results/pptl-warehouse-10-20-2-1/runs/pp_guided_tl_shortest/warehouse-10-20-10-2-1/warehouse-10-20-10-2-1-random-1_a200_s0_r0,,,"{""agents"": ""200"", ""comp_time"": ""61"", ""first_ms"": ""61.1"", ""makespan"": ""198"", ""makespan_lb"": ""198"", ""map_file"": ""warehouse-10-20-10-2-1.map"", ""pp_demote_rounds"": ""1"", ""pp_failed"": ""0"", ""pp_order"": ""shortest"", ""pp_plan_ms"": ""48.7"", ""pp_plan_soc"": ""16379"", ""pp_tl"": ""0"", ""pp_used"": ""1"", ""seed"": ""0"", ""soc"": ""16379"", ""soc_lb"": ""16019"", ""solved"": ""1"", ""solver"": ""planner"", ""sum_of_loss"": ""16379"", ""sum_of_loss_lb"": ""16019""}"
pp_guided_tl:shortest,PP-guided (shortest first),warehouse-10-20-10-2-1,warehouse-10-20-10-2-1-random-1,200,2,30.0,solved,0.177375,0.061,16379,198,16379,16019,198,1.022473,0,,/home/carsten/Projects/MAPF/MAPF Evaluator/results/pptl-warehouse-10-20-2-1/runs/pp_guided_tl_shortest/warehouse-10-20-10-2-1/warehouse-10-20-10-2-1-random-1_a200_s2_r0,,,"{""agents"": ""200"", ""comp_time"": ""61"", ""first_ms"": ""61.2"", ""makespan"": ""198"", ""makespan_lb"": ""198"", ""map_file"": ""warehouse-10-20-10-2-1.map"", ""pp_demote_rounds"": ""1"", ""pp_failed"": ""0"", ""pp_order"": ""shortest"", ""pp_plan_ms"": ""48.5"", ""pp_plan_soc"": ""16379"", ""pp_tl"": ""0"", ""pp_used"": ""1"", ""seed"": ""2"", ""soc"": ""16379"", ""soc_lb"": ""16019"", ""solved"": ""1"", ""solver"": ""planner"", ""sum_of_loss"": ""16379"", ""sum_of_loss_lb"": ""16019""}"
pp_guided_tl:shortest,PP-guided (shortest first),warehouse-10-20-10-2-1,warehouse-10-20-10-2-1-random-1,200,1,30.0,solved,0.266998,0.06,16379,198,16379,16019,198,1.022473,0,,/home/carsten/Projects/MAPF/MAPF Evaluator/results/pptl-warehouse-10-20-2-1/runs/pp_guided_tl_shortest/warehouse-10-20-10-2-1/warehouse-10-20-10-2-1-random-1_a200_s1_r0,,,"{""agents"": ""200"", ""comp_time"": ""60"", ""first_ms"": ""59.8"", ""makespan"": ""198"", ""makespan_lb"": ""198"", ""map_file"": ""warehouse-10-20-10-2-1.map"", ""pp_demote_rounds"": ""1"", ""pp_failed"": ""0"", ""pp_order"": ""shortest"", ""pp_plan_ms"": ""48.1"", ""pp_plan_soc"": ""16379"", ""pp_tl"": ""0"", ""pp_used"": ""1"", ""seed"": ""1"", ""soc"": ""16379"", ""soc_lb"": ""16019"", ""solved"": ""1"", ""solver"": ""planner"", ""sum_of_loss"": ""16379"", ""sum_of_loss_lb"": ""16019""}"
pp_guided_tl:shortest_tl,PP-guided (shortest first) + traffic load in SIPP,warehouse-10-20-10-2-1,warehouse-10-20-10-2-1-random-1,200,0,30.0,solved,0.204298,0.116,16345,198,16345,16019,198,1.020351,0,,/home/carsten/Projects/MAPF/MAPF Evaluator/results/pptl-warehouse-10-20-2-1/runs/pp_guided_tl_shortest_tl/warehouse-10-20-10-2-1/warehouse-10-20-10-2-1-random-1_a200_s0_r0,,,"{""agents"": ""200"", ""comp_time"": ""116"", ""first_ms"": ""115.8"", ""makespan"": ""198"", ""makespan_lb"": ""198"", ""map_file"": ""warehouse-10-20-10-2-1.map"", ""pp_demote_rounds"": ""1"", ""pp_failed"": ""0"", ""pp_order"": ""shortest"", ""pp_plan_ms"": ""97.3"", ""pp_plan_soc"": ""16345"", ""pp_tl"": ""1"", ""pp_used"": ""1"", ""seed"": ""0"", ""soc"": ""16345"", ""soc_lb"": ""16019"", ""solved"": ""1"", ""solver"": ""planner"", ""sum_of_loss"": ""16345"", ""sum_of_loss_lb"": ""16019""}"
pp_guided_tl:shortest_tl,PP-guided (shortest first) + traffic load in SIPP,warehouse-10-20-10-2-1,warehouse-10-20-10-2-1-random-1,200,1,30.0,solved,0.191047,0.113,16345,198,16345,16019,198,1.020351,0,,/home/carsten/Projects/MAPF/MAPF Evaluator/results/pptl-warehouse-10-20-2-1/runs/pp_guided_tl_shortest_tl/warehouse-10-20-10-2-1/warehouse-10-20-10-2-1-random-1_a200_s1_r0,,,"{""agents"": ""200"", ""comp_time"": ""113"", ""first_ms"": ""112.8"", ""makespan"": ""198"", ""makespan_lb"": ""198"", ""map_file"": ""warehouse-10-20-10-2-1.map"", ""pp_demote_rounds"": ""1"", ""pp_failed"": ""0"", ""pp_order"": ""shortest"", ""pp_plan_ms"": ""95.0"", ""pp_plan_soc"": ""16345"", ""pp_tl"": ""1"", ""pp_used"": ""1"", ""seed"": ""1"", ""soc"": ""16345"", ""soc_lb"": ""16019"", ""solved"": ""1"", ""solver"": ""planner"", ""sum_of_loss"": ""16345"", ""sum_of_loss_lb"": ""16019""}"
pp_guided_tl:traffic,PP-guided (traffic-last),warehouse-10-20-10-2-1,warehouse-10-20-10-2-1-random-1,200,0,30.0,solved,0.196667,0.142,20943,198,18849,16019,198,1.307385,0,,/home/carsten/Projects/MAPF/MAPF Evaluator/results/pptl-warehouse-10-20-2-1/runs/pp_guided_tl_traffic/warehouse-10-20-10-2-1/warehouse-10-20-10-2-1-random-1_a200_s0_r0,,,"{""agents"": ""200"", ""comp_time"": ""142"", ""first_ms"": ""142.1"", ""makespan"": ""198"", ""makespan_lb"": ""198"", ""map_file"": ""warehouse-10-20-10-2-1.map"", ""pp_demote_rounds"": ""1"", ""pp_failed"": ""0"", ""pp_order"": ""traffic-last"", ""pp_plan_ms"": ""126.2"", ""pp_plan_soc"": ""20943"", ""pp_tl"": ""0"", ""pp_used"": ""1"", ""seed"": ""0"", ""soc"": ""20943"", ""soc_lb"": ""16019"", ""solved"": ""1"", ""solver"": ""planner"", ""sum_of_loss"": ""18919"", ""sum_of_loss_lb"": ""16019""}"
pp_guided_tl:shortest_tl,PP-guided (shortest first) + traffic load in SIPP,warehouse-10-20-10-2-1,warehouse-10-20-10-2-1-random-1,200,2,30.0,solved,0.348264,0.114,16345,198,16345,16019,198,1.020351,0,,/home/carsten/Projects/MAPF/MAPF Evaluator/results/pptl-warehouse-10-20-2-1/runs/pp_guided_tl_shortest_tl/warehouse-10-20-10-2-1/warehouse-10-20-10-2-1-random-1_a200_s2_r0,,,"{""agents"": ""200"", ""comp_time"": ""114"", ""first_ms"": ""113.7"", ""makespan"": ""198"", ""makespan_lb"": ""198"", ""map_file"": ""warehouse-10-20-10-2-1.map"", ""pp_demote_rounds"": ""1"", ""pp_failed"": ""0"", ""pp_order"": ""shortest"", ""pp_plan_ms"": ""96.2"", ""pp_plan_soc"": ""16345"", ""pp_tl"": ""1"", ""pp_used"": ""1"", ""seed"": ""2"", ""soc"": ""16345"", ""soc_lb"": ""16019"", ""solved"": ""1"", ""solver"": ""planner"", ""sum_of_loss"": ""16345"", ""sum_of_loss_lb"": ""16019""}"
pp_guided_tl:traffic,PP-guided (traffic-last),warehouse-10-20-10-2-1,warehouse-10-20-10-2-1-random-1,200,1,30.0,solved,0.19482,0.139,20943,198,18849,16019,198,1.307385,0,,/home/carsten/Projects/MAPF/MAPF Evaluator/results/pptl-warehouse-10-20-2-1/runs/pp_guided_tl_traffic/warehouse-10-20-10-2-1/warehouse-10-20-10-2-1-random-1_a200_s1_r0,,,"{""agents"": ""200"", ""comp_time"": ""139"", ""first_ms"": ""138.9"", ""makespan"": ""198"", ""makespan_lb"": ""198"", ""map_file"": ""warehouse-10-20-10-2-1.map"", ""pp_demote_rounds"": ""1"", ""pp_failed"": ""0"", ""pp_order"": ""traffic-last"", ""pp_plan_ms"": ""124.3"", ""pp_plan_soc"": ""20943"", ""pp_tl"": ""0"", ""pp_used"": ""1"", ""seed"": ""1"", ""soc"": ""20943"", ""soc_lb"": ""16019"", ""solved"": ""1"", ""solver"": ""planner"", ""sum_of_loss"": ""18919"", ""sum_of_loss_lb"": ""16019""}"
pp_guided_tl:traffic,PP-guided (traffic-last),warehouse-10-20-10-2-1,warehouse-10-20-10-2-1-random-1,200,2,30.0,solved,0.221592,0.14,20943,198,18849,16019,198,1.307385,0,,/home/carsten/Projects/MAPF/MAPF Evaluator/results/pptl-warehouse-10-20-2-1/runs/pp_guided_tl_traffic/warehouse-10-20-10-2-1/warehouse-10-20-10-2-1-random-1_a200_s2_r0,,,"{""agents"": ""200"", ""comp_time"": ""140"", ""first_ms"": ""139.3"", ""makespan"": ""198"", ""makespan_lb"": ""198"", ""map_file"": ""warehouse-10-20-10-2-1.map"", ""pp_demote_rounds"": ""1"", ""pp_failed"": ""0"", ""pp_order"": ""traffic-last"", ""pp_plan_ms"": ""124.5"", ""pp_plan_soc"": ""20943"", ""pp_tl"": ""0"", ""pp_used"": ""1"", ""seed"": ""2"", ""soc"": ""20943"", ""soc_lb"": ""16019"", ""solved"": ""1"", ""solver"": ""planner"", ""sum_of_loss"": ""18919"", ""sum_of_loss_lb"": ""16019""}"
pp_guided_tl:traffic_tl,PP-guided (traffic-last) + traffic load in SIPP,warehouse-10-20-10-2-1,warehouse-10-20-10-2-1-random-1,200,0,30.0,solved,0.241994,0.115,19404,198,17936,16019,198,1.211312,0,,/home/carsten/Projects/MAPF/MAPF Evaluator/results/pptl-warehouse-10-20-2-1/runs/pp_guided_tl_traffic_tl/warehouse-10-20-10-2-1/warehouse-10-20-10-2-1-random-1_a200_s0_r0,,,"{""agents"": ""200"", ""comp_time"": ""115"", ""first_ms"": ""114.9"", ""makespan"": ""198"", ""makespan_lb"": ""198"", ""map_file"": ""warehouse-10-20-10-2-1.map"", ""pp_demote_rounds"": ""1"", ""pp_failed"": ""0"", ""pp_order"": ""traffic-last"", ""pp_plan_ms"": ""94.0"", ""pp_plan_soc"": ""19404"", ""pp_tl"": ""1"", ""pp_used"": ""1"", ""seed"": ""0"", ""soc"": ""19404"", ""soc_lb"": ""16019"", ""solved"": ""1"", ""solver"": ""planner"", ""sum_of_loss"": ""17975"", ""sum_of_loss_lb"": ""16019""}"
pp_guided_tl:traffic_tl,PP-guided (traffic-last) + traffic load in SIPP,warehouse-10-20-10-2-1,warehouse-10-20-10-2-1-random-1,200,1,30.0,solved,0.274766,0.121,19404,198,17936,16019,198,1.211312,0,,/home/carsten/Projects/MAPF/MAPF Evaluator/results/pptl-warehouse-10-20-2-1/runs/pp_guided_tl_traffic_tl/warehouse-10-20-10-2-1/warehouse-10-20-10-2-1-random-1_a200_s1_r0,,,"{""agents"": ""200"", ""comp_time"": ""121"", ""first_ms"": ""120.7"", ""makespan"": ""198"", ""makespan_lb"": ""198"", ""map_file"": ""warehouse-10-20-10-2-1.map"", ""pp_demote_rounds"": ""1"", ""pp_failed"": ""0"", ""pp_order"": ""traffic-last"", ""pp_plan_ms"": ""99.7"", ""pp_plan_soc"": ""19404"", ""pp_tl"": ""1"", ""pp_used"": ""1"", ""seed"": ""1"", ""soc"": ""19404"", ""soc_lb"": ""16019"", ""solved"": ""1"", ""solver"": ""planner"", ""sum_of_loss"": ""17975"", ""sum_of_loss_lb"": ""16019""}"
pp_guided_tl:shortest,PP-guided (shortest first),warehouse-10-20-10-2-1,warehouse-10-20-10-2-1-random-2,50,0,30.0,solved,0.134968,0.007,4528,178,4528,4514,178,1.003101,0,,/home/carsten/Projects/MAPF/MAPF Evaluator/results/pptl-warehouse-10-20-2-1/runs/pp_guided_tl_shortest/warehouse-10-20-10-2-1/warehouse-10-20-10-2-1-random-2_a50_s0_r0,,,"{""agents"": ""50"", ""comp_time"": ""7"", ""first_ms"": ""7.3"", ""makespan"": ""178"", ""makespan_lb"": ""178"", ""map_file"": ""warehouse-10-20-10-2-1.map"", ""pp_demote_rounds"": ""0"", ""pp_failed"": ""0"", ""pp_order"": ""shortest"", ""pp_plan_ms"": ""4.6"", ""pp_plan_soc"": ""4528"", ""pp_tl"": ""0"", ""pp_used"": ""1"", ""seed"": ""0"", ""soc"": ""4528"", ""soc_lb"": ""4514"", ""solved"": ""1"", ""solver"": ""planner"", ""sum_of_loss"": ""4528"", ""sum_of_loss_lb"": ""4514""}"
pp_guided_tl:shortest,PP-guided (shortest first),warehouse-10-20-10-2-1,warehouse-10-20-10-2-1-random-2,50,1,30.0,solved,0.060988,0.007,4528,178,4528,4514,178,1.003101,0,,/home/carsten/Projects/MAPF/MAPF Evaluator/results/pptl-warehouse-10-20-2-1/runs/pp_guided_tl_shortest/warehouse-10-20-10-2-1/warehouse-10-20-10-2-1-random-2_a50_s1_r0,,,"{""agents"": ""50"", ""comp_time"": ""7"", ""first_ms"": ""7.3"", ""makespan"": ""178"", ""makespan_lb"": ""178"", ""map_file"": ""warehouse-10-20-10-2-1.map"", ""pp_demote_rounds"": ""0"", ""pp_failed"": ""0"", ""pp_order"": ""shortest"", ""pp_plan_ms"": ""4.7"", ""pp_plan_soc"": ""4528"", ""pp_tl"": ""0"", ""pp_used"": ""1"", ""seed"": ""1"", ""soc"": ""4528"", ""soc_lb"": ""4514"", ""solved"": ""1"", ""solver"": ""planner"", ""sum_of_loss"": ""4528"", ""sum_of_loss_lb"": ""4514""}"
pp_guided_tl:shortest,PP-guided (shortest first),warehouse-10-20-10-2-1,warehouse-10-20-10-2-1-random-2,50,2,30.0,solved,0.05648,0.007,4528,178,4528,4514,178,1.003101,0,,/home/carsten/Projects/MAPF/MAPF Evaluator/results/pptl-warehouse-10-20-2-1/runs/pp_guided_tl_shortest/warehouse-10-20-10-2-1/warehouse-10-20-10-2-1-random-2_a50_s2_r0,,,"{""agents"": ""50"", ""comp_time"": ""7"", ""first_ms"": ""7.3"", ""makespan"": ""178"", ""makespan_lb"": ""178"", ""map_file"": ""warehouse-10-20-10-2-1.map"", ""pp_demote_rounds"": ""0"", ""pp_failed"": ""0"", ""pp_order"": ""shortest"", ""pp_plan_ms"": ""4.8"", ""pp_plan_soc"": ""4528"", ""pp_tl"": ""0"", ""pp_used"": ""1"", ""seed"": ""2"", ""soc"": ""4528"", ""soc_lb"": ""4514"", ""solved"": ""1"", ""solver"": ""planner"", ""sum_of_loss"": ""4528"", ""sum_of_loss_lb"": ""4514""}"
pp_guided_tl:traffic_tl,PP-guided (traffic-last) + traffic load in SIPP,warehouse-10-20-10-2-1,warehouse-10-20-10-2-1-random-1,200,2,30.0,solved,0.186976,0.115,19404,198,17936,16019,198,1.211312,0,,/home/carsten/Projects/MAPF/MAPF Evaluator/results/pptl-warehouse-10-20-2-1/runs/pp_guided_tl_traffic_tl/warehouse-10-20-10-2-1/warehouse-10-20-10-2-1-random-1_a200_s2_r0,,,"{""agents"": ""200"", ""comp_time"": ""115"", ""first_ms"": ""115.0"", ""makespan"": ""198"", ""makespan_lb"": ""198"", ""map_file"": ""warehouse-10-20-10-2-1.map"", ""pp_demote_rounds"": ""1"", ""pp_failed"": ""0"", ""pp_order"": ""traffic-last"", ""pp_plan_ms"": ""93.2"", ""pp_plan_soc"": ""19404"", ""pp_tl"": ""1"", ""pp_used"": ""1"", ""seed"": ""2"", ""soc"": ""19404"", ""soc_lb"": ""16019"", ""solved"": ""1"", ""solver"": ""planner"", ""sum_of_loss"": ""17975"", ""sum_of_loss_lb"": ""16019""}"
pp_guided_tl:shortest_tl,PP-guided (shortest first) + traffic load in SIPP,warehouse-10-20-10-2-1,warehouse-10-20-10-2-1-random-2,50,0,30.0,solved,0.195194,0.018,4522,178,4522,4514,178,1.001772,0,,/home/carsten/Projects/MAPF/MAPF Evaluator/results/pptl-warehouse-10-20-2-1/runs/pp_guided_tl_shortest_tl/warehouse-10-20-10-2-1/warehouse-10-20-10-2-1-random-2_a50_s0_r0,,,"{""agents"": ""50"", ""comp_time"": ""18"", ""first_ms"": ""18.2"", ""makespan"": ""178"", ""makespan_lb"": ""178"", ""map_file"": ""warehouse-10-20-10-2-1.map"", ""pp_demote_rounds"": ""0"", ""pp_failed"": ""0"", ""pp_order"": ""shortest"", ""pp_plan_ms"": ""13.2"", ""pp_plan_soc"": ""4522"", ""pp_tl"": ""1"", ""pp_used"": ""1"", ""seed"": ""0"", ""soc"": ""4522"", ""soc_lb"": ""4514"", ""solved"": ""1"", ""solver"": ""planner"", ""sum_of_loss"": ""4522"", ""sum_of_loss_lb"": ""4514""}"
pp_guided_tl:shortest_tl,PP-guided (shortest first) + traffic load in SIPP,warehouse-10-20-10-2-1,warehouse-10-20-10-2-1-random-2,50,2,30.0,solved,0.04975,0.017,4522,178,4522,4514,178,1.001772,0,,/home/carsten/Projects/MAPF/MAPF Evaluator/results/pptl-warehouse-10-20-2-1/runs/pp_guided_tl_shortest_tl/warehouse-10-20-10-2-1/warehouse-10-20-10-2-1-random-2_a50_s2_r0,,,"{""agents"": ""50"", ""comp_time"": ""17"", ""first_ms"": ""17.2"", ""makespan"": ""178"", ""makespan_lb"": ""178"", ""map_file"": ""warehouse-10-20-10-2-1.map"", ""pp_demote_rounds"": ""0"", ""pp_failed"": ""0"", ""pp_order"": ""shortest"", ""pp_plan_ms"": ""12.9"", ""pp_plan_soc"": ""4522"", ""pp_tl"": ""1"", ""pp_used"": ""1"", ""seed"": ""2"", ""soc"": ""4522"", ""soc_lb"": ""4514"", ""solved"": ""1"", ""solver"": ""planner"", ""sum_of_loss"": ""4522"", ""sum_of_loss_lb"": ""4514""}"
pp_guided_tl:shortest_tl,PP-guided (shortest first) + traffic load in SIPP,warehouse-10-20-10-2-1,warehouse-10-20-10-2-1-random-2,50,1,30.0,solved,0.069986,0.018,4522,178,4522,4514,178,1.001772,0,,/home/carsten/Projects/MAPF/MAPF Evaluator/results/pptl-warehouse-10-20-2-1/runs/pp_guided_tl_shortest_tl/warehouse-10-20-10-2-1/warehouse-10-20-10-2-1-random-2_a50_s1_r0,,,"{""agents"": ""50"", ""comp_time"": ""18"", ""first_ms"": ""17.2"", ""makespan"": ""178"", ""makespan_lb"": ""178"", ""map_file"": ""warehouse-10-20-10-2-1.map"", ""pp_demote_rounds"": ""0"", ""pp_failed"": ""0"", ""pp_order"": ""shortest"", ""pp_plan_ms"": ""13.1"", ""pp_plan_soc"": ""4522"", ""pp_tl"": ""1"", ""pp_used"": ""1"", ""seed"": ""1"", ""soc"": ""4522"", ""soc_lb"": ""4514"", ""solved"": ""1"", ""solver"": ""planner"", ""sum_of_loss"": ""4522"", ""sum_of_loss_lb"": ""4514""}"
pp_guided_tl:traffic,PP-guided (traffic-last),warehouse-10-20-10-2-1,warehouse-10-20-10-2-1-random-2,50,0,30.0,solved,0.070462,0.012,4906,178,4776,4514,178,1.086841,0,,/home/carsten/Projects/MAPF/MAPF Evaluator/results/pptl-warehouse-10-20-2-1/runs/pp_guided_tl_traffic/warehouse-10-20-10-2-1/warehouse-10-20-10-2-1-random-2_a50_s0_r0,,,"{""agents"": ""50"", ""comp_time"": ""12"", ""first_ms"": ""12.2"", ""makespan"": ""178"", ""makespan_lb"": ""178"", ""map_file"": ""warehouse-10-20-10-2-1.map"", ""pp_demote_rounds"": ""0"", ""pp_failed"": ""0"", ""pp_order"": ""traffic-last"", ""pp_plan_ms"": ""8.3"", ""pp_plan_soc"": ""4906"", ""pp_tl"": ""0"", ""pp_used"": ""1"", ""seed"": ""0"", ""soc"": ""4906"", ""soc_lb"": ""4514"", ""solved"": ""1"", ""solver"": ""planner"", ""sum_of_loss"": ""4779"", ""sum_of_loss_lb"": ""4514""}"
pp_guided_tl:traffic,PP-guided (traffic-last),warehouse-10-20-10-2-1,warehouse-10-20-10-2-1-random-2,50,1,30.0,solved,0.031616,0.012,4906,178,4776,4514,178,1.086841,0,,/home/carsten/Projects/MAPF/MAPF Evaluator/results/pptl-warehouse-10-20-2-1/runs/pp_guided_tl_traffic/warehouse-10-20-10-2-1/warehouse-10-20-10-2-1-random-2_a50_s1_r0,,,"{""agents"": ""50"", ""comp_time"": ""12"", ""first_ms"": ""12.4"", ""makespan"": ""178"", ""makespan_lb"": ""178"", ""map_file"": ""warehouse-10-20-10-2-1.map"", ""pp_demote_rounds"": ""0"", ""pp_failed"": ""0"", ""pp_order"": ""traffic-last"", ""pp_plan_ms"": ""8.4"", ""pp_plan_soc"": ""4906"", ""pp_tl"": ""0"", ""pp_used"": ""1"", ""seed"": ""1"", ""soc"": ""4906"", ""soc_lb"": ""4514"", ""solved"": ""1"", ""solver"": ""planner"", ""sum_of_loss"": ""4779"", ""sum_of_loss_lb"": ""4514""}"
pp_guided_tl:traffic,PP-guided (traffic-last),warehouse-10-20-10-2-1,warehouse-10-20-10-2-1-random-2,50,2,30.0,solved,0.025916,0.012,4906,178,4776,4514,178,1.086841,0,,/home/carsten/Projects/MAPF/MAPF Evaluator/results/pptl-warehouse-10-20-2-1/runs/pp_guided_tl_traffic/warehouse-10-20-10-2-1/warehouse-10-20-10-2-1-random-2_a50_s2_r0,,,"{""agents"": ""50"", ""comp_time"": ""12"", ""first_ms"": ""12.5"", ""makespan"": ""178"", ""makespan_lb"": ""178"", ""map_file"": ""warehouse-10-20-10-2-1.map"", ""pp_demote_rounds"": ""0"", ""pp_failed"": ""0"", ""pp_order"": ""traffic-last"", ""pp_plan_ms"": ""8.5"", ""pp_plan_soc"": ""4906"", ""pp_tl"": ""0"", ""pp_used"": ""1"", ""seed"": ""2"", ""soc"": ""4906"", ""soc_lb"": ""4514"", ""solved"": ""1"", ""solver"": ""planner"", ""sum_of_loss"": ""4779"", ""sum_of_loss_lb"": ""4514""}"
pp_guided_tl:traffic_tl,PP-guided (traffic-last) + traffic load in SIPP,warehouse-10-20-10-2-1,warehouse-10-20-10-2-1-random-2,50,1,30.0,solved,0.052248,0.021,4928,178,4696,4514,178,1.091715,0,,/home/carsten/Projects/MAPF/MAPF Evaluator/results/pptl-warehouse-10-20-2-1/runs/pp_guided_tl_traffic_tl/warehouse-10-20-10-2-1/warehouse-10-20-10-2-1-random-2_a50_s1_r0,,,"{""agents"": ""50"", ""comp_time"": ""21"", ""first_ms"": ""21.1"", ""makespan"": ""178"", ""makespan_lb"": ""178"", ""map_file"": ""warehouse-10-20-10-2-1.map"", ""pp_demote_rounds"": ""0"", ""pp_failed"": ""0"", ""pp_order"": ""traffic-last"", ""pp_plan_ms"": ""15.6"", ""pp_plan_soc"": ""4928"", ""pp_tl"": ""1"", ""pp_used"": ""1"", ""seed"": ""1"", ""soc"": ""4928"", ""soc_lb"": ""4514"", ""solved"": ""1"", ""solver"": ""planner"", ""sum_of_loss"": ""4700"", ""sum_of_loss_lb"": ""4514""}"
pp_guided_tl:traffic_tl,PP-guided (traffic-last) + traffic load in SIPP,warehouse-10-20-10-2-1,warehouse-10-20-10-2-1-random-2,50,0,30.0,solved,0.067713,0.021,4928,178,4696,4514,178,1.091715,0,,/home/carsten/Projects/MAPF/MAPF Evaluator/results/pptl-warehouse-10-20-2-1/runs/pp_guided_tl_traffic_tl/warehouse-10-20-10-2-1/warehouse-10-20-10-2-1-random-2_a50_s0_r0,,,"{""agents"": ""50"", ""comp_time"": ""21"", ""first_ms"": ""21.1"", ""makespan"": ""178"", ""makespan_lb"": ""178"", ""map_file"": ""warehouse-10-20-10-2-1.map"", ""pp_demote_rounds"": ""0"", ""pp_failed"": ""0"", ""pp_order"": ""traffic-last"", ""pp_plan_ms"": ""16.1"", ""pp_plan_soc"": ""4928"", ""pp_tl"": ""1"", ""pp_used"": ""1"", ""seed"": ""0"", ""soc"": ""4928"", ""soc_lb"": ""4514"", ""solved"": ""1"", ""solver"": ""planner"", ""sum_of_loss"": ""4700"", ""sum_of_loss_lb"": ""4514""}"
pp_guided_tl:traffic_tl,PP-guided (traffic-last) + traffic load in SIPP,warehouse-10-20-10-2-1,warehouse-10-20-10-2-1-random-2,50,2,30.0,solved,0.13997,0.021,4928,178,4696,4514,178,1.091715,0,,/home/carsten/Projects/MAPF/MAPF Evaluator/results/pptl-warehouse-10-20-2-1/runs/pp_guided_tl_traffic_tl/warehouse-10-20-10-2-1/warehouse-10-20-10-2-1-random-2_a50_s2_r0,,,"{""agents"": ""50"", ""comp_time"": ""21"", ""first_ms"": ""21.2"", ""makespan"": ""178"", ""makespan_lb"": ""178"", ""map_file"": ""warehouse-10-20-10-2-1.map"", ""pp_demote_rounds"": ""0"", ""pp_failed"": ""0"", ""pp_order"": ""traffic-last"", ""pp_plan_ms"": ""15.6"", ""pp_plan_soc"": ""4928"", ""pp_tl"": ""1"", ""pp_used"": ""1"", ""seed"": ""2"", ""soc"": ""4928"", ""soc_lb"": ""4514"", ""solved"": ""1"", ""solver"": ""planner"", ""sum_of_loss"": ""4700"", ""sum_of_loss_lb"": ""4514""}"
pp_guided_tl:shortest,PP-guided (shortest first),warehouse-10-20-10-2-1,warehouse-10-20-10-2-1-random-2,100,1,30.0,solved,0.20368,0.016,9020,194,9020,8963,194,1.006359,0,,/home/carsten/Projects/MAPF/MAPF Evaluator/results/pptl-warehouse-10-20-2-1/runs/pp_guided_tl_shortest/warehouse-10-20-10-2-1/warehouse-10-20-10-2-1-random-2_a100_s1_r0,,,"{""agents"": ""100"", ""comp_time"": ""16"", ""first_ms"": ""15.8"", ""makespan"": ""194"", ""makespan_lb"": ""194"", ""map_file"": ""warehouse-10-20-10-2-1.map"", ""pp_demote_rounds"": ""0"", ""pp_failed"": ""0"", ""pp_order"": ""shortest"", ""pp_plan_ms"": ""10.3"", ""pp_plan_soc"": ""9020"", ""pp_tl"": ""0"", ""pp_used"": ""1"", ""seed"": ""1"", ""soc"": ""9020"", ""soc_lb"": ""8963"", ""solved"": ""1"", ""solver"": ""planner"", ""sum_of_loss"": ""9020"", ""sum_of_loss_lb"": ""8963""}"
pp_guided_tl:shortest,PP-guided (shortest first),warehouse-10-20-10-2-1,warehouse-10-20-10-2-1-random-2,100,2,30.0,solved,0.129955,0.016,9020,194,9020,8963,194,1.006359,0,,/home/carsten/Projects/MAPF/MAPF Evaluator/results/pptl-warehouse-10-20-2-1/runs/pp_guided_tl_shortest/warehouse-10-20-10-2-1/warehouse-10-20-10-2-1-random-2_a100_s2_r0,,,"{""agents"": ""100"", ""comp_time"": ""16"", ""first_ms"": ""16.9"", ""makespan"": ""194"", ""makespan_lb"": ""194"", ""map_file"": ""warehouse-10-20-10-2-1.map"", ""pp_demote_rounds"": ""0"", ""pp_failed"": ""0"", ""pp_order"": ""shortest"", ""pp_plan_ms"": ""10.4"", ""pp_plan_soc"": ""9020"", ""pp_tl"": ""0"", ""pp_used"": ""1"", ""seed"": ""2"", ""soc"": ""9020"", ""soc_lb"": ""8963"", ""solved"": ""1"", ""solver"": ""planner"", ""sum_of_loss"": ""9020"", ""sum_of_loss_lb"": ""8963""}"
pp_guided_tl:shortest,PP-guided (shortest first),warehouse-10-20-10-2-1,warehouse-10-20-10-2-1-random-2,100,0,30.0,solved,0.07378,0.016,9020,194,9020,8963,194,1.006359,0,,/home/carsten/Projects/MAPF/MAPF Evaluator/results/pptl-warehouse-10-20-2-1/runs/pp_guided_tl_shortest/warehouse-10-20-10-2-1/warehouse-10-20-10-2-1-random-2_a100_s0_r0,,,"{""agents"": ""100"", ""comp_time"": ""16"", ""first_ms"": ""15.8"", ""makespan"": ""194"", ""makespan_lb"": ""194"", ""map_file"": ""warehouse-10-20-10-2-1.map"", ""pp_demote_rounds"": ""0"", ""pp_failed"": ""0"", ""pp_order"": ""shortest"", ""pp_plan_ms"": ""10.1"", ""pp_plan_soc"": ""9020"", ""pp_tl"": ""0"", ""pp_used"": ""1"", ""seed"": ""0"", ""soc"": ""9020"", ""soc_lb"": ""8963"", ""solved"": ""1"", ""solver"": ""planner"", ""sum_of_loss"": ""9020"", ""sum_of_loss_lb"": ""8963""}"
pp_guided_tl:shortest_tl,PP-guided (shortest first) + traffic load in SIPP,warehouse-10-20-10-2-1,warehouse-10-20-10-2-1-random-2,100,0,30.0,solved,0.072749,0.036,8980,194,8980,8963,194,1.001897,0,,/home/carsten/Projects/MAPF/MAPF Evaluator/results/pptl-warehouse-10-20-2-1/runs/pp_guided_tl_shortest_tl/warehouse-10-20-10-2-1/warehouse-10-20-10-2-1-random-2_a100_s0_r0,,,"{""agents"": ""100"", ""comp_time"": ""36"", ""first_ms"": ""36.5"", ""makespan"": ""194"", ""makespan_lb"": ""194"", ""map_file"": ""warehouse-10-20-10-2-1.map"", ""pp_demote_rounds"": ""0"", ""pp_failed"": ""0"", ""pp_order"": ""shortest"", ""pp_plan_ms"": ""27.4"", ""pp_plan_soc"": ""8980"", ""pp_tl"": ""1"", ""pp_used"": ""1"", ""seed"": ""0"", ""soc"": ""8980"", ""soc_lb"": ""8963"", ""solved"": ""1"", ""solver"": ""planner"", ""sum_of_loss"": ""8980"", ""sum_of_loss_lb"": ""8963""}"
pp_guided_tl:shortest_tl,PP-guided (shortest first) + traffic load in SIPP,warehouse-10-20-10-2-1,warehouse-10-20-10-2-1-random-2,100,1,30.0,solved,0.21058,0.036,8980,194,8980,8963,194,1.001897,0,,/home/carsten/Projects/MAPF/MAPF Evaluator/results/pptl-warehouse-10-20-2-1/runs/pp_guided_tl_shortest_tl/warehouse-10-20-10-2-1/warehouse-10-20-10-2-1-random-2_a100_s1_r0,,,"{""agents"": ""100"", ""comp_time"": ""36"", ""first_ms"": ""35.6"", ""makespan"": ""194"", ""makespan_lb"": ""194"", ""map_file"": ""warehouse-10-20-10-2-1.map"", ""pp_demote_rounds"": ""0"", ""pp_failed"": ""0"", ""pp_order"": ""shortest"", ""pp_plan_ms"": ""26.5"", ""pp_plan_soc"": ""8980"", ""pp_tl"": ""1"", ""pp_used"": ""1"", ""seed"": ""1"", ""soc"": ""8980"", ""soc_lb"": ""8963"", ""solved"": ""1"", ""solver"": ""planner"", ""sum_of_loss"": ""8980"", ""sum_of_loss_lb"": ""8963""}"
pp_guided_tl:traffic,PP-guided (traffic-last),warehouse-10-20-10-2-1,warehouse-10-20-10-2-1-random-2,100,0,30.0,solved,0.194966,0.028,10035,194,9653,8963,194,1.119603,0,,/home/carsten/Projects/MAPF/MAPF Evaluator/results/pptl-warehouse-10-20-2-1/runs/pp_guided_tl_traffic/warehouse-10-20-10-2-1/warehouse-10-20-10-2-1-random-2_a100_s0_r0,,,"{""agents"": ""100"", ""comp_time"": ""28"", ""first_ms"": ""28.7"", ""makespan"": ""194"", ""makespan_lb"": ""194"", ""map_file"": ""warehouse-10-20-10-2-1.map"", ""pp_demote_rounds"": ""0"", ""pp_failed"": ""0"", ""pp_order"": ""traffic-last"", ""pp_plan_ms"": ""21.0"", ""pp_plan_soc"": ""10035"", ""pp_tl"": ""0"", ""pp_used"": ""1"", ""seed"": ""0"", ""soc"": ""10035"", ""soc_lb"": ""8963"", ""solved"": ""1"", ""solver"": ""planner"", ""sum_of_loss"": ""9670"", ""sum_of_loss_lb"": ""8963""}"
pp_guided_tl:traffic,PP-guided (traffic-last),warehouse-10-20-10-2-1,warehouse-10-20-10-2-1-random-2,100,1,30.0,solved,0.083499,0.027,10035,194,9653,8963,194,1.119603,0,,/home/carsten/Projects/MAPF/MAPF Evaluator/results/pptl-warehouse-10-20-2-1/runs/pp_guided_tl_traffic/warehouse-10-20-10-2-1/warehouse-10-20-10-2-1-random-2_a100_s1_r0,,,"{""agents"": ""100"", ""comp_time"": ""27"", ""first_ms"": ""27.6"", ""makespan"": ""194"", ""makespan_lb"": ""194"", ""map_file"": ""warehouse-10-20-10-2-1.map"", ""pp_demote_rounds"": ""0"", ""pp_failed"": ""0"", ""pp_order"": ""traffic-last"", ""pp_plan_ms"": ""20.2"", ""pp_plan_soc"": ""10035"", ""pp_tl"": ""0"", ""pp_used"": ""1"", ""seed"": ""1"", ""soc"": ""10035"", ""soc_lb"": ""8963"", ""solved"": ""1"", ""solver"": ""planner"", ""sum_of_loss"": ""9670"", ""sum_of_loss_lb"": ""8963""}"
pp_guided_tl:shortest_tl,PP-guided (shortest first) + traffic load in SIPP,warehouse-10-20-10-2-1,warehouse-10-20-10-2-1-random-2,100,2,30.0,solved,0.068615,0.036,8980,194,8980,8963,194,1.001897,0,,/home/carsten/Projects/MAPF/MAPF Evaluator/results/pptl-warehouse-10-20-2-1/runs/pp_guided_tl_shortest_tl/warehouse-10-20-10-2-1/warehouse-10-20-10-2-1-random-2_a100_s2_r0,,,"{""agents"": ""100"", ""comp_time"": ""36"", ""first_ms"": ""36.6"", ""makespan"": ""194"", ""makespan_lb"": ""194"", ""map_file"": ""warehouse-10-20-10-2-1.map"", ""pp_demote_rounds"": ""0"", ""pp_failed"": ""0"", ""pp_order"": ""shortest"", ""pp_plan_ms"": ""26.8"", ""pp_plan_soc"": ""8980"", ""pp_tl"": ""1"", ""pp_used"": ""1"", ""seed"": ""2"", ""soc"": ""8980"", ""soc_lb"": ""8963"", ""solved"": ""1"", ""solver"": ""planner"", ""sum_of_loss"": ""8980"", ""sum_of_loss_lb"": ""8963""}"
pp_guided_tl:traffic,PP-guided (traffic-last),warehouse-10-20-10-2-1,warehouse-10-20-10-2-1-random-2,100,2,30.0,solved,0.212924,0.03,10035,194,9653,8963,194,1.119603,0,,/home/carsten/Projects/MAPF/MAPF Evaluator/results/pptl-warehouse-10-20-2-1/runs/pp_guided_tl_traffic/warehouse-10-20-10-2-1/warehouse-10-20-10-2-1-random-2_a100_s2_r0,,,"{""agents"": ""100"", ""comp_time"": ""30"", ""first_ms"": ""29.6"", ""makespan"": ""194"", ""makespan_lb"": ""194"", ""map_file"": ""warehouse-10-20-10-2-1.map"", ""pp_demote_rounds"": ""0"", ""pp_failed"": ""0"", ""pp_order"": ""traffic-last"", ""pp_plan_ms"": ""22.3"", ""pp_plan_soc"": ""10035"", ""pp_tl"": ""0"", ""pp_used"": ""1"", ""seed"": ""2"", ""soc"": ""10035"", ""soc_lb"": ""8963"", ""solved"": ""1"", ""solver"": ""planner"", ""sum_of_loss"": ""9670"", ""sum_of_loss_lb"": ""8963""}"
pp_guided_tl:traffic_tl,PP-guided (traffic-last) + traffic load in SIPP,warehouse-10-20-10-2-1,warehouse-10-20-10-2-1-random-2,100,0,30.0,solved,0.11667,0.047,9921,194,9720,8963,194,1.106884,0,,/home/carsten/Projects/MAPF/MAPF Evaluator/results/pptl-warehouse-10-20-2-1/runs/pp_guided_tl_traffic_tl/warehouse-10-20-10-2-1/warehouse-10-20-10-2-1-random-2_a100_s0_r0,,,"{""agents"": ""100"", ""comp_time"": ""47"", ""first_ms"": ""46.5"", ""makespan"": ""194"", ""makespan_lb"": ""194"", ""map_file"": ""warehouse-10-20-10-2-1.map"", ""pp_demote_rounds"": ""0"", ""pp_failed"": ""0"", ""pp_order"": ""traffic-last"", ""pp_plan_ms"": ""36.1"", ""pp_plan_soc"": ""9921"", ""pp_tl"": ""1"", ""pp_used"": ""1"", ""seed"": ""0"", ""soc"": ""9921"", ""soc_lb"": ""8963"", ""solved"": ""1"", ""solver"": ""planner"", ""sum_of_loss"": ""9727"", ""sum_of_loss_lb"": ""8963""}"
pp_guided_tl:traffic_tl,PP-guided (traffic-last) + traffic load in SIPP,warehouse-10-20-10-2-1,warehouse-10-20-10-2-1-random-2,100,1,30.0,solved,0.104277,0.048,9921,194,9720,8963,194,1.106884,0,,/home/carsten/Projects/MAPF/MAPF Evaluator/results/pptl-warehouse-10-20-2-1/runs/pp_guided_tl_traffic_tl/warehouse-10-20-10-2-1/warehouse-10-20-10-2-1-random-2_a100_s1_r0,,,"{""agents"": ""100"", ""comp_time"": ""48"", ""first_ms"": ""47.9"", ""makespan"": ""194"", ""makespan_lb"": ""194"", ""map_file"": ""warehouse-10-20-10-2-1.map"", ""pp_demote_rounds"": ""0"", ""pp_failed"": ""0"", ""pp_order"": ""traffic-last"", ""pp_plan_ms"": ""37.0"", ""pp_plan_soc"": ""9921"", ""pp_tl"": ""1"", ""pp_used"": ""1"", ""seed"": ""1"", ""soc"": ""9921"", ""soc_lb"": ""8963"", ""solved"": ""1"", ""solver"": ""planner"", ""sum_of_loss"": ""9727"", ""sum_of_loss_lb"": ""8963""}"
pp_guided_tl:traffic_tl,PP-guided (traffic-last) + traffic load in SIPP,warehouse-10-20-10-2-1,warehouse-10-20-10-2-1-random-2,100,2,30.0,solved,0.112425,0.048,9921,194,9720,8963,194,1.106884,0,,/home/carsten/Projects/MAPF/MAPF Evaluator/results/pptl-warehouse-10-20-2-1/runs/pp_guided_tl_traffic_tl/warehouse-10-20-10-2-1/warehouse-10-20-10-2-1-random-2_a100_s2_r0,,,"{""agents"": ""100"", ""comp_time"": ""48"", ""first_ms"": ""48.6"", ""makespan"": ""194"", ""makespan_lb"": ""194"", ""map_file"": ""warehouse-10-20-10-2-1.map"", ""pp_demote_rounds"": ""0"", ""pp_failed"": ""0"", ""pp_order"": ""traffic-last"", ""pp_plan_ms"": ""37.1"", ""pp_plan_soc"": ""9921"", ""pp_tl"": ""1"", ""pp_used"": ""1"", ""seed"": ""2"", ""soc"": ""9921"", ""soc_lb"": ""8963"", ""solved"": ""1"", ""solver"": ""planner"", ""sum_of_loss"": ""9727"", ""sum_of_loss_lb"": ""8963""}"
pp_guided_tl:shortest,PP-guided (shortest first),warehouse-10-20-10-2-1,warehouse-10-20-10-2-1-random-2,150,0,30.0,solved,0.124914,0.027,12498,194,12498,12335,194,1.013214,0,,/home/carsten/Projects/MAPF/MAPF Evaluator/results/pptl-warehouse-10-20-2-1/runs/pp_guided_tl_shortest/warehouse-10-20-10-2-1/warehouse-10-20-10-2-1-random-2_a150_s0_r0,,,"{""agents"": ""150"", ""comp_time"": ""27"", ""first_ms"": ""26.6"", ""makespan"": ""194"", ""makespan_lb"": ""194"", ""map_file"": ""warehouse-10-20-10-2-1.map"", ""pp_demote_rounds"": ""0"", ""pp_failed"": ""0"", ""pp_order"": ""shortest"", ""pp_plan_ms"": ""17.7"", ""pp_plan_soc"": ""12498"", ""pp_tl"": ""0"", ""pp_used"": ""1"", ""seed"": ""0"", ""soc"": ""12498"", ""soc_lb"": ""12335"", ""solved"": ""1"", ""solver"": ""planner"", ""sum_of_loss"": ""12498"", ""sum_of_loss_lb"": ""12335""}"
pp_guided_tl:shortest,PP-guided (shortest first),warehouse-10-20-10-2-1,warehouse-10-20-10-2-1-random-2,150,2,30.0,solved,0.072226,0.027,12498,194,12498,12335,194,1.013214,0,,/home/carsten/Projects/MAPF/MAPF Evaluator/results/pptl-warehouse-10-20-2-1/runs/pp_guided_tl_shortest/warehouse-10-20-10-2-1/warehouse-10-20-10-2-1-random-2_a150_s2_r0,,,"{""agents"": ""150"", ""comp_time"": ""27"", ""first_ms"": ""27.4"", ""makespan"": ""194"", ""makespan_lb"": ""194"", ""map_file"": ""warehouse-10-20-10-2-1.map"", ""pp_demote_rounds"": ""0"", ""pp_failed"": ""0"", ""pp_order"": ""shortest"", ""pp_plan_ms"": ""17.8"", ""pp_plan_soc"": ""12498"", ""pp_tl"": ""0"", ""pp_used"": ""1"", ""seed"": ""2"", ""soc"": ""12498"", ""soc_lb"": ""12335"", ""solved"": ""1"", ""solver"": ""planner"", ""sum_of_loss"": ""12498"", ""sum_of_loss_lb"": ""12335""}"
pp_guided_tl:shortest,PP-guided (shortest first),warehouse-10-20-10-2-1,warehouse-10-20-10-2-1-random-2,150,1,30.0,solved,0.221874,0.027,12498,194,12498,12335,194,1.013214,0,,/home/carsten/Projects/MAPF/MAPF Evaluator/results/pptl-warehouse-10-20-2-1/runs/pp_guided_tl_shortest/warehouse-10-20-10-2-1/warehouse-10-20-10-2-1-random-2_a150_s1_r0,,,"{""agents"": ""150"", ""comp_time"": ""27"", ""first_ms"": ""26.5"", ""makespan"": ""194"", ""makespan_lb"": ""194"", ""map_file"": ""warehouse-10-20-10-2-1.map"", ""pp_demote_rounds"": ""0"", ""pp_failed"": ""0"", ""pp_order"": ""shortest"", ""pp_plan_ms"": ""17.7"", ""pp_plan_soc"": ""12498"", ""pp_tl"": ""0"", ""pp_used"": ""1"", ""seed"": ""1"", ""soc"": ""12498"", ""soc_lb"": ""12335"", ""solved"": ""1"", ""solver"": ""planner"", ""sum_of_loss"": ""12498"", ""sum_of_loss_lb"": ""12335""}"
pp_guided_tl:shortest_tl,PP-guided (shortest first) + traffic load in SIPP,warehouse-10-20-10-2-1,warehouse-10-20-10-2-1-random-2,150,0,30.0,solved,0.181025,0.051,12492,194,12489,12335,194,1.012728,0,,/home/carsten/Projects/MAPF/MAPF Evaluator/results/pptl-warehouse-10-20-2-1/runs/pp_guided_tl_shortest_tl/warehouse-10-20-10-2-1/warehouse-10-20-10-2-1-random-2_a150_s0_r0,,,"{""agents"": ""150"", ""comp_time"": ""51"", ""first_ms"": ""50.4"", ""makespan"": ""194"", ""makespan_lb"": ""194"", ""map_file"": ""warehouse-10-20-10-2-1.map"", ""pp_demote_rounds"": ""0"", ""pp_failed"": ""0"", ""pp_order"": ""shortest"", ""pp_plan_ms"": ""37.3"", ""pp_plan_soc"": ""12492"", ""pp_tl"": ""1"", ""pp_used"": ""1"", ""seed"": ""0"", ""soc"": ""12492"", ""soc_lb"": ""12335"", ""solved"": ""1"", ""solver"": ""planner"", ""sum_of_loss"": ""12490"", ""sum_of_loss_lb"": ""12335""}"
pp_guided_tl:shortest_tl,PP-guided (shortest first) + traffic load in SIPP,warehouse-10-20-10-2-1,warehouse-10-20-10-2-1-random-2,150,2,30.0,solved,0.110588,0.053,12492,194,12489,12335,194,1.012728,0,,/home/carsten/Projects/MAPF/MAPF Evaluator/results/pptl-warehouse-10-20-2-1/runs/pp_guided_tl_shortest_tl/warehouse-10-20-10-2-1/warehouse-10-20-10-2-1-random-2_a150_s2_r0,,,"{""agents"": ""150"", ""comp_time"": ""53"", ""first_ms"": ""52.6"", ""makespan"": ""194"", ""makespan_lb"": ""194"", ""map_file"": ""warehouse-10-20-10-2-1.map"", ""pp_demote_rounds"": ""0"", ""pp_failed"": ""0"", ""pp_order"": ""shortest"", ""pp_plan_ms"": ""37.0"", ""pp_plan_soc"": ""12492"", ""pp_tl"": ""1"", ""pp_used"": ""1"", ""seed"": ""2"", ""soc"": ""12492"", ""soc_lb"": ""12335"", ""solved"": ""1"", ""solver"": ""planner"", ""sum_of_loss"": ""12490"", ""sum_of_loss_lb"": ""12335""}"
pp_guided_tl:shortest_tl,PP-guided (shortest first) + traffic load in SIPP,warehouse-10-20-10-2-1,warehouse-10-20-10-2-1-random-2,150,1,30.0,solved,0.138814,0.053,12492,194,12489,12335,194,1.012728,0,,/home/carsten/Projects/MAPF/MAPF Evaluator/results/pptl-warehouse-10-20-2-1/runs/pp_guided_tl_shortest_tl/warehouse-10-20-10-2-1/warehouse-10-20-10-2-1-random-2_a150_s1_r0,,,"{""agents"": ""150"", ""comp_time"": ""53"", ""first_ms"": ""53.2"", ""makespan"": ""194"", ""makespan_lb"": ""194"", ""map_file"": ""warehouse-10-20-10-2-1.map"", ""pp_demote_rounds"": ""0"", ""pp_failed"": ""0"", ""pp_order"": ""shortest"", ""pp_plan_ms"": ""37.7"", ""pp_plan_soc"": ""12492"", ""pp_tl"": ""1"", ""pp_used"": ""1"", ""seed"": ""1"", ""soc"": ""12492"", ""soc_lb"": ""12335"", ""solved"": ""1"", ""solver"": ""planner"", ""sum_of_loss"": ""12490"", ""sum_of_loss_lb"": ""12335""}"
pp_guided_tl:traffic,PP-guided (traffic-last),warehouse-10-20-10-2-1,warehouse-10-20-10-2-1-random-2,150,0,30.0,solved,0.088527,0.058,15411,194,14290,12335,194,1.249372,0,,/home/carsten/Projects/MAPF/MAPF Evaluator/results/pptl-warehouse-10-20-2-1/runs/pp_guided_tl_traffic/warehouse-10-20-10-2-1/warehouse-10-20-10-2-1-random-2_a150_s0_r0,,,"{""agents"": ""150"", ""comp_time"": ""58"", ""first_ms"": ""58.3"", ""makespan"": ""194"", ""makespan_lb"": ""194"", ""map_file"": ""warehouse-10-20-10-2-1.map"", ""pp_demote_rounds"": ""0"", ""pp_failed"": ""0"", ""pp_order"": ""traffic-last"", ""pp_plan_ms"": ""46.8"", ""pp_plan_soc"": ""15411"", ""pp_tl"": ""0"", ""pp_used"": ""1"", ""seed"": ""0"", ""soc"": ""15411"", ""soc_lb"": ""12335"", ""solved"": ""1"", ""solver"": ""planner"", ""sum_of_loss"": ""14331"", ""sum_of_loss_lb"": ""12335""}"
pp_guided_tl:traffic,PP-guided (traffic-last),warehouse-10-20-10-2-1,warehouse-10-20-10-2-1-random-2,150,1,30.0,solved,0.345075,0.061,15411,194,14290,12335,194,1.249372,0,,/home/carsten/Projects/MAPF/MAPF Evaluator/results/pptl-warehouse-10-20-2-1/runs/pp_guided_tl_traffic/warehouse-10-20-10-2-1/warehouse-10-20-10-2-1-random-2_a150_s1_r0,,,"{""agents"": ""150"", ""comp_time"": ""61"", ""first_ms"": ""61.4"", ""makespan"": ""194"", ""makespan_lb"": ""194"", ""map_file"": ""warehouse-10-20-10-2-1.map"", ""pp_demote_rounds"": ""0"", ""pp_failed"": ""0"", ""pp_order"": ""traffic-last"", ""pp_plan_ms"": ""50.1"", ""pp_plan_soc"": ""15411"", ""pp_tl"": ""0"", ""pp_used"": ""1"", ""seed"": ""1"", ""soc"": ""15411"", ""soc_lb"": ""12335"", ""solved"": ""1"", ""solver"": ""planner"", ""sum_of_loss"": ""14331"", ""sum_of_loss_lb"": ""12335""}"
pp_guided_tl:traffic_tl,PP-guided (traffic-last) + traffic load in SIPP,warehouse-10-20-10-2-1,warehouse-10-20-10-2-1-random-2,150,0,30.0,solved,0.243233,0.071,14743,194,13676,12335,194,1.195217,0,,/home/carsten/Projects/MAPF/MAPF Evaluator/results/pptl-warehouse-10-20-2-1/runs/pp_guided_tl_traffic_tl/warehouse-10-20-10-2-1/warehouse-10-20-10-2-1-random-2_a150_s0_r0,,,"{""agents"": ""150"", ""comp_time"": ""71"", ""first_ms"": ""70.1"", ""makespan"": ""194"", ""makespan_lb"": ""194"", ""map_file"": ""warehouse-10-20-10-2-1.map"", ""pp_demote_rounds"": ""0"", ""pp_failed"": ""0"", ""pp_order"": ""traffic-last"", ""pp_plan_ms"": ""54.7"", ""pp_plan_soc"": ""14743"", ""pp_tl"": ""1"", ""pp_used"": ""1"", ""seed"": ""0"", ""soc"": ""14743"", ""soc_lb"": ""12335"", ""solved"": ""1"", ""solver"": ""planner"", ""sum_of_loss"": ""13707"", ""sum_of_loss_lb"": ""12335""}"
pp_guided_tl:traffic,PP-guided (traffic-last),warehouse-10-20-10-2-1,warehouse-10-20-10-2-1-random-2,150,2,30.0,solved,0.293548,0.058,15411,194,14290,12335,194,1.249372,0,,/home/carsten/Projects/MAPF/MAPF Evaluator/results/pptl-warehouse-10-20-2-1/runs/pp_guided_tl_traffic/warehouse-10-20-10-2-1/warehouse-10-20-10-2-1-random-2_a150_s2_r0,,,"{""agents"": ""150"", ""comp_time"": ""58"", ""first_ms"": ""58.3"", ""makespan"": ""194"", ""makespan_lb"": ""194"", ""map_file"": ""warehouse-10-20-10-2-1.map"", ""pp_demote_rounds"": ""0"", ""pp_failed"": ""0"", ""pp_order"": ""traffic-last"", ""pp_plan_ms"": ""46.7"", ""pp_plan_soc"": ""15411"", ""pp_tl"": ""0"", ""pp_used"": ""1"", ""seed"": ""2"", ""soc"": ""15411"", ""soc_lb"": ""12335"", ""solved"": ""1"", ""solver"": ""planner"", ""sum_of_loss"": ""14331"", ""sum_of_loss_lb"": ""12335""}"
pp_guided_tl:traffic_tl,PP-guided (traffic-last) + traffic load in SIPP,warehouse-10-20-10-2-1,warehouse-10-20-10-2-1-random-2,150,2,30.0,solved,0.128295,0.074,14743,194,13676,12335,194,1.195217,0,,/home/carsten/Projects/MAPF/MAPF Evaluator/results/pptl-warehouse-10-20-2-1/runs/pp_guided_tl_traffic_tl/warehouse-10-20-10-2-1/warehouse-10-20-10-2-1-random-2_a150_s2_r0,,,"{""agents"": ""150"", ""comp_time"": ""74"", ""first_ms"": ""73.9"", ""makespan"": ""194"", ""makespan_lb"": ""194"", ""map_file"": ""warehouse-10-20-10-2-1.map"", ""pp_demote_rounds"": ""0"", ""pp_failed"": ""0"", ""pp_order"": ""traffic-last"", ""pp_plan_ms"": ""57.0"", ""pp_plan_soc"": ""14743"", ""pp_tl"": ""1"", ""pp_used"": ""1"", ""seed"": ""2"", ""soc"": ""14743"", ""soc_lb"": ""12335"", ""solved"": ""1"", ""solver"": ""planner"", ""sum_of_loss"": ""13707"", ""sum_of_loss_lb"": ""12335""}"
pp_guided_tl:traffic_tl,PP-guided (traffic-last) + traffic load in SIPP,warehouse-10-20-10-2-1,warehouse-10-20-10-2-1-random-2,150,1,30.0,solved,0.199381,0.072,14743,194,13676,12335,194,1.195217,0,,/home/carsten/Projects/MAPF/MAPF Evaluator/results/pptl-warehouse-10-20-2-1/runs/pp_guided_tl_traffic_tl/warehouse-10-20-10-2-1/warehouse-10-20-10-2-1-random-2_a150_s1_r0,,,"{""agents"": ""150"", ""comp_time"": ""72"", ""first_ms"": ""72.2"", ""makespan"": ""194"", ""makespan_lb"": ""194"", ""map_file"": ""warehouse-10-20-10-2-1.map"", ""pp_demote_rounds"": ""0"", ""pp_failed"": ""0"", ""pp_order"": ""traffic-last"", ""pp_plan_ms"": ""55.3"", ""pp_plan_soc"": ""14743"", ""pp_tl"": ""1"", ""pp_used"": ""1"", ""seed"": ""1"", ""soc"": ""14743"", ""soc_lb"": ""12335"", ""solved"": ""1"", ""solver"": ""planner"", ""sum_of_loss"": ""13707"", ""sum_of_loss_lb"": ""12335""}"
pp_guided_tl:shortest,PP-guided (shortest first),warehouse-10-20-10-2-1,warehouse-10-20-10-2-1-random-2,200,1,30.0,solved,0.132277,0.077,16774,194,16774,16197,194,1.035624,0,,/home/carsten/Projects/MAPF/MAPF Evaluator/results/pptl-warehouse-10-20-2-1/runs/pp_guided_tl_shortest/warehouse-10-20-10-2-1/warehouse-10-20-10-2-1-random-2_a200_s1_r0,,,"{""agents"": ""200"", ""comp_time"": ""77"", ""first_ms"": ""76.4"", ""makespan"": ""194"", ""makespan_lb"": ""194"", ""map_file"": ""warehouse-10-20-10-2-1.map"", ""pp_demote_rounds"": ""1"", ""pp_failed"": ""0"", ""pp_order"": ""shortest"", ""pp_plan_ms"": ""64.1"", ""pp_plan_soc"": ""16774"", ""pp_tl"": ""0"", ""pp_used"": ""1"", ""seed"": ""1"", ""soc"": ""16774"", ""soc_lb"": ""16197"", ""solved"": ""1"", ""solver"": ""planner"", ""sum_of_loss"": ""16774"", ""sum_of_loss_lb"": ""16197""}"
pp_guided_tl:shortest,PP-guided (shortest first),warehouse-10-20-10-2-1,warehouse-10-20-10-2-1-random-2,200,0,30.0,solved,0.389789,0.077,16774,194,16774,16197,194,1.035624,0,,/home/carsten/Projects/MAPF/MAPF Evaluator/results/pptl-warehouse-10-20-2-1/runs/pp_guided_tl_shortest/warehouse-10-20-10-2-1/warehouse-10-20-10-2-1-random-2_a200_s0_r0,,,"{""agents"": ""200"", ""comp_time"": ""77"", ""first_ms"": ""76.9"", ""makespan"": ""194"", ""makespan_lb"": ""194"", ""map_file"": ""warehouse-10-20-10-2-1.map"", ""pp_demote_rounds"": ""1"", ""pp_failed"": ""0"", ""pp_order"": ""shortest"", ""pp_plan_ms"": ""64.8"", ""pp_plan_soc"": ""16774"", ""pp_tl"": ""0"", ""pp_used"": ""1"", ""seed"": ""0"", ""soc"": ""16774"", ""soc_lb"": ""16197"", ""solved"": ""1"", ""solver"": ""planner"", ""sum_of_loss"": ""16774"", ""sum_of_loss_lb"": ""16197""}"
pp_guided_tl:shortest,PP-guided (shortest first),warehouse-10-20-10-2-1,warehouse-10-20-10-2-1-random-2,200,2,30.0,solved,0.152828,0.077,16774,194,16774,16197,194,1.035624,0,,/home/carsten/Projects/MAPF/MAPF Evaluator/results/pptl-warehouse-10-20-2-1/runs/pp_guided_tl_shortest/warehouse-10-20-10-2-1/warehouse-10-20-10-2-1-random-2_a200_s2_r0,,,"{""agents"": ""200"", ""comp_time"": ""77"", ""first_ms"": ""76.9"", ""makespan"": ""194"", ""makespan_lb"": ""194"", ""map_file"": ""warehouse-10-20-10-2-1.map"", ""pp_demote_rounds"": ""1"", ""pp_failed"": ""0"", ""pp_order"": ""shortest"", ""pp_plan_ms"": ""64.3"", ""pp_plan_soc"": ""16774"", ""pp_tl"": ""0"", ""pp_used"": ""1"", ""seed"": ""2"", ""soc"": ""16774"", ""soc_lb"": ""16197"", ""solved"": ""1"", ""solver"": ""planner"", ""sum_of_loss"": ""16774"", ""sum_of_loss_lb"": ""16197""}"
pp_guided_tl:shortest_tl,PP-guided (shortest first) + traffic load in SIPP,warehouse-10-20-10-2-1,warehouse-10-20-10-2-1-random-2,200,0,30.0,solved,0.213824,0.123,16751,194,16751,16197,194,1.034204,0,,/home/carsten/Projects/MAPF/MAPF Evaluator/results/pptl-warehouse-10-20-2-1/runs/pp_guided_tl_shortest_tl/warehouse-10-20-10-2-1/warehouse-10-20-10-2-1-random-2_a200_s0_r0,,,"{""agents"": ""200"", ""comp_time"": ""123"", ""first_ms"": ""122.5"", ""makespan"": ""194"", ""makespan_lb"": ""194"", ""map_file"": ""warehouse-10-20-10-2-1.map"", ""pp_demote_rounds"": ""1"", ""pp_failed"": ""0"", ""pp_order"": ""shortest"", ""pp_plan_ms"": ""104.7"", ""pp_plan_soc"": ""16751"", ""pp_tl"": ""1"", ""pp_used"": ""1"", ""seed"": ""0"", ""soc"": ""16751"", ""soc_lb"": ""16197"", ""solved"": ""1"", ""solver"": ""planner"", ""sum_of_loss"": ""16751"", ""sum_of_loss_lb"": ""16197""}"
pp_guided_tl:shortest_tl,PP-guided (shortest first) + traffic load in SIPP,warehouse-10-20-10-2-1,warehouse-10-20-10-2-1-random-2,200,2,30.0,solved,0.184009,0.123,16751,194,16751,16197,194,1.034204,0,,/home/carsten/Projects/MAPF/MAPF Evaluator/results/pptl-warehouse-10-20-2-1/runs/pp_guided_tl_shortest_tl/warehouse-10-20-10-2-1/warehouse-10-20-10-2-1-random-2_a200_s2_r0,,,"{""agents"": ""200"", ""comp_time"": ""123"", ""first_ms"": ""122.9"", ""makespan"": ""194"", ""makespan_lb"": ""194"", ""map_file"": ""warehouse-10-20-10-2-1.map"", ""pp_demote_rounds"": ""1"", ""pp_failed"": ""0"", ""pp_order"": ""shortest"", ""pp_plan_ms"": ""104.0"", ""pp_plan_soc"": ""16751"", ""pp_tl"": ""1"", ""pp_used"": ""1"", ""seed"": ""2"", ""soc"": ""16751"", ""soc_lb"": ""16197"", ""solved"": ""1"", ""solver"": ""planner"", ""sum_of_loss"": ""16751"", ""sum_of_loss_lb"": ""16197""}"
pp_guided_tl:shortest_tl,PP-guided (shortest first) + traffic load in SIPP,warehouse-10-20-10-2-1,warehouse-10-20-10-2-1-random-2,200,1,30.0,solved,0.313934,0.121,16751,194,16751,16197,194,1.034204,0,,/home/carsten/Projects/MAPF/MAPF Evaluator/results/pptl-warehouse-10-20-2-1/runs/pp_guided_tl_shortest_tl/warehouse-10-20-10-2-1/warehouse-10-20-10-2-1-random-2_a200_s1_r0,,,"{""agents"": ""200"", ""comp_time"": ""121"", ""first_ms"": ""121.6"", ""makespan"": ""194"", ""makespan_lb"": ""194"", ""map_file"": ""warehouse-10-20-10-2-1.map"", ""pp_demote_rounds"": ""1"", ""pp_failed"": ""0"", ""pp_order"": ""shortest"", ""pp_plan_ms"": ""103.3"", ""pp_plan_soc"": ""16751"", ""pp_tl"": ""1"", ""pp_used"": ""1"", ""seed"": ""1"", ""soc"": ""16751"", ""soc_lb"": ""16197"", ""solved"": ""1"", ""solver"": ""planner"", ""sum_of_loss"": ""16751"", ""sum_of_loss_lb"": ""16197""}"
pp_guided_tl:traffic,PP-guided (traffic-last),warehouse-10-20-10-2-1,warehouse-10-20-10-2-1-random-2,200,0,30.0,solved,0.177152,0.1,21236,194,19334,16197,194,1.311107,0,,/home/carsten/Projects/MAPF/MAPF Evaluator/results/pptl-warehouse-10-20-2-1/runs/pp_guided_tl_traffic/warehouse-10-20-10-2-1/warehouse-10-20-10-2-1-random-2_a200_s0_r0,,,"{""agents"": ""200"", ""comp_time"": ""100"", ""first_ms"": ""99.2"", ""makespan"": ""194"", ""makespan_lb"": ""194"", ""map_file"": ""warehouse-10-20-10-2-1.map"", ""pp_demote_rounds"": ""0"", ""pp_failed"": ""0"", ""pp_order"": ""traffic-last"", ""pp_plan_ms"": ""83.9"", ""pp_plan_soc"": ""21236"", ""pp_tl"": ""0"", ""pp_used"": ""1"", ""seed"": ""0"", ""soc"": ""21236"", ""soc_lb"": ""16197"", ""solved"": ""1"", ""solver"": ""planner"", ""sum_of_loss"": ""19400"", ""sum_of_loss_lb"": ""16197""}"
pp_guided_tl:traffic,PP-guided (traffic-last),warehouse-10-20-10-2-1,warehouse-10-20-10-2-1-random-2,200,1,30.0,solved,0.405241,0.099,21236,194,19334,16197,194,1.311107,0,,/home/carsten/Projects/MAPF/MAPF Evaluator/results/pptl-warehouse-10-20-2-1/runs/pp_guided_tl_traffic/warehouse-10-20-10-2-1/warehouse-10-20-10-2-1-random-2_a200_s1_r0,,,"{""agents"": ""200"", ""comp_time"": ""99"", ""first_ms"": ""98.8"", ""makespan"": ""194"", ""makespan_lb"": ""194"", ""map_file"": ""warehouse-10-20-10-2-1.map"", ""pp_demote_rounds"": ""0"", ""pp_failed"": ""0"", ""pp_order"": ""traffic-last"", ""pp_plan_ms"": ""83.9"", ""pp_plan_soc"": ""21236"", ""pp_tl"": ""0"", ""pp_used"": ""1"", ""seed"": ""1"", ""soc"": ""21236"", ""soc_lb"": ""16197"", ""solved"": ""1"", ""solver"": ""planner"", ""sum_of_loss"": ""19400"", ""sum_of_loss_lb"": ""16197""}"
pp_guided_tl:traffic,PP-guided (traffic-last),warehouse-10-20-10-2-1,warehouse-10-20-10-2-1-random-2,200,2,30.0,solved,0.189646,0.098,21236,194,19334,16197,194,1.311107,0,,/home/carsten/Projects/MAPF/MAPF Evaluator/results/pptl-warehouse-10-20-2-1/runs/pp_guided_tl_traffic/warehouse-10-20-10-2-1/warehouse-10-20-10-2-1-random-2_a200_s2_r0,,,"{""agents"": ""200"", ""comp_time"": ""98"", ""first_ms"": ""98.0"", ""makespan"": ""194"", ""makespan_lb"": ""194"", ""map_file"": ""warehouse-10-20-10-2-1.map"", ""pp_demote_rounds"": ""0"", ""pp_failed"": ""0"", ""pp_order"": ""traffic-last"", ""pp_plan_ms"": ""82.7"", ""pp_plan_soc"": ""21236"", ""pp_tl"": ""0"", ""pp_used"": ""1"", ""seed"": ""2"", ""soc"": ""21236"", ""soc_lb"": ""16197"", ""solved"": ""1"", ""solver"": ""planner"", ""sum_of_loss"": ""19400"", ""sum_of_loss_lb"": ""16197""}"
pp_guided_tl:traffic_tl,PP-guided (traffic-last) + traffic load in SIPP,warehouse-10-20-10-2-1,warehouse-10-20-10-2-1-random-2,200,1,30.0,solved,0.247094,0.128,20555,194,19212,16197,194,1.269062,0,,/home/carsten/Projects/MAPF/MAPF Evaluator/results/pptl-warehouse-10-20-2-1/runs/pp_guided_tl_traffic_tl/warehouse-10-20-10-2-1/warehouse-10-20-10-2-1-random-2_a200_s1_r0,,,"{""agents"": ""200"", ""comp_time"": ""128"", ""first_ms"": ""127.7"", ""makespan"": ""194"", ""makespan_lb"": ""194"", ""map_file"": ""warehouse-10-20-10-2-1.map"", ""pp_demote_rounds"": ""0"", ""pp_failed"": ""0"", ""pp_order"": ""traffic-last"", ""pp_plan_ms"": ""106.4"", ""pp_plan_soc"": ""20555"", ""pp_tl"": ""1"", ""pp_used"": ""1"", ""seed"": ""1"", ""soc"": ""20555"", ""soc_lb"": ""16197"", ""solved"": ""1"", ""solver"": ""planner"", ""sum_of_loss"": ""19253"", ""sum_of_loss_lb"": ""16197""}"
pp_guided_tl:shortest,PP-guided (shortest first),warehouse-10-20-10-2-1,warehouse-10-20-10-2-1-random-3,50,0,30.0,solved,0.061838,0.007,4334,167,4334,4317,167,1.003938,0,,/home/carsten/Projects/MAPF/MAPF Evaluator/results/pptl-warehouse-10-20-2-1/runs/pp_guided_tl_shortest/warehouse-10-20-10-2-1/warehouse-10-20-10-2-1-random-3_a50_s0_r0,,,"{""agents"": ""50"", ""comp_time"": ""7"", ""first_ms"": ""6.2"", ""makespan"": ""167"", ""makespan_lb"": ""167"", ""map_file"": ""warehouse-10-20-10-2-1.map"", ""pp_demote_rounds"": ""0"", ""pp_failed"": ""0"", ""pp_order"": ""shortest"", ""pp_plan_ms"": ""4.1"", ""pp_plan_soc"": ""4334"", ""pp_tl"": ""0"", ""pp_used"": ""1"", ""seed"": ""0"", ""soc"": ""4334"", ""soc_lb"": ""4317"", ""solved"": ""1"", ""solver"": ""planner"", ""sum_of_loss"": ""4334"", ""sum_of_loss_lb"": ""4317""}"
pp_guided_tl:traffic_tl,PP-guided (traffic-last) + traffic load in SIPP,warehouse-10-20-10-2-1,warehouse-10-20-10-2-1-random-2,200,0,30.0,solved,0.188628,0.13,20555,194,19212,16197,194,1.269062,0,,/home/carsten/Projects/MAPF/MAPF Evaluator/results/pptl-warehouse-10-20-2-1/runs/pp_guided_tl_traffic_tl/warehouse-10-20-10-2-1/warehouse-10-20-10-2-1-random-2_a200_s0_r0,,,"{""agents"": ""200"", ""comp_time"": ""130"", ""first_ms"": ""129.8"", ""makespan"": ""194"", ""makespan_lb"": ""194"", ""map_file"": ""warehouse-10-20-10-2-1.map"", ""pp_demote_rounds"": ""0"", ""pp_failed"": ""0"", ""pp_order"": ""traffic-last"", ""pp_plan_ms"": ""108.3"", ""pp_plan_soc"": ""20555"", ""pp_tl"": ""1"", ""pp_used"": ""1"", ""seed"": ""0"", ""soc"": ""20555"", ""soc_lb"": ""16197"", ""solved"": ""1"", ""solver"": ""planner"", ""sum_of_loss"": ""19253"", ""sum_of_loss_lb"": ""16197""}"
pp_guided_tl:traffic_tl,PP-guided (traffic-last) + traffic load in SIPP,warehouse-10-20-10-2-1,warehouse-10-20-10-2-1-random-2,200,2,30.0,solved,0.297008,0.127,20555,194,19212,16197,194,1.269062,0,,/home/carsten/Projects/MAPF/MAPF Evaluator/results/pptl-warehouse-10-20-2-1/runs/pp_guided_tl_traffic_tl/warehouse-10-20-10-2-1/warehouse-10-20-10-2-1-random-2_a200_s2_r0,,,"{""agents"": ""200"", ""comp_time"": ""127"", ""first_ms"": ""126.7"", ""makespan"": ""194"", ""makespan_lb"": ""194"", ""map_file"": ""warehouse-10-20-10-2-1.map"", ""pp_demote_rounds"": ""0"", ""pp_failed"": ""0"", ""pp_order"": ""traffic-last"", ""pp_plan_ms"": ""104.5"", ""pp_plan_soc"": ""20555"", ""pp_tl"": ""1"", ""pp_used"": ""1"", ""seed"": ""2"", ""soc"": ""20555"", ""soc_lb"": ""16197"", ""solved"": ""1"", ""solver"": ""planner"", ""sum_of_loss"": ""19253"", ""sum_of_loss_lb"": ""16197""}"
pp_guided_tl:shortest,PP-guided (shortest first),warehouse-10-20-10-2-1,warehouse-10-20-10-2-1-random-3,50,1,30.0,solved,0.034383,0.007,4334,167,4334,4317,167,1.003938,0,,/home/carsten/Projects/MAPF/MAPF Evaluator/results/pptl-warehouse-10-20-2-1/runs/pp_guided_tl_shortest/warehouse-10-20-10-2-1/warehouse-10-20-10-2-1-random-3_a50_s1_r0,,,"{""agents"": ""50"", ""comp_time"": ""7"", ""first_ms"": ""6.2"", ""makespan"": ""167"", ""makespan_lb"": ""167"", ""map_file"": ""warehouse-10-20-10-2-1.map"", ""pp_demote_rounds"": ""0"", ""pp_failed"": ""0"", ""pp_order"": ""shortest"", ""pp_plan_ms"": ""4.0"", ""pp_plan_soc"": ""4334"", ""pp_tl"": ""0"", ""pp_used"": ""1"", ""seed"": ""1"", ""soc"": ""4334"", ""soc_lb"": ""4317"", ""solved"": ""1"", ""solver"": ""planner"", ""sum_of_loss"": ""4334"", ""sum_of_loss_lb"": ""4317""}"
pp_guided_tl:shortest_tl,PP-guided (shortest first) + traffic load in SIPP,warehouse-10-20-10-2-1,warehouse-10-20-10-2-1-random-3,50,0,30.0,solved,0.109606,0.016,4330,167,4330,4317,167,1.003011,0,,/home/carsten/Projects/MAPF/MAPF Evaluator/results/pptl-warehouse-10-20-2-1/runs/pp_guided_tl_shortest_tl/warehouse-10-20-10-2-1/warehouse-10-20-10-2-1-random-3_a50_s0_r0,,,"{""agents"": ""50"", ""comp_time"": ""16"", ""first_ms"": ""15.3"", ""makespan"": ""167"", ""makespan_lb"": ""167"", ""map_file"": ""warehouse-10-20-10-2-1.map"", ""pp_demote_rounds"": ""0"", ""pp_failed"": ""0"", ""pp_order"": ""shortest"", ""pp_plan_ms"": ""11.7"", ""pp_plan_soc"": ""4330"", ""pp_tl"": ""1"", ""pp_used"": ""1"", ""seed"": ""0"", ""soc"": ""4330"", ""soc_lb"": ""4317"", ""solved"": ""1"", ""solver"": ""planner"", ""sum_of_loss"": ""4330"", ""sum_of_loss_lb"": ""4317""}"
pp_guided_tl:shortest,PP-guided (shortest first),warehouse-10-20-10-2-1,warehouse-10-20-10-2-1-random-3,50,2,30.0,solved,0.131131,0.007,4334,167,4334,4317,167,1.003938,0,,/home/carsten/Projects/MAPF/MAPF Evaluator/results/pptl-warehouse-10-20-2-1/runs/pp_guided_tl_shortest/warehouse-10-20-10-2-1/warehouse-10-20-10-2-1-random-3_a50_s2_r0,,,"{""agents"": ""50"", ""comp_time"": ""7"", ""first_ms"": ""6.1"", ""makespan"": ""167"", ""makespan_lb"": ""167"", ""map_file"": ""warehouse-10-20-10-2-1.map"", ""pp_demote_rounds"": ""0"", ""pp_failed"": ""0"", ""pp_order"": ""shortest"", ""pp_plan_ms"": ""4.1"", ""pp_plan_soc"": ""4334"", ""pp_tl"": ""0"", ""pp_used"": ""1"", ""seed"": ""2"", ""soc"": ""4334"", ""soc_lb"": ""4317"", ""solved"": ""1"", ""solver"": ""planner"", ""sum_of_loss"": ""4334"", ""sum_of_loss_lb"": ""4317""}"
pp_guided_tl:shortest_tl,PP-guided (shortest first) + traffic load in SIPP,warehouse-10-20-10-2-1,warehouse-10-20-10-2-1-random-3,50,2,30.0,solved,0.175537,0.017,4330,167,4330,4317,167,1.003011,0,,/home/carsten/Projects/MAPF/MAPF Evaluator/results/pptl-warehouse-10-20-2-1/runs/pp_guided_tl_shortest_tl/warehouse-10-20-10-2-1/warehouse-10-20-10-2-1-random-3_a50_s2_r0,,,"{""agents"": ""50"", ""comp_time"": ""17"", ""first_ms"": ""17.5"", ""makespan"": ""167"", ""makespan_lb"": ""167"", ""map_file"": ""warehouse-10-20-10-2-1.map"", ""pp_demote_rounds"": ""0"", ""pp_failed"": ""0"", ""pp_order"": ""shortest"", ""pp_plan_ms"": ""12.4"", ""pp_plan_soc"": ""4330"", ""pp_tl"": ""1"", ""pp_used"": ""1"", ""seed"": ""2"", ""soc"": ""4330"", ""soc_lb"": ""4317"", ""solved"": ""1"", ""solver"": ""planner"", ""sum_of_loss"": ""4330"", ""sum_of_loss_lb"": ""4317""}"
pp_guided_tl:traffic,PP-guided (traffic-last),warehouse-10-20-10-2-1,warehouse-10-20-10-2-1-random-3,50,0,30.0,solved,0.031694,0.012,4814,167,4573,4317,167,1.115126,0,,/home/carsten/Projects/MAPF/MAPF Evaluator/results/pptl-warehouse-10-20-2-1/runs/pp_guided_tl_traffic/warehouse-10-20-10-2-1/warehouse-10-20-10-2-1-random-3_a50_s0_r0,,,"{""agents"": ""50"", ""comp_time"": ""12"", ""first_ms"": ""11.4"", ""makespan"": ""167"", ""makespan_lb"": ""167"", ""map_file"": ""warehouse-10-20-10-2-1.map"", ""pp_demote_rounds"": ""0"", ""pp_failed"": ""0"", ""pp_order"": ""traffic-last"", ""pp_plan_ms"": ""7.4"", ""pp_plan_soc"": ""4814"", ""pp_tl"": ""0"", ""pp_used"": ""1"", ""seed"": ""0"", ""soc"": ""4814"", ""soc_lb"": ""4317"", ""solved"": ""1"", ""solver"": ""planner"", ""sum_of_loss"": ""4578"", ""sum_of_loss_lb"": ""4317""}"
pp_guided_tl:shortest_tl,PP-guided (shortest first) + traffic load in SIPP,warehouse-10-20-10-2-1,warehouse-10-20-10-2-1-random-3,50,1,30.0,solved,0.175841,0.018,4330,167,4330,4317,167,1.003011,0,,/home/carsten/Projects/MAPF/MAPF Evaluator/results/pptl-warehouse-10-20-2-1/runs/pp_guided_tl_shortest_tl/warehouse-10-20-10-2-1/warehouse-10-20-10-2-1-random-3_a50_s1_r0,,,"{""agents"": ""50"", ""comp_time"": ""18"", ""first_ms"": ""17.5"", ""makespan"": ""167"", ""makespan_lb"": ""167"", ""map_file"": ""warehouse-10-20-10-2-1.map"", ""pp_demote_rounds"": ""0"", ""pp_failed"": ""0"", ""pp_order"": ""shortest"", ""pp_plan_ms"": ""12.7"", ""pp_plan_soc"": ""4330"", ""pp_tl"": ""1"", ""pp_used"": ""1"", ""seed"": ""1"", ""soc"": ""4330"", ""soc_lb"": ""4317"", ""solved"": ""1"", ""solver"": ""planner"", ""sum_of_loss"": ""4330"", ""sum_of_loss_lb"": ""4317""}"
pp_guided_tl:traffic,PP-guided (traffic-last),warehouse-10-20-10-2-1,warehouse-10-20-10-2-1-random-3,50,1,30.0,solved,0.031618,0.012,4814,167,4573,4317,167,1.115126,0,,/home/carsten/Projects/MAPF/MAPF Evaluator/results/pptl-warehouse-10-20-2-1/runs/pp_guided_tl_traffic/warehouse-10-20-10-2-1/warehouse-10-20-10-2-1-random-3_a50_s1_r0,,,"{""agents"": ""50"", ""comp_time"": ""12"", ""first_ms"": ""11.3"", ""makespan"": ""167"", ""makespan_lb"": ""167"", ""map_file"": ""warehouse-10-20-10-2-1.map"", ""pp_demote_rounds"": ""0"", ""pp_failed"": ""0"", ""pp_order"": ""traffic-last"", ""pp_plan_ms"": ""7.5"", ""pp_plan_soc"": ""4814"", ""pp_tl"": ""0"", ""pp_used"": ""1"", ""seed"": ""1"", ""soc"": ""4814"", ""soc_lb"": ""4317"", ""solved"": ""1"", ""solver"": ""planner"", ""sum_of_loss"": ""4578"", ""sum_of_loss_lb"": ""4317""}"
pp_guided_tl:traffic_tl,PP-guided (traffic-last) + traffic load in SIPP,warehouse-10-20-10-2-1,warehouse-10-20-10-2-1-random-3,50,1,30.0,solved,0.118543,0.017,4489,167,4451,4317,167,1.039842,0,,/home/carsten/Projects/MAPF/MAPF Evaluator/results/pptl-warehouse-10-20-2-1/runs/pp_guided_tl_traffic_tl/warehouse-10-20-10-2-1/warehouse-10-20-10-2-1-random-3_a50_s1_r0,,,"{""agents"": ""50"", ""comp_time"": ""17"", ""first_ms"": ""17.2"", ""makespan"": ""167"", ""makespan_lb"": ""167"", ""map_file"": ""warehouse-10-20-10-2-1.map"", ""pp_demote_rounds"": ""0"", ""pp_failed"": ""0"", ""pp_order"": ""traffic-last"", ""pp_plan_ms"": ""12.8"", ""pp_plan_soc"": ""4489"", ""pp_tl"": ""1"", ""pp_used"": ""1"", ""seed"": ""1"", ""soc"": ""4489"", ""soc_lb"": ""4317"", ""solved"": ""1"", ""solver"": ""planner"", ""sum_of_loss"": ""4452"", ""sum_of_loss_lb"": ""4317""}"
pp_guided_tl:traffic_tl,PP-guided (traffic-last) + traffic load in SIPP,warehouse-10-20-10-2-1,warehouse-10-20-10-2-1-random-3,50,2,30.0,solved,0.056737,0.017,4489,167,4451,4317,167,1.039842,0,,/home/carsten/Projects/MAPF/MAPF Evaluator/results/pptl-warehouse-10-20-2-1/runs/pp_guided_tl_traffic_tl/warehouse-10-20-10-2-1/warehouse-10-20-10-2-1-random-3_a50_s2_r0,,,"{""agents"": ""50"", ""comp_time"": ""17"", ""first_ms"": ""17.1"", ""makespan"": ""167"", ""makespan_lb"": ""167"", ""map_file"": ""warehouse-10-20-10-2-1.map"", ""pp_demote_rounds"": ""0"", ""pp_failed"": ""0"", ""pp_order"": ""traffic-last"", ""pp_plan_ms"": ""12.8"", ""pp_plan_soc"": ""4489"", ""pp_tl"": ""1"", ""pp_used"": ""1"", ""seed"": ""2"", ""soc"": ""4489"", ""soc_lb"": ""4317"", ""solved"": ""1"", ""solver"": ""planner"", ""sum_of_loss"": ""4452"", ""sum_of_loss_lb"": ""4317""}"
pp_guided_tl:traffic_tl,PP-guided (traffic-last) + traffic load in SIPP,warehouse-10-20-10-2-1,warehouse-10-20-10-2-1-random-3,50,0,30.0,solved,0.050504,0.017,4489,167,4451,4317,167,1.039842,0,,/home/carsten/Projects/MAPF/MAPF Evaluator/results/pptl-warehouse-10-20-2-1/runs/pp_guided_tl_traffic_tl/warehouse-10-20-10-2-1/warehouse-10-20-10-2-1-random-3_a50_s0_r0,,,"{""agents"": ""50"", ""comp_time"": ""17"", ""first_ms"": ""17.1"", ""makespan"": ""167"", ""makespan_lb"": ""167"", ""map_file"": ""warehouse-10-20-10-2-1.map"", ""pp_demote_rounds"": ""0"", ""pp_failed"": ""0"", ""pp_order"": ""traffic-last"", ""pp_plan_ms"": ""12.5"", ""pp_plan_soc"": ""4489"", ""pp_tl"": ""1"", ""pp_used"": ""1"", ""seed"": ""0"", ""soc"": ""4489"", ""soc_lb"": ""4317"", ""solved"": ""1"", ""solver"": ""planner"", ""sum_of_loss"": ""4452"", ""sum_of_loss_lb"": ""4317""}"
pp_guided_tl:traffic,PP-guided (traffic-last),warehouse-10-20-10-2-1,warehouse-10-20-10-2-1-random-3,50,2,30.0,solved,0.051657,0.01,4814,167,4573,4317,167,1.115126,0,,/home/carsten/Projects/MAPF/MAPF Evaluator/results/pptl-warehouse-10-20-2-1/runs/pp_guided_tl_traffic/warehouse-10-20-10-2-1/warehouse-10-20-10-2-1-random-3_a50_s2_r0,,,"{""agents"": ""50"", ""comp_time"": ""10"", ""first_ms"": ""10.1"", ""makespan"": ""167"", ""makespan_lb"": ""167"", ""map_file"": ""warehouse-10-20-10-2-1.map"", ""pp_demote_rounds"": ""0"", ""pp_failed"": ""0"", ""pp_order"": ""traffic-last"", ""pp_plan_ms"": ""7.3"", ""pp_plan_soc"": ""4814"", ""pp_tl"": ""0"", ""pp_used"": ""1"", ""seed"": ""2"", ""soc"": ""4814"", ""soc_lb"": ""4317"", ""solved"": ""1"", ""solver"": ""planner"", ""sum_of_loss"": ""4578"", ""sum_of_loss_lb"": ""4317""}"
pp_guided_tl:shortest,PP-guided (shortest first),warehouse-10-20-10-2-1,warehouse-10-20-10-2-1-random-3,100,0,30.0,solved,0.1959,0.015,9019,173,9019,8969,173,1.005575,0,,/home/carsten/Projects/MAPF/MAPF Evaluator/results/pptl-warehouse-10-20-2-1/runs/pp_guided_tl_shortest/warehouse-10-20-10-2-1/warehouse-10-20-10-2-1-random-3_a100_s0_r0,,,"{""agents"": ""100"", ""comp_time"": ""15"", ""first_ms"": ""15.4"", ""makespan"": ""173"", ""makespan_lb"": ""173"", ""map_file"": ""warehouse-10-20-10-2-1.map"", ""pp_demote_rounds"": ""0"", ""pp_failed"": ""0"", ""pp_order"": ""shortest"", ""pp_plan_ms"": ""10.0"", ""pp_plan_soc"": ""9019"", ""pp_tl"": ""0"", ""pp_used"": ""1"", ""seed"": ""0"", ""soc"": ""9019"", ""soc_lb"": ""8969"", ""solved"": ""1"", ""solver"": ""planner"", ""sum_of_loss"": ""9019"", ""sum_of_loss_lb"": ""8969""}"
pp_guided_tl:shortest_tl,PP-guided (shortest first) + traffic load in SIPP,warehouse-10-20-10-2-1,warehouse-10-20-10-2-1-random-3,100,0,30.0,solved,0.077584,0.033,9027,173,9027,8969,173,1.006467,0,,/home/carsten/Projects/MAPF/MAPF Evaluator/results/pptl-warehouse-10-20-2-1/runs/pp_guided_tl_shortest_tl/warehouse-10-20-10-2-1/warehouse-10-20-10-2-1-random-3_a100_s0_r0,,,"{""agents"": ""100"", ""comp_time"": ""33"", ""first_ms"": ""33.1"", ""makespan"": ""173"", ""makespan_lb"": ""173"", ""map_file"": ""warehouse-10-20-10-2-1.map"", ""pp_demote_rounds"": ""0"", ""pp_failed"": ""0"", ""pp_order"": ""shortest"", ""pp_plan_ms"": ""23.9"", ""pp_plan_soc"": ""9027"", ""pp_tl"": ""1"", ""pp_used"": ""1"", ""seed"": ""0"", ""soc"": ""9027"", ""soc_lb"": ""8969"", ""solved"": ""1"", ""solver"": ""planner"", ""sum_of_loss"": ""9027"", ""sum_of_loss_lb"": ""8969""}"
pp_guided_tl:shortest,PP-guided (shortest first),warehouse-10-20-10-2-1,warehouse-10-20-10-2-1-random-3,100,1,30.0,solved,0.067279,0.017,9019,173,9019,8969,173,1.005575,0,,/home/carsten/Projects/MAPF/MAPF Evaluator/results/pptl-warehouse-10-20-2-1/runs/pp_guided_tl_shortest/warehouse-10-20-10-2-1/warehouse-10-20-10-2-1-random-3_a100_s1_r0,,,"{""agents"": ""100"", ""comp_time"": ""17"", ""first_ms"": ""16.4"", ""makespan"": ""173"", ""makespan_lb"": ""173"", ""map_file"": ""warehouse-10-20-10-2-1.map"", ""pp_demote_rounds"": ""0"", ""pp_failed"": ""0"", ""pp_order"": ""shortest"", ""pp_plan_ms"": ""10.4"", ""pp_plan_soc"": ""9019"", ""pp_tl"": ""0"", ""pp_used"": ""1"", ""seed"": ""1"", ""soc"": ""9019"", ""soc_lb"": ""8969"", ""solved"": ""1"", ""solver"": ""planner"", ""sum_of_loss"": ""9019"", ""sum_of_loss_lb"": ""8969""}"
pp_guided_tl:shortest,PP-guided (shortest first),warehouse-10-20-10-2-1,warehouse-10-20-10-2-1-random-3,100,2,30.0,solved,0.052087,0.016,9019,173,9019,8969,173,1.005575,0,,/home/carsten/Projects/MAPF/MAPF Evaluator/results/pptl-warehouse-10-20-2-1/runs/pp_guided_tl_shortest/warehouse-10-20-10-2-1/warehouse-10-20-10-2-1-random-3_a100_s2_r0,,,"{""agents"": ""100"", ""comp_time"": ""16"", ""first_ms"": ""15.5"", ""makespan"": ""173"", ""makespan_lb"": ""173"", ""map_file"": ""warehouse-10-20-10-2-1.map"", ""pp_demote_rounds"": ""0"", ""pp_failed"": ""0"", ""pp_order"": ""shortest"", ""pp_plan_ms"": ""10.4"", ""pp_plan_soc"": ""9019"", ""pp_tl"": ""0"", ""pp_used"": ""1"", ""seed"": ""2"", ""soc"": ""9019"", ""soc_lb"": ""8969"", ""solved"": ""1"", ""solver"": ""planner"", ""sum_of_loss"": ""9019"", ""sum_of_loss_lb"": ""8969""}"
pp_guided_tl:shortest_tl,PP-guided (shortest first) + traffic load in SIPP,warehouse-10-20-10-2-1,warehouse-10-20-10-2-1-random-3,100,1,30.0,solved,0.2409,0.032,9027,173,9027,8969,173,1.006467,0,,/home/carsten/Projects/MAPF/MAPF Evaluator/results/pptl-warehouse-10-20-2-1/runs/pp_guided_tl_shortest_tl/warehouse-10-20-10-2-1/warehouse-10-20-10-2-1-random-3_a100_s1_r0,,,"{""agents"": ""100"", ""comp_time"": ""32"", ""first_ms"": ""32.2"", ""makespan"": ""173"", ""makespan_lb"": ""173"", ""map_file"": ""warehouse-10-20-10-2-1.map"", ""pp_demote_rounds"": ""0"", ""pp_failed"": ""0"", ""pp_order"": ""shortest"", ""pp_plan_ms"": ""23.3"", ""pp_plan_soc"": ""9027"", ""pp_tl"": ""1"", ""pp_used"": ""1"", ""seed"": ""1"", ""soc"": ""9027"", ""soc_lb"": ""8969"", ""solved"": ""1"", ""solver"": ""planner"", ""sum_of_loss"": ""9027"", ""sum_of_loss_lb"": ""8969""}"
pp_guided_tl:shortest_tl,PP-guided (shortest first) + traffic load in SIPP,warehouse-10-20-10-2-1,warehouse-10-20-10-2-1-random-3,100,2,30.0,solved,0.113673,0.033,9027,173,9027,8969,173,1.006467,0,,/home/carsten/Projects/MAPF/MAPF Evaluator/results/pptl-warehouse-10-20-2-1/runs/pp_guided_tl_shortest_tl/warehouse-10-20-10-2-1/warehouse-10-20-10-2-1-random-3_a100_s2_r0,,,"{""agents"": ""100"", ""comp_time"": ""33"", ""first_ms"": ""32.3"", ""makespan"": ""173"", ""makespan_lb"": ""173"", ""map_file"": ""warehouse-10-20-10-2-1.map"", ""pp_demote_rounds"": ""0"", ""pp_failed"": ""0"", ""pp_order"": ""shortest"", ""pp_plan_ms"": ""23.4"", ""pp_plan_soc"": ""9027"", ""pp_tl"": ""1"", ""pp_used"": ""1"", ""seed"": ""2"", ""soc"": ""9027"", ""soc_lb"": ""8969"", ""solved"": ""1"", ""solver"": ""planner"", ""sum_of_loss"": ""9027"", ""sum_of_loss_lb"": ""8969""}"
pp_guided_tl:traffic,PP-guided (traffic-last),warehouse-10-20-10-2-1,warehouse-10-20-10-2-1-random-3,100,0,30.0,solved,0.416346,0.032,10313,173,9719,8969,173,1.149849,0,,/home/carsten/Projects/MAPF/MAPF Evaluator/results/pptl-warehouse-10-20-2-1/runs/pp_guided_tl_traffic/warehouse-10-20-10-2-1/warehouse-10-20-10-2-1-random-3_a100_s0_r0,,,"{""agents"": ""100"", ""comp_time"": ""32"", ""first_ms"": ""32.4"", ""makespan"": ""173"", ""makespan_lb"": ""173"", ""map_file"": ""warehouse-10-20-10-2-1.map"", ""pp_demote_rounds"": ""0"", ""pp_failed"": ""0"", ""pp_order"": ""traffic-last"", ""pp_plan_ms"": ""24.9"", ""pp_plan_soc"": ""10313"", ""pp_tl"": ""0"", ""pp_used"": ""1"", ""seed"": ""0"", ""soc"": ""10313"", ""soc_lb"": ""8969"", ""solved"": ""1"", ""solver"": ""planner"", ""sum_of_loss"": ""9732"", ""sum_of_loss_lb"": ""8969""}"
pp_guided_tl:traffic,PP-guided (traffic-last),warehouse-10-20-10-2-1,warehouse-10-20-10-2-1-random-3,100,1,30.0,solved,0.231581,0.031,10313,173,9719,8969,173,1.149849,0,,/home/carsten/Projects/MAPF/MAPF Evaluator/results/pptl-warehouse-10-20-2-1/runs/pp_guided_tl_traffic/warehouse-10-20-10-2-1/warehouse-10-20-10-2-1-random-3_a100_s1_r0,,,"{""agents"": ""100"", ""comp_time"": ""31"", ""first_ms"": ""31.3"", ""makespan"": ""173"", ""makespan_lb"": ""173"", ""map_file"": ""warehouse-10-20-10-2-1.map"", ""pp_demote_rounds"": ""0"", ""pp_failed"": ""0"", ""pp_order"": ""traffic-last"", ""pp_plan_ms"": ""24.5"", ""pp_plan_soc"": ""10313"", ""pp_tl"": ""0"", ""pp_used"": ""1"", ""seed"": ""1"", ""soc"": ""10313"", ""soc_lb"": ""8969"", ""solved"": ""1"", ""solver"": ""planner"", ""sum_of_loss"": ""9732"", ""sum_of_loss_lb"": ""8969""}"
pp_guided_tl:traffic,PP-guided (traffic-last),warehouse-10-20-10-2-1,warehouse-10-20-10-2-1-random-3,100,2,30.0,solved,0.098989,0.032,10313,173,9719,8969,173,1.149849,0,,/home/carsten/Projects/MAPF/MAPF Evaluator/results/pptl-warehouse-10-20-2-1/runs/pp_guided_tl_traffic/warehouse-10-20-10-2-1/warehouse-10-20-10-2-1-random-3_a100_s2_r0,,,"{""agents"": ""100"", ""comp_time"": ""32"", ""first_ms"": ""32.2"", ""makespan"": ""173"", ""makespan_lb"": ""173"", ""map_file"": ""warehouse-10-20-10-2-1.map"", ""pp_demote_rounds"": ""0"", ""pp_failed"": ""0"", ""pp_order"": ""traffic-last"", ""pp_plan_ms"": ""24.9"", ""pp_plan_soc"": ""10313"", ""pp_tl"": ""0"", ""pp_used"": ""1"", ""seed"": ""2"", ""soc"": ""10313"", ""soc_lb"": ""8969"", ""solved"": ""1"", ""solver"": ""planner"", ""sum_of_loss"": ""9732"", ""sum_of_loss_lb"": ""8969""}"
pp_guided_tl:traffic_tl,PP-guided (traffic-last) + traffic load in SIPP,warehouse-10-20-10-2-1,warehouse-10-20-10-2-1-random-3,100,0,30.0,solved,0.086479,0.04,9740,173,9279,8969,173,1.085963,0,,/home/carsten/Projects/MAPF/MAPF Evaluator/results/pptl-warehouse-10-20-2-1/runs/pp_guided_tl_traffic_tl/warehouse-10-20-10-2-1/warehouse-10-20-10-2-1-random-3_a100_s0_r0,,,"{""agents"": ""100"", ""comp_time"": ""40"", ""first_ms"": ""40.2"", ""makespan"": ""173"", ""makespan_lb"": ""173"", ""map_file"": ""warehouse-10-20-10-2-1.map"", ""pp_demote_rounds"": ""0"", ""pp_failed"": ""0"", ""pp_order"": ""traffic-last"", ""pp_plan_ms"": ""29.9"", ""pp_plan_soc"": ""9740"", ""pp_tl"": ""1"", ""pp_used"": ""1"", ""seed"": ""0"", ""soc"": ""9740"", ""soc_lb"": ""8969"", ""solved"": ""1"", ""solver"": ""planner"", ""sum_of_loss"": ""9291"", ""sum_of_loss_lb"": ""8969""}"
pp_guided_tl:traffic_tl,PP-guided (traffic-last) + traffic load in SIPP,warehouse-10-20-10-2-1,warehouse-10-20-10-2-1-random-3,100,1,30.0,solved,0.126662,0.04,9740,173,9279,8969,173,1.085963,0,,/home/carsten/Projects/MAPF/MAPF Evaluator/results/pptl-warehouse-10-20-2-1/runs/pp_guided_tl_traffic_tl/warehouse-10-20-10-2-1/warehouse-10-20-10-2-1-random-3_a100_s1_r0,,,"{""agents"": ""100"", ""comp_time"": ""40"", ""first_ms"": ""40.2"", ""makespan"": ""173"", ""makespan_lb"": ""173"", ""map_file"": ""warehouse-10-20-10-2-1.map"", ""pp_demote_rounds"": ""0"", ""pp_failed"": ""0"", ""pp_order"": ""traffic-last"", ""pp_plan_ms"": ""30.0"", ""pp_plan_soc"": ""9740"", ""pp_tl"": ""1"", ""pp_used"": ""1"", ""seed"": ""1"", ""soc"": ""9740"", ""soc_lb"": ""8969"", ""solved"": ""1"", ""solver"": ""planner"", ""sum_of_loss"": ""9291"", ""sum_of_loss_lb"": ""8969""}"
pp_guided_tl:traffic_tl,PP-guided (traffic-last) + traffic load in SIPP,warehouse-10-20-10-2-1,warehouse-10-20-10-2-1-random-3,100,2,30.0,solved,0.247879,0.043,9740,173,9279,8969,173,1.085963,0,,/home/carsten/Projects/MAPF/MAPF Evaluator/results/pptl-warehouse-10-20-2-1/runs/pp_guided_tl_traffic_tl/warehouse-10-20-10-2-1/warehouse-10-20-10-2-1-random-3_a100_s2_r0,,,"{""agents"": ""100"", ""comp_time"": ""43"", ""first_ms"": ""43.3"", ""makespan"": ""173"", ""makespan_lb"": ""173"", ""map_file"": ""warehouse-10-20-10-2-1.map"", ""pp_demote_rounds"": ""0"", ""pp_failed"": ""0"", ""pp_order"": ""traffic-last"", ""pp_plan_ms"": ""32.5"", ""pp_plan_soc"": ""9740"", ""pp_tl"": ""1"", ""pp_used"": ""1"", ""seed"": ""2"", ""soc"": ""9740"", ""soc_lb"": ""8969"", ""solved"": ""1"", ""solver"": ""planner"", ""sum_of_loss"": ""9291"", ""sum_of_loss_lb"": ""8969""}"
pp_guided_tl:shortest,PP-guided (shortest first),warehouse-10-20-10-2-1,warehouse-10-20-10-2-1-random-3,150,1,30.0,solved,0.483674,0.03,12670,176,12670,12458,173,1.017017,0,,/home/carsten/Projects/MAPF/MAPF Evaluator/results/pptl-warehouse-10-20-2-1/runs/pp_guided_tl_shortest/warehouse-10-20-10-2-1/warehouse-10-20-10-2-1-random-3_a150_s1_r0,,,"{""agents"": ""150"", ""comp_time"": ""30"", ""first_ms"": ""30.1"", ""makespan"": ""176"", ""makespan_lb"": ""173"", ""map_file"": ""warehouse-10-20-10-2-1.map"", ""pp_demote_rounds"": ""0"", ""pp_failed"": ""0"", ""pp_order"": ""shortest"", ""pp_plan_ms"": ""21.0"", ""pp_plan_soc"": ""12670"", ""pp_tl"": ""0"", ""pp_used"": ""1"", ""seed"": ""1"", ""soc"": ""12670"", ""soc_lb"": ""12458"", ""solved"": ""1"", ""solver"": ""planner"", ""sum_of_loss"": ""12670"", ""sum_of_loss_lb"": ""12458""}"
pp_guided_tl:shortest,PP-guided (shortest first),warehouse-10-20-10-2-1,warehouse-10-20-10-2-1-random-3,150,0,30.0,solved,0.218797,0.031,12670,176,12670,12458,173,1.017017,0,,/home/carsten/Projects/MAPF/MAPF Evaluator/results/pptl-warehouse-10-20-2-1/runs/pp_guided_tl_shortest/warehouse-10-20-10-2-1/warehouse-10-20-10-2-1-random-3_a150_s0_r0,,,"{""agents"": ""150"", ""comp_time"": ""31"", ""first_ms"": ""30.7"", ""makespan"": ""176"", ""makespan_lb"": ""173"", ""map_file"": ""warehouse-10-20-10-2-1.map"", ""pp_demote_rounds"": ""0"", ""pp_failed"": ""0"", ""pp_order"": ""shortest"", ""pp_plan_ms"": ""20.9"", ""pp_plan_soc"": ""12670"", ""pp_tl"": ""0"", ""pp_used"": ""1"", ""seed"": ""0"", ""soc"": ""12670"", ""soc_lb"": ""12458"", ""solved"": ""1"", ""solver"": ""planner"", ""sum_of_loss"": ""12670"", ""sum_of_loss_lb"": ""12458""}"
pp_guided_tl:shortest,PP-guided (shortest first),warehouse-10-20-10-2-1,warehouse-10-20-10-2-1-random-3,150,2,30.0,solved,0.129438,0.03,12670,176,12670,12458,173,1.017017,0,,/home/carsten/Projects/MAPF/MAPF Evaluator/results/pptl-warehouse-10-20-2-1/runs/pp_guided_tl_shortest/warehouse-10-20-10-2-1/warehouse-10-20-10-2-1-random-3_a150_s2_r0,,,"{""agents"": ""150"", ""comp_time"": ""30"", ""first_ms"": ""29.1"", ""makespan"": ""176"", ""makespan_lb"": ""173"", ""map_file"": ""warehouse-10-20-10-2-1.map"", ""pp_demote_rounds"": ""0"", ""pp_failed"": ""0"", ""pp_order"": ""shortest"", ""pp_plan_ms"": ""20.8"", ""pp_plan_soc"": ""12670"", ""pp_tl"": ""0"", ""pp_used"": ""1"", ""seed"": ""2"", ""soc"": ""12670"", ""soc_lb"": ""12458"", ""solved"": ""1"", ""solver"": ""planner"", ""sum_of_loss"": ""12670"", ""sum_of_loss_lb"": ""12458""}"
pp_guided_tl:shortest_tl,PP-guided (shortest first) + traffic load in SIPP,warehouse-10-20-10-2-1,warehouse-10-20-10-2-1-random-3,150,0,30.0,solved,0.39198,0.051,12649,175,12649,12458,173,1.015332,0,,/home/carsten/Projects/MAPF/MAPF Evaluator/results/pptl-warehouse-10-20-2-1/runs/pp_guided_tl_shortest_tl/warehouse-10-20-10-2-1/warehouse-10-20-10-2-1-random-3_a150_s0_r0,,,"{""agents"": ""150"", ""comp_time"": ""51"", ""first_ms"": ""50.6"", ""makespan"": ""175"", ""makespan_lb"": ""173"", ""map_file"": ""warehouse-10-20-10-2-1.map"", ""pp_demote_rounds"": ""0"", ""pp_failed"": ""0"", ""pp_order"": ""shortest"", ""pp_plan_ms"": ""37.4"", ""pp_plan_soc"": ""12649"", ""pp_tl"": ""1"", ""pp_used"": ""1"", ""seed"": ""0"", ""soc"": ""12649"", ""soc_lb"": ""12458"", ""solved"": ""1"", ""solver"": ""planner"", ""sum_of_loss"": ""12649"", ""sum_of_loss_lb"": ""12458""}"
pp_guided_tl:shortest_tl,PP-guided (shortest first) + traffic load in SIPP,warehouse-10-20-10-2-1,warehouse-10-20-10-2-1-random-3,150,2,30.0,solved,0.177436,0.05,12649,175,12649,12458,173,1.015332,0,,/home/carsten/Projects/MAPF/MAPF Evaluator/results/pptl-warehouse-10-20-2-1/runs/pp_guided_tl_shortest_tl/warehouse-10-20-10-2-1/warehouse-10-20-10-2-1-random-3_a150_s2_r0,,,"{""agents"": ""150"", ""comp_time"": ""50"", ""first_ms"": ""50.5"", ""makespan"": ""175"", ""makespan_lb"": ""173"", ""map_file"": ""warehouse-10-20-10-2-1.map"", ""pp_demote_rounds"": ""0"", ""pp_failed"": ""0"", ""pp_order"": ""shortest"", ""pp_plan_ms"": ""37.2"", ""pp_plan_soc"": ""12649"", ""pp_tl"": ""1"", ""pp_used"": ""1"", ""seed"": ""2"", ""soc"": ""12649"", ""soc_lb"": ""12458"", ""solved"": ""1"", ""solver"": ""planner"", ""sum_of_loss"": ""12649"", ""sum_of_loss_lb"": ""12458""}"
pp_guided_tl:shortest_tl,PP-guided (shortest first) + traffic load in SIPP,warehouse-10-20-10-2-1,warehouse-10-20-10-2-1-random-3,150,1,30.0,solved,0.118772,0.051,12649,175,12649,12458,173,1.015332,0,,/home/carsten/Projects/MAPF/MAPF Evaluator/results/pptl-warehouse-10-20-2-1/runs/pp_guided_tl_shortest_tl/warehouse-10-20-10-2-1/warehouse-10-20-10-2-1-random-3_a150_s1_r0,,,"{""agents"": ""150"", ""comp_time"": ""51"", ""first_ms"": ""51.8"", ""makespan"": ""175"", ""makespan_lb"": ""173"", ""map_file"": ""warehouse-10-20-10-2-1.map"", ""pp_demote_rounds"": ""0"", ""pp_failed"": ""0"", ""pp_order"": ""shortest"", ""pp_plan_ms"": ""38.2"", ""pp_plan_soc"": ""12649"", ""pp_tl"": ""1"", ""pp_used"": ""1"", ""seed"": ""1"", ""soc"": ""12649"", ""soc_lb"": ""12458"", ""solved"": ""1"", ""solver"": ""planner"", ""sum_of_loss"": ""12649"", ""sum_of_loss_lb"": ""12458""}"
pp_guided_tl:traffic,PP-guided (traffic-last),warehouse-10-20-10-2-1,warehouse-10-20-10-2-1-random-3,150,0,30.0,solved,0.123493,0.058,15241,173,14059,12458,173,1.223391,0,,/home/carsten/Projects/MAPF/MAPF Evaluator/results/pptl-warehouse-10-20-2-1/runs/pp_guided_tl_traffic/warehouse-10-20-10-2-1/warehouse-10-20-10-2-1-random-3_a150_s0_r0,,,"{""agents"": ""150"", ""comp_time"": ""58"", ""first_ms"": ""57.9"", ""makespan"": ""173"", ""makespan_lb"": ""173"", ""map_file"": ""warehouse-10-20-10-2-1.map"", ""pp_demote_rounds"": ""0"", ""pp_failed"": ""0"", ""pp_order"": ""traffic-last"", ""pp_plan_ms"": ""47.8"", ""pp_plan_soc"": ""15241"", ""pp_tl"": ""0"", ""pp_used"": ""1"", ""seed"": ""0"", ""soc"": ""15241"", ""soc_lb"": ""12458"", ""solved"": ""1"", ""solver"": ""planner"", ""sum_of_loss"": ""14092"", ""sum_of_loss_lb"": ""12458""}"
pp_guided_tl:traffic,PP-guided (traffic-last),warehouse-10-20-10-2-1,warehouse-10-20-10-2-1-random-3,150,1,30.0,solved,0.221251,0.061,15241,173,14059,12458,173,1.223391,0,,/home/carsten/Projects/MAPF/MAPF Evaluator/results/pptl-warehouse-10-20-2-1/runs/pp_guided_tl_traffic/warehouse-10-20-10-2-1/warehouse-10-20-10-2-1-random-3_a150_s1_r0,,,"{""agents"": ""150"", ""comp_time"": ""61"", ""first_ms"": ""61.2"", ""makespan"": ""173"", ""makespan_lb"": ""173"", ""map_file"": ""warehouse-10-20-10-2-1.map"", ""pp_demote_rounds"": ""0"", ""pp_failed"": ""0"", ""pp_order"": ""traffic-last"", ""pp_plan_ms"": ""49.9"", ""pp_plan_soc"": ""15241"", ""pp_tl"": ""0"", ""pp_used"": ""1"", ""seed"": ""1"", ""soc"": ""15241"", ""soc_lb"": ""12458"", ""solved"": ""1"", ""solver"": ""planner"", ""sum_of_loss"": ""14092"", ""sum_of_loss_lb"": ""12458""}"
pp_guided_tl:traffic,PP-guided (traffic-last),warehouse-10-20-10-2-1,warehouse-10-20-10-2-1-random-3,150,2,30.0,solved,0.411469,0.06,15241,173,14059,12458,173,1.223391,0,,/home/carsten/Projects/MAPF/MAPF Evaluator/results/pptl-warehouse-10-20-2-1/runs/pp_guided_tl_traffic/warehouse-10-20-10-2-1/warehouse-10-20-10-2-1-random-3_a150_s2_r0,,,"{""agents"": ""150"", ""comp_time"": ""60"", ""first_ms"": ""59.8"", ""makespan"": ""173"", ""makespan_lb"": ""173"", ""map_file"": ""warehouse-10-20-10-2-1.map"", ""pp_demote_rounds"": ""0"", ""pp_failed"": ""0"", ""pp_order"": ""traffic-last"", ""pp_plan_ms"": ""49.0"", ""pp_plan_soc"": ""15241"", ""pp_tl"": ""0"", ""pp_used"": ""1"", ""seed"": ""2"", ""soc"": ""15241"", ""soc_lb"": ""12458"", ""solved"": ""1"", ""solver"": ""planner"", ""sum_of_loss"": ""14092"", ""sum_of_loss_lb"": ""12458""}"
pp_guided_tl:traffic_tl,PP-guided (traffic-last) + traffic load in SIPP,warehouse-10-20-10-2-1,warehouse-10-20-10-2-1-random-3,150,1,30.0,solved,0.141126,0.074,14699,173,13672,12458,173,1.179884,0,,/home/carsten/Projects/MAPF/MAPF Evaluator/results/pptl-warehouse-10-20-2-1/runs/pp_guided_tl_traffic_tl/warehouse-10-20-10-2-1/warehouse-10-20-10-2-1-random-3_a150_s1_r0,,,"{""agents"": ""150"", ""comp_time"": ""74"", ""first_ms"": ""73.9"", ""makespan"": ""173"", ""makespan_lb"": ""173"", ""map_file"": ""warehouse-10-20-10-2-1.map"", ""pp_demote_rounds"": ""0"", ""pp_failed"": ""0"", ""pp_order"": ""traffic-last"", ""pp_plan_ms"": ""58.3"", ""pp_plan_soc"": ""14699"", ""pp_tl"": ""1"", ""pp_used"": ""1"", ""seed"": ""1"", ""soc"": ""14699"", ""soc_lb"": ""12458"", ""solved"": ""1"", ""solver"": ""planner"", ""sum_of_loss"": ""13697"", ""sum_of_loss_lb"": ""12458""}"
pp_guided_tl:traffic_tl,PP-guided (traffic-last) + traffic load in SIPP,warehouse-10-20-10-2-1,warehouse-10-20-10-2-1-random-3,150,0,30.0,solved,0.326791,0.073,14699,173,13672,12458,173,1.179884,0,,/home/carsten/Projects/MAPF/MAPF Evaluator/results/pptl-warehouse-10-20-2-1/runs/pp_guided_tl_traffic_tl/warehouse-10-20-10-2-1/warehouse-10-20-10-2-1-random-3_a150_s0_r0,,,"{""agents"": ""150"", ""comp_time"": ""73"", ""first_ms"": ""72.7"", ""makespan"": ""173"", ""makespan_lb"": ""173"", ""map_file"": ""warehouse-10-20-10-2-1.map"", ""pp_demote_rounds"": ""0"", ""pp_failed"": ""0"", ""pp_order"": ""traffic-last"", ""pp_plan_ms"": ""58.0"", ""pp_plan_soc"": ""14699"", ""pp_tl"": ""1"", ""pp_used"": ""1"", ""seed"": ""0"", ""soc"": ""14699"", ""soc_lb"": ""12458"", ""solved"": ""1"", ""solver"": ""planner"", ""sum_of_loss"": ""13697"", ""sum_of_loss_lb"": ""12458""}"
pp_guided_tl:traffic_tl,PP-guided (traffic-last) + traffic load in SIPP,warehouse-10-20-10-2-1,warehouse-10-20-10-2-1-random-3,150,2,30.0,solved,0.14829,0.075,14699,173,13672,12458,173,1.179884,0,,/home/carsten/Projects/MAPF/MAPF Evaluator/results/pptl-warehouse-10-20-2-1/runs/pp_guided_tl_traffic_tl/warehouse-10-20-10-2-1/warehouse-10-20-10-2-1-random-3_a150_s2_r0,,,"{""agents"": ""150"", ""comp_time"": ""75"", ""first_ms"": ""75.6"", ""makespan"": ""173"", ""makespan_lb"": ""173"", ""map_file"": ""warehouse-10-20-10-2-1.map"", ""pp_demote_rounds"": ""0"", ""pp_failed"": ""0"", ""pp_order"": ""traffic-last"", ""pp_plan_ms"": ""60.1"", ""pp_plan_soc"": ""14699"", ""pp_tl"": ""1"", ""pp_used"": ""1"", ""seed"": ""2"", ""soc"": ""14699"", ""soc_lb"": ""12458"", ""solved"": ""1"", ""solver"": ""planner"", ""sum_of_loss"": ""13697"", ""sum_of_loss_lb"": ""12458""}"
pp_guided_tl:shortest,PP-guided (shortest first),warehouse-10-20-10-2-1,warehouse-10-20-10-2-1-random-3,200,2,30.0,solved,0.116461,0.048,16806,187,16806,16393,186,1.025194,0,,/home/carsten/Projects/MAPF/MAPF Evaluator/results/pptl-warehouse-10-20-2-1/runs/pp_guided_tl_shortest/warehouse-10-20-10-2-1/warehouse-10-20-10-2-1-random-3_a200_s2_r0,,,"{""agents"": ""200"", ""comp_time"": ""48"", ""first_ms"": ""48.4"", ""makespan"": ""187"", ""makespan_lb"": ""186"", ""map_file"": ""warehouse-10-20-10-2-1.map"", ""pp_demote_rounds"": ""0"", ""pp_failed"": ""0"", ""pp_order"": ""shortest"", ""pp_plan_ms"": ""34.3"", ""pp_plan_soc"": ""16806"", ""pp_tl"": ""0"", ""pp_used"": ""1"", ""seed"": ""2"", ""soc"": ""16806"", ""soc_lb"": ""16393"", ""solved"": ""1"", ""solver"": ""planner"", ""sum_of_loss"": ""16806"", ""sum_of_loss_lb"": ""16393""}"
pp_guided_tl:shortest,PP-guided (shortest first),warehouse-10-20-10-2-1,warehouse-10-20-10-2-1-random-3,200,0,30.0,solved,0.121538,0.048,16806,187,16806,16393,186,1.025194,0,,/home/carsten/Projects/MAPF/MAPF Evaluator/results/pptl-warehouse-10-20-2-1/runs/pp_guided_tl_shortest/warehouse-10-20-10-2-1/warehouse-10-20-10-2-1-random-3_a200_s0_r0,,,"{""agents"": ""200"", ""comp_time"": ""48"", ""first_ms"": ""47.7"", ""makespan"": ""187"", ""makespan_lb"": ""186"", ""map_file"": ""warehouse-10-20-10-2-1.map"", ""pp_demote_rounds"": ""0"", ""pp_failed"": ""0"", ""pp_order"": ""shortest"", ""pp_plan_ms"": ""33.4"", ""pp_plan_soc"": ""16806"", ""pp_tl"": ""0"", ""pp_used"": ""1"", ""seed"": ""0"", ""soc"": ""16806"", ""soc_lb"": ""16393"", ""solved"": ""1"", ""solver"": ""planner"", ""sum_of_loss"": ""16806"", ""sum_of_loss_lb"": ""16393""}"
pp_guided_tl:shortest,PP-guided (shortest first),warehouse-10-20-10-2-1,warehouse-10-20-10-2-1-random-3,200,1,30.0,solved,0.116443,0.046,16806,187,16806,16393,186,1.025194,0,,/home/carsten/Projects/MAPF/MAPF Evaluator/results/pptl-warehouse-10-20-2-1/runs/pp_guided_tl_shortest/warehouse-10-20-10-2-1/warehouse-10-20-10-2-1-random-3_a200_s1_r0,,,"{""agents"": ""200"", ""comp_time"": ""46"", ""first_ms"": ""46.7"", ""makespan"": ""187"", ""makespan_lb"": ""186"", ""map_file"": ""warehouse-10-20-10-2-1.map"", ""pp_demote_rounds"": ""0"", ""pp_failed"": ""0"", ""pp_order"": ""shortest"", ""pp_plan_ms"": ""34.1"", ""pp_plan_soc"": ""16806"", ""pp_tl"": ""0"", ""pp_used"": ""1"", ""seed"": ""1"", ""soc"": ""16806"", ""soc_lb"": ""16393"", ""solved"": ""1"", ""solver"": ""planner"", ""sum_of_loss"": ""16806"", ""sum_of_loss_lb"": ""16393""}"
pp_guided_tl:shortest_tl,PP-guided (shortest first) + traffic load in SIPP,warehouse-10-20-10-2-1,warehouse-10-20-10-2-1-random-3,200,0,30.0,solved,0.117869,0.073,16798,186,16798,16393,186,1.024706,0,,/home/carsten/Projects/MAPF/MAPF Evaluator/results/pptl-warehouse-10-20-2-1/runs/pp_guided_tl_shortest_tl/warehouse-10-20-10-2-1/warehouse-10-20-10-2-1-random-3_a200_s0_r0,,,"{""agents"": ""200"", ""comp_time"": ""73"", ""first_ms"": ""72.5"", ""makespan"": ""186"", ""makespan_lb"": ""186"", ""map_file"": ""warehouse-10-20-10-2-1.map"", ""pp_demote_rounds"": ""0"", ""pp_failed"": ""0"", ""pp_order"": ""shortest"", ""pp_plan_ms"": ""54.4"", ""pp_plan_soc"": ""16798"", ""pp_tl"": ""1"", ""pp_used"": ""1"", ""seed"": ""0"", ""soc"": ""16798"", ""soc_lb"": ""16393"", ""solved"": ""1"", ""solver"": ""planner"", ""sum_of_loss"": ""16798"", ""sum_of_loss_lb"": ""16393""}"
pp_guided_tl:shortest_tl,PP-guided (shortest first) + traffic load in SIPP,warehouse-10-20-10-2-1,warehouse-10-20-10-2-1-random-3,200,1,30.0,solved,0.146147,0.073,16798,186,16798,16393,186,1.024706,0,,/home/carsten/Projects/MAPF/MAPF Evaluator/results/pptl-warehouse-10-20-2-1/runs/pp_guided_tl_shortest_tl/warehouse-10-20-10-2-1/warehouse-10-20-10-2-1-random-3_a200_s1_r0,,,"{""agents"": ""200"", ""comp_time"": ""73"", ""first_ms"": ""73.1"", ""makespan"": ""186"", ""makespan_lb"": ""186"", ""map_file"": ""warehouse-10-20-10-2-1.map"", ""pp_demote_rounds"": ""0"", ""pp_failed"": ""0"", ""pp_order"": ""shortest"", ""pp_plan_ms"": ""54.1"", ""pp_plan_soc"": ""16798"", ""pp_tl"": ""1"", ""pp_used"": ""1"", ""seed"": ""1"", ""soc"": ""16798"", ""soc_lb"": ""16393"", ""solved"": ""1"", ""solver"": ""planner"", ""sum_of_loss"": ""16798"", ""sum_of_loss_lb"": ""16393""}"
pp_guided_tl:traffic,PP-guided (traffic-last),warehouse-10-20-10-2-1,warehouse-10-20-10-2-1-random-3,200,0,30.0,solved,0.227723,0.104,21763,186,19202,16393,186,1.327579,0,,/home/carsten/Projects/MAPF/MAPF Evaluator/results/pptl-warehouse-10-20-2-1/runs/pp_guided_tl_traffic/warehouse-10-20-10-2-1/warehouse-10-20-10-2-1-random-3_a200_s0_r0,,,"{""agents"": ""200"", ""comp_time"": ""104"", ""first_ms"": ""103.9"", ""makespan"": ""186"", ""makespan_lb"": ""186"", ""map_file"": ""warehouse-10-20-10-2-1.map"", ""pp_demote_rounds"": ""0"", ""pp_failed"": ""0"", ""pp_order"": ""traffic-last"", ""pp_plan_ms"": ""88.3"", ""pp_plan_soc"": ""21763"", ""pp_tl"": ""0"", ""pp_used"": ""1"", ""seed"": ""0"", ""soc"": ""21763"", ""soc_lb"": ""16393"", ""solved"": ""1"", ""solver"": ""planner"", ""sum_of_loss"": ""19277"", ""sum_of_loss_lb"": ""16393""}"
pp_guided_tl:shortest_tl,PP-guided (shortest first) + traffic load in SIPP,warehouse-10-20-10-2-1,warehouse-10-20-10-2-1-random-3,200,2,30.0,solved,0.226084,0.073,16798,186,16798,16393,186,1.024706,0,,/home/carsten/Projects/MAPF/MAPF Evaluator/results/pptl-warehouse-10-20-2-1/runs/pp_guided_tl_shortest_tl/warehouse-10-20-10-2-1/warehouse-10-20-10-2-1-random-3_a200_s2_r0,,,"{""agents"": ""200"", ""comp_time"": ""73"", ""first_ms"": ""72.2"", ""makespan"": ""186"", ""makespan_lb"": ""186"", ""map_file"": ""warehouse-10-20-10-2-1.map"", ""pp_demote_rounds"": ""0"", ""pp_failed"": ""0"", ""pp_order"": ""shortest"", ""pp_plan_ms"": ""54.2"", ""pp_plan_soc"": ""16798"", ""pp_tl"": ""1"", ""pp_used"": ""1"", ""seed"": ""2"", ""soc"": ""16798"", ""soc_lb"": ""16393"", ""solved"": ""1"", ""solver"": ""planner"", ""sum_of_loss"": ""16798"", ""sum_of_loss_lb"": ""16393""}"
pp_guided_tl:traffic,PP-guided (traffic-last),warehouse-10-20-10-2-1,warehouse-10-20-10-2-1-random-3,200,1,30.0,solved,0.704981,0.101,21763,186,19202,16393,186,1.327579,0,,/home/carsten/Projects/MAPF/MAPF Evaluator/results/pptl-warehouse-10-20-2-1/runs/pp_guided_tl_traffic/warehouse-10-20-10-2-1/warehouse-10-20-10-2-1-random-3_a200_s1_r0,,,"{""agents"": ""200"", ""comp_time"": ""101"", ""first_ms"": ""100.7"", ""makespan"": ""186"", ""makespan_lb"": ""186"", ""map_file"": ""warehouse-10-20-10-2-1.map"", ""pp_demote_rounds"": ""0"", ""pp_failed"": ""0"", ""pp_order"": ""traffic-last"", ""pp_plan_ms"": ""85.3"", ""pp_plan_soc"": ""21763"", ""pp_tl"": ""0"", ""pp_used"": ""1"", ""seed"": ""1"", ""soc"": ""21763"", ""soc_lb"": ""16393"", ""solved"": ""1"", ""solver"": ""planner"", ""sum_of_loss"": ""19277"", ""sum_of_loss_lb"": ""16393""}"
pp_guided_tl:traffic_tl,PP-guided (traffic-last) + traffic load in SIPP,warehouse-10-20-10-2-1,warehouse-10-20-10-2-1-random-3,200,0,30.0,solved,0.384479,0.121,20430,186,18900,16393,186,1.246264,0,,/home/carsten/Projects/MAPF/MAPF Evaluator/results/pptl-warehouse-10-20-2-1/runs/pp_guided_tl_traffic_tl/warehouse-10-20-10-2-1/warehouse-10-20-10-2-1-random-3_a200_s0_r0,,,"{""agents"": ""200"", ""comp_time"": ""121"", ""first_ms"": ""121.5"", ""makespan"": ""186"", ""makespan_lb"": ""186"", ""map_file"": ""warehouse-10-20-10-2-1.map"", ""pp_demote_rounds"": ""0"", ""pp_failed"": ""0"", ""pp_order"": ""traffic-last"", ""pp_plan_ms"": ""100.0"", ""pp_plan_soc"": ""20430"", ""pp_tl"": ""1"", ""pp_used"": ""1"", ""seed"": ""0"", ""soc"": ""20430"", ""soc_lb"": ""16393"", ""solved"": ""1"", ""solver"": ""planner"", ""sum_of_loss"": ""18939"", ""sum_of_loss_lb"": ""16393""}"
pp_guided_tl:traffic_tl,PP-guided (traffic-last) + traffic load in SIPP,warehouse-10-20-10-2-1,warehouse-10-20-10-2-1-random-3,200,1,30.0,solved,0.169121,0.122,20430,186,18900,16393,186,1.246264,0,,/home/carsten/Projects/MAPF/MAPF Evaluator/results/pptl-warehouse-10-20-2-1/runs/pp_guided_tl_traffic_tl/warehouse-10-20-10-2-1/warehouse-10-20-10-2-1-random-3_a200_s1_r0,,,"{""agents"": ""200"", ""comp_time"": ""122"", ""first_ms"": ""121.5"", ""makespan"": ""186"", ""makespan_lb"": ""186"", ""map_file"": ""warehouse-10-20-10-2-1.map"", ""pp_demote_rounds"": ""0"", ""pp_failed"": ""0"", ""pp_order"": ""traffic-last"", ""pp_plan_ms"": ""99.5"", ""pp_plan_soc"": ""20430"", ""pp_tl"": ""1"", ""pp_used"": ""1"", ""seed"": ""1"", ""soc"": ""20430"", ""soc_lb"": ""16393"", ""solved"": ""1"", ""solver"": ""planner"", ""sum_of_loss"": ""18939"", ""sum_of_loss_lb"": ""16393""}"
pp_guided_tl:traffic,PP-guided (traffic-last),warehouse-10-20-10-2-1,warehouse-10-20-10-2-1-random-3,200,2,30.0,solved,0.205154,0.103,21763,186,19202,16393,186,1.327579,0,,/home/carsten/Projects/MAPF/MAPF Evaluator/results/pptl-warehouse-10-20-2-1/runs/pp_guided_tl_traffic/warehouse-10-20-10-2-1/warehouse-10-20-10-2-1-random-3_a200_s2_r0,,,"{""agents"": ""200"", ""comp_time"": ""103"", ""first_ms"": ""102.9"", ""makespan"": ""186"", ""makespan_lb"": ""186"", ""map_file"": ""warehouse-10-20-10-2-1.map"", ""pp_demote_rounds"": ""0"", ""pp_failed"": ""0"", ""pp_order"": ""traffic-last"", ""pp_plan_ms"": ""86.3"", ""pp_plan_soc"": ""21763"", ""pp_tl"": ""0"", ""pp_used"": ""1"", ""seed"": ""2"", ""soc"": ""21763"", ""soc_lb"": ""16393"", ""solved"": ""1"", ""solver"": ""planner"", ""sum_of_loss"": ""19277"", ""sum_of_loss_lb"": ""16393""}"
pp_guided_tl:shortest,PP-guided (shortest first),warehouse-10-20-10-2-1,warehouse-10-20-10-2-1-random-4,50,1,30.0,solved,0.095266,0.007,4172,190,4172,4170,190,1.00048,0,,/home/carsten/Projects/MAPF/MAPF Evaluator/results/pptl-warehouse-10-20-2-1/runs/pp_guided_tl_shortest/warehouse-10-20-10-2-1/warehouse-10-20-10-2-1-random-4_a50_s1_r0,,,"{""agents"": ""50"", ""comp_time"": ""7"", ""first_ms"": ""6.6"", ""makespan"": ""190"", ""makespan_lb"": ""190"", ""map_file"": ""warehouse-10-20-10-2-1.map"", ""pp_demote_rounds"": ""0"", ""pp_failed"": ""0"", ""pp_order"": ""shortest"", ""pp_plan_ms"": ""3.7"", ""pp_plan_soc"": ""4172"", ""pp_tl"": ""0"", ""pp_used"": ""1"", ""seed"": ""1"", ""soc"": ""4172"", ""soc_lb"": ""4170"", ""solved"": ""1"", ""solver"": ""planner"", ""sum_of_loss"": ""4172"", ""sum_of_loss_lb"": ""4170""}"
pp_guided_tl:shortest,PP-guided (shortest first),warehouse-10-20-10-2-1,warehouse-10-20-10-2-1-random-4,50,0,30.0,solved,0.025799,0.007,4172,190,4172,4170,190,1.00048,0,,/home/carsten/Projects/MAPF/MAPF Evaluator/results/pptl-warehouse-10-20-2-1/runs/pp_guided_tl_shortest/warehouse-10-20-10-2-1/warehouse-10-20-10-2-1-random-4_a50_s0_r0,,,"{""agents"": ""50"", ""comp_time"": ""7"", ""first_ms"": ""6.8"", ""makespan"": ""190"", ""makespan_lb"": ""190"", ""map_file"": ""warehouse-10-20-10-2-1.map"", ""pp_demote_rounds"": ""0"", ""pp_failed"": ""0"", ""pp_order"": ""shortest"", ""pp_plan_ms"": ""3.4"", ""pp_plan_soc"": ""4172"", ""pp_tl"": ""0"", ""pp_used"": ""1"", ""seed"": ""0"", ""soc"": ""4172"", ""soc_lb"": ""4170"", ""solved"": ""1"", ""solver"": ""planner"", ""sum_of_loss"": ""4172"", ""sum_of_loss_lb"": ""4170""}"
pp_guided_tl:shortest,PP-guided (shortest first),warehouse-10-20-10-2-1,warehouse-10-20-10-2-1-random-4,50,2,30.0,solved,0.030853,0.007,4172,190,4172,4170,190,1.00048,0,,/home/carsten/Projects/MAPF/MAPF Evaluator/results/pptl-warehouse-10-20-2-1/runs/pp_guided_tl_shortest/warehouse-10-20-10-2-1/warehouse-10-20-10-2-1-random-4_a50_s2_r0,,,"{""agents"": ""50"", ""comp_time"": ""7"", ""first_ms"": ""6.7"", ""makespan"": ""190"", ""makespan_lb"": ""190"", ""map_file"": ""warehouse-10-20-10-2-1.map"", ""pp_demote_rounds"": ""0"", ""pp_failed"": ""0"", ""pp_order"": ""shortest"", ""pp_plan_ms"": ""3.4"", ""pp_plan_soc"": ""4172"", ""pp_tl"": ""0"", ""pp_used"": ""1"", ""seed"": ""2"", ""soc"": ""4172"", ""soc_lb"": ""4170"", ""solved"": ""1"", ""solver"": ""planner"", ""sum_of_loss"": ""4172"", ""sum_of_loss_lb"": ""4170""}"
pp_guided_tl:traffic_tl,PP-guided (traffic-last) + traffic load in SIPP,warehouse-10-20-10-2-1,warehouse-10-20-10-2-1-random-3,200,2,30.0,solved,0.370069,0.12,20430,186,18900,16393,186,1.246264,0,,/home/carsten/Projects/MAPF/MAPF Evaluator/results/pptl-warehouse-10-20-2-1/runs/pp_guided_tl_traffic_tl/warehouse-10-20-10-2-1/warehouse-10-20-10-2-1-random-3_a200_s2_r0,,,"{""agents"": ""200"", ""comp_time"": ""120"", ""first_ms"": ""119.9"", ""makespan"": ""186"", ""makespan_lb"": ""186"", ""map_file"": ""warehouse-10-20-10-2-1.map"", ""pp_demote_rounds"": ""0"", ""pp_failed"": ""0"", ""pp_order"": ""traffic-last"", ""pp_plan_ms"": ""97.7"", ""pp_plan_soc"": ""20430"", ""pp_tl"": ""1"", ""pp_used"": ""1"", ""seed"": ""2"", ""soc"": ""20430"", ""soc_lb"": ""16393"", ""solved"": ""1"", ""solver"": ""planner"", ""sum_of_loss"": ""18939"", ""sum_of_loss_lb"": ""16393""}"
pp_guided_tl:shortest_tl,PP-guided (shortest first) + traffic load in SIPP,warehouse-10-20-10-2-1,warehouse-10-20-10-2-1-random-4,50,0,30.0,solved,0.064805,0.017,4172,190,4172,4170,190,1.00048,0,,/home/carsten/Projects/MAPF/MAPF Evaluator/results/pptl-warehouse-10-20-2-1/runs/pp_guided_tl_shortest_tl/warehouse-10-20-10-2-1/warehouse-10-20-10-2-1-random-4_a50_s0_r0,,,"{""agents"": ""50"", ""comp_time"": ""17"", ""first_ms"": ""16.7"", ""makespan"": ""190"", ""makespan_lb"": ""190"", ""map_file"": ""warehouse-10-20-10-2-1.map"", ""pp_demote_rounds"": ""0"", ""pp_failed"": ""0"", ""pp_order"": ""shortest"", ""pp_plan_ms"": ""11.3"", ""pp_plan_soc"": ""4172"", ""pp_tl"": ""1"", ""pp_used"": ""1"", ""seed"": ""0"", ""soc"": ""4172"", ""soc_lb"": ""4170"", ""solved"": ""1"", ""solver"": ""planner"", ""sum_of_loss"": ""4172"", ""sum_of_loss_lb"": ""4170""}"
pp_guided_tl:shortest_tl,PP-guided (shortest first) + traffic load in SIPP,warehouse-10-20-10-2-1,warehouse-10-20-10-2-1-random-4,50,1,30.0,solved,0.070004,0.016,4172,190,4172,4170,190,1.00048,0,,/home/carsten/Projects/MAPF/MAPF Evaluator/results/pptl-warehouse-10-20-2-1/runs/pp_guided_tl_shortest_tl/warehouse-10-20-10-2-1/warehouse-10-20-10-2-1-random-4_a50_s1_r0,,,"{""agents"": ""50"", ""comp_time"": ""16"", ""first_ms"": ""16.5"", ""makespan"": ""190"", ""makespan_lb"": ""190"", ""map_file"": ""warehouse-10-20-10-2-1.map"", ""pp_demote_rounds"": ""0"", ""pp_failed"": ""0"", ""pp_order"": ""shortest"", ""pp_plan_ms"": ""11.2"", ""pp_plan_soc"": ""4172"", ""pp_tl"": ""1"", ""pp_used"": ""1"", ""seed"": ""1"", ""soc"": ""4172"", ""soc_lb"": ""4170"", ""solved"": ""1"", ""solver"": ""planner"", ""sum_of_loss"": ""4172"", ""sum_of_loss_lb"": ""4170""}"
pp_guided_tl:traffic,PP-guided (traffic-last),warehouse-10-20-10-2-1,warehouse-10-20-10-2-1-random-4,50,0,30.0,solved,0.025738,0.011,4382,190,4253,4170,190,1.050839,0,,/home/carsten/Projects/MAPF/MAPF Evaluator/results/pptl-warehouse-10-20-2-1/runs/pp_guided_tl_traffic/warehouse-10-20-10-2-1/warehouse-10-20-10-2-1-random-4_a50_s0_r0,,,"{""agents"": ""50"", ""comp_time"": ""11"", ""first_ms"": ""10.8"", ""makespan"": ""190"", ""makespan_lb"": ""190"", ""map_file"": ""warehouse-10-20-10-2-1.map"", ""pp_demote_rounds"": ""0"", ""pp_failed"": ""0"", ""pp_order"": ""traffic-last"", ""pp_plan_ms"": ""6.3"", ""pp_plan_soc"": ""4382"", ""pp_tl"": ""0"", ""pp_used"": ""1"", ""seed"": ""0"", ""soc"": ""4382"", ""soc_lb"": ""4170"", ""solved"": ""1"", ""solver"": ""planner"", ""sum_of_loss"": ""4258"", ""sum_of_loss_lb"": ""4170""}"
pp_guided_tl:shortest_tl,PP-guided (shortest first) + traffic load in SIPP,warehouse-10-20-10-2-1,warehouse-10-20-10-2-1-random-4,50,2,30.0,solved,0.076897,0.017,4172,190,4172,4170,190,1.00048,0,,/home/carsten/Projects/MAPF/MAPF Evaluator/results/pptl-warehouse-10-20-2-1/runs/pp_guided_tl_shortest_tl/warehouse-10-20-10-2-1/warehouse-10-20-10-2-1-random-4_a50_s2_r0,,,"{""agents"": ""50"", ""comp_time"": ""17"", ""first_ms"": ""16.4"", ""makespan"": ""190"", ""makespan_lb"": ""190"", ""map_file"": ""warehouse-10-20-10-2-1.map"", ""pp_demote_rounds"": ""0"", ""pp_failed"": ""0"", ""pp_order"": ""shortest"", ""pp_plan_ms"": ""11.8"", ""pp_plan_soc"": ""4172"", ""pp_tl"": ""1"", ""pp_used"": ""1"", ""seed"": ""2"", ""soc"": ""4172"", ""soc_lb"": ""4170"", ""solved"": ""1"", ""solver"": ""planner"", ""sum_of_loss"": ""4172"", ""sum_of_loss_lb"": ""4170""}"
pp_guided_tl:traffic,PP-guided (traffic-last),warehouse-10-20-10-2-1,warehouse-10-20-10-2-1-random-4,50,2,30.0,solved,0.158814,0.009,4382,190,4253,4170,190,1.050839,0,,/home/carsten/Projects/MAPF/MAPF Evaluator/results/pptl-warehouse-10-20-2-1/runs/pp_guided_tl_traffic/warehouse-10-20-10-2-1/warehouse-10-20-10-2-1-random-4_a50_s2_r0,,,"{""agents"": ""50"", ""comp_time"": ""9"", ""first_ms"": ""9.5"", ""makespan"": ""190"", ""makespan_lb"": ""190"", ""map_file"": ""warehouse-10-20-10-2-1.map"", ""pp_demote_rounds"": ""0"", ""pp_failed"": ""0"", ""pp_order"": ""traffic-last"", ""pp_plan_ms"": ""5.5"", ""pp_plan_soc"": ""4382"", ""pp_tl"": ""0"", ""pp_used"": ""1"", ""seed"": ""2"", ""soc"": ""4382"", ""soc_lb"": ""4170"", ""solved"": ""1"", ""solver"": ""planner"", ""sum_of_loss"": ""4258"", ""sum_of_loss_lb"": ""4170""}"
pp_guided_tl:traffic_tl,PP-guided (traffic-last) + traffic load in SIPP,warehouse-10-20-10-2-1,warehouse-10-20-10-2-1-random-4,50,0,30.0,solved,0.051265,0.018,4481,190,4270,4170,190,1.07458,0,,/home/carsten/Projects/MAPF/MAPF Evaluator/results/pptl-warehouse-10-20-2-1/runs/pp_guided_tl_traffic_tl/warehouse-10-20-10-2-1/warehouse-10-20-10-2-1-random-4_a50_s0_r0,,,"{""agents"": ""50"", ""comp_time"": ""18"", ""first_ms"": ""17.4"", ""makespan"": ""190"", ""makespan_lb"": ""190"", ""map_file"": ""warehouse-10-20-10-2-1.map"", ""pp_demote_rounds"": ""0"", ""pp_failed"": ""0"", ""pp_order"": ""traffic-last"", ""pp_plan_ms"": ""12.4"", ""pp_plan_soc"": ""4481"", ""pp_tl"": ""1"", ""pp_used"": ""1"", ""seed"": ""0"", ""soc"": ""4481"", ""soc_lb"": ""4170"", ""solved"": ""1"", ""solver"": ""planner"", ""sum_of_loss"": ""4276"", ""sum_of_loss_lb"": ""4170""}"
pp_guided_tl:traffic_tl,PP-guided (traffic-last) + traffic load in SIPP,warehouse-10-20-10-2-1,warehouse-10-20-10-2-1-random-4,50,1,30.0,solved,0.046169,0.018,4481,190,4270,4170,190,1.07458,0,,/home/carsten/Projects/MAPF/MAPF Evaluator/results/pptl-warehouse-10-20-2-1/runs/pp_guided_tl_traffic_tl/warehouse-10-20-10-2-1/warehouse-10-20-10-2-1-random-4_a50_s1_r0,,,"{""agents"": ""50"", ""comp_time"": ""18"", ""first_ms"": ""18.3"", ""makespan"": ""190"", ""makespan_lb"": ""190"", ""map_file"": ""warehouse-10-20-10-2-1.map"", ""pp_demote_rounds"": ""0"", ""pp_failed"": ""0"", ""pp_order"": ""traffic-last"", ""pp_plan_ms"": ""12.6"", ""pp_plan_soc"": ""4481"", ""pp_tl"": ""1"", ""pp_used"": ""1"", ""seed"": ""1"", ""soc"": ""4481"", ""soc_lb"": ""4170"", ""solved"": ""1"", ""solver"": ""planner"", ""sum_of_loss"": ""4276"", ""sum_of_loss_lb"": ""4170""}"
pp_guided_tl:traffic,PP-guided (traffic-last),warehouse-10-20-10-2-1,warehouse-10-20-10-2-1-random-4,50,1,30.0,solved,0.090322,0.009,4382,190,4253,4170,190,1.050839,0,,/home/carsten/Projects/MAPF/MAPF Evaluator/results/pptl-warehouse-10-20-2-1/runs/pp_guided_tl_traffic/warehouse-10-20-10-2-1/warehouse-10-20-10-2-1-random-4_a50_s1_r0,,,"{""agents"": ""50"", ""comp_time"": ""9"", ""first_ms"": ""9.5"", ""makespan"": ""190"", ""makespan_lb"": ""190"", ""map_file"": ""warehouse-10-20-10-2-1.map"", ""pp_demote_rounds"": ""0"", ""pp_failed"": ""0"", ""pp_order"": ""traffic-last"", ""pp_plan_ms"": ""5.6"", ""pp_plan_soc"": ""4382"", ""pp_tl"": ""0"", ""pp_used"": ""1"", ""seed"": ""1"", ""soc"": ""4382"", ""soc_lb"": ""4170"", ""solved"": ""1"", ""solver"": ""planner"", ""sum_of_loss"": ""4258"", ""sum_of_loss_lb"": ""4170""}"
pp_guided_tl:traffic_tl,PP-guided (traffic-last) + traffic load in SIPP,warehouse-10-20-10-2-1,warehouse-10-20-10-2-1-random-4,50,2,30.0,solved,0.17337,0.018,4481,190,4270,4170,190,1.07458,0,,/home/carsten/Projects/MAPF/MAPF Evaluator/results/pptl-warehouse-10-20-2-1/runs/pp_guided_tl_traffic_tl/warehouse-10-20-10-2-1/warehouse-10-20-10-2-1-random-4_a50_s2_r0,,,"{""agents"": ""50"", ""comp_time"": ""18"", ""first_ms"": ""18.5"", ""makespan"": ""190"", ""makespan_lb"": ""190"", ""map_file"": ""warehouse-10-20-10-2-1.map"", ""pp_demote_rounds"": ""0"", ""pp_failed"": ""0"", ""pp_order"": ""traffic-last"", ""pp_plan_ms"": ""12.5"", ""pp_plan_soc"": ""4481"", ""pp_tl"": ""1"", ""pp_used"": ""1"", ""seed"": ""2"", ""soc"": ""4481"", ""soc_lb"": ""4170"", ""solved"": ""1"", ""solver"": ""planner"", ""sum_of_loss"": ""4276"", ""sum_of_loss_lb"": ""4170""}"
pp_guided_tl:shortest,PP-guided (shortest first),warehouse-10-20-10-2-1,warehouse-10-20-10-2-1-random-4,100,1,30.0,solved,0.157464,0.014,7837,202,7837,7810,202,1.003457,0,,/home/carsten/Projects/MAPF/MAPF Evaluator/results/pptl-warehouse-10-20-2-1/runs/pp_guided_tl_shortest/warehouse-10-20-10-2-1/warehouse-10-20-10-2-1-random-4_a100_s1_r0,,,"{""agents"": ""100"", ""comp_time"": ""14"", ""first_ms"": ""14.3"", ""makespan"": ""202"", ""makespan_lb"": ""202"", ""map_file"": ""warehouse-10-20-10-2-1.map"", ""pp_demote_rounds"": ""0"", ""pp_failed"": ""0"", ""pp_order"": ""shortest"", ""pp_plan_ms"": ""7.8"", ""pp_plan_soc"": ""7837"", ""pp_tl"": ""0"", ""pp_used"": ""1"", ""seed"": ""1"", ""soc"": ""7837"", ""soc_lb"": ""7810"", ""solved"": ""1"", ""solver"": ""planner"", ""sum_of_loss"": ""7837"", ""sum_of_loss_lb"": ""7810""}"
pp_guided_tl:shortest,PP-guided (shortest first),warehouse-10-20-10-2-1,warehouse-10-20-10-2-1-random-4,100,0,30.0,solved,0.132024,0.014,7837,202,7837,7810,202,1.003457,0,,/home/carsten/Projects/MAPF/MAPF Evaluator/results/pptl-warehouse-10-20-2-1/runs/pp_guided_tl_shortest/warehouse-10-20-10-2-1/warehouse-10-20-10-2-1-random-4_a100_s0_r0,,,"{""agents"": ""100"", ""comp_time"": ""14"", ""first_ms"": ""13.3"", ""makespan"": ""202"", ""makespan_lb"": ""202"", ""map_file"": ""warehouse-10-20-10-2-1.map"", ""pp_demote_rounds"": ""0"", ""pp_failed"": ""0"", ""pp_order"": ""shortest"", ""pp_plan_ms"": ""7.5"", ""pp_plan_soc"": ""7837"", ""pp_tl"": ""0"", ""pp_used"": ""1"", ""seed"": ""0"", ""soc"": ""7837"", ""soc_lb"": ""7810"", ""solved"": ""1"", ""solver"": ""planner"", ""sum_of_loss"": ""7837"", ""sum_of_loss_lb"": ""7810""}"
pp_guided_tl:shortest,PP-guided (shortest first),warehouse-10-20-10-2-1,warehouse-10-20-10-2-1-random-4,100,2,30.0,solved,0.066436,0.014,7837,202,7837,7810,202,1.003457,0,,/home/carsten/Projects/MAPF/MAPF Evaluator/results/pptl-warehouse-10-20-2-1/runs/pp_guided_tl_shortest/warehouse-10-20-10-2-1/warehouse-10-20-10-2-1-random-4_a100_s2_r0,,,"{""agents"": ""100"", ""comp_time"": ""14"", ""first_ms"": ""14.1"", ""makespan"": ""202"", ""makespan_lb"": ""202"", ""map_file"": ""warehouse-10-20-10-2-1.map"", ""pp_demote_rounds"": ""0"", ""pp_failed"": ""0"", ""pp_order"": ""shortest"", ""pp_plan_ms"": ""7.5"", ""pp_plan_soc"": ""7837"", ""pp_tl"": ""0"", ""pp_used"": ""1"", ""seed"": ""2"", ""soc"": ""7837"", ""soc_lb"": ""7810"", ""solved"": ""1"", ""solver"": ""planner"", ""sum_of_loss"": ""7837"", ""sum_of_loss_lb"": ""7810""}"
pp_guided_tl:shortest_tl,PP-guided (shortest first) + traffic load in SIPP,warehouse-10-20-10-2-1,warehouse-10-20-10-2-1-random-4,100,0,30.0,solved,0.603601,0.029,7831,202,7831,7810,202,1.002689,0,,/home/carsten/Projects/MAPF/MAPF Evaluator/results/pptl-warehouse-10-20-2-1/runs/pp_guided_tl_shortest_tl/warehouse-10-20-10-2-1/warehouse-10-20-10-2-1-random-4_a100_s0_r0,,,"{""agents"": ""100"", ""comp_time"": ""29"", ""first_ms"": ""29.2"", ""makespan"": ""202"", ""makespan_lb"": ""202"", ""map_file"": ""warehouse-10-20-10-2-1.map"", ""pp_demote_rounds"": ""0"", ""pp_failed"": ""0"", ""pp_order"": ""shortest"", ""pp_plan_ms"": ""19.6"", ""pp_plan_soc"": ""7831"", ""pp_tl"": ""1"", ""pp_used"": ""1"", ""seed"": ""0"", ""soc"": ""7831"", ""soc_lb"": ""7810"", ""solved"": ""1"", ""solver"": ""planner"", ""sum_of_loss"": ""7831"", ""sum_of_loss_lb"": ""7810""}"
pp_guided_tl:shortest_tl,PP-guided (shortest first) + traffic load in SIPP,warehouse-10-20-10-2-1,warehouse-10-20-10-2-1-random-4,100,2,30.0,solved,0.054546,0.029,7831,202,7831,7810,202,1.002689,0,,/home/carsten/Projects/MAPF/MAPF Evaluator/results/pptl-warehouse-10-20-2-1/runs/pp_guided_tl_shortest_tl/warehouse-10-20-10-2-1/warehouse-10-20-10-2-1-random-4_a100_s2_r0,,,"{""agents"": ""100"", ""comp_time"": ""29"", ""first_ms"": ""29.0"", ""makespan"": ""202"", ""makespan_lb"": ""202"", ""map_file"": ""warehouse-10-20-10-2-1.map"", ""pp_demote_rounds"": ""0"", ""pp_failed"": ""0"", ""pp_order"": ""shortest"", ""pp_plan_ms"": ""19.3"", ""pp_plan_soc"": ""7831"", ""pp_tl"": ""1"", ""pp_used"": ""1"", ""seed"": ""2"", ""soc"": ""7831"", ""soc_lb"": ""7810"", ""solved"": ""1"", ""solver"": ""planner"", ""sum_of_loss"": ""7831"", ""sum_of_loss_lb"": ""7810""}"
pp_guided_tl:traffic,PP-guided (traffic-last),warehouse-10-20-10-2-1,warehouse-10-20-10-2-1-random-4,100,0,30.0,solved,0.119214,0.024,8739,202,8328,7810,202,1.11895,0,,/home/carsten/Projects/MAPF/MAPF Evaluator/results/pptl-warehouse-10-20-2-1/runs/pp_guided_tl_traffic/warehouse-10-20-10-2-1/warehouse-10-20-10-2-1-random-4_a100_s0_r0,,,"{""agents"": ""100"", ""comp_time"": ""24"", ""first_ms"": ""24.2"", ""makespan"": ""202"", ""makespan_lb"": ""202"", ""map_file"": ""warehouse-10-20-10-2-1.map"", ""pp_demote_rounds"": ""0"", ""pp_failed"": ""0"", ""pp_order"": ""traffic-last"", ""pp_plan_ms"": ""16.5"", ""pp_plan_soc"": ""8739"", ""pp_tl"": ""0"", ""pp_used"": ""1"", ""seed"": ""0"", ""soc"": ""8739"", ""soc_lb"": ""7810"", ""solved"": ""1"", ""solver"": ""planner"", ""sum_of_loss"": ""8339"", ""sum_of_loss_lb"": ""7810""}"
pp_guided_tl:shortest_tl,PP-guided (shortest first) + traffic load in SIPP,warehouse-10-20-10-2-1,warehouse-10-20-10-2-1-random-4,100,1,30.0,solved,0.140275,0.028,7831,202,7831,7810,202,1.002689,0,,/home/carsten/Projects/MAPF/MAPF Evaluator/results/pptl-warehouse-10-20-2-1/runs/pp_guided_tl_shortest_tl/warehouse-10-20-10-2-1/warehouse-10-20-10-2-1-random-4_a100_s1_r0,,,"{""agents"": ""100"", ""comp_time"": ""28"", ""first_ms"": ""27.9"", ""makespan"": ""202"", ""makespan_lb"": ""202"", ""map_file"": ""warehouse-10-20-10-2-1.map"", ""pp_demote_rounds"": ""0"", ""pp_failed"": ""0"", ""pp_order"": ""shortest"", ""pp_plan_ms"": ""19.0"", ""pp_plan_soc"": ""7831"", ""pp_tl"": ""1"", ""pp_used"": ""1"", ""seed"": ""1"", ""soc"": ""7831"", ""soc_lb"": ""7810"", ""solved"": ""1"", ""solver"": ""planner"", ""sum_of_loss"": ""7831"", ""sum_of_loss_lb"": ""7810""}"
pp_guided_tl:traffic,PP-guided (traffic-last),warehouse-10-20-10-2-1,warehouse-10-20-10-2-1-random-4,100,1,30.0,solved,0.131871,0.024,8739,202,8328,7810,202,1.11895,0,,/home/carsten/Projects/MAPF/MAPF Evaluator/results/pptl-warehouse-10-20-2-1/runs/pp_guided_tl_traffic/warehouse-10-20-10-2-1/warehouse-10-20-10-2-1-random-4_a100_s1_r0,,,"{""agents"": ""100"", ""comp_time"": ""24"", ""first_ms"": ""24.1"", ""makespan"": ""202"", ""makespan_lb"": ""202"", ""map_file"": ""warehouse-10-20-10-2-1.map"", ""pp_demote_rounds"": ""0"", ""pp_failed"": ""0"", ""pp_order"": ""traffic-last"", ""pp_plan_ms"": ""16.7"", ""pp_plan_soc"": ""8739"", ""pp_tl"": ""0"", ""pp_used"": ""1"", ""seed"": ""1"", ""soc"": ""8739"", ""soc_lb"": ""7810"", ""solved"": ""1"", ""solver"": ""planner"", ""sum_of_loss"": ""8339"", ""sum_of_loss_lb"": ""7810""}"
pp_guided_tl:traffic,PP-guided (traffic-last),warehouse-10-20-10-2-1,warehouse-10-20-10-2-1-random-4,100,2,30.0,solved,0.193912,0.024,8739,202,8328,7810,202,1.11895,0,,/home/carsten/Projects/MAPF/MAPF Evaluator/results/pptl-warehouse-10-20-2-1/runs/pp_guided_tl_traffic/warehouse-10-20-10-2-1/warehouse-10-20-10-2-1-random-4_a100_s2_r0,,,"{""agents"": ""100"", ""comp_time"": ""24"", ""first_ms"": ""24.2"", ""makespan"": ""202"", ""makespan_lb"": ""202"", ""map_file"": ""warehouse-10-20-10-2-1.map"", ""pp_demote_rounds"": ""0"", ""pp_failed"": ""0"", ""pp_order"": ""traffic-last"", ""pp_plan_ms"": ""16.7"", ""pp_plan_soc"": ""8739"", ""pp_tl"": ""0"", ""pp_used"": ""1"", ""seed"": ""2"", ""soc"": ""8739"", ""soc_lb"": ""7810"", ""solved"": ""1"", ""solver"": ""planner"", ""sum_of_loss"": ""8339"", ""sum_of_loss_lb"": ""7810""}"
pp_guided_tl:traffic_tl,PP-guided (traffic-last) + traffic load in SIPP,warehouse-10-20-10-2-1,warehouse-10-20-10-2-1-random-4,100,0,30.0,solved,0.103763,0.042,8797,202,8315,7810,202,1.126376,0,,/home/carsten/Projects/MAPF/MAPF Evaluator/results/pptl-warehouse-10-20-2-1/runs/pp_guided_tl_traffic_tl/warehouse-10-20-10-2-1/warehouse-10-20-10-2-1-random-4_a100_s0_r0,,,"{""agents"": ""100"", ""comp_time"": ""42"", ""first_ms"": ""41.9"", ""makespan"": ""202"", ""makespan_lb"": ""202"", ""map_file"": ""warehouse-10-20-10-2-1.map"", ""pp_demote_rounds"": ""0"", ""pp_failed"": ""0"", ""pp_order"": ""traffic-last"", ""pp_plan_ms"": ""31.0"", ""pp_plan_soc"": ""8797"", ""pp_tl"": ""1"", ""pp_used"": ""1"", ""seed"": ""0"", ""soc"": ""8797"", ""soc_lb"": ""7810"", ""solved"": ""1"", ""solver"": ""planner"", ""sum_of_loss"": ""8326"", ""sum_of_loss_lb"": ""7810""}"
pp_guided_tl:traffic_tl,PP-guided (traffic-last) + traffic load in SIPP,warehouse-10-20-10-2-1,warehouse-10-20-10-2-1-random-4,100,1,30.0,solved,0.158321,0.042,8797,202,8315,7810,202,1.126376,0,,/home/carsten/Projects/MAPF/MAPF Evaluator/results/pptl-warehouse-10-20-2-1/runs/pp_guided_tl_traffic_tl/warehouse-10-20-10-2-1/warehouse-10-20-10-2-1-random-4_a100_s1_r0,,,"{""agents"": ""100"", ""comp_time"": ""42"", ""first_ms"": ""41.8"", ""makespan"": ""202"", ""makespan_lb"": ""202"", ""map_file"": ""warehouse-10-20-10-2-1.map"", ""pp_demote_rounds"": ""0"", ""pp_failed"": ""0"", ""pp_order"": ""traffic-last"", ""pp_plan_ms"": ""31.0"", ""pp_plan_soc"": ""8797"", ""pp_tl"": ""1"", ""pp_used"": ""1"", ""seed"": ""1"", ""soc"": ""8797"", ""soc_lb"": ""7810"", ""solved"": ""1"", ""solver"": ""planner"", ""sum_of_loss"": ""8326"", ""sum_of_loss_lb"": ""7810""}"
pp_guided_tl:traffic_tl,PP-guided (traffic-last) + traffic load in SIPP,warehouse-10-20-10-2-1,warehouse-10-20-10-2-1-random-4,100,2,30.0,solved,0.220367,0.043,8797,202,8315,7810,202,1.126376,0,,/home/carsten/Projects/MAPF/MAPF Evaluator/results/pptl-warehouse-10-20-2-1/runs/pp_guided_tl_traffic_tl/warehouse-10-20-10-2-1/warehouse-10-20-10-2-1-random-4_a100_s2_r0,,,"{""agents"": ""100"", ""comp_time"": ""43"", ""first_ms"": ""42.9"", ""makespan"": ""202"", ""makespan_lb"": ""202"", ""map_file"": ""warehouse-10-20-10-2-1.map"", ""pp_demote_rounds"": ""0"", ""pp_failed"": ""0"", ""pp_order"": ""traffic-last"", ""pp_plan_ms"": ""32.1"", ""pp_plan_soc"": ""8797"", ""pp_tl"": ""1"", ""pp_used"": ""1"", ""seed"": ""2"", ""soc"": ""8797"", ""soc_lb"": ""7810"", ""solved"": ""1"", ""solver"": ""planner"", ""sum_of_loss"": ""8326"", ""sum_of_loss_lb"": ""7810""}"
pp_guided_tl:shortest,PP-guided (shortest first),warehouse-10-20-10-2-1,warehouse-10-20-10-2-1-random-4,150,0,30.0,solved,0.183211,0.023,11309,202,11309,11211,202,1.008741,0,,/home/carsten/Projects/MAPF/MAPF Evaluator/results/pptl-warehouse-10-20-2-1/runs/pp_guided_tl_shortest/warehouse-10-20-10-2-1/warehouse-10-20-10-2-1-random-4_a150_s0_r0,,,"{""agents"": ""150"", ""comp_time"": ""23"", ""first_ms"": ""23.0"", ""makespan"": ""202"", ""makespan_lb"": ""202"", ""map_file"": ""warehouse-10-20-10-2-1.map"", ""pp_demote_rounds"": ""0"", ""pp_failed"": ""0"", ""pp_order"": ""shortest"", ""pp_plan_ms"": ""13.5"", ""pp_plan_soc"": ""11309"", ""pp_tl"": ""0"", ""pp_used"": ""1"", ""seed"": ""0"", ""soc"": ""11309"", ""soc_lb"": ""11211"", ""solved"": ""1"", ""solver"": ""planner"", ""sum_of_loss"": ""11309"", ""sum_of_loss_lb"": ""11211""}"
pp_guided_tl:shortest,PP-guided (shortest first),warehouse-10-20-10-2-1,warehouse-10-20-10-2-1-random-4,150,1,30.0,solved,0.234544,0.023,11309,202,11309,11211,202,1.008741,0,,/home/carsten/Projects/MAPF/MAPF Evaluator/results/pptl-warehouse-10-20-2-1/runs/pp_guided_tl_shortest/warehouse-10-20-10-2-1/warehouse-10-20-10-2-1-random-4_a150_s1_r0,,,"{""agents"": ""150"", ""comp_time"": ""23"", ""first_ms"": ""23.2"", ""makespan"": ""202"", ""makespan_lb"": ""202"", ""map_file"": ""warehouse-10-20-10-2-1.map"", ""pp_demote_rounds"": ""0"", ""pp_failed"": ""0"", ""pp_order"": ""shortest"", ""pp_plan_ms"": ""13.6"", ""pp_plan_soc"": ""11309"", ""pp_tl"": ""0"", ""pp_used"": ""1"", ""seed"": ""1"", ""soc"": ""11309"", ""soc_lb"": ""11211"", ""solved"": ""1"", ""solver"": ""planner"", ""sum_of_loss"": ""11309"", ""sum_of_loss_lb"": ""11211""}"
pp_guided_tl:shortest,PP-guided (shortest first),warehouse-10-20-10-2-1,warehouse-10-20-10-2-1-random-4,150,2,30.0,solved,0.218129,0.023,11309,202,11309,11211,202,1.008741,0,,/home/carsten/Projects/MAPF/MAPF Evaluator/results/pptl-warehouse-10-20-2-1/runs/pp_guided_tl_shortest/warehouse-10-20-10-2-1/warehouse-10-20-10-2-1-random-4_a150_s2_r0,,,"{""agents"": ""150"", ""comp_time"": ""23"", ""first_ms"": ""23.1"", ""makespan"": ""202"", ""makespan_lb"": ""202"", ""map_file"": ""warehouse-10-20-10-2-1.map"", ""pp_demote_rounds"": ""0"", ""pp_failed"": ""0"", ""pp_order"": ""shortest"", ""pp_plan_ms"": ""13.7"", ""pp_plan_soc"": ""11309"", ""pp_tl"": ""0"", ""pp_used"": ""1"", ""seed"": ""2"", ""soc"": ""11309"", ""soc_lb"": ""11211"", ""solved"": ""1"", ""solver"": ""planner"", ""sum_of_loss"": ""11309"", ""sum_of_loss_lb"": ""11211""}"
pp_guided_tl:shortest_tl,PP-guided (shortest first) + traffic load in SIPP,warehouse-10-20-10-2-1,warehouse-10-20-10-2-1-random-4,150,0,30.0,solved,0.155721,0.044,11318,202,11318,11211,202,1.009544,0,,/home/carsten/Projects/MAPF/MAPF Evaluator/results/pptl-warehouse-10-20-2-1/runs/pp_guided_tl_shortest_tl/warehouse-10-20-10-2-1/warehouse-10-20-10-2-1-random-4_a150_s0_r0,,,"{""agents"": ""150"", ""comp_time"": ""44"", ""first_ms"": ""43.6"", ""makespan"": ""202"", ""makespan_lb"": ""202"", ""map_file"": ""warehouse-10-20-10-2-1.map"", ""pp_demote_rounds"": ""0"", ""pp_failed"": ""0"", ""pp_order"": ""shortest"", ""pp_plan_ms"": ""30.0"", ""pp_plan_soc"": ""11318"", ""pp_tl"": ""1"", ""pp_used"": ""1"", ""seed"": ""0"", ""soc"": ""11318"", ""soc_lb"": ""11211"", ""solved"": ""1"", ""solver"": ""planner"", ""sum_of_loss"": ""11318"", ""sum_of_loss_lb"": ""11211""}"
pp_guided_tl:shortest_tl,PP-guided (shortest first) + traffic load in SIPP,warehouse-10-20-10-2-1,warehouse-10-20-10-2-1-random-4,150,2,30.0,solved,0.141417,0.043,11318,202,11318,11211,202,1.009544,0,,/home/carsten/Projects/MAPF/MAPF Evaluator/results/pptl-warehouse-10-20-2-1/runs/pp_guided_tl_shortest_tl/warehouse-10-20-10-2-1/warehouse-10-20-10-2-1-random-4_a150_s2_r0,,,"{""agents"": ""150"", ""comp_time"": ""43"", ""first_ms"": ""43.7"", ""makespan"": ""202"", ""makespan_lb"": ""202"", ""map_file"": ""warehouse-10-20-10-2-1.map"", ""pp_demote_rounds"": ""0"", ""pp_failed"": ""0"", ""pp_order"": ""shortest"", ""pp_plan_ms"": ""29.6"", ""pp_plan_soc"": ""11318"", ""pp_tl"": ""1"", ""pp_used"": ""1"", ""seed"": ""2"", ""soc"": ""11318"", ""soc_lb"": ""11211"", ""solved"": ""1"", ""solver"": ""planner"", ""sum_of_loss"": ""11318"", ""sum_of_loss_lb"": ""11211""}"
pp_guided_tl:shortest_tl,PP-guided (shortest first) + traffic load in SIPP,warehouse-10-20-10-2-1,warehouse-10-20-10-2-1-random-4,150,1,30.0,solved,0.197494,0.045,11318,202,11318,11211,202,1.009544,0,,/home/carsten/Projects/MAPF/MAPF Evaluator/results/pptl-warehouse-10-20-2-1/runs/pp_guided_tl_shortest_tl/warehouse-10-20-10-2-1/warehouse-10-20-10-2-1-random-4_a150_s1_r0,,,"{""agents"": ""150"", ""comp_time"": ""45"", ""first_ms"": ""44.6"", ""makespan"": ""202"", ""makespan_lb"": ""202"", ""map_file"": ""warehouse-10-20-10-2-1.map"", ""pp_demote_rounds"": ""0"", ""pp_failed"": ""0"", ""pp_order"": ""shortest"", ""pp_plan_ms"": ""29.9"", ""pp_plan_soc"": ""11318"", ""pp_tl"": ""1"", ""pp_used"": ""1"", ""seed"": ""1"", ""soc"": ""11318"", ""soc_lb"": ""11211"", ""solved"": ""1"", ""solver"": ""planner"", ""sum_of_loss"": ""11318"", ""sum_of_loss_lb"": ""11211""}"
pp_guided_tl:traffic,PP-guided (traffic-last),warehouse-10-20-10-2-1,warehouse-10-20-10-2-1-random-4,150,0,30.0,solved,0.14031,0.047,13583,207,12545,11211,202,1.211578,0,,/home/carsten/Projects/MAPF/MAPF Evaluator/results/pptl-warehouse-10-20-2-1/runs/pp_guided_tl_traffic/warehouse-10-20-10-2-1/warehouse-10-20-10-2-1-random-4_a150_s0_r0,,,"{""agents"": ""150"", ""comp_time"": ""47"", ""first_ms"": ""47.1"", ""makespan"": ""207"", ""makespan_lb"": ""202"", ""map_file"": ""warehouse-10-20-10-2-1.map"", ""pp_demote_rounds"": ""0"", ""pp_failed"": ""0"", ""pp_order"": ""traffic-last"", ""pp_plan_ms"": ""34.8"", ""pp_plan_soc"": ""13583"", ""pp_tl"": ""0"", ""pp_used"": ""1"", ""seed"": ""0"", ""soc"": ""13583"", ""soc_lb"": ""11211"", ""solved"": ""1"", ""solver"": ""planner"", ""sum_of_loss"": ""12574"", ""sum_of_loss_lb"": ""11211""}"
pp_guided_tl:traffic,PP-guided (traffic-last),warehouse-10-20-10-2-1,warehouse-10-20-10-2-1-random-4,150,1,30.0,solved,0.120455,0.049,13583,207,12545,11211,202,1.211578,0,,/home/carsten/Projects/MAPF/MAPF Evaluator/results/pptl-warehouse-10-20-2-1/runs/pp_guided_tl_traffic/warehouse-10-20-10-2-1/warehouse-10-20-10-2-1-random-4_a150_s1_r0,,,"{""agents"": ""150"", ""comp_time"": ""49"", ""first_ms"": ""48.8"", ""makespan"": ""207"", ""makespan_lb"": ""202"", ""map_file"": ""warehouse-10-20-10-2-1.map"", ""pp_demote_rounds"": ""0"", ""pp_failed"": ""0"", ""pp_order"": ""traffic-last"", ""pp_plan_ms"": ""37.0"", ""pp_plan_soc"": ""13583"", ""pp_tl"": ""0"", ""pp_used"": ""1"", ""seed"": ""1"", ""soc"": ""13583"", ""soc_lb"": ""11211"", ""solved"": ""1"", ""solver"": ""planner"", ""sum_of_loss"": ""12574"", ""sum_of_loss_lb"": ""11211""}"
pp_guided_tl:traffic_tl,PP-guided (traffic-last) + traffic load in SIPP,warehouse-10-20-10-2-1,warehouse-10-20-10-2-1-random-4,150,0,30.0,solved,0.244073,0.07,14049,202,12725,11211,202,1.253144,0,,/home/carsten/Projects/MAPF/MAPF Evaluator/results/pptl-warehouse-10-20-2-1/runs/pp_guided_tl_traffic_tl/warehouse-10-20-10-2-1/warehouse-10-20-10-2-1-random-4_a150_s0_r0,,,"{""agents"": ""150"", ""comp_time"": ""70"", ""first_ms"": ""69.4"", ""makespan"": ""202"", ""makespan_lb"": ""202"", ""map_file"": ""warehouse-10-20-10-2-1.map"", ""pp_demote_rounds"": ""0"", ""pp_failed"": ""0"", ""pp_order"": ""traffic-last"", ""pp_plan_ms"": ""54.5"", ""pp_plan_soc"": ""14049"", ""pp_tl"": ""1"", ""pp_used"": ""1"", ""seed"": ""0"", ""soc"": ""14049"", ""soc_lb"": ""11211"", ""solved"": ""1"", ""solver"": ""planner"", ""sum_of_loss"": ""12752"", ""sum_of_loss_lb"": ""11211""}"
pp_guided_tl:traffic,PP-guided (traffic-last),warehouse-10-20-10-2-1,warehouse-10-20-10-2-1-random-4,150,2,30.0,solved,0.21173,0.046,13583,207,12545,11211,202,1.211578,0,,/home/carsten/Projects/MAPF/MAPF Evaluator/results/pptl-warehouse-10-20-2-1/runs/pp_guided_tl_traffic/warehouse-10-20-10-2-1/warehouse-10-20-10-2-1-random-4_a150_s2_r0,,,"{""agents"": ""150"", ""comp_time"": ""46"", ""first_ms"": ""46.1"", ""makespan"": ""207"", ""makespan_lb"": ""202"", ""map_file"": ""warehouse-10-20-10-2-1.map"", ""pp_demote_rounds"": ""0"", ""pp_failed"": ""0"", ""pp_order"": ""traffic-last"", ""pp_plan_ms"": ""34.3"", ""pp_plan_soc"": ""13583"", ""pp_tl"": ""0"", ""pp_used"": ""1"", ""seed"": ""2"", ""soc"": ""13583"", ""soc_lb"": ""11211"", ""solved"": ""1"", ""solver"": ""planner"", ""sum_of_loss"": ""12574"", ""sum_of_loss_lb"": ""11211""}"
pp_guided_tl:traffic_tl,PP-guided (traffic-last) + traffic load in SIPP,warehouse-10-20-10-2-1,warehouse-10-20-10-2-1-random-4,150,1,30.0,solved,0.13808,0.072,14049,202,12725,11211,202,1.253144,0,,/home/carsten/Projects/MAPF/MAPF Evaluator/results/pptl-warehouse-10-20-2-1/runs/pp_guided_tl_traffic_tl/warehouse-10-20-10-2-1/warehouse-10-20-10-2-1-random-4_a150_s1_r0,,,"{""agents"": ""150"", ""comp_time"": ""72"", ""first_ms"": ""71.9"", ""makespan"": ""202"", ""makespan_lb"": ""202"", ""map_file"": ""warehouse-10-20-10-2-1.map"", ""pp_demote_rounds"": ""0"", ""pp_failed"": ""0"", ""pp_order"": ""traffic-last"", ""pp_plan_ms"": ""55.8"", ""pp_plan_soc"": ""14049"", ""pp_tl"": ""1"", ""pp_used"": ""1"", ""seed"": ""1"", ""soc"": ""14049"", ""soc_lb"": ""11211"", ""solved"": ""1"", ""solver"": ""planner"", ""sum_of_loss"": ""12752"", ""sum_of_loss_lb"": ""11211""}"
pp_guided_tl:traffic_tl,PP-guided (traffic-last) + traffic load in SIPP,warehouse-10-20-10-2-1,warehouse-10-20-10-2-1-random-4,150,2,30.0,solved,0.168533,0.072,14049,202,12725,11211,202,1.253144,0,,/home/carsten/Projects/MAPF/MAPF Evaluator/results/pptl-warehouse-10-20-2-1/runs/pp_guided_tl_traffic_tl/warehouse-10-20-10-2-1/warehouse-10-20-10-2-1-random-4_a150_s2_r0,,,"{""agents"": ""150"", ""comp_time"": ""72"", ""first_ms"": ""71.9"", ""makespan"": ""202"", ""makespan_lb"": ""202"", ""map_file"": ""warehouse-10-20-10-2-1.map"", ""pp_demote_rounds"": ""0"", ""pp_failed"": ""0"", ""pp_order"": ""traffic-last"", ""pp_plan_ms"": ""55.7"", ""pp_plan_soc"": ""14049"", ""pp_tl"": ""1"", ""pp_used"": ""1"", ""seed"": ""2"", ""soc"": ""14049"", ""soc_lb"": ""11211"", ""solved"": ""1"", ""solver"": ""planner"", ""sum_of_loss"": ""12752"", ""sum_of_loss_lb"": ""11211""}"
pp_guided_tl:shortest,PP-guided (shortest first),warehouse-10-20-10-2-1,warehouse-10-20-10-2-1-random-4,200,0,30.0,solved,0.43205,0.038,15327,202,15327,15048,202,1.018541,0,,/home/carsten/Projects/MAPF/MAPF Evaluator/results/pptl-warehouse-10-20-2-1/runs/pp_guided_tl_shortest/warehouse-10-20-10-2-1/warehouse-10-20-10-2-1-random-4_a200_s0_r0,,,"{""agents"": ""200"", ""comp_time"": ""38"", ""first_ms"": ""37.7"", ""makespan"": ""202"", ""makespan_lb"": ""202"", ""map_file"": ""warehouse-10-20-10-2-1.map"", ""pp_demote_rounds"": ""0"", ""pp_failed"": ""0"", ""pp_order"": ""shortest"", ""pp_plan_ms"": ""24.5"", ""pp_plan_soc"": ""15327"", ""pp_tl"": ""0"", ""pp_used"": ""1"", ""seed"": ""0"", ""soc"": ""15327"", ""soc_lb"": ""15048"", ""solved"": ""1"", ""solver"": ""planner"", ""sum_of_loss"": ""15327"", ""sum_of_loss_lb"": ""15048""}"
pp_guided_tl:shortest,PP-guided (shortest first),warehouse-10-20-10-2-1,warehouse-10-20-10-2-1-random-4,200,1,30.0,solved,0.260957,0.037,15327,202,15327,15048,202,1.018541,0,,/home/carsten/Projects/MAPF/MAPF Evaluator/results/pptl-warehouse-10-20-2-1/runs/pp_guided_tl_shortest/warehouse-10-20-10-2-1/warehouse-10-20-10-2-1-random-4_a200_s1_r0,,,"{""agents"": ""200"", ""comp_time"": ""37"", ""first_ms"": ""36.4"", ""makespan"": ""202"", ""makespan_lb"": ""202"", ""map_file"": ""warehouse-10-20-10-2-1.map"", ""pp_demote_rounds"": ""0"", ""pp_failed"": ""0"", ""pp_order"": ""shortest"", ""pp_plan_ms"": ""23.9"", ""pp_plan_soc"": ""15327"", ""pp_tl"": ""0"", ""pp_used"": ""1"", ""seed"": ""1"", ""soc"": ""15327"", ""soc_lb"": ""15048"", ""solved"": ""1"", ""solver"": ""planner"", ""sum_of_loss"": ""15327"", ""sum_of_loss_lb"": ""15048""}"
pp_guided_tl:shortest,PP-guided (shortest first),warehouse-10-20-10-2-1,warehouse-10-20-10-2-1-random-4,200,2,30.0,solved,0.236308,0.038,15327,202,15327,15048,202,1.018541,0,,/home/carsten/Projects/MAPF/MAPF Evaluator/results/pptl-warehouse-10-20-2-1/runs/pp_guided_tl_shortest/warehouse-10-20-10-2-1/warehouse-10-20-10-2-1-random-4_a200_s2_r0,,,"{""agents"": ""200"", ""comp_time"": ""38"", ""first_ms"": ""37.9"", ""makespan"": ""202"", ""makespan_lb"": ""202"", ""map_file"": ""warehouse-10-20-10-2-1.map"", ""pp_demote_rounds"": ""0"", ""pp_failed"": ""0"", ""pp_order"": ""shortest"", ""pp_plan_ms"": ""24.4"", ""pp_plan_soc"": ""15327"", ""pp_tl"": ""0"", ""pp_used"": ""1"", ""seed"": ""2"", ""soc"": ""15327"", ""soc_lb"": ""15048"", ""solved"": ""1"", ""solver"": ""planner"", ""sum_of_loss"": ""15327"", ""sum_of_loss_lb"": ""15048""}"
pp_guided_tl:shortest_tl,PP-guided (shortest first) + traffic load in SIPP,warehouse-10-20-10-2-1,warehouse-10-20-10-2-1-random-4,200,0,30.0,solved,0.216028,0.06,15277,202,15277,15048,202,1.015218,0,,/home/carsten/Projects/MAPF/MAPF Evaluator/results/pptl-warehouse-10-20-2-1/runs/pp_guided_tl_shortest_tl/warehouse-10-20-10-2-1/warehouse-10-20-10-2-1-random-4_a200_s0_r0,,,"{""agents"": ""200"", ""comp_time"": ""60"", ""first_ms"": ""60.8"", ""makespan"": ""202"", ""makespan_lb"": ""202"", ""map_file"": ""warehouse-10-20-10-2-1.map"", ""pp_demote_rounds"": ""0"", ""pp_failed"": ""0"", ""pp_order"": ""shortest"", ""pp_plan_ms"": ""42.2"", ""pp_plan_soc"": ""15277"", ""pp_tl"": ""1"", ""pp_used"": ""1"", ""seed"": ""0"", ""soc"": ""15277"", ""soc_lb"": ""15048"", ""solved"": ""1"", ""solver"": ""planner"", ""sum_of_loss"": ""15277"", ""sum_of_loss_lb"": ""15048""}"
pp_guided_tl:shortest_tl,PP-guided (shortest first) + traffic load in SIPP,warehouse-10-20-10-2-1,warehouse-10-20-10-2-1-random-4,200,2,30.0,solved,0.298796,0.06,15277,202,15277,15048,202,1.015218,0,,/home/carsten/Projects/MAPF/MAPF Evaluator/results/pptl-warehouse-10-20-2-1/runs/pp_guided_tl_shortest_tl/warehouse-10-20-10-2-1/warehouse-10-20-10-2-1-random-4_a200_s2_r0,,,"{""agents"": ""200"", ""comp_time"": ""60"", ""first_ms"": ""59.9"", ""makespan"": ""202"", ""makespan_lb"": ""202"", ""map_file"": ""warehouse-10-20-10-2-1.map"", ""pp_demote_rounds"": ""0"", ""pp_failed"": ""0"", ""pp_order"": ""shortest"", ""pp_plan_ms"": ""41.4"", ""pp_plan_soc"": ""15277"", ""pp_tl"": ""1"", ""pp_used"": ""1"", ""seed"": ""2"", ""soc"": ""15277"", ""soc_lb"": ""15048"", ""solved"": ""1"", ""solver"": ""planner"", ""sum_of_loss"": ""15277"", ""sum_of_loss_lb"": ""15048""}"
pp_guided_tl:shortest_tl,PP-guided (shortest first) + traffic load in SIPP,warehouse-10-20-10-2-1,warehouse-10-20-10-2-1-random-4,200,1,30.0,solved,0.127356,0.061,15277,202,15277,15048,202,1.015218,0,,/home/carsten/Projects/MAPF/MAPF Evaluator/results/pptl-warehouse-10-20-2-1/runs/pp_guided_tl_shortest_tl/warehouse-10-20-10-2-1/warehouse-10-20-10-2-1-random-4_a200_s1_r0,,,"{""agents"": ""200"", ""comp_time"": ""61"", ""first_ms"": ""60.4"", ""makespan"": ""202"", ""makespan_lb"": ""202"", ""map_file"": ""warehouse-10-20-10-2-1.map"", ""pp_demote_rounds"": ""0"", ""pp_failed"": ""0"", ""pp_order"": ""shortest"", ""pp_plan_ms"": ""42.0"", ""pp_plan_soc"": ""15277"", ""pp_tl"": ""1"", ""pp_used"": ""1"", ""seed"": ""1"", ""soc"": ""15277"", ""soc_lb"": ""15048"", ""solved"": ""1"", ""solver"": ""planner"", ""sum_of_loss"": ""15277"", ""sum_of_loss_lb"": ""15048""}"
pp_guided_tl:traffic,PP-guided (traffic-last),warehouse-10-20-10-2-1,warehouse-10-20-10-2-1-random-4,200,1,30.0,solved,0.153348,0.081,19231,207,17493,15048,202,1.277977,0,,/home/carsten/Projects/MAPF/MAPF Evaluator/results/pptl-warehouse-10-20-2-1/runs/pp_guided_tl_traffic/warehouse-10-20-10-2-1/warehouse-10-20-10-2-1-random-4_a200_s1_r0,,,"{""agents"": ""200"", ""comp_time"": ""81"", ""first_ms"": ""81.7"", ""makespan"": ""207"", ""makespan_lb"": ""202"", ""map_file"": ""warehouse-10-20-10-2-1.map"", ""pp_demote_rounds"": ""0"", ""pp_failed"": ""0"", ""pp_order"": ""traffic-last"", ""pp_plan_ms"": ""65.8"", ""pp_plan_soc"": ""19231"", ""pp_tl"": ""0"", ""pp_used"": ""1"", ""seed"": ""1"", ""soc"": ""19231"", ""soc_lb"": ""15048"", ""solved"": ""1"", ""solver"": ""planner"", ""sum_of_loss"": ""17544"", ""sum_of_loss_lb"": ""15048""}"
pp_guided_tl:traffic,PP-guided (traffic-last),warehouse-10-20-10-2-1,warehouse-10-20-10-2-1-random-4,200,0,30.0,solved,0.311133,0.082,19231,207,17493,15048,202,1.277977,0,,/home/carsten/Projects/MAPF/MAPF Evaluator/results/pptl-warehouse-10-20-2-1/runs/pp_guided_tl_traffic/warehouse-10-20-10-2-1/warehouse-10-20-10-2-1-random-4_a200_s0_r0,,,"{""agents"": ""200"", ""comp_time"": ""82"", ""first_ms"": ""81.6"", ""makespan"": ""207"", ""makespan_lb"": ""202"", ""map_file"": ""warehouse-10-20-10-2-1.map"", ""pp_demote_rounds"": ""0"", ""pp_failed"": ""0"", ""pp_order"": ""traffic-last"", ""pp_plan_ms"": ""66.3"", ""pp_plan_soc"": ""19231"", ""pp_tl"": ""0"", ""pp_used"": ""1"", ""seed"": ""0"", ""soc"": ""19231"", ""soc_lb"": ""15048"", ""solved"": ""1"", ""solver"": ""planner"", ""sum_of_loss"": ""17544"", ""sum_of_loss_lb"": ""15048""}"
pp_guided_tl:traffic,PP-guided (traffic-last),warehouse-10-20-10-2-1,warehouse-10-20-10-2-1-random-4,200,2,30.0,solved,0.253439,0.081,19231,207,17493,15048,202,1.277977,0,,/home/carsten/Projects/MAPF/MAPF Evaluator/results/pptl-warehouse-10-20-2-1/runs/pp_guided_tl_traffic/warehouse-10-20-10-2-1/warehouse-10-20-10-2-1-random-4_a200_s2_r0,,,"{""agents"": ""200"", ""comp_time"": ""81"", ""first_ms"": ""81.5"", ""makespan"": ""207"", ""makespan_lb"": ""202"", ""map_file"": ""warehouse-10-20-10-2-1.map"", ""pp_demote_rounds"": ""0"", ""pp_failed"": ""0"", ""pp_order"": ""traffic-last"", ""pp_plan_ms"": ""65.5"", ""pp_plan_soc"": ""19231"", ""pp_tl"": ""0"", ""pp_used"": ""1"", ""seed"": ""2"", ""soc"": ""19231"", ""soc_lb"": ""15048"", ""solved"": ""1"", ""solver"": ""planner"", ""sum_of_loss"": ""17544"", ""sum_of_loss_lb"": ""15048""}"
pp_guided_tl:traffic_tl,PP-guided (traffic-last) + traffic load in SIPP,warehouse-10-20-10-2-1,warehouse-10-20-10-2-1-random-4,200,1,30.0,solved,0.188172,0.111,19089,202,17637,15048,202,1.268541,0,,/home/carsten/Projects/MAPF/MAPF Evaluator/results/pptl-warehouse-10-20-2-1/runs/pp_guided_tl_traffic_tl/warehouse-10-20-10-2-1/warehouse-10-20-10-2-1-random-4_a200_s1_r0,,,"{""agents"": ""200"", ""comp_time"": ""111"", ""first_ms"": ""111.2"", ""makespan"": ""202"", ""makespan_lb"": ""202"", ""map_file"": ""warehouse-10-20-10-2-1.map"", ""pp_demote_rounds"": ""0"", ""pp_failed"": ""0"", ""pp_order"": ""traffic-last"", ""pp_plan_ms"": ""90.0"", ""pp_plan_soc"": ""19089"", ""pp_tl"": ""1"", ""pp_used"": ""1"", ""seed"": ""1"", ""soc"": ""19089"", ""soc_lb"": ""15048"", ""solved"": ""1"", ""solver"": ""planner"", ""sum_of_loss"": ""17673"", ""sum_of_loss_lb"": ""15048""}"
pp_guided_tl:traffic_tl,PP-guided (traffic-last) + traffic load in SIPP,warehouse-10-20-10-2-1,warehouse-10-20-10-2-1-random-4,200,0,30.0,solved,0.273727,0.11,19089,202,17637,15048,202,1.268541,0,,/home/carsten/Projects/MAPF/MAPF Evaluator/results/pptl-warehouse-10-20-2-1/runs/pp_guided_tl_traffic_tl/warehouse-10-20-10-2-1/warehouse-10-20-10-2-1-random-4_a200_s0_r0,,,"{""agents"": ""200"", ""comp_time"": ""110"", ""first_ms"": ""110.2"", ""makespan"": ""202"", ""makespan_lb"": ""202"", ""map_file"": ""warehouse-10-20-10-2-1.map"", ""pp_demote_rounds"": ""0"", ""pp_failed"": ""0"", ""pp_order"": ""traffic-last"", ""pp_plan_ms"": ""88.8"", ""pp_plan_soc"": ""19089"", ""pp_tl"": ""1"", ""pp_used"": ""1"", ""seed"": ""0"", ""soc"": ""19089"", ""soc_lb"": ""15048"", ""solved"": ""1"", ""solver"": ""planner"", ""sum_of_loss"": ""17673"", ""sum_of_loss_lb"": ""15048""}"
pp_guided_tl:shortest,PP-guided (shortest first),warehouse-10-20-10-2-1,warehouse-10-20-10-2-1-random-5,50,0,30.0,solved,0.036375,0.008,4169,175,4169,4160,175,1.002163,0,,/home/carsten/Projects/MAPF/MAPF Evaluator/results/pptl-warehouse-10-20-2-1/runs/pp_guided_tl_shortest/warehouse-10-20-10-2-1/warehouse-10-20-10-2-1-random-5_a50_s0_r0,,,"{""agents"": ""50"", ""comp_time"": ""8"", ""first_ms"": ""8.3"", ""makespan"": ""175"", ""makespan_lb"": ""175"", ""map_file"": ""warehouse-10-20-10-2-1.map"", ""pp_demote_rounds"": ""0"", ""pp_failed"": ""0"", ""pp_order"": ""shortest"", ""pp_plan_ms"": ""5.5"", ""pp_plan_soc"": ""4169"", ""pp_tl"": ""0"", ""pp_used"": ""1"", ""seed"": ""0"", ""soc"": ""4169"", ""soc_lb"": ""4160"", ""solved"": ""1"", ""solver"": ""planner"", ""sum_of_loss"": ""4169"", ""sum_of_loss_lb"": ""4160""}"
pp_guided_tl:traffic_tl,PP-guided (traffic-last) + traffic load in SIPP,warehouse-10-20-10-2-1,warehouse-10-20-10-2-1-random-4,200,2,30.0,solved,0.207135,0.112,19089,202,17637,15048,202,1.268541,0,,/home/carsten/Projects/MAPF/MAPF Evaluator/results/pptl-warehouse-10-20-2-1/runs/pp_guided_tl_traffic_tl/warehouse-10-20-10-2-1/warehouse-10-20-10-2-1-random-4_a200_s2_r0,,,"{""agents"": ""200"", ""comp_time"": ""112"", ""first_ms"": ""111.3"", ""makespan"": ""202"", ""makespan_lb"": ""202"", ""map_file"": ""warehouse-10-20-10-2-1.map"", ""pp_demote_rounds"": ""0"", ""pp_failed"": ""0"", ""pp_order"": ""traffic-last"", ""pp_plan_ms"": ""90.4"", ""pp_plan_soc"": ""19089"", ""pp_tl"": ""1"", ""pp_used"": ""1"", ""seed"": ""2"", ""soc"": ""19089"", ""soc_lb"": ""15048"", ""solved"": ""1"", ""solver"": ""planner"", ""sum_of_loss"": ""17673"", ""sum_of_loss_lb"": ""15048""}"
pp_guided_tl:shortest,PP-guided (shortest first),warehouse-10-20-10-2-1,warehouse-10-20-10-2-1-random-5,50,1,30.0,solved,0.068371,0.007,4169,175,4169,4160,175,1.002163,0,,/home/carsten/Projects/MAPF/MAPF Evaluator/results/pptl-warehouse-10-20-2-1/runs/pp_guided_tl_shortest/warehouse-10-20-10-2-1/warehouse-10-20-10-2-1-random-5_a50_s1_r0,,,"{""agents"": ""50"", ""comp_time"": ""7"", ""first_ms"": ""6.3"", ""makespan"": ""175"", ""makespan_lb"": ""175"", ""map_file"": ""warehouse-10-20-10-2-1.map"", ""pp_demote_rounds"": ""0"", ""pp_failed"": ""0"", ""pp_order"": ""shortest"", ""pp_plan_ms"": ""4.0"", ""pp_plan_soc"": ""4169"", ""pp_tl"": ""0"", ""pp_used"": ""1"", ""seed"": ""1"", ""soc"": ""4169"", ""soc_lb"": ""4160"", ""solved"": ""1"", ""solver"": ""planner"", ""sum_of_loss"": ""4169"", ""sum_of_loss_lb"": ""4160""}"
pp_guided_tl:shortest_tl,PP-guided (shortest first) + traffic load in SIPP,warehouse-10-20-10-2-1,warehouse-10-20-10-2-1-random-5,50,0,30.0,solved,0.060636,0.013,4161,175,4161,4160,175,1.00024,0,,/home/carsten/Projects/MAPF/MAPF Evaluator/results/pptl-warehouse-10-20-2-1/runs/pp_guided_tl_shortest_tl/warehouse-10-20-10-2-1/warehouse-10-20-10-2-1-random-5_a50_s0_r0,,,"{""agents"": ""50"", ""comp_time"": ""13"", ""first_ms"": ""13.2"", ""makespan"": ""175"", ""makespan_lb"": ""175"", ""map_file"": ""warehouse-10-20-10-2-1.map"", ""pp_demote_rounds"": ""0"", ""pp_failed"": ""0"", ""pp_order"": ""shortest"", ""pp_plan_ms"": ""9.2"", ""pp_plan_soc"": ""4161"", ""pp_tl"": ""1"", ""pp_used"": ""1"", ""seed"": ""0"", ""soc"": ""4161"", ""soc_lb"": ""4160"", ""solved"": ""1"", ""solver"": ""planner"", ""sum_of_loss"": ""4161"", ""sum_of_loss_lb"": ""4160""}"
pp_guided_tl:shortest,PP-guided (shortest first),warehouse-10-20-10-2-1,warehouse-10-20-10-2-1-random-5,50,2,30.0,solved,0.047983,0.006,4169,175,4169,4160,175,1.002163,0,,/home/carsten/Projects/MAPF/MAPF Evaluator/results/pptl-warehouse-10-20-2-1/runs/pp_guided_tl_shortest/warehouse-10-20-10-2-1/warehouse-10-20-10-2-1-random-5_a50_s2_r0,,,"{""agents"": ""50"", ""comp_time"": ""6"", ""first_ms"": ""6.2"", ""makespan"": ""175"", ""makespan_lb"": ""175"", ""map_file"": ""warehouse-10-20-10-2-1.map"", ""pp_demote_rounds"": ""0"", ""pp_failed"": ""0"", ""pp_order"": ""shortest"", ""pp_plan_ms"": ""3.9"", ""pp_plan_soc"": ""4169"", ""pp_tl"": ""0"", ""pp_used"": ""1"", ""seed"": ""2"", ""soc"": ""4169"", ""soc_lb"": ""4160"", ""solved"": ""1"", ""solver"": ""planner"", ""sum_of_loss"": ""4169"", ""sum_of_loss_lb"": ""4160""}"
pp_guided_tl:shortest_tl,PP-guided (shortest first) + traffic load in SIPP,warehouse-10-20-10-2-1,warehouse-10-20-10-2-1-random-5,50,2,30.0,solved,0.080478,0.013,4161,175,4161,4160,175,1.00024,0,,/home/carsten/Projects/MAPF/MAPF Evaluator/results/pptl-warehouse-10-20-2-1/runs/pp_guided_tl_shortest_tl/warehouse-10-20-10-2-1/warehouse-10-20-10-2-1-random-5_a50_s2_r0,,,"{""agents"": ""50"", ""comp_time"": ""13"", ""first_ms"": ""13.2"", ""makespan"": ""175"", ""makespan_lb"": ""175"", ""map_file"": ""warehouse-10-20-10-2-1.map"", ""pp_demote_rounds"": ""0"", ""pp_failed"": ""0"", ""pp_order"": ""shortest"", ""pp_plan_ms"": ""9.0"", ""pp_plan_soc"": ""4161"", ""pp_tl"": ""1"", ""pp_used"": ""1"", ""seed"": ""2"", ""soc"": ""4161"", ""soc_lb"": ""4160"", ""solved"": ""1"", ""solver"": ""planner"", ""sum_of_loss"": ""4161"", ""sum_of_loss_lb"": ""4160""}"
pp_guided_tl:shortest_tl,PP-guided (shortest first) + traffic load in SIPP,warehouse-10-20-10-2-1,warehouse-10-20-10-2-1-random-5,50,1,30.0,solved,0.110704,0.013,4161,175,4161,4160,175,1.00024,0,,/home/carsten/Projects/MAPF/MAPF Evaluator/results/pptl-warehouse-10-20-2-1/runs/pp_guided_tl_shortest_tl/warehouse-10-20-10-2-1/warehouse-10-20-10-2-1-random-5_a50_s1_r0,,,"{""agents"": ""50"", ""comp_time"": ""13"", ""first_ms"": ""13.2"", ""makespan"": ""175"", ""makespan_lb"": ""175"", ""map_file"": ""warehouse-10-20-10-2-1.map"", ""pp_demote_rounds"": ""0"", ""pp_failed"": ""0"", ""pp_order"": ""shortest"", ""pp_plan_ms"": ""9.2"", ""pp_plan_soc"": ""4161"", ""pp_tl"": ""1"", ""pp_used"": ""1"", ""seed"": ""1"", ""soc"": ""4161"", ""soc_lb"": ""4160"", ""solved"": ""1"", ""solver"": ""planner"", ""sum_of_loss"": ""4161"", ""sum_of_loss_lb"": ""4160""}"
pp_guided_tl:traffic,PP-guided (traffic-last),warehouse-10-20-10-2-1,warehouse-10-20-10-2-1-random-5,50,0,30.0,solved,0.050606,0.011,4753,175,4386,4160,175,1.142548,0,,/home/carsten/Projects/MAPF/MAPF Evaluator/results/pptl-warehouse-10-20-2-1/runs/pp_guided_tl_traffic/warehouse-10-20-10-2-1/warehouse-10-20-10-2-1-random-5_a50_s0_r0,,,"{""agents"": ""50"", ""comp_time"": ""11"", ""first_ms"": ""10.2"", ""makespan"": ""175"", ""makespan_lb"": ""175"", ""map_file"": ""warehouse-10-20-10-2-1.map"", ""pp_demote_rounds"": ""0"", ""pp_failed"": ""0"", ""pp_order"": ""traffic-last"", ""pp_plan_ms"": ""7.4"", ""pp_plan_soc"": ""4753"", ""pp_tl"": ""0"", ""pp_used"": ""1"", ""seed"": ""0"", ""soc"": ""4753"", ""soc_lb"": ""4160"", ""solved"": ""1"", ""solver"": ""planner"", ""sum_of_loss"": ""4395"", ""sum_of_loss_lb"": ""4160""}"
pp_guided_tl:traffic,PP-guided (traffic-last),warehouse-10-20-10-2-1,warehouse-10-20-10-2-1-random-5,50,1,30.0,solved,0.071288,0.011,4753,175,4386,4160,175,1.142548,0,,/home/carsten/Projects/MAPF/MAPF Evaluator/results/pptl-warehouse-10-20-2-1/runs/pp_guided_tl_traffic/warehouse-10-20-10-2-1/warehouse-10-20-10-2-1-random-5_a50_s1_r0,,,"{""agents"": ""50"", ""comp_time"": ""11"", ""first_ms"": ""11.3"", ""makespan"": ""175"", ""makespan_lb"": ""175"", ""map_file"": ""warehouse-10-20-10-2-1.map"", ""pp_demote_rounds"": ""0"", ""pp_failed"": ""0"", ""pp_order"": ""traffic-last"", ""pp_plan_ms"": ""7.6"", ""pp_plan_soc"": ""4753"", ""pp_tl"": ""0"", ""pp_used"": ""1"", ""seed"": ""1"", ""soc"": ""4753"", ""soc_lb"": ""4160"", ""solved"": ""1"", ""solver"": ""planner"", ""sum_of_loss"": ""4395"", ""sum_of_loss_lb"": ""4160""}"
pp_guided_tl:traffic_tl,PP-guided (traffic-last) + traffic load in SIPP,warehouse-10-20-10-2-1,warehouse-10-20-10-2-1-random-5,50,0,30.0,solved,0.112045,0.018,4671,175,4303,4160,175,1.122837,0,,/home/carsten/Projects/MAPF/MAPF Evaluator/results/pptl-warehouse-10-20-2-1/runs/pp_guided_tl_traffic_tl/warehouse-10-20-10-2-1/warehouse-10-20-10-2-1-random-5_a50_s0_r0,,,"{""agents"": ""50"", ""comp_time"": ""18"", ""first_ms"": ""17.2"", ""makespan"": ""175"", ""makespan_lb"": ""175"", ""map_file"": ""warehouse-10-20-10-2-1.map"", ""pp_demote_rounds"": ""0"", ""pp_failed"": ""0"", ""pp_order"": ""traffic-last"", ""pp_plan_ms"": ""12.7"", ""pp_plan_soc"": ""4671"", ""pp_tl"": ""1"", ""pp_used"": ""1"", ""seed"": ""0"", ""soc"": ""4671"", ""soc_lb"": ""4160"", ""solved"": ""1"", ""solver"": ""planner"", ""sum_of_loss"": ""4309"", ""sum_of_loss_lb"": ""4160""}"
pp_guided_tl:traffic_tl,PP-guided (traffic-last) + traffic load in SIPP,warehouse-10-20-10-2-1,warehouse-10-20-10-2-1-random-5,50,1,30.0,solved,0.042251,0.018,4671,175,4303,4160,175,1.122837,0,,/home/carsten/Projects/MAPF/MAPF Evaluator/results/pptl-warehouse-10-20-2-1/runs/pp_guided_tl_traffic_tl/warehouse-10-20-10-2-1/warehouse-10-20-10-2-1-random-5_a50_s1_r0,,,"{""agents"": ""50"", ""comp_time"": ""18"", ""first_ms"": ""18.2"", ""makespan"": ""175"", ""makespan_lb"": ""175"", ""map_file"": ""warehouse-10-20-10-2-1.map"", ""pp_demote_rounds"": ""0"", ""pp_failed"": ""0"", ""pp_order"": ""traffic-last"", ""pp_plan_ms"": ""13.2"", ""pp_plan_soc"": ""4671"", ""pp_tl"": ""1"", ""pp_used"": ""1"", ""seed"": ""1"", ""soc"": ""4671"", ""soc_lb"": ""4160"", ""solved"": ""1"", ""solver"": ""planner"", ""sum_of_loss"": ""4309"", ""sum_of_loss_lb"": ""4160""}"
pp_guided_tl:traffic,PP-guided (traffic-last),warehouse-10-20-10-2-1,warehouse-10-20-10-2-1-random-5,50,2,30.0,solved,0.062208,0.011,4753,175,4386,4160,175,1.142548,0,,/home/carsten/Projects/MAPF/MAPF Evaluator/results/pptl-warehouse-10-20-2-1/runs/pp_guided_tl_traffic/warehouse-10-20-10-2-1/warehouse-10-20-10-2-1-random-5_a50_s2_r0,,,"{""agents"": ""50"", ""comp_time"": ""11"", ""first_ms"": ""11.6"", ""makespan"": ""175"", ""makespan_lb"": ""175"", ""map_file"": ""warehouse-10-20-10-2-1.map"", ""pp_demote_rounds"": ""0"", ""pp_failed"": ""0"", ""pp_order"": ""traffic-last"", ""pp_plan_ms"": ""7.6"", ""pp_plan_soc"": ""4753"", ""pp_tl"": ""0"", ""pp_used"": ""1"", ""seed"": ""2"", ""soc"": ""4753"", ""soc_lb"": ""4160"", ""solved"": ""1"", ""solver"": ""planner"", ""sum_of_loss"": ""4395"", ""sum_of_loss_lb"": ""4160""}"
pp_guided_tl:traffic_tl,PP-guided (traffic-last) + traffic load in SIPP,warehouse-10-20-10-2-1,warehouse-10-20-10-2-1-random-5,50,2,30.0,solved,0.203659,0.018,4671,175,4303,4160,175,1.122837,0,,/home/carsten/Projects/MAPF/MAPF Evaluator/results/pptl-warehouse-10-20-2-1/runs/pp_guided_tl_traffic_tl/warehouse-10-20-10-2-1/warehouse-10-20-10-2-1-random-5_a50_s2_r0,,,"{""agents"": ""50"", ""comp_time"": ""18"", ""first_ms"": ""17.2"", ""makespan"": ""175"", ""makespan_lb"": ""175"", ""map_file"": ""warehouse-10-20-10-2-1.map"", ""pp_demote_rounds"": ""0"", ""pp_failed"": ""0"", ""pp_order"": ""traffic-last"", ""pp_plan_ms"": ""12.9"", ""pp_plan_soc"": ""4671"", ""pp_tl"": ""1"", ""pp_used"": ""1"", ""seed"": ""2"", ""soc"": ""4671"", ""soc_lb"": ""4160"", ""solved"": ""1"", ""solver"": ""planner"", ""sum_of_loss"": ""4309"", ""sum_of_loss_lb"": ""4160""}"
pp_guided_tl:shortest,PP-guided (shortest first),warehouse-10-20-10-2-1,warehouse-10-20-10-2-1-random-5,100,0,30.0,solved,0.070022,0.016,8596,175,8596,8536,175,1.007029,0,,/home/carsten/Projects/MAPF/MAPF Evaluator/results/pptl-warehouse-10-20-2-1/runs/pp_guided_tl_shortest/warehouse-10-20-10-2-1/warehouse-10-20-10-2-1-random-5_a100_s0_r0,,,"{""agents"": ""100"", ""comp_time"": ""16"", ""first_ms"": ""15.5"", ""makespan"": ""175"", ""makespan_lb"": ""175"", ""map_file"": ""warehouse-10-20-10-2-1.map"", ""pp_demote_rounds"": ""0"", ""pp_failed"": ""0"", ""pp_order"": ""shortest"", ""pp_plan_ms"": ""10.1"", ""pp_plan_soc"": ""8596"", ""pp_tl"": ""0"", ""pp_used"": ""1"", ""seed"": ""0"", ""soc"": ""8596"", ""soc_lb"": ""8536"", ""solved"": ""1"", ""solver"": ""planner"", ""sum_of_loss"": ""8596"", ""sum_of_loss_lb"": ""8536""}"
pp_guided_tl:shortest,PP-guided (shortest first),warehouse-10-20-10-2-1,warehouse-10-20-10-2-1-random-5,100,1,30.0,solved,0.080354,0.015,8596,175,8596,8536,175,1.007029,0,,/home/carsten/Projects/MAPF/MAPF Evaluator/results/pptl-warehouse-10-20-2-1/runs/pp_guided_tl_shortest/warehouse-10-20-10-2-1/warehouse-10-20-10-2-1-random-5_a100_s1_r0,,,"{""agents"": ""100"", ""comp_time"": ""15"", ""first_ms"": ""15.5"", ""makespan"": ""175"", ""makespan_lb"": ""175"", ""map_file"": ""warehouse-10-20-10-2-1.map"", ""pp_demote_rounds"": ""0"", ""pp_failed"": ""0"", ""pp_order"": ""shortest"", ""pp_plan_ms"": ""10.0"", ""pp_plan_soc"": ""8596"", ""pp_tl"": ""0"", ""pp_used"": ""1"", ""seed"": ""1"", ""soc"": ""8596"", ""soc_lb"": ""8536"", ""solved"": ""1"", ""solver"": ""planner"", ""sum_of_loss"": ""8596"", ""sum_of_loss_lb"": ""8536""}"
pp_guided_tl:shortest,PP-guided (shortest first),warehouse-10-20-10-2-1,warehouse-10-20-10-2-1-random-5,100,2,30.0,solved,0.157853,0.016,8596,175,8596,8536,175,1.007029,0,,/home/carsten/Projects/MAPF/MAPF Evaluator/results/pptl-warehouse-10-20-2-1/runs/pp_guided_tl_shortest/warehouse-10-20-10-2-1/warehouse-10-20-10-2-1-random-5_a100_s2_r0,,,"{""agents"": ""100"", ""comp_time"": ""16"", ""first_ms"": ""15.4"", ""makespan"": ""175"", ""makespan_lb"": ""175"", ""map_file"": ""warehouse-10-20-10-2-1.map"", ""pp_demote_rounds"": ""0"", ""pp_failed"": ""0"", ""pp_order"": ""shortest"", ""pp_plan_ms"": ""10.2"", ""pp_plan_soc"": ""8596"", ""pp_tl"": ""0"", ""pp_used"": ""1"", ""seed"": ""2"", ""soc"": ""8596"", ""soc_lb"": ""8536"", ""solved"": ""1"", ""solver"": ""planner"", ""sum_of_loss"": ""8596"", ""sum_of_loss_lb"": ""8536""}"
pp_guided_tl:shortest_tl,PP-guided (shortest first) + traffic load in SIPP,warehouse-10-20-10-2-1,warehouse-10-20-10-2-1-random-5,100,0,30.0,solved,0.105976,0.032,8597,175,8597,8536,175,1.007146,0,,/home/carsten/Projects/MAPF/MAPF Evaluator/results/pptl-warehouse-10-20-2-1/runs/pp_guided_tl_shortest_tl/warehouse-10-20-10-2-1/warehouse-10-20-10-2-1-random-5_a100_s0_r0,,,"{""agents"": ""100"", ""comp_time"": ""32"", ""first_ms"": ""32.2"", ""makespan"": ""175"", ""makespan_lb"": ""175"", ""map_file"": ""warehouse-10-20-10-2-1.map"", ""pp_demote_rounds"": ""0"", ""pp_failed"": ""0"", ""pp_order"": ""shortest"", ""pp_plan_ms"": ""23.5"", ""pp_plan_soc"": ""8597"", ""pp_tl"": ""1"", ""pp_used"": ""1"", ""seed"": ""0"", ""soc"": ""8597"", ""soc_lb"": ""8536"", ""solved"": ""1"", ""solver"": ""planner"", ""sum_of_loss"": ""8597"", ""sum_of_loss_lb"": ""8536""}"
pp_guided_tl:shortest_tl,PP-guided (shortest first) + traffic load in SIPP,warehouse-10-20-10-2-1,warehouse-10-20-10-2-1-random-5,100,1,30.0,solved,0.130222,0.032,8597,175,8597,8536,175,1.007146,0,,/home/carsten/Projects/MAPF/MAPF Evaluator/results/pptl-warehouse-10-20-2-1/runs/pp_guided_tl_shortest_tl/warehouse-10-20-10-2-1/warehouse-10-20-10-2-1-random-5_a100_s1_r0,,,"{""agents"": ""100"", ""comp_time"": ""32"", ""first_ms"": ""32.3"", ""makespan"": ""175"", ""makespan_lb"": ""175"", ""map_file"": ""warehouse-10-20-10-2-1.map"", ""pp_demote_rounds"": ""0"", ""pp_failed"": ""0"", ""pp_order"": ""shortest"", ""pp_plan_ms"": ""23.3"", ""pp_plan_soc"": ""8597"", ""pp_tl"": ""1"", ""pp_used"": ""1"", ""seed"": ""1"", ""soc"": ""8597"", ""soc_lb"": ""8536"", ""solved"": ""1"", ""solver"": ""planner"", ""sum_of_loss"": ""8597"", ""sum_of_loss_lb"": ""8536""}"
pp_guided_tl:shortest_tl,PP-guided (shortest first) + traffic load in SIPP,warehouse-10-20-10-2-1,warehouse-10-20-10-2-1-random-5,100,2,30.0,solved,0.202918,0.032,8597,175,8597,8536,175,1.007146,0,,/home/carsten/Projects/MAPF/MAPF Evaluator/results/pptl-warehouse-10-20-2-1/runs/pp_guided_tl_shortest_tl/warehouse-10-20-10-2-1/warehouse-10-20-10-2-1-random-5_a100_s2_r0,,,"{""agents"": ""100"", ""comp_time"": ""32"", ""first_ms"": ""32.5"", ""makespan"": ""175"", ""makespan_lb"": ""175"", ""map_file"": ""warehouse-10-20-10-2-1.map"", ""pp_demote_rounds"": ""0"", ""pp_failed"": ""0"", ""pp_order"": ""shortest"", ""pp_plan_ms"": ""23.5"", ""pp_plan_soc"": ""8597"", ""pp_tl"": ""1"", ""pp_used"": ""1"", ""seed"": ""2"", ""soc"": ""8597"", ""soc_lb"": ""8536"", ""solved"": ""1"", ""solver"": ""planner"", ""sum_of_loss"": ""8597"", ""sum_of_loss_lb"": ""8536""}"
pp_guided_tl:traffic,PP-guided (traffic-last),warehouse-10-20-10-2-1,warehouse-10-20-10-2-1-random-5,100,0,30.0,solved,0.154232,0.028,10006,175,9182,8536,175,1.172212,0,,/home/carsten/Projects/MAPF/MAPF Evaluator/results/pptl-warehouse-10-20-2-1/runs/pp_guided_tl_traffic/warehouse-10-20-10-2-1/warehouse-10-20-10-2-1-random-5_a100_s0_r0,,,"{""agents"": ""100"", ""comp_time"": ""28"", ""first_ms"": ""28.3"", ""makespan"": ""175"", ""makespan_lb"": ""175"", ""map_file"": ""warehouse-10-20-10-2-1.map"", ""pp_demote_rounds"": ""0"", ""pp_failed"": ""0"", ""pp_order"": ""traffic-last"", ""pp_plan_ms"": ""21.4"", ""pp_plan_soc"": ""10006"", ""pp_tl"": ""0"", ""pp_used"": ""1"", ""seed"": ""0"", ""soc"": ""10006"", ""soc_lb"": ""8536"", ""solved"": ""1"", ""solver"": ""planner"", ""sum_of_loss"": ""9200"", ""sum_of_loss_lb"": ""8536""}"
pp_guided_tl:traffic,PP-guided (traffic-last),warehouse-10-20-10-2-1,warehouse-10-20-10-2-1-random-5,100,1,30.0,solved,0.111365,0.029,10006,175,9182,8536,175,1.172212,0,,/home/carsten/Projects/MAPF/MAPF Evaluator/results/pptl-warehouse-10-20-2-1/runs/pp_guided_tl_traffic/warehouse-10-20-10-2-1/warehouse-10-20-10-2-1-random-5_a100_s1_r0,,,"{""agents"": ""100"", ""comp_time"": ""29"", ""first_ms"": ""29.4"", ""makespan"": ""175"", ""makespan_lb"": ""175"", ""map_file"": ""warehouse-10-20-10-2-1.map"", ""pp_demote_rounds"": ""0"", ""pp_failed"": ""0"", ""pp_order"": ""traffic-last"", ""pp_plan_ms"": ""22.3"", ""pp_plan_soc"": ""10006"", ""pp_tl"": ""0"", ""pp_used"": ""1"", ""seed"": ""1"", ""soc"": ""10006"", ""soc_lb"": ""8536"", ""solved"": ""1"", ""solver"": ""planner"", ""sum_of_loss"": ""9200"", ""sum_of_loss_lb"": ""8536""}"
pp_guided_tl:traffic,PP-guided (traffic-last),warehouse-10-20-10-2-1,warehouse-10-20-10-2-1-random-5,100,2,30.0,solved,0.118907,0.03,10006,175,9182,8536,175,1.172212,0,,/home/carsten/Projects/MAPF/MAPF Evaluator/results/pptl-warehouse-10-20-2-1/runs/pp_guided_tl_traffic/warehouse-10-20-10-2-1/warehouse-10-20-10-2-1-random-5_a100_s2_r0,,,"{""agents"": ""100"", ""comp_time"": ""30"", ""first_ms"": ""29.5"", ""makespan"": ""175"", ""makespan_lb"": ""175"", ""map_file"": ""warehouse-10-20-10-2-1.map"", ""pp_demote_rounds"": ""0"", ""pp_failed"": ""0"", ""pp_order"": ""traffic-last"", ""pp_plan_ms"": ""22.2"", ""pp_plan_soc"": ""10006"", ""pp_tl"": ""0"", ""pp_used"": ""1"", ""seed"": ""2"", ""soc"": ""10006"", ""soc_lb"": ""8536"", ""solved"": ""1"", ""solver"": ""planner"", ""sum_of_loss"": ""9200"", ""sum_of_loss_lb"": ""8536""}"
pp_guided_tl:traffic_tl,PP-guided (traffic-last) + traffic load in SIPP,warehouse-10-20-10-2-1,warehouse-10-20-10-2-1-random-5,100,0,30.0,solved,0.14688,0.045,9938,175,9241,8536,175,1.164246,0,,/home/carsten/Projects/MAPF/MAPF Evaluator/results/pptl-warehouse-10-20-2-1/runs/pp_guided_tl_traffic_tl/warehouse-10-20-10-2-1/warehouse-10-20-10-2-1-random-5_a100_s0_r0,,,"{""agents"": ""100"", ""comp_time"": ""45"", ""first_ms"": ""44.3"", ""makespan"": ""175"", ""makespan_lb"": ""175"", ""map_file"": ""warehouse-10-20-10-2-1.map"", ""pp_demote_rounds"": ""0"", ""pp_failed"": ""0"", ""pp_order"": ""traffic-last"", ""pp_plan_ms"": ""34.3"", ""pp_plan_soc"": ""9938"", ""pp_tl"": ""1"", ""pp_used"": ""1"", ""seed"": ""0"", ""soc"": ""9938"", ""soc_lb"": ""8536"", ""solved"": ""1"", ""solver"": ""planner"", ""sum_of_loss"": ""9252"", ""sum_of_loss_lb"": ""8536""}"
pp_guided_tl:traffic_tl,PP-guided (traffic-last) + traffic load in SIPP,warehouse-10-20-10-2-1,warehouse-10-20-10-2-1-random-5,100,1,30.0,solved,0.134006,0.045,9938,175,9241,8536,175,1.164246,0,,/home/carsten/Projects/MAPF/MAPF Evaluator/results/pptl-warehouse-10-20-2-1/runs/pp_guided_tl_traffic_tl/warehouse-10-20-10-2-1/warehouse-10-20-10-2-1-random-5_a100_s1_r0,,,"{""agents"": ""100"", ""comp_time"": ""45"", ""first_ms"": ""45.2"", ""makespan"": ""175"", ""makespan_lb"": ""175"", ""map_file"": ""warehouse-10-20-10-2-1.map"", ""pp_demote_rounds"": ""0"", ""pp_failed"": ""0"", ""pp_order"": ""traffic-last"", ""pp_plan_ms"": ""34.7"", ""pp_plan_soc"": ""9938"", ""pp_tl"": ""1"", ""pp_used"": ""1"", ""seed"": ""1"", ""soc"": ""9938"", ""soc_lb"": ""8536"", ""solved"": ""1"", ""solver"": ""planner"", ""sum_of_loss"": ""9252"", ""sum_of_loss_lb"": ""8536""}"
pp_guided_tl:traffic_tl,PP-guided (traffic-last) + traffic load in SIPP,warehouse-10-20-10-2-1,warehouse-10-20-10-2-1-random-5,100,2,30.0,solved,0.220683,0.045,9938,175,9241,8536,175,1.164246,0,,/home/carsten/Projects/MAPF/MAPF Evaluator/results/pptl-warehouse-10-20-2-1/runs/pp_guided_tl_traffic_tl/warehouse-10-20-10-2-1/warehouse-10-20-10-2-1-random-5_a100_s2_r0,,,"{""agents"": ""100"", ""comp_time"": ""45"", ""first_ms"": ""44.3"", ""makespan"": ""175"", ""makespan_lb"": ""175"", ""map_file"": ""warehouse-10-20-10-2-1.map"", ""pp_demote_rounds"": ""0"", ""pp_failed"": ""0"", ""pp_order"": ""traffic-last"", ""pp_plan_ms"": ""34.4"", ""pp_plan_soc"": ""9938"", ""pp_tl"": ""1"", ""pp_used"": ""1"", ""seed"": ""2"", ""soc"": ""9938"", ""soc_lb"": ""8536"", ""solved"": ""1"", ""solver"": ""planner"", ""sum_of_loss"": ""9252"", ""sum_of_loss_lb"": ""8536""}"
pp_guided_tl:shortest,PP-guided (shortest first),warehouse-10-20-10-2-1,warehouse-10-20-10-2-1-random-5,150,0,30.0,solved,0.121728,0.027,12342,198,12342,12204,198,1.011308,0,,/home/carsten/Projects/MAPF/MAPF Evaluator/results/pptl-warehouse-10-20-2-1/runs/pp_guided_tl_shortest/warehouse-10-20-10-2-1/warehouse-10-20-10-2-1-random-5_a150_s0_r0,,,"{""agents"": ""150"", ""comp_time"": ""27"", ""first_ms"": ""27.5"", ""makespan"": ""198"", ""makespan_lb"": ""198"", ""map_file"": ""warehouse-10-20-10-2-1.map"", ""pp_demote_rounds"": ""0"", ""pp_failed"": ""0"", ""pp_order"": ""shortest"", ""pp_plan_ms"": ""17.7"", ""pp_plan_soc"": ""12342"", ""pp_tl"": ""0"", ""pp_used"": ""1"", ""seed"": ""0"", ""soc"": ""12342"", ""soc_lb"": ""12204"", ""solved"": ""1"", ""solver"": ""planner"", ""sum_of_loss"": ""12342"", ""sum_of_loss_lb"": ""12204""}"
pp_guided_tl:shortest,PP-guided (shortest first),warehouse-10-20-10-2-1,warehouse-10-20-10-2-1-random-5,150,2,30.0,solved,0.098706,0.027,12342,198,12342,12204,198,1.011308,0,,/home/carsten/Projects/MAPF/MAPF Evaluator/results/pptl-warehouse-10-20-2-1/runs/pp_guided_tl_shortest/warehouse-10-20-10-2-1/warehouse-10-20-10-2-1-random-5_a150_s2_r0,,,"{""agents"": ""150"", ""comp_time"": ""27"", ""first_ms"": ""27.5"", ""makespan"": ""198"", ""makespan_lb"": ""198"", ""map_file"": ""warehouse-10-20-10-2-1.map"", ""pp_demote_rounds"": ""0"", ""pp_failed"": ""0"", ""pp_order"": ""shortest"", ""pp_plan_ms"": ""18.1"", ""pp_plan_soc"": ""12342"", ""pp_tl"": ""0"", ""pp_used"": ""1"", ""seed"": ""2"", ""soc"": ""12342"", ""soc_lb"": ""12204"", ""solved"": ""1"", ""solver"": ""planner"", ""sum_of_loss"": ""12342"", ""sum_of_loss_lb"": ""12204""}"
pp_guided_tl:shortest,PP-guided (shortest first),warehouse-10-20-10-2-1,warehouse-10-20-10-2-1-random-5,150,1,30.0,solved,0.132058,0.028,12342,198,12342,12204,198,1.011308,0,,/home/carsten/Projects/MAPF/MAPF Evaluator/results/pptl-warehouse-10-20-2-1/runs/pp_guided_tl_shortest/warehouse-10-20-10-2-1/warehouse-10-20-10-2-1-random-5_a150_s1_r0,,,"{""agents"": ""150"", ""comp_time"": ""28"", ""first_ms"": ""27.6"", ""makespan"": ""198"", ""makespan_lb"": ""198"", ""map_file"": ""warehouse-10-20-10-2-1.map"", ""pp_demote_rounds"": ""0"", ""pp_failed"": ""0"", ""pp_order"": ""shortest"", ""pp_plan_ms"": ""18.2"", ""pp_plan_soc"": ""12342"", ""pp_tl"": ""0"", ""pp_used"": ""1"", ""seed"": ""1"", ""soc"": ""12342"", ""soc_lb"": ""12204"", ""solved"": ""1"", ""solver"": ""planner"", ""sum_of_loss"": ""12342"", ""sum_of_loss_lb"": ""12204""}"
pp_guided_tl:shortest_tl,PP-guided (shortest first) + traffic load in SIPP,warehouse-10-20-10-2-1,warehouse-10-20-10-2-1-random-5,150,0,30.0,solved,0.223283,0.049,12338,198,12338,12204,198,1.01098,0,,/home/carsten/Projects/MAPF/MAPF Evaluator/results/pptl-warehouse-10-20-2-1/runs/pp_guided_tl_shortest_tl/warehouse-10-20-10-2-1/warehouse-10-20-10-2-1-random-5_a150_s0_r0,,,"{""agents"": ""150"", ""comp_time"": ""49"", ""first_ms"": ""48.4"", ""makespan"": ""198"", ""makespan_lb"": ""198"", ""map_file"": ""warehouse-10-20-10-2-1.map"", ""pp_demote_rounds"": ""0"", ""pp_failed"": ""0"", ""pp_order"": ""shortest"", ""pp_plan_ms"": ""35.0"", ""pp_plan_soc"": ""12338"", ""pp_tl"": ""1"", ""pp_used"": ""1"", ""seed"": ""0"", ""soc"": ""12338"", ""soc_lb"": ""12204"", ""solved"": ""1"", ""solver"": ""planner"", ""sum_of_loss"": ""12338"", ""sum_of_loss_lb"": ""12204""}"
pp_guided_tl:shortest_tl,PP-guided (shortest first) + traffic load in SIPP,warehouse-10-20-10-2-1,warehouse-10-20-10-2-1-random-5,150,1,30.0,solved,0.190696,0.049,12338,198,12338,12204,198,1.01098,0,,/home/carsten/Projects/MAPF/MAPF Evaluator/results/pptl-warehouse-10-20-2-1/runs/pp_guided_tl_shortest_tl/warehouse-10-20-10-2-1/warehouse-10-20-10-2-1-random-5_a150_s1_r0,,,"{""agents"": ""150"", ""comp_time"": ""49"", ""first_ms"": ""49.2"", ""makespan"": ""198"", ""makespan_lb"": ""198"", ""map_file"": ""warehouse-10-20-10-2-1.map"", ""pp_demote_rounds"": ""0"", ""pp_failed"": ""0"", ""pp_order"": ""shortest"", ""pp_plan_ms"": ""35.0"", ""pp_plan_soc"": ""12338"", ""pp_tl"": ""1"", ""pp_used"": ""1"", ""seed"": ""1"", ""soc"": ""12338"", ""soc_lb"": ""12204"", ""solved"": ""1"", ""solver"": ""planner"", ""sum_of_loss"": ""12338"", ""sum_of_loss_lb"": ""12204""}"
pp_guided_tl:shortest_tl,PP-guided (shortest first) + traffic load in SIPP,warehouse-10-20-10-2-1,warehouse-10-20-10-2-1-random-5,150,2,30.0,solved,0.243486,0.048,12338,198,12338,12204,198,1.01098,0,,/home/carsten/Projects/MAPF/MAPF Evaluator/results/pptl-warehouse-10-20-2-1/runs/pp_guided_tl_shortest_tl/warehouse-10-20-10-2-1/warehouse-10-20-10-2-1-random-5_a150_s2_r0,,,"{""agents"": ""150"", ""comp_time"": ""48"", ""first_ms"": ""48.3"", ""makespan"": ""198"", ""makespan_lb"": ""198"", ""map_file"": ""warehouse-10-20-10-2-1.map"", ""pp_demote_rounds"": ""0"", ""pp_failed"": ""0"", ""pp_order"": ""shortest"", ""pp_plan_ms"": ""34.5"", ""pp_plan_soc"": ""12338"", ""pp_tl"": ""1"", ""pp_used"": ""1"", ""seed"": ""2"", ""soc"": ""12338"", ""soc_lb"": ""12204"", ""solved"": ""1"", ""solver"": ""planner"", ""sum_of_loss"": ""12338"", ""sum_of_loss_lb"": ""12204""}"
pp_guided_tl:traffic,PP-guided (traffic-last),warehouse-10-20-10-2-1,warehouse-10-20-10-2-1-random-5,150,1,30.0,solved,0.127403,0.063,14894,198,13775,12204,198,1.22042,0,,/home/carsten/Projects/MAPF/MAPF Evaluator/results/pptl-warehouse-10-20-2-1/runs/pp_guided_tl_traffic/warehouse-10-20-10-2-1/warehouse-10-20-10-2-1-random-5_a150_s1_r0,,,"{""agents"": ""150"", ""comp_time"": ""63"", ""first_ms"": ""62.8"", ""makespan"": ""198"", ""makespan_lb"": ""198"", ""map_file"": ""warehouse-10-20-10-2-1.map"", ""pp_demote_rounds"": ""0"", ""pp_failed"": ""0"", ""pp_order"": ""traffic-last"", ""pp_plan_ms"": ""51.3"", ""pp_plan_soc"": ""14894"", ""pp_tl"": ""0"", ""pp_used"": ""1"", ""seed"": ""1"", ""soc"": ""14894"", ""soc_lb"": ""12204"", ""solved"": ""1"", ""solver"": ""planner"", ""sum_of_loss"": ""13810"", ""sum_of_loss_lb"": ""12204""}"
pp_guided_tl:traffic,PP-guided (traffic-last),warehouse-10-20-10-2-1,warehouse-10-20-10-2-1-random-5,150,0,30.0,solved,0.134339,0.062,14894,198,13775,12204,198,1.22042,0,,/home/carsten/Projects/MAPF/MAPF Evaluator/results/pptl-warehouse-10-20-2-1/runs/pp_guided_tl_traffic/warehouse-10-20-10-2-1/warehouse-10-20-10-2-1-random-5_a150_s0_r0,,,"{""agents"": ""150"", ""comp_time"": ""62"", ""first_ms"": ""61.8"", ""makespan"": ""198"", ""makespan_lb"": ""198"", ""map_file"": ""warehouse-10-20-10-2-1.map"", ""pp_demote_rounds"": ""0"", ""pp_failed"": ""0"", ""pp_order"": ""traffic-last"", ""pp_plan_ms"": ""50.2"", ""pp_plan_soc"": ""14894"", ""pp_tl"": ""0"", ""pp_used"": ""1"", ""seed"": ""0"", ""soc"": ""14894"", ""soc_lb"": ""12204"", ""solved"": ""1"", ""solver"": ""planner"", ""sum_of_loss"": ""13810"", ""sum_of_loss_lb"": ""12204""}"
pp_guided_tl:traffic,PP-guided (traffic-last),warehouse-10-20-10-2-1,warehouse-10-20-10-2-1-random-5,150,2,30.0,solved,0.147282,0.062,14894,198,13775,12204,198,1.22042,0,,/home/carsten/Projects/MAPF/MAPF Evaluator/results/pptl-warehouse-10-20-2-1/runs/pp_guided_tl_traffic/warehouse-10-20-10-2-1/warehouse-10-20-10-2-1-random-5_a150_s2_r0,,,"{""agents"": ""150"", ""comp_time"": ""62"", ""first_ms"": ""61.4"", ""makespan"": ""198"", ""makespan_lb"": ""198"", ""map_file"": ""warehouse-10-20-10-2-1.map"", ""pp_demote_rounds"": ""0"", ""pp_failed"": ""0"", ""pp_order"": ""traffic-last"", ""pp_plan_ms"": ""50.6"", ""pp_plan_soc"": ""14894"", ""pp_tl"": ""0"", ""pp_used"": ""1"", ""seed"": ""2"", ""soc"": ""14894"", ""soc_lb"": ""12204"", ""solved"": ""1"", ""solver"": ""planner"", ""sum_of_loss"": ""13810"", ""sum_of_loss_lb"": ""12204""}"
pp_guided_tl:traffic_tl,PP-guided (traffic-last) + traffic load in SIPP,warehouse-10-20-10-2-1,warehouse-10-20-10-2-1-random-5,150,1,30.0,solved,0.174091,0.078,14869,198,13493,12204,198,1.218371,0,,/home/carsten/Projects/MAPF/MAPF Evaluator/results/pptl-warehouse-10-20-2-1/runs/pp_guided_tl_traffic_tl/warehouse-10-20-10-2-1/warehouse-10-20-10-2-1-random-5_a150_s1_r0,,,"{""agents"": ""150"", ""comp_time"": ""78"", ""first_ms"": ""78.1"", ""makespan"": ""198"", ""makespan_lb"": ""198"", ""map_file"": ""warehouse-10-20-10-2-1.map"", ""pp_demote_rounds"": ""0"", ""pp_failed"": ""0"", ""pp_order"": ""traffic-last"", ""pp_plan_ms"": ""62.2"", ""pp_plan_soc"": ""14869"", ""pp_tl"": ""1"", ""pp_used"": ""1"", ""seed"": ""1"", ""soc"": ""14869"", ""soc_lb"": ""12204"", ""solved"": ""1"", ""solver"": ""planner"", ""sum_of_loss"": ""13520"", ""sum_of_loss_lb"": ""12204""}"
pp_guided_tl:traffic_tl,PP-guided (traffic-last) + traffic load in SIPP,warehouse-10-20-10-2-1,warehouse-10-20-10-2-1-random-5,150,0,30.0,solved,0.219783,0.081,14869,198,13493,12204,198,1.218371,0,,/home/carsten/Projects/MAPF/MAPF Evaluator/results/pptl-warehouse-10-20-2-1/runs/pp_guided_tl_traffic_tl/warehouse-10-20-10-2-1/warehouse-10-20-10-2-1-random-5_a150_s0_r0,,,"{""agents"": ""150"", ""comp_time"": ""81"", ""first_ms"": ""80.4"", ""makespan"": ""198"", ""makespan_lb"": ""198"", ""map_file"": ""warehouse-10-20-10-2-1.map"", ""pp_demote_rounds"": ""0"", ""pp_failed"": ""0"", ""pp_order"": ""traffic-last"", ""pp_plan_ms"": ""64.3"", ""pp_plan_soc"": ""14869"", ""pp_tl"": ""1"", ""pp_used"": ""1"", ""seed"": ""0"", ""soc"": ""14869"", ""soc_lb"": ""12204"", ""solved"": ""1"", ""solver"": ""planner"", ""sum_of_loss"": ""13520"", ""sum_of_loss_lb"": ""12204""}"
pp_guided_tl:shortest,PP-guided (shortest first),warehouse-10-20-10-2-1,warehouse-10-20-10-2-1-random-5,200,0,30.0,solved,0.108138,0.039,16330,198,16330,16004,198,1.02037,0,,/home/carsten/Projects/MAPF/MAPF Evaluator/results/pptl-warehouse-10-20-2-1/runs/pp_guided_tl_shortest/warehouse-10-20-10-2-1/warehouse-10-20-10-2-1-random-5_a200_s0_r0,,,"{""agents"": ""200"", ""comp_time"": ""39"", ""first_ms"": ""39.1"", ""makespan"": ""198"", ""makespan_lb"": ""198"", ""map_file"": ""warehouse-10-20-10-2-1.map"", ""pp_demote_rounds"": ""0"", ""pp_failed"": ""0"", ""pp_order"": ""shortest"", ""pp_plan_ms"": ""26.8"", ""pp_plan_soc"": ""16330"", ""pp_tl"": ""0"", ""pp_used"": ""1"", ""seed"": ""0"", ""soc"": ""16330"", ""soc_lb"": ""16004"", ""solved"": ""1"", ""solver"": ""planner"", ""sum_of_loss"": ""16330"", ""sum_of_loss_lb"": ""16004""}"
pp_guided_tl:traffic_tl,PP-guided (traffic-last) + traffic load in SIPP,warehouse-10-20-10-2-1,warehouse-10-20-10-2-1-random-5,150,2,30.0,solved,0.179469,0.077,14869,198,13493,12204,198,1.218371,0,,/home/carsten/Projects/MAPF/MAPF Evaluator/results/pptl-warehouse-10-20-2-1/runs/pp_guided_tl_traffic_tl/warehouse-10-20-10-2-1/warehouse-10-20-10-2-1-random-5_a150_s2_r0,,,"{""agents"": ""150"", ""comp_time"": ""77"", ""first_ms"": ""77.2"", ""makespan"": ""198"", ""makespan_lb"": ""198"", ""map_file"": ""warehouse-10-20-10-2-1.map"", ""pp_demote_rounds"": ""0"", ""pp_failed"": ""0"", ""pp_order"": ""traffic-last"", ""pp_plan_ms"": ""61.4"", ""pp_plan_soc"": ""14869"", ""pp_tl"": ""1"", ""pp_used"": ""1"", ""seed"": ""2"", ""soc"": ""14869"", ""soc_lb"": ""12204"", ""solved"": ""1"", ""solver"": ""planner"", ""sum_of_loss"": ""13520"", ""sum_of_loss_lb"": ""12204""}"
pp_guided_tl:shortest,PP-guided (shortest first),warehouse-10-20-10-2-1,warehouse-10-20-10-2-1-random-5,200,1,30.0,solved,0.10363,0.042,16330,198,16330,16004,198,1.02037,0,,/home/carsten/Projects/MAPF/MAPF Evaluator/results/pptl-warehouse-10-20-2-1/runs/pp_guided_tl_shortest/warehouse-10-20-10-2-1/warehouse-10-20-10-2-1-random-5_a200_s1_r0,,,"{""agents"": ""200"", ""comp_time"": ""42"", ""first_ms"": ""41.4"", ""makespan"": ""198"", ""makespan_lb"": ""198"", ""map_file"": ""warehouse-10-20-10-2-1.map"", ""pp_demote_rounds"": ""0"", ""pp_failed"": ""0"", ""pp_order"": ""shortest"", ""pp_plan_ms"": ""28.8"", ""pp_plan_soc"": ""16330"", ""pp_tl"": ""0"", ""pp_used"": ""1"", ""seed"": ""1"", ""soc"": ""16330"", ""soc_lb"": ""16004"", ""solved"": ""1"", ""solver"": ""planner"", ""sum_of_loss"": ""16330"", ""sum_of_loss_lb"": ""16004""}"
pp_guided_tl:shortest_tl,PP-guided (shortest first) + traffic load in SIPP,warehouse-10-20-10-2-1,warehouse-10-20-10-2-1-random-5,200,1,30.0,solved,0.139563,0.07,16314,198,16306,16004,198,1.01937,0,,/home/carsten/Projects/MAPF/MAPF Evaluator/results/pptl-warehouse-10-20-2-1/runs/pp_guided_tl_shortest_tl/warehouse-10-20-10-2-1/warehouse-10-20-10-2-1-random-5_a200_s1_r0,,,"{""agents"": ""200"", ""comp_time"": ""70"", ""first_ms"": ""69.8"", ""makespan"": ""198"", ""makespan_lb"": ""198"", ""map_file"": ""warehouse-10-20-10-2-1.map"", ""pp_demote_rounds"": ""0"", ""pp_failed"": ""0"", ""pp_order"": ""shortest"", ""pp_plan_ms"": ""50.3"", ""pp_plan_soc"": ""16314"", ""pp_tl"": ""1"", ""pp_used"": ""1"", ""seed"": ""1"", ""soc"": ""16314"", ""soc_lb"": ""16004"", ""solved"": ""1"", ""solver"": ""planner"", ""sum_of_loss"": ""16307"", ""sum_of_loss_lb"": ""16004""}"
pp_guided_tl:shortest,PP-guided (shortest first),warehouse-10-20-10-2-1,warehouse-10-20-10-2-1-random-5,200,2,30.0,solved,0.109319,0.039,16330,198,16330,16004,198,1.02037,0,,/home/carsten/Projects/MAPF/MAPF Evaluator/results/pptl-warehouse-10-20-2-1/runs/pp_guided_tl_shortest/warehouse-10-20-10-2-1/warehouse-10-20-10-2-1-random-5_a200_s2_r0,,,"{""agents"": ""200"", ""comp_time"": ""39"", ""first_ms"": ""39.0"", ""makespan"": ""198"", ""makespan_lb"": ""198"", ""map_file"": ""warehouse-10-20-10-2-1.map"", ""pp_demote_rounds"": ""0"", ""pp_failed"": ""0"", ""pp_order"": ""shortest"", ""pp_plan_ms"": ""27.2"", ""pp_plan_soc"": ""16330"", ""pp_tl"": ""0"", ""pp_used"": ""1"", ""seed"": ""2"", ""soc"": ""16330"", ""soc_lb"": ""16004"", ""solved"": ""1"", ""solver"": ""planner"", ""sum_of_loss"": ""16330"", ""sum_of_loss_lb"": ""16004""}"
pp_guided_tl:shortest_tl,PP-guided (shortest first) + traffic load in SIPP,warehouse-10-20-10-2-1,warehouse-10-20-10-2-1-random-5,200,0,30.0,solved,0.155458,0.064,16314,198,16306,16004,198,1.01937,0,,/home/carsten/Projects/MAPF/MAPF Evaluator/results/pptl-warehouse-10-20-2-1/runs/pp_guided_tl_shortest_tl/warehouse-10-20-10-2-1/warehouse-10-20-10-2-1-random-5_a200_s0_r0,,,"{""agents"": ""200"", ""comp_time"": ""64"", ""first_ms"": ""64.5"", ""makespan"": ""198"", ""makespan_lb"": ""198"", ""map_file"": ""warehouse-10-20-10-2-1.map"", ""pp_demote_rounds"": ""0"", ""pp_failed"": ""0"", ""pp_order"": ""shortest"", ""pp_plan_ms"": ""45.7"", ""pp_plan_soc"": ""16314"", ""pp_tl"": ""1"", ""pp_used"": ""1"", ""seed"": ""0"", ""soc"": ""16314"", ""soc_lb"": ""16004"", ""solved"": ""1"", ""solver"": ""planner"", ""sum_of_loss"": ""16307"", ""sum_of_loss_lb"": ""16004""}"
pp_guided_tl:shortest_tl,PP-guided (shortest first) + traffic load in SIPP,warehouse-10-20-10-2-1,warehouse-10-20-10-2-1-random-5,200,2,30.0,solved,0.223549,0.065,16314,198,16306,16004,198,1.01937,0,,/home/carsten/Projects/MAPF/MAPF Evaluator/results/pptl-warehouse-10-20-2-1/runs/pp_guided_tl_shortest_tl/warehouse-10-20-10-2-1/warehouse-10-20-10-2-1-random-5_a200_s2_r0,,,"{""agents"": ""200"", ""comp_time"": ""65"", ""first_ms"": ""64.8"", ""makespan"": ""198"", ""makespan_lb"": ""198"", ""map_file"": ""warehouse-10-20-10-2-1.map"", ""pp_demote_rounds"": ""0"", ""pp_failed"": ""0"", ""pp_order"": ""shortest"", ""pp_plan_ms"": ""46.8"", ""pp_plan_soc"": ""16314"", ""pp_tl"": ""1"", ""pp_used"": ""1"", ""seed"": ""2"", ""soc"": ""16314"", ""soc_lb"": ""16004"", ""solved"": ""1"", ""solver"": ""planner"", ""sum_of_loss"": ""16307"", ""sum_of_loss_lb"": ""16004""}"
pp_guided_tl:traffic,PP-guided (traffic-last),warehouse-10-20-10-2-1,warehouse-10-20-10-2-1-random-5,200,1,30.0,solved,0.147388,0.09,20377,198,18349,16004,198,1.273244,0,,/home/carsten/Projects/MAPF/MAPF Evaluator/results/pptl-warehouse-10-20-2-1/runs/pp_guided_tl_traffic/warehouse-10-20-10-2-1/warehouse-10-20-10-2-1-random-5_a200_s1_r0,,,"{""agents"": ""200"", ""comp_time"": ""90"", ""first_ms"": ""89.3"", ""makespan"": ""198"", ""makespan_lb"": ""198"", ""map_file"": ""warehouse-10-20-10-2-1.map"", ""pp_demote_rounds"": ""0"", ""pp_failed"": ""0"", ""pp_order"": ""traffic-last"", ""pp_plan_ms"": ""74.1"", ""pp_plan_soc"": ""20377"", ""pp_tl"": ""0"", ""pp_used"": ""1"", ""seed"": ""1"", ""soc"": ""20377"", ""soc_lb"": ""16004"", ""solved"": ""1"", ""solver"": ""planner"", ""sum_of_loss"": ""18407"", ""sum_of_loss_lb"": ""16004""}"
pp_guided_tl:traffic,PP-guided (traffic-last),warehouse-10-20-10-2-1,warehouse-10-20-10-2-1-random-5,200,0,30.0,solved,0.237898,0.089,20377,198,18349,16004,198,1.273244,0,,/home/carsten/Projects/MAPF/MAPF Evaluator/results/pptl-warehouse-10-20-2-1/runs/pp_guided_tl_traffic/warehouse-10-20-10-2-1/warehouse-10-20-10-2-1-random-5_a200_s0_r0,,,"{""agents"": ""200"", ""comp_time"": ""89"", ""first_ms"": ""89.1"", ""makespan"": ""198"", ""makespan_lb"": ""198"", ""map_file"": ""warehouse-10-20-10-2-1.map"", ""pp_demote_rounds"": ""0"", ""pp_failed"": ""0"", ""pp_order"": ""traffic-last"", ""pp_plan_ms"": ""73.7"", ""pp_plan_soc"": ""20377"", ""pp_tl"": ""0"", ""pp_used"": ""1"", ""seed"": ""0"", ""soc"": ""20377"", ""soc_lb"": ""16004"", ""solved"": ""1"", ""solver"": ""planner"", ""sum_of_loss"": ""18407"", ""sum_of_loss_lb"": ""16004""}"
pp_guided_tl:traffic,PP-guided (traffic-last),warehouse-10-20-10-2-1,warehouse-10-20-10-2-1-random-5,200,2,30.0,solved,0.15012,0.089,20377,198,18349,16004,198,1.273244,0,,/home/carsten/Projects/MAPF/MAPF Evaluator/results/pptl-warehouse-10-20-2-1/runs/pp_guided_tl_traffic/warehouse-10-20-10-2-1/warehouse-10-20-10-2-1-random-5_a200_s2_r0,,,"{""agents"": ""200"", ""comp_time"": ""89"", ""first_ms"": ""89.0"", ""makespan"": ""198"", ""makespan_lb"": ""198"", ""map_file"": ""warehouse-10-20-10-2-1.map"", ""pp_demote_rounds"": ""0"", ""pp_failed"": ""0"", ""pp_order"": ""traffic-last"", ""pp_plan_ms"": ""73.5"", ""pp_plan_soc"": ""20377"", ""pp_tl"": ""0"", ""pp_used"": ""1"", ""seed"": ""2"", ""soc"": ""20377"", ""soc_lb"": ""16004"", ""solved"": ""1"", ""solver"": ""planner"", ""sum_of_loss"": ""18407"", ""sum_of_loss_lb"": ""16004""}"
pp_guided_tl:traffic_tl,PP-guided (traffic-last) + traffic load in SIPP,warehouse-10-20-10-2-1,warehouse-10-20-10-2-1-random-5,200,0,30.0,solved,0.241519,0.109,19944,198,18136,16004,198,1.246188,0,,/home/carsten/Projects/MAPF/MAPF Evaluator/results/pptl-warehouse-10-20-2-1/runs/pp_guided_tl_traffic_tl/warehouse-10-20-10-2-1/warehouse-10-20-10-2-1-random-5_a200_s0_r0,,,"{""agents"": ""200"", ""comp_time"": ""109"", ""first_ms"": ""109.2"", ""makespan"": ""198"", ""makespan_lb"": ""198"", ""map_file"": ""warehouse-10-20-10-2-1.map"", ""pp_demote_rounds"": ""0"", ""pp_failed"": ""0"", ""pp_order"": ""traffic-last"", ""pp_plan_ms"": ""87.9"", ""pp_plan_soc"": ""19944"", ""pp_tl"": ""1"", ""pp_used"": ""1"", ""seed"": ""0"", ""soc"": ""19944"", ""soc_lb"": ""16004"", ""solved"": ""1"", ""solver"": ""planner"", ""sum_of_loss"": ""18176"", ""sum_of_loss_lb"": ""16004""}"
pp_guided_tl:traffic_tl,PP-guided (traffic-last) + traffic load in SIPP,warehouse-10-20-10-2-1,warehouse-10-20-10-2-1-random-5,200,1,30.0,solved,0.193171,0.109,19944,198,18136,16004,198,1.246188,0,,/home/carsten/Projects/MAPF/MAPF Evaluator/results/pptl-warehouse-10-20-2-1/runs/pp_guided_tl_traffic_tl/warehouse-10-20-10-2-1/warehouse-10-20-10-2-1-random-5_a200_s1_r0,,,"{""agents"": ""200"", ""comp_time"": ""109"", ""first_ms"": ""108.1"", ""makespan"": ""198"", ""makespan_lb"": ""198"", ""map_file"": ""warehouse-10-20-10-2-1.map"", ""pp_demote_rounds"": ""0"", ""pp_failed"": ""0"", ""pp_order"": ""traffic-last"", ""pp_plan_ms"": ""87.7"", ""pp_plan_soc"": ""19944"", ""pp_tl"": ""1"", ""pp_used"": ""1"", ""seed"": ""1"", ""soc"": ""19944"", ""soc_lb"": ""16004"", ""solved"": ""1"", ""solver"": ""planner"", ""sum_of_loss"": ""18176"", ""sum_of_loss_lb"": ""16004""}"
pp_guided_tl:traffic_tl,PP-guided (traffic-last) + traffic load in SIPP,warehouse-10-20-10-2-1,warehouse-10-20-10-2-1-random-5,200,2,30.0,solved,0.185682,0.109,19944,198,18136,16004,198,1.246188,0,,/home/carsten/Projects/MAPF/MAPF Evaluator/results/pptl-warehouse-10-20-2-1/runs/pp_guided_tl_traffic_tl/warehouse-10-20-10-2-1/warehouse-10-20-10-2-1-random-5_a200_s2_r0,,,"{""agents"": ""200"", ""comp_time"": ""109"", ""first_ms"": ""109.0"", ""makespan"": ""198"", ""makespan_lb"": ""198"", ""map_file"": ""warehouse-10-20-10-2-1.map"", ""pp_demote_rounds"": ""0"", ""pp_failed"": ""0"", ""pp_order"": ""traffic-last"", ""pp_plan_ms"": ""88.4"", ""pp_plan_soc"": ""19944"", ""pp_tl"": ""1"", ""pp_used"": ""1"", ""seed"": ""2"", ""soc"": ""19944"", ""soc_lb"": ""16004"", ""solved"": ""1"", ""solver"": ""planner"", ""sum_of_loss"": ""18176"", ""sum_of_loss_lb"": ""16004""}"
