solver_id,solver_label,map,scen,agents,seed,timeout,status,wallclock_s,solver_time_s,soc,makespan,sum_of_loss,soc_lb,makespan_lb,soc_ratio,exit_code,error,run_dir,first_soc,first_time_s,solver_stats
pp_guided_tl:shortest,PP-guided (shortest first),maze-32-32-4,maze-32-32-4-random-1,50,0,30.0,solved,0.032985,0.012,2867,178,2821,2350,92,1.22,0,,/home/carsten/Projects/MAPF/MAPF Evaluator/results/pptl-maze-32-4/runs/pp_guided_tl_shortest/maze-32-32-4/maze-32-32-4-random-1_a50_s0_r0,,,"{""agents"": ""50"", ""comp_time"": ""12"", ""first_ms"": ""11.5"", ""makespan"": ""178"", ""makespan_lb"": ""92"", ""map_file"": ""maze-32-32-4.map"", ""pp_demote_rounds"": ""1"", ""pp_failed"": ""0"", ""pp_order"": ""shortest"", ""pp_plan_ms"": ""9.2"", ""pp_plan_soc"": ""2867"", ""pp_tl"": ""0"", ""pp_used"": ""1"", ""seed"": ""0"", ""soc"": ""2867"", ""soc_lb"": ""2350"", ""solved"": ""1"", ""solver"": ""planner"", ""sum_of_loss"": ""2823"", ""sum_of_loss_lb"": ""2350""}"
pp_guided_tl:shortest,PP-guided (shortest first),maze-32-32-4,maze-32-32-4-random-1,50,2,30.0,solved,0.046638,0.012,2867,178,2821,2350,92,1.22,0,,/home/carsten/Projects/MAPF/MAPF Evaluator/results/pptl-maze-32-4/runs/pp_guided_tl_shortest/maze-32-32-4/maze-32-32-4-random-1_a50_s2_r0,,,"{""agents"": ""50"", ""comp_time"": ""12"", ""first_ms"": ""11.5"", ""makespan"": ""178"", ""makespan_lb"": ""92"", ""map_file"": ""maze-32-32-4.map"", ""pp_demote_rounds"": ""1"", ""pp_failed"": ""0"", ""pp_order"": ""shortest"", ""pp_plan_ms"": ""8.9"", ""pp_plan_soc"": ""2867"", ""pp_tl"": ""0"", ""pp_used"": ""1"", ""seed"": ""2"", ""soc"": ""2867"", ""soc_lb"": ""2350"", ""solved"": ""1"", ""solver"": ""planner"", ""sum_of_loss"": ""2823"", ""sum_of_loss_lb"": ""2350""}"
pp_guided_tl:shortest_tl,PP-guided (shortest first) + traffic load in SIPP,maze-32-32-4,maze-32-32-4-random-1,50,0,30.0,solved,0.027382,0.014,2996,177,2939,2350,92,1.274894,0,,/home/carsten/Projects/MAPF/MAPF Evaluator/results/pptl-maze-32-4/runs/pp_guided_tl_shortest_tl/maze-32-32-4/maze-32-32-4-random-1_a50_s0_r0,,,"{""agents"": ""50"", ""comp_time"": ""14"", ""first_ms"": ""13.4"", ""makespan"": ""177"", ""makespan_lb"": ""92"", ""map_file"": ""maze-32-32-4.map"", ""pp_demote_rounds"": ""1"", ""pp_failed"": ""0"", ""pp_order"": ""shortest"", ""pp_plan_ms"": ""11.0"", ""pp_plan_soc"": ""2996"", ""pp_tl"": ""1"", ""pp_used"": ""1"", ""seed"": ""0"", ""soc"": ""2996"", ""soc_lb"": ""2350"", ""solved"": ""1"", ""solver"": ""planner"", ""sum_of_loss"": ""2942"", ""sum_of_loss_lb"": ""2350""}"
pp_guided_tl:shortest,PP-guided (shortest first),maze-32-32-4,maze-32-32-4-random-1,50,1,30.0,solved,0.029976,0.012,2867,178,2821,2350,92,1.22,0,,/home/carsten/Projects/MAPF/MAPF Evaluator/results/pptl-maze-32-4/runs/pp_guided_tl_shortest/maze-32-32-4/maze-32-32-4-random-1_a50_s1_r0,,,"{""agents"": ""50"", ""comp_time"": ""12"", ""first_ms"": ""11.5"", ""makespan"": ""178"", ""makespan_lb"": ""92"", ""map_file"": ""maze-32-32-4.map"", ""pp_demote_rounds"": ""1"", ""pp_failed"": ""0"", ""pp_order"": ""shortest"", ""pp_plan_ms"": ""9.2"", ""pp_plan_soc"": ""2867"", ""pp_tl"": ""0"", ""pp_used"": ""1"", ""seed"": ""1"", ""soc"": ""2867"", ""soc_lb"": ""2350"", ""solved"": ""1"", ""solver"": ""planner"", ""sum_of_loss"": ""2823"", ""sum_of_loss_lb"": ""2350""}"
pp_guided_tl:shortest_tl,PP-guided (shortest first) + traffic load in SIPP,maze-32-32-4,maze-32-32-4-random-1,50,1,30.0,solved,0.061482,0.014,2996,177,2939,2350,92,1.274894,0,,/home/carsten/Projects/MAPF/MAPF Evaluator/results/pptl-maze-32-4/runs/pp_guided_tl_shortest_tl/maze-32-32-4/maze-32-32-4-random-1_a50_s1_r0,,,"{""agents"": ""50"", ""comp_time"": ""14"", ""first_ms"": ""13.3"", ""makespan"": ""177"", ""makespan_lb"": ""92"", ""map_file"": ""maze-32-32-4.map"", ""pp_demote_rounds"": ""1"", ""pp_failed"": ""0"", ""pp_order"": ""shortest"", ""pp_plan_ms"": ""10.9"", ""pp_plan_soc"": ""2996"", ""pp_tl"": ""1"", ""pp_used"": ""1"", ""seed"": ""1"", ""soc"": ""2996"", ""soc_lb"": ""2350"", ""solved"": ""1"", ""solver"": ""planner"", ""sum_of_loss"": ""2942"", ""sum_of_loss_lb"": ""2350""}"
pp_guided_tl:shortest_tl,PP-guided (shortest first) + traffic load in SIPP,maze-32-32-4,maze-32-32-4-random-1,50,2,30.0,solved,0.042921,0.014,2996,177,2939,2350,92,1.274894,0,,/home/carsten/Projects/MAPF/MAPF Evaluator/results/pptl-maze-32-4/runs/pp_guided_tl_shortest_tl/maze-32-32-4/maze-32-32-4-random-1_a50_s2_r0,,,"{""agents"": ""50"", ""comp_time"": ""14"", ""first_ms"": ""13.4"", ""makespan"": ""177"", ""makespan_lb"": ""92"", ""map_file"": ""maze-32-32-4.map"", ""pp_demote_rounds"": ""1"", ""pp_failed"": ""0"", ""pp_order"": ""shortest"", ""pp_plan_ms"": ""10.9"", ""pp_plan_soc"": ""2996"", ""pp_tl"": ""1"", ""pp_used"": ""1"", ""seed"": ""2"", ""soc"": ""2996"", ""soc_lb"": ""2350"", ""solved"": ""1"", ""solver"": ""planner"", ""sum_of_loss"": ""2942"", ""sum_of_loss_lb"": ""2350""}"
pp_guided_tl:traffic,PP-guided (traffic-last),maze-32-32-4,maze-32-32-4-random-1,50,0,30.0,solved,0.025289,0.008,3806,185,2927,2350,92,1.619574,0,,/home/carsten/Projects/MAPF/MAPF Evaluator/results/pptl-maze-32-4/runs/pp_guided_tl_traffic/maze-32-32-4/maze-32-32-4-random-1_a50_s0_r0,,,"{""agents"": ""50"", ""comp_time"": ""8"", ""first_ms"": ""7.4"", ""makespan"": ""185"", ""makespan_lb"": ""92"", ""map_file"": ""maze-32-32-4.map"", ""pp_demote_rounds"": ""0"", ""pp_failed"": ""0"", ""pp_order"": ""traffic-last"", ""pp_plan_ms"": ""5.1"", ""pp_plan_soc"": ""3806"", ""pp_tl"": ""0"", ""pp_used"": ""1"", ""seed"": ""0"", ""soc"": ""3806"", ""soc_lb"": ""2350"", ""solved"": ""1"", ""solver"": ""planner"", ""sum_of_loss"": ""2950"", ""sum_of_loss_lb"": ""2350""}"
pp_guided_tl:traffic,PP-guided (traffic-last),maze-32-32-4,maze-32-32-4-random-1,50,1,30.0,solved,0.031857,0.008,3806,185,2927,2350,92,1.619574,0,,/home/carsten/Projects/MAPF/MAPF Evaluator/results/pptl-maze-32-4/runs/pp_guided_tl_traffic/maze-32-32-4/maze-32-32-4-random-1_a50_s1_r0,,,"{""agents"": ""50"", ""comp_time"": ""8"", ""first_ms"": ""7.5"", ""makespan"": ""185"", ""makespan_lb"": ""92"", ""map_file"": ""maze-32-32-4.map"", ""pp_demote_rounds"": ""0"", ""pp_failed"": ""0"", ""pp_order"": ""traffic-last"", ""pp_plan_ms"": ""5.1"", ""pp_plan_soc"": ""3806"", ""pp_tl"": ""0"", ""pp_used"": ""1"", ""seed"": ""1"", ""soc"": ""3806"", ""soc_lb"": ""2350"", ""solved"": ""1"", ""solver"": ""planner"", ""sum_of_loss"": ""2950"", ""sum_of_loss_lb"": ""2350""}"
pp_guided_tl:traffic_tl,PP-guided (traffic-last) + traffic load in SIPP,maze-32-32-4,maze-32-32-4-random-1,50,1,30.0,solved,0.034169,0.009,3049,161,2821,2350,92,1.297447,0,,/home/carsten/Projects/MAPF/MAPF Evaluator/results/pptl-maze-32-4/runs/pp_guided_tl_traffic_tl/maze-32-32-4/maze-32-32-4-random-1_a50_s1_r0,,,"{""agents"": ""50"", ""comp_time"": ""9"", ""first_ms"": ""9.1"", ""makespan"": ""161"", ""makespan_lb"": ""92"", ""map_file"": ""maze-32-32-4.map"", ""pp_demote_rounds"": ""0"", ""pp_failed"": ""0"", ""pp_order"": ""traffic-last"", ""pp_plan_ms"": ""6.1"", ""pp_plan_soc"": ""3049"", ""pp_tl"": ""1"", ""pp_used"": ""1"", ""seed"": ""1"", ""soc"": ""3049"", ""soc_lb"": ""2350"", ""solved"": ""1"", ""solver"": ""planner"", ""sum_of_loss"": ""2836"", ""sum_of_loss_lb"": ""2350""}"
pp_guided_tl:traffic,PP-guided (traffic-last),maze-32-32-4,maze-32-32-4-random-1,50,2,30.0,solved,0.043999,0.008,3806,185,2927,2350,92,1.619574,0,,/home/carsten/Projects/MAPF/MAPF Evaluator/results/pptl-maze-32-4/runs/pp_guided_tl_traffic/maze-32-32-4/maze-32-32-4-random-1_a50_s2_r0,,,"{""agents"": ""50"", ""comp_time"": ""8"", ""first_ms"": ""7.5"", ""makespan"": ""185"", ""makespan_lb"": ""92"", ""map_file"": ""maze-32-32-4.map"", ""pp_demote_rounds"": ""0"", ""pp_failed"": ""0"", ""pp_order"": ""traffic-last"", ""pp_plan_ms"": ""5.1"", ""pp_plan_soc"": ""3806"", ""pp_tl"": ""0"", ""pp_used"": ""1"", ""seed"": ""2"", ""soc"": ""3806"", ""soc_lb"": ""2350"", ""solved"": ""1"", ""solver"": ""planner"", ""sum_of_loss"": ""2950"", ""sum_of_loss_lb"": ""2350""}"
pp_guided_tl:traffic_tl,PP-guided (traffic-last) + traffic load in SIPP,maze-32-32-4,maze-32-32-4-random-1,50,0,30.0,solved,0.071214,0.009,3049,161,2821,2350,92,1.297447,0,,/home/carsten/Projects/MAPF/MAPF Evaluator/results/pptl-maze-32-4/runs/pp_guided_tl_traffic_tl/maze-32-32-4/maze-32-32-4-random-1_a50_s0_r0,,,"{""agents"": ""50"", ""comp_time"": ""9"", ""first_ms"": ""9.2"", ""makespan"": ""161"", ""makespan_lb"": ""92"", ""map_file"": ""maze-32-32-4.map"", ""pp_demote_rounds"": ""0"", ""pp_failed"": ""0"", ""pp_order"": ""traffic-last"", ""pp_plan_ms"": ""6.1"", ""pp_plan_soc"": ""3049"", ""pp_tl"": ""1"", ""pp_used"": ""1"", ""seed"": ""0"", ""soc"": ""3049"", ""soc_lb"": ""2350"", ""solved"": ""1"", ""solver"": ""planner"", ""sum_of_loss"": ""2836"", ""sum_of_loss_lb"": ""2350""}"
pp_guided_tl:traffic_tl,PP-guided (traffic-last) + traffic load in SIPP,maze-32-32-4,maze-32-32-4-random-1,50,2,30.0,solved,0.092873,0.009,3049,161,2821,2350,92,1.297447,0,,/home/carsten/Projects/MAPF/MAPF Evaluator/results/pptl-maze-32-4/runs/pp_guided_tl_traffic_tl/maze-32-32-4/maze-32-32-4-random-1_a50_s2_r0,,,"{""agents"": ""50"", ""comp_time"": ""9"", ""first_ms"": ""8.2"", ""makespan"": ""161"", ""makespan_lb"": ""92"", ""map_file"": ""maze-32-32-4.map"", ""pp_demote_rounds"": ""0"", ""pp_failed"": ""0"", ""pp_order"": ""traffic-last"", ""pp_plan_ms"": ""6.0"", ""pp_plan_soc"": ""3049"", ""pp_tl"": ""1"", ""pp_used"": ""1"", ""seed"": ""2"", ""soc"": ""3049"", ""soc_lb"": ""2350"", ""solved"": ""1"", ""solver"": ""planner"", ""sum_of_loss"": ""2836"", ""sum_of_loss_lb"": ""2350""}"
pp_guided_tl:shortest,PP-guided (shortest first),maze-32-32-4,maze-32-32-4-random-1,100,1,30.0,solved,0.092366,0.048,13057,339,10268,4450,92,2.934157,0,,/home/carsten/Projects/MAPF/MAPF Evaluator/results/pptl-maze-32-4/runs/pp_guided_tl_shortest/maze-32-32-4/maze-32-32-4-random-1_a100_s1_r0,,,"{""agents"": ""100"", ""comp_time"": ""48"", ""first_ms"": ""48.4"", ""makespan"": ""339"", ""makespan_lb"": ""92"", ""map_file"": ""maze-32-32-4.map"", ""pp_demote_rounds"": ""2"", ""pp_failed"": ""0"", ""pp_order"": ""shortest"", ""pp_plan_ms"": ""40.0"", ""pp_plan_soc"": ""13057"", ""pp_tl"": ""0"", ""pp_used"": ""1"", ""seed"": ""1"", ""soc"": ""13057"", ""soc_lb"": ""4450"", ""solved"": ""1"", ""solver"": ""planner"", ""sum_of_loss"": ""10285"", ""sum_of_loss_lb"": ""4450""}"
pp_guided_tl:shortest,PP-guided (shortest first),maze-32-32-4,maze-32-32-4-random-1,100,0,30.0,solved,0.110942,0.048,13057,339,10268,4450,92,2.934157,0,,/home/carsten/Projects/MAPF/MAPF Evaluator/results/pptl-maze-32-4/runs/pp_guided_tl_shortest/maze-32-32-4/maze-32-32-4-random-1_a100_s0_r0,,,"{""agents"": ""100"", ""comp_time"": ""48"", ""first_ms"": ""47.8"", ""makespan"": ""339"", ""makespan_lb"": ""92"", ""map_file"": ""maze-32-32-4.map"", ""pp_demote_rounds"": ""2"", ""pp_failed"": ""0"", ""pp_order"": ""shortest"", ""pp_plan_ms"": ""39.7"", ""pp_plan_soc"": ""13057"", ""pp_tl"": ""0"", ""pp_used"": ""1"", ""seed"": ""0"", ""soc"": ""13057"", ""soc_lb"": ""4450"", ""solved"": ""1"", ""solver"": ""planner"", ""sum_of_loss"": ""10285"", ""sum_of_loss_lb"": ""4450""}"
pp_guided_tl:shortest,PP-guided (shortest first),maze-32-32-4,maze-32-32-4-random-1,100,2,30.0,solved,0.075757,0.048,13057,339,10268,4450,92,2.934157,0,,/home/carsten/Projects/MAPF/MAPF Evaluator/results/pptl-maze-32-4/runs/pp_guided_tl_shortest/maze-32-32-4/maze-32-32-4-random-1_a100_s2_r0,,,"{""agents"": ""100"", ""comp_time"": ""48"", ""first_ms"": ""48.7"", ""makespan"": ""339"", ""makespan_lb"": ""92"", ""map_file"": ""maze-32-32-4.map"", ""pp_demote_rounds"": ""2"", ""pp_failed"": ""0"", ""pp_order"": ""shortest"", ""pp_plan_ms"": ""40.1"", ""pp_plan_soc"": ""13057"", ""pp_tl"": ""0"", ""pp_used"": ""1"", ""seed"": ""2"", ""soc"": ""13057"", ""soc_lb"": ""4450"", ""solved"": ""1"", ""solver"": ""planner"", ""sum_of_loss"": ""10285"", ""sum_of_loss_lb"": ""4450""}"
pp_guided_tl:shortest_tl,PP-guided (shortest first) + traffic load in SIPP,maze-32-32-4,maze-32-32-4-random-1,100,0,30.0,solved,0.082163,0.051,11357,339,10554,4450,92,2.552135,0,,/home/carsten/Projects/MAPF/MAPF Evaluator/results/pptl-maze-32-4/runs/pp_guided_tl_shortest_tl/maze-32-32-4/maze-32-32-4-random-1_a100_s0_r0,,,"{""agents"": ""100"", ""comp_time"": ""51"", ""first_ms"": ""51.3"", ""makespan"": ""339"", ""makespan_lb"": ""92"", ""map_file"": ""maze-32-32-4.map"", ""pp_demote_rounds"": ""2"", ""pp_failed"": ""0"", ""pp_order"": ""shortest"", ""pp_plan_ms"": ""42.6"", ""pp_plan_soc"": ""11357"", ""pp_tl"": ""1"", ""pp_used"": ""1"", ""seed"": ""0"", ""soc"": ""11357"", ""soc_lb"": ""4450"", ""solved"": ""1"", ""solver"": ""planner"", ""sum_of_loss"": ""10560"", ""sum_of_loss_lb"": ""4450""}"
pp_guided_tl:shortest_tl,PP-guided (shortest first) + traffic load in SIPP,maze-32-32-4,maze-32-32-4-random-1,100,1,30.0,solved,0.102715,0.05,11357,339,10554,4450,92,2.552135,0,,/home/carsten/Projects/MAPF/MAPF Evaluator/results/pptl-maze-32-4/runs/pp_guided_tl_shortest_tl/maze-32-32-4/maze-32-32-4-random-1_a100_s1_r0,,,"{""agents"": ""100"", ""comp_time"": ""50"", ""first_ms"": ""49.9"", ""makespan"": ""339"", ""makespan_lb"": ""92"", ""map_file"": ""maze-32-32-4.map"", ""pp_demote_rounds"": ""2"", ""pp_failed"": ""0"", ""pp_order"": ""shortest"", ""pp_plan_ms"": ""42.4"", ""pp_plan_soc"": ""11357"", ""pp_tl"": ""1"", ""pp_used"": ""1"", ""seed"": ""1"", ""soc"": ""11357"", ""soc_lb"": ""4450"", ""solved"": ""1"", ""solver"": ""planner"", ""sum_of_loss"": ""10560"", ""sum_of_loss_lb"": ""4450""}"
pp_guided_tl:shortest_tl,PP-guided (shortest first) + traffic load in SIPP,maze-32-32-4,maze-32-32-4-random-1,100,2,30.0,solved,0.100706,0.05,11357,339,10554,4450,92,2.552135,0,,/home/carsten/Projects/MAPF/MAPF Evaluator/results/pptl-maze-32-4/runs/pp_guided_tl_shortest_tl/maze-32-32-4/maze-32-32-4-random-1_a100_s2_r0,,,"{""agents"": ""100"", ""comp_time"": ""50"", ""first_ms"": ""50.1"", ""makespan"": ""339"", ""makespan_lb"": ""92"", ""map_file"": ""maze-32-32-4.map"", ""pp_demote_rounds"": ""2"", ""pp_failed"": ""0"", ""pp_order"": ""shortest"", ""pp_plan_ms"": ""42.2"", ""pp_plan_soc"": ""11357"", ""pp_tl"": ""1"", ""pp_used"": ""1"", ""seed"": ""2"", ""soc"": ""11357"", ""soc_lb"": ""4450"", ""solved"": ""1"", ""solver"": ""planner"", ""sum_of_loss"": ""10560"", ""sum_of_loss_lb"": ""4450""}"
pp_guided_tl:traffic,PP-guided (traffic-last),maze-32-32-4,maze-32-32-4-random-1,100,0,30.0,solved,0.068025,0.022,8471,208,6679,4450,92,1.903596,0,,/home/carsten/Projects/MAPF/MAPF Evaluator/results/pptl-maze-32-4/runs/pp_guided_tl_traffic/maze-32-32-4/maze-32-32-4-random-1_a100_s0_r0,,,"{""agents"": ""100"", ""comp_time"": ""22"", ""first_ms"": ""22.3"", ""makespan"": ""208"", ""makespan_lb"": ""92"", ""map_file"": ""maze-32-32-4.map"", ""pp_demote_rounds"": ""0"", ""pp_failed"": ""0"", ""pp_order"": ""traffic-last"", ""pp_plan_ms"": ""15.7"", ""pp_plan_soc"": ""8471"", ""pp_tl"": ""0"", ""pp_used"": ""1"", ""seed"": ""0"", ""soc"": ""8471"", ""soc_lb"": ""4450"", ""solved"": ""1"", ""solver"": ""planner"", ""sum_of_loss"": ""6738"", ""sum_of_loss_lb"": ""4450""}"
pp_guided_tl:traffic,PP-guided (traffic-last),maze-32-32-4,maze-32-32-4-random-1,100,1,30.0,solved,0.06282,0.023,8471,208,6679,4450,92,1.903596,0,,/home/carsten/Projects/MAPF/MAPF Evaluator/results/pptl-maze-32-4/runs/pp_guided_tl_traffic/maze-32-32-4/maze-32-32-4-random-1_a100_s1_r0,,,"{""agents"": ""100"", ""comp_time"": ""23"", ""first_ms"": ""22.6"", ""makespan"": ""208"", ""makespan_lb"": ""92"", ""map_file"": ""maze-32-32-4.map"", ""pp_demote_rounds"": ""0"", ""pp_failed"": ""0"", ""pp_order"": ""traffic-last"", ""pp_plan_ms"": ""15.9"", ""pp_plan_soc"": ""8471"", ""pp_tl"": ""0"", ""pp_used"": ""1"", ""seed"": ""1"", ""soc"": ""8471"", ""soc_lb"": ""4450"", ""solved"": ""1"", ""solver"": ""planner"", ""sum_of_loss"": ""6738"", ""sum_of_loss_lb"": ""4450""}"
pp_guided_tl:traffic,PP-guided (traffic-last),maze-32-32-4,maze-32-32-4-random-1,100,2,30.0,solved,0.04314,0.023,8471,208,6679,4450,92,1.903596,0,,/home/carsten/Projects/MAPF/MAPF Evaluator/results/pptl-maze-32-4/runs/pp_guided_tl_traffic/maze-32-32-4/maze-32-32-4-random-1_a100_s2_r0,,,"{""agents"": ""100"", ""comp_time"": ""23"", ""first_ms"": ""22.5"", ""makespan"": ""208"", ""makespan_lb"": ""92"", ""map_file"": ""maze-32-32-4.map"", ""pp_demote_rounds"": ""0"", ""pp_failed"": ""0"", ""pp_order"": ""traffic-last"", ""pp_plan_ms"": ""16.2"", ""pp_plan_soc"": ""8471"", ""pp_tl"": ""0"", ""pp_used"": ""1"", ""seed"": ""2"", ""soc"": ""8471"", ""soc_lb"": ""4450"", ""solved"": ""1"", ""solver"": ""planner"", ""sum_of_loss"": ""6738"", ""sum_of_loss_lb"": ""4450""}"
pp_guided_tl:traffic_tl,PP-guided (traffic-last) + traffic load in SIPP,maze-32-32-4,maze-32-32-4-random-1,100,0,30.0,solved,0.125133,0.021,7708,173,6676,4450,92,1.732135,0,,/home/carsten/Projects/MAPF/MAPF Evaluator/results/pptl-maze-32-4/runs/pp_guided_tl_traffic_tl/maze-32-32-4/maze-32-32-4-random-1_a100_s0_r0,,,"{""agents"": ""100"", ""comp_time"": ""21"", ""first_ms"": ""21.7"", ""makespan"": ""173"", ""makespan_lb"": ""92"", ""map_file"": ""maze-32-32-4.map"", ""pp_demote_rounds"": ""0"", ""pp_failed"": ""0"", ""pp_order"": ""traffic-last"", ""pp_plan_ms"": ""15.5"", ""pp_plan_soc"": ""7708"", ""pp_tl"": ""1"", ""pp_used"": ""1"", ""seed"": ""0"", ""soc"": ""7708"", ""soc_lb"": ""4450"", ""solved"": ""1"", ""solver"": ""planner"", ""sum_of_loss"": ""6714"", ""sum_of_loss_lb"": ""4450""}"
pp_guided_tl:traffic_tl,PP-guided (traffic-last) + traffic load in SIPP,maze-32-32-4,maze-32-32-4-random-1,100,2,30.0,solved,0.06225,0.021,7708,173,6676,4450,92,1.732135,0,,/home/carsten/Projects/MAPF/MAPF Evaluator/results/pptl-maze-32-4/runs/pp_guided_tl_traffic_tl/maze-32-32-4/maze-32-32-4-random-1_a100_s2_r0,,,"{""agents"": ""100"", ""comp_time"": ""21"", ""first_ms"": ""21.5"", ""makespan"": ""173"", ""makespan_lb"": ""92"", ""map_file"": ""maze-32-32-4.map"", ""pp_demote_rounds"": ""0"", ""pp_failed"": ""0"", ""pp_order"": ""traffic-last"", ""pp_plan_ms"": ""15.7"", ""pp_plan_soc"": ""7708"", ""pp_tl"": ""1"", ""pp_used"": ""1"", ""seed"": ""2"", ""soc"": ""7708"", ""soc_lb"": ""4450"", ""solved"": ""1"", ""solver"": ""planner"", ""sum_of_loss"": ""6714"", ""sum_of_loss_lb"": ""4450""}"
pp_guided_tl:traffic_tl,PP-guided (traffic-last) + traffic load in SIPP,maze-32-32-4,maze-32-32-4-random-1,100,1,30.0,solved,0.089573,0.022,7708,173,6676,4450,92,1.732135,0,,/home/carsten/Projects/MAPF/MAPF Evaluator/results/pptl-maze-32-4/runs/pp_guided_tl_traffic_tl/maze-32-32-4/maze-32-32-4-random-1_a100_s1_r0,,,"{""agents"": ""100"", ""comp_time"": ""22"", ""first_ms"": ""21.4"", ""makespan"": ""173"", ""makespan_lb"": ""92"", ""map_file"": ""maze-32-32-4.map"", ""pp_demote_rounds"": ""0"", ""pp_failed"": ""0"", ""pp_order"": ""traffic-last"", ""pp_plan_ms"": ""15.9"", ""pp_plan_soc"": ""7708"", ""pp_tl"": ""1"", ""pp_used"": ""1"", ""seed"": ""1"", ""soc"": ""7708"", ""soc_lb"": ""4450"", ""solved"": ""1"", ""solver"": ""planner"", ""sum_of_loss"": ""6714"", ""sum_of_loss_lb"": ""4450""}"
pp_guided_tl:shortest,PP-guided (shortest first),maze-32-32-4,maze-32-32-4-random-1,150,0,30.0,solved,0.46946,0.417,13646,192,10791,6778,92,2.013278,0,,/home/carsten/Projects/MAPF/MAPF Evaluator/results/pptl-maze-32-4/runs/pp_guided_tl_shortest/maze-32-32-4/maze-32-32-4-random-1_a150_s0_r0,,,"{""agents"": ""150"", ""comp_time"": ""417"", ""first_ms"": ""417.2"", ""makespan"": ""192"", ""makespan_lb"": ""92"", ""map_file"": ""maze-32-32-4.map"", ""pp_demote_rounds"": ""15"", ""pp_failed"": ""3"", ""pp_order"": ""shortest"", ""pp_plan_ms"": ""390.7"", ""pp_plan_soc"": ""23024"", ""pp_tl"": ""0"", ""pp_used"": ""0"", ""seed"": ""0"", ""soc"": ""13646"", ""soc_lb"": ""6778"", ""solved"": ""1"", ""solver"": ""planner"", ""sum_of_loss"": ""10987"", ""sum_of_loss_lb"": ""6778""}"
pp_guided_tl:shortest,PP-guided (shortest first),maze-32-32-4,maze-32-32-4-random-1,150,1,30.0,solved,0.45762,0.422,15257,249,12237,6778,92,2.250959,0,,/home/carsten/Projects/MAPF/MAPF Evaluator/results/pptl-maze-32-4/runs/pp_guided_tl_shortest/maze-32-32-4/maze-32-32-4-random-1_a150_s1_r0,,,"{""agents"": ""150"", ""comp_time"": ""422"", ""first_ms"": ""421.5"", ""makespan"": ""249"", ""makespan_lb"": ""92"", ""map_file"": ""maze-32-32-4.map"", ""pp_demote_rounds"": ""15"", ""pp_failed"": ""3"", ""pp_order"": ""shortest"", ""pp_plan_ms"": ""387.4"", ""pp_plan_soc"": ""23024"", ""pp_tl"": ""0"", ""pp_used"": ""0"", ""seed"": ""1"", ""soc"": ""15257"", ""soc_lb"": ""6778"", ""solved"": ""1"", ""solver"": ""planner"", ""sum_of_loss"": ""12410"", ""sum_of_loss_lb"": ""6778""}"
pp_guided_tl:shortest,PP-guided (shortest first),maze-32-32-4,maze-32-32-4-random-1,150,2,30.0,solved,0.432898,0.405,15496,228,12285,6778,92,2.28622,0,,/home/carsten/Projects/MAPF/MAPF Evaluator/results/pptl-maze-32-4/runs/pp_guided_tl_shortest/maze-32-32-4/maze-32-32-4-random-1_a150_s2_r0,,,"{""agents"": ""150"", ""comp_time"": ""405"", ""first_ms"": ""405.3"", ""makespan"": ""228"", ""makespan_lb"": ""92"", ""map_file"": ""maze-32-32-4.map"", ""pp_demote_rounds"": ""15"", ""pp_failed"": ""3"", ""pp_order"": ""shortest"", ""pp_plan_ms"": ""384.6"", ""pp_plan_soc"": ""23024"", ""pp_tl"": ""0"", ""pp_used"": ""0"", ""seed"": ""2"", ""soc"": ""15496"", ""soc_lb"": ""6778"", ""solved"": ""1"", ""solver"": ""planner"", ""sum_of_loss"": ""12477"", ""sum_of_loss_lb"": ""6778""}"
pp_guided_tl:shortest_tl,PP-guided (shortest first) + traffic load in SIPP,maze-32-32-4,maze-32-32-4-random-1,150,0,30.0,solved,0.502104,0.443,13646,192,10791,6778,92,2.013278,0,,/home/carsten/Projects/MAPF/MAPF Evaluator/results/pptl-maze-32-4/runs/pp_guided_tl_shortest_tl/maze-32-32-4/maze-32-32-4-random-1_a150_s0_r0,,,"{""agents"": ""150"", ""comp_time"": ""443"", ""first_ms"": ""443.2"", ""makespan"": ""192"", ""makespan_lb"": ""92"", ""map_file"": ""maze-32-32-4.map"", ""pp_demote_rounds"": ""15"", ""pp_failed"": ""3"", ""pp_order"": ""shortest"", ""pp_plan_ms"": ""416.0"", ""pp_plan_soc"": ""22242"", ""pp_tl"": ""1"", ""pp_used"": ""0"", ""seed"": ""0"", ""soc"": ""13646"", ""soc_lb"": ""6778"", ""solved"": ""1"", ""solver"": ""planner"", ""sum_of_loss"": ""10987"", ""sum_of_loss_lb"": ""6778""}"
pp_guided_tl:shortest_tl,PP-guided (shortest first) + traffic load in SIPP,maze-32-32-4,maze-32-32-4-random-1,150,1,30.0,solved,0.523591,0.451,15257,249,12237,6778,92,2.250959,0,,/home/carsten/Projects/MAPF/MAPF Evaluator/results/pptl-maze-32-4/runs/pp_guided_tl_shortest_tl/maze-32-32-4/maze-32-32-4-random-1_a150_s1_r0,,,"{""agents"": ""150"", ""comp_time"": ""451"", ""first_ms"": ""451.4"", ""makespan"": ""249"", ""makespan_lb"": ""92"", ""map_file"": ""maze-32-32-4.map"", ""pp_demote_rounds"": ""15"", ""pp_failed"": ""3"", ""pp_order"": ""shortest"", ""pp_plan_ms"": ""416.1"", ""pp_plan_soc"": ""22242"", ""pp_tl"": ""1"", ""pp_used"": ""0"", ""seed"": ""1"", ""soc"": ""15257"", ""soc_lb"": ""6778"", ""solved"": ""1"", ""solver"": ""planner"", ""sum_of_loss"": ""12410"", ""sum_of_loss_lb"": ""6778""}"
pp_guided_tl:shortest_tl,PP-guided (shortest first) + traffic load in SIPP,maze-32-32-4,maze-32-32-4-random-1,150,2,30.0,solved,0.476376,0.432,15496,228,12285,6778,92,2.28622,0,,/home/carsten/Projects/MAPF/MAPF Evaluator/results/pptl-maze-32-4/runs/pp_guided_tl_shortest_tl/maze-32-32-4/maze-32-32-4-random-1_a150_s2_r0,,,"{""agents"": ""150"", ""comp_time"": ""432"", ""first_ms"": ""432.1"", ""makespan"": ""228"", ""makespan_lb"": ""92"", ""map_file"": ""maze-32-32-4.map"", ""pp_demote_rounds"": ""15"", ""pp_failed"": ""3"", ""pp_order"": ""shortest"", ""pp_plan_ms"": ""410.7"", ""pp_plan_soc"": ""22242"", ""pp_tl"": ""1"", ""pp_used"": ""0"", ""seed"": ""2"", ""soc"": ""15496"", ""soc_lb"": ""6778"", ""solved"": ""1"", ""solver"": ""planner"", ""sum_of_loss"": ""12477"", ""sum_of_loss_lb"": ""6778""}"
pp_guided_tl:traffic,PP-guided (traffic-last),maze-32-32-4,maze-32-32-4-random-1,150,0,30.0,solved,0.429268,0.384,13646,192,10791,6778,92,2.013278,0,,/home/carsten/Projects/MAPF/MAPF Evaluator/results/pptl-maze-32-4/runs/pp_guided_tl_traffic/maze-32-32-4/maze-32-32-4-random-1_a150_s0_r0,,,"{""agents"": ""150"", ""comp_time"": ""384"", ""first_ms"": ""383.0"", ""makespan"": ""192"", ""makespan_lb"": ""92"", ""map_file"": ""maze-32-32-4.map"", ""pp_demote_rounds"": ""15"", ""pp_failed"": ""2"", ""pp_order"": ""traffic-last"", ""pp_plan_ms"": ""357.1"", ""pp_plan_soc"": ""20334"", ""pp_tl"": ""0"", ""pp_used"": ""0"", ""seed"": ""0"", ""soc"": ""13646"", ""soc_lb"": ""6778"", ""solved"": ""1"", ""solver"": ""planner"", ""sum_of_loss"": ""10987"", ""sum_of_loss_lb"": ""6778""}"
pp_guided_tl:traffic,PP-guided (traffic-last),maze-32-32-4,maze-32-32-4-random-1,150,1,30.0,solved,0.453762,0.391,15257,249,12237,6778,92,2.250959,0,,/home/carsten/Projects/MAPF/MAPF Evaluator/results/pptl-maze-32-4/runs/pp_guided_tl_traffic/maze-32-32-4/maze-32-32-4-random-1_a150_s1_r0,,,"{""agents"": ""150"", ""comp_time"": ""391"", ""first_ms"": ""391.0"", ""makespan"": ""249"", ""makespan_lb"": ""92"", ""map_file"": ""maze-32-32-4.map"", ""pp_demote_rounds"": ""15"", ""pp_failed"": ""2"", ""pp_order"": ""traffic-last"", ""pp_plan_ms"": ""356.5"", ""pp_plan_soc"": ""20334"", ""pp_tl"": ""0"", ""pp_used"": ""0"", ""seed"": ""1"", ""soc"": ""15257"", ""soc_lb"": ""6778"", ""solved"": ""1"", ""solver"": ""planner"", ""sum_of_loss"": ""12410"", ""sum_of_loss_lb"": ""6778""}"
pp_guided_tl:traffic,PP-guided (traffic-last),maze-32-32-4,maze-32-32-4-random-1,150,2,30.0,solved,0.438624,0.382,15496,228,12285,6778,92,2.28622,0,,/home/carsten/Projects/MAPF/MAPF Evaluator/results/pptl-maze-32-4/runs/pp_guided_tl_traffic/maze-32-32-4/maze-32-32-4-random-1_a150_s2_r0,,,"{""agents"": ""150"", ""comp_time"": ""382"", ""first_ms"": ""381.5"", ""makespan"": ""228"", ""makespan_lb"": ""92"", ""map_file"": ""maze-32-32-4.map"", ""pp_demote_rounds"": ""15"", ""pp_failed"": ""2"", ""pp_order"": ""traffic-last"", ""pp_plan_ms"": ""360.9"", ""pp_plan_soc"": ""20334"", ""pp_tl"": ""0"", ""pp_used"": ""0"", ""seed"": ""2"", ""soc"": ""15496"", ""soc_lb"": ""6778"", ""solved"": ""1"", ""solver"": ""planner"", ""sum_of_loss"": ""12477"", ""sum_of_loss_lb"": ""6778""}"
pp_guided_tl:traffic_tl,PP-guided (traffic-last) + traffic load in SIPP,maze-32-32-4,maze-32-32-4-random-1,150,0,30.0,solved,0.384108,0.335,13646,192,10791,6778,92,2.013278,0,,/home/carsten/Projects/MAPF/MAPF Evaluator/results/pptl-maze-32-4/runs/pp_guided_tl_traffic_tl/maze-32-32-4/maze-32-32-4-random-1_a150_s0_r0,,,"{""agents"": ""150"", ""comp_time"": ""335"", ""first_ms"": ""334.6"", ""makespan"": ""192"", ""makespan_lb"": ""92"", ""map_file"": ""maze-32-32-4.map"", ""pp_demote_rounds"": ""15"", ""pp_failed"": ""1"", ""pp_order"": ""traffic-last"", ""pp_plan_ms"": ""306.8"", ""pp_plan_soc"": ""18958"", ""pp_tl"": ""1"", ""pp_used"": ""0"", ""seed"": ""0"", ""soc"": ""13646"", ""soc_lb"": ""6778"", ""solved"": ""1"", ""solver"": ""planner"", ""sum_of_loss"": ""10987"", ""sum_of_loss_lb"": ""6778""}"
pp_guided_tl:traffic_tl,PP-guided (traffic-last) + traffic load in SIPP,maze-32-32-4,maze-32-32-4-random-1,150,1,30.0,solved,0.399231,0.342,15257,249,12237,6778,92,2.250959,0,,/home/carsten/Projects/MAPF/MAPF Evaluator/results/pptl-maze-32-4/runs/pp_guided_tl_traffic_tl/maze-32-32-4/maze-32-32-4-random-1_a150_s1_r0,,,"{""agents"": ""150"", ""comp_time"": ""342"", ""first_ms"": ""341.5"", ""makespan"": ""249"", ""makespan_lb"": ""92"", ""map_file"": ""maze-32-32-4.map"", ""pp_demote_rounds"": ""15"", ""pp_failed"": ""1"", ""pp_order"": ""traffic-last"", ""pp_plan_ms"": ""305.8"", ""pp_plan_soc"": ""18958"", ""pp_tl"": ""1"", ""pp_used"": ""0"", ""seed"": ""1"", ""soc"": ""15257"", ""soc_lb"": ""6778"", ""solved"": ""1"", ""solver"": ""planner"", ""sum_of_loss"": ""12410"", ""sum_of_loss_lb"": ""6778""}"
pp_guided_tl:traffic_tl,PP-guided (traffic-last) + traffic load in SIPP,maze-32-32-4,maze-32-32-4-random-1,150,2,30.0,solved,0.376712,0.329,15496,228,12285,6778,92,2.28622,0,,/home/carsten/Projects/MAPF/MAPF Evaluator/results/pptl-maze-32-4/runs/pp_guided_tl_traffic_tl/maze-32-32-4/maze-32-32-4-random-1_a150_s2_r0,,,"{""agents"": ""150"", ""comp_time"": ""329"", ""first_ms"": ""329.1"", ""makespan"": ""228"", ""makespan_lb"": ""92"", ""map_file"": ""maze-32-32-4.map"", ""pp_demote_rounds"": ""15"", ""pp_failed"": ""1"", ""pp_order"": ""traffic-last"", ""pp_plan_ms"": ""306.4"", ""pp_plan_soc"": ""18958"", ""pp_tl"": ""1"", ""pp_used"": ""0"", ""seed"": ""2"", ""soc"": ""15496"", ""soc_lb"": ""6778"", ""solved"": ""1"", ""solver"": ""planner"", ""sum_of_loss"": ""12477"", ""sum_of_loss_lb"": ""6778""}"
pp_guided_tl:shortest,PP-guided (shortest first),maze-32-32-4,maze-32-32-4-random-1,200,0,30.0,solved,0.851546,0.802,24758,336,18457,9160,102,2.702838,0,,/home/carsten/Projects/MAPF/MAPF Evaluator/results/pptl-maze-32-4/runs/pp_guided_tl_shortest/maze-32-32-4/maze-32-32-4-random-1_a200_s0_r0,,,"{""agents"": ""200"", ""comp_time"": ""802"", ""first_ms"": ""801.6"", ""makespan"": ""336"", ""makespan_lb"": ""102"", ""map_file"": ""maze-32-32-4.map"", ""pp_demote_rounds"": ""15"", ""pp_failed"": ""3"", ""pp_order"": ""shortest"", ""pp_plan_ms"": ""744.9"", ""pp_plan_soc"": ""49091"", ""pp_tl"": ""0"", ""pp_used"": ""0"", ""seed"": ""0"", ""soc"": ""24758"", ""soc_lb"": ""9160"", ""solved"": ""1"", ""solver"": ""planner"", ""sum_of_loss"": ""18955"", ""sum_of_loss_lb"": ""9160""}"
pp_guided_tl:shortest,PP-guided (shortest first),maze-32-32-4,maze-32-32-4-random-1,200,1,30.0,solved,0.839282,0.802,26523,305,19862,9160,102,2.895524,0,,/home/carsten/Projects/MAPF/MAPF Evaluator/results/pptl-maze-32-4/runs/pp_guided_tl_shortest/maze-32-32-4/maze-32-32-4-random-1_a200_s1_r0,,,"{""agents"": ""200"", ""comp_time"": ""802"", ""first_ms"": ""801.5"", ""makespan"": ""305"", ""makespan_lb"": ""102"", ""map_file"": ""maze-32-32-4.map"", ""pp_demote_rounds"": ""15"", ""pp_failed"": ""3"", ""pp_order"": ""shortest"", ""pp_plan_ms"": ""752.8"", ""pp_plan_soc"": ""49091"", ""pp_tl"": ""0"", ""pp_used"": ""0"", ""seed"": ""1"", ""soc"": ""26523"", ""soc_lb"": ""9160"", ""solved"": ""1"", ""solver"": ""planner"", ""sum_of_loss"": ""20296"", ""sum_of_loss_lb"": ""9160""}"
pp_guided_tl:shortest,PP-guided (shortest first),maze-32-32-4,maze-32-32-4-random-1,200,2,30.0,solved,0.853591,0.79,31441,348,20124,9160,102,3.432424,0,,/home/carsten/Projects/MAPF/MAPF Evaluator/results/pptl-maze-32-4/runs/pp_guided_tl_shortest/maze-32-32-4/maze-32-32-4-random-1_a200_s2_r0,,,"{""agents"": ""200"", ""comp_time"": ""790"", ""first_ms"": ""789.9"", ""makespan"": ""348"", ""makespan_lb"": ""102"", ""map_file"": ""maze-32-32-4.map"", ""pp_demote_rounds"": ""15"", ""pp_failed"": ""3"", ""pp_order"": ""shortest"", ""pp_plan_ms"": ""746.0"", ""pp_plan_soc"": ""49091"", ""pp_tl"": ""0"", ""pp_used"": ""0"", ""seed"": ""2"", ""soc"": ""31441"", ""soc_lb"": ""9160"", ""solved"": ""1"", ""solver"": ""planner"", ""sum_of_loss"": ""20650"", ""sum_of_loss_lb"": ""9160""}"
pp_guided_tl:shortest_tl,PP-guided (shortest first) + traffic load in SIPP,maze-32-32-4,maze-32-32-4-random-1,200,0,30.0,solved,0.903806,0.835,24758,336,18457,9160,102,2.702838,0,,/home/carsten/Projects/MAPF/MAPF Evaluator/results/pptl-maze-32-4/runs/pp_guided_tl_shortest_tl/maze-32-32-4/maze-32-32-4-random-1_a200_s0_r0,,,"{""agents"": ""200"", ""comp_time"": ""835"", ""first_ms"": ""835.3"", ""makespan"": ""336"", ""makespan_lb"": ""102"", ""map_file"": ""maze-32-32-4.map"", ""pp_demote_rounds"": ""15"", ""pp_failed"": ""3"", ""pp_order"": ""shortest"", ""pp_plan_ms"": ""776.0"", ""pp_plan_soc"": ""46164"", ""pp_tl"": ""1"", ""pp_used"": ""0"", ""seed"": ""0"", ""soc"": ""24758"", ""soc_lb"": ""9160"", ""solved"": ""1"", ""solver"": ""planner"", ""sum_of_loss"": ""18955"", ""sum_of_loss_lb"": ""9160""}"
pp_guided_tl:shortest_tl,PP-guided (shortest first) + traffic load in SIPP,maze-32-32-4,maze-32-32-4-random-1,200,1,30.0,solved,0.876463,0.826,26523,305,19862,9160,102,2.895524,0,,/home/carsten/Projects/MAPF/MAPF Evaluator/results/pptl-maze-32-4/runs/pp_guided_tl_shortest_tl/maze-32-32-4/maze-32-32-4-random-1_a200_s1_r0,,,"{""agents"": ""200"", ""comp_time"": ""826"", ""first_ms"": ""825.5"", ""makespan"": ""305"", ""makespan_lb"": ""102"", ""map_file"": ""maze-32-32-4.map"", ""pp_demote_rounds"": ""15"", ""pp_failed"": ""3"", ""pp_order"": ""shortest"", ""pp_plan_ms"": ""775.7"", ""pp_plan_soc"": ""46164"", ""pp_tl"": ""1"", ""pp_used"": ""0"", ""seed"": ""1"", ""soc"": ""26523"", ""soc_lb"": ""9160"", ""solved"": ""1"", ""solver"": ""planner"", ""sum_of_loss"": ""20296"", ""sum_of_loss_lb"": ""9160""}"
pp_guided_tl:shortest_tl,PP-guided (shortest first) + traffic load in SIPP,maze-32-32-4,maze-32-32-4-random-1,200,2,30.0,solved,0.912768,0.814,31441,348,20124,9160,102,3.432424,0,,/home/carsten/Projects/MAPF/MAPF Evaluator/results/pptl-maze-32-4/runs/pp_guided_tl_shortest_tl/maze-32-32-4/maze-32-32-4-random-1_a200_s2_r0,,,"{""agents"": ""200"", ""comp_time"": ""814"", ""first_ms"": ""813.5"", ""makespan"": ""348"", ""makespan_lb"": ""102"", ""map_file"": ""maze-32-32-4.map"", ""pp_demote_rounds"": ""15"", ""pp_failed"": ""3"", ""pp_order"": ""shortest"", ""pp_plan_ms"": ""769.7"", ""pp_plan_soc"": ""46164"", ""pp_tl"": ""1"", ""pp_used"": ""0"", ""seed"": ""2"", ""soc"": ""31441"", ""soc_lb"": ""9160"", ""solved"": ""1"", ""solver"": ""planner"", ""sum_of_loss"": ""20650"", ""sum_of_loss_lb"": ""9160""}"
pp_guided_tl:traffic,PP-guided (traffic-last),maze-32-32-4,maze-32-32-4-random-1,200,1,30.0,solved,0.844765,0.798,26523,305,19862,9160,102,2.895524,0,,/home/carsten/Projects/MAPF/MAPF Evaluator/results/pptl-maze-32-4/runs/pp_guided_tl_traffic/maze-32-32-4/maze-32-32-4-random-1_a200_s1_r0,,,"{""agents"": ""200"", ""comp_time"": ""798"", ""first_ms"": ""798.1"", ""makespan"": ""305"", ""makespan_lb"": ""102"", ""map_file"": ""maze-32-32-4.map"", ""pp_demote_rounds"": ""15"", ""pp_failed"": ""3"", ""pp_order"": ""traffic-last"", ""pp_plan_ms"": ""747.4"", ""pp_plan_soc"": ""38399"", ""pp_tl"": ""0"", ""pp_used"": ""0"", ""seed"": ""1"", ""soc"": ""26523"", ""soc_lb"": ""9160"", ""solved"": ""1"", ""solver"": ""planner"", ""sum_of_loss"": ""20296"", ""sum_of_loss_lb"": ""9160""}"
pp_guided_tl:traffic,PP-guided (traffic-last),maze-32-32-4,maze-32-32-4-random-1,200,0,30.0,solved,0.874403,0.797,24758,336,18457,9160,102,2.702838,0,,/home/carsten/Projects/MAPF/MAPF Evaluator/results/pptl-maze-32-4/runs/pp_guided_tl_traffic/maze-32-32-4/maze-32-32-4-random-1_a200_s0_r0,,,"{""agents"": ""200"", ""comp_time"": ""797"", ""first_ms"": ""797.3"", ""makespan"": ""336"", ""makespan_lb"": ""102"", ""map_file"": ""maze-32-32-4.map"", ""pp_demote_rounds"": ""15"", ""pp_failed"": ""3"", ""pp_order"": ""traffic-last"", ""pp_plan_ms"": ""738.7"", ""pp_plan_soc"": ""38399"", ""pp_tl"": ""0"", ""pp_used"": ""0"", ""seed"": ""0"", ""soc"": ""24758"", ""soc_lb"": ""9160"", ""solved"": ""1"", ""solver"": ""planner"", ""sum_of_loss"": ""18955"", ""sum_of_loss_lb"": ""9160""}"
pp_guided_tl:traffic,PP-guided (traffic-last),maze-32-32-4,maze-32-32-4-random-1,200,2,30.0,solved,0.826205,0.788,31441,348,20124,9160,102,3.432424,0,,/home/carsten/Projects/MAPF/MAPF Evaluator/results/pptl-maze-32-4/runs/pp_guided_tl_traffic/maze-32-32-4/maze-32-32-4-random-1_a200_s2_r0,,,"{""agents"": ""200"", ""comp_time"": ""788"", ""first_ms"": ""787.5"", ""makespan"": ""348"", ""makespan_lb"": ""102"", ""map_file"": ""maze-32-32-4.map"", ""pp_demote_rounds"": ""15"", ""pp_failed"": ""3"", ""pp_order"": ""traffic-last"", ""pp_plan_ms"": ""743.5"", ""pp_plan_soc"": ""38399"", ""pp_tl"": ""0"", ""pp_used"": ""0"", ""seed"": ""2"", ""soc"": ""31441"", ""soc_lb"": ""9160"", ""solved"": ""1"", ""solver"": ""planner"", ""sum_of_loss"": ""20650"", ""sum_of_loss_lb"": ""9160""}"
pp_guided_tl:shortest,PP-guided (shortest first),maze-32-32-4,maze-32-32-4-random-2,50,0,30.0,solved,0.031474,0.016,3612,166,3209,2225,85,1.623371,0,,/home/carsten/Projects/MAPF/MAPF Evaluator/results/pptl-maze-32-4/runs/pp_guided_tl_shortest/maze-32-32-4/maze-32-32-4-random-2_a50_s0_r0,,,"{""agents"": ""50"", ""comp_time"": ""16"", ""first_ms"": ""15.2"", ""makespan"": ""166"", ""makespan_lb"": ""85"", ""map_file"": ""maze-32-32-4.map"", ""pp_demote_rounds"": ""2"", ""pp_failed"": ""0"", ""pp_order"": ""shortest"", ""pp_plan_ms"": ""13.3"", ""pp_plan_soc"": ""3612"", ""pp_tl"": ""0"", ""pp_used"": ""1"", ""seed"": ""0"", ""soc"": ""3612"", ""soc_lb"": ""2225"", ""solved"": ""1"", ""solver"": ""planner"", ""sum_of_loss"": ""3216"", ""sum_of_loss_lb"": ""2225""}"
pp_guided_tl:shortest,PP-guided (shortest first),maze-32-32-4,maze-32-32-4-random-2,50,1,30.0,solved,0.031445,0.016,3612,166,3209,2225,85,1.623371,0,,/home/carsten/Projects/MAPF/MAPF Evaluator/results/pptl-maze-32-4/runs/pp_guided_tl_shortest/maze-32-32-4/maze-32-32-4-random-2_a50_s1_r0,,,"{""agents"": ""50"", ""comp_time"": ""16"", ""first_ms"": ""16.2"", ""makespan"": ""166"", ""makespan_lb"": ""85"", ""map_file"": ""maze-32-32-4.map"", ""pp_demote_rounds"": ""2"", ""pp_failed"": ""0"", ""pp_order"": ""shortest"", ""pp_plan_ms"": ""13.6"", ""pp_plan_soc"": ""3612"", ""pp_tl"": ""0"", ""pp_used"": ""1"", ""seed"": ""1"", ""soc"": ""3612"", ""soc_lb"": ""2225"", ""solved"": ""1"", ""solver"": ""planner"", ""sum_of_loss"": ""3216"", ""sum_of_loss_lb"": ""2225""}"
pp_guided_tl:shortest,PP-guided (shortest first),maze-32-32-4,maze-32-32-4-random-2,50,2,30.0,solved,0.03148,0.016,3612,166,3209,2225,85,1.623371,0,,/home/carsten/Projects/MAPF/MAPF Evaluator/results/pptl-maze-32-4/runs/pp_guided_tl_shortest/maze-32-32-4/maze-32-32-4-random-2_a50_s2_r0,,,"{""agents"": ""50"", ""comp_time"": ""16"", ""first_ms"": ""16.3"", ""makespan"": ""166"", ""makespan_lb"": ""85"", ""map_file"": ""maze-32-32-4.map"", ""pp_demote_rounds"": ""2"", ""pp_failed"": ""0"", ""pp_order"": ""shortest"", ""pp_plan_ms"": ""13.5"", ""pp_plan_soc"": ""3612"", ""pp_tl"": ""0"", ""pp_used"": ""1"", ""seed"": ""2"", ""soc"": ""3612"", ""soc_lb"": ""2225"", ""solved"": ""1"", ""solver"": ""planner"", ""sum_of_loss"": ""3216"", ""sum_of_loss_lb"": ""2225""}"
pp_guided_tl:shortest_tl,PP-guided (shortest first) + traffic load in SIPP,maze-32-32-4,maze-32-32-4-random-2,50,0,30.0,solved,0.031502,0.019,3653,174,3412,2225,85,1.641798,0,,/home/carsten/Projects/MAPF/MAPF Evaluator/results/pptl-maze-32-4/runs/pp_guided_tl_shortest_tl/maze-32-32-4/maze-32-32-4-random-2_a50_s0_r0,,,"{""agents"": ""50"", ""comp_time"": ""19"", ""first_ms"": ""19.3"", ""makespan"": ""174"", ""makespan_lb"": ""85"", ""map_file"": ""maze-32-32-4.map"", ""pp_demote_rounds"": ""2"", ""pp_failed"": ""0"", ""pp_order"": ""shortest"", ""pp_plan_ms"": ""16.3"", ""pp_plan_soc"": ""3653"", ""pp_tl"": ""1"", ""pp_used"": ""1"", ""seed"": ""0"", ""soc"": ""3653"", ""soc_lb"": ""2225"", ""solved"": ""1"", ""solver"": ""planner"", ""sum_of_loss"": ""3416"", ""sum_of_loss_lb"": ""2225""}"
pp_guided_tl:shortest_tl,PP-guided (shortest first) + traffic load in SIPP,maze-32-32-4,maze-32-32-4-random-2,50,1,30.0,solved,0.031594,0.019,3653,174,3412,2225,85,1.641798,0,,/home/carsten/Projects/MAPF/MAPF Evaluator/results/pptl-maze-32-4/runs/pp_guided_tl_shortest_tl/maze-32-32-4/maze-32-32-4-random-2_a50_s1_r0,,,"{""agents"": ""50"", ""comp_time"": ""19"", ""first_ms"": ""19.4"", ""makespan"": ""174"", ""makespan_lb"": ""85"", ""map_file"": ""maze-32-32-4.map"", ""pp_demote_rounds"": ""2"", ""pp_failed"": ""0"", ""pp_order"": ""shortest"", ""pp_plan_ms"": ""16.6"", ""pp_plan_soc"": ""3653"", ""pp_tl"": ""1"", ""pp_used"": ""1"", ""seed"": ""1"", ""soc"": ""3653"", ""soc_lb"": ""2225"", ""solved"": ""1"", ""solver"": ""planner"", ""sum_of_loss"": ""3416"", ""sum_of_loss_lb"": ""2225""}"
pp_guided_tl:traffic_tl,PP-guided (traffic-last) + traffic load in SIPP,maze-32-32-4,maze-32-32-4-random-1,200,0,30.0,solved,0.910352,0.848,24758,336,18457,9160,102,2.702838,0,,/home/carsten/Projects/MAPF/MAPF Evaluator/results/pptl-maze-32-4/runs/pp_guided_tl_traffic_tl/maze-32-32-4/maze-32-32-4-random-1_a200_s0_r0,,,"{""agents"": ""200"", ""comp_time"": ""848"", ""first_ms"": ""847.7"", ""makespan"": ""336"", ""makespan_lb"": ""102"", ""map_file"": ""maze-32-32-4.map"", ""pp_demote_rounds"": ""15"", ""pp_failed"": ""5"", ""pp_order"": ""traffic-last"", ""pp_plan_ms"": ""785.5"", ""pp_plan_soc"": ""36996"", ""pp_tl"": ""1"", ""pp_used"": ""0"", ""seed"": ""0"", ""soc"": ""24758"", ""soc_lb"": ""9160"", ""solved"": ""1"", ""solver"": ""planner"", ""sum_of_loss"": ""18955"", ""sum_of_loss_lb"": ""9160""}"
pp_guided_tl:shortest_tl,PP-guided (shortest first) + traffic load in SIPP,maze-32-32-4,maze-32-32-4-random-2,50,2,30.0,solved,0.064151,0.019,3653,174,3412,2225,85,1.641798,0,,/home/carsten/Projects/MAPF/MAPF Evaluator/results/pptl-maze-32-4/runs/pp_guided_tl_shortest_tl/maze-32-32-4/maze-32-32-4-random-2_a50_s2_r0,,,"{""agents"": ""50"", ""comp_time"": ""19"", ""first_ms"": ""19.3"", ""makespan"": ""174"", ""makespan_lb"": ""85"", ""map_file"": ""maze-32-32-4.map"", ""pp_demote_rounds"": ""2"", ""pp_failed"": ""0"", ""pp_order"": ""shortest"", ""pp_plan_ms"": ""16.6"", ""pp_plan_soc"": ""3653"", ""pp_tl"": ""1"", ""pp_used"": ""1"", ""seed"": ""2"", ""soc"": ""3653"", ""soc_lb"": ""2225"", ""solved"": ""1"", ""solver"": ""planner"", ""sum_of_loss"": ""3416"", ""sum_of_loss_lb"": ""2225""}"
pp_guided_tl:traffic,PP-guided (traffic-last),maze-32-32-4,maze-32-32-4-random-2,50,0,30.0,solved,0.036997,0.011,4768,219,3770,2225,85,2.142921,0,,/home/carsten/Projects/MAPF/MAPF Evaluator/results/pptl-maze-32-4/runs/pp_guided_tl_traffic/maze-32-32-4/maze-32-32-4-random-2_a50_s0_r0,,,"{""agents"": ""50"", ""comp_time"": ""11"", ""first_ms"": ""11.0"", ""makespan"": ""219"", ""makespan_lb"": ""85"", ""map_file"": ""maze-32-32-4.map"", ""pp_demote_rounds"": ""0"", ""pp_failed"": ""0"", ""pp_order"": ""traffic-last"", ""pp_plan_ms"": ""8.2"", ""pp_plan_soc"": ""4768"", ""pp_tl"": ""0"", ""pp_used"": ""1"", ""seed"": ""0"", ""soc"": ""4768"", ""soc_lb"": ""2225"", ""solved"": ""1"", ""solver"": ""planner"", ""sum_of_loss"": ""3792"", ""sum_of_loss_lb"": ""2225""}"
pp_guided_tl:traffic,PP-guided (traffic-last),maze-32-32-4,maze-32-32-4-random-2,50,1,30.0,solved,0.020545,0.011,4768,219,3770,2225,85,2.142921,0,,/home/carsten/Projects/MAPF/MAPF Evaluator/results/pptl-maze-32-4/runs/pp_guided_tl_traffic/maze-32-32-4/maze-32-32-4-random-2_a50_s1_r0,,,"{""agents"": ""50"", ""comp_time"": ""11"", ""first_ms"": ""10.8"", ""makespan"": ""219"", ""makespan_lb"": ""85"", ""map_file"": ""maze-32-32-4.map"", ""pp_demote_rounds"": ""0"", ""pp_failed"": ""0"", ""pp_order"": ""traffic-last"", ""pp_plan_ms"": ""8.2"", ""pp_plan_soc"": ""4768"", ""pp_tl"": ""0"", ""pp_used"": ""1"", ""seed"": ""1"", ""soc"": ""4768"", ""soc_lb"": ""2225"", ""solved"": ""1"", ""solver"": ""planner"", ""sum_of_loss"": ""3792"", ""sum_of_loss_lb"": ""2225""}"
pp_guided_tl:traffic,PP-guided (traffic-last),maze-32-32-4,maze-32-32-4-random-2,50,2,30.0,solved,0.033439,0.011,4768,219,3770,2225,85,2.142921,0,,/home/carsten/Projects/MAPF/MAPF Evaluator/results/pptl-maze-32-4/runs/pp_guided_tl_traffic/maze-32-32-4/maze-32-32-4-random-2_a50_s2_r0,,,"{""agents"": ""50"", ""comp_time"": ""11"", ""first_ms"": ""10.7"", ""makespan"": ""219"", ""makespan_lb"": ""85"", ""map_file"": ""maze-32-32-4.map"", ""pp_demote_rounds"": ""0"", ""pp_failed"": ""0"", ""pp_order"": ""traffic-last"", ""pp_plan_ms"": ""8.2"", ""pp_plan_soc"": ""4768"", ""pp_tl"": ""0"", ""pp_used"": ""1"", ""seed"": ""2"", ""soc"": ""4768"", ""soc_lb"": ""2225"", ""solved"": ""1"", ""solver"": ""planner"", ""sum_of_loss"": ""3792"", ""sum_of_loss_lb"": ""2225""}"
pp_guided_tl:traffic_tl,PP-guided (traffic-last) + traffic load in SIPP,maze-32-32-4,maze-32-32-4-random-2,50,0,30.0,solved,0.039572,0.014,5116,253,4545,2225,85,2.299326,0,,/home/carsten/Projects/MAPF/MAPF Evaluator/results/pptl-maze-32-4/runs/pp_guided_tl_traffic_tl/maze-32-32-4/maze-32-32-4-random-2_a50_s0_r0,,,"{""agents"": ""50"", ""comp_time"": ""14"", ""first_ms"": ""14.1"", ""makespan"": ""253"", ""makespan_lb"": ""85"", ""map_file"": ""maze-32-32-4.map"", ""pp_demote_rounds"": ""0"", ""pp_failed"": ""0"", ""pp_order"": ""traffic-last"", ""pp_plan_ms"": ""10.1"", ""pp_plan_soc"": ""5116"", ""pp_tl"": ""1"", ""pp_used"": ""1"", ""seed"": ""0"", ""soc"": ""5116"", ""soc_lb"": ""2225"", ""solved"": ""1"", ""solver"": ""planner"", ""sum_of_loss"": ""4560"", ""sum_of_loss_lb"": ""2225""}"
pp_guided_tl:traffic_tl,PP-guided (traffic-last) + traffic load in SIPP,maze-32-32-4,maze-32-32-4-random-2,50,1,30.0,solved,0.027836,0.014,5116,253,4545,2225,85,2.299326,0,,/home/carsten/Projects/MAPF/MAPF Evaluator/results/pptl-maze-32-4/runs/pp_guided_tl_traffic_tl/maze-32-32-4/maze-32-32-4-random-2_a50_s1_r0,,,"{""agents"": ""50"", ""comp_time"": ""14"", ""first_ms"": ""14.1"", ""makespan"": ""253"", ""makespan_lb"": ""85"", ""map_file"": ""maze-32-32-4.map"", ""pp_demote_rounds"": ""0"", ""pp_failed"": ""0"", ""pp_order"": ""traffic-last"", ""pp_plan_ms"": ""10.0"", ""pp_plan_soc"": ""5116"", ""pp_tl"": ""1"", ""pp_used"": ""1"", ""seed"": ""1"", ""soc"": ""5116"", ""soc_lb"": ""2225"", ""solved"": ""1"", ""solver"": ""planner"", ""sum_of_loss"": ""4560"", ""sum_of_loss_lb"": ""2225""}"
pp_guided_tl:traffic_tl,PP-guided (traffic-last) + traffic load in SIPP,maze-32-32-4,maze-32-32-4-random-2,50,2,30.0,solved,0.020229,0.014,5116,253,4545,2225,85,2.299326,0,,/home/carsten/Projects/MAPF/MAPF Evaluator/results/pptl-maze-32-4/runs/pp_guided_tl_traffic_tl/maze-32-32-4/maze-32-32-4-random-2_a50_s2_r0,,,"{""agents"": ""50"", ""comp_time"": ""14"", ""first_ms"": ""13.2"", ""makespan"": ""253"", ""makespan_lb"": ""85"", ""map_file"": ""maze-32-32-4.map"", ""pp_demote_rounds"": ""0"", ""pp_failed"": ""0"", ""pp_order"": ""traffic-last"", ""pp_plan_ms"": ""10.0"", ""pp_plan_soc"": ""5116"", ""pp_tl"": ""1"", ""pp_used"": ""1"", ""seed"": ""2"", ""soc"": ""5116"", ""soc_lb"": ""2225"", ""solved"": ""1"", ""solver"": ""planner"", ""sum_of_loss"": ""4560"", ""sum_of_loss_lb"": ""2225""}"
pp_guided_tl:traffic_tl,PP-guided (traffic-last) + traffic load in SIPP,maze-32-32-4,maze-32-32-4-random-1,200,1,30.0,solved,0.905361,0.841,26523,305,19862,9160,102,2.895524,0,,/home/carsten/Projects/MAPF/MAPF Evaluator/results/pptl-maze-32-4/runs/pp_guided_tl_traffic_tl/maze-32-32-4/maze-32-32-4-random-1_a200_s1_r0,,,"{""agents"": ""200"", ""comp_time"": ""841"", ""first_ms"": ""841.6"", ""makespan"": ""305"", ""makespan_lb"": ""102"", ""map_file"": ""maze-32-32-4.map"", ""pp_demote_rounds"": ""15"", ""pp_failed"": ""5"", ""pp_order"": ""traffic-last"", ""pp_plan_ms"": ""789.3"", ""pp_plan_soc"": ""36996"", ""pp_tl"": ""1"", ""pp_used"": ""0"", ""seed"": ""1"", ""soc"": ""26523"", ""soc_lb"": ""9160"", ""solved"": ""1"", ""solver"": ""planner"", ""sum_of_loss"": ""20296"", ""sum_of_loss_lb"": ""9160""}"
pp_guided_tl:traffic_tl,PP-guided (traffic-last) + traffic load in SIPP,maze-32-32-4,maze-32-32-4-random-1,200,2,30.0,solved,0.890089,0.836,31441,348,20124,9160,102,3.432424,0,,/home/carsten/Projects/MAPF/MAPF Evaluator/results/pptl-maze-32-4/runs/pp_guided_tl_traffic_tl/maze-32-32-4/maze-32-32-4-random-1_a200_s2_r0,,,"{""agents"": ""200"", ""comp_time"": ""836"", ""first_ms"": ""835.9"", ""makespan"": ""348"", ""makespan_lb"": ""102"", ""map_file"": ""maze-32-32-4.map"", ""pp_demote_rounds"": ""15"", ""pp_failed"": ""5"", ""pp_order"": ""traffic-last"", ""pp_plan_ms"": ""788.5"", ""pp_plan_soc"": ""36996"", ""pp_tl"": ""1"", ""pp_used"": ""0"", ""seed"": ""2"", ""soc"": ""31441"", ""soc_lb"": ""9160"", ""solved"": ""1"", ""solver"": ""planner"", ""sum_of_loss"": ""20650"", ""sum_of_loss_lb"": ""9160""}"
pp_guided_tl:shortest,PP-guided (shortest first),maze-32-32-4,maze-32-32-4-random-2,100,0,30.0,solved,0.254681,0.189,5902,112,5390,4148,85,1.422854,0,,/home/carsten/Projects/MAPF/MAPF Evaluator/results/pptl-maze-32-4/runs/pp_guided_tl_shortest/maze-32-32-4/maze-32-32-4-random-2_a100_s0_r0,,,"{""agents"": ""100"", ""comp_time"": ""189"", ""first_ms"": ""188.9"", ""makespan"": ""112"", ""makespan_lb"": ""85"", ""map_file"": ""maze-32-32-4.map"", ""pp_demote_rounds"": ""15"", ""pp_failed"": ""1"", ""pp_order"": ""shortest"", ""pp_plan_ms"": ""178.2"", ""pp_plan_soc"": ""8071"", ""pp_tl"": ""0"", ""pp_used"": ""0"", ""seed"": ""0"", ""soc"": ""5902"", ""soc_lb"": ""4148"", ""solved"": ""1"", ""solver"": ""planner"", ""sum_of_loss"": ""5456"", ""sum_of_loss_lb"": ""4148""}"
pp_guided_tl:shortest,PP-guided (shortest first),maze-32-32-4,maze-32-32-4-random-2,100,2,30.0,solved,0.247343,0.19,5550,92,5154,4148,85,1.337994,0,,/home/carsten/Projects/MAPF/MAPF Evaluator/results/pptl-maze-32-4/runs/pp_guided_tl_shortest/maze-32-32-4/maze-32-32-4-random-2_a100_s2_r0,,,"{""agents"": ""100"", ""comp_time"": ""190"", ""first_ms"": ""189.4"", ""makespan"": ""92"", ""makespan_lb"": ""85"", ""map_file"": ""maze-32-32-4.map"", ""pp_demote_rounds"": ""15"", ""pp_failed"": ""1"", ""pp_order"": ""shortest"", ""pp_plan_ms"": ""179.6"", ""pp_plan_soc"": ""8071"", ""pp_tl"": ""0"", ""pp_used"": ""0"", ""seed"": ""2"", ""soc"": ""5550"", ""soc_lb"": ""4148"", ""solved"": ""1"", ""solver"": ""planner"", ""sum_of_loss"": ""5204"", ""sum_of_loss_lb"": ""4148""}"
pp_guided_tl:shortest,PP-guided (shortest first),maze-32-32-4,maze-32-32-4-random-2,100,1,30.0,solved,0.242202,0.19,5795,97,5294,4148,85,1.397059,0,,/home/carsten/Projects/MAPF/MAPF Evaluator/results/pptl-maze-32-4/runs/pp_guided_tl_shortest/maze-32-32-4/maze-32-32-4-random-2_a100_s1_r0,,,"{""agents"": ""100"", ""comp_time"": ""190"", ""first_ms"": ""189.6"", ""makespan"": ""97"", ""makespan_lb"": ""85"", ""map_file"": ""maze-32-32-4.map"", ""pp_demote_rounds"": ""15"", ""pp_failed"": ""1"", ""pp_order"": ""shortest"", ""pp_plan_ms"": ""179.2"", ""pp_plan_soc"": ""8071"", ""pp_tl"": ""0"", ""pp_used"": ""0"", ""seed"": ""1"", ""soc"": ""5795"", ""soc_lb"": ""4148"", ""solved"": ""1"", ""solver"": ""planner"", ""sum_of_loss"": ""5352"", ""sum_of_loss_lb"": ""4148""}"
pp_guided_tl:shortest_tl,PP-guided (shortest first) + traffic load in SIPP,maze-32-32-4,maze-32-32-4-random-2,100,0,30.0,solved,0.229426,0.19,5601,87,5243,4148,85,1.350289,0,,/home/carsten/Projects/MAPF/MAPF Evaluator/results/pptl-maze-32-4/runs/pp_guided_tl_shortest_tl/maze-32-32-4/maze-32-32-4-random-2_a100_s0_r0,,,"{""agents"": ""100"", ""comp_time"": ""190"", ""first_ms"": ""189.8"", ""makespan"": ""87"", ""makespan_lb"": ""85"", ""map_file"": ""maze-32-32-4.map"", ""pp_demote_rounds"": ""14"", ""pp_failed"": ""0"", ""pp_order"": ""shortest"", ""pp_plan_ms"": ""185.7"", ""pp_plan_soc"": ""5601"", ""pp_tl"": ""1"", ""pp_used"": ""1"", ""seed"": ""0"", ""soc"": ""5601"", ""soc_lb"": ""4148"", ""solved"": ""1"", ""solver"": ""planner"", ""sum_of_loss"": ""5263"", ""sum_of_loss_lb"": ""4148""}"
pp_guided_tl:shortest_tl,PP-guided (shortest first) + traffic load in SIPP,maze-32-32-4,maze-32-32-4-random-2,100,1,30.0,solved,0.222762,0.193,5601,87,5243,4148,85,1.350289,0,,/home/carsten/Projects/MAPF/MAPF Evaluator/results/pptl-maze-32-4/runs/pp_guided_tl_shortest_tl/maze-32-32-4/maze-32-32-4-random-2_a100_s1_r0,,,"{""agents"": ""100"", ""comp_time"": ""193"", ""first_ms"": ""192.7"", ""makespan"": ""87"", ""makespan_lb"": ""85"", ""map_file"": ""maze-32-32-4.map"", ""pp_demote_rounds"": ""14"", ""pp_failed"": ""0"", ""pp_order"": ""shortest"", ""pp_plan_ms"": ""188.8"", ""pp_plan_soc"": ""5601"", ""pp_tl"": ""1"", ""pp_used"": ""1"", ""seed"": ""1"", ""soc"": ""5601"", ""soc_lb"": ""4148"", ""solved"": ""1"", ""solver"": ""planner"", ""sum_of_loss"": ""5263"", ""sum_of_loss_lb"": ""4148""}"
pp_guided_tl:traffic,PP-guided (traffic-last),maze-32-32-4,maze-32-32-4-random-2,100,0,30.0,solved,0.064554,0.022,5953,88,5051,4148,85,1.435149,0,,/home/carsten/Projects/MAPF/MAPF Evaluator/results/pptl-maze-32-4/runs/pp_guided_tl_traffic/maze-32-32-4/maze-32-32-4-random-2_a100_s0_r0,,,"{""agents"": ""100"", ""comp_time"": ""22"", ""first_ms"": ""22.1"", ""makespan"": ""88"", ""makespan_lb"": ""85"", ""map_file"": ""maze-32-32-4.map"", ""pp_demote_rounds"": ""2"", ""pp_failed"": ""0"", ""pp_order"": ""traffic-last"", ""pp_plan_ms"": ""18.3"", ""pp_plan_soc"": ""5953"", ""pp_tl"": ""0"", ""pp_used"": ""1"", ""seed"": ""0"", ""soc"": ""5953"", ""soc_lb"": ""4148"", ""solved"": ""1"", ""solver"": ""planner"", ""sum_of_loss"": ""5121"", ""sum_of_loss_lb"": ""4148""}"
pp_guided_tl:traffic,PP-guided (traffic-last),maze-32-32-4,maze-32-32-4-random-2,100,1,30.0,solved,0.038496,0.022,5953,88,5051,4148,85,1.435149,0,,/home/carsten/Projects/MAPF/MAPF Evaluator/results/pptl-maze-32-4/runs/pp_guided_tl_traffic/maze-32-32-4/maze-32-32-4-random-2_a100_s1_r0,,,"{""agents"": ""100"", ""comp_time"": ""22"", ""first_ms"": ""22.0"", ""makespan"": ""88"", ""makespan_lb"": ""85"", ""map_file"": ""maze-32-32-4.map"", ""pp_demote_rounds"": ""2"", ""pp_failed"": ""0"", ""pp_order"": ""traffic-last"", ""pp_plan_ms"": ""17.9"", ""pp_plan_soc"": ""5953"", ""pp_tl"": ""0"", ""pp_used"": ""1"", ""seed"": ""1"", ""soc"": ""5953"", ""soc_lb"": ""4148"", ""solved"": ""1"", ""solver"": ""planner"", ""sum_of_loss"": ""5121"", ""sum_of_loss_lb"": ""4148""}"
pp_guided_tl:traffic,PP-guided (traffic-last),maze-32-32-4,maze-32-32-4-random-2,100,2,30.0,solved,0.049935,0.022,5953,88,5051,4148,85,1.435149,0,,/home/carsten/Projects/MAPF/MAPF Evaluator/results/pptl-maze-32-4/runs/pp_guided_tl_traffic/maze-32-32-4/maze-32-32-4-random-2_a100_s2_r0,,,"{""agents"": ""100"", ""comp_time"": ""22"", ""first_ms"": ""21.8"", ""makespan"": ""88"", ""makespan_lb"": ""85"", ""map_file"": ""maze-32-32-4.map"", ""pp_demote_rounds"": ""2"", ""pp_failed"": ""0"", ""pp_order"": ""traffic-last"", ""pp_plan_ms"": ""18.5"", ""pp_plan_soc"": ""5953"", ""pp_tl"": ""0"", ""pp_used"": ""1"", ""seed"": ""2"", ""soc"": ""5953"", ""soc_lb"": ""4148"", ""solved"": ""1"", ""solver"": ""planner"", ""sum_of_loss"": ""5121"", ""sum_of_loss_lb"": ""4148""}"
pp_guided_tl:traffic_tl,PP-guided (traffic-last) + traffic load in SIPP,maze-32-32-4,maze-32-32-4-random-2,100,1,30.0,solved,0.047001,0.025,5601,88,5085,4148,85,1.350289,0,,/home/carsten/Projects/MAPF/MAPF Evaluator/results/pptl-maze-32-4/runs/pp_guided_tl_traffic_tl/maze-32-32-4/maze-32-32-4-random-2_a100_s1_r0,,,"{""agents"": ""100"", ""comp_time"": ""25"", ""first_ms"": ""25.0"", ""makespan"": ""88"", ""makespan_lb"": ""85"", ""map_file"": ""maze-32-32-4.map"", ""pp_demote_rounds"": ""2"", ""pp_failed"": ""0"", ""pp_order"": ""traffic-last"", ""pp_plan_ms"": ""20.4"", ""pp_plan_soc"": ""5601"", ""pp_tl"": ""1"", ""pp_used"": ""1"", ""seed"": ""1"", ""soc"": ""5601"", ""soc_lb"": ""4148"", ""solved"": ""1"", ""solver"": ""planner"", ""sum_of_loss"": ""5127"", ""sum_of_loss_lb"": ""4148""}"
pp_guided_tl:traffic_tl,PP-guided (traffic-last) + traffic load in SIPP,maze-32-32-4,maze-32-32-4-random-2,100,0,30.0,solved,0.051538,0.025,5601,88,5085,4148,85,1.350289,0,,/home/carsten/Projects/MAPF/MAPF Evaluator/results/pptl-maze-32-4/runs/pp_guided_tl_traffic_tl/maze-32-32-4/maze-32-32-4-random-2_a100_s0_r0,,,"{""agents"": ""100"", ""comp_time"": ""25"", ""first_ms"": ""25.0"", ""makespan"": ""88"", ""makespan_lb"": ""85"", ""map_file"": ""maze-32-32-4.map"", ""pp_demote_rounds"": ""2"", ""pp_failed"": ""0"", ""pp_order"": ""traffic-last"", ""pp_plan_ms"": ""20.6"", ""pp_plan_soc"": ""5601"", ""pp_tl"": ""1"", ""pp_used"": ""1"", ""seed"": ""0"", ""soc"": ""5601"", ""soc_lb"": ""4148"", ""solved"": ""1"", ""solver"": ""planner"", ""sum_of_loss"": ""5127"", ""sum_of_loss_lb"": ""4148""}"
pp_guided_tl:traffic_tl,PP-guided (traffic-last) + traffic load in SIPP,maze-32-32-4,maze-32-32-4-random-2,100,2,30.0,solved,0.067072,0.025,5601,88,5085,4148,85,1.350289,0,,/home/carsten/Projects/MAPF/MAPF Evaluator/results/pptl-maze-32-4/runs/pp_guided_tl_traffic_tl/maze-32-32-4/maze-32-32-4-random-2_a100_s2_r0,,,"{""agents"": ""100"", ""comp_time"": ""25"", ""first_ms"": ""24.8"", ""makespan"": ""88"", ""makespan_lb"": ""85"", ""map_file"": ""maze-32-32-4.map"", ""pp_demote_rounds"": ""2"", ""pp_failed"": ""0"", ""pp_order"": ""traffic-last"", ""pp_plan_ms"": ""20.7"", ""pp_plan_soc"": ""5601"", ""pp_tl"": ""1"", ""pp_used"": ""1"", ""seed"": ""2"", ""soc"": ""5601"", ""soc_lb"": ""4148"", ""solved"": ""1"", ""solver"": ""planner"", ""sum_of_loss"": ""5127"", ""sum_of_loss_lb"": ""4148""}"
pp_guided_tl:shortest_tl,PP-guided (shortest first) + traffic load in SIPP,maze-32-32-4,maze-32-32-4-random-2,100,2,30.0,solved,0.307109,0.191,5601,87,5243,4148,85,1.350289,0,,/home/carsten/Projects/MAPF/MAPF Evaluator/results/pptl-maze-32-4/runs/pp_guided_tl_shortest_tl/maze-32-32-4/maze-32-32-4-random-2_a100_s2_r0,,,"{""agents"": ""100"", ""comp_time"": ""191"", ""first_ms"": ""190.7"", ""makespan"": ""87"", ""makespan_lb"": ""85"", ""map_file"": ""maze-32-32-4.map"", ""pp_demote_rounds"": ""14"", ""pp_failed"": ""0"", ""pp_order"": ""shortest"", ""pp_plan_ms"": ""187.0"", ""pp_plan_soc"": ""5601"", ""pp_tl"": ""1"", ""pp_used"": ""1"", ""seed"": ""2"", ""soc"": ""5601"", ""soc_lb"": ""4148"", ""solved"": ""1"", ""solver"": ""planner"", ""sum_of_loss"": ""5263"", ""sum_of_loss_lb"": ""4148""}"
pp_guided_tl:shortest,PP-guided (shortest first),maze-32-32-4,maze-32-32-4-random-2,150,1,30.0,solved,0.518553,0.473,12109,221,10892,6327,92,1.913861,0,,/home/carsten/Projects/MAPF/MAPF Evaluator/results/pptl-maze-32-4/runs/pp_guided_tl_shortest/maze-32-32-4/maze-32-32-4-random-2_a150_s1_r0,,,"{""agents"": ""150"", ""comp_time"": ""473"", ""first_ms"": ""472.8"", ""makespan"": ""221"", ""makespan_lb"": ""92"", ""map_file"": ""maze-32-32-4.map"", ""pp_demote_rounds"": ""15"", ""pp_failed"": ""3"", ""pp_order"": ""shortest"", ""pp_plan_ms"": ""444.7"", ""pp_plan_soc"": ""17216"", ""pp_tl"": ""0"", ""pp_used"": ""0"", ""seed"": ""1"", ""soc"": ""12109"", ""soc_lb"": ""6327"", ""solved"": ""1"", ""solver"": ""planner"", ""sum_of_loss"": ""11098"", ""sum_of_loss_lb"": ""6327""}"
pp_guided_tl:shortest,PP-guided (shortest first),maze-32-32-4,maze-32-32-4-random-2,150,0,30.0,solved,0.537314,0.475,11362,210,10092,6327,92,1.795796,0,,/home/carsten/Projects/MAPF/MAPF Evaluator/results/pptl-maze-32-4/runs/pp_guided_tl_shortest/maze-32-32-4/maze-32-32-4-random-2_a150_s0_r0,,,"{""agents"": ""150"", ""comp_time"": ""475"", ""first_ms"": ""474.3"", ""makespan"": ""210"", ""makespan_lb"": ""92"", ""map_file"": ""maze-32-32-4.map"", ""pp_demote_rounds"": ""15"", ""pp_failed"": ""3"", ""pp_order"": ""shortest"", ""pp_plan_ms"": ""450.5"", ""pp_plan_soc"": ""17216"", ""pp_tl"": ""0"", ""pp_used"": ""0"", ""seed"": ""0"", ""soc"": ""11362"", ""soc_lb"": ""6327"", ""solved"": ""1"", ""solver"": ""planner"", ""sum_of_loss"": ""10261"", ""sum_of_loss_lb"": ""6327""}"
pp_guided_tl:shortest,PP-guided (shortest first),maze-32-32-4,maze-32-32-4-random-2,150,2,30.0,solved,0.581501,0.503,12563,250,10398,6327,92,1.985617,0,,/home/carsten/Projects/MAPF/MAPF Evaluator/results/pptl-maze-32-4/runs/pp_guided_tl_shortest/maze-32-32-4/maze-32-32-4-random-2_a150_s2_r0,,,"{""agents"": ""150"", ""comp_time"": ""503"", ""first_ms"": ""503.0"", ""makespan"": ""250"", ""makespan_lb"": ""92"", ""map_file"": ""maze-32-32-4.map"", ""pp_demote_rounds"": ""15"", ""pp_failed"": ""3"", ""pp_order"": ""shortest"", ""pp_plan_ms"": ""451.7"", ""pp_plan_soc"": ""17216"", ""pp_tl"": ""0"", ""pp_used"": ""0"", ""seed"": ""2"", ""soc"": ""12563"", ""soc_lb"": ""6327"", ""solved"": ""1"", ""solver"": ""planner"", ""sum_of_loss"": ""10608"", ""sum_of_loss_lb"": ""6327""}"
pp_guided_tl:shortest_tl,PP-guided (shortest first) + traffic load in SIPP,maze-32-32-4,maze-32-32-4-random-2,150,0,30.0,solved,0.540497,0.469,11362,210,10092,6327,92,1.795796,0,,/home/carsten/Projects/MAPF/MAPF Evaluator/results/pptl-maze-32-4/runs/pp_guided_tl_shortest_tl/maze-32-32-4/maze-32-32-4-random-2_a150_s0_r0,,,"{""agents"": ""150"", ""comp_time"": ""469"", ""first_ms"": ""468.5"", ""makespan"": ""210"", ""makespan_lb"": ""92"", ""map_file"": ""maze-32-32-4.map"", ""pp_demote_rounds"": ""15"", ""pp_failed"": ""3"", ""pp_order"": ""shortest"", ""pp_plan_ms"": ""443.2"", ""pp_plan_soc"": ""19211"", ""pp_tl"": ""1"", ""pp_used"": ""0"", ""seed"": ""0"", ""soc"": ""11362"", ""soc_lb"": ""6327"", ""solved"": ""1"", ""solver"": ""planner"", ""sum_of_loss"": ""10261"", ""sum_of_loss_lb"": ""6327""}"
pp_guided_tl:shortest_tl,PP-guided (shortest first) + traffic load in SIPP,maze-32-32-4,maze-32-32-4-random-2,150,1,30.0,solved,0.52815,0.473,12109,221,10892,6327,92,1.913861,0,,/home/carsten/Projects/MAPF/MAPF Evaluator/results/pptl-maze-32-4/runs/pp_guided_tl_shortest_tl/maze-32-32-4/maze-32-32-4-random-2_a150_s1_r0,,,"{""agents"": ""150"", ""comp_time"": ""473"", ""first_ms"": ""473.8"", ""makespan"": ""221"", ""makespan_lb"": ""92"", ""map_file"": ""maze-32-32-4.map"", ""pp_demote_rounds"": ""15"", ""pp_failed"": ""3"", ""pp_order"": ""shortest"", ""pp_plan_ms"": ""444.9"", ""pp_plan_soc"": ""19211"", ""pp_tl"": ""1"", ""pp_used"": ""0"", ""seed"": ""1"", ""soc"": ""12109"", ""soc_lb"": ""6327"", ""solved"": ""1"", ""solver"": ""planner"", ""sum_of_loss"": ""11098"", ""sum_of_loss_lb"": ""6327""}"
pp_guided_tl:traffic,PP-guided (traffic-last),maze-32-32-4,maze-32-32-4-random-2,150,0,30.0,solved,0.490281,0.451,11362,210,10092,6327,92,1.795796,0,,/home/carsten/Projects/MAPF/MAPF Evaluator/results/pptl-maze-32-4/runs/pp_guided_tl_traffic/maze-32-32-4/maze-32-32-4-random-2_a150_s0_r0,,,"{""agents"": ""150"", ""comp_time"": ""451"", ""first_ms"": ""451.4"", ""makespan"": ""210"", ""makespan_lb"": ""92"", ""map_file"": ""maze-32-32-4.map"", ""pp_demote_rounds"": ""15"", ""pp_failed"": ""3"", ""pp_order"": ""traffic-last"", ""pp_plan_ms"": ""426.2"", ""pp_plan_soc"": ""16968"", ""pp_tl"": ""0"", ""pp_used"": ""0"", ""seed"": ""0"", ""soc"": ""11362"", ""soc_lb"": ""6327"", ""solved"": ""1"", ""solver"": ""planner"", ""sum_of_loss"": ""10261"", ""sum_of_loss_lb"": ""6327""}"
pp_guided_tl:traffic,PP-guided (traffic-last),maze-32-32-4,maze-32-32-4-random-2,150,1,30.0,solved,0.525296,0.458,12109,221,10892,6327,92,1.913861,0,,/home/carsten/Projects/MAPF/MAPF Evaluator/results/pptl-maze-32-4/runs/pp_guided_tl_traffic/maze-32-32-4/maze-32-32-4-random-2_a150_s1_r0,,,"{""agents"": ""150"", ""comp_time"": ""458"", ""first_ms"": ""458.1"", ""makespan"": ""221"", ""makespan_lb"": ""92"", ""map_file"": ""maze-32-32-4.map"", ""pp_demote_rounds"": ""15"", ""pp_failed"": ""3"", ""pp_order"": ""traffic-last"", ""pp_plan_ms"": ""429.5"", ""pp_plan_soc"": ""16968"", ""pp_tl"": ""0"", ""pp_used"": ""0"", ""seed"": ""1"", ""soc"": ""12109"", ""soc_lb"": ""6327"", ""solved"": ""1"", ""solver"": ""planner"", ""sum_of_loss"": ""11098"", ""sum_of_loss_lb"": ""6327""}"
pp_guided_tl:shortest_tl,PP-guided (shortest first) + traffic load in SIPP,maze-32-32-4,maze-32-32-4-random-2,150,2,30.0,solved,0.646191,0.492,12563,250,10398,6327,92,1.985617,0,,/home/carsten/Projects/MAPF/MAPF Evaluator/results/pptl-maze-32-4/runs/pp_guided_tl_shortest_tl/maze-32-32-4/maze-32-32-4-random-2_a150_s2_r0,,,"{""agents"": ""150"", ""comp_time"": ""492"", ""first_ms"": ""492.0"", ""makespan"": ""250"", ""makespan_lb"": ""92"", ""map_file"": ""maze-32-32-4.map"", ""pp_demote_rounds"": ""15"", ""pp_failed"": ""3"", ""pp_order"": ""shortest"", ""pp_plan_ms"": ""440.2"", ""pp_plan_soc"": ""19211"", ""pp_tl"": ""1"", ""pp_used"": ""0"", ""seed"": ""2"", ""soc"": ""12563"", ""soc_lb"": ""6327"", ""solved"": ""1"", ""solver"": ""planner"", ""sum_of_loss"": ""10608"", ""sum_of_loss_lb"": ""6327""}"
pp_guided_tl:traffic,PP-guided (traffic-last),maze-32-32-4,maze-32-32-4-random-2,150,2,30.0,solved,0.52009,0.481,12563,250,10398,6327,92,1.985617,0,,/home/carsten/Projects/MAPF/MAPF Evaluator/results/pptl-maze-32-4/runs/pp_guided_tl_traffic/maze-32-32-4/maze-32-32-4-random-2_a150_s2_r0,,,"{""agents"": ""150"", ""comp_time"": ""481"", ""first_ms"": ""480.9"", ""makespan"": ""250"", ""makespan_lb"": ""92"", ""map_file"": ""maze-32-32-4.map"", ""pp_demote_rounds"": ""15"", ""pp_failed"": ""3"", ""pp_order"": ""traffic-last"", ""pp_plan_ms"": ""429.4"", ""pp_plan_soc"": ""16968"", ""pp_tl"": ""0"", ""pp_used"": ""0"", ""seed"": ""2"", ""soc"": ""12563"", ""soc_lb"": ""6327"", ""solved"": ""1"", ""solver"": ""planner"", ""sum_of_loss"": ""10608"", ""sum_of_loss_lb"": ""6327""}"
pp_guided_tl:traffic_tl,PP-guided (traffic-last) + traffic load in SIPP,maze-32-32-4,maze-32-32-4-random-2,150,0,30.0,solved,0.511306,0.418,11362,210,10092,6327,92,1.795796,0,,/home/carsten/Projects/MAPF/MAPF Evaluator/results/pptl-maze-32-4/runs/pp_guided_tl_traffic_tl/maze-32-32-4/maze-32-32-4-random-2_a150_s0_r0,,,"{""agents"": ""150"", ""comp_time"": ""418"", ""first_ms"": ""417.5"", ""makespan"": ""210"", ""makespan_lb"": ""92"", ""map_file"": ""maze-32-32-4.map"", ""pp_demote_rounds"": ""15"", ""pp_failed"": ""3"", ""pp_order"": ""traffic-last"", ""pp_plan_ms"": ""392.3"", ""pp_plan_soc"": ""14359"", ""pp_tl"": ""1"", ""pp_used"": ""0"", ""seed"": ""0"", ""soc"": ""11362"", ""soc_lb"": ""6327"", ""solved"": ""1"", ""solver"": ""planner"", ""sum_of_loss"": ""10261"", ""sum_of_loss_lb"": ""6327""}"
pp_guided_tl:traffic_tl,PP-guided (traffic-last) + traffic load in SIPP,maze-32-32-4,maze-32-32-4-random-2,150,1,30.0,solved,0.444164,0.419,12109,221,10892,6327,92,1.913861,0,,/home/carsten/Projects/MAPF/MAPF Evaluator/results/pptl-maze-32-4/runs/pp_guided_tl_traffic_tl/maze-32-32-4/maze-32-32-4-random-2_a150_s1_r0,,,"{""agents"": ""150"", ""comp_time"": ""419"", ""first_ms"": ""419.0"", ""makespan"": ""221"", ""makespan_lb"": ""92"", ""map_file"": ""maze-32-32-4.map"", ""pp_demote_rounds"": ""15"", ""pp_failed"": ""3"", ""pp_order"": ""traffic-last"", ""pp_plan_ms"": ""389.9"", ""pp_plan_soc"": ""14359"", ""pp_tl"": ""1"", ""pp_used"": ""0"", ""seed"": ""1"", ""soc"": ""12109"", ""soc_lb"": ""6327"", ""solved"": ""1"", ""solver"": ""planner"", ""sum_of_loss"": ""11098"", ""sum_of_loss_lb"": ""6327""}"
pp_guided_tl:traffic_tl,PP-guided (traffic-last) + traffic load in SIPP,maze-32-32-4,maze-32-32-4-random-2,150,2,30.0,solved,0.543609,0.443,12563,250,10398,6327,92,1.985617,0,,/home/carsten/Projects/MAPF/MAPF Evaluator/results/pptl-maze-32-4/runs/pp_guided_tl_traffic_tl/maze-32-32-4/maze-32-32-4-random-2_a150_s2_r0,,,"{""agents"": ""150"", ""comp_time"": ""443"", ""first_ms"": ""443.1"", ""makespan"": ""250"", ""makespan_lb"": ""92"", ""map_file"": ""maze-32-32-4.map"", ""pp_demote_rounds"": ""15"", ""pp_failed"": ""3"", ""pp_order"": ""traffic-last"", ""pp_plan_ms"": ""390.8"", ""pp_plan_soc"": ""14359"", ""pp_tl"": ""1"", ""pp_used"": ""0"", ""seed"": ""2"", ""soc"": ""12563"", ""soc_lb"": ""6327"", ""solved"": ""1"", ""solver"": ""planner"", ""sum_of_loss"": ""10608"", ""sum_of_loss_lb"": ""6327""}"
pp_guided_tl:shortest,PP-guided (shortest first),maze-32-32-4,maze-32-32-4-random-2,200,0,30.0,solved,0.898088,0.86,19874,338,16207,8435,92,2.356135,0,,/home/carsten/Projects/MAPF/MAPF Evaluator/results/pptl-maze-32-4/runs/pp_guided_tl_shortest/maze-32-32-4/maze-32-32-4-random-2_a200_s0_r0,,,"{""agents"": ""200"", ""comp_time"": ""860"", ""first_ms"": ""859.5"", ""makespan"": ""338"", ""makespan_lb"": ""92"", ""map_file"": ""maze-32-32-4.map"", ""pp_demote_rounds"": ""15"", ""pp_failed"": ""3"", ""pp_order"": ""shortest"", ""pp_plan_ms"": ""808.7"", ""pp_plan_soc"": ""37699"", ""pp_tl"": ""0"", ""pp_used"": ""0"", ""seed"": ""0"", ""soc"": ""19874"", ""soc_lb"": ""8435"", ""solved"": ""1"", ""solver"": ""planner"", ""sum_of_loss"": ""16545"", ""sum_of_loss_lb"": ""8435""}"
pp_guided_tl:shortest,PP-guided (shortest first),maze-32-32-4,maze-32-32-4-random-2,200,1,30.0,solved,0.917497,0.854,19112,277,15789,8435,92,2.265797,0,,/home/carsten/Projects/MAPF/MAPF Evaluator/results/pptl-maze-32-4/runs/pp_guided_tl_shortest/maze-32-32-4/maze-32-32-4-random-2_a200_s1_r0,,,"{""agents"": ""200"", ""comp_time"": ""854"", ""first_ms"": ""853.1"", ""makespan"": ""277"", ""makespan_lb"": ""92"", ""map_file"": ""maze-32-32-4.map"", ""pp_demote_rounds"": ""15"", ""pp_failed"": ""3"", ""pp_order"": ""shortest"", ""pp_plan_ms"": ""795.1"", ""pp_plan_soc"": ""37699"", ""pp_tl"": ""0"", ""pp_used"": ""0"", ""seed"": ""1"", ""soc"": ""19112"", ""soc_lb"": ""8435"", ""solved"": ""1"", ""solver"": ""planner"", ""sum_of_loss"": ""16102"", ""sum_of_loss_lb"": ""8435""}"
pp_guided_tl:shortest,PP-guided (shortest first),maze-32-32-4,maze-32-32-4-random-2,200,2,30.0,solved,0.902017,0.849,20403,267,15741,8435,92,2.41885,0,,/home/carsten/Projects/MAPF/MAPF Evaluator/results/pptl-maze-32-4/runs/pp_guided_tl_shortest/maze-32-32-4/maze-32-32-4-random-2_a200_s2_r0,,,"{""agents"": ""200"", ""comp_time"": ""849"", ""first_ms"": ""849.1"", ""makespan"": ""267"", ""makespan_lb"": ""92"", ""map_file"": ""maze-32-32-4.map"", ""pp_demote_rounds"": ""15"", ""pp_failed"": ""3"", ""pp_order"": ""shortest"", ""pp_plan_ms"": ""800.7"", ""pp_plan_soc"": ""37699"", ""pp_tl"": ""0"", ""pp_used"": ""0"", ""seed"": ""2"", ""soc"": ""20403"", ""soc_lb"": ""8435"", ""solved"": ""1"", ""solver"": ""planner"", ""sum_of_loss"": ""16155"", ""sum_of_loss_lb"": ""8435""}"
pp_guided_tl:shortest_tl,PP-guided (shortest first) + traffic load in SIPP,maze-32-32-4,maze-32-32-4-random-2,200,0,30.0,solved,0.925964,0.87,19874,338,16207,8435,92,2.356135,0,,/home/carsten/Projects/MAPF/MAPF Evaluator/results/pptl-maze-32-4/runs/pp_guided_tl_shortest_tl/maze-32-32-4/maze-32-32-4-random-2_a200_s0_r0,,,"{""agents"": ""200"", ""comp_time"": ""870"", ""first_ms"": ""870.3"", ""makespan"": ""338"", ""makespan_lb"": ""92"", ""map_file"": ""maze-32-32-4.map"", ""pp_demote_rounds"": ""15"", ""pp_failed"": ""3"", ""pp_order"": ""shortest"", ""pp_plan_ms"": ""818.6"", ""pp_plan_soc"": ""38849"", ""pp_tl"": ""1"", ""pp_used"": ""0"", ""seed"": ""0"", ""soc"": ""19874"", ""soc_lb"": ""8435"", ""solved"": ""1"", ""solver"": ""planner"", ""sum_of_loss"": ""16545"", ""sum_of_loss_lb"": ""8435""}"
pp_guided_tl:shortest_tl,PP-guided (shortest first) + traffic load in SIPP,maze-32-32-4,maze-32-32-4-random-2,200,1,30.0,solved,0.933251,0.867,19112,277,15789,8435,92,2.265797,0,,/home/carsten/Projects/MAPF/MAPF Evaluator/results/pptl-maze-32-4/runs/pp_guided_tl_shortest_tl/maze-32-32-4/maze-32-32-4-random-2_a200_s1_r0,,,"{""agents"": ""200"", ""comp_time"": ""867"", ""first_ms"": ""866.9"", ""makespan"": ""277"", ""makespan_lb"": ""92"", ""map_file"": ""maze-32-32-4.map"", ""pp_demote_rounds"": ""15"", ""pp_failed"": ""3"", ""pp_order"": ""shortest"", ""pp_plan_ms"": ""806.5"", ""pp_plan_soc"": ""38849"", ""pp_tl"": ""1"", ""pp_used"": ""0"", ""seed"": ""1"", ""soc"": ""19112"", ""soc_lb"": ""8435"", ""solved"": ""1"", ""solver"": ""planner"", ""sum_of_loss"": ""16102"", ""sum_of_loss_lb"": ""8435""}"
pp_guided_tl:traffic,PP-guided (traffic-last),maze-32-32-4,maze-32-32-4-random-2,200,0,30.0,solved,0.757158,0.69,19874,338,16207,8435,92,2.356135,0,,/home/carsten/Projects/MAPF/MAPF Evaluator/results/pptl-maze-32-4/runs/pp_guided_tl_traffic/maze-32-32-4/maze-32-32-4-random-2_a200_s0_r0,,,"{""agents"": ""200"", ""comp_time"": ""690"", ""first_ms"": ""690.6"", ""makespan"": ""338"", ""makespan_lb"": ""92"", ""map_file"": ""maze-32-32-4.map"", ""pp_demote_rounds"": ""15"", ""pp_failed"": ""3"", ""pp_order"": ""traffic-last"", ""pp_plan_ms"": ""637.6"", ""pp_plan_soc"": ""32695"", ""pp_tl"": ""0"", ""pp_used"": ""0"", ""seed"": ""0"", ""soc"": ""19874"", ""soc_lb"": ""8435"", ""solved"": ""1"", ""solver"": ""planner"", ""sum_of_loss"": ""16545"", ""sum_of_loss_lb"": ""8435""}"
pp_guided_tl:traffic,PP-guided (traffic-last),maze-32-32-4,maze-32-32-4-random-2,200,1,30.0,solved,0.772799,0.692,19112,277,15789,8435,92,2.265797,0,,/home/carsten/Projects/MAPF/MAPF Evaluator/results/pptl-maze-32-4/runs/pp_guided_tl_traffic/maze-32-32-4/maze-32-32-4-random-2_a200_s1_r0,,,"{""agents"": ""200"", ""comp_time"": ""692"", ""first_ms"": ""692.5"", ""makespan"": ""277"", ""makespan_lb"": ""92"", ""map_file"": ""maze-32-32-4.map"", ""pp_demote_rounds"": ""15"", ""pp_failed"": ""3"", ""pp_order"": ""traffic-last"", ""pp_plan_ms"": ""631.8"", ""pp_plan_soc"": ""32695"", ""pp_tl"": ""0"", ""pp_used"": ""0"", ""seed"": ""1"", ""soc"": ""19112"", ""soc_lb"": ""8435"", ""solved"": ""1"", ""solver"": ""planner"", ""sum_of_loss"": ""16102"", ""sum_of_loss_lb"": ""8435""}"
pp_guided_tl:shortest_tl,PP-guided (shortest first) + traffic load in SIPP,maze-32-32-4,maze-32-32-4-random-2,200,2,30.0,solved,0.950007,0.86,20403,267,15741,8435,92,2.41885,0,,/home/carsten/Projects/MAPF/MAPF Evaluator/results/pptl-maze-32-4/runs/pp_guided_tl_shortest_tl/maze-32-32-4/maze-32-32-4-random-2_a200_s2_r0,,,"{""agents"": ""200"", ""comp_time"": ""860"", ""first_ms"": ""859.6"", ""makespan"": ""267"", ""makespan_lb"": ""92"", ""map_file"": ""maze-32-32-4.map"", ""pp_demote_rounds"": ""15"", ""pp_failed"": ""3"", ""pp_order"": ""shortest"", ""pp_plan_ms"": ""809.9"", ""pp_plan_soc"": ""38849"", ""pp_tl"": ""1"", ""pp_used"": ""0"", ""seed"": ""2"", ""soc"": ""20403"", ""soc_lb"": ""8435"", ""solved"": ""1"", ""solver"": ""planner"", ""sum_of_loss"": ""16155"", ""sum_of_loss_lb"": ""8435""}"
pp_guided_tl:traffic,PP-guided (traffic-last),maze-32-32-4,maze-32-32-4-random-2,200,2,30.0,solved,0.758059,0.684,20403,267,15741,8435,92,2.41885,0,,/home/carsten/Projects/MAPF/MAPF Evaluator/results/pptl-maze-32-4/runs/pp_guided_tl_traffic/maze-32-32-4/maze-32-32-4-random-2_a200_s2_r0,,,"{""agents"": ""200"", ""comp_time"": ""684"", ""first_ms"": ""683.9"", ""makespan"": ""267"", ""makespan_lb"": ""92"", ""map_file"": ""maze-32-32-4.map"", ""pp_demote_rounds"": ""15"", ""pp_failed"": ""3"", ""pp_order"": ""traffic-last"", ""pp_plan_ms"": ""635.0"", ""pp_plan_soc"": ""32695"", ""pp_tl"": ""0"", ""pp_used"": ""0"", ""seed"": ""2"", ""soc"": ""20403"", ""soc_lb"": ""8435"", ""solved"": ""1"", ""solver"": ""planner"", ""sum_of_loss"": ""16155"", ""sum_of_loss_lb"": ""8435""}"
pp_guided_tl:shortest,PP-guided (shortest first),maze-32-32-4,maze-32-32-4-random-3,50,0,30.0,solved,0.015501,0.006,2524,173,2524,2101,103,1.201333,0,,/home/carsten/Projects/MAPF/MAPF Evaluator/results/pptl-maze-32-4/runs/pp_guided_tl_shortest/maze-32-32-4/maze-32-32-4-random-3_a50_s0_r0,,,"{""agents"": ""50"", ""comp_time"": ""6"", ""first_ms"": ""6.5"", ""makespan"": ""173"", ""makespan_lb"": ""103"", ""map_file"": ""maze-32-32-4.map"", ""pp_demote_rounds"": ""0"", ""pp_failed"": ""0"", ""pp_order"": ""shortest"", ""pp_plan_ms"": ""3.6"", ""pp_plan_soc"": ""2524"", ""pp_tl"": ""0"", ""pp_used"": ""1"", ""seed"": ""0"", ""soc"": ""2524"", ""soc_lb"": ""2101"", ""solved"": ""1"", ""solver"": ""planner"", ""sum_of_loss"": ""2524"", ""sum_of_loss_lb"": ""2101""}"
pp_guided_tl:shortest,PP-guided (shortest first),maze-32-32-4,maze-32-32-4-random-3,50,1,30.0,solved,0.015436,0.006,2524,173,2524,2101,103,1.201333,0,,/home/carsten/Projects/MAPF/MAPF Evaluator/results/pptl-maze-32-4/runs/pp_guided_tl_shortest/maze-32-32-4/maze-32-32-4-random-3_a50_s1_r0,,,"{""agents"": ""50"", ""comp_time"": ""6"", ""first_ms"": ""6.4"", ""makespan"": ""173"", ""makespan_lb"": ""103"", ""map_file"": ""maze-32-32-4.map"", ""pp_demote_rounds"": ""0"", ""pp_failed"": ""0"", ""pp_order"": ""shortest"", ""pp_plan_ms"": ""3.7"", ""pp_plan_soc"": ""2524"", ""pp_tl"": ""0"", ""pp_used"": ""1"", ""seed"": ""1"", ""soc"": ""2524"", ""soc_lb"": ""2101"", ""solved"": ""1"", ""solver"": ""planner"", ""sum_of_loss"": ""2524"", ""sum_of_loss_lb"": ""2101""}"
pp_guided_tl:shortest,PP-guided (shortest first),maze-32-32-4,maze-32-32-4-random-3,50,2,30.0,solved,0.015476,0.006,2524,173,2524,2101,103,1.201333,0,,/home/carsten/Projects/MAPF/MAPF Evaluator/results/pptl-maze-32-4/runs/pp_guided_tl_shortest/maze-32-32-4/maze-32-32-4-random-3_a50_s2_r0,,,"{""agents"": ""50"", ""comp_time"": ""6"", ""first_ms"": ""6.7"", ""makespan"": ""173"", ""makespan_lb"": ""103"", ""map_file"": ""maze-32-32-4.map"", ""pp_demote_rounds"": ""0"", ""pp_failed"": ""0"", ""pp_order"": ""shortest"", ""pp_plan_ms"": ""3.6"", ""pp_plan_soc"": ""2524"", ""pp_tl"": ""0"", ""pp_used"": ""1"", ""seed"": ""2"", ""soc"": ""2524"", ""soc_lb"": ""2101"", ""solved"": ""1"", ""solver"": ""planner"", ""sum_of_loss"": ""2524"", ""sum_of_loss_lb"": ""2101""}"
pp_guided_tl:shortest_tl,PP-guided (shortest first) + traffic load in SIPP,maze-32-32-4,maze-32-32-4-random-3,50,0,30.0,solved,0.015446,0.008,2773,207,2765,2101,103,1.319848,0,,/home/carsten/Projects/MAPF/MAPF Evaluator/results/pptl-maze-32-4/runs/pp_guided_tl_shortest_tl/maze-32-32-4/maze-32-32-4-random-3_a50_s0_r0,,,"{""agents"": ""50"", ""comp_time"": ""8"", ""first_ms"": ""7.6"", ""makespan"": ""207"", ""makespan_lb"": ""103"", ""map_file"": ""maze-32-32-4.map"", ""pp_demote_rounds"": ""0"", ""pp_failed"": ""0"", ""pp_order"": ""shortest"", ""pp_plan_ms"": ""5.0"", ""pp_plan_soc"": ""2773"", ""pp_tl"": ""1"", ""pp_used"": ""1"", ""seed"": ""0"", ""soc"": ""2773"", ""soc_lb"": ""2101"", ""solved"": ""1"", ""solver"": ""planner"", ""sum_of_loss"": ""2766"", ""sum_of_loss_lb"": ""2101""}"
pp_guided_tl:traffic_tl,PP-guided (traffic-last) + traffic load in SIPP,maze-32-32-4,maze-32-32-4-random-2,200,1,30.0,solved,0.731915,0.683,19112,277,15789,8435,92,2.265797,0,,/home/carsten/Projects/MAPF/MAPF Evaluator/results/pptl-maze-32-4/runs/pp_guided_tl_traffic_tl/maze-32-32-4/maze-32-32-4-random-2_a200_s1_r0,,,"{""agents"": ""200"", ""comp_time"": ""683"", ""first_ms"": ""683.3"", ""makespan"": ""277"", ""makespan_lb"": ""92"", ""map_file"": ""maze-32-32-4.map"", ""pp_demote_rounds"": ""15"", ""pp_failed"": ""3"", ""pp_order"": ""traffic-last"", ""pp_plan_ms"": ""621.3"", ""pp_plan_soc"": ""26494"", ""pp_tl"": ""1"", ""pp_used"": ""0"", ""seed"": ""1"", ""soc"": ""19112"", ""soc_lb"": ""8435"", ""solved"": ""1"", ""solver"": ""planner"", ""sum_of_loss"": ""16102"", ""sum_of_loss_lb"": ""8435""}"
pp_guided_tl:traffic_tl,PP-guided (traffic-last) + traffic load in SIPP,maze-32-32-4,maze-32-32-4-random-2,200,0,30.0,solved,0.805609,0.672,19874,338,16207,8435,92,2.356135,0,,/home/carsten/Projects/MAPF/MAPF Evaluator/results/pptl-maze-32-4/runs/pp_guided_tl_traffic_tl/maze-32-32-4/maze-32-32-4-random-2_a200_s0_r0,,,"{""agents"": ""200"", ""comp_time"": ""672"", ""first_ms"": ""672.5"", ""makespan"": ""338"", ""makespan_lb"": ""92"", ""map_file"": ""maze-32-32-4.map"", ""pp_demote_rounds"": ""15"", ""pp_failed"": ""3"", ""pp_order"": ""traffic-last"", ""pp_plan_ms"": ""618.8"", ""pp_plan_soc"": ""26494"", ""pp_tl"": ""1"", ""pp_used"": ""0"", ""seed"": ""0"", ""soc"": ""19874"", ""soc_lb"": ""8435"", ""solved"": ""1"", ""solver"": ""planner"", ""sum_of_loss"": ""16545"", ""sum_of_loss_lb"": ""8435""}"
pp_guided_tl:traffic_tl,PP-guided (traffic-last) + traffic load in SIPP,maze-32-32-4,maze-32-32-4-random-2,200,2,30.0,solved,0.744964,0.668,20403,267,15741,8435,92,2.41885,0,,/home/carsten/Projects/MAPF/MAPF Evaluator/results/pptl-maze-32-4/runs/pp_guided_tl_traffic_tl/maze-32-32-4/maze-32-32-4-random-2_a200_s2_r0,,,"{""agents"": ""200"", ""comp_time"": ""668"", ""first_ms"": ""667.7"", ""makespan"": ""267"", ""makespan_lb"": ""92"", ""map_file"": ""maze-32-32-4.map"", ""pp_demote_rounds"": ""15"", ""pp_failed"": ""3"", ""pp_order"": ""traffic-last"", ""pp_plan_ms"": ""617.1"", ""pp_plan_soc"": ""26494"", ""pp_tl"": ""1"", ""pp_used"": ""0"", ""seed"": ""2"", ""soc"": ""20403"", ""soc_lb"": ""8435"", ""solved"": ""1"", ""solver"": ""planner"", ""sum_of_loss"": ""16155"", ""sum_of_loss_lb"": ""8435""}"
pp_guided_tl:shortest_tl,PP-guided (shortest first) + traffic load in SIPP,maze-32-32-4,maze-32-32-4-random-3,50,1,30.0,solved,0.11017,0.008,2773,207,2765,2101,103,1.319848,0,,/home/carsten/Projects/MAPF/MAPF Evaluator/results/pptl-maze-32-4/runs/pp_guided_tl_shortest_tl/maze-32-32-4/maze-32-32-4-random-3_a50_s1_r0,,,"{""agents"": ""50"", ""comp_time"": ""8"", ""first_ms"": ""7.8"", ""makespan"": ""207"", ""makespan_lb"": ""103"", ""map_file"": ""maze-32-32-4.map"", ""pp_demote_rounds"": ""0"", ""pp_failed"": ""0"", ""pp_order"": ""shortest"", ""pp_plan_ms"": ""4.9"", ""pp_plan_soc"": ""2773"", ""pp_tl"": ""1"", ""pp_used"": ""1"", ""seed"": ""1"", ""soc"": ""2773"", ""soc_lb"": ""2101"", ""solved"": ""1"", ""solver"": ""planner"", ""sum_of_loss"": ""2766"", ""sum_of_loss_lb"": ""2101""}"
pp_guided_tl:shortest_tl,PP-guided (shortest first) + traffic load in SIPP,maze-32-32-4,maze-32-32-4-random-3,50,2,30.0,solved,0.046077,0.008,2773,207,2765,2101,103,1.319848,0,,/home/carsten/Projects/MAPF/MAPF Evaluator/results/pptl-maze-32-4/runs/pp_guided_tl_shortest_tl/maze-32-32-4/maze-32-32-4-random-3_a50_s2_r0,,,"{""agents"": ""50"", ""comp_time"": ""8"", ""first_ms"": ""7.5"", ""makespan"": ""207"", ""makespan_lb"": ""103"", ""map_file"": ""maze-32-32-4.map"", ""pp_demote_rounds"": ""0"", ""pp_failed"": ""0"", ""pp_order"": ""shortest"", ""pp_plan_ms"": ""5.0"", ""pp_plan_soc"": ""2773"", ""pp_tl"": ""1"", ""pp_used"": ""1"", ""seed"": ""2"", ""soc"": ""2773"", ""soc_lb"": ""2101"", ""solved"": ""1"", ""solver"": ""planner"", ""sum_of_loss"": ""2766"", ""sum_of_loss_lb"": ""2101""}"
pp_guided_tl:traffic,PP-guided (traffic-last),maze-32-32-4,maze-32-32-4-random-3,50,0,30.0,solved,0.044921,0.006,2868,142,2325,2101,103,1.365064,0,,/home/carsten/Projects/MAPF/MAPF Evaluator/results/pptl-maze-32-4/runs/pp_guided_tl_traffic/maze-32-32-4/maze-32-32-4-random-3_a50_s0_r0,,,"{""agents"": ""50"", ""comp_time"": ""6"", ""first_ms"": ""6.0"", ""makespan"": ""142"", ""makespan_lb"": ""103"", ""map_file"": ""maze-32-32-4.map"", ""pp_demote_rounds"": ""0"", ""pp_failed"": ""0"", ""pp_order"": ""traffic-last"", ""pp_plan_ms"": ""3.5"", ""pp_plan_soc"": ""2868"", ""pp_tl"": ""0"", ""pp_used"": ""1"", ""seed"": ""0"", ""soc"": ""2868"", ""soc_lb"": ""2101"", ""solved"": ""1"", ""solver"": ""planner"", ""sum_of_loss"": ""2346"", ""sum_of_loss_lb"": ""2101""}"
pp_guided_tl:traffic,PP-guided (traffic-last),maze-32-32-4,maze-32-32-4-random-3,50,1,30.0,solved,0.053497,0.006,2868,142,2325,2101,103,1.365064,0,,/home/carsten/Projects/MAPF/MAPF Evaluator/results/pptl-maze-32-4/runs/pp_guided_tl_traffic/maze-32-32-4/maze-32-32-4-random-3_a50_s1_r0,,,"{""agents"": ""50"", ""comp_time"": ""6"", ""first_ms"": ""6.1"", ""makespan"": ""142"", ""makespan_lb"": ""103"", ""map_file"": ""maze-32-32-4.map"", ""pp_demote_rounds"": ""0"", ""pp_failed"": ""0"", ""pp_order"": ""traffic-last"", ""pp_plan_ms"": ""3.5"", ""pp_plan_soc"": ""2868"", ""pp_tl"": ""0"", ""pp_used"": ""1"", ""seed"": ""1"", ""soc"": ""2868"", ""soc_lb"": ""2101"", ""solved"": ""1"", ""solver"": ""planner"", ""sum_of_loss"": ""2346"", ""sum_of_loss_lb"": ""2101""}"
pp_guided_tl:traffic,PP-guided (traffic-last),maze-32-32-4,maze-32-32-4-random-3,50,2,30.0,solved,0.045471,0.006,2868,142,2325,2101,103,1.365064,0,,/home/carsten/Projects/MAPF/MAPF Evaluator/results/pptl-maze-32-4/runs/pp_guided_tl_traffic/maze-32-32-4/maze-32-32-4-random-3_a50_s2_r0,,,"{""agents"": ""50"", ""comp_time"": ""6"", ""first_ms"": ""6.0"", ""makespan"": ""142"", ""makespan_lb"": ""103"", ""map_file"": ""maze-32-32-4.map"", ""pp_demote_rounds"": ""0"", ""pp_failed"": ""0"", ""pp_order"": ""traffic-last"", ""pp_plan_ms"": ""3.5"", ""pp_plan_soc"": ""2868"", ""pp_tl"": ""0"", ""pp_used"": ""1"", ""seed"": ""2"", ""soc"": ""2868"", ""soc_lb"": ""2101"", ""solved"": ""1"", ""solver"": ""planner"", ""sum_of_loss"": ""2346"", ""sum_of_loss_lb"": ""2101""}"
pp_guided_tl:traffic_tl,PP-guided (traffic-last) + traffic load in SIPP,maze-32-32-4,maze-32-32-4-random-3,50,1,30.0,solved,0.036596,0.008,2633,142,2421,2101,103,1.253213,0,,/home/carsten/Projects/MAPF/MAPF Evaluator/results/pptl-maze-32-4/runs/pp_guided_tl_traffic_tl/maze-32-32-4/maze-32-32-4-random-3_a50_s1_r0,,,"{""agents"": ""50"", ""comp_time"": ""8"", ""first_ms"": ""8.0"", ""makespan"": ""142"", ""makespan_lb"": ""103"", ""map_file"": ""maze-32-32-4.map"", ""pp_demote_rounds"": ""0"", ""pp_failed"": ""0"", ""pp_order"": ""traffic-last"", ""pp_plan_ms"": ""5.2"", ""pp_plan_soc"": ""2633"", ""pp_tl"": ""1"", ""pp_used"": ""1"", ""seed"": ""1"", ""soc"": ""2633"", ""soc_lb"": ""2101"", ""solved"": ""1"", ""solver"": ""planner"", ""sum_of_loss"": ""2434"", ""sum_of_loss_lb"": ""2101""}"
pp_guided_tl:traffic_tl,PP-guided (traffic-last) + traffic load in SIPP,maze-32-32-4,maze-32-32-4-random-3,50,0,30.0,solved,0.02459,0.008,2633,142,2421,2101,103,1.253213,0,,/home/carsten/Projects/MAPF/MAPF Evaluator/results/pptl-maze-32-4/runs/pp_guided_tl_traffic_tl/maze-32-32-4/maze-32-32-4-random-3_a50_s0_r0,,,"{""agents"": ""50"", ""comp_time"": ""8"", ""first_ms"": ""8.2"", ""makespan"": ""142"", ""makespan_lb"": ""103"", ""map_file"": ""maze-32-32-4.map"", ""pp_demote_rounds"": ""0"", ""pp_failed"": ""0"", ""pp_order"": ""traffic-last"", ""pp_plan_ms"": ""5.1"", ""pp_plan_soc"": ""2633"", ""pp_tl"": ""1"", ""pp_used"": ""1"", ""seed"": ""0"", ""soc"": ""2633"", ""soc_lb"": ""2101"", ""solved"": ""1"", ""solver"": ""planner"", ""sum_of_loss"": ""2434"", ""sum_of_loss_lb"": ""2101""}"
pp_guided_tl:traffic_tl,PP-guided (traffic-last) + traffic load in SIPP,maze-32-32-4,maze-32-32-4-random-3,50,2,30.0,solved,0.044175,0.008,2633,142,2421,2101,103,1.253213,0,,/home/carsten/Projects/MAPF/MAPF Evaluator/results/pptl-maze-32-4/runs/pp_guided_tl_traffic_tl/maze-32-32-4/maze-32-32-4-random-3_a50_s2_r0,,,"{""agents"": ""50"", ""comp_time"": ""8"", ""first_ms"": ""8.2"", ""makespan"": ""142"", ""makespan_lb"": ""103"", ""map_file"": ""maze-32-32-4.map"", ""pp_demote_rounds"": ""0"", ""pp_failed"": ""0"", ""pp_order"": ""traffic-last"", ""pp_plan_ms"": ""5.2"", ""pp_plan_soc"": ""2633"", ""pp_tl"": ""1"", ""pp_used"": ""1"", ""seed"": ""2"", ""soc"": ""2633"", ""soc_lb"": ""2101"", ""solved"": ""1"", ""solver"": ""planner"", ""sum_of_loss"": ""2434"", ""sum_of_loss_lb"": ""2101""}"
pp_guided_tl:shortest,PP-guided (shortest first),maze-32-32-4,maze-32-32-4-random-3,100,0,30.0,solved,0.121796,0.032,7044,259,6864,4302,103,1.637378,0,,/home/carsten/Projects/MAPF/MAPF Evaluator/results/pptl-maze-32-4/runs/pp_guided_tl_shortest/maze-32-32-4/maze-32-32-4-random-3_a100_s0_r0,,,"{""agents"": ""100"", ""comp_time"": ""32"", ""first_ms"": ""32.1"", ""makespan"": ""259"", ""makespan_lb"": ""103"", ""map_file"": ""maze-32-32-4.map"", ""pp_demote_rounds"": ""1"", ""pp_failed"": ""0"", ""pp_order"": ""shortest"", ""pp_plan_ms"": ""25.7"", ""pp_plan_soc"": ""7044"", ""pp_tl"": ""0"", ""pp_used"": ""1"", ""seed"": ""0"", ""soc"": ""7044"", ""soc_lb"": ""4302"", ""solved"": ""1"", ""solver"": ""planner"", ""sum_of_loss"": ""6867"", ""sum_of_loss_lb"": ""4302""}"
pp_guided_tl:shortest,PP-guided (shortest first),maze-32-32-4,maze-32-32-4-random-3,100,1,30.0,solved,0.079164,0.033,7044,259,6864,4302,103,1.637378,0,,/home/carsten/Projects/MAPF/MAPF Evaluator/results/pptl-maze-32-4/runs/pp_guided_tl_shortest/maze-32-32-4/maze-32-32-4-random-3_a100_s1_r0,,,"{""agents"": ""100"", ""comp_time"": ""33"", ""first_ms"": ""32.4"", ""makespan"": ""259"", ""makespan_lb"": ""103"", ""map_file"": ""maze-32-32-4.map"", ""pp_demote_rounds"": ""1"", ""pp_failed"": ""0"", ""pp_order"": ""shortest"", ""pp_plan_ms"": ""25.7"", ""pp_plan_soc"": ""7044"", ""pp_tl"": ""0"", ""pp_used"": ""1"", ""seed"": ""1"", ""soc"": ""7044"", ""soc_lb"": ""4302"", ""solved"": ""1"", ""solver"": ""planner"", ""sum_of_loss"": ""6867"", ""sum_of_loss_lb"": ""4302""}"
pp_guided_tl:shortest,PP-guided (shortest first),maze-32-32-4,maze-32-32-4-random-3,100,2,30.0,solved,0.054095,0.032,7044,259,6864,4302,103,1.637378,0,,/home/carsten/Projects/MAPF/MAPF Evaluator/results/pptl-maze-32-4/runs/pp_guided_tl_shortest/maze-32-32-4/maze-32-32-4-random-3_a100_s2_r0,,,"{""agents"": ""100"", ""comp_time"": ""32"", ""first_ms"": ""31.9"", ""makespan"": ""259"", ""makespan_lb"": ""103"", ""map_file"": ""maze-32-32-4.map"", ""pp_demote_rounds"": ""1"", ""pp_failed"": ""0"", ""pp_order"": ""shortest"", ""pp_plan_ms"": ""25.9"", ""pp_plan_soc"": ""7044"", ""pp_tl"": ""0"", ""pp_used"": ""1"", ""seed"": ""2"", ""soc"": ""7044"", ""soc_lb"": ""4302"", ""solved"": ""1"", ""solver"": ""planner"", ""sum_of_loss"": ""6867"", ""sum_of_loss_lb"": ""4302""}"
pp_guided_tl:shortest_tl,PP-guided (shortest first) + traffic load in SIPP,maze-32-32-4,maze-32-32-4-random-3,100,0,30.0,solved,0.059297,0.037,9353,361,8578,4302,103,2.174105,0,,/home/carsten/Projects/MAPF/MAPF Evaluator/results/pptl-maze-32-4/runs/pp_guided_tl_shortest_tl/maze-32-32-4/maze-32-32-4-random-3_a100_s0_r0,,,"{""agents"": ""100"", ""comp_time"": ""37"", ""first_ms"": ""37.3"", ""makespan"": ""361"", ""makespan_lb"": ""103"", ""map_file"": ""maze-32-32-4.map"", ""pp_demote_rounds"": ""1"", ""pp_failed"": ""0"", ""pp_order"": ""shortest"", ""pp_plan_ms"": ""27.3"", ""pp_plan_soc"": ""9353"", ""pp_tl"": ""1"", ""pp_used"": ""1"", ""seed"": ""0"", ""soc"": ""9353"", ""soc_lb"": ""4302"", ""solved"": ""1"", ""solver"": ""planner"", ""sum_of_loss"": ""8583"", ""sum_of_loss_lb"": ""4302""}"
pp_guided_tl:shortest_tl,PP-guided (shortest first) + traffic load in SIPP,maze-32-32-4,maze-32-32-4-random-3,100,1,30.0,solved,0.077292,0.036,9353,361,8578,4302,103,2.174105,0,,/home/carsten/Projects/MAPF/MAPF Evaluator/results/pptl-maze-32-4/runs/pp_guided_tl_shortest_tl/maze-32-32-4/maze-32-32-4-random-3_a100_s1_r0,,,"{""agents"": ""100"", ""comp_time"": ""36"", ""first_ms"": ""36.9"", ""makespan"": ""361"", ""makespan_lb"": ""103"", ""map_file"": ""maze-32-32-4.map"", ""pp_demote_rounds"": ""1"", ""pp_failed"": ""0"", ""pp_order"": ""shortest"", ""pp_plan_ms"": ""27.6"", ""pp_plan_soc"": ""9353"", ""pp_tl"": ""1"", ""pp_used"": ""1"", ""seed"": ""1"", ""soc"": ""9353"", ""soc_lb"": ""4302"", ""solved"": ""1"", ""solver"": ""planner"", ""sum_of_loss"": ""8583"", ""sum_of_loss_lb"": ""4302""}"
pp_guided_tl:shortest_tl,PP-guided (shortest first) + traffic load in SIPP,maze-32-32-4,maze-32-32-4-random-3,100,2,30.0,solved,0.092565,0.037,9353,361,8578,4302,103,2.174105,0,,/home/carsten/Projects/MAPF/MAPF Evaluator/results/pptl-maze-32-4/runs/pp_guided_tl_shortest_tl/maze-32-32-4/maze-32-32-4-random-3_a100_s2_r0,,,"{""agents"": ""100"", ""comp_time"": ""37"", ""first_ms"": ""37.2"", ""makespan"": ""361"", ""makespan_lb"": ""103"", ""map_file"": ""maze-32-32-4.map"", ""pp_demote_rounds"": ""1"", ""pp_failed"": ""0"", ""pp_order"": ""shortest"", ""pp_plan_ms"": ""27.5"", ""pp_plan_soc"": ""9353"", ""pp_tl"": ""1"", ""pp_used"": ""1"", ""seed"": ""2"", ""soc"": ""9353"", ""soc_lb"": ""4302"", ""solved"": ""1"", ""solver"": ""planner"", ""sum_of_loss"": ""8583"", ""sum_of_loss_lb"": ""4302""}"
pp_guided_tl:traffic,PP-guided (traffic-last),maze-32-32-4,maze-32-32-4-random-3,100,0,30.0,solved,0.073726,0.022,8557,189,6648,4302,103,1.989075,0,,/home/carsten/Projects/MAPF/MAPF Evaluator/results/pptl-maze-32-4/runs/pp_guided_tl_traffic/maze-32-32-4/maze-32-32-4-random-3_a100_s0_r0,,,"{""agents"": ""100"", ""comp_time"": ""22"", ""first_ms"": ""22.7"", ""makespan"": ""189"", ""makespan_lb"": ""103"", ""map_file"": ""maze-32-32-4.map"", ""pp_demote_rounds"": ""0"", ""pp_failed"": ""0"", ""pp_order"": ""traffic-last"", ""pp_plan_ms"": ""16.8"", ""pp_plan_soc"": ""8557"", ""pp_tl"": ""0"", ""pp_used"": ""1"", ""seed"": ""0"", ""soc"": ""8557"", ""soc_lb"": ""4302"", ""solved"": ""1"", ""solver"": ""planner"", ""sum_of_loss"": ""6717"", ""sum_of_loss_lb"": ""4302""}"
pp_guided_tl:traffic,PP-guided (traffic-last),maze-32-32-4,maze-32-32-4-random-3,100,1,30.0,solved,0.058607,0.022,8557,189,6648,4302,103,1.989075,0,,/home/carsten/Projects/MAPF/MAPF Evaluator/results/pptl-maze-32-4/runs/pp_guided_tl_traffic/maze-32-32-4/maze-32-32-4-random-3_a100_s1_r0,,,"{""agents"": ""100"", ""comp_time"": ""22"", ""first_ms"": ""21.7"", ""makespan"": ""189"", ""makespan_lb"": ""103"", ""map_file"": ""maze-32-32-4.map"", ""pp_demote_rounds"": ""0"", ""pp_failed"": ""0"", ""pp_order"": ""traffic-last"", ""pp_plan_ms"": ""16.6"", ""pp_plan_soc"": ""8557"", ""pp_tl"": ""0"", ""pp_used"": ""1"", ""seed"": ""1"", ""soc"": ""8557"", ""soc_lb"": ""4302"", ""solved"": ""1"", ""solver"": ""planner"", ""sum_of_loss"": ""6717"", ""sum_of_loss_lb"": ""4302""}"
pp_guided_tl:traffic,PP-guided (traffic-last),maze-32-32-4,maze-32-32-4-random-3,100,2,30.0,solved,0.079259,0.022,8557,189,6648,4302,103,1.989075,0,,/home/carsten/Projects/MAPF/MAPF Evaluator/results/pptl-maze-32-4/runs/pp_guided_tl_traffic/maze-32-32-4/maze-32-32-4-random-3_a100_s2_r0,,,"{""agents"": ""100"", ""comp_time"": ""22"", ""first_ms"": ""21.9"", ""makespan"": ""189"", ""makespan_lb"": ""103"", ""map_file"": ""maze-32-32-4.map"", ""pp_demote_rounds"": ""0"", ""pp_failed"": ""0"", ""pp_order"": ""traffic-last"", ""pp_plan_ms"": ""16.7"", ""pp_plan_soc"": ""8557"", ""pp_tl"": ""0"", ""pp_used"": ""1"", ""seed"": ""2"", ""soc"": ""8557"", ""soc_lb"": ""4302"", ""solved"": ""1"", ""solver"": ""planner"", ""sum_of_loss"": ""6717"", ""sum_of_loss_lb"": ""4302""}"
pp_guided_tl:traffic_tl,PP-guided (traffic-last) + traffic load in SIPP,maze-32-32-4,maze-32-32-4-random-3,100,1,30.0,solved,0.070372,0.027,9125,221,7622,4302,103,2.121106,0,,/home/carsten/Projects/MAPF/MAPF Evaluator/results/pptl-maze-32-4/runs/pp_guided_tl_traffic_tl/maze-32-32-4/maze-32-32-4-random-3_a100_s1_r0,,,"{""agents"": ""100"", ""comp_time"": ""27"", ""first_ms"": ""27.5"", ""makespan"": ""221"", ""makespan_lb"": ""103"", ""map_file"": ""maze-32-32-4.map"", ""pp_demote_rounds"": ""0"", ""pp_failed"": ""0"", ""pp_order"": ""traffic-last"", ""pp_plan_ms"": ""20.2"", ""pp_plan_soc"": ""9125"", ""pp_tl"": ""1"", ""pp_used"": ""1"", ""seed"": ""1"", ""soc"": ""9125"", ""soc_lb"": ""4302"", ""solved"": ""1"", ""solver"": ""planner"", ""sum_of_loss"": ""7658"", ""sum_of_loss_lb"": ""4302""}"
pp_guided_tl:traffic_tl,PP-guided (traffic-last) + traffic load in SIPP,maze-32-32-4,maze-32-32-4-random-3,100,0,30.0,solved,0.097928,0.026,9125,221,7622,4302,103,2.121106,0,,/home/carsten/Projects/MAPF/MAPF Evaluator/results/pptl-maze-32-4/runs/pp_guided_tl_traffic_tl/maze-32-32-4/maze-32-32-4-random-3_a100_s0_r0,,,"{""agents"": ""100"", ""comp_time"": ""26"", ""first_ms"": ""26.3"", ""makespan"": ""221"", ""makespan_lb"": ""103"", ""map_file"": ""maze-32-32-4.map"", ""pp_demote_rounds"": ""0"", ""pp_failed"": ""0"", ""pp_order"": ""traffic-last"", ""pp_plan_ms"": ""19.9"", ""pp_plan_soc"": ""9125"", ""pp_tl"": ""1"", ""pp_used"": ""1"", ""seed"": ""0"", ""soc"": ""9125"", ""soc_lb"": ""4302"", ""solved"": ""1"", ""solver"": ""planner"", ""sum_of_loss"": ""7658"", ""sum_of_loss_lb"": ""4302""}"
pp_guided_tl:traffic_tl,PP-guided (traffic-last) + traffic load in SIPP,maze-32-32-4,maze-32-32-4-random-3,100,2,30.0,solved,0.089824,0.026,9125,221,7622,4302,103,2.121106,0,,/home/carsten/Projects/MAPF/MAPF Evaluator/results/pptl-maze-32-4/runs/pp_guided_tl_traffic_tl/maze-32-32-4/maze-32-32-4-random-3_a100_s2_r0,,,"{""agents"": ""100"", ""comp_time"": ""26"", ""first_ms"": ""26.3"", ""makespan"": ""221"", ""makespan_lb"": ""103"", ""map_file"": ""maze-32-32-4.map"", ""pp_demote_rounds"": ""0"", ""pp_failed"": ""0"", ""pp_order"": ""traffic-last"", ""pp_plan_ms"": ""19.9"", ""pp_plan_soc"": ""9125"", ""pp_tl"": ""1"", ""pp_used"": ""1"", ""seed"": ""2"", ""soc"": ""9125"", ""soc_lb"": ""4302"", ""solved"": ""1"", ""solver"": ""planner"", ""sum_of_loss"": ""7658"", ""sum_of_loss_lb"": ""4302""}"
pp_guided_tl:shortest,PP-guided (shortest first),maze-32-32-4,maze-32-32-4-random-3,150,0,30.0,solved,0.15331,0.09,13237,350,13105,6394,103,2.070222,0,,/home/carsten/Projects/MAPF/MAPF Evaluator/results/pptl-maze-32-4/runs/pp_guided_tl_shortest/maze-32-32-4/maze-32-32-4-random-3_a150_s0_r0,,,"{""agents"": ""150"", ""comp_time"": ""90"", ""first_ms"": ""90.4"", ""makespan"": ""350"", ""makespan_lb"": ""103"", ""map_file"": ""maze-32-32-4.map"", ""pp_demote_rounds"": ""2"", ""pp_failed"": ""0"", ""pp_order"": ""shortest"", ""pp_plan_ms"": ""77.8"", ""pp_plan_soc"": ""13237"", ""pp_tl"": ""0"", ""pp_used"": ""1"", ""seed"": ""0"", ""soc"": ""13237"", ""soc_lb"": ""6394"", ""solved"": ""1"", ""solver"": ""planner"", ""sum_of_loss"": ""13111"", ""sum_of_loss_lb"": ""6394""}"
pp_guided_tl:shortest,PP-guided (shortest first),maze-32-32-4,maze-32-32-4-random-3,150,1,30.0,solved,0.147034,0.091,13237,350,13105,6394,103,2.070222,0,,/home/carsten/Projects/MAPF/MAPF Evaluator/results/pptl-maze-32-4/runs/pp_guided_tl_shortest/maze-32-32-4/maze-32-32-4-random-3_a150_s1_r0,,,"{""agents"": ""150"", ""comp_time"": ""91"", ""first_ms"": ""90.8"", ""makespan"": ""350"", ""makespan_lb"": ""103"", ""map_file"": ""maze-32-32-4.map"", ""pp_demote_rounds"": ""2"", ""pp_failed"": ""0"", ""pp_order"": ""shortest"", ""pp_plan_ms"": ""78.1"", ""pp_plan_soc"": ""13237"", ""pp_tl"": ""0"", ""pp_used"": ""1"", ""seed"": ""1"", ""soc"": ""13237"", ""soc_lb"": ""6394"", ""solved"": ""1"", ""solver"": ""planner"", ""sum_of_loss"": ""13111"", ""sum_of_loss_lb"": ""6394""}"
pp_guided_tl:shortest_tl,PP-guided (shortest first) + traffic load in SIPP,maze-32-32-4,maze-32-32-4-random-3,150,0,30.0,solved,0.150476,0.076,15191,439,15089,6394,103,2.375821,0,,/home/carsten/Projects/MAPF/MAPF Evaluator/results/pptl-maze-32-4/runs/pp_guided_tl_shortest_tl/maze-32-32-4/maze-32-32-4-random-3_a150_s0_r0,,,"{""agents"": ""150"", ""comp_time"": ""76"", ""first_ms"": ""75.2"", ""makespan"": ""439"", ""makespan_lb"": ""103"", ""map_file"": ""maze-32-32-4.map"", ""pp_demote_rounds"": ""1"", ""pp_failed"": ""0"", ""pp_order"": ""shortest"", ""pp_plan_ms"": ""59.4"", ""pp_plan_soc"": ""15191"", ""pp_tl"": ""1"", ""pp_used"": ""1"", ""seed"": ""0"", ""soc"": ""15191"", ""soc_lb"": ""6394"", ""solved"": ""1"", ""solver"": ""planner"", ""sum_of_loss"": ""15093"", ""sum_of_loss_lb"": ""6394""}"
pp_guided_tl:shortest,PP-guided (shortest first),maze-32-32-4,maze-32-32-4-random-3,150,2,30.0,solved,0.196682,0.091,13237,350,13105,6394,103,2.070222,0,,/home/carsten/Projects/MAPF/MAPF Evaluator/results/pptl-maze-32-4/runs/pp_guided_tl_shortest/maze-32-32-4/maze-32-32-4-random-3_a150_s2_r0,,,"{""agents"": ""150"", ""comp_time"": ""91"", ""first_ms"": ""90.5"", ""makespan"": ""350"", ""makespan_lb"": ""103"", ""map_file"": ""maze-32-32-4.map"", ""pp_demote_rounds"": ""2"", ""pp_failed"": ""0"", ""pp_order"": ""shortest"", ""pp_plan_ms"": ""78.1"", ""pp_plan_soc"": ""13237"", ""pp_tl"": ""0"", ""pp_used"": ""1"", ""seed"": ""2"", ""soc"": ""13237"", ""soc_lb"": ""6394"", ""solved"": ""1"", ""solver"": ""planner"", ""sum_of_loss"": ""13111"", ""sum_of_loss_lb"": ""6394""}"
pp_guided_tl:shortest_tl,PP-guided (shortest first) + traffic load in SIPP,maze-32-32-4,maze-32-32-4-random-3,150,1,30.0,solved,0.133491,0.076,15191,439,15089,6394,103,2.375821,0,,/home/carsten/Projects/MAPF/MAPF Evaluator/results/pptl-maze-32-4/runs/pp_guided_tl_shortest_tl/maze-32-32-4/maze-32-32-4-random-3_a150_s1_r0,,,"{""agents"": ""150"", ""comp_time"": ""76"", ""first_ms"": ""76.2"", ""makespan"": ""439"", ""makespan_lb"": ""103"", ""map_file"": ""maze-32-32-4.map"", ""pp_demote_rounds"": ""1"", ""pp_failed"": ""0"", ""pp_order"": ""shortest"", ""pp_plan_ms"": ""61.0"", ""pp_plan_soc"": ""15191"", ""pp_tl"": ""1"", ""pp_used"": ""1"", ""seed"": ""1"", ""soc"": ""15191"", ""soc_lb"": ""6394"", ""solved"": ""1"", ""solver"": ""planner"", ""sum_of_loss"": ""15093"", ""sum_of_loss_lb"": ""6394""}"
pp_guided_tl:shortest_tl,PP-guided (shortest first) + traffic load in SIPP,maze-32-32-4,maze-32-32-4-random-3,150,2,30.0,solved,0.147281,0.077,15191,439,15089,6394,103,2.375821,0,,/home/carsten/Projects/MAPF/MAPF Evaluator/results/pptl-maze-32-4/runs/pp_guided_tl_shortest_tl/maze-32-32-4/maze-32-32-4-random-3_a150_s2_r0,,,"{""agents"": ""150"", ""comp_time"": ""77"", ""first_ms"": ""77.0"", ""makespan"": ""439"", ""makespan_lb"": ""103"", ""map_file"": ""maze-32-32-4.map"", ""pp_demote_rounds"": ""1"", ""pp_failed"": ""0"", ""pp_order"": ""shortest"", ""pp_plan_ms"": ""59.7"", ""pp_plan_soc"": ""15191"", ""pp_tl"": ""1"", ""pp_used"": ""1"", ""seed"": ""2"", ""soc"": ""15191"", ""soc_lb"": ""6394"", ""solved"": ""1"", ""solver"": ""planner"", ""sum_of_loss"": ""15093"", ""sum_of_loss_lb"": ""6394""}"
pp_guided_tl:traffic,PP-guided (traffic-last),maze-32-32-4,maze-32-32-4-random-3,150,1,30.0,solved,0.090965,0.047,15574,265,11103,6394,103,2.435721,0,,/home/carsten/Projects/MAPF/MAPF Evaluator/results/pptl-maze-32-4/runs/pp_guided_tl_traffic/maze-32-32-4/maze-32-32-4-random-3_a150_s1_r0,,,"{""agents"": ""150"", ""comp_time"": ""47"", ""first_ms"": ""46.5"", ""makespan"": ""265"", ""makespan_lb"": ""103"", ""map_file"": ""maze-32-32-4.map"", ""pp_demote_rounds"": ""0"", ""pp_failed"": ""0"", ""pp_order"": ""traffic-last"", ""pp_plan_ms"": ""35.6"", ""pp_plan_soc"": ""15574"", ""pp_tl"": ""0"", ""pp_used"": ""1"", ""seed"": ""1"", ""soc"": ""15574"", ""soc_lb"": ""6394"", ""solved"": ""1"", ""solver"": ""planner"", ""sum_of_loss"": ""11246"", ""sum_of_loss_lb"": ""6394""}"
pp_guided_tl:traffic,PP-guided (traffic-last),maze-32-32-4,maze-32-32-4-random-3,150,2,30.0,solved,0.080976,0.047,15574,265,11103,6394,103,2.435721,0,,/home/carsten/Projects/MAPF/MAPF Evaluator/results/pptl-maze-32-4/runs/pp_guided_tl_traffic/maze-32-32-4/maze-32-32-4-random-3_a150_s2_r0,,,"{""agents"": ""150"", ""comp_time"": ""47"", ""first_ms"": ""46.9"", ""makespan"": ""265"", ""makespan_lb"": ""103"", ""map_file"": ""maze-32-32-4.map"", ""pp_demote_rounds"": ""0"", ""pp_failed"": ""0"", ""pp_order"": ""traffic-last"", ""pp_plan_ms"": ""35.3"", ""pp_plan_soc"": ""15574"", ""pp_tl"": ""0"", ""pp_used"": ""1"", ""seed"": ""2"", ""soc"": ""15574"", ""soc_lb"": ""6394"", ""solved"": ""1"", ""solver"": ""planner"", ""sum_of_loss"": ""11246"", ""sum_of_loss_lb"": ""6394""}"
pp_guided_tl:traffic,PP-guided (traffic-last),maze-32-32-4,maze-32-32-4-random-3,150,0,30.0,solved,0.081079,0.046,15574,265,11103,6394,103,2.435721,0,,/home/carsten/Projects/MAPF/MAPF Evaluator/results/pptl-maze-32-4/runs/pp_guided_tl_traffic/maze-32-32-4/maze-32-32-4-random-3_a150_s0_r0,,,"{""agents"": ""150"", ""comp_time"": ""46"", ""first_ms"": ""46.4"", ""makespan"": ""265"", ""makespan_lb"": ""103"", ""map_file"": ""maze-32-32-4.map"", ""pp_demote_rounds"": ""0"", ""pp_failed"": ""0"", ""pp_order"": ""traffic-last"", ""pp_plan_ms"": ""35.2"", ""pp_plan_soc"": ""15574"", ""pp_tl"": ""0"", ""pp_used"": ""1"", ""seed"": ""0"", ""soc"": ""15574"", ""soc_lb"": ""6394"", ""solved"": ""1"", ""solver"": ""planner"", ""sum_of_loss"": ""11246"", ""sum_of_loss_lb"": ""6394""}"
pp_guided_tl:traffic_tl,PP-guided (traffic-last) + traffic load in SIPP,maze-32-32-4,maze-32-32-4-random-3,150,0,30.0,solved,0.212578,0.059,12173,198,10466,6394,103,1.903816,0,,/home/carsten/Projects/MAPF/MAPF Evaluator/results/pptl-maze-32-4/runs/pp_guided_tl_traffic_tl/maze-32-32-4/maze-32-32-4-random-3_a150_s0_r0,,,"{""agents"": ""150"", ""comp_time"": ""59"", ""first_ms"": ""59.1"", ""makespan"": ""198"", ""makespan_lb"": ""103"", ""map_file"": ""maze-32-32-4.map"", ""pp_demote_rounds"": ""1"", ""pp_failed"": ""0"", ""pp_order"": ""traffic-last"", ""pp_plan_ms"": ""49.5"", ""pp_plan_soc"": ""12173"", ""pp_tl"": ""1"", ""pp_used"": ""1"", ""seed"": ""0"", ""soc"": ""12173"", ""soc_lb"": ""6394"", ""solved"": ""1"", ""solver"": ""planner"", ""sum_of_loss"": ""10549"", ""sum_of_loss_lb"": ""6394""}"
pp_guided_tl:traffic_tl,PP-guided (traffic-last) + traffic load in SIPP,maze-32-32-4,maze-32-32-4-random-3,150,2,30.0,solved,0.15039,0.058,12173,198,10466,6394,103,1.903816,0,,/home/carsten/Projects/MAPF/MAPF Evaluator/results/pptl-maze-32-4/runs/pp_guided_tl_traffic_tl/maze-32-32-4/maze-32-32-4-random-3_a150_s2_r0,,,"{""agents"": ""150"", ""comp_time"": ""58"", ""first_ms"": ""58.3"", ""makespan"": ""198"", ""makespan_lb"": ""103"", ""map_file"": ""maze-32-32-4.map"", ""pp_demote_rounds"": ""1"", ""pp_failed"": ""0"", ""pp_order"": ""traffic-last"", ""pp_plan_ms"": ""48.7"", ""pp_plan_soc"": ""12173"", ""pp_tl"": ""1"", ""pp_used"": ""1"", ""seed"": ""2"", ""soc"": ""12173"", ""soc_lb"": ""6394"", ""solved"": ""1"", ""solver"": ""planner"", ""sum_of_loss"": ""10549"", ""sum_of_loss_lb"": ""6394""}"
pp_guided_tl:traffic_tl,PP-guided (traffic-last) + traffic load in SIPP,maze-32-32-4,maze-32-32-4-random-3,150,1,30.0,solved,0.123756,0.059,12173,198,10466,6394,103,1.903816,0,,/home/carsten/Projects/MAPF/MAPF Evaluator/results/pptl-maze-32-4/runs/pp_guided_tl_traffic_tl/maze-32-32-4/maze-32-32-4-random-3_a150_s1_r0,,,"{""agents"": ""150"", ""comp_time"": ""59"", ""first_ms"": ""58.5"", ""makespan"": ""198"", ""makespan_lb"": ""103"", ""map_file"": ""maze-32-32-4.map"", ""pp_demote_rounds"": ""1"", ""pp_failed"": ""0"", ""pp_order"": ""traffic-last"", ""pp_plan_ms"": ""48.7"", ""pp_plan_soc"": ""12173"", ""pp_tl"": ""1"", ""pp_used"": ""1"", ""seed"": ""1"", ""soc"": ""12173"", ""soc_lb"": ""6394"", ""solved"": ""1"", ""solver"": ""planner"", ""sum_of_loss"": ""10549"", ""sum_of_loss_lb"": ""6394""}"
pp_guided_tl:shortest,PP-guided (shortest first),maze-32-32-4,maze-32-32-4-random-3,200,0,30.0,solved,0.759712,0.733,20453,239,16362,8656,103,2.36287,0,,/home/carsten/Projects/MAPF/MAPF Evaluator/results/pptl-maze-32-4/runs/pp_guided_tl_shortest/maze-32-32-4/maze-32-32-4-random-3_a200_s0_r0,,,"{""agents"": ""200"", ""comp_time"": ""733"", ""first_ms"": ""733.1"", ""makespan"": ""239"", ""makespan_lb"": ""103"", ""map_file"": ""maze-32-32-4.map"", ""pp_demote_rounds"": ""15"", ""pp_failed"": ""1"", ""pp_order"": ""shortest"", ""pp_plan_ms"": ""695.6"", ""pp_plan_soc"": ""39424"", ""pp_tl"": ""0"", ""pp_used"": ""0"", ""seed"": ""0"", ""soc"": ""20453"", ""soc_lb"": ""8656"", ""solved"": ""1"", ""solver"": ""planner"", ""sum_of_loss"": ""16777"", ""sum_of_loss_lb"": ""8656""}"
pp_guided_tl:shortest,PP-guided (shortest first),maze-32-32-4,maze-32-32-4-random-3,200,1,30.0,solved,0.781771,0.731,20791,236,16034,8656,103,2.401918,0,,/home/carsten/Projects/MAPF/MAPF Evaluator/results/pptl-maze-32-4/runs/pp_guided_tl_shortest/maze-32-32-4/maze-32-32-4-random-3_a200_s1_r0,,,"{""agents"": ""200"", ""comp_time"": ""731"", ""first_ms"": ""730.9"", ""makespan"": ""236"", ""makespan_lb"": ""103"", ""map_file"": ""maze-32-32-4.map"", ""pp_demote_rounds"": ""15"", ""pp_failed"": ""1"", ""pp_order"": ""shortest"", ""pp_plan_ms"": ""697.4"", ""pp_plan_soc"": ""39424"", ""pp_tl"": ""0"", ""pp_used"": ""0"", ""seed"": ""1"", ""soc"": ""20791"", ""soc_lb"": ""8656"", ""solved"": ""1"", ""solver"": ""planner"", ""sum_of_loss"": ""16463"", ""sum_of_loss_lb"": ""8656""}"
pp_guided_tl:shortest_tl,PP-guided (shortest first) + traffic load in SIPP,maze-32-32-4,maze-32-32-4-random-3,200,0,30.0,solved,0.750222,0.726,20453,239,16362,8656,103,2.36287,0,,/home/carsten/Projects/MAPF/MAPF Evaluator/results/pptl-maze-32-4/runs/pp_guided_tl_shortest_tl/maze-32-32-4/maze-32-32-4-random-3_a200_s0_r0,,,"{""agents"": ""200"", ""comp_time"": ""726"", ""first_ms"": ""725.8"", ""makespan"": ""239"", ""makespan_lb"": ""103"", ""map_file"": ""maze-32-32-4.map"", ""pp_demote_rounds"": ""15"", ""pp_failed"": ""1"", ""pp_order"": ""shortest"", ""pp_plan_ms"": ""686.8"", ""pp_plan_soc"": ""42033"", ""pp_tl"": ""1"", ""pp_used"": ""0"", ""seed"": ""0"", ""soc"": ""20453"", ""soc_lb"": ""8656"", ""solved"": ""1"", ""solver"": ""planner"", ""sum_of_loss"": ""16777"", ""sum_of_loss_lb"": ""8656""}"
pp_guided_tl:shortest,PP-guided (shortest first),maze-32-32-4,maze-32-32-4-random-3,200,2,30.0,solved,0.801895,0.758,18600,195,15299,8656,103,2.148799,0,,/home/carsten/Projects/MAPF/MAPF Evaluator/results/pptl-maze-32-4/runs/pp_guided_tl_shortest/maze-32-32-4/maze-32-32-4-random-3_a200_s2_r0,,,"{""agents"": ""200"", ""comp_time"": ""758"", ""first_ms"": ""757.6"", ""makespan"": ""195"", ""makespan_lb"": ""103"", ""map_file"": ""maze-32-32-4.map"", ""pp_demote_rounds"": ""15"", ""pp_failed"": ""1"", ""pp_order"": ""shortest"", ""pp_plan_ms"": ""706.7"", ""pp_plan_soc"": ""39424"", ""pp_tl"": ""0"", ""pp_used"": ""0"", ""seed"": ""2"", ""soc"": ""18600"", ""soc_lb"": ""8656"", ""solved"": ""1"", ""solver"": ""planner"", ""sum_of_loss"": ""15719"", ""sum_of_loss_lb"": ""8656""}"
pp_guided_tl:shortest_tl,PP-guided (shortest first) + traffic load in SIPP,maze-32-32-4,maze-32-32-4-random-3,200,1,30.0,solved,0.77443,0.716,20791,236,16034,8656,103,2.401918,0,,/home/carsten/Projects/MAPF/MAPF Evaluator/results/pptl-maze-32-4/runs/pp_guided_tl_shortest_tl/maze-32-32-4/maze-32-32-4-random-3_a200_s1_r0,,,"{""agents"": ""200"", ""comp_time"": ""716"", ""first_ms"": ""716.0"", ""makespan"": ""236"", ""makespan_lb"": ""103"", ""map_file"": ""maze-32-32-4.map"", ""pp_demote_rounds"": ""15"", ""pp_failed"": ""1"", ""pp_order"": ""shortest"", ""pp_plan_ms"": ""681.5"", ""pp_plan_soc"": ""42033"", ""pp_tl"": ""1"", ""pp_used"": ""0"", ""seed"": ""1"", ""soc"": ""20791"", ""soc_lb"": ""8656"", ""solved"": ""1"", ""solver"": ""planner"", ""sum_of_loss"": ""16463"", ""sum_of_loss_lb"": ""8656""}"
pp_guided_tl:traffic,PP-guided (traffic-last),maze-32-32-4,maze-32-32-4-random-3,200,0,30.0,solved,0.515348,0.489,20453,239,16362,8656,103,2.36287,0,,/home/carsten/Projects/MAPF/MAPF Evaluator/results/pptl-maze-32-4/runs/pp_guided_tl_traffic/maze-32-32-4/maze-32-32-4-random-3_a200_s0_r0,,,"{""agents"": ""200"", ""comp_time"": ""489"", ""first_ms"": ""488.8"", ""makespan"": ""239"", ""makespan_lb"": ""103"", ""map_file"": ""maze-32-32-4.map"", ""pp_demote_rounds"": ""15"", ""pp_failed"": ""3"", ""pp_order"": ""traffic-last"", ""pp_plan_ms"": ""449.6"", ""pp_plan_soc"": ""29031"", ""pp_tl"": ""0"", ""pp_used"": ""0"", ""seed"": ""0"", ""soc"": ""20453"", ""soc_lb"": ""8656"", ""solved"": ""1"", ""solver"": ""planner"", ""sum_of_loss"": ""16777"", ""sum_of_loss_lb"": ""8656""}"
pp_guided_tl:traffic,PP-guided (traffic-last),maze-32-32-4,maze-32-32-4-random-3,200,1,30.0,solved,0.548077,0.491,20791,236,16034,8656,103,2.401918,0,,/home/carsten/Projects/MAPF/MAPF Evaluator/results/pptl-maze-32-4/runs/pp_guided_tl_traffic/maze-32-32-4/maze-32-32-4-random-3_a200_s1_r0,,,"{""agents"": ""200"", ""comp_time"": ""491"", ""first_ms"": ""490.5"", ""makespan"": ""236"", ""makespan_lb"": ""103"", ""map_file"": ""maze-32-32-4.map"", ""pp_demote_rounds"": ""15"", ""pp_failed"": ""3"", ""pp_order"": ""traffic-last"", ""pp_plan_ms"": ""456.5"", ""pp_plan_soc"": ""29031"", ""pp_tl"": ""0"", ""pp_used"": ""0"", ""seed"": ""1"", ""soc"": ""20791"", ""soc_lb"": ""8656"", ""solved"": ""1"", ""solver"": ""planner"", ""sum_of_loss"": ""16463"", ""sum_of_loss_lb"": ""8656""}"
pp_guided_tl:shortest_tl,PP-guided (shortest first) + traffic load in SIPP,maze-32-32-4,maze-32-32-4-random-3,200,2,30.0,solved,0.789718,0.734,18600,195,15299,8656,103,2.148799,0,,/home/carsten/Projects/MAPF/MAPF Evaluator/results/pptl-maze-32-4/runs/pp_guided_tl_shortest_tl/maze-32-32-4/maze-32-32-4-random-3_a200_s2_r0,,,"{""agents"": ""200"", ""comp_time"": ""734"", ""first_ms"": ""733.6"", ""makespan"": ""195"", ""makespan_lb"": ""103"", ""map_file"": ""maze-32-32-4.map"", ""pp_demote_rounds"": ""15"", ""pp_failed"": ""1"", ""pp_order"": ""shortest"", ""pp_plan_ms"": ""681.5"", ""pp_plan_soc"": ""42033"", ""pp_tl"": ""1"", ""pp_used"": ""0"", ""seed"": ""2"", ""soc"": ""18600"", ""soc_lb"": ""8656"", ""solved"": ""1"", ""solver"": ""planner"", ""sum_of_loss"": ""15719"", ""sum_of_loss_lb"": ""8656""}"
pp_guided_tl:traffic,PP-guided (traffic-last),maze-32-32-4,maze-32-32-4-random-3,200,2,30.0,solved,0.616043,0.51,18600,195,15299,8656,103,2.148799,0,,/home/carsten/Projects/MAPF/MAPF Evaluator/results/pptl-maze-32-4/runs/pp_guided_tl_traffic/maze-32-32-4/maze-32-32-4-random-3_a200_s2_r0,,,"{""agents"": ""200"", ""comp_time"": ""510"", ""first_ms"": ""510.0"", ""makespan"": ""195"", ""makespan_lb"": ""103"", ""map_file"": ""maze-32-32-4.map"", ""pp_demote_rounds"": ""15"", ""pp_failed"": ""3"", ""pp_order"": ""traffic-last"", ""pp_plan_ms"": ""457.8"", ""pp_plan_soc"": ""29031"", ""pp_tl"": ""0"", ""pp_used"": ""0"", ""seed"": ""2"", ""soc"": ""18600"", ""soc_lb"": ""8656"", ""solved"": ""1"", ""solver"": ""planner"", ""sum_of_loss"": ""15719"", ""sum_of_loss_lb"": ""8656""}"
pp_guided_tl:shortest,PP-guided (shortest first),maze-32-32-4,maze-32-32-4-random-4,50,0,30.0,solved,0.015464,0.011,2721,184,2646,2045,95,1.330562,0,,/home/carsten/Projects/MAPF/MAPF Evaluator/results/pptl-maze-32-4/runs/pp_guided_tl_shortest/maze-32-32-4/maze-32-32-4-random-4_a50_s0_r0,,,"{""agents"": ""50"", ""comp_time"": ""11"", ""first_ms"": ""11.4"", ""makespan"": ""184"", ""makespan_lb"": ""95"", ""map_file"": ""maze-32-32-4.map"", ""pp_demote_rounds"": ""1"", ""pp_failed"": ""0"", ""pp_order"": ""shortest"", ""pp_plan_ms"": ""8.8"", ""pp_plan_soc"": ""2721"", ""pp_tl"": ""0"", ""pp_used"": ""1"", ""seed"": ""0"", ""soc"": ""2721"", ""soc_lb"": ""2045"", ""solved"": ""1"", ""solver"": ""planner"", ""sum_of_loss"": ""2649"", ""sum_of_loss_lb"": ""2045""}"
pp_guided_tl:shortest,PP-guided (shortest first),maze-32-32-4,maze-32-32-4-random-4,50,1,30.0,solved,0.015427,0.011,2721,184,2646,2045,95,1.330562,0,,/home/carsten/Projects/MAPF/MAPF Evaluator/results/pptl-maze-32-4/runs/pp_guided_tl_shortest/maze-32-32-4/maze-32-32-4-random-4_a50_s1_r0,,,"{""agents"": ""50"", ""comp_time"": ""11"", ""first_ms"": ""11.5"", ""makespan"": ""184"", ""makespan_lb"": ""95"", ""map_file"": ""maze-32-32-4.map"", ""pp_demote_rounds"": ""1"", ""pp_failed"": ""0"", ""pp_order"": ""shortest"", ""pp_plan_ms"": ""8.9"", ""pp_plan_soc"": ""2721"", ""pp_tl"": ""0"", ""pp_used"": ""1"", ""seed"": ""1"", ""soc"": ""2721"", ""soc_lb"": ""2045"", ""solved"": ""1"", ""solver"": ""planner"", ""sum_of_loss"": ""2649"", ""sum_of_loss_lb"": ""2045""}"
pp_guided_tl:shortest,PP-guided (shortest first),maze-32-32-4,maze-32-32-4-random-4,50,2,30.0,solved,0.015414,0.011,2721,184,2646,2045,95,1.330562,0,,/home/carsten/Projects/MAPF/MAPF Evaluator/results/pptl-maze-32-4/runs/pp_guided_tl_shortest/maze-32-32-4/maze-32-32-4-random-4_a50_s2_r0,,,"{""agents"": ""50"", ""comp_time"": ""11"", ""first_ms"": ""11.3"", ""makespan"": ""184"", ""makespan_lb"": ""95"", ""map_file"": ""maze-32-32-4.map"", ""pp_demote_rounds"": ""1"", ""pp_failed"": ""0"", ""pp_order"": ""shortest"", ""pp_plan_ms"": ""9.0"", ""pp_plan_soc"": ""2721"", ""pp_tl"": ""0"", ""pp_used"": ""1"", ""seed"": ""2"", ""soc"": ""2721"", ""soc_lb"": ""2045"", ""solved"": ""1"", ""solver"": ""planner"", ""sum_of_loss"": ""2649"", ""sum_of_loss_lb"": ""2045""}"
pp_guided_tl:shortest_tl,PP-guided (shortest first) + traffic load in SIPP,maze-32-32-4,maze-32-32-4-random-4,50,0,30.0,solved,0.031477,0.013,2742,184,2674,2045,95,1.340831,0,,/home/carsten/Projects/MAPF/MAPF Evaluator/results/pptl-maze-32-4/runs/pp_guided_tl_shortest_tl/maze-32-32-4/maze-32-32-4-random-4_a50_s0_r0,,,"{""agents"": ""50"", ""comp_time"": ""13"", ""first_ms"": ""13.4"", ""makespan"": ""184"", ""makespan_lb"": ""95"", ""map_file"": ""maze-32-32-4.map"", ""pp_demote_rounds"": ""1"", ""pp_failed"": ""0"", ""pp_order"": ""shortest"", ""pp_plan_ms"": ""10.2"", ""pp_plan_soc"": ""2742"", ""pp_tl"": ""1"", ""pp_used"": ""1"", ""seed"": ""0"", ""soc"": ""2742"", ""soc_lb"": ""2045"", ""solved"": ""1"", ""solver"": ""planner"", ""sum_of_loss"": ""2676"", ""sum_of_loss_lb"": ""2045""}"
pp_guided_tl:shortest_tl,PP-guided (shortest first) + traffic load in SIPP,maze-32-32-4,maze-32-32-4-random-4,50,1,30.0,solved,0.03152,0.013,2742,184,2674,2045,95,1.340831,0,,/home/carsten/Projects/MAPF/MAPF Evaluator/results/pptl-maze-32-4/runs/pp_guided_tl_shortest_tl/maze-32-32-4/maze-32-32-4-random-4_a50_s1_r0,,,"{""agents"": ""50"", ""comp_time"": ""13"", ""first_ms"": ""13.5"", ""makespan"": ""184"", ""makespan_lb"": ""95"", ""map_file"": ""maze-32-32-4.map"", ""pp_demote_rounds"": ""1"", ""pp_failed"": ""0"", ""pp_order"": ""shortest"", ""pp_plan_ms"": ""10.1"", ""pp_plan_soc"": ""2742"", ""pp_tl"": ""1"", ""pp_used"": ""1"", ""seed"": ""1"", ""soc"": ""2742"", ""soc_lb"": ""2045"", ""solved"": ""1"", ""solver"": ""planner"", ""sum_of_loss"": ""2676"", ""sum_of_loss_lb"": ""2045""}"
pp_guided_tl:traffic_tl,PP-guided (traffic-last) + traffic load in SIPP,maze-32-32-4,maze-32-32-4-random-3,200,2,30.0,solved,0.621416,0.585,18600,195,15299,8656,103,2.148799,0,,/home/carsten/Projects/MAPF/MAPF Evaluator/results/pptl-maze-32-4/runs/pp_guided_tl_traffic_tl/maze-32-32-4/maze-32-32-4-random-3_a200_s2_r0,,,"{""agents"": ""200"", ""comp_time"": ""585"", ""first_ms"": ""585.3"", ""makespan"": ""195"", ""makespan_lb"": ""103"", ""map_file"": ""maze-32-32-4.map"", ""pp_demote_rounds"": ""15"", ""pp_failed"": ""2"", ""pp_order"": ""traffic-last"", ""pp_plan_ms"": ""531.0"", ""pp_plan_soc"": ""18956"", ""pp_tl"": ""1"", ""pp_used"": ""0"", ""seed"": ""2"", ""soc"": ""18600"", ""soc_lb"": ""8656"", ""solved"": ""1"", ""solver"": ""planner"", ""sum_of_loss"": ""15719"", ""sum_of_loss_lb"": ""8656""}"
pp_guided_tl:shortest_tl,PP-guided (shortest first) + traffic load in SIPP,maze-32-32-4,maze-32-32-4-random-4,50,2,30.0,solved,0.023033,0.013,2742,184,2674,2045,95,1.340831,0,,/home/carsten/Projects/MAPF/MAPF Evaluator/results/pptl-maze-32-4/runs/pp_guided_tl_shortest_tl/maze-32-32-4/maze-32-32-4-random-4_a50_s2_r0,,,"{""agents"": ""50"", ""comp_time"": ""13"", ""first_ms"": ""12.4"", ""makespan"": ""184"", ""makespan_lb"": ""95"", ""map_file"": ""maze-32-32-4.map"", ""pp_demote_rounds"": ""1"", ""pp_failed"": ""0"", ""pp_order"": ""shortest"", ""pp_plan_ms"": ""10.0"", ""pp_plan_soc"": ""2742"", ""pp_tl"": ""1"", ""pp_used"": ""1"", ""seed"": ""2"", ""soc"": ""2742"", ""soc_lb"": ""2045"", ""solved"": ""1"", ""solver"": ""planner"", ""sum_of_loss"": ""2676"", ""sum_of_loss_lb"": ""2045""}"
pp_guided_tl:traffic_tl,PP-guided (traffic-last) + traffic load in SIPP,maze-32-32-4,maze-32-32-4-random-3,200,0,30.0,solved,0.641317,0.574,20453,239,16362,8656,103,2.36287,0,,/home/carsten/Projects/MAPF/MAPF Evaluator/results/pptl-maze-32-4/runs/pp_guided_tl_traffic_tl/maze-32-32-4/maze-32-32-4-random-3_a200_s0_r0,,,"{""agents"": ""200"", ""comp_time"": ""574"", ""first_ms"": ""574.3"", ""makespan"": ""239"", ""makespan_lb"": ""103"", ""map_file"": ""maze-32-32-4.map"", ""pp_demote_rounds"": ""15"", ""pp_failed"": ""2"", ""pp_order"": ""traffic-last"", ""pp_plan_ms"": ""533.0"", ""pp_plan_soc"": ""18956"", ""pp_tl"": ""1"", ""pp_used"": ""0"", ""seed"": ""0"", ""soc"": ""20453"", ""soc_lb"": ""8656"", ""solved"": ""1"", ""solver"": ""planner"", ""sum_of_loss"": ""16777"", ""sum_of_loss_lb"": ""8656""}"
pp_guided_tl:traffic_tl,PP-guided (traffic-last) + traffic load in SIPP,maze-32-32-4,maze-32-32-4-random-3,200,1,30.0,solved,0.659302,0.574,20791,236,16034,8656,103,2.401918,0,,/home/carsten/Projects/MAPF/MAPF Evaluator/results/pptl-maze-32-4/runs/pp_guided_tl_traffic_tl/maze-32-32-4/maze-32-32-4-random-3_a200_s1_r0,,,"{""agents"": ""200"", ""comp_time"": ""574"", ""first_ms"": ""573.3"", ""makespan"": ""236"", ""makespan_lb"": ""103"", ""map_file"": ""maze-32-32-4.map"", ""pp_demote_rounds"": ""15"", ""pp_failed"": ""2"", ""pp_order"": ""traffic-last"", ""pp_plan_ms"": ""536.7"", ""pp_plan_soc"": ""18956"", ""pp_tl"": ""1"", ""pp_used"": ""0"", ""seed"": ""1"", ""soc"": ""20791"", ""soc_lb"": ""8656"", ""solved"": ""1"", ""solver"": ""planner"", ""sum_of_loss"": ""16463"", ""sum_of_loss_lb"": ""8656""}"
pp_guided_tl:traffic,PP-guided (traffic-last),maze-32-32-4,maze-32-32-4-random-4,50,0,30.0,solved,0.094613,0.009,3902,195,2969,2045,95,1.908068,0,,/home/carsten/Projects/MAPF/MAPF Evaluator/results/pptl-maze-32-4/runs/pp_guided_tl_traffic/maze-32-32-4/maze-32-32-4-random-4_a50_s0_r0,,,"{""agents"": ""50"", ""comp_time"": ""9"", ""first_ms"": ""8.5"", ""makespan"": ""195"", ""makespan_lb"": ""95"", ""map_file"": ""maze-32-32-4.map"", ""pp_demote_rounds"": ""0"", ""pp_failed"": ""0"", ""pp_order"": ""traffic-last"", ""pp_plan_ms"": ""5.9"", ""pp_plan_soc"": ""3902"", ""pp_tl"": ""0"", ""pp_used"": ""1"", ""seed"": ""0"", ""soc"": ""3902"", ""soc_lb"": ""2045"", ""solved"": ""1"", ""solver"": ""planner"", ""sum_of_loss"": ""2990"", ""sum_of_loss_lb"": ""2045""}"
pp_guided_tl:traffic,PP-guided (traffic-last),maze-32-32-4,maze-32-32-4-random-4,50,1,30.0,solved,0.044658,0.009,3902,195,2969,2045,95,1.908068,0,,/home/carsten/Projects/MAPF/MAPF Evaluator/results/pptl-maze-32-4/runs/pp_guided_tl_traffic/maze-32-32-4/maze-32-32-4-random-4_a50_s1_r0,,,"{""agents"": ""50"", ""comp_time"": ""9"", ""first_ms"": ""8.6"", ""makespan"": ""195"", ""makespan_lb"": ""95"", ""map_file"": ""maze-32-32-4.map"", ""pp_demote_rounds"": ""0"", ""pp_failed"": ""0"", ""pp_order"": ""traffic-last"", ""pp_plan_ms"": ""5.8"", ""pp_plan_soc"": ""3902"", ""pp_tl"": ""0"", ""pp_used"": ""1"", ""seed"": ""1"", ""soc"": ""3902"", ""soc_lb"": ""2045"", ""solved"": ""1"", ""solver"": ""planner"", ""sum_of_loss"": ""2990"", ""sum_of_loss_lb"": ""2045""}"
pp_guided_tl:traffic,PP-guided (traffic-last),maze-32-32-4,maze-32-32-4-random-4,50,2,30.0,solved,0.024797,0.009,3902,195,2969,2045,95,1.908068,0,,/home/carsten/Projects/MAPF/MAPF Evaluator/results/pptl-maze-32-4/runs/pp_guided_tl_traffic/maze-32-32-4/maze-32-32-4-random-4_a50_s2_r0,,,"{""agents"": ""50"", ""comp_time"": ""9"", ""first_ms"": ""8.6"", ""makespan"": ""195"", ""makespan_lb"": ""95"", ""map_file"": ""maze-32-32-4.map"", ""pp_demote_rounds"": ""0"", ""pp_failed"": ""0"", ""pp_order"": ""traffic-last"", ""pp_plan_ms"": ""5.9"", ""pp_plan_soc"": ""3902"", ""pp_tl"": ""0"", ""pp_used"": ""1"", ""seed"": ""2"", ""soc"": ""3902"", ""soc_lb"": ""2045"", ""solved"": ""1"", ""solver"": ""planner"", ""sum_of_loss"": ""2990"", ""sum_of_loss_lb"": ""2045""}"
pp_guided_tl:traffic_tl,PP-guided (traffic-last) + traffic load in SIPP,maze-32-32-4,maze-32-32-4-random-4,50,1,30.0,solved,0.045908,0.01,3495,195,3172,2045,95,1.709046,0,,/home/carsten/Projects/MAPF/MAPF Evaluator/results/pptl-maze-32-4/runs/pp_guided_tl_traffic_tl/maze-32-32-4/maze-32-32-4-random-4_a50_s1_r0,,,"{""agents"": ""50"", ""comp_time"": ""10"", ""first_ms"": ""9.5"", ""makespan"": ""195"", ""makespan_lb"": ""95"", ""map_file"": ""maze-32-32-4.map"", ""pp_demote_rounds"": ""0"", ""pp_failed"": ""0"", ""pp_order"": ""traffic-last"", ""pp_plan_ms"": ""6.8"", ""pp_plan_soc"": ""3495"", ""pp_tl"": ""1"", ""pp_used"": ""1"", ""seed"": ""1"", ""soc"": ""3495"", ""soc_lb"": ""2045"", ""solved"": ""1"", ""solver"": ""planner"", ""sum_of_loss"": ""3181"", ""sum_of_loss_lb"": ""2045""}"
pp_guided_tl:traffic_tl,PP-guided (traffic-last) + traffic load in SIPP,maze-32-32-4,maze-32-32-4-random-4,50,0,30.0,solved,0.063536,0.01,3495,195,3172,2045,95,1.709046,0,,/home/carsten/Projects/MAPF/MAPF Evaluator/results/pptl-maze-32-4/runs/pp_guided_tl_traffic_tl/maze-32-32-4/maze-32-32-4-random-4_a50_s0_r0,,,"{""agents"": ""50"", ""comp_time"": ""10"", ""first_ms"": ""9.6"", ""makespan"": ""195"", ""makespan_lb"": ""95"", ""map_file"": ""maze-32-32-4.map"", ""pp_demote_rounds"": ""0"", ""pp_failed"": ""0"", ""pp_order"": ""traffic-last"", ""pp_plan_ms"": ""6.9"", ""pp_plan_soc"": ""3495"", ""pp_tl"": ""1"", ""pp_used"": ""1"", ""seed"": ""0"", ""soc"": ""3495"", ""soc_lb"": ""2045"", ""solved"": ""1"", ""solver"": ""planner"", ""sum_of_loss"": ""3181"", ""sum_of_loss_lb"": ""2045""}"
pp_guided_tl:traffic_tl,PP-guided (traffic-last) + traffic load in SIPP,maze-32-32-4,maze-32-32-4-random-4,50,2,30.0,solved,0.071274,0.01,3495,195,3172,2045,95,1.709046,0,,/home/carsten/Projects/MAPF/MAPF Evaluator/results/pptl-maze-32-4/runs/pp_guided_tl_traffic_tl/maze-32-32-4/maze-32-32-4-random-4_a50_s2_r0,,,"{""agents"": ""50"", ""comp_time"": ""10"", ""first_ms"": ""9.5"", ""makespan"": ""195"", ""makespan_lb"": ""95"", ""map_file"": ""maze-32-32-4.map"", ""pp_demote_rounds"": ""0"", ""pp_failed"": ""0"", ""pp_order"": ""traffic-last"", ""pp_plan_ms"": ""6.8"", ""pp_plan_soc"": ""3495"", ""pp_tl"": ""1"", ""pp_used"": ""1"", ""seed"": ""2"", ""soc"": ""3495"", ""soc_lb"": ""2045"", ""solved"": ""1"", ""solver"": ""planner"", ""sum_of_loss"": ""3181"", ""sum_of_loss_lb"": ""2045""}"
pp_guided_tl:shortest,PP-guided (shortest first),maze-32-32-4,maze-32-32-4-random-4,100,0,30.0,solved,0.066378,0.029,5459,200,5305,3881,95,1.406596,0,,/home/carsten/Projects/MAPF/MAPF Evaluator/results/pptl-maze-32-4/runs/pp_guided_tl_shortest/maze-32-32-4/maze-32-32-4-random-4_a100_s0_r0,,,"{""agents"": ""100"", ""comp_time"": ""29"", ""first_ms"": ""28.7"", ""makespan"": ""200"", ""makespan_lb"": ""95"", ""map_file"": ""maze-32-32-4.map"", ""pp_demote_rounds"": ""2"", ""pp_failed"": ""0"", ""pp_order"": ""shortest"", ""pp_plan_ms"": ""23.9"", ""pp_plan_soc"": ""5459"", ""pp_tl"": ""0"", ""pp_used"": ""1"", ""seed"": ""0"", ""soc"": ""5459"", ""soc_lb"": ""3881"", ""solved"": ""1"", ""solver"": ""planner"", ""sum_of_loss"": ""5314"", ""sum_of_loss_lb"": ""3881""}"
pp_guided_tl:shortest,PP-guided (shortest first),maze-32-32-4,maze-32-32-4-random-4,100,1,30.0,solved,0.088119,0.029,5459,200,5305,3881,95,1.406596,0,,/home/carsten/Projects/MAPF/MAPF Evaluator/results/pptl-maze-32-4/runs/pp_guided_tl_shortest/maze-32-32-4/maze-32-32-4-random-4_a100_s1_r0,,,"{""agents"": ""100"", ""comp_time"": ""29"", ""first_ms"": ""28.9"", ""makespan"": ""200"", ""makespan_lb"": ""95"", ""map_file"": ""maze-32-32-4.map"", ""pp_demote_rounds"": ""2"", ""pp_failed"": ""0"", ""pp_order"": ""shortest"", ""pp_plan_ms"": ""23.8"", ""pp_plan_soc"": ""5459"", ""pp_tl"": ""0"", ""pp_used"": ""1"", ""seed"": ""1"", ""soc"": ""5459"", ""soc_lb"": ""3881"", ""solved"": ""1"", ""solver"": ""planner"", ""sum_of_loss"": ""5314"", ""sum_of_loss_lb"": ""3881""}"
pp_guided_tl:shortest_tl,PP-guided (shortest first) + traffic load in SIPP,maze-32-32-4,maze-32-32-4-random-4,100,0,30.0,solved,0.049555,0.028,5359,165,5229,3881,95,1.38083,0,,/home/carsten/Projects/MAPF/MAPF Evaluator/results/pptl-maze-32-4/runs/pp_guided_tl_shortest_tl/maze-32-32-4/maze-32-32-4-random-4_a100_s0_r0,,,"{""agents"": ""100"", ""comp_time"": ""28"", ""first_ms"": ""28.3"", ""makespan"": ""165"", ""makespan_lb"": ""95"", ""map_file"": ""maze-32-32-4.map"", ""pp_demote_rounds"": ""1"", ""pp_failed"": ""0"", ""pp_order"": ""shortest"", ""pp_plan_ms"": ""22.8"", ""pp_plan_soc"": ""5359"", ""pp_tl"": ""1"", ""pp_used"": ""1"", ""seed"": ""0"", ""soc"": ""5359"", ""soc_lb"": ""3881"", ""solved"": ""1"", ""solver"": ""planner"", ""sum_of_loss"": ""5236"", ""sum_of_loss_lb"": ""3881""}"
pp_guided_tl:shortest,PP-guided (shortest first),maze-32-32-4,maze-32-32-4-random-4,100,2,30.0,solved,0.131317,0.029,5459,200,5305,3881,95,1.406596,0,,/home/carsten/Projects/MAPF/MAPF Evaluator/results/pptl-maze-32-4/runs/pp_guided_tl_shortest/maze-32-32-4/maze-32-32-4-random-4_a100_s2_r0,,,"{""agents"": ""100"", ""comp_time"": ""29"", ""first_ms"": ""29.8"", ""makespan"": ""200"", ""makespan_lb"": ""95"", ""map_file"": ""maze-32-32-4.map"", ""pp_demote_rounds"": ""2"", ""pp_failed"": ""0"", ""pp_order"": ""shortest"", ""pp_plan_ms"": ""24.1"", ""pp_plan_soc"": ""5459"", ""pp_tl"": ""0"", ""pp_used"": ""1"", ""seed"": ""2"", ""soc"": ""5459"", ""soc_lb"": ""3881"", ""solved"": ""1"", ""solver"": ""planner"", ""sum_of_loss"": ""5314"", ""sum_of_loss_lb"": ""3881""}"
pp_guided_tl:shortest_tl,PP-guided (shortest first) + traffic load in SIPP,maze-32-32-4,maze-32-32-4-random-4,100,1,30.0,solved,0.04619,0.028,5359,165,5229,3881,95,1.38083,0,,/home/carsten/Projects/MAPF/MAPF Evaluator/results/pptl-maze-32-4/runs/pp_guided_tl_shortest_tl/maze-32-32-4/maze-32-32-4-random-4_a100_s1_r0,,,"{""agents"": ""100"", ""comp_time"": ""28"", ""first_ms"": ""28.3"", ""makespan"": ""165"", ""makespan_lb"": ""95"", ""map_file"": ""maze-32-32-4.map"", ""pp_demote_rounds"": ""1"", ""pp_failed"": ""0"", ""pp_order"": ""shortest"", ""pp_plan_ms"": ""23.0"", ""pp_plan_soc"": ""5359"", ""pp_tl"": ""1"", ""pp_used"": ""1"", ""seed"": ""1"", ""soc"": ""5359"", ""soc_lb"": ""3881"", ""solved"": ""1"", ""solver"": ""planner"", ""sum_of_loss"": ""5236"", ""sum_of_loss_lb"": ""3881""}"
pp_guided_tl:shortest_tl,PP-guided (shortest first) + traffic load in SIPP,maze-32-32-4,maze-32-32-4-random-4,100,2,30.0,solved,0.108811,0.028,5359,165,5229,3881,95,1.38083,0,,/home/carsten/Projects/MAPF/MAPF Evaluator/results/pptl-maze-32-4/runs/pp_guided_tl_shortest_tl/maze-32-32-4/maze-32-32-4-random-4_a100_s2_r0,,,"{""agents"": ""100"", ""comp_time"": ""28"", ""first_ms"": ""28.2"", ""makespan"": ""165"", ""makespan_lb"": ""95"", ""map_file"": ""maze-32-32-4.map"", ""pp_demote_rounds"": ""1"", ""pp_failed"": ""0"", ""pp_order"": ""shortest"", ""pp_plan_ms"": ""22.8"", ""pp_plan_soc"": ""5359"", ""pp_tl"": ""1"", ""pp_used"": ""1"", ""seed"": ""2"", ""soc"": ""5359"", ""soc_lb"": ""3881"", ""solved"": ""1"", ""solver"": ""planner"", ""sum_of_loss"": ""5236"", ""sum_of_loss_lb"": ""3881""}"
pp_guided_tl:traffic,PP-guided (traffic-last),maze-32-32-4,maze-32-32-4-random-4,100,1,30.0,solved,0.04354,0.021,8699,220,6173,3881,95,2.241433,0,,/home/carsten/Projects/MAPF/MAPF Evaluator/results/pptl-maze-32-4/runs/pp_guided_tl_traffic/maze-32-32-4/maze-32-32-4-random-4_a100_s1_r0,,,"{""agents"": ""100"", ""comp_time"": ""21"", ""first_ms"": ""21.1"", ""makespan"": ""220"", ""makespan_lb"": ""95"", ""map_file"": ""maze-32-32-4.map"", ""pp_demote_rounds"": ""0"", ""pp_failed"": ""0"", ""pp_order"": ""traffic-last"", ""pp_plan_ms"": ""15.6"", ""pp_plan_soc"": ""8699"", ""pp_tl"": ""0"", ""pp_used"": ""1"", ""seed"": ""1"", ""soc"": ""8699"", ""soc_lb"": ""3881"", ""solved"": ""1"", ""solver"": ""planner"", ""sum_of_loss"": ""6250"", ""sum_of_loss_lb"": ""3881""}"
pp_guided_tl:traffic,PP-guided (traffic-last),maze-32-32-4,maze-32-32-4-random-4,100,2,30.0,solved,0.081438,0.021,8699,220,6173,3881,95,2.241433,0,,/home/carsten/Projects/MAPF/MAPF Evaluator/results/pptl-maze-32-4/runs/pp_guided_tl_traffic/maze-32-32-4/maze-32-32-4-random-4_a100_s2_r0,,,"{""agents"": ""100"", ""comp_time"": ""21"", ""first_ms"": ""21.0"", ""makespan"": ""220"", ""makespan_lb"": ""95"", ""map_file"": ""maze-32-32-4.map"", ""pp_demote_rounds"": ""0"", ""pp_failed"": ""0"", ""pp_order"": ""traffic-last"", ""pp_plan_ms"": ""15.4"", ""pp_plan_soc"": ""8699"", ""pp_tl"": ""0"", ""pp_used"": ""1"", ""seed"": ""2"", ""soc"": ""8699"", ""soc_lb"": ""3881"", ""solved"": ""1"", ""solver"": ""planner"", ""sum_of_loss"": ""6250"", ""sum_of_loss_lb"": ""3881""}"
pp_guided_tl:traffic,PP-guided (traffic-last),maze-32-32-4,maze-32-32-4-random-4,100,0,30.0,solved,0.09083,0.022,8699,220,6173,3881,95,2.241433,0,,/home/carsten/Projects/MAPF/MAPF Evaluator/results/pptl-maze-32-4/runs/pp_guided_tl_traffic/maze-32-32-4/maze-32-32-4-random-4_a100_s0_r0,,,"{""agents"": ""100"", ""comp_time"": ""22"", ""first_ms"": ""21.4"", ""makespan"": ""220"", ""makespan_lb"": ""95"", ""map_file"": ""maze-32-32-4.map"", ""pp_demote_rounds"": ""0"", ""pp_failed"": ""0"", ""pp_order"": ""traffic-last"", ""pp_plan_ms"": ""15.4"", ""pp_plan_soc"": ""8699"", ""pp_tl"": ""0"", ""pp_used"": ""1"", ""seed"": ""0"", ""soc"": ""8699"", ""soc_lb"": ""3881"", ""solved"": ""1"", ""solver"": ""planner"", ""sum_of_loss"": ""6250"", ""sum_of_loss_lb"": ""3881""}"
pp_guided_tl:traffic_tl,PP-guided (traffic-last) + traffic load in SIPP,maze-32-32-4,maze-32-32-4-random-4,100,0,30.0,solved,0.052338,0.024,8554,220,6662,3881,95,2.204071,0,,/home/carsten/Projects/MAPF/MAPF Evaluator/results/pptl-maze-32-4/runs/pp_guided_tl_traffic_tl/maze-32-32-4/maze-32-32-4-random-4_a100_s0_r0,,,"{""agents"": ""100"", ""comp_time"": ""24"", ""first_ms"": ""24.2"", ""makespan"": ""220"", ""makespan_lb"": ""95"", ""map_file"": ""maze-32-32-4.map"", ""pp_demote_rounds"": ""0"", ""pp_failed"": ""0"", ""pp_order"": ""traffic-last"", ""pp_plan_ms"": ""17.9"", ""pp_plan_soc"": ""8554"", ""pp_tl"": ""1"", ""pp_used"": ""1"", ""seed"": ""0"", ""soc"": ""8554"", ""soc_lb"": ""3881"", ""solved"": ""1"", ""solver"": ""planner"", ""sum_of_loss"": ""6720"", ""sum_of_loss_lb"": ""3881""}"
pp_guided_tl:traffic_tl,PP-guided (traffic-last) + traffic load in SIPP,maze-32-32-4,maze-32-32-4-random-4,100,1,30.0,solved,0.089192,0.024,8554,220,6662,3881,95,2.204071,0,,/home/carsten/Projects/MAPF/MAPF Evaluator/results/pptl-maze-32-4/runs/pp_guided_tl_traffic_tl/maze-32-32-4/maze-32-32-4-random-4_a100_s1_r0,,,"{""agents"": ""100"", ""comp_time"": ""24"", ""first_ms"": ""24.3"", ""makespan"": ""220"", ""makespan_lb"": ""95"", ""map_file"": ""maze-32-32-4.map"", ""pp_demote_rounds"": ""0"", ""pp_failed"": ""0"", ""pp_order"": ""traffic-last"", ""pp_plan_ms"": ""17.8"", ""pp_plan_soc"": ""8554"", ""pp_tl"": ""1"", ""pp_used"": ""1"", ""seed"": ""1"", ""soc"": ""8554"", ""soc_lb"": ""3881"", ""solved"": ""1"", ""solver"": ""planner"", ""sum_of_loss"": ""6720"", ""sum_of_loss_lb"": ""3881""}"
pp_guided_tl:traffic_tl,PP-guided (traffic-last) + traffic load in SIPP,maze-32-32-4,maze-32-32-4-random-4,100,2,30.0,solved,0.089745,0.025,8554,220,6662,3881,95,2.204071,0,,/home/carsten/Projects/MAPF/MAPF Evaluator/results/pptl-maze-32-4/runs/pp_guided_tl_traffic_tl/maze-32-32-4/maze-32-32-4-random-4_a100_s2_r0,,,"{""agents"": ""100"", ""comp_time"": ""25"", ""first_ms"": ""25.8"", ""makespan"": ""220"", ""makespan_lb"": ""95"", ""map_file"": ""maze-32-32-4.map"", ""pp_demote_rounds"": ""0"", ""pp_failed"": ""0"", ""pp_order"": ""traffic-last"", ""pp_plan_ms"": ""18.3"", ""pp_plan_soc"": ""8554"", ""pp_tl"": ""1"", ""pp_used"": ""1"", ""seed"": ""2"", ""soc"": ""8554"", ""soc_lb"": ""3881"", ""solved"": ""1"", ""solver"": ""planner"", ""sum_of_loss"": ""6720"", ""sum_of_loss_lb"": ""3881""}"
pp_guided_tl:shortest,PP-guided (shortest first),maze-32-32-4,maze-32-32-4-random-4,150,0,30.0,solved,0.102161,0.066,12703,395,12410,5995,95,2.118932,0,,/home/carsten/Projects/MAPF/MAPF Evaluator/results/pptl-maze-32-4/runs/pp_guided_tl_shortest/maze-32-32-4/maze-32-32-4-random-4_a150_s0_r0,,,"{""agents"": ""150"", ""comp_time"": ""66"", ""first_ms"": ""65.8"", ""makespan"": ""395"", ""makespan_lb"": ""95"", ""map_file"": ""maze-32-32-4.map"", ""pp_demote_rounds"": ""2"", ""pp_failed"": ""0"", ""pp_order"": ""shortest"", ""pp_plan_ms"": ""52.0"", ""pp_plan_soc"": ""12703"", ""pp_tl"": ""0"", ""pp_used"": ""1"", ""seed"": ""0"", ""soc"": ""12703"", ""soc_lb"": ""5995"", ""solved"": ""1"", ""solver"": ""planner"", ""sum_of_loss"": ""12425"", ""sum_of_loss_lb"": ""5995""}"
pp_guided_tl:shortest,PP-guided (shortest first),maze-32-32-4,maze-32-32-4-random-4,150,1,30.0,solved,0.116557,0.066,12703,395,12410,5995,95,2.118932,0,,/home/carsten/Projects/MAPF/MAPF Evaluator/results/pptl-maze-32-4/runs/pp_guided_tl_shortest/maze-32-32-4/maze-32-32-4-random-4_a150_s1_r0,,,"{""agents"": ""150"", ""comp_time"": ""66"", ""first_ms"": ""65.9"", ""makespan"": ""395"", ""makespan_lb"": ""95"", ""map_file"": ""maze-32-32-4.map"", ""pp_demote_rounds"": ""2"", ""pp_failed"": ""0"", ""pp_order"": ""shortest"", ""pp_plan_ms"": ""51.7"", ""pp_plan_soc"": ""12703"", ""pp_tl"": ""0"", ""pp_used"": ""1"", ""seed"": ""1"", ""soc"": ""12703"", ""soc_lb"": ""5995"", ""solved"": ""1"", ""solver"": ""planner"", ""sum_of_loss"": ""12425"", ""sum_of_loss_lb"": ""5995""}"
pp_guided_tl:shortest,PP-guided (shortest first),maze-32-32-4,maze-32-32-4-random-4,150,2,30.0,solved,0.135837,0.066,12703,395,12410,5995,95,2.118932,0,,/home/carsten/Projects/MAPF/MAPF Evaluator/results/pptl-maze-32-4/runs/pp_guided_tl_shortest/maze-32-32-4/maze-32-32-4-random-4_a150_s2_r0,,,"{""agents"": ""150"", ""comp_time"": ""66"", ""first_ms"": ""66.1"", ""makespan"": ""395"", ""makespan_lb"": ""95"", ""map_file"": ""maze-32-32-4.map"", ""pp_demote_rounds"": ""2"", ""pp_failed"": ""0"", ""pp_order"": ""shortest"", ""pp_plan_ms"": ""52.2"", ""pp_plan_soc"": ""12703"", ""pp_tl"": ""0"", ""pp_used"": ""1"", ""seed"": ""2"", ""soc"": ""12703"", ""soc_lb"": ""5995"", ""solved"": ""1"", ""solver"": ""planner"", ""sum_of_loss"": ""12425"", ""sum_of_loss_lb"": ""5995""}"
pp_guided_tl:shortest_tl,PP-guided (shortest first) + traffic load in SIPP,maze-32-32-4,maze-32-32-4-random-4,150,0,30.0,solved,0.107676,0.064,12918,392,12723,5995,95,2.154796,0,,/home/carsten/Projects/MAPF/MAPF Evaluator/results/pptl-maze-32-4/runs/pp_guided_tl_shortest_tl/maze-32-32-4/maze-32-32-4-random-4_a150_s0_r0,,,"{""agents"": ""150"", ""comp_time"": ""64"", ""first_ms"": ""64.3"", ""makespan"": ""392"", ""makespan_lb"": ""95"", ""map_file"": ""maze-32-32-4.map"", ""pp_demote_rounds"": ""1"", ""pp_failed"": ""0"", ""pp_order"": ""shortest"", ""pp_plan_ms"": ""50.2"", ""pp_plan_soc"": ""12918"", ""pp_tl"": ""1"", ""pp_used"": ""1"", ""seed"": ""0"", ""soc"": ""12918"", ""soc_lb"": ""5995"", ""solved"": ""1"", ""solver"": ""planner"", ""sum_of_loss"": ""12730"", ""sum_of_loss_lb"": ""5995""}"
pp_guided_tl:shortest_tl,PP-guided (shortest first) + traffic load in SIPP,maze-32-32-4,maze-32-32-4-random-4,150,1,30.0,solved,0.125246,0.063,12918,392,12723,5995,95,2.154796,0,,/home/carsten/Projects/MAPF/MAPF Evaluator/results/pptl-maze-32-4/runs/pp_guided_tl_shortest_tl/maze-32-32-4/maze-32-32-4-random-4_a150_s1_r0,,,"{""agents"": ""150"", ""comp_time"": ""63"", ""first_ms"": ""62.6"", ""makespan"": ""392"", ""makespan_lb"": ""95"", ""map_file"": ""maze-32-32-4.map"", ""pp_demote_rounds"": ""1"", ""pp_failed"": ""0"", ""pp_order"": ""shortest"", ""pp_plan_ms"": ""48.8"", ""pp_plan_soc"": ""12918"", ""pp_tl"": ""1"", ""pp_used"": ""1"", ""seed"": ""1"", ""soc"": ""12918"", ""soc_lb"": ""5995"", ""solved"": ""1"", ""solver"": ""planner"", ""sum_of_loss"": ""12730"", ""sum_of_loss_lb"": ""5995""}"
pp_guided_tl:shortest_tl,PP-guided (shortest first) + traffic load in SIPP,maze-32-32-4,maze-32-32-4-random-4,150,2,30.0,solved,0.156777,0.064,12918,392,12723,5995,95,2.154796,0,,/home/carsten/Projects/MAPF/MAPF Evaluator/results/pptl-maze-32-4/runs/pp_guided_tl_shortest_tl/maze-32-32-4/maze-32-32-4-random-4_a150_s2_r0,,,"{""agents"": ""150"", ""comp_time"": ""64"", ""first_ms"": ""64.0"", ""makespan"": ""392"", ""makespan_lb"": ""95"", ""map_file"": ""maze-32-32-4.map"", ""pp_demote_rounds"": ""1"", ""pp_failed"": ""0"", ""pp_order"": ""shortest"", ""pp_plan_ms"": ""49.1"", ""pp_plan_soc"": ""12918"", ""pp_tl"": ""1"", ""pp_used"": ""1"", ""seed"": ""2"", ""soc"": ""12918"", ""soc_lb"": ""5995"", ""solved"": ""1"", ""solver"": ""planner"", ""sum_of_loss"": ""12730"", ""sum_of_loss_lb"": ""5995""}"
pp_guided_tl:traffic,PP-guided (traffic-last),maze-32-32-4,maze-32-32-4-random-4,150,1,30.0,solved,0.066783,0.043,16452,297,11941,5995,95,2.744287,0,,/home/carsten/Projects/MAPF/MAPF Evaluator/results/pptl-maze-32-4/runs/pp_guided_tl_traffic/maze-32-32-4/maze-32-32-4-random-4_a150_s1_r0,,,"{""agents"": ""150"", ""comp_time"": ""43"", ""first_ms"": ""43.9"", ""makespan"": ""297"", ""makespan_lb"": ""95"", ""map_file"": ""maze-32-32-4.map"", ""pp_demote_rounds"": ""0"", ""pp_failed"": ""0"", ""pp_order"": ""traffic-last"", ""pp_plan_ms"": ""32.2"", ""pp_plan_soc"": ""16452"", ""pp_tl"": ""0"", ""pp_used"": ""1"", ""seed"": ""1"", ""soc"": ""16452"", ""soc_lb"": ""5995"", ""solved"": ""1"", ""solver"": ""planner"", ""sum_of_loss"": ""12090"", ""sum_of_loss_lb"": ""5995""}"
pp_guided_tl:traffic,PP-guided (traffic-last),maze-32-32-4,maze-32-32-4-random-4,150,0,30.0,solved,0.089655,0.044,16452,297,11941,5995,95,2.744287,0,,/home/carsten/Projects/MAPF/MAPF Evaluator/results/pptl-maze-32-4/runs/pp_guided_tl_traffic/maze-32-32-4/maze-32-32-4-random-4_a150_s0_r0,,,"{""agents"": ""150"", ""comp_time"": ""44"", ""first_ms"": ""44.2"", ""makespan"": ""297"", ""makespan_lb"": ""95"", ""map_file"": ""maze-32-32-4.map"", ""pp_demote_rounds"": ""0"", ""pp_failed"": ""0"", ""pp_order"": ""traffic-last"", ""pp_plan_ms"": ""32.7"", ""pp_plan_soc"": ""16452"", ""pp_tl"": ""0"", ""pp_used"": ""1"", ""seed"": ""0"", ""soc"": ""16452"", ""soc_lb"": ""5995"", ""solved"": ""1"", ""solver"": ""planner"", ""sum_of_loss"": ""12090"", ""sum_of_loss_lb"": ""5995""}"
pp_guided_tl:traffic,PP-guided (traffic-last),maze-32-32-4,maze-32-32-4-random-4,150,2,30.0,solved,0.090831,0.044,16452,297,11941,5995,95,2.744287,0,,/home/carsten/Projects/MAPF/MAPF Evaluator/results/pptl-maze-32-4/runs/pp_guided_tl_traffic/maze-32-32-4/maze-32-32-4-random-4_a150_s2_r0,,,"{""agents"": ""150"", ""comp_time"": ""44"", ""first_ms"": ""44.0"", ""makespan"": ""297"", ""makespan_lb"": ""95"", ""map_file"": ""maze-32-32-4.map"", ""pp_demote_rounds"": ""0"", ""pp_failed"": ""0"", ""pp_order"": ""traffic-last"", ""pp_plan_ms"": ""32.6"", ""pp_plan_soc"": ""16452"", ""pp_tl"": ""0"", ""pp_used"": ""1"", ""seed"": ""2"", ""soc"": ""16452"", ""soc_lb"": ""5995"", ""solved"": ""1"", ""solver"": ""planner"", ""sum_of_loss"": ""12090"", ""sum_of_loss_lb"": ""5995""}"
pp_guided_tl:traffic_tl,PP-guided (traffic-last) + traffic load in SIPP,maze-32-32-4,maze-32-32-4-random-4,150,1,30.0,solved,0.112695,0.047,13805,263,11606,5995,95,2.302752,0,,/home/carsten/Projects/MAPF/MAPF Evaluator/results/pptl-maze-32-4/runs/pp_guided_tl_traffic_tl/maze-32-32-4/maze-32-32-4-random-4_a150_s1_r0,,,"{""agents"": ""150"", ""comp_time"": ""47"", ""first_ms"": ""46.7"", ""makespan"": ""263"", ""makespan_lb"": ""95"", ""map_file"": ""maze-32-32-4.map"", ""pp_demote_rounds"": ""0"", ""pp_failed"": ""0"", ""pp_order"": ""traffic-last"", ""pp_plan_ms"": ""34.7"", ""pp_plan_soc"": ""13805"", ""pp_tl"": ""1"", ""pp_used"": ""1"", ""seed"": ""1"", ""soc"": ""13805"", ""soc_lb"": ""5995"", ""solved"": ""1"", ""solver"": ""planner"", ""sum_of_loss"": ""11685"", ""sum_of_loss_lb"": ""5995""}"
pp_guided_tl:traffic_tl,PP-guided (traffic-last) + traffic load in SIPP,maze-32-32-4,maze-32-32-4-random-4,150,0,30.0,solved,0.127774,0.046,13805,263,11606,5995,95,2.302752,0,,/home/carsten/Projects/MAPF/MAPF Evaluator/results/pptl-maze-32-4/runs/pp_guided_tl_traffic_tl/maze-32-32-4/maze-32-32-4-random-4_a150_s0_r0,,,"{""agents"": ""150"", ""comp_time"": ""46"", ""first_ms"": ""46.5"", ""makespan"": ""263"", ""makespan_lb"": ""95"", ""map_file"": ""maze-32-32-4.map"", ""pp_demote_rounds"": ""0"", ""pp_failed"": ""0"", ""pp_order"": ""traffic-last"", ""pp_plan_ms"": ""34.5"", ""pp_plan_soc"": ""13805"", ""pp_tl"": ""1"", ""pp_used"": ""1"", ""seed"": ""0"", ""soc"": ""13805"", ""soc_lb"": ""5995"", ""solved"": ""1"", ""solver"": ""planner"", ""sum_of_loss"": ""11685"", ""sum_of_loss_lb"": ""5995""}"
pp_guided_tl:traffic_tl,PP-guided (traffic-last) + traffic load in SIPP,maze-32-32-4,maze-32-32-4-random-4,150,2,30.0,solved,0.115148,0.046,13805,263,11606,5995,95,2.302752,0,,/home/carsten/Projects/MAPF/MAPF Evaluator/results/pptl-maze-32-4/runs/pp_guided_tl_traffic_tl/maze-32-32-4/maze-32-32-4-random-4_a150_s2_r0,,,"{""agents"": ""150"", ""comp_time"": ""46"", ""first_ms"": ""46.2"", ""makespan"": ""263"", ""makespan_lb"": ""95"", ""map_file"": ""maze-32-32-4.map"", ""pp_demote_rounds"": ""0"", ""pp_failed"": ""0"", ""pp_order"": ""traffic-last"", ""pp_plan_ms"": ""34.5"", ""pp_plan_soc"": ""13805"", ""pp_tl"": ""1"", ""pp_used"": ""1"", ""seed"": ""2"", ""soc"": ""13805"", ""soc_lb"": ""5995"", ""solved"": ""1"", ""solver"": ""planner"", ""sum_of_loss"": ""11685"", ""sum_of_loss_lb"": ""5995""}"
pp_guided_tl:shortest,PP-guided (shortest first),maze-32-32-4,maze-32-32-4-random-4,200,0,30.0,solved,0.730678,0.697,16525,156,13129,8050,95,2.052795,0,,/home/carsten/Projects/MAPF/MAPF Evaluator/results/pptl-maze-32-4/runs/pp_guided_tl_shortest/maze-32-32-4/maze-32-32-4-random-4_a200_s0_r0,,,"{""agents"": ""200"", ""comp_time"": ""697"", ""first_ms"": ""696.4"", ""makespan"": ""156"", ""makespan_lb"": ""95"", ""map_file"": ""maze-32-32-4.map"", ""pp_demote_rounds"": ""15"", ""pp_failed"": ""1"", ""pp_order"": ""shortest"", ""pp_plan_ms"": ""663.8"", ""pp_plan_soc"": ""25201"", ""pp_tl"": ""0"", ""pp_used"": ""0"", ""seed"": ""0"", ""soc"": ""16525"", ""soc_lb"": ""8050"", ""solved"": ""1"", ""solver"": ""planner"", ""sum_of_loss"": ""13518"", ""sum_of_loss_lb"": ""8050""}"
pp_guided_tl:shortest_tl,PP-guided (shortest first) + traffic load in SIPP,maze-32-32-4,maze-32-32-4-random-4,200,0,30.0,solved,0.68875,0.665,16525,156,13129,8050,95,2.052795,0,,/home/carsten/Projects/MAPF/MAPF Evaluator/results/pptl-maze-32-4/runs/pp_guided_tl_shortest_tl/maze-32-32-4/maze-32-32-4-random-4_a200_s0_r0,,,"{""agents"": ""200"", ""comp_time"": ""665"", ""first_ms"": ""665.2"", ""makespan"": ""156"", ""makespan_lb"": ""95"", ""map_file"": ""maze-32-32-4.map"", ""pp_demote_rounds"": ""15"", ""pp_failed"": ""1"", ""pp_order"": ""shortest"", ""pp_plan_ms"": ""631.4"", ""pp_plan_soc"": ""30329"", ""pp_tl"": ""1"", ""pp_used"": ""0"", ""seed"": ""0"", ""soc"": ""16525"", ""soc_lb"": ""8050"", ""solved"": ""1"", ""solver"": ""planner"", ""sum_of_loss"": ""13518"", ""sum_of_loss_lb"": ""8050""}"
pp_guided_tl:shortest,PP-guided (shortest first),maze-32-32-4,maze-32-32-4-random-4,200,1,30.0,solved,0.832135,0.713,18552,203,13795,8050,95,2.304596,0,,/home/carsten/Projects/MAPF/MAPF Evaluator/results/pptl-maze-32-4/runs/pp_guided_tl_shortest/maze-32-32-4/maze-32-32-4-random-4_a200_s1_r0,,,"{""agents"": ""200"", ""comp_time"": ""713"", ""first_ms"": ""713.0"", ""makespan"": ""203"", ""makespan_lb"": ""95"", ""map_file"": ""maze-32-32-4.map"", ""pp_demote_rounds"": ""15"", ""pp_failed"": ""1"", ""pp_order"": ""shortest"", ""pp_plan_ms"": ""664.2"", ""pp_plan_soc"": ""25201"", ""pp_tl"": ""0"", ""pp_used"": ""0"", ""seed"": ""1"", ""soc"": ""18552"", ""soc_lb"": ""8050"", ""solved"": ""1"", ""solver"": ""planner"", ""sum_of_loss"": ""14199"", ""sum_of_loss_lb"": ""8050""}"
pp_guided_tl:shortest,PP-guided (shortest first),maze-32-32-4,maze-32-32-4-random-4,200,2,30.0,solved,0.78552,0.701,17206,166,13046,8050,95,2.137391,0,,/home/carsten/Projects/MAPF/MAPF Evaluator/results/pptl-maze-32-4/runs/pp_guided_tl_shortest/maze-32-32-4/maze-32-32-4-random-4_a200_s2_r0,,,"{""agents"": ""200"", ""comp_time"": ""701"", ""first_ms"": ""700.6"", ""makespan"": ""166"", ""makespan_lb"": ""95"", ""map_file"": ""maze-32-32-4.map"", ""pp_demote_rounds"": ""15"", ""pp_failed"": ""1"", ""pp_order"": ""shortest"", ""pp_plan_ms"": ""666.2"", ""pp_plan_soc"": ""25201"", ""pp_tl"": ""0"", ""pp_used"": ""0"", ""seed"": ""2"", ""soc"": ""17206"", ""soc_lb"": ""8050"", ""solved"": ""1"", ""solver"": ""planner"", ""sum_of_loss"": ""13389"", ""sum_of_loss_lb"": ""8050""}"
pp_guided_tl:shortest_tl,PP-guided (shortest first) + traffic load in SIPP,maze-32-32-4,maze-32-32-4-random-4,200,1,30.0,solved,0.735612,0.681,18552,203,13795,8050,95,2.304596,0,,/home/carsten/Projects/MAPF/MAPF Evaluator/results/pptl-maze-32-4/runs/pp_guided_tl_shortest_tl/maze-32-32-4/maze-32-32-4-random-4_a200_s1_r0,,,"{""agents"": ""200"", ""comp_time"": ""681"", ""first_ms"": ""680.9"", ""makespan"": ""203"", ""makespan_lb"": ""95"", ""map_file"": ""maze-32-32-4.map"", ""pp_demote_rounds"": ""15"", ""pp_failed"": ""1"", ""pp_order"": ""shortest"", ""pp_plan_ms"": ""632.0"", ""pp_plan_soc"": ""30329"", ""pp_tl"": ""1"", ""pp_used"": ""0"", ""seed"": ""1"", ""soc"": ""18552"", ""soc_lb"": ""8050"", ""solved"": ""1"", ""solver"": ""planner"", ""sum_of_loss"": ""14199"", ""sum_of_loss_lb"": ""8050""}"
pp_guided_tl:traffic,PP-guided (traffic-last),maze-32-32-4,maze-32-32-4-random-4,200,1,30.0,solved,0.468989,0.441,18552,203,13795,8050,95,2.304596,0,,/home/carsten/Projects/MAPF/MAPF Evaluator/results/pptl-maze-32-4/runs/pp_guided_tl_traffic/maze-32-32-4/maze-32-32-4-random-4_a200_s1_r0,,,"{""agents"": ""200"", ""comp_time"": ""441"", ""first_ms"": ""440.8"", ""makespan"": ""203"", ""makespan_lb"": ""95"", ""map_file"": ""maze-32-32-4.map"", ""pp_demote_rounds"": ""15"", ""pp_failed"": ""1"", ""pp_order"": ""traffic-last"", ""pp_plan_ms"": ""391.4"", ""pp_plan_soc"": ""22138"", ""pp_tl"": ""0"", ""pp_used"": ""0"", ""seed"": ""1"", ""soc"": ""18552"", ""soc_lb"": ""8050"", ""solved"": ""1"", ""solver"": ""planner"", ""sum_of_loss"": ""14199"", ""sum_of_loss_lb"": ""8050""}"
pp_guided_tl:traffic,PP-guided (traffic-last),maze-32-32-4,maze-32-32-4-random-4,200,0,30.0,solved,0.490968,0.432,16525,156,13129,8050,95,2.052795,0,,/home/carsten/Projects/MAPF/MAPF Evaluator/results/pptl-maze-32-4/runs/pp_guided_tl_traffic/maze-32-32-4/maze-32-32-4-random-4_a200_s0_r0,,,"{""agents"": ""200"", ""comp_time"": ""432"", ""first_ms"": ""432.0"", ""makespan"": ""156"", ""makespan_lb"": ""95"", ""map_file"": ""maze-32-32-4.map"", ""pp_demote_rounds"": ""15"", ""pp_failed"": ""1"", ""pp_order"": ""traffic-last"", ""pp_plan_ms"": ""397.8"", ""pp_plan_soc"": ""22138"", ""pp_tl"": ""0"", ""pp_used"": ""0"", ""seed"": ""0"", ""soc"": ""16525"", ""soc_lb"": ""8050"", ""solved"": ""1"", ""solver"": ""planner"", ""sum_of_loss"": ""13518"", ""sum_of_loss_lb"": ""8050""}"
pp_guided_tl:shortest_tl,PP-guided (shortest first) + traffic load in SIPP,maze-32-32-4,maze-32-32-4-random-4,200,2,30.0,solved,0.726099,0.664,17206,166,13046,8050,95,2.137391,0,,/home/carsten/Projects/MAPF/MAPF Evaluator/results/pptl-maze-32-4/runs/pp_guided_tl_shortest_tl/maze-32-32-4/maze-32-32-4-random-4_a200_s2_r0,,,"{""agents"": ""200"", ""comp_time"": ""664"", ""first_ms"": ""663.5"", ""makespan"": ""166"", ""makespan_lb"": ""95"", ""map_file"": ""maze-32-32-4.map"", ""pp_demote_rounds"": ""15"", ""pp_failed"": ""1"", ""pp_order"": ""shortest"", ""pp_plan_ms"": ""629.9"", ""pp_plan_soc"": ""30329"", ""pp_tl"": ""1"", ""pp_used"": ""0"", ""seed"": ""2"", ""soc"": ""17206"", ""soc_lb"": ""8050"", ""solved"": ""1"", ""solver"": ""planner"", ""sum_of_loss"": ""13389"", ""sum_of_loss_lb"": ""8050""}"
pp_guided_tl:traffic,PP-guided (traffic-last),maze-32-32-4,maze-32-32-4-random-4,200,2,30.0,solved,0.481452,0.427,17206,166,13046,8050,95,2.137391,0,,/home/carsten/Projects/MAPF/MAPF Evaluator/results/pptl-maze-32-4/runs/pp_guided_tl_traffic/maze-32-32-4/maze-32-32-4-random-4_a200_s2_r0,,,"{""agents"": ""200"", ""comp_time"": ""427"", ""first_ms"": ""427.8"", ""makespan"": ""166"", ""makespan_lb"": ""95"", ""map_file"": ""maze-32-32-4.map"", ""pp_demote_rounds"": ""15"", ""pp_failed"": ""1"", ""pp_order"": ""traffic-last"", ""pp_plan_ms"": ""393.5"", ""pp_plan_soc"": ""22138"", ""pp_tl"": ""0"", ""pp_used"": ""0"", ""seed"": ""2"", ""soc"": ""17206"", ""soc_lb"": ""8050"", ""solved"": ""1"", ""solver"": ""planner"", ""sum_of_loss"": ""13389"", ""sum_of_loss_lb"": ""8050""}"
pp_guided_tl:shortest,PP-guided (shortest first),maze-32-32-4,maze-32-32-4-random-5,50,0,30.0,solved,0.015447,0.011,2486,104,2486,2323,98,1.070168,0,,/home/carsten/Projects/MAPF/MAPF Evaluator/results/pptl-maze-32-4/runs/pp_guided_tl_shortest/maze-32-32-4/maze-32-32-4-random-5_a50_s0_r0,,,"{""agents"": ""50"", ""comp_time"": ""11"", ""first_ms"": ""10.6"", ""makespan"": ""104"", ""makespan_lb"": ""98"", ""map_file"": ""maze-32-32-4.map"", ""pp_demote_rounds"": ""1"", ""pp_failed"": ""0"", ""pp_order"": ""shortest"", ""pp_plan_ms"": ""9.1"", ""pp_plan_soc"": ""2486"", ""pp_tl"": ""0"", ""pp_used"": ""1"", ""seed"": ""0"", ""soc"": ""2486"", ""soc_lb"": ""2323"", ""solved"": ""1"", ""solver"": ""planner"", ""sum_of_loss"": ""2486"", ""sum_of_loss_lb"": ""2323""}"
pp_guided_tl:shortest,PP-guided (shortest first),maze-32-32-4,maze-32-32-4-random-5,50,1,30.0,solved,0.015411,0.011,2486,104,2486,2323,98,1.070168,0,,/home/carsten/Projects/MAPF/MAPF Evaluator/results/pptl-maze-32-4/runs/pp_guided_tl_shortest/maze-32-32-4/maze-32-32-4-random-5_a50_s1_r0,,,"{""agents"": ""50"", ""comp_time"": ""11"", ""first_ms"": ""10.7"", ""makespan"": ""104"", ""makespan_lb"": ""98"", ""map_file"": ""maze-32-32-4.map"", ""pp_demote_rounds"": ""1"", ""pp_failed"": ""0"", ""pp_order"": ""shortest"", ""pp_plan_ms"": ""9.1"", ""pp_plan_soc"": ""2486"", ""pp_tl"": ""0"", ""pp_used"": ""1"", ""seed"": ""1"", ""soc"": ""2486"", ""soc_lb"": ""2323"", ""solved"": ""1"", ""solver"": ""planner"", ""sum_of_loss"": ""2486"", ""sum_of_loss_lb"": ""2323""}"
pp_guided_tl:shortest,PP-guided (shortest first),maze-32-32-4,maze-32-32-4-random-5,50,2,30.0,solved,0.015419,0.011,2486,104,2486,2323,98,1.070168,0,,/home/carsten/Projects/MAPF/MAPF Evaluator/results/pptl-maze-32-4/runs/pp_guided_tl_shortest/maze-32-32-4/maze-32-32-4-random-5_a50_s2_r0,,,"{""agents"": ""50"", ""comp_time"": ""11"", ""first_ms"": ""10.7"", ""makespan"": ""104"", ""makespan_lb"": ""98"", ""map_file"": ""maze-32-32-4.map"", ""pp_demote_rounds"": ""1"", ""pp_failed"": ""0"", ""pp_order"": ""shortest"", ""pp_plan_ms"": ""9.3"", ""pp_plan_soc"": ""2486"", ""pp_tl"": ""0"", ""pp_used"": ""1"", ""seed"": ""2"", ""soc"": ""2486"", ""soc_lb"": ""2323"", ""solved"": ""1"", ""solver"": ""planner"", ""sum_of_loss"": ""2486"", ""sum_of_loss_lb"": ""2323""}"
pp_guided_tl:shortest_tl,PP-guided (shortest first) + traffic load in SIPP,maze-32-32-4,maze-32-32-4-random-5,50,0,30.0,solved,0.015402,0.012,2456,104,2456,2323,98,1.057254,0,,/home/carsten/Projects/MAPF/MAPF Evaluator/results/pptl-maze-32-4/runs/pp_guided_tl_shortest_tl/maze-32-32-4/maze-32-32-4-random-5_a50_s0_r0,,,"{""agents"": ""50"", ""comp_time"": ""12"", ""first_ms"": ""11.6"", ""makespan"": ""104"", ""makespan_lb"": ""98"", ""map_file"": ""maze-32-32-4.map"", ""pp_demote_rounds"": ""1"", ""pp_failed"": ""0"", ""pp_order"": ""shortest"", ""pp_plan_ms"": ""10.0"", ""pp_plan_soc"": ""2456"", ""pp_tl"": ""1"", ""pp_used"": ""1"", ""seed"": ""0"", ""soc"": ""2456"", ""soc_lb"": ""2323"", ""solved"": ""1"", ""solver"": ""planner"", ""sum_of_loss"": ""2456"", ""sum_of_loss_lb"": ""2323""}"
pp_guided_tl:shortest_tl,PP-guided (shortest first) + traffic load in SIPP,maze-32-32-4,maze-32-32-4-random-5,50,1,30.0,solved,0.015411,0.012,2456,104,2456,2323,98,1.057254,0,,/home/carsten/Projects/MAPF/MAPF Evaluator/results/pptl-maze-32-4/runs/pp_guided_tl_shortest_tl/maze-32-32-4/maze-32-32-4-random-5_a50_s1_r0,,,"{""agents"": ""50"", ""comp_time"": ""12"", ""first_ms"": ""11.6"", ""makespan"": ""104"", ""makespan_lb"": ""98"", ""map_file"": ""maze-32-32-4.map"", ""pp_demote_rounds"": ""1"", ""pp_failed"": ""0"", ""pp_order"": ""shortest"", ""pp_plan_ms"": ""10.0"", ""pp_plan_soc"": ""2456"", ""pp_tl"": ""1"", ""pp_used"": ""1"", ""seed"": ""1"", ""soc"": ""2456"", ""soc_lb"": ""2323"", ""solved"": ""1"", ""solver"": ""planner"", ""sum_of_loss"": ""2456"", ""sum_of_loss_lb"": ""2323""}"
pp_guided_tl:shortest_tl,PP-guided (shortest first) + traffic load in SIPP,maze-32-32-4,maze-32-32-4-random-5,50,2,30.0,solved,0.015402,0.012,2456,104,2456,2323,98,1.057254,0,,/home/carsten/Projects/MAPF/MAPF Evaluator/results/pptl-maze-32-4/runs/pp_guided_tl_shortest_tl/maze-32-32-4/maze-32-32-4-random-5_a50_s2_r0,,,"{""agents"": ""50"", ""comp_time"": ""12"", ""first_ms"": ""11.8"", ""makespan"": ""104"", ""makespan_lb"": ""98"", ""map_file"": ""maze-32-32-4.map"", ""pp_demote_rounds"": ""1"", ""pp_failed"": ""0"", ""pp_order"": ""shortest"", ""pp_plan_ms"": ""10.1"", ""pp_plan_soc"": ""2456"", ""pp_tl"": ""1"", ""pp_used"": ""1"", ""seed"": ""2"", ""soc"": ""2456"", ""soc_lb"": ""2323"", ""solved"": ""1"", ""solver"": ""planner"", ""sum_of_loss"": ""2456"", ""sum_of_loss_lb"": ""2323""}"
pp_guided_tl:traffic,PP-guided (traffic-last),maze-32-32-4,maze-32-32-4-random-5,50,0,30.0,solved,0.015408,0.006,2793,98,2541,2323,98,1.202325,0,,/home/carsten/Projects/MAPF/MAPF Evaluator/results/pptl-maze-32-4/runs/pp_guided_tl_traffic/maze-32-32-4/maze-32-32-4-random-5_a50_s0_r0,,,"{""agents"": ""50"", ""comp_time"": ""6"", ""first_ms"": ""6.6"", ""makespan"": ""98"", ""makespan_lb"": ""98"", ""map_file"": ""maze-32-32-4.map"", ""pp_demote_rounds"": ""0"", ""pp_failed"": ""0"", ""pp_order"": ""traffic-last"", ""pp_plan_ms"": ""4.5"", ""pp_plan_soc"": ""2793"", ""pp_tl"": ""0"", ""pp_used"": ""1"", ""seed"": ""0"", ""soc"": ""2793"", ""soc_lb"": ""2323"", ""solved"": ""1"", ""solver"": ""planner"", ""sum_of_loss"": ""2563"", ""sum_of_loss_lb"": ""2323""}"
pp_guided_tl:traffic_tl,PP-guided (traffic-last) + traffic load in SIPP,maze-32-32-4,maze-32-32-4-random-4,200,0,30.0,solved,0.553648,0.489,16525,156,13129,8050,95,2.052795,0,,/home/carsten/Projects/MAPF/MAPF Evaluator/results/pptl-maze-32-4/runs/pp_guided_tl_traffic_tl/maze-32-32-4/maze-32-32-4-random-4_a200_s0_r0,,,"{""agents"": ""200"", ""comp_time"": ""489"", ""first_ms"": ""488.6"", ""makespan"": ""156"", ""makespan_lb"": ""95"", ""map_file"": ""maze-32-32-4.map"", ""pp_demote_rounds"": ""15"", ""pp_failed"": ""1"", ""pp_order"": ""traffic-last"", ""pp_plan_ms"": ""453.9"", ""pp_plan_soc"": ""22453"", ""pp_tl"": ""1"", ""pp_used"": ""0"", ""seed"": ""0"", ""soc"": ""16525"", ""soc_lb"": ""8050"", ""solved"": ""1"", ""solver"": ""planner"", ""sum_of_loss"": ""13518"", ""sum_of_loss_lb"": ""8050""}"
pp_guided_tl:traffic,PP-guided (traffic-last),maze-32-32-4,maze-32-32-4-random-5,50,1,30.0,solved,0.028261,0.006,2793,98,2541,2323,98,1.202325,0,,/home/carsten/Projects/MAPF/MAPF Evaluator/results/pptl-maze-32-4/runs/pp_guided_tl_traffic/maze-32-32-4/maze-32-32-4-random-5_a50_s1_r0,,,"{""agents"": ""50"", ""comp_time"": ""6"", ""first_ms"": ""6.5"", ""makespan"": ""98"", ""makespan_lb"": ""98"", ""map_file"": ""maze-32-32-4.map"", ""pp_demote_rounds"": ""0"", ""pp_failed"": ""0"", ""pp_order"": ""traffic-last"", ""pp_plan_ms"": ""4.6"", ""pp_plan_soc"": ""2793"", ""pp_tl"": ""0"", ""pp_used"": ""1"", ""seed"": ""1"", ""soc"": ""2793"", ""soc_lb"": ""2323"", ""solved"": ""1"", ""solver"": ""planner"", ""sum_of_loss"": ""2563"", ""sum_of_loss_lb"": ""2323""}"
pp_guided_tl:traffic,PP-guided (traffic-last),maze-32-32-4,maze-32-32-4-random-5,50,2,30.0,solved,0.01557,0.006,2793,98,2541,2323,98,1.202325,0,,/home/carsten/Projects/MAPF/MAPF Evaluator/results/pptl-maze-32-4/runs/pp_guided_tl_traffic/maze-32-32-4/maze-32-32-4-random-5_a50_s2_r0,,,"{""agents"": ""50"", ""comp_time"": ""6"", ""first_ms"": ""6.6"", ""makespan"": ""98"", ""makespan_lb"": ""98"", ""map_file"": ""maze-32-32-4.map"", ""pp_demote_rounds"": ""0"", ""pp_failed"": ""0"", ""pp_order"": ""traffic-last"", ""pp_plan_ms"": ""4.5"", ""pp_plan_soc"": ""2793"", ""pp_tl"": ""0"", ""pp_used"": ""1"", ""seed"": ""2"", ""soc"": ""2793"", ""soc_lb"": ""2323"", ""solved"": ""1"", ""solver"": ""planner"", ""sum_of_loss"": ""2563"", ""sum_of_loss_lb"": ""2323""}"
pp_guided_tl:traffic_tl,PP-guided (traffic-last) + traffic load in SIPP,maze-32-32-4,maze-32-32-4-random-5,50,0,30.0,solved,0.020249,0.008,2700,98,2533,2323,98,1.16229,0,,/home/carsten/Projects/MAPF/MAPF Evaluator/results/pptl-maze-32-4/runs/pp_guided_tl_traffic_tl/maze-32-32-4/maze-32-32-4-random-5_a50_s0_r0,,,"{""agents"": ""50"", ""comp_time"": ""8"", ""first_ms"": ""7.6"", ""makespan"": ""98"", ""makespan_lb"": ""98"", ""map_file"": ""maze-32-32-4.map"", ""pp_demote_rounds"": ""0"", ""pp_failed"": ""0"", ""pp_order"": ""traffic-last"", ""pp_plan_ms"": ""5.5"", ""pp_plan_soc"": ""2700"", ""pp_tl"": ""1"", ""pp_used"": ""1"", ""seed"": ""0"", ""soc"": ""2700"", ""soc_lb"": ""2323"", ""solved"": ""1"", ""solver"": ""planner"", ""sum_of_loss"": ""2548"", ""sum_of_loss_lb"": ""2323""}"
pp_guided_tl:traffic_tl,PP-guided (traffic-last) + traffic load in SIPP,maze-32-32-4,maze-32-32-4-random-5,50,1,30.0,solved,0.020302,0.007,2700,98,2533,2323,98,1.16229,0,,/home/carsten/Projects/MAPF/MAPF Evaluator/results/pptl-maze-32-4/runs/pp_guided_tl_traffic_tl/maze-32-32-4/maze-32-32-4-random-5_a50_s1_r0,,,"{""agents"": ""50"", ""comp_time"": ""7"", ""first_ms"": ""7.5"", ""makespan"": ""98"", ""makespan_lb"": ""98"", ""map_file"": ""maze-32-32-4.map"", ""pp_demote_rounds"": ""0"", ""pp_failed"": ""0"", ""pp_order"": ""traffic-last"", ""pp_plan_ms"": ""5.4"", ""pp_plan_soc"": ""2700"", ""pp_tl"": ""1"", ""pp_used"": ""1"", ""seed"": ""1"", ""soc"": ""2700"", ""soc_lb"": ""2323"", ""solved"": ""1"", ""solver"": ""planner"", ""sum_of_loss"": ""2548"", ""sum_of_loss_lb"": ""2323""}"
pp_guided_tl:traffic_tl,PP-guided (traffic-last) + traffic load in SIPP,maze-32-32-4,maze-32-32-4-random-4,200,1,30.0,solved,0.54282,0.512,18552,203,13795,8050,95,2.304596,0,,/home/carsten/Projects/MAPF/MAPF Evaluator/results/pptl-maze-32-4/runs/pp_guided_tl_traffic_tl/maze-32-32-4/maze-32-32-4-random-4_a200_s1_r0,,,"{""agents"": ""200"", ""comp_time"": ""512"", ""first_ms"": ""511.9"", ""makespan"": ""203"", ""makespan_lb"": ""95"", ""map_file"": ""maze-32-32-4.map"", ""pp_demote_rounds"": ""15"", ""pp_failed"": ""1"", ""pp_order"": ""traffic-last"", ""pp_plan_ms"": ""462.1"", ""pp_plan_soc"": ""22453"", ""pp_tl"": ""1"", ""pp_used"": ""0"", ""seed"": ""1"", ""soc"": ""18552"", ""soc_lb"": ""8050"", ""solved"": ""1"", ""solver"": ""planner"", ""sum_of_loss"": ""14199"", ""sum_of_loss_lb"": ""8050""}"
pp_guided_tl:traffic_tl,PP-guided (traffic-last) + traffic load in SIPP,maze-32-32-4,maze-32-32-4-random-4,200,2,30.0,solved,0.542813,0.488,17206,166,13046,8050,95,2.137391,0,,/home/carsten/Projects/MAPF/MAPF Evaluator/results/pptl-maze-32-4/runs/pp_guided_tl_traffic_tl/maze-32-32-4/maze-32-32-4-random-4_a200_s2_r0,,,"{""agents"": ""200"", ""comp_time"": ""488"", ""first_ms"": ""487.8"", ""makespan"": ""166"", ""makespan_lb"": ""95"", ""map_file"": ""maze-32-32-4.map"", ""pp_demote_rounds"": ""15"", ""pp_failed"": ""1"", ""pp_order"": ""traffic-last"", ""pp_plan_ms"": ""453.4"", ""pp_plan_soc"": ""22453"", ""pp_tl"": ""1"", ""pp_used"": ""0"", ""seed"": ""2"", ""soc"": ""17206"", ""soc_lb"": ""8050"", ""solved"": ""1"", ""solver"": ""planner"", ""sum_of_loss"": ""13389"", ""sum_of_loss_lb"": ""8050""}"
pp_guided_tl:traffic_tl,PP-guided (traffic-last) + traffic load in SIPP,maze-32-32-4,maze-32-32-4-random-5,50,2,30.0,solved,0.08525,0.008,2700,98,2533,2323,98,1.16229,0,,/home/carsten/Projects/MAPF/MAPF Evaluator/results/pptl-maze-32-4/runs/pp_guided_tl_traffic_tl/maze-32-32-4/maze-32-32-4-random-5_a50_s2_r0,,,"{""agents"": ""50"", ""comp_time"": ""8"", ""first_ms"": ""7.5"", ""makespan"": ""98"", ""makespan_lb"": ""98"", ""map_file"": ""maze-32-32-4.map"", ""pp_demote_rounds"": ""0"", ""pp_failed"": ""0"", ""pp_order"": ""traffic-last"", ""pp_plan_ms"": ""5.5"", ""pp_plan_soc"": ""2700"", ""pp_tl"": ""1"", ""pp_used"": ""1"", ""seed"": ""2"", ""soc"": ""2700"", ""soc_lb"": ""2323"", ""solved"": ""1"", ""solver"": ""planner"", ""sum_of_loss"": ""2548"", ""sum_of_loss_lb"": ""2323""}"
pp_guided_tl:shortest,PP-guided (shortest first),maze-32-32-4,maze-32-32-4-random-5,100,0,30.0,solved,0.083889,0.038,9880,244,7486,4353,98,2.269699,0,,/home/carsten/Projects/MAPF/MAPF Evaluator/results/pptl-maze-32-4/runs/pp_guided_tl_shortest/maze-32-32-4/maze-32-32-4-random-5_a100_s0_r0,,,"{""agents"": ""100"", ""comp_time"": ""38"", ""first_ms"": ""38.7"", ""makespan"": ""244"", ""makespan_lb"": ""98"", ""map_file"": ""maze-32-32-4.map"", ""pp_demote_rounds"": ""1"", ""pp_failed"": ""0"", ""pp_order"": ""shortest"", ""pp_plan_ms"": ""32.2"", ""pp_plan_soc"": ""9880"", ""pp_tl"": ""0"", ""pp_used"": ""1"", ""seed"": ""0"", ""soc"": ""9880"", ""soc_lb"": ""4353"", ""solved"": ""1"", ""solver"": ""planner"", ""sum_of_loss"": ""7519"", ""sum_of_loss_lb"": ""4353""}"
pp_guided_tl:shortest,PP-guided (shortest first),maze-32-32-4,maze-32-32-4-random-5,100,1,30.0,solved,0.105643,0.039,9880,244,7486,4353,98,2.269699,0,,/home/carsten/Projects/MAPF/MAPF Evaluator/results/pptl-maze-32-4/runs/pp_guided_tl_shortest/maze-32-32-4/maze-32-32-4-random-5_a100_s1_r0,,,"{""agents"": ""100"", ""comp_time"": ""39"", ""first_ms"": ""38.8"", ""makespan"": ""244"", ""makespan_lb"": ""98"", ""map_file"": ""maze-32-32-4.map"", ""pp_demote_rounds"": ""1"", ""pp_failed"": ""0"", ""pp_order"": ""shortest"", ""pp_plan_ms"": ""32.6"", ""pp_plan_soc"": ""9880"", ""pp_tl"": ""0"", ""pp_used"": ""1"", ""seed"": ""1"", ""soc"": ""9880"", ""soc_lb"": ""4353"", ""solved"": ""1"", ""solver"": ""planner"", ""sum_of_loss"": ""7519"", ""sum_of_loss_lb"": ""4353""}"
pp_guided_tl:shortest,PP-guided (shortest first),maze-32-32-4,maze-32-32-4-random-5,100,2,30.0,solved,0.076014,0.039,9880,244,7486,4353,98,2.269699,0,,/home/carsten/Projects/MAPF/MAPF Evaluator/results/pptl-maze-32-4/runs/pp_guided_tl_shortest/maze-32-32-4/maze-32-32-4-random-5_a100_s2_r0,,,"{""agents"": ""100"", ""comp_time"": ""39"", ""first_ms"": ""38.7"", ""makespan"": ""244"", ""makespan_lb"": ""98"", ""map_file"": ""maze-32-32-4.map"", ""pp_demote_rounds"": ""1"", ""pp_failed"": ""0"", ""pp_order"": ""shortest"", ""pp_plan_ms"": ""32.8"", ""pp_plan_soc"": ""9880"", ""pp_tl"": ""0"", ""pp_used"": ""1"", ""seed"": ""2"", ""soc"": ""9880"", ""soc_lb"": ""4353"", ""solved"": ""1"", ""solver"": ""planner"", ""sum_of_loss"": ""7519"", ""sum_of_loss_lb"": ""4353""}"
pp_guided_tl:traffic,PP-guided (traffic-last),maze-32-32-4,maze-32-32-4-random-5,100,0,30.0,solved,0.031491,0.022,6891,145,5769,4353,98,1.583046,0,,/home/carsten/Projects/MAPF/MAPF Evaluator/results/pptl-maze-32-4/runs/pp_guided_tl_traffic/maze-32-32-4/maze-32-32-4-random-5_a100_s0_r0,,,"{""agents"": ""100"", ""comp_time"": ""22"", ""first_ms"": ""22.0"", ""makespan"": ""145"", ""makespan_lb"": ""98"", ""map_file"": ""maze-32-32-4.map"", ""pp_demote_rounds"": ""0"", ""pp_failed"": ""0"", ""pp_order"": ""traffic-last"", ""pp_plan_ms"": ""16.3"", ""pp_plan_soc"": ""6891"", ""pp_tl"": ""0"", ""pp_used"": ""1"", ""seed"": ""0"", ""soc"": ""6891"", ""soc_lb"": ""4353"", ""solved"": ""1"", ""solver"": ""planner"", ""sum_of_loss"": ""5844"", ""sum_of_loss_lb"": ""4353""}"
pp_guided_tl:shortest_tl,PP-guided (shortest first) + traffic load in SIPP,maze-32-32-4,maze-32-32-4-random-5,100,0,30.0,solved,0.252317,0.211,6074,106,5483,4353,98,1.39536,0,,/home/carsten/Projects/MAPF/MAPF Evaluator/results/pptl-maze-32-4/runs/pp_guided_tl_shortest_tl/maze-32-32-4/maze-32-32-4-random-5_a100_s0_r0,,,"{""agents"": ""100"", ""comp_time"": ""211"", ""first_ms"": ""210.9"", ""makespan"": ""106"", ""makespan_lb"": ""98"", ""map_file"": ""maze-32-32-4.map"", ""pp_demote_rounds"": ""15"", ""pp_failed"": ""1"", ""pp_order"": ""shortest"", ""pp_plan_ms"": ""199.5"", ""pp_plan_soc"": ""9019"", ""pp_tl"": ""1"", ""pp_used"": ""0"", ""seed"": ""0"", ""soc"": ""6074"", ""soc_lb"": ""4353"", ""solved"": ""1"", ""solver"": ""planner"", ""sum_of_loss"": ""5562"", ""sum_of_loss_lb"": ""4353""}"
pp_guided_tl:traffic,PP-guided (traffic-last),maze-32-32-4,maze-32-32-4-random-5,100,1,30.0,solved,0.038816,0.021,6891,145,5769,4353,98,1.583046,0,,/home/carsten/Projects/MAPF/MAPF Evaluator/results/pptl-maze-32-4/runs/pp_guided_tl_traffic/maze-32-32-4/maze-32-32-4-random-5_a100_s1_r0,,,"{""agents"": ""100"", ""comp_time"": ""21"", ""first_ms"": ""20.7"", ""makespan"": ""145"", ""makespan_lb"": ""98"", ""map_file"": ""maze-32-32-4.map"", ""pp_demote_rounds"": ""0"", ""pp_failed"": ""0"", ""pp_order"": ""traffic-last"", ""pp_plan_ms"": ""16.3"", ""pp_plan_soc"": ""6891"", ""pp_tl"": ""0"", ""pp_used"": ""1"", ""seed"": ""1"", ""soc"": ""6891"", ""soc_lb"": ""4353"", ""solved"": ""1"", ""solver"": ""planner"", ""sum_of_loss"": ""5844"", ""sum_of_loss_lb"": ""4353""}"
pp_guided_tl:shortest_tl,PP-guided (shortest first) + traffic load in SIPP,maze-32-32-4,maze-32-32-4-random-5,100,1,30.0,solved,0.250247,0.222,6481,106,5765,4353,98,1.488858,0,,/home/carsten/Projects/MAPF/MAPF Evaluator/results/pptl-maze-32-4/runs/pp_guided_tl_shortest_tl/maze-32-32-4/maze-32-32-4-random-5_a100_s1_r0,,,"{""agents"": ""100"", ""comp_time"": ""222"", ""first_ms"": ""222.0"", ""makespan"": ""106"", ""makespan_lb"": ""98"", ""map_file"": ""maze-32-32-4.map"", ""pp_demote_rounds"": ""15"", ""pp_failed"": ""1"", ""pp_order"": ""shortest"", ""pp_plan_ms"": ""202.6"", ""pp_plan_soc"": ""9019"", ""pp_tl"": ""1"", ""pp_used"": ""0"", ""seed"": ""1"", ""soc"": ""6481"", ""soc_lb"": ""4353"", ""solved"": ""1"", ""solver"": ""planner"", ""sum_of_loss"": ""5860"", ""sum_of_loss_lb"": ""4353""}"
pp_guided_tl:traffic,PP-guided (traffic-last),maze-32-32-4,maze-32-32-4-random-5,100,2,30.0,solved,0.075899,0.021,6891,145,5769,4353,98,1.583046,0,,/home/carsten/Projects/MAPF/MAPF Evaluator/results/pptl-maze-32-4/runs/pp_guided_tl_traffic/maze-32-32-4/maze-32-32-4-random-5_a100_s2_r0,,,"{""agents"": ""100"", ""comp_time"": ""21"", ""first_ms"": ""21.1"", ""makespan"": ""145"", ""makespan_lb"": ""98"", ""map_file"": ""maze-32-32-4.map"", ""pp_demote_rounds"": ""0"", ""pp_failed"": ""0"", ""pp_order"": ""traffic-last"", ""pp_plan_ms"": ""15.9"", ""pp_plan_soc"": ""6891"", ""pp_tl"": ""0"", ""pp_used"": ""1"", ""seed"": ""2"", ""soc"": ""6891"", ""soc_lb"": ""4353"", ""solved"": ""1"", ""solver"": ""planner"", ""sum_of_loss"": ""5844"", ""sum_of_loss_lb"": ""4353""}"
pp_guided_tl:traffic_tl,PP-guided (traffic-last) + traffic load in SIPP,maze-32-32-4,maze-32-32-4-random-5,100,1,30.0,solved,0.043386,0.022,6448,144,5572,4353,98,1.481277,0,,/home/carsten/Projects/MAPF/MAPF Evaluator/results/pptl-maze-32-4/runs/pp_guided_tl_traffic_tl/maze-32-32-4/maze-32-32-4-random-5_a100_s1_r0,,,"{""agents"": ""100"", ""comp_time"": ""22"", ""first_ms"": ""21.8"", ""makespan"": ""144"", ""makespan_lb"": ""98"", ""map_file"": ""maze-32-32-4.map"", ""pp_demote_rounds"": ""0"", ""pp_failed"": ""0"", ""pp_order"": ""traffic-last"", ""pp_plan_ms"": ""16.8"", ""pp_plan_soc"": ""6448"", ""pp_tl"": ""1"", ""pp_used"": ""1"", ""seed"": ""1"", ""soc"": ""6448"", ""soc_lb"": ""4353"", ""solved"": ""1"", ""solver"": ""planner"", ""sum_of_loss"": ""5621"", ""sum_of_loss_lb"": ""4353""}"
pp_guided_tl:traffic_tl,PP-guided (traffic-last) + traffic load in SIPP,maze-32-32-4,maze-32-32-4-random-5,100,0,30.0,solved,0.058154,0.022,6448,144,5572,4353,98,1.481277,0,,/home/carsten/Projects/MAPF/MAPF Evaluator/results/pptl-maze-32-4/runs/pp_guided_tl_traffic_tl/maze-32-32-4/maze-32-32-4-random-5_a100_s0_r0,,,"{""agents"": ""100"", ""comp_time"": ""22"", ""first_ms"": ""21.8"", ""makespan"": ""144"", ""makespan_lb"": ""98"", ""map_file"": ""maze-32-32-4.map"", ""pp_demote_rounds"": ""0"", ""pp_failed"": ""0"", ""pp_order"": ""traffic-last"", ""pp_plan_ms"": ""16.8"", ""pp_plan_soc"": ""6448"", ""pp_tl"": ""1"", ""pp_used"": ""1"", ""seed"": ""0"", ""soc"": ""6448"", ""soc_lb"": ""4353"", ""solved"": ""1"", ""solver"": ""planner"", ""sum_of_loss"": ""5621"", ""sum_of_loss_lb"": ""4353""}"
pp_guided_tl:shortest_tl,PP-guided (shortest first) + traffic load in SIPP,maze-32-32-4,maze-32-32-4-random-5,100,2,30.0,solved,0.296241,0.214,5975,108,5477,4353,98,1.372617,0,,/home/carsten/Projects/MAPF/MAPF Evaluator/results/pptl-maze-32-4/runs/pp_guided_tl_shortest_tl/maze-32-32-4/maze-32-32-4-random-5_a100_s2_r0,,,"{""agents"": ""100"", ""comp_time"": ""214"", ""first_ms"": ""214.2"", ""makespan"": ""108"", ""makespan_lb"": ""98"", ""map_file"": ""maze-32-32-4.map"", ""pp_demote_rounds"": ""15"", ""pp_failed"": ""1"", ""pp_order"": ""shortest"", ""pp_plan_ms"": ""200.7"", ""pp_plan_soc"": ""9019"", ""pp_tl"": ""1"", ""pp_used"": ""0"", ""seed"": ""2"", ""soc"": ""5975"", ""soc_lb"": ""4353"", ""solved"": ""1"", ""solver"": ""planner"", ""sum_of_loss"": ""5553"", ""sum_of_loss_lb"": ""4353""}"
pp_guided_tl:traffic_tl,PP-guided (traffic-last) + traffic load in SIPP,maze-32-32-4,maze-32-32-4-random-5,100,2,30.0,solved,0.138685,0.022,6448,144,5572,4353,98,1.481277,0,,/home/carsten/Projects/MAPF/MAPF Evaluator/results/pptl-maze-32-4/runs/pp_guided_tl_traffic_tl/maze-32-32-4/maze-32-32-4-random-5_a100_s2_r0,,,"{""agents"": ""100"", ""comp_time"": ""22"", ""first_ms"": ""21.7"", ""makespan"": ""144"", ""makespan_lb"": ""98"", ""map_file"": ""maze-32-32-4.map"", ""pp_demote_rounds"": ""0"", ""pp_failed"": ""0"", ""pp_order"": ""traffic-last"", ""pp_plan_ms"": ""16.8"", ""pp_plan_soc"": ""6448"", ""pp_tl"": ""1"", ""pp_used"": ""1"", ""seed"": ""2"", ""soc"": ""6448"", ""soc_lb"": ""4353"", ""solved"": ""1"", ""solver"": ""planner"", ""sum_of_loss"": ""5621"", ""sum_of_loss_lb"": ""4353""}"
pp_guided_tl:shortest,PP-guided (shortest first),maze-32-32-4,maze-32-32-4-random-5,150,1,30.0,solved,0.527089,0.491,11099,113,9507,6464,98,1.717048,0,,/home/carsten/Projects/MAPF/MAPF Evaluator/results/pptl-maze-32-4/runs/pp_guided_tl_shortest/maze-32-32-4/maze-32-32-4-random-5_a150_s1_r0,,,"{""agents"": ""150"", ""comp_time"": ""491"", ""first_ms"": ""490.9"", ""makespan"": ""113"", ""makespan_lb"": ""98"", ""map_file"": ""maze-32-32-4.map"", ""pp_demote_rounds"": ""15"", ""pp_failed"": ""1"", ""pp_order"": ""shortest"", ""pp_plan_ms"": ""470.1"", ""pp_plan_soc"": ""30041"", ""pp_tl"": ""0"", ""pp_used"": ""0"", ""seed"": ""1"", ""soc"": ""11099"", ""soc_lb"": ""6464"", ""solved"": ""1"", ""solver"": ""planner"", ""sum_of_loss"": ""9742"", ""sum_of_loss_lb"": ""6464""}"
pp_guided_tl:shortest,PP-guided (shortest first),maze-32-32-4,maze-32-32-4-random-5,150,0,30.0,solved,0.573872,0.503,11079,157,9544,6464,98,1.713954,0,,/home/carsten/Projects/MAPF/MAPF Evaluator/results/pptl-maze-32-4/runs/pp_guided_tl_shortest/maze-32-32-4/maze-32-32-4-random-5_a150_s0_r0,,,"{""agents"": ""150"", ""comp_time"": ""503"", ""first_ms"": ""502.9"", ""makespan"": ""157"", ""makespan_lb"": ""98"", ""map_file"": ""maze-32-32-4.map"", ""pp_demote_rounds"": ""15"", ""pp_failed"": ""1"", ""pp_order"": ""shortest"", ""pp_plan_ms"": ""466.8"", ""pp_plan_soc"": ""30041"", ""pp_tl"": ""0"", ""pp_used"": ""0"", ""seed"": ""0"", ""soc"": ""11079"", ""soc_lb"": ""6464"", ""solved"": ""1"", ""solver"": ""planner"", ""sum_of_loss"": ""9759"", ""sum_of_loss_lb"": ""6464""}"
pp_guided_tl:shortest,PP-guided (shortest first),maze-32-32-4,maze-32-32-4-random-5,150,2,30.0,solved,0.553023,0.496,11260,156,9514,6464,98,1.741955,0,,/home/carsten/Projects/MAPF/MAPF Evaluator/results/pptl-maze-32-4/runs/pp_guided_tl_shortest/maze-32-32-4/maze-32-32-4-random-5_a150_s2_r0,,,"{""agents"": ""150"", ""comp_time"": ""496"", ""first_ms"": ""496.0"", ""makespan"": ""156"", ""makespan_lb"": ""98"", ""map_file"": ""maze-32-32-4.map"", ""pp_demote_rounds"": ""15"", ""pp_failed"": ""1"", ""pp_order"": ""shortest"", ""pp_plan_ms"": ""466.4"", ""pp_plan_soc"": ""30041"", ""pp_tl"": ""0"", ""pp_used"": ""0"", ""seed"": ""2"", ""soc"": ""11260"", ""soc_lb"": ""6464"", ""solved"": ""1"", ""solver"": ""planner"", ""sum_of_loss"": ""9748"", ""sum_of_loss_lb"": ""6464""}"
pp_guided_tl:shortest_tl,PP-guided (shortest first) + traffic load in SIPP,maze-32-32-4,maze-32-32-4-random-5,150,0,30.0,solved,0.64964,0.568,11079,157,9544,6464,98,1.713954,0,,/home/carsten/Projects/MAPF/MAPF Evaluator/results/pptl-maze-32-4/runs/pp_guided_tl_shortest_tl/maze-32-32-4/maze-32-32-4-random-5_a150_s0_r0,,,"{""agents"": ""150"", ""comp_time"": ""568"", ""first_ms"": ""567.6"", ""makespan"": ""157"", ""makespan_lb"": ""98"", ""map_file"": ""maze-32-32-4.map"", ""pp_demote_rounds"": ""15"", ""pp_failed"": ""1"", ""pp_order"": ""shortest"", ""pp_plan_ms"": ""531.0"", ""pp_plan_soc"": ""28697"", ""pp_tl"": ""1"", ""pp_used"": ""0"", ""seed"": ""0"", ""soc"": ""11079"", ""soc_lb"": ""6464"", ""solved"": ""1"", ""solver"": ""planner"", ""sum_of_loss"": ""9759"", ""sum_of_loss_lb"": ""6464""}"
pp_guided_tl:traffic,PP-guided (traffic-last),maze-32-32-4,maze-32-32-4-random-5,150,0,30.0,solved,0.216849,0.151,12287,174,9620,6464,98,1.900835,0,,/home/carsten/Projects/MAPF/MAPF Evaluator/results/pptl-maze-32-4/runs/pp_guided_tl_traffic/maze-32-32-4/maze-32-32-4-random-5_a150_s0_r0,,,"{""agents"": ""150"", ""comp_time"": ""151"", ""first_ms"": ""150.7"", ""makespan"": ""174"", ""makespan_lb"": ""98"", ""map_file"": ""maze-32-32-4.map"", ""pp_demote_rounds"": ""15"", ""pp_failed"": ""0"", ""pp_order"": ""traffic-last"", ""pp_plan_ms"": ""142.7"", ""pp_plan_soc"": ""12287"", ""pp_tl"": ""0"", ""pp_used"": ""1"", ""seed"": ""0"", ""soc"": ""12287"", ""soc_lb"": ""6464"", ""solved"": ""1"", ""solver"": ""planner"", ""sum_of_loss"": ""9749"", ""sum_of_loss_lb"": ""6464""}"
pp_guided_tl:traffic,PP-guided (traffic-last),maze-32-32-4,maze-32-32-4-random-5,150,1,30.0,solved,0.183862,0.15,12287,174,9620,6464,98,1.900835,0,,/home/carsten/Projects/MAPF/MAPF Evaluator/results/pptl-maze-32-4/runs/pp_guided_tl_traffic/maze-32-32-4/maze-32-32-4-random-5_a150_s1_r0,,,"{""agents"": ""150"", ""comp_time"": ""150"", ""first_ms"": ""149.9"", ""makespan"": ""174"", ""makespan_lb"": ""98"", ""map_file"": ""maze-32-32-4.map"", ""pp_demote_rounds"": ""15"", ""pp_failed"": ""0"", ""pp_order"": ""traffic-last"", ""pp_plan_ms"": ""142.1"", ""pp_plan_soc"": ""12287"", ""pp_tl"": ""0"", ""pp_used"": ""1"", ""seed"": ""1"", ""soc"": ""12287"", ""soc_lb"": ""6464"", ""solved"": ""1"", ""solver"": ""planner"", ""sum_of_loss"": ""9749"", ""sum_of_loss_lb"": ""6464""}"
pp_guided_tl:traffic_tl,PP-guided (traffic-last) + traffic load in SIPP,maze-32-32-4,maze-32-32-4-random-5,150,0,30.0,solved,0.063587,0.045,11524,198,9686,6464,98,1.782797,0,,/home/carsten/Projects/MAPF/MAPF Evaluator/results/pptl-maze-32-4/runs/pp_guided_tl_traffic_tl/maze-32-32-4/maze-32-32-4-random-5_a150_s0_r0,,,"{""agents"": ""150"", ""comp_time"": ""45"", ""first_ms"": ""44.3"", ""makespan"": ""198"", ""makespan_lb"": ""98"", ""map_file"": ""maze-32-32-4.map"", ""pp_demote_rounds"": ""1"", ""pp_failed"": ""0"", ""pp_order"": ""traffic-last"", ""pp_plan_ms"": ""35.4"", ""pp_plan_soc"": ""11524"", ""pp_tl"": ""1"", ""pp_used"": ""1"", ""seed"": ""0"", ""soc"": ""11524"", ""soc_lb"": ""6464"", ""solved"": ""1"", ""solver"": ""planner"", ""sum_of_loss"": ""9765"", ""sum_of_loss_lb"": ""6464""}"
pp_guided_tl:traffic,PP-guided (traffic-last),maze-32-32-4,maze-32-32-4-random-5,150,2,30.0,solved,0.22004,0.15,12287,174,9620,6464,98,1.900835,0,,/home/carsten/Projects/MAPF/MAPF Evaluator/results/pptl-maze-32-4/runs/pp_guided_tl_traffic/maze-32-32-4/maze-32-32-4-random-5_a150_s2_r0,,,"{""agents"": ""150"", ""comp_time"": ""150"", ""first_ms"": ""149.9"", ""makespan"": ""174"", ""makespan_lb"": ""98"", ""map_file"": ""maze-32-32-4.map"", ""pp_demote_rounds"": ""15"", ""pp_failed"": ""0"", ""pp_order"": ""traffic-last"", ""pp_plan_ms"": ""141.6"", ""pp_plan_soc"": ""12287"", ""pp_tl"": ""0"", ""pp_used"": ""1"", ""seed"": ""2"", ""soc"": ""12287"", ""soc_lb"": ""6464"", ""solved"": ""1"", ""solver"": ""planner"", ""sum_of_loss"": ""9749"", ""sum_of_loss_lb"": ""6464""}"
pp_guided_tl:shortest_tl,PP-guided (shortest first) + traffic load in SIPP,maze-32-32-4,maze-32-32-4-random-5,150,1,30.0,solved,0.632538,0.553,11099,113,9507,6464,98,1.717048,0,,/home/carsten/Projects/MAPF/MAPF Evaluator/results/pptl-maze-32-4/runs/pp_guided_tl_shortest_tl/maze-32-32-4/maze-32-32-4-random-5_a150_s1_r0,,,"{""agents"": ""150"", ""comp_time"": ""553"", ""first_ms"": ""553.0"", ""makespan"": ""113"", ""makespan_lb"": ""98"", ""map_file"": ""maze-32-32-4.map"", ""pp_demote_rounds"": ""15"", ""pp_failed"": ""1"", ""pp_order"": ""shortest"", ""pp_plan_ms"": ""530.9"", ""pp_plan_soc"": ""28697"", ""pp_tl"": ""1"", ""pp_used"": ""0"", ""seed"": ""1"", ""soc"": ""11099"", ""soc_lb"": ""6464"", ""solved"": ""1"", ""solver"": ""planner"", ""sum_of_loss"": ""9742"", ""sum_of_loss_lb"": ""6464""}"
pp_guided_tl:traffic_tl,PP-guided (traffic-last) + traffic load in SIPP,maze-32-32-4,maze-32-32-4-random-5,150,1,30.0,solved,0.079506,0.045,11524,198,9686,6464,98,1.782797,0,,/home/carsten/Projects/MAPF/MAPF Evaluator/results/pptl-maze-32-4/runs/pp_guided_tl_traffic_tl/maze-32-32-4/maze-32-32-4-random-5_a150_s1_r0,,,"{""agents"": ""150"", ""comp_time"": ""45"", ""first_ms"": ""45.2"", ""makespan"": ""198"", ""makespan_lb"": ""98"", ""map_file"": ""maze-32-32-4.map"", ""pp_demote_rounds"": ""1"", ""pp_failed"": ""0"", ""pp_order"": ""traffic-last"", ""pp_plan_ms"": ""35.5"", ""pp_plan_soc"": ""11524"", ""pp_tl"": ""1"", ""pp_used"": ""1"", ""seed"": ""1"", ""soc"": ""11524"", ""soc_lb"": ""6464"", ""solved"": ""1"", ""solver"": ""planner"", ""sum_of_loss"": ""9765"", ""sum_of_loss_lb"": ""6464""}"
pp_guided_tl:shortest_tl,PP-guided (shortest first) + traffic load in SIPP,maze-32-32-4,maze-32-32-4-random-5,150,2,30.0,solved,0.627731,0.557,11260,156,9514,6464,98,1.741955,0,,/home/carsten/Projects/MAPF/MAPF Evaluator/results/pptl-maze-32-4/runs/pp_guided_tl_shortest_tl/maze-32-32-4/maze-32-32-4-random-5_a150_s2_r0,,,"{""agents"": ""150"", ""comp_time"": ""557"", ""first_ms"": ""556.8"", ""makespan"": ""156"", ""makespan_lb"": ""98"", ""map_file"": ""maze-32-32-4.map"", ""pp_demote_rounds"": ""15"", ""pp_failed"": ""1"", ""pp_order"": ""shortest"", ""pp_plan_ms"": ""527.5"", ""pp_plan_soc"": ""28697"", ""pp_tl"": ""1"", ""pp_used"": ""0"", ""seed"": ""2"", ""soc"": ""11260"", ""soc_lb"": ""6464"", ""solved"": ""1"", ""solver"": ""planner"", ""sum_of_loss"": ""9748"", ""sum_of_loss_lb"": ""6464""}"
pp_guided_tl:traffic_tl,PP-guided (traffic-last) + traffic load in SIPP,maze-32-32-4,maze-32-32-4-random-5,150,2,30.0,solved,0.148107,0.045,11524,198,9686,6464,98,1.782797,0,,/home/carsten/Projects/MAPF/MAPF Evaluator/results/pptl-maze-32-4/runs/pp_guided_tl_traffic_tl/maze-32-32-4/maze-32-32-4-random-5_a150_s2_r0,,,"{""agents"": ""150"", ""comp_time"": ""45"", ""first_ms"": ""44.1"", ""makespan"": ""198"", ""makespan_lb"": ""98"", ""map_file"": ""maze-32-32-4.map"", ""pp_demote_rounds"": ""1"", ""pp_failed"": ""0"", ""pp_order"": ""traffic-last"", ""pp_plan_ms"": ""35.4"", ""pp_plan_soc"": ""11524"", ""pp_tl"": ""1"", ""pp_used"": ""1"", ""seed"": ""2"", ""soc"": ""11524"", ""soc_lb"": ""6464"", ""solved"": ""1"", ""solver"": ""planner"", ""sum_of_loss"": ""9765"", ""sum_of_loss_lb"": ""6464""}"
pp_guided_tl:shortest,PP-guided (shortest first),maze-32-32-4,maze-32-32-4-random-5,200,2,30.0,solved,0.953621,0.901,18202,162,14984,8501,98,2.14116,0,,/home/carsten/Projects/MAPF/MAPF Evaluator/results/pptl-maze-32-4/runs/pp_guided_tl_shortest/maze-32-32-4/maze-32-32-4-random-5_a200_s2_r0,,,"{""agents"": ""200"", ""comp_time"": ""901"", ""first_ms"": ""901.3"", ""makespan"": ""162"", ""makespan_lb"": ""98"", ""map_file"": ""maze-32-32-4.map"", ""pp_demote_rounds"": ""15"", ""pp_failed"": ""1"", ""pp_order"": ""shortest"", ""pp_plan_ms"": ""874.9"", ""pp_plan_soc"": ""43947"", ""pp_tl"": ""0"", ""pp_used"": ""0"", ""seed"": ""2"", ""soc"": ""18202"", ""soc_lb"": ""8501"", ""solved"": ""1"", ""solver"": ""planner"", ""sum_of_loss"": ""15385"", ""sum_of_loss_lb"": ""8501""}"
pp_guided_tl:shortest,PP-guided (shortest first),maze-32-32-4,maze-32-32-4-random-5,200,1,30.0,solved,0.958856,0.902,17868,153,14656,8501,98,2.10187,0,,/home/carsten/Projects/MAPF/MAPF Evaluator/results/pptl-maze-32-4/runs/pp_guided_tl_shortest/maze-32-32-4/maze-32-32-4-random-5_a200_s1_r0,,,"{""agents"": ""200"", ""comp_time"": ""902"", ""first_ms"": ""901.6"", ""makespan"": ""153"", ""makespan_lb"": ""98"", ""map_file"": ""maze-32-32-4.map"", ""pp_demote_rounds"": ""15"", ""pp_failed"": ""1"", ""pp_order"": ""shortest"", ""pp_plan_ms"": ""871.5"", ""pp_plan_soc"": ""43947"", ""pp_tl"": ""0"", ""pp_used"": ""0"", ""seed"": ""1"", ""soc"": ""17868"", ""soc_lb"": ""8501"", ""solved"": ""1"", ""solver"": ""planner"", ""sum_of_loss"": ""15083"", ""sum_of_loss_lb"": ""8501""}"
pp_guided_tl:shortest,PP-guided (shortest first),maze-32-32-4,maze-32-32-4-random-5,200,0,30.0,solved,1.144502,0.949,17679,205,14564,8501,98,2.079638,0,,/home/carsten/Projects/MAPF/MAPF Evaluator/results/pptl-maze-32-4/runs/pp_guided_tl_shortest/maze-32-32-4/maze-32-32-4-random-5_a200_s0_r0,,,"{""agents"": ""200"", ""comp_time"": ""949"", ""first_ms"": ""949.2"", ""makespan"": ""205"", ""makespan_lb"": ""98"", ""map_file"": ""maze-32-32-4.map"", ""pp_demote_rounds"": ""15"", ""pp_failed"": ""1"", ""pp_order"": ""shortest"", ""pp_plan_ms"": ""887.7"", ""pp_plan_soc"": ""43947"", ""pp_tl"": ""0"", ""pp_used"": ""0"", ""seed"": ""0"", ""soc"": ""17679"", ""soc_lb"": ""8501"", ""solved"": ""1"", ""solver"": ""planner"", ""sum_of_loss"": ""14948"", ""sum_of_loss_lb"": ""8501""}"
pp_guided_tl:shortest_tl,PP-guided (shortest first) + traffic load in SIPP,maze-32-32-4,maze-32-32-4-random-5,200,0,30.0,solved,0.979612,0.919,17679,205,14564,8501,98,2.079638,0,,/home/carsten/Projects/MAPF/MAPF Evaluator/results/pptl-maze-32-4/runs/pp_guided_tl_shortest_tl/maze-32-32-4/maze-32-32-4-random-5_a200_s0_r0,,,"{""agents"": ""200"", ""comp_time"": ""919"", ""first_ms"": ""918.5"", ""makespan"": ""205"", ""makespan_lb"": ""98"", ""map_file"": ""maze-32-32-4.map"", ""pp_demote_rounds"": ""15"", ""pp_failed"": ""1"", ""pp_order"": ""shortest"", ""pp_plan_ms"": ""856.3"", ""pp_plan_soc"": ""46932"", ""pp_tl"": ""1"", ""pp_used"": ""0"", ""seed"": ""0"", ""soc"": ""17679"", ""soc_lb"": ""8501"", ""solved"": ""1"", ""solver"": ""planner"", ""sum_of_loss"": ""14948"", ""sum_of_loss_lb"": ""8501""}"
pp_guided_tl:traffic,PP-guided (traffic-last),maze-32-32-4,maze-32-32-4-random-5,200,0,30.0,solved,0.213881,0.17,18644,223,14930,8501,98,2.193154,0,,/home/carsten/Projects/MAPF/MAPF Evaluator/results/pptl-maze-32-4/runs/pp_guided_tl_traffic/maze-32-32-4/maze-32-32-4-random-5_a200_s0_r0,,,"{""agents"": ""200"", ""comp_time"": ""170"", ""first_ms"": ""170.3"", ""makespan"": ""223"", ""makespan_lb"": ""98"", ""map_file"": ""maze-32-32-4.map"", ""pp_demote_rounds"": ""3"", ""pp_failed"": ""0"", ""pp_order"": ""traffic-last"", ""pp_plan_ms"": ""156.4"", ""pp_plan_soc"": ""18644"", ""pp_tl"": ""0"", ""pp_used"": ""1"", ""seed"": ""0"", ""soc"": ""18644"", ""soc_lb"": ""8501"", ""solved"": ""1"", ""solver"": ""planner"", ""sum_of_loss"": ""15094"", ""sum_of_loss_lb"": ""8501""}"
pp_guided_tl:traffic,PP-guided (traffic-last),maze-32-32-4,maze-32-32-4-random-5,200,1,30.0,solved,0.213791,0.173,18644,223,14930,8501,98,2.193154,0,,/home/carsten/Projects/MAPF/MAPF Evaluator/results/pptl-maze-32-4/runs/pp_guided_tl_traffic/maze-32-32-4/maze-32-32-4-random-5_a200_s1_r0,,,"{""agents"": ""200"", ""comp_time"": ""173"", ""first_ms"": ""173.1"", ""makespan"": ""223"", ""makespan_lb"": ""98"", ""map_file"": ""maze-32-32-4.map"", ""pp_demote_rounds"": ""3"", ""pp_failed"": ""0"", ""pp_order"": ""traffic-last"", ""pp_plan_ms"": ""159.2"", ""pp_plan_soc"": ""18644"", ""pp_tl"": ""0"", ""pp_used"": ""1"", ""seed"": ""1"", ""soc"": ""18644"", ""soc_lb"": ""8501"", ""solved"": ""1"", ""solver"": ""planner"", ""sum_of_loss"": ""15094"", ""sum_of_loss_lb"": ""8501""}"
pp_guided_tl:traffic_tl,PP-guided (traffic-last) + traffic load in SIPP,maze-32-32-4,maze-32-32-4-random-5,200,0,30.0,solved,0.113728,0.086,18163,220,14671,8501,98,2.136572,0,,/home/carsten/Projects/MAPF/MAPF Evaluator/results/pptl-maze-32-4/runs/pp_guided_tl_traffic_tl/maze-32-32-4/maze-32-32-4-random-5_a200_s0_r0,,,"{""agents"": ""200"", ""comp_time"": ""86"", ""first_ms"": ""85.8"", ""makespan"": ""220"", ""makespan_lb"": ""98"", ""map_file"": ""maze-32-32-4.map"", ""pp_demote_rounds"": ""1"", ""pp_failed"": ""0"", ""pp_order"": ""traffic-last"", ""pp_plan_ms"": ""71.8"", ""pp_plan_soc"": ""18163"", ""pp_tl"": ""1"", ""pp_used"": ""1"", ""seed"": ""0"", ""soc"": ""18163"", ""soc_lb"": ""8501"", ""solved"": ""1"", ""solver"": ""planner"", ""sum_of_loss"": ""14793"", ""sum_of_loss_lb"": ""8501""}"
pp_guided_tl:traffic,PP-guided (traffic-last),maze-32-32-4,maze-32-32-4-random-5,200,2,30.0,solved,0.218865,0.17,18644,223,14930,8501,98,2.193154,0,,/home/carsten/Projects/MAPF/MAPF Evaluator/results/pptl-maze-32-4/runs/pp_guided_tl_traffic/maze-32-32-4/maze-32-32-4-random-5_a200_s2_r0,,,"{""agents"": ""200"", ""comp_time"": ""170"", ""first_ms"": ""169.0"", ""makespan"": ""223"", ""makespan_lb"": ""98"", ""map_file"": ""maze-32-32-4.map"", ""pp_demote_rounds"": ""3"", ""pp_failed"": ""0"", ""pp_order"": ""traffic-last"", ""pp_plan_ms"": ""156.2"", ""pp_plan_soc"": ""18644"", ""pp_tl"": ""0"", ""pp_used"": ""1"", ""seed"": ""2"", ""soc"": ""18644"", ""soc_lb"": ""8501"", ""solved"": ""1"", ""solver"": ""planner"", ""sum_of_loss"": ""15094"", ""sum_of_loss_lb"": ""8501""}"
pp_guided_tl:traffic_tl,PP-guided (traffic-last) + traffic load in SIPP,maze-32-32-4,maze-32-32-4-random-5,200,1,30.0,solved,0.13826,0.085,18163,220,14671,8501,98,2.136572,0,,/home/carsten/Projects/MAPF/MAPF Evaluator/results/pptl-maze-32-4/runs/pp_guided_tl_traffic_tl/maze-32-32-4/maze-32-32-4-random-5_a200_s1_r0,,,"{""agents"": ""200"", ""comp_time"": ""85"", ""first_ms"": ""84.9"", ""makespan"": ""220"", ""makespan_lb"": ""98"", ""map_file"": ""maze-32-32-4.map"", ""pp_demote_rounds"": ""1"", ""pp_failed"": ""0"", ""pp_order"": ""traffic-last"", ""pp_plan_ms"": ""71.1"", ""pp_plan_soc"": ""18163"", ""pp_tl"": ""1"", ""pp_used"": ""1"", ""seed"": ""1"", ""soc"": ""18163"", ""soc_lb"": ""8501"", ""solved"": ""1"", ""solver"": ""planner"", ""sum_of_loss"": ""14793"", ""sum_of_loss_lb"": ""8501""}"
pp_guided_tl:shortest_tl,PP-guided (shortest first) + traffic load in SIPP,maze-32-32-4,maze-32-32-4-random-5,200,2,30.0,solved,0.968353,0.892,18202,162,14984,8501,98,2.14116,0,,/home/carsten/Projects/MAPF/MAPF Evaluator/results/pptl-maze-32-4/runs/pp_guided_tl_shortest_tl/maze-32-32-4/maze-32-32-4-random-5_a200_s2_r0,,,"{""agents"": ""200"", ""comp_time"": ""892"", ""first_ms"": ""891.4"", ""makespan"": ""162"", ""makespan_lb"": ""98"", ""map_file"": ""maze-32-32-4.map"", ""pp_demote_rounds"": ""15"", ""pp_failed"": ""1"", ""pp_order"": ""shortest"", ""pp_plan_ms"": ""864.7"", ""pp_plan_soc"": ""46932"", ""pp_tl"": ""1"", ""pp_used"": ""0"", ""seed"": ""2"", ""soc"": ""18202"", ""soc_lb"": ""8501"", ""solved"": ""1"", ""solver"": ""planner"", ""sum_of_loss"": ""15385"", ""sum_of_loss_lb"": ""8501""}"
pp_guided_tl:shortest_tl,PP-guided (shortest first) + traffic load in SIPP,maze-32-32-4,maze-32-32-4-random-5,200,1,30.0,solved,1.006924,0.903,17868,153,14656,8501,98,2.10187,0,,/home/carsten/Projects/MAPF/MAPF Evaluator/results/pptl-maze-32-4/runs/pp_guided_tl_shortest_tl/maze-32-32-4/maze-32-32-4-random-5_a200_s1_r0,,,"{""agents"": ""200"", ""comp_time"": ""903"", ""first_ms"": ""903.0"", ""makespan"": ""153"", ""makespan_lb"": ""98"", ""map_file"": ""maze-32-32-4.map"", ""pp_demote_rounds"": ""15"", ""pp_failed"": ""1"", ""pp_order"": ""shortest"", ""pp_plan_ms"": ""871.9"", ""pp_plan_soc"": ""46932"", ""pp_tl"": ""1"", ""pp_used"": ""0"", ""seed"": ""1"", ""soc"": ""17868"", ""soc_lb"": ""8501"", ""solved"": ""1"", ""solver"": ""planner"", ""sum_of_loss"": ""15083"", ""sum_of_loss_lb"": ""8501""}"
pp_guided_tl:traffic_tl,PP-guided (traffic-last) + traffic load in SIPP,maze-32-32-4,maze-32-32-4-random-5,200,2,30.0,solved,0.126488,0.085,18163,220,14671,8501,98,2.136572,0,,/home/carsten/Projects/MAPF/MAPF Evaluator/results/pptl-maze-32-4/runs/pp_guided_tl_traffic_tl/maze-32-32-4/maze-32-32-4-random-5_a200_s2_r0,,,"{""agents"": ""200"", ""comp_time"": ""85"", ""first_ms"": ""84.7"", ""makespan"": ""220"", ""makespan_lb"": ""98"", ""map_file"": ""maze-32-32-4.map"", ""pp_demote_rounds"": ""1"", ""pp_failed"": ""0"", ""pp_order"": ""traffic-last"", ""pp_plan_ms"": ""71.0"", ""pp_plan_soc"": ""18163"", ""pp_tl"": ""1"", ""pp_used"": ""1"", ""seed"": ""2"", ""soc"": ""18163"", ""soc_lb"": ""8501"", ""solved"": ""1"", ""solver"": ""planner"", ""sum_of_loss"": ""14793"", ""sum_of_loss_lb"": ""8501""}"
